t,frame,x,y,z,doppler,snr_db,noise_db
1783975668.894,1,0.725,0.07,0.139,0.0,15.8,76.7
1783975668.894,1,0.718,-0.414,0.017,0.0,12.8,77.7
1783975668.894,1,1.019,-0.196,0.137,0.0,11.4,74.9
1783975668.894,1,2.542,1.35,0.095,0.0,11.6,67.7
1783975668.894,1,5.352,0.169,0.77,0.0,19.2,60.4
1783975668.894,1,8.25,1.322,1.351,0.0,12.9,50.8
1783975669.004,2,0.725,0.07,0.139,0.0,15.7,76.8
1783975669.004,2,0.718,-0.414,0.016,0.0,12.7,77.8
1783975669.004,2,2.541,1.35,0.112,0.0,11.7,67.5
1783975669.004,2,5.352,0.169,0.77,0.0,19.2,60.4
1783975669.004,2,8.259,1.322,1.296,0.0,12.4,51.0
1783975669.067,3,0.725,0.07,0.138,0.0,15.7,76.8
1783975669.067,3,0.718,-0.414,0.014,0.0,12.7,77.7
1783975669.067,3,2.342,0.458,0.523,0.0,11.4,73.5
1783975669.067,3,2.54,1.35,0.127,0.0,11.6,67.6
1783975669.067,3,5.355,0.169,0.751,0.0,19.5,60.2
1783975669.067,3,8.242,1.322,1.402,0.0,13.3,51.2
1783975669.171,4,0.725,0.07,0.138,0.0,15.7,76.8
1783975669.171,4,0.718,-0.414,0.014,0.0,12.7,77.7
1783975669.171,4,2.342,0.458,0.526,0.0,11.8,73.0
1783975669.171,4,2.541,1.35,0.114,0.0,11.5,67.8
1783975669.171,4,5.353,0.169,0.766,0.0,19.1,60.5
1783975669.171,4,8.187,1.322,1.694,0.0,11.8,51.8
1783975669.293,5,0.726,0.07,0.137,0.0,15.7,76.8
1783975669.293,5,0.718,-0.414,0.015,0.0,12.6,77.9
1783975669.293,5,1.02,-0.196,0.134,0.0,11.2,75.0
1783975669.293,5,2.34,0.458,0.533,0.0,12.0,72.7
1783975669.293,5,2.541,1.35,0.114,0.0,11.3,67.9
1783975669.293,5,5.352,0.169,0.771,0.0,19.3,60.3
1783975669.293,5,8.179,1.587,1.491,0.0,12.4,51.3
1783975669.395,6,0.726,0.07,0.134,0.0,15.7,76.8
1783975669.395,6,0.718,-0.414,0.013,0.0,12.7,77.8
1783975669.395,6,1.02,-0.196,0.133,0.0,11.3,75.0
1783975669.395,6,2.34,0.458,0.535,0.0,12.3,72.5
1783975669.395,6,2.541,1.35,0.11,0.0,11.4,67.9
1783975669.395,6,5.354,0.169,0.755,0.0,19.9,59.8
1783975669.395,6,8.213,1.587,1.292,0.0,13.1,51.2
1783975669.503,7,0.726,0.07,0.134,0.0,15.7,76.8
1783975669.503,7,0.718,-0.414,0.016,0.0,12.6,77.9
1783975669.503,7,2.338,0.458,0.543,0.0,12.2,72.5
1783975669.503,7,2.542,1.35,0.101,0.0,11.5,67.9
1783975669.503,7,5.354,0.169,0.757,0.0,19.4,60.3
1783975669.503,7,8.263,1.322,1.271,0.0,11.6,52.0
1783975669.616,8,0.726,0.07,0.135,0.0,15.7,76.7
1783975669.616,8,0.718,-0.414,0.019,0.0,12.6,77.9
1783975669.616,8,2.338,0.458,0.541,0.0,12.0,72.7
1783975669.616,8,2.542,1.35,0.097,0.0,11.7,67.7
1783975669.616,8,5.358,0.169,0.726,0.0,19.5,60.2
1783975669.616,8,8.26,1.322,1.288,0.0,13.1,50.9
1783975669.666,9,0.726,0.07,0.133,0.0,15.7,76.7
1783975669.666,9,0.718,-0.414,0.02,0.0,12.6,77.8
1783975669.666,9,1.019,-0.196,0.136,0.0,11.3,75.0
1783975669.666,9,2.339,0.458,0.538,0.0,11.8,72.9
1783975669.666,9,2.542,1.35,0.092,0.0,11.6,67.8
1783975669.666,9,5.356,0.169,0.744,0.0,19.5,60.1
1783975669.666,9,8.263,1.322,1.271,0.0,13.5,50.6
1783975669.818,10,0.727,0.07,0.13,0.0,15.7,76.7
1783975669.818,10,0.718,-0.414,0.018,0.0,12.7,77.8
1783975669.818,10,1.019,-0.196,0.138,0.0,11.7,74.4
1783975669.818,10,2.341,0.458,0.526,0.0,11.8,73.0
1783975669.818,10,2.541,1.35,0.107,0.0,11.5,67.8
1783975669.818,10,5.356,0.169,0.746,0.0,19.2,60.4
1783975669.818,10,8.252,1.322,1.341,0.0,12.4,51.6
1783975669.869,11,0.726,0.07,0.133,0.0,15.8,76.7
1783975669.869,11,0.718,-0.414,0.016,0.0,12.8,77.7
1783975669.869,11,1.02,-0.196,0.131,0.0,11.5,75.0
1783975669.869,11,2.346,0.458,0.504,0.0,12.5,72.3
1783975669.869,11,2.539,1.35,0.149,0.0,11.6,67.7
1783975669.869,11,5.355,0.169,0.747,0.0,19.4,60.2
1783975669.869,11,8.241,1.322,1.403,0.0,12.1,52.0
1783975669.969,12,0.727,0.07,0.132,0.0,15.9,76.6
1783975669.969,12,0.718,-0.414,0.016,0.0,12.9,77.6
1783975669.969,12,1.02,-0.196,0.132,0.0,11.6,74.9
1783975669.969,12,2.346,0.458,0.506,0.0,12.1,72.7
1783975669.969,12,2.541,1.35,0.118,0.0,11.5,67.7
1783975669.969,12,5.352,0.169,0.771,0.0,19.4,60.2
1783975669.969,12,8.227,1.322,1.486,0.0,11.9,52.1
1783975670.071,13,0.727,0.07,0.132,0.0,15.8,76.6
1783975670.071,13,0.718,-0.414,0.016,0.0,12.9,77.7
1783975670.071,13,1.021,-0.196,0.128,0.0,11.4,75.1
1783975670.071,13,1.332,-0.127,0.2,0.0,11.4,70.1
1783975670.071,13,2.35,0.458,0.487,0.0,12.2,72.5
1783975670.071,13,2.541,1.35,0.116,0.0,12.1,67.5
1783975670.071,13,5.355,0.169,0.753,0.0,19.4,60.2
1783975670.071,13,8.194,1.587,1.404,0.0,12.9,51.2
1783975670.172,14,0.726,0.07,0.136,0.0,15.7,76.7
1783975670.172,14,0.718,-0.414,0.017,0.0,12.8,77.7
1783975670.172,14,1.02,-0.196,0.131,0.0,11.5,75.0
1783975670.172,14,2.352,0.458,0.479,0.0,11.7,73.0
1783975670.172,14,2.541,1.35,0.12,0.0,12.3,67.3
1783975670.172,14,5.358,0.169,0.731,0.0,19.7,59.9
1783975670.172,14,8.195,1.587,1.403,0.0,12.6,51.5
1783975670.272,15,0.725,0.07,0.141,0.0,15.8,76.6
1783975670.272,15,0.718,-0.414,0.017,0.0,12.9,77.7
1783975670.272,15,1.02,-0.196,0.135,0.0,11.5,75.1
1783975670.272,15,2.353,0.458,0.472,0.0,11.4,73.3
1783975670.272,15,2.541,1.35,0.117,0.0,12.3,67.3
1783975670.272,15,5.357,0.169,0.737,0.0,19.5,60.2
1783975670.272,15,8.246,1.322,1.378,0.0,13.3,50.7
1783975670.372,16,0.725,0.07,0.139,0.0,15.8,76.7
1783975670.372,16,0.718,-0.414,0.015,0.0,12.7,77.8
1783975670.372,16,1.019,-0.196,0.138,0.0,12.0,74.7
1783975670.372,16,2.35,0.458,0.485,0.0,11.6,73.1
1783975670.372,16,2.541,1.35,0.113,0.0,12.1,67.5
1783975670.372,16,5.354,0.169,0.757,0.0,19.5,60.1
1783975670.372,16,8.262,1.322,1.279,0.0,13.7,50.2
1783975670.473,17,0.725,0.07,0.14,0.0,15.7,76.7
1783975670.473,17,0.718,-0.414,0.017,0.0,12.7,77.8
1783975670.473,17,1.019,-0.196,0.137,0.0,12.0,74.7
1783975670.473,17,2.35,0.458,0.487,0.0,11.2,73.5
1783975670.473,17,2.54,1.35,0.13,0.0,12.1,67.5
1783975670.473,17,5.357,0.169,0.738,0.0,19.4,60.2
1783975670.473,17,8.257,1.322,1.309,0.0,13.7,50.4
1783975670.574,18,0.725,0.07,0.139,0.0,15.8,76.5
1783975670.574,18,0.718,-0.414,0.019,0.0,12.9,77.6
1783975670.574,18,1.02,-0.196,0.13,0.0,11.3,75.1
1783975670.574,18,2.351,0.458,0.481,0.0,11.2,73.5
1783975670.574,18,2.54,1.35,0.136,0.0,12.0,67.6
1783975670.574,18,5.354,0.169,0.757,0.0,19.5,60.2
1783975670.574,18,8.223,1.322,1.509,0.0,13.2,50.7
1783975670.674,19,0.725,0.07,0.141,0.0,15.8,76.6
1783975670.674,19,0.718,-0.414,0.019,0.0,12.9,77.6
1783975670.674,19,1.021,-0.196,0.128,0.0,11.3,75.0
1783975670.674,19,2.352,0.458,0.478,0.0,11.6,73.1
1783975670.674,19,2.54,1.35,0.136,0.0,12.0,67.6
1783975670.674,19,5.358,0.169,0.732,0.0,19.3,60.3
1783975670.674,19,8.237,1.322,1.431,0.0,13.7,50.3
1783975670.774,20,0.725,0.07,0.14,0.0,15.9,76.5
1783975670.774,20,0.718,-0.414,0.017,0.0,13.0,77.6
1783975670.774,20,1.02,-0.196,0.13,0.0,11.5,74.9
1783975670.774,20,2.353,0.458,0.474,0.0,11.5,73.3
1783975670.774,20,2.54,1.35,0.129,0.0,12.0,67.6
1783975670.774,20,5.356,0.169,0.743,0.0,19.6,60.0
1783975670.774,20,8.214,1.587,1.282,0.0,13.0,50.8
1783975670.875,21,0.725,0.07,0.139,0.0,15.9,76.6
1783975670.875,21,0.718,-0.414,0.014,0.0,12.8,77.7
1783975670.875,21,1.02,-0.196,0.132,0.0,11.5,75.0
1783975670.875,21,2.351,0.458,0.481,0.0,11.3,73.5
1783975670.875,21,2.541,1.35,0.11,0.0,11.9,67.7
1783975670.875,21,5.355,0.169,0.75,0.0,19.7,59.9
1783975670.875,21,8.225,1.322,1.499,0.0,13.1,50.5
1783975670.975,22,0.725,0.07,0.138,0.0,15.8,76.6
1783975670.975,22,0.718,-0.414,0.014,0.0,12.9,77.7
1783975670.975,22,1.02,-0.196,0.133,0.0,11.5,75.0
1783975670.975,22,2.351,0.458,0.48,0.0,11.2,73.5
1783975670.975,22,2.541,1.35,0.124,0.0,12.0,67.6
1783975670.975,22,5.357,0.169,0.736,0.0,19.6,60.0
1783975670.975,22,8.206,1.322,1.595,0.0,12.2,51.7
1783975671.076,23,0.725,0.07,0.139,0.0,15.9,76.5
1783975671.076,23,0.718,-0.414,0.017,0.0,13.0,77.6
1783975671.076,23,1.02,-0.196,0.131,0.0,11.4,75.1
1783975671.076,23,2.352,0.458,0.479,0.0,11.6,73.1
1783975671.076,23,2.54,1.35,0.127,0.0,11.8,67.8
1783975671.076,23,5.355,0.169,0.751,0.0,19.5,60.1
1783975671.076,23,8.22,1.322,1.523,0.0,13.0,50.7
1783975671.177,24,0.725,0.07,0.14,0.0,15.9,76.6
1783975671.177,24,0.718,-0.414,0.019,0.0,12.9,77.6
1783975671.177,24,1.02,-0.196,0.129,0.0,11.3,75.0
1783975671.177,24,2.35,0.458,0.484,0.0,11.7,73.0
1783975671.177,24,2.54,1.35,0.134,0.0,11.9,67.7
1783975671.177,24,5.356,0.169,0.746,0.0,19.6,60.0
1783975671.177,24,8.251,1.322,1.347,0.0,12.5,51.1
1783975671.278,25,0.725,0.07,0.141,0.0,15.9,76.5
1783975671.278,25,0.718,-0.414,0.019,0.0,12.9,77.6
1783975671.278,25,1.021,-0.196,0.128,0.0,11.3,75.1
1783975671.278,25,2.351,0.458,0.481,0.0,11.7,73.0
1783975671.278,25,2.54,1.35,0.125,0.0,11.7,67.8
1783975671.278,25,5.359,0.169,0.72,0.0,19.9,59.7
1783975671.278,25,8.223,1.322,1.51,0.0,12.3,51.3
1783975671.379,26,0.725,0.07,0.141,0.0,15.9,76.5
1783975671.379,26,0.718,-0.414,0.019,0.0,13.0,77.6
1783975671.379,26,2.353,0.458,0.47,0.0,11.7,73.0
1783975671.379,26,2.54,1.35,0.135,0.0,11.6,67.9
1783975671.379,26,5.355,0.169,0.747,0.0,19.4,60.2
1783975671.379,26,8.159,1.587,1.598,0.0,11.5,52.0
1783975671.481,27,0.725,0.07,0.139,0.0,15.7,76.7
1783975671.481,27,0.718,-0.414,0.02,0.0,12.8,77.7
1783975671.481,27,2.354,0.458,0.468,0.0,12.1,72.7
1783975671.481,27,2.54,1.35,0.127,0.0,11.6,67.8
1783975671.481,27,5.354,0.169,0.758,0.0,19.7,59.9
1783975671.481,27,8.217,1.587,1.262,0.0,13.8,49.7
1783975671.581,28,0.725,0.07,0.138,0.0,15.7,76.7
1783975671.581,28,0.718,-0.414,0.02,0.0,12.7,77.8
1783975671.581,28,2.355,0.458,0.463,0.0,12.2,72.6
1783975671.581,28,2.541,1.35,0.122,0.0,11.8,67.7
1783975671.581,28,5.354,0.169,0.754,0.0,19.2,60.3
1783975671.581,28,8.251,1.322,1.345,0.0,12.2,51.3
1783975671.682,29,0.726,0.07,0.137,0.0,15.7,76.7
1783975671.682,29,0.718,-0.414,0.019,0.0,12.7,77.8
1783975671.682,29,2.355,0.458,0.464,0.0,12.2,72.6
1783975671.682,29,2.541,1.35,0.117,0.0,11.9,67.6
1783975671.682,29,5.356,0.169,0.744,0.0,19.5,60.1
1783975671.682,29,8.213,1.587,1.289,0.0,13.3,50.4
1783975671.783,30,0.726,0.07,0.137,0.0,15.8,76.6
1783975671.783,30,0.718,-0.414,0.019,0.0,12.8,77.7
1783975671.783,30,2.354,0.458,0.469,0.0,12.2,72.6
1783975671.783,30,2.54,1.35,0.131,0.0,12.0,67.5
1783975671.783,30,5.355,0.169,0.748,0.0,19.2,60.4
1783975671.783,30,8.239,1.322,1.419,0.0,13.6,50.2
1783975671.884,31,0.726,0.07,0.133,0.0,15.7,76.6
1783975671.884,31,0.718,-0.414,0.019,0.0,12.8,77.6
1783975671.884,31,2.353,0.458,0.47,0.0,12.1,72.7
1783975671.884,31,2.54,1.35,0.125,0.0,12.1,67.5
1783975671.884,31,5.355,0.169,0.747,0.0,19.3,60.3
1783975671.884,31,8.268,1.322,1.24,0.0,12.8,51.0
1783975671.985,32,0.727,0.07,0.129,0.0,15.8,76.6
1783975671.985,32,0.718,-0.414,0.018,0.0,12.8,77.6
1783975671.985,32,1.02,-0.196,0.13,0.0,11.8,74.4
1783975671.985,32,2.354,0.458,0.465,0.0,11.9,72.9
1783975671.985,32,2.541,1.35,0.112,0.0,12.6,67.0
1783975671.985,32,5.358,0.169,0.729,0.0,19.3,60.3
1783975671.985,32,8.231,1.587,1.174,0.0,12.8,51.1
1783975672.085,33,0.727,0.07,0.13,0.0,15.9,76.5
1783975672.085,33,0.718,-0.414,0.017,0.0,13.0,77.5
1783975672.085,33,1.02,-0.196,0.134,0.0,12.1,74.2
1783975672.085,33,2.351,0.458,0.48,0.0,11.6,73.2
1783975672.085,33,2.541,1.35,0.107,0.0,12.3,67.3
1783975672.085,33,5.356,0.169,0.743,0.0,19.5,60.1
1783975672.085,33,8.234,1.322,1.447,0.0,12.7,51.1
1783975672.185,34,0.727,0.07,0.131,0.0,16.1,76.4
1783975672.185,34,0.718,-0.414,0.015,0.0,13.0,77.5
1783975672.185,34,1.02,-0.196,0.134,0.0,11.9,74.6
1783975672.185,34,2.35,0.458,0.486,0.0,11.5,73.3
1783975672.185,34,2.541,1.35,0.114,0.0,12.1,67.5
1783975672.185,34,5.358,0.169,0.732,0.0,19.4,60.2
1783975672.185,34,8.211,1.587,1.304,0.0,12.8,51.3
1783975672.287,35,0.726,0.07,0.133,0.0,16.1,76.4
1783975672.287,35,0.718,-0.414,0.014,0.0,13.5,77.0
1783975672.287,35,1.02,-0.196,0.134,0.0,11.9,74.5
1783975672.287,35,1.196,-0.229,0.101,0.0,11.4,69.7
1783975672.287,35,1.333,-0.127,0.192,0.0,11.2,69.5
1783975672.287,35,2.35,0.458,0.486,0.0,11.6,73.1
1783975672.287,35,2.54,1.35,0.137,0.0,12.7,66.8
1783975672.287,35,5.358,0.169,0.728,0.0,19.5,60.2
1783975672.287,35,8.151,1.587,1.637,0.0,12.4,51.6
1783975672.387,36,0.726,0.07,0.134,0.0,16.5,76.0
1783975672.387,36,0.718,-0.414,0.016,0.0,13.8,76.7
1783975672.387,36,1.02,-0.196,0.135,0.0,12.2,74.3
1783975672.387,36,1.196,-0.229,0.102,0.0,11.6,69.5
1783975672.387,36,2.349,0.458,0.489,0.0,12.0,72.7
1783975672.387,36,2.539,1.35,0.144,0.0,12.4,67.2
1783975672.387,36,5.357,0.169,0.739,0.0,19.5,60.1
1783975672.387,36,8.164,1.587,1.57,0.0,13.3,50.6
1783975672.488,37,0.726,0.07,0.135,0.0,16.2,76.2
1783975672.488,37,0.718,-0.414,0.018,0.0,13.4,77.2
1783975672.488,37,1.019,-0.196,0.136,0.0,12.2,74.3
1783975672.488,37,1.196,-0.229,0.1,0.0,11.6,69.5
1783975672.488,37,2.348,0.458,0.496,0.0,11.9,72.8
1783975672.488,37,2.54,1.35,0.134,0.0,12.4,67.2
1783975672.488,37,5.354,0.169,0.755,0.0,19.5,60.1
1783975672.488,37,8.282,1.322,1.136,0.0,12.7,51.3
1783975672.59,38,0.726,0.07,0.135,0.0,16.3,76.2
1783975672.59,38,0.718,-0.414,0.015,0.0,13.4,77.2
1783975672.59,38,1.019,-0.196,0.137,0.0,12.0,74.5
1783975672.59,38,1.196,-0.229,0.096,0.0,11.6,69.5
1783975672.59,38,1.336,-0.127,0.166,0.0,11.3,69.5
1783975672.59,38,2.347,0.458,0.503,0.0,12.0,72.7
1783975672.59,38,2.541,1.35,0.117,0.0,12.4,67.3
1783975672.59,38,5.357,0.169,0.737,0.0,19.5,60.1
1783975672.59,38,8.27,1.322,1.222,0.0,12.9,50.6
1783975672.691,39,0.726,0.07,0.135,0.0,16.2,76.3
1783975672.691,39,0.718,-0.414,0.013,0.0,13.4,77.2
1783975672.691,39,1.019,-0.196,0.137,0.0,12.0,74.5
1783975672.691,39,1.197,-0.229,0.083,0.0,11.7,69.5
1783975672.691,39,1.337,-0.127,0.157,0.0,11.4,69.5
1783975672.691,39,2.347,0.458,0.501,0.0,12.4,72.3
1783975672.691,39,2.54,1.35,0.129,0.0,12.2,67.5
1783975672.691,39,5.358,0.169,0.73,0.0,19.4,60.2
1783975672.691,39,8.205,1.587,1.338,0.0,12.5,51.3
1783975672.791,40,0.726,0.07,0.136,0.0,16.2,76.3
1783975672.791,40,0.718,-0.414,0.012,0.0,13.4,77.2
1783975672.791,40,1.019,-0.196,0.136,0.0,11.8,74.7
1783975672.791,40,1.197,-0.229,0.079,0.0,11.7,69.6
1783975672.791,40,1.338,-0.127,0.153,0.0,11.4,69.6
1783975672.791,40,2.348,0.458,0.496,0.0,12.4,72.3
1783975672.791,40,2.54,1.35,0.143,0.0,12.1,67.4
1783975672.791,40,5.358,0.169,0.728,0.0,19.6,60.1
1783975672.791,40,8.205,1.322,1.603,0.0,13.9,49.9
1783975672.893,41,0.726,0.07,0.136,0.0,16.2,76.3
1783975672.893,41,0.718,-0.414,0.011,0.0,13.4,77.2
1783975672.893,41,1.019,-0.196,0.137,0.0,11.7,74.8
1783975672.893,41,1.197,-0.229,0.078,0.0,11.5,69.8
1783975672.893,41,1.338,-0.127,0.151,0.0,11.4,69.7
1783975672.893,41,2.347,0.458,0.5,0.0,12.5,72.3
1783975672.893,41,2.54,1.35,0.142,0.0,12.2,67.3
1783975672.893,41,5.355,0.169,0.753,0.0,19.5,60.2
1783975672.893,41,8.291,1.322,1.071,0.0,13.2,50.3
1783975672.994,42,0.726,0.07,0.136,0.0,16.4,76.1
1783975672.994,42,0.718,-0.414,0.013,0.0,13.5,77.1
1783975672.994,42,1.019,-0.196,0.137,0.0,11.8,74.6
1783975672.994,42,1.197,-0.229,0.085,0.0,11.6,69.7
1783975672.994,42,1.338,-0.127,0.155,0.0,11.5,69.6
1783975672.994,42,2.347,0.458,0.499,0.0,12.4,72.3
1783975672.994,42,2.54,1.35,0.136,0.0,12.2,67.3
1783975672.994,42,5.357,0.169,0.734,0.0,19.6,60.1
1783975672.994,42,8.22,1.587,1.243,0.0,13.1,50.6
1783975673.1,43,0.726,0.07,0.137,0.0,16.2,76.3
1783975673.1,43,0.718,-0.414,0.016,0.0,13.3,77.3
1783975673.1,43,1.019,-0.196,0.138,0.0,11.7,74.7
1783975673.1,43,1.197,-0.229,0.09,0.0,11.2,69.9
1783975673.1,43,1.337,-0.127,0.157,0.0,11.3,69.8
1783975673.1,43,2.347,0.458,0.501,0.0,12.5,72.2
1783975673.1,43,2.54,1.35,0.141,0.0,12.3,67.3
1783975673.1,43,5.357,0.169,0.733,0.0,19.1,60.4
1783975673.1,43,8.257,1.322,1.307,0.0,12.9,50.6
1783975673.201,44,0.726,0.07,0.136,0.0,16.5,76.0
1783975673.201,44,0.718,-0.414,0.017,0.0,13.5,77.0
1783975673.201,44,1.02,-0.196,0.135,0.0,11.6,74.9
1783975673.201,44,1.337,-0.127,0.16,0.0,11.3,69.9
1783975673.201,44,2.346,0.458,0.505,0.0,12.5,72.2
1783975673.201,44,2.54,1.35,0.135,0.0,12.3,67.3
1783975673.201,44,5.359,0.169,0.722,0.0,19.6,60.0
1783975673.201,44,8.199,1.587,1.379,0.0,13.5,50.2
1783975673.301,45,0.726,0.07,0.135,0.0,16.2,76.3
1783975673.301,45,0.718,-0.414,0.017,0.0,13.3,77.2
1783975673.301,45,1.02,-0.196,0.134,0.0,11.6,74.9
1783975673.301,45,2.346,0.458,0.506,0.0,12.2,72.5
1783975673.301,45,2.54,1.35,0.134,0.0,12.4,67.2
1783975673.301,45,5.357,0.169,0.739,0.0,19.7,59.9
1783975673.301,45,8.248,1.587,1.046,0.0,13.4,50.7
1783975673.402,46,0.726,0.07,0.135,0.0,16.2,76.3
1783975673.402,46,0.718,-0.414,0.017,0.0,13.3,77.2
1783975673.402,46,1.02,-0.196,0.134,0.0,11.8,74.8
1783975673.402,46,1.337,-0.127,0.161,0.0,11.3,69.9
1783975673.402,46,2.346,0.458,0.506,0.0,12.3,72.4
1783975673.402,46,2.54,1.35,0.131,0.0,12.5,67.1
1783975673.402,46,5.354,0.169,0.759,0.0,19.8,59.8
1783975673.402,46,8.175,1.587,1.511,0.0,13.2,50.7
1783975673.504,47,0.726,0.07,0.136,0.0,16.4,76.1
1783975673.504,47,0.718,-0.414,0.017,0.0,13.8,76.7
1783975673.504,47,1.02,-0.196,0.132,0.0,11.8,74.7
1783975673.504,47,1.196,-0.229,0.099,0.0,11.3,69.7
1783975673.504,47,1.336,-0.127,0.172,0.0,11.4,69.8
1783975673.504,47,2.346,0.458,0.504,0.0,12.5,72.2
1783975673.504,47,2.54,1.35,0.143,0.0,12.6,67.1
1783975673.504,47,5.354,0.169,0.757,0.0,19.7,59.9
1783975673.504,47,8.208,1.587,1.32,0.0,12.8,51.1
1783975673.604,48,0.726,0.07,0.135,0.0,16.5,76.0
1783975673.604,48,0.718,-0.414,0.016,0.0,13.8,76.7
1783975673.604,48,1.02,-0.196,0.133,0.0,12.0,74.5
1783975673.604,48,1.196,-0.229,0.098,0.0,11.6,69.3
1783975673.604,48,1.335,-0.127,0.175,0.0,11.4,69.6
1783975673.604,48,2.348,0.458,0.498,0.0,12.2,72.5
1783975673.604,48,2.539,1.35,0.153,0.0,12.7,66.9
1783975673.604,48,5.355,0.169,0.754,0.0,19.4,60.2
1783975673.604,48,8.274,1.322,1.196,0.0,12.4,51.4
1783975673.705,49,0.726,0.07,0.134,0.0,16.3,76.2
1783975673.705,49,0.718,-0.414,0.013,0.0,13.6,76.9
1783975673.705,49,1.02,-0.196,0.133,0.0,12.0,74.6
1783975673.705,49,1.196,-0.229,0.096,0.0,11.3,69.5
1783975673.705,49,1.335,-0.127,0.177,0.0,11.4,69.7
1783975673.705,49,2.349,0.458,0.489,0.0,11.9,72.8
1783975673.705,49,2.539,1.35,0.152,0.0,12.6,67.1
1783975673.705,49,5.354,0.169,0.754,0.0,19.6,60.0
1783975673.705,49,8.256,1.322,1.316,0.0,13.7,50.2
1783975673.806,50,0.726,0.07,0.133,0.0,16.2,76.2
1783975673.806,50,0.718,-0.414,0.013,0.0,13.4,77.1
1783975673.806,50,1.02,-0.196,0.133,0.0,12.2,74.4
1783975673.806,50,1.196,-0.229,0.097,0.0,11.4,69.4
1783975673.806,50,1.334,-0.127,0.182,0.0,11.2,69.7
1783975673.806,50,2.351,0.458,0.482,0.0,11.6,73.1
1783975673.806,50,2.539,1.35,0.155,0.0,12.3,67.4
1783975673.806,50,5.356,0.169,0.742,0.0,19.9,59.7
1783975673.806,50,8.2,1.587,1.372,0.0,12.9,51.0
1783975673.908,51,0.726,0.07,0.133,0.0,16.2,76.2
1783975673.908,51,0.718,-0.414,0.014,0.0,13.2,77.2
1783975673.908,51,1.02,-0.196,0.134,0.0,12.3,74.2
1783975673.908,51,1.196,-0.229,0.096,0.0,11.4,69.5
1783975673.908,51,1.333,-0.127,0.188,0.0,11.2,69.6
1783975673.908,51,2.349,0.458,0.49,0.0,11.7,73.0
1783975673.908,51,2.539,1.35,0.151,0.0,12.3,67.2
1783975673.908,51,5.358,0.169,0.726,0.0,19.5,60.2
1783975673.908,51,8.224,1.587,1.216,0.0,12.9,50.9
1783975674.009,52,0.726,0.07,0.132,0.0,16.3,76.2
1783975674.009,52,0.718,-0.414,0.016,0.0,13.3,77.2
1783975674.009,52,1.02,-0.196,0.132,0.0,12.2,74.3
1783975674.009,52,1.196,-0.229,0.097,0.0,11.4,69.5
1783975674.009,52,1.334,-0.127,0.184,0.0,11.3,69.7
1783975674.009,52,2.351,0.458,0.484,0.0,11.8,72.9
1783975674.009,52,2.54,1.35,0.143,0.0,12.0,67.5
1783975674.009,52,5.359,0.169,0.718,0.0,19.4,60.3
1783975674.009,52,8.217,1.322,1.538,0.0,12.6,51.1
1783975674.06,53,0.726,0.07,0.133,0.0,16.2,76.3
1783975674.06,53,0.718,-0.414,0.016,0.0,13.2,77.3
1783975674.06,53,1.02,-0.196,0.132,0.0,12.2,74.3
1783975674.06,53,1.196,-0.229,0.095,0.0,11.4,69.5
1783975674.06,53,1.333,-0.127,0.19,0.0,11.3,69.7
1783975674.06,53,2.352,0.458,0.479,0.0,11.7,73.0
1783975674.06,53,2.54,1.35,0.141,0.0,12.0,67.5
1783975674.06,53,5.356,0.169,0.746,0.0,19.4,60.2
1783975674.06,53,8.278,1.322,1.169,0.0,13.2,50.6
1783975674.211,54,0.726,0.07,0.132,0.0,16.2,76.3
1783975674.211,54,0.718,-0.414,0.016,0.0,13.2,77.3
1783975674.211,54,1.02,-0.196,0.133,0.0,12.2,74.3
1783975674.211,54,1.196,-0.229,0.092,0.0,11.4,69.6
1783975674.211,54,2.352,0.458,0.478,0.0,11.6,73.2
1783975674.211,54,2.54,1.35,0.139,0.0,11.9,67.7
1783975674.211,54,5.356,0.169,0.74,0.0,19.3,60.3
1783975674.211,54,8.254,1.322,1.328,0.0,14.1,49.7
1783975674.311,55,0.727,0.07,0.132,0.0,16.2,76.3
1783975674.311,55,0.718,-0.414,0.017,0.0,13.2,77.3
1783975674.311,55,1.02,-0.196,0.131,0.0,12.3,74.2
1783975674.311,55,1.196,-0.229,0.092,0.0,11.5,69.6
1783975674.311,55,2.353,0.458,0.47,0.0,11.5,73.3
1783975674.311,55,2.54,1.35,0.141,0.0,11.9,67.7
1783975674.311,55,5.356,0.169,0.745,0.0,19.8,59.8
1783975674.311,55,8.192,1.587,1.42,0.0,14.0,49.5
1783975674.362,56,0.727,0.07,0.131,0.0,16.2,76.3
1783975674.362,56,0.718,-0.414,0.019,0.0,13.2,77.3
1783975674.362,56,1.02,-0.196,0.131,0.0,12.2,74.2
1783975674.362,56,1.197,-0.229,0.087,0.0,11.3,69.7
1783975674.362,56,2.355,0.458,0.463,0.0,11.5,73.2
1783975674.362,56,2.54,1.35,0.14,0.0,11.9,67.6
1783975674.362,56,5.357,0.169,0.734,0.0,19.5,60.1
1783975674.362,56,8.21,1.587,1.313,0.0,12.4,51.2
1783975674.514,57,0.727,0.07,0.131,0.0,16.2,76.2
1783975674.514,57,0.718,-0.414,0.019,0.0,13.2,77.3
1783975674.514,57,1.02,-0.196,0.132,0.0,12.0,74.4
1783975674.514,57,2.354,0.458,0.465,0.0,11.6,73.2
1783975674.514,57,2.54,1.35,0.138,0.0,11.8,67.7
1783975674.514,57,5.355,0.169,0.754,0.0,19.5,60.1
1783975674.514,57,8.232,1.322,1.459,0.0,13.3,50.4
1783975674.614,58,0.727,0.07,0.131,0.0,16.1,76.3
1783975674.614,58,0.718,-0.414,0.019,0.0,13.1,77.3
1783975674.614,58,1.02,-0.196,0.132,0.0,12.0,74.4
1783975674.614,58,2.354,0.458,0.465,0.0,11.5,73.3
1783975674.614,58,2.54,1.35,0.126,0.0,11.9,67.7
1783975674.614,58,5.355,0.169,0.752,0.0,19.7,59.9
1783975674.614,58,8.232,1.322,1.46,0.0,12.9,50.9
1783975674.665,59,0.727,0.07,0.131,0.0,16.1,76.3
1783975674.665,59,0.718,-0.414,0.02,0.0,13.1,77.5
1783975674.665,59,1.02,-0.196,0.133,0.0,11.9,74.5
1783975674.665,59,2.356,0.458,0.458,0.0,11.6,73.2
1783975674.665,59,2.54,1.35,0.133,0.0,11.8,67.7
1783975674.665,59,5.356,0.169,0.742,0.0,19.5,60.1
1783975674.665,59,8.205,1.587,1.34,0.0,13.0,50.5
1783975674.766,60,0.727,0.07,0.13,0.0,16.1,76.3
1783975674.766,60,0.718,-0.414,0.021,0.0,13.0,77.5
1783975674.766,60,1.02,-0.196,0.133,0.0,11.9,74.4
1783975674.766,60,2.356,0.458,0.458,0.0,11.6,73.2
1783975674.766,60,2.54,1.35,0.125,0.0,11.9,67.6
1783975674.766,60,5.356,0.169,0.744,0.0,19.5,60.1
1783975674.766,60,8.284,1.322,1.121,0.0,13.5,50.2
1783975674.918,61,0.727,0.07,0.13,0.0,16.1,76.3
1783975674.918,61,0.718,-0.414,0.021,0.0,12.9,77.5
1783975674.918,61,1.02,-0.196,0.133,0.0,11.9,74.4
1783975674.918,61,2.357,0.458,0.452,0.0,11.6,73.2
1783975674.918,61,2.541,1.35,0.119,0.0,11.8,67.7
1783975674.918,61,5.356,0.169,0.742,0.0,19.1,60.4
1783975674.918,61,8.224,1.587,1.216,0.0,13.0,50.6
1783975674.969,62,0.727,0.07,0.13,0.0,16.2,76.2
1783975674.969,62,0.718,-0.414,0.021,0.0,13.1,77.4
1783975674.969,62,1.02,-0.196,0.134,0.0,11.7,74.6
1783975674.969,62,2.357,0.458,0.45,0.0,11.6,73.2
1783975674.969,62,2.541,1.35,0.12,0.0,11.9,67.7
1783975674.969,62,5.355,0.169,0.753,0.0,19.4,60.2
1783975674.969,62,8.224,1.587,1.222,0.0,13.3,50.6
1783975675.07,63,0.727,0.07,0.131,0.0,16.1,76.3
1783975675.07,63,0.718,-0.414,0.02,0.0,13.1,77.4
1783975675.07,63,1.02,-0.196,0.133,0.0,11.7,74.7
1783975675.07,63,2.356,0.458,0.455,0.0,11.5,73.3
1783975675.07,63,2.541,1.35,0.119,0.0,11.7,67.8
1783975675.07,63,5.354,0.169,0.755,0.0,19.5,60.1
1783975675.07,63,8.263,1.322,1.271,0.0,13.2,50.5
1783975675.172,64,0.727,0.07,0.131,0.0,16.2,76.2
1783975675.172,64,0.718,-0.414,0.021,0.0,13.1,77.4
1783975675.172,64,1.02,-0.196,0.134,0.0,11.6,74.7
1783975675.172,64,2.358,0.458,0.448,0.0,11.6,73.2
1783975675.172,64,2.541,1.35,0.119,0.0,11.9,67.7
1783975675.172,64,5.353,0.169,0.762,0.0,19.3,60.3
1783975675.172,64,8.283,1.322,1.134,0.0,13.2,50.5
1783975675.272,65,0.727,0.07,0.13,0.0,16.3,76.1
1783975675.272,65,0.718,-0.414,0.021,0.0,13.2,77.3
1783975675.272,65,1.02,-0.196,0.132,0.0,11.6,74.7
1783975675.272,65,2.357,0.458,0.451,0.0,11.5,73.2
1783975675.272,65,2.541,1.35,0.124,0.0,11.7,67.8
1783975675.272,65,5.354,0.169,0.761,0.0,19.4,60.2
1783975675.272,65,8.232,1.322,1.459,0.0,12.8,50.9
1783975675.373,66,0.727,0.07,0.13,0.0,16.2,76.2
1783975675.373,66,0.718,-0.414,0.02,0.0,13.2,77.2
1783975675.373,66,1.02,-0.196,0.133,0.0,11.9,74.5
1783975675.373,66,2.356,0.458,0.455,0.0,11.5,73.2
1783975675.373,66,2.541,1.35,0.107,0.0,11.8,67.7
1783975675.373,66,5.357,0.169,0.735,0.0,19.4,60.2
1783975675.373,66,8.242,1.322,1.399,0.0,13.0,50.7
1783975675.474,67,0.727,0.07,0.131,0.0,16.2,76.2
1783975675.474,67,0.718,-0.414,0.017,0.0,13.2,77.2
1783975675.474,67,1.02,-0.196,0.132,0.0,12.2,74.3
1783975675.474,67,2.353,0.458,0.471,0.0,11.5,73.3
1783975675.474,67,2.541,1.35,0.11,0.0,11.8,67.6
1783975675.474,67,5.355,0.169,0.753,0.0,19.6,60.0
1783975675.474,67,8.287,1.322,1.106,0.0,14.2,49.6
1783975675.575,68,0.727,0.07,0.131,0.0,16.2,76.2
1783975675.575,68,0.718,-0.414,0.015,0.0,13.2,77.2
1783975675.575,68,1.02,-0.196,0.131,0.0,12.2,74.3
1783975675.575,68,2.351,0.458,0.484,0.0,11.3,73.5
1783975675.575,68,2.541,1.35,0.123,0.0,12.0,67.5
1783975675.575,68,5.355,0.169,0.751,0.0,19.5,60.1
1783975675.575,68,8.247,1.322,1.37,0.0,12.5,51.1
1783975675.677,69,0.727,0.07,0.131,0.0,16.3,76.2
1783975675.677,69,0.718,-0.414,0.014,0.0,13.6,76.8
1783975675.677,69,1.02,-0.196,0.131,0.0,12.1,74.4
1783975675.677,69,2.351,0.458,0.483,0.0,11.4,73.3
1783975675.677,69,2.54,1.35,0.125,0.0,12.0,67.5
1783975675.677,69,5.356,0.169,0.74,0.0,19.2,60.4
1783975675.677,69,8.255,1.322,1.323,0.0,13.8,50.1
1783975675.778,70,0.727,0.07,0.131,0.0,16.5,76.0
1783975675.778,70,0.718,-0.414,0.017,0.0,13.7,76.7
1783975675.778,70,1.02,-0.196,0.131,0.0,12.0,74.4
1783975675.778,70,1.196,-0.229,0.096,0.0,11.4,69.5
1783975675.778,70,2.351,0.458,0.484,0.0,11.8,73.0
1783975675.778,70,2.541,1.35,0.122,0.0,12.2,67.3
1783975675.778,70,5.354,0.169,0.758,0.0,19.8,59.8
1783975675.778,70,8.234,1.322,1.448,0.0,13.0,50.4
1783975675.878,71,0.726,0.07,0.133,0.0,16.2,76.3
1783975675.878,71,0.718,-0.414,0.02,0.0,13.3,77.2
1783975675.878,71,1.02,-0.196,0.131,0.0,12.0,74.6
1783975675.878,71,2.348,0.458,0.494,0.0,12.0,72.7
1783975675.878,71,2.541,1.35,0.113,0.0,12.3,67.2
1783975675.878,71,5.356,0.169,0.745,0.0,19.5,60.0
1783975675.878,71,8.219,1.587,1.252,0.0,12.2,51.1
1783975675.979,72,0.726,0.07,0.133,0.0,16.2,76.2
1783975675.979,72,0.718,-0.414,0.017,0.0,13.2,77.2
1783975675.979,72,1.02,-0.196,0.133,0.0,11.9,74.6
1783975675.979,72,1.335,-0.127,0.177,0.0,11.3,70.0
1783975675.979,72,2.348,0.458,0.494,0.0,11.6,73.1
1783975675.979,72,2.542,1.35,0.095,0.0,12.2,67.4
1783975675.979,72,5.355,0.169,0.748,0.0,19.6,60.0
1783975675.979,72,8.208,1.587,1.32,0.0,13.4,50.4
1783975676.079,73,0.726,0.07,0.133,0.0,16.1,76.4
1783975676.079,73,0.718,-0.414,0.013,0.0,13.2,77.3
1783975676.079,73,1.02,-0.196,0.133,0.0,11.9,74.7
1783975676.079,73,1.197,-0.229,0.082,0.0,11.3,69.8
1783975676.079,73,1.335,-0.127,0.175,0.0,11.4,69.8
1783975676.079,73,2.349,0.458,0.491,0.0,11.8,72.9
1783975676.079,73,2.542,1.35,0.092,0.0,12.0,67.5
1783975676.079,73,5.358,0.169,0.729,0.0,19.7,60.0
1783975676.079,73,8.229,1.322,1.474,0.0,13.8,49.6
1783975676.18,74,0.726,0.07,0.133,0.0,16.1,76.4
1783975676.18,74,0.718,-0.414,0.013,0.0,13.2,77.3
1783975676.18,74,1.02,-0.196,0.133,0.0,11.8,74.7
1783975676.18,74,1.197,-0.229,0.076,0.0,11.4,69.8
1783975676.18,74,1.335,-0.127,0.176,0.0,11.4,69.9
1783975676.18,74,2.349,0.458,0.489,0.0,11.8,72.9
1783975676.18,74,2.542,1.35,0.1,0.0,11.6,67.9
1783975676.18,74,5.358,0.169,0.727,0.0,19.6,60.0
1783975676.18,74,8.193,1.587,1.413,0.0,12.3,51.3
1783975676.28,75,0.726,0.07,0.133,0.0,16.1,76.4
1783975676.28,75,0.718,-0.414,0.013,0.0,13.2,77.3
1783975676.28,75,1.02,-0.196,0.133,0.0,11.8,74.7
1783975676.28,75,1.197,-0.229,0.08,0.0,11.5,69.8
1783975676.28,75,1.335,-0.127,0.177,0.0,11.3,70.0
1783975676.28,75,2.349,0.458,0.491,0.0,11.8,73.0
1783975676.28,75,2.541,1.35,0.106,0.0,11.6,67.9
1783975676.28,75,5.354,0.169,0.757,0.0,19.5,60.1
1783975676.28,75,8.194,1.587,1.409,0.0,12.0,51.7
1783975676.381,76,0.726,0.07,0.134,0.0,16.1,76.4
1783975676.381,76,0.718,-0.414,0.013,0.0,13.2,77.3
1783975676.381,76,1.02,-0.196,0.133,0.0,11.7,74.8
1783975676.381,76,1.197,-0.229,0.079,0.0,11.3,69.9
1783975676.381,76,1.335,-0.127,0.176,0.0,11.3,70.0
1783975676.381,76,2.349,0.458,0.491,0.0,11.8,72.9
1783975676.381,76,2.541,1.35,0.11,0.0,11.6,68.0
1783975676.381,76,5.353,0.169,0.766,0.0,19.6,60.0
1783975676.381,76,8.212,1.587,1.299,0.0,12.9,50.5
1783975676.482,77,0.726,0.07,0.135,0.0,16.1,76.4
1783975676.482,77,0.718,-0.414,0.013,0.0,13.1,77.3
1783975676.482,77,1.02,-0.196,0.134,0.0,11.7,74.9
1783975676.482,77,1.335,-0.127,0.173,0.0,11.5,70.0
1783975676.482,77,2.349,0.458,0.493,0.0,11.9,72.9
1783975676.482,77,2.542,1.35,0.097,0.0,11.9,67.7
1783975676.482,77,5.355,0.169,0.75,0.0,19.6,60.0
1783975676.482,77,8.224,1.587,1.216,0.0,13.2,50.3
1783975676.584,78,0.726,0.07,0.135,0.0,16.1,76.3
1783975676.584,78,0.718,-0.414,0.018,0.0,13.2,77.3
1783975676.584,78,1.02,-0.196,0.132,0.0,11.7,74.9
1783975676.584,78,1.335,-0.127,0.175,0.0,11.2,70.1
1783975676.584,78,2.349,0.458,0.492,0.0,11.8,73.0
1783975676.584,78,2.542,1.35,0.096,0.0,12.1,67.5
1783975676.584,78,5.358,0.169,0.726,0.0,19.8,59.8
1783975676.584,78,8.237,1.587,1.131,0.0,12.6,51.1
1783975676.685,79,0.726,0.07,0.134,0.0,16.2,76.3
1783975676.685,79,0.718,-0.414,0.021,0.0,13.3,77.2
1783975676.685,79,1.02,-0.196,0.131,0.0,11.8,74.7
1783975676.685,79,2.349,0.458,0.493,0.0,11.8,73.0
1783975676.685,79,2.541,1.35,0.107,0.0,12.3,67.2
1783975676.685,79,5.357,0.169,0.735,0.0,19.6,60.0
1783975676.685,79,8.235,1.322,1.44,0.0,13.1,50.6
1783975676.786,80,0.726,0.07,0.135,0.0,16.2,76.2
1783975676.786,80,0.718,-0.414,0.02,0.0,13.5,76.9
1783975676.786,80,1.02,-0.196,0.129,0.0,11.8,74.7
1783975676.786,80,1.197,-0.229,0.086,0.0,11.2,69.8
1783975676.786,80,2.348,0.458,0.498,0.0,11.9,72.9
1783975676.786,80,2.541,1.35,0.123,0.0,12.1,67.4
1783975676.786,80,5.355,0.169,0.752,0.0,19.9,59.7
1783975676.786,80,8.244,1.322,1.39,0.0,12.5,51.1
1783975676.887,81,0.726,0.07,0.137,0.0,16.2,76.2
1783975676.887,81,0.718,-0.414,0.018,0.0,13.5,76.9
1783975676.887,81,1.02,-0.196,0.13,0.0,11.9,74.7
1783975676.887,81,1.197,-0.229,0.086,0.0,11.3,69.7
1783975676.887,81,2.349,0.458,0.494,0.0,11.4,73.4
1783975676.887,81,2.541,1.35,0.124,0.0,12.3,67.2
1783975676.887,81,5.356,0.169,0.742,0.0,19.5,60.1
1783975676.887,81,8.275,1.322,1.187,0.0,13.1,50.5
1783975676.988,82,0.726,0.07,0.137,0.0,16.1,76.3
1783975676.988,82,0.718,-0.414,0.016,0.0,13.4,77.0
1783975676.988,82,1.02,-0.196,0.132,0.0,12.0,74.6
1783975676.988,82,2.54,1.35,0.133,0.0,12.1,67.4
1783975676.988,82,5.356,0.169,0.743,0.0,19.9,59.7
1783975676.988,82,8.151,1.587,1.637,0.0,12.0,51.4
1783975677.09,83,0.726,0.07,0.136,0.0,16.1,76.3
1783975677.09,83,0.718,-0.414,0.015,0.0,13.3,77.2
1783975677.09,83,1.02,-0.196,0.131,0.0,11.9,74.6
1783975677.09,83,2.54,1.35,0.132,0.0,12.3,67.3
1783975677.09,83,5.355,0.169,0.749,0.0,19.5,60.1
1783975677.09,83,8.252,1.322,1.341,0.0,12.3,51.4
1783975677.191,84,0.726,0.07,0.135,0.0,16.2,76.2
1783975677.191,84,0.718,-0.414,0.016,0.0,13.1,77.3
1783975677.191,84,1.02,-0.196,0.13,0.0,12.0,74.6
1783975677.191,84,2.54,1.35,0.127,0.0,12.0,67.5
1783975677.191,84,5.355,0.169,0.754,0.0,19.4,60.2
1783975677.191,84,8.269,1.322,1.229,0.0,12.3,51.2
1783975677.292,85,0.726,0.07,0.136,0.0,16.2,76.2
1783975677.292,85,0.718,-0.414,0.016,0.0,13.1,77.3
1783975677.292,85,1.02,-0.196,0.131,0.0,12.0,74.6
1783975677.292,85,2.541,1.35,0.124,0.0,12.1,67.4
1783975677.292,85,5.355,0.169,0.75,0.0,19.5,60.1
1783975677.292,85,8.237,1.322,1.429,0.0,12.4,51.4
1783975677.393,86,0.726,0.07,0.137,0.0,16.1,76.2
1783975677.393,86,0.718,-0.414,0.016,0.0,13.1,77.4
1783975677.393,86,1.02,-0.196,0.132,0.0,12.0,74.6
1783975677.393,86,2.541,1.35,0.12,0.0,11.9,67.5
1783975677.393,86,5.354,0.169,0.758,0.0,19.6,60.0
1783975677.393,86,8.248,1.322,1.361,0.0,13.2,50.5
1783975677.494,87,0.726,0.07,0.137,0.0,16.2,76.2
1783975677.494,87,0.718,-0.414,0.016,0.0,13.1,77.4
1783975677.494,87,1.02,-0.196,0.132,0.0,12.0,74.5
1783975677.494,87,2.541,1.35,0.124,0.0,12.0,67.5
1783975677.494,87,5.355,0.169,0.754,0.0,19.2,60.4
1783975677.494,87,8.252,1.322,1.341,0.0,13.2,50.6
1783975677.596,88,0.726,0.07,0.135,0.0,16.2,76.2
1783975677.596,88,0.718,-0.414,0.019,0.0,13.2,77.3
1783975677.596,88,1.02,-0.196,0.132,0.0,12.1,74.4
1783975677.596,88,2.54,1.35,0.127,0.0,11.9,67.6
1783975677.596,88,5.355,0.169,0.75,0.0,19.3,60.3
1783975677.596,88,8.266,1.322,1.252,0.0,12.6,51.1
1783975677.697,89,0.726,0.07,0.134,0.0,16.1,76.3
1783975677.697,89,0.718,-0.414,0.021,0.0,13.1,77.4
1783975677.697,89,1.02,-0.196,0.13,0.0,12.1,74.4
1783975677.697,89,2.54,1.35,0.125,0.0,12.0,67.5
1783975677.697,89,5.356,0.169,0.743,0.0,19.1,60.5
1783975677.697,89,8.224,1.322,1.5,0.0,12.1,51.5
1783975677.799,90,0.726,0.07,0.136,0.0,16.0,76.3
1783975677.799,90,0.718,-0.414,0.02,0.0,13.1,77.4
1783975677.799,90,1.02,-0.196,0.13,0.0,11.9,74.6
1783975677.799,90,2.541,1.35,0.115,0.0,12.0,67.6
1783975677.799,90,5.357,0.169,0.738,0.0,19.3,60.3
1783975677.799,90,8.28,1.322,1.155,0.0,13.1,50.8
1783975677.899,91,0.725,0.07,0.138,0.0,16.1,76.3
1783975677.899,91,0.718,-0.414,0.019,0.0,13.1,77.4
1783975677.899,91,1.02,-0.196,0.133,0.0,11.8,74.7
1783975677.899,91,2.54,1.35,0.128,0.0,12.0,67.6
1783975677.899,91,5.356,0.169,0.744,0.0,19.0,60.6
1783975677.899,91,8.255,1.322,1.319,0.0,12.6,51.2
1783975678.0,92,0.725,0.07,0.138,0.0,16.1,76.3
1783975678.0,92,0.718,-0.414,0.019,0.0,13.1,77.4
1783975678.0,92,1.02,-0.196,0.133,0.0,11.8,74.7
1783975678.0,92,2.541,1.35,0.115,0.0,11.9,67.6
1783975678.0,92,5.355,0.169,0.752,0.0,19.2,60.4
1783975678.0,92,8.315,1.322,0.866,0.0,12.7,50.7
1783975678.101,93,0.726,0.07,0.136,0.0,16.1,76.3
1783975678.101,93,0.718,-0.414,0.02,0.0,13.1,77.3
1783975678.101,93,1.02,-0.196,0.132,0.0,11.8,74.7
1783975678.101,93,2.541,1.35,0.107,0.0,12.2,67.4
1783975678.101,93,5.356,0.169,0.746,0.0,19.0,60.5
1783975678.101,93,8.284,1.322,1.123,0.0,12.6,51.1
1783975678.203,94,0.726,0.07,0.135,0.0,16.1,76.3
1783975678.203,94,0.718,-0.414,0.021,0.0,13.1,77.4
1783975678.203,94,1.02,-0.196,0.131,0.0,11.8,74.6
1783975678.203,94,2.541,1.35,0.116,0.0,12.0,67.6
1783975678.203,94,5.354,0.169,0.76,0.0,19.1,60.4
1783975678.203,94,8.263,1.322,1.271,0.0,13.0,50.7
1783975678.304,95,0.726,0.07,0.136,0.0,16.1,76.3
1783975678.304,95,0.718,-0.414,0.019,0.0,13.1,77.3
1783975678.304,95,1.02,-0.196,0.13,0.0,11.8,74.7
1783975678.304,95,2.541,1.35,0.104,0.0,12.0,67.5
1783975678.304,95,5.357,0.169,0.736,0.0,18.9,60.7
1783975678.304,95,8.195,1.587,1.403,0.0,13.8,49.9
1783975678.405,96,0.726,0.07,0.137,0.0,16.1,76.3
1783975678.405,96,0.718,-0.414,0.019,0.0,13.1,77.3
1783975678.405,96,1.02,-0.196,0.131,0.0,11.8,74.7
1783975678.405,96,2.541,1.35,0.103,0.0,12.0,67.6
1783975678.405,96,5.357,0.169,0.736,0.0,19.1,60.5
1783975678.405,96,8.225,1.322,1.498,0.0,13.1,50.7
1783975678.456,97,0.726,0.07,0.137,0.0,16.1,76.3
1783975678.456,97,0.718,-0.414,0.02,0.0,13.1,77.4
1783975678.456,97,1.02,-0.196,0.132,0.0,11.8,74.7
1783975678.456,97,2.54,1.35,0.124,0.0,12.0,67.6
1783975678.456,97,5.356,0.169,0.746,0.0,18.9,60.6
1783975678.456,97,8.218,1.322,1.535,0.0,12.9,50.8
1783975678.607,98,0.726,0.07,0.135,0.0,16.1,76.3
1783975678.607,98,0.718,-0.414,0.021,0.0,13.1,77.4
1783975678.607,98,1.02,-0.196,0.13,0.0,11.7,74.7
1783975678.607,98,2.541,1.35,0.114,0.0,11.9,67.6
1783975678.607,98,5.356,0.169,0.744,0.0,19.1,60.5
1783975678.607,98,8.276,1.322,1.184,0.0,13.7,50.4
1783975678.708,99,0.726,0.07,0.135,0.0,16.1,76.3
1783975678.708,99,0.718,-0.414,0.021,0.0,13.2,77.3
1783975678.708,99,1.02,-0.196,0.13,0.0,11.8,74.6
1783975678.708,99,2.541,1.35,0.111,0.0,12.0,67.6
1783975678.708,99,5.355,0.169,0.748,0.0,19.0,60.6
1783975678.708,99,8.178,1.587,1.498,0.0,13.2,50.7
1783975678.758,100,0.726,0.07,0.137,0.0,16.1,76.2
1783975678.758,100,0.718,-0.414,0.019,0.0,13.3,77.2
1783975678.758,100,1.02,-0.196,0.132,0.0,11.7,74.7
1783975678.758,100,2.542,1.35,0.1,0.0,12.0,67.6
1783975678.758,100,5.358,0.169,0.731,0.0,19.3,60.3
1783975678.758,100,8.244,1.322,1.39,0.0,12.4,51.2
1783975678.909,101,0.725,0.07,0.139,0.0,16.1,76.3
1783975678.909,101,0.718,-0.414,0.016,0.0,13.0,77.5
1783975678.909,101,1.02,-0.196,0.133,0.0,11.8,74.7
1783975678.909,101,2.541,1.35,0.105,0.0,12.0,67.5
1783975678.909,101,5.355,0.169,0.75,0.0,19.3,60.3
1783975678.909,101,8.217,1.587,1.263,0.0,12.8,51.0
1783975679.012,102,0.725,0.07,0.139,0.0,16.0,76.4
1783975679.012,102,0.718,-0.414,0.015,0.0,13.2,77.3
1783975679.012,102,1.02,-0.196,0.134,0.0,11.8,74.8
1783975679.012,102,2.541,1.35,0.12,0.0,12.2,67.4
1783975679.012,102,5.354,0.169,0.756,0.0,19.3,60.3
1783975679.012,102,8.266,1.322,1.251,0.0,12.9,51.0
1783975679.062,103,0.725,0.07,0.139,0.0,16.0,76.4
1783975679.062,103,0.718,-0.414,0.017,0.0,13.3,77.1
1783975679.062,103,1.02,-0.196,0.133,0.0,11.9,74.7
1783975679.062,103,2.541,1.35,0.117,0.0,12.2,67.4
1783975679.062,103,5.352,0.169,0.768,0.0,19.0,60.6
1783975679.062,103,8.281,1.322,1.145,0.0,13.1,50.4
1783975679.165,104,0.725,0.07,0.14,0.0,15.9,76.5
1783975679.165,104,0.718,-0.414,0.019,0.0,13.2,77.3
1783975679.165,104,1.02,-0.196,0.134,0.0,12.0,74.7
1783975679.165,104,2.542,1.35,0.096,0.0,12.2,67.4
1783975679.165,104,5.355,0.169,0.75,0.0,19.2,60.3
1783975679.165,104,8.208,1.587,1.32,0.0,12.7,51.2
1783975679.266,105,0.725,0.07,0.14,0.0,16.1,76.3
1783975679.266,105,0.718,-0.414,0.017,0.0,13.3,77.2
1783975679.266,105,1.019,-0.196,0.136,0.0,11.9,74.8
1783975679.266,105,2.543,1.35,0.069,0.0,12.6,66.9
1783975679.266,105,5.356,0.169,0.742,0.0,19.3,60.3
1783975679.266,105,8.247,1.322,1.37,0.0,13.4,50.1
1783975679.368,106,0.725,0.07,0.139,0.0,15.8,76.5
1783975679.368,106,0.718,-0.414,0.013,0.0,13.0,77.5
1783975679.368,106,1.019,-0.196,0.138,0.0,11.8,74.9
1783975679.368,106,2.542,1.35,0.075,0.0,12.4,67.2
1783975679.368,106,5.355,0.169,0.748,0.0,19.6,60.0
1783975679.368,106,8.208,1.587,1.325,0.0,13.1,50.5
1783975679.469,107,0.725,0.07,0.139,0.0,15.9,76.5
1783975679.469,107,0.718,-0.414,0.011,0.0,13.1,77.4
1783975679.469,107,1.019,-0.196,0.138,0.0,11.9,74.8
1783975679.469,107,1.198,-0.229,0.07,0.0,11.3,70.1
1783975679.469,107,2.543,1.35,0.071,0.0,12.1,67.5
1783975679.469,107,5.356,0.169,0.742,0.0,19.8,59.8
1783975679.469,107,8.23,1.322,1.466,0.0,12.6,50.9
1783975679.569,108,0.726,0.07,0.137,0.0,16.1,76.2
1783975679.569,108,0.718,-0.414,0.012,0.0,13.4,77.1
1783975679.569,108,1.02,-0.196,0.135,0.0,11.7,74.9
1783975679.569,108,1.198,-0.229,0.07,0.0,11.3,70.1
1783975679.569,108,1.335,-0.127,0.173,0.0,11.2,70.1
1783975679.569,108,2.349,0.458,0.491,0.0,11.4,73.4
1783975679.569,108,2.542,1.35,0.08,0.0,11.9,67.6
1783975679.569,108,5.356,0.169,0.743,0.0,20.0,59.6
1783975679.569,108,8.194,1.587,1.406,0.0,12.3,51.3
1783975679.671,109,0.725,0.07,0.138,0.0,16.0,76.4
1783975679.671,109,0.718,-0.414,0.011,0.0,13.3,77.2
1783975679.671,109,1.02,-0.196,0.136,0.0,11.6,75.0
1783975679.671,109,2.348,0.458,0.494,0.0,11.3,73.4
1783975679.671,109,2.542,1.35,0.076,0.0,12.0,67.6
1783975679.671,109,5.356,0.169,0.744,0.0,19.7,59.9
1783975679.671,109,8.182,1.587,1.473,0.0,13.1,50.3
1783975679.772,110,0.725,0.07,0.139,0.0,15.9,76.5
1783975679.772,110,0.718,-0.414,0.01,0.0,13.2,77.3
1783975679.772,110,1.019,-0.196,0.139,0.0,11.6,75.0
1783975679.772,110,2.542,1.35,0.084,0.0,12.1,67.5
1783975679.772,110,5.356,0.169,0.745,0.0,20.1,59.6
1783975679.772,110,8.248,1.322,1.363,0.0,13.2,50.4
1783975679.872,111,0.725,0.07,0.139,0.0,15.9,76.5
1783975679.872,111,0.718,-0.414,0.01,0.0,13.1,77.4
1783975679.872,111,1.019,-0.196,0.139,0.0,11.8,74.9
1783975679.872,111,2.542,1.35,0.079,0.0,12.1,67.4
1783975679.872,111,5.356,0.169,0.744,0.0,19.6,60.0
1783975679.872,111,8.205,1.587,1.341,0.0,12.5,51.3
1783975679.975,112,0.725,0.07,0.14,0.0,15.9,76.4
1783975679.975,112,0.718,-0.414,0.014,0.0,13.1,77.4
1783975679.975,112,1.019,-0.196,0.138,0.0,11.8,74.9
1783975679.975,112,1.197,-0.229,0.08,0.0,11.3,69.9
1783975679.975,112,1.336,-0.127,0.17,0.0,11.3,70.0
1783975679.975,112,2.542,1.35,0.079,0.0,12.3,67.3
1783975679.975,112,5.355,0.169,0.752,0.0,19.6,59.9
1783975679.975,112,8.258,1.322,1.3,0.0,12.3,51.3
1783975680.077,113,0.725,0.07,0.14,0.0,15.9,76.4
1783975680.077,113,0.718,-0.414,0.017,0.0,13.1,77.4
1783975680.077,113,1.02,-0.196,0.135,0.0,11.8,74.9
1783975680.077,113,2.542,1.35,0.081,0.0,12.6,67.0
1783975680.077,113,5.353,0.169,0.764,0.0,19.8,59.7
1783975680.077,113,8.178,1.587,1.499,0.0,13.1,50.6
1783975680.179,114,0.725,0.07,0.142,0.0,15.9,76.5
1783975680.179,114,0.718,-0.414,0.018,0.0,13.1,77.4
1783975680.179,114,1.02,-0.196,0.136,0.0,12.0,74.7
1783975680.179,114,1.197,-0.229,0.088,0.0,11.2,69.8
1783975680.179,114,2.542,1.35,0.091,0.0,12.5,67.1
1783975680.179,114,5.354,0.169,0.754,0.0,19.8,59.7
1783975680.179,114,8.277,1.322,1.177,0.0,12.5,51.3
1783975680.28,115,0.724,0.07,0.143,0.0,15.8,76.5
1783975680.28,115,0.718,-0.414,0.017,0.0,13.2,77.3
1783975680.28,115,1.019,-0.196,0.136,0.0,12.1,74.6
1783975680.28,115,1.197,-0.229,0.086,0.0,11.2,69.8
1783975680.28,115,2.541,1.35,0.107,0.0,12.4,67.2
1783975680.28,115,5.354,0.169,0.759,0.0,19.4,60.2
1783975680.28,115,8.233,1.322,1.454,0.0,13.2,50.6
1783975680.381,116,0.725,0.07,0.142,0.0,16.0,76.4
1783975680.381,116,0.718,-0.414,0.016,0.0,13.4,77.1
1783975680.381,116,1.02,-0.196,0.135,0.0,12.2,74.5
1783975680.381,116,1.197,-0.229,0.084,0.0,11.3,69.7
1783975680.381,116,2.539,1.35,0.146,0.0,12.3,67.3
1783975680.381,116,5.356,0.169,0.742,0.0,19.4,60.2
1783975680.381,116,8.25,1.322,1.35,0.0,12.5,51.3
1783975680.481,117,0.725,0.07,0.14,0.0,16.0,76.4
1783975680.481,117,0.718,-0.414,0.015,0.0,13.1,77.3
1783975680.481,117,1.02,-0.196,0.132,0.0,12.1,74.5
1783975680.481,117,2.539,1.35,0.156,0.0,12.3,67.2
1783975680.481,117,5.356,0.169,0.741,0.0,19.0,60.6
1783975680.481,117,8.217,1.322,1.539,0.0,13.3,50.4
1783975680.583,118,0.725,0.07,0.139,0.0,16.0,76.3
1783975680.583,118,0.718,-0.414,0.015,0.0,13.0,77.4
1783975680.583,118,1.02,-0.196,0.133,0.0,12.0,74.6
1783975680.583,118,2.539,1.35,0.156,0.0,12.1,67.4
1783975680.583,118,5.357,0.169,0.738,0.0,19.3,60.3
1783975680.583,118,8.21,1.587,1.313,0.0,12.4,51.3
1783975680.683,119,0.725,0.07,0.141,0.0,16.1,76.3
1783975680.683,119,0.718,-0.414,0.014,0.0,13.0,77.5
1783975680.683,119,1.02,-0.196,0.135,0.0,12.0,74.6
1783975680.683,119,2.539,1.35,0.16,0.0,12.3,67.3
1783975680.683,119,5.359,0.169,0.722,0.0,19.2,60.4
1783975680.683,119,8.232,1.322,1.46,0.0,12.7,51.1
1783975680.783,120,0.725,0.07,0.141,0.0,16.2,76.2
1783975680.783,120,0.718,-0.414,0.014,0.0,13.1,77.4
1783975680.783,120,1.019,-0.196,0.137,0.0,12.0,74.6
1783975680.783,120,2.539,1.35,0.157,0.0,12.1,67.4
1783975680.783,120,5.357,0.169,0.737,0.0,19.4,60.2
1783975680.783,120,8.251,1.322,1.344,0.0,12.8,51.2
1783975680.884,121,0.725,0.07,0.141,0.0,16.2,76.1
1783975680.884,121,0.718,-0.414,0.015,0.0,13.2,77.3
1783975680.884,121,1.019,-0.196,0.136,0.0,11.9,74.6
1783975680.884,121,2.539,1.35,0.156,0.0,12.1,67.4
1783975680.884,121,5.356,0.169,0.744,0.0,19.0,60.5
1783975680.884,121,8.262,1.322,1.273,0.0,13.7,50.3
1783975680.985,122,0.725,0.07,0.141,0.0,16.3,76.1
1783975680.985,122,0.718,-0.414,0.017,0.0,13.2,77.3
1783975680.985,122,1.02,-0.196,0.134,0.0,11.8,74.7
1783975680.985,122,2.354,0.458,0.469,0.0,11.5,73.2
1783975680.985,122,2.538,1.35,0.162,0.0,12.3,67.2
1783975680.985,122,5.356,0.169,0.742,0.0,19.1,60.5
1783975680.985,122,8.256,1.322,1.318,0.0,12.9,50.9
1783975681.086,123,0.725,0.07,0.14,0.0,16.3,76.1
1783975681.086,123,0.718,-0.414,0.017,0.0,13.3,77.2
1783975681.086,123,1.02,-0.196,0.134,0.0,11.8,74.7
1783975681.086,123,2.355,0.458,0.461,0.0,11.6,73.1
1783975681.086,123,2.539,1.35,0.147,0.0,12.2,67.4
1783975681.086,123,5.356,0.169,0.741,0.0,18.9,60.7
1783975681.086,123,8.25,1.322,1.35,0.0,13.3,50.7
1783975681.187,124,0.725,0.07,0.141,0.0,16.3,76.0
1783975681.187,124,0.718,-0.414,0.017,0.0,13.4,77.2
1783975681.187,124,1.02,-0.196,0.134,0.0,11.8,74.7
1783975681.187,124,2.356,0.458,0.457,0.0,11.6,73.1
1783975681.187,124,2.539,1.35,0.157,0.0,12.0,67.5
1783975681.187,124,5.356,0.169,0.744,0.0,19.2,60.3
1783975681.187,124,8.237,1.322,1.427,0.0,13.4,50.6
1783975681.289,125,0.725,0.07,0.141,0.0,16.2,76.1
1783975681.289,125,0.718,-0.414,0.017,0.0,13.3,77.3
1783975681.289,125,1.02,-0.196,0.136,0.0,11.9,74.6
1783975681.289,125,2.356,0.458,0.458,0.0,11.6,73.2
1783975681.289,125,2.539,1.35,0.154,0.0,12.0,67.4
1783975681.289,125,5.356,0.169,0.742,0.0,19.3,60.3
1783975681.289,125,8.168,1.587,1.55,0.0,12.9,51.1
1783975681.389,126,0.725,0.07,0.14,0.0,16.1,76.2
1783975681.389,126,0.718,-0.414,0.019,0.0,13.1,77.4
1783975681.389,126,1.02,-0.196,0.134,0.0,11.7,74.8
1783975681.389,126,2.357,0.458,0.451,0.0,11.6,73.1
1783975681.389,126,2.539,1.35,0.15,0.0,12.0,67.5
1783975681.389,126,5.356,0.169,0.742,0.0,19.2,60.4
1783975681.389,126,8.226,1.322,1.491,0.0,13.5,50.6
1783975681.49,127,0.725,0.07,0.139,0.0,16.1,76.2
1783975681.49,127,0.718,-0.414,0.02,0.0,13.2,77.3
1783975681.49,127,1.02,-0.196,0.131,0.0,11.7,74.7
1783975681.49,127,2.358,0.458,0.448,0.0,11.7,73.1
1783975681.49,127,2.539,1.35,0.15,0.0,12.0,67.5
1783975681.49,127,5.355,0.169,0.754,0.0,19.1,60.4
1783975681.49,127,8.252,1.322,1.339,0.0,13.4,50.6
1783975681.59,128,0.725,0.07,0.14,0.0,16.0,76.3
1783975681.59,128,0.718,-0.414,0.02,0.0,13.2,77.3
1783975681.59,128,1.02,-0.196,0.132,0.0,11.6,74.8
1783975681.59,128,2.358,0.458,0.446,0.0,11.7,73.0
1783975681.59,128,2.54,1.35,0.138,0.0,12.2,67.4
1783975681.59,128,5.358,0.169,0.728,0.0,18.9,60.7
1783975681.59,128,8.225,1.322,1.494,0.0,13.3,50.6
1783975681.691,129,0.725,0.07,0.141,0.0,16.1,76.3
1783975681.691,129,0.718,-0.414,0.019,0.0,13.1,77.4
1783975681.691,129,1.02,-0.196,0.134,0.0,11.7,74.8
1783975681.691,129,2.357,0.458,0.451,0.0,11.9,72.8
1783975681.691,129,2.539,1.35,0.149,0.0,12.1,67.5
1783975681.691,129,5.356,0.169,0.742,0.0,19.2,60.3
1783975681.691,129,8.241,1.322,1.406,0.0,12.4,51.5
1783975681.793,130,0.725,0.07,0.141,0.0,16.1,76.2
1783975681.793,130,0.718,-0.414,0.018,0.0,13.2,77.3
1783975681.793,130,1.02,-0.196,0.135,0.0,11.7,74.8
1783975681.793,130,2.357,0.458,0.449,0.0,11.8,72.9
1783975681.793,130,2.539,1.35,0.144,0.0,12.0,67.5
1783975681.793,130,5.357,0.169,0.738,0.0,19.3,60.3
1783975681.793,130,8.297,1.322,1.021,0.0,13.9,50.3
1783975681.894,131,0.725,0.07,0.14,0.0,16.0,76.3
1783975681.894,131,0.718,-0.414,0.02,0.0,13.1,77.4
1783975681.894,131,1.02,-0.196,0.133,0.0,11.6,74.8
1783975681.894,131,2.357,0.458,0.449,0.0,12.0,72.7
1783975681.894,131,2.54,1.35,0.141,0.0,12.2,67.4
1783975681.894,131,5.357,0.169,0.732,0.0,19.1,60.5
1783975681.894,131,8.249,1.322,1.357,0.0,13.4,51.0
1783975681.995,132,0.725,0.07,0.14,0.0,16.1,76.2
1783975681.995,132,0.718,-0.414,0.02,0.0,13.3,77.2
1783975681.995,132,1.02,-0.196,0.132,0.0,11.6,74.8
1783975681.995,132,2.358,0.458,0.447,0.0,12.0,72.7
1783975681.995,132,2.539,1.35,0.145,0.0,12.0,67.6
1783975681.995,132,5.357,0.169,0.738,0.0,19.2,60.3
1783975681.995,132,8.176,1.587,1.506,0.0,13.0,50.9
1783975682.096,133,0.725,0.07,0.14,0.0,16.1,76.2
1783975682.096,133,0.718,-0.414,0.019,0.0,13.2,77.3
1783975682.096,133,1.02,-0.196,0.133,0.0,11.7,74.8
1783975682.096,133,2.358,0.458,0.447,0.0,12.1,72.7
1783975682.096,133,2.54,1.35,0.137,0.0,12.2,67.4
1783975682.096,133,5.355,0.169,0.752,0.0,19.0,60.5
1783975682.096,133,8.178,1.587,1.499,0.0,12.2,51.5
1783975682.196,134,0.725,0.07,0.14,0.0,16.2,76.1
1783975682.196,134,0.718,-0.414,0.018,0.0,13.2,77.3
1783975682.196,134,1.02,-0.196,0.135,0.0,11.8,74.7
1783975682.196,134,2.358,0.458,0.445,0.0,12.0,72.7
1783975682.196,134,2.54,1.35,0.136,0.0,12.1,67.5
1783975682.196,134,5.358,0.169,0.732,0.0,19.0,60.5
1783975682.196,134,8.211,1.322,1.569,0.0,12.7,51.4
1783975682.297,135,0.725,0.07,0.139,0.0,16.4,76.0
1783975682.297,135,0.718,-0.414,0.017,0.0,13.4,77.1
1783975682.297,135,1.02,-0.196,0.135,0.0,11.9,74.6
1783975682.297,135,2.356,0.458,0.456,0.0,12.1,72.7
1783975682.297,135,2.54,1.35,0.133,0.0,12.2,67.4
1783975682.297,135,5.356,0.169,0.74,0.0,19.4,60.2
1783975682.297,135,8.282,1.322,1.139,0.0,12.7,51.0
1783975682.397,136,0.725,0.07,0.139,0.0,16.2,76.1
1783975682.397,136,0.718,-0.414,0.017,0.0,13.2,77.3
1783975682.397,136,1.02,-0.196,0.132,0.0,11.9,74.6
1783975682.397,136,2.353,0.458,0.47,0.0,11.9,72.9
1783975682.397,136,2.54,1.35,0.133,0.0,12.0,67.5
1783975682.397,136,5.36,0.169,0.716,0.0,19.3,60.2
1783975682.397,136,8.244,1.322,1.385,0.0,13.3,50.6
1783975682.498,137,0.725,0.07,0.138,0.0,16.1,76.2
1783975682.498,137,0.718,-0.414,0.016,0.0,13.3,77.2
1783975682.498,137,1.02,-0.196,0.133,0.0,12.1,74.4
1783975682.498,137,2.352,0.458,0.475,0.0,11.9,72.8
1783975682.498,137,2.539,1.35,0.15,0.0,12.3,67.1
1783975682.498,137,5.358,0.169,0.732,0.0,19.1,60.5
1783975682.498,137,8.254,1.322,1.328,0.0,12.6,51.3
1783975682.599,138,0.725,0.07,0.14,0.0,16.0,76.3
1783975682.599,138,0.718,-0.414,0.016,0.0,13.4,77.1
1783975682.599,138,1.019,-0.196,0.136,0.0,12.2,74.4
1783975682.599,138,1.197,-0.229,0.083,0.0,11.5,69.5
1783975682.599,138,2.352,0.458,0.476,0.0,11.6,73.1
1783975682.599,138,2.54,1.35,0.142,0.0,12.2,67.3
1783975682.599,138,5.356,0.169,0.745,0.0,19.6,60.0
1783975682.599,138,8.289,1.322,1.085,0.0,13.2,50.9
1783975682.7,139,0.725,0.07,0.142,0.0,16.0,76.3
1783975682.7,139,0.718,-0.414,0.017,0.0,13.2,77.3
1783975682.7,139,1.019,-0.196,0.138,0.0,12.2,74.4
1783975682.7,139,1.197,-0.229,0.089,0.0,11.2,69.7
1783975682.7,139,2.351,0.458,0.48,0.0,11.7,73.0
1783975682.7,139,2.541,1.35,0.121,0.0,12.5,67.0
1783975682.7,139,5.355,0.169,0.752,0.0,19.7,59.9
1783975682.7,139,8.215,1.587,1.28,0.0,13.7,50.2
1783975682.8,140,0.725,0.07,0.141,0.0,16.1,76.2
1783975682.8,140,0.718,-0.414,0.016,0.0,13.4,77.2
1783975682.8,140,1.019,-0.196,0.14,0.0,12.1,74.4
1783975682.8,140,2.35,0.458,0.487,0.0,11.5,73.2
1783975682.8,140,2.541,1.35,0.108,0.0,12.6,66.9
1783975682.8,140,5.357,0.169,0.739,0.0,19.8,59.7
1783975682.8,140,8.231,1.587,1.168,0.0,12.9,51.2
1783975682.9,141,0.725,0.07,0.14,0.0,16.0,76.3
1783975682.9,141,0.718,-0.414,0.013,0.0,13.2,77.3
1783975682.9,141,1.019,-0.196,0.138,0.0,12.1,74.5
1783975682.9,141,2.35,0.458,0.489,0.0,11.3,73.3
1783975682.9,141,2.542,1.35,0.101,0.0,12.2,67.4
1783975682.9,141,5.356,0.169,0.744,0.0,19.6,60.0
1783975682.9,141,8.281,1.322,1.143,0.0,13.0,51.1
1783975683.001,142,0.725,0.07,0.139,0.0,16.0,76.4
1783975683.001,142,0.718,-0.414,0.011,0.0,13.3,77.2
1783975683.001,142,1.019,-0.196,0.137,0.0,12.1,74.5
1783975683.001,142,1.198,-0.229,0.071,0.0,11.3,69.9
1783975683.001,142,2.351,0.458,0.482,0.0,11.7,73.0
1783975683.001,142,2.541,1.35,0.112,0.0,12.1,67.4
1783975683.001,142,5.354,0.169,0.754,0.0,19.8,59.8
1783975683.001,142,8.249,1.322,1.356,0.0,12.5,51.4
1783975683.102,143,0.725,0.07,0.14,0.0,15.9,76.4
1783975683.102,143,0.718,-0.414,0.011,0.0,13.3,77.2
1783975683.102,143,1.019,-0.196,0.138,0.0,12.1,74.5
1783975683.102,143,1.198,-0.229,0.072,0.0,11.5,69.7
1783975683.102,143,2.35,0.458,0.485,0.0,11.6,73.1
1783975683.102,143,2.54,1.35,0.133,0.0,12.0,67.6
1783975683.102,143,5.356,0.169,0.744,0.0,19.5,60.0
1783975683.102,143,8.189,1.587,1.438,0.0,14.8,49.2
1783975683.202,144,0.725,0.07,0.14,0.0,16.0,76.4
1783975683.202,144,0.718,-0.414,0.01,0.0,13.4,77.1
1783975683.202,144,1.019,-0.196,0.14,0.0,12.0,74.5
1783975683.202,144,1.198,-0.229,0.072,0.0,11.6,69.7
1783975683.202,144,2.35,0.458,0.485,0.0,11.7,73.0
1783975683.202,144,2.54,1.35,0.13,0.0,12.1,67.5
1783975683.202,144,5.36,0.169,0.717,0.0,19.9,59.7
1783975683.202,144,8.253,1.322,1.335,0.0,11.9,52.3
1783975683.305,145,0.725,0.07,0.14,0.0,16.0,76.4
1783975683.305,145,0.718,-0.414,0.011,0.0,13.2,77.3
1783975683.305,145,1.019,-0.196,0.139,0.0,12.0,74.6
1783975683.305,145,1.198,-0.229,0.076,0.0,11.3,69.9
1783975683.305,145,2.349,0.458,0.49,0.0,11.6,73.0
1783975683.305,145,2.541,1.35,0.121,0.0,12.3,67.3
1783975683.305,145,5.358,0.169,0.731,0.0,19.7,59.9
1783975683.305,145,8.189,1.587,1.438,0.0,12.6,51.4
1783975683.406,146,0.725,0.07,0.139,0.0,16.1,76.2
1783975683.406,146,0.718,-0.414,0.016,0.0,13.3,77.2
1783975683.406,146,1.02,-0.196,0.135,0.0,12.0,74.5
1783975683.406,146,2.349,0.458,0.493,0.0,11.6,73.1
1783975683.406,146,2.541,1.35,0.12,0.0,12.2,67.4
1783975683.406,146,5.358,0.169,0.732,0.0,19.8,59.7
1783975683.406,146,8.206,1.587,1.332,0.0,12.7,51.2
1783975683.507,147,0.725,0.07,0.14,0.0,16.0,76.4
1783975683.507,147,0.718,-0.414,0.018,0.0,13.2,77.3
1783975683.507,147,1.019,-0.196,0.136,0.0,12.0,74.6
1783975683.507,147,1.197,-0.229,0.085,0.0,11.3,69.7
1783975683.507,147,2.349,0.458,0.494,0.0,11.4,73.3
1783975683.507,147,2.541,1.35,0.105,0.0,12.6,67.0
1783975683.507,147,5.357,0.169,0.739,0.0,19.5,60.0
1783975683.507,147,8.219,1.587,1.255,0.0,14.3,49.8
1783975683.608,148,0.725,0.07,0.142,0.0,16.1,76.3
1783975683.608,148,0.718,-0.414,0.016,0.0,13.4,77.1
1783975683.608,148,1.019,-0.196,0.139,0.0,12.1,74.6
1783975683.608,148,2.351,0.458,0.484,0.0,11.8,72.9
1783975683.608,148,2.541,1.35,0.115,0.0,12.4,67.2
1783975683.608,148,5.358,0.169,0.73,0.0,19.3,60.3
1783975683.608,148,8.148,1.587,1.654,0.0,13.5,50.7
1783975683.71,149,0.725,0.07,0.142,0.0,16.0,76.3
1783975683.71,149,0.718,-0.414,0.016,0.0,13.3,77.2
1783975683.71,149,1.019,-0.196,0.138,0.0,12.3,74.3
1783975683.71,149,1.197,-0.229,0.089,0.0,11.3,69.6
1783975683.71,149,2.352,0.458,0.479,0.0,11.8,72.8
1783975683.71,149,2.54,1.35,0.138,0.0,12.5,67.2
1783975683.71,149,5.355,0.169,0.749,0.0,19.6,60.0
1783975683.71,149,8.186,1.587,1.452,0.0,12.8,51.3
1783975683.811,150,0.725,0.07,0.14,0.0,16.1,76.2
1783975683.811,150,0.718,-0.414,0.015,0.0,13.4,77.1
1783975683.811,150,1.019,-0.196,0.136,0.0,12.5,74.1
1783975683.811,150,1.197,-0.229,0.081,0.0,11.4,69.5
1783975683.811,150,2.351,0.458,0.48,0.0,11.9,72.7
1783975683.811,150,2.539,1.35,0.147,0.0,12.5,67.2
1783975683.811,150,5.358,0.169,0.73,0.0,19.3,60.3
1783975683.811,150,8.148,1.587,1.654,0.0,12.4,51.4
1783975683.912,151,0.725,0.07,0.138,0.0,16.1,76.2
1783975683.912,151,0.718,-0.414,0.015,0.0,13.2,77.3
1783975683.912,151,1.02,-0.196,0.134,0.0,12.3,74.3
1783975683.912,151,1.197,-0.229,0.079,0.0,11.3,69.7
1783975683.912,151,2.353,0.458,0.474,0.0,11.8,72.8
1783975683.912,151,2.539,1.35,0.158,0.0,12.6,67.1
1783975683.912,151,5.357,0.169,0.736,0.0,19.4,60.2
1783975683.912,151,8.241,1.322,1.404,0.0,12.5,51.7
1783975683.962,152,0.725,0.07,0.138,0.0,16.1,76.2
1783975683.962,152,0.718,-0.414,0.015,0.0,13.1,77.4
1783975683.962,152,1.02,-0.196,0.135,0.0,12.3,74.3
1783975683.962,152,1.197,-0.229,0.079,0.0,11.2,69.7
1783975683.962,152,2.352,0.458,0.478,0.0,11.8,72.8
1783975683.962,152,2.539,1.35,0.157,0.0,12.4,67.2
1783975683.962,152,5.357,0.169,0.732,0.0,19.4,60.2
1783975683.962,152,8.182,1.587,1.476,0.0,12.9,51.1
1783975684.114,153,0.725,0.07,0.138,0.0,16.2,76.2
1783975684.114,153,0.718,-0.414,0.015,0.0,13.2,77.3
1783975684.114,153,1.019,-0.196,0.138,0.0,12.4,74.2
1783975684.114,153,2.351,0.458,0.483,0.0,11.8,72.8
1783975684.114,153,2.538,1.35,0.167,0.0,12.3,67.2
1783975684.114,153,5.357,0.169,0.735,0.0,19.3,60.2
1783975684.114,153,8.214,1.322,1.557,0.0,13.3,50.8
1783975684.216,154,0.725,0.07,0.138,0.0,16.3,76.1
1783975684.216,154,0.718,-0.414,0.017,0.0,13.3,77.2
1783975684.216,154,1.019,-0.196,0.138,0.0,12.2,74.3
1783975684.216,154,2.353,0.458,0.473,0.0,12.0,72.7
1783975684.216,154,2.538,1.35,0.167,0.0,12.2,67.3
1783975684.216,154,5.356,0.169,0.744,0.0,19.3,60.3
1783975684.216,154,8.257,1.322,1.308,0.0,12.8,51.0
1783975684.267,155,0.725,0.07,0.138,0.0,16.3,76.1
1783975684.267,155,0.718,-0.414,0.019,0.0,13.3,77.2
1783975684.267,155,1.02,-0.196,0.134,0.0,12.0,74.6
1783975684.267,155,2.356,0.458,0.455,0.0,12.2,72.5
1783975684.267,155,2.539,1.35,0.155,0.0,12.1,67.5
1783975684.267,155,5.361,0.169,0.709,0.0,19.6,59.9
1783975684.267,155,8.267,1.322,1.242,0.0,13.1,51.0
1783975684.368,156,0.726,0.07,0.137,0.0,16.3,76.1
1783975684.368,156,0.718,-0.414,0.02,0.0,13.3,77.2
1783975684.368,156,1.02,-0.196,0.133,0.0,11.8,74.6
1783975684.368,156,2.357,0.458,0.45,0.0,12.3,72.3
1783975684.368,156,2.539,1.35,0.156,0.0,12.3,67.3
1783975684.368,156,5.358,0.169,0.727,0.0,19.1,60.4
1783975684.368,156,8.27,1.322,1.222,0.0,12.7,51.1
1783975684.52,157,0.725,0.07,0.138,0.0,16.2,76.2
1783975684.52,157,0.718,-0.414,0.019,0.0,13.2,77.3
1783975684.52,157,1.02,-0.196,0.136,0.0,11.8,74.6
1783975684.52,157,2.356,0.458,0.458,0.0,12.3,72.4
1783975684.52,157,2.538,1.35,0.161,0.0,12.1,67.4
1783975684.52,157,5.358,0.169,0.73,0.0,19.5,60.1
1783975684.52,157,8.205,1.587,1.341,0.0,12.6,51.2
1783975684.571,158,0.725,0.07,0.138,0.0,16.3,76.1
1783975684.571,158,0.718,-0.414,0.019,0.0,13.3,77.2
1783975684.571,158,1.019,-0.196,0.136,0.0,11.9,74.6
1783975684.571,158,2.356,0.458,0.458,0.0,12.3,72.4
1783975684.571,158,2.538,1.35,0.165,0.0,12.0,67.5
1783975684.571,158,5.358,0.169,0.729,0.0,19.3,60.3
1783975684.571,158,8.25,1.322,1.35,0.0,12.9,51.0
1783975684.673,159,0.725,0.07,0.138,0.0,16.2,76.2
1783975684.673,159,0.718,-0.414,0.02,0.0,13.2,77.3
1783975684.673,159,1.02,-0.196,0.136,0.0,11.8,74.7
1783975684.673,159,1.198,-0.229,0.07,0.0,11.2,70.0
1783975684.673,159,2.356,0.458,0.455,0.0,12.3,72.4
1783975684.673,159,2.538,1.35,0.171,0.0,12.1,67.5
1783975684.673,159,5.359,0.169,0.721,0.0,19.3,60.3
1783975684.673,159,8.206,1.322,1.598,0.0,12.2,51.8
1783975684.774,160,0.726,0.07,0.137,0.0,16.3,76.1
1783975684.774,160,0.718,-0.414,0.021,0.0,13.3,77.2
1783975684.774,160,1.02,-0.196,0.133,0.0,11.7,74.7
1783975684.774,160,2.359,0.458,0.443,0.0,12.5,72.2
1783975684.774,160,2.538,1.35,0.162,0.0,12.1,67.5
1783975684.774,160,5.358,0.169,0.726,0.0,19.4,60.1
1783975684.774,160,8.214,1.322,1.554,0.0,13.1,50.5
1783975684.875,161,0.725,0.07,0.138,0.0,16.3,76.1
1783975684.875,161,0.718,-0.414,0.021,0.0,13.4,77.2
1783975684.875,161,1.02,-0.196,0.133,0.0,11.7,74.7
1783975684.875,161,2.358,0.458,0.445,0.0,12.4,72.3
1783975684.875,161,2.538,1.35,0.163,0.0,12.0,67.5
1783975684.875,161,5.359,0.169,0.723,0.0,19.4,60.2
1783975684.875,161,8.184,1.322,1.704,0.0,12.9,50.8
1783975684.977,162,0.726,0.07,0.137,0.0,16.1,76.2
1783975684.977,162,0.717,-0.414,0.026,0.0,13.0,77.4
1783975684.977,162,1.02,-0.196,0.135,0.0,12.0,74.5
1783975684.977,162,1.19,-0.267,0.075,0.0,11.5,69.8
1783975684.977,162,2.357,0.458,0.45,0.0,11.5,73.2
1783975684.977,162,2.539,1.35,0.145,0.0,12.0,67.5
1783975684.977,162,5.357,0.169,0.735,0.0,19.7,59.9
1783975684.977,162,8.244,1.322,1.385,0.0,13.2,50.7
1783975685.077,163,0.725,0.07,0.139,0.0,15.0,77.4
1783975685.077,163,0.718,-0.414,0.012,0.0,11.9,78.7
1783975685.077,163,1.33,-0.127,0.209,0.0,11.4,70.0
1783975685.077,163,2.353,0.458,0.473,0.0,11.8,72.9
1783975685.077,163,2.54,1.35,0.134,0.0,12.1,67.2
1783975685.077,163,5.355,0.169,0.749,0.0,19.8,59.8
1783975685.077,163,8.188,1.587,1.44,0.0,12.2,51.5
1783975685.18,164,0.726,0.07,0.136,0.0,16.5,75.9
1783975685.18,164,0.718,-0.414,0.015,0.0,13.5,76.9
1783975685.18,164,1.198,-0.229,0.062,0.0,11.8,70.2
1783975685.18,164,1.33,-0.127,0.211,0.0,11.3,70.1
1783975685.18,164,2.337,0.458,0.547,0.0,11.6,73.4
1783975685.18,164,2.539,1.35,0.146,0.0,11.8,67.2
1783975685.18,164,5.357,0.169,0.737,0.0,19.3,60.3
1783975685.18,164,8.234,1.322,1.445,0.0,13.1,51.0
1783975685.28,165,0.725,0.07,0.14,0.0,15.7,76.7
1783975685.28,165,0.718,-0.414,0.015,0.0,13.0,77.4
1783975685.28,165,1.019,-0.196,0.137,0.0,12.0,74.4
1783975685.28,165,1.196,-0.229,0.096,0.0,11.6,69.3
1783975685.28,165,1.332,-0.127,0.199,0.0,11.6,69.1
1783975685.28,165,2.333,0.458,0.563,0.0,12.4,72.6
1783975685.28,165,2.542,1.35,0.076,0.0,11.8,66.9
1783975685.28,165,5.359,0.169,0.722,0.0,19.7,60.0
1783975685.28,165,8.31,1.322,0.913,0.0,13.5,50.3
1783975685.381,166,0.726,0.07,0.135,0.0,15.7,76.8
1783975685.381,166,0.718,-0.414,0.017,0.0,12.9,77.6
1783975685.381,166,1.02,-0.196,0.134,0.0,11.6,75.0
1783975685.381,166,2.335,0.458,0.555,0.0,12.7,72.4
1783975685.381,166,2.542,1.35,0.097,0.0,11.6,67.1
1783975685.381,166,5.357,0.169,0.732,0.0,19.2,60.3
1783975685.381,166,8.292,1.322,1.065,0.0,12.0,51.7
1783975685.482,167,0.725,0.07,0.139,0.0,15.9,76.5
1783975685.482,167,0.718,-0.414,0.02,0.0,13.0,77.4
1783975685.482,167,1.028,-0.164,0.117,0.0,11.8,74.5
1783975685.482,167,2.33,0.458,0.574,0.0,12.4,72.7
1783975685.482,167,2.542,1.35,0.1,0.0,12.4,66.3
1783975685.482,167,5.356,0.169,0.742,0.0,19.1,60.5
1783975685.482,167,8.283,1.322,1.13,0.0,12.8,51.0
1783975685.583,168,0.725,0.07,0.139,0.0,15.9,76.5
1783975685.583,168,0.718,-0.414,0.02,0.0,12.9,77.6
1783975685.583,168,1.02,-0.196,0.133,0.0,11.2,75.0
1783975685.583,168,2.329,0.458,0.579,0.0,11.9,73.1
1783975685.583,168,2.542,1.35,0.094,0.0,12.6,66.4
1783975685.583,168,5.359,0.169,0.719,0.0,19.2,60.4
1783975685.583,168,8.238,1.587,1.118,0.0,12.3,51.2
1783975685.685,169,0.725,0.07,0.139,0.0,15.8,76.7
1783975685.685,169,0.718,-0.414,0.023,0.0,12.7,77.7
1783975685.685,169,2.337,0.458,0.546,0.0,11.5,73.4
1783975685.685,169,2.543,1.35,0.062,0.0,11.9,67.0
1783975685.685,169,5.361,0.169,0.704,0.0,19.5,60.0
1783975685.685,169,8.237,1.322,1.427,0.0,12.7,51.1
1783975685.785,170,0.726,0.07,0.134,0.0,16.5,76.0
1783975685.785,170,0.718,-0.414,0.016,0.0,13.0,77.3
1783975685.785,170,1.019,-0.196,0.142,0.0,11.2,74.9
1783975685.785,170,2.349,0.458,0.49,0.0,12.0,72.7
1783975685.785,170,5.357,0.169,0.738,0.0,19.9,59.7
1783975685.785,170,8.243,1.322,1.394,0.0,12.1,51.4
1783975685.886,171,0.726,0.07,0.134,0.0,17.0,75.4
1783975685.886,171,0.718,-0.414,0.006,0.0,14.0,76.3
1783975685.886,171,2.346,0.458,0.506,0.0,12.3,72.4
1783975685.886,171,2.586,1.26,0.122,0.0,11.4,67.7
1783975685.886,171,5.358,0.169,0.727,0.0,19.6,60.0
1783975685.886,171,8.194,1.587,1.409,0.0,12.3,51.1
1783975685.987,172,0.726,0.07,0.136,0.0,16.4,76.1
1783975685.987,172,0.718,-0.414,0.009,0.0,13.3,77.0
1783975685.987,172,2.328,0.458,0.581,0.0,12.7,72.2
1783975685.987,172,2.588,1.26,0.09,0.0,11.3,67.8
1783975685.987,172,5.356,0.169,0.743,0.0,19.9,59.7
1783975685.987,172,8.293,1.322,1.059,0.0,13.4,50.6
1783975686.087,173,0.726,0.07,0.137,0.0,16.5,75.9
1783975686.087,173,0.718,-0.414,0.018,0.0,13.6,76.8
1783975686.087,173,1.019,-0.196,0.14,0.0,11.6,74.8
1783975686.087,173,2.338,0.458,0.541,0.0,12.3,72.5
1783975686.087,173,2.541,1.35,0.114,0.0,11.7,67.4
1783975686.087,173,5.355,0.169,0.753,0.0,19.7,59.9
1783975686.087,173,8.209,1.587,1.317,0.0,13.5,50.4
1783975686.188,174,0.725,0.07,0.14,0.0,14.4,78.0
1783975686.188,174,0.718,-0.414,0.02,0.0,11.5,78.9
1783975686.188,174,1.019,-0.196,0.136,0.0,12.4,74.0
1783975686.188,174,1.196,-0.229,0.095,0.0,12.0,69.7
1783975686.188,174,2.337,0.458,0.547,0.0,11.9,73.0
1783975686.188,174,2.542,1.35,0.092,0.0,11.6,67.7
1783975686.188,174,5.361,0.169,0.707,0.0,19.3,60.3
1783975686.188,174,8.261,1.587,0.936,0.0,12.5,51.0
1783975686.288,175,0.727,0.07,0.13,0.0,13.0,79.5
1783975686.288,175,1.02,-0.196,0.135,0.0,11.4,74.7
1783975686.288,175,2.345,0.458,0.511,0.0,11.8,73.1
1783975686.288,175,2.542,1.35,0.094,0.0,12.3,67.0
1783975686.288,175,5.359,0.169,0.724,0.0,20.2,59.4
1783975686.288,175,8.226,1.322,1.489,0.0,12.1,51.4
1783975686.389,176,0.726,0.07,0.136,0.0,11.5,80.9
1783975686.389,176,1.019,-0.196,0.14,0.0,11.7,74.9
1783975686.389,176,2.351,0.458,0.48,0.0,11.5,73.1
1783975686.389,176,2.586,1.26,0.138,0.0,12.3,67.0
1783975686.389,176,5.355,0.169,0.752,0.0,19.1,60.4
1783975686.389,176,8.219,1.322,1.528,0.0,12.0,51.2
1783975686.49,177,0.727,0.07,0.13,0.0,13.5,78.9
1783975686.49,177,1.019,-0.196,0.137,0.0,12.0,74.5
1783975686.49,177,2.355,0.458,0.46,0.0,11.6,72.9
1783975686.49,177,2.587,1.26,0.105,0.0,11.7,67.5
1783975686.49,177,5.354,0.169,0.761,0.0,19.1,60.5
1783975686.49,177,8.204,1.587,1.348,0.0,12.7,50.6
1783975686.591,178,0.726,0.07,0.136,0.0,14.2,78.2
1783975686.591,178,1.017,-0.196,0.152,0.0,11.6,74.4
1783975686.591,178,2.348,0.458,0.497,0.0,11.9,72.8
1783975686.591,178,2.538,1.35,0.162,0.0,11.3,67.6
1783975686.591,178,5.357,0.169,0.737,0.0,19.9,59.7
1783975686.591,178,8.256,1.322,1.312,0.0,12.0,51.8
1783975686.693,179,0.725,0.07,0.141,0.0,14.4,78.0
1783975686.693,179,1.019,-0.196,0.142,0.0,12.0,74.4
1783975686.693,179,2.351,0.458,0.483,0.0,11.7,73.1
1783975686.693,179,2.541,1.35,0.114,0.0,11.2,67.6
1783975686.693,179,5.361,0.169,0.706,0.0,19.0,60.6
1783975686.693,179,8.283,1.322,1.131,0.0,12.9,50.7
1783975686.794,180,0.725,0.07,0.138,0.0,15.2,77.2
1783975686.794,180,0.718,-0.414,0.014,0.0,12.0,78.3
1783975686.794,180,1.018,-0.196,0.144,0.0,12.0,74.2
1783975686.794,180,2.351,0.458,0.484,0.0,12.8,72.0
1783975686.794,180,2.541,1.35,0.121,0.0,11.8,67.0
1783975686.794,180,5.358,0.169,0.728,0.0,19.5,60.0
1783975686.794,180,8.232,1.587,1.165,0.0,12.6,51.3
1783975686.896,181,0.725,0.07,0.139,0.0,15.0,77.4
1783975686.896,181,0.718,-0.414,0.011,0.0,12.0,78.3
1783975686.896,181,1.019,-0.196,0.136,0.0,11.3,74.7
1783975686.896,181,2.351,0.458,0.482,0.0,12.2,72.6
1783975686.896,181,2.542,1.35,0.074,0.0,12.1,66.9
1783975686.896,181,5.357,0.169,0.733,0.0,19.6,59.9
1783975686.896,181,8.245,1.322,1.381,0.0,13.9,50.6
1783975686.997,182,0.726,0.07,0.136,0.0,14.4,78.0
1783975686.997,182,0.718,-0.414,0.011,0.0,11.4,78.9
1783975686.997,182,1.019,-0.196,0.137,0.0,11.4,74.8
1783975686.997,182,1.19,-0.267,0.064,0.0,11.3,70.1
1783975686.997,182,2.347,0.458,0.502,0.0,12.6,72.1
1783975686.997,182,2.541,1.35,0.112,0.0,12.3,66.6
1783975686.997,182,5.357,0.169,0.736,0.0,19.7,59.9
1783975686.997,182,8.247,1.322,1.37,0.0,12.4,51.1
1783975687.098,183,0.726,0.07,0.136,0.0,13.3,79.2
1783975687.098,183,1.02,-0.196,0.135,0.0,12.0,74.7
1783975687.098,183,2.333,0.458,0.562,0.0,11.9,73.0
1783975687.098,183,2.541,1.35,0.104,0.0,11.7,67.3
1783975687.098,183,5.361,0.169,0.705,0.0,19.6,59.9
1783975687.098,183,8.269,1.322,1.232,0.0,13.8,50.3
1783975687.2,184,0.725,0.07,0.139,0.0,13.9,78.6
1783975687.2,184,2.328,0.458,0.582,0.0,12.0,73.0
1783975687.2,184,2.541,1.35,0.123,0.0,12.7,66.3
1783975687.2,184,5.359,0.169,0.72,0.0,19.6,60.0
1783975687.2,184,8.234,1.322,1.445,0.0,13.0,51.6
1783975687.301,185,0.726,0.07,0.136,0.0,13.5,79.0
1783975687.301,185,1.019,-0.196,0.137,0.0,11.4,74.9
1783975687.301,185,2.327,0.458,0.587,0.0,12.4,72.6
1783975687.301,185,2.539,1.35,0.152,0.0,12.2,67.0
1783975687.301,185,5.358,0.169,0.732,0.0,19.8,59.8
1783975687.301,185,8.27,1.322,1.222,0.0,12.8,51.3
1783975687.402,186,0.725,0.07,0.142,0.0,15.3,77.1
1783975687.402,186,0.718,-0.414,0.014,0.0,11.9,78.3
1783975687.402,186,1.019,-0.196,0.136,0.0,11.9,74.4
1783975687.402,186,2.334,0.458,0.559,0.0,11.7,73.2
1783975687.402,186,2.539,1.35,0.15,0.0,12.3,66.9
1783975687.402,186,5.355,0.169,0.753,0.0,19.7,59.9
1783975687.402,186,8.172,1.587,1.531,0.0,12.3,52.0
1783975687.503,187,0.725,0.07,0.14,0.0,14.9,77.6
1783975687.503,187,0.718,-0.414,0.009,0.0,11.5,78.8
1783975687.503,187,1.02,-0.196,0.134,0.0,12.0,74.4
1783975687.503,187,2.331,0.458,0.571,0.0,12.1,72.9
1783975687.503,187,2.542,1.35,0.098,0.0,12.8,66.5
1783975687.503,187,5.352,0.169,0.769,0.0,20.2,59.4
1783975687.503,187,8.27,1.322,1.226,0.0,12.6,51.7
1783975687.604,188,0.726,0.07,0.133,0.0,14.2,78.3
1783975687.604,188,1.019,-0.196,0.139,0.0,11.6,74.9
1783975687.604,188,2.329,0.458,0.578,0.0,12.3,72.8
1783975687.604,188,2.543,1.35,0.065,0.0,12.3,66.9
1783975687.604,188,5.359,0.169,0.72,0.0,20.0,59.6
1783975687.604,188,8.308,1.322,0.935,0.0,12.9,51.2
1783975687.704,189,0.725,0.07,0.141,0.0,14.2,78.3
1783975687.704,189,2.329,0.458,0.577,0.0,12.4,72.6
1783975687.704,189,2.541,1.35,0.118,0.0,12.6,66.5
1783975687.704,189,5.36,0.169,0.716,0.0,19.4,60.2
1783975687.704,189,8.192,1.587,1.418,0.0,12.0,51.1
1783975687.804,190,0.726,0.07,0.137,0.0,14.1,78.3
1783975687.804,190,1.019,-0.196,0.138,0.0,12.0,74.3
1783975687.804,190,2.332,0.458,0.567,0.0,12.2,72.8
1783975687.804,190,2.54,1.35,0.141,0.0,12.1,67.1
1783975687.804,190,5.361,0.169,0.704,0.0,20.1,59.6
1783975687.804,190,8.276,1.322,1.181,0.0,12.4,51.0
1783975687.905,191,0.726,0.07,0.136,0.0,14.1,78.4
1783975687.905,191,1.337,-0.127,0.163,0.0,11.5,70.4
1783975687.905,191,0.833,1.057,0.135,0.0,11.5,70.4
1783975687.905,191,2.334,0.458,0.56,0.0,12.3,72.6
1783975687.905,191,2.587,1.26,0.112,0.0,11.9,67.3
1783975687.905,191,5.361,0.169,0.708,0.0,19.9,59.7
1783975688.006,192,0.725,0.07,0.139,0.0,14.2,78.3
1783975688.006,192,1.026,-0.164,0.127,0.0,11.4,75.0
1783975688.006,192,2.335,0.458,0.552,0.0,12.9,72.0
1783975688.006,192,2.541,1.35,0.122,0.0,11.6,67.3
1783975688.006,192,5.362,0.169,0.7,0.0,19.7,59.9
1783975688.006,192,8.171,1.587,1.536,0.0,11.9,51.6
1783975688.108,193,0.726,0.07,0.136,0.0,14.0,78.4
1783975688.108,193,1.027,-0.164,0.123,0.0,11.6,74.9
1783975688.108,193,2.335,0.458,0.556,0.0,12.7,72.2
1783975688.108,193,2.541,1.35,0.115,0.0,11.6,67.3
1783975688.108,193,5.361,0.169,0.707,0.0,20.3,59.4
1783975688.108,193,8.286,1.322,1.108,0.0,11.9,51.2
1783975688.209,194,0.727,0.07,0.131,0.0,14.1,78.3
1783975688.209,194,1.019,-0.196,0.136,0.0,11.8,74.7
1783975688.209,194,2.331,0.458,0.572,0.0,12.3,72.7
1783975688.209,194,2.541,1.35,0.119,0.0,11.6,67.3
1783975688.209,194,5.36,0.169,0.71,0.0,19.7,59.9
1783975688.209,194,8.188,1.587,1.44,0.0,12.7,50.6
1783975688.311,195,0.726,0.07,0.133,0.0,14.0,78.4
1783975688.311,195,1.019,-0.196,0.142,0.0,11.2,75.2
1783975688.311,195,2.328,0.458,0.583,0.0,12.3,72.7
1783975688.311,195,2.54,1.35,0.137,0.0,12.0,67.1
1783975688.311,195,5.359,0.169,0.719,0.0,19.5,60.1
1783975688.311,195,8.244,1.587,1.079,0.0,12.3,50.9
1783975688.361,196,0.726,0.07,0.133,0.0,14.2,78.2
1783975688.361,196,2.333,0.458,0.564,0.0,12.7,72.3
1783975688.361,196,2.541,1.35,0.115,0.0,12.1,67.1
1783975688.361,196,5.359,0.169,0.724,0.0,19.6,60.0
1783975688.361,196,8.307,1.322,0.938,0.0,12.0,51.3
1783975688.461,197,0.726,0.07,0.134,0.0,14.2,78.2
1783975688.461,197,2.336,0.458,0.549,0.0,12.4,72.5
1783975688.461,197,2.539,1.35,0.15,0.0,11.9,67.2
1783975688.461,197,5.36,0.169,0.713,0.0,19.5,60.1
1783975688.461,197,8.219,1.587,1.255,0.0,12.7,51.0
1783975688.614,198,0.726,0.07,0.136,0.0,14.3,78.1
1783975688.614,198,2.341,0.458,0.53,0.0,12.5,72.5
1783975688.614,198,2.537,1.35,0.183,0.0,11.7,67.3
1783975688.614,198,5.36,0.169,0.713,0.0,19.0,60.6
1783975688.614,198,8.29,1.322,1.081,0.0,12.1,51.4
1783975688.664,199,0.726,0.07,0.134,0.0,14.1,78.3
1783975688.664,199,2.341,0.458,0.527,0.0,12.6,72.3
1783975688.664,199,2.538,1.35,0.172,0.0,11.5,67.4
1783975688.664,199,5.361,0.169,0.704,0.0,19.1,60.5
1783975688.664,199,8.263,1.322,1.271,0.0,12.8,51.0
1783975688.766,200,0.727,0.07,0.13,0.0,13.9,78.5
1783975688.766,200,2.341,0.458,0.527,0.0,12.6,72.3
1783975688.766,200,2.539,1.35,0.15,0.0,11.6,67.3
1783975688.766,200,5.358,0.169,0.725,0.0,19.2,60.4
1783975688.766,200,8.261,1.322,1.28,0.0,12.5,51.1
1783975688.868,201,0.727,0.07,0.131,0.0,14.1,78.3
1783975688.868,201,2.343,0.458,0.519,0.0,12.9,72.0
1783975688.868,201,2.54,1.35,0.126,0.0,11.6,67.4
1783975688.868,201,5.364,0.169,0.686,0.0,19.3,60.3
1783975688.868,201,8.235,1.587,1.146,0.0,12.0,51.8
1783975688.971,202,0.727,0.07,0.131,0.0,14.0,78.4
1783975688.971,202,2.342,0.458,0.525,0.0,13.0,71.9
1783975688.971,202,2.54,1.35,0.138,0.0,11.5,67.5
1783975688.971,202,5.361,0.169,0.704,0.0,19.2,60.4
1783975688.971,202,8.209,1.587,1.314,0.0,13.0,50.8
1783975689.072,203,0.727,0.07,0.13,0.0,14.1,78.3
1783975689.072,203,2.343,0.458,0.52,0.0,12.9,72.0
1783975689.072,203,2.539,1.35,0.144,0.0,11.6,67.4
1783975689.072,203,5.359,0.169,0.721,0.0,19.2,60.4
1783975689.072,203,8.215,1.322,1.55,0.0,13.8,49.9
1783975689.173,204,0.727,0.07,0.128,0.0,14.2,78.3
1783975689.173,204,2.342,0.458,0.524,0.0,12.9,72.0
1783975689.173,204,2.54,1.35,0.14,0.0,11.8,67.1
1783975689.173,204,5.362,0.169,0.699,0.0,19.7,59.9
1783975689.173,204,8.274,1.322,1.194,0.0,13.2,50.6
1783975689.273,205,0.727,0.07,0.128,0.0,14.3,78.1
1783975689.273,205,2.339,0.458,0.535,0.0,12.8,72.2
1783975689.273,205,2.54,1.35,0.14,0.0,11.5,67.5
1783975689.273,205,5.362,0.169,0.702,0.0,19.4,60.3
1783975689.273,205,8.267,1.322,1.247,0.0,12.9,50.9
1783975689.38,206,0.727,0.07,0.129,0.0,14.2,78.3
1783975689.38,206,2.34,0.458,0.533,0.0,12.8,72.1
1783975689.38,206,2.54,1.35,0.13,0.0,11.4,67.6
1783975689.38,206,5.362,0.169,0.702,0.0,19.3,60.4
1783975689.38,206,8.274,1.322,1.194,0.0,12.2,51.5
1783975689.481,207,0.727,0.07,0.132,0.0,14.0,78.5
1783975689.481,207,2.342,0.458,0.526,0.0,12.7,72.2
1783975689.481,207,2.54,1.35,0.136,0.0,11.5,67.5
1783975689.481,207,5.362,0.169,0.701,0.0,19.5,60.1
1783975689.481,207,8.267,1.322,1.247,0.0,12.3,51.3
1783975689.583,208,0.727,0.07,0.13,0.0,14.0,78.4
1783975689.583,208,2.34,0.458,0.531,0.0,12.4,72.5
1783975689.583,208,2.539,1.35,0.153,0.0,11.7,67.3
1783975689.583,208,5.359,0.169,0.72,0.0,19.5,60.2
1783975689.583,208,8.204,1.587,1.348,0.0,12.6,50.8
1783975689.684,209,0.727,0.07,0.128,0.0,14.3,78.1
1783975689.684,209,2.339,0.458,0.538,0.0,12.2,72.8
1783975689.684,209,2.539,1.35,0.156,0.0,11.7,67.4
1783975689.684,209,5.362,0.169,0.702,0.0,19.5,60.1
1783975689.684,209,8.227,1.322,1.486,0.0,11.8,51.9
1783975689.785,210,0.727,0.07,0.128,0.0,14.5,77.9
1783975689.785,210,2.337,0.458,0.548,0.0,12.2,72.8
1783975689.785,210,2.539,1.35,0.152,0.0,11.6,67.4
1783975689.785,210,5.36,0.169,0.712,0.0,19.4,60.3
1783975689.785,210,8.23,1.322,1.469,0.0,12.3,51.5
1783975689.887,211,0.727,0.07,0.13,0.0,14.2,78.2
1783975689.887,211,2.336,0.458,0.55,0.0,12.3,72.7
1783975689.887,211,2.539,1.35,0.158,0.0,11.8,67.2
1783975689.887,211,5.361,0.169,0.709,0.0,19.6,60.0
1783975689.887,211,8.258,1.322,1.299,0.0,12.8,51.2
1783975689.988,212,0.726,0.07,0.133,0.0,14.1,78.3
1783975689.988,212,2.336,0.458,0.55,0.0,12.5,72.5
1783975689.988,212,2.54,1.35,0.143,0.0,11.7,67.2
1783975689.988,212,5.36,0.169,0.711,0.0,19.5,60.0
1783975689.988,212,8.186,1.587,1.452,0.0,13.3,50.6
1783975690.09,213,0.726,0.07,0.133,0.0,14.1,78.3
1783975690.09,213,2.337,0.458,0.547,0.0,12.6,72.4
1783975690.09,213,2.541,1.35,0.122,0.0,11.7,67.2
1783975690.09,213,5.364,0.169,0.687,0.0,19.6,60.0
1783975690.09,213,8.279,1.322,1.16,0.0,12.2,51.8
1783975690.191,214,0.726,0.07,0.132,0.0,14.1,78.3
1783975690.191,214,2.337,0.458,0.546,0.0,12.7,72.4
1783975690.191,214,2.54,1.35,0.134,0.0,11.7,67.1
1783975690.191,214,5.362,0.169,0.695,0.0,19.8,59.8
1783975690.191,214,8.252,1.322,1.341,0.0,12.2,51.7
1783975690.294,215,0.726,0.07,0.133,0.0,14.2,78.2
1783975690.294,215,2.335,0.458,0.554,0.0,12.5,72.5
1783975690.294,215,2.54,1.35,0.139,0.0,11.6,67.2
1783975690.294,215,5.36,0.169,0.717,0.0,19.9,59.7
1783975690.294,215,8.219,1.587,1.252,0.0,13.0,50.8
1783975690.395,216,0.726,0.07,0.134,0.0,14.1,78.3
1783975690.395,216,2.334,0.458,0.557,0.0,12.6,72.4
1783975690.395,216,2.54,1.35,0.13,0.0,11.6,67.3
1783975690.395,216,5.362,0.169,0.699,0.0,19.7,59.9
1783975690.395,216,8.208,1.587,1.32,0.0,12.3,51.5
1783975690.496,217,0.726,0.07,0.135,0.0,13.9,78.5
1783975690.496,217,2.335,0.458,0.554,0.0,12.7,72.3
1783975690.496,217,2.54,1.35,0.129,0.0,11.6,67.2
1783975690.496,217,5.362,0.169,0.7,0.0,20.0,59.6
1783975690.496,217,8.262,1.322,1.279,0.0,12.9,51.2
1783975690.597,218,0.726,0.07,0.134,0.0,13.9,78.5
1783975690.597,218,2.334,0.458,0.556,0.0,12.8,72.3
1783975690.597,218,2.54,1.35,0.138,0.0,11.5,67.4
1783975690.597,218,5.361,0.169,0.705,0.0,19.4,60.2
1783975690.597,218,8.279,1.322,1.16,0.0,13.3,50.7
1783975690.698,219,0.726,0.07,0.134,0.0,14.0,78.4
1783975690.698,219,2.335,0.458,0.555,0.0,12.8,72.3
1783975690.698,219,2.54,1.35,0.141,0.0,11.3,67.5
1783975690.698,219,5.362,0.169,0.697,0.0,19.6,60.0
1783975690.698,219,8.28,1.322,1.151,0.0,12.9,51.1
1783975690.801,220,0.726,0.07,0.136,0.0,13.9,78.4
1783975690.801,220,2.333,0.458,0.563,0.0,12.7,72.3
1783975690.801,220,2.54,1.35,0.125,0.0,11.5,67.4
1783975690.801,220,5.361,0.169,0.709,0.0,19.6,60.0
1783975690.801,220,8.214,1.587,1.287,0.0,14.1,50.2
1783975690.902,221,0.726,0.07,0.136,0.0,13.9,78.5
1783975690.902,221,2.335,0.458,0.555,0.0,12.8,72.2
1783975690.902,221,2.54,1.35,0.133,0.0,11.6,67.3
1783975690.902,221,5.358,0.169,0.726,0.0,19.6,60.0
1783975690.902,221,8.25,1.587,1.029,0.0,12.7,51.5
1783975691.004,222,0.726,0.07,0.136,0.0,13.9,78.5
1783975691.004,222,2.336,0.458,0.549,0.0,12.7,72.3
1783975691.004,222,2.54,1.35,0.135,0.0,11.4,67.5
1783975691.004,222,5.361,0.169,0.709,0.0,19.7,59.9
1783975691.004,222,8.29,1.322,1.078,0.0,13.2,50.9
1783975691.055,223,0.726,0.07,0.135,0.0,14.0,78.4
1783975691.055,223,2.336,0.458,0.551,0.0,12.8,72.3
1783975691.055,223,2.54,1.35,0.139,0.0,11.3,67.6
1783975691.055,223,5.362,0.169,0.7,0.0,19.8,59.9
1783975691.055,223,8.291,1.322,1.074,0.0,13.7,50.2
1783975691.207,224,0.726,0.07,0.135,0.0,14.0,78.4
1783975691.207,224,2.336,0.458,0.55,0.0,12.7,72.4
1783975691.207,224,2.539,1.35,0.145,0.0,11.3,67.5
1783975691.207,224,5.363,0.169,0.691,0.0,19.8,59.9
1783975691.207,224,8.243,1.322,1.392,0.0,12.7,51.1
1783975691.308,225,0.726,0.07,0.136,0.0,14.0,78.4
1783975691.308,225,2.333,0.458,0.561,0.0,12.7,72.4
1783975691.308,225,2.54,1.35,0.135,0.0,11.4,67.4
1783975691.308,225,5.36,0.169,0.714,0.0,19.7,59.9
1783975691.308,225,8.28,1.322,1.153,0.0,12.3,51.9
1783975691.359,226,0.726,0.07,0.136,0.0,13.9,78.5
1783975691.359,226,2.333,0.458,0.564,0.0,12.7,72.3
1783975691.359,226,2.54,1.35,0.131,0.0,11.6,67.3
1783975691.359,226,5.361,0.169,0.705,0.0,19.5,60.1
1783975691.359,226,8.214,1.587,1.287,0.0,13.2,50.9
1783975691.509,227,0.726,0.07,0.135,0.0,13.9,78.4
1783975691.509,227,2.334,0.458,0.556,0.0,12.7,72.3
1783975691.509,227,2.54,1.35,0.142,0.0,11.6,67.3
1783975691.509,227,5.362,0.169,0.699,0.0,19.4,60.2
1783975691.509,227,8.248,1.587,1.044,0.0,13.4,50.7
1783975691.61,228,0.726,0.07,0.133,0.0,14.1,78.3
1783975691.61,228,2.335,0.458,0.554,0.0,12.3,72.7
1783975691.61,228,2.539,1.35,0.155,0.0,11.3,67.5
1783975691.61,228,5.363,0.169,0.689,0.0,19.4,60.2
1783975691.61,228,8.313,1.322,0.887,0.0,13.4,50.5
1783975691.66,229,0.726,0.07,0.133,0.0,14.2,78.2
1783975691.66,229,2.335,0.458,0.554,0.0,12.2,72.9
1783975691.66,229,2.54,1.35,0.141,0.0,11.3,67.6
1783975691.66,229,5.361,0.169,0.706,0.0,19.5,60.0
1783975691.66,229,8.276,1.322,1.179,0.0,12.9,50.9
1783975691.76,230,0.726,0.07,0.135,0.0,14.3,78.1
1783975691.76,230,2.337,0.458,0.547,0.0,11.9,73.2
1783975691.76,230,2.538,1.35,0.171,0.0,11.4,67.5
1783975691.76,230,5.36,0.169,0.716,0.0,19.8,59.9
1783975691.76,230,8.188,1.587,1.44,0.0,13.2,50.5
1783975691.911,231,0.726,0.07,0.136,0.0,14.0,78.4
1783975691.911,231,2.338,0.458,0.541,0.0,12.0,73.0
1783975691.911,231,2.539,1.35,0.157,0.0,11.2,67.7
1783975691.911,231,5.36,0.169,0.714,0.0,19.5,60.1
1783975691.911,231,8.267,1.322,1.247,0.0,12.5,51.3
1783975691.962,232,0.726,0.07,0.135,0.0,14.0,78.3
1783975691.962,232,2.336,0.458,0.548,0.0,11.9,73.1
1783975691.962,232,5.361,0.169,0.704,0.0,19.4,60.2
1783975691.962,232,8.239,1.322,1.416,0.0,13.0,51.0
1783975692.063,233,0.726,0.07,0.133,0.0,14.2,78.2
1783975692.063,233,2.337,0.458,0.547,0.0,12.0,73.0
1783975692.063,233,5.362,0.169,0.7,0.0,19.8,59.8
1783975692.063,233,8.262,1.322,1.279,0.0,12.8,51.1
1783975692.216,234,0.727,0.07,0.131,0.0,14.2,78.1
1783975692.216,234,2.338,0.458,0.542,0.0,12.2,72.8
1783975692.216,234,5.364,0.169,0.682,0.0,19.4,60.2
1783975692.216,234,8.251,1.587,1.019,0.0,11.9,51.7
1783975692.266,235,0.727,0.07,0.132,0.0,14.3,78.1
1783975692.266,235,0.718,-0.414,0.003,0.0,11.2,79.1
1783975692.266,235,2.339,0.458,0.535,0.0,12.3,72.7
1783975692.266,235,5.359,0.169,0.719,0.0,19.9,59.7
1783975692.266,235,8.273,1.322,1.201,0.0,13.7,50.4
1783975692.368,236,0.726,0.07,0.134,0.0,14.2,78.2
1783975692.368,236,0.718,-0.414,0.004,0.0,11.2,79.1
1783975692.368,236,2.341,0.458,0.53,0.0,12.2,72.7
1783975692.368,236,5.361,0.169,0.704,0.0,19.4,60.2
1783975692.368,236,8.267,1.322,1.247,0.0,12.9,50.9
1783975692.468,237,0.727,0.07,0.132,0.0,14.4,78.0
1783975692.468,237,0.718,-0.414,0.003,0.0,11.3,79.0
1783975692.468,237,2.341,0.458,0.529,0.0,12.2,72.8
1783975692.468,237,5.362,0.169,0.697,0.0,19.5,60.1
1783975692.468,237,8.217,1.587,1.265,0.0,12.3,51.5
1783975692.57,238,0.727,0.07,0.13,0.0,14.2,78.1
1783975692.57,238,2.341,0.458,0.53,0.0,12.2,72.8
1783975692.57,238,5.361,0.169,0.705,0.0,19.4,60.2
1783975692.57,238,8.217,1.587,1.265,0.0,13.0,50.8
1783975692.671,239,0.726,0.07,0.132,0.0,14.2,78.2
1783975692.671,239,2.339,0.458,0.535,0.0,12.0,73.0
1783975692.671,239,5.361,0.169,0.704,0.0,20.1,59.6
1783975692.671,239,8.229,1.587,1.182,0.0,13.9,50.1
1783975692.772,240,0.726,0.07,0.136,0.0,14.0,78.4
1783975692.772,240,2.336,0.458,0.549,0.0,11.9,73.1
1783975692.772,240,5.362,0.169,0.7,0.0,19.5,60.1
1783975692.772,240,8.224,1.587,1.222,0.0,13.8,50.2
1783975692.873,241,0.726,0.07,0.138,0.0,13.9,78.4
1783975692.873,241,2.333,0.458,0.563,0.0,12.0,73.0
1783975692.873,241,2.538,1.35,0.161,0.0,11.2,67.8
1783975692.873,241,5.356,0.169,0.745,0.0,19.6,60.0
1783975692.873,241,8.25,1.322,1.35,0.0,13.0,50.9
1783975692.974,242,0.726,0.07,0.137,0.0,14.1,78.3
1783975692.974,242,2.335,0.458,0.555,0.0,11.9,73.1
1783975692.974,242,2.538,1.35,0.172,0.0,11.5,67.4
1783975692.974,242,5.36,0.169,0.713,0.0,19.8,59.8
1783975692.974,242,8.251,1.587,1.018,0.0,13.1,50.8
1783975693.076,243,0.726,0.07,0.135,0.0,14.3,78.1
1783975693.076,243,0.718,-0.414,0.005,0.0,11.2,79.1
1783975693.076,243,2.338,0.458,0.543,0.0,11.8,73.2
1783975693.076,243,2.537,1.35,0.182,0.0,11.6,67.3
1783975693.076,243,5.359,0.169,0.722,0.0,19.7,60.0
1783975693.076,243,8.224,1.587,1.222,0.0,13.1,50.9
1783975693.177,244,0.726,0.07,0.136,0.0,14.3,78.1
1783975693.177,244,2.338,0.458,0.543,0.0,11.5,73.5
1783975693.177,244,2.538,1.35,0.171,0.0,11.8,67.2
1783975693.177,244,5.36,0.169,0.712,0.0,19.8,59.8
1783975693.177,244,8.288,1.322,1.096,0.0,13.4,50.6
1783975693.28,245,0.726,0.07,0.136,0.0,14.2,78.2
1783975693.28,245,2.337,0.458,0.548,0.0,11.5,73.6
1783975693.28,245,2.537,1.35,0.179,0.0,12.2,66.6
1783975693.28,245,5.36,0.169,0.715,0.0,19.7,60.0
1783975693.28,245,8.287,1.322,1.106,0.0,13.5,50.2
1783975693.385,246,0.726,0.07,0.137,0.0,14.1,78.3
1783975693.385,246,2.334,0.458,0.556,0.0,11.5,73.5
1783975693.385,246,2.538,1.35,0.163,0.0,12.5,66.4
1783975693.385,246,5.36,0.169,0.715,0.0,19.6,60.0
1783975693.385,246,8.269,1.322,1.233,0.0,13.3,50.6
1783975693.486,247,0.726,0.07,0.136,0.0,14.1,78.3
1783975693.486,247,2.333,0.458,0.563,0.0,11.8,73.3
1783975693.486,247,2.539,1.35,0.152,0.0,12.2,66.7
1783975693.486,247,5.36,0.169,0.713,0.0,19.6,60.0
1783975693.486,247,8.27,1.322,1.226,0.0,13.0,51.1
1783975693.588,248,0.726,0.07,0.135,0.0,14.2,78.3
1783975693.588,248,2.334,0.458,0.559,0.0,11.8,73.2
1783975693.588,248,2.539,1.35,0.145,0.0,11.9,67.0
1783975693.588,248,5.362,0.169,0.698,0.0,20.0,59.6
1783975693.588,248,8.237,1.322,1.427,0.0,12.9,51.1
1783975693.689,249,0.726,0.07,0.136,0.0,14.1,78.3
1783975693.689,249,2.334,0.458,0.56,0.0,12.0,73.0
1783975693.689,249,2.539,1.35,0.152,0.0,12.1,66.8
1783975693.689,249,5.36,0.169,0.711,0.0,19.6,60.0
1783975693.689,249,8.262,1.322,1.279,0.0,12.3,51.3
1783975693.791,250,0.726,0.07,0.136,0.0,14.0,78.4
1783975693.791,250,2.334,0.458,0.56,0.0,12.3,72.7
1783975693.791,250,2.539,1.35,0.149,0.0,12.4,66.6
1783975693.791,250,5.362,0.169,0.698,0.0,19.6,60.0
1783975693.791,250,8.249,1.587,1.038,0.0,12.7,51.0
1783975693.893,251,0.726,0.07,0.137,0.0,14.0,78.4
1783975693.893,251,2.335,0.458,0.555,0.0,12.5,72.5
1783975693.893,251,2.54,1.35,0.131,0.0,12.4,66.6
1783975693.893,251,5.36,0.169,0.714,0.0,19.9,59.8
1783975693.893,251,8.279,1.322,1.16,0.0,12.2,51.5
1783975693.994,252,0.726,0.07,0.136,0.0,14.0,78.4
1783975693.994,252,2.335,0.458,0.553,0.0,12.3,72.7
1783975693.994,252,2.54,1.35,0.13,0.0,12.1,66.8
1783975693.994,252,5.36,0.169,0.712,0.0,19.7,59.9
1783975693.994,252,8.296,1.322,1.032,0.0,12.9,51.0
1783975694.095,253,0.726,0.07,0.136,0.0,14.1,78.3
1783975694.095,253,2.335,0.458,0.553,0.0,12.3,72.8
1783975694.095,253,2.54,1.35,0.135,0.0,12.0,66.9
1783975694.095,253,5.361,0.169,0.709,0.0,19.8,59.8
1783975694.095,253,8.292,1.322,1.067,0.0,14.2,49.7
1783975694.196,254,0.726,0.07,0.136,0.0,14.1,78.3
1783975694.196,254,2.336,0.458,0.552,0.0,12.3,72.8
1783975694.196,254,2.54,1.35,0.137,0.0,12.0,66.9
1783975694.196,254,5.361,0.169,0.707,0.0,19.8,59.8
1783975694.196,254,8.278,1.322,1.171,0.0,13.0,50.8
1783975694.297,255,0.726,0.07,0.136,0.0,14.0,78.3
1783975694.297,255,2.334,0.458,0.559,0.0,12.6,72.5
1783975694.297,255,2.54,1.35,0.133,0.0,12.0,67.0
1783975694.297,255,5.359,0.169,0.719,0.0,19.9,59.6
1783975694.297,255,8.285,1.322,1.116,0.0,12.7,51.3
1783975694.398,256,0.726,0.07,0.136,0.0,14.0,78.4
1783975694.398,256,2.334,0.458,0.556,0.0,13.1,72.0
1783975694.398,256,2.541,1.35,0.116,0.0,11.8,67.1
1783975694.398,256,5.36,0.169,0.715,0.0,19.8,59.8
1783975694.398,256,8.287,1.322,1.099,0.0,13.5,50.5
1783975694.499,257,0.726,0.07,0.136,0.0,14.1,78.3
1783975694.499,257,2.335,0.458,0.554,0.0,13.2,71.8
1783975694.499,257,2.541,1.35,0.121,0.0,11.8,67.1
1783975694.499,257,5.36,0.169,0.712,0.0,19.4,60.3
1783975694.499,257,8.237,1.587,1.125,0.0,12.8,50.7
1783975694.6,258,0.726,0.07,0.136,0.0,14.1,78.3
1783975694.6,258,2.337,0.458,0.546,0.0,13.1,72.0
1783975694.6,258,2.541,1.35,0.121,0.0,11.6,67.3
1783975694.6,258,5.359,0.169,0.722,0.0,19.3,60.3
1783975694.6,258,8.289,1.322,1.088,0.0,12.5,51.1
1783975694.701,259,0.726,0.07,0.136,0.0,14.0,78.4
1783975694.701,259,2.338,0.458,0.541,0.0,13.1,72.0
1783975694.701,259,2.54,1.35,0.128,0.0,11.8,67.1
1783975694.701,259,5.361,0.169,0.706,0.0,19.5,60.1
1783975694.701,259,8.296,1.322,1.035,0.0,12.7,51.0
1783975694.802,260,0.726,0.07,0.136,0.0,14.1,78.3
1783975694.802,260,2.336,0.458,0.55,0.0,13.0,72.0
1783975694.802,260,2.54,1.35,0.137,0.0,12.2,66.7
1783975694.802,260,5.359,0.169,0.719,0.0,19.3,60.3
1783975694.802,260,8.312,1.322,0.894,0.0,13.1,50.6
1783975694.902,261,0.726,0.07,0.136,0.0,14.2,78.2
1783975694.902,261,2.335,0.458,0.553,0.0,12.8,72.2
1783975694.902,261,2.54,1.35,0.134,0.0,12.6,66.3
1783975694.902,261,5.36,0.169,0.713,0.0,19.4,60.3
1783975694.902,261,8.278,1.322,1.171,0.0,13.2,50.6
1783975695.003,262,0.726,0.07,0.137,0.0,14.3,78.1
1783975695.003,262,0.718,-0.414,0.005,0.0,11.2,79.1
1783975695.003,262,2.336,0.458,0.548,0.0,12.6,72.4
1783975695.003,262,2.539,1.35,0.15,0.0,12.7,66.3
1783975695.003,262,5.357,0.169,0.737,0.0,19.3,60.3
1783975695.003,262,8.219,1.587,1.255,0.0,13.0,50.8
1783975695.107,263,0.726,0.07,0.137,0.0,14.2,78.1
1783975695.107,263,0.718,-0.414,0.005,0.0,11.3,79.1
1783975695.107,263,2.338,0.458,0.541,0.0,12.3,72.7
1783975695.107,263,2.539,1.35,0.159,0.0,12.4,66.6
1783975695.107,263,5.36,0.169,0.713,0.0,19.7,59.9
1783975695.107,263,8.31,1.322,0.913,0.0,14.1,49.5
1783975695.208,264,0.725,0.07,0.138,0.0,14.0,78.4
1783975695.208,264,2.336,0.458,0.549,0.0,12.5,72.5
1783975695.208,264,2.539,1.35,0.145,0.0,12.2,66.8
1783975695.208,264,5.357,0.169,0.733,0.0,19.4,60.2
1783975695.208,264,8.179,1.587,1.491,0.0,13.7,49.8
1783975695.259,265,0.725,0.07,0.139,0.0,14.0,78.4
1783975695.259,265,2.337,0.458,0.545,0.0,12.8,72.2
1783975695.259,265,2.54,1.35,0.133,0.0,12.3,66.7
1783975695.259,265,5.362,0.169,0.699,0.0,19.6,60.0
1783975695.259,265,8.241,1.587,1.096,0.0,13.1,50.6
1783975695.41,266,0.725,0.07,0.139,0.0,14.1,78.3
1783975695.41,266,2.341,0.458,0.53,0.0,12.9,72.1
1783975695.41,266,2.54,1.35,0.14,0.0,12.3,66.7
1783975695.41,266,5.357,0.169,0.733,0.0,19.5,60.1
1783975695.41,266,8.217,1.587,1.263,0.0,12.8,50.7
1783975695.512,267,0.726,0.07,0.137,0.0,14.2,78.2
1783975695.512,267,0.718,-0.414,0.004,0.0,11.3,79.1
1783975695.512,267,2.342,0.458,0.523,0.0,12.7,72.3
1783975695.512,267,2.539,1.35,0.145,0.0,12.1,66.8
1783975695.512,267,5.362,0.169,0.7,0.0,19.3,60.3
1783975695.512,267,8.292,1.322,1.061,0.0,12.0,51.6
1783975695.615,268,0.726,0.07,0.136,0.0,14.2,78.2
1783975695.615,268,0.718,-0.414,0.004,0.0,11.3,79.1
1783975695.615,268,2.343,0.458,0.52,0.0,12.2,72.8
1783975695.615,268,2.539,1.35,0.153,0.0,11.7,67.2
1783975695.615,268,5.36,0.169,0.714,0.0,19.5,60.1
1783975695.615,268,8.264,1.322,1.262,0.0,12.8,50.6
1783975695.671,269,0.725,0.07,0.138,0.0,14.2,78.2
1783975695.671,269,0.718,-0.414,0.005,0.0,11.3,79.1
1783975695.671,269,2.342,0.458,0.523,0.0,12.3,72.7
1783975695.671,269,2.539,1.35,0.152,0.0,12.1,66.7
1783975695.671,269,5.358,0.169,0.728,0.0,19.4,60.2
1783975695.773,270,0.725,0.07,0.138,0.0,14.1,78.3
1783975695.773,270,2.342,0.458,0.526,0.0,12.9,72.1
1783975695.773,270,2.539,1.35,0.146,0.0,12.1,66.8
1783975695.773,270,5.36,0.169,0.713,0.0,19.3,60.3
1783975695.773,270,8.258,1.322,1.3,0.0,12.1,51.6
1783975695.874,271,0.725,0.07,0.139,0.0,14.0,78.4
1783975695.874,271,2.338,0.458,0.54,0.0,13.0,71.9
1783975695.874,271,2.539,1.35,0.153,0.0,12.3,66.7
1783975695.874,271,5.36,0.169,0.717,0.0,19.5,60.1
1783975695.874,271,8.3,1.322,1.002,0.0,11.6,51.9
1783975695.975,272,0.725,0.07,0.14,0.0,13.9,78.5
1783975695.975,272,2.337,0.458,0.545,0.0,12.9,72.0
1783975695.975,272,2.539,1.35,0.147,0.0,12.2,66.7
1783975695.975,272,5.361,0.169,0.705,0.0,19.7,60.0
1783975695.975,272,8.275,1.322,1.187,0.0,13.2,50.5
1783975696.076,273,0.725,0.07,0.14,0.0,13.9,78.4
1783975696.076,273,2.337,0.458,0.547,0.0,12.7,72.4
1783975696.076,273,2.539,1.35,0.144,0.0,12.0,66.9
1783975696.076,273,5.359,0.169,0.721,0.0,19.6,60.0
1783975696.076,273,8.291,1.322,1.069,0.0,12.5,51.1
1783975696.178,274,0.725,0.07,0.139,0.0,14.2,78.2
1783975696.178,274,0.718,-0.414,0.006,0.0,11.4,79.0
1783975696.178,274,2.338,0.458,0.541,0.0,12.5,72.6
1783975696.178,274,2.539,1.35,0.154,0.0,12.1,66.8
1783975696.178,274,5.359,0.169,0.724,0.0,19.5,60.1
1783975696.178,274,8.263,1.322,1.271,0.0,13.1,50.5
1783975696.278,275,0.725,0.07,0.139,0.0,14.3,78.1
1783975696.278,275,0.718,-0.414,0.007,0.0,11.6,78.8
1783975696.278,275,2.339,0.458,0.535,0.0,12.4,72.6
1783975696.278,275,2.539,1.35,0.148,0.0,12.3,66.6
1783975696.278,275,5.361,0.169,0.703,0.0,19.7,59.9
1783975696.278,275,8.323,1.322,0.785,0.0,12.5,51.2
1783975696.379,276,0.725,0.07,0.139,0.0,14.3,78.1
1783975696.379,276,0.718,-0.414,0.007,0.0,11.4,79.0
1783975696.379,276,2.337,0.458,0.544,0.0,12.5,72.6
1783975696.379,276,2.54,1.35,0.143,0.0,12.5,66.5
1783975696.379,276,5.356,0.169,0.744,0.0,19.5,60.1
1783975696.379,276,8.27,1.322,1.226,0.0,12.7,51.0
1783975696.48,277,0.725,0.07,0.138,0.0,14.2,78.2
1783975696.48,277,0.718,-0.414,0.007,0.0,11.3,79.1
1783975696.48,277,2.335,0.458,0.554,0.0,12.8,72.3
1783975696.48,277,2.54,1.35,0.143,0.0,12.7,66.2
1783975696.48,277,5.36,0.169,0.713,0.0,19.2,60.4
1783975696.48,277,8.298,1.322,1.017,0.0,12.2,51.6
1783975696.58,278,0.725,0.07,0.138,0.0,14.2,78.3
1783975696.58,278,2.333,0.458,0.563,0.0,13.0,72.1
1783975696.58,278,2.54,1.35,0.131,0.0,12.7,66.3
1783975696.58,278,5.362,0.169,0.695,0.0,19.2,60.4
1783975696.58,278,8.247,1.322,1.372,0.0,12.7,50.7
1783975696.681,279,0.725,0.07,0.139,0.0,14.1,78.4
1783975696.681,279,2.334,0.458,0.558,0.0,12.8,72.2
1783975696.681,279,2.54,1.35,0.133,0.0,12.7,66.3
1783975696.681,279,5.36,0.169,0.714,0.0,19.4,60.2
1783975696.681,279,8.213,1.322,1.56,0.0,14.0,50.0
1783975696.781,280,0.725,0.07,0.139,0.0,14.0,78.4
1783975696.781,280,2.334,0.458,0.558,0.0,12.9,72.2
1783975696.781,280,2.541,1.35,0.124,0.0,12.7,66.3
1783975696.781,280,5.359,0.169,0.723,0.0,19.0,60.6
1783975696.781,280,8.292,1.322,1.062,0.0,14.0,49.8
1783975696.882,281,0.725,0.07,0.139,0.0,14.0,78.4
1783975696.882,281,2.334,0.458,0.56,0.0,12.8,72.3
1783975696.882,281,2.541,1.35,0.121,0.0,12.7,66.3
1783975696.882,281,5.358,0.169,0.728,0.0,19.3,60.3
1783975696.882,281,8.306,1.322,0.952,0.0,13.1,50.6
1783975696.983,282,0.725,0.07,0.138,0.0,14.0,78.4
1783975696.983,282,2.335,0.458,0.556,0.0,12.7,72.3
1783975696.983,282,2.541,1.35,0.124,0.0,12.8,66.2
1783975696.983,282,5.36,0.169,0.715,0.0,19.1,60.5
1783975696.983,282,8.229,1.587,1.182,0.0,12.8,50.8
1783975697.084,283,0.726,0.07,0.137,0.0,14.1,78.4
1783975697.084,283,2.336,0.458,0.55,0.0,12.8,72.3
1783975697.084,283,2.54,1.35,0.129,0.0,12.7,66.3
1783975697.084,283,5.36,0.169,0.715,0.0,19.5,60.1
1783975697.084,283,8.278,1.322,1.171,0.0,13.3,50.5
1783975697.185,284,0.725,0.07,0.138,0.0,14.1,78.4
1783975697.185,284,2.335,0.458,0.555,0.0,12.8,72.3
1783975697.185,284,2.54,1.35,0.134,0.0,12.5,66.4
1783975697.185,284,5.361,0.169,0.709,0.0,19.1,60.5
1783975697.185,284,8.291,1.322,1.069,0.0,12.7,51.2
1783975697.287,285,0.725,0.07,0.138,0.0,14.0,78.4
1783975697.287,285,2.334,0.458,0.557,0.0,13.0,72.1
1783975697.287,285,2.541,1.35,0.12,0.0,12.3,66.6
1783975697.287,285,5.359,0.169,0.718,0.0,19.3,60.3
1783975697.287,285,8.274,1.322,1.193,0.0,12.8,50.7
1783975697.388,286,0.726,0.07,0.136,0.0,14.0,78.4
1783975697.388,286,2.336,0.458,0.55,0.0,12.9,72.2
1783975697.388,286,2.541,1.35,0.111,0.0,12.1,66.9
1783975697.388,286,5.36,0.169,0.712,0.0,19.1,60.5
1783975697.388,286,8.276,1.322,1.183,0.0,12.9,50.8
1783975697.49,287,0.726,0.07,0.136,0.0,14.1,78.3
1783975697.49,287,2.336,0.458,0.552,0.0,13.0,72.1
1783975697.49,287,2.541,1.35,0.122,0.0,12.0,67.0
1783975697.49,287,5.359,0.169,0.72,0.0,19.2,60.4
1783975697.49,287,8.3,1.322,0.998,0.0,13.4,50.6
1783975697.591,288,0.726,0.07,0.137,0.0,14.0,78.4
1783975697.591,288,2.336,0.458,0.549,0.0,13.1,72.0
1783975697.591,288,2.541,1.35,0.116,0.0,12.0,66.9
1783975697.591,288,5.359,0.169,0.721,0.0,19.6,60.0
1783975697.591,288,8.291,1.322,1.072,0.0,12.7,50.9
1783975697.692,289,0.726,0.07,0.137,0.0,14.0,78.4
1783975697.692,289,2.337,0.458,0.545,0.0,13.1,72.1
1783975697.692,289,2.541,1.35,0.109,0.0,12.3,66.7
1783975697.692,289,5.36,0.169,0.713,0.0,19.5,60.1
1783975697.692,289,8.24,1.322,1.41,0.0,12.6,51.2
1783975697.794,290,0.726,0.07,0.137,0.0,14.0,78.4
1783975697.794,290,2.336,0.458,0.551,0.0,12.9,72.2
1783975697.794,290,2.541,1.35,0.104,0.0,12.0,66.9
1783975697.794,290,5.36,0.169,0.71,0.0,19.2,60.4
1783975697.794,290,8.3,1.322,0.998,0.0,12.6,51.0
1783975697.896,291,0.726,0.07,0.136,0.0,14.0,78.4
1783975697.896,291,2.335,0.458,0.554,0.0,12.8,72.3
1783975697.896,291,2.541,1.35,0.112,0.0,12.0,67.0
1783975697.896,291,5.361,0.169,0.704,0.0,19.5,60.1
1783975697.896,291,8.265,1.322,1.254,0.0,12.7,51.1
1783975697.998,292,0.726,0.07,0.137,0.0,14.0,78.4
1783975697.998,292,2.335,0.458,0.555,0.0,12.9,72.2
1783975697.998,292,2.541,1.35,0.117,0.0,12.0,66.9
1783975697.998,292,5.359,0.169,0.718,0.0,19.4,60.2
1783975697.998,292,8.285,1.322,1.116,0.0,13.8,50.2
1783975698.099,293,0.726,0.07,0.137,0.0,14.1,78.3
1783975698.099,293,2.333,0.458,0.562,0.0,12.7,72.5
1783975698.099,293,2.541,1.35,0.12,0.0,12.3,66.7
1783975698.099,293,5.361,0.169,0.705,0.0,19.5,60.1
1783975698.099,293,8.273,1.322,1.204,0.0,12.6,51.3
1783975698.199,294,0.725,0.07,0.138,0.0,14.1,78.3
1783975698.199,294,2.332,0.458,0.567,0.0,12.4,72.7
1783975698.199,294,2.541,1.35,0.118,0.0,12.4,66.6
1783975698.199,294,5.362,0.169,0.697,0.0,19.9,59.7
1783975698.199,294,8.224,1.587,1.216,0.0,12.8,50.7
1783975698.301,295,0.725,0.07,0.139,0.0,14.3,78.1
1783975698.301,295,0.718,-0.414,0.005,0.0,11.3,79.1
1783975698.301,295,2.332,0.458,0.565,0.0,11.9,73.2
1783975698.301,295,2.541,1.35,0.121,0.0,12.5,66.5
1783975698.301,295,5.36,0.169,0.715,0.0,19.6,60.0
1783975698.301,295,8.26,1.322,1.289,0.0,13.8,49.9
1783975698.402,296,0.726,0.07,0.137,0.0,14.4,78.0
1783975698.402,296,0.718,-0.414,0.003,0.0,11.5,78.9
1783975698.402,296,2.335,0.458,0.553,0.0,12.2,72.8
1783975698.402,296,2.541,1.35,0.12,0.0,12.5,66.6
1783975698.402,296,5.361,0.169,0.709,0.0,20.2,59.4
1783975698.402,296,8.27,1.322,1.226,0.0,13.7,50.0
1783975698.504,297,0.726,0.07,0.137,0.0,14.2,78.2
1783975698.504,297,0.718,-0.414,0.003,0.0,11.4,79.0
1783975698.504,297,2.336,0.458,0.548,0.0,12.7,72.4
1783975698.504,297,2.541,1.35,0.123,0.0,12.2,66.9
1783975698.504,297,5.36,0.169,0.715,0.0,19.7,59.9
1783975698.504,297,8.278,1.322,1.167,0.0,12.7,50.9
1783975698.606,298,0.725,0.07,0.139,0.0,14.0,78.4
1783975698.606,298,2.337,0.458,0.545,0.0,12.7,72.3
1783975698.606,298,2.54,1.35,0.131,0.0,12.2,66.9
1783975698.606,298,5.362,0.169,0.702,0.0,19.5,60.1
1783975698.606,298,8.269,1.322,1.233,0.0,12.7,50.8
1783975698.706,299,0.725,0.07,0.138,0.0,14.1,78.4
1783975698.706,299,2.34,0.458,0.534,0.0,12.5,72.5
1783975698.706,299,2.54,1.35,0.139,0.0,12.0,67.1
1783975698.706,299,5.358,0.169,0.729,0.0,19.4,60.2
1783975698.706,299,8.297,1.322,1.027,0.0,12.4,51.0
1783975698.808,300,0.726,0.07,0.138,0.0,14.2,78.2
1783975698.808,300,0.718,-0.414,0.003,0.0,11.2,79.2
1783975698.808,300,2.341,0.458,0.53,0.0,12.7,72.3
1783975698.808,300,2.54,1.35,0.127,0.0,12.0,67.1
1783975698.808,300,5.358,0.169,0.731,0.0,19.4,60.3
1783975698.808,300,8.291,1.322,1.073,0.0,12.3,51.2
1783975698.909,301,0.726,0.07,0.136,0.0,14.3,78.1
1783975698.909,301,0.718,-0.414,0.002,0.0,11.3,79.1
1783975698.909,301,2.34,0.458,0.531,0.0,12.7,72.4
1783975698.909,301,2.54,1.35,0.141,0.0,12.0,67.1
1783975698.909,301,5.358,0.169,0.728,0.0,19.5,60.1
1783975698.909,301,8.267,1.587,0.878,0.0,12.9,50.9
1783975698.961,302,0.726,0.07,0.137,0.0,14.3,78.2
1783975698.961,302,0.718,-0.414,0.002,0.0,11.3,79.1
1783975698.961,302,2.34,0.458,0.531,0.0,12.6,72.4
1783975698.961,302,2.54,1.35,0.134,0.0,11.9,67.2
1783975698.961,302,5.36,0.169,0.712,0.0,19.7,59.9
1783975698.961,302,8.291,1.322,1.073,0.0,12.4,51.1
1783975699.112,303,0.726,0.07,0.137,0.0,14.1,78.3
1783975699.112,303,0.718,-0.414,0.003,0.0,11.2,79.2
1783975699.112,303,2.34,0.458,0.534,0.0,12.4,72.6
1783975699.112,303,2.54,1.35,0.142,0.0,11.7,67.4
1783975699.112,303,5.361,0.169,0.707,0.0,19.8,59.8
1783975699.112,303,8.266,1.322,1.247,0.0,12.0,51.9
1783975699.164,304,0.725,0.07,0.139,0.0,13.9,78.5
1783975699.164,304,2.338,0.458,0.541,0.0,12.5,72.5
1783975699.164,304,2.54,1.35,0.14,0.0,12.0,67.2
1783975699.164,304,5.361,0.169,0.709,0.0,19.3,60.3
1783975699.164,304,8.324,1.322,0.774,0.0,13.4,50.1
1783975699.265,305,0.725,0.07,0.139,0.0,14.0,78.4
1783975699.265,305,2.335,0.458,0.556,0.0,12.5,72.5
1783975699.265,305,2.54,1.35,0.141,0.0,12.2,66.9
1783975699.265,305,5.36,0.169,0.712,0.0,19.9,59.7
1783975699.265,305,8.232,1.587,1.163,0.0,12.9,50.7
1783975699.366,306,0.725,0.07,0.139,0.0,14.3,78.1
1783975699.366,306,0.718,-0.414,0.002,0.0,11.5,78.9
1783975699.366,306,2.334,0.458,0.558,0.0,12.5,72.6
1783975699.366,306,2.539,1.35,0.145,0.0,12.4,66.7
1783975699.366,306,5.361,0.169,0.705,0.0,19.9,59.6
1783975699.366,306,8.31,1.322,0.909,0.0,12.3,51.4
1783975699.516,307,0.725,0.07,0.139,0.0,14.4,78.0
1783975699.516,307,0.718,-0.414,0.003,0.0,11.5,78.9
1783975699.516,307,2.333,0.458,0.564,0.0,11.9,73.2
1783975699.516,307,2.54,1.35,0.138,0.0,12.6,66.5
1783975699.516,307,5.36,0.169,0.714,0.0,19.9,59.7
1783975699.516,307,8.246,1.587,1.058,0.0,14.3,49.7
1783975699.567,308,0.725,0.07,0.14,0.0,14.3,78.1
1783975699.567,308,0.718,-0.414,0.004,0.0,11.4,79.0
1783975699.567,308,2.333,0.458,0.562,0.0,11.6,73.5
1783975699.567,308,2.54,1.35,0.136,0.0,12.7,66.3
1783975699.567,308,5.36,0.169,0.716,0.0,19.9,59.8
1783975699.567,308,8.305,1.322,0.954,0.0,13.9,50.1
1783975699.668,309,0.725,0.07,0.141,0.0,14.2,78.2
1783975699.668,309,2.332,0.458,0.566,0.0,11.5,73.6
1783975699.668,309,2.54,1.35,0.13,0.0,12.7,66.3
1783975699.668,309,5.359,0.169,0.72,0.0,19.6,60.0
1783975699.668,309,8.307,1.322,0.941,0.0,13.5,50.5
1783975699.769,310,0.725,0.07,0.14,0.0,14.1,78.3
1783975699.769,310,2.331,0.458,0.571,0.0,11.6,73.4
1783975699.769,310,2.54,1.35,0.132,0.0,12.7,66.3
1783975699.769,310,5.362,0.169,0.696,0.0,19.8,59.8
1783975699.769,310,8.293,1.322,1.055,0.0,14.2,49.8
1783975699.87,311,0.725,0.07,0.14,0.0,14.0,78.4
1783975699.87,311,2.33,0.458,0.573,0.0,11.8,73.2
1783975699.87,311,2.54,1.35,0.137,0.0,12.5,66.5
1783975699.87,311,5.361,0.169,0.709,0.0,19.8,59.8
1783975699.87,311,8.254,1.587,0.997,0.0,12.7,51.3
1783975699.973,312,0.725,0.07,0.14,0.0,14.0,78.4
1783975699.973,312,2.33,0.458,0.576,0.0,12.0,73.1
1783975699.973,312,2.54,1.35,0.138,0.0,12.4,66.6
1783975699.973,312,5.361,0.169,0.705,0.0,19.8,59.8
1783975699.973,312,8.316,1.322,0.855,0.0,12.9,50.8
1783975700.073,313,0.725,0.07,0.141,0.0,13.9,78.5
1783975700.073,313,2.331,0.458,0.571,0.0,12.3,72.8
1783975700.073,313,2.54,1.35,0.133,0.0,12.3,66.6
1783975700.073,313,5.363,0.169,0.693,0.0,19.8,59.8
1783975700.073,313,8.215,1.587,1.28,0.0,12.4,51.4
1783975700.173,314,0.725,0.07,0.141,0.0,13.9,78.5
1783975700.173,314,2.329,0.458,0.579,0.0,12.3,72.8
1783975700.173,314,2.54,1.35,0.137,0.0,12.3,66.6
1783975700.173,314,5.36,0.169,0.712,0.0,19.5,60.1
1783975700.173,314,8.278,1.322,1.166,0.0,13.1,50.8
1783975700.275,315,0.725,0.07,0.139,0.0,14.0,78.4
1783975700.275,315,2.33,0.458,0.577,0.0,12.3,72.8
1783975700.275,315,2.54,1.35,0.142,0.0,12.1,66.8
1783975700.275,315,5.36,0.169,0.717,0.0,20.3,59.3
1783975700.275,315,8.267,1.322,1.245,0.0,13.3,50.9
1783975700.376,316,0.725,0.07,0.139,0.0,14.0,78.4
1783975700.376,316,2.33,0.458,0.574,0.0,12.4,72.7
1783975700.376,316,2.54,1.35,0.138,0.0,12.0,66.9
1783975700.376,316,5.36,0.169,0.711,0.0,20.1,59.5
1783975700.376,316,8.247,1.322,1.37,0.0,13.1,51.2
1783975700.478,317,0.725,0.07,0.14,0.0,13.9,78.5
1783975700.478,317,2.33,0.458,0.576,0.0,12.5,72.7
1783975700.478,317,2.54,1.35,0.13,0.0,12.1,66.9
1783975700.478,317,5.361,0.169,0.705,0.0,20.1,59.6
1783975700.478,317,8.27,1.322,1.22,0.0,13.2,50.9
1783975700.58,318,0.725,0.07,0.14,0.0,14.0,78.5
1783975700.58,318,2.331,0.458,0.57,0.0,12.5,72.6
1783975700.58,318,2.54,1.35,0.133,0.0,12.1,66.8
1783975700.58,318,5.359,0.169,0.718,0.0,19.9,59.7
1783975700.58,318,8.265,1.322,1.26,0.0,12.3,51.8
1783975700.682,319,0.725,0.07,0.14,0.0,14.0,78.4
1783975700.682,319,2.331,0.458,0.57,0.0,12.6,72.6
1783975700.682,319,2.54,1.35,0.136,0.0,12.0,66.9
1783975700.682,319,5.36,0.169,0.713,0.0,20.0,59.6
1783975700.682,319,8.25,1.322,1.35,0.0,13.0,50.8
1783975700.782,320,0.725,0.07,0.138,0.0,14.0,78.4
1783975700.782,320,2.331,0.458,0.57,0.0,12.5,72.6
1783975700.782,320,2.54,1.35,0.132,0.0,12.0,66.8
1783975700.782,320,5.361,0.169,0.706,0.0,20.1,59.5
1783975700.782,320,8.188,1.587,1.44,0.0,12.9,50.9
1783975700.883,321,0.725,0.07,0.139,0.0,14.0,78.4
1783975700.883,321,2.332,0.458,0.568,0.0,12.6,72.6
1783975700.883,321,2.54,1.35,0.135,0.0,12.1,66.8
1783975700.883,321,5.359,0.169,0.718,0.0,19.6,60.0
1783975700.883,321,8.255,1.322,1.318,0.0,13.9,50.0
1783975700.983,322,0.725,0.07,0.139,0.0,14.0,78.4
1783975700.983,322,2.331,0.458,0.571,0.0,12.6,72.5
1783975700.983,322,2.541,1.35,0.119,0.0,12.1,66.8
1783975700.983,322,5.361,0.169,0.706,0.0,19.6,60.0
1783975700.983,322,8.274,1.322,1.196,0.0,12.9,51.0
1783975701.084,323,0.725,0.07,0.139,0.0,13.9,78.5
1783975701.084,323,2.33,0.458,0.574,0.0,12.8,72.3
1783975701.084,323,2.54,1.35,0.127,0.0,12.0,66.9
1783975701.084,323,5.361,0.169,0.703,0.0,19.7,59.9
1783975701.084,323,8.261,1.322,1.284,0.0,13.0,50.9
1783975701.185,324,0.725,0.07,0.138,0.0,14.0,78.4
1783975701.185,324,2.33,0.458,0.573,0.0,12.8,72.4
1783975701.185,324,2.541,1.35,0.121,0.0,11.8,67.1
1783975701.185,324,5.36,0.169,0.716,0.0,20.1,59.5
1783975701.185,324,8.245,1.587,1.07,0.0,13.1,50.7
1783975701.285,325,0.726,0.07,0.137,0.0,14.0,78.4
1783975701.285,325,2.331,0.458,0.571,0.0,12.4,72.7
1783975701.285,325,2.54,1.35,0.129,0.0,11.7,67.2
1783975701.285,325,5.36,0.169,0.716,0.0,20.0,59.6
1783975701.285,325,8.264,1.322,1.266,0.0,13.4,50.7
1783975701.388,326,0.725,0.07,0.138,0.0,14.0,78.4
1783975701.388,326,2.332,0.458,0.568,0.0,12.4,72.7
1783975701.388,326,2.54,1.35,0.129,0.0,11.9,67.1
1783975701.388,326,5.36,0.169,0.716,0.0,19.9,59.7
1783975701.388,326,8.277,1.322,1.177,0.0,13.5,50.6
1783975701.489,327,0.725,0.07,0.14,0.0,14.1,78.3
1783975701.489,327,2.33,0.458,0.577,0.0,12.0,73.1
1783975701.489,327,2.541,1.35,0.121,0.0,12.3,66.7
1783975701.489,327,5.361,0.169,0.706,0.0,20.0,59.6
1783975701.489,327,8.306,1.322,0.951,0.0,12.5,51.5
1783975701.591,328,0.725,0.07,0.141,0.0,14.3,78.1
1783975701.591,328,0.718,-0.414,0.005,0.0,11.4,79.0
1783975701.591,328,2.331,0.458,0.572,0.0,11.6,73.5
1783975701.591,328,2.541,1.35,0.115,0.0,12.4,66.6
1783975701.591,328,5.36,0.169,0.716,0.0,19.7,59.9
1783975701.591,328,8.242,1.322,1.399,0.0,12.8,50.7
1783975701.691,329,0.725,0.07,0.139,0.0,14.5,77.9
1783975701.691,329,0.718,-0.414,0.004,0.0,11.6,78.7
1783975701.691,329,2.333,0.458,0.562,0.0,11.7,73.4
1783975701.691,329,2.54,1.35,0.127,0.0,12.3,66.7
1783975701.691,329,5.362,0.169,0.697,0.0,19.6,59.9
1783975701.691,329,8.219,1.587,1.251,0.0,13.0,50.8
1783975701.793,330,0.725,0.07,0.14,0.0,14.2,78.2
1783975701.793,330,0.718,-0.414,0.004,0.0,11.3,79.0
1783975701.793,330,2.331,0.458,0.569,0.0,12.2,72.9
1783975701.793,330,2.54,1.35,0.125,0.0,12.1,66.9
1783975701.793,330,5.357,0.169,0.737,0.0,19.7,59.9
1783975701.793,330,8.236,1.587,1.136,0.0,12.5,51.4
1783975701.895,331,0.725,0.07,0.14,0.0,14.0,78.3
1783975701.895,331,0.718,-0.414,0.005,0.0,11.2,79.2
1783975701.895,331,2.332,0.458,0.566,0.0,12.2,72.8
1783975701.895,331,2.541,1.35,0.118,0.0,12.1,67.0
1783975701.895,331,5.36,0.169,0.716,0.0,19.7,59.9
1783975701.895,331,8.278,1.322,1.169,0.0,12.9,50.9
1783975701.996,332,0.725,0.07,0.138,0.0,14.1,78.3
1783975701.996,332,0.718,-0.414,0.004,0.0,11.3,79.1
1783975701.996,332,2.335,0.458,0.553,0.0,12.1,72.9
1783975701.996,332,2.54,1.35,0.126,0.0,11.9,67.2
1783975701.996,332,5.359,0.169,0.722,0.0,19.6,60.0
1783975701.996,332,8.3,1.322,1.0,0.0,13.0,51.2
1783975702.096,333,0.726,0.07,0.137,0.0,14.2,78.2
1783975702.096,333,0.718,-0.414,0.003,0.0,11.2,79.2
1783975702.096,333,2.338,0.458,0.539,0.0,12.0,73.0
1783975702.096,333,2.541,1.35,0.117,0.0,11.9,67.3
1783975702.096,333,5.361,0.169,0.704,0.0,19.9,59.7
1783975702.096,333,8.182,1.587,1.476,0.0,12.2,51.3
1783975702.197,334,0.726,0.07,0.136,0.0,14.4,78.0
1783975702.197,334,0.718,-0.414,0.001,0.0,11.5,79.0
1783975702.197,334,2.34,0.458,0.535,0.0,11.9,73.1
1783975702.197,334,2.54,1.35,0.132,0.0,11.8,67.3
1783975702.197,334,5.361,0.169,0.704,0.0,19.6,60.0
1783975702.197,334,8.294,1.322,1.046,0.0,12.4,51.4
1783975702.299,335,0.726,0.07,0.136,0.0,14.3,78.1
1783975702.299,335,0.718,-0.414,0.002,0.0,11.4,79.1
1783975702.299,335,2.339,0.458,0.536,0.0,11.9,73.1
1783975702.299,335,2.54,1.35,0.138,0.0,11.8,67.4
1783975702.299,335,5.361,0.169,0.705,0.0,19.8,59.8
1783975702.299,335,8.242,1.587,1.09,0.0,12.2,51.5
1783975702.401,336,0.726,0.07,0.137,0.0,14.2,78.2
1783975702.401,336,0.718,-0.414,0.003,0.0,11.2,79.2
1783975702.401,336,2.337,0.458,0.547,0.0,11.9,73.1
1783975702.401,336,2.54,1.35,0.142,0.0,11.8,67.4
1783975702.401,336,5.359,0.169,0.724,0.0,19.5,60.1
1783975702.401,336,8.278,1.322,1.171,0.0,13.6,50.3
1783975702.503,337,0.725,0.07,0.138,0.0,14.0,78.4
1783975702.503,337,0.718,-0.414,0.004,0.0,11.2,79.1
1783975702.503,337,2.334,0.458,0.556,0.0,12.0,73.0
1783975702.503,337,2.541,1.35,0.117,0.0,11.7,67.4
1783975702.503,337,5.36,0.169,0.717,0.0,19.6,60.0
1783975702.503,337,8.232,1.587,1.167,0.0,13.5,50.6
1783975702.605,338,0.725,0.07,0.139,0.0,14.0,78.4
1783975702.605,338,2.333,0.458,0.564,0.0,12.3,72.7
1783975702.605,338,2.541,1.35,0.123,0.0,11.9,67.2
1783975702.605,338,5.359,0.169,0.723,0.0,19.9,59.7
1783975702.605,338,8.234,1.587,1.149,0.0,14.0,50.1
1783975702.705,339,0.725,0.07,0.14,0.0,14.2,78.2
1783975702.705,339,0.718,-0.414,0.004,0.0,11.3,79.0
1783975702.705,339,2.333,0.458,0.563,0.0,12.2,72.8
1783975702.705,339,2.54,1.35,0.131,0.0,12.2,66.9
1783975702.705,339,5.36,0.169,0.712,0.0,19.8,59.8
1783975702.705,339,8.279,1.322,1.161,0.0,13.1,50.8
1783975702.809,340,0.725,0.07,0.139,0.0,14.4,78.0
1783975702.809,340,0.718,-0.414,0.003,0.0,11.6,78.8
1783975702.809,340,2.333,0.458,0.564,0.0,11.9,73.1
1783975702.809,340,2.541,1.35,0.115,0.0,12.4,66.6
1783975702.809,340,5.36,0.169,0.713,0.0,19.7,59.9
1783975702.809,340,8.289,1.322,1.088,0.0,13.1,50.8
1783975702.909,341,0.725,0.07,0.14,0.0,14.4,78.1
1783975702.909,341,0.718,-0.414,0.004,0.0,11.5,78.9
1783975702.909,341,2.332,0.458,0.565,0.0,11.6,73.4
1783975702.909,341,2.541,1.35,0.121,0.0,12.5,66.5
1783975702.909,341,5.36,0.169,0.717,0.0,19.8,59.8
1783975702.909,341,8.215,1.587,1.28,0.0,12.8,51.2
1783975703.012,342,0.725,0.07,0.141,0.0,14.2,78.2
1783975703.012,342,0.718,-0.414,0.005,0.0,11.2,79.1
1783975703.012,342,2.33,0.458,0.573,0.0,11.6,73.5
1783975703.012,342,2.54,1.35,0.126,0.0,12.7,66.2
1783975703.012,342,5.358,0.169,0.726,0.0,20.1,59.5
1783975703.012,342,8.244,1.322,1.387,0.0,12.8,51.1
1783975703.114,343,0.725,0.07,0.141,0.0,14.1,78.3
1783975703.114,343,2.329,0.458,0.579,0.0,11.9,73.2
1783975703.114,343,2.541,1.35,0.117,0.0,12.5,66.4
1783975703.114,343,5.361,0.169,0.707,0.0,20.1,59.5
1783975703.114,343,8.283,1.322,1.129,0.0,13.1,50.9
1783975703.164,344,0.725,0.07,0.14,0.0,14.0,78.4
1783975703.164,344,2.326,0.458,0.589,0.0,12.3,72.8
1783975703.164,344,2.54,1.35,0.138,0.0,12.1,66.8
1783975703.164,344,5.361,0.169,0.708,0.0,19.7,59.9
1783975703.164,344,8.276,1.322,1.181,0.0,12.5,51.6
1783975703.265,345,0.725,0.07,0.14,0.0,14.0,78.4
1783975703.265,345,2.327,0.458,0.588,0.0,12.5,72.6
1783975703.265,345,2.54,1.35,0.128,0.0,12.0,66.8
1783975703.265,345,5.36,0.169,0.712,0.0,20.7,58.9
1783975703.265,345,8.266,1.322,1.248,0.0,13.5,50.5
1783975703.416,346,0.725,0.07,0.142,0.0,13.9,78.5
1783975703.416,346,2.327,0.458,0.588,0.0,12.9,72.2
1783975703.416,346,2.541,1.35,0.118,0.0,12.1,66.8
1783975703.416,346,5.36,0.169,0.716,0.0,20.5,59.1
1783975703.416,346,8.27,1.322,1.222,0.0,12.9,51.0
1783975703.466,347,0.725,0.07,0.141,0.0,13.9,78.5
1783975703.466,347,2.328,0.458,0.583,0.0,13.0,72.1
1783975703.466,347,2.54,1.35,0.131,0.0,11.8,67.0
1783975703.466,347,5.362,0.169,0.697,0.0,20.4,59.2
1783975703.466,347,8.261,1.322,1.28,0.0,12.5,51.4
1783975703.567,348,0.725,0.07,0.141,0.0,14.0,78.4
1783975703.567,348,2.328,0.458,0.582,0.0,12.9,72.2
1783975703.567,348,2.539,1.35,0.145,0.0,11.8,67.0
1783975703.567,348,5.36,0.169,0.712,0.0,20.2,59.5
1783975703.567,348,8.233,1.322,1.454,0.0,12.3,51.5
1783975703.718,349,0.725,0.07,0.14,0.0,14.0,78.4
1783975703.718,349,2.328,0.458,0.583,0.0,12.9,72.2
1783975703.718,349,2.54,1.35,0.14,0.0,11.8,67.1
1783975703.718,349,5.362,0.169,0.695,0.0,20.1,59.5
1783975703.718,349,8.241,1.587,1.096,0.0,13.0,50.7
1783975703.77,350,0.725,0.07,0.14,0.0,14.0,78.4
1783975703.77,350,2.328,0.458,0.585,0.0,12.8,72.3
1783975703.77,350,2.54,1.35,0.133,0.0,11.8,67.0
1783975703.77,350,5.359,0.169,0.724,0.0,20.6,59.0
1783975703.77,350,8.245,1.322,1.383,0.0,11.9,52.0
1783975703.871,351,0.725,0.07,0.141,0.0,14.0,78.4
1783975703.871,351,2.326,0.458,0.59,0.0,12.7,72.3
1783975703.871,351,2.54,1.35,0.132,0.0,11.9,67.0
1783975703.871,351,5.359,0.169,0.719,0.0,19.9,59.7
1783975703.871,351,8.275,1.322,1.19,0.0,12.7,50.9
1783975703.972,352,0.725,0.07,0.141,0.0,14.0,78.5
1783975703.972,352,2.327,0.458,0.588,0.0,12.7,72.4
1783975703.972,352,2.54,1.35,0.127,0.0,11.8,67.0
1783975703.972,352,5.36,0.169,0.716,0.0,20.2,59.4
1783975703.972,352,8.208,1.587,1.322,0.0,12.3,51.4
1783975704.074,353,0.725,0.07,0.139,0.0,14.0,78.4
1783975704.074,353,2.327,0.458,0.585,0.0,12.6,72.4
1783975704.074,353,2.54,1.35,0.129,0.0,11.7,67.1
1783975704.074,353,5.359,0.169,0.723,0.0,20.0,59.6
1783975704.074,353,8.285,1.322,1.116,0.0,12.3,51.4
1783975704.175,354,0.725,0.07,0.138,0.0,14.1,78.3
1783975704.175,354,2.329,0.458,0.578,0.0,12.5,72.5
1783975704.175,354,2.541,1.35,0.119,0.0,11.6,67.3
1783975704.175,354,5.36,0.169,0.713,0.0,19.8,59.8
1783975704.175,354,8.209,1.587,1.316,0.0,12.9,51.1
1783975704.276,355,0.725,0.07,0.139,0.0,14.0,78.4
1783975704.276,355,2.33,0.458,0.576,0.0,12.7,72.4
1783975704.276,355,2.541,1.35,0.124,0.0,11.8,67.1
1783975704.276,355,5.359,0.169,0.719,0.0,20.2,59.4
1783975704.276,355,8.244,1.322,1.39,0.0,11.8,51.8
1783975704.377,356,0.725,0.07,0.141,0.0,14.0,78.4
1783975704.377,356,2.328,0.458,0.583,0.0,12.5,72.5
1783975704.377,356,2.54,1.35,0.125,0.0,11.8,67.1
1783975704.377,356,5.36,0.169,0.714,0.0,19.9,59.7
1783975704.377,356,8.273,1.322,1.206,0.0,12.5,51.5
1783975704.478,357,0.725,0.07,0.141,0.0,14.0,78.5
1783975704.478,357,2.327,0.458,0.587,0.0,12.7,72.4
1783975704.478,357,2.54,1.35,0.128,0.0,11.9,67.0
1783975704.478,357,5.359,0.169,0.722,0.0,20.2,59.4
1783975704.478,357,8.271,1.322,1.216,0.0,12.9,51.2
1783975704.579,358,0.725,0.07,0.141,0.0,14.1,78.3
1783975704.579,358,2.325,0.458,0.594,0.0,12.7,72.3
1783975704.579,358,2.54,1.35,0.125,0.0,12.0,67.0
1783975704.579,358,5.361,0.169,0.707,0.0,20.0,59.6
1783975704.579,358,8.223,1.322,1.505,0.0,12.9,51.0
1783975704.68,359,0.725,0.07,0.141,0.0,14.3,78.1
1783975704.68,359,2.327,0.458,0.589,0.0,12.0,73.0
1783975704.68,359,2.541,1.35,0.118,0.0,12.4,66.6
1783975704.68,359,5.359,0.169,0.722,0.0,19.8,59.8
1783975704.68,359,8.211,1.587,1.306,0.0,13.7,50.1
1783975704.781,360,0.725,0.07,0.141,0.0,14.5,78.0
1783975704.781,360,0.718,-0.414,0.005,0.0,11.5,78.9
1783975704.781,360,2.329,0.458,0.578,0.0,11.8,73.2
1783975704.781,360,2.541,1.35,0.113,0.0,12.4,66.7
1783975704.781,360,5.36,0.169,0.714,0.0,19.7,59.9
1783975704.781,360,8.256,1.322,1.313,0.0,13.1,51.0
1783975704.882,361,0.725,0.07,0.141,0.0,14.2,78.2
1783975704.882,361,0.718,-0.414,0.006,0.0,11.4,79.0
1783975704.882,361,2.33,0.458,0.575,0.0,11.8,73.2
1783975704.882,361,2.54,1.35,0.125,0.0,12.3,66.8
1783975704.882,361,5.357,0.169,0.733,0.0,19.8,59.7
1783975704.882,361,8.308,1.322,0.927,0.0,12.2,51.6
1783975704.982,362,0.725,0.07,0.14,0.0,14.0,78.4
1783975704.982,362,2.33,0.458,0.575,0.0,12.0,73.0
1783975704.982,362,2.54,1.35,0.131,0.0,12.1,66.9
1783975704.982,362,5.358,0.169,0.726,0.0,19.8,59.8
1783975704.982,362,8.259,1.587,0.956,0.0,12.5,51.4
1783975705.083,363,0.725,0.07,0.139,0.0,14.0,78.4
1783975705.083,363,2.33,0.458,0.576,0.0,12.2,72.7
1783975705.083,363,2.541,1.35,0.12,0.0,11.7,67.3
1783975705.083,363,5.359,0.169,0.721,0.0,19.9,59.7
1783975705.083,363,8.279,1.322,1.161,0.0,12.4,51.7
1783975705.185,364,0.726,0.07,0.137,0.0,14.3,78.2
1783975705.185,364,0.718,-0.414,0.003,0.0,11.4,79.0
1783975705.185,364,2.333,0.458,0.561,0.0,11.8,73.2
1783975705.185,364,2.54,1.35,0.138,0.0,11.7,67.4
1783975705.185,364,5.36,0.169,0.714,0.0,19.7,60.0
1783975705.185,364,8.255,1.322,1.323,0.0,12.4,51.3
1783975705.286,365,0.726,0.07,0.137,0.0,14.2,78.2
1783975705.286,365,2.337,0.458,0.547,0.0,11.9,73.1
1783975705.286,365,2.54,1.35,0.133,0.0,11.7,67.4
1783975705.286,365,5.36,0.169,0.71,0.0,19.7,59.9
1783975705.286,365,8.234,1.587,1.149,0.0,12.7,51.0
1783975705.39,366,0.726,0.07,0.136,0.0,14.3,78.2
1783975705.39,366,0.718,-0.414,0.004,0.0,11.2,79.2
1783975705.39,366,2.337,0.458,0.548,0.0,12.0,73.0
1783975705.39,366,2.54,1.35,0.131,0.0,11.7,67.4
1783975705.39,366,5.361,0.169,0.709,0.0,19.5,60.1
1783975705.39,366,8.292,1.322,1.065,0.0,13.0,50.7
1783975705.492,367,0.726,0.07,0.137,0.0,14.1,78.3
1783975705.492,367,2.332,0.458,0.565,0.0,12.1,72.8
1783975705.492,367,2.541,1.35,0.119,0.0,11.8,67.3
1783975705.492,367,5.359,0.169,0.723,0.0,19.9,59.6
1783975705.492,367,8.263,1.322,1.271,0.0,12.5,51.3
1783975705.593,368,0.725,0.07,0.138,0.0,14.0,78.4
1783975705.593,368,2.33,0.458,0.575,0.0,12.3,72.6
1783975705.593,368,2.54,1.35,0.126,0.0,11.7,67.4
1783975705.593,368,5.36,0.169,0.714,0.0,20.1,59.5
1783975705.593,368,8.27,1.322,1.222,0.0,12.6,51.2
1783975705.694,369,0.725,0.07,0.139,0.0,14.0,78.4
1783975705.694,369,2.33,0.458,0.575,0.0,12.1,72.9
1783975705.694,369,2.541,1.35,0.109,0.0,12.0,67.1
1783975705.694,369,5.36,0.169,0.717,0.0,20.2,59.3
1783975705.694,369,8.2,1.587,1.373,0.0,13.0,50.8
1783975705.795,370,0.725,0.07,0.141,0.0,14.2,78.3
1783975705.795,370,0.718,-0.414,0.006,0.0,11.3,79.1
1783975705.795,370,2.332,0.458,0.566,0.0,12.0,73.0
1783975705.795,370,2.541,1.35,0.123,0.0,12.2,66.9
1783975705.795,370,5.359,0.169,0.719,0.0,20.0,59.6
1783975705.795,370,8.255,1.322,1.321,0.0,13.1,50.6
1783975705.896,371,0.725,0.07,0.14,0.0,14.4,78.0
1783975705.896,371,0.718,-0.414,0.007,0.0,11.6,78.8
1783975705.896,371,2.333,0.458,0.562,0.0,11.6,73.4
1783975705.896,371,2.541,1.35,0.115,0.0,12.3,66.7
1783975705.896,371,5.362,0.169,0.701,0.0,19.7,59.9
1783975705.896,371,8.229,1.587,1.182,0.0,12.1,51.6
1783975705.999,372,0.725,0.07,0.142,0.0,14.3,78.2
1783975705.999,372,0.718,-0.414,0.007,0.0,11.3,79.1
1783975705.999,372,1.018,-0.196,0.146,0.0,11.2,75.1
1783975705.999,372,2.331,0.458,0.569,0.0,12.3,72.7
1783975705.999,372,2.541,1.35,0.118,0.0,12.7,66.2
1783975705.999,372,5.359,0.169,0.721,0.0,19.7,59.9
1783975705.999,372,8.251,1.322,1.344,0.0,13.3,50.6
1783975706.1,373,0.725,0.07,0.142,0.0,14.1,78.4
1783975706.1,373,2.328,0.458,0.583,0.0,13.0,72.1
1783975706.1,373,2.541,1.35,0.119,0.0,12.7,66.3
1783975706.1,373,5.36,0.169,0.713,0.0,20.0,59.6
1783975706.1,373,8.27,1.322,1.222,0.0,13.3,50.6
1783975706.204,374,0.725,0.07,0.143,0.0,14.0,78.5
1783975706.204,374,2.328,0.458,0.583,0.0,12.8,72.3
1783975706.204,374,2.54,1.35,0.128,0.0,12.6,66.4
1783975706.204,374,5.36,0.169,0.716,0.0,19.6,60.0
1783975706.204,374,8.23,1.322,1.468,0.0,13.1,51.0
1783975706.305,375,0.724,0.07,0.143,0.0,14.0,78.5
1783975706.305,375,2.328,0.458,0.584,0.0,12.6,72.5
1783975706.305,375,2.54,1.35,0.126,0.0,12.5,66.4
1783975706.305,375,5.361,0.169,0.707,0.0,19.7,59.9
1783975706.305,375,8.231,1.322,1.464,0.0,12.2,51.4
1783975706.406,376,0.724,0.07,0.143,0.0,13.9,78.5
1783975706.406,376,2.328,0.458,0.583,0.0,12.7,72.4
1783975706.406,376,2.541,1.35,0.115,0.0,12.5,66.3
1783975706.406,376,5.359,0.169,0.722,0.0,19.9,59.7
1783975706.406,376,8.275,1.322,1.187,0.0,12.8,50.9
1783975706.507,377,0.724,0.07,0.143,0.0,13.9,78.5
1783975706.507,377,2.329,0.458,0.579,0.0,12.7,72.4
1783975706.507,377,2.54,1.35,0.134,0.0,12.3,66.6
1783975706.507,377,5.36,0.169,0.712,0.0,19.8,59.8
1783975706.507,377,8.226,1.322,1.493,0.0,12.9,51.2
1783975706.608,378,0.725,0.07,0.142,0.0,13.9,78.5
1783975706.608,378,2.328,0.458,0.583,0.0,12.7,72.4
1783975706.608,378,2.54,1.35,0.136,0.0,12.3,66.6
1783975706.608,378,5.361,0.169,0.704,0.0,19.6,59.9
1783975706.608,378,8.255,1.322,1.321,0.0,12.9,50.8
1783975706.709,379,0.725,0.07,0.143,0.0,13.9,78.5
1783975706.709,379,2.33,0.458,0.577,0.0,12.6,72.5
1783975706.709,379,2.54,1.35,0.142,0.0,12.2,66.6
1783975706.709,379,5.357,0.169,0.733,0.0,19.6,60.0
1783975706.709,379,8.221,1.322,1.52,0.0,13.4,50.5
1783975706.81,380,0.725,0.07,0.142,0.0,13.9,78.5
1783975706.81,380,2.33,0.458,0.576,0.0,12.7,72.5
1783975706.81,380,2.539,1.35,0.15,0.0,12.3,66.6
1783975706.81,380,5.36,0.169,0.712,0.0,20.0,59.6
1783975706.81,380,8.279,1.322,1.159,0.0,12.4,51.1
1783975706.911,381,0.725,0.07,0.143,0.0,13.9,78.5
1783975706.911,381,2.329,0.458,0.578,0.0,12.5,72.6
1783975706.911,381,2.539,1.35,0.147,0.0,12.2,66.6
1783975706.911,381,5.357,0.169,0.733,0.0,19.7,59.9
1783975706.911,381,8.288,1.322,1.097,0.0,11.5,52.1
1783975707.011,382,0.725,0.07,0.141,0.0,14.0,78.4
1783975707.011,382,2.329,0.458,0.579,0.0,12.5,72.6
1783975707.011,382,2.54,1.35,0.139,0.0,11.8,67.1
1783975707.011,382,5.359,0.169,0.725,0.0,19.9,59.7
1783975707.011,382,8.252,1.322,1.342,0.0,12.3,51.5
1783975707.063,383,0.725,0.07,0.141,0.0,14.0,78.4
1783975707.063,383,2.33,0.458,0.577,0.0,12.5,72.6
1783975707.063,383,2.539,1.35,0.145,0.0,11.7,67.1
1783975707.063,383,5.36,0.169,0.711,0.0,19.9,59.6
1783975707.063,383,8.276,1.322,1.185,0.0,12.7,51.2
1783975707.214,384,0.725,0.07,0.142,0.0,14.0,78.4
1783975707.214,384,1.018,-0.196,0.145,0.0,11.2,75.0
1783975707.214,384,2.33,0.458,0.577,0.0,12.5,72.6
1783975707.214,384,2.54,1.35,0.142,0.0,11.8,67.0
1783975707.214,384,5.36,0.169,0.717,0.0,19.8,59.8
1783975707.214,384,8.26,1.322,1.289,0.0,13.1,50.7
1783975707.316,385,0.725,0.07,0.143,0.0,14.0,78.5
1783975707.316,385,2.33,0.458,0.574,0.0,12.5,72.6
1783975707.316,385,2.539,1.35,0.155,0.0,12.0,66.8
1783975707.316,385,5.358,0.169,0.728,0.0,20.1,59.5
1783975707.316,385,8.306,1.322,0.95,0.0,12.5,51.2
1783975707.367,386,0.725,0.07,0.143,0.0,14.0,78.5
1783975707.367,386,1.018,-0.196,0.146,0.0,11.2,75.0
1783975707.367,386,2.33,0.458,0.573,0.0,12.5,72.6
1783975707.367,386,2.539,1.35,0.155,0.0,11.9,66.9
1783975707.367,386,5.36,0.169,0.712,0.0,20.1,59.5
1783975707.367,386,8.245,1.322,1.383,0.0,12.0,51.9
1783975707.468,387,0.725,0.07,0.142,0.0,14.0,78.4
1783975707.468,387,1.018,-0.196,0.146,0.0,11.2,75.0
1783975707.468,387,2.331,0.458,0.572,0.0,12.5,72.6
1783975707.468,387,2.54,1.35,0.137,0.0,11.9,66.9
1783975707.468,387,5.36,0.169,0.717,0.0,19.7,59.9
1783975707.468,387,8.243,1.322,1.394,0.0,12.7,51.0
1783975707.619,388,0.725,0.07,0.142,0.0,14.0,78.4
1783975707.619,388,2.329,0.458,0.578,0.0,12.6,72.5
1783975707.619,388,2.539,1.35,0.145,0.0,11.8,67.0
1783975707.619,388,5.359,0.169,0.721,0.0,19.5,60.0
1783975707.619,388,8.296,1.322,1.029,0.0,13.1,51.1
1783975707.669,389,0.724,0.07,0.143,0.0,13.9,78.5
1783975707.669,389,2.328,0.458,0.583,0.0,12.6,72.5
1783975707.669,389,2.54,1.35,0.143,0.0,12.1,66.7
1783975707.669,389,5.36,0.169,0.711,0.0,20.0,59.5
1783975707.669,389,8.263,1.322,1.271,0.0,13.1,51.0
1783975707.771,390,0.724,0.07,0.143,0.0,14.0,78.4
1783975707.771,390,1.018,-0.196,0.147,0.0,11.3,75.0
1783975707.771,390,2.327,0.458,0.589,0.0,12.6,72.5
1783975707.771,390,2.539,1.35,0.15,0.0,12.4,66.4
1783975707.771,390,5.358,0.169,0.731,0.0,20.2,59.4
1783975707.771,390,8.274,1.322,1.196,0.0,12.1,51.7
1783975707.871,391,0.725,0.07,0.143,0.0,14.3,78.1
1783975707.871,391,0.718,-0.414,0.008,0.0,11.3,79.1
1783975707.871,391,1.018,-0.196,0.147,0.0,11.3,75.0
1783975707.871,391,2.329,0.458,0.578,0.0,12.4,72.6
1783975707.871,391,2.54,1.35,0.126,0.0,12.8,66.1
1783975707.871,391,5.359,0.169,0.724,0.0,20.0,59.5
1783975707.871,391,8.256,1.322,1.317,0.0,13.4,50.5
1783975707.973,392,0.725,0.07,0.141,0.0,14.4,78.0
1783975707.973,392,0.718,-0.414,0.006,0.0,11.4,78.9
1783975707.973,392,1.018,-0.196,0.146,0.0,11.3,75.0
1783975707.973,392,2.332,0.458,0.569,0.0,12.4,72.7
1783975707.973,392,2.54,1.35,0.128,0.0,12.3,66.7
1783975707.973,392,5.36,0.169,0.712,0.0,19.9,59.7
1783975707.973,392,8.233,1.587,1.155,0.0,13.1,50.7
1783975708.074,393,0.725,0.07,0.141,0.0,14.3,78.1
1783975708.074,393,0.718,-0.414,0.007,0.0,11.5,78.9
1783975708.074,393,2.333,0.458,0.562,0.0,12.0,73.1
1783975708.074,393,2.54,1.35,0.143,0.0,12.2,66.9
1783975708.074,393,5.361,0.169,0.703,0.0,20.1,59.5
1783975708.074,393,8.302,1.322,0.983,0.0,12.7,50.9
1783975708.175,394,0.725,0.07,0.14,0.0,14.0,78.4
1783975708.175,394,2.331,0.458,0.57,0.0,12.3,72.7
1783975708.175,394,2.54,1.35,0.125,0.0,11.9,67.1
1783975708.175,394,5.359,0.169,0.722,0.0,19.8,59.8
1783975708.175,394,8.232,1.322,1.459,0.0,12.3,51.5
1783975708.277,395,0.725,0.07,0.138,0.0,14.1,78.4
1783975708.277,395,2.331,0.458,0.57,0.0,12.5,72.5
1783975708.277,395,2.54,1.35,0.127,0.0,11.7,67.4
1783975708.277,395,5.359,0.169,0.72,0.0,19.7,59.9
1783975708.277,395,8.246,1.587,1.058,0.0,13.1,50.6
1783975708.378,396,0.725,0.07,0.138,0.0,14.2,78.3
1783975708.378,396,2.334,0.458,0.558,0.0,12.4,72.5
1783975708.378,396,2.541,1.35,0.118,0.0,11.7,67.4
1783975708.378,396,5.362,0.169,0.7,0.0,20.2,59.4
1783975708.378,396,8.21,1.587,1.31,0.0,13.0,50.8
1783975708.479,397,0.726,0.07,0.137,0.0,14.2,78.3
1783975708.479,397,2.334,0.458,0.56,0.0,12.3,72.7
1783975708.479,397,2.541,1.35,0.121,0.0,11.6,67.5
1783975708.479,397,5.358,0.169,0.731,0.0,19.9,59.7
1783975708.479,397,8.308,1.322,0.932,0.0,12.7,51.0
1783975708.579,398,0.726,0.07,0.138,0.0,14.2,78.3
1783975708.579,398,2.334,0.458,0.558,0.0,12.3,72.6
1783975708.579,398,2.54,1.35,0.135,0.0,11.6,67.4
1783975708.579,398,5.359,0.169,0.72,0.0,20.0,59.6
1783975708.579,398,8.268,1.322,1.237,0.0,11.8,51.7
1783975708.682,399,0.725,0.07,0.138,0.0,14.0,78.5
1783975708.682,399,2.333,0.458,0.563,0.0,12.6,72.3
1783975708.682,399,2.541,1.35,0.112,0.0,11.7,67.3
1783975708.682,399,5.36,0.169,0.716,0.0,19.9,59.7
1783975708.682,399,8.295,1.322,1.039,0.0,13.1,50.7
1783975708.784,400,0.725,0.07,0.14,0.0,13.9,78.5
1783975708.784,400,2.33,0.458,0.574,0.0,12.3,72.7
1783975708.784,400,2.541,1.35,0.12,0.0,12.0,66.9
1783975708.784,400,5.362,0.169,0.697,0.0,19.9,59.7
1783975708.784,400,8.221,1.322,1.518,0.0,12.0,52.0
1783975708.884,401,0.725,0.07,0.141,0.0,14.3,78.1
1783975708.884,401,0.718,-0.414,0.007,0.0,11.5,78.9
1783975708.884,401,1.018,-0.196,0.144,0.0,11.2,75.1
1783975708.884,401,2.331,0.458,0.57,0.0,11.9,73.1
1783975708.884,401,2.54,1.35,0.132,0.0,12.1,66.8
1783975708.884,401,5.361,0.169,0.708,0.0,20.0,59.6
1783975708.884,401,8.293,1.322,1.058,0.0,12.3,51.6
1783975708.986,402,0.725,0.07,0.14,0.0,14.3,78.1
1783975708.986,402,0.718,-0.414,0.005,0.0,11.3,79.0
1783975708.986,402,1.018,-0.196,0.144,0.0,11.3,75.0
1783975708.986,402,2.333,0.458,0.564,0.0,12.1,72.9
1783975708.986,402,2.54,1.35,0.138,0.0,12.4,66.6
1783975708.986,402,5.36,0.169,0.713,0.0,20.1,59.5
1783975708.986,402,8.241,1.322,1.408,0.0,12.4,50.9
1783975709.087,403,0.725,0.07,0.141,0.0,14.2,78.2
1783975709.087,403,1.018,-0.196,0.146,0.0,11.5,74.9
1783975709.087,403,2.332,0.458,0.566,0.0,12.4,72.7
1783975709.087,403,2.54,1.35,0.129,0.0,12.7,66.3
1783975709.087,403,5.359,0.169,0.719,0.0,19.5,60.0
1783975709.087,403,8.298,1.322,1.013,0.0,13.3,50.8
1783975709.188,404,0.725,0.07,0.142,0.0,14.2,78.2
1783975709.188,404,1.018,-0.196,0.146,0.0,11.5,74.9
1783975709.188,404,2.331,0.458,0.571,0.0,12.3,72.7
1783975709.188,404,2.54,1.35,0.132,0.0,13.1,65.9
1783975709.188,404,5.36,0.169,0.71,0.0,19.9,59.7
1783975709.188,404,8.312,1.322,0.899,0.0,13.7,50.3
1783975709.289,405,0.724,0.07,0.143,0.0,14.1,78.3
1783975709.289,405,1.018,-0.196,0.146,0.0,11.3,75.0
1783975709.289,405,2.326,0.458,0.59,0.0,12.1,72.9
1783975709.289,405,2.54,1.35,0.131,0.0,12.9,65.9
1783975709.289,405,5.358,0.169,0.725,0.0,19.6,60.0
1783975709.289,405,8.276,1.322,1.184,0.0,11.6,52.3
1783975709.391,406,0.724,0.07,0.143,0.0,14.0,78.4
1783975709.391,406,2.327,0.458,0.588,0.0,12.3,72.7
1783975709.391,406,2.54,1.35,0.142,0.0,12.5,66.3
1783975709.391,406,5.358,0.169,0.728,0.0,19.7,59.9
1783975709.391,406,8.241,1.322,1.404,0.0,13.5,50.6
1783975709.491,407,0.724,0.07,0.143,0.0,14.0,78.5
1783975709.491,407,2.327,0.458,0.586,0.0,12.5,72.5
1783975709.491,407,2.54,1.35,0.137,0.0,12.6,66.3
1783975709.491,407,5.355,0.169,0.751,0.0,19.9,59.7
1783975709.491,407,8.306,1.322,0.948,0.0,13.2,50.9
1783975709.593,408,0.724,0.07,0.143,0.0,13.9,78.5
1783975709.593,408,1.018,-0.196,0.145,0.0,11.2,75.0
1783975709.593,408,2.331,0.458,0.572,0.0,12.3,72.8
1783975709.593,408,2.539,1.35,0.149,0.0,12.6,66.3
1783975709.593,408,5.361,0.169,0.707,0.0,20.0,59.5
1783975709.593,408,8.292,1.322,1.062,0.0,13.1,50.8
1783975709.695,409,0.724,0.07,0.143,0.0,13.9,78.5
1783975709.695,409,1.018,-0.196,0.145,0.0,11.2,75.0
1783975709.695,409,2.331,0.458,0.57,0.0,12.3,72.7
1783975709.695,409,2.54,1.35,0.14,0.0,12.6,66.4
1783975709.695,409,5.358,0.169,0.725,0.0,19.6,60.0
1783975709.695,409,8.263,1.322,1.271,0.0,13.4,50.4
1783975709.796,410,0.724,0.07,0.143,0.0,13.9,78.5
1783975709.796,410,1.018,-0.196,0.146,0.0,11.2,75.0
1783975709.796,410,2.33,0.458,0.576,0.0,12.5,72.6
1783975709.796,410,2.539,1.35,0.149,0.0,12.6,66.4
1783975709.796,410,5.359,0.169,0.719,0.0,19.8,59.8
1783975709.796,410,8.28,1.322,1.155,0.0,13.9,49.9
1783975709.896,411,0.725,0.07,0.142,0.0,14.0,78.4
1783975709.896,411,1.018,-0.196,0.145,0.0,11.2,75.0
1783975709.896,411,2.328,0.458,0.581,0.0,12.3,72.7
1783975709.896,411,2.539,1.35,0.146,0.0,12.0,66.9
1783975709.896,411,5.358,0.169,0.73,0.0,19.5,60.1
1783975709.896,411,8.248,1.322,1.363,0.0,12.4,51.3
1783975709.997,412,0.725,0.07,0.143,0.0,14.0,78.4
1783975709.997,412,1.018,-0.196,0.145,0.0,11.3,75.0
1783975709.997,412,2.329,0.458,0.578,0.0,12.4,72.7
1783975709.997,412,2.539,1.35,0.143,0.0,12.0,66.8
1783975709.997,412,5.361,0.169,0.71,0.0,19.4,60.2
1783975709.997,412,8.284,1.322,1.124,0.0,12.7,51.2
1783975710.098,413,0.725,0.07,0.143,0.0,14.0,78.4
1783975710.098,413,1.018,-0.196,0.145,0.0,11.3,75.0
1783975710.098,413,2.331,0.458,0.571,0.0,12.4,72.7
1783975710.098,413,2.54,1.35,0.134,0.0,12.1,66.8
1783975710.098,413,5.36,0.169,0.713,0.0,19.5,60.1
1783975710.098,413,8.27,1.322,1.222,0.0,13.1,50.8
1783975710.2,414,0.724,0.07,0.143,0.0,14.0,78.4
1783975710.2,414,1.018,-0.196,0.145,0.0,11.3,75.0
1783975710.2,414,2.331,0.458,0.571,0.0,12.4,72.7
1783975710.2,414,2.539,1.35,0.149,0.0,12.1,66.8
1783975710.2,414,5.36,0.169,0.716,0.0,19.8,59.7
1783975710.2,414,8.268,1.322,1.237,0.0,11.7,51.8
1783975710.301,415,0.725,0.07,0.142,0.0,14.1,78.3
1783975710.301,415,1.018,-0.196,0.145,0.0,11.3,75.0
1783975710.301,415,2.33,0.458,0.574,0.0,12.4,72.7
1783975710.301,415,2.54,1.35,0.141,0.0,12.2,66.8
1783975710.301,415,5.36,0.169,0.717,0.0,19.9,59.7
1783975710.301,415,8.271,1.322,1.219,0.0,12.5,51.3
1783975710.403,416,0.725,0.07,0.142,0.0,14.1,78.3
1783975710.403,416,1.018,-0.196,0.144,0.0,11.3,75.0
1783975710.403,416,2.328,0.458,0.582,0.0,12.4,72.7
1783975710.403,416,2.54,1.35,0.132,0.0,12.0,67.0
1783975710.403,416,5.359,0.169,0.724,0.0,20.0,59.6
1783975710.403,416,8.232,1.322,1.46,0.0,12.9,50.9
1783975710.503,417,0.725,0.07,0.142,0.0,14.0,78.4
1783975710.503,417,1.018,-0.196,0.144,0.0,11.3,75.0
1783975710.503,417,2.33,0.458,0.576,0.0,12.4,72.6
1783975710.503,417,2.539,1.35,0.15,0.0,12.0,66.8
1783975710.503,417,5.357,0.169,0.733,0.0,19.8,59.7
1783975710.503,417,8.288,1.322,1.096,0.0,12.9,51.2
1783975710.604,418,0.725,0.07,0.143,0.0,14.1,78.4
1783975710.604,418,1.018,-0.196,0.145,0.0,11.3,75.0
1783975710.604,418,2.331,0.458,0.57,0.0,12.4,72.7
1783975710.604,418,2.539,1.35,0.151,0.0,11.9,66.9
1783975710.604,418,5.359,0.169,0.725,0.0,19.8,59.8
1783975710.604,418,8.223,1.587,1.227,0.0,12.5,51.4
1783975710.707,419,0.725,0.07,0.142,0.0,14.2,78.3
1783975710.707,419,1.018,-0.196,0.145,0.0,11.3,75.0
1783975710.707,419,2.331,0.458,0.57,0.0,12.4,72.7
1783975710.707,419,2.54,1.35,0.142,0.0,11.8,67.1
1783975710.707,419,5.358,0.169,0.73,0.0,19.7,59.9
1783975710.707,419,8.283,1.322,1.134,0.0,12.5,51.1
1783975710.808,420,0.725,0.07,0.141,0.0,14.1,78.3
1783975710.808,420,2.329,0.458,0.581,0.0,12.3,72.7
1783975710.808,420,2.539,1.35,0.149,0.0,12.0,67.0
1783975710.808,420,5.36,0.169,0.713,0.0,20.2,59.4
1783975710.808,420,8.289,1.322,1.088,0.0,13.3,50.6
1783975710.909,421,0.725,0.07,0.142,0.0,14.1,78.4
1783975710.909,421,2.327,0.458,0.587,0.0,12.4,72.7
1783975710.909,421,2.539,1.35,0.154,0.0,12.2,66.7
1783975710.909,421,5.359,0.169,0.724,0.0,19.9,59.6
1783975710.909,421,8.276,1.322,1.183,0.0,13.1,50.9
1783975711.01,422,0.724,0.07,0.143,0.0,14.3,78.1
1783975711.01,422,1.018,-0.196,0.146,0.0,11.4,74.9
1783975711.01,422,2.327,0.458,0.587,0.0,12.1,73.0
1783975711.01,422,2.539,1.35,0.149,0.0,12.7,66.2
1783975711.01,422,5.356,0.169,0.744,0.0,19.9,59.7
1783975711.01,422,8.235,1.322,1.44,0.0,12.1,51.5
1783975711.112,423,0.725,0.07,0.141,0.0,14.4,78.0
1783975711.112,423,0.718,-0.414,0.009,0.0,11.3,79.0
1783975711.112,423,1.018,-0.196,0.145,0.0,11.4,74.9
1783975711.112,423,2.333,0.458,0.563,0.0,12.1,73.0
1783975711.112,423,2.539,1.35,0.154,0.0,12.5,66.4
1783975711.112,423,5.358,0.169,0.728,0.0,19.9,59.6
1783975711.112,423,8.235,1.322,1.44,0.0,12.6,51.2
1783975711.213,424,0.725,0.07,0.141,0.0,14.4,78.0
1783975711.213,424,0.718,-0.414,0.008,0.0,11.5,78.8
1783975711.213,424,2.334,0.458,0.557,0.0,12.1,73.0
1783975711.213,424,2.539,1.35,0.155,0.0,12.2,66.8
1783975711.213,424,5.36,0.169,0.716,0.0,19.5,60.0
1783975711.213,424,8.292,1.322,1.062,0.0,12.8,50.9
1783975711.264,425,0.725,0.07,0.141,0.0,14.1,78.3
1783975711.264,425,2.329,0.458,0.58,0.0,12.2,72.8
1783975711.264,425,2.54,1.35,0.143,0.0,12.2,66.8
1783975711.264,425,5.356,0.169,0.742,0.0,20.0,59.5
1783975711.264,425,8.237,1.587,1.131,0.0,13.2,50.6
1783975711.415,426,0.725,0.07,0.14,0.0,14.1,78.3
1783975711.415,426,2.329,0.458,0.579,0.0,12.3,72.7
1783975711.415,426,2.54,1.35,0.142,0.0,11.9,67.2
1783975711.415,426,5.358,0.169,0.731,0.0,19.7,59.9
1783975711.415,426,8.284,1.322,1.123,0.0,13.4,50.2
1783975711.516,427,0.725,0.07,0.138,0.0,14.2,78.2
1783975711.516,427,2.333,0.458,0.563,0.0,12.3,72.7
1783975711.516,427,2.54,1.35,0.14,0.0,11.9,67.2
1783975711.516,427,5.361,0.169,0.709,0.0,19.7,59.9
1783975711.516,427,8.294,1.322,1.046,0.0,12.1,51.6
1783975711.566,428,0.725,0.07,0.138,0.0,14.4,78.1
1783975711.566,428,0.718,-0.414,0.007,0.0,11.3,79.1
1783975711.566,428,2.337,0.458,0.545,0.0,12.1,73.0
1783975711.566,428,2.539,1.35,0.145,0.0,11.6,67.4
1783975711.566,428,5.359,0.169,0.724,0.0,19.7,59.9
1783975711.566,428,8.303,1.322,0.975,0.0,13.2,50.5
1783975711.668,429,0.725,0.07,0.138,0.0,14.3,78.1
1783975711.668,429,0.718,-0.414,0.006,0.0,11.3,79.1
1783975711.668,429,1.027,-0.164,0.125,0.0,11.3,74.9
1783975711.668,429,2.336,0.458,0.549,0.0,12.2,72.9
1783975711.668,429,2.539,1.35,0.157,0.0,11.3,67.6
1783975711.668,429,5.359,0.169,0.72,0.0,19.8,59.7
1783975711.668,429,8.3,1.322,1.003,0.0,13.0,50.4
1783975711.818,430,0.725,0.07,0.139,0.0,14.2,78.2
1783975711.818,430,1.027,-0.164,0.125,0.0,11.3,74.9
1783975711.818,430,2.334,0.458,0.559,0.0,12.3,72.7
1783975711.818,430,2.539,1.35,0.149,0.0,11.6,67.4
1783975711.818,430,5.36,0.169,0.714,0.0,19.6,60.0
1783975711.818,430,8.219,1.587,1.252,0.0,13.5,49.9
1783975711.869,431,0.725,0.07,0.14,0.0,14.0,78.4
1783975711.869,431,2.332,0.458,0.569,0.0,12.1,72.9
1783975711.869,431,2.539,1.35,0.144,0.0,11.7,67.2
1783975711.869,431,5.358,0.169,0.729,0.0,19.6,59.9
1783975711.869,431,8.285,1.322,1.115,0.0,13.8,49.9
1783975711.97,432,0.725,0.07,0.14,0.0,14.1,78.3
1783975711.97,432,2.33,0.458,0.574,0.0,12.2,72.8
1783975711.97,432,2.539,1.35,0.151,0.0,12.2,66.8
1783975711.97,432,5.358,0.169,0.725,0.0,19.9,59.7
1783975711.97,432,8.264,1.587,0.908,0.0,13.2,50.3
1783975712.071,433,0.725,0.07,0.141,0.0,14.3,78.1
1783975712.071,433,0.718,-0.414,0.01,0.0,11.4,79.0
1783975712.071,433,2.333,0.458,0.561,0.0,12.3,72.7
1783975712.071,433,2.539,1.35,0.149,0.0,12.3,66.7
1783975712.071,433,5.358,0.169,0.728,0.0,20.0,59.5
1783975712.071,433,8.259,1.322,1.297,0.0,12.7,50.8
1783975712.171,434,0.725,0.07,0.141,0.0,14.4,78.0
1783975712.171,434,0.718,-0.414,0.009,0.0,11.4,79.0
1783975712.171,434,1.018,-0.196,0.145,0.0,11.5,74.9
1783975712.171,434,2.332,0.458,0.569,0.0,12.3,72.8
1783975712.171,434,2.539,1.35,0.149,0.0,12.5,66.5
1783975712.171,434,5.358,0.169,0.731,0.0,19.8,59.7
1783975712.171,434,8.274,1.322,1.193,0.0,12.8,50.7
1783975712.271,435,0.725,0.07,0.142,0.0,14.3,78.1
1783975712.271,435,0.718,-0.414,0.01,0.0,11.2,79.1
1783975712.271,435,1.018,-0.196,0.145,0.0,11.4,74.8
1783975712.271,435,2.33,0.458,0.576,0.0,12.1,73.0
1783975712.271,435,2.538,1.35,0.162,0.0,13.0,65.9
1783975712.271,435,5.359,0.169,0.723,0.0,19.7,59.9
1783975712.271,435,8.307,1.322,0.938,0.0,12.3,51.3
1783975712.373,436,0.725,0.07,0.141,0.0,14.2,78.2
1783975712.373,436,1.018,-0.196,0.145,0.0,11.5,74.7
1783975712.373,436,2.328,0.458,0.584,0.0,11.8,73.3
1783975712.373,436,2.539,1.35,0.153,0.0,12.9,66.0
1783975712.373,436,5.359,0.169,0.725,0.0,19.9,59.6
1783975712.373,436,8.222,1.587,1.233,0.0,12.3,51.4
1783975712.474,437,0.725,0.07,0.142,0.0,14.0,78.4
1783975712.474,437,1.018,-0.196,0.146,0.0,11.3,74.9
1783975712.474,437,2.328,0.458,0.583,0.0,12.0,73.1
1783975712.474,437,2.539,1.35,0.151,0.0,12.9,66.0
1783975712.474,437,5.361,0.169,0.703,0.0,19.5,60.1
1783975712.474,437,8.271,1.322,1.217,0.0,12.5,51.1
1783975712.575,438,0.725,0.07,0.143,0.0,14.0,78.5
1783975712.575,438,1.018,-0.196,0.146,0.0,11.4,74.7
1783975712.575,438,2.33,0.458,0.574,0.0,12.1,73.1
1783975712.575,438,2.539,1.35,0.152,0.0,12.7,66.3
1783975712.575,438,5.359,0.169,0.721,0.0,19.6,59.9
1783975712.575,438,8.194,1.587,1.407,0.0,12.2,51.1
1783975712.676,439,0.725,0.07,0.14,0.0,14.0,78.4
1783975712.676,439,1.324,-0.127,0.244,0.0,11.6,70.5
1783975712.676,439,2.334,0.458,0.558,0.0,12.6,72.6
1783975712.676,439,2.54,1.35,0.125,0.0,12.0,67.1
1783975712.676,439,5.359,0.169,0.718,0.0,19.9,59.7
1783975712.676,439,8.276,1.322,1.182,0.0,13.0,50.6
1783975712.776,440,0.725,0.07,0.141,0.0,13.9,78.5
1783975712.776,440,2.329,0.458,0.58,0.0,11.8,73.4
1783975712.776,440,2.54,1.35,0.129,0.0,12.4,66.4
1783975712.776,440,5.355,0.169,0.749,0.0,19.9,59.7
1783975712.776,440,8.304,1.322,0.962,0.0,12.6,50.6
1783975712.876,441,0.725,0.07,0.141,0.0,13.9,78.5
1783975712.876,441,2.326,0.458,0.589,0.0,12.6,72.5
1783975712.876,441,2.539,1.35,0.154,0.0,12.4,66.3
1783975712.876,441,5.356,0.169,0.744,0.0,20.1,59.5
1783975712.876,441,8.287,1.322,1.105,0.0,12.5,50.7
1783975712.977,442,0.725,0.07,0.141,0.0,14.0,78.4
1783975712.977,442,2.329,0.458,0.58,0.0,12.7,72.5
1783975712.977,442,2.541,1.35,0.115,0.0,12.3,66.5
1783975712.977,442,5.358,0.169,0.731,0.0,19.7,59.9
1783975712.977,442,8.271,1.322,1.217,0.0,13.1,50.8
1783975713.079,443,0.725,0.07,0.139,0.0,14.2,78.3
1783975713.079,443,1.018,-0.196,0.143,0.0,11.5,75.0
1783975713.079,443,2.327,0.458,0.587,0.0,12.8,72.3
1783975713.079,443,2.541,1.35,0.115,0.0,12.7,66.1
1783975713.079,443,5.355,0.169,0.751,0.0,19.8,59.8
1783975713.079,443,8.276,1.322,1.182,0.0,12.3,51.3
1783975713.18,444,0.724,0.07,0.144,0.0,14.3,78.1
1783975713.18,444,1.018,-0.196,0.145,0.0,11.7,74.8
1783975713.18,444,2.331,0.458,0.57,0.0,12.6,72.5
1783975713.18,444,2.541,1.35,0.118,0.0,12.2,66.8
1783975713.18,444,5.354,0.169,0.761,0.0,19.9,59.7
1783975713.18,444,8.281,1.322,1.144,0.0,12.6,51.3
1783975713.281,445,0.725,0.07,0.139,0.0,14.2,78.2
1783975713.281,445,1.018,-0.196,0.149,0.0,11.9,74.7
1783975713.281,445,2.331,0.458,0.571,0.0,12.3,72.7
1783975713.281,445,2.541,1.35,0.121,0.0,12.5,66.6
1783975713.281,445,5.351,0.169,0.781,0.0,19.1,60.5
1783975713.281,445,8.255,1.322,1.321,0.0,13.1,50.6
1783975713.383,446,0.725,0.07,0.139,0.0,14.3,78.2
1783975713.383,446,2.334,0.458,0.559,0.0,12.3,72.7
1783975713.383,446,2.543,1.35,0.052,0.0,13.2,66.2
1783975713.383,446,5.35,0.169,0.783,0.0,19.6,60.0
1783975713.383,446,8.25,1.322,1.351,0.0,12.7,51.0
1783975713.484,447,0.725,0.07,0.138,0.0,15.1,77.2
1783975713.484,447,1.027,-0.164,0.119,0.0,11.5,74.7
1783975713.484,447,2.346,0.458,0.504,0.0,12.8,72.1
1783975713.484,447,2.543,1.35,0.069,0.0,12.8,66.9
1783975713.484,447,5.352,0.169,0.775,0.0,19.6,60.0
1783975713.484,447,8.221,1.322,1.516,0.0,13.0,50.6
1783975713.585,448,0.726,0.07,0.137,0.0,14.0,78.4
1783975713.585,448,1.02,-0.196,0.133,0.0,11.9,74.3
1783975713.585,448,1.199,-0.229,0.057,0.0,11.7,69.9
1783975713.585,448,2.354,0.458,0.466,0.0,12.0,73.0
1783975713.585,448,2.541,1.35,0.103,0.0,11.8,67.4
1783975713.585,448,5.355,0.169,0.751,0.0,19.1,60.5
1783975713.585,448,8.205,1.587,1.341,0.0,12.2,51.2
1783975713.686,449,0.725,0.07,0.14,0.0,16.9,75.4
1783975713.686,449,0.718,-0.414,0.02,0.0,14.1,76.2
1783975713.686,449,1.019,-0.196,0.14,0.0,11.7,74.5
1783975713.686,449,2.336,0.458,0.552,0.0,11.9,73.1
1783975713.686,449,2.542,1.35,0.099,0.0,12.2,67.2
1783975713.686,449,5.358,0.169,0.729,0.0,19.3,60.3
1783975713.686,449,8.232,1.587,1.164,0.0,13.5,50.3
1783975713.686,449,0.198,0.331,-0.071,-0.243,24.8,62.4
1783975713.787,450,0.726,0.07,0.136,0.0,17.4,75.0
1783975713.787,450,0.718,-0.414,0.014,0.0,14.7,75.7
1783975713.787,450,1.028,-0.164,0.115,0.0,11.7,74.5
1783975713.787,450,2.32,0.458,0.613,0.0,13.1,72.0
1783975713.787,450,2.543,1.35,0.056,0.0,13.1,66.8
1783975713.787,450,5.36,0.169,0.715,0.0,18.7,60.9
1783975713.787,450,8.225,1.587,1.209,0.0,13.4,50.8
1783975713.888,451,0.725,0.07,0.138,0.0,17.3,75.1
1783975713.888,451,0.718,-0.414,0.013,0.0,14.5,75.8
1783975713.888,451,1.188,-0.267,0.102,0.0,11.5,69.9
1783975713.888,451,1.348,-0.085,0.074,0.0,11.2,69.7
1783975713.888,451,2.344,0.458,0.513,0.0,11.6,72.8
1783975713.888,451,2.541,1.35,0.113,0.0,12.2,67.3
1783975713.888,451,5.354,0.169,0.755,0.0,18.5,61.2
1783975713.888,451,8.247,1.322,1.369,0.0,11.9,51.8
1783975713.989,452,0.725,0.07,0.141,0.0,16.0,76.4
1783975713.989,452,0.718,-0.414,0.011,0.0,13.3,77.0
1783975713.989,452,1.02,-0.196,0.129,0.0,11.7,74.6
1783975713.989,452,1.331,-0.127,0.204,0.0,11.4,70.3
1783975713.989,452,2.343,0.534,0.442,0.0,12.2,72.5
1783975713.989,452,2.582,1.37,-0.038,0.0,12.1,67.1
1783975713.989,452,5.359,0.169,0.723,0.0,18.7,61.0
1783975713.989,452,8.282,1.322,1.136,0.0,13.5,50.6
1783975714.091,453,0.725,0.07,0.14,0.0,15.5,77.0
1783975714.091,453,0.717,-0.414,0.027,0.0,12.7,77.7
1783975714.091,453,1.027,-0.164,0.119,0.0,11.6,75.0
1783975714.091,453,1.336,-0.127,0.171,0.0,11.3,69.9
1783975714.091,453,2.288,0.534,0.668,0.0,11.9,73.1
1783975714.091,453,2.581,1.37,-0.07,0.0,12.7,66.4
1783975714.091,453,5.353,0.169,0.765,0.0,18.8,60.8
1783975714.091,453,8.234,1.587,1.149,0.0,12.2,51.2
1783975714.192,454,0.726,0.07,0.136,0.0,15.0,77.4
1783975714.192,454,0.717,-0.414,0.033,0.0,12.1,78.2
1783975714.192,454,2.337,0.458,0.545,0.0,11.4,73.8
1783975714.192,454,5.357,0.169,0.735,0.0,18.3,61.3
1783975714.192,454,8.278,1.322,1.172,0.0,12.8,51.0
1783975714.293,455,0.726,0.07,0.136,0.0,16.6,75.8
1783975714.293,455,0.718,-0.414,0.015,0.0,13.7,76.4
1783975714.293,455,1.029,-0.164,0.107,0.0,11.3,74.9
1783975714.293,455,2.36,0.458,0.436,0.0,11.7,73.1
1783975714.293,455,2.589,1.26,0.024,0.0,12.3,66.7
1783975714.293,455,5.357,0.169,0.738,0.0,18.7,61.0
1783975714.293,455,8.246,1.587,1.058,0.0,12.5,52.1
1783975714.393,456,0.725,0.07,0.142,0.0,17.1,75.3
1783975714.393,456,0.718,-0.414,0.001,0.0,14.3,76.0
1783975714.393,456,1.027,-0.164,0.125,0.0,11.6,75.0
1783975714.393,456,2.349,0.458,0.489,0.0,11.3,73.4
1783975714.393,456,2.542,1.35,0.078,0.0,12.1,67.0
1783975714.393,456,5.352,0.169,0.768,0.0,18.7,61.0
1783975714.393,456,8.262,1.322,1.273,0.0,13.4,51.1
1783975714.495,457,0.724,0.07,0.144,0.0,15.6,76.8
1783975714.495,457,0.718,-0.414,0.02,0.0,12.9,77.6
1783975714.495,457,1.026,-0.164,0.128,0.0,11.2,74.9
1783975714.495,457,2.541,1.35,0.113,0.0,12.1,67.1
1783975714.495,457,5.351,0.169,0.78,0.0,18.9,60.8
1783975714.495,457,8.274,1.322,1.193,0.0,13.2,51.0
1783975714.596,458,0.726,0.07,0.136,0.0,15.6,76.9
1783975714.596,458,0.718,-0.414,0.017,0.0,12.9,77.6
1783975714.596,458,2.541,1.35,0.113,0.0,12.5,66.6
1783975714.596,458,5.35,0.169,0.784,0.0,18.1,61.5
1783975714.596,458,8.204,1.587,1.349,0.0,13.5,50.8
1783975714.698,459,0.725,0.07,0.141,0.0,16.5,76.0
1783975714.698,459,0.718,-0.414,0.009,0.0,13.7,76.7
1783975714.698,459,2.341,0.458,0.529,0.0,11.2,73.5
1783975714.698,459,5.354,0.169,0.755,0.0,18.7,61.0
1783975714.698,459,8.279,1.322,1.159,0.0,13.1,50.8
1783975714.8,460,0.725,0.07,0.138,0.0,16.2,76.1
1783975714.8,460,0.717,-0.414,0.026,0.0,13.4,76.8
1783975714.8,460,1.06,-0.239,0.092,0.0,11.9,73.5
1783975714.8,460,1.197,-0.229,0.082,0.0,11.4,70.3
1783975714.8,460,0.807,0.916,0.049,0.0,11.4,70.3
1783975714.8,460,2.54,1.35,0.131,0.0,11.6,67.5
1783975714.8,460,5.353,0.169,0.766,0.0,18.5,61.2
1783975714.8,460,8.261,1.322,1.286,0.0,13.1,51.4
1783975714.901,461,0.726,0.07,0.134,0.0,16.8,75.6
1783975714.901,461,0.718,-0.414,0.019,0.0,13.9,76.3
1783975714.901,461,1.019,-0.196,0.14,0.0,11.7,75.1
1783975714.901,461,2.345,0.458,0.511,0.0,11.9,72.9
1783975714.901,461,2.539,1.35,0.146,0.0,11.7,67.6
1783975714.901,461,5.352,0.169,0.768,0.0,18.3,61.2
1783975714.901,461,8.235,1.322,1.44,0.0,14.3,50.1
1783975715.002,462,0.724,0.07,0.144,0.0,16.3,76.0
1783975715.002,462,0.718,-0.414,0.008,0.0,13.6,76.8
1783975715.002,462,1.199,-0.229,0.057,0.0,11.7,70.6
1783975715.002,462,0.761,0.954,0.053,0.0,11.7,70.6
1783975715.002,462,1.324,-0.042,0.272,0.0,11.3,70.1
1783975715.002,462,2.349,0.458,0.49,0.0,11.4,73.5
1783975715.002,462,2.541,1.35,0.11,0.0,11.6,67.7
1783975715.002,462,5.355,0.169,0.752,0.0,18.7,61.0
1783975715.002,462,8.219,1.587,1.25,0.0,13.4,51.1
1783975715.11,463,0.725,0.07,0.139,0.0,16.2,76.2
1783975715.11,463,0.718,-0.414,0.008,0.0,13.5,77.0
1783975715.11,463,1.199,-0.229,0.052,0.0,12.6,69.8
1783975715.11,463,0.758,0.954,0.088,0.0,12.6,69.8
1783975715.11,463,1.326,-0.127,0.235,0.0,11.8,69.6
1783975715.11,463,2.35,0.458,0.485,0.0,11.2,73.6
1783975715.11,463,2.54,1.35,0.125,0.0,11.9,67.3
1783975715.11,463,5.351,0.169,0.777,0.0,19.0,60.7
1783975715.11,463,8.181,1.587,1.479,0.0,13.4,51.2
1783975715.21,464,0.726,0.07,0.135,0.0,16.1,76.3
1783975715.21,464,0.718,-0.414,0.011,0.0,13.3,77.1
1783975715.21,464,1.199,-0.229,0.044,0.0,11.7,69.7
1783975715.21,464,0.756,0.954,0.102,0.0,11.7,69.7
1783975715.21,464,1.33,-0.127,0.212,0.0,12.4,69.5
1783975715.21,464,2.54,1.35,0.134,0.0,12.0,67.2
1783975715.21,464,5.353,0.169,0.762,0.0,18.6,61.0
1783975715.21,464,8.207,1.322,1.59,0.0,13.4,51.2
1783975715.312,465,0.726,0.07,0.134,0.0,15.8,76.6
1783975715.312,465,0.718,-0.414,0.013,0.0,12.9,77.4
1783975715.312,465,1.027,-0.164,0.12,0.0,11.3,74.8
1783975715.312,465,1.338,-0.085,0.178,0.0,11.6,69.7
1783975715.312,465,2.54,1.35,0.138,0.0,11.8,67.5
1783975715.312,465,5.351,0.169,0.78,0.0,18.3,61.3
1783975715.312,465,8.218,1.322,1.536,0.0,13.6,51.0
1783975715.413,466,0.726,0.07,0.135,0.0,15.3,77.0
1783975715.413,466,0.718,-0.414,0.021,0.0,12.4,77.8
1783975715.413,466,1.019,-0.196,0.141,0.0,11.3,74.6
1783975715.413,466,2.539,1.35,0.151,0.0,12.2,67.3
1783975715.413,466,5.353,0.169,0.767,0.0,18.4,61.2
1783975715.413,466,8.216,1.587,1.27,0.0,13.8,50.7
1783975715.463,467,0.725,0.07,0.138,0.0,15.3,77.1
1783975715.463,467,0.718,-0.414,0.02,0.0,12.6,77.7
1783975715.463,467,1.059,-0.239,0.104,0.0,11.4,73.8
1783975715.463,467,2.35,0.458,0.488,0.0,11.5,73.2
1783975715.463,467,2.541,1.35,0.103,0.0,11.7,67.5
1783975715.463,467,5.356,0.169,0.743,0.0,18.1,61.5
1783975715.463,467,8.227,1.587,1.2,0.0,13.6,51.0
1783975715.617,468,0.726,0.07,0.136,0.0,15.1,77.3
1783975715.617,468,0.718,-0.414,0.013,0.0,12.3,78.0
1783975715.617,468,2.35,0.458,0.489,0.0,12.1,72.7
1783975715.617,468,2.543,1.35,0.058,0.0,11.5,67.6
1783975715.617,468,5.357,0.169,0.733,0.0,18.3,61.3
1783975715.617,468,8.211,1.587,1.302,0.0,13.6,51.0
1783975715.719,469,0.726,0.07,0.133,0.0,14.8,77.6
1783975715.719,469,0.718,-0.414,0.006,0.0,12.0,78.3
1783975715.719,469,2.329,0.534,0.508,0.0,11.4,73.4
1783975715.719,469,2.542,1.35,0.074,0.0,11.6,67.5
1783975715.719,469,5.359,0.169,0.722,0.0,18.1,61.5
1783975715.719,469,8.188,1.587,1.442,0.0,13.0,51.6
1783975715.774,470,0.726,0.07,0.134,0.0,14.5,77.8
1783975715.774,470,0.718,-0.414,0.011,0.0,11.7,78.5
1783975715.774,470,2.352,0.458,0.479,0.0,11.4,73.4
1783975715.774,470,2.543,1.35,0.071,0.0,11.8,67.5
1783975715.774,470,5.357,0.169,0.734,0.0,18.3,61.3
1783975715.774,470,8.205,1.322,1.602,0.0,12.8,51.4
1783975715.875,471,0.726,0.07,0.132,0.0,14.9,77.5
1783975715.875,471,0.718,-0.414,0.013,0.0,12.1,78.1
1783975715.875,471,2.541,1.35,0.123,0.0,11.8,67.6
1783975715.875,471,5.357,0.169,0.732,0.0,18.5,61.1
1783975715.875,471,8.177,1.587,1.503,0.0,13.5,51.0
1783975715.976,472,0.726,0.07,0.134,0.0,15.3,77.1
1783975715.976,472,0.718,-0.414,0.016,0.0,12.5,77.8
1783975715.976,472,2.347,0.458,0.499,0.0,11.3,73.5
1783975715.976,472,2.539,1.35,0.144,0.0,11.8,67.6
1783975715.976,472,5.354,0.169,0.759,0.0,18.2,61.5
1783975715.976,472,8.209,1.587,1.315,0.0,13.1,51.5
1783975716.077,473,0.726,0.07,0.134,0.0,15.2,77.2
1783975716.077,473,0.718,-0.414,0.017,0.0,12.4,77.9
1783975716.077,473,2.347,0.458,0.5,0.0,11.3,73.5
1783975716.077,473,2.54,1.35,0.133,0.0,11.7,67.8
1783975716.077,473,5.355,0.169,0.751,0.0,18.3,61.4
1783975716.077,473,8.205,1.587,1.342,0.0,13.9,50.5
1783975716.182,474,0.726,0.07,0.135,0.0,15.9,76.5
1783975716.182,474,2.347,0.458,0.5,0.0,11.2,73.6
1783975716.182,474,2.54,1.35,0.133,0.0,11.6,67.8
1783975716.182,474,5.358,0.169,0.732,0.0,18.3,61.4
1783975716.182,474,8.188,1.587,1.44,0.0,14.6,49.9
1783975716.285,475,0.726,0.07,0.134,0.0,15.9,76.5
1783975716.285,475,1.027,-0.164,0.122,0.0,11.2,75.0
1783975716.285,475,2.349,0.458,0.492,0.0,11.3,73.4
1783975716.285,475,2.587,1.26,0.097,0.0,11.6,67.8
1783975716.285,475,5.358,0.169,0.73,0.0,18.2,61.4
1783975716.285,475,8.218,1.322,1.536,0.0,13.7,50.8
1783975716.385,476,0.726,0.07,0.134,0.0,16.0,76.4
1783975716.385,476,0.717,-0.414,0.026,0.0,13.2,77.1
1783975716.385,476,2.347,0.458,0.499,0.0,11.6,73.2
1783975716.385,476,2.588,1.26,0.091,0.0,11.9,67.6
1783975716.385,476,5.356,0.169,0.742,0.0,18.1,61.5
1783975716.385,476,8.17,1.587,1.54,0.0,13.4,51.3
1783975716.485,477,0.727,0.07,0.132,0.0,16.0,76.4
1783975716.485,477,0.717,-0.414,0.025,0.0,13.1,77.2
1783975716.485,477,2.348,0.458,0.495,0.0,11.6,73.1
1783975716.485,477,2.588,1.26,0.092,0.0,12.0,67.6
1783975716.485,477,5.355,0.169,0.749,0.0,18.0,61.6
1783975716.485,477,8.21,1.587,1.308,0.0,13.6,50.8
1783975716.586,478,0.726,0.07,0.132,0.0,15.9,76.5
1783975716.586,478,1.318,-0.042,0.301,0.0,11.2,69.9
1783975716.586,478,2.347,0.458,0.502,0.0,11.2,73.5
1783975716.586,478,2.587,1.26,0.097,0.0,11.9,67.6
1783975716.586,478,5.354,0.169,0.757,0.0,18.1,61.5
1783975716.586,478,8.176,1.587,1.506,0.0,12.8,52.0
1783975716.687,479,0.727,0.07,0.132,0.0,15.9,76.5
1783975716.687,479,0.718,-0.414,0.02,0.0,13.3,77.0
1783975716.687,479,2.541,1.35,0.118,0.0,11.7,67.8
1783975716.687,479,5.354,0.169,0.76,0.0,18.1,61.5
1783975716.687,479,8.209,1.587,1.314,0.0,13.8,50.7
1783975716.788,480,0.727,0.07,0.131,0.0,15.9,76.5
1783975716.788,480,0.718,-0.414,0.021,0.0,13.2,77.1
1783975716.788,480,2.346,0.458,0.507,0.0,11.4,73.4
1783975716.788,480,2.541,1.35,0.122,0.0,12.0,67.6
1783975716.788,480,5.355,0.169,0.748,0.0,18.4,61.2
1783975716.788,480,8.23,1.587,1.18,0.0,13.4,51.1
1783975716.89,481,0.727,0.07,0.131,0.0,15.8,76.6
1783975716.89,481,0.718,-0.414,0.019,0.0,13.2,77.2
1783975716.89,481,2.345,0.458,0.509,0.0,11.3,73.5
1783975716.89,481,2.54,1.35,0.134,0.0,12.0,67.5
1783975716.89,481,5.352,0.169,0.769,0.0,18.1,61.6
1783975716.89,481,8.253,1.322,1.334,0.0,13.8,50.9
1783975716.992,482,0.726,0.07,0.132,0.0,16.0,76.4
1783975716.992,482,0.718,-0.414,0.014,0.0,13.4,77.0
1783975716.992,482,2.345,0.458,0.511,0.0,11.2,73.6
1783975716.992,482,2.54,1.35,0.138,0.0,11.8,67.7
1783975716.992,482,5.356,0.169,0.746,0.0,18.1,61.5
1783975716.992,482,8.167,1.587,1.554,0.0,13.7,50.9
1783975717.094,483,0.726,0.07,0.132,0.0,15.9,76.5
1783975717.094,483,0.718,-0.414,0.013,0.0,13.0,77.3
1783975717.094,483,2.345,0.458,0.511,0.0,11.2,73.6
1783975717.094,483,2.538,1.35,0.166,0.0,11.9,67.6
1783975717.094,483,5.352,0.169,0.77,0.0,18.8,60.9
1783975717.094,483,8.21,1.322,1.574,0.0,13.9,50.8
1783975717.196,484,0.726,0.07,0.133,0.0,15.7,76.7
1783975717.196,484,0.718,-0.414,0.013,0.0,12.8,77.5
1783975717.196,484,2.346,0.458,0.503,0.0,11.2,73.6
1783975717.196,484,2.538,1.35,0.165,0.0,11.9,67.6
1783975717.196,484,5.353,0.169,0.766,0.0,18.8,60.8
1783975717.196,484,8.242,1.322,1.399,0.0,13.6,51.0
1783975717.297,485,0.726,0.07,0.135,0.0,15.1,77.3
1783975717.297,485,0.718,-0.414,0.012,0.0,12.3,78.1
1783975717.297,485,1.186,-0.267,0.12,0.0,11.7,69.7
1783975717.297,485,2.346,0.458,0.504,0.0,11.2,73.5
1783975717.297,485,2.539,1.35,0.148,0.0,11.8,67.7
1783975717.297,485,5.353,0.169,0.767,0.0,19.1,60.5
1783975717.297,485,8.22,1.322,1.525,0.0,13.2,51.3
1783975717.397,486,0.726,0.07,0.135,0.0,15.0,77.4
1783975717.397,486,0.718,-0.414,0.013,0.0,12.2,78.1
1783975717.397,486,1.028,-0.164,0.114,0.0,11.5,74.4
1783975717.397,486,1.187,-0.267,0.11,0.0,12.6,69.0
1783975717.397,486,2.346,0.458,0.504,0.0,11.4,73.4
1783975717.397,486,2.539,1.35,0.151,0.0,11.7,67.8
1783975717.397,486,5.351,0.169,0.778,0.0,18.8,60.9
1783975717.397,486,8.216,1.587,1.273,0.0,13.8,51.0
1783975717.498,487,0.725,0.07,0.139,0.0,15.0,77.4
1783975717.498,487,0.718,-0.414,0.011,0.0,12.2,78.1
1783975717.498,487,1.197,-0.229,0.085,0.0,11.7,70.0
1783975717.498,487,1.325,-0.042,0.267,0.0,11.3,69.5
1783975717.498,487,2.349,0.458,0.492,0.0,11.7,73.1
1783975717.498,487,2.54,1.35,0.138,0.0,11.6,67.9
1783975717.498,487,5.351,0.169,0.779,0.0,18.6,61.1
1783975717.498,487,8.134,1.587,1.719,0.0,13.4,51.1
1783975717.6,488,0.726,0.07,0.136,0.0,15.2,77.2
1783975717.6,488,0.718,-0.414,0.011,0.0,12.3,78.0
1783975717.6,488,1.188,-0.267,0.098,0.0,11.8,70.0
1783975717.6,488,2.349,0.458,0.493,0.0,11.6,73.3
1783975717.6,488,2.538,1.35,0.162,0.0,11.9,67.5
1783975717.6,488,5.352,0.169,0.773,0.0,18.7,61.0
1783975717.6,488,8.142,1.587,1.684,0.0,13.1,51.7
1783975717.7,489,0.726,0.07,0.135,0.0,15.7,76.7
1783975717.7,489,0.718,-0.414,0.015,0.0,12.9,77.4
1783975717.7,489,1.028,-0.164,0.11,0.0,11.5,74.8
1783975717.7,489,1.186,-0.267,0.118,0.0,11.2,70.2
1783975717.7,489,2.348,0.458,0.494,0.0,11.3,73.5
1783975717.7,489,2.539,1.35,0.155,0.0,11.9,67.6
1783975717.7,489,5.354,0.169,0.761,0.0,18.7,60.9
1783975717.7,489,8.238,1.587,1.121,0.0,13.7,51.0
1783975717.802,490,0.726,0.07,0.137,0.0,16.1,76.4
1783975717.802,490,1.188,-0.267,0.103,0.0,11.6,70.0
1783975717.802,490,2.586,1.26,0.125,0.0,12.1,67.3
1783975717.802,490,5.351,0.169,0.775,0.0,18.9,60.8
1783975717.802,490,8.206,1.587,1.336,0.0,12.9,51.5
1783975717.903,491,0.724,0.07,0.145,0.0,15.4,77.0
1783975717.903,491,0.718,-0.414,0.012,0.0,12.6,77.7
1783975717.903,491,2.334,0.534,0.488,0.0,12.0,72.9
1783975717.903,491,2.537,1.35,0.187,0.0,11.5,67.9
1783975717.903,491,5.359,0.169,0.721,0.0,18.3,61.4
1783975717.903,491,8.144,1.587,1.672,0.0,13.3,51.2
1783975718.004,492,0.726,0.07,0.136,0.0,15.2,77.2
1783975718.004,492,1.329,-0.127,0.217,0.0,11.9,69.5
1783975718.004,492,2.359,0.458,0.44,0.0,11.6,73.1
1783975718.004,492,2.54,1.35,0.13,0.0,11.3,68.0
1783975718.004,492,5.354,0.169,0.759,0.0,18.5,61.1
1783975718.004,492,8.225,1.587,1.21,0.0,12.7,51.7
1783975718.104,493,0.724,0.07,0.143,0.0,15.6,76.8
1783975718.104,493,0.718,-0.414,0.013,0.0,12.9,77.5
1783975718.104,493,1.028,-0.164,0.117,0.0,11.6,74.9
1783975718.104,493,1.198,-0.229,0.063,0.0,11.7,70.0
1783975718.104,493,0.754,0.954,0.113,0.0,11.7,70.0
1783975718.104,493,1.329,-0.169,0.187,0.0,11.6,69.6
1783975718.104,493,2.336,0.458,0.551,0.0,11.6,73.2
1783975718.104,493,2.539,1.35,0.155,0.0,11.6,67.7
1783975718.104,493,5.353,0.169,0.767,0.0,18.2,61.5
1783975718.104,493,8.185,1.587,1.457,0.0,13.4,51.1
1783975718.206,494,0.726,0.07,0.135,0.0,15.5,76.8
1783975718.206,494,2.355,0.458,0.461,0.0,11.3,73.5
1783975718.206,494,2.542,1.35,0.074,0.0,12.3,67.3
1783975718.206,494,5.363,0.169,0.692,0.0,18.5,61.1
1783975718.206,494,8.229,1.587,1.186,0.0,13.8,50.7
1783975718.307,495,0.725,0.07,0.139,0.0,15.9,76.5
1783975718.307,495,0.718,-0.414,0.014,0.0,13.2,77.1
1783975718.307,495,2.542,1.35,0.101,0.0,12.1,67.5
1783975718.307,495,5.363,0.169,0.689,0.0,18.5,61.1
1783975718.307,495,8.154,1.587,1.623,0.0,13.9,50.8
1783975718.408,496,0.726,0.07,0.137,0.0,15.6,76.7
1783975718.408,496,1.028,-0.164,0.115,0.0,11.7,74.6
1783975718.408,496,1.199,-0.229,0.041,0.0,11.7,70.1
1783975718.408,496,2.542,1.35,0.098,0.0,12.4,67.1
1783975718.408,496,5.361,0.169,0.707,0.0,18.3,61.2
1783975718.408,496,8.266,1.322,1.253,0.0,13.3,51.1
1783975718.509,497,0.726,0.07,0.137,0.0,15.9,76.5
1783975718.509,497,2.542,1.35,0.077,0.0,12.3,67.4
1783975718.509,497,5.364,0.169,0.684,0.0,18.7,60.8
1783975718.509,497,8.192,1.587,1.419,0.0,14.6,50.2
1783975718.611,498,0.726,0.07,0.137,0.0,16.7,75.8
1783975718.611,498,0.717,-0.414,0.027,0.0,13.9,76.4
1783975718.611,498,2.361,0.458,0.428,0.0,11.8,73.0
1783975718.611,498,2.54,1.35,0.132,0.0,12.0,67.8
1783975718.611,498,5.362,0.169,0.702,0.0,18.3,61.2
1783975718.611,498,8.213,1.587,1.292,0.0,14.3,50.5
1783975718.711,499,0.726,0.07,0.135,0.0,16.5,76.0
1783975718.711,499,0.717,-0.414,0.029,0.0,13.6,76.6
1783975718.711,499,2.34,0.534,0.458,0.0,11.7,73.1
1783975718.711,499,2.54,1.35,0.125,0.0,12.2,67.5
1783975718.711,499,5.359,0.169,0.723,0.0,18.5,61.0
1783975718.711,499,8.188,1.587,1.439,0.0,13.1,51.7
1783975718.762,500,0.726,0.07,0.135,0.0,16.4,76.0
1783975718.762,500,0.717,-0.414,0.028,0.0,13.5,76.8
1783975718.762,500,2.335,0.534,0.48,0.0,11.5,73.3
1783975718.762,500,2.54,1.35,0.134,0.0,12.3,67.3
1783975718.762,500,5.358,0.169,0.726,0.0,18.8,60.8
1783975718.762,500,8.183,1.587,1.468,0.0,13.5,51.4
1783975718.915,501,0.726,0.07,0.137,0.0,16.2,76.2
1783975718.915,501,0.718,-0.414,0.016,0.0,13.4,76.9
1783975718.915,501,2.352,0.458,0.476,0.0,11.6,73.1
1783975718.915,501,2.54,1.35,0.129,0.0,12.2,67.4
1783975718.915,501,5.361,0.169,0.709,0.0,18.5,61.0
1783975718.915,501,8.25,1.322,1.354,0.0,13.3,51.5
1783975719.016,502,0.726,0.07,0.134,0.0,17.0,75.4
1783975719.016,502,1.199,-0.229,0.036,0.0,11.5,70.3
1783975719.016,502,2.339,0.458,0.538,0.0,11.5,73.3
1783975719.016,502,2.543,1.35,0.071,0.0,12.2,67.4
1783975719.016,502,5.356,0.169,0.743,0.0,18.1,61.5
1783975719.016,502,8.188,1.587,1.443,0.0,13.1,51.5
1783975719.066,503,0.725,0.07,0.139,0.0,15.2,77.2
1783975719.066,503,0.718,-0.414,0.018,0.0,12.4,77.9
1783975719.066,503,2.339,0.458,0.536,0.0,11.6,73.2
1783975719.066,503,2.54,1.35,0.14,0.0,12.5,66.8
1783975719.066,503,5.355,0.169,0.753,0.0,18.5,61.1
1783975719.066,503,8.276,1.322,1.179,0.0,13.1,51.4
1783975719.167,504,0.725,0.07,0.139,0.0,15.7,76.7
1783975719.167,504,0.718,-0.414,0.011,0.0,13.1,77.4
1783975719.167,504,2.357,0.458,0.451,0.0,11.4,73.5
1783975719.167,504,2.54,1.35,0.127,0.0,12.6,66.7
1783975719.167,504,5.357,0.169,0.739,0.0,18.5,61.1
1783975719.167,504,8.191,1.587,1.421,0.0,14.2,50.6
1783975719.319,505,0.725,0.07,0.142,0.0,16.9,75.5
1783975719.319,505,0.718,-0.414,0.02,0.0,14.2,76.2
1783975719.319,505,2.351,0.458,0.482,0.0,11.7,73.1
1783975719.319,505,2.541,1.35,0.104,0.0,12.6,66.9
1783975719.319,505,5.356,0.169,0.742,0.0,18.3,61.3
1783975719.319,505,8.206,1.322,1.596,0.0,13.1,51.6
1783975719.37,506,0.726,0.07,0.133,0.0,15.8,76.6
1783975719.37,506,0.718,-0.414,0.021,0.0,13.0,77.2
1783975719.37,506,1.028,-0.164,0.109,0.0,11.2,75.2
1783975719.37,506,2.346,0.458,0.508,0.0,11.9,73.0
1783975719.37,506,2.589,1.26,0.042,0.0,12.2,67.3
1783975719.37,506,5.359,0.169,0.723,0.0,18.1,61.5
1783975719.37,506,8.254,1.322,1.33,0.0,13.1,51.7
1783975719.478,507,0.726,0.07,0.136,0.0,15.6,76.8
1783975719.478,507,0.718,-0.414,0.022,0.0,12.8,77.5
1783975719.478,507,1.028,-0.164,0.112,0.0,11.4,75.0
1783975719.478,507,2.341,0.458,0.529,0.0,11.3,73.6
1783975719.478,507,2.542,1.35,0.084,0.0,11.5,67.6
1783975719.478,507,2.63,1.17,0.064,0.0,11.5,67.6
1783975719.478,507,5.358,0.169,0.727,0.0,18.7,60.9
1783975719.478,507,8.248,1.322,1.364,0.0,13.5,51.7
1783975719.586,508,0.726,0.07,0.135,0.0,15.5,76.9
1783975719.586,508,0.718,-0.414,0.016,0.0,12.6,77.6
1783975719.586,508,1.029,-0.164,0.106,0.0,11.6,75.0
1783975719.586,508,2.347,0.458,0.499,0.0,11.6,73.2
1783975719.586,508,2.543,1.35,0.029,0.0,11.5,67.7
1783975719.586,508,5.361,0.169,0.703,0.0,18.1,61.5
1783975719.586,508,8.257,1.322,1.309,0.0,13.0,51.2
