t,label,material,refl_db,range_m,doppler_mps,extent_m,n_points,x,y,z
1784032767.377,static,fabric,-0.9,1.67,0.0,1.18,14,1.56,0.55,-0.24
1784032767.377,static,mid,8.0,3.23,0.0,0.12,5,2.74,1.69,0.24
1784032767.377,static,unknown,1.1,7.6,0.0,0.57,5,6.42,3.81,1.41
1784032767.377,static,unknown,-0.5,8.03,0.0,0.38,5,5.46,-5.82,0.88
1784032767.421,static,fabric,-1.0,1.67,0.0,1.19,14,1.56,0.55,-0.25
1784032767.421,static,mid,8.0,3.23,0.0,0.12,5,2.74,1.68,0.24
1784032767.421,static,unknown,1.1,7.63,0.0,0.46,5,6.44,3.82,1.42
1784032767.421,static,unknown,-0.5,8.03,0.0,0.38,5,5.44,-5.84,0.88
1784032767.465,static,fabric,-1.0,1.67,0.0,1.2,14,1.56,0.55,-0.25
1784032767.465,static,mid,8.0,3.23,0.0,0.12,5,2.75,1.68,0.23
1784032767.465,static,unknown,1.1,7.64,0.0,0.39,5,6.46,3.83,1.43
1784032767.465,static,unknown,-0.5,8.03,0.0,0.38,5,5.42,-5.85,0.88
1784032767.513,static,fabric,-1.0,1.67,0.0,1.21,15,1.56,0.55,-0.26
1784032767.513,static,mid,8.0,3.23,0.0,0.12,5,2.75,1.68,0.23
1784032767.513,static,unknown,1.1,7.65,0.0,0.33,5,6.47,3.83,1.43
1784032767.513,static,unknown,-0.6,8.03,0.0,0.38,5,5.4,-5.87,0.88
1784032767.556,static,fabric,-1.0,1.67,0.0,1.21,15,1.56,0.55,-0.27
1784032767.556,static,mid,8.0,3.23,0.0,0.12,5,2.74,1.68,0.24
1784032767.556,static,unknown,1.1,7.66,0.0,0.3,5,6.48,3.84,1.43
1784032767.556,static,unknown,-0.6,8.03,0.0,0.38,5,5.4,-5.87,0.88
1784032767.607,static,fabric,-1.0,1.68,0.0,1.22,15,1.56,0.55,-0.27
1784032767.607,static,mid,8.0,3.23,0.0,0.12,5,2.74,1.69,0.24
1784032767.607,static,unknown,1.1,7.67,0.0,0.29,5,6.47,3.85,1.44
1784032767.607,static,unknown,-0.6,8.02,0.0,0.38,5,5.4,-5.87,0.88
1784032767.653,static,fabric,-1.0,1.68,0.0,1.22,15,1.56,0.55,-0.27
1784032767.653,static,mid,8.0,3.23,0.0,0.12,5,2.74,1.69,0.24
1784032767.653,static,unknown,1.1,7.67,0.0,0.29,5,6.47,3.87,1.45
1784032767.653,static,unknown,-0.5,8.02,0.0,0.38,5,5.4,-5.87,0.88
1784032767.698,static,fabric,-1.0,1.68,0.0,1.22,15,1.56,0.55,-0.28
1784032767.698,static,mid,8.0,3.23,0.0,0.12,5,2.74,1.69,0.24
1784032767.698,static,unknown,1.1,7.68,0.0,0.29,5,6.46,3.88,1.46
1784032767.698,static,unknown,-0.5,8.03,0.0,0.38,5,5.39,-5.88,0.88
1784032767.747,static,fabric,-1.0,1.68,0.0,1.22,15,1.56,0.54,-0.28
1784032767.747,static,mid,8.0,3.23,0.0,0.12,5,2.74,1.68,0.23
1784032767.747,static,unknown,1.1,7.68,0.0,0.29,5,6.46,3.88,1.46
1784032767.747,static,unknown,-0.6,8.03,0.0,0.38,5,5.39,-5.88,0.89
1784032767.792,static,fabric,-1.0,1.68,0.0,1.22,15,1.56,0.54,-0.29
1784032767.792,static,mid,8.0,3.23,0.0,0.12,5,2.75,1.68,0.23
1784032767.792,static,unknown,1.1,7.68,0.0,0.29,5,6.46,3.89,1.46
1784032767.792,static,unknown,-0.6,8.03,0.0,0.38,5,5.4,-5.87,0.89
1784032767.838,static,fabric,-1.0,1.68,0.0,1.23,15,1.56,0.54,-0.28
1784032767.838,static,mid,8.0,3.23,0.0,0.12,5,2.75,1.68,0.23
1784032767.838,static,unknown,1.1,7.62,0.0,0.36,5,6.41,3.87,1.44
1784032767.838,static,unknown,-0.6,8.03,0.0,0.38,5,5.4,-5.87,0.9
1784032767.883,static,fabric,-0.9,1.68,0.0,1.23,15,1.56,0.54,-0.28
1784032767.883,static,mid,8.0,3.23,0.0,0.12,5,2.75,1.68,0.23
1784032767.883,static,unknown,1.1,7.58,0.0,0.42,5,6.37,3.85,1.44
1784032767.883,static,unknown,-0.6,8.03,0.0,0.38,5,5.4,-5.87,0.9
1784032767.93,static,fabric,-0.9,1.68,0.0,1.23,15,1.56,0.55,-0.28
1784032767.93,static,mid,8.0,3.23,0.0,0.12,5,2.75,1.68,0.23
1784032767.93,static,unknown,1.1,7.5,0.0,0.47,5,6.29,3.84,1.42
1784032767.93,static,unknown,-0.6,8.02,0.0,0.38,5,5.42,-5.85,0.89
1784032767.975,static,fabric,-0.9,1.68,0.0,1.23,15,1.56,0.55,-0.28
1784032767.975,static,mid,8.0,3.23,0.0,0.12,5,2.74,1.68,0.23
1784032767.975,static,unknown,1.1,7.46,0.0,0.52,5,6.24,3.83,1.41
1784032767.975,static,unknown,-0.6,8.02,0.0,0.38,5,5.43,-5.84,0.89
1784032767.975,static,fabric,-2.6,2.0,0.0,0.0,2,1.15,-1.63,0.19
1784032768.024,static,fabric,-0.9,1.68,0.0,1.23,15,1.56,0.55,-0.27
1784032768.024,static,mid,8.0,3.23,0.0,0.12,5,2.74,1.69,0.23
1784032768.024,static,unknown,1.1,7.43,0.0,0.56,6,6.21,3.82,1.4
1784032768.024,static,unknown,-0.6,8.03,0.0,0.36,5,5.46,-5.82,0.9
1784032768.024,static,fabric,-2.6,2.0,0.0,0.0,2,1.15,-1.63,0.19
1784032768.084,static,fabric,-0.8,1.68,0.0,1.23,15,1.56,0.55,-0.26
1784032768.084,static,mid,8.0,3.23,0.0,0.12,5,2.74,1.69,0.23
1784032768.084,static,unknown,1.1,7.4,0.0,0.59,6,6.19,3.82,1.4
1784032768.084,static,unknown,-0.6,8.03,0.0,0.34,5,5.48,-5.8,0.9
1784032768.084,static,fabric,-2.6,2.0,0.0,0.0,2,1.15,-1.63,0.19
1784032768.138,static,fabric,-0.5,1.68,0.0,1.23,15,1.56,0.55,-0.26
1784032768.138,static,mid,8.0,3.23,0.0,0.12,5,2.74,1.69,0.23
1784032768.138,static,unknown,1.1,7.36,0.0,0.63,6,6.15,3.8,1.38
1784032768.138,static,unknown,-0.6,8.03,0.0,0.32,5,5.49,-5.79,0.9
1784032768.138,static,fabric,-2.6,2.0,0.0,0.0,2,1.15,-1.63,0.19
1784032768.19,static,fabric,-0.5,1.68,0.0,1.23,15,1.56,0.55,-0.26
1784032768.19,static,mid,8.0,3.23,0.0,0.12,5,2.74,1.69,0.23
1784032768.19,static,unknown,1.1,7.33,0.0,0.66,6,6.12,3.79,1.37
1784032768.19,static,unknown,-0.6,8.03,0.0,0.31,5,5.5,-5.78,0.9
1784032768.19,static,fabric,-2.6,2.0,0.0,0.0,2,1.15,-1.63,0.19
1784032768.237,static,fabric,-0.5,1.67,0.0,1.23,15,1.56,0.55,-0.25
1784032768.237,static,mid,8.0,3.23,0.0,0.12,5,2.73,1.7,0.23
1784032768.237,static,unknown,1.1,7.28,0.0,0.69,6,6.08,3.77,1.35
1784032768.237,static,unknown,-0.6,8.03,0.0,0.29,5,5.5,-5.78,0.9
1784032768.237,static,fabric,-2.6,2.0,0.0,0.0,3,1.15,-1.63,0.19
1784032768.283,static,fabric,-0.5,1.67,0.0,1.22,15,1.56,0.56,-0.25
1784032768.283,static,mid,8.0,3.23,0.0,0.11,5,2.73,1.71,0.24
1784032768.283,static,unknown,1.1,7.25,0.0,0.71,6,6.05,3.76,1.34
1784032768.283,static,unknown,-0.6,8.03,0.0,0.28,5,5.5,-5.78,0.9
1784032768.283,static,fabric,-2.6,2.0,0.0,0.0,3,1.15,-1.63,0.19
1784032768.33,static,fabric,-0.4,1.68,0.0,1.22,15,1.56,0.56,-0.25
1784032768.33,static,mid,8.0,3.23,0.0,0.11,5,2.73,1.71,0.24
1784032768.33,static,unknown,1.1,7.23,0.0,0.73,6,6.03,3.75,1.32
1784032768.33,static,unknown,-0.6,8.03,0.0,0.27,5,5.51,-5.77,0.9
1784032768.33,static,fabric,-2.6,2.0,0.0,0.0,3,1.15,-1.63,0.19
1784032768.378,static,fabric,-0.4,1.68,0.0,1.22,15,1.56,0.56,-0.25
1784032768.378,static,mid,8.0,3.23,0.0,0.1,5,2.72,1.71,0.24
1784032768.378,static,unknown,1.1,7.21,0.0,0.76,6,6.02,3.75,1.32
1784032768.378,static,unknown,-0.6,8.03,0.0,0.26,5,5.51,-5.77,0.9
1784032768.378,static,fabric,-2.6,2.0,0.0,0.0,3,1.15,-1.63,0.19
1784032768.423,static,fabric,-0.4,1.67,0.0,1.22,15,1.56,0.56,-0.25
1784032768.423,static,mid,8.0,3.23,0.0,0.1,5,2.72,1.72,0.24
1784032768.423,static,unknown,1.1,7.21,0.0,0.77,6,6.02,3.74,1.31
1784032768.423,static,unknown,-0.6,8.03,0.0,0.27,5,5.49,-5.79,0.9
1784032768.423,static,fabric,-2.6,2.0,0.0,0.0,3,1.15,-1.63,0.19
1784032768.467,static,fabric,-0.4,1.67,0.0,1.21,15,1.56,0.55,-0.25
1784032768.467,static,mid,8.0,3.23,0.0,0.09,5,2.72,1.72,0.24
1784032768.467,static,unknown,1.1,7.2,0.0,0.79,7,6.02,3.73,1.3
1784032768.467,static,unknown,-0.6,8.03,0.0,0.27,5,5.47,-5.8,0.91
1784032768.467,static,fabric,-2.6,2.0,0.0,0.0,3,1.15,-1.63,0.19
1784032768.515,static,fabric,-0.4,1.67,0.0,1.21,15,1.56,0.55,-0.25
1784032768.515,static,mid,8.0,3.23,0.0,0.09,5,2.72,1.72,0.24
1784032768.515,static,unknown,1.1,7.18,0.0,0.81,7,6.0,3.72,1.29
1784032768.515,static,unknown,-0.6,8.03,0.0,0.27,5,5.47,-5.81,0.91
1784032768.515,static,fabric,-2.6,2.0,0.0,0.0,3,1.15,-1.63,0.19
1784032768.563,static,fabric,-0.4,1.67,0.0,1.21,15,1.56,0.55,-0.25
1784032768.563,static,mid,8.0,3.23,0.0,0.09,5,2.72,1.72,0.24
1784032768.563,static,unknown,1.1,7.16,0.0,0.83,7,5.99,3.71,1.29
1784032768.563,static,unknown,-0.6,8.03,0.0,0.28,5,5.46,-5.81,0.91
1784032768.563,static,fabric,-2.6,2.0,0.0,0.0,3,1.15,-1.63,0.19
1784032768.613,static,fabric,-0.4,1.67,0.0,1.21,15,1.56,0.55,-0.25
1784032768.613,static,mid,8.0,3.23,0.0,0.08,5,2.72,1.72,0.24
1784032768.613,static,unknown,1.1,7.17,0.0,0.84,7,6.0,3.71,1.29
1784032768.613,static,unknown,-0.6,8.03,0.0,0.28,5,5.46,-5.81,0.91
1784032768.613,static,fabric,-2.6,2.0,0.0,0.0,3,1.15,-1.63,0.19
1784032768.662,static,fabric,-0.5,1.67,0.0,1.21,15,1.56,0.55,-0.24
1784032768.662,static,mid,8.0,3.23,0.0,0.08,5,2.72,1.72,0.24
1784032768.662,static,unknown,1.1,7.18,0.0,0.85,7,6.01,3.71,1.3
1784032768.662,static,unknown,-0.6,8.03,0.0,0.28,5,5.45,-5.82,0.91
1784032768.662,static,fabric,-2.6,2.0,0.0,0.0,3,1.15,-1.63,0.19
1784032768.722,static,fabric,-0.6,1.67,0.0,1.21,15,1.56,0.54,-0.24
1784032768.722,static,mid,8.0,3.23,0.0,0.08,5,2.72,1.72,0.24
1784032768.722,static,unknown,1.1,7.18,0.0,0.87,7,6.01,3.72,1.3
1784032768.722,static,unknown,-0.6,8.02,0.0,0.29,5,5.45,-5.82,0.91
1784032768.722,static,fabric,-2.6,2.0,0.0,0.0,3,1.15,-1.63,0.19
1784032768.773,static,fabric,-0.7,1.67,0.0,1.21,15,1.56,0.54,-0.23
1784032768.773,static,mid,8.0,3.23,0.0,0.08,5,2.72,1.72,0.24
1784032768.773,static,unknown,1.1,7.19,0.0,0.88,7,6.0,3.73,1.3
1784032768.773,static,unknown,-0.6,8.02,0.0,0.29,5,5.45,-5.82,0.9
1784032768.773,static,fabric,-2.6,2.0,0.0,0.0,3,1.15,-1.63,0.19
1784032768.823,static,fabric,-0.7,1.66,0.0,1.21,15,1.56,0.54,-0.23
1784032768.823,static,mid,8.0,3.23,0.0,0.07,5,2.72,1.72,0.24
1784032768.823,static,unknown,1.1,7.19,0.0,0.89,7,6.0,3.73,1.3
1784032768.823,static,unknown,-0.6,8.02,0.0,0.29,5,5.45,-5.82,0.9
1784032768.823,static,fabric,-2.6,2.0,0.0,0.0,3,1.15,-1.63,0.19
1784032768.874,static,fabric,-0.7,1.66,0.0,1.21,15,1.56,0.53,-0.22
1784032768.874,static,mid,8.0,3.23,0.0,0.07,5,2.72,1.72,0.24
1784032768.874,static,unknown,1.1,7.19,0.0,0.9,7,6.0,3.74,1.3
1784032768.874,static,unknown,-0.6,8.02,0.0,0.29,5,5.45,-5.82,0.9
1784032768.874,static,fabric,-2.6,2.0,0.0,0.0,3,1.15,-1.63,0.19
1784032768.927,static,fabric,-0.7,1.66,0.0,1.21,15,1.56,0.53,-0.22
1784032768.927,static,mid,8.0,3.23,0.0,0.07,5,2.72,1.72,0.24
1784032768.927,static,unknown,1.1,7.22,0.0,0.91,7,6.02,3.76,1.31
1784032768.927,static,unknown,-0.6,8.03,0.0,0.29,5,5.47,-5.8,0.9
1784032768.927,static,fabric,-2.6,2.0,0.0,0.0,3,1.15,-1.63,0.19
1784032768.988,static,fabric,-0.7,1.66,0.0,1.21,15,1.56,0.52,-0.21
1784032768.988,static,mid,8.0,3.23,0.0,0.07,5,2.72,1.72,0.24
1784032768.988,static,unknown,1.1,7.23,0.0,0.92,7,6.03,3.77,1.32
1784032768.988,static,unknown,-0.6,8.03,0.0,0.28,5,5.48,-5.79,0.89
1784032768.988,static,fabric,-2.6,2.0,0.0,0.0,3,1.15,-1.63,0.19
1784032769.041,static,fabric,-0.7,1.66,0.0,1.21,15,1.56,0.52,-0.2
1784032769.041,static,mid,8.0,3.23,0.0,0.07,5,2.72,1.72,0.24
1784032769.041,static,unknown,1.1,7.24,0.0,0.93,7,6.04,3.78,1.32
1784032769.041,static,unknown,-0.6,8.03,0.0,0.27,5,5.49,-5.78,0.9
1784032769.041,static,fabric,-2.6,2.0,0.0,0.0,3,1.15,-1.63,0.19
1784032769.092,static,fabric,-0.7,1.65,0.0,1.21,15,1.56,0.51,-0.2
1784032769.092,static,mid,8.0,3.23,0.0,0.07,5,2.72,1.72,0.24
1784032769.092,static,unknown,1.1,7.25,0.0,0.94,7,6.04,3.79,1.31
1784032769.092,static,unknown,-0.6,8.03,0.0,0.27,5,5.5,-5.78,0.9
1784032769.092,static,fabric,-2.6,2.0,0.0,0.0,3,1.15,-1.63,0.19
1784032769.148,static,fabric,-0.7,1.65,0.0,1.22,15,1.56,0.51,-0.2
1784032769.148,static,mid,8.0,3.23,0.0,0.06,5,2.72,1.72,0.24
1784032769.148,static,unknown,1.1,7.23,0.0,0.95,7,6.03,3.77,1.3
1784032769.148,static,unknown,-0.6,8.03,0.0,0.26,5,5.5,-5.78,0.9
1784032769.148,static,fabric,-2.6,2.0,0.0,0.0,3,1.15,-1.63,0.19
1784032769.204,static,fabric,-0.7,1.65,0.0,1.22,15,1.56,0.51,-0.21
1784032769.204,static,mid,8.0,3.23,0.0,0.06,5,2.72,1.72,0.24
1784032769.204,static,unknown,1.1,7.22,0.0,0.96,7,6.02,3.76,1.29
1784032769.204,static,unknown,-0.6,8.03,0.0,0.25,5,5.51,-5.77,0.9
1784032769.204,static,fabric,-2.6,2.0,0.0,0.0,3,1.15,-1.63,0.19
1784032769.258,static,fabric,-0.7,1.66,0.0,1.22,15,1.56,0.52,-0.21
1784032769.258,static,mid,8.0,3.23,0.0,0.06,5,2.72,1.72,0.24
1784032769.258,static,unknown,1.1,7.21,0.0,0.97,7,6.02,3.75,1.28
1784032769.258,static,unknown,-0.6,8.03,0.0,0.25,5,5.51,-5.77,0.9
1784032769.258,static,fabric,-2.6,2.0,0.0,0.0,3,1.15,-1.63,0.19
1784032769.315,static,fabric,-0.7,1.66,0.0,1.22,15,1.56,0.52,-0.22
1784032769.315,static,mid,8.0,3.23,0.0,0.06,5,2.72,1.72,0.24
1784032769.315,static,unknown,1.1,7.23,0.0,0.98,7,6.04,3.76,1.29
1784032769.315,static,unknown,-0.6,8.03,0.0,0.24,5,5.51,-5.77,0.9
1784032769.315,static,fabric,-2.6,2.0,0.0,0.0,3,1.15,-1.63,0.19
1784032769.369,static,fabric,-0.7,1.66,0.0,1.23,15,1.56,0.52,-0.22
1784032769.369,static,mid,8.0,3.23,0.0,0.06,5,2.72,1.72,0.24
1784032769.369,static,unknown,1.1,7.24,0.0,0.99,7,6.05,3.76,1.3
1784032769.369,static,unknown,-0.6,8.03,0.0,0.24,5,5.51,-5.77,0.91
1784032769.369,static,fabric,-2.6,2.0,0.0,0.0,3,1.15,-1.63,0.19
1784032769.42,static,fabric,-0.7,1.67,0.0,1.23,15,1.56,0.53,-0.23
1784032769.42,static,mid,8.0,3.23,0.0,0.06,5,2.72,1.72,0.24
1784032769.42,static,unknown,1.1,7.25,0.0,0.99,7,6.06,3.77,1.3
1784032769.42,static,unknown,-0.6,8.03,0.0,0.23,5,5.51,-5.77,0.9
1784032769.42,static,fabric,-2.6,2.0,0.0,0.0,3,1.15,-1.63,0.19
1784032769.47,static,fabric,-0.7,1.67,0.0,1.23,15,1.56,0.54,-0.24
1784032769.47,static,mid,8.0,3.23,0.0,0.06,5,2.72,1.72,0.24
1784032769.47,static,unknown,1.1,7.25,0.0,1.0,7,6.06,3.77,1.3
1784032769.47,static,unknown,-0.6,8.03,0.0,0.23,5,5.51,-5.77,0.9
1784032769.47,static,fabric,-2.6,2.0,0.0,0.0,3,1.15,-1.63,0.19
1784032769.525,static,fabric,-0.7,1.67,0.0,1.23,15,1.56,0.54,-0.24
1784032769.525,static,mid,8.0,3.23,0.0,0.05,5,2.72,1.72,0.24
1784032769.525,static,unknown,1.1,7.29,0.0,1.01,7,6.09,3.78,1.33
1784032769.525,static,unknown,-0.6,8.03,0.0,0.23,5,5.49,-5.79,0.9
1784032769.525,static,fabric,-2.6,2.0,0.0,0.0,3,1.15,-1.63,0.19
1784032769.58,static,fabric,-0.7,1.67,0.0,1.23,15,1.56,0.55,-0.25
1784032769.58,static,mid,8.0,3.23,0.0,0.05,5,2.72,1.72,0.24
1784032769.58,static,unknown,1.1,7.32,0.0,1.01,7,6.11,3.79,1.34
1784032769.58,static,unknown,-0.6,8.03,0.0,0.23,5,5.48,-5.8,0.9
1784032769.58,static,fabric,-2.7,2.0,0.0,0.0,3,1.15,-1.63,0.19
1784032769.644,static,fabric,-0.7,1.67,0.0,1.23,15,1.56,0.55,-0.25
1784032769.644,static,mid,8.0,3.23,0.0,0.05,5,2.72,1.72,0.24
1784032769.644,static,unknown,1.1,7.38,0.0,1.02,7,6.16,3.83,1.37
1784032769.644,static,unknown,-0.6,8.03,0.0,0.24,5,5.45,-5.82,0.9
1784032769.644,static,fabric,-2.7,2.0,0.0,0.0,3,1.15,-1.63,0.19
1784032769.693,static,fabric,-0.7,1.67,0.0,1.23,15,1.56,0.55,-0.25
1784032769.693,static,mid,8.0,3.23,0.0,0.05,5,2.72,1.72,0.24
1784032769.693,static,unknown,1.1,7.42,0.0,1.02,7,6.19,3.85,1.39
1784032769.693,static,unknown,-0.6,8.03,0.0,0.24,5,5.43,-5.84,0.9
1784032769.693,static,fabric,-2.7,2.0,0.0,0.0,3,1.15,-1.63,0.19
1784032769.761,static,fabric,-0.7,1.67,0.0,1.23,15,1.56,0.55,-0.26
1784032769.761,static,mid,8.0,3.23,0.0,0.05,5,2.72,1.72,0.24
1784032769.761,static,unknown,1.1,7.51,0.0,1.01,7,6.26,3.9,1.43
1784032769.761,static,unknown,-0.6,8.03,0.0,0.24,5,5.42,-5.85,0.9
1784032769.761,static,fabric,-2.7,2.0,0.0,0.0,3,1.15,-1.63,0.19
1784032769.833,static,fabric,-0.6,1.67,0.0,1.23,15,1.56,0.55,-0.26
1784032769.833,static,mid,8.0,3.23,0.0,0.05,5,2.72,1.72,0.24
1784032769.833,static,unknown,1.1,7.57,0.0,0.99,7,6.3,3.93,1.45
1784032769.833,static,unknown,-0.6,8.03,0.0,0.25,5,5.41,-5.86,0.89
1784032769.833,static,fabric,-2.7,2.0,0.0,0.0,3,1.15,-1.63,0.19
1784032769.895,static,fabric,-0.5,1.67,0.0,1.23,15,1.55,0.54,-0.27
1784032769.895,static,mid,8.0,3.23,0.0,0.05,5,2.72,1.72,0.24
1784032769.895,static,unknown,1.1,7.6,0.0,0.98,7,6.33,3.95,1.46
1784032769.895,static,unknown,-0.6,8.03,0.0,0.25,5,5.41,-5.86,0.89
1784032769.895,static,fabric,-2.7,2.0,0.0,0.0,3,1.15,-1.63,0.19
1784032769.954,static,fabric,-0.5,1.67,0.0,1.23,15,1.55,0.54,-0.28
1784032769.954,static,mid,8.0,3.23,0.0,0.05,5,2.72,1.72,0.24
1784032769.954,static,unknown,1.1,7.63,0.0,0.97,7,6.35,3.96,1.47
1784032769.954,static,unknown,-0.6,8.03,0.0,0.25,5,5.39,-5.88,0.89
1784032769.954,static,fabric,-2.7,2.0,0.0,0.0,3,1.15,-1.63,0.19
1784032770.028,static,fabric,-0.5,1.67,0.0,1.23,15,1.55,0.54,-0.29
1784032770.028,static,mid,8.0,3.23,0.0,0.05,5,2.72,1.72,0.24
1784032770.028,static,unknown,1.1,7.64,0.0,0.95,7,6.37,3.97,1.48
1784032770.028,static,unknown,-0.6,8.03,0.0,0.25,5,5.37,-5.9,0.88
1784032770.028,static,fabric,-2.7,2.0,0.0,0.0,3,1.15,-1.63,0.19
1784032770.102,static,fabric,-0.5,1.67,0.0,1.23,15,1.55,0.54,-0.3
1784032770.102,static,mid,8.0,3.23,0.0,0.05,5,2.72,1.72,0.24
1784032770.102,static,unknown,1.1,7.65,0.0,0.94,7,6.37,3.97,1.48
1784032770.102,static,unknown,-0.6,8.03,0.0,0.26,5,5.37,-5.9,0.88
1784032770.102,static,fabric,-2.7,2.0,0.0,0.0,3,1.15,-1.63,0.19
1784032770.176,static,fabric,-0.4,1.67,0.0,1.23,15,1.55,0.54,-0.3
1784032770.176,static,mid,8.0,3.23,0.0,0.04,5,2.72,1.72,0.24
1784032770.176,static,unknown,1.1,7.66,0.0,0.93,7,6.38,3.97,1.48
1784032770.176,static,unknown,-0.6,8.03,0.0,0.26,5,5.38,-5.89,0.88
1784032770.176,static,fabric,-2.7,2.0,0.0,0.0,3,1.15,-1.63,0.19
1784032770.236,static,fabric,-0.5,1.67,0.0,1.23,15,1.55,0.54,-0.3
1784032770.236,static,mid,8.0,3.23,0.0,0.04,5,2.72,1.72,0.24
1784032770.236,static,unknown,1.1,7.67,0.0,0.92,7,6.38,3.98,1.48
1784032770.236,static,unknown,-0.6,8.02,0.0,0.26,5,5.39,-5.88,0.87
1784032770.236,static,fabric,-2.7,2.0,0.0,0.0,3,1.15,-1.63,0.19
1784032770.289,static,fabric,-0.5,1.67,0.0,1.23,15,1.55,0.53,-0.31
1784032770.289,static,mid,8.0,3.23,0.0,0.04,5,2.72,1.72,0.24
1784032770.289,static,unknown,1.1,7.67,0.0,0.91,7,6.39,3.98,1.49
1784032770.289,static,unknown,-0.6,8.02,0.0,0.26,5,5.39,-5.88,0.87
1784032770.289,static,fabric,-2.7,2.0,0.0,0.0,3,1.15,-1.63,0.19
1784032770.341,static,fabric,-0.5,1.67,0.0,1.23,15,1.55,0.53,-0.31
1784032770.341,static,mid,8.0,3.23,0.0,0.04,5,2.72,1.72,0.24
1784032770.341,static,unknown,1.1,7.67,0.0,0.9,7,6.38,4.0,1.49
1784032770.341,static,unknown,-0.6,8.02,0.0,0.26,5,5.39,-5.88,0.87
1784032770.341,static,fabric,-2.7,2.0,0.0,0.0,3,1.15,-1.63,0.19
1784032770.394,static,fabric,-0.5,1.67,0.0,1.23,15,1.55,0.53,-0.31
1784032770.394,static,mid,8.0,3.23,0.0,0.04,5,2.72,1.72,0.24
1784032770.394,static,unknown,1.1,7.67,0.0,0.89,7,6.37,4.01,1.49
1784032770.394,static,unknown,-0.6,8.02,0.0,0.27,5,5.4,-5.87,0.87
1784032770.394,static,fabric,-2.7,2.0,0.0,0.0,3,1.15,-1.63,0.19
1784032770.463,static,fabric,-0.5,1.67,0.0,1.23,15,1.55,0.53,-0.31
1784032770.463,static,mid,8.0,3.23,0.0,0.04,5,2.72,1.72,0.24
1784032770.463,static,unknown,1.1,7.68,0.0,0.88,7,6.37,4.02,1.5
1784032770.463,static,unknown,-0.6,8.02,0.0,0.27,5,5.42,-5.86,0.87
1784032770.463,static,fabric,-2.7,2.0,0.0,0.0,3,1.15,-1.63,0.19
1784032770.52,static,fabric,-0.5,1.67,0.0,1.23,15,1.56,0.54,-0.3
1784032770.52,static,mid,8.0,3.23,0.0,0.04,5,2.72,1.72,0.24
1784032770.52,static,unknown,1.1,7.68,0.0,0.86,7,6.35,4.04,1.51
1784032770.52,static,unknown,-0.6,8.03,0.0,0.26,5,5.45,-5.83,0.87
1784032770.52,static,fabric,-2.7,2.0,0.0,0.0,3,1.15,-1.63,0.19
1784032770.58,static,fabric,-0.5,1.67,0.0,1.23,15,1.56,0.54,-0.29
1784032770.58,static,mid,8.0,3.23,0.0,0.04,5,2.72,1.72,0.24
1784032770.58,static,unknown,1.1,7.68,0.0,0.85,7,6.34,4.05,1.52
1784032770.58,static,unknown,-0.6,8.03,0.0,0.26,5,5.47,-5.81,0.88
1784032770.58,static,fabric,-2.7,2.0,0.0,0.0,3,1.15,-1.63,0.19
1784032770.634,static,fabric,-0.7,1.67,0.0,1.23,15,1.56,0.54,-0.29
1784032770.634,static,mid,8.0,3.23,0.0,0.04,5,2.72,1.72,0.24
1784032770.634,static,unknown,1.1,7.68,0.0,0.84,7,6.33,4.06,1.53
1784032770.634,static,unknown,-0.7,8.03,0.0,0.26,5,5.48,-5.79,0.88
1784032770.634,static,fabric,-2.7,2.0,0.0,0.0,3,1.15,-1.63,0.19
1784032770.681,static,fabric,-0.7,1.67,0.0,1.23,15,1.56,0.54,-0.29
1784032770.681,static,mid,8.0,3.23,0.0,0.04,5,2.72,1.72,0.24
1784032770.681,static,unknown,1.1,7.68,0.0,0.83,7,6.33,4.07,1.53
1784032770.681,static,unknown,-0.7,8.03,0.0,0.25,5,5.49,-5.79,0.88
1784032770.681,static,fabric,-2.7,2.0,0.0,0.0,3,1.15,-1.63,0.19
1784032770.74,static,fabric,-0.7,1.67,0.0,1.23,15,1.56,0.54,-0.28
1784032770.74,static,mid,8.0,3.23,0.0,0.04,5,2.72,1.72,0.24
1784032770.74,static,unknown,1.1,7.68,0.0,0.81,7,6.33,4.07,1.53
1784032770.74,static,unknown,-0.7,8.03,0.0,0.25,5,5.5,-5.78,0.88
1784032770.74,static,fabric,-2.7,2.0,0.0,0.0,3,1.15,-1.63,0.19
1784032770.781,static,fabric,-0.7,1.67,0.0,1.23,15,1.55,0.54,-0.28
1784032770.781,static,mid,8.0,3.23,0.0,0.04,5,2.72,1.72,0.24
1784032770.781,static,unknown,1.1,7.68,0.0,0.8,7,6.32,4.08,1.54
1784032770.781,static,unknown,-0.7,8.03,0.0,0.24,5,5.5,-5.78,0.88
1784032770.781,static,fabric,-2.7,2.0,0.0,0.0,3,1.15,-1.63,0.19
1784032770.829,static,fabric,-0.7,1.67,0.0,1.23,15,1.55,0.54,-0.28
1784032770.829,static,mid,8.0,3.23,0.0,0.04,5,2.72,1.72,0.24
1784032770.829,static,unknown,1.1,7.68,0.0,0.8,7,6.33,4.06,1.53
1784032770.829,static,unknown,-0.7,8.03,0.0,0.24,5,5.51,-5.77,0.88
1784032770.829,static,fabric,-2.7,2.0,0.0,0.0,3,1.15,-1.63,0.19
1784032770.881,static,fabric,-0.8,1.67,0.0,1.23,15,1.55,0.54,-0.28
1784032770.881,static,mid,8.0,3.23,0.0,0.04,5,2.72,1.72,0.24
1784032770.881,static,unknown,1.1,7.68,0.0,0.79,7,6.34,4.05,1.53
1784032770.881,static,unknown,-0.7,8.03,0.0,0.24,5,5.51,-5.77,0.89
1784032770.881,static,fabric,-2.7,2.0,0.0,0.0,3,1.15,-1.63,0.19
1784032770.946,static,fabric,-0.9,1.67,0.0,1.23,15,1.55,0.54,-0.28
1784032770.946,static,mid,8.0,3.23,0.0,0.04,5,2.72,1.72,0.24
1784032770.946,static,unknown,1.1,7.68,0.0,0.78,7,6.36,4.02,1.52
1784032770.946,static,unknown,-0.7,8.03,0.0,0.23,5,5.51,-5.77,0.89
1784032770.946,static,fabric,-2.7,2.0,0.0,0.0,3,1.15,-1.63,0.19
1784032771.014,static,fabric,-0.9,1.67,0.0,1.23,15,1.55,0.54,-0.29
1784032771.014,static,mid,8.0,3.23,0.0,0.04,5,2.72,1.72,0.24
1784032771.014,static,unknown,1.1,7.68,0.0,0.77,7,6.37,4.01,1.52
1784032771.014,static,unknown,-0.7,8.03,0.0,0.23,5,5.51,-5.77,0.89
1784032771.014,static,fabric,-2.7,2.0,0.0,0.0,3,1.15,-1.63,0.19
1784032771.079,static,fabric,-0.9,1.67,0.0,1.23,15,1.55,0.54,-0.29
1784032771.079,static,mid,8.0,3.23,0.0,0.04,5,2.72,1.72,0.24
1784032771.079,static,unknown,1.1,7.68,0.0,0.77,7,6.39,3.98,1.51
1784032771.079,static,unknown,-0.7,8.03,0.0,0.23,5,5.51,-5.77,0.89
1784032771.079,static,fabric,-2.7,2.0,0.0,0.0,3,1.15,-1.63,0.19
1784032771.15,static,fabric,-1.1,1.67,0.0,1.23,15,1.55,0.54,-0.3
1784032771.15,static,mid,8.0,3.23,0.0,0.03,5,2.72,1.72,0.24
1784032771.15,static,unknown,1.1,7.68,0.0,0.76,7,6.4,3.97,1.5
1784032771.15,static,unknown,-0.7,8.03,0.0,0.23,5,5.51,-5.77,0.89
1784032771.15,static,fabric,-2.7,2.0,0.0,0.0,3,1.15,-1.63,0.19
1784032771.196,static,fabric,-1.1,1.67,0.0,1.24,15,1.55,0.54,-0.3
1784032771.196,static,mid,8.0,3.23,0.0,0.03,5,2.72,1.72,0.24
1784032771.196,static,unknown,1.1,7.68,0.0,0.75,7,6.41,3.96,1.5
1784032771.196,static,unknown,-0.7,8.03,0.0,0.22,5,5.51,-5.77,0.9
1784032771.196,static,fabric,-2.7,2.0,0.0,0.0,3,1.15,-1.63,0.19
1784032771.247,static,fabric,-1.1,1.67,0.0,1.24,15,1.55,0.54,-0.31
1784032771.247,static,mid,8.0,3.23,0.0,0.03,5,2.72,1.72,0.24
1784032771.247,static,unknown,1.1,7.68,0.0,0.75,7,6.42,3.93,1.49
1784032771.247,static,unknown,-0.7,8.03,0.0,0.22,5,5.51,-5.77,0.9
1784032771.247,static,fabric,-2.7,2.0,0.0,0.0,3,1.15,-1.63,0.19
1784032771.294,static,fabric,-1.1,1.67,0.0,1.24,15,1.55,0.54,-0.31
1784032771.294,static,mid,8.0,3.23,0.0,0.03,5,2.72,1.72,0.24
1784032771.294,static,unknown,1.1,7.68,0.0,0.74,7,6.43,3.92,1.48
1784032771.294,static,unknown,-0.7,8.03,0.0,0.22,5,5.51,-5.77,0.9
1784032771.294,static,fabric,-2.7,2.0,0.0,0.0,3,1.15,-1.63,0.19
1784032771.348,static,fabric,-1.2,1.67,0.0,1.24,15,1.55,0.54,-0.31
1784032771.348,static,mid,8.0,3.23,0.0,0.03,5,2.72,1.72,0.24
1784032771.348,static,unknown,1.1,7.68,0.0,0.74,6,6.43,3.93,1.48
1784032771.348,static,unknown,-0.7,8.03,0.0,0.22,5,5.51,-5.77,0.9
1784032771.348,static,fabric,-2.7,2.0,0.0,0.0,3,1.15,-1.63,0.19
1784032771.418,static,fabric,-1.2,1.67,0.0,1.24,15,1.55,0.54,-0.31
1784032771.418,static,mid,8.0,3.23,0.0,0.03,5,2.72,1.72,0.24
1784032771.418,static,unknown,1.1,7.68,0.0,0.73,6,6.42,3.93,1.49
1784032771.418,static,unknown,-0.7,8.03,0.0,0.21,5,5.51,-5.77,0.89
1784032771.418,static,fabric,-2.7,2.0,0.0,0.0,3,1.15,-1.63,0.19
1784032771.489,static,fabric,-1.2,1.67,0.0,1.24,15,1.55,0.54,-0.31
1784032771.489,static,mid,8.0,3.23,0.0,0.03,5,2.72,1.72,0.24
1784032771.489,static,unknown,1.1,7.68,0.0,0.73,6,6.42,3.93,1.49
1784032771.489,static,unknown,-0.7,8.03,0.0,0.21,5,5.51,-5.77,0.89
1784032771.489,static,fabric,-2.7,2.0,0.0,0.0,3,1.15,-1.63,0.19
1784032771.559,static,fabric,-1.2,1.67,0.0,1.24,15,1.55,0.54,-0.31
1784032771.559,static,mid,8.0,3.23,0.0,0.03,5,2.72,1.72,0.24
1784032771.559,static,unknown,1.1,7.68,0.0,0.72,6,6.41,3.95,1.49
1784032771.559,static,unknown,-0.7,8.03,0.0,0.21,5,5.51,-5.77,0.89
1784032771.559,static,fabric,-2.7,2.0,0.0,0.0,3,1.15,-1.63,0.19
1784032771.625,static,fabric,-1.2,1.67,0.0,1.24,15,1.55,0.54,-0.31
1784032771.625,static,mid,8.0,3.23,0.0,0.03,5,2.72,1.72,0.24
1784032771.625,static,unknown,1.1,7.68,0.0,0.72,6,6.4,3.96,1.49
1784032771.625,static,unknown,-0.7,8.03,0.0,0.21,5,5.51,-5.77,0.89
1784032771.625,static,fabric,-2.7,2.0,0.0,0.0,3,1.15,-1.63,0.19
1784032771.692,static,fabric,-1.2,1.67,0.0,1.24,15,1.55,0.54,-0.31
1784032771.692,static,mid,8.0,3.23,0.0,0.03,5,2.72,1.72,0.24
1784032771.692,static,unknown,1.1,7.68,0.0,0.71,6,6.4,3.97,1.5
1784032771.692,static,unknown,-0.7,8.03,0.0,0.2,5,5.51,-5.77,0.89
1784032771.692,static,fabric,-2.7,2.0,0.0,0.0,3,1.15,-1.63,0.19
1784032771.766,static,fabric,-1.3,1.67,0.0,1.24,15,1.55,0.53,-0.31
1784032771.766,static,mid,8.0,3.23,0.0,0.03,5,2.72,1.72,0.24
1784032771.766,static,unknown,1.1,7.68,0.0,0.71,6,6.38,3.99,1.51
1784032771.766,static,unknown,-0.7,8.03,0.0,0.2,5,5.51,-5.77,0.89
1784032771.766,static,fabric,-2.7,2.0,0.0,0.0,3,1.15,-1.63,0.19
1784032771.835,static,fabric,-1.3,1.67,0.0,1.24,15,1.55,0.53,-0.31
1784032771.835,static,mid,8.0,3.23,0.0,0.03,5,2.72,1.72,0.24
1784032771.835,static,unknown,1.1,7.68,0.0,0.7,6,6.37,4.0,1.52
1784032771.835,static,unknown,-0.7,8.03,0.0,0.2,5,5.51,-5.77,0.89
1784032771.835,static,fabric,-2.7,2.0,0.0,0.0,3,1.15,-1.63,0.19
1784032771.899,static,fabric,-1.3,1.67,0.0,1.24,15,1.55,0.53,-0.31
1784032771.899,static,mid,8.0,3.23,0.0,0.03,5,2.72,1.72,0.24
1784032771.899,static,unknown,1.1,7.68,0.0,0.7,6,6.37,4.01,1.52
1784032771.899,static,unknown,-0.7,8.03,0.0,0.2,5,5.51,-5.77,0.89
1784032771.899,static,fabric,-2.7,2.0,0.0,0.0,3,1.15,-1.63,0.19
1784032771.953,static,fabric,-1.3,1.67,0.0,1.24,15,1.55,0.53,-0.31
1784032771.953,static,mid,8.0,3.23,0.0,0.03,5,2.72,1.72,0.24
1784032771.953,static,unknown,1.1,7.68,0.0,0.69,6,6.35,4.03,1.53
1784032771.953,static,unknown,-0.7,8.03,0.0,0.19,5,5.51,-5.77,0.89
1784032771.953,static,fabric,-2.7,2.0,0.0,0.0,3,1.15,-1.63,0.19
1784032772.003,static,fabric,-1.3,1.67,0.0,1.24,15,1.55,0.54,-0.3
1784032772.003,static,mid,8.0,3.23,0.0,0.03,5,2.72,1.72,0.24
1784032772.003,static,unknown,1.1,7.68,0.0,0.68,6,6.34,4.05,1.54
1784032772.003,static,unknown,-0.7,8.03,0.0,0.19,5,5.51,-5.77,0.9
1784032772.003,static,fabric,-2.7,2.0,0.0,0.0,3,1.15,-1.63,0.19
1784032772.053,static,fabric,-1.3,1.67,0.0,1.24,15,1.55,0.54,-0.3
1784032772.053,static,mid,8.0,3.23,0.0,0.03,5,2.72,1.72,0.24
1784032772.053,static,unknown,1.1,7.68,0.0,0.67,6,6.33,4.06,1.54
1784032772.053,static,unknown,-0.7,8.03,0.0,0.19,5,5.51,-5.77,0.89
1784032772.053,static,fabric,-2.7,2.0,0.0,0.0,3,1.15,-1.63,0.19
1784032772.12,static,fabric,-1.3,1.67,0.0,1.24,15,1.56,0.54,-0.29
1784032772.12,static,mid,8.0,3.23,0.0,0.03,5,2.72,1.72,0.24
1784032772.12,static,unknown,1.1,7.68,0.0,0.67,6,6.33,4.07,1.54
1784032772.12,static,unknown,-0.7,8.03,0.0,0.19,5,5.51,-5.77,0.89
1784032772.12,static,fabric,-2.7,2.0,0.0,0.0,3,1.15,-1.63,0.19
1784032772.191,static,fabric,-1.3,1.67,0.0,1.24,15,1.55,0.54,-0.28
1784032772.191,static,mid,8.0,3.23,0.0,0.03,5,2.72,1.72,0.24
1784032772.191,static,unknown,1.1,7.68,0.0,0.66,6,6.33,4.07,1.54
1784032772.191,static,unknown,-0.7,8.03,0.0,0.19,5,5.51,-5.77,0.89
1784032772.191,static,fabric,-2.7,2.0,0.0,0.0,3,1.15,-1.63,0.19
1784032772.261,static,fabric,-1.3,1.67,0.0,1.24,15,1.56,0.55,-0.28
1784032772.261,static,mid,8.0,3.23,0.0,0.03,5,2.72,1.72,0.24
1784032772.261,static,unknown,1.1,7.68,0.0,0.65,6,6.32,4.07,1.54
1784032772.261,static,unknown,-0.7,8.03,0.0,0.19,5,5.51,-5.77,0.89
1784032772.261,static,fabric,-2.7,2.0,0.0,0.0,3,1.15,-1.63,0.19
1784032772.314,static,fabric,-1.3,1.67,0.0,1.24,15,1.56,0.55,-0.27
1784032772.314,static,mid,8.0,3.23,0.0,0.03,5,2.72,1.72,0.24
1784032772.314,static,unknown,1.1,7.68,0.0,0.65,6,6.32,4.08,1.53
1784032772.314,static,unknown,-0.7,8.03,0.0,0.18,5,5.51,-5.77,0.89
1784032772.314,static,fabric,-2.7,2.0,0.0,0.0,3,1.15,-1.63,0.19
1784032772.386,static,fabric,-1.3,1.67,0.0,1.24,15,1.56,0.55,-0.26
1784032772.386,static,mid,8.0,3.23,0.0,0.03,5,2.72,1.72,0.24
1784032772.386,static,unknown,1.1,7.68,0.0,0.64,6,6.33,4.06,1.53
1784032772.386,static,unknown,-0.7,8.03,0.0,0.18,5,5.51,-5.77,0.9
1784032772.386,static,fabric,-2.7,2.0,0.0,0.0,3,1.15,-1.63,0.19
1784032772.456,static,fabric,-1.2,1.67,0.0,1.24,15,1.56,0.55,-0.26
1784032772.456,static,mid,8.0,3.23,0.0,0.03,5,2.72,1.72,0.24
1784032772.456,static,unknown,1.1,7.68,0.0,0.64,6,6.34,4.05,1.53
1784032772.456,static,unknown,-0.7,8.03,0.0,0.18,5,5.51,-5.77,0.9
1784032772.456,static,fabric,-2.7,2.0,0.0,0.0,3,1.15,-1.63,0.19
1784032772.524,static,fabric,-1.2,1.67,0.0,1.24,15,1.56,0.56,-0.25
1784032772.524,static,mid,8.0,3.23,0.0,0.03,5,2.72,1.72,0.24
1784032772.524,static,unknown,1.1,7.68,0.0,0.63,6,6.34,4.05,1.52
1784032772.524,static,unknown,-0.7,8.03,0.0,0.18,5,5.51,-5.77,0.9
1784032772.524,static,fabric,-2.7,2.0,0.0,0.0,3,1.15,-1.63,0.19
1784032772.589,static,fabric,-1.2,1.68,0.0,1.24,15,1.56,0.56,-0.26
1784032772.589,static,mid,8.0,3.23,0.0,0.03,5,2.72,1.72,0.24
1784032772.589,static,unknown,1.1,7.68,0.0,0.63,6,6.35,4.04,1.52
1784032772.589,static,unknown,-0.7,8.03,0.0,0.18,5,5.51,-5.77,0.91
1784032772.589,static,fabric,-2.7,2.0,0.0,0.0,3,1.15,-1.63,0.19
1784032772.639,static,fabric,-1.2,1.68,0.0,1.24,15,1.56,0.56,-0.25
1784032772.639,static,mid,8.0,3.23,0.0,0.03,5,2.72,1.72,0.24
1784032772.639,static,unknown,1.1,7.68,0.0,0.63,6,6.35,4.04,1.52
1784032772.639,static,unknown,-0.7,8.03,0.0,0.18,5,5.51,-5.77,0.91
1784032772.639,static,fabric,-2.7,2.0,0.0,0.0,3,1.15,-1.63,0.19
1784032772.71,static,fabric,-0.8,1.68,0.0,1.24,15,1.56,0.56,-0.26
1784032772.71,static,mid,8.0,3.23,0.0,0.03,5,2.72,1.72,0.24
1784032772.71,static,unknown,1.1,7.68,0.0,0.62,6,6.35,4.03,1.52
1784032772.71,static,unknown,-0.7,8.03,0.0,0.17,5,5.51,-5.77,0.91
1784032772.71,static,fabric,-2.7,2.0,0.0,0.0,3,1.15,-1.63,0.19
1784032772.781,static,fabric,-0.7,1.68,0.0,1.24,15,1.56,0.56,-0.26
1784032772.781,static,mid,8.0,3.23,0.0,0.03,5,2.73,1.71,0.24
1784032772.781,static,unknown,1.1,7.68,0.0,0.62,6,6.37,4.01,1.51
1784032772.781,static,unknown,-0.7,8.03,0.0,0.17,5,5.51,-5.77,0.91
1784032772.781,static,fabric,-2.7,2.0,0.0,0.0,3,1.15,-1.63,0.19
1784032772.85,static,fabric,-0.7,1.68,0.0,1.24,15,1.56,0.58,-0.26
1784032772.85,static,mid,8.0,3.23,0.0,0.03,5,2.74,1.7,0.23
1784032772.85,static,unknown,1.1,7.68,0.0,0.62,6,6.37,4.0,1.5
1784032772.85,static,unknown,-0.7,8.03,0.0,0.17,5,5.49,-5.79,0.9
1784032772.85,static,fabric,-2.7,2.0,0.0,0.0,3,1.16,-1.63,0.18
1784032772.93,static,fabric,-0.6,1.69,0.0,1.24,15,1.56,0.59,-0.27
1784032772.93,static,mid,8.0,3.23,0.0,0.03,5,2.74,1.69,0.23
1784032772.93,static,unknown,1.1,7.68,0.0,0.61,6,6.38,4.0,1.5
1784032772.93,static,unknown,-0.7,8.03,0.0,0.18,5,5.46,-5.81,0.9
1784032772.93,static,fabric,-2.7,2.0,0.0,0.01,3,1.16,-1.62,0.18
1784032773.008,static,fabric,-0.6,1.69,0.0,1.24,15,1.56,0.59,-0.27
1784032773.008,static,mid,8.0,3.23,0.0,0.03,5,2.74,1.68,0.23
1784032773.008,static,unknown,1.1,7.68,0.0,0.61,6,6.38,3.99,1.5
1784032773.008,static,unknown,-0.7,8.03,0.0,0.18,5,5.42,-5.85,0.89
1784032773.008,static,fabric,-2.7,2.01,0.0,0.01,3,1.17,-1.62,0.17
1784032773.074,static,fabric,-0.6,1.69,0.0,1.24,15,1.56,0.6,-0.28
1784032773.074,static,mid,8.0,3.23,0.0,0.03,5,2.75,1.68,0.23
1784032773.074,static,unknown,1.1,7.68,0.0,0.61,6,6.38,3.99,1.5
1784032773.074,static,unknown,-0.7,8.03,0.0,0.18,5,5.4,-5.87,0.89
1784032773.074,static,fabric,-2.7,2.01,0.0,0.01,3,1.18,-1.62,0.17
1784032773.143,static,fabric,-0.6,1.69,0.0,1.24,15,1.56,0.59,-0.29
1784032773.143,static,mid,8.0,3.23,0.0,0.03,5,2.75,1.68,0.23
1784032773.143,static,unknown,1.1,7.68,0.0,0.61,6,6.4,3.97,1.48
1784032773.143,static,unknown,-0.7,8.03,0.0,0.18,5,5.36,-5.91,0.88
1784032773.143,static,fabric,-2.7,2.01,0.0,0.01,3,1.19,-1.61,0.16
1784032773.209,static,fabric,-0.6,1.69,0.0,1.24,15,1.56,0.58,-0.3
1784032773.209,static,mid,8.0,3.23,0.0,0.03,5,2.75,1.68,0.23
1784032773.209,static,unknown,1.1,7.68,0.0,0.6,6,6.41,3.97,1.47
1784032773.209,static,unknown,-0.7,8.03,0.0,0.18,5,5.33,-5.93,0.88
1784032773.209,static,fabric,-2.7,2.01,0.0,0.01,3,1.19,-1.61,0.16
1784032773.27,static,fabric,-0.6,1.69,0.0,1.24,15,1.56,0.57,-0.31
1784032773.27,static,mid,8.0,3.23,0.0,0.03,5,2.75,1.68,0.23
1784032773.27,static,unknown,1.1,7.68,0.0,0.6,6,6.4,3.97,1.46
1784032773.27,static,unknown,-0.7,8.03,0.0,0.18,5,5.3,-5.96,0.88
1784032773.27,static,fabric,-2.7,2.01,0.0,0.01,3,1.19,-1.61,0.16
1784032773.329,static,fabric,-0.6,1.68,0.0,1.24,15,1.56,0.55,-0.31
1784032773.329,static,mid,8.0,3.23,0.0,0.03,5,2.74,1.7,0.23
1784032773.329,static,unknown,1.1,7.68,0.0,0.6,6,6.4,3.97,1.46
1784032773.329,static,unknown,-0.7,8.03,0.0,0.18,5,5.28,-5.98,0.88
1784032773.329,static,fabric,-2.7,2.01,0.0,0.01,3,1.19,-1.61,0.16
1784032773.407,static,fabric,-0.5,1.68,0.0,1.24,15,1.56,0.53,-0.32
1784032773.407,static,mid,8.0,3.23,0.0,0.03,5,2.74,1.7,0.23
1784032773.407,static,unknown,1.1,7.68,0.0,0.6,6,6.41,3.97,1.44
1784032773.407,static,unknown,-0.7,8.03,0.0,0.18,5,5.27,-6.0,0.88
1784032773.407,static,fabric,-2.7,2.01,0.0,0.01,3,1.19,-1.61,0.16
1784032773.475,static,fabric,-0.5,1.68,0.0,1.24,15,1.56,0.52,-0.32
1784032773.475,static,mid,8.0,3.23,0.0,0.03,5,2.74,1.7,0.23
1784032773.475,static,unknown,1.1,7.61,0.0,0.6,6,6.36,3.93,1.42
1784032773.475,static,unknown,-0.7,8.03,0.0,0.18,5,5.27,-5.99,0.88
1784032773.475,static,fabric,-2.7,2.01,0.0,0.01,3,1.19,-1.61,0.16
1784032773.548,static,fabric,-0.5,1.67,0.0,1.24,15,1.56,0.52,-0.32
1784032773.548,static,mid,8.0,3.23,0.0,0.03,5,2.74,1.69,0.22
1784032773.548,static,unknown,1.1,7.53,0.0,0.61,6,6.3,3.88,1.4
1784032773.548,static,unknown,-0.7,8.03,0.0,0.18,5,5.3,-5.96,0.88
1784032773.548,static,fabric,-2.7,2.01,0.0,0.01,3,1.19,-1.61,0.16
1784032773.612,static,fabric,-0.5,1.67,0.0,1.24,15,1.56,0.52,-0.3
1784032773.612,static,mid,8.0,3.23,0.0,0.03,5,2.74,1.68,0.22
1784032773.612,static,unknown,1.0,7.44,0.0,0.61,6,6.22,3.84,1.37
1784032773.612,static,unknown,-0.7,8.02,0.0,0.19,5,5.31,-5.95,0.89
1784032773.612,static,fabric,-2.7,2.01,0.0,0.01,3,1.19,-1.61,0.16
1784032773.701,static,fabric,-0.5,1.67,0.0,1.24,15,1.56,0.53,-0.3
1784032773.701,static,mid,8.0,3.23,0.0,0.04,5,2.75,1.68,0.22
1784032773.701,static,unknown,1.0,7.38,0.0,0.62,6,6.17,3.82,1.36
1784032773.701,static,unknown,-0.7,8.02,0.0,0.19,5,5.32,-5.94,0.89
1784032773.701,static,fabric,-2.7,2.01,0.0,0.01,3,1.19,-1.61,0.16
1784032773.75,static,fabric,-0.5,1.67,0.0,1.24,15,1.56,0.53,-0.29
1784032773.75,static,mid,8.0,3.23,0.0,0.04,5,2.75,1.67,0.22
1784032773.75,static,unknown,1.0,7.31,0.0,0.62,6,6.11,3.79,1.34
1784032773.75,static,unknown,-0.7,8.02,0.0,0.19,5,5.33,-5.93,0.89
1784032773.75,static,fabric,-2.7,2.01,0.0,0.01,3,1.19,-1.6,0.16
1784032773.806,static,fabric,-0.5,1.67,0.0,1.24,15,1.56,0.54,-0.28
1784032773.806,static,mid,8.0,3.22,0.0,0.04,5,2.75,1.66,0.22
1784032773.806,static,unknown,1.0,7.27,0.0,0.63,6,6.07,3.77,1.32
1784032773.806,static,unknown,-0.7,8.02,0.0,0.19,5,5.33,-5.93,0.89
1784032773.806,static,fabric,-2.7,2.01,0.0,0.01,3,1.2,-1.6,0.16
1784032773.872,static,fabric,-0.6,1.67,0.0,1.24,15,1.56,0.54,-0.27
1784032773.872,static,mid,8.0,3.22,0.0,0.04,5,2.76,1.66,0.22
1784032773.872,static,unknown,1.0,7.22,0.0,0.64,6,6.02,3.75,1.32
1784032773.872,static,unknown,-0.7,8.02,0.0,0.19,5,5.36,-5.91,0.9
1784032773.872,static,fabric,-2.7,2.01,0.0,0.01,3,1.2,-1.6,0.16
1784032773.934,static,fabric,-0.6,1.67,0.0,1.24,15,1.56,0.54,-0.27
1784032773.934,static,mid,8.0,3.22,0.0,0.04,5,2.76,1.65,0.22
1784032773.934,static,unknown,1.0,7.19,0.0,0.64,6,6.0,3.74,1.3
1784032773.934,static,unknown,-0.7,8.02,0.0,0.19,5,5.35,-5.91,0.9
1784032773.934,static,fabric,-2.7,2.01,0.0,0.02,3,1.2,-1.6,0.16
1784032773.997,static,fabric,-0.6,1.67,0.0,1.24,15,1.56,0.54,-0.27
1784032773.997,static,mid,8.0,3.22,0.0,0.04,5,2.76,1.65,0.22
1784032773.997,static,unknown,1.0,7.17,0.0,0.65,6,5.98,3.73,1.3
1784032773.997,static,unknown,-0.7,8.02,0.0,0.2,5,5.35,-5.91,0.9
1784032773.997,static,fabric,-2.7,2.01,0.0,0.02,3,1.2,-1.6,0.16
1784032774.056,static,fabric,-0.6,1.67,0.0,1.24,15,1.56,0.54,-0.27
1784032774.056,static,mid,8.0,3.22,0.0,0.04,5,2.76,1.65,0.22
1784032774.056,static,unknown,1.0,7.15,0.0,0.65,6,5.97,3.73,1.29
1784032774.056,static,unknown,-0.7,8.02,0.0,0.2,5,5.34,-5.92,0.9
1784032774.056,static,fabric,-2.7,2.01,0.0,0.02,3,1.2,-1.6,0.16
1784032774.115,static,fabric,-0.6,1.67,0.0,1.24,15,1.56,0.54,-0.27
1784032774.115,static,mid,8.0,3.22,0.0,0.04,5,2.76,1.65,0.22
1784032774.115,static,unknown,0.9,7.15,0.0,0.66,6,5.96,3.73,1.28
1784032774.115,static,unknown,-0.7,8.03,0.0,0.2,5,5.35,-5.91,0.91
1784032774.115,static,fabric,-2.7,2.01,0.0,0.02,3,1.2,-1.6,0.16
1784032774.181,static,fabric,-0.7,1.62,0.0,1.24,15,1.51,0.53,-0.27
1784032774.181,static,mid,8.0,3.22,0.0,0.04,5,2.76,1.65,0.22
1784032774.181,static,unknown,0.9,7.14,0.0,0.67,6,5.96,3.72,1.28
1784032774.181,static,unknown,-0.7,8.03,0.0,0.2,5,5.37,-5.9,0.91
1784032774.181,static,fabric,-2.7,2.01,0.0,0.02,3,1.2,-1.6,0.15
1784032774.248,static,fabric,-0.7,1.59,0.0,1.24,15,1.48,0.52,-0.27
1784032774.248,static,mid,8.0,3.22,0.0,0.04,5,2.76,1.66,0.22
1784032774.248,static,unknown,1.0,7.14,0.0,0.67,6,5.96,3.71,1.29
1784032774.248,static,unknown,-0.7,8.02,0.0,0.2,5,5.38,-5.89,0.91
1784032774.248,static,fabric,-2.7,2.01,0.0,0.02,3,1.2,-1.6,0.15
1784032774.315,static,fabric,-0.7,1.56,0.0,1.24,15,1.45,0.51,-0.27
1784032774.315,static,mid,8.0,3.23,0.0,0.04,5,2.76,1.66,0.22
1784032774.315,static,unknown,1.0,7.14,0.0,0.68,6,5.96,3.71,1.29
1784032774.315,static,unknown,-0.7,8.03,0.0,0.2,5,5.37,-5.89,0.91
1784032774.315,static,fabric,-2.7,2.01,0.0,0.02,3,1.2,-1.6,0.15
1784032774.377,static,fabric,-0.8,1.55,0.0,1.25,15,1.44,0.51,-0.28
1784032774.377,static,mid,8.0,3.23,0.0,0.04,5,2.76,1.66,0.22
1784032774.377,static,unknown,1.0,7.16,0.0,0.68,6,5.98,3.71,1.29
1784032774.377,static,unknown,-0.7,8.03,0.0,0.21,5,5.36,-5.9,0.92
1784032774.377,static,fabric,-2.7,2.01,0.0,0.02,3,1.2,-1.6,0.15
1784032774.463,static,fabric,-0.8,1.53,0.0,1.25,15,1.41,0.52,-0.27
1784032774.463,static,mid,8.0,3.23,0.0,0.04,5,2.75,1.67,0.22
1784032774.463,static,unknown,1.0,7.17,0.0,0.69,6,5.99,3.71,1.29
1784032774.463,static,unknown,-0.7,8.03,0.0,0.21,5,5.35,-5.91,0.92
1784032774.463,static,fabric,-2.7,2.01,0.0,0.02,3,1.2,-1.6,0.15
1784032774.547,static,fabric,-0.8,1.51,0.0,1.25,15,1.39,0.53,-0.27
1784032774.547,static,mid,8.0,3.23,0.0,0.04,5,2.74,1.69,0.23
1784032774.547,static,unknown,1.0,7.18,0.0,0.69,6,6.01,3.71,1.29
1784032774.547,static,unknown,-0.7,8.03,0.0,0.21,5,5.33,-5.93,0.92
1784032774.547,static,fabric,-2.7,2.01,0.0,0.02,3,1.2,-1.6,0.15
1784032774.616,static,fabric,-0.9,1.5,0.0,1.25,15,1.37,0.53,-0.27
1784032774.616,static,mid,8.0,3.23,0.0,0.04,5,2.74,1.7,0.23
1784032774.616,static,unknown,1.0,7.18,0.0,0.69,6,6.01,3.7,1.3
1784032774.616,static,unknown,-0.7,8.02,0.0,0.21,5,5.31,-5.94,0.92
1784032774.616,static,fabric,-2.7,2.01,0.0,0.02,3,1.2,-1.6,0.15
1784032774.688,static,fabric,-0.9,1.57,0.0,1.25,15,1.44,0.55,-0.27
1784032774.688,static,mid,8.0,3.23,0.0,0.04,5,2.74,1.71,0.23
1784032774.688,static,unknown,1.0,7.18,0.0,0.7,6,6.02,3.7,1.29
1784032774.688,static,unknown,-0.7,8.03,0.0,0.21,5,5.28,-5.97,0.92
1784032774.688,static,fabric,-2.7,2.01,0.0,0.02,3,1.2,-1.6,0.15
1784032774.769,static,fabric,-0.9,1.61,0.0,1.25,15,1.49,0.56,-0.27
1784032774.769,static,mid,8.0,3.23,0.0,0.04,5,2.73,1.71,0.23
1784032774.769,static,unknown,1.0,7.19,0.0,0.7,7,6.03,3.7,1.28
1784032774.769,static,unknown,-0.7,8.03,0.0,0.21,5,5.26,-5.99,0.92
1784032774.769,static,fabric,-2.7,2.01,0.0,0.02,3,1.2,-1.6,0.15
1784032774.839,static,fabric,-0.9,1.64,0.0,1.25,15,1.52,0.57,-0.27
1784032774.839,static,mid,8.0,3.23,0.0,0.04,5,2.73,1.71,0.23
1784032774.839,static,unknown,1.0,7.17,0.0,0.7,7,6.01,3.7,1.28
1784032774.839,static,unknown,-0.7,8.03,0.0,0.21,5,5.25,-6.0,0.92
1784032774.839,static,fabric,-2.7,2.01,0.0,0.02,3,1.2,-1.6,0.15
1784032774.906,static,fabric,-0.9,1.66,0.0,1.25,15,1.54,0.57,-0.26
1784032774.906,static,mid,8.0,3.23,0.0,0.04,5,2.73,1.72,0.23
1784032774.906,static,unknown,0.9,7.16,0.0,0.71,7,5.99,3.69,1.27
1784032774.906,static,unknown,-0.7,8.03,0.0,0.2,5,5.24,-6.01,0.92
1784032774.906,static,fabric,-2.7,2.01,0.0,0.02,3,1.2,-1.6,0.15
1784032774.996,static,fabric,-0.9,1.67,0.0,1.25,15,1.55,0.56,-0.26
1784032774.996,static,mid,8.0,3.23,0.0,0.04,5,2.73,1.72,0.23
1784032774.996,static,unknown,0.8,7.15,0.0,0.71,7,5.99,3.69,1.27
1784032774.996,static,unknown,-0.6,8.03,0.0,0.21,5,5.26,-5.99,0.91
1784032774.996,static,fabric,-2.7,2.01,0.0,0.02,3,1.2,-1.6,0.15
1784032775.059,static,fabric,-0.9,1.67,0.0,1.25,15,1.56,0.55,-0.26
1784032775.059,static,mid,8.0,3.23,0.0,0.04,5,2.73,1.72,0.23
1784032775.059,static,unknown,0.8,7.14,0.0,0.72,7,5.98,3.69,1.27
1784032775.059,static,unknown,-0.6,8.03,0.0,0.21,5,5.27,-5.99,0.91
1784032775.059,static,fabric,-2.7,2.01,0.0,0.02,3,1.2,-1.6,0.15
1784032775.148,static,fabric,-0.9,1.67,0.0,1.25,15,1.56,0.54,-0.26
1784032775.148,static,mid,8.0,3.23,0.0,0.04,5,2.73,1.72,0.23
1784032775.148,static,unknown,0.8,7.14,0.0,0.72,7,5.97,3.69,1.27
1784032775.148,static,unknown,-0.6,8.03,0.0,0.21,5,5.27,-5.98,0.91
1784032775.148,static,fabric,-2.7,2.01,0.0,0.02,3,1.2,-1.6,0.15
1784032775.229,static,fabric,-0.9,1.67,0.0,1.25,15,1.56,0.54,-0.26
1784032775.229,static,mid,8.0,3.23,0.0,0.04,5,2.73,1.72,0.23
1784032775.229,static,unknown,0.8,7.14,0.0,0.72,7,5.98,3.68,1.28
1784032775.229,static,unknown,-0.6,8.03,0.0,0.21,5,5.28,-5.97,0.92
1784032775.229,static,fabric,-2.7,2.01,0.0,0.02,3,1.2,-1.6,0.15
1784032775.307,static,fabric,-0.9,1.67,0.0,1.25,15,1.57,0.53,-0.26
1784032775.307,static,mid,8.0,3.23,0.0,0.04,5,2.73,1.71,0.23
1784032775.307,static,unknown,0.7,7.13,0.0,0.72,7,5.98,3.68,1.28
1784032775.307,static,unknown,-0.6,8.03,0.0,0.21,5,5.3,-5.95,0.92
1784032775.307,static,fabric,-2.7,2.01,0.0,0.02,3,1.2,-1.6,0.15
1784032775.374,static,fabric,-0.9,1.68,0.0,1.25,15,1.57,0.53,-0.26
1784032775.374,static,mid,8.0,3.23,0.0,0.04,5,2.74,1.7,0.23
1784032775.374,static,unknown,0.7,7.13,0.0,0.73,7,5.97,3.69,1.29
1784032775.374,static,unknown,-0.6,8.03,0.0,0.21,5,5.33,-5.92,0.92
1784032775.374,static,fabric,-2.7,2.01,0.0,0.02,3,1.2,-1.6,0.15
1784032775.459,static,fabric,-0.9,1.68,0.0,1.25,15,1.57,0.53,-0.26
1784032775.459,static,mid,8.0,3.23,0.0,0.04,5,2.74,1.7,0.23
1784032775.459,static,unknown,0.7,7.13,0.0,0.73,7,5.95,3.71,1.29
1784032775.459,static,unknown,-0.5,8.03,0.0,0.21,5,5.34,-5.92,0.93
1784032775.459,static,fabric,-2.7,2.01,0.0,0.02,3,1.18,-1.61,0.16
1784032775.526,static,fabric,-0.8,1.68,0.0,1.25,15,1.57,0.53,-0.26
1784032775.526,static,mid,8.0,3.23,0.0,0.04,5,2.74,1.7,0.23
1784032775.526,static,unknown,0.6,7.13,0.0,0.74,7,5.95,3.72,1.3
1784032775.526,static,unknown,-0.5,8.03,0.0,0.21,5,5.34,-5.92,0.93
1784032775.526,static,fabric,-2.7,2.01,0.0,0.02,3,1.18,-1.62,0.17
1784032775.602,static,fabric,-0.6,1.67,0.0,1.25,15,1.57,0.53,-0.26
1784032775.602,static,mid,8.0,3.23,0.0,0.04,5,2.74,1.69,0.23
1784032775.602,static,unknown,0.6,7.13,0.0,0.74,7,5.94,3.73,1.29
1784032775.602,static,unknown,-0.5,8.03,0.0,0.21,5,5.36,-5.9,0.93
1784032775.602,static,fabric,-2.7,2.01,0.0,0.02,3,1.17,-1.62,0.17
1784032775.673,static,fabric,-0.6,1.67,0.0,1.25,15,1.56,0.54,-0.26
1784032775.673,static,mid,8.0,3.23,0.0,0.04,5,2.75,1.67,0.22
1784032775.673,static,unknown,0.6,7.13,0.0,0.75,7,5.94,3.73,1.29
1784032775.673,static,unknown,-0.5,8.02,0.0,0.22,5,5.39,-5.87,0.92
1784032775.673,static,fabric,-2.7,2.01,0.0,0.02,3,1.17,-1.62,0.18
1784032775.741,static,fabric,-0.6,1.67,0.0,1.25,15,1.56,0.54,-0.25
1784032775.741,static,mid,8.0,3.23,0.0,0.04,5,2.75,1.67,0.23
1784032775.741,static,unknown,0.6,7.13,0.0,0.75,7,5.94,3.73,1.28
1784032775.741,static,unknown,-0.5,8.02,0.0,0.22,5,5.41,-5.86,0.92
1784032775.741,static,fabric,-2.7,2.01,0.0,0.02,3,1.16,-1.63,0.18
1784032775.813,static,fabric,-0.4,1.67,0.0,1.25,15,1.56,0.54,-0.25
1784032775.813,static,mid,8.0,3.23,0.0,0.05,5,2.75,1.67,0.23
1784032775.813,static,unknown,0.6,7.13,0.0,0.76,7,5.94,3.74,1.28
1784032775.813,static,unknown,-0.4,8.02,0.0,0.22,5,5.42,-5.84,0.92
1784032775.813,static,fabric,-2.7,2.01,0.0,0.02,3,1.16,-1.63,0.18
1784032775.88,static,fabric,-0.4,1.67,0.0,1.25,15,1.56,0.55,-0.25
1784032775.88,static,mid,8.0,3.23,0.0,0.05,5,2.75,1.67,0.23
1784032775.88,static,unknown,0.6,7.13,0.0,0.76,7,5.94,3.74,1.28
1784032775.88,static,unknown,-0.2,8.03,0.0,0.22,5,5.42,-5.85,0.91
1784032775.88,static,fabric,-2.7,2.01,0.0,0.02,3,1.16,-1.63,0.18
1784032775.955,static,fabric,-0.4,1.67,0.0,1.25,15,1.56,0.55,-0.25
1784032775.955,static,mid,8.0,3.23,0.0,0.05,5,2.75,1.67,0.23
1784032775.955,static,unknown,0.6,7.13,0.0,0.76,7,5.94,3.73,1.27
1784032775.955,static,unknown,-0.1,8.03,0.0,0.22,5,5.43,-5.84,0.9
1784032775.955,static,fabric,-2.7,2.01,0.0,0.02,3,1.16,-1.63,0.18
1784032776.037,static,fabric,-0.4,1.67,0.0,1.25,15,1.56,0.55,-0.25
1784032776.037,static,mid,8.0,3.23,0.0,0.05,5,2.75,1.68,0.23
1784032776.037,static,unknown,0.6,7.13,0.0,0.77,7,5.95,3.73,1.27
1784032776.037,static,unknown,-0.1,8.02,0.0,0.22,5,5.43,-5.84,0.89
1784032776.037,static,fabric,-2.7,2.01,0.0,0.02,3,1.16,-1.63,0.18
1784032776.109,static,fabric,-0.4,1.67,0.0,1.25,15,1.56,0.55,-0.25
1784032776.109,static,mid,8.0,3.23,0.0,0.05,5,2.75,1.68,0.23
1784032776.109,static,unknown,0.6,7.13,0.0,0.77,7,5.94,3.73,1.27
1784032776.109,static,unknown,-0.1,8.02,0.0,0.22,5,5.43,-5.84,0.88
1784032776.109,static,fabric,-2.7,2.01,0.0,0.02,3,1.16,-1.63,0.18
1784032776.201,static,fabric,-0.3,1.67,0.0,1.25,15,1.56,0.55,-0.25
1784032776.201,static,mid,8.0,3.23,0.0,0.05,5,2.74,1.68,0.23
1784032776.201,static,unknown,0.6,7.13,0.0,0.78,7,5.94,3.74,1.26
1784032776.201,static,unknown,0.0,8.02,0.0,0.22,5,5.42,-5.85,0.88
1784032776.201,static,fabric,-2.7,2.01,0.0,0.02,3,1.16,-1.63,0.18
1784032776.273,static,fabric,-0.3,1.67,0.0,1.25,15,1.56,0.55,-0.25
1784032776.273,static,mid,8.0,3.23,0.0,0.05,5,2.74,1.69,0.23
1784032776.273,static,unknown,0.6,7.13,0.0,0.78,7,5.93,3.76,1.26
1784032776.273,static,unknown,0.0,8.02,0.0,0.22,5,5.39,-5.88,0.88
1784032776.273,static,fabric,-2.7,2.01,0.0,0.02,3,1.16,-1.63,0.18
1784032776.348,static,fabric,-0.3,1.67,0.0,1.25,15,1.56,0.55,-0.25
1784032776.348,static,mid,8.0,3.23,0.0,0.05,5,2.75,1.68,0.23
1784032776.348,static,unknown,0.6,7.13,0.0,0.78,7,5.93,3.76,1.25
1784032776.348,static,unknown,0.0,8.02,0.0,0.23,5,5.4,-5.87,0.88
1784032776.348,static,fabric,-2.7,2.01,0.0,0.02,3,1.16,-1.63,0.18
1784032776.401,static,fabric,-0.4,1.67,0.0,1.25,15,1.56,0.55,-0.26
1784032776.401,static,mid,8.1,3.23,0.0,0.05,5,2.75,1.68,0.23
1784032776.401,static,unknown,0.6,7.13,0.0,0.79,7,5.93,3.76,1.25
1784032776.401,static,unknown,0.0,8.02,0.0,0.23,5,5.4,-5.87,0.88
1784032776.401,static,fabric,-2.7,2.01,0.0,0.02,3,1.16,-1.63,0.18
1784032776.465,static,fabric,-0.4,1.67,0.0,1.25,15,1.56,0.55,-0.26
1784032776.465,static,mid,8.1,3.23,0.0,0.05,5,2.75,1.67,0.23
1784032776.465,static,unknown,0.6,7.13,0.0,0.79,7,5.92,3.77,1.25
1784032776.465,static,unknown,0.0,8.02,0.0,0.23,5,5.38,-5.89,0.88
1784032776.465,static,fabric,-2.7,2.01,0.0,0.02,3,1.16,-1.63,0.18
1784032776.528,static,fabric,-0.4,1.68,0.0,1.25,15,1.56,0.55,-0.26
1784032776.528,static,mid,8.1,3.23,0.0,0.05,5,2.75,1.68,0.23
1784032776.528,static,unknown,0.6,7.13,0.0,0.8,7,5.92,3.76,1.26
1784032776.528,static,unknown,0.0,8.03,0.0,0.23,5,5.37,-5.89,0.89
1784032776.528,static,fabric,-2.7,2.01,0.0,0.02,3,1.16,-1.63,0.18
1784032776.594,static,fabric,-0.4,1.68,0.0,1.25,15,1.56,0.55,-0.27
1784032776.594,static,mid,8.1,3.23,0.0,0.05,5,2.75,1.68,0.23
1784032776.594,static,unknown,0.3,7.13,0.0,0.8,7,5.92,3.76,1.26
1784032776.594,static,unknown,0.0,8.03,0.0,0.23,5,5.37,-5.9,0.89
1784032776.594,static,fabric,-2.7,2.01,0.0,0.02,3,1.16,-1.63,0.18
1784032776.661,static,fabric,-0.4,1.68,0.0,1.25,15,1.56,0.57,-0.26
1784032776.661,static,mid,8.1,3.23,0.0,0.05,5,2.75,1.68,0.23
1784032776.661,static,unknown,0.3,7.13,0.0,0.8,7,5.93,3.76,1.26
1784032776.661,static,unknown,0.1,8.03,0.0,0.23,5,5.38,-5.89,0.9
1784032776.661,static,fabric,-2.7,2.01,0.0,0.02,3,1.16,-1.63,0.18
1784032776.728,static,fabric,-0.5,1.68,0.0,1.25,15,1.56,0.57,-0.25
1784032776.728,static,mid,8.1,3.23,0.0,0.05,5,2.75,1.68,0.23
1784032776.728,static,unknown,0.3,7.15,0.0,0.81,7,5.94,3.76,1.27
1784032776.728,static,unknown,0.1,8.03,0.0,0.23,5,5.38,-5.89,0.9
1784032776.728,static,fabric,-2.7,2.01,0.0,0.02,3,1.16,-1.63,0.18
1784032776.795,static,fabric,-0.5,1.68,0.0,1.25,15,1.56,0.57,-0.24
1784032776.795,static,mid,8.2,3.23,0.0,0.05,5,2.75,1.68,0.23
1784032776.795,static,unknown,0.3,7.16,0.0,0.81,7,5.96,3.77,1.27
1784032776.795,static,unknown,0.1,8.03,0.0,0.23,5,5.39,-5.88,0.9
1784032776.795,static,fabric,-2.7,2.01,0.0,0.02,3,1.16,-1.63,0.18
1784032776.867,static,fabric,-0.5,1.68,0.0,1.25,15,1.56,0.57,-0.24
1784032776.867,static,mid,8.2,3.23,0.0,0.05,5,2.75,1.68,0.23
1784032776.867,static,unknown,0.3,7.17,0.0,0.81,7,5.96,3.78,1.28
1784032776.867,static,unknown,0.1,8.03,0.0,0.23,5,5.39,-5.88,0.91
1784032776.867,static,fabric,-2.7,2.01,0.0,0.02,3,1.16,-1.63,0.18
1784032776.934,static,fabric,-0.6,1.67,0.0,1.25,15,1.56,0.56,-0.23
1784032776.934,static,mid,8.2,3.23,0.0,0.05,5,2.74,1.68,0.23
1784032776.934,static,unknown,0.3,7.18,0.0,0.82,7,5.96,3.79,1.28
1784032776.934,static,unknown,0.1,8.03,0.0,0.23,5,5.41,-5.86,0.91
1784032776.934,static,fabric,-2.7,2.01,0.0,0.02,3,1.16,-1.63,0.18
1784032777.023,static,fabric,-0.6,1.67,0.0,1.25,15,1.56,0.55,-0.23
1784032777.023,static,mid,8.3,3.23,0.0,0.05,5,2.74,1.69,0.23
1784032777.023,static,unknown,0.3,7.18,0.0,0.82,7,5.96,3.8,1.29
1784032777.023,static,unknown,0.1,8.03,0.0,0.24,5,5.42,-5.84,0.91
1784032777.023,static,fabric,-2.6,2.01,0.0,0.02,3,1.16,-1.63,0.18
1784032777.096,static,fabric,-0.6,1.67,0.0,1.25,15,1.56,0.54,-0.23
1784032777.096,static,mid,8.3,3.23,0.0,0.05,5,2.74,1.69,0.23
1784032777.096,static,unknown,0.3,7.19,0.0,0.82,7,5.95,3.82,1.29
1784032777.096,static,unknown,0.1,8.03,0.0,0.24,5,5.43,-5.84,0.92
1784032777.096,static,fabric,-2.6,2.01,0.0,0.02,3,1.16,-1.63,0.18
1784032777.167,static,fabric,-0.6,1.66,0.0,1.25,15,1.56,0.52,-0.23
1784032777.167,static,mid,8.3,3.23,0.0,0.05,5,2.74,1.7,0.23
1784032777.167,static,unknown,0.3,7.19,0.0,0.83,7,5.94,3.83,1.3
1784032777.167,static,unknown,0.1,8.03,0.0,0.24,5,5.44,-5.83,0.92
1784032777.167,static,fabric,-2.6,2.01,0.0,0.02,3,1.16,-1.63,0.18
1784032777.241,static,fabric,-0.6,1.66,0.0,1.25,15,1.56,0.51,-0.25
1784032777.241,static,mid,8.3,3.23,0.0,0.05,5,2.73,1.71,0.23
1784032777.241,static,unknown,0.3,7.17,0.0,0.83,7,5.91,3.84,1.29
1784032777.241,static,unknown,0.1,8.03,0.0,0.24,5,5.46,-5.81,0.93
1784032777.241,static,fabric,-2.6,2.01,0.0,0.02,3,1.16,-1.63,0.18
1784032777.309,static,fabric,-0.6,1.66,0.0,1.25,15,1.55,0.51,-0.26
1784032777.309,static,mid,8.3,3.23,0.0,0.05,5,2.73,1.71,0.23
1784032777.309,static,unknown,0.3,7.15,0.0,0.83,7,5.89,3.84,1.29
1784032777.309,static,unknown,0.1,8.03,0.0,0.24,5,5.47,-5.8,0.94
1784032777.309,static,fabric,-2.6,2.01,0.0,0.02,4,1.16,-1.63,0.18
1784032777.416,static,fabric,-0.6,1.66,0.0,1.25,15,1.56,0.52,-0.27
1784032777.416,static,mid,8.3,3.23,0.0,0.05,5,2.73,1.71,0.23
1784032777.416,static,unknown,0.3,7.14,0.0,0.84,7,5.88,3.85,1.29
1784032777.416,static,unknown,0.1,8.03,0.0,0.24,5,5.46,-5.81,0.94
1784032777.416,static,fabric,-2.6,2.01,0.0,0.02,4,1.16,-1.63,0.18
1784032777.495,static,fabric,-0.6,1.67,0.0,1.25,15,1.56,0.53,-0.27
1784032777.495,static,mid,8.3,3.23,0.0,0.05,5,2.73,1.72,0.23
1784032777.495,static,unknown,0.3,7.14,0.0,0.84,7,5.87,3.86,1.29
1784032777.495,static,unknown,0.1,8.03,0.0,0.24,5,5.45,-5.81,0.95
1784032777.495,static,fabric,-2.6,2.01,0.0,0.02,4,1.16,-1.63,0.18
1784032777.59,static,fabric,-0.6,1.67,0.0,1.25,15,1.56,0.53,-0.28
1784032777.59,static,mid,8.3,3.23,0.0,0.05,5,2.73,1.72,0.23
1784032777.59,static,unknown,0.3,7.14,0.0,0.84,7,5.86,3.86,1.29
1784032777.59,static,unknown,0.1,8.03,0.0,0.24,5,5.43,-5.83,0.95
1784032777.59,static,fabric,-2.6,2.01,0.0,0.02,4,1.16,-1.63,0.18
1784032777.66,static,fabric,-0.6,1.67,0.0,1.25,15,1.56,0.53,-0.29
1784032777.66,static,mid,8.3,3.23,0.0,0.05,5,2.73,1.71,0.23
1784032777.66,static,unknown,0.3,7.13,0.0,0.84,7,5.86,3.85,1.29
1784032777.66,static,unknown,0.1,8.03,0.0,0.24,5,5.4,-5.86,0.94
1784032777.66,static,fabric,-2.6,2.01,0.0,0.02,4,1.16,-1.63,0.18
1784032777.726,static,fabric,-0.6,1.68,0.0,1.25,15,1.56,0.54,-0.29
1784032777.726,static,mid,8.3,3.23,0.0,0.05,5,2.74,1.7,0.23
1784032777.726,static,unknown,0.3,7.13,0.0,0.85,7,5.86,3.85,1.29
1784032777.726,static,unknown,0.1,8.03,0.0,0.24,5,5.36,-5.9,0.94
1784032777.726,static,fabric,-2.6,2.01,0.0,0.02,4,1.16,-1.63,0.18
1784032777.797,static,fabric,-0.6,1.68,0.0,1.25,15,1.56,0.55,-0.29
1784032777.797,static,mid,8.3,3.23,0.0,0.05,5,2.74,1.7,0.23
1784032777.797,static,unknown,0.3,7.13,0.0,0.85,7,5.86,3.85,1.29
1784032777.797,static,unknown,0.1,8.02,0.0,0.24,5,5.33,-5.92,0.94
1784032777.797,static,fabric,-2.6,2.01,0.0,0.02,4,1.16,-1.63,0.18
1784032777.892,static,fabric,-0.6,1.68,0.0,1.25,15,1.56,0.55,-0.29
1784032777.892,static,mid,8.3,3.23,0.0,0.05,5,2.74,1.69,0.23
1784032777.892,static,unknown,0.3,7.13,0.0,0.85,7,5.86,3.85,1.29
1784032777.892,static,unknown,0.1,8.03,0.0,0.24,5,5.31,-5.94,0.95
1784032777.892,static,fabric,-2.6,2.01,0.0,0.02,4,1.16,-1.63,0.18
1784032777.982,static,fabric,-0.6,1.68,0.0,1.25,15,1.56,0.55,-0.29
1784032777.982,static,mid,8.3,3.23,0.0,0.05,5,2.74,1.69,0.23
1784032777.982,static,unknown,0.3,7.13,0.0,0.86,7,5.86,3.85,1.29
1784032777.982,static,unknown,0.1,8.03,0.0,0.24,5,5.3,-5.95,0.96
1784032777.982,static,fabric,-2.6,2.01,0.0,0.02,4,1.16,-1.63,0.18
1784032778.051,static,fabric,-0.6,1.68,0.0,1.25,15,1.56,0.56,-0.29
1784032778.051,static,mid,8.3,3.23,0.0,0.05,5,2.75,1.68,0.23
1784032778.051,static,unknown,0.3,7.13,0.0,0.86,7,5.86,3.85,1.28
1784032778.051,static,unknown,0.1,8.03,0.0,0.24,5,5.29,-5.96,0.97
1784032778.051,static,fabric,-2.6,2.01,0.0,0.02,4,1.16,-1.63,0.18
1784032778.136,static,fabric,-0.4,1.68,0.0,1.25,15,1.56,0.57,-0.28
1784032778.136,static,mid,8.3,3.23,0.0,0.05,5,2.74,1.68,0.23
1784032778.136,static,unknown,0.3,7.13,0.0,0.86,7,5.86,3.85,1.28
1784032778.136,static,unknown,0.1,8.03,0.0,0.24,5,5.28,-5.96,0.98
1784032778.136,static,fabric,-2.6,2.01,0.0,0.02,4,1.16,-1.63,0.18
1784032778.218,static,fabric,-0.4,1.68,0.0,1.25,15,1.56,0.57,-0.28
1784032778.218,static,mid,8.3,3.23,0.0,0.05,5,2.74,1.69,0.23
1784032778.218,static,unknown,0.3,7.13,0.0,0.86,7,5.86,3.86,1.28
1784032778.218,static,unknown,0.1,8.03,0.0,0.24,5,5.28,-5.96,0.99
1784032778.218,static,fabric,-2.6,2.01,0.0,0.02,4,1.16,-1.63,0.18
1784032778.297,static,fabric,-0.4,1.68,0.0,1.25,15,1.56,0.56,-0.28
1784032778.297,static,mid,8.3,3.23,0.0,0.06,5,2.74,1.69,0.23
1784032778.297,static,unknown,0.3,7.13,0.0,0.87,7,5.85,3.86,1.28
1784032778.297,static,unknown,0.1,8.03,0.0,0.25,5,5.28,-5.97,0.99
1784032778.297,static,fabric,-2.6,2.01,0.0,0.02,4,1.16,-1.63,0.18
1784032778.364,static,fabric,-0.3,1.68,0.0,1.25,15,1.56,0.57,-0.28
1784032778.364,static,mid,8.3,3.23,0.0,0.06,5,2.74,1.69,0.23
1784032778.364,static,unknown,0.3,7.13,0.0,0.87,7,5.85,3.87,1.27
1784032778.364,static,unknown,0.1,8.03,0.0,0.25,5,5.28,-5.96,0.99
1784032778.364,static,fabric,-2.6,2.01,0.0,0.02,4,1.16,-1.63,0.18
1784032778.455,static,fabric,-0.3,1.69,0.0,1.25,15,1.56,0.6,-0.27
1784032778.455,static,mid,8.3,3.23,0.0,0.06,5,2.74,1.7,0.23
1784032778.455,static,unknown,0.3,7.13,0.0,0.87,7,5.85,3.87,1.28
1784032778.455,static,unknown,0.1,8.03,0.0,0.24,5,5.26,-5.98,0.99
1784032778.455,static,fabric,-2.6,2.01,0.0,0.02,4,1.16,-1.63,0.18
1784032778.525,static,fabric,-0.3,1.7,0.0,1.25,15,1.57,0.62,-0.26
1784032778.525,static,mid,8.3,3.23,0.0,0.06,5,2.73,1.71,0.23
1784032778.525,static,unknown,0.3,7.13,0.0,0.87,7,5.85,3.88,1.28
1784032778.525,static,unknown,0.1,8.03,0.0,0.24,5,5.24,-6.0,0.99
1784032778.525,static,fabric,-2.6,2.01,0.0,0.02,4,1.16,-1.63,0.18
1784032778.609,static,fabric,-0.3,1.71,0.0,1.25,15,1.57,0.63,-0.26
1784032778.609,static,mid,8.3,3.23,0.0,0.05,5,2.73,1.71,0.23
1784032778.609,static,unknown,0.3,7.13,0.0,0.87,7,5.85,3.88,1.29
1784032778.609,static,unknown,0.1,8.03,0.0,0.24,5,5.24,-6.0,0.99
1784032778.609,static,fabric,-2.6,2.01,0.0,0.02,4,1.16,-1.63,0.18
1784032778.695,static,fabric,-0.3,1.71,0.0,1.25,15,1.57,0.64,-0.26
1784032778.695,static,mid,8.3,3.23,0.0,0.05,5,2.73,1.71,0.23
1784032778.695,static,unknown,0.3,7.13,0.0,0.87,7,5.85,3.87,1.28
1784032778.695,static,unknown,0.1,8.03,0.0,0.24,5,5.24,-6.0,0.99
1784032778.695,static,fabric,-2.6,2.01,0.0,0.02,4,1.16,-1.63,0.18
1784032778.772,static,fabric,-0.3,1.71,0.0,1.25,15,1.57,0.64,-0.25
1784032778.772,static,mid,8.3,3.23,0.0,0.05,5,2.73,1.72,0.23
1784032778.772,static,unknown,0.3,7.13,0.0,0.88,7,5.86,3.85,1.29
1784032778.772,static,unknown,0.1,8.03,0.0,0.24,5,5.24,-6.0,0.99
1784032778.772,static,fabric,-2.6,2.01,0.0,0.02,4,1.16,-1.63,0.18
1784032778.867,static,fabric,-0.4,1.71,0.0,1.25,15,1.57,0.63,-0.26
1784032778.867,static,mid,8.3,3.23,0.0,0.05,5,2.73,1.72,0.23
1784032778.867,static,unknown,0.3,7.13,0.0,0.88,7,5.87,3.85,1.29
1784032778.867,static,unknown,0.1,8.03,0.0,0.24,5,5.24,-6.0,0.99
1784032778.867,static,fabric,-2.6,2.01,0.0,0.02,4,1.17,-1.62,0.17
1784032778.946,static,fabric,-0.3,1.7,0.0,1.25,15,1.56,0.61,-0.26
1784032778.946,static,mid,8.3,3.23,0.0,0.05,5,2.73,1.72,0.23
1784032778.946,static,unknown,0.3,7.13,0.0,0.88,8,5.87,3.84,1.29
1784032778.946,static,unknown,0.1,8.03,0.0,0.24,5,5.24,-6.0,0.99
1784032778.946,static,fabric,-2.6,2.01,0.0,0.02,4,1.19,-1.61,0.16
1784032778.946,pedestrian,unknown,3.7,4.42,-0.19,0.34,4,3.02,-3.08,0.94
1784032779.018,static,fabric,-0.3,1.69,0.0,1.25,15,1.56,0.6,-0.26
1784032779.018,static,mid,8.3,3.23,0.0,0.05,5,2.73,1.72,0.23
1784032779.018,static,unknown,0.3,7.13,0.0,0.88,8,5.87,3.84,1.29
1784032779.018,static,unknown,0.1,8.03,0.0,0.24,5,5.24,-6.0,0.99
1784032779.018,static,fabric,-2.6,2.0,0.0,0.02,4,1.19,-1.6,0.15
1784032779.018,pedestrian,unknown,4.5,4.42,-0.2,0.34,4,3.03,-3.08,0.95
1784032779.11,static,metal,-0.3,1.67,-0.0,1.25,15,1.53,0.62,-0.25
1784032779.11,static,mid,8.3,3.23,0.0,0.05,5,2.73,1.72,0.23
1784032779.11,static,unknown,0.3,7.13,0.0,0.89,8,5.88,3.83,1.28
1784032779.11,static,unknown,0.1,8.03,0.0,0.24,5,5.24,-6.01,0.95
1784032779.11,static,fabric,-2.6,2.01,0.0,0.02,4,1.21,-1.59,0.14
1784032779.11,pedestrian,unknown,4.5,4.41,-0.22,0.35,4,3.03,-3.07,0.94
1784032779.182,static,metal,-0.3,1.65,-0.0,1.25,15,1.5,0.64,-0.24
1784032779.182,static,mid,8.3,3.23,0.0,0.05,5,2.73,1.72,0.23
1784032779.182,static,unknown,0.3,7.13,0.0,0.89,8,5.88,3.83,1.28
1784032779.182,static,unknown,0.1,8.03,0.0,0.24,5,5.24,-6.01,0.92
1784032779.182,static,fabric,-2.6,2.01,0.0,0.02,4,1.22,-1.59,0.14
1784032779.182,pedestrian,unknown,4.5,4.4,-0.23,0.36,5,3.03,-3.06,0.93
1784032779.25,static,metal,-0.3,1.6,0.0,1.25,15,1.44,0.65,-0.23
1784032779.25,static,mid,8.3,3.23,0.0,0.05,5,2.73,1.71,0.23
1784032779.25,static,unknown,0.3,7.13,0.0,0.89,8,5.89,3.82,1.27
1784032779.25,static,unknown,0.1,8.03,0.0,0.24,5,5.24,-6.02,0.9
1784032779.25,static,fabric,-2.6,2.01,0.0,0.02,4,1.23,-1.58,0.13
1784032779.25,pedestrian,unknown,6.3,4.39,-0.26,0.4,5,3.04,-3.04,0.89
1784032779.327,static,metal,-0.3,1.55,0.0,1.26,15,1.39,0.66,-0.21
1784032779.327,static,mid,8.3,3.23,0.0,0.05,5,2.74,1.7,0.23
1784032779.327,static,unknown,0.3,7.13,0.0,0.89,8,5.9,3.81,1.26
1784032779.327,static,unknown,0.1,8.03,0.0,0.24,5,5.24,-6.02,0.88
1784032779.327,static,fabric,-2.6,2.01,0.0,0.02,4,1.24,-1.58,0.13
1784032779.327,pedestrian,unknown,7.0,4.38,-0.28,0.44,5,3.05,-3.03,0.86
1784032779.408,static,metal,-0.0,1.48,0.0,1.26,15,1.31,0.66,-0.18
1784032779.408,static,mid,8.3,3.23,0.0,0.05,5,2.74,1.7,0.23
1784032779.408,static,unknown,0.3,7.17,0.0,0.9,8,5.94,3.81,1.26
1784032779.408,static,unknown,0.1,8.03,0.0,0.24,5,5.24,-6.02,0.87
1784032779.408,static,fabric,-2.6,2.01,0.0,0.02,4,1.24,-1.58,0.14
1784032779.408,pedestrian,unknown,7.0,4.36,-0.31,0.47,5,3.04,-3.0,0.83
1784032779.478,static,metal,-0.0,1.43,0.0,1.26,15,1.26,0.65,-0.16
1784032779.478,static,mid,8.3,3.23,0.0,0.05,5,2.74,1.7,0.23
1784032779.478,static,unknown,0.3,7.21,0.0,0.9,8,5.99,3.81,1.26
1784032779.478,static,unknown,0.1,8.03,0.0,0.24,5,5.24,-6.02,0.85
1784032779.478,static,fabric,-2.6,2.01,0.0,0.02,4,1.23,-1.58,0.14
1784032779.478,pedestrian,unknown,7.0,4.33,-0.34,0.49,5,3.04,-2.98,0.8
1784032779.576,static,metal,-0.0,1.36,0.0,1.26,15,1.2,0.62,-0.15
1784032779.576,static,mid,8.3,3.23,0.0,0.05,5,2.74,1.69,0.23
1784032779.576,static,unknown,0.3,7.26,0.0,0.9,8,6.05,3.81,1.27
1784032779.576,static,unknown,0.1,8.03,0.0,0.24,5,5.25,-6.02,0.84
1784032779.576,static,fabric,-2.6,2.01,0.0,0.02,4,1.23,-1.58,0.14
1784032779.576,pedestrian,unknown,7.0,4.29,-0.35,0.51,5,3.02,-2.94,0.79
1784032779.669,static,metal,-0.0,1.29,0.0,1.26,15,1.14,0.6,-0.13
1784032779.669,static,mid,8.3,3.23,0.0,0.05,5,2.74,1.69,0.23
1784032779.669,static,unknown,0.3,7.35,0.0,0.9,8,6.14,3.82,1.28
1784032779.669,static,unknown,0.1,8.03,0.0,0.23,5,5.25,-6.02,0.83
1784032779.669,static,fabric,-2.6,2.0,0.0,0.02,4,1.23,-1.58,0.14
1784032779.669,pedestrian,unknown,7.0,4.25,-0.37,0.52,5,2.99,-2.92,0.77
1784032779.747,static,metal,-0.0,1.24,-0.0,1.27,15,1.09,0.58,-0.12
1784032779.747,static,mid,8.3,3.23,0.0,0.06,5,2.74,1.69,0.22
1784032779.747,static,unknown,0.3,7.47,0.0,0.9,8,6.27,3.85,1.3
1784032779.747,static,unknown,0.1,8.03,0.0,0.23,5,5.25,-6.02,0.83
1784032779.747,static,fabric,-2.6,2.0,0.0,0.02,4,1.22,-1.58,0.14
1784032779.747,pedestrian,unknown,7.0,4.21,-0.38,0.53,5,2.95,-2.9,0.77
1784032779.816,static,metal,0.9,1.2,-0.0,1.27,15,1.06,0.56,-0.11
1784032779.816,static,mid,8.3,3.23,0.0,0.06,5,2.74,1.69,0.23
1784032779.816,static,unknown,0.3,7.55,0.0,0.9,8,6.34,3.86,1.32
1784032779.816,static,unknown,0.1,8.03,0.0,0.23,5,5.25,-6.02,0.83
1784032779.816,static,fabric,-2.6,2.0,0.0,0.02,4,1.22,-1.58,0.14
1784032779.816,pedestrian,unknown,7.0,4.17,-0.39,0.53,5,2.92,-2.88,0.75
1784032779.906,static,metal,1.0,1.18,-0.0,1.27,15,1.04,0.54,-0.11
1784032779.906,static,mid,8.3,3.23,0.0,0.06,5,2.74,1.69,0.23
1784032779.906,static,unknown,0.3,7.6,0.0,0.89,8,6.41,3.86,1.35
1784032779.906,static,unknown,0.1,8.03,0.0,0.23,5,5.25,-6.02,0.83
1784032779.906,static,fabric,-2.6,2.0,0.0,0.02,4,1.22,-1.59,0.14
1784032779.906,pedestrian,unknown,7.0,4.13,-0.39,0.54,5,2.86,-2.88,0.73
1784032779.973,static,metal,1.1,1.16,-0.0,1.27,16,1.04,0.52,-0.11
1784032779.973,static,mid,8.3,3.23,0.0,0.06,5,2.74,1.69,0.23
1784032779.973,static,unknown,0.3,7.64,0.0,0.89,7,6.45,3.86,1.37
1784032779.973,static,unknown,0.1,8.03,0.0,0.23,5,5.25,-6.02,0.83
1784032779.973,static,fabric,-2.6,2.01,0.0,0.03,4,1.22,-1.59,0.13
1784032779.973,pedestrian,unknown,7.0,4.1,-0.39,0.54,5,2.83,-2.88,0.72
1784032780.05,static,metal,1.1,1.26,-0.0,1.28,16,1.12,0.56,-0.1
1784032780.05,static,mid,8.3,3.23,0.0,0.06,5,2.74,1.69,0.23
1784032780.05,static,unknown,0.3,7.67,0.0,0.88,7,6.48,3.86,1.39
1784032780.05,static,unknown,0.1,8.03,0.0,0.23,5,5.25,-6.02,0.83
1784032780.05,static,fabric,-2.6,2.0,0.0,0.03,4,1.22,-1.58,0.14
1784032780.05,pedestrian,unknown,7.0,4.06,-0.4,0.54,5,2.81,-2.85,0.69
1784032780.125,static,metal,1.2,1.3,-0.0,1.29,16,1.16,0.57,-0.1
1784032780.125,static,mid,8.3,3.23,0.0,0.06,5,2.74,1.69,0.23
1784032780.125,static,unknown,0.3,7.67,0.0,0.88,7,6.48,3.86,1.39
1784032780.125,static,unknown,0.1,8.03,0.0,0.23,5,5.25,-6.02,0.83
1784032780.125,static,fabric,-2.6,2.06,-0.0,0.03,4,1.35,-1.56,0.14
1784032780.125,pedestrian,unknown,7.0,4.04,-0.4,0.59,6,2.81,-2.82,0.63
1784032780.233,static,metal,1.2,1.27,-0.0,1.3,16,1.2,0.42,-0.08
1784032780.233,static,mid,8.3,3.23,0.0,0.06,5,2.74,1.69,0.23
1784032780.233,static,unknown,0.3,7.67,0.0,0.88,7,6.48,3.86,1.39
1784032780.233,static,unknown,0.1,8.03,0.0,0.23,5,5.25,-6.02,0.83
1784032780.233,static,fabric,-2.6,2.06,-0.0,0.03,4,1.35,-1.56,0.14
1784032780.233,pedestrian,unknown,6.8,4.02,-0.4,0.64,6,2.81,-2.81,0.58
1784032780.308,static,metal,1.2,1.27,-0.0,1.32,16,1.23,0.3,-0.07
1784032780.308,static,mid,8.3,3.23,0.0,0.06,5,2.74,1.69,0.23
1784032780.308,static,unknown,0.3,7.67,0.0,0.88,7,6.48,3.86,1.39
1784032780.308,static,unknown,0.1,8.03,0.0,0.23,5,5.25,-6.02,0.83
1784032780.308,static,fabric,-2.6,2.06,-0.0,0.03,4,1.35,-1.56,0.14
1784032780.308,pedestrian,unknown,6.3,4.0,-0.39,0.68,6,2.81,-2.8,0.55
1784032780.368,static,metal,1.2,1.25,-0.01,1.33,16,1.23,0.23,-0.06
1784032780.368,static,mid,8.3,3.23,0.0,0.06,5,2.74,1.69,0.23
1784032780.368,static,unknown,0.3,7.67,0.0,0.88,7,6.48,3.86,1.39
1784032780.368,static,unknown,0.1,8.03,0.0,0.23,5,5.25,-6.02,0.83
1784032780.368,static,fabric,-2.6,2.06,-0.0,0.03,4,1.35,-1.56,0.14
1784032780.368,pedestrian,unknown,6.3,4.0,-0.39,0.72,6,2.82,-2.79,0.52
1784032780.368,static,unknown,-1.4,7.94,0.0,0.26,2,7.5,2.36,1.12
1784032780.432,static,metal,1.2,1.27,-0.01,1.35,16,1.25,0.2,-0.05
1784032780.432,static,mid,8.3,3.23,0.0,0.06,5,2.74,1.69,0.23
1784032780.432,static,unknown,0.3,7.67,0.0,0.88,7,6.48,3.86,1.39
1784032780.432,static,unknown,0.1,8.03,0.0,0.24,5,5.29,-5.98,0.84
1784032780.432,static,fabric,-2.6,2.06,-0.0,0.03,4,1.35,-1.56,0.14
1784032780.432,pedestrian,unknown,6.2,4.0,-0.38,0.76,6,2.83,-2.78,0.5
1784032780.432,static,unknown,-1.4,7.94,0.0,0.26,2,7.5,2.36,1.12
1784032780.483,static,metal,1.2,1.27,-0.01,1.37,16,1.26,0.18,-0.04
1784032780.483,static,mid,8.3,3.23,0.0,0.06,5,2.74,1.69,0.23
1784032780.483,static,unknown,0.3,7.67,0.0,0.88,7,6.48,3.86,1.39
1784032780.483,static,unknown,0.1,8.03,0.0,0.24,5,5.32,-5.95,0.84
1784032780.483,static,fabric,-2.6,2.06,-0.0,0.03,4,1.35,-1.56,0.14
1784032780.483,pedestrian,unknown,6.2,4.0,-0.37,0.79,6,2.84,-2.78,0.49
1784032780.483,static,unknown,-1.4,7.94,0.0,0.26,2,7.5,2.36,1.12
1784032780.57,unknown,metal,1.0,1.21,-0.01,1.38,16,1.2,0.08,-0.01
1784032780.57,static,mid,8.3,3.29,0.0,0.06,5,2.73,1.84,0.04
1784032780.57,static,unknown,0.3,7.67,0.0,0.88,7,6.48,3.86,1.39
1784032780.57,static,unknown,0.1,8.03,0.0,0.24,5,5.33,-5.95,0.86
1784032780.57,static,fabric,-2.6,2.06,-0.0,0.03,4,1.35,-1.56,0.14
1784032780.57,pedestrian,unknown,5.9,4.01,-0.37,0.83,6,2.85,-2.78,0.47
1784032780.57,static,unknown,-1.4,7.94,0.0,0.26,2,7.5,2.36,1.12
1784032780.64,unknown,metal,0.9,1.16,-0.01,1.39,16,1.16,0.03,0.01
1784032780.64,static,mid,8.3,3.34,0.0,0.07,5,2.72,1.94,-0.09
1784032780.64,static,unknown,0.3,7.67,0.0,0.88,7,6.48,3.86,1.39
1784032780.64,static,unknown,0.1,8.03,0.0,0.24,5,5.32,-5.95,0.86
1784032780.64,static,fabric,-2.6,2.06,-0.0,0.03,4,1.35,-1.56,0.14
1784032780.64,pedestrian,unknown,5.9,4.02,-0.36,0.84,6,2.85,-2.79,0.47
1784032780.64,static,unknown,-1.4,7.94,0.0,0.26,2,7.5,2.36,1.12
1784032780.707,unknown,metal,0.9,1.14,-0.01,1.4,17,1.14,-0.01,0.02
1784032780.707,static,mid,8.3,3.38,0.0,0.07,5,2.72,2.0,-0.17
1784032780.707,static,unknown,0.3,7.67,0.0,0.88,7,6.48,3.86,1.39
1784032780.707,static,unknown,0.1,8.03,0.0,0.24,5,5.32,-5.95,0.87
1784032780.707,static,fabric,-2.6,2.06,-0.0,0.03,4,1.35,-1.56,0.14
1784032780.707,pedestrian,unknown,5.6,4.02,-0.36,0.85,6,2.85,-2.8,0.48
1784032780.707,static,unknown,-1.4,7.94,0.0,0.26,2,7.5,2.36,1.12
1784032780.773,unknown,metal,0.9,1.09,-0.01,1.4,17,1.09,0.06,0.01
1784032780.773,static,mid,8.3,3.41,0.0,0.08,5,2.72,2.04,-0.22
1784032780.773,static,unknown,0.3,7.67,0.0,0.88,7,6.48,3.86,1.39
1784032780.773,static,unknown,0.1,8.03,0.0,0.24,5,5.29,-5.98,0.85
1784032780.773,static,mid,-2.6,2.1,-0.0,0.04,4,1.35,-1.6,0.18
1784032780.773,pedestrian,unknown,5.6,4.03,-0.35,0.86,6,2.87,-2.79,0.44
1784032780.773,static,unknown,-1.4,7.94,0.0,0.26,2,7.5,2.36,1.12
1784032780.84,unknown,metal,0.9,1.06,-0.01,1.4,17,1.05,0.09,-0.0
1784032780.84,static,mid,8.3,3.42,0.0,0.08,5,2.71,2.07,-0.26
1784032780.84,static,unknown,0.3,7.67,0.0,0.88,7,6.48,3.86,1.39
1784032780.84,static,unknown,0.1,8.03,0.0,0.25,5,5.25,-6.01,0.84
1784032780.84,static,mid,-2.6,2.13,-0.0,0.04,4,1.36,-1.63,0.21
1784032780.84,pedestrian,unknown,5.6,4.03,-0.35,0.86,6,2.87,-2.79,0.44
1784032780.84,static,unknown,-1.4,7.94,0.0,0.26,2,7.5,2.36,1.12
1784032780.844,unknown,metal,1.0,1.04,-0.01,1.4,17,1.03,0.11,-0.01
1784032780.844,static,mid,8.3,3.43,0.0,0.09,5,2.71,2.09,-0.28
1784032780.844,static,unknown,0.3,7.67,0.0,0.88,7,6.48,3.86,1.39
1784032780.844,static,unknown,0.1,8.02,0.0,0.25,5,5.23,-6.03,0.83
1784032780.844,static,mid,-2.6,2.15,-0.0,0.04,4,1.36,-1.65,0.23
1784032780.844,pedestrian,unknown,5.6,4.03,-0.35,0.86,6,2.87,-2.79,0.44
1784032780.844,static,unknown,-1.4,7.94,0.0,0.26,2,7.5,2.36,1.12
1784032780.957,unknown,metal,1.0,1.04,-0.01,1.41,17,1.03,0.12,-0.03
1784032780.957,static,mid,8.3,3.43,0.0,0.09,5,2.71,2.09,-0.28
1784032780.957,static,unknown,0.3,7.67,0.0,0.88,7,6.48,3.86,1.39
1784032780.957,static,unknown,0.1,8.02,0.0,0.25,5,5.17,-6.08,0.82
1784032780.957,static,mid,-2.6,2.14,-0.0,0.05,4,1.36,-1.64,0.22
1784032780.957,pedestrian,unknown,5.6,4.03,-0.35,0.86,6,2.87,-2.79,0.44
1784032780.957,static,unknown,-1.4,7.94,0.0,0.26,2,7.5,2.36,1.12
1784032780.961,unknown,metal,2.0,1.04,-0.01,1.41,17,1.03,0.13,-0.03
1784032780.961,static,mid,8.3,3.43,0.0,0.09,5,2.71,2.09,-0.28
1784032780.961,static,unknown,0.3,7.67,0.0,0.88,7,6.48,3.86,1.39
1784032780.961,static,unknown,0.2,8.02,0.0,0.25,5,5.14,-6.11,0.8
1784032780.961,static,mid,-2.6,2.13,-0.0,0.05,4,1.36,-1.63,0.22
1784032780.961,pedestrian,unknown,5.6,4.03,-0.35,0.86,6,2.87,-2.79,0.44
1784032780.961,static,unknown,-1.4,7.94,0.0,0.26,2,7.5,2.36,1.12
1784032781.066,unknown,metal,2.6,1.03,-0.01,1.41,17,1.02,0.12,-0.05
1784032781.066,static,mid,8.3,3.43,0.0,0.09,5,2.71,2.09,-0.28
1784032781.066,person,unknown,0.3,7.67,0.0,0.88,7,6.48,3.86,1.39
1784032781.066,static,unknown,0.2,8.02,0.0,0.25,5,5.1,-6.15,0.77
1784032781.066,static,mid,-2.6,2.13,-0.0,0.05,4,1.36,-1.63,0.22
1784032781.066,pedestrian,mid,5.6,3.94,-0.35,0.83,6,2.74,-2.79,0.51
1784032781.066,static,unknown,-1.4,7.94,0.0,0.26,2,7.5,2.36,1.12
1784032781.125,unknown,metal,2.6,1.03,-0.01,1.41,17,1.03,0.09,-0.07
1784032781.125,static,mid,8.3,3.43,0.0,0.09,5,2.71,2.09,-0.28
1784032781.125,person,unknown,0.3,7.67,0.0,0.88,7,6.48,3.86,1.39
1784032781.125,static,unknown,0.3,8.02,0.0,0.25,5,5.05,-6.19,0.74
1784032781.125,static,mid,-2.6,2.13,-0.0,0.05,4,1.36,-1.63,0.22
1784032781.125,pedestrian,mid,5.6,3.89,-0.34,0.81,6,2.66,-2.79,0.55
1784032781.125,static,unknown,-1.4,7.94,0.0,0.26,2,7.5,2.36,1.12
1784032781.182,unknown,metal,2.6,1.03,-0.01,1.42,17,1.03,0.08,-0.08
1784032781.182,static,mid,8.3,3.43,0.0,0.09,5,2.71,2.09,-0.28
1784032781.182,person,unknown,0.3,7.67,0.0,0.88,7,6.48,3.86,1.39
1784032781.182,static,unknown,0.3,8.02,0.0,0.25,5,5.02,-6.22,0.72
1784032781.182,static,mid,-2.6,2.13,-0.0,0.05,4,1.36,-1.63,0.22
1784032781.182,pedestrian,mid,5.6,3.86,-0.34,0.79,6,2.6,-2.79,0.58
1784032781.182,static,unknown,-1.4,7.94,0.0,0.26,2,7.5,2.36,1.12
1784032781.186,unknown,metal,2.6,1.03,-0.01,1.42,17,1.03,0.07,-0.09
1784032781.186,static,mid,8.3,3.43,0.0,0.09,5,2.71,2.09,-0.28
1784032781.186,person,unknown,0.3,7.67,0.0,0.88,7,6.48,3.86,1.39
1784032781.186,static,unknown,0.3,8.02,0.0,0.25,5,5.0,-6.24,0.7
1784032781.186,static,mid,-2.6,2.13,-0.0,0.05,4,1.36,-1.63,0.22
1784032781.186,pedestrian,mid,5.6,3.84,-0.33,0.77,6,2.57,-2.79,0.6
1784032781.186,static,unknown,-1.4,7.94,0.0,0.26,2,7.5,2.36,1.12
1784032781.256,unknown,metal,2.6,1.04,-0.01,1.42,17,1.04,0.06,-0.09
1784032781.256,static,mid,8.3,3.43,0.0,0.09,5,2.71,2.09,-0.28
1784032781.256,person,unknown,0.3,7.67,0.0,0.88,7,6.48,3.86,1.39
1784032781.256,static,unknown,0.3,8.02,0.0,0.25,5,4.98,-6.25,0.7
1784032781.256,static,mid,-2.6,2.13,-0.0,0.05,4,1.36,-1.63,0.22
1784032781.256,pedestrian,mid,4.5,3.89,-0.33,0.77,5,2.61,-2.81,0.64
1784032781.256,static,unknown,-1.4,7.94,0.0,0.26,2,7.5,2.36,1.12
1784032781.322,unknown,metal,2.2,1.05,-0.01,1.43,17,1.04,0.05,-0.09
1784032781.322,static,mid,8.3,3.43,0.0,0.09,5,2.71,2.09,-0.28
1784032781.322,person,unknown,0.3,7.67,0.0,0.88,7,6.48,3.86,1.39
1784032781.322,static,unknown,0.3,8.02,0.0,0.25,5,4.98,-6.26,0.67
1784032781.322,static,mid,-2.6,2.13,-0.0,0.05,4,1.36,-1.63,0.22
1784032781.322,pedestrian,mid,4.5,3.92,-0.32,0.77,5,2.63,-2.83,0.67
1784032781.322,static,unknown,-1.4,7.94,0.0,0.26,2,7.5,2.36,1.12
1784032781.378,unknown,metal,1.8,1.05,-0.01,1.43,17,1.05,0.05,-0.09
1784032781.378,static,mid,8.3,3.43,0.0,0.09,5,2.71,2.09,-0.28
1784032781.378,person,unknown,0.3,7.67,0.0,0.88,7,6.48,3.86,1.39
1784032781.378,static,unknown,0.3,8.02,0.0,0.25,5,4.98,-6.26,0.65
1784032781.378,static,mid,-2.6,2.13,-0.0,0.05,4,1.36,-1.63,0.22
1784032781.378,pedestrian,mid,4.5,3.94,-0.32,0.77,5,2.65,-2.84,0.69
1784032781.378,static,unknown,-1.4,7.94,0.0,0.26,2,7.5,2.36,1.12
1784032781.442,unknown,metal,1.6,1.04,-0.01,1.43,17,1.04,0.05,-0.1
1784032781.442,static,mid,8.3,3.43,0.0,0.09,5,2.71,2.09,-0.28
1784032781.442,person,unknown,0.3,7.67,0.0,0.88,7,6.48,3.86,1.39
1784032781.442,static,unknown,0.3,8.02,0.0,0.25,5,4.97,-6.26,0.65
1784032781.442,static,mid,-2.6,2.13,-0.0,0.05,4,1.36,-1.63,0.22
1784032781.442,pedestrian,mid,4.5,3.99,-0.31,0.76,5,2.7,-2.85,0.72
1784032781.442,static,unknown,-1.4,7.94,0.0,0.26,2,7.5,2.36,1.12
1784032781.509,unknown,metal,1.6,1.04,-0.01,1.44,17,1.03,0.05,-0.11
1784032781.509,static,mid,8.3,3.43,0.0,0.09,5,2.71,2.09,-0.28
1784032781.509,person,unknown,0.3,7.67,0.0,0.88,7,6.48,3.86,1.39
1784032781.509,static,unknown,0.3,8.03,0.0,0.25,5,4.97,-6.27,0.65
1784032781.509,static,mid,-2.6,2.13,-0.0,0.05,4,1.36,-1.63,0.22
1784032781.509,pedestrian,unknown,4.1,4.02,-0.31,0.75,5,2.73,-2.85,0.75
1784032781.509,static,unknown,-1.4,7.94,0.0,0.26,2,7.5,2.36,1.12
1784032781.513,unknown,metal,1.2,1.03,-0.01,1.44,17,1.03,0.04,-0.11
1784032781.513,static,mid,8.3,3.43,0.0,0.09,5,2.71,2.09,-0.28
1784032781.513,person,unknown,0.3,7.67,0.0,0.88,7,6.48,3.86,1.39
1784032781.513,static,unknown,0.3,8.03,0.0,0.24,5,4.97,-6.27,0.64
1784032781.513,static,mid,-2.6,2.13,-0.0,0.05,4,1.36,-1.63,0.22
1784032781.513,pedestrian,unknown,4.1,4.04,-0.3,0.75,5,2.75,-2.85,0.76
1784032781.513,static,unknown,-1.4,7.94,0.0,0.26,2,7.5,2.36,1.12
1784032781.587,unknown,metal,1.2,1.05,-0.01,1.44,17,1.04,0.04,-0.12
1784032781.587,static,mid,8.3,3.43,0.0,0.09,5,2.71,2.09,-0.28
1784032781.587,person,unknown,0.3,7.67,0.0,0.88,7,6.48,3.86,1.39
1784032781.587,static,unknown,0.3,8.03,0.0,0.24,5,4.97,-6.27,0.65
1784032781.587,static,mid,-2.6,2.13,-0.0,0.05,4,1.36,-1.63,0.22
1784032781.587,pedestrian,unknown,4.1,4.12,-0.3,0.76,5,2.93,-2.84,0.56
1784032781.587,static,unknown,-1.4,7.94,0.0,0.26,2,7.5,2.36,1.12
1784032781.649,unknown,metal,1.2,1.06,-0.01,1.44,17,1.06,0.04,-0.14
1784032781.649,static,mid,8.3,3.43,0.0,0.09,5,2.71,2.09,-0.28
1784032781.649,person,unknown,0.3,7.67,0.0,0.88,7,6.48,3.86,1.39
1784032781.649,static,unknown,0.3,8.03,0.0,0.24,5,4.97,-6.27,0.64
1784032781.649,static,mid,-2.6,2.13,-0.0,0.05,4,1.36,-1.63,0.22
1784032781.649,pedestrian,unknown,4.1,4.19,-0.29,0.78,5,3.07,-2.81,0.44
1784032781.649,static,unknown,-1.4,7.94,0.0,0.26,2,7.5,2.36,1.12
1784032781.713,unknown,metal,1.2,1.07,-0.01,1.44,17,1.06,0.04,-0.15
1784032781.713,static,mid,8.3,3.43,0.0,0.09,5,2.71,2.09,-0.28
1784032781.713,person,unknown,0.3,7.67,0.0,0.88,7,6.48,3.86,1.39
1784032781.713,static,unknown,0.3,8.03,0.0,0.24,5,4.97,-6.27,0.63
1784032781.713,static,mid,-2.6,2.13,-0.0,0.05,4,1.36,-1.63,0.22
1784032781.713,pedestrian,unknown,4.1,4.24,-0.29,0.79,5,3.16,-2.79,0.36
1784032781.713,static,unknown,-1.4,7.94,0.0,0.26,2,7.5,2.36,1.12
1784032781.778,unknown,metal,1.2,1.1,-0.01,1.44,17,1.08,0.04,-0.16
1784032781.778,static,mid,8.3,3.43,0.0,0.09,5,2.71,2.09,-0.28
1784032781.778,person,unknown,0.3,7.67,0.0,0.88,7,6.48,3.86,1.39
1784032781.778,static,unknown,0.3,8.03,0.0,0.24,5,4.97,-6.27,0.61
1784032781.778,static,mid,-2.6,2.13,-0.0,0.05,4,1.36,-1.63,0.22
1784032781.778,pedestrian,unknown,3.7,4.27,-0.28,0.79,5,3.25,-2.75,0.22
1784032781.778,static,unknown,-1.4,7.94,0.0,0.26,2,7.5,2.36,1.12
1784032781.854,unknown,metal,1.2,1.1,-0.01,1.44,17,1.09,0.04,-0.16
1784032781.854,static,mid,8.3,3.43,0.0,0.09,5,2.71,2.09,-0.28
1784032781.854,person,unknown,0.3,7.67,0.0,0.88,7,6.48,3.86,1.39
1784032781.854,static,unknown,0.3,8.03,0.0,0.24,5,4.98,-6.27,0.6
1784032781.854,static,mid,-2.6,2.13,-0.0,0.05,4,1.36,-1.63,0.22
1784032781.854,pedestrian,unknown,3.7,4.29,-0.28,0.8,5,3.31,-2.73,0.13
1784032781.854,static,unknown,-1.4,7.94,0.0,0.26,2,7.5,2.36,1.12
1784032781.928,unknown,metal,1.2,1.1,-0.01,1.44,17,1.09,0.05,-0.16
1784032781.928,static,mid,8.3,3.43,0.0,0.09,5,2.71,2.09,-0.28
1784032781.928,person,unknown,0.3,7.67,0.0,0.88,7,6.48,3.86,1.39
1784032781.928,static,unknown,0.3,8.03,0.0,0.24,5,4.98,-6.27,0.58
1784032781.928,static,mid,-2.6,2.13,-0.0,0.05,4,1.36,-1.63,0.22
1784032781.928,pedestrian,unknown,3.7,4.31,-0.28,0.79,5,3.32,-2.75,0.09
1784032781.928,static,unknown,-1.4,7.94,0.0,0.26,2,7.5,2.36,1.12
1784032782.001,unknown,metal,1.2,1.09,-0.01,1.44,17,1.08,0.05,-0.17
1784032782.001,static,mid,8.3,3.43,0.0,0.09,5,2.71,2.09,-0.28
1784032782.001,person,unknown,0.3,7.67,0.0,0.88,7,6.48,3.86,1.39
1784032782.001,static,unknown,0.3,8.03,0.0,0.24,5,4.98,-6.27,0.56
1784032782.001,static,mid,-2.6,2.13,-0.0,0.05,4,1.36,-1.63,0.22
1784032782.001,pedestrian,unknown,3.7,4.32,-0.27,0.79,5,3.32,-2.76,0.06
1784032782.074,unknown,metal,1.2,1.06,-0.01,1.44,17,1.04,0.07,-0.17
1784032782.074,static,mid,8.3,3.43,0.0,0.09,5,2.71,2.09,-0.28
1784032782.074,person,unknown,0.3,7.67,0.0,0.88,7,6.48,3.86,1.39
1784032782.074,static,unknown,0.3,8.03,0.0,0.24,5,4.98,-6.27,0.54
1784032782.074,static,mid,-2.6,2.13,-0.0,0.05,4,1.36,-1.63,0.22
1784032782.074,pedestrian,unknown,3.7,4.32,-0.27,0.79,5,3.32,-2.76,0.06
1784032782.15,unknown,metal,1.2,1.02,-0.01,1.44,17,1.01,0.08,-0.17
1784032782.15,static,mid,8.3,3.43,0.0,0.09,5,2.71,2.09,-0.28
1784032782.15,person,unknown,0.3,7.67,0.0,0.88,7,6.48,3.86,1.39
1784032782.15,static,unknown,0.3,8.03,0.0,0.24,5,4.98,-6.27,0.54
1784032782.15,static,mid,-2.6,2.13,-0.0,0.05,4,1.36,-1.63,0.22
1784032782.15,pedestrian,unknown,3.7,4.32,-0.27,0.79,5,3.32,-2.76,0.06
1784032782.221,unknown,metal,1.2,1.0,-0.01,1.44,17,0.98,0.09,-0.16
1784032782.221,static,mid,8.3,3.43,0.0,0.09,5,2.71,2.09,-0.28
1784032782.221,person,unknown,0.3,7.67,0.0,0.88,7,6.48,3.86,1.39
1784032782.221,static,unknown,0.3,8.03,0.0,0.24,5,4.98,-6.27,0.54
1784032782.221,static,mid,-2.6,2.13,-0.0,0.05,4,1.36,-1.63,0.22
1784032782.221,pedestrian,unknown,3.7,4.32,-0.27,0.79,5,3.32,-2.76,0.06
1784032782.295,unknown,metal,1.2,0.99,-0.01,1.44,17,0.97,0.1,-0.16
1784032782.295,static,mid,8.3,3.43,0.0,0.09,5,2.71,2.09,-0.28
1784032782.295,person,unknown,0.3,7.67,0.0,0.88,7,6.48,3.86,1.39
1784032782.295,static,unknown,0.3,8.03,0.0,0.24,5,4.98,-6.27,0.54
1784032782.295,static,mid,-2.6,2.13,-0.0,0.05,4,1.36,-1.63,0.22
1784032782.295,pedestrian,unknown,3.7,4.32,-0.27,0.79,5,3.32,-2.76,0.06
1784032782.3,unknown,metal,1.4,0.98,-0.01,1.44,17,0.96,0.1,-0.15
1784032782.3,static,mid,8.3,3.43,0.0,0.09,5,2.71,2.09,-0.28
1784032782.3,person,unknown,0.3,7.67,0.0,0.88,7,6.48,3.86,1.39
1784032782.3,static,unknown,0.3,8.03,0.0,0.24,5,4.98,-6.27,0.54
1784032782.3,static,mid,-2.6,2.13,-0.0,0.05,4,1.36,-1.63,0.22
1784032782.3,pedestrian,unknown,3.7,4.32,-0.27,0.79,5,3.32,-2.76,0.06
1784032782.374,unknown,metal,1.2,0.97,-0.01,1.44,17,0.96,0.1,-0.15
1784032782.374,person,unknown,0.3,7.67,0.0,0.88,7,6.48,3.86,1.39
1784032782.374,static,unknown,0.3,8.03,0.0,0.24,5,4.98,-6.27,0.54
1784032782.374,static,mid,-2.6,2.13,-0.0,0.05,4,1.36,-1.63,0.22
1784032782.374,pedestrian,unknown,3.7,4.32,-0.27,0.79,5,3.32,-2.76,0.06
1784032782.458,unknown,metal,1.2,0.97,-0.01,1.44,17,0.96,0.1,-0.14
1784032782.458,person,unknown,0.3,7.67,0.0,0.88,7,6.48,3.86,1.39
1784032782.458,static,unknown,0.3,8.03,0.0,0.24,5,4.98,-6.27,0.54
1784032782.458,static,mid,-2.6,2.13,-0.0,0.05,4,1.36,-1.63,0.22
1784032782.458,pedestrian,unknown,3.7,4.32,-0.27,0.79,5,3.32,-2.76,0.06
1784032782.552,unknown,metal,1.0,0.99,-0.01,1.44,17,0.98,0.09,-0.14
1784032782.552,person,unknown,0.3,7.67,0.0,0.88,7,6.48,3.86,1.39
1784032782.552,static,unknown,0.3,8.03,0.0,0.24,5,4.98,-6.27,0.54
1784032782.552,pedestrian,unknown,3.7,4.32,-0.27,0.79,5,3.32,-2.76,0.06
1784032782.619,unknown,metal,1.0,1.01,-0.01,1.44,17,0.99,0.08,-0.14
1784032782.619,person,unknown,0.3,7.67,0.0,0.88,7,6.48,3.86,1.39
1784032782.619,static,unknown,0.3,8.03,0.0,0.24,5,4.98,-6.27,0.54
1784032782.619,pedestrian,unknown,3.7,4.32,-0.27,0.79,5,3.32,-2.76,0.06
1784032782.678,unknown,metal,0.9,1.02,-0.01,1.45,17,1.01,0.04,-0.14
1784032782.678,person,unknown,0.3,7.67,0.0,0.88,7,6.48,3.86,1.39
1784032782.678,static,unknown,0.3,8.03,0.0,0.24,5,4.98,-6.27,0.54
1784032782.678,pedestrian,unknown,3.7,4.32,-0.27,0.79,5,3.32,-2.76,0.06
1784032782.74,unknown,metal,0.9,1.03,-0.01,1.45,17,1.02,-0.02,-0.14
1784032782.74,person,unknown,0.3,7.67,0.0,0.88,7,6.48,3.86,1.39
1784032782.74,static,unknown,0.3,8.03,0.0,0.24,5,4.98,-6.27,0.54
1784032782.74,pedestrian,unknown,3.7,4.32,-0.27,0.79,5,3.32,-2.76,0.06
1784032782.805,unknown,metal,0.9,1.04,-0.01,1.45,18,1.03,-0.06,-0.13
1784032782.805,person,unknown,0.3,7.67,0.0,0.88,7,6.48,3.86,1.39
1784032782.805,static,unknown,0.3,8.03,0.0,0.24,5,4.98,-6.27,0.54
1784032782.805,pedestrian,unknown,3.7,4.32,-0.27,0.79,5,3.32,-2.76,0.06
1784032782.869,unknown,metal,0.8,1.05,-0.01,1.46,18,1.04,-0.09,-0.13
1784032782.869,person,unknown,0.3,7.67,0.0,0.88,7,6.48,3.86,1.39
1784032782.869,static,unknown,0.3,8.03,0.0,0.24,5,4.98,-6.27,0.54
1784032782.869,pedestrian,unknown,3.7,4.32,-0.27,0.79,5,3.32,-2.76,0.06
1784032782.937,unknown,metal,0.8,1.05,-0.01,1.46,18,1.04,-0.11,-0.13
1784032782.937,person,unknown,0.3,7.67,0.0,0.88,7,6.48,3.86,1.39
1784032782.937,static,unknown,0.3,8.03,0.0,0.24,5,4.98,-6.27,0.54
1784032782.937,pedestrian,unknown,3.7,4.32,-0.27,0.79,5,3.32,-2.76,0.06
1784032783.009,unknown,metal,0.6,1.03,-0.01,1.47,18,1.02,-0.12,-0.11
1784032783.009,person,unknown,0.3,7.67,0.0,0.88,7,6.48,3.86,1.39
1784032783.009,static,unknown,0.3,8.03,0.0,0.24,5,4.98,-6.27,0.54
1784032783.009,pedestrian,unknown,3.7,4.32,-0.27,0.79,5,3.32,-2.76,0.06
1784032783.076,unknown,metal,0.4,1.01,-0.01,1.47,18,0.99,-0.13,-0.09
1784032783.076,static,unknown,0.3,8.03,0.0,0.24,5,4.98,-6.27,0.54
1784032783.076,pedestrian,unknown,3.7,4.32,-0.27,0.79,5,3.32,-2.76,0.06
1784032783.171,unknown,metal,0.4,0.94,-0.01,1.48,18,0.93,-0.1,-0.06
1784032783.171,static,unknown,0.3,8.03,0.0,0.24,5,4.98,-6.27,0.54
1784032783.171,pedestrian,unknown,3.7,4.32,-0.27,0.79,5,3.32,-2.76,0.06
1784032783.252,unknown,metal,0.4,0.87,-0.01,1.48,18,0.87,-0.06,-0.04
1784032783.252,static,unknown,0.3,8.03,0.0,0.24,5,4.98,-6.27,0.54
1784032783.252,pedestrian,unknown,3.7,4.32,-0.27,0.79,5,3.32,-2.76,0.06
1784032783.332,unknown,metal,0.4,0.83,-0.01,1.48,18,0.83,-0.05,-0.02
1784032783.332,static,unknown,0.3,8.03,0.0,0.24,5,4.98,-6.27,0.54
1784032783.332,pedestrian,unknown,3.7,4.32,-0.27,0.79,5,3.32,-2.76,0.06
1784032783.402,unknown,metal,0.4,0.8,-0.01,1.48,18,0.79,-0.06,-0.0
1784032783.402,static,unknown,0.3,8.03,0.0,0.24,5,4.98,-6.27,0.54
1784032783.402,pedestrian,unknown,3.7,4.32,-0.27,0.79,5,3.32,-2.76,0.06
1784032783.481,unknown,metal,0.4,0.76,-0.01,1.48,18,0.75,-0.05,0.01
1784032783.481,static,unknown,0.3,8.03,0.0,0.24,5,4.98,-6.27,0.54
1784032783.481,pedestrian,unknown,3.7,4.32,-0.27,0.79,5,3.32,-2.76,0.06
1784032783.576,unknown,metal,0.4,0.72,-0.01,1.48,18,0.72,-0.06,0.03
1784032783.576,pedestrian,unknown,3.7,4.32,-0.27,0.79,5,3.32,-2.76,0.06
1784032783.651,unknown,metal,0.6,0.72,-0.01,1.48,18,0.71,-0.1,0.04
1784032783.651,pedestrian,unknown,3.7,4.32,-0.27,0.79,5,3.32,-2.76,0.06
1784032783.724,unknown,metal,0.6,0.71,-0.01,1.48,18,0.69,-0.12,0.05
1784032783.724,pedestrian,unknown,3.7,4.32,-0.27,0.79,5,3.32,-2.76,0.06
1784032783.808,unknown,metal,1.1,0.69,-0.01,1.48,18,0.68,-0.11,0.06
1784032783.808,pedestrian,unknown,3.7,4.32,-0.27,0.79,5,3.32,-2.76,0.06
1784032783.897,unknown,metal,1.1,0.68,-0.01,1.49,18,0.67,-0.11,0.05
1784032783.897,pedestrian,unknown,3.7,4.32,-0.27,0.79,5,3.32,-2.76,0.06
1784032783.962,unknown,metal,1.6,0.7,-0.01,1.49,18,0.68,-0.16,0.03
1784032783.962,pedestrian,unknown,3.7,4.32,-0.27,0.79,5,3.32,-2.76,0.06
1784032784.03,unknown,metal,1.7,0.71,-0.01,1.49,18,0.69,-0.16,0.02
1784032784.03,pedestrian,unknown,3.7,4.32,-0.27,0.79,5,3.32,-2.76,0.06
1784032784.129,unknown,metal,1.8,0.7,-0.01,1.49,18,0.68,-0.15,0.02
1784032784.129,pedestrian,unknown,3.7,4.32,-0.27,0.79,5,3.32,-2.76,0.06
1784032784.201,unknown,metal,2.3,0.69,-0.01,1.49,18,0.68,-0.14,0.02
1784032784.201,pedestrian,unknown,3.7,4.32,-0.27,0.79,5,3.32,-2.76,0.06
1784032784.3,unknown,metal,2.8,0.7,-0.01,1.49,18,0.68,-0.14,0.02
1784032784.3,pedestrian,unknown,3.7,4.32,-0.27,0.79,5,3.32,-2.76,0.06
1784032784.378,unknown,metal,2.9,0.69,-0.01,1.49,18,0.68,-0.12,0.03
1784032784.378,pedestrian,unknown,3.7,4.32,-0.27,0.79,5,3.32,-2.76,0.06
1784032784.381,unknown,metal,3.2,0.68,-0.01,1.49,18,0.67,-0.1,0.04
1784032784.381,pedestrian,unknown,3.7,4.32,-0.27,0.79,5,3.32,-2.76,0.06
1784032784.501,unknown,metal,4.3,0.65,-0.01,1.49,18,0.65,-0.06,0.05
1784032784.501,pedestrian,unknown,3.7,4.32,-0.27,0.79,5,3.32,-2.76,0.06
1784032784.501,static,fabric,-0.9,2.31,0.16,0.16,2,2.17,0.76,-0.24
1784032784.6,unknown,metal,4.5,0.63,-0.01,1.49,18,0.63,-0.03,0.05
1784032784.6,pedestrian,unknown,3.7,4.32,-0.27,0.79,5,3.32,-2.76,0.06
1784032784.6,static,fabric,-0.9,2.31,0.16,0.16,2,2.17,0.76,-0.24
1784032784.6,static,unknown,-1.2,7.94,0.0,0.3,3,7.66,-1.85,1.0
1784032784.673,unknown,metal,4.5,0.63,-0.01,1.49,18,0.63,-0.0,0.05
1784032784.673,pedestrian,unknown,3.7,4.32,-0.27,0.79,5,3.32,-2.76,0.06
1784032784.673,static,fabric,-0.9,2.31,0.16,0.16,2,2.17,0.76,-0.24
1784032784.673,static,unknown,-1.1,7.94,0.0,0.32,3,7.66,-1.85,0.99
1784032784.773,unknown,metal,5.0,0.67,-0.01,1.49,18,0.66,0.05,0.05
1784032784.773,pedestrian,unknown,3.7,4.32,-0.27,0.79,5,3.32,-2.76,0.06
1784032784.773,static,fabric,-0.9,2.31,0.16,0.16,2,2.17,0.76,-0.24
1784032784.773,static,unknown,-1.1,7.94,0.0,0.33,4,7.67,-1.83,0.98
1784032784.842,unknown,metal,5.2,0.73,-0.01,1.49,18,0.72,0.07,0.04
1784032784.842,pedestrian,unknown,3.7,4.32,-0.27,0.79,5,3.32,-2.76,0.06
1784032784.842,static,fabric,-0.9,2.31,0.16,0.16,2,2.17,0.76,-0.24
1784032784.842,static,unknown,-1.1,7.94,0.0,0.35,4,7.67,-1.82,0.97
1784032784.944,unknown,metal,5.3,0.81,-0.0,1.49,18,0.81,0.08,0.03
1784032784.944,pedestrian,unknown,3.7,4.32,-0.27,0.79,5,3.32,-2.76,0.06
1784032784.944,static,fabric,-0.9,2.31,0.16,0.16,2,2.17,0.76,-0.24
1784032784.944,static,unknown,-1.1,7.94,0.0,0.33,4,7.67,-1.81,0.93
1784032785.016,unknown,metal,5.8,0.87,-0.0,1.49,18,0.86,0.09,0.02
1784032785.016,static,fabric,-0.9,2.31,0.16,0.16,2,2.17,0.76,-0.24
1784032785.016,static,unknown,-1.1,7.94,0.0,0.32,4,7.67,-1.81,0.91
1784032785.108,vehicle,metal,6.1,0.92,-0.0,1.49,18,0.91,0.11,0.02
1784032785.108,static,fabric,-0.9,2.31,0.16,0.16,2,2.17,0.76,-0.24
1784032785.108,static,unknown,-1.2,7.94,0.0,0.32,4,7.68,-1.8,0.88
1784032785.108,static,mid,5.5,3.2,0.0,0.21,3,3.17,0.02,0.39
1784032785.181,vehicle,metal,6.6,0.98,-0.0,1.49,18,0.97,0.11,0.01
1784032785.181,static,fabric,-0.9,2.31,0.16,0.16,2,2.17,0.76,-0.24
1784032785.181,static,unknown,-1.2,7.94,0.0,0.32,4,7.68,-1.81,0.84
1784032785.181,static,mid,5.5,3.2,0.0,0.22,3,3.17,0.03,0.39
1784032785.287,vehicle,metal,7.4,1.04,0.0,1.49,18,1.03,0.11,0.0
1784032785.287,static,fabric,-0.9,2.31,0.16,0.16,2,2.17,0.76,-0.24
1784032785.287,static,unknown,-1.2,7.94,0.0,0.32,4,7.68,-1.83,0.81
1784032785.287,static,mid,5.5,3.2,0.0,0.22,3,3.18,0.04,0.37
1784032785.356,vehicle,metal,7.4,1.08,0.0,1.49,18,1.07,0.13,-0.01
1784032785.356,static,fabric,-0.9,2.31,0.16,0.16,2,2.17,0.76,-0.24
1784032785.356,static,unknown,-1.2,7.94,0.0,0.32,3,7.68,-1.84,0.79
1784032785.356,static,mid,5.5,3.2,0.0,0.22,3,3.18,0.04,0.35
1784032785.449,vehicle,metal,6.6,1.1,0.0,1.49,18,1.09,0.15,-0.01
1784032785.449,static,fabric,-0.9,2.31,0.16,0.16,2,2.17,0.76,-0.24
1784032785.449,static,unknown,-1.2,7.94,0.0,0.32,3,7.68,-1.84,0.79
1784032785.449,static,mid,5.5,3.19,0.0,0.22,3,3.17,0.03,0.34
1784032785.513,vehicle,metal,5.8,1.11,0.0,1.49,18,1.1,0.16,-0.01
1784032785.513,static,fabric,-0.9,2.31,0.16,0.16,2,2.17,0.76,-0.24
1784032785.513,static,unknown,-1.2,7.94,0.0,0.32,3,7.68,-1.84,0.79
1784032785.513,static,mid,5.5,3.19,0.0,0.22,3,3.17,0.03,0.33
1784032785.518,vehicle,metal,5.3,1.12,0.0,1.5,18,1.11,0.17,-0.01
1784032785.518,static,fabric,-0.9,2.31,0.16,0.16,2,2.17,0.76,-0.24
1784032785.518,static,unknown,-1.2,7.94,0.0,0.32,3,7.68,-1.84,0.79
1784032785.518,static,mid,5.5,3.19,0.0,0.22,4,3.17,0.03,0.33
1784032785.518,static,unknown,-0.7,7.73,0.0,0.19,3,7.68,0.0,0.87
1784032785.583,vehicle,metal,5.3,1.13,0.0,1.5,18,1.12,0.17,-0.01
1784032785.583,static,fabric,-0.9,2.31,0.16,0.16,2,2.17,0.76,-0.24
1784032785.583,static,unknown,-1.2,7.94,0.0,0.32,3,7.68,-1.84,0.79
1784032785.583,static,mid,5.5,3.19,0.0,0.22,4,3.17,0.03,0.32
1784032785.583,static,unknown,-0.7,7.73,0.0,0.2,3,7.68,0.0,0.86
1784032785.587,vehicle,metal,4.9,1.14,0.0,1.5,18,1.13,0.17,-0.01
1784032785.587,static,fabric,-0.9,2.31,0.16,0.16,2,2.17,0.76,-0.24
1784032785.587,static,unknown,-1.2,7.94,0.0,0.32,3,7.68,-1.84,0.79
1784032785.587,static,mid,5.5,3.19,0.0,0.22,4,3.17,0.03,0.32
1784032785.587,static,unknown,-0.7,7.73,0.0,0.2,3,7.68,0.0,0.86
1784032785.667,vehicle,metal,4.9,1.14,0.0,1.5,18,1.12,0.19,-0.01
1784032785.667,static,fabric,-0.9,2.31,0.16,0.16,2,2.17,0.76,-0.24
1784032785.667,static,unknown,-1.2,7.94,0.0,0.32,3,7.68,-1.84,0.79
1784032785.667,static,mid,5.5,3.19,0.0,0.23,4,3.18,0.03,0.29
1784032785.667,static,unknown,-0.7,7.73,0.0,0.21,3,7.68,0.0,0.85
1784032785.671,vehicle,metal,4.9,1.14,0.0,1.5,18,1.12,0.21,-0.0
1784032785.671,static,fabric,-0.9,2.31,0.16,0.16,2,2.17,0.76,-0.24
1784032785.671,static,unknown,-1.2,7.94,0.0,0.32,3,7.68,-1.84,0.79
1784032785.671,static,mid,4.7,3.19,0.0,0.24,4,3.18,0.03,0.26
1784032785.671,static,unknown,-0.7,7.73,0.0,0.21,3,7.68,0.0,0.85
1784032785.764,vehicle,metal,4.9,1.11,0.0,1.5,18,1.09,0.22,0.0
1784032785.764,static,fabric,-0.9,2.31,0.16,0.16,2,2.17,0.76,-0.24
1784032785.764,static,unknown,-1.2,7.94,0.0,0.32,3,7.68,-1.84,0.79
1784032785.764,static,mid,4.7,3.2,0.0,0.25,4,3.18,0.03,0.26
1784032785.764,static,unknown,-0.7,7.72,0.0,0.21,3,7.68,0.0,0.83
1784032785.768,vehicle,metal,4.9,1.1,0.0,1.5,18,1.07,0.24,0.01
1784032785.768,static,fabric,-0.9,2.31,0.16,0.16,2,2.17,0.76,-0.24
1784032785.768,static,unknown,-1.2,7.94,0.0,0.32,3,7.68,-1.84,0.79
1784032785.768,static,mid,4.7,3.2,0.0,0.26,4,3.19,0.03,0.25
1784032785.768,static,unknown,-0.7,7.72,0.0,0.2,3,7.68,0.0,0.82
1784032785.856,vehicle,metal,5.2,1.08,0.0,1.5,18,1.05,0.24,0.02
1784032785.856,static,fabric,-0.9,2.31,0.16,0.16,2,2.17,0.76,-0.24
1784032785.856,static,unknown,-1.2,7.94,0.0,0.32,3,7.68,-1.84,0.79
1784032785.856,static,mid,2.8,3.2,0.0,0.27,4,3.19,0.03,0.24
1784032785.856,static,unknown,-0.7,7.71,0.0,0.23,3,7.67,0.0,0.86
1784032785.861,vehicle,metal,5.7,1.07,0.0,1.5,19,1.04,0.25,0.02
1784032785.861,static,fabric,-0.9,2.31,0.16,0.16,2,2.17,0.76,-0.24
1784032785.861,static,unknown,-1.2,7.94,0.0,0.32,3,7.68,-1.84,0.79
1784032785.861,static,mid,2.8,3.2,0.0,0.27,4,3.19,0.03,0.24
1784032785.861,static,unknown,-0.7,7.71,0.0,0.24,3,7.66,0.0,0.88
1784032785.939,vehicle,metal,6.5,1.06,0.0,1.5,19,1.03,0.25,0.02
1784032785.939,static,fabric,-0.9,2.31,0.16,0.16,2,2.17,0.76,-0.24
1784032785.939,static,unknown,-1.2,7.94,0.0,0.32,3,7.68,-1.84,0.79
1784032785.939,static,mid,2.8,3.2,0.0,0.28,5,3.19,0.03,0.23
1784032785.939,static,unknown,-0.7,7.71,0.0,0.24,3,7.66,0.0,0.88
1784032785.949,vehicle,metal,6.7,1.06,0.0,1.5,19,1.03,0.25,0.03
1784032785.949,static,fabric,-0.9,2.31,0.16,0.16,2,2.17,0.76,-0.24
1784032785.949,static,unknown,-1.2,7.94,0.0,0.32,3,7.68,-1.84,0.79
1784032785.949,static,mid,2.8,3.2,0.0,0.28,5,3.19,0.03,0.22
1784032785.949,static,unknown,-0.7,7.7,0.0,0.23,3,7.63,0.0,0.99
1784032786.033,vehicle,metal,8.6,1.07,0.0,1.5,19,1.04,0.26,0.02
1784032786.033,static,fabric,-0.9,2.31,0.16,0.16,2,2.17,0.76,-0.24
1784032786.033,static,unknown,-1.2,7.94,0.0,0.32,3,7.68,-1.84,0.79
1784032786.033,static,mid,2.8,3.2,0.0,0.29,5,3.19,0.04,0.22
1784032786.033,static,unknown,-0.7,7.7,0.0,0.23,3,7.63,0.0,1.05
1784032786.037,vehicle,metal,8.6,1.08,0.0,1.51,19,1.05,0.27,0.02
1784032786.037,static,fabric,-0.9,2.31,0.16,0.16,2,2.17,0.76,-0.24
1784032786.037,static,unknown,-1.2,7.94,0.0,0.32,3,7.68,-1.84,0.79
1784032786.037,static,mid,2.8,3.2,0.0,0.29,5,3.19,0.03,0.21
1784032786.037,static,unknown,-0.7,7.7,0.0,0.23,3,7.62,0.0,1.08
1784032786.124,vehicle,metal,8.9,1.09,0.0,1.51,19,1.05,0.28,0.02
1784032786.124,static,unknown,-1.2,7.94,0.0,0.32,3,7.68,-1.84,0.79
1784032786.124,static,mid,2.8,3.2,0.0,0.29,5,3.19,0.03,0.2
1784032786.124,static,unknown,-0.3,7.7,0.0,0.23,3,7.62,0.0,1.11
1784032786.13,vehicle,metal,8.9,1.09,0.0,1.51,19,1.06,0.28,0.02
1784032786.13,static,unknown,-1.2,7.94,0.0,0.32,3,7.68,-1.84,0.79
1784032786.13,static,mid,2.8,3.2,0.0,0.3,5,3.19,0.03,0.2
1784032786.13,static,unknown,-0.3,7.7,0.0,0.23,3,7.61,0.0,1.12
1784032786.195,vehicle,metal,8.9,1.11,0.0,1.51,19,1.07,0.28,0.01
1784032786.195,static,unknown,-1.2,7.94,0.0,0.32,3,7.68,-1.84,0.79
1784032786.195,static,mid,2.8,3.19,0.0,0.29,5,3.19,0.03,0.21
1784032786.195,static,unknown,-0.3,7.7,0.0,0.23,3,7.62,0.0,1.12
1784032786.199,vehicle,metal,8.9,1.12,0.0,1.51,19,1.08,0.27,0.01
1784032786.199,static,unknown,-1.2,7.94,0.0,0.32,3,7.68,-1.84,0.79
1784032786.199,static,mid,2.8,3.19,0.0,0.28,5,3.18,0.02,0.22
1784032786.199,static,unknown,1.4,7.7,0.0,0.24,3,7.62,0.0,1.11
1784032786.262,vehicle,metal,8.9,1.11,0.0,1.51,19,1.07,0.27,0.01
1784032786.262,static,unknown,-1.2,7.94,0.0,0.32,3,7.68,-1.84,0.79
1784032786.262,static,mid,4.7,3.19,0.0,0.27,5,3.18,0.02,0.22
1784032786.262,static,unknown,2.0,7.71,0.0,0.24,3,7.63,-0.01,1.12
1784032786.267,vehicle,metal,9.0,1.1,0.0,1.51,19,1.07,0.27,0.01
1784032786.267,static,unknown,-1.2,7.94,0.0,0.32,3,7.68,-1.84,0.79
1784032786.267,static,mid,4.7,3.19,0.0,0.26,5,3.18,0.02,0.22
1784032786.267,static,unknown,2.0,7.71,0.0,0.25,4,7.63,-0.02,1.12
1784032786.334,vehicle,metal,8.9,1.09,0.0,1.51,19,1.06,0.27,0.01
1784032786.334,static,unknown,-1.2,7.94,0.0,0.32,3,7.68,-1.84,0.79
1784032786.334,static,mid,5.5,3.19,0.0,0.26,5,3.18,0.02,0.22
1784032786.334,static,unknown,2.0,7.71,0.0,0.25,4,7.63,-0.01,1.12
1784032786.342,vehicle,metal,8.9,1.08,0.0,1.51,19,1.05,0.27,0.01
1784032786.342,static,unknown,-1.2,7.94,0.0,0.32,3,7.68,-1.84,0.79
1784032786.342,static,mid,5.5,3.19,0.0,0.25,5,3.18,0.02,0.22
1784032786.342,static,unknown,2.0,7.71,0.0,0.26,4,7.63,-0.01,1.12
1784032786.42,vehicle,metal,8.6,1.07,0.0,1.51,19,1.04,0.25,0.01
1784032786.42,static,unknown,-1.2,7.94,0.0,0.32,3,7.68,-1.84,0.79
1784032786.42,static,mid,7.7,3.19,0.0,0.25,5,3.18,0.02,0.22
1784032786.42,static,unknown,2.1,7.71,0.0,0.26,4,7.63,-0.0,1.12
1784032786.424,vehicle,metal,8.5,1.06,0.0,1.51,19,1.03,0.24,0.0
1784032786.424,static,unknown,-1.2,7.94,0.0,0.32,3,7.68,-1.84,0.79
1784032786.424,static,mid,7.7,3.19,0.0,0.24,5,3.18,0.03,0.23
1784032786.424,static,unknown,2.1,7.71,0.0,0.27,5,7.63,-0.0,1.12
1784032786.487,vehicle,metal,6.4,1.05,0.0,1.52,19,1.02,0.22,-0.0
1784032786.487,static,unknown,-1.2,7.94,0.0,0.32,3,7.68,-1.84,0.79
1784032786.487,static,mid,7.7,3.19,0.0,0.24,5,3.18,0.03,0.23
1784032786.487,static,unknown,2.1,7.72,0.0,0.28,5,7.63,-0.0,1.12
1784032786.492,vehicle,metal,6.4,1.04,0.0,1.52,19,1.02,0.21,-0.0
1784032786.492,static,unknown,-1.2,7.94,0.0,0.32,3,7.68,-1.84,0.79
1784032786.492,static,mid,7.8,3.19,0.0,0.24,5,3.18,0.03,0.23
1784032786.492,static,unknown,2.1,7.72,0.0,0.29,5,7.64,-0.0,1.11
1784032786.558,vehicle,metal,4.1,1.02,0.0,1.52,19,1.0,0.2,-0.01
1784032786.558,static,unknown,-1.2,7.94,0.0,0.32,3,7.68,-1.84,0.79
1784032786.558,static,mid,7.8,3.19,0.0,0.23,5,3.18,0.03,0.23
1784032786.558,static,unknown,2.1,7.72,0.0,0.3,5,7.63,-0.0,1.12
1784032786.562,vehicle,metal,4.1,1.0,0.0,1.53,19,0.99,0.19,-0.01
1784032786.562,static,unknown,-1.2,7.94,0.0,0.32,3,7.68,-1.84,0.79
1784032786.562,static,mid,7.8,3.19,0.0,0.23,5,3.18,0.03,0.23
1784032786.562,static,unknown,2.1,7.71,0.0,0.31,5,7.63,-0.0,1.12
1784032786.632,vehicle,metal,4.0,1.01,0.0,1.53,19,0.99,0.16,-0.02
1784032786.632,static,unknown,-1.2,7.94,0.0,0.32,3,7.68,-1.84,0.79
1784032786.632,static,mid,7.8,3.19,0.0,0.23,5,3.18,0.02,0.23
1784032786.632,static,unknown,2.1,7.71,0.0,0.32,5,7.63,-0.0,1.12
1784032786.637,vehicle,metal,3.9,1.01,0.0,1.54,19,1.0,0.14,-0.03
1784032786.637,static,unknown,-1.2,7.94,0.0,0.32,3,7.68,-1.84,0.79
1784032786.637,static,mid,8.5,3.19,0.0,0.22,5,3.18,0.02,0.23
1784032786.637,static,unknown,2.1,7.71,0.0,0.32,5,7.63,-0.0,1.12
1784032786.729,vehicle,metal,3.9,1.02,-0.0,1.54,19,1.01,0.11,-0.03
1784032786.729,static,unknown,-1.2,7.94,0.0,0.32,3,7.68,-1.84,0.79
1784032786.729,static,mid,8.5,3.19,0.0,0.22,5,3.18,0.03,0.23
1784032786.729,static,unknown,2.1,7.71,0.0,0.33,6,7.63,-0.0,1.13
1784032786.735,vehicle,metal,3.8,1.02,-0.0,1.55,20,1.02,0.09,-0.04
1784032786.735,static,unknown,-1.2,7.94,0.0,0.32,3,7.68,-1.84,0.79
1784032786.735,static,mid,8.5,3.18,0.0,0.22,5,3.17,0.03,0.24
1784032786.735,static,unknown,2.1,7.71,0.0,0.34,6,7.63,-0.0,1.14
1784032786.819,vehicle,metal,3.8,1.24,-0.0,1.55,20,1.23,-0.07,-0.09
1784032786.819,static,unknown,-1.2,7.94,0.0,0.32,3,7.68,-1.84,0.79
1784032786.819,static,mid,8.5,3.18,0.0,0.22,5,3.17,0.03,0.24
1784032786.819,static,unknown,2.1,7.71,0.0,0.35,6,7.62,0.02,1.18
1784032786.824,vehicle,metal,3.8,1.39,-0.0,1.55,20,1.37,-0.17,-0.12
1784032786.824,static,unknown,-1.2,7.94,0.0,0.32,3,7.68,-1.84,0.79
1784032786.824,static,mid,8.5,3.18,0.0,0.22,5,3.17,0.03,0.24
1784032786.824,static,unknown,2.1,7.7,0.0,0.36,5,7.61,0.03,1.21
1784032786.891,vehicle,metal,3.7,1.49,-0.0,1.55,20,1.46,-0.24,-0.14
1784032786.891,static,mid,8.6,3.18,0.0,0.21,5,3.17,0.04,0.24
1784032786.891,static,unknown,2.1,7.7,0.0,0.37,5,7.6,0.04,1.23
1784032786.896,vehicle,metal,3.1,1.56,-0.0,1.56,19,1.52,-0.29,-0.16
1784032786.896,static,mid,8.6,3.18,0.0,0.21,5,3.17,0.04,0.24
1784032786.896,static,unknown,2.1,7.7,0.0,0.39,5,7.6,0.05,1.25
1784032786.896,pedestrian,metal,9.1,0.6,-0.22,0.91,16,0.45,0.39,0.02
1784032786.896,static,unknown,-1.4,6.55,0.0,0.01,2,6.54,0.0,0.28
1784032786.964,vehicle,metal,2.4,1.61,-0.0,1.56,19,1.57,-0.31,-0.16
1784032786.964,static,mid,8.6,3.18,0.0,0.21,5,3.17,0.03,0.24
1784032786.964,static,unknown,2.1,7.7,0.0,0.39,5,7.59,0.06,1.26
1784032786.964,pedestrian,metal,8.7,0.65,-0.23,1.2,16,0.5,0.42,0.02
1784032786.964,static,unknown,-1.5,6.55,0.0,0.04,2,6.54,0.02,0.28
1784032786.968,vehicle,metal,0.9,1.64,-0.0,1.56,19,1.6,-0.32,-0.16
1784032786.968,static,mid,8.7,3.18,0.0,0.21,5,3.18,0.03,0.23
1784032786.968,static,unknown,2.1,7.7,0.0,0.4,5,7.59,0.07,1.27
1784032786.968,pedestrian,metal,8.7,0.69,-0.24,1.4,17,0.53,0.44,0.03
1784032786.968,static,unknown,-1.5,6.55,0.0,0.07,2,6.55,0.04,0.28
1784032787.028,vehicle,metal,0.9,1.64,-0.0,1.56,19,1.6,-0.32,-0.16
1784032787.028,static,mid,8.7,3.18,0.0,0.21,5,3.18,0.03,0.23
1784032787.028,static,unknown,2.1,7.7,0.0,0.4,5,7.59,0.07,1.27
1784032787.028,pedestrian,metal,3.9,0.89,-0.19,1.85,22,0.83,0.32,0.01
1784032787.028,static,unknown,-1.5,6.72,0.0,0.3,3,6.7,0.06,0.46
1784032787.033,vehicle,metal,0.9,1.64,-0.0,1.56,19,1.6,-0.32,-0.16
1784032787.033,static,mid,8.7,3.18,0.0,0.21,5,3.18,0.03,0.23
1784032787.033,static,unknown,2.1,7.7,0.0,0.4,5,7.59,0.07,1.27
1784032787.033,pedestrian,metal,3.9,1.05,-0.17,2.18,26,1.02,0.24,-0.0
1784032787.033,static,unknown,-1.4,6.83,0.0,0.48,4,6.81,0.07,0.57
1784032787.09,vehicle,metal,0.9,1.64,-0.0,1.56,19,1.6,-0.32,-0.16
1784032787.09,static,mid,8.7,3.18,0.0,0.21,5,3.18,0.03,0.23
1784032787.09,static,unknown,2.1,7.7,0.0,0.4,5,7.59,0.07,1.27
1784032787.09,pedestrian,metal,3.9,1.18,-0.16,2.44,28,1.16,0.19,-0.01
1784032787.09,static,unknown,-1.4,6.83,0.0,0.48,4,6.81,0.07,0.57
1784032787.094,vehicle,metal,0.9,1.64,-0.0,1.56,19,1.6,-0.32,-0.16
1784032787.094,static,mid,8.7,3.18,0.0,0.21,5,3.18,0.03,0.23
1784032787.094,static,unknown,2.1,7.7,0.0,0.4,5,7.59,0.07,1.27
1784032787.094,pedestrian,metal,3.8,1.27,-0.16,2.64,29,1.26,0.15,-0.02
1784032787.094,static,unknown,-1.4,6.83,0.0,0.48,4,6.81,0.07,0.57
1784032787.147,vehicle,metal,0.9,1.64,-0.0,1.56,19,1.6,-0.32,-0.16
1784032787.147,static,mid,8.7,3.18,0.0,0.21,5,3.18,0.03,0.23
1784032787.147,static,unknown,2.1,7.7,0.0,0.4,5,7.59,0.07,1.27
1784032787.147,pedestrian,metal,3.7,1.31,-0.15,2.77,31,1.31,0.14,-0.02
1784032787.147,static,unknown,-1.4,6.83,0.0,0.48,4,6.81,0.07,0.57
1784032787.151,vehicle,metal,0.9,1.64,-0.0,1.56,19,1.6,-0.32,-0.16
1784032787.151,static,mid,8.7,3.18,0.0,0.21,5,3.18,0.03,0.23
1784032787.151,static,unknown,2.1,7.7,0.0,0.4,5,7.59,0.07,1.27
1784032787.151,pedestrian,metal,2.4,1.35,-0.14,2.87,32,1.34,0.13,-0.02
1784032787.151,static,unknown,-1.4,6.83,0.0,0.48,4,6.81,0.07,0.57
1784032787.151,static,unknown,-1.4,6.56,0.0,0.5,4,6.55,0.11,0.39
1784032787.233,vehicle,metal,0.9,1.64,-0.0,1.56,19,1.6,-0.32,-0.16
1784032787.233,static,mid,8.6,2.56,-0.01,0.27,6,2.55,0.06,0.14
1784032787.233,static,unknown,2.1,7.7,0.0,0.4,5,7.59,0.07,1.27
1784032787.233,pedestrian,metal,2.4,1.35,-0.14,2.87,32,1.34,0.13,-0.02
1784032787.233,static,unknown,-1.4,6.83,0.0,0.48,4,6.81,0.07,0.57
1784032787.233,static,unknown,-1.4,6.56,0.0,0.5,5,6.55,0.13,0.41
1784032787.238,vehicle,metal,0.9,1.64,-0.0,1.56,19,1.6,-0.32,-0.16
1784032787.238,unknown,metal,8.7,2.15,-0.02,0.34,7,2.15,0.08,0.08
1784032787.238,static,unknown,2.1,7.7,0.0,0.4,5,7.59,0.07,1.27
1784032787.238,pedestrian,metal,2.4,1.35,-0.14,2.87,32,1.34,0.13,-0.02
1784032787.238,static,unknown,-1.4,6.83,0.0,0.48,4,6.81,0.07,0.57
1784032787.238,static,unknown,-1.4,6.56,0.0,0.5,5,6.54,0.14,0.42
1784032787.296,vehicle,metal,0.9,1.64,-0.0,1.56,19,1.6,-0.32,-0.16
1784032787.296,unknown,metal,8.7,1.89,-0.03,0.41,7,1.89,0.09,0.04
1784032787.296,static,unknown,2.1,7.7,0.0,0.4,5,7.59,0.07,1.27
1784032787.296,pedestrian,metal,2.4,1.35,-0.14,2.87,32,1.34,0.13,-0.02
1784032787.296,static,unknown,-1.4,6.83,0.0,0.48,4,6.81,0.07,0.57
1784032787.296,static,unknown,-1.4,6.56,0.0,0.5,5,6.54,0.15,0.43
1784032787.301,vehicle,metal,0.9,1.64,-0.0,1.56,19,1.6,-0.32,-0.16
1784032787.301,unknown,metal,5.9,1.72,-0.04,0.48,8,1.72,0.1,0.02
1784032787.301,static,unknown,2.1,7.7,0.0,0.4,5,7.59,0.07,1.27
1784032787.301,pedestrian,metal,2.4,1.35,-0.14,2.87,32,1.34,0.13,-0.02
1784032787.301,static,unknown,-1.4,6.83,0.0,0.48,4,6.81,0.07,0.57
1784032787.301,static,unknown,-1.4,6.56,0.0,0.5,5,6.54,0.15,0.43
1784032787.301,static,unknown,-2.0,7.68,0.0,0.14,2,7.53,0.24,1.48
1784032787.358,vehicle,metal,0.9,1.64,-0.0,1.56,19,1.6,-0.32,-0.16
1784032787.358,unknown,metal,5.9,1.72,-0.04,0.48,8,1.72,0.1,0.02
1784032787.358,static,unknown,2.1,7.7,0.0,0.4,5,7.59,0.07,1.27
1784032787.358,pedestrian,metal,2.4,1.35,-0.14,2.87,32,1.34,0.13,-0.02
1784032787.358,static,unknown,-1.4,6.83,0.0,0.48,4,6.81,0.07,0.57
1784032787.358,static,unknown,-1.4,6.67,0.0,0.58,5,6.64,0.18,0.55
1784032787.358,static,unknown,-2.0,7.68,0.0,0.14,2,7.53,0.24,1.48
1784032787.362,vehicle,metal,0.9,1.64,-0.0,1.56,19,1.6,-0.32,-0.16
1784032787.362,unknown,metal,5.9,1.72,-0.04,0.48,8,1.72,0.1,0.02
1784032787.362,static,unknown,2.1,7.7,0.0,0.4,5,7.59,0.07,1.27
1784032787.362,pedestrian,metal,2.4,1.35,-0.14,2.87,32,1.34,0.13,-0.02
1784032787.362,static,unknown,-1.4,6.83,0.0,0.48,4,6.81,0.07,0.57
1784032787.362,static,unknown,-0.5,6.74,0.0,0.66,5,6.71,0.19,0.62
1784032787.362,static,unknown,-2.0,7.68,0.0,0.14,2,7.53,0.24,1.48
1784032787.441,vehicle,metal,0.9,1.64,-0.0,1.56,19,1.6,-0.32,-0.16
1784032787.441,unknown,metal,5.9,1.72,-0.04,0.48,8,1.72,0.1,0.02
1784032787.441,static,unknown,2.1,7.7,0.0,0.4,5,7.59,0.07,1.27
1784032787.441,pedestrian,metal,2.4,1.35,-0.14,2.87,32,1.34,0.13,-0.02
1784032787.441,static,unknown,-1.4,6.83,0.0,0.48,4,6.81,0.07,0.57
1784032787.441,static,unknown,-0.5,6.74,0.0,0.66,5,6.71,0.19,0.62
1784032787.441,static,unknown,-2.0,7.39,0.0,0.39,3,7.28,0.23,1.26
1784032787.448,vehicle,metal,0.9,1.64,-0.0,1.56,19,1.6,-0.32,-0.16
1784032787.448,unknown,metal,5.9,1.72,-0.04,0.48,8,1.72,0.1,0.02
1784032787.448,static,unknown,2.1,7.7,0.0,0.4,5,7.59,0.07,1.27
1784032787.448,pedestrian,metal,2.4,1.35,-0.14,2.87,32,1.34,0.13,-0.02
1784032787.448,static,unknown,-1.4,6.83,0.0,0.48,4,6.81,0.07,0.57
1784032787.448,static,unknown,-0.5,6.74,0.0,0.66,5,6.71,0.19,0.62
1784032787.448,static,unknown,-1.9,7.21,0.0,0.57,4,7.12,0.23,1.11
1784032787.448,static,metal,0.9,1.43,-0.05,3.82,40,1.43,0.01,-0.02
1784032787.527,vehicle,metal,0.9,1.64,-0.0,1.56,19,1.6,-0.32,-0.16
1784032787.527,unknown,metal,5.9,1.72,-0.04,0.48,8,1.72,0.1,0.02
1784032787.527,static,unknown,2.1,7.7,0.0,0.4,5,7.59,0.07,1.27
1784032787.527,pedestrian,metal,2.4,1.35,-0.14,2.87,32,1.34,0.13,-0.02
1784032787.527,static,unknown,-1.4,6.83,0.0,0.48,4,6.81,0.07,0.57
1784032787.527,static,unknown,-0.5,6.74,0.0,0.66,5,6.71,0.19,0.62
1784032787.527,static,unknown,-0.5,7.12,0.0,0.72,4,7.04,0.25,1.05
1784032787.527,static,metal,0.9,1.46,-0.05,3.71,37,1.46,-0.03,-0.02
1784032787.53,vehicle,metal,0.9,1.64,-0.0,1.56,19,1.6,-0.32,-0.16
1784032787.53,unknown,metal,5.9,1.72,-0.04,0.48,8,1.72,0.1,0.02
1784032787.53,static,unknown,2.1,7.7,0.0,0.4,5,7.59,0.07,1.27
1784032787.53,pedestrian,metal,2.4,1.35,-0.14,2.87,32,1.34,0.13,-0.02
1784032787.53,static,unknown,-1.4,6.83,0.0,0.48,4,6.81,0.07,0.57
1784032787.53,static,unknown,-0.5,6.74,0.0,0.66,5,6.71,0.19,0.62
1784032787.53,static,unknown,-0.5,7.07,0.0,0.83,5,6.99,0.27,1.01
1784032787.53,static,metal,0.9,1.48,-0.04,3.64,36,1.48,-0.05,-0.02
1784032787.614,vehicle,metal,0.9,1.64,-0.0,1.56,19,1.6,-0.32,-0.16
1784032787.614,unknown,metal,5.9,1.72,-0.04,0.48,8,1.72,0.1,0.02
1784032787.614,static,unknown,2.1,7.7,0.0,0.4,5,7.59,0.07,1.27
1784032787.614,pedestrian,metal,2.4,1.35,-0.14,2.87,32,1.34,0.13,-0.02
1784032787.614,static,unknown,-1.4,6.83,0.0,0.48,4,6.81,0.07,0.57
1784032787.614,static,unknown,-0.5,6.74,0.0,0.66,5,6.71,0.19,0.62
1784032787.614,static,unknown,-0.5,7.07,0.0,0.83,5,6.99,0.27,1.01
1784032787.614,static,metal,0.9,1.55,-0.04,3.3,32,1.54,-0.15,-0.08
1784032787.673,vehicle,metal,0.9,1.64,-0.0,1.56,19,1.6,-0.32,-0.16
1784032787.673,unknown,metal,5.9,1.72,-0.04,0.48,8,1.72,0.1,0.02
1784032787.673,static,unknown,2.1,7.7,0.0,0.4,5,7.59,0.07,1.27
1784032787.673,pedestrian,metal,2.4,1.35,-0.14,2.87,32,1.34,0.13,-0.02
1784032787.673,static,unknown,-1.4,6.83,0.0,0.48,4,6.81,0.07,0.57
1784032787.673,static,unknown,-0.5,6.74,0.0,0.66,5,6.71,0.19,0.62
1784032787.673,static,unknown,-0.5,7.07,0.0,0.83,5,6.99,0.27,1.01
1784032787.673,static,metal,0.9,1.6,-0.04,3.04,30,1.58,-0.21,-0.11
1784032787.736,vehicle,metal,0.9,1.64,-0.0,1.56,19,1.6,-0.32,-0.16
1784032787.736,unknown,metal,5.9,1.72,-0.04,0.48,8,1.72,0.1,0.02
1784032787.736,static,unknown,2.1,7.7,0.0,0.4,5,7.59,0.07,1.27
1784032787.736,pedestrian,metal,2.4,1.35,-0.14,2.87,32,1.34,0.13,-0.02
1784032787.736,static,unknown,-1.4,6.83,0.0,0.48,4,6.81,0.07,0.57
1784032787.736,static,unknown,-0.5,6.74,0.0,0.66,5,6.71,0.19,0.62
1784032787.736,static,unknown,-0.5,7.07,0.0,0.83,5,6.99,0.27,1.01
1784032787.736,static,metal,1.1,1.64,-0.04,2.85,28,1.62,-0.24,-0.14
1784032787.741,vehicle,metal,0.9,1.64,-0.0,1.56,19,1.6,-0.32,-0.16
1784032787.741,unknown,metal,5.9,1.72,-0.04,0.48,8,1.72,0.1,0.02
1784032787.741,static,unknown,2.1,7.7,0.0,0.4,5,7.59,0.07,1.27
1784032787.741,pedestrian,metal,2.4,1.35,-0.14,2.87,32,1.34,0.13,-0.02
1784032787.741,static,unknown,-1.4,6.83,0.0,0.48,4,6.81,0.07,0.57
1784032787.741,static,unknown,-0.5,6.74,0.0,0.66,5,6.71,0.19,0.62
1784032787.741,static,unknown,-0.5,7.07,0.0,0.83,5,6.99,0.27,1.01
1784032787.741,static,metal,1.1,1.67,-0.04,2.69,26,1.64,-0.26,-0.16
1784032787.741,static,metal,9.0,3.18,0.0,0.25,5,3.17,0.1,0.26
1784032787.741,static,unknown,0.3,6.97,0.0,1.55,8,6.88,0.38,0.99
1784032787.741,static,mid,4.5,0.43,-0.01,0.31,6,0.34,0.26,0.02
1784032787.811,vehicle,metal,0.9,1.64,-0.0,1.56,19,1.6,-0.32,-0.16
1784032787.811,unknown,metal,5.9,1.72,-0.04,0.48,8,1.72,0.1,0.02
1784032787.811,static,unknown,2.1,7.7,0.0,0.4,5,7.59,0.07,1.27
1784032787.811,pedestrian,metal,2.4,1.35,-0.14,2.87,32,1.34,0.13,-0.02
1784032787.811,static,unknown,-1.4,6.83,0.0,0.48,4,6.81,0.07,0.57
1784032787.811,static,unknown,-0.5,6.74,0.0,0.66,5,6.71,0.19,0.62
1784032787.811,static,unknown,-0.5,7.07,0.0,0.83,5,6.99,0.27,1.01
1784032787.811,static,metal,1.1,1.71,-0.04,2.56,24,1.68,-0.23,-0.19
1784032787.811,static,metal,9.0,3.18,0.0,0.24,5,3.17,0.12,0.26
1784032787.811,static,unknown,0.3,6.95,0.0,1.53,8,6.86,0.41,0.99
1784032787.811,static,mid,4.5,0.42,-0.01,0.26,6,0.32,0.26,0.01
1784032787.819,vehicle,metal,0.9,1.64,-0.0,1.56,19,1.6,-0.32,-0.16
1784032787.819,unknown,metal,5.9,1.72,-0.04,0.48,8,1.72,0.1,0.02
1784032787.819,static,unknown,2.1,7.7,0.0,0.4,5,7.59,0.07,1.27
1784032787.819,pedestrian,metal,2.4,1.35,-0.14,2.87,32,1.34,0.13,-0.02
1784032787.819,static,unknown,-1.4,6.83,0.0,0.48,4,6.81,0.07,0.57
1784032787.819,static,unknown,-0.5,6.74,0.0,0.66,5,6.71,0.19,0.62
1784032787.819,static,unknown,-0.5,7.07,0.0,0.83,5,6.99,0.27,1.01
1784032787.819,static,metal,2.1,1.73,-0.03,2.47,23,1.72,-0.18,-0.18
1784032787.819,static,metal,9.0,3.18,0.0,0.23,5,3.17,0.13,0.26
1784032787.819,static,unknown,0.3,6.98,0.0,1.52,8,6.89,0.44,1.0
1784032787.819,static,mid,4.5,0.41,-0.01,0.23,6,0.32,0.26,0.01
1784032787.915,vehicle,metal,0.9,1.64,-0.0,1.56,19,1.6,-0.32,-0.16
1784032787.915,unknown,metal,5.9,1.72,-0.04,0.48,8,1.72,0.1,0.02
1784032787.915,static,unknown,2.1,7.7,0.0,0.4,5,7.59,0.07,1.27
1784032787.915,pedestrian,metal,2.4,1.35,-0.14,2.87,32,1.34,0.13,-0.02
1784032787.915,static,unknown,-1.4,6.83,0.0,0.48,4,6.81,0.07,0.57
1784032787.915,static,unknown,-0.5,6.74,0.0,0.66,5,6.71,0.19,0.62
1784032787.915,static,unknown,-0.5,7.07,0.0,0.83,5,6.99,0.27,1.01
1784032787.915,static,mid,2.1,1.79,-0.03,2.33,22,1.78,-0.05,-0.18
1784032787.915,static,metal,9.0,3.18,0.0,0.22,5,3.17,0.15,0.25
1784032787.915,static,unknown,0.3,7.02,0.0,1.52,8,6.93,0.47,1.0
1784032787.915,static,mid,4.5,0.41,-0.01,0.21,6,0.31,0.27,0.0
1784032787.92,vehicle,metal,0.9,1.64,-0.0,1.56,19,1.6,-0.32,-0.16
1784032787.92,unknown,metal,5.9,1.72,-0.04,0.48,8,1.72,0.1,0.02
1784032787.92,static,unknown,2.1,7.7,0.0,0.4,5,7.59,0.07,1.27
1784032787.92,pedestrian,metal,2.4,1.35,-0.14,2.87,32,1.34,0.13,-0.02
1784032787.92,static,unknown,-1.4,6.83,0.0,0.48,4,6.81,0.07,0.57
1784032787.92,static,unknown,-0.5,6.74,0.0,0.66,5,6.71,0.19,0.62
1784032787.92,static,unknown,-0.5,7.07,0.0,0.83,5,6.99,0.27,1.01
1784032787.92,static,mid,2.1,1.83,-0.03,2.2,20,1.82,0.02,-0.18
1784032787.92,static,metal,9.0,3.18,0.0,0.22,5,3.17,0.17,0.25
1784032787.92,static,unknown,0.3,7.05,0.0,1.52,8,6.96,0.49,0.98
1784032787.92,static,mid,4.5,0.41,-0.01,0.2,6,0.31,0.27,0.0
1784032788.014,vehicle,metal,0.9,1.64,-0.0,1.56,19,1.6,-0.32,-0.16
1784032788.014,unknown,metal,5.9,1.72,-0.04,0.48,8,1.72,0.1,0.02
1784032788.014,static,unknown,2.1,7.7,0.0,0.4,5,7.59,0.07,1.27
1784032788.014,pedestrian,metal,2.4,1.35,-0.14,2.87,32,1.34,0.13,-0.02
1784032788.014,static,unknown,-1.4,6.83,0.0,0.48,4,6.81,0.07,0.57
1784032788.014,static,unknown,-0.5,6.74,0.0,0.66,5,6.71,0.19,0.62
1784032788.014,static,unknown,-0.5,7.07,0.0,0.83,5,6.99,0.27,1.01
1784032788.014,static,mid,2.6,1.85,-0.03,2.1,20,1.84,0.08,-0.18
1784032788.014,static,metal,9.0,3.18,0.0,0.22,5,3.17,0.18,0.24
1784032788.014,static,unknown,0.3,7.07,0.0,1.52,8,6.99,0.5,0.94
1784032788.014,static,mid,4.5,0.4,-0.01,0.19,5,0.3,0.26,0.0
1784032788.019,vehicle,metal,0.9,1.64,-0.0,1.56,19,1.6,-0.32,-0.16
1784032788.019,unknown,metal,5.9,1.72,-0.04,0.48,8,1.72,0.1,0.02
1784032788.019,static,unknown,2.1,7.7,0.0,0.4,5,7.59,0.07,1.27
1784032788.019,pedestrian,metal,2.4,1.35,-0.14,2.87,32,1.34,0.13,-0.02
1784032788.019,static,unknown,-1.4,6.83,0.0,0.48,4,6.81,0.07,0.57
1784032788.019,static,unknown,-0.5,6.74,0.0,0.66,5,6.71,0.19,0.62
1784032788.019,static,unknown,-0.5,7.07,0.0,0.83,5,6.99,0.27,1.01
1784032788.019,static,mid,2.6,1.87,-0.03,2.01,19,1.86,0.11,-0.18
1784032788.019,static,metal,9.0,3.19,0.0,0.22,5,3.18,0.21,0.24
1784032788.019,static,unknown,0.3,7.08,0.0,1.52,8,7.0,0.53,0.92
1784032788.019,static,mid,4.1,0.41,-0.01,0.19,5,0.31,0.27,0.0
1784032788.097,vehicle,metal,0.9,1.64,-0.0,1.56,19,1.6,-0.32,-0.16
1784032788.097,unknown,metal,5.9,1.72,-0.04,0.48,8,1.72,0.1,0.02
1784032788.097,static,unknown,2.1,7.7,0.0,0.4,5,7.59,0.07,1.27
1784032788.097,pedestrian,metal,2.4,1.35,-0.14,2.87,32,1.34,0.13,-0.02
1784032788.097,static,unknown,-1.4,6.83,0.0,0.48,4,6.81,0.07,0.57
1784032788.097,static,unknown,-0.5,6.74,0.0,0.66,5,6.71,0.19,0.62
1784032788.097,static,unknown,-0.5,7.07,0.0,0.83,5,6.99,0.27,1.01
1784032788.097,static,mid,2.6,1.88,-0.03,1.94,18,1.86,0.13,-0.18
1784032788.097,static,metal,9.0,3.2,0.0,0.23,5,3.18,0.22,0.23
1784032788.097,static,unknown,0.3,7.09,0.0,1.52,8,7.01,0.54,0.91
1784032788.097,static,mid,4.1,0.42,-0.01,0.19,5,0.32,0.27,0.01
1784032788.102,vehicle,metal,0.9,1.64,-0.0,1.56,19,1.6,-0.32,-0.16
1784032788.102,unknown,metal,5.9,1.72,-0.04,0.48,8,1.72,0.1,0.02
1784032788.102,static,unknown,2.1,7.7,0.0,0.4,5,7.59,0.07,1.27
1784032788.102,pedestrian,metal,2.4,1.35,-0.14,2.87,32,1.34,0.13,-0.02
1784032788.102,static,unknown,-1.4,6.83,0.0,0.48,4,6.81,0.07,0.57
1784032788.102,static,unknown,-0.5,6.74,0.0,0.66,5,6.71,0.19,0.62
1784032788.102,static,unknown,-0.5,7.07,0.0,0.83,5,6.99,0.27,1.01
1784032788.102,static,mid,2.1,1.88,-0.03,1.87,18,1.87,0.14,-0.17
1784032788.102,static,metal,9.0,3.2,0.0,0.23,5,3.18,0.23,0.23
1784032788.102,static,unknown,0.3,7.09,0.0,1.52,9,7.01,0.55,0.9
1784032788.102,static,mid,4.1,0.42,-0.0,0.19,6,0.32,0.27,0.01
1784032788.193,vehicle,metal,0.9,1.64,-0.0,1.56,19,1.6,-0.32,-0.16
1784032788.193,unknown,metal,5.9,1.72,-0.04,0.48,8,1.72,0.1,0.02
1784032788.193,static,unknown,2.1,7.7,0.0,0.4,5,7.59,0.07,1.27
1784032788.193,pedestrian,metal,2.4,1.35,-0.14,2.87,32,1.34,0.13,-0.02
1784032788.193,static,unknown,-1.4,6.83,0.0,0.48,4,6.81,0.07,0.57
1784032788.193,static,unknown,-0.5,6.74,0.0,0.66,5,6.71,0.19,0.62
1784032788.193,static,unknown,-0.5,7.07,0.0,0.83,5,6.99,0.27,1.01
1784032788.193,static,mid,2.1,1.88,-0.03,1.82,17,1.87,0.15,-0.14
1784032788.193,static,metal,9.0,3.21,0.0,0.24,5,3.19,0.24,0.24
1784032788.193,static,unknown,0.3,7.09,0.0,1.53,9,7.01,0.56,0.87
1784032788.193,static,mid,4.1,0.42,-0.0,0.2,6,0.33,0.27,0.0
1784032788.198,vehicle,metal,0.9,1.64,-0.0,1.56,19,1.6,-0.32,-0.16
1784032788.198,unknown,metal,5.9,1.72,-0.04,0.48,8,1.72,0.1,0.02
1784032788.198,static,unknown,2.1,7.7,0.0,0.4,5,7.59,0.07,1.27
1784032788.198,pedestrian,metal,2.4,1.35,-0.14,2.87,32,1.34,0.13,-0.02
1784032788.198,static,unknown,-1.4,6.83,0.0,0.48,4,6.81,0.07,0.57
1784032788.198,static,unknown,-0.5,6.74,0.0,0.66,5,6.71,0.19,0.62
1784032788.198,static,unknown,-0.5,7.07,0.0,0.83,5,6.99,0.27,1.01
1784032788.198,static,mid,2.1,1.88,-0.03,1.76,17,1.87,0.15,-0.13
1784032788.198,static,metal,9.0,3.21,0.0,0.24,5,3.19,0.25,0.24
1784032788.198,static,unknown,0.3,7.09,0.0,1.54,9,7.02,0.57,0.86
1784032788.198,static,mid,4.1,0.42,-0.0,0.2,6,0.33,0.27,0.0
1784032788.28,vehicle,metal,0.9,1.64,-0.0,1.56,19,1.6,-0.32,-0.16
1784032788.28,unknown,metal,5.9,1.72,-0.04,0.48,8,1.72,0.1,0.02
1784032788.28,static,unknown,2.1,7.7,0.0,0.4,5,7.59,0.07,1.27
1784032788.28,pedestrian,metal,2.4,1.35,-0.14,2.87,32,1.34,0.13,-0.02
1784032788.28,static,unknown,-1.4,6.83,0.0,0.48,4,6.81,0.07,0.57
1784032788.28,static,unknown,-0.5,6.74,0.0,0.66,5,6.71,0.19,0.62
1784032788.28,static,unknown,-0.5,7.07,0.0,0.83,5,6.99,0.27,1.01
1784032788.28,static,mid,2.1,1.86,-0.03,1.74,16,1.86,0.13,-0.11
1784032788.28,static,metal,9.0,3.22,0.0,0.25,5,3.2,0.25,0.25
1784032788.28,static,unknown,0.3,7.07,0.0,1.57,9,7.0,0.59,0.8
1784032788.28,static,mid,4.1,0.42,-0.0,0.2,6,0.33,0.27,0.0
1784032788.289,vehicle,metal,0.9,1.64,-0.0,1.56,19,1.6,-0.32,-0.16
1784032788.289,unknown,metal,5.9,1.72,-0.04,0.48,8,1.72,0.1,0.02
1784032788.289,static,unknown,2.1,7.7,0.0,0.4,5,7.59,0.07,1.27
1784032788.289,pedestrian,metal,2.4,1.35,-0.14,2.87,32,1.34,0.13,-0.02
1784032788.289,static,unknown,-1.4,6.83,0.0,0.48,4,6.81,0.07,0.57
1784032788.289,static,unknown,-0.5,6.74,0.0,0.66,5,6.71,0.19,0.62
1784032788.289,static,unknown,-0.5,7.07,0.0,0.83,5,6.99,0.27,1.01
1784032788.289,static,mid,2.1,1.85,-0.03,1.73,16,1.85,0.11,-0.1
1784032788.289,static,metal,9.0,3.22,0.0,0.26,6,3.2,0.25,0.26
1784032788.289,static,unknown,0.3,7.05,0.0,1.6,9,6.98,0.6,0.76
1784032788.289,static,mid,4.1,0.43,-0.0,0.2,6,0.33,0.27,0.0
1784032788.403,vehicle,metal,0.9,1.64,-0.0,1.56,19,1.6,-0.32,-0.16
1784032788.403,unknown,metal,5.9,1.72,-0.04,0.48,8,1.72,0.1,0.02
1784032788.403,static,unknown,2.1,7.7,0.0,0.4,5,7.59,0.07,1.27
1784032788.403,pedestrian,metal,2.4,1.35,-0.14,2.87,32,1.34,0.13,-0.02
1784032788.403,static,unknown,-1.4,6.83,0.0,0.48,4,6.81,0.07,0.57
1784032788.403,static,unknown,-0.5,6.74,0.0,0.66,5,6.71,0.19,0.62
1784032788.403,static,unknown,-0.5,7.07,0.0,0.83,5,6.99,0.27,1.01
1784032788.403,static,mid,2.1,1.84,-0.03,1.7,16,1.84,0.1,-0.09
1784032788.403,static,metal,9.0,3.23,0.0,0.26,6,3.21,0.26,0.26
1784032788.403,static,unknown,0.3,6.98,0.0,1.61,9,6.92,0.61,0.67
1784032788.403,static,mid,4.1,0.42,-0.0,0.2,6,0.33,0.27,0.0
1784032788.408,vehicle,metal,0.9,1.64,-0.0,1.56,19,1.6,-0.32,-0.16
1784032788.408,unknown,metal,5.9,1.72,-0.04,0.48,8,1.72,0.1,0.02
1784032788.408,static,unknown,2.1,7.7,0.0,0.4,5,7.59,0.07,1.27
1784032788.408,pedestrian,metal,2.4,1.35,-0.14,2.87,32,1.34,0.13,-0.02
1784032788.408,static,unknown,-1.4,6.83,0.0,0.48,4,6.81,0.07,0.57
1784032788.408,static,unknown,-0.5,6.74,0.0,0.66,5,6.71,0.19,0.62
1784032788.408,static,unknown,-0.5,7.07,0.0,0.83,5,6.99,0.27,1.01
1784032788.408,static,mid,1.8,1.84,-0.03,1.67,16,1.83,0.09,-0.09
1784032788.408,static,metal,9.0,3.23,0.0,0.26,6,3.21,0.27,0.27
1784032788.408,static,unknown,0.0,6.93,0.0,1.62,9,6.87,0.62,0.6
1784032788.408,static,mid,4.1,0.42,-0.0,0.21,6,0.33,0.26,0.0
1784032788.503,unknown,metal,5.9,1.72,-0.04,0.48,8,1.72,0.1,0.02
1784032788.503,pedestrian,metal,2.4,1.35,-0.14,2.87,32,1.34,0.13,-0.02
1784032788.503,static,unknown,-1.4,6.83,0.0,0.48,4,6.81,0.07,0.57
1784032788.503,static,unknown,-0.5,6.74,0.0,0.66,5,6.71,0.19,0.62
1784032788.503,static,unknown,-0.5,7.07,0.0,0.83,5,6.99,0.27,1.01
1784032788.503,static,mid,1.8,1.83,-0.02,1.65,15,1.83,0.08,-0.09
1784032788.503,static,metal,9.0,3.23,0.0,0.27,6,3.21,0.27,0.27
1784032788.503,static,unknown,0.0,6.86,0.0,1.62,8,6.8,0.64,0.54
1784032788.503,static,mid,4.1,0.42,-0.0,0.21,6,0.32,0.27,0.01
1784032788.507,unknown,metal,5.9,1.72,-0.04,0.48,8,1.72,0.1,0.02
1784032788.507,pedestrian,metal,2.4,1.35,-0.14,2.87,32,1.34,0.13,-0.02
1784032788.507,static,unknown,-1.4,6.83,0.0,0.48,4,6.81,0.07,0.57
1784032788.507,static,unknown,-0.5,6.74,0.0,0.66,5,6.71,0.19,0.62
1784032788.507,static,unknown,-0.5,7.07,0.0,0.83,5,6.99,0.27,1.01
1784032788.507,static,mid,1.8,1.83,-0.02,1.63,15,1.82,0.07,-0.08
1784032788.507,static,metal,9.0,3.23,0.0,0.27,6,3.21,0.28,0.28
1784032788.507,static,unknown,0.0,6.81,0.0,1.63,8,6.76,0.65,0.5
1784032788.507,static,mid,4.1,0.42,-0.0,0.21,6,0.32,0.27,0.02
1784032788.613,unknown,metal,5.9,1.72,-0.04,0.48,8,1.72,0.1,0.02
1784032788.613,pedestrian,metal,2.4,1.35,-0.14,2.87,32,1.34,0.13,-0.02
1784032788.613,static,unknown,-0.5,6.74,0.0,0.66,5,6.71,0.19,0.62
1784032788.613,static,unknown,-0.5,7.07,0.0,0.83,5,6.99,0.27,1.01
1784032788.613,static,mid,1.8,1.83,-0.02,1.61,15,1.82,0.07,-0.08
1784032788.613,static,metal,9.0,3.23,0.0,0.28,6,3.21,0.27,0.27
1784032788.613,static,unknown,0.0,6.7,0.0,1.57,8,6.66,0.64,0.38
1784032788.613,static,mid,4.1,0.4,-0.0,0.21,6,0.3,0.27,0.02
1784032788.618,unknown,metal,5.9,1.72,-0.04,0.48,8,1.72,0.1,0.02
1784032788.618,pedestrian,metal,2.4,1.35,-0.14,2.87,32,1.34,0.13,-0.02
1784032788.618,static,unknown,-0.5,6.74,0.0,0.66,5,6.71,0.19,0.62
1784032788.618,static,unknown,-0.5,7.07,0.0,0.83,5,6.99,0.27,1.01
1784032788.618,static,mid,1.8,1.82,-0.02,1.59,15,1.82,0.06,-0.07
1784032788.618,static,metal,9.0,3.23,0.0,0.28,6,3.2,0.27,0.27
1784032788.618,static,unknown,0.0,6.63,0.0,1.52,8,6.6,0.63,0.29
1784032788.618,static,mid,4.1,0.4,-0.0,0.21,6,0.29,0.27,0.02
1784032788.618,static,unknown,-2.0,7.94,0.0,0.17,2,7.82,-1.24,0.61
1784032788.7,unknown,metal,5.9,1.72,-0.04,0.48,8,1.72,0.1,0.02
1784032788.7,static,unknown,-0.5,6.74,0.0,0.66,5,6.71,0.19,0.62
1784032788.7,static,unknown,-0.5,7.07,0.0,0.83,5,6.99,0.27,1.01
1784032788.7,static,mid,1.8,1.8,-0.02,1.6,15,1.8,0.06,-0.08
1784032788.7,static,metal,9.0,3.22,0.0,0.28,6,3.2,0.28,0.25
1784032788.7,static,unknown,0.0,6.63,0.0,1.52,8,6.6,0.63,0.29
1784032788.7,static,mid,3.6,0.39,-0.0,0.2,6,0.28,0.27,0.03
1784032788.7,static,unknown,-2.0,7.94,0.0,0.17,2,7.82,-1.24,0.58
1784032788.704,unknown,metal,5.9,1.72,-0.04,0.48,8,1.72,0.1,0.02
1784032788.704,static,unknown,-0.5,6.74,0.0,0.66,5,6.71,0.19,0.62
1784032788.704,static,unknown,-0.5,7.07,0.0,0.83,5,6.99,0.27,1.01
1784032788.704,static,mid,1.8,1.79,-0.02,1.6,14,1.79,0.06,-0.09
1784032788.704,static,metal,9.0,3.21,0.0,0.28,6,3.19,0.28,0.25
1784032788.704,static,unknown,0.0,6.63,0.0,1.52,8,6.6,0.63,0.29
1784032788.704,static,mid,3.6,0.39,-0.0,0.2,6,0.28,0.27,0.03
1784032788.704,static,unknown,-2.0,7.94,0.0,0.18,2,7.82,-1.24,0.57
1784032788.798,unknown,metal,5.9,1.72,-0.04,0.48,8,1.72,0.1,0.02
1784032788.798,static,unknown,-0.5,6.74,0.0,0.66,5,6.71,0.19,0.62
1784032788.798,static,unknown,-0.5,7.07,0.0,0.83,5,6.99,0.27,1.01
1784032788.798,static,mid,1.8,1.79,-0.02,1.6,14,1.78,0.08,-0.08
1784032788.798,static,metal,8.9,3.21,0.0,0.28,6,3.19,0.28,0.22
1784032788.798,static,unknown,0.0,6.63,0.0,1.52,8,6.6,0.63,0.29
1784032788.798,static,mid,3.6,0.39,-0.0,0.2,5,0.28,0.27,0.04
1784032788.798,static,unknown,-2.0,7.94,0.0,0.21,2,7.82,-1.24,0.53
1784032788.802,static,unknown,-0.5,6.74,0.0,0.66,5,6.71,0.19,0.62
1784032788.802,static,unknown,-0.5,7.07,0.0,0.83,5,6.99,0.27,1.01
1784032788.802,static,mid,1.8,1.79,-0.02,1.6,14,1.78,0.09,-0.08
1784032788.802,static,metal,8.9,3.21,0.0,0.27,6,3.19,0.29,0.21
1784032788.802,static,unknown,0.0,6.63,0.0,1.52,8,6.6,0.63,0.29
1784032788.802,static,mid,3.6,0.39,-0.0,0.19,5,0.27,0.28,0.05
1784032788.802,static,unknown,-2.0,7.94,0.0,0.23,2,7.83,-1.24,0.5
1784032788.802,static,unknown,-0.9,6.83,0.0,0.73,2,6.8,0.58,0.19
1784032788.894,static,unknown,-0.5,7.07,0.0,0.83,5,6.99,0.27,1.01
1784032788.894,static,mid,1.8,1.79,-0.02,1.6,14,1.78,0.1,-0.09
1784032788.894,static,metal,8.9,3.21,0.0,0.27,6,3.19,0.29,0.2
1784032788.894,static,unknown,0.0,6.63,0.0,1.52,8,6.6,0.63,0.29
1784032788.894,static,mid,3.6,0.39,-0.0,0.19,5,0.27,0.28,0.06
1784032788.894,static,unknown,-2.0,7.94,0.0,0.24,2,7.83,-1.24,0.48
1784032788.894,static,unknown,-0.9,6.83,0.0,0.73,2,6.8,0.58,0.19
1784032788.899,static,unknown,-0.5,7.07,0.0,0.83,5,6.99,0.27,1.01
1784032788.899,static,mid,1.8,1.79,-0.02,1.6,14,1.78,0.1,-0.1
1784032788.899,static,metal,8.9,3.22,0.0,0.27,6,3.2,0.3,0.19
1784032788.899,static,unknown,0.0,6.63,0.0,1.52,8,6.6,0.63,0.29
1784032788.899,static,mid,3.6,0.39,-0.0,0.18,6,0.27,0.28,0.06
1784032788.899,static,unknown,-2.0,7.94,0.0,0.26,3,7.83,-1.24,0.46
1784032788.899,static,unknown,-0.9,6.83,0.0,0.73,2,6.8,0.58,0.19
1784032788.971,static,unknown,-0.5,7.07,0.0,0.83,5,6.99,0.27,1.01
1784032788.971,static,mid,1.4,1.61,-0.02,1.62,14,1.6,0.13,-0.09
1784032788.971,static,metal,8.9,3.22,0.0,0.27,6,3.2,0.29,0.18
1784032788.971,static,unknown,0.0,6.63,0.0,1.52,8,6.6,0.63,0.29
1784032788.971,static,mid,3.6,0.39,-0.0,0.18,6,0.27,0.28,0.06
1784032788.971,static,unknown,-2.0,7.94,0.0,0.25,3,7.83,-1.24,0.42
1784032788.971,static,unknown,-0.9,6.83,0.0,0.73,2,6.8,0.58,0.19
1784032789.033,static,mid,1.4,1.5,-0.02,1.64,14,1.49,0.14,-0.09
1784032789.033,static,metal,8.9,3.23,0.0,0.27,6,3.21,0.29,0.18
1784032789.033,static,unknown,0.0,6.63,0.0,1.52,8,6.6,0.63,0.29
1784032789.033,static,mid,3.6,0.39,-0.0,0.18,6,0.27,0.28,0.06
1784032789.033,static,unknown,-2.0,7.94,0.0,0.24,3,7.83,-1.24,0.38
1784032789.033,static,unknown,-0.9,6.83,0.0,0.73,2,6.8,0.58,0.19
1784032789.033,static,unknown,-0.8,7.63,0.0,0.31,3,7.58,0.72,0.52
1784032789.111,static,mid,1.2,1.42,-0.02,1.66,14,1.41,0.15,-0.09
1784032789.111,static,metal,8.9,3.23,0.0,0.27,6,3.21,0.29,0.18
1784032789.111,static,unknown,0.0,6.63,0.0,1.52,8,6.6,0.63,0.29
1784032789.111,static,mid,3.6,0.39,-0.0,0.18,6,0.27,0.28,0.06
1784032789.111,static,unknown,-2.0,7.94,0.0,0.23,3,7.84,-1.24,0.36
1784032789.111,static,unknown,-0.9,6.83,0.0,0.73,2,6.8,0.58,0.19
1784032789.111,static,unknown,-0.8,7.63,0.0,0.32,3,7.58,0.72,0.52
1784032789.116,static,mid,1.2,1.37,-0.02,1.68,14,1.36,0.16,-0.1
1784032789.116,static,metal,8.7,3.23,0.0,0.28,7,3.22,0.29,0.17
1784032789.116,static,unknown,0.0,6.63,0.0,1.52,8,6.6,0.63,0.29
1784032789.116,static,mid,3.6,0.39,-0.0,0.18,6,0.27,0.28,0.06
1784032789.116,static,unknown,-2.0,7.94,0.0,0.22,2,7.84,-1.24,0.34
1784032789.116,static,unknown,-0.9,6.83,0.0,0.73,2,6.8,0.58,0.19
1784032789.116,static,unknown,-0.8,7.63,0.0,0.33,3,7.58,0.72,0.51
1784032789.198,static,mid,0.4,1.33,-0.02,1.69,14,1.32,0.17,-0.1
1784032789.198,static,metal,8.7,3.24,0.0,0.28,7,3.22,0.29,0.17
1784032789.198,static,unknown,0.0,6.63,0.0,1.52,8,6.6,0.63,0.29
1784032789.198,static,mid,3.6,0.39,-0.0,0.18,6,0.27,0.28,0.06
1784032789.198,static,unknown,-2.0,7.94,0.0,0.21,2,7.84,-1.24,0.33
1784032789.198,static,unknown,-0.9,6.83,0.0,0.73,2,6.8,0.58,0.19
1784032789.198,static,unknown,-0.8,7.63,0.0,0.33,3,7.58,0.72,0.5
1784032789.265,static,mid,0.4,1.3,-0.02,1.71,15,1.29,0.17,-0.12
1784032789.265,static,metal,8.7,3.24,0.0,0.29,7,3.22,0.28,0.17
1784032789.265,static,unknown,0.0,6.63,0.0,1.52,8,6.6,0.63,0.29
1784032789.265,static,mid,3.6,0.39,-0.0,0.18,6,0.27,0.28,0.06
1784032789.265,static,unknown,-2.0,7.94,0.0,0.21,2,7.84,-1.24,0.33
1784032789.265,static,unknown,-0.9,6.83,0.0,0.73,2,6.8,0.58,0.19
1784032789.265,static,unknown,-0.8,7.63,0.0,0.35,4,7.58,0.72,0.48
1784032789.336,static,mid,0.4,1.26,-0.02,1.72,15,1.24,0.18,-0.13
1784032789.336,static,metal,8.4,3.24,0.0,0.29,7,3.23,0.27,0.17
1784032789.336,static,unknown,0.0,6.63,0.0,1.52,8,6.6,0.63,0.29
1784032789.336,static,mid,3.6,0.39,-0.0,0.18,6,0.27,0.28,0.06
1784032789.336,static,unknown,-2.0,7.94,0.0,0.21,2,7.84,-1.24,0.33
1784032789.336,static,unknown,-0.9,6.83,0.0,0.73,2,6.8,0.58,0.19
1784032789.336,static,unknown,-0.8,7.63,0.0,0.37,4,7.59,0.72,0.45
1784032789.414,static,mid,0.4,1.24,-0.02,1.74,15,1.21,0.19,-0.14
1784032789.414,static,metal,8.3,3.24,0.0,0.29,7,3.23,0.27,0.16
1784032789.414,static,unknown,0.0,6.63,0.0,1.52,8,6.6,0.63,0.29
1784032789.414,static,mid,3.6,0.39,-0.0,0.18,6,0.27,0.28,0.06
1784032789.414,static,unknown,-2.0,7.94,0.0,0.21,2,7.84,-1.24,0.33
1784032789.414,static,unknown,-0.9,6.83,0.0,0.73,2,6.8,0.58,0.19
1784032789.414,static,unknown,-0.8,7.63,0.0,0.38,4,7.59,0.72,0.44
1784032789.496,static,mid,0.4,1.21,-0.01,1.75,15,1.19,0.17,-0.15
1784032789.496,static,metal,8.3,3.24,0.0,0.3,7,3.22,0.27,0.17
1784032789.496,static,unknown,0.0,6.63,0.0,1.52,8,6.6,0.63,0.29
1784032789.496,static,mid,3.6,0.39,-0.0,0.18,6,0.27,0.28,0.06
1784032789.496,static,unknown,-2.0,7.94,0.0,0.21,2,7.84,-1.24,0.33
1784032789.496,static,unknown,-0.9,6.83,0.0,0.73,2,6.8,0.58,0.19
1784032789.496,static,unknown,-0.8,7.63,0.0,0.36,4,7.59,0.72,0.4
1784032789.58,static,mid,0.4,1.19,-0.01,1.76,15,1.17,0.16,-0.15
1784032789.58,static,metal,8.3,3.24,0.0,0.32,7,3.22,0.27,0.15
1784032789.58,static,unknown,0.0,6.63,0.0,1.52,8,6.6,0.63,0.29
1784032789.58,static,mid,3.6,0.39,-0.0,0.18,6,0.27,0.28,0.06
1784032789.58,static,unknown,-2.0,7.94,0.0,0.21,2,7.84,-1.24,0.33
1784032789.58,static,unknown,-0.9,6.83,0.0,0.73,2,6.8,0.58,0.19
1784032789.58,static,unknown,-0.8,7.64,0.0,0.34,4,7.59,0.72,0.37
1784032789.662,static,mid,0.4,1.19,-0.01,1.77,15,1.17,0.13,-0.17
1784032789.662,static,metal,8.2,3.23,0.0,0.34,7,3.22,0.26,0.11
1784032789.662,static,unknown,0.0,6.63,0.0,1.52,8,6.6,0.63,0.29
1784032789.662,static,mid,3.6,0.39,-0.0,0.18,6,0.27,0.28,0.06
1784032789.662,static,unknown,-2.0,7.94,0.0,0.21,2,7.84,-1.24,0.33
1784032789.662,static,unknown,-0.9,6.83,0.0,0.73,2,6.8,0.58,0.19
1784032789.662,static,unknown,-0.8,7.64,0.0,0.32,4,7.6,0.72,0.34
1784032789.725,static,mid,0.4,1.19,-0.01,1.78,15,1.18,0.11,-0.18
1784032789.725,static,metal,8.2,3.23,0.0,0.37,7,3.22,0.25,0.08
1784032789.725,static,unknown,0.0,6.63,0.0,1.52,8,6.6,0.63,0.29
1784032789.725,static,mid,3.6,0.39,-0.0,0.18,6,0.27,0.28,0.06
1784032789.725,static,unknown,-2.0,7.94,0.0,0.21,2,7.84,-1.24,0.33
1784032789.725,static,unknown,-0.9,6.83,0.0,0.73,2,6.8,0.58,0.19
1784032789.725,static,unknown,-0.8,7.64,0.0,0.31,4,7.6,0.72,0.33
1784032789.802,static,mid,0.4,1.37,-0.01,1.77,15,1.36,0.0,-0.23
1784032789.802,static,metal,8.1,3.23,0.0,0.39,7,3.22,0.24,0.05
1784032789.802,static,unknown,0.0,6.63,0.0,1.52,8,6.6,0.63,0.29
1784032789.802,static,mid,3.6,0.39,-0.0,0.18,6,0.27,0.28,0.06
1784032789.802,static,unknown,-2.0,7.94,0.0,0.21,2,7.84,-1.24,0.33
1784032789.802,static,unknown,-0.9,6.83,0.0,0.73,2,6.8,0.58,0.19
1784032789.802,static,unknown,-0.8,7.64,-0.0,0.32,3,7.6,0.72,0.26
1784032789.874,static,mid,0.4,1.32,-0.01,1.78,15,1.3,-0.0,-0.21
1784032789.874,static,metal,8.1,3.22,0.0,0.42,7,3.21,0.24,0.03
1784032789.874,static,unknown,0.0,6.63,0.0,1.52,8,6.6,0.63,0.29
1784032789.874,static,mid,3.6,0.39,-0.0,0.18,6,0.27,0.28,0.06
1784032789.874,static,unknown,-2.0,7.94,0.0,0.21,2,7.84,-1.24,0.33
1784032789.874,static,unknown,-0.9,6.83,0.0,0.73,2,6.8,0.58,0.19
1784032789.874,static,unknown,-0.8,7.63,-0.0,0.34,3,7.6,0.72,0.26
1784032789.95,static,mid,0.4,1.29,-0.01,1.8,16,1.27,0.01,-0.21
1784032789.95,static,metal,8.0,3.22,0.0,0.44,7,3.21,0.24,0.02
1784032789.95,static,unknown,0.0,6.63,0.0,1.52,8,6.6,0.63,0.29
1784032789.95,static,mid,3.6,0.39,-0.0,0.18,6,0.27,0.28,0.06
1784032789.95,static,unknown,-2.0,7.94,0.0,0.21,2,7.84,-1.24,0.33
1784032789.95,static,unknown,-0.9,6.83,0.0,0.73,2,6.8,0.58,0.19
1784032789.95,static,unknown,-0.8,7.63,-0.0,0.37,3,7.59,0.75,0.31
1784032790.044,static,mid,0.4,1.26,-0.01,1.81,16,1.25,0.02,-0.2
1784032790.044,static,metal,8.0,3.22,0.0,0.46,7,3.21,0.24,0.06
1784032790.044,static,unknown,0.0,6.63,0.0,1.52,8,6.6,0.63,0.29
1784032790.044,static,mid,3.6,0.39,-0.0,0.18,6,0.27,0.28,0.06
1784032790.044,static,unknown,-2.0,7.94,0.0,0.21,2,7.84,-1.24,0.33
1784032790.044,static,unknown,-0.9,6.83,0.0,0.73,2,6.8,0.58,0.19
1784032790.044,static,unknown,-0.8,7.45,-0.01,0.42,4,7.41,0.71,0.39
1784032790.119,static,mid,0.8,1.25,-0.01,1.82,16,1.23,0.02,-0.2
1784032790.119,static,metal,8.0,3.22,0.0,0.48,7,3.21,0.23,0.09
1784032790.119,static,mid,3.6,0.39,-0.0,0.18,6,0.27,0.28,0.06
1784032790.119,static,unknown,-2.0,7.94,0.0,0.21,2,7.84,-1.24,0.33
1784032790.119,static,unknown,-0.9,6.83,0.0,0.73,2,6.8,0.58,0.19
1784032790.119,static,unknown,-0.8,7.34,-0.01,0.47,4,7.29,0.69,0.43
1784032790.197,static,mid,0.8,1.21,-0.01,1.83,16,1.19,0.05,-0.17
1784032790.197,static,metal,8.0,3.23,0.0,0.48,7,3.21,0.24,0.14
1784032790.197,static,mid,3.6,0.39,-0.0,0.18,6,0.27,0.28,0.06
1784032790.197,static,unknown,-2.0,7.94,0.0,0.21,2,7.84,-1.24,0.33
1784032790.197,static,unknown,-0.9,6.83,0.0,0.73,2,6.8,0.58,0.19
1784032790.197,static,unknown,-0.8,7.26,-0.01,0.53,4,7.21,0.69,0.5
1784032790.274,static,mid,0.8,1.17,-0.01,1.85,16,1.15,0.09,-0.16
1784032790.274,static,metal,8.0,3.23,0.0,0.48,7,3.22,0.25,0.18
1784032790.274,static,mid,3.6,0.39,-0.0,0.18,6,0.27,0.28,0.06
1784032790.274,static,unknown,-2.0,7.94,0.0,0.21,2,7.84,-1.24,0.33
1784032790.274,static,unknown,-0.9,6.83,0.0,0.73,2,6.8,0.58,0.19
1784032790.274,static,unknown,-0.8,7.22,-0.01,0.55,4,7.16,0.71,0.59
1784032790.366,static,mid,0.8,1.13,-0.01,1.87,16,1.11,0.16,-0.14
1784032790.366,static,metal,8.0,3.23,0.0,0.47,7,3.22,0.25,0.21
1784032790.366,static,mid,3.6,0.39,-0.0,0.18,6,0.27,0.28,0.06
1784032790.366,static,unknown,-2.0,7.94,0.0,0.21,2,7.84,-1.24,0.33
1784032790.366,static,unknown,-0.8,7.17,-0.01,0.57,5,7.1,0.73,0.66
1784032790.455,static,mid,0.9,1.11,-0.01,1.9,16,1.08,0.23,-0.12
1784032790.455,static,metal,7.8,3.24,0.0,0.47,7,3.22,0.26,0.22
1784032790.455,static,unknown,-2.0,7.94,0.0,0.21,2,7.84,-1.24,0.33
1784032790.455,static,unknown,-0.8,7.14,-0.01,0.59,5,7.06,0.74,0.71
1784032790.529,static,mid,1.1,1.09,-0.0,1.92,17,1.05,0.26,-0.11
1784032790.529,static,metal,7.8,3.24,0.0,0.47,8,3.22,0.26,0.24
1784032790.529,static,unknown,-2.0,7.94,0.0,0.21,2,7.84,-1.24,0.33
1784032790.529,static,unknown,-0.8,7.14,-0.01,0.63,5,7.06,0.75,0.77
1784032790.616,static,mid,1.1,1.08,0.0,1.94,17,1.04,0.28,-0.1
1784032790.616,static,metal,7.8,3.25,0.0,0.46,8,3.23,0.26,0.24
1784032790.616,static,unknown,-2.0,7.94,0.0,0.21,2,7.84,-1.24,0.33
1784032790.616,static,unknown,-0.8,7.15,-0.01,0.66,6,7.06,0.77,0.84
1784032790.695,static,mid,1.1,1.3,0.0,1.93,17,1.28,0.12,-0.16
1784032790.695,static,metal,7.8,3.25,0.0,0.46,8,3.23,0.26,0.25
1784032790.695,static,unknown,-2.0,7.94,0.0,0.21,2,7.84,-1.24,0.33
1784032790.695,static,unknown,-0.6,7.18,-0.0,0.69,6,7.07,0.78,0.91
1784032790.785,static,mid,1.6,1.2,0.0,1.93,17,1.18,0.14,-0.15
1784032790.785,static,metal,7.1,3.25,0.0,0.46,8,3.23,0.25,0.26
1784032790.785,static,unknown,-0.6,7.17,-0.0,0.74,6,7.07,0.8,0.93
1784032790.863,static,mid,1.7,1.16,0.01,1.93,17,1.14,0.13,-0.14
1784032790.863,static,metal,7.1,3.25,0.0,0.45,8,3.23,0.26,0.26
1784032790.863,static,unknown,-0.4,7.17,-0.0,0.79,6,7.06,0.82,0.96
1784032790.949,static,mid,1.8,1.14,0.01,1.94,17,1.13,0.14,-0.14
1784032790.949,static,metal,7.1,3.25,0.0,0.45,8,3.23,0.26,0.26
1784032790.949,static,unknown,-0.4,7.18,-0.0,0.84,7,7.07,0.83,0.99
1784032791.026,static,mid,2.0,1.19,0.01,1.94,17,1.17,0.17,-0.13
1784032791.026,static,metal,6.8,3.25,0.0,0.44,8,3.23,0.25,0.27
1784032791.026,static,unknown,-0.4,7.19,-0.0,0.9,7,7.07,0.84,1.03
1784032791.082,static,mid,2.1,1.21,0.01,1.95,17,1.19,0.19,-0.13
1784032791.082,static,metal,6.8,3.25,0.0,0.44,8,3.23,0.25,0.27
1784032791.082,static,unknown,-0.3,7.2,-0.0,0.94,7,7.07,0.85,1.05
1784032791.147,static,mid,2.1,1.24,0.01,1.94,17,1.21,0.22,-0.13
1784032791.147,static,metal,6.8,3.25,0.0,0.43,8,3.23,0.25,0.28
1784032791.147,static,unknown,-0.3,7.21,0.0,0.99,8,7.08,0.86,1.07
1784032791.22,static,mid,2.3,1.46,0.01,1.92,17,1.44,0.19,-0.2
1784032791.22,static,metal,6.8,3.25,0.0,0.43,8,3.23,0.25,0.28
1784032791.22,static,unknown,-0.3,7.25,0.0,1.02,8,7.11,0.87,1.12
1784032791.28,static,mid,2.3,1.61,0.01,1.89,16,1.58,0.18,-0.24
1784032791.28,static,metal,6.8,3.25,0.0,0.43,8,3.23,0.25,0.28
1784032791.28,static,unknown,0.1,7.28,0.0,1.05,8,7.14,0.87,1.15
1784032791.28,static,metal,5.2,0.61,0.17,0.54,7,0.38,0.47,0.07
1784032791.348,static,mid,2.4,1.71,0.01,1.87,16,1.68,0.16,-0.27
1784032791.348,static,metal,6.8,3.25,0.0,0.42,8,3.23,0.25,0.28
1784032791.348,static,unknown,0.1,7.32,0.0,1.06,8,7.17,0.85,1.18
1784032791.348,static,metal,5.2,0.69,0.16,0.5,6,0.41,0.55,0.11
1784032791.414,static,mid,2.5,1.74,0.01,1.86,16,1.72,0.09,-0.29
1784032791.414,static,metal,6.8,3.25,0.0,0.42,8,3.23,0.25,0.27
1784032791.414,static,unknown,0.2,7.34,0.0,1.08,8,7.19,0.84,1.19
1784032791.414,static,metal,5.7,0.74,0.15,0.47,6,0.42,0.59,0.14
1784032791.48,static,mid,2.5,1.76,0.01,1.85,16,1.74,0.05,-0.3
1784032791.48,static,metal,6.8,3.25,0.0,0.42,8,3.23,0.26,0.27
1784032791.48,static,unknown,0.2,7.35,0.0,1.09,8,7.2,0.83,1.2
1784032791.48,static,metal,5.7,0.77,0.14,0.45,5,0.43,0.62,0.15
1784032791.545,static,mid,2.5,1.78,0.01,1.84,16,1.75,0.02,-0.31
1784032791.545,static,metal,6.8,3.25,0.0,0.41,8,3.23,0.26,0.27
1784032791.545,static,unknown,0.3,7.36,0.0,1.1,9,7.22,0.81,1.2
1784032791.545,static,metal,5.7,0.78,0.13,0.43,5,0.42,0.63,0.18
1784032791.614,static,mid,2.5,1.79,0.01,1.83,16,1.76,-0.0,-0.32
1784032791.614,static,metal,6.8,3.25,0.0,0.41,8,3.23,0.26,0.27
1784032791.614,static,unknown,0.3,7.37,0.0,1.1,9,7.22,0.8,1.2
1784032791.614,static,metal,5.7,0.78,0.13,0.43,5,0.42,0.63,0.18
1784032791.681,static,mid,2.5,1.8,0.01,1.82,16,1.77,-0.02,-0.32
1784032791.681,static,metal,6.8,3.25,0.0,0.41,8,3.23,0.27,0.26
1784032791.681,static,unknown,0.3,7.37,0.0,1.11,9,7.23,0.79,1.2
1784032791.681,static,metal,5.7,0.78,0.13,0.43,5,0.42,0.63,0.18
1784032791.745,static,mid,2.5,1.8,0.01,1.81,15,1.77,-0.02,-0.33
1784032791.745,static,metal,6.8,3.25,0.0,0.41,8,3.23,0.27,0.26
1784032791.745,static,unknown,0.3,7.37,0.0,1.12,9,7.23,0.77,1.2
1784032791.745,static,metal,5.7,0.78,0.13,0.43,5,0.42,0.63,0.18
1784032791.811,static,mid,2.5,1.81,0.01,1.8,15,1.78,-0.03,-0.33
1784032791.811,static,mid,7.1,3.25,0.0,0.4,8,3.23,0.26,0.27
1784032791.811,static,unknown,0.3,7.4,0.0,1.13,9,7.26,0.76,1.2
1784032791.811,static,metal,5.7,0.78,0.13,0.43,5,0.42,0.63,0.18
1784032791.883,static,mid,2.5,1.81,0.01,1.79,15,1.78,-0.03,-0.33
1784032791.883,static,mid,7.1,3.25,0.0,0.4,8,3.23,0.26,0.27
1784032791.883,static,unknown,0.3,7.41,0.0,1.14,9,7.28,0.75,1.21
1784032791.883,static,metal,5.7,0.78,0.13,0.43,5,0.42,0.63,0.18
1784032791.951,static,mid,2.7,1.84,0.01,1.77,15,1.81,0.02,-0.36
1784032791.951,static,mid,7.1,3.25,0.0,0.4,8,3.23,0.26,0.27
1784032791.951,static,unknown,0.3,7.45,0.0,1.14,9,7.31,0.74,1.21
1784032791.951,static,metal,5.7,0.78,0.13,0.43,5,0.42,0.63,0.18
1784032792.021,static,mid,2.7,1.87,0.01,1.74,15,1.83,0.06,-0.37
1784032792.021,static,mid,7.1,3.25,0.0,0.4,8,3.23,0.26,0.27
1784032792.021,static,unknown,0.3,7.51,0.0,1.15,9,7.36,0.76,1.24
1784032792.021,static,metal,5.7,0.78,0.13,0.43,5,0.42,0.63,0.18
1784032792.112,static,mid,2.7,1.89,0.01,1.72,15,1.85,0.08,-0.38
1784032792.112,static,mid,7.1,3.25,0.0,0.39,8,3.23,0.25,0.27
1784032792.112,static,unknown,0.2,7.58,0.0,1.14,9,7.43,0.75,1.26
1784032792.112,static,metal,5.7,0.78,0.13,0.43,5,0.42,0.63,0.18
1784032792.183,static,mid,2.7,1.9,0.01,1.7,15,1.86,0.09,-0.38
1784032792.183,static,mid,7.1,3.25,0.0,0.39,8,3.23,0.25,0.28
1784032792.183,static,unknown,0.1,7.62,0.0,1.13,9,7.48,0.76,1.28
1784032792.183,static,metal,5.7,0.78,0.13,0.43,5,0.42,0.63,0.18
1784032792.253,static,mid,2.7,1.91,0.01,1.68,15,1.87,0.1,-0.38
1784032792.253,static,mid,7.1,3.25,0.0,0.39,8,3.23,0.25,0.27
1784032792.253,static,unknown,0.2,7.66,0.0,1.12,9,7.51,0.78,1.3
1784032792.253,static,metal,5.7,0.78,0.13,0.43,5,0.42,0.63,0.18
1784032792.332,static,mid,2.8,1.91,0.01,1.66,14,1.87,0.11,-0.38
1784032792.332,static,mid,7.1,3.25,0.0,0.39,8,3.23,0.25,0.28
1784032792.332,static,unknown,0.1,7.68,0.0,1.11,9,7.52,0.8,1.31
1784032792.332,static,metal,5.7,0.78,0.13,0.43,5,0.42,0.63,0.18
1784032792.405,static,mid,2.8,1.92,0.01,1.64,14,1.87,0.11,-0.38
1784032792.405,static,mid,7.1,3.25,0.0,0.38,8,3.23,0.25,0.28
1784032792.405,static,unknown,0.1,7.69,0.0,1.09,9,7.53,0.82,1.32
1784032792.405,static,metal,5.7,0.78,0.13,0.43,5,0.42,0.63,0.18
1784032792.486,static,mid,2.8,1.92,0.01,1.62,14,1.88,0.12,-0.38
1784032792.486,static,mid,7.1,3.25,0.0,0.38,8,3.23,0.25,0.28
1784032792.486,static,unknown,0.1,7.7,0.0,1.09,9,7.54,0.82,1.31
1784032792.486,static,metal,5.7,0.78,0.13,0.43,5,0.42,0.63,0.18
1784032792.573,static,mid,2.8,1.92,0.01,1.6,14,1.88,0.12,-0.39
1784032792.573,static,mid,7.1,3.25,0.0,0.38,8,3.23,0.25,0.28
1784032792.573,static,unknown,0.1,7.7,0.0,1.08,9,7.54,0.82,1.3
1784032792.573,static,metal,5.7,0.78,0.13,0.43,5,0.42,0.63,0.18
1784032792.641,static,mid,2.9,1.92,0.01,1.58,14,1.88,0.11,-0.39
1784032792.641,static,mid,7.1,3.25,0.0,0.38,8,3.23,0.25,0.28
1784032792.641,static,unknown,0.1,7.66,0.0,1.09,9,7.51,0.82,1.28
1784032792.641,static,metal,5.7,0.78,0.13,0.43,5,0.42,0.63,0.18
1784032792.726,static,mid,2.9,1.92,0.01,1.56,14,1.88,0.11,-0.39
1784032792.726,static,mid,7.1,3.25,0.0,0.38,8,3.23,0.26,0.27
1784032792.726,static,unknown,0.1,7.61,0.0,1.1,9,7.46,0.82,1.27
1784032792.726,static,metal,5.7,0.78,0.13,0.43,5,0.42,0.63,0.18
1784032792.81,static,mid,2.9,1.92,0.01,1.55,14,1.88,0.11,-0.39
1784032792.81,static,mid,7.1,3.25,0.0,0.37,8,3.23,0.26,0.27
1784032792.81,static,unknown,0.1,7.58,0.0,1.1,9,7.42,0.82,1.27
1784032792.81,static,metal,5.7,0.78,0.13,0.43,5,0.42,0.63,0.18
1784032792.897,static,mid,2.9,1.92,0.01,1.53,14,1.88,0.11,-0.39
1784032792.897,static,mid,7.1,3.25,0.0,0.37,8,3.23,0.26,0.27
1784032792.897,static,unknown,-0.0,7.53,0.0,1.11,10,7.37,0.82,1.27
1784032792.897,static,metal,5.7,0.78,0.13,0.43,5,0.42,0.63,0.18
1784032792.981,static,mid,2.8,1.92,0.01,1.51,14,1.88,0.11,-0.39
1784032792.981,static,mid,7.2,3.25,0.0,0.37,8,3.23,0.27,0.27
1784032792.981,static,unknown,-0.0,7.47,0.0,1.12,10,7.32,0.82,1.27
1784032792.981,static,metal,5.7,0.78,0.13,0.43,5,0.42,0.63,0.18
1784032793.089,static,mid,2.8,1.92,0.01,1.5,13,1.88,0.11,-0.39
1784032793.089,static,mid,7.2,3.25,0.0,0.37,9,3.23,0.27,0.26
1784032793.089,static,unknown,-0.0,7.42,0.0,1.12,10,7.26,0.83,1.3
1784032793.175,static,mid,2.8,1.92,0.01,1.48,13,1.88,0.11,-0.39
1784032793.175,static,mid,7.2,3.25,0.0,0.37,9,3.23,0.27,0.27
1784032793.175,static,unknown,-0.1,7.32,0.0,1.15,10,7.15,0.86,1.3
1784032793.273,static,mid,2.8,1.92,0.01,1.46,13,1.88,0.12,-0.39
1784032793.273,static,mid,7.2,3.25,0.0,0.37,9,3.23,0.28,0.26
1784032793.273,static,unknown,-0.1,7.26,-0.0,1.17,10,7.09,0.88,1.3
1784032793.273,static,mid,1.5,0.79,-0.04,0.45,5,0.43,0.67,-0.0
1784032793.358,static,mid,2.8,1.92,0.01,1.45,13,1.88,0.12,-0.39
1784032793.358,static,mid,7.2,3.25,0.0,0.36,9,3.23,0.28,0.26
1784032793.358,static,unknown,-0.1,7.22,-0.0,1.19,10,7.04,0.9,1.3
1784032793.358,static,metal,3.8,0.79,-0.06,0.52,6,0.45,0.65,0.02
1784032793.44,static,mid,2.8,1.92,0.01,1.43,13,1.88,0.12,-0.39
1784032793.44,static,mid,7.2,3.25,0.0,0.36,9,3.23,0.28,0.26
1784032793.44,static,unknown,-0.1,7.19,-0.0,1.21,10,7.01,0.9,1.31
1784032793.44,static,metal,3.8,0.79,-0.07,0.58,7,0.47,0.64,0.04
1784032793.536,static,mid,2.8,1.92,0.01,1.42,13,1.88,0.12,-0.39
1784032793.536,static,mid,7.2,3.25,0.0,0.36,9,3.23,0.28,0.26
1784032793.536,static,unknown,-0.1,7.18,-0.0,1.23,10,7.0,0.9,1.32
1784032793.536,static,metal,4.1,0.78,-0.07,0.61,8,0.48,0.62,0.06
1784032793.633,static,mid,2.7,1.92,0.01,1.4,13,1.88,0.12,-0.39
1784032793.633,static,mid,7.2,3.25,0.0,0.36,9,3.23,0.29,0.26
1784032793.633,static,unknown,-0.1,7.23,-0.0,1.24,10,7.05,0.87,1.35
1784032793.633,static,metal,4.1,0.77,-0.07,0.64,8,0.49,0.6,0.06
1784032793.695,static,mid,2.7,1.92,0.01,1.39,13,1.88,0.12,-0.39
1784032793.695,static,mid,7.2,3.25,0.0,0.36,9,3.23,0.29,0.26
1784032793.695,static,unknown,-0.1,7.26,-0.0,1.24,10,7.08,0.85,1.37
1784032793.695,static,metal,4.1,0.76,-0.07,0.66,9,0.49,0.58,0.06
1784032793.762,static,mid,2.7,1.92,0.01,1.37,13,1.88,0.12,-0.39
1784032793.762,static,mid,7.2,3.25,0.0,0.36,9,3.23,0.29,0.24
1784032793.762,static,unknown,-0.1,7.28,-0.0,1.25,10,7.1,0.85,1.4
1784032793.762,static,metal,4.1,0.75,-0.07,0.68,9,0.5,0.56,0.06
1784032793.832,static,mid,2.7,1.92,0.01,1.36,13,1.88,0.12,-0.38
1784032793.832,static,mid,7.2,3.25,0.0,0.36,9,3.23,0.3,0.24
1784032793.832,static,unknown,-0.1,7.3,-0.0,1.25,10,7.11,0.84,1.42
1784032793.832,static,metal,4.1,0.74,-0.06,0.67,9,0.5,0.54,0.05
1784032793.889,static,mid,2.7,1.92,0.01,1.35,13,1.88,0.12,-0.39
1784032793.889,static,mid,7.2,3.25,0.0,0.36,9,3.23,0.29,0.24
1784032793.889,static,unknown,-0.1,7.31,-0.0,1.25,11,7.12,0.84,1.43
1784032793.889,static,metal,4.1,0.75,-0.05,0.68,9,0.54,0.51,0.08
1784032793.946,static,mid,2.7,1.92,0.01,1.35,13,1.88,0.12,-0.39
1784032793.946,static,mid,7.2,3.25,0.0,0.37,9,3.22,0.29,0.25
1784032793.946,static,unknown,-0.1,7.31,-0.0,1.25,11,7.12,0.84,1.43
1784032793.946,static,metal,6.0,0.84,-0.04,0.75,10,0.7,0.46,0.04
1784032794.005,static,mid,2.7,1.92,0.01,1.35,13,1.88,0.12,-0.39
1784032794.005,static,mid,7.2,3.25,0.0,0.37,9,3.22,0.29,0.25
1784032794.005,static,unknown,-0.1,7.32,-0.0,1.26,11,7.12,0.84,1.44
1784032794.005,static,metal,6.0,0.91,-0.03,0.81,10,0.81,0.42,0.02
1784032794.094,static,mid,2.7,1.92,0.01,1.35,13,1.88,0.12,-0.39
1784032794.094,static,mid,7.2,3.24,0.0,0.37,9,3.22,0.29,0.26
1784032794.094,static,unknown,-0.1,7.31,-0.0,1.26,11,7.12,0.84,1.44
1784032794.094,static,metal,6.0,0.95,-0.03,0.86,11,0.86,0.41,-0.0
1784032794.144,static,mid,2.7,1.92,0.01,1.35,13,1.88,0.12,-0.39
1784032794.144,static,mid,7.2,3.24,0.0,0.37,9,3.22,0.29,0.27
1784032794.144,static,unknown,0.2,7.31,-0.0,1.26,11,7.12,0.83,1.44
1784032794.144,static,metal,6.0,0.97,-0.02,0.91,12,0.89,0.39,-0.01
1784032794.216,static,mid,2.7,1.92,0.01,1.35,13,1.88,0.12,-0.39
1784032794.216,static,mid,7.2,3.24,0.0,0.37,9,3.21,0.28,0.27
1784032794.216,static,unknown,0.3,7.3,-0.0,1.27,11,7.11,0.82,1.44
1784032794.216,unknown,metal,6.0,0.99,-0.02,0.96,12,0.91,0.38,-0.02
1784032794.285,static,mid,2.7,1.92,0.01,1.35,13,1.88,0.12,-0.39
1784032794.285,static,mid,7.2,3.23,0.0,0.37,9,3.21,0.29,0.3
1784032794.285,static,unknown,0.3,7.26,-0.0,1.28,11,7.07,0.83,1.44
1784032794.285,unknown,metal,6.0,1.0,-0.02,1.01,13,0.92,0.39,-0.02
1784032794.355,static,mid,2.7,1.92,0.01,1.35,13,1.88,0.12,-0.39
1784032794.355,static,mid,7.2,3.23,0.0,0.37,9,3.2,0.29,0.3
1784032794.355,unknown,unknown,0.3,7.24,-0.0,1.29,11,7.04,0.82,1.44
1784032794.355,unknown,metal,6.0,1.0,-0.02,1.04,14,0.92,0.39,-0.03
1784032794.42,static,mid,2.7,1.92,0.01,1.35,13,1.88,0.12,-0.39
1784032794.42,static,mid,7.2,3.23,0.0,0.37,9,3.2,0.29,0.3
1784032794.42,unknown,unknown,1.4,7.22,-0.0,1.31,11,7.03,0.82,1.44
1784032794.42,unknown,metal,6.7,1.01,-0.03,1.08,14,0.92,0.4,-0.04
1784032794.49,static,mid,2.7,1.92,0.01,1.35,13,1.88,0.12,-0.39
1784032794.49,static,mid,7.2,3.23,0.0,0.37,9,3.2,0.29,0.3
1784032794.49,unknown,unknown,1.5,7.21,-0.0,1.32,11,7.02,0.82,1.43
1784032794.49,unknown,metal,6.7,1.01,-0.03,1.11,15,0.93,0.4,-0.05
1784032794.581,static,mid,2.7,1.92,0.01,1.35,13,1.88,0.12,-0.39
1784032794.581,static,mid,7.2,3.23,0.0,0.37,9,3.21,0.29,0.29
1784032794.581,unknown,unknown,1.5,7.2,-0.0,1.33,11,7.01,0.83,1.44
1784032794.581,static,metal,6.7,1.01,-0.03,1.15,15,0.92,0.42,-0.05
1784032794.654,static,mid,2.7,1.92,0.01,1.35,13,1.88,0.12,-0.39
1784032794.654,static,mid,7.2,3.24,0.0,0.36,9,3.21,0.29,0.29
1784032794.654,unknown,unknown,1.5,7.2,-0.0,1.35,11,7.01,0.84,1.43
1784032794.654,unknown,metal,6.6,1.02,-0.03,1.18,15,0.93,0.42,-0.04
1784032794.719,static,mid,2.7,1.92,0.01,1.35,13,1.88,0.12,-0.39
1784032794.719,static,mid,7.2,3.24,0.0,0.36,9,3.21,0.29,0.29
1784032794.719,unknown,unknown,1.6,7.21,-0.0,1.36,11,7.02,0.85,1.42
1784032794.719,unknown,metal,6.4,1.03,-0.03,1.21,16,0.94,0.41,-0.05
1784032794.789,static,mid,2.7,1.92,0.01,1.33,13,1.88,0.11,-0.39
1784032794.789,static,mid,7.2,3.24,0.0,0.36,9,3.22,0.29,0.28
1784032794.789,static,unknown,1.6,7.24,-0.0,1.36,11,7.06,0.84,1.41
1784032794.789,static,metal,6.6,0.94,-0.03,1.19,16,0.83,0.45,-0.01
1784032794.875,static,mid,2.7,1.92,0.01,1.32,12,1.87,0.1,-0.4
1784032794.875,static,mid,7.2,3.24,0.0,0.36,9,3.22,0.28,0.28
1784032794.875,static,unknown,1.6,7.27,-0.0,1.37,11,7.08,0.86,1.4
1784032794.875,static,metal,6.4,0.89,-0.03,1.17,16,0.76,0.47,0.02
1784032794.95,static,mid,2.7,1.92,0.01,1.31,12,1.88,0.1,-0.39
1784032794.95,static,mid,7.2,3.24,0.0,0.36,9,3.22,0.28,0.3
1784032794.95,static,unknown,1.7,7.29,-0.0,1.37,11,7.1,0.88,1.4
1784032794.95,static,metal,5.6,0.86,-0.03,1.16,15,0.71,0.47,0.05
1784032795.02,static,mid,2.7,1.92,0.01,1.3,12,1.88,0.1,-0.39
1784032795.02,static,mid,7.4,3.24,0.0,0.36,9,3.21,0.28,0.31
1784032795.02,static,unknown,1.7,7.3,-0.0,1.37,11,7.1,0.9,1.4
1784032795.02,static,metal,5.6,0.83,-0.03,1.15,15,0.68,0.46,0.08
1784032795.093,static,mid,2.7,1.92,0.01,1.29,12,1.88,0.11,-0.39
1784032795.093,static,mid,7.4,3.24,0.0,0.36,9,3.21,0.28,0.32
1784032795.093,static,unknown,1.7,7.3,-0.0,1.38,12,7.11,0.91,1.4
1784032795.093,static,metal,5.3,0.81,-0.02,1.13,15,0.66,0.45,0.1
1784032795.186,static,mid,2.7,1.92,0.01,1.28,12,1.88,0.11,-0.38
1784032795.186,static,mid,7.4,3.24,0.0,0.36,9,3.21,0.28,0.34
1784032795.186,static,unknown,1.7,7.31,-0.0,1.38,12,7.11,0.92,1.41
1784032795.186,static,metal,5.3,0.8,-0.02,1.12,15,0.65,0.45,0.11
1784032795.256,static,mid,2.7,1.92,0.01,1.28,12,1.88,0.11,-0.38
1784032795.256,static,mid,7.4,3.24,0.0,0.36,9,3.21,0.29,0.35
1784032795.256,static,unknown,1.7,7.31,-0.0,1.39,12,7.11,0.92,1.43
1784032795.256,static,metal,5.3,0.88,-0.02,1.14,15,0.78,0.41,0.06
1784032795.323,static,mid,2.7,1.92,0.01,1.28,12,1.88,0.11,-0.38
1784032795.323,static,mid,7.4,3.24,0.0,0.36,9,3.21,0.29,0.34
1784032795.323,static,unknown,1.8,7.32,-0.0,1.39,12,7.11,0.91,1.45
1784032795.323,static,metal,5.3,0.94,-0.02,1.16,15,0.85,0.4,0.03
1784032795.408,static,mid,2.7,1.92,0.01,1.28,12,1.88,0.11,-0.38
1784032795.408,static,mid,7.4,3.24,0.0,0.36,9,3.21,0.29,0.33
1784032795.408,static,unknown,1.8,7.32,-0.0,1.39,12,7.11,0.91,1.46
1784032795.408,unknown,metal,5.1,1.0,-0.02,1.17,15,0.92,0.39,0.0
1784032795.491,static,mid,2.7,1.92,0.01,1.28,12,1.88,0.11,-0.38
1784032795.491,static,mid,7.7,3.24,0.0,0.36,9,3.21,0.3,0.31
1784032795.491,static,unknown,1.8,7.32,-0.0,1.39,12,7.12,0.89,1.46
1784032795.491,unknown,metal,5.1,1.02,-0.02,1.18,15,0.95,0.38,-0.01
1784032795.56,static,mid,2.6,1.92,0.01,1.27,12,1.88,0.11,-0.38
1784032795.56,static,mid,7.7,3.24,0.0,0.37,9,3.21,0.3,0.3
1784032795.56,unknown,unknown,1.9,7.32,-0.0,1.39,12,7.12,0.88,1.47
1784032795.56,static,metal,4.7,0.93,-0.02,1.16,15,0.83,0.41,0.02
1784032795.663,static,mid,2.5,1.92,0.01,1.25,12,1.88,0.11,-0.37
1784032795.663,static,mid,7.8,3.24,0.0,0.37,9,3.21,0.3,0.28
1784032795.663,unknown,unknown,1.9,7.32,-0.0,1.4,12,7.12,0.87,1.48
1784032795.663,static,metal,5.1,0.87,-0.02,1.14,15,0.75,0.44,0.05
1784032795.736,static,mid,2.5,1.88,0.01,1.25,12,1.85,0.06,-0.35
1784032795.736,static,mid,7.8,3.24,0.0,0.37,9,3.22,0.3,0.27
1784032795.736,unknown,unknown,1.9,7.3,-0.0,1.4,12,7.1,0.86,1.46
1784032795.736,static,metal,4.7,0.83,-0.02,1.13,15,0.69,0.45,0.06
1784032795.816,static,mid,2.5,1.85,0.01,1.25,12,1.82,0.02,-0.33
1784032795.816,static,mid,7.8,3.24,0.0,0.37,9,3.22,0.3,0.27
1784032795.816,static,unknown,1.9,7.28,-0.0,1.41,12,7.08,0.86,1.44
1784032795.816,static,metal,5.1,0.8,-0.03,1.11,15,0.65,0.46,0.07
1784032795.884,static,mid,2.5,1.84,0.01,1.25,12,1.81,0.0,-0.32
1784032795.884,static,mid,7.8,3.24,0.0,0.37,9,3.22,0.3,0.26
1784032795.884,static,unknown,1.9,7.27,-0.0,1.41,12,7.07,0.87,1.44
1784032795.884,static,metal,4.7,0.79,-0.03,1.11,15,0.63,0.48,0.07
1784032795.966,static,mid,2.5,1.83,0.01,1.25,12,1.8,-0.01,-0.31
1784032795.966,static,mid,8.0,3.24,0.0,0.37,9,3.22,0.3,0.26
1784032795.966,unknown,unknown,2.0,7.26,-0.0,1.42,12,7.07,0.87,1.44
1784032795.966,static,metal,5.2,0.78,-0.03,1.1,15,0.61,0.48,0.06
1784032796.067,static,fabric,2.5,1.82,0.01,1.25,12,1.8,-0.02,-0.31
1784032796.067,static,mid,8.0,3.25,0.0,0.37,9,3.22,0.29,0.25
1784032796.067,unknown,unknown,2.0,7.26,-0.0,1.43,12,7.06,0.88,1.45
1784032796.067,static,metal,5.2,0.77,-0.03,1.09,15,0.6,0.48,0.06
1784032796.152,static,fabric,2.5,1.82,0.01,1.25,12,1.8,-0.02,-0.31
1784032796.152,static,mid,7.8,3.01,0.0,0.38,9,2.99,0.24,0.18
1784032796.152,unknown,unknown,2.1,7.24,-0.0,1.43,12,7.04,0.88,1.42
1784032796.152,static,metal,5.3,0.76,-0.03,1.09,15,0.59,0.48,0.05
1784032796.223,static,metal,2.4,1.8,0.01,1.27,12,1.79,0.08,-0.18
1784032796.223,static,mid,7.8,3.01,0.0,0.38,9,2.99,0.24,0.18
1784032796.223,unknown,unknown,2.1,7.23,-0.0,1.44,12,7.03,0.88,1.44
1784032796.223,static,metal,5.3,0.76,-0.03,1.09,15,0.59,0.48,0.05
1784032796.319,static,metal,2.3,1.81,0.01,1.28,12,1.81,0.12,-0.1
1784032796.319,static,mid,7.8,3.01,0.0,0.38,9,2.99,0.24,0.18
1784032796.319,unknown,unknown,2.1,7.22,-0.0,1.44,12,7.02,0.87,1.44
1784032796.319,static,metal,5.3,0.76,-0.03,1.09,15,0.59,0.48,0.05
1784032796.411,static,metal,2.3,1.79,0.01,1.3,12,1.78,0.15,-0.05
1784032796.411,static,mid,7.8,3.01,0.0,0.38,9,2.99,0.24,0.18
1784032796.411,unknown,unknown,2.1,7.22,-0.0,1.45,12,7.02,0.88,1.45
1784032796.411,static,metal,5.3,0.76,-0.03,1.09,15,0.59,0.48,0.05
1784032796.481,static,metal,2.0,1.72,0.0,1.32,12,1.71,0.17,-0.01
1784032796.481,static,mid,7.8,3.01,0.0,0.38,9,2.99,0.24,0.18
1784032796.481,unknown,unknown,2.1,7.23,-0.0,1.45,12,7.02,0.87,1.45
1784032796.481,static,metal,5.3,0.76,-0.03,1.09,15,0.59,0.48,0.05
1784032796.553,static,metal,2.0,1.66,0.0,1.33,13,1.65,0.18,0.01
1784032796.553,static,mid,7.8,3.01,0.0,0.38,9,2.99,0.24,0.18
1784032796.553,unknown,unknown,2.2,7.23,-0.0,1.46,12,7.03,0.87,1.44
1784032796.553,static,metal,5.3,0.76,-0.03,1.09,15,0.59,0.48,0.05
1784032796.618,static,metal,2.0,1.62,-0.0,1.35,13,1.61,0.19,0.03
1784032796.618,static,mid,7.8,3.01,0.0,0.38,9,2.99,0.24,0.18
1784032796.618,unknown,unknown,2.2,7.23,-0.0,1.46,12,7.03,0.86,1.44
1784032796.618,static,metal,5.3,0.76,-0.03,1.09,15,0.59,0.48,0.05
1784032796.705,static,metal,2.2,1.56,-0.0,1.37,13,1.55,0.19,0.04
1784032796.705,static,mid,7.8,3.01,0.0,0.38,9,2.99,0.24,0.18
1784032796.705,unknown,unknown,2.3,7.27,-0.0,1.46,12,7.07,0.87,1.47
1784032796.705,static,metal,5.3,0.76,-0.03,1.09,15,0.59,0.48,0.05
1784032796.77,static,metal,4.6,1.32,-0.01,1.38,13,1.3,0.2,0.02
1784032796.77,static,mid,7.8,3.01,0.0,0.38,9,2.99,0.24,0.18
1784032796.77,unknown,unknown,2.3,7.31,-0.0,1.46,12,7.11,0.86,1.47
1784032796.77,static,metal,5.3,0.76,-0.03,1.09,15,0.59,0.48,0.05
1784032796.836,static,metal,4.6,1.16,-0.01,1.39,13,1.14,0.22,-0.0
1784032796.836,static,mid,7.8,3.01,0.0,0.38,9,2.99,0.24,0.18
1784032796.836,static,unknown,2.3,7.34,-0.0,1.46,12,7.14,0.86,1.47
1784032796.836,static,metal,5.3,0.76,-0.03,1.09,15,0.59,0.48,0.05
1784032796.9,static,metal,4.6,1.07,-0.01,1.39,13,1.04,0.23,-0.01
1784032796.9,static,mid,7.8,3.01,0.0,0.38,9,2.99,0.24,0.18
1784032796.9,static,unknown,2.3,7.35,-0.0,1.46,12,7.16,0.86,1.46
1784032796.9,static,metal,5.3,0.76,-0.03,1.09,15,0.59,0.48,0.05
1784032796.968,static,metal,4.6,1.07,-0.01,1.39,13,1.04,0.23,-0.01
1784032796.968,static,metal,7.7,2.55,0.0,0.4,9,2.54,0.22,0.14
1784032796.968,static,unknown,2.3,7.38,-0.0,1.46,12,7.18,0.85,1.49
1784032796.968,static,metal,5.3,0.76,-0.03,1.09,15,0.59,0.48,0.05
1784032797.038,static,metal,4.6,1.07,-0.01,1.39,13,1.04,0.23,-0.01
1784032797.038,unknown,metal,4.9,2.28,0.0,0.42,9,2.27,0.21,0.12
1784032797.038,unknown,unknown,2.3,7.42,-0.0,1.46,12,7.21,0.83,1.52
1784032797.038,static,metal,5.3,0.76,-0.03,1.09,15,0.59,0.48,0.05
1784032797.038,static,unknown,-1.5,7.93,0.0,0.69,2,7.82,-0.74,1.05
1784032797.104,static,metal,4.6,1.07,-0.01,1.39,13,1.04,0.23,-0.01
1784032797.104,unknown,metal,3.1,2.11,0.0,0.45,9,2.09,0.2,0.11
1784032797.104,unknown,unknown,2.2,7.44,-0.0,1.46,12,7.23,0.83,1.54
1784032797.104,static,metal,5.3,0.76,-0.03,1.09,15,0.59,0.48,0.05
1784032797.104,static,unknown,-1.5,7.93,0.0,0.69,2,7.83,-0.74,1.04
1784032797.176,static,metal,4.6,1.07,-0.01,1.39,13,1.04,0.23,-0.01
1784032797.176,unknown,metal,2.1,2.09,0.0,0.46,9,2.08,0.23,0.1
1784032797.176,unknown,unknown,2.2,7.43,-0.0,1.46,12,7.22,0.82,1.55
1784032797.176,static,metal,5.3,0.76,-0.03,1.09,15,0.59,0.48,0.05
1784032797.176,static,unknown,-1.5,7.93,0.0,0.69,2,7.83,-0.74,1.03
1784032797.265,static,metal,4.6,1.07,-0.01,1.39,13,1.04,0.23,-0.01
1784032797.265,unknown,metal,2.0,2.11,0.0,0.48,9,2.09,0.24,0.1
1784032797.265,unknown,unknown,2.2,7.53,-0.0,1.45,12,7.31,0.78,1.64
1784032797.265,static,metal,5.3,0.76,-0.03,1.09,15,0.59,0.48,0.05
1784032797.265,static,unknown,-1.5,7.93,0.0,0.62,3,7.84,-0.77,0.96
1784032797.339,static,metal,4.6,1.07,-0.01,1.39,13,1.04,0.23,-0.01
1784032797.339,unknown,metal,2.0,2.11,0.0,0.48,9,2.09,0.24,0.1
1784032797.339,unknown,unknown,2.2,7.6,-0.0,1.44,12,7.35,0.76,1.76
1784032797.339,static,metal,5.3,0.76,-0.03,1.09,15,0.59,0.48,0.05
1784032797.339,static,mid,4.2,3.02,0.0,0.66,8,3.0,0.27,0.24
1784032797.339,static,unknown,-1.5,7.93,0.0,0.55,2,7.84,-0.81,0.94
1784032797.405,static,metal,4.6,1.07,-0.01,1.39,13,1.04,0.23,-0.01
1784032797.405,unknown,metal,2.0,2.11,0.0,0.48,9,2.09,0.24,0.1
1784032797.405,unknown,unknown,2.2,7.64,-0.0,1.43,12,7.38,0.75,1.84
1784032797.405,static,metal,5.3,0.76,-0.03,1.09,15,0.59,0.48,0.05
1784032797.405,static,mid,1.1,2.85,0.0,0.9,9,2.84,0.25,0.15
1784032797.405,static,unknown,-1.5,7.93,0.0,0.51,3,7.84,-0.84,0.9
1784032797.408,static,metal,4.6,1.07,-0.01,1.39,13,1.04,0.23,-0.01
1784032797.408,unknown,metal,2.0,2.11,0.0,0.48,9,2.09,0.24,0.1
1784032797.408,unknown,unknown,2.2,7.67,-0.0,1.42,12,7.4,0.74,1.89
1784032797.408,static,metal,5.3,0.76,-0.03,1.09,15,0.59,0.48,0.05
1784032797.408,static,mid,0.8,2.75,0.0,1.06,10,2.73,0.24,0.09
1784032797.408,static,unknown,-1.5,7.94,0.0,0.48,3,7.84,-0.87,0.88
1784032797.496,static,metal,4.6,1.07,-0.01,1.39,13,1.04,0.23,-0.01
1784032797.496,unknown,metal,1.9,2.02,0.0,0.48,9,2.01,0.2,-0.07
1784032797.496,unknown,unknown,2.2,7.67,-0.0,1.42,12,7.4,0.74,1.89
1784032797.496,static,metal,5.3,0.76,-0.03,1.09,15,0.59,0.48,0.05
1784032797.496,static,mid,0.8,2.75,0.0,1.06,10,2.73,0.24,0.09
1784032797.496,static,unknown,-1.5,7.94,0.0,0.46,3,7.84,-0.88,0.87
1784032797.503,static,metal,4.6,1.07,-0.01,1.39,13,1.04,0.23,-0.01
1784032797.503,unknown,metal,1.8,1.97,0.0,0.48,9,1.96,0.17,-0.18
1784032797.503,unknown,unknown,2.2,7.67,-0.0,1.42,12,7.4,0.74,1.89
1784032797.503,static,metal,5.3,0.76,-0.03,1.09,15,0.59,0.48,0.05
1784032797.503,static,mid,0.8,2.75,0.0,1.06,10,2.73,0.24,0.09
1784032797.503,static,unknown,-1.5,7.94,0.0,0.44,3,7.84,-0.89,0.86
1784032797.61,static,metal,4.6,1.07,-0.01,1.39,13,1.04,0.23,-0.01
1784032797.61,unknown,metal,1.8,1.95,0.0,0.47,9,1.92,0.15,-0.25
1784032797.61,unknown,unknown,2.2,7.67,-0.0,1.42,12,7.4,0.74,1.89
1784032797.61,static,metal,5.3,0.76,-0.03,1.09,15,0.59,0.48,0.05
1784032797.61,static,mid,0.8,2.75,0.0,1.06,10,2.73,0.24,0.09
1784032797.61,static,unknown,-1.5,7.94,0.0,0.42,3,7.84,-0.9,0.84
1784032797.617,static,metal,4.6,1.07,-0.01,1.39,13,1.04,0.23,-0.01
1784032797.617,unknown,metal,1.7,1.93,0.0,0.47,9,1.9,0.14,-0.3
1784032797.617,unknown,unknown,2.2,7.67,-0.0,1.42,12,7.4,0.74,1.89
1784032797.617,static,metal,5.3,0.76,-0.03,1.09,15,0.59,0.48,0.05
1784032797.617,static,mid,0.8,2.75,0.0,1.06,10,2.73,0.24,0.09
1784032797.617,static,unknown,-1.5,7.94,0.0,0.41,3,7.84,-0.9,0.84
1784032797.617,static,mid,-0.6,3.18,0.0,0.51,4,3.17,0.26,0.05
1784032797.704,static,metal,4.6,1.07,-0.01,1.39,13,1.04,0.23,-0.01
1784032797.704,unknown,metal,1.7,1.82,0.0,0.48,9,1.81,-0.01,-0.22
1784032797.704,unknown,unknown,2.2,7.67,-0.0,1.42,12,7.4,0.74,1.89
1784032797.704,static,mid,0.8,2.75,0.0,1.06,10,2.73,0.24,0.09
1784032797.704,static,unknown,-1.5,7.93,0.0,0.41,3,7.85,-0.85,0.82
1784032797.704,static,mid,-0.6,3.18,0.0,0.46,3,3.17,0.26,0.05
1784032797.709,static,metal,4.6,1.07,-0.01,1.39,13,1.04,0.23,-0.01
1784032797.709,unknown,metal,1.6,1.76,0.0,0.49,9,1.74,-0.11,-0.17
1784032797.709,unknown,unknown,2.2,7.67,-0.0,1.42,12,7.4,0.74,1.89
1784032797.709,static,mid,0.8,2.75,0.0,1.06,10,2.73,0.24,0.09
1784032797.709,static,unknown,-1.3,7.93,0.0,0.42,3,7.85,-0.81,0.8
1784032797.709,static,mid,-0.6,3.18,0.0,0.44,3,3.17,0.25,0.05
1784032797.812,static,metal,4.6,1.07,-0.01,1.39,13,1.04,0.23,-0.01
1784032797.812,unknown,metal,1.6,1.76,0.0,0.49,9,1.74,-0.11,-0.17
1784032797.812,unknown,unknown,2.2,7.67,-0.0,1.42,12,7.4,0.74,1.89
1784032797.812,static,mid,0.8,2.75,0.0,1.06,10,2.73,0.24,0.09
1784032797.812,static,unknown,-1.3,7.93,0.0,0.44,3,7.85,-0.77,0.82
1784032797.812,static,mid,-0.6,3.18,0.0,0.44,3,3.17,0.25,0.05
1784032797.816,static,metal,4.6,1.07,-0.01,1.39,13,1.04,0.23,-0.01
1784032797.816,unknown,metal,1.6,1.76,0.0,0.49,9,1.74,-0.11,-0.17
1784032797.816,unknown,unknown,2.2,7.67,-0.0,1.42,12,7.4,0.74,1.89
1784032797.816,static,mid,0.8,2.75,0.0,1.06,10,2.73,0.24,0.09
1784032797.816,static,unknown,-1.3,7.93,0.0,0.46,3,7.86,-0.74,0.82
1784032797.816,static,fabric,-2.6,1.69,0.0,1.47,3,1.5,-0.77,0.15
1784032797.816,static,mid,-0.6,3.18,0.0,0.44,3,3.17,0.25,0.05
1784032797.886,static,metal,4.6,1.07,-0.01,1.39,13,1.04,0.23,-0.01
1784032797.886,unknown,metal,1.6,1.76,0.0,0.49,9,1.74,-0.11,-0.17
1784032797.886,unknown,unknown,2.2,7.67,-0.0,1.42,12,7.4,0.74,1.89
1784032797.886,static,mid,0.8,2.75,0.0,1.06,10,2.73,0.24,0.09
1784032797.886,static,unknown,-1.3,7.93,0.0,0.48,3,7.86,-0.72,0.83
1784032797.886,static,fabric,-2.6,1.69,0.0,1.47,3,1.5,-0.77,0.15
1784032797.886,static,mid,-0.6,3.18,0.0,0.44,3,3.17,0.25,0.05
1784032797.889,static,metal,4.6,1.07,-0.01,1.39,13,1.04,0.23,-0.01
1784032797.889,unknown,metal,1.6,1.76,0.0,0.49,9,1.74,-0.11,-0.17
1784032797.889,unknown,unknown,2.2,7.67,-0.0,1.42,12,7.4,0.74,1.89
1784032797.889,static,mid,0.8,2.75,0.0,1.06,10,2.73,0.24,0.09
1784032797.889,static,unknown,-1.3,7.93,0.0,0.49,3,7.86,-0.71,0.83
1784032797.889,static,fabric,-2.6,1.69,0.0,1.47,3,1.5,-0.77,0.15
1784032797.889,static,mid,-0.6,3.18,0.0,0.44,3,3.17,0.25,0.05
1784032797.986,static,metal,4.6,1.07,-0.01,1.39,13,1.04,0.23,-0.01
1784032797.986,unknown,metal,1.6,1.76,0.0,0.49,9,1.74,-0.11,-0.17
1784032797.986,unknown,unknown,2.2,7.67,-0.0,1.42,12,7.4,0.74,1.89
1784032797.986,static,mid,0.8,2.75,0.0,1.06,10,2.73,0.24,0.09
1784032797.986,static,unknown,-1.3,7.93,0.0,0.5,3,7.86,-0.69,0.85
1784032797.986,static,fabric,-2.6,1.69,0.0,1.47,3,1.5,-0.77,0.15
1784032797.986,static,mid,-0.6,3.18,0.0,0.44,3,3.17,0.25,0.05
1784032797.991,static,metal,4.6,1.07,-0.01,1.39,13,1.04,0.23,-0.01
1784032797.991,unknown,metal,1.6,1.76,0.0,0.49,9,1.74,-0.11,-0.17
1784032797.991,unknown,unknown,2.2,7.67,-0.0,1.42,12,7.4,0.74,1.89
1784032797.991,static,mid,0.8,2.75,0.0,1.06,10,2.73,0.24,0.09
1784032797.991,static,unknown,-1.3,7.93,0.0,0.51,4,7.86,-0.68,0.85
1784032797.991,static,fabric,-2.6,1.69,0.0,1.47,3,1.5,-0.77,0.15
1784032797.991,static,mid,-0.6,3.18,0.0,0.44,3,3.17,0.25,0.05
1784032798.082,static,metal,4.6,1.07,-0.01,1.39,13,1.04,0.23,-0.01
1784032798.082,unknown,metal,1.6,1.76,0.0,0.49,9,1.74,-0.11,-0.17
1784032798.082,unknown,unknown,2.2,7.67,-0.0,1.42,12,7.4,0.74,1.89
1784032798.082,static,mid,0.8,2.75,0.0,1.06,10,2.73,0.24,0.09
1784032798.082,static,unknown,-1.3,7.94,0.0,0.51,4,7.86,-0.67,0.88
1784032798.082,static,fabric,-2.6,1.69,0.0,1.47,3,1.5,-0.77,0.15
1784032798.082,static,mid,-0.6,3.18,0.0,0.44,3,3.17,0.25,0.05
1784032798.087,static,metal,4.6,1.07,-0.01,1.39,13,1.04,0.23,-0.01
1784032798.087,unknown,metal,1.6,1.76,0.0,0.49,9,1.74,-0.11,-0.17
1784032798.087,unknown,unknown,2.2,7.67,-0.0,1.42,12,7.4,0.74,1.89
1784032798.087,static,mid,0.8,2.75,0.0,1.06,10,2.73,0.24,0.09
1784032798.087,static,unknown,-1.3,7.94,0.0,0.52,4,7.86,-0.66,0.89
1784032798.087,static,fabric,-2.6,1.69,0.0,1.47,3,1.5,-0.77,0.15
1784032798.087,static,mid,-0.6,3.18,0.0,0.44,3,3.17,0.25,0.05
1784032798.193,static,metal,4.6,1.07,-0.01,1.39,13,1.04,0.23,-0.01
1784032798.193,unknown,metal,1.6,1.76,0.0,0.49,9,1.74,-0.11,-0.17
1784032798.193,unknown,unknown,2.2,7.67,-0.0,1.42,12,7.4,0.74,1.89
1784032798.193,static,mid,0.8,2.75,0.0,1.06,10,2.73,0.24,0.09
1784032798.193,static,unknown,-1.3,7.94,0.0,0.52,4,7.85,-0.67,0.95
1784032798.193,static,fabric,-2.6,1.69,0.0,1.47,3,1.5,-0.77,0.15
1784032798.193,static,mid,-0.6,3.18,0.0,0.44,3,3.17,0.25,0.05
1784032798.197,static,metal,4.6,1.07,-0.01,1.39,13,1.04,0.23,-0.01
1784032798.197,unknown,metal,1.6,1.76,0.0,0.49,9,1.74,-0.11,-0.17
1784032798.197,unknown,unknown,2.2,7.67,-0.0,1.42,12,7.4,0.74,1.89
1784032798.197,static,mid,0.8,2.75,0.0,1.06,10,2.73,0.24,0.09
1784032798.197,static,unknown,-1.3,7.94,0.0,0.51,4,7.84,-0.7,1.01
1784032798.197,static,fabric,-2.6,1.69,0.0,1.47,3,1.5,-0.77,0.15
1784032798.197,static,mid,-0.6,3.18,0.0,0.44,3,3.17,0.25,0.05
1784032798.301,static,metal,4.6,1.07,-0.01,1.39,13,1.04,0.23,-0.01
1784032798.301,unknown,metal,1.6,1.76,0.0,0.49,9,1.74,-0.11,-0.17
1784032798.301,unknown,unknown,2.2,7.67,-0.0,1.42,12,7.4,0.74,1.89
1784032798.301,static,mid,0.8,2.75,0.0,1.06,10,2.73,0.24,0.09
1784032798.301,static,unknown,-1.3,7.94,0.0,0.51,4,7.83,-0.71,1.05
1784032798.301,static,fabric,-2.6,1.69,0.0,1.47,3,1.5,-0.77,0.15
1784032798.301,static,mid,-0.6,3.18,0.0,0.44,3,3.17,0.25,0.05
1784032798.306,static,metal,4.6,1.07,-0.01,1.39,13,1.04,0.23,-0.01
1784032798.306,unknown,metal,1.6,1.76,0.0,0.49,9,1.74,-0.11,-0.17
1784032798.306,unknown,unknown,2.2,7.67,-0.0,1.42,12,7.4,0.74,1.89
1784032798.306,static,mid,0.8,2.75,0.0,1.06,10,2.73,0.24,0.09
1784032798.306,static,unknown,-1.3,7.94,0.0,0.5,4,7.83,-0.72,1.07
1784032798.306,static,fabric,-2.6,1.69,0.0,1.47,3,1.5,-0.77,0.15
1784032798.306,static,mid,-0.6,3.18,0.0,0.44,3,3.17,0.25,0.05
1784032798.392,static,metal,4.6,1.07,-0.01,1.39,13,1.04,0.23,-0.01
1784032798.392,unknown,metal,1.6,1.76,0.0,0.49,9,1.74,-0.11,-0.17
1784032798.392,unknown,unknown,2.2,7.67,-0.0,1.42,12,7.4,0.74,1.89
1784032798.392,static,mid,0.8,2.75,0.0,1.06,10,2.73,0.24,0.09
1784032798.392,static,unknown,-1.2,7.94,0.0,0.5,4,7.83,-0.73,1.09
1784032798.392,static,fabric,-2.6,1.69,0.0,1.47,3,1.5,-0.77,0.15
1784032798.392,static,mid,-0.6,3.18,0.0,0.44,3,3.17,0.25,0.05
1784032798.396,static,metal,4.6,1.07,-0.01,1.39,13,1.04,0.23,-0.01
1784032798.396,unknown,metal,1.6,1.76,0.0,0.49,9,1.74,-0.11,-0.17
1784032798.396,unknown,unknown,2.2,7.67,-0.0,1.42,12,7.4,0.74,1.89
1784032798.396,static,mid,0.8,2.75,0.0,1.06,10,2.73,0.24,0.09
1784032798.396,static,unknown,-1.2,7.94,0.0,0.49,4,7.83,-0.73,1.09
1784032798.396,static,fabric,-2.6,1.69,0.0,1.47,3,1.5,-0.77,0.15
1784032798.396,static,mid,-0.6,3.18,0.0,0.44,3,3.17,0.25,0.05
1784032798.491,unknown,metal,1.6,1.76,0.0,0.49,9,1.74,-0.11,-0.17
1784032798.491,unknown,unknown,2.2,7.67,-0.0,1.42,12,7.4,0.74,1.89
1784032798.491,static,mid,0.8,2.75,0.0,1.06,10,2.73,0.24,0.09
1784032798.491,static,unknown,-1.2,7.94,0.0,0.49,4,7.83,-0.72,1.12
1784032798.491,static,fabric,-2.6,1.69,0.0,1.47,3,1.5,-0.77,0.15
1784032798.491,static,mid,-0.6,3.18,0.0,0.44,3,3.17,0.25,0.05
1784032798.496,unknown,metal,1.6,1.76,0.0,0.49,9,1.74,-0.11,-0.17
1784032798.496,unknown,unknown,2.2,7.67,-0.0,1.42,12,7.4,0.74,1.89
1784032798.496,static,mid,0.8,2.75,0.0,1.06,10,2.73,0.24,0.09
1784032798.496,static,unknown,-1.2,7.94,0.0,0.48,4,7.82,-0.71,1.13
1784032798.496,static,fabric,-2.6,1.69,0.0,1.47,3,1.5,-0.77,0.15
1784032798.496,static,mid,-0.6,3.18,0.0,0.44,3,3.17,0.25,0.05
1784032798.496,static,fabric,-1.9,1.5,0.0,1.45,3,1.37,-0.61,-0.05
1784032798.601,unknown,metal,1.6,1.76,0.0,0.49,9,1.74,-0.11,-0.17
1784032798.601,unknown,unknown,2.2,7.67,-0.0,1.42,12,7.4,0.74,1.89
1784032798.601,static,mid,0.8,2.75,0.0,1.06,10,2.73,0.24,0.09
1784032798.601,static,unknown,-1.2,7.94,0.0,0.48,4,7.83,-0.7,1.12
1784032798.601,static,fabric,-2.6,1.69,0.0,1.47,3,1.5,-0.77,0.15
1784032798.601,static,mid,-0.6,3.18,0.0,0.44,3,3.17,0.25,0.05
1784032798.601,static,fabric,-1.9,1.49,0.0,1.45,3,1.38,-0.57,-0.09
1784032798.606,unknown,metal,1.6,1.76,0.0,0.49,9,1.74,-0.11,-0.17
1784032798.606,unknown,unknown,2.2,7.67,-0.0,1.42,12,7.4,0.74,1.89
1784032798.606,static,mid,0.8,2.75,0.0,1.06,10,2.73,0.24,0.09
1784032798.606,static,unknown,-1.2,7.94,0.0,0.47,4,7.83,-0.7,1.12
1784032798.606,static,fabric,-2.6,1.69,0.0,1.47,3,1.5,-0.77,0.15
1784032798.606,static,mid,-0.6,3.18,0.0,0.44,3,3.17,0.25,0.05
1784032798.606,static,fabric,-1.9,1.49,0.0,1.46,4,1.38,-0.56,-0.11
1784032798.695,unknown,metal,1.6,1.76,0.0,0.49,9,1.74,-0.11,-0.17
1784032798.695,unknown,unknown,2.2,7.67,-0.0,1.42,12,7.4,0.74,1.89
1784032798.695,static,mid,0.8,2.75,0.0,1.06,10,2.73,0.24,0.09
1784032798.695,static,unknown,-1.2,7.94,0.0,0.46,4,7.83,-0.69,1.12
1784032798.695,static,fabric,-2.6,1.69,0.0,1.47,3,1.5,-0.77,0.15
1784032798.695,static,mid,-0.6,3.18,0.0,0.44,3,3.17,0.25,0.05
1784032798.695,static,fabric,-1.9,1.49,0.0,1.46,4,1.39,-0.55,-0.12
1784032798.7,unknown,metal,1.6,1.76,0.0,0.49,9,1.74,-0.11,-0.17
1784032798.7,unknown,unknown,2.2,7.67,-0.0,1.42,12,7.4,0.74,1.89
1784032798.7,static,mid,0.8,2.75,0.0,1.06,10,2.73,0.24,0.09
1784032798.7,static,unknown,-1.2,7.94,0.0,0.46,4,7.83,-0.69,1.11
1784032798.7,static,fabric,-2.6,1.69,0.0,1.47,3,1.5,-0.77,0.15
1784032798.7,static,mid,-0.6,3.18,0.0,0.44,3,3.17,0.25,0.05
1784032798.7,static,fabric,-1.9,1.5,0.0,1.47,4,1.39,-0.52,-0.14
1784032798.797,unknown,metal,1.6,1.76,0.0,0.49,9,1.74,-0.11,-0.17
1784032798.797,unknown,unknown,2.2,7.67,-0.0,1.42,12,7.4,0.74,1.89
1784032798.797,static,mid,0.8,2.75,0.0,1.06,10,2.73,0.24,0.09
1784032798.797,static,unknown,-1.2,7.94,0.0,0.45,4,7.83,-0.69,1.11
1784032798.797,static,fabric,-2.6,1.69,0.0,1.47,3,1.5,-0.77,0.15
1784032798.797,static,mid,-0.6,3.18,0.0,0.44,3,3.17,0.25,0.05
1784032798.797,static,fabric,-1.9,1.5,0.0,1.47,4,1.4,-0.51,-0.15
1784032798.804,unknown,metal,1.6,1.76,0.0,0.49,9,1.74,-0.11,-0.17
1784032798.804,unknown,unknown,2.2,7.67,-0.0,1.42,12,7.4,0.74,1.89
1784032798.804,static,mid,0.8,2.75,0.0,1.06,10,2.73,0.24,0.09
1784032798.804,static,unknown,-1.1,7.94,0.0,0.45,4,7.83,-0.68,1.11
1784032798.804,static,fabric,-2.6,1.69,0.0,1.47,3,1.5,-0.77,0.15
1784032798.804,static,mid,-0.6,3.18,0.0,0.44,3,3.17,0.25,0.05
1784032798.804,static,fabric,-1.9,1.5,0.0,1.47,4,1.4,-0.5,-0.16
1784032798.905,unknown,metal,1.6,1.76,0.0,0.49,9,1.74,-0.11,-0.17
1784032798.905,unknown,unknown,2.2,7.67,-0.0,1.42,12,7.4,0.74,1.89
1784032798.905,static,mid,0.8,2.75,0.0,1.06,10,2.73,0.24,0.09
1784032798.905,static,unknown,-1.1,7.94,0.0,0.44,4,7.83,-0.7,1.1
1784032798.905,static,fabric,-2.6,1.69,0.0,1.47,3,1.5,-0.77,0.15
1784032798.905,static,mid,-0.6,3.18,0.0,0.44,3,3.17,0.25,0.05
1784032798.905,static,fabric,-1.9,1.53,0.0,1.44,4,1.44,-0.49,-0.17
1784032798.99,unknown,metal,1.6,1.76,0.0,0.49,9,1.74,-0.11,-0.17
1784032798.99,static,unknown,-1.1,7.94,0.0,0.43,4,7.83,-0.71,1.1
1784032798.99,static,fabric,-2.6,1.69,0.0,1.47,3,1.5,-0.77,0.15
1784032798.99,static,mid,-0.6,3.18,0.0,0.44,3,3.17,0.25,0.05
1784032798.99,static,fabric,-1.9,1.54,0.0,1.41,4,1.46,-0.48,-0.16
1784032799.092,unknown,metal,1.6,1.76,0.0,0.49,9,1.74,-0.11,-0.17
1784032799.092,static,unknown,-1.1,7.94,0.0,0.43,4,7.83,-0.71,1.1
1784032799.092,static,fabric,-2.6,1.69,0.0,1.47,3,1.5,-0.77,0.15
1784032799.092,static,mid,-0.6,3.18,0.0,0.44,3,3.17,0.25,0.05
1784032799.092,static,fabric,-1.9,1.55,-0.0,1.41,5,1.45,-0.54,-0.14
1784032799.19,unknown,metal,1.6,1.76,0.0,0.49,9,1.74,-0.11,-0.17
1784032799.19,static,unknown,-1.1,7.94,0.0,0.43,4,7.83,-0.71,1.1
1784032799.19,static,fabric,-2.6,1.69,0.0,1.47,3,1.5,-0.77,0.15
1784032799.19,static,mid,-0.6,3.18,0.0,0.44,3,3.17,0.25,0.05
1784032799.19,static,fabric,-1.9,1.55,-0.0,1.47,5,1.45,-0.54,-0.16
1784032799.26,static,unknown,-1.1,7.94,0.0,0.43,4,7.83,-0.71,1.1
1784032799.26,static,fabric,-2.6,1.69,0.0,1.47,3,1.5,-0.77,0.15
1784032799.26,static,fabric,-1.9,1.55,-0.0,1.53,5,1.46,-0.49,-0.18
1784032799.264,static,unknown,-1.1,7.94,0.0,0.43,4,7.83,-0.71,1.1
1784032799.264,static,fabric,-2.6,1.69,0.0,1.47,3,1.5,-0.77,0.15
1784032799.264,static,fabric,-1.9,1.55,-0.0,1.58,5,1.47,-0.46,-0.19
1784032799.366,static,unknown,-1.1,7.94,0.0,0.43,4,7.83,-0.71,1.1
1784032799.366,static,fabric,-1.9,1.55,-0.0,1.56,6,1.51,-0.3,-0.22
1784032799.366,static,fabric,-0.8,0.44,0.07,0.19,2,0.26,0.35,0.04
1784032799.37,static,unknown,-1.1,7.94,0.0,0.43,4,7.83,-0.71,1.1
1784032799.37,static,fabric,-1.8,1.57,-0.0,1.55,6,1.54,-0.19,-0.23
1784032799.37,static,fabric,-0.8,0.44,0.06,0.2,2,0.27,0.34,0.05
1784032799.449,static,unknown,-1.1,7.94,0.0,0.43,4,7.83,-0.71,1.1
1784032799.449,static,fabric,-1.8,1.57,-0.0,1.55,6,1.54,-0.19,-0.23
1784032799.449,static,fabric,-0.8,0.78,0.03,0.38,3,0.74,0.25,-0.05
1784032799.453,static,unknown,-1.1,7.94,0.0,0.43,4,7.83,-0.71,1.1
1784032799.453,static,fabric,-1.8,1.57,-0.0,1.55,6,1.54,-0.19,-0.23
1784032799.453,unknown,fabric,-0.8,1.07,0.02,0.52,4,1.05,0.19,-0.12
1784032799.453,static,fabric,-1.9,1.94,-0.04,0.18,2,1.08,-1.61,-0.03
1784032799.56,static,unknown,-1.1,7.94,0.0,0.43,4,7.83,-0.71,1.1
1784032799.56,static,fabric,-1.8,1.57,-0.0,1.55,6,1.54,-0.19,-0.23
1784032799.56,unknown,fabric,-0.8,1.07,0.02,0.52,4,1.05,0.19,-0.12
1784032799.56,static,fabric,-1.9,1.94,-0.03,0.16,2,1.07,-1.62,0.01
1784032799.563,static,unknown,-1.1,7.94,0.0,0.43,4,7.83,-0.71,1.1
1784032799.563,static,fabric,-1.8,1.57,-0.0,1.55,6,1.54,-0.19,-0.23
1784032799.563,unknown,fabric,-0.8,1.07,0.02,0.52,4,1.05,0.19,-0.12
1784032799.563,static,fabric,-1.9,1.94,-0.03,0.15,2,1.06,-1.63,0.03
1784032799.623,static,unknown,-1.1,7.94,0.0,0.43,4,7.83,-0.71,1.1
1784032799.623,static,fabric,-1.8,1.57,-0.0,1.55,6,1.54,-0.19,-0.23
1784032799.623,unknown,fabric,-0.8,1.07,0.02,0.52,4,1.05,0.19,-0.12
1784032799.623,static,fabric,-1.9,1.94,-0.03,0.15,2,1.06,-1.63,0.03
1784032799.628,static,unknown,-1.1,7.94,0.0,0.43,4,7.83,-0.71,1.1
1784032799.628,static,fabric,-1.8,1.57,-0.0,1.55,6,1.54,-0.19,-0.23
1784032799.628,unknown,fabric,-0.8,1.07,0.02,0.52,4,1.05,0.19,-0.12
1784032799.628,static,fabric,-1.9,1.94,-0.03,0.15,2,1.06,-1.63,0.03
1784032799.628,static,fabric,-0.9,1.65,0.0,1.42,9,1.62,0.12,-0.29
1784032799.702,static,unknown,-1.1,7.94,0.0,0.43,4,7.83,-0.71,1.1
1784032799.702,static,fabric,-1.8,1.57,-0.0,1.55,6,1.54,-0.19,-0.23
1784032799.702,unknown,fabric,-0.8,1.07,0.02,0.52,4,1.05,0.19,-0.12
1784032799.702,static,fabric,-1.9,1.94,-0.03,0.15,2,1.06,-1.63,0.03
1784032799.702,static,fabric,-0.9,1.65,0.0,1.43,9,1.62,0.12,-0.29
1784032799.705,static,unknown,-1.1,7.94,0.0,0.43,4,7.83,-0.71,1.1
1784032799.705,static,fabric,-1.8,1.57,-0.0,1.55,6,1.54,-0.19,-0.23
1784032799.705,unknown,fabric,-0.8,1.07,0.02,0.52,4,1.05,0.19,-0.12
1784032799.705,static,fabric,-1.9,1.94,-0.03,0.15,2,1.06,-1.63,0.03
1784032799.705,static,fabric,-0.9,1.65,0.0,1.44,9,1.62,0.12,-0.29
1784032799.705,static,fabric,-1.5,0.51,0.0,0.26,2,0.36,0.35,0.11
1784032799.788,static,unknown,-1.1,7.94,0.0,0.43,4,7.83,-0.71,1.1
1784032799.788,static,fabric,-1.8,1.57,-0.0,1.55,6,1.54,-0.19,-0.23
1784032799.788,unknown,fabric,-0.8,1.07,0.02,0.52,4,1.05,0.19,-0.12
1784032799.788,static,fabric,-1.9,1.94,-0.03,0.15,2,1.06,-1.63,0.03
1784032799.788,static,fabric,-0.9,1.65,0.0,1.44,9,1.62,0.09,-0.29
1784032799.788,static,fabric,-1.5,0.51,0.0,0.26,2,0.36,0.35,0.11
1784032799.795,static,unknown,-1.1,7.94,0.0,0.43,4,7.83,-0.71,1.1
1784032799.795,static,fabric,-1.8,1.57,-0.0,1.55,6,1.54,-0.19,-0.23
1784032799.795,unknown,fabric,-0.8,1.07,0.02,0.52,4,1.05,0.19,-0.12
1784032799.795,static,fabric,-1.9,1.94,-0.03,0.15,2,1.06,-1.63,0.03
1784032799.795,static,fabric,-0.9,1.64,0.0,1.45,9,1.61,0.07,-0.28
1784032799.795,static,fabric,-1.5,0.51,0.0,0.26,2,0.36,0.35,0.11
1784032799.88,static,unknown,-1.1,7.94,0.0,0.43,4,7.83,-0.71,1.1
1784032799.88,static,fabric,-1.8,1.57,-0.0,1.55,6,1.54,-0.19,-0.23
1784032799.88,unknown,fabric,-0.8,1.07,0.02,0.52,4,1.05,0.19,-0.12
1784032799.88,static,fabric,-1.9,1.94,-0.03,0.15,2,1.06,-1.63,0.03
1784032799.88,static,fabric,-0.9,1.64,0.0,1.45,9,1.61,0.06,-0.28
1784032799.88,static,fabric,-1.5,0.51,0.0,0.26,2,0.36,0.35,0.11
1784032799.888,static,unknown,-1.1,7.94,0.0,0.43,4,7.83,-0.71,1.1
1784032799.888,static,fabric,-1.8,1.57,-0.0,1.55,6,1.54,-0.19,-0.23
1784032799.888,unknown,fabric,-0.8,1.07,0.02,0.52,4,1.05,0.19,-0.12
1784032799.888,static,fabric,-1.9,1.94,-0.03,0.15,2,1.06,-1.63,0.03
1784032799.888,static,fabric,-0.9,1.64,0.0,1.45,9,1.61,0.05,-0.28
1784032799.888,static,fabric,-1.5,0.51,0.0,0.26,2,0.36,0.35,0.11
1784032799.888,static,fabric,-2.2,1.97,0.0,0.03,2,1.05,-1.66,0.1
1784032799.888,static,fabric,2.8,3.18,0.0,0.28,2,3.01,1.03,0.1
1784032799.945,static,unknown,-1.1,7.94,0.0,0.43,4,7.83,-0.71,1.1
1784032799.945,static,fabric,-1.8,1.57,-0.0,1.55,6,1.54,-0.19,-0.23
1784032799.945,unknown,fabric,-0.8,1.07,0.02,0.52,4,1.05,0.19,-0.12
1784032799.945,static,fabric,-1.9,1.94,-0.03,0.15,2,1.06,-1.63,0.03
1784032799.945,static,fabric,-0.4,1.64,0.0,1.43,9,1.61,0.05,-0.3
1784032799.945,static,fabric,-1.5,0.51,0.0,0.26,2,0.36,0.35,0.11
1784032799.945,static,fabric,-2.2,1.97,0.0,0.03,2,1.05,-1.66,0.1
1784032799.945,static,fabric,2.8,3.18,0.0,0.3,3,3.0,1.05,0.12
1784032799.95,static,unknown,-1.1,7.94,0.0,0.43,4,7.83,-0.71,1.1
1784032799.95,static,fabric,-1.8,1.57,-0.0,1.55,6,1.54,-0.19,-0.23
1784032799.95,unknown,fabric,-0.8,1.07,0.02,0.52,4,1.05,0.19,-0.12
1784032799.95,static,fabric,-1.9,1.94,-0.03,0.15,2,1.06,-1.63,0.03
1784032799.95,static,fabric,-0.4,1.64,0.0,1.42,8,1.61,0.05,-0.32
1784032799.95,static,fabric,-1.5,0.51,0.0,0.26,2,0.36,0.35,0.11
1784032799.95,static,fabric,-2.2,1.97,0.0,0.03,2,1.05,-1.66,0.1
1784032799.95,static,fabric,2.8,3.18,0.0,0.31,3,3.0,1.06,0.13
1784032800.042,static,unknown,-1.1,7.94,0.0,0.43,4,7.83,-0.71,1.1
1784032800.042,static,fabric,-1.8,1.57,-0.0,1.55,6,1.54,-0.19,-0.23
1784032800.042,unknown,fabric,-0.8,1.07,0.02,0.52,4,1.05,0.19,-0.12
1784032800.042,static,fabric,-1.9,1.94,-0.03,0.15,2,1.06,-1.63,0.03
1784032800.042,static,fabric,-0.4,1.64,0.0,1.41,9,1.61,0.06,-0.32
1784032800.042,static,fabric,-1.5,0.51,0.0,0.26,2,0.36,0.35,0.11
1784032800.042,static,fabric,-2.2,1.97,0.0,0.03,2,1.05,-1.66,0.1
1784032800.042,static,fabric,2.8,3.18,0.0,0.32,3,3.0,1.06,0.15
1784032800.046,static,unknown,-1.1,7.94,0.0,0.43,4,7.83,-0.71,1.1
1784032800.046,static,fabric,-1.8,1.57,-0.0,1.55,6,1.54,-0.19,-0.23
1784032800.046,unknown,fabric,-0.8,1.07,0.02,0.52,4,1.05,0.19,-0.12
1784032800.046,static,fabric,-1.9,1.94,-0.03,0.15,2,1.06,-1.63,0.03
1784032800.046,static,fabric,-0.4,1.64,0.0,1.4,9,1.61,0.07,-0.32
1784032800.046,static,fabric,-1.5,0.51,0.0,0.26,2,0.36,0.35,0.11
1784032800.046,static,fabric,-2.2,1.97,0.0,0.03,2,1.05,-1.66,0.1
1784032800.046,static,fabric,2.8,3.18,0.0,0.33,4,2.99,1.06,0.15
1784032800.046,static,unknown,-0.5,7.67,0.0,0.06,2,7.08,2.88,0.69
1784032800.124,static,unknown,-1.1,7.94,0.0,0.43,4,7.83,-0.71,1.1
1784032800.124,static,fabric,-1.8,1.57,-0.0,1.55,6,1.54,-0.19,-0.23
1784032800.124,unknown,fabric,-0.8,1.07,0.02,0.52,4,1.05,0.19,-0.12
1784032800.124,static,fabric,-1.9,1.94,-0.03,0.15,2,1.06,-1.63,0.03
1784032800.124,static,fabric,-0.4,1.65,0.0,1.39,9,1.61,0.07,-0.31
1784032800.124,static,fabric,-1.5,0.51,0.0,0.26,2,0.36,0.35,0.11
1784032800.124,static,fabric,-2.2,1.97,0.0,0.03,2,1.05,-1.66,0.1
1784032800.124,static,fabric,2.8,3.18,0.0,0.32,4,2.99,1.08,0.17
1784032800.124,static,unknown,-0.5,7.68,0.0,0.07,3,7.08,2.88,0.7
1784032800.131,static,unknown,-1.1,7.94,0.0,0.43,4,7.83,-0.71,1.1
1784032800.131,static,fabric,-1.8,1.57,-0.0,1.55,6,1.54,-0.19,-0.23
1784032800.131,unknown,fabric,-0.8,1.07,0.02,0.52,4,1.05,0.19,-0.12
1784032800.131,static,fabric,-1.9,1.94,-0.03,0.15,2,1.06,-1.63,0.03
1784032800.131,static,fabric,-0.6,1.65,0.0,1.38,9,1.62,0.08,-0.3
1784032800.131,static,fabric,-1.5,0.51,0.0,0.26,2,0.36,0.35,0.11
1784032800.131,static,fabric,-2.2,1.97,0.0,0.03,2,1.05,-1.66,0.1
1784032800.131,static,fabric,2.8,3.18,0.0,0.31,4,2.99,1.09,0.18
1784032800.131,static,unknown,-0.5,7.68,0.0,0.07,3,7.08,2.88,0.7
1784032800.222,static,unknown,-1.1,7.94,0.0,0.43,4,7.83,-0.71,1.1
1784032800.222,static,fabric,-1.8,1.57,-0.0,1.55,6,1.54,-0.19,-0.23
1784032800.222,unknown,fabric,-0.8,1.07,0.02,0.52,4,1.05,0.19,-0.12
1784032800.222,static,fabric,-1.9,1.94,-0.03,0.15,2,1.06,-1.63,0.03
1784032800.222,static,fabric,-0.6,1.65,0.0,1.37,9,1.62,0.1,-0.3
1784032800.222,static,fabric,-1.5,0.51,0.0,0.26,2,0.36,0.35,0.11
1784032800.222,static,fabric,-2.2,1.97,0.0,0.03,2,1.05,-1.66,0.1
1784032800.222,static,fabric,2.8,3.18,0.0,0.29,4,2.98,1.1,0.19
1784032800.222,static,unknown,-0.5,7.68,0.0,0.08,3,7.08,2.88,0.7
1784032800.228,static,unknown,-1.1,7.94,0.0,0.43,4,7.83,-0.71,1.1
1784032800.228,static,fabric,-1.8,1.57,-0.0,1.55,6,1.54,-0.19,-0.23
1784032800.228,unknown,fabric,-0.8,1.07,0.02,0.52,4,1.05,0.19,-0.12
1784032800.228,static,fabric,-1.9,1.94,-0.03,0.15,2,1.06,-1.63,0.03
1784032800.228,static,fabric,-0.6,1.65,0.0,1.36,9,1.62,0.11,-0.29
1784032800.228,static,fabric,-1.5,0.51,0.0,0.26,2,0.36,0.35,0.11
1784032800.228,static,fabric,-2.2,1.97,0.0,0.03,2,1.05,-1.66,0.1
1784032800.228,static,fabric,2.8,3.18,0.0,0.28,4,2.98,1.1,0.19
1784032800.228,static,unknown,-0.5,7.68,0.0,0.08,3,7.08,2.88,0.71
1784032800.301,static,unknown,-1.1,7.94,0.0,0.43,4,7.83,-0.71,1.1
1784032800.301,static,fabric,-1.8,1.57,-0.0,1.55,6,1.54,-0.19,-0.23
1784032800.301,unknown,fabric,-0.8,1.07,0.02,0.52,4,1.05,0.19,-0.12
1784032800.301,static,fabric,-1.9,1.94,-0.03,0.15,2,1.06,-1.63,0.03
1784032800.301,static,fabric,-0.9,1.66,0.0,1.36,9,1.63,0.12,-0.29
1784032800.301,static,fabric,-1.5,0.51,0.0,0.26,2,0.36,0.35,0.11
1784032800.301,static,fabric,-2.2,1.97,0.0,0.03,2,1.05,-1.66,0.1
1784032800.301,static,fabric,2.8,3.18,0.0,0.28,4,2.98,1.11,0.2
1784032800.301,static,unknown,-0.5,7.68,0.0,0.09,3,7.08,2.88,0.71
1784032800.305,static,unknown,-1.1,7.94,0.0,0.43,4,7.83,-0.71,1.1
1784032800.305,static,fabric,-1.8,1.57,-0.0,1.55,6,1.54,-0.19,-0.23
1784032800.305,unknown,fabric,-0.8,1.07,0.02,0.52,4,1.05,0.19,-0.12
1784032800.305,static,fabric,-1.9,1.94,-0.03,0.15,2,1.06,-1.63,0.03
1784032800.305,static,fabric,-0.9,1.66,0.0,1.35,9,1.63,0.12,-0.29
1784032800.305,static,fabric,-1.5,0.51,0.0,0.26,2,0.36,0.35,0.11
1784032800.305,static,fabric,-2.2,1.97,0.0,0.03,2,1.05,-1.66,0.1
1784032800.305,static,fabric,2.8,3.19,0.0,0.27,4,2.98,1.11,0.2
1784032800.305,static,unknown,-0.5,7.68,0.0,0.09,3,7.08,2.88,0.71
1784032800.411,static,unknown,-1.1,7.94,0.0,0.43,4,7.83,-0.71,1.1
1784032800.411,static,fabric,-1.8,1.57,-0.0,1.55,6,1.54,-0.19,-0.23
1784032800.411,unknown,fabric,-0.8,1.07,0.02,0.52,4,1.05,0.19,-0.12
1784032800.411,static,fabric,-1.9,1.94,-0.03,0.15,2,1.06,-1.63,0.03
1784032800.411,static,fabric,-0.9,1.65,0.0,1.35,9,1.62,0.09,-0.29
1784032800.411,static,fabric,-1.5,0.51,0.0,0.26,2,0.36,0.35,0.11
1784032800.411,static,fabric,-2.2,1.97,0.0,0.03,2,1.05,-1.66,0.1
1784032800.411,static,fabric,2.8,3.18,0.0,0.29,4,2.99,1.08,0.17
1784032800.411,static,unknown,-0.5,7.68,0.0,0.09,3,7.08,2.88,0.72
1784032800.416,static,unknown,-1.1,7.94,0.0,0.43,4,7.83,-0.71,1.1
1784032800.416,static,fabric,-1.8,1.57,-0.0,1.55,6,1.54,-0.19,-0.23
1784032800.416,unknown,fabric,-0.8,1.07,0.02,0.52,4,1.05,0.19,-0.12
1784032800.416,static,fabric,-1.9,1.94,-0.03,0.15,2,1.06,-1.63,0.03
1784032800.416,static,fabric,-0.9,1.64,0.0,1.34,9,1.61,0.07,-0.29
1784032800.416,static,fabric,-1.5,0.51,0.0,0.26,2,0.36,0.35,0.11
1784032800.416,static,fabric,-2.2,1.97,0.0,0.03,2,1.05,-1.66,0.1
1784032800.416,static,fabric,2.8,3.18,0.0,0.3,4,2.99,1.07,0.16
1784032800.416,static,unknown,-0.5,7.68,0.0,0.09,3,7.08,2.88,0.72
1784032800.507,static,fabric,-1.8,1.57,-0.0,1.55,6,1.54,-0.19,-0.23
1784032800.507,unknown,fabric,-0.8,1.07,0.02,0.52,4,1.05,0.19,-0.12
1784032800.507,static,fabric,-1.9,1.94,-0.03,0.15,2,1.06,-1.63,0.03
1784032800.507,static,fabric,-0.9,1.63,0.0,1.34,9,1.6,0.04,-0.3
1784032800.507,static,fabric,-1.5,0.51,0.0,0.26,2,0.36,0.35,0.11
1784032800.507,static,fabric,-2.2,1.97,0.0,0.04,2,1.05,-1.66,0.12
1784032800.507,static,fabric,2.8,3.18,0.0,0.31,4,3.0,1.05,0.13
1784032800.507,static,unknown,-0.5,7.68,0.0,0.09,3,7.08,2.88,0.72
1784032800.511,static,fabric,-1.8,1.57,-0.0,1.55,6,1.54,-0.19,-0.23
1784032800.511,unknown,fabric,-0.8,1.07,0.02,0.52,4,1.05,0.19,-0.12
1784032800.511,static,fabric,-1.9,1.94,-0.03,0.15,2,1.06,-1.63,0.03
1784032800.511,static,fabric,-0.9,1.63,0.0,1.34,9,1.6,0.01,-0.3
1784032800.511,static,fabric,-1.5,0.51,0.0,0.26,2,0.36,0.35,0.11
1784032800.511,static,fabric,-2.2,1.97,0.0,0.04,2,1.04,-1.66,0.14
1784032800.511,static,fabric,2.8,3.18,0.0,0.32,4,3.0,1.04,0.12
1784032800.511,static,unknown,-0.5,7.68,0.0,0.09,3,7.08,2.88,0.73
1784032800.612,static,fabric,-1.8,1.57,-0.0,1.55,6,1.54,-0.19,-0.23
1784032800.612,unknown,fabric,-0.8,1.07,0.02,0.52,4,1.05,0.19,-0.12
1784032800.612,static,fabric,-1.9,1.94,-0.03,0.15,2,1.06,-1.63,0.03
1784032800.612,static,fabric,-0.9,1.62,0.0,1.33,9,1.59,-0.03,-0.31
1784032800.612,static,fabric,-1.5,0.51,0.0,0.26,2,0.36,0.35,0.11
1784032800.612,static,fabric,-2.2,1.97,0.0,0.04,2,1.04,-1.66,0.15
1784032800.612,static,fabric,2.8,3.18,0.0,0.33,4,3.01,1.03,0.09
1784032800.612,static,unknown,-0.5,7.68,0.0,0.09,3,7.08,2.88,0.73
1784032800.616,static,fabric,-1.8,1.57,-0.0,1.55,6,1.54,-0.19,-0.23
1784032800.616,unknown,fabric,-0.8,1.07,0.02,0.52,4,1.05,0.19,-0.12
1784032800.616,static,fabric,-1.9,1.94,-0.03,0.15,2,1.06,-1.63,0.03
1784032800.616,static,fabric,-0.6,1.61,0.0,1.33,9,1.58,-0.05,-0.32
1784032800.616,static,fabric,-1.5,0.51,0.0,0.26,2,0.36,0.35,0.11
1784032800.616,static,fabric,-2.2,1.97,0.0,0.04,2,1.04,-1.66,0.16
1784032800.616,static,fabric,2.8,3.18,0.0,0.34,4,3.01,1.02,0.08
1784032800.616,static,unknown,-0.5,7.68,0.0,0.09,3,7.08,2.88,0.73
1784032800.713,static,fabric,-1.8,1.57,-0.0,1.55,6,1.54,-0.19,-0.23
1784032800.713,unknown,fabric,-0.8,1.07,0.02,0.52,4,1.05,0.19,-0.12
1784032800.713,static,fabric,-1.9,1.94,-0.03,0.15,2,1.06,-1.63,0.03
1784032800.713,static,fabric,-0.6,1.61,0.0,1.32,9,1.57,-0.11,-0.32
1784032800.713,static,fabric,-1.5,0.51,0.0,0.26,2,0.36,0.35,0.11
1784032800.713,static,fabric,-2.2,1.97,0.0,0.04,2,1.04,-1.66,0.16
1784032800.713,static,fabric,2.8,3.18,0.0,0.34,4,3.02,0.99,0.04
1784032800.713,static,unknown,-0.5,7.68,0.0,0.09,3,7.08,2.88,0.73
1784032800.716,static,fabric,-1.8,1.57,-0.0,1.55,6,1.54,-0.19,-0.23
1784032800.716,unknown,fabric,-0.8,1.07,0.02,0.52,4,1.05,0.19,-0.12
1784032800.716,static,fabric,-1.9,1.94,-0.03,0.15,2,1.06,-1.63,0.03
1784032800.716,static,fabric,-0.6,1.6,0.0,1.32,9,1.56,-0.14,-0.33
1784032800.716,static,fabric,-1.5,0.51,0.0,0.26,2,0.36,0.35,0.11
1784032800.716,static,fabric,-2.2,1.97,0.0,0.04,2,1.04,-1.66,0.16
1784032800.716,static,fabric,2.8,3.18,0.0,0.34,4,3.02,0.98,0.02
1784032800.716,static,unknown,-0.5,7.68,0.0,0.09,3,7.08,2.88,0.73
1784032800.805,static,fabric,-1.8,1.57,-0.0,1.55,6,1.54,-0.19,-0.23
1784032800.805,unknown,fabric,-0.8,1.07,0.02,0.52,4,1.05,0.19,-0.12
1784032800.805,static,fabric,-1.9,1.94,-0.03,0.15,2,1.06,-1.63,0.03
1784032800.805,static,fabric,-0.6,1.6,0.0,1.28,9,1.54,-0.22,-0.34
1784032800.805,static,fabric,-1.5,0.51,0.0,0.26,2,0.36,0.35,0.11
1784032800.805,static,fabric,-2.2,1.97,0.0,0.05,2,1.04,-1.66,0.17
1784032800.805,static,fabric,2.8,3.18,0.0,0.34,4,3.02,0.98,0.02
1784032800.805,static,unknown,-0.5,7.68,0.0,0.09,3,7.08,2.88,0.73
1784032800.809,static,fabric,-1.8,1.57,-0.0,1.55,6,1.54,-0.19,-0.23
1784032800.809,unknown,fabric,-0.8,1.07,0.02,0.52,4,1.05,0.19,-0.12
1784032800.809,static,fabric,-1.9,1.94,-0.03,0.15,2,1.06,-1.63,0.03
1784032800.809,static,fabric,-0.6,1.59,0.0,1.25,9,1.53,-0.27,-0.34
1784032800.809,static,fabric,-1.5,0.51,0.0,0.26,2,0.36,0.35,0.11
1784032800.809,static,fabric,-2.2,1.97,0.0,0.05,2,1.04,-1.66,0.17
1784032800.809,static,fabric,2.8,3.18,0.0,0.34,4,3.02,0.98,0.02
1784032800.809,static,unknown,-0.5,7.68,0.0,0.09,3,7.08,2.88,0.73
1784032800.9,unknown,fabric,-0.8,1.07,0.02,0.52,4,1.05,0.19,-0.12
1784032800.9,static,fabric,-1.9,1.94,-0.03,0.15,2,1.06,-1.63,0.03
1784032800.9,static,fabric,-0.6,1.59,0.0,1.25,9,1.53,-0.27,-0.34
1784032800.9,static,fabric,-1.5,0.82,0.0,0.45,3,0.79,0.21,0.02
1784032800.9,static,fabric,-2.2,1.96,0.0,0.06,2,1.04,-1.65,0.13
1784032800.9,static,fabric,2.8,3.18,0.0,0.34,4,3.02,0.98,0.02
1784032800.9,static,unknown,-0.5,7.68,0.0,0.09,3,7.08,2.88,0.73
1784032800.904,unknown,fabric,-0.8,1.07,0.02,0.52,4,1.05,0.19,-0.12
1784032800.904,static,fabric,-1.9,1.94,-0.03,0.15,2,1.06,-1.63,0.03
1784032800.904,static,fabric,-0.6,1.59,0.0,1.25,9,1.53,-0.27,-0.34
1784032800.904,unknown,fabric,-1.0,1.08,0.0,0.6,3,1.07,0.11,-0.03
1784032800.904,static,fabric,-2.2,1.95,0.0,0.06,2,1.04,-1.65,0.1
1784032800.904,static,fabric,2.8,3.18,0.0,0.34,4,3.02,0.98,0.02
1784032800.904,static,unknown,-0.5,7.68,0.0,0.09,3,7.08,2.88,0.73
1784032801.016,static,fabric,-1.9,1.94,-0.03,0.15,2,1.06,-1.63,0.03
1784032801.016,static,fabric,-0.6,1.59,0.0,1.25,9,1.53,-0.27,-0.34
1784032801.016,unknown,fabric,-1.0,1.08,0.0,0.6,3,1.07,0.11,-0.03
1784032801.016,static,fabric,-2.2,1.94,0.0,0.06,2,1.05,-1.63,0.05
1784032801.016,static,fabric,2.8,3.18,0.0,0.34,4,3.02,0.98,0.02
1784032801.016,static,unknown,-0.5,7.68,0.0,0.09,3,7.08,2.88,0.73
1784032801.021,static,fabric,-1.9,1.94,-0.03,0.15,2,1.06,-1.63,0.03
1784032801.021,static,fabric,-0.6,1.59,0.0,1.25,9,1.53,-0.27,-0.34
1784032801.021,unknown,fabric,-1.0,1.08,0.0,0.6,3,1.07,0.11,-0.03
1784032801.021,static,fabric,-2.2,1.93,0.0,0.06,2,1.06,-1.61,0.02
1784032801.021,static,fabric,2.8,3.18,0.0,0.34,4,3.02,0.98,0.02
1784032801.021,static,unknown,-0.5,7.68,0.0,0.09,3,7.08,2.88,0.73
1784032801.106,static,fabric,-0.6,1.59,0.0,1.25,9,1.53,-0.27,-0.34
1784032801.106,unknown,fabric,-1.0,1.08,0.0,0.6,3,1.07,0.11,-0.03
1784032801.106,static,fabric,-2.2,1.93,0.0,0.06,2,1.07,-1.6,-0.0
1784032801.106,static,fabric,2.8,3.18,0.0,0.34,4,3.02,0.98,0.02
1784032801.106,static,unknown,-0.5,7.68,0.0,0.09,3,7.08,2.88,0.73
1784032801.111,static,fabric,-0.6,1.59,0.0,1.25,9,1.53,-0.27,-0.34
1784032801.111,unknown,fabric,-1.0,1.08,0.0,0.6,3,1.07,0.11,-0.03
1784032801.111,static,fabric,-1.8,1.92,0.0,0.06,2,1.08,-1.59,-0.02
1784032801.111,static,fabric,2.8,3.18,0.0,0.34,4,3.02,0.98,0.02
1784032801.111,static,unknown,-0.5,7.68,0.0,0.09,3,7.08,2.88,0.73
1784032801.111,static,fabric,0.3,1.63,0.0,1.6,8,1.62,0.09,-0.16
1784032801.205,static,fabric,-0.6,1.59,0.0,1.25,9,1.53,-0.27,-0.34
1784032801.205,unknown,fabric,-1.0,1.08,0.0,0.6,3,1.07,0.11,-0.03
1784032801.205,static,fabric,-1.8,1.92,0.0,0.06,2,1.08,-1.59,-0.02
1784032801.205,static,fabric,2.8,3.18,0.0,0.34,4,3.02,0.98,0.02
1784032801.205,static,unknown,-0.5,7.68,0.0,0.09,3,7.08,2.88,0.73
1784032801.205,static,fabric,0.3,1.64,0.0,1.59,9,1.63,0.12,-0.17
1784032801.21,static,fabric,-0.6,1.59,0.0,1.25,9,1.53,-0.27,-0.34
1784032801.21,unknown,fabric,-1.0,1.08,0.0,0.6,3,1.07,0.11,-0.03
1784032801.21,static,fabric,-1.7,1.92,0.0,0.06,2,1.08,-1.59,-0.03
1784032801.21,static,fabric,2.8,3.18,0.0,0.34,4,3.02,0.98,0.02
1784032801.21,static,unknown,-0.5,7.68,0.0,0.09,3,7.08,2.88,0.73
1784032801.21,static,fabric,0.3,1.65,0.0,1.58,9,1.63,0.14,-0.17
1784032801.21,static,fabric,-2.4,0.52,0.0,0.39,3,0.36,0.37,0.05
1784032801.292,static,fabric,-0.6,1.59,0.0,1.25,9,1.53,-0.27,-0.34
1784032801.292,unknown,fabric,-1.0,1.08,0.0,0.6,3,1.07,0.11,-0.03
1784032801.292,static,fabric,-1.7,1.92,0.0,0.07,2,1.08,-1.59,-0.01
1784032801.292,static,fabric,2.8,3.18,0.0,0.34,4,3.02,0.98,0.02
1784032801.292,static,unknown,-0.5,7.68,0.0,0.09,3,7.08,2.88,0.73
1784032801.292,static,fabric,0.3,1.65,0.0,1.51,9,1.63,0.13,-0.21
1784032801.292,static,fabric,-2.4,0.52,0.0,0.4,3,0.36,0.37,0.05
1784032801.3,static,fabric,-0.6,1.59,0.0,1.25,9,1.53,-0.27,-0.34
1784032801.3,unknown,fabric,-1.0,1.08,0.0,0.6,3,1.07,0.11,-0.03
1784032801.3,static,fabric,-1.7,1.93,0.0,0.08,2,1.08,-1.59,-0.0
1784032801.3,static,fabric,2.8,3.18,0.0,0.34,4,3.02,0.98,0.02
1784032801.3,static,unknown,-0.5,7.68,0.0,0.09,3,7.08,2.88,0.73
1784032801.3,static,fabric,0.3,1.66,0.0,1.45,9,1.64,0.13,-0.24
1784032801.3,static,fabric,-2.4,0.52,0.0,0.4,3,0.36,0.37,0.05
1784032801.38,static,fabric,-0.6,1.59,0.0,1.25,9,1.53,-0.27,-0.34
1784032801.38,unknown,fabric,-1.0,1.08,0.0,0.6,3,1.07,0.11,-0.03
1784032801.38,static,fabric,-1.8,1.93,0.0,0.09,2,1.09,-1.59,0.02
1784032801.38,static,fabric,2.8,3.18,0.0,0.34,4,3.02,0.98,0.02
1784032801.38,static,unknown,-0.5,7.68,0.0,0.09,3,7.08,2.88,0.73
1784032801.38,static,fabric,0.3,1.64,0.0,1.44,9,1.62,0.09,-0.25
1784032801.38,static,fabric,-2.4,0.52,0.0,0.4,3,0.36,0.37,0.05
1784032801.384,static,fabric,-0.6,1.59,0.0,1.25,9,1.53,-0.27,-0.34
1784032801.384,unknown,fabric,-1.0,1.08,0.0,0.6,3,1.07,0.11,-0.03
1784032801.384,static,fabric,-1.8,1.93,0.0,0.1,2,1.09,-1.59,0.04
1784032801.384,static,fabric,2.8,3.18,0.0,0.34,4,3.02,0.98,0.02
1784032801.384,static,unknown,-0.5,7.68,0.0,0.09,3,7.08,2.88,0.73
1784032801.384,static,fabric,0.3,1.64,0.0,1.43,9,1.62,0.06,-0.25
1784032801.384,static,fabric,-2.4,0.52,0.0,0.4,4,0.36,0.37,0.05
1784032801.459,static,fabric,-0.6,1.59,0.0,1.25,9,1.53,-0.27,-0.34
1784032801.459,unknown,fabric,-1.0,1.08,0.0,0.6,3,1.07,0.11,-0.03
1784032801.459,static,fabric,-1.8,1.94,0.0,0.1,3,1.09,-1.6,0.08
1784032801.459,static,fabric,2.8,3.18,0.0,0.34,4,3.02,0.98,0.02
1784032801.459,static,unknown,-0.5,7.68,0.0,0.09,3,7.08,2.88,0.73
1784032801.459,static,fabric,0.3,1.62,0.0,1.42,9,1.6,0.0,-0.23
1784032801.459,static,fabric,-3.2,0.51,0.0,0.4,4,0.35,0.37,0.06
1784032801.466,static,fabric,-0.6,1.59,0.0,1.25,9,1.53,-0.27,-0.34
1784032801.466,unknown,fabric,-1.0,1.08,0.0,0.6,3,1.07,0.11,-0.03
1784032801.466,static,fabric,-1.8,1.94,0.0,0.11,3,1.09,-1.61,0.1
1784032801.466,static,fabric,2.8,3.18,0.0,0.34,4,3.02,0.98,0.02
1784032801.466,static,unknown,-0.5,7.68,0.0,0.09,3,7.08,2.88,0.73
1784032801.466,static,fabric,0.3,1.6,0.0,1.41,9,1.59,-0.03,-0.22
1784032801.466,static,fabric,-3.2,0.5,0.0,0.4,4,0.34,0.36,0.07
1784032801.541,static,fabric,-0.6,1.59,0.0,1.25,9,1.53,-0.27,-0.34
1784032801.541,unknown,fabric,-1.0,1.08,0.0,0.6,3,1.07,0.11,-0.03
1784032801.541,static,fabric,-1.8,1.95,0.0,0.11,3,1.08,-1.62,0.13
1784032801.541,static,fabric,2.8,3.18,0.0,0.34,4,3.02,0.98,0.02
1784032801.541,static,unknown,-0.5,7.68,0.0,0.09,3,7.08,2.88,0.73
1784032801.541,static,fabric,0.3,1.59,0.0,1.42,9,1.58,-0.07,-0.21
1784032801.541,static,fabric,-3.2,0.51,0.0,0.42,4,0.34,0.37,0.04
1784032801.549,static,fabric,-0.6,1.59,0.0,1.25,9,1.53,-0.27,-0.34
1784032801.549,unknown,fabric,-1.0,1.08,0.0,0.6,3,1.07,0.11,-0.03
1784032801.549,static,fabric,-1.8,1.96,0.0,0.11,3,1.08,-1.63,0.15
1784032801.549,static,fabric,2.8,3.18,0.0,0.34,4,3.02,0.98,0.02
1784032801.549,static,unknown,-0.5,7.68,0.0,0.09,3,7.08,2.88,0.73
1784032801.549,static,fabric,0.3,1.58,0.0,1.43,9,1.57,-0.1,-0.2
1784032801.549,static,fabric,-3.2,0.51,0.0,0.43,4,0.34,0.38,0.02
1784032801.645,static,fabric,-0.6,1.59,0.0,1.25,9,1.53,-0.27,-0.34
1784032801.645,unknown,fabric,-1.0,1.08,0.0,0.6,3,1.07,0.11,-0.03
1784032801.645,static,fabric,-1.8,1.96,0.0,0.11,3,1.08,-1.63,0.15
1784032801.645,static,fabric,2.8,3.18,0.0,0.34,4,3.02,0.98,0.02
1784032801.645,static,unknown,-0.5,7.68,0.0,0.09,3,7.08,2.88,0.73
1784032801.645,static,fabric,0.1,1.55,0.0,1.51,10,1.52,-0.24,-0.17
1784032801.645,static,fabric,-3.2,0.5,0.0,0.44,4,0.32,0.38,-0.01
1784032801.655,static,fabric,-0.6,1.59,0.0,1.25,9,1.53,-0.27,-0.34
1784032801.655,unknown,fabric,-1.0,1.08,0.0,0.6,3,1.07,0.11,-0.03
1784032801.655,static,fabric,-1.8,1.96,0.0,0.11,3,1.08,-1.63,0.15
1784032801.655,static,fabric,2.8,3.18,0.0,0.34,4,3.02,0.98,0.02
1784032801.655,static,unknown,-0.5,7.68,0.0,0.09,3,7.08,2.88,0.73
1784032801.655,static,fabric,-0.4,1.53,0.0,1.57,10,1.49,-0.33,-0.16
1784032801.655,static,fabric,-3.2,0.5,0.0,0.45,4,0.31,0.39,-0.03
1784032801.744,static,fabric,-0.6,1.59,0.0,1.25,9,1.53,-0.27,-0.34
1784032801.744,unknown,fabric,-1.0,1.08,0.0,0.6,3,1.07,0.11,-0.03
1784032801.744,static,fabric,-1.8,1.96,0.0,0.11,3,1.08,-1.63,0.15
1784032801.744,static,fabric,2.8,3.18,0.0,0.34,4,3.02,0.98,0.02
1784032801.744,static,unknown,-0.5,7.68,0.0,0.09,3,7.08,2.88,0.73
1784032801.744,static,fabric,-0.5,1.53,0.0,1.63,11,1.49,-0.33,-0.14
1784032801.744,static,fabric,-3.2,0.49,0.0,0.46,4,0.31,0.37,-0.02
1784032801.826,static,fabric,-0.6,1.59,0.0,1.25,9,1.53,-0.27,-0.34
1784032801.826,unknown,fabric,-1.0,1.08,0.0,0.6,3,1.07,0.11,-0.03
1784032801.826,static,fabric,-1.8,1.96,0.0,0.11,3,1.08,-1.63,0.15
1784032801.826,static,fabric,2.8,3.18,0.0,0.34,4,3.02,0.98,0.02
1784032801.826,static,unknown,-0.5,7.68,0.0,0.09,3,7.08,2.88,0.73
1784032801.826,static,fabric,-0.5,1.53,0.0,1.69,11,1.48,-0.33,-0.13
1784032801.826,static,fabric,-3.2,0.48,0.0,0.47,4,0.31,0.36,-0.02
1784032801.931,static,fabric,-0.6,1.59,0.0,1.25,9,1.53,-0.27,-0.34
1784032801.931,unknown,fabric,-1.0,1.08,0.0,0.6,3,1.07,0.11,-0.03
1784032801.931,static,fabric,-1.8,1.96,0.0,0.11,3,1.08,-1.63,0.15
1784032801.931,static,fabric,2.8,3.18,0.0,0.34,4,3.02,0.98,0.02
1784032801.931,static,unknown,-0.5,7.68,0.0,0.09,3,7.08,2.88,0.73
1784032801.931,static,fabric,-0.5,1.54,0.0,1.7,11,1.51,-0.24,-0.14
1784032801.931,static,fabric,-3.2,0.47,-0.0,0.48,4,0.3,0.36,-0.02
1784032802.007,static,fabric,-0.6,1.59,0.0,1.25,9,1.53,-0.27,-0.34
1784032802.007,unknown,fabric,-1.0,1.08,0.0,0.6,3,1.07,0.11,-0.03
1784032802.007,static,fabric,-1.8,1.96,0.0,0.11,3,1.08,-1.63,0.15
1784032802.007,static,fabric,2.8,3.18,0.0,0.34,4,3.02,0.98,0.02
1784032802.007,static,unknown,-0.5,7.68,0.0,0.09,3,7.08,2.88,0.73
1784032802.007,static,fabric,-0.5,1.55,0.0,1.71,11,1.54,-0.16,-0.14
1784032802.007,static,fabric,-3.2,0.47,-0.0,0.49,4,0.31,0.36,-0.01
1784032802.08,static,fabric,-0.6,1.59,0.0,1.25,9,1.53,-0.27,-0.34
1784032802.08,unknown,fabric,-1.0,1.08,0.0,0.6,3,1.07,0.11,-0.03
1784032802.08,static,fabric,-1.8,1.96,0.0,0.11,3,1.08,-1.63,0.15
1784032802.08,static,fabric,2.8,3.18,0.0,0.34,4,3.02,0.98,0.02
1784032802.08,static,fabric,-0.5,1.57,0.0,1.72,11,1.56,-0.1,-0.13
1784032802.08,static,fabric,-2.4,0.47,-0.01,0.49,4,0.32,0.35,0.02
1784032802.144,static,fabric,-0.6,1.59,0.0,1.25,9,1.53,-0.27,-0.34
1784032802.144,unknown,fabric,-1.0,1.08,0.0,0.6,3,1.07,0.11,-0.03
1784032802.144,static,fabric,-1.8,1.96,0.0,0.11,3,1.08,-1.63,0.15
1784032802.144,static,fabric,2.8,3.18,0.0,0.34,4,3.02,0.98,0.02
1784032802.144,static,mid,-0.5,1.39,-0.0,1.73,12,1.39,-0.01,-0.1
1784032802.144,static,fabric,-2.4,0.47,-0.01,0.49,4,0.32,0.35,0.02
1784032802.144,static,mid,2.8,3.19,-0.01,0.56,4,3.03,0.93,0.31
1784032802.234,static,fabric,-0.6,1.59,0.0,1.25,9,1.53,-0.27,-0.34
1784032802.234,unknown,fabric,-1.0,1.08,0.0,0.6,3,1.07,0.11,-0.03
1784032802.234,static,fabric,-1.8,1.96,0.0,0.11,3,1.08,-1.63,0.15
1784032802.234,static,mid,-0.5,1.28,-0.01,1.75,13,1.27,0.04,-0.08
1784032802.234,static,fabric,-2.4,0.47,-0.01,0.49,4,0.32,0.35,0.02
1784032802.234,static,mid,5.2,3.18,-0.01,0.62,4,3.05,0.86,0.3
1784032802.238,static,fabric,-0.6,1.59,0.0,1.25,9,1.53,-0.27,-0.34
1784032802.238,unknown,fabric,-1.0,1.08,0.0,0.6,3,1.07,0.11,-0.03
1784032802.238,static,fabric,-1.8,1.96,0.0,0.11,3,1.08,-1.63,0.15
1784032802.238,static,metal,-0.4,1.19,-0.01,1.76,13,1.19,0.07,-0.06
1784032802.238,static,fabric,-2.4,0.47,-0.01,0.49,4,0.32,0.35,0.02
1784032802.238,static,mid,5.2,3.18,-0.01,0.62,4,3.07,0.78,0.28
1784032802.303,static,fabric,-0.6,1.59,0.0,1.25,9,1.53,-0.27,-0.34
1784032802.303,unknown,fabric,-1.0,1.08,0.0,0.6,3,1.07,0.11,-0.03
1784032802.303,static,fabric,-1.8,1.96,0.0,0.11,3,1.08,-1.63,0.15
1784032802.303,static,metal,-0.4,1.13,-0.02,1.78,13,1.13,0.09,-0.05
1784032802.303,static,fabric,-2.4,0.47,-0.01,0.49,4,0.32,0.35,0.02
1784032802.303,static,mid,5.2,3.17,-0.01,0.62,4,3.08,0.73,0.27
1784032802.303,static,unknown,1.4,7.63,-0.03,0.42,3,7.52,1.22,0.38
1784032802.307,static,fabric,-0.6,1.59,0.0,1.25,9,1.53,-0.27,-0.34
1784032802.307,unknown,fabric,-1.0,1.08,0.0,0.6,3,1.07,0.11,-0.03
1784032802.307,static,fabric,-1.8,1.96,0.0,0.11,3,1.08,-1.63,0.15
1784032802.307,static,metal,-0.4,1.1,-0.02,1.79,14,1.09,0.1,-0.04
1784032802.307,static,fabric,-2.4,0.47,-0.01,0.49,4,0.32,0.35,0.02
1784032802.307,static,mid,5.2,3.17,-0.01,0.62,4,3.09,0.7,0.26
1784032802.307,static,unknown,1.4,7.63,-0.03,0.44,3,7.53,1.21,0.38
1784032802.386,unknown,fabric,-1.0,1.08,0.0,0.6,3,1.07,0.11,-0.03
1784032802.386,static,fabric,-1.8,1.96,0.0,0.11,3,1.08,-1.63,0.15
1784032802.386,static,metal,-0.4,1.1,-0.02,1.79,14,1.09,0.1,-0.04
1784032802.386,static,metal,-2.0,0.59,-0.03,0.55,5,0.53,0.26,0.01
1784032802.386,static,mid,5.2,3.18,-0.01,0.6,4,3.1,0.64,0.25
1784032802.386,static,unknown,1.4,7.63,-0.03,0.44,3,7.53,1.18,0.38
1784032802.391,unknown,fabric,-1.0,1.08,0.0,0.6,3,1.07,0.11,-0.03
1784032802.391,static,fabric,-1.8,1.96,0.0,0.11,3,1.08,-1.63,0.15
1784032802.391,static,metal,-0.4,1.1,-0.02,1.79,14,1.09,0.1,-0.04
1784032802.391,static,metal,-1.8,0.69,-0.04,0.62,6,0.67,0.19,-0.01
1784032802.391,static,metal,8.2,3.18,-0.01,0.59,4,3.11,0.6,0.24
1784032802.391,static,unknown,1.4,7.63,-0.03,0.45,3,7.53,1.16,0.37
1784032802.488,static,fabric,-1.8,1.96,0.0,0.11,3,1.08,-1.63,0.15
1784032802.488,static,metal,-0.4,1.1,-0.02,1.79,14,1.09,0.1,-0.04
1784032802.488,static,metal,-1.8,0.78,-0.05,0.68,6,0.76,0.13,-0.02
1784032802.488,static,metal,8.2,3.18,-0.01,0.59,4,3.11,0.6,0.24
1784032802.488,static,unknown,1.4,7.63,-0.02,0.46,3,7.54,1.14,0.38
1784032802.492,static,fabric,-1.8,1.96,0.0,0.11,3,1.08,-1.63,0.15
1784032802.492,static,metal,-0.4,1.1,-0.02,1.79,14,1.09,0.1,-0.04
1784032802.492,static,metal,-1.2,0.84,-0.05,0.74,7,0.83,0.09,-0.03
1784032802.492,static,metal,8.2,3.18,-0.01,0.59,4,3.11,0.6,0.24
1784032802.492,static,unknown,1.4,7.63,-0.02,0.46,4,7.54,1.13,0.38
1784032802.492,static,fabric,-3.0,3.88,0.0,0.47,2,3.4,-1.77,0.55
1784032802.579,static,fabric,-1.8,1.96,0.0,0.11,3,1.08,-1.63,0.15
1784032802.579,static,metal,-0.4,1.1,-0.02,1.79,14,1.09,0.1,-0.04
1784032802.579,unknown,metal,-1.2,1.08,-0.05,0.76,7,1.08,-0.07,-0.05
1784032802.579,static,metal,8.2,3.18,-0.01,0.59,4,3.11,0.6,0.24
1784032802.579,static,unknown,1.4,7.64,-0.02,0.44,4,7.55,1.08,0.38
1784032802.579,static,fabric,-3.0,3.88,0.0,0.47,3,3.4,-1.78,0.56
1784032802.586,static,fabric,-1.8,1.96,0.0,0.11,3,1.08,-1.63,0.15
1784032802.586,static,metal,-0.4,1.1,-0.02,1.79,14,1.09,0.1,-0.04
1784032802.586,unknown,metal,-1.1,1.26,-0.05,0.78,7,1.25,-0.17,-0.06
1784032802.586,static,metal,8.2,3.18,-0.01,0.59,4,3.11,0.6,0.24
1784032802.586,static,unknown,1.4,7.64,-0.02,0.43,4,7.56,1.05,0.37
1784032802.586,static,fabric,-3.0,3.88,0.0,0.47,3,3.4,-1.78,0.57
1784032802.586,static,metal,9.3,3.18,-0.02,0.19,5,3.15,0.42,0.18
1784032802.655,static,fabric,-1.8,1.96,0.0,0.11,3,1.08,-1.63,0.15
1784032802.655,static,metal,-0.4,1.1,-0.02,1.79,14,1.09,0.1,-0.04
1784032802.655,unknown,metal,-1.1,1.26,-0.05,0.78,7,1.25,-0.17,-0.06
1784032802.655,static,metal,8.2,3.18,-0.01,0.59,4,3.11,0.6,0.24
1784032802.655,static,unknown,1.5,7.64,-0.02,0.4,4,7.56,1.02,0.36
1784032802.655,static,fabric,-3.0,3.88,0.0,0.43,3,3.39,-1.8,0.59
1784032802.655,static,metal,9.3,3.18,-0.01,0.19,5,3.15,0.41,0.18
1784032802.66,static,fabric,-1.8,1.96,0.0,0.11,3,1.08,-1.63,0.15
1784032802.66,static,metal,-0.4,1.1,-0.02,1.79,14,1.09,0.1,-0.04
1784032802.66,unknown,metal,-1.1,1.26,-0.05,0.78,7,1.25,-0.17,-0.06
1784032802.66,static,metal,8.2,3.18,-0.01,0.59,4,3.11,0.6,0.24
1784032802.66,static,unknown,1.5,7.64,-0.02,0.37,4,7.57,1.0,0.36
1784032802.66,static,fabric,-3.0,3.88,0.0,0.41,3,3.38,-1.8,0.6
1784032802.66,static,metal,9.3,3.18,-0.01,0.19,5,3.15,0.41,0.17
1784032802.66,static,metal,3.3,0.74,-0.07,1.31,16,0.74,0.03,-0.03
1784032802.761,static,fabric,-1.8,1.96,0.0,0.11,3,1.08,-1.63,0.15
1784032802.761,static,metal,-0.4,1.1,-0.02,1.79,14,1.09,0.1,-0.04
1784032802.761,unknown,metal,-1.1,1.26,-0.05,0.78,7,1.25,-0.17,-0.06
1784032802.761,static,metal,8.2,3.18,-0.01,0.59,4,3.11,0.6,0.24
1784032802.761,static,unknown,1.5,7.65,-0.02,0.35,4,7.57,0.99,0.35
1784032802.761,static,fabric,-3.0,3.88,0.0,0.39,3,3.38,-1.81,0.61
1784032802.761,static,metal,9.3,3.18,-0.01,0.2,4,3.15,0.4,0.17
1784032802.761,static,metal,3.1,0.79,-0.04,1.45,16,0.79,-0.03,-0.02
1784032802.765,static,fabric,-1.8,1.96,0.0,0.11,3,1.08,-1.63,0.15
1784032802.765,static,metal,-0.4,1.1,-0.02,1.79,14,1.09,0.1,-0.04
1784032802.765,unknown,metal,-1.1,1.26,-0.05,0.78,7,1.25,-0.17,-0.06
1784032802.765,static,metal,8.2,3.18,-0.01,0.59,4,3.11,0.6,0.24
1784032802.765,static,unknown,1.5,7.65,-0.02,0.34,4,7.58,0.98,0.35
1784032802.765,static,fabric,-3.0,3.88,0.0,0.37,3,3.37,-1.81,0.61
1784032802.765,static,metal,9.3,3.18,-0.01,0.2,4,3.15,0.4,0.16
1784032802.765,static,metal,3.1,0.82,-0.03,1.55,17,0.82,-0.06,-0.01
1784032802.858,static,fabric,-1.8,1.96,0.0,0.11,3,1.08,-1.63,0.15
1784032802.858,static,metal,-0.4,1.1,-0.02,1.79,14,1.09,0.1,-0.04
1784032802.858,unknown,metal,-1.1,1.26,-0.05,0.78,7,1.25,-0.17,-0.06
1784032802.858,static,metal,8.2,3.18,-0.01,0.59,4,3.11,0.6,0.24
1784032802.858,static,unknown,1.5,7.65,-0.02,0.32,4,7.58,0.97,0.35
1784032802.858,static,fabric,-3.0,3.88,0.0,0.37,3,3.37,-1.82,0.62
1784032802.858,static,metal,9.3,3.18,-0.01,0.19,4,3.15,0.4,0.14
1784032802.858,static,metal,3.1,0.83,-0.01,1.63,18,0.82,-0.09,-0.01
1784032802.936,static,fabric,-1.8,1.96,0.0,0.11,3,1.08,-1.63,0.15
1784032802.936,static,metal,-0.4,1.1,-0.02,1.79,14,1.09,0.1,-0.04
1784032802.936,unknown,metal,-1.1,1.26,-0.05,0.78,7,1.25,-0.17,-0.06
1784032802.936,static,metal,8.2,3.18,-0.01,0.59,4,3.11,0.6,0.24
1784032802.936,static,unknown,1.5,7.65,-0.01,0.31,4,7.58,0.97,0.35
1784032802.936,static,fabric,-3.0,3.88,0.0,0.37,4,3.37,-1.82,0.62
1784032802.936,static,metal,9.2,3.18,-0.01,0.19,4,3.16,0.4,0.13
1784032802.936,static,metal,3.1,0.82,0.01,1.68,18,0.81,-0.11,-0.01
1784032802.936,static,unknown,-0.3,7.94,0.0,0.11,2,7.86,-0.74,0.8
1784032803.022,static,fabric,-1.8,1.96,0.0,0.11,3,1.08,-1.63,0.15
1784032803.022,static,metal,-0.4,1.1,-0.02,1.79,14,1.09,0.1,-0.04
1784032803.022,unknown,metal,-1.1,1.26,-0.05,0.78,7,1.25,-0.17,-0.06
1784032803.022,static,metal,8.2,3.18,-0.01,0.59,4,3.11,0.6,0.24
1784032803.022,static,unknown,1.5,7.65,-0.01,0.31,4,7.58,0.97,0.35
1784032803.022,static,fabric,-3.0,3.88,0.0,0.38,4,3.38,-1.81,0.62
1784032803.022,static,metal,9.2,3.18,-0.01,0.19,4,3.16,0.4,0.13
1784032803.022,static,metal,3.1,0.8,0.03,1.7,19,0.79,-0.14,-0.02
1784032803.022,static,unknown,-0.3,7.94,0.0,0.11,2,7.86,-0.74,0.8
1784032803.106,static,metal,-0.4,1.1,-0.02,1.79,14,1.09,0.1,-0.04
1784032803.106,unknown,metal,-1.1,1.26,-0.05,0.78,7,1.25,-0.17,-0.06
1784032803.106,static,metal,8.2,3.18,-0.01,0.59,4,3.11,0.6,0.24
1784032803.106,static,unknown,1.5,7.65,-0.01,0.31,4,7.58,0.97,0.35
1784032803.106,static,fabric,-3.0,3.88,0.0,0.38,4,3.39,-1.79,0.61
1784032803.106,static,metal,9.2,3.18,-0.01,0.19,4,3.16,0.4,0.13
1784032803.106,static,metal,1.8,0.81,0.04,1.81,19,0.8,-0.13,-0.02
1784032803.106,static,unknown,-0.3,7.94,0.0,0.11,2,7.86,-0.74,0.8
1784032803.181,static,metal,-0.4,1.1,-0.02,1.79,14,1.09,0.1,-0.04
1784032803.181,unknown,metal,-1.1,1.26,-0.05,0.78,7,1.25,-0.17,-0.06
1784032803.181,static,metal,8.2,3.18,-0.01,0.59,4,3.11,0.6,0.24
1784032803.181,static,unknown,1.5,7.65,-0.01,0.31,4,7.58,0.97,0.35
1784032803.181,static,fabric,-3.0,3.88,0.0,0.38,4,3.39,-1.78,0.61
1784032803.181,static,metal,9.2,3.18,-0.01,0.19,4,3.16,0.4,0.13
1784032803.181,static,metal,1.8,0.81,0.05,1.91,20,0.8,-0.13,-0.02
1784032803.181,static,unknown,-0.3,7.94,0.0,0.11,2,7.86,-0.74,0.8
1784032803.28,static,metal,-0.4,1.1,-0.02,1.79,14,1.09,0.1,-0.04
1784032803.28,unknown,metal,-1.1,1.26,-0.05,0.78,7,1.25,-0.17,-0.06
1784032803.28,static,metal,8.2,3.18,-0.01,0.59,4,3.11,0.6,0.24
1784032803.28,static,unknown,1.5,7.65,-0.01,0.31,4,7.58,0.97,0.35
1784032803.28,static,fabric,-2.9,3.88,0.0,0.39,4,3.39,-1.78,0.6
1784032803.28,static,metal,9.2,3.18,-0.01,0.19,4,3.16,0.4,0.13
1784032803.28,unknown,metal,1.8,0.84,0.05,1.91,20,0.82,-0.19,-0.03
1784032803.28,static,unknown,-0.3,7.94,0.0,0.11,2,7.86,-0.74,0.8
1784032803.366,static,metal,-0.4,1.1,-0.02,1.79,14,1.09,0.1,-0.04
1784032803.366,unknown,metal,-1.1,1.26,-0.05,0.78,7,1.25,-0.17,-0.06
1784032803.366,static,metal,8.2,3.18,-0.01,0.59,4,3.11,0.6,0.24
1784032803.366,static,unknown,1.5,7.65,-0.01,0.31,4,7.58,0.97,0.35
1784032803.366,static,fabric,-2.9,3.88,0.0,0.38,4,3.4,-1.77,0.58
1784032803.366,static,metal,9.2,3.18,-0.01,0.19,4,3.16,0.4,0.13
1784032803.366,unknown,metal,1.8,0.89,0.05,1.91,20,0.85,-0.25,-0.03
1784032803.366,static,unknown,-0.3,7.94,0.0,0.11,2,7.86,-0.74,0.8
1784032803.461,static,metal,-0.4,1.1,-0.02,1.79,14,1.09,0.1,-0.04
1784032803.461,unknown,metal,-1.1,1.26,-0.05,0.78,7,1.25,-0.17,-0.06
1784032803.461,static,metal,8.2,3.18,-0.01,0.59,4,3.11,0.6,0.24
1784032803.461,static,unknown,1.5,7.65,-0.01,0.31,4,7.58,0.97,0.35
1784032803.461,static,fabric,-2.8,3.88,0.0,0.38,4,3.41,-1.76,0.57
1784032803.461,static,metal,9.2,3.18,-0.01,0.19,4,3.16,0.4,0.13
1784032803.461,unknown,metal,1.5,0.93,0.05,1.91,20,0.88,-0.3,-0.04
1784032803.461,static,unknown,-0.3,7.94,0.0,0.11,2,7.86,-0.74,0.8
1784032803.542,static,metal,-0.4,1.1,-0.02,1.79,14,1.09,0.1,-0.04
1784032803.542,unknown,metal,-1.1,1.26,-0.05,0.78,7,1.25,-0.17,-0.06
1784032803.542,static,metal,8.2,3.18,-0.01,0.59,4,3.11,0.6,0.24
1784032803.542,static,unknown,1.5,7.65,-0.01,0.31,4,7.58,0.97,0.35
1784032803.542,static,fabric,-2.8,3.88,0.0,0.37,4,3.42,-1.74,0.57
1784032803.542,static,metal,9.2,3.18,-0.01,0.19,4,3.16,0.4,0.13
1784032803.542,unknown,metal,1.5,0.94,0.05,1.9,20,0.88,-0.32,-0.05
1784032803.542,static,unknown,-0.3,7.94,0.0,0.11,2,7.86,-0.74,0.8
1784032803.629,static,metal,-0.4,1.1,-0.02,1.79,14,1.09,0.1,-0.04
1784032803.629,unknown,metal,-1.1,1.26,-0.05,0.78,7,1.25,-0.17,-0.06
1784032803.629,static,metal,8.2,3.18,-0.01,0.59,4,3.11,0.6,0.24
1784032803.629,static,unknown,1.5,7.65,-0.01,0.31,4,7.58,0.97,0.35
1784032803.629,static,fabric,-2.8,3.88,0.0,0.37,4,3.43,-1.71,0.59
1784032803.629,static,metal,9.2,3.18,-0.01,0.19,4,3.16,0.4,0.13
1784032803.629,unknown,metal,1.5,0.92,0.05,1.88,20,0.86,-0.32,-0.04
1784032803.629,static,unknown,-0.3,7.94,0.0,0.11,2,7.86,-0.74,0.8
1784032803.724,static,metal,-0.4,1.1,-0.02,1.79,14,1.09,0.1,-0.04
1784032803.724,unknown,metal,-1.1,1.26,-0.05,0.78,7,1.25,-0.17,-0.06
1784032803.724,static,metal,8.2,3.18,-0.01,0.59,4,3.11,0.6,0.24
1784032803.724,static,unknown,1.5,7.65,-0.01,0.31,4,7.58,0.97,0.35
1784032803.724,static,fabric,-2.7,3.88,0.0,0.36,4,3.44,-1.69,0.61
1784032803.724,static,metal,9.2,3.18,-0.01,0.19,4,3.16,0.4,0.13
1784032803.724,unknown,metal,1.5,0.91,0.04,1.86,20,0.85,-0.32,-0.03
1784032803.724,static,unknown,-0.3,7.94,0.0,0.11,2,7.86,-0.74,0.8
1784032803.807,unknown,metal,-1.1,1.26,-0.05,0.78,7,1.25,-0.17,-0.06
1784032803.807,static,metal,8.2,3.18,-0.01,0.59,4,3.11,0.6,0.24
1784032803.807,static,unknown,1.5,7.65,-0.01,0.31,4,7.58,0.97,0.35
1784032803.807,static,fabric,-2.7,3.88,0.0,0.35,4,3.45,-1.65,0.63
1784032803.807,static,metal,9.2,3.18,-0.01,0.19,4,3.16,0.4,0.13
1784032803.807,unknown,metal,1.5,0.91,0.04,1.85,19,0.85,-0.32,-0.02
1784032803.807,static,unknown,-0.3,7.94,0.0,0.11,2,7.86,-0.74,0.8
1784032803.896,unknown,metal,-1.1,1.26,-0.05,0.78,7,1.25,-0.17,-0.06
1784032803.896,static,unknown,1.5,7.65,-0.01,0.31,4,7.58,0.97,0.35
1784032803.896,static,fabric,-2.7,3.88,0.0,0.34,4,3.46,-1.63,0.65
1784032803.896,static,metal,9.2,3.18,-0.01,0.19,4,3.16,0.4,0.13
1784032803.896,unknown,metal,1.5,0.88,0.04,1.85,19,0.83,-0.28,-0.01
1784032803.896,static,unknown,-0.3,7.94,0.0,0.11,2,7.86,-0.74,0.8
1784032803.979,unknown,metal,-1.1,1.26,-0.05,0.78,7,1.25,-0.17,-0.06
1784032803.979,static,unknown,1.5,7.65,-0.01,0.31,4,7.58,0.97,0.35
1784032803.979,static,fabric,-2.7,3.88,0.0,0.33,4,3.47,-1.61,0.67
1784032803.979,static,metal,9.2,3.18,-0.01,0.19,4,3.16,0.4,0.13
1784032803.979,unknown,metal,1.8,0.85,0.04,1.86,19,0.81,-0.25,-0.0
1784032803.979,static,unknown,-0.3,7.94,0.0,0.11,2,7.86,-0.74,0.8
1784032804.09,static,unknown,1.5,7.65,-0.01,0.31,4,7.58,0.97,0.35
1784032804.09,static,fabric,-2.7,3.88,0.0,0.32,4,3.47,-1.6,0.69
1784032804.09,static,metal,9.2,3.18,-0.01,0.19,4,3.16,0.4,0.13
1784032804.09,unknown,metal,1.8,0.85,0.04,1.9,19,0.83,-0.21,-0.01
1784032804.09,static,unknown,-0.3,7.94,0.0,0.11,2,7.86,-0.74,0.8
1784032804.103,static,unknown,1.5,7.65,-0.01,0.31,4,7.58,0.97,0.35
1784032804.103,static,fabric,-2.7,3.88,0.0,0.32,4,3.47,-1.59,0.7
1784032804.103,static,metal,9.2,3.18,-0.01,0.19,4,3.16,0.4,0.13
1784032804.103,unknown,metal,2.0,0.86,0.03,1.93,19,0.84,-0.18,-0.01
1784032804.103,static,unknown,-0.3,7.94,0.0,0.11,2,7.86,-0.74,0.8
1784032804.201,static,unknown,1.5,7.65,-0.01,0.31,4,7.58,0.97,0.35
1784032804.201,static,fabric,-2.3,3.88,0.0,0.31,4,3.47,-1.59,0.71
1784032804.201,static,metal,9.2,3.18,-0.01,0.19,4,3.16,0.4,0.13
1784032804.201,unknown,metal,2.7,0.86,0.03,1.97,19,0.85,-0.15,-0.01
1784032804.201,static,unknown,-0.3,7.94,0.0,0.11,2,7.86,-0.74,0.8
1784032804.206,static,unknown,1.5,7.65,-0.01,0.31,4,7.58,0.97,0.35
1784032804.206,static,fabric,-2.3,3.88,0.0,0.3,4,3.47,-1.59,0.71
1784032804.206,person,metal,9.2,3.18,-0.01,0.19,4,3.16,0.4,0.13
1784032804.206,static,metal,3.0,0.86,0.03,2.0,20,0.85,-0.13,-0.01
1784032804.206,static,unknown,-0.3,7.94,0.0,0.11,2,7.86,-0.74,0.8
1784032804.325,static,unknown,1.5,7.65,-0.01,0.31,4,7.58,0.97,0.35
1784032804.325,static,fabric,-2.3,3.88,0.0,0.3,4,3.46,-1.59,0.73
1784032804.325,person,metal,9.2,3.18,-0.01,0.19,4,3.16,0.4,0.13
1784032804.325,unknown,metal,4.3,0.89,0.03,2.03,20,0.88,-0.12,0.01
1784032804.325,static,unknown,-0.3,7.94,0.0,0.11,2,7.86,-0.74,0.8
1784032804.333,static,unknown,1.5,7.65,-0.01,0.31,4,7.58,0.97,0.35
1784032804.333,static,fabric,-2.3,3.88,0.0,0.3,4,3.46,-1.6,0.74
1784032804.333,person,metal,9.2,3.18,-0.01,0.19,4,3.16,0.4,0.13
1784032804.333,unknown,metal,5.2,0.91,0.04,2.06,20,0.9,-0.12,0.02
1784032804.333,static,unknown,-0.3,7.94,0.0,0.11,2,7.86,-0.74,0.8
1784032804.399,static,unknown,1.5,7.65,-0.01,0.31,4,7.58,0.97,0.35
1784032804.399,static,fabric,-2.3,3.88,0.0,0.3,4,3.46,-1.6,0.75
1784032804.399,person,metal,9.2,3.18,-0.01,0.19,4,3.16,0.4,0.13
1784032804.399,unknown,metal,6.1,0.92,0.04,2.09,21,0.91,-0.12,0.03
1784032804.399,static,unknown,-0.3,7.94,0.0,0.11,2,7.86,-0.74,0.8
1784032804.404,static,unknown,1.5,7.65,-0.01,0.31,4,7.58,0.97,0.35
1784032804.404,static,fabric,-2.3,3.88,0.0,0.3,4,3.45,-1.61,0.76
1784032804.404,person,metal,9.2,3.18,-0.01,0.19,4,3.16,0.4,0.13
1784032804.404,unknown,metal,6.5,0.92,0.04,2.11,21,0.92,-0.11,0.03
1784032804.404,static,unknown,-0.3,7.94,0.0,0.11,2,7.86,-0.74,0.8
1784032804.504,static,fabric,-2.3,3.88,0.0,0.3,4,3.45,-1.61,0.78
1784032804.504,person,metal,9.2,3.18,-0.01,0.19,4,3.16,0.4,0.13
1784032804.504,unknown,metal,7.8,0.94,0.05,2.13,21,0.93,-0.12,0.03
1784032804.504,static,unknown,-0.3,7.94,0.0,0.11,2,7.86,-0.74,0.8
1784032804.509,static,fabric,-2.7,3.89,0.0,0.29,4,3.45,-1.61,0.79
1784032804.509,person,metal,9.2,3.18,-0.01,0.19,4,3.16,0.4,0.13
1784032804.509,unknown,metal,7.8,0.94,0.05,2.15,22,0.94,-0.12,0.03
1784032804.509,static,unknown,-0.3,7.94,0.0,0.11,2,7.86,-0.74,0.8
1784032804.593,static,fabric,-2.7,3.88,0.0,0.29,4,3.44,-1.62,0.79
1784032804.593,person,metal,9.2,3.18,-0.01,0.19,4,3.16,0.4,0.13
1784032804.593,unknown,metal,9.2,0.94,0.06,2.16,22,0.93,-0.12,0.04
1784032804.599,static,fabric,-2.7,3.88,0.0,0.29,4,3.44,-1.62,0.78
1784032804.599,person,metal,9.2,3.18,-0.01,0.19,4,3.16,0.4,0.13
1784032804.599,unknown,metal,9.2,0.94,0.06,2.17,22,0.93,-0.12,0.05
1784032804.697,static,fabric,-2.7,3.88,0.0,0.29,4,3.45,-1.61,0.78
1784032804.697,person,metal,9.2,3.18,-0.01,0.19,4,3.16,0.4,0.13
1784032804.697,unknown,metal,9.2,0.94,0.07,2.18,22,0.93,-0.1,0.06
1784032804.701,static,fabric,-2.7,3.88,0.0,0.29,4,3.45,-1.61,0.77
1784032804.701,person,metal,9.2,3.18,-0.01,0.19,4,3.16,0.4,0.13
1784032804.701,unknown,metal,9.2,0.94,0.07,2.19,22,0.93,-0.08,0.07
1784032804.762,static,fabric,-2.7,3.88,0.0,0.28,4,3.46,-1.6,0.75
1784032804.762,person,metal,9.2,3.18,-0.01,0.19,4,3.16,0.4,0.13
1784032804.762,vehicle,metal,9.2,0.93,0.08,2.19,23,0.93,-0.06,0.07
1784032804.769,static,fabric,-2.7,3.88,0.0,0.28,4,3.47,-1.59,0.73
1784032804.769,person,metal,9.2,3.18,-0.01,0.19,4,3.16,0.4,0.13
1784032804.769,vehicle,metal,9.2,0.93,0.08,2.2,23,0.92,-0.05,0.07
1784032804.853,static,fabric,-2.7,3.88,0.0,0.27,4,3.47,-1.59,0.71
1784032804.853,person,metal,9.2,3.18,-0.01,0.19,4,3.16,0.4,0.13
1784032804.853,static,metal,9.2,0.91,0.09,2.2,23,0.91,-0.02,0.07
1784032804.858,static,fabric,-2.3,3.88,0.0,0.27,4,3.47,-1.59,0.7
1784032804.858,person,metal,9.2,3.18,-0.01,0.19,4,3.16,0.4,0.13
1784032804.858,static,metal,7.8,0.9,0.09,2.21,23,0.89,0.0,0.08
1784032804.923,static,fabric,-2.3,3.88,0.0,0.26,4,3.48,-1.58,0.69
1784032804.923,person,metal,9.2,3.18,-0.01,0.19,4,3.16,0.4,0.13
1784032804.923,static,metal,7.8,0.87,0.09,2.18,23,0.87,0.02,0.09
1784032804.928,static,fabric,-2.3,3.88,0.0,0.26,4,3.48,-1.58,0.69
1784032804.928,person,metal,9.2,3.18,-0.01,0.19,4,3.16,0.4,0.13
1784032804.928,static,metal,7.2,0.86,0.09,2.15,23,0.85,0.03,0.1
1784032805.043,static,fabric,-2.3,3.88,0.0,0.26,4,3.47,-1.59,0.67
1784032805.043,person,metal,9.2,3.18,-0.01,0.19,4,3.16,0.4,0.13
1784032805.043,static,metal,7.2,0.85,0.09,2.13,23,0.84,0.03,0.11
1784032805.047,static,fabric,-2.3,3.88,0.0,0.25,4,3.47,-1.6,0.66
1784032805.047,person,metal,9.2,3.18,-0.01,0.19,4,3.16,0.4,0.13
1784032805.047,static,metal,6.9,0.85,0.1,2.11,24,0.84,0.03,0.12
1784032805.152,static,fabric,-2.3,3.88,0.0,0.25,4,3.48,-1.6,0.65
1784032805.152,person,metal,9.2,3.18,-0.01,0.19,4,3.16,0.4,0.13
1784032805.152,static,metal,5.9,0.85,0.1,2.09,24,0.84,0.03,0.13
1784032805.166,static,fabric,-2.3,3.88,0.0,0.25,4,3.48,-1.61,0.64
1784032805.166,person,metal,9.2,3.18,-0.01,0.19,4,3.16,0.4,0.13
1784032805.166,static,metal,5.9,0.84,0.1,2.07,24,0.83,0.03,0.13
1784032805.23,static,fabric,-2.3,3.88,0.0,0.25,4,3.47,-1.61,0.63
1784032805.23,person,metal,9.2,3.18,-0.01,0.19,4,3.16,0.4,0.13
1784032805.23,static,metal,5.9,0.83,0.1,2.04,24,0.82,0.03,0.13
1784032805.235,static,fabric,-2.3,3.88,0.0,0.25,4,3.47,-1.61,0.63
1784032805.235,person,metal,9.2,3.18,-0.01,0.19,4,3.16,0.4,0.13
1784032805.235,static,metal,5.8,0.82,0.1,2.01,23,0.81,0.03,0.14
1784032805.328,static,fabric,-2.3,3.88,0.0,0.24,4,3.47,-1.62,0.62
1784032805.328,person,metal,9.2,3.18,-0.01,0.19,4,3.16,0.4,0.13
1784032805.328,static,metal,5.9,0.83,0.1,1.99,23,0.82,0.01,0.14
1784032805.332,static,fabric,-2.3,3.88,0.0,0.24,4,3.47,-1.62,0.63
1784032805.332,person,metal,9.2,3.18,-0.01,0.19,4,3.16,0.4,0.13
1784032805.332,person,metal,5.8,0.84,0.1,1.96,23,0.82,0.0,0.15
1784032805.41,static,fabric,-2.3,3.88,0.0,0.24,4,3.47,-1.62,0.64
1784032805.41,person,metal,9.2,3.18,-0.01,0.19,4,3.16,0.4,0.13
1784032805.41,person,metal,5.8,0.84,0.09,1.93,23,0.82,-0.0,0.16
1784032805.416,static,fabric,-2.3,3.88,0.0,0.24,4,3.47,-1.62,0.64
1784032805.416,person,metal,9.2,3.18,-0.01,0.19,4,3.16,0.4,0.13
1784032805.416,person,metal,5.8,0.84,0.09,1.91,23,0.83,-0.01,0.16
1784032805.517,static,fabric,-2.3,3.88,0.0,0.24,4,3.47,-1.62,0.66
1784032805.517,person,metal,9.2,3.18,-0.01,0.19,4,3.16,0.4,0.13
1784032805.517,person,metal,5.2,0.84,0.09,1.89,22,0.82,0.01,0.16
1784032805.53,static,fabric,-2.3,3.88,0.0,0.24,4,3.47,-1.6,0.68
1784032805.53,person,metal,9.2,3.18,-0.01,0.19,4,3.16,0.4,0.13
1784032805.53,person,metal,5.2,0.83,0.09,1.86,22,0.82,0.02,0.16
1784032805.614,static,fabric,-2.3,3.88,0.0,0.24,4,3.47,-1.6,0.7
1784032805.614,person,metal,9.2,3.18,-0.01,0.19,4,3.16,0.4,0.13
1784032805.614,person,metal,5.1,0.83,0.09,1.84,22,0.82,0.03,0.16
1784032805.617,static,fabric,-2.3,3.88,0.0,0.24,4,3.47,-1.59,0.71
1784032805.617,person,metal,9.2,3.18,-0.01,0.19,4,3.16,0.4,0.13
1784032805.617,person,metal,5.1,0.83,0.09,1.81,22,0.81,0.03,0.15
1784032805.706,static,fabric,-2.3,3.88,0.0,0.24,4,3.47,-1.59,0.71
1784032805.706,person,metal,9.2,3.18,-0.01,0.19,4,3.16,0.4,0.13
1784032805.706,person,metal,5.1,0.83,0.09,1.79,22,0.81,0.02,0.15
1784032805.715,static,fabric,-2.3,3.88,0.0,0.24,4,3.47,-1.58,0.72
1784032805.715,person,metal,9.2,3.18,-0.01,0.19,4,3.16,0.4,0.13
1784032805.715,person,metal,5.1,0.82,0.09,1.77,21,0.81,0.02,0.15
1784032805.814,static,fabric,-2.3,3.88,0.0,0.24,4,3.47,-1.59,0.69
1784032805.814,person,metal,9.2,3.18,-0.01,0.19,4,3.16,0.4,0.13
1784032805.814,person,metal,5.1,0.82,0.09,1.75,21,0.81,0.04,0.14
1784032805.818,static,fabric,-2.3,3.88,0.0,0.24,4,3.47,-1.6,0.68
1784032805.818,person,metal,9.2,3.18,-0.01,0.19,4,3.16,0.4,0.13
1784032805.818,person,metal,5.1,0.82,0.09,1.73,21,0.81,0.04,0.14
1784032805.918,static,fabric,-2.3,3.88,0.0,0.24,4,3.47,-1.61,0.66
1784032805.918,person,metal,9.2,3.18,-0.01,0.19,4,3.16,0.4,0.13
1784032805.918,person,metal,5.1,0.82,0.09,1.71,21,0.81,0.05,0.15
1784032805.922,static,fabric,-2.7,3.88,0.0,0.24,4,3.47,-1.61,0.64
1784032805.922,person,metal,9.2,3.18,-0.01,0.19,4,3.16,0.4,0.13
1784032805.922,person,metal,5.1,0.83,0.08,1.69,21,0.81,0.05,0.15
1784032806.013,static,fabric,-2.7,3.88,0.0,0.24,4,3.47,-1.62,0.61
1784032806.013,person,metal,5.1,0.82,0.08,1.67,20,0.81,0.04,0.14
1784032806.017,static,fabric,-2.7,3.88,0.0,0.24,4,3.48,-1.63,0.58
1784032806.017,person,metal,5.1,0.82,0.08,1.65,20,0.8,0.03,0.14
1784032806.139,static,fabric,-2.7,3.88,0.0,0.24,4,3.47,-1.65,0.58
1784032806.139,person,metal,5.1,0.83,0.08,1.63,20,0.81,0.04,0.16
1784032806.148,static,fabric,-2.7,3.88,0.0,0.24,4,3.46,-1.67,0.57
1784032806.148,person,metal,5.1,0.84,0.08,1.62,20,0.82,0.04,0.17
1784032806.247,static,fabric,-2.7,3.88,0.0,0.24,4,3.44,-1.68,0.63
1784032806.247,person,metal,5.1,0.84,0.08,1.6,20,0.82,0.04,0.18
1784032806.255,static,fabric,-2.7,3.88,0.0,0.24,4,3.43,-1.69,0.67
1784032806.255,person,metal,4.9,0.85,0.08,1.59,20,0.83,0.04,0.19
1784032806.339,static,fabric,-2.7,3.88,0.0,0.24,4,3.42,-1.69,0.69
1784032806.339,person,metal,4.9,0.85,0.08,1.57,20,0.83,0.04,0.19
1784032806.343,static,fabric,-2.7,3.88,0.0,0.24,4,3.42,-1.69,0.71
1784032806.343,person,metal,4.9,0.85,0.08,1.56,20,0.83,0.04,0.19
1784032806.451,static,fabric,-2.7,3.88,0.0,0.23,4,3.42,-1.7,0.72
1784032806.451,person,metal,4.7,0.85,0.07,1.55,20,0.82,0.04,0.19
1784032806.456,static,fabric,-2.7,3.88,0.0,0.23,4,3.42,-1.7,0.72
1784032806.456,person,metal,4.7,0.84,0.07,1.54,20,0.82,0.04,0.18
1784032806.542,static,fabric,-2.7,3.88,0.0,0.23,4,3.42,-1.69,0.71
1784032806.542,person,metal,4.7,0.83,0.07,1.53,19,0.81,0.04,0.18
1784032806.545,static,fabric,-2.7,3.88,0.0,0.23,4,3.43,-1.68,0.7
1784032806.545,person,metal,4.6,0.83,0.07,1.52,19,0.81,0.03,0.17
1784032806.657,static,fabric,-2.7,3.88,0.0,0.23,4,3.43,-1.68,0.7
1784032806.657,person,metal,4.2,0.81,0.07,1.51,19,0.79,0.05,0.17
1784032806.66,static,fabric,-2.7,3.88,0.0,0.24,4,3.43,-1.67,0.71
1784032806.66,person,metal,4.2,0.8,0.07,1.49,19,0.78,0.06,0.17
1784032806.76,static,fabric,-2.7,3.88,0.0,0.24,4,3.43,-1.67,0.7
1784032806.76,person,metal,4.2,0.78,0.07,1.48,19,0.77,0.07,0.15
1784032806.767,static,fabric,-2.7,3.88,0.0,0.24,4,3.43,-1.66,0.7
1784032806.767,person,mid,4.1,0.78,0.07,1.47,19,0.76,0.08,0.13
1784032806.862,static,fabric,-2.7,3.88,0.0,0.24,4,3.44,-1.65,0.69
1784032806.862,person,mid,4.1,0.77,0.07,1.46,19,0.75,0.09,0.13
1784032806.867,static,fabric,-2.7,3.88,0.0,0.24,4,3.45,-1.64,0.69
1784032806.867,person,mid,4.1,0.76,0.07,1.45,19,0.75,0.1,0.12
1784032806.956,static,fabric,-2.7,3.88,0.0,0.24,4,3.46,-1.63,0.68
1784032806.956,person,mid,3.9,0.76,0.07,1.44,19,0.75,0.1,0.12
1784032806.96,static,fabric,-2.7,3.88,0.0,0.24,4,3.46,-1.62,0.68
1784032806.96,person,mid,3.9,0.77,0.07,1.43,18,0.75,0.1,0.12
1784032807.035,static,fabric,-2.7,3.88,0.0,0.23,4,3.46,-1.62,0.69
1784032807.035,person,mid,3.9,0.77,0.07,1.42,18,0.75,0.09,0.12
1784032807.04,static,fabric,-2.7,3.88,0.0,0.23,4,3.46,-1.61,0.7
1784032807.04,person,metal,3.9,0.77,0.07,1.41,18,0.76,0.09,0.11
1784032807.097,static,fabric,-2.7,3.88,0.0,0.23,4,3.46,-1.61,0.7
1784032807.097,person,metal,3.9,0.77,0.07,1.4,18,0.76,0.09,0.11
1784032807.101,static,fabric,-2.7,3.88,0.0,0.23,4,3.46,-1.62,0.71
1784032807.101,person,metal,3.8,0.77,0.06,1.39,18,0.76,0.08,0.12
1784032807.22,static,fabric,-2.7,3.88,0.0,0.23,4,3.46,-1.62,0.71
1784032807.22,person,metal,3.8,0.77,0.06,1.38,18,0.76,0.05,0.12
1784032807.225,static,fabric,-2.7,3.88,0.0,0.23,4,3.46,-1.61,0.7
1784032807.225,person,metal,3.8,0.78,0.06,1.37,18,0.76,0.03,0.12
1784032807.31,static,fabric,-2.8,3.88,0.0,0.23,4,3.46,-1.61,0.69
1784032807.31,person,metal,3.9,0.78,0.06,1.36,18,0.77,0.01,0.12
1784032807.315,static,fabric,-2.8,3.88,0.0,0.23,4,3.47,-1.61,0.68
1784032807.315,person,metal,3.9,0.79,0.06,1.34,18,0.78,-0.0,0.12
1784032807.426,static,fabric,-2.8,3.88,0.0,0.23,4,3.47,-1.61,0.67
1784032807.426,person,metal,3.9,0.79,0.06,1.33,18,0.78,-0.01,0.12
1784032807.428,static,fabric,-2.8,3.88,0.0,0.23,4,3.47,-1.6,0.66
1784032807.428,person,metal,3.9,0.79,0.06,1.32,18,0.79,-0.02,0.12
1784032807.526,static,fabric,-2.8,3.88,0.0,0.23,4,3.47,-1.61,0.65
1784032807.526,person,metal,4.1,0.8,0.06,1.31,18,0.79,-0.01,0.13
1784032807.533,static,fabric,-2.8,3.88,0.0,0.23,4,3.47,-1.61,0.65
1784032807.533,person,metal,4.1,0.8,0.06,1.3,17,0.79,0.0,0.14
1784032807.62,static,fabric,-2.8,3.88,0.0,0.23,4,3.47,-1.61,0.63
1784032807.62,person,metal,4.1,0.81,0.06,1.29,17,0.79,0.02,0.14
1784032807.626,static,fabric,-2.8,3.88,0.0,0.23,4,3.48,-1.61,0.62
1784032807.626,person,metal,4.1,0.81,0.06,1.29,17,0.79,0.02,0.14
1784032807.727,static,fabric,-2.8,3.88,0.0,0.23,4,3.47,-1.61,0.63
1784032807.727,person,metal,4.5,0.81,0.06,1.28,17,0.8,0.03,0.15
1784032807.731,static,fabric,-2.8,3.88,0.0,0.23,4,3.47,-1.61,0.64
1784032807.731,person,metal,4.6,0.82,0.06,1.27,17,0.8,0.03,0.15
1784032807.838,static,fabric,-2.8,3.88,0.0,0.23,4,3.47,-1.61,0.66
1784032807.838,person,metal,4.6,0.82,0.06,1.26,17,0.81,0.05,0.15
1784032807.841,static,fabric,-2.8,3.88,0.0,0.23,4,3.47,-1.61,0.67
1784032807.841,person,metal,5.1,0.82,0.06,1.26,17,0.81,0.05,0.15
1784032807.928,static,fabric,-2.8,3.88,0.0,0.24,4,3.46,-1.61,0.69
1784032807.928,person,metal,5.1,0.83,0.06,1.25,17,0.81,0.06,0.15
1784032807.939,static,fabric,-2.8,3.88,0.0,0.24,4,3.46,-1.61,0.7
1784032807.939,person,metal,5.1,0.83,0.06,1.24,17,0.81,0.06,0.15
1784032808.024,static,fabric,-2.8,3.88,0.0,0.24,4,3.46,-1.62,0.71
1784032808.024,person,metal,5.1,0.83,0.06,1.24,17,0.82,0.05,0.15
1784032808.028,static,fabric,-2.8,3.88,0.0,0.24,4,3.46,-1.62,0.71
1784032808.028,person,metal,5.1,0.84,0.06,1.23,17,0.82,0.04,0.14
1784032808.133,static,fabric,-2.9,3.88,0.0,0.24,4,3.46,-1.61,0.72
1784032808.133,person,metal,5.1,0.84,0.06,1.22,17,0.83,0.04,0.14
1784032808.137,static,fabric,-2.9,3.88,0.0,0.24,4,3.46,-1.61,0.73
1784032808.137,person,metal,5.1,0.84,0.06,1.22,17,0.83,0.03,0.14
1784032808.243,static,fabric,-2.9,3.88,0.0,0.24,4,3.47,-1.6,0.72
1784032808.243,person,metal,5.7,0.84,0.06,1.21,17,0.83,0.02,0.13
1784032808.247,static,fabric,-2.9,3.88,0.0,0.24,4,3.47,-1.59,0.71
1784032808.247,person,metal,5.1,0.84,0.06,1.21,17,0.83,0.01,0.13
1784032808.35,static,fabric,-2.9,3.88,0.0,0.24,4,3.47,-1.59,0.7
1784032808.35,person,metal,5.1,0.84,0.06,1.2,17,0.83,0.0,0.14
1784032808.355,static,fabric,-2.9,3.88,0.0,0.24,4,3.48,-1.59,0.69
1784032808.355,person,metal,5.1,0.85,0.06,1.19,17,0.84,-0.01,0.14
1784032808.452,static,fabric,-2.9,3.88,0.0,0.24,4,3.48,-1.58,0.68
1784032808.452,person,metal,5.1,0.85,0.06,1.19,17,0.83,-0.01,0.15
1784032808.457,static,fabric,-2.8,3.88,0.0,0.24,4,3.48,-1.58,0.67
1784032808.457,person,metal,5.1,0.85,0.06,1.18,17,0.83,-0.02,0.16
1784032808.53,static,fabric,-2.8,3.88,0.0,0.24,4,3.49,-1.56,0.66
1784032808.53,person,metal,5.1,0.84,0.06,1.18,17,0.83,-0.02,0.16
1784032808.534,static,fabric,-2.8,3.88,0.0,0.24,4,3.5,-1.55,0.66
1784032808.534,person,metal,5.1,0.84,0.06,1.17,17,0.83,-0.03,0.17
1784032808.638,static,fabric,-2.8,3.88,0.0,0.23,4,3.5,-1.54,0.65
1784032808.638,person,metal,5.1,0.84,0.06,1.17,17,0.83,-0.02,0.17
1784032808.641,static,fabric,-2.8,3.88,0.0,0.23,4,3.5,-1.54,0.64
1784032808.641,person,metal,5.1,0.84,0.06,1.16,17,0.83,-0.02,0.17
1784032808.736,static,fabric,-2.8,3.88,0.0,0.23,4,3.51,-1.54,0.63
1784032808.736,person,metal,5.1,0.85,0.06,1.16,17,0.83,-0.0,0.17
1784032808.74,static,fabric,-2.8,3.88,0.0,0.23,4,3.51,-1.55,0.63
1784032808.74,person,metal,5.1,0.85,0.05,1.15,17,0.83,0.01,0.17
1784032808.836,static,fabric,-2.8,3.88,0.0,0.23,4,3.51,-1.54,0.63
1784032808.836,person,metal,5.1,0.85,0.05,1.15,16,0.83,0.03,0.18
1784032808.84,static,fabric,-2.8,3.88,0.0,0.23,4,3.51,-1.54,0.63
1784032808.84,person,metal,5.1,0.84,0.05,1.14,16,0.82,0.04,0.18
1784032808.924,static,fabric,-2.8,3.89,0.0,0.23,4,3.51,-1.53,0.63
1784032808.924,person,metal,5.1,0.84,0.05,1.14,16,0.82,0.06,0.18
1784032808.936,static,fabric,-2.8,3.89,0.0,0.23,4,3.52,-1.53,0.64
1784032808.936,person,metal,5.1,0.85,0.05,1.13,16,0.82,0.08,0.18
1784032809.018,static,fabric,-2.8,3.89,0.0,0.23,4,3.52,-1.53,0.64
1784032809.018,person,metal,5.1,0.85,0.05,1.13,16,0.82,0.09,0.19
1784032809.022,static,fabric,-2.8,3.89,0.0,0.23,4,3.52,-1.52,0.64
1784032809.022,person,metal,4.6,0.85,0.05,1.13,16,0.82,0.1,0.19
1784032809.14,static,fabric,-2.8,3.89,0.0,0.23,4,3.52,-1.52,0.64
1784032809.14,person,metal,4.6,0.85,0.05,1.12,16,0.82,0.11,0.19
1784032809.144,static,fabric,-2.8,3.89,0.0,0.23,4,3.52,-1.52,0.64
1784032809.144,person,metal,4.6,0.85,0.05,1.12,16,0.82,0.12,0.19
1784032809.235,static,fabric,-2.8,3.89,0.0,0.23,4,3.52,-1.52,0.64
1784032809.235,person,metal,4.5,0.85,0.05,1.12,16,0.82,0.11,0.19
1784032809.239,static,fabric,-2.8,3.89,0.0,0.23,4,3.52,-1.52,0.64
1784032809.239,person,metal,4.5,0.85,0.05,1.11,16,0.82,0.1,0.18
1784032809.342,static,fabric,-2.8,3.88,0.0,0.23,4,3.49,-1.59,0.61
1784032809.342,person,metal,4.5,0.84,0.05,1.11,16,0.82,0.08,0.18
1784032809.355,static,fabric,-2.8,3.88,0.0,0.23,4,3.47,-1.63,0.6
1784032809.355,person,metal,4.5,0.84,0.05,1.1,16,0.81,0.07,0.18
1784032809.457,static,fabric,-2.8,3.88,0.0,0.23,4,3.46,-1.65,0.59
1784032809.457,person,metal,4.5,0.83,0.05,1.1,16,0.81,0.04,0.18
1784032809.461,static,fabric,-2.8,3.88,0.0,0.23,4,3.45,-1.67,0.58
1784032809.461,person,metal,4.5,0.83,0.05,1.1,16,0.81,0.02,0.17
1784032809.563,static,fabric,-2.7,3.88,0.0,0.23,4,3.45,-1.68,0.59
1784032809.563,person,metal,4.5,0.83,0.05,1.09,16,0.81,-0.0,0.17
1784032809.566,static,fabric,-2.6,3.88,0.0,0.23,4,3.45,-1.69,0.6
1784032809.566,person,metal,4.5,0.83,0.05,1.09,16,0.81,-0.02,0.16
1784032809.674,static,fabric,-2.6,3.88,0.0,0.23,4,3.44,-1.69,0.63
1784032809.674,person,metal,4.5,0.83,0.05,1.08,16,0.81,-0.02,0.16
1784032809.677,static,fabric,-2.6,3.88,0.0,0.23,4,3.43,-1.69,0.65
1784032809.677,person,metal,4.5,0.83,0.05,1.08,16,0.81,-0.01,0.15
1784032809.783,static,fabric,-2.6,3.88,0.0,0.23,4,3.43,-1.7,0.66
1784032809.783,person,metal,4.5,0.82,0.05,1.08,16,0.81,-0.01,0.15
1784032809.787,static,fabric,-2.6,3.88,0.0,0.23,4,3.42,-1.7,0.67
1784032809.787,person,metal,4.5,0.82,0.05,1.07,16,0.8,-0.0,0.15
1784032809.897,static,fabric,-2.6,3.88,0.0,0.23,4,3.42,-1.7,0.68
1784032809.897,person,metal,4.5,0.82,0.05,1.07,16,0.81,0.02,0.15
1784032809.902,static,fabric,-2.6,3.88,0.0,0.22,4,3.42,-1.7,0.68
1784032809.902,person,metal,4.5,0.82,0.05,1.06,16,0.81,0.04,0.15
1784032809.998,static,fabric,-2.5,3.88,0.0,0.22,4,3.42,-1.7,0.69
1784032809.998,person,metal,4.5,0.82,0.05,1.06,16,0.81,0.07,0.14
1784032810.001,static,fabric,-2.5,3.88,0.0,0.22,4,3.42,-1.7,0.69
1784032810.001,person,metal,4.5,0.82,0.05,1.06,16,0.81,0.09,0.14
1784032810.105,static,fabric,-2.5,3.88,0.0,0.22,4,3.42,-1.7,0.69
1784032810.105,person,metal,4.5,0.83,0.05,1.05,16,0.81,0.1,0.13
1784032810.109,static,fabric,-2.5,3.88,0.0,0.22,4,3.42,-1.7,0.69
1784032810.109,person,metal,5.1,0.83,0.05,1.05,16,0.82,0.11,0.13
1784032810.207,static,fabric,-2.5,3.88,0.0,0.22,4,3.42,-1.7,0.68
1784032810.207,person,metal,5.1,0.84,0.04,1.05,15,0.82,0.13,0.14
1784032810.211,static,fabric,-2.5,3.88,0.0,0.22,4,3.43,-1.7,0.67
1784032810.211,person,metal,6.1,0.84,0.04,1.05,15,0.82,0.14,0.14
1784032810.302,static,fabric,-2.5,3.88,0.0,0.22,4,3.43,-1.7,0.65
1784032810.302,person,metal,6.1,0.85,0.04,1.04,15,0.82,0.14,0.16
1784032810.306,static,fabric,-2.4,3.88,0.0,0.22,4,3.43,-1.7,0.63
1784032810.306,person,metal,6.1,0.85,0.04,1.04,15,0.82,0.15,0.16
1784032810.402,static,fabric,-2.4,3.88,0.0,0.22,4,3.44,-1.7,0.62
1784032810.402,person,metal,4.5,0.85,0.04,1.04,15,0.82,0.14,0.17
1784032810.406,static,fabric,-2.4,3.88,0.0,0.22,4,3.44,-1.7,0.61
1784032810.406,person,metal,3.9,0.85,0.04,1.04,15,0.82,0.14,0.17
1784032810.52,static,fabric,-2.3,3.88,0.0,0.22,4,3.44,-1.7,0.59
1784032810.52,person,metal,3.9,0.85,0.04,1.03,15,0.82,0.13,0.17
1784032810.524,static,fabric,-2.3,3.88,0.0,0.22,4,3.44,-1.7,0.58
1784032810.524,person,metal,3.8,0.85,0.04,1.03,15,0.82,0.13,0.17
1784032810.626,static,fabric,-2.3,3.89,0.0,0.21,4,3.45,-1.7,0.57
1784032810.626,person,metal,3.8,0.85,0.04,1.03,15,0.82,0.12,0.17
1784032810.629,static,fabric,-2.3,3.89,0.0,0.21,4,3.45,-1.7,0.56
1784032810.629,person,metal,3.3,0.85,0.04,1.03,15,0.82,0.11,0.17
1784032810.715,static,fabric,-2.3,3.88,0.0,0.21,4,3.45,-1.7,0.55
1784032810.715,person,metal,2.8,0.84,0.04,1.02,15,0.82,0.1,0.16
1784032810.719,static,fabric,-2.3,3.88,0.0,0.21,4,3.45,-1.7,0.54
1784032810.719,person,metal,2.8,0.84,0.04,1.02,15,0.82,0.09,0.16
1784032810.81,static,fabric,-2.2,3.88,0.0,0.21,4,3.45,-1.7,0.54
1784032810.81,person,metal,2.8,0.83,0.04,1.02,15,0.82,0.08,0.15
1784032810.814,static,fabric,-2.2,3.88,0.0,0.21,4,3.45,-1.7,0.54
1784032810.814,person,metal,2.8,0.83,0.04,1.02,15,0.81,0.08,0.14
1784032810.927,static,fabric,-2.2,3.88,0.0,0.21,4,3.45,-1.7,0.53
1784032810.927,person,metal,2.8,0.83,0.04,1.02,15,0.81,0.09,0.14
1784032810.93,static,fabric,-2.2,3.88,0.0,0.21,4,3.45,-1.7,0.53
1784032810.93,person,metal,2.6,0.83,0.04,1.01,15,0.81,0.09,0.14
1784032811.032,static,fabric,-2.2,3.88,0.0,0.21,4,3.45,-1.7,0.52
1784032811.032,person,mid,2.2,0.83,0.04,1.01,15,0.81,0.1,0.14
1784032811.037,static,fabric,-2.3,3.88,0.0,0.21,4,3.45,-1.7,0.52
1784032811.037,person,mid,2.2,0.83,0.04,1.01,15,0.81,0.1,0.15
1784032811.13,static,fabric,-2.3,3.88,0.0,0.21,4,3.45,-1.7,0.51
1784032811.13,person,mid,2.2,0.83,0.04,1.01,15,0.81,0.12,0.14
1784032811.132,static,fabric,-2.3,3.88,0.0,0.21,4,3.45,-1.7,0.51
1784032811.132,person,mid,2.2,0.83,0.04,1.0,15,0.8,0.13,0.14
1784032811.219,static,fabric,-2.3,3.88,0.0,0.21,4,3.45,-1.7,0.51
1784032811.219,person,mid,2.4,0.83,0.04,1.0,15,0.8,0.15,0.15
1784032811.224,static,fabric,-2.3,3.88,0.0,0.21,4,3.45,-1.7,0.52
1784032811.224,person,mid,2.4,0.83,0.04,1.0,15,0.8,0.16,0.16
1784032811.309,static,fabric,-2.3,3.88,0.0,0.21,4,3.45,-1.7,0.51
1784032811.309,person,mid,2.4,0.83,0.04,0.99,15,0.8,0.16,0.17
1784032811.313,static,fabric,-2.3,3.88,0.0,0.2,4,3.46,-1.7,0.51
1784032811.313,person,mid,2.4,0.84,0.04,0.99,15,0.8,0.15,0.18
1784032811.418,static,fabric,-2.3,3.88,0.0,0.2,4,3.45,-1.7,0.51
1784032811.418,person,mid,2.4,0.84,0.04,0.99,15,0.8,0.15,0.19
1784032811.422,static,fabric,-2.3,3.88,0.0,0.2,4,3.45,-1.7,0.51
1784032811.422,person,mid,2.4,0.84,0.04,0.99,15,0.8,0.15,0.2
1784032811.506,static,fabric,-2.3,3.88,0.0,0.2,4,3.45,-1.7,0.51
1784032811.506,person,mid,2.4,0.84,0.04,0.98,15,0.8,0.15,0.21
1784032811.51,static,fabric,-2.3,3.88,0.0,0.2,4,3.45,-1.69,0.53
1784032811.51,person,mid,2.4,0.84,0.04,0.98,15,0.8,0.15,0.21
1784032811.583,static,fabric,-2.4,3.88,0.0,0.2,4,3.46,-1.68,0.54
1784032811.583,person,mid,2.4,0.84,0.04,0.98,15,0.8,0.15,0.21
1784032811.587,static,fabric,-2.4,3.88,0.0,0.2,4,3.46,-1.68,0.55
1784032811.587,person,mid,2.4,0.84,0.04,0.98,15,0.8,0.15,0.22
1784032811.684,static,fabric,-2.5,3.88,0.0,0.21,4,3.46,-1.67,0.56
1784032811.684,person,mid,2.4,0.84,0.04,0.97,15,0.8,0.14,0.22
1784032811.688,static,fabric,-2.5,3.88,0.0,0.21,4,3.46,-1.66,0.57
1784032811.688,person,mid,2.8,0.83,0.04,0.97,15,0.79,0.13,0.22
1784032811.78,static,fabric,-2.5,3.88,0.0,0.21,4,3.46,-1.66,0.58
1784032811.78,person,mid,2.8,0.83,0.04,0.97,15,0.79,0.11,0.22
1784032811.784,static,fabric,-2.5,3.88,0.0,0.21,4,3.46,-1.66,0.59
1784032811.784,person,metal,4.0,0.83,0.04,0.97,15,0.79,0.11,0.21
1784032811.891,static,fabric,-2.5,3.88,0.0,0.21,4,3.46,-1.65,0.6
1784032811.891,person,metal,4.9,0.82,0.04,0.97,15,0.79,0.11,0.2
1784032811.894,static,fabric,-2.5,3.88,0.0,0.21,4,3.47,-1.64,0.61
1784032811.894,person,metal,5.0,0.82,0.04,0.96,15,0.79,0.11,0.19
1784032811.992,static,fabric,-2.5,3.88,0.0,0.21,4,3.46,-1.64,0.6
1784032811.992,person,metal,5.4,0.82,0.04,0.96,15,0.79,0.11,0.18
1784032811.996,static,fabric,-2.5,3.88,0.0,0.21,4,3.46,-1.65,0.6
1784032811.996,person,metal,5.8,0.82,0.04,0.96,15,0.79,0.11,0.17
1784032812.092,static,fabric,-2.5,3.88,0.0,0.21,4,3.46,-1.65,0.57
1784032812.092,person,metal,5.8,0.81,0.03,0.96,15,0.79,0.11,0.17
1784032812.096,static,fabric,-2.6,3.88,0.0,0.21,4,3.46,-1.66,0.55
1784032812.096,person,metal,6.0,0.81,0.03,0.96,15,0.79,0.1,0.16
1784032812.182,static,fabric,-2.6,3.88,0.0,0.21,4,3.46,-1.67,0.54
1784032812.182,person,metal,6.0,0.81,0.03,0.95,15,0.79,0.09,0.16
1784032812.186,static,fabric,-2.6,3.88,0.0,0.21,4,3.45,-1.68,0.53
1784032812.186,person,metal,6.1,0.81,0.03,0.95,15,0.78,0.09,0.16
1784032812.283,static,fabric,-2.6,3.88,0.0,0.21,4,3.45,-1.69,0.53
1784032812.283,person,metal,6.1,0.81,0.03,0.95,15,0.79,0.08,0.16
1784032812.289,static,fabric,-2.6,3.88,0.0,0.21,4,3.45,-1.69,0.52
1784032812.289,person,metal,6.4,0.81,0.03,0.95,15,0.79,0.08,0.16
1784032812.376,static,fabric,-2.6,3.88,0.0,0.21,4,3.45,-1.7,0.52
1784032812.376,person,metal,6.5,0.82,0.03,0.96,15,0.8,0.1,0.13
1784032812.38,static,fabric,-2.6,3.88,0.0,0.21,4,3.45,-1.71,0.52
1784032812.38,person,metal,6.7,0.83,0.03,0.96,15,0.81,0.11,0.11
1784032812.435,static,fabric,-2.5,3.88,0.0,0.21,4,3.45,-1.71,0.53
1784032812.435,person,metal,6.9,0.83,0.03,0.97,15,0.82,0.11,0.09
1784032812.438,static,fabric,-2.5,3.88,0.0,0.21,4,3.45,-1.7,0.54
1784032812.438,person,metal,7.3,0.84,0.03,0.97,15,0.83,0.11,0.07
1784032812.491,static,fabric,-2.5,3.88,0.0,0.21,4,3.45,-1.7,0.54
1784032812.491,person,metal,7.8,0.84,0.03,0.98,15,0.83,0.1,0.07
1784032812.496,static,fabric,-2.5,3.88,0.0,0.21,4,3.45,-1.7,0.54
1784032812.496,person,metal,8.4,0.84,0.03,0.98,15,0.84,0.1,0.06
1784032812.571,static,fabric,-2.5,3.88,0.0,0.21,4,3.45,-1.69,0.55
1784032812.571,person,metal,11.0,0.86,0.02,0.99,15,0.86,0.05,0.04
1784032812.638,static,fabric,-2.5,3.88,0.0,0.21,4,3.46,-1.68,0.56
1784032812.638,person,metal,11.5,0.88,0.02,1.0,15,0.88,0.03,0.02
1784032812.707,static,fabric,-2.5,3.88,0.0,0.21,4,3.46,-1.67,0.56
1784032812.707,person,metal,11.5,0.89,0.02,1.02,15,0.89,0.01,-0.0
1784032812.773,static,fabric,-2.5,3.88,0.0,0.21,4,3.47,-1.65,0.57
1784032812.773,person,metal,11.0,0.89,0.02,1.02,15,0.89,-0.01,-0.0
1784032812.842,static,fabric,-2.5,3.88,0.0,0.21,4,3.48,-1.64,0.57
1784032812.842,person,metal,9.5,0.92,0.02,1.03,15,0.92,-0.05,-0.02
1784032812.91,static,fabric,-2.4,3.88,0.0,0.21,4,3.48,-1.62,0.58
1784032812.91,person,metal,9.5,0.94,0.02,1.04,15,0.93,-0.08,-0.03
1784032813.007,static,fabric,-2.4,3.88,0.0,0.21,4,3.48,-1.61,0.57
1784032813.007,person,metal,8.7,0.94,0.01,1.04,15,0.93,-0.1,-0.04
1784032813.011,static,fabric,-2.4,3.88,0.0,0.21,4,3.49,-1.61,0.57
1784032813.011,person,metal,8.3,0.94,0.01,1.05,15,0.93,-0.11,-0.05
1784032813.094,static,fabric,-2.4,3.88,0.0,0.21,4,3.48,-1.62,0.58
1784032813.094,person,metal,8.3,0.92,0.01,1.06,15,0.91,-0.09,-0.04
1784032813.173,static,fabric,-2.4,3.88,0.0,0.21,4,3.47,-1.63,0.6
1784032813.173,person,metal,8.1,0.92,0.01,1.06,15,0.9,-0.14,-0.03
1784032813.25,static,fabric,-2.4,3.88,0.0,0.21,4,3.46,-1.65,0.6
1784032813.25,person,metal,8.1,0.85,0.01,1.06,15,0.84,-0.12,-0.02
1784032813.252,static,fabric,-2.4,3.88,0.0,0.21,4,3.45,-1.67,0.6
1784032813.252,person,metal,8.1,0.81,0.01,1.06,15,0.8,-0.1,-0.01
1784032813.352,static,fabric,-2.4,3.88,0.0,0.21,4,3.44,-1.69,0.61
1784032813.352,person,metal,7.6,0.78,0.01,1.06,15,0.77,-0.04,0.02
1784032813.355,static,fabric,-2.4,3.88,0.0,0.22,4,3.43,-1.7,0.61
1784032813.355,person,metal,4.9,0.76,0.01,1.06,15,0.76,-0.0,0.04
1784032813.429,static,fabric,-2.4,3.88,0.0,0.22,4,3.42,-1.71,0.62
1784032813.429,person,metal,3.2,0.76,0.01,1.06,15,0.75,0.03,0.05
1784032813.528,static,fabric,-2.3,3.88,0.0,0.22,4,3.43,-1.72,0.61
1784032813.528,person,metal,3.2,0.78,0.01,1.06,15,0.78,0.06,0.07
1784032813.599,static,fabric,-2.3,3.88,0.0,0.22,4,3.43,-1.72,0.6
1784032813.599,person,metal,3.2,0.8,0.01,1.07,15,0.79,0.08,0.09
1784032813.701,static,fabric,-2.3,3.88,0.0,0.22,4,3.43,-1.73,0.58
1784032813.701,person,metal,3.2,0.85,0.0,1.07,15,0.85,0.06,0.08
1784032813.792,static,fabric,-2.3,3.88,0.0,0.22,4,3.44,-1.72,0.57
1784032813.792,person,metal,3.2,0.89,0.0,1.08,15,0.88,0.03,0.07
1784032813.88,static,fabric,-2.3,3.88,0.0,0.22,4,3.44,-1.72,0.57
1784032813.88,person,metal,3.2,0.9,0.0,1.09,15,0.9,0.01,0.06
1784032813.973,static,fabric,-2.3,3.88,0.0,0.22,4,3.44,-1.72,0.57
1784032813.973,person,metal,2.9,0.88,0.0,1.09,15,0.88,-0.03,0.05
1784032814.059,static,fabric,-2.3,3.88,0.0,0.22,4,3.44,-1.72,0.57
1784032814.059,person,metal,2.9,0.84,0.0,1.1,15,0.84,-0.07,0.03
1784032814.144,static,fabric,-2.3,3.88,0.0,0.22,4,3.44,-1.72,0.57
1784032814.144,person,metal,2.9,0.75,-0.0,1.1,15,0.74,-0.07,0.03
1784032814.148,static,fabric,-2.3,3.88,0.0,0.22,4,3.44,-1.72,0.57
1784032814.148,person,metal,2.9,0.69,-0.0,1.1,15,0.68,-0.08,0.03
1784032814.241,static,fabric,-2.3,3.88,0.0,0.22,4,3.44,-1.72,0.57
1784032814.241,person,metal,2.9,0.65,-0.0,1.1,15,0.64,-0.08,0.03
1784032814.303,static,fabric,-2.3,3.88,0.0,0.22,4,3.44,-1.72,0.57
1784032814.303,person,metal,2.8,0.63,-0.0,1.1,15,0.63,-0.07,0.03
1784032814.371,static,fabric,-2.3,3.88,0.0,0.22,4,3.44,-1.72,0.57
1784032814.371,person,metal,2.8,0.62,-0.0,1.1,15,0.62,-0.07,0.03
1784032814.445,static,fabric,-2.3,3.88,0.0,0.22,4,3.44,-1.72,0.57
1784032814.445,person,metal,2.8,0.62,-0.0,1.1,15,0.61,-0.07,0.04
1784032814.53,static,fabric,-2.3,3.88,0.0,0.22,4,3.44,-1.72,0.57
1784032814.53,person,metal,2.8,0.6,-0.0,1.11,15,0.6,-0.08,0.05
1784032814.634,static,fabric,-2.3,3.88,0.0,0.22,4,3.44,-1.72,0.57
1784032814.634,person,metal,2.7,0.6,-0.0,1.11,15,0.59,-0.08,0.05
1784032814.704,static,fabric,-2.3,3.88,0.0,0.22,4,3.44,-1.72,0.57
1784032814.704,person,metal,2.7,0.6,-0.01,1.11,15,0.59,-0.08,0.05
1784032814.804,static,fabric,-2.3,3.88,0.0,0.22,4,3.44,-1.72,0.57
1784032814.804,person,metal,2.5,0.58,-0.01,1.11,15,0.57,-0.08,0.05
1784032814.88,static,fabric,-2.3,3.88,0.0,0.22,4,3.44,-1.72,0.57
1784032814.88,person,metal,2.5,0.55,-0.01,1.12,15,0.54,-0.07,0.04
1784032814.976,static,fabric,-2.3,3.88,0.0,0.22,4,3.44,-1.72,0.57
1784032814.976,person,metal,2.5,0.51,-0.01,1.11,15,0.51,-0.04,0.04
1784032815.061,static,fabric,-2.3,3.88,0.0,0.22,4,3.44,-1.72,0.57
1784032815.061,person,metal,2.5,0.48,-0.01,1.11,15,0.48,-0.01,0.02
1784032815.135,static,fabric,-2.3,3.88,0.0,0.22,4,3.44,-1.72,0.57
1784032815.135,person,metal,2.5,0.46,-0.01,1.11,15,0.46,0.01,0.01
1784032815.236,static,fabric,-2.3,3.88,0.0,0.22,4,3.44,-1.72,0.57
1784032815.236,person,mid,2.5,0.42,-0.01,1.11,15,0.42,0.02,0.01
1784032815.326,person,mid,2.5,0.4,-0.01,1.1,15,0.4,0.03,0.02
1784032815.326,static,unknown,-1.1,4.3,0.0,1.03,3,2.34,3.32,1.41
1784032815.423,person,mid,2.5,0.38,-0.01,1.1,15,0.38,0.03,0.02
1784032815.423,static,unknown,-1.1,4.3,0.0,0.95,3,2.42,3.3,1.31
1784032815.503,person,mid,2.5,0.37,-0.01,1.1,15,0.37,0.04,0.02
1784032815.503,static,unknown,-1.1,4.3,0.0,0.9,3,2.47,3.3,1.24
1784032815.602,person,mid,2.4,0.35,-0.01,1.1,15,0.35,0.04,0.03
1784032815.602,static,unknown,-1.1,4.3,0.0,0.84,3,2.51,3.29,1.18
1784032815.676,person,mid,2.4,0.34,-0.01,1.09,15,0.34,0.03,0.03
1784032815.676,static,unknown,-1.1,4.31,0.0,0.77,3,2.51,3.29,1.19
1784032815.766,person,mid,2.4,0.35,-0.01,1.09,15,0.34,0.04,0.02
1784032815.766,static,unknown,-1.1,4.31,0.0,0.72,3,2.52,3.28,1.2
1784032815.851,person,mid,2.4,0.34,-0.01,1.09,15,0.34,0.03,0.0
1784032815.851,static,unknown,-1.1,4.31,0.0,0.66,3,2.5,3.29,1.23
1784032815.934,person,mid,2.4,0.34,-0.01,1.08,15,0.34,0.03,-0.01
1784032815.934,static,unknown,-1.1,4.32,0.0,0.61,3,2.49,3.3,1.24
1784032816.03,person,mid,2.4,0.34,-0.01,1.08,15,0.33,0.04,-0.02
1784032816.03,static,unknown,-1.1,4.32,0.0,0.61,3,2.49,3.3,1.24
1784032816.135,person,mid,2.4,0.33,-0.01,1.08,15,0.33,0.04,-0.02
1784032816.135,static,unknown,-1.1,4.32,0.0,0.61,3,2.49,3.3,1.24
1784032816.135,static,fabric,-1.5,1.96,0.0,1.24,4,1.62,-1.09,-0.15
1784032816.223,person,mid,2.4,0.33,-0.01,1.07,15,0.33,0.05,-0.02
1784032816.223,static,unknown,-1.1,4.32,0.0,0.61,3,2.49,3.3,1.24
1784032816.223,static,fabric,-1.5,1.96,0.0,1.26,4,1.63,-1.09,-0.09
1784032816.32,person,mid,2.4,0.32,-0.01,1.07,15,0.32,0.05,-0.02
1784032816.32,static,unknown,-1.1,4.32,0.0,0.61,3,2.49,3.3,1.24
1784032816.32,static,fabric,-1.4,1.98,0.0,1.11,4,1.65,-1.1,0.02
1784032816.426,person,mid,2.4,0.31,-0.01,1.06,15,0.31,0.04,-0.01
1784032816.426,static,unknown,-1.1,4.32,0.0,0.61,3,2.49,3.3,1.24
1784032816.426,static,fabric,-1.4,1.99,0.0,0.99,4,1.67,-1.09,0.11
1784032816.498,person,mid,2.4,0.31,-0.01,1.06,15,0.31,0.04,-0.01
1784032816.498,static,unknown,-1.1,4.32,0.0,0.61,3,2.49,3.3,1.24
1784032816.498,static,fabric,-1.4,2.01,0.0,0.9,4,1.68,-1.09,0.17
1784032816.598,person,mid,2.6,0.31,-0.01,1.06,15,0.3,0.03,-0.01
1784032816.598,static,unknown,-1.1,4.32,0.0,0.61,3,2.49,3.3,1.24
1784032816.598,static,fabric,-1.0,2.02,0.0,0.82,4,1.69,-1.08,0.18
1784032816.671,person,mid,2.7,0.3,-0.01,1.05,15,0.3,0.03,0.0
1784032816.671,static,unknown,-1.1,4.32,0.0,0.61,3,2.49,3.3,1.24
1784032816.671,static,fabric,-1.0,2.02,0.0,0.75,4,1.7,-1.07,0.2
1784032816.769,person,mid,2.7,0.3,-0.01,1.05,15,0.3,0.03,0.0
1784032816.769,static,unknown,-1.1,4.32,0.0,0.61,3,2.49,3.3,1.24
1784032816.769,static,fabric,-1.0,2.02,0.0,0.71,3,1.71,-1.06,0.14
1784032816.841,person,mid,2.7,0.3,-0.01,1.05,15,0.3,0.03,0.0
1784032816.841,static,unknown,-1.1,4.32,0.0,0.61,3,2.49,3.3,1.24
1784032816.841,static,fabric,-1.0,2.02,0.0,0.68,3,1.72,-1.06,0.1
1784032816.946,person,mid,3.1,0.3,-0.01,1.04,15,0.29,0.04,0.0
1784032816.946,static,unknown,-1.1,4.32,0.0,0.61,3,2.49,3.3,1.24
1784032816.946,static,fabric,-1.0,2.02,0.0,0.65,3,1.72,-1.06,0.07
1784032817.024,person,mid,3.1,0.3,-0.01,1.04,15,0.29,0.04,0.0
1784032817.024,static,unknown,-1.1,4.32,0.0,0.61,3,2.49,3.3,1.24
1784032817.024,static,fabric,-1.0,2.02,0.0,0.63,3,1.72,-1.05,0.05
1784032817.115,person,mid,3.1,0.3,-0.01,1.04,14,0.3,0.05,0.01
1784032817.115,static,unknown,-1.1,4.32,0.0,0.61,3,2.49,3.3,1.24
1784032817.115,static,fabric,-1.0,2.02,0.0,0.63,3,1.72,-1.05,0.05
1784032817.208,person,mid,3.1,0.31,-0.01,1.03,14,0.31,0.04,0.02
1784032817.208,static,unknown,-1.1,4.32,0.0,0.61,3,2.49,3.3,1.24
1784032817.208,static,fabric,-1.0,2.02,0.0,0.63,3,1.72,-1.05,0.05
1784032817.302,person,mid,3.1,0.31,-0.01,1.03,14,0.31,0.03,0.02
1784032817.302,static,unknown,-1.1,4.32,0.0,0.61,3,2.49,3.3,1.24
1784032817.302,static,fabric,-1.0,2.02,0.0,0.63,3,1.72,-1.05,0.05
1784032817.39,person,mid,3.1,0.32,-0.01,1.03,14,0.32,0.02,0.03
1784032817.39,static,unknown,-1.1,4.32,0.0,0.61,3,2.49,3.3,1.24
1784032817.39,static,fabric,-1.0,2.02,0.0,0.63,3,1.72,-1.05,0.05
1784032817.462,person,mid,3.2,0.32,-0.01,1.02,14,0.32,0.02,0.03
1784032817.462,static,fabric,-1.0,2.02,0.0,0.63,3,1.72,-1.05,0.05
1784032817.569,person,mid,3.3,0.33,-0.01,1.02,14,0.32,0.01,0.03
1784032817.569,static,fabric,-1.0,2.02,0.0,0.63,3,1.72,-1.05,0.05
1784032817.648,person,mid,3.3,0.42,-0.01,1.02,14,0.42,-0.02,0.03
1784032817.648,static,fabric,-1.0,2.02,0.0,0.63,3,1.72,-1.05,0.05
1784032817.757,person,mid,3.3,0.53,-0.01,1.03,14,0.52,-0.06,0.02
1784032817.757,static,fabric,-1.0,2.02,0.0,0.63,3,1.72,-1.05,0.05
1784032817.835,person,metal,3.3,0.65,-0.0,1.04,14,0.64,-0.1,-0.01
1784032817.835,static,fabric,-1.0,2.02,0.0,0.63,3,1.72,-1.05,0.05
1784032817.933,person,metal,3.3,0.72,-0.0,1.04,14,0.71,-0.11,-0.02
1784032817.933,static,fabric,-1.0,2.02,0.0,0.63,3,1.72,-1.05,0.05
1784032818.031,person,metal,3.3,0.76,-0.0,1.05,14,0.75,-0.12,-0.03
1784032818.031,static,fabric,-1.0,2.02,0.0,0.63,3,1.72,-1.05,0.05
1784032818.125,person,metal,3.5,0.79,-0.0,1.05,14,0.78,-0.12,-0.04
1784032818.125,static,fabric,-1.0,2.02,0.0,0.63,3,1.72,-1.05,0.05
1784032818.225,person,metal,3.5,0.79,-0.0,1.06,14,0.78,-0.11,-0.04
1784032818.225,static,fabric,-1.0,2.02,0.0,0.63,3,1.72,-1.05,0.05
1784032818.329,person,metal,3.5,0.68,-0.0,1.06,14,0.68,-0.07,-0.02
1784032818.329,static,fabric,-1.0,2.02,0.0,0.63,3,1.72,-1.05,0.05
1784032818.329,static,fabric,-2.2,3.88,0.0,0.12,4,3.43,-1.68,0.71
1784032818.426,person,metal,3.5,0.61,-0.0,1.05,14,0.6,-0.05,0.0
1784032818.426,static,fabric,-1.0,2.02,0.0,0.63,3,1.72,-1.05,0.05
1784032818.426,static,fabric,-2.1,3.88,0.0,0.13,4,3.43,-1.67,0.72
1784032818.522,person,metal,3.5,0.55,-0.0,1.05,14,0.55,-0.03,0.02
1784032818.522,static,fabric,-1.0,2.02,0.0,0.63,3,1.72,-1.05,0.05
1784032818.522,static,fabric,-2.1,3.88,0.0,0.14,4,3.44,-1.66,0.72
1784032818.617,person,metal,3.3,0.52,-0.0,1.05,14,0.51,-0.02,0.03
1784032818.617,static,fabric,-2.1,3.88,0.0,0.14,4,3.43,-1.66,0.72
1784032818.724,person,metal,3.3,0.49,-0.0,1.05,14,0.49,-0.02,0.04
1784032818.724,static,fabric,-2.1,3.88,0.0,0.14,4,3.43,-1.67,0.72
1784032818.8,person,metal,3.3,0.47,-0.0,1.05,14,0.47,-0.02,0.05
1784032818.8,static,fabric,-2.1,3.88,0.0,0.14,4,3.43,-1.67,0.72
1784032818.904,person,metal,3.5,0.49,-0.0,1.05,14,0.49,-0.04,0.04
1784032818.904,static,fabric,-2.1,3.88,0.0,0.15,4,3.43,-1.66,0.71
1784032819.016,person,metal,3.5,0.56,-0.0,1.05,14,0.56,-0.04,0.01
1784032819.016,static,fabric,-2.1,3.88,0.0,0.15,4,3.43,-1.66,0.71
1784032819.119,person,metal,3.3,0.66,0.0,1.06,14,0.65,-0.06,-0.0
1784032819.119,static,fabric,-2.1,3.88,0.0,0.15,4,3.43,-1.66,0.71
1784032819.21,person,metal,3.3,0.71,0.0,1.06,14,0.71,-0.09,-0.01
1784032819.21,static,fabric,-2.1,3.88,0.0,0.15,4,3.43,-1.66,0.71
1784032819.308,person,metal,3.8,0.78,0.0,1.07,14,0.77,-0.1,-0.01
1784032819.308,static,fabric,-2.1,3.88,0.0,0.15,4,3.43,-1.66,0.71
1784032819.308,static,unknown,-1.0,4.32,0.0,0.27,2,2.41,3.28,1.44
1784032819.42,person,metal,5.4,0.82,0.0,1.07,15,0.81,-0.1,-0.01
1784032819.42,static,fabric,-2.1,3.88,0.0,0.15,4,3.43,-1.66,0.71
1784032819.42,static,unknown,-1.0,4.32,0.0,0.22,2,2.44,3.27,1.43
1784032819.493,person,metal,5.6,0.83,0.0,1.08,15,0.83,-0.11,0.02
1784032819.493,static,fabric,-2.1,3.88,0.0,0.15,4,3.43,-1.66,0.71
1784032819.493,static,unknown,-1.0,4.32,0.0,0.22,2,2.44,3.27,1.43
1784032819.606,person,metal,5.6,0.83,0.01,1.08,15,0.82,-0.08,0.04
1784032819.606,static,fabric,-2.1,3.88,0.0,0.15,4,3.43,-1.66,0.71
1784032819.606,static,unknown,-1.0,4.32,0.0,0.22,2,2.44,3.27,1.43
1784032819.713,person,metal,5.7,0.84,0.0,1.09,15,0.84,-0.02,0.04
1784032819.713,static,fabric,-2.1,3.88,0.0,0.15,4,3.43,-1.66,0.71
1784032819.713,static,unknown,-1.0,4.32,0.0,0.22,2,2.44,3.27,1.43
1784032819.804,person,metal,5.8,0.84,0.0,1.09,15,0.84,0.03,0.04
1784032819.804,static,fabric,-2.1,3.88,0.0,0.15,4,3.45,-1.66,0.67
1784032819.804,static,unknown,-1.0,4.32,0.0,0.22,2,2.44,3.27,1.43
1784032819.896,person,metal,6.0,0.87,0.0,1.09,15,0.87,0.07,0.03
1784032819.896,static,fabric,-2.1,3.88,0.0,0.15,4,3.45,-1.64,0.67
1784032819.896,static,unknown,-1.0,4.32,0.0,0.22,2,2.44,3.27,1.43
1784032820.004,person,metal,6.2,0.92,0.0,1.1,15,0.92,0.11,0.03
1784032820.004,static,fabric,-2.1,3.88,0.0,0.16,4,3.45,-1.64,0.67
1784032820.004,static,unknown,-1.0,4.32,0.0,0.22,2,2.44,3.27,1.43
1784032820.092,person,metal,7.5,0.96,0.01,1.1,15,0.95,0.13,0.05
1784032820.092,static,fabric,-2.2,3.88,0.0,0.16,4,3.46,-1.64,0.67
1784032820.092,static,unknown,-1.0,4.32,0.0,0.22,2,2.44,3.27,1.43
1784032820.175,person,metal,7.9,1.01,0.01,1.1,15,0.99,0.16,0.07
1784032820.175,static,fabric,-2.2,3.88,0.0,0.16,4,3.46,-1.64,0.68
1784032820.175,static,unknown,-1.0,4.32,0.0,0.22,2,2.44,3.27,1.43
1784032820.259,person,metal,8.5,1.04,0.01,1.1,15,1.02,0.18,0.09
1784032820.259,static,fabric,-2.5,3.88,0.0,0.16,4,3.46,-1.63,0.68
1784032820.259,static,unknown,-1.0,4.32,0.0,0.22,2,2.44,3.27,1.43
1784032820.337,person,metal,8.5,1.05,0.01,1.1,15,1.03,0.2,0.11
1784032820.337,static,fabric,-2.5,3.88,0.0,0.17,4,3.46,-1.64,0.68
1784032820.337,static,unknown,-1.0,4.32,0.0,0.22,2,2.44,3.27,1.43
1784032820.337,static,unknown,-1.3,7.94,0.0,0.27,3,7.88,-0.58,0.85
1784032820.416,person,metal,9.3,1.06,0.01,1.1,15,1.03,0.21,0.12
1784032820.416,static,fabric,-2.7,3.88,0.0,0.17,4,3.46,-1.63,0.69
1784032820.416,static,unknown,-1.0,4.32,0.0,0.22,2,2.44,3.27,1.43
1784032820.416,static,unknown,-1.3,7.94,0.0,0.27,3,7.88,-0.57,0.84
1784032820.494,person,metal,10.5,1.06,0.01,1.1,15,1.03,0.22,0.12
1784032820.494,static,fabric,-2.7,3.89,0.0,0.17,4,3.46,-1.64,0.68
1784032820.494,static,unknown,-1.0,4.32,0.0,0.22,2,2.44,3.27,1.43
1784032820.494,static,unknown,-1.3,7.94,0.0,0.27,3,7.87,-0.58,0.84
1784032820.579,person,metal,10.5,1.07,0.01,1.1,15,1.04,0.23,0.12
1784032820.579,static,fabric,-2.7,3.88,0.0,0.17,4,3.46,-1.64,0.68
1784032820.579,static,unknown,-1.0,4.32,0.0,0.22,2,2.44,3.27,1.43
1784032820.579,static,unknown,-1.3,7.94,0.0,0.23,3,7.88,-0.55,0.83
1784032820.661,person,metal,10.5,1.07,0.01,1.1,15,1.04,0.22,0.11
1784032820.661,static,fabric,-2.7,3.88,0.0,0.17,4,3.45,-1.64,0.68
1784032820.661,static,unknown,-1.0,4.32,0.0,0.22,2,2.44,3.27,1.43
1784032820.661,static,unknown,-1.3,7.94,0.0,0.23,3,7.88,-0.55,0.83
1784032820.75,person,metal,10.5,1.07,0.01,1.1,15,1.04,0.22,0.11
1784032820.75,static,fabric,-2.7,3.88,0.0,0.17,4,3.45,-1.65,0.68
1784032820.75,static,unknown,-1.0,4.31,0.0,0.25,2,2.46,3.26,1.4
1784032820.75,static,unknown,-1.3,7.94,0.0,0.23,3,7.88,-0.55,0.83
1784032820.845,person,metal,10.5,1.07,0.01,1.1,15,1.04,0.2,0.11
1784032820.845,static,fabric,-2.7,3.88,0.0,0.16,4,3.45,-1.67,0.66
1784032820.845,static,unknown,-1.0,4.31,0.0,0.27,2,2.48,3.25,1.38
1784032820.845,static,unknown,-1.3,7.94,0.0,0.23,3,7.88,-0.55,0.83
1784032820.943,person,metal,9.4,1.07,0.01,1.1,15,1.04,0.18,0.11
1784032820.943,static,fabric,-2.7,3.88,0.0,0.16,4,3.44,-1.68,0.63
1784032820.943,static,unknown,-1.0,4.31,0.0,0.29,2,2.49,3.25,1.36
1784032820.943,static,unknown,-1.3,7.94,0.0,0.23,3,7.88,-0.55,0.83
1784032821.064,person,metal,9.4,1.06,0.01,1.1,15,1.05,0.15,0.12
1784032821.064,static,fabric,-2.7,3.88,0.0,0.16,4,3.44,-1.68,0.63
1784032821.064,static,unknown,-1.0,4.31,0.0,0.29,2,2.49,3.25,1.36
1784032821.064,static,unknown,-1.3,7.94,0.0,0.23,3,7.88,-0.55,0.83
1784032821.172,person,metal,9.3,1.06,0.01,1.1,15,1.04,0.11,0.16
1784032821.172,static,fabric,-2.7,3.88,0.0,0.16,4,3.44,-1.68,0.63
1784032821.172,static,unknown,-1.0,4.31,0.0,0.29,2,2.49,3.25,1.36
1784032821.172,static,unknown,-1.3,7.94,0.0,0.23,3,7.88,-0.55,0.83
1784032821.253,person,metal,9.3,1.06,0.01,1.1,15,1.05,0.08,0.18
1784032821.253,static,fabric,-2.7,3.88,0.0,0.16,4,3.44,-1.68,0.63
1784032821.253,static,unknown,-1.0,4.31,0.0,0.29,2,2.49,3.25,1.36
1784032821.253,static,unknown,-1.3,7.94,0.0,0.23,3,7.88,-0.55,0.83
1784032821.338,person,metal,8.9,1.06,0.01,1.09,15,1.04,0.06,0.2
1784032821.338,static,fabric,-2.7,3.88,0.0,0.16,4,3.44,-1.68,0.63
1784032821.338,static,unknown,-1.0,4.31,0.0,0.29,2,2.49,3.25,1.36
1784032821.338,static,unknown,-1.3,7.94,0.0,0.23,3,7.88,-0.55,0.83
1784032821.412,person,metal,8.9,1.06,0.01,1.09,15,1.04,0.04,0.21
1784032821.412,static,fabric,-2.7,3.88,0.0,0.16,4,3.44,-1.68,0.63
1784032821.412,static,unknown,-1.0,4.31,0.0,0.29,2,2.49,3.25,1.36
1784032821.412,static,unknown,-1.3,7.94,0.0,0.23,3,7.88,-0.55,0.83
1784032821.49,person,metal,8.7,1.06,0.01,1.09,15,1.04,0.03,0.21
1784032821.49,static,fabric,-2.7,3.88,0.0,0.16,4,3.44,-1.68,0.63
1784032821.49,static,unknown,-1.0,4.31,0.0,0.29,2,2.49,3.25,1.36
1784032821.49,static,unknown,-1.3,7.94,0.0,0.23,3,7.88,-0.55,0.83
1784032821.587,person,metal,8.2,1.06,0.01,1.09,15,1.04,0.03,0.22
1784032821.587,static,fabric,-2.7,3.88,0.0,0.16,4,3.44,-1.68,0.63
1784032821.587,static,unknown,-1.0,4.31,0.0,0.29,2,2.49,3.25,1.36
1784032821.587,static,unknown,-1.3,7.94,0.0,0.23,3,7.88,-0.55,0.83
1784032821.666,person,metal,8.2,1.06,0.01,1.09,15,1.03,0.04,0.22
1784032821.666,static,fabric,-2.7,3.88,0.0,0.16,4,3.44,-1.68,0.63
1784032821.666,static,unknown,-1.0,4.31,0.0,0.29,2,2.49,3.25,1.36
1784032821.666,static,unknown,-1.3,7.94,0.0,0.23,3,7.88,-0.55,0.83
1784032821.746,person,metal,7.9,1.05,0.01,1.09,15,1.03,0.03,0.23
1784032821.746,static,fabric,-2.7,3.88,0.0,0.16,4,3.44,-1.68,0.63
1784032821.746,static,unknown,-1.0,4.31,0.0,0.29,2,2.49,3.25,1.36
1784032821.746,static,unknown,-1.3,7.94,0.0,0.23,3,7.88,-0.55,0.83
1784032821.845,person,metal,7.8,1.05,0.01,1.08,15,1.03,0.03,0.23
1784032821.845,static,fabric,-2.7,3.88,0.0,0.16,4,3.44,-1.68,0.63
1784032821.845,static,unknown,-1.0,4.31,0.0,0.29,2,2.49,3.25,1.36
1784032821.845,static,unknown,-1.3,7.94,0.0,0.23,3,7.88,-0.55,0.83
1784032821.917,person,metal,7.8,1.04,0.01,1.08,15,1.02,0.04,0.23
1784032821.917,static,fabric,-2.7,3.88,0.0,0.16,4,3.44,-1.69,0.66
1784032821.917,static,unknown,-1.0,4.31,0.0,0.29,2,2.49,3.25,1.36
1784032821.917,static,unknown,-1.3,7.94,0.0,0.23,3,7.88,-0.55,0.83
1784032822.012,person,metal,7.3,1.04,0.01,1.08,15,1.01,0.04,0.23
1784032822.012,static,fabric,-2.7,3.88,0.0,0.15,4,3.43,-1.69,0.68
1784032822.012,static,unknown,-1.0,4.31,0.0,0.29,2,2.49,3.25,1.36
1784032822.012,static,unknown,-1.3,7.94,0.0,0.23,3,7.88,-0.55,0.83
1784032822.113,person,metal,7.3,1.04,0.01,1.08,15,1.01,0.03,0.22
1784032822.113,static,fabric,-2.9,3.88,0.0,0.15,4,3.43,-1.69,0.69
1784032822.113,static,unknown,-1.0,4.31,0.0,0.29,2,2.49,3.25,1.36
1784032822.186,person,metal,7.3,1.04,0.01,1.08,15,1.02,0.03,0.2
1784032822.186,static,fabric,-2.9,3.88,0.0,0.15,4,3.42,-1.7,0.7
1784032822.186,static,unknown,-1.0,4.31,0.0,0.29,2,2.49,3.25,1.36
1784032822.259,person,metal,7.3,1.04,0.01,1.08,15,1.02,0.03,0.19
1784032822.259,static,fabric,-2.9,3.88,0.0,0.15,4,3.42,-1.7,0.7
1784032822.259,static,unknown,-1.0,4.31,0.0,0.29,2,2.49,3.25,1.36
1784032822.352,person,metal,7.3,1.03,0.01,1.07,15,1.02,0.02,0.18
1784032822.352,static,fabric,-2.9,3.88,0.0,0.15,4,3.42,-1.7,0.7
1784032822.352,static,unknown,-1.0,4.31,0.0,0.29,2,2.49,3.25,1.36
1784032822.436,person,metal,7.3,1.03,0.01,1.07,15,1.01,0.02,0.19
1784032822.436,static,fabric,-2.9,3.88,0.0,0.15,4,3.42,-1.7,0.7
1784032822.436,static,unknown,-1.0,4.31,0.0,0.29,2,2.49,3.25,1.36
1784032822.505,person,metal,6.7,1.03,0.01,1.07,15,1.01,0.02,0.19
1784032822.505,static,fabric,-2.9,3.88,0.0,0.15,4,3.42,-1.7,0.7
1784032822.607,person,metal,6.1,1.02,0.01,1.07,15,1.0,0.03,0.19
1784032822.607,static,fabric,-2.9,3.88,0.0,0.15,4,3.42,-1.7,0.7
1784032822.68,person,metal,6.1,1.01,0.01,1.07,14,0.99,0.03,0.2
1784032822.68,static,fabric,-2.9,3.88,0.0,0.15,4,3.42,-1.7,0.7
1784032822.787,person,metal,6.1,1.0,0.01,1.06,14,0.98,0.02,0.21
1784032822.787,static,fabric,-2.9,3.88,0.0,0.15,4,3.42,-1.7,0.7
1784032822.866,person,metal,6.1,1.0,0.01,1.06,14,0.98,0.02,0.2
1784032822.866,static,fabric,-2.9,3.88,0.0,0.15,4,3.42,-1.7,0.7
1784032822.949,person,metal,6.1,1.02,0.01,1.06,14,1.0,0.02,0.21
1784032822.949,static,fabric,-2.9,3.88,0.0,0.15,4,3.42,-1.7,0.7
1784032823.046,person,metal,6.0,1.03,0.01,1.06,14,1.01,0.02,0.21
1784032823.046,static,fabric,-2.9,3.88,0.0,0.15,4,3.42,-1.7,0.7
1784032823.15,person,metal,6.0,1.04,0.01,1.06,14,1.02,0.02,0.21
1784032823.15,static,fabric,-2.9,3.88,0.0,0.15,4,3.42,-1.7,0.7
1784032823.227,person,metal,6.0,1.05,0.01,1.06,14,1.03,0.02,0.21
1784032823.227,static,fabric,-2.9,3.88,0.0,0.15,4,3.42,-1.7,0.7
1784032823.336,person,metal,5.9,1.07,0.01,1.06,14,1.04,0.05,0.21
1784032823.336,static,fabric,-2.9,3.88,0.0,0.15,4,3.42,-1.7,0.7
1784032823.413,person,metal,5.9,1.08,0.01,1.05,14,1.05,0.06,0.21
1784032823.413,static,fabric,-2.9,3.88,0.0,0.15,4,3.42,-1.7,0.7
1784032823.513,person,metal,5.9,1.07,0.01,1.05,14,1.05,0.08,0.19
1784032823.513,static,fabric,-2.9,3.88,0.0,0.15,4,3.42,-1.7,0.7
1784032823.587,person,metal,5.9,1.07,0.01,1.05,14,1.05,0.09,0.19
1784032823.587,static,fabric,-2.9,3.88,0.0,0.15,4,3.42,-1.7,0.7
1784032823.661,person,metal,5.9,1.07,0.01,1.05,14,1.05,0.09,0.18
1784032823.661,static,fabric,-2.9,3.88,0.0,0.14,4,3.42,-1.7,0.71
1784032823.76,person,metal,5.9,1.06,0.01,1.05,14,1.05,0.08,0.17
1784032823.76,static,fabric,-2.9,3.88,0.0,0.14,4,3.42,-1.7,0.72
1784032823.839,person,metal,5.9,1.05,0.01,1.04,14,1.04,0.06,0.16
1784032823.839,static,fabric,-2.9,3.88,0.0,0.14,4,3.42,-1.7,0.72
1784032823.946,person,metal,5.9,1.05,0.01,1.04,14,1.04,0.05,0.15
1784032823.946,static,fabric,-2.9,3.88,0.0,0.13,4,3.42,-1.7,0.72
1784032824.023,person,metal,5.9,1.05,0.01,1.04,14,1.04,0.04,0.14
1784032824.023,static,fabric,-2.9,3.89,0.0,0.13,4,3.42,-1.7,0.72
1784032824.1,person,metal,5.9,1.05,0.01,1.03,14,1.04,0.04,0.14
1784032824.1,static,fabric,-2.9,3.88,0.0,0.13,4,3.42,-1.7,0.71
1784032824.204,person,metal,5.9,1.05,0.01,1.03,14,1.04,0.04,0.14
1784032824.204,static,fabric,-2.9,3.88,0.0,0.13,4,3.42,-1.7,0.7
1784032824.3,person,metal,5.9,1.05,0.01,1.03,14,1.04,0.05,0.14
1784032824.3,static,fabric,-2.9,3.88,0.0,0.13,4,3.42,-1.7,0.7
1784032824.383,person,metal,6.0,1.06,0.01,1.03,14,1.05,0.05,0.15
1784032824.383,static,fabric,-2.9,3.88,0.0,0.12,4,3.42,-1.7,0.69
1784032824.477,person,metal,6.0,1.07,0.01,1.03,14,1.06,0.06,0.15
1784032824.477,static,fabric,-2.9,3.88,0.0,0.12,4,3.43,-1.69,0.7
1784032824.575,person,metal,6.0,1.07,0.01,1.02,14,1.06,0.06,0.15
1784032824.575,static,fabric,-2.9,3.88,0.0,0.13,4,3.43,-1.67,0.7
1784032824.642,person,metal,6.0,1.08,0.01,1.02,14,1.07,0.06,0.15
1784032824.642,static,fabric,-2.9,3.88,0.0,0.13,4,3.44,-1.65,0.71
1784032824.726,person,metal,6.1,1.08,0.01,1.02,14,1.07,0.06,0.15
1784032824.726,static,fabric,-2.9,3.88,0.0,0.13,4,3.45,-1.63,0.71
1784032824.811,person,metal,6.8,1.08,0.01,1.02,14,1.07,0.06,0.15
1784032824.811,static,fabric,-2.9,3.88,0.0,0.12,4,3.46,-1.62,0.72
1784032824.909,person,metal,6.8,1.07,0.01,1.02,14,1.06,0.07,0.15
1784032824.909,static,fabric,-2.9,3.88,0.0,0.12,4,3.46,-1.6,0.72
1784032825.013,person,metal,7.5,1.06,0.01,1.02,14,1.05,0.07,0.15
1784032825.013,static,fabric,-2.9,3.88,0.0,0.12,4,3.46,-1.59,0.73
1784032825.123,person,metal,7.6,1.05,0.01,1.01,14,1.04,0.08,0.15
1784032825.123,static,fabric,-2.9,3.88,0.0,0.12,4,3.47,-1.59,0.73
1784032825.198,person,metal,7.6,1.05,0.01,1.01,14,1.04,0.09,0.15
1784032825.198,static,fabric,-2.9,3.88,0.0,0.12,4,3.47,-1.59,0.73
1784032825.295,person,metal,7.7,1.05,0.01,1.01,14,1.03,0.1,0.15
1784032825.295,static,fabric,-2.9,3.88,0.0,0.12,4,3.47,-1.59,0.73
1784032825.397,person,metal,7.7,1.05,0.01,1.0,14,1.03,0.1,0.15
1784032825.397,static,fabric,-2.9,3.88,0.0,0.12,4,3.47,-1.59,0.73
1784032825.466,person,metal,7.7,1.05,0.01,1.0,14,1.03,0.11,0.15
1784032825.466,static,fabric,-2.9,3.88,0.0,0.12,4,3.46,-1.61,0.7
1784032825.561,person,metal,7.9,1.05,0.01,1.0,14,1.03,0.11,0.15
1784032825.561,static,fabric,-2.9,3.88,0.0,0.12,4,3.46,-1.62,0.69
1784032825.638,person,metal,7.9,1.05,0.01,1.0,14,1.03,0.11,0.15
1784032825.638,static,fabric,-2.9,3.89,0.0,0.12,4,3.47,-1.62,0.68
1784032825.741,person,metal,8.0,1.05,0.01,0.99,14,1.03,0.12,0.15
1784032825.741,static,fabric,-2.9,3.88,0.0,0.12,4,3.46,-1.63,0.67
1784032825.816,person,metal,8.2,1.05,0.01,0.99,14,1.03,0.12,0.15
1784032825.816,static,fabric,-2.9,3.89,0.0,0.12,4,3.47,-1.62,0.67
1784032825.924,person,metal,8.2,1.04,0.01,0.99,14,1.02,0.12,0.15
1784032825.924,static,fabric,-2.9,3.88,0.0,0.12,4,3.46,-1.63,0.66
1784032826.024,person,metal,8.2,1.03,0.01,0.98,14,1.02,0.12,0.16
1784032826.024,static,fabric,-2.9,3.88,0.0,0.12,4,3.46,-1.64,0.65
1784032826.098,person,metal,8.2,1.03,0.01,0.98,14,1.01,0.12,0.16
1784032826.098,static,fabric,-2.9,3.88,0.0,0.12,4,3.46,-1.64,0.64
1784032826.201,person,metal,8.2,1.04,0.01,0.98,14,1.02,0.11,0.17
1784032826.201,static,fabric,-2.9,3.88,0.0,0.12,4,3.46,-1.65,0.63
1784032826.307,person,metal,8.2,1.04,0.01,0.98,14,1.02,0.11,0.19
1784032826.307,static,fabric,-2.9,3.88,0.0,0.12,4,3.46,-1.65,0.64
1784032826.382,person,metal,8.2,1.05,0.01,0.98,14,1.03,0.11,0.2
1784032826.382,static,fabric,-2.9,3.88,0.0,0.12,4,3.46,-1.65,0.64
1784032826.484,person,metal,8.0,1.05,0.01,0.98,14,1.03,0.1,0.2
1784032826.484,static,fabric,-2.9,3.88,0.0,0.12,4,3.46,-1.64,0.65
1784032826.58,person,metal,7.9,1.05,0.01,0.98,14,1.03,0.1,0.19
1784032826.58,static,fabric,-2.9,3.88,0.0,0.13,4,3.46,-1.64,0.67
1784032826.666,person,metal,7.9,1.04,0.01,0.97,14,1.02,0.1,0.18
1784032826.666,static,fabric,-2.9,3.88,0.0,0.12,4,3.46,-1.62,0.7
1784032826.773,person,metal,7.9,1.03,0.01,0.97,13,1.01,0.1,0.16
1784032826.773,static,fabric,-2.9,3.88,0.0,0.12,4,3.46,-1.62,0.7
1784032826.844,person,metal,8.2,1.02,0.01,0.97,13,1.0,0.1,0.15
1784032826.844,static,fabric,-2.9,3.88,0.0,0.12,4,3.46,-1.62,0.7
1784032826.932,person,metal,8.2,1.01,0.01,0.97,13,1.0,0.1,0.13
1784032826.932,static,fabric,-2.9,3.88,0.0,0.12,4,3.46,-1.62,0.7
1784032827.014,person,metal,8.2,1.01,0.01,0.97,13,1.0,0.09,0.13
1784032827.014,static,fabric,-2.9,3.88,0.0,0.12,4,3.46,-1.62,0.7
1784032827.116,person,metal,8.2,1.01,0.01,0.97,13,1.0,0.09,0.11
1784032827.116,static,fabric,-2.9,3.88,0.0,0.12,4,3.46,-1.62,0.7
1784032827.201,person,metal,8.2,1.01,0.01,0.97,13,1.0,0.09,0.09
1784032827.201,static,fabric,-2.9,3.88,0.0,0.12,4,3.46,-1.62,0.7
1784032827.305,person,metal,8.0,1.01,0.01,0.96,13,1.0,0.08,0.08
1784032827.305,static,fabric,-2.9,3.88,0.0,0.12,4,3.46,-1.62,0.7
1784032827.381,person,metal,7.7,1.01,0.01,0.96,13,1.01,0.08,0.07
1784032827.381,static,fabric,-2.9,3.88,0.0,0.12,4,3.46,-1.62,0.7
1784032827.485,person,metal,7.1,1.01,0.01,0.96,13,1.01,0.08,0.06
1784032827.485,static,fabric,-2.9,3.88,0.0,0.12,4,3.46,-1.62,0.7
1784032827.559,person,metal,6.8,1.02,0.01,0.96,13,1.02,0.07,0.07
1784032827.559,static,fabric,-2.9,3.88,0.0,0.12,4,3.46,-1.62,0.7
1784032827.657,person,metal,6.6,1.03,0.01,0.96,13,1.03,0.07,0.1
1784032827.657,static,fabric,-2.9,3.88,0.0,0.12,4,3.46,-1.62,0.7
1784032827.731,person,mid,6.6,1.04,0.01,0.96,13,1.04,0.06,0.11
1784032827.731,static,fabric,-2.9,3.88,0.0,0.12,4,3.46,-1.62,0.7
1784032827.839,person,mid,6.3,1.05,0.01,0.96,13,1.04,0.05,0.13
1784032827.839,static,fabric,-2.9,3.88,0.0,0.12,4,3.46,-1.62,0.7
1784032827.946,person,mid,5.9,1.07,0.01,0.96,13,1.06,0.04,0.15
1784032827.946,static,fabric,-2.9,3.88,0.0,0.12,4,3.46,-1.62,0.7
1784032828.035,person,mid,5.7,1.07,0.01,0.96,13,1.06,0.03,0.16
1784032828.035,static,fabric,-2.9,3.88,0.0,0.12,4,3.46,-1.62,0.7
1784032828.127,person,mid,5.6,1.07,0.01,0.96,13,1.06,0.01,0.16
1784032828.127,static,fabric,-2.9,3.88,0.0,0.12,4,3.46,-1.62,0.7
1784032828.201,person,mid,5.6,1.07,0.01,0.96,13,1.06,0.0,0.16
1784032828.301,person,mid,5.6,1.06,0.01,0.95,13,1.06,-0.0,0.13
1784032828.388,person,mid,5.5,1.06,0.01,0.95,13,1.05,-0.0,0.1
1784032828.47,person,mid,5.6,1.04,0.01,0.95,13,1.04,0.01,0.06
1784032828.541,person,mid,5.6,1.03,0.01,0.95,13,1.03,0.03,0.04
1784032828.637,person,mid,5.6,1.02,0.01,0.95,13,1.02,0.05,0.01
1784032828.709,person,mid,5.6,1.01,0.01,0.95,13,1.01,0.07,-0.0
1784032828.79,person,mid,5.6,1.01,0.01,0.95,13,1.01,0.07,0.0
1784032828.889,person,mid,5.5,1.0,0.01,0.95,13,1.0,0.07,0.02
1784032828.966,person,mid,5.5,1.0,0.01,0.95,13,1.0,0.06,0.07
1784032829.064,person,mid,5.4,1.01,0.01,0.95,13,1.01,0.04,0.1
1784032829.142,person,mid,5.4,1.02,0.01,0.95,13,1.01,0.03,0.12
1784032829.25,person,mid,5.3,1.03,0.01,0.95,13,1.02,0.02,0.14
1784032829.326,person,mid,5.3,1.03,0.01,0.95,13,1.02,0.02,0.15
1784032829.422,person,mid,5.3,1.04,0.01,0.95,13,1.03,0.02,0.15
1784032829.422,static,fabric,-2.7,3.88,0.0,0.05,2,3.43,-1.7,0.65
1784032829.534,person,mid,5.3,1.04,0.01,0.95,13,1.03,0.01,0.15
1784032829.534,static,fabric,-2.7,3.88,0.0,0.05,2,3.43,-1.7,0.65
1784032829.619,person,mid,5.3,1.04,0.01,0.95,13,1.03,0.0,0.16
1784032829.619,static,fabric,-2.7,3.88,0.0,0.05,2,3.43,-1.7,0.65
1784032829.727,person,mid,5.3,1.04,0.01,0.95,13,1.03,0.0,0.17
1784032829.727,static,fabric,-2.7,3.88,0.0,0.05,2,3.43,-1.7,0.65
1784032829.815,person,mid,5.3,1.04,0.01,0.95,13,1.02,0.0,0.18
1784032829.815,static,fabric,-2.7,3.88,0.0,0.05,2,3.43,-1.7,0.65
1784032829.926,person,mid,5.3,1.03,0.01,0.95,13,1.01,0.02,0.18
1784032829.926,static,fabric,-2.7,3.88,0.0,0.05,2,3.43,-1.7,0.65
1784032829.996,person,mid,5.3,1.02,0.01,0.94,13,1.0,0.03,0.17
1784032829.996,static,fabric,-2.7,3.88,0.0,0.05,2,3.43,-1.7,0.65
1784032830.094,person,mid,5.3,1.02,0.01,0.94,13,1.0,0.04,0.17
1784032830.094,static,fabric,-2.7,3.88,0.0,0.05,2,3.43,-1.7,0.65
1784032830.172,person,metal,5.3,1.02,0.01,0.94,13,1.0,0.05,0.17
1784032830.172,static,fabric,-2.7,3.88,0.0,0.05,2,3.43,-1.7,0.65
1784032830.307,person,metal,5.5,1.02,0.01,0.94,13,1.0,0.05,0.18
1784032830.307,static,fabric,-2.7,3.88,0.0,0.05,2,3.43,-1.7,0.65
1784032830.475,person,metal,5.5,1.02,0.01,0.93,13,1.0,0.05,0.19
1784032830.475,static,fabric,-2.7,3.88,0.0,0.05,2,3.43,-1.7,0.65
1784032830.635,person,metal,5.5,1.02,0.01,0.93,13,1.0,0.04,0.21
1784032830.635,static,fabric,-2.7,3.88,0.0,0.05,2,3.43,-1.7,0.65
1784032830.76,person,metal,5.5,1.03,0.01,0.93,13,1.0,0.03,0.22
1784032830.76,static,fabric,-2.7,3.88,0.0,0.05,2,3.43,-1.7,0.65
1784032830.876,person,metal,5.5,1.05,0.01,0.93,13,1.02,0.02,0.23
1784032830.876,static,fabric,-2.7,3.88,0.0,0.05,2,3.43,-1.7,0.65
1784032830.984,person,metal,5.3,1.06,0.01,0.93,13,1.03,0.02,0.23
1784032831.063,person,metal,5.3,1.07,0.01,0.93,13,1.05,0.04,0.24
1784032831.176,person,metal,5.2,1.09,0.01,0.93,13,1.06,0.05,0.23
1784032831.273,person,metal,5.2,1.09,0.01,0.93,13,1.07,0.07,0.23
1784032831.396,person,metal,5.1,1.1,0.01,0.93,13,1.07,0.09,0.22
1784032831.51,person,metal,5.0,1.1,0.01,0.93,13,1.07,0.11,0.21
1784032831.622,person,metal,4.7,1.1,0.01,0.92,13,1.07,0.11,0.22
1784032831.741,person,metal,4.6,1.1,0.01,0.92,13,1.07,0.11,0.21
1784032831.859,person,metal,4.6,1.1,0.01,0.92,13,1.07,0.11,0.22
1784032831.968,person,metal,4.5,1.09,0.01,0.92,13,1.07,0.1,0.21
1784032832.083,person,metal,4.1,1.09,0.01,0.92,13,1.07,0.08,0.2
1784032832.199,person,metal,4.1,1.09,0.01,0.92,13,1.07,0.05,0.2
1784032832.31,person,metal,4.1,1.08,0.01,0.92,13,1.06,0.01,0.19
1784032832.404,person,metal,4.1,1.08,0.01,0.92,13,1.06,-0.01,0.2
1784032832.506,person,metal,4.1,1.07,0.01,0.92,13,1.05,-0.03,0.21
1784032832.624,person,metal,4.2,1.07,0.01,0.92,13,1.05,-0.04,0.22
1784032832.728,person,metal,4.2,1.08,0.01,0.92,13,1.05,-0.04,0.23
1784032832.823,person,metal,4.2,1.08,0.01,0.92,13,1.06,-0.03,0.24
1784032832.94,person,metal,4.1,1.09,0.01,0.92,13,1.06,-0.03,0.22
1784032833.062,person,metal,4.1,1.09,0.01,0.92,13,1.07,-0.02,0.21
1784032833.165,person,metal,4.1,1.09,0.01,0.92,13,1.08,-0.02,0.2
1784032833.262,person,mid,4.1,1.1,0.01,0.91,13,1.08,-0.01,0.18
1784032833.367,person,mid,4.1,1.11,0.01,0.91,13,1.09,0.02,0.18
1784032833.489,person,mid,4.1,1.12,0.01,0.91,13,1.1,0.05,0.2
1784032833.61,person,mid,4.1,1.12,0.01,0.91,13,1.09,0.08,0.22
1784032833.723,person,mid,4.1,1.12,0.01,0.91,13,1.09,0.09,0.23
1784032833.834,person,metal,4.1,1.12,0.01,0.91,13,1.1,0.08,0.23
1784032833.935,person,metal,4.1,1.12,0.01,0.91,13,1.1,0.07,0.23
1784032834.042,person,metal,4.1,1.12,0.01,0.91,13,1.09,0.08,0.21
1784032834.161,person,metal,4.1,1.11,0.01,0.91,13,1.09,0.08,0.2
1784032834.239,person,metal,4.2,1.11,0.01,0.91,13,1.09,0.08,0.2
1784032834.331,person,metal,4.5,1.11,0.01,0.91,13,1.09,0.07,0.19
1784032834.417,person,metal,5.0,1.11,0.01,0.91,13,1.09,0.07,0.19
1784032834.576,person,metal,5.5,1.11,0.01,0.91,13,1.09,0.06,0.2
1784032834.712,person,metal,5.9,1.11,0.01,0.91,13,1.09,0.03,0.2
1784032834.836,person,metal,6.0,1.1,0.01,0.91,13,1.08,0.02,0.2
1784032834.957,person,metal,6.1,1.1,0.01,0.91,13,1.08,-0.01,0.21
1784032835.066,person,metal,6.5,1.1,0.0,0.91,13,1.08,-0.04,0.21
1784032835.178,person,metal,6.7,1.1,0.0,0.91,13,1.08,-0.06,0.21
1784032835.286,person,metal,7.0,1.08,0.0,0.91,13,1.06,-0.06,0.2
1784032835.406,person,metal,7.6,1.06,0.0,0.91,13,1.04,-0.07,0.19
1784032835.524,person,metal,8.5,1.04,0.0,0.91,13,1.02,-0.06,0.18
1784032835.617,person,metal,9.1,1.01,0.0,0.9,13,1.0,-0.05,0.16
1784032835.722,person,metal,9.6,1.01,0.0,0.9,13,0.99,-0.04,0.16
1784032835.833,person,metal,9.9,1.01,0.0,0.9,13,1.0,-0.01,0.15
1784032835.958,person,metal,9.9,1.02,0.0,0.9,13,1.01,0.01,0.15
1784032836.06,person,metal,9.9,1.04,0.0,0.9,13,1.03,0.03,0.15
1784032836.168,person,metal,9.9,1.05,0.0,0.9,13,1.04,0.04,0.16
1784032836.168,static,fabric,-3.0,3.75,-0.07,0.34,2,3.35,-1.55,0.7
1784032836.275,person,metal,9.9,1.06,0.0,0.9,13,1.05,0.05,0.16
1784032836.275,static,fabric,-3.0,3.8,-0.06,0.32,2,3.38,-1.58,0.71
1784032836.374,person,metal,9.9,1.07,0.0,0.9,13,1.06,0.05,0.15
1784032836.374,static,fabric,-3.0,3.83,-0.05,0.29,2,3.41,-1.6,0.68
1784032836.478,person,metal,9.6,1.07,0.0,0.9,13,1.07,0.04,0.13
1784032836.478,static,fabric,-3.0,3.85,-0.04,0.28,2,3.42,-1.62,0.67
1784032836.564,person,metal,9.6,1.07,0.0,0.9,13,1.07,0.05,0.08
1784032836.564,static,fabric,-3.0,3.86,-0.03,0.27,2,3.43,-1.64,0.66
1784032836.663,person,metal,9.6,1.07,0.0,0.9,13,1.07,0.04,0.06
1784032836.663,static,fabric,-3.0,3.87,-0.03,0.25,2,3.43,-1.64,0.66
1784032836.768,person,metal,9.5,1.07,0.0,0.9,13,1.07,0.03,0.04
1784032836.768,static,fabric,-3.0,3.87,-0.02,0.24,2,3.44,-1.65,0.67
1784032836.861,person,metal,9.5,1.07,0.0,0.9,13,1.07,0.02,0.04
1784032836.861,static,fabric,-3.0,3.88,-0.02,0.22,3,3.43,-1.67,0.66
1784032836.966,person,metal,9.5,1.07,0.0,0.9,13,1.06,0.02,0.04
1784032836.966,static,fabric,-3.0,3.88,-0.02,0.21,3,3.43,-1.68,0.65
1784032837.075,person,metal,9.3,1.07,0.0,0.9,13,1.07,0.0,0.08
1784032837.075,static,fabric,-3.0,3.88,-0.02,0.19,3,3.43,-1.69,0.64
1784032837.166,person,metal,9.3,1.07,0.0,0.9,13,1.07,-0.0,0.11
1784032837.166,static,fabric,-3.0,3.88,-0.01,0.19,3,3.44,-1.68,0.65
1784032837.263,person,metal,9.3,1.08,0.0,0.89,13,1.07,-0.01,0.12
1784032837.263,static,fabric,-3.0,3.88,-0.01,0.19,3,3.44,-1.67,0.66
1784032837.369,person,metal,9.3,1.07,0.0,0.89,13,1.07,-0.02,0.13
1784032837.369,static,fabric,-3.0,3.88,-0.01,0.19,3,3.45,-1.66,0.67
1784032837.459,person,metal,9.1,1.07,0.0,0.89,13,1.06,-0.01,0.14
1784032837.459,static,fabric,-3.0,3.88,-0.01,0.19,3,3.45,-1.65,0.68
1784032837.541,person,metal,8.7,1.06,0.0,0.89,13,1.05,-0.01,0.13
1784032837.541,static,fabric,-3.0,3.88,-0.01,0.19,3,3.45,-1.65,0.69
1784032837.633,person,metal,8.6,1.05,0.0,0.89,13,1.05,-0.01,0.13
1784032837.633,static,fabric,-3.0,3.88,-0.01,0.19,3,3.45,-1.65,0.69
1784032837.716,person,metal,8.5,1.05,0.0,0.89,13,1.04,0.0,0.1
1784032837.716,static,fabric,-3.0,3.88,-0.01,0.19,3,3.45,-1.65,0.69
1784032837.817,person,metal,6.6,1.04,0.0,0.89,13,1.04,0.02,0.1
1784032837.817,static,fabric,-3.0,3.88,-0.01,0.19,3,3.45,-1.65,0.69
1784032837.938,person,metal,6.3,1.04,0.0,0.89,13,1.04,0.02,0.09
1784032837.938,static,fabric,-3.0,3.88,-0.01,0.19,3,3.45,-1.65,0.69
1784032838.067,person,metal,5.8,1.04,0.0,0.89,13,1.03,0.05,0.09
1784032838.067,static,fabric,-3.0,3.88,-0.01,0.19,3,3.45,-1.65,0.69
1784032838.18,person,metal,5.8,1.03,0.0,0.89,13,1.03,0.07,0.09
1784032838.18,static,fabric,-3.0,3.88,-0.01,0.19,3,3.45,-1.65,0.69
1784032838.292,person,metal,5.8,1.04,0.0,0.89,13,1.03,0.08,0.12
1784032838.292,static,fabric,-3.0,3.88,-0.01,0.19,3,3.45,-1.65,0.69
1784032838.412,person,metal,5.8,1.04,0.0,0.89,13,1.03,0.08,0.1
1784032838.412,static,fabric,-3.0,3.88,-0.01,0.19,3,3.45,-1.65,0.69
1784032838.523,person,metal,6.3,1.04,0.0,0.89,13,1.03,0.04,0.12
1784032838.523,static,fabric,-3.0,3.88,-0.01,0.18,3,3.45,-1.62,0.72
1784032838.64,person,metal,6.3,1.04,0.0,0.89,13,1.03,0.01,0.13
1784032838.64,static,fabric,-3.0,3.88,-0.01,0.18,3,3.45,-1.62,0.73
1784032838.757,person,metal,6.3,1.04,0.0,0.89,13,1.03,-0.01,0.15
1784032838.757,static,fabric,-3.0,3.88,-0.01,0.18,3,3.45,-1.63,0.73
1784032838.886,person,metal,6.3,1.06,0.0,0.89,13,1.05,-0.03,0.13
1784032838.886,static,fabric,-3.0,3.88,-0.01,0.18,3,3.44,-1.63,0.73
1784032839.005,person,metal,6.3,1.07,0.0,0.89,13,1.07,-0.04,0.1
1784032839.005,static,fabric,-3.0,3.88,-0.01,0.18,3,3.44,-1.63,0.73
1784032839.116,person,metal,6.6,1.08,0.0,0.89,13,1.08,-0.04,0.08
1784032839.116,static,fabric,-3.0,3.88,-0.01,0.18,3,3.44,-1.63,0.73
1784032839.232,person,metal,6.6,1.09,0.0,0.89,13,1.09,-0.05,0.06
1784032839.232,static,fabric,-3.0,3.88,-0.01,0.18,3,3.45,-1.64,0.72
1784032839.351,person,metal,6.6,1.12,0.0,0.89,13,1.11,-0.03,0.08
1784032839.351,static,fabric,-3.0,3.88,-0.01,0.18,3,3.45,-1.63,0.73
1784032839.468,person,metal,6.7,1.12,0.0,0.89,13,1.11,-0.02,0.09
1784032839.468,static,fabric,-3.0,3.88,-0.01,0.18,3,3.45,-1.63,0.73
1784032839.597,person,metal,6.7,1.09,0.0,0.89,13,1.09,0.0,0.08
1784032839.597,static,fabric,-3.0,3.88,-0.01,0.17,3,3.45,-1.61,0.75
1784032839.724,person,metal,8.5,1.1,0.0,0.9,13,1.09,0.0,0.07
1784032839.724,static,fabric,-3.0,3.88,-0.01,0.17,3,3.45,-1.61,0.75
1784032839.839,person,metal,8.5,1.02,0.0,0.9,13,1.02,-0.0,0.06
1784032839.839,static,fabric,-3.0,3.88,-0.01,0.17,3,3.45,-1.61,0.75
1784032839.953,person,metal,8.5,1.01,-0.0,0.9,13,1.01,-0.01,0.06
1784032839.953,static,fabric,-3.0,3.88,-0.01,0.17,3,3.45,-1.61,0.75
1784032840.057,person,metal,8.5,0.99,-0.0,0.91,13,0.99,-0.01,0.06
1784032840.057,static,fabric,-3.0,3.88,-0.01,0.17,3,3.45,-1.61,0.75
1784032840.188,person,metal,8.6,0.95,-0.0,0.91,13,0.95,-0.0,0.05
1784032840.188,static,fabric,-3.0,3.88,-0.01,0.17,3,3.45,-1.61,0.75
1784032840.324,person,metal,9.0,0.89,-0.0,0.91,13,0.89,0.02,0.05
1784032840.324,static,fabric,-3.0,3.88,-0.01,0.17,3,3.45,-1.61,0.75
1784032840.324,static,unknown,-1.2,4.32,0.0,0.12,2,2.22,3.37,1.52
1784032840.448,person,metal,9.3,0.85,-0.0,0.91,13,0.84,0.03,0.05
1784032840.448,static,fabric,-3.0,3.88,-0.01,0.17,3,3.45,-1.61,0.75
1784032840.448,static,unknown,-1.2,4.32,0.0,0.12,2,2.22,3.37,1.53
1784032840.597,person,metal,10.0,0.79,-0.0,0.91,13,0.79,0.05,0.06
1784032840.597,static,fabric,-3.0,3.88,-0.01,0.17,3,3.45,-1.61,0.75
1784032840.597,static,unknown,-1.2,4.32,0.0,0.12,2,2.22,3.37,1.53
1784032840.7,person,metal,10.2,0.75,-0.0,0.91,13,0.74,0.07,0.07
1784032840.7,static,fabric,-3.0,3.88,-0.01,0.17,3,3.45,-1.61,0.75
1784032840.7,static,unknown,-1.2,4.32,0.0,0.12,2,2.22,3.37,1.53
1784032840.839,person,metal,11.0,0.75,-0.0,0.91,13,0.75,0.04,0.05
1784032840.839,static,fabric,-3.0,3.88,-0.01,0.17,3,3.45,-1.61,0.75
1784032840.839,static,unknown,-1.2,4.32,0.0,0.11,2,2.22,3.37,1.53
1784032840.962,person,metal,13.4,0.77,-0.0,0.91,13,0.77,0.01,0.02
1784032840.962,static,fabric,-3.0,3.88,-0.01,0.17,3,3.45,-1.61,0.75
1784032840.962,static,unknown,-1.2,4.32,0.0,0.1,2,2.22,3.37,1.53
1784032841.088,person,metal,13.7,0.8,-0.0,0.91,13,0.8,-0.03,0.01
1784032841.088,static,fabric,-3.0,3.88,-0.01,0.17,3,3.45,-1.61,0.75
1784032841.088,static,unknown,-1.2,4.32,0.0,0.09,2,2.22,3.37,1.53
1784032841.207,person,metal,13.7,0.82,-0.0,0.92,13,0.81,-0.05,0.01
1784032841.207,static,unknown,-1.1,4.32,0.0,0.12,2,2.26,3.36,1.5
1784032841.207,static,unknown,0.6,4.45,-0.2,0.32,2,3.81,2.09,0.97
1784032841.316,person,metal,12.5,0.83,-0.01,0.92,13,0.82,-0.08,0.01
1784032841.316,static,unknown,-1.1,4.32,0.0,0.14,3,2.28,3.35,1.49
1784032841.316,static,unknown,0.6,4.45,-0.2,0.32,2,3.81,2.09,0.97
1784032841.423,person,metal,11.0,0.83,-0.01,0.92,13,0.82,-0.11,0.02
1784032841.423,static,unknown,-1.1,4.32,0.0,0.16,3,2.3,3.35,1.47
1784032841.423,static,unknown,0.6,4.45,-0.2,0.32,2,3.81,2.09,0.97
1784032841.514,person,metal,9.2,0.86,-0.01,0.92,13,0.85,-0.11,0.05
1784032841.514,static,unknown,-1.1,4.32,0.0,0.17,3,2.31,3.34,1.46
1784032841.514,static,unknown,0.6,4.45,-0.2,0.32,2,3.81,2.09,0.97
1784032841.642,person,metal,8.6,0.9,-0.01,0.93,13,0.88,-0.17,0.05
1784032841.642,static,unknown,-1.1,4.32,0.0,0.19,3,2.33,3.33,1.45
1784032841.642,static,unknown,0.6,4.45,-0.2,0.32,2,3.81,2.09,0.97
1784032841.755,person,metal,8.2,0.91,-0.01,0.93,13,0.89,-0.19,0.05
1784032841.755,static,unknown,-1.1,4.32,0.0,0.22,3,2.34,3.31,1.48
1784032841.755,static,unknown,0.6,4.45,-0.2,0.32,2,3.81,2.09,0.97
1784032841.755,static,unknown,0.1,8.64,-0.08,0.56,2,8.27,-1.89,1.63
1784032841.869,person,metal,8.1,0.9,-0.01,0.93,13,0.88,-0.19,0.06
1784032841.869,static,unknown,-1.1,4.31,0.0,0.24,3,2.36,3.29,1.51
1784032841.869,static,unknown,0.6,4.45,-0.2,0.32,2,3.81,2.09,0.97
1784032841.869,static,unknown,0.1,8.64,-0.08,0.56,2,8.27,-1.89,1.63
1784032841.979,person,metal,7.4,0.81,-0.01,0.93,13,0.79,-0.19,0.03
1784032841.979,static,unknown,-1.1,4.31,0.0,0.26,3,2.37,3.27,1.52
1784032841.979,static,unknown,0.6,4.45,-0.2,0.32,2,3.81,2.09,0.97
1784032841.979,static,unknown,0.1,8.64,-0.08,0.56,2,8.27,-1.89,1.63
1784032842.072,person,metal,7.2,0.7,-0.01,0.93,13,0.69,-0.16,0.03
1784032842.072,static,unknown,-1.1,4.31,0.0,0.29,3,2.37,3.26,1.54
1784032842.072,static,unknown,0.6,4.45,-0.2,0.32,2,3.81,2.09,0.97
1784032842.072,static,unknown,0.1,8.64,-0.08,0.56,2,8.27,-1.89,1.63
1784032842.183,person,metal,6.0,0.61,-0.01,0.93,13,0.6,-0.11,0.04
1784032842.183,static,unknown,-1.1,4.31,0.0,0.29,3,2.35,3.25,1.59
1784032842.183,static,unknown,0.6,4.45,-0.2,0.32,2,3.81,2.09,0.97
1784032842.183,static,unknown,0.1,8.64,-0.08,0.56,2,8.27,-1.89,1.63
1784032842.295,person,metal,5.1,0.56,-0.01,0.93,13,0.55,-0.1,0.05
1784032842.295,static,unknown,-1.1,4.31,0.0,0.29,3,2.35,3.25,1.59
1784032842.295,static,unknown,0.6,4.45,-0.2,0.32,2,3.81,2.09,0.97
1784032842.295,static,unknown,0.1,8.64,-0.08,0.56,2,8.27,-1.89,1.63
1784032842.415,person,metal,4.7,0.53,-0.01,0.93,13,0.52,-0.08,0.06
1784032842.415,static,unknown,-1.1,4.31,0.0,0.29,3,2.35,3.25,1.59
1784032842.415,static,unknown,0.6,4.45,-0.2,0.32,2,3.81,2.09,0.97
1784032842.415,static,unknown,0.1,8.64,-0.08,0.56,2,8.27,-1.89,1.63
1784032842.532,person,metal,4.7,0.51,-0.01,0.93,13,0.5,-0.07,0.07
1784032842.532,static,unknown,-1.1,4.31,0.0,0.29,3,2.35,3.25,1.59
1784032842.532,static,unknown,0.6,4.45,-0.2,0.32,2,3.81,2.09,0.97
1784032842.532,static,unknown,0.1,8.64,-0.08,0.56,2,8.27,-1.89,1.63
1784032842.659,person,metal,4.7,0.5,-0.01,0.93,13,0.49,-0.06,0.06
1784032842.659,static,unknown,-1.1,4.31,0.0,0.29,3,2.35,3.25,1.59
1784032842.659,static,unknown,0.6,4.45,-0.2,0.32,2,3.81,2.09,0.97
1784032842.659,static,unknown,0.1,8.64,-0.08,0.56,2,8.27,-1.89,1.63
1784032842.78,person,metal,4.7,0.48,-0.01,0.93,13,0.48,-0.05,0.05
1784032842.78,static,unknown,-1.1,4.31,0.0,0.29,3,2.35,3.25,1.59
1784032842.78,static,unknown,0.1,8.64,-0.08,0.56,2,8.27,-1.89,1.63
1784032842.904,person,metal,4.7,0.47,-0.01,0.93,13,0.46,-0.05,0.04
1784032842.904,static,unknown,-1.1,4.31,0.0,0.29,3,2.35,3.25,1.59
1784032842.904,static,unknown,0.1,8.64,-0.08,0.56,2,8.27,-1.89,1.63
1784032843.023,person,metal,4.7,0.44,-0.01,0.93,13,0.44,-0.04,0.03
1784032843.023,static,unknown,-1.1,4.31,0.0,0.29,3,2.37,3.26,1.53
1784032843.023,static,unknown,0.1,8.64,-0.08,0.56,2,8.27,-1.89,1.63
1784032843.147,person,metal,4.7,0.41,-0.01,0.92,13,0.41,-0.05,0.03
1784032843.147,static,unknown,-1.1,4.31,0.0,0.3,3,2.36,3.28,1.51
1784032843.147,static,unknown,0.1,8.64,-0.08,0.56,2,8.27,-1.89,1.63
1784032843.268,person,metal,5.1,0.39,-0.01,0.92,13,0.38,-0.04,0.03
1784032843.268,static,unknown,-1.1,4.32,0.0,0.31,3,2.35,3.29,1.5
1784032843.419,person,metal,5.1,0.37,-0.01,0.92,13,0.37,-0.03,0.04
1784032843.419,static,unknown,-1.1,4.31,0.0,0.31,3,2.35,3.29,1.5
1784032843.554,person,metal,5.3,0.37,-0.01,0.92,13,0.37,0.0,0.06
1784032843.554,static,unknown,-1.1,4.31,0.0,0.32,3,2.34,3.3,1.5
1784032843.681,person,metal,6.0,0.38,-0.01,0.92,13,0.37,0.02,0.06
1784032843.681,static,unknown,-1.0,4.31,0.0,0.33,3,2.35,3.29,1.49
1784032843.777,person,metal,6.0,0.39,-0.01,0.92,13,0.38,0.04,0.05
1784032843.777,static,unknown,-1.0,4.31,0.0,0.33,3,2.36,3.29,1.49
1784032843.861,person,metal,6.9,0.4,-0.01,0.92,13,0.39,0.07,0.06
1784032843.861,static,unknown,-0.9,4.32,0.0,0.34,3,2.35,3.3,1.5
1784032843.934,person,metal,6.9,0.41,-0.01,0.92,13,0.39,0.1,0.05
1784032843.934,static,unknown,-0.9,4.32,0.0,0.34,3,2.36,3.3,1.48
1784032844.069,person,metal,6.9,0.41,-0.01,0.92,13,0.39,0.11,0.04
1784032844.069,static,unknown,-0.9,4.32,0.0,0.35,3,2.34,3.31,1.48
1784032844.208,person,metal,6.9,0.4,-0.01,0.92,13,0.39,0.11,0.05
1784032844.208,static,unknown,-0.7,4.32,0.0,0.35,3,2.33,3.32,1.48
1784032844.306,person,metal,6.9,0.39,-0.01,0.92,13,0.38,0.1,0.05
1784032844.306,static,unknown,-0.7,4.32,0.0,0.35,3,2.34,3.31,1.47
1784032844.422,person,metal,6.9,0.38,-0.01,0.91,13,0.37,0.06,0.05
1784032844.422,static,unknown,-0.7,4.32,0.0,0.35,3,2.34,3.31,1.47
1784032844.54,person,metal,6.9,0.37,-0.01,0.91,13,0.36,0.03,0.05
1784032844.54,static,unknown,-0.7,4.32,0.0,0.35,3,2.34,3.31,1.47
1784032844.675,person,metal,6.0,0.36,-0.01,0.91,13,0.35,0.03,0.05
1784032844.675,static,unknown,-0.7,4.32,0.0,0.35,3,2.34,3.31,1.47
1784032844.808,person,metal,6.0,0.37,-0.01,0.91,13,0.37,0.02,0.06
1784032844.808,static,unknown,-0.7,4.32,0.0,0.35,3,2.34,3.31,1.47
1784032844.932,person,metal,6.9,0.39,-0.01,0.91,13,0.39,0.02,0.06
1784032844.932,static,unknown,-0.7,4.32,0.0,0.35,3,2.34,3.31,1.47
1784032845.06,person,metal,6.0,0.42,-0.01,0.91,13,0.41,0.02,0.06
1784032845.06,static,unknown,-0.7,4.32,0.0,0.35,3,2.34,3.31,1.47
1784032845.185,person,metal,6.9,0.43,-0.01,0.91,13,0.43,0.02,0.05
1784032845.185,static,unknown,-0.7,4.32,0.0,0.35,3,2.34,3.31,1.47
1784032845.306,person,metal,6.0,0.44,-0.01,0.91,13,0.44,0.02,0.05
1784032845.306,static,unknown,-0.7,4.32,0.0,0.35,3,2.33,3.33,1.44
1784032845.428,person,metal,6.0,0.45,-0.01,0.9,13,0.45,0.02,0.05
1784032845.428,static,unknown,-0.7,4.32,0.0,0.34,3,2.32,3.35,1.42
1784032845.544,person,metal,5.8,0.46,-0.01,0.9,13,0.45,0.01,0.05
1784032845.544,static,unknown,-0.7,4.32,0.0,0.34,3,2.32,3.35,1.41
1784032845.664,person,metal,5.7,0.48,-0.01,0.9,13,0.48,0.01,0.06
1784032845.664,static,unknown,-0.7,4.32,0.0,0.34,3,2.32,3.35,1.41
1784032845.782,person,metal,5.7,0.49,-0.01,0.9,13,0.49,0.01,0.06
1784032845.782,static,unknown,-0.7,4.32,0.0,0.34,3,2.32,3.35,1.41
1784032845.903,person,metal,5.5,0.49,-0.01,0.9,13,0.48,0.01,0.06
1784032845.903,static,unknown,-0.7,4.32,0.0,0.34,3,2.32,3.35,1.41
1784032846.026,person,metal,5.4,0.47,-0.01,0.9,13,0.47,0.01,0.06
1784032846.026,static,unknown,-0.7,4.32,0.0,0.34,3,2.32,3.35,1.41
1784032846.147,person,metal,5.3,0.43,-0.01,0.9,13,0.43,0.02,0.06
1784032846.147,static,unknown,-0.7,4.32,0.0,0.34,3,2.32,3.35,1.41
1784032846.272,person,metal,5.3,0.41,-0.01,0.9,13,0.4,0.05,0.06
1784032846.272,static,unknown,-0.7,4.32,0.0,0.34,3,2.32,3.35,1.41
1784032846.404,person,metal,5.0,0.4,-0.01,0.9,13,0.39,0.08,0.06
1784032846.404,static,unknown,-0.7,4.31,0.0,0.33,3,2.41,3.31,1.35
1784032846.533,person,metal,4.9,0.41,-0.01,0.9,13,0.39,0.1,0.06
1784032846.533,static,unknown,-0.9,4.31,0.0,0.33,3,2.45,3.29,1.34
1784032846.664,person,metal,4.7,0.42,-0.01,0.9,13,0.4,0.11,0.06
1784032846.664,static,unknown,-0.9,4.32,0.0,0.32,3,2.47,3.27,1.35
1784032846.785,person,metal,4.3,0.42,-0.01,0.9,13,0.41,0.11,0.07
1784032846.785,static,unknown,-0.9,4.32,0.0,0.32,3,2.48,3.26,1.36
1784032846.904,person,metal,4.0,0.43,-0.01,0.9,13,0.41,0.09,0.08
1784032846.904,static,unknown,-0.9,4.32,0.0,0.32,3,2.48,3.26,1.36
1784032847.018,person,metal,3.7,0.42,-0.01,0.9,13,0.41,0.07,0.08
1784032847.018,static,unknown,-0.9,4.32,0.0,0.32,3,2.48,3.26,1.36
1784032847.138,person,metal,3.5,0.4,-0.01,0.9,13,0.39,0.04,0.08
1784032847.138,static,unknown,-0.9,4.32,0.0,0.32,3,2.48,3.26,1.36
1784032847.26,person,metal,3.4,0.39,-0.01,0.89,13,0.38,0.02,0.07
1784032847.26,static,unknown,-0.9,4.32,0.0,0.32,3,2.48,3.26,1.36
1784032847.379,person,metal,3.1,0.39,-0.01,0.89,13,0.39,-0.0,0.07
1784032847.379,static,unknown,-0.9,4.32,0.0,0.32,3,2.48,3.26,1.36
1784032847.501,person,metal,3.0,0.39,-0.01,0.89,13,0.38,-0.01,0.08
1784032847.501,static,unknown,-0.9,4.32,0.0,0.32,3,2.48,3.26,1.36
1784032847.628,person,metal,2.6,0.39,-0.01,0.89,13,0.38,-0.01,0.07
1784032847.628,static,unknown,-0.9,4.32,0.0,0.32,3,2.48,3.26,1.36
1784032847.752,person,metal,2.4,0.39,-0.01,0.89,13,0.38,-0.01,0.08
1784032847.752,static,unknown,-0.9,4.32,0.0,0.32,3,2.48,3.26,1.36
1784032847.862,person,metal,2.4,0.39,-0.01,0.89,13,0.39,0.0,0.08
1784032847.862,static,unknown,-0.9,4.32,0.0,0.32,3,2.48,3.26,1.36
1784032847.952,person,metal,2.4,0.41,-0.01,0.89,13,0.4,0.01,0.07
1784032847.952,static,unknown,-0.9,4.32,0.0,0.32,3,2.48,3.26,1.36
1784032848.07,person,metal,2.3,0.43,-0.01,0.89,13,0.42,0.01,0.07
1784032848.07,static,unknown,-0.9,4.32,0.0,0.32,3,2.48,3.26,1.36
1784032848.19,person,metal,2.3,0.43,-0.01,0.89,13,0.43,0.01,0.07
1784032848.19,static,unknown,-0.9,4.32,0.0,0.32,3,2.48,3.26,1.36
1784032848.318,person,metal,2.1,0.44,-0.01,0.89,13,0.43,0.02,0.06
1784032848.506,person,metal,2.1,0.43,-0.01,0.89,13,0.42,0.02,0.05
1784032848.626,person,metal,2.1,0.42,-0.01,0.88,13,0.42,0.03,0.04
1784032848.75,person,metal,2.3,0.4,-0.01,0.88,13,0.4,0.03,0.03
1784032848.874,person,metal,2.3,0.41,-0.01,0.88,13,0.41,0.03,0.03
1784032848.995,person,metal,2.3,0.41,-0.01,0.88,13,0.41,0.02,0.03
1784032849.119,person,metal,2.4,0.41,-0.01,0.88,13,0.41,0.01,0.03
1784032849.239,person,metal,2.4,0.43,-0.01,0.88,13,0.43,0.0,0.04
1784032849.403,person,metal,2.4,0.42,-0.01,0.88,13,0.42,0.01,0.04
1784032849.555,person,metal,2.4,0.42,-0.01,0.88,13,0.41,0.01,0.04
1784032849.68,person,mid,2.4,0.41,-0.01,0.88,13,0.41,0.02,0.03
1784032849.817,person,mid,2.4,0.41,-0.01,0.88,13,0.41,0.02,0.04
1784032849.99,person,mid,2.4,0.41,-0.01,0.88,13,0.41,0.02,0.04
1784032850.098,person,mid,2.4,0.41,-0.01,0.88,13,0.4,0.02,0.05
1784032850.243,person,mid,2.4,0.4,-0.01,0.88,13,0.4,0.02,0.05
1784032850.341,person,mid,2.4,0.39,-0.01,0.87,13,0.39,0.03,0.04
1784032850.496,person,mid,2.8,0.39,-0.01,0.87,13,0.39,0.03,0.03
1784032850.62,person,mid,3.0,0.4,-0.01,0.87,13,0.4,0.03,0.03
1784032850.746,person,mid,3.1,0.41,-0.01,0.87,13,0.41,0.02,0.03
1784032850.88,person,mid,3.1,0.42,-0.01,0.87,13,0.42,0.01,0.03
1784032851.013,person,mid,3.1,0.41,-0.01,0.87,13,0.41,0.0,0.05
1784032851.141,person,mid,3.3,0.42,-0.01,0.87,13,0.42,0.0,0.05
1784032851.256,person,mid,3.3,0.42,-0.01,0.87,13,0.42,0.0,0.04
1784032851.381,person,mid,3.5,0.44,-0.01,0.87,13,0.44,0.0,0.04
1784032851.498,person,mid,3.5,0.44,-0.01,0.87,12,0.44,0.0,0.03
1784032851.632,person,mid,3.5,0.44,-0.01,0.87,12,0.44,0.0,0.03
1784032851.761,person,mid,3.7,0.44,-0.01,0.87,12,0.44,0.02,0.04
1784032851.849,person,mid,3.7,0.5,-0.01,0.87,12,0.5,-0.01,0.02
1784032851.999,person,mid,3.7,0.56,-0.01,0.87,12,0.56,-0.04,0.01
1784032852.085,person,metal,3.7,0.6,-0.01,0.87,12,0.6,-0.05,0.0
1784032852.194,person,metal,3.7,0.63,-0.01,0.87,13,0.62,-0.06,-0.0
1784032852.315,person,metal,3.7,0.66,-0.01,0.88,13,0.66,-0.06,-0.01
1784032852.443,person,metal,4.4,0.69,-0.01,0.88,13,0.69,-0.02,0.02
1784032852.57,person,metal,4.4,0.68,-0.0,0.88,13,0.68,0.02,0.04
1784032852.666,person,metal,3.9,0.69,-0.0,0.88,13,0.68,0.06,0.05
1784032852.666,static,unknown,-1.2,4.32,0.0,0.11,2,2.42,3.24,1.51
1784032852.805,person,metal,3.9,0.72,-0.0,0.89,13,0.72,0.05,0.04
1784032852.805,static,unknown,-1.2,4.32,0.0,0.11,2,2.42,3.24,1.51
1784032852.902,person,metal,4.8,0.65,-0.0,0.89,13,0.64,0.13,0.05
1784032852.902,static,unknown,-1.2,4.32,0.0,0.11,2,2.42,3.24,1.51
1784032852.902,static,mid,8.0,3.31,0.17,0.49,2,3.29,0.32,0.22
1784032853.012,person,metal,3.9,0.75,-0.0,0.89,13,0.75,0.06,0.02
1784032853.012,static,unknown,-1.2,4.32,0.0,0.11,2,2.42,3.24,1.51
1784032853.012,static,mid,8.0,3.27,0.11,0.45,3,3.24,0.37,0.2
1784032853.012,static,unknown,2.6,7.65,0.0,0.59,6,7.51,1.08,1.02
1784032853.132,person,metal,4.7,0.83,0.0,0.89,13,0.83,0.03,-0.01
1784032853.132,static,unknown,-1.2,4.32,0.0,0.11,2,2.42,3.24,1.51
1784032853.132,static,mid,8.0,3.24,0.08,0.42,4,3.21,0.4,0.18
1784032853.132,static,unknown,2.6,7.64,0.0,0.74,7,7.49,1.09,1.01
1784032853.228,person,metal,4.3,0.9,0.0,0.9,13,0.9,0.01,-0.03
1784032853.228,static,unknown,-1.2,4.32,0.0,0.11,2,2.42,3.24,1.51
1784032853.228,static,mid,7.7,3.22,0.07,0.38,4,3.18,0.43,0.18
1784032853.228,static,unknown,2.8,7.62,0.0,0.84,8,7.48,1.09,1.0
1784032853.228,pedestrian,unknown,2.6,4.09,0.33,0.6,2,3.63,1.82,0.5
1784032853.334,person,metal,4.7,0.96,0.0,0.9,13,0.96,0.02,-0.04
1784032853.334,static,unknown,-1.2,4.32,0.0,0.11,2,2.42,3.24,1.51
1784032853.334,static,mid,7.7,3.2,0.05,0.35,4,3.17,0.45,0.17
1784032853.334,static,unknown,2.8,7.62,0.0,0.91,9,7.47,1.09,0.99
1784032853.334,pedestrian,unknown,2.6,4.11,0.33,0.59,2,3.62,1.86,0.53
1784032853.334,static,fabric,-2.1,3.95,0.07,0.49,4,3.42,-1.77,0.85
1784032853.454,person,metal,4.3,1.02,0.0,0.9,13,1.02,0.05,-0.05
1784032853.454,static,unknown,-1.2,4.32,0.0,0.11,2,2.42,3.24,1.51
1784032853.454,static,mid,7.6,3.2,0.05,0.31,4,3.16,0.47,0.17
1784032853.454,static,unknown,2.8,7.65,0.0,0.84,9,7.5,1.09,1.01
1784032853.454,pedestrian,unknown,2.6,4.11,0.33,0.59,2,3.62,1.86,0.53
1784032853.454,static,fabric,-2.1,3.94,0.06,0.46,4,3.42,-1.77,0.84
1784032853.574,person,metal,3.9,1.07,0.0,0.9,13,1.05,0.19,-0.04
1784032853.574,static,unknown,-1.2,4.32,0.0,0.11,2,2.42,3.24,1.51
1784032853.574,static,mid,7.6,3.19,0.04,0.28,4,3.15,0.48,0.17
1784032853.574,static,unknown,2.8,7.67,0.0,0.78,9,7.52,1.08,1.03
1784032853.574,pedestrian,unknown,2.6,4.11,0.33,0.59,2,3.62,1.86,0.53
1784032853.574,static,fabric,-2.0,3.92,0.05,0.39,4,3.41,-1.75,0.83
1784032853.691,person,metal,4.3,1.17,0.0,0.9,13,1.13,0.28,-0.05
1784032853.691,static,unknown,-1.2,4.32,0.0,0.11,2,2.42,3.24,1.51
1784032853.691,static,mid,7.2,3.19,0.04,0.26,4,3.15,0.49,0.16
1784032853.691,static,unknown,2.8,7.68,0.0,0.73,9,7.53,1.08,1.04
1784032853.691,pedestrian,unknown,2.6,4.11,0.33,0.59,2,3.62,1.86,0.53
1784032853.691,static,fabric,-2.1,3.91,0.04,0.33,4,3.4,-1.73,0.83
1784032853.809,person,metal,3.7,1.26,0.0,0.9,13,1.21,0.33,-0.06
1784032853.809,static,unknown,-1.2,4.32,0.0,0.11,2,2.42,3.24,1.51
1784032853.809,static,mid,7.2,3.19,0.03,0.24,4,3.14,0.49,0.16
1784032853.809,static,unknown,2.8,7.69,0.0,0.69,9,7.54,1.08,1.05
1784032853.809,static,fabric,-0.4,1.59,0.02,0.51,6,1.34,-0.81,-0.24
1784032853.809,pedestrian,unknown,2.6,4.11,0.33,0.59,2,3.62,1.86,0.53
1784032853.809,static,fabric,-2.1,3.9,0.04,0.29,4,3.4,-1.72,0.82
1784032853.928,person,metal,2.7,1.47,0.0,0.9,13,1.43,0.29,-0.11
1784032853.928,static,unknown,-1.2,4.32,0.0,0.11,2,2.42,3.24,1.51
1784032853.928,static,mid,7.2,3.19,0.03,0.22,4,3.14,0.49,0.16
1784032853.928,static,unknown,2.8,7.69,0.0,0.66,9,7.54,1.08,1.05
1784032853.928,static,fabric,0.2,1.58,0.01,0.41,6,1.32,-0.84,-0.25
1784032853.928,pedestrian,unknown,2.6,4.11,0.33,0.59,2,3.62,1.86,0.53
1784032853.928,static,fabric,-2.1,3.89,0.03,0.26,4,3.4,-1.71,0.82
1784032854.045,person,metal,2.6,1.56,0.0,0.9,13,1.53,0.28,-0.1
1784032854.045,static,unknown,-1.2,4.32,0.0,0.11,2,2.42,3.24,1.51
1784032854.045,static,mid,7.2,3.19,0.03,0.2,4,3.14,0.5,0.16
1784032854.045,static,unknown,2.8,7.55,0.01,0.79,9,7.4,1.12,1.04
1784032854.045,static,fabric,0.2,1.57,0.01,0.34,6,1.3,-0.85,-0.25
1784032854.045,pedestrian,unknown,2.6,4.11,0.33,0.59,2,3.62,1.86,0.53
1784032854.045,static,fabric,-2.1,3.89,0.03,0.23,4,3.4,-1.71,0.82
1784032854.128,person,metal,2.6,1.62,0.0,0.9,13,1.6,0.27,-0.09
1784032854.128,static,unknown,-1.2,4.32,0.0,0.11,2,2.42,3.24,1.51
1784032854.128,static,mid,7.2,3.18,0.03,0.19,4,3.14,0.5,0.16
1784032854.128,static,unknown,2.8,7.45,0.01,0.9,10,7.29,1.14,1.04
1784032854.128,static,fabric,0.2,1.54,-0.01,0.35,6,1.25,-0.86,-0.24
1784032854.128,pedestrian,unknown,2.6,4.11,0.33,0.59,2,3.62,1.86,0.53
1784032854.128,static,fabric,-2.1,3.89,0.03,0.21,4,3.39,-1.71,0.82
1784032854.245,person,metal,2.6,1.62,0.0,0.9,13,1.6,0.27,-0.09
1784032854.245,static,mid,7.2,3.18,0.02,0.18,4,3.14,0.5,0.16
1784032854.245,static,unknown,2.8,7.36,0.01,1.01,10,7.2,1.17,1.02
1784032854.245,static,metal,0.3,1.49,-0.02,0.58,7,1.3,-0.7,-0.21
1784032854.245,pedestrian,unknown,2.6,4.11,0.33,0.59,2,3.62,1.86,0.53
1784032854.245,static,fabric,-2.1,3.89,0.03,0.21,4,3.39,-1.71,0.82
1784032854.367,person,metal,2.6,1.62,0.0,0.9,13,1.6,0.27,-0.09
1784032854.367,static,mid,6.9,3.18,0.02,0.17,5,3.14,0.5,0.16
1784032854.367,static,unknown,2.8,7.24,0.02,1.11,11,7.07,1.21,0.99
1784032854.367,static,metal,0.3,1.48,-0.03,0.77,8,1.33,-0.63,-0.19
1784032854.367,pedestrian,unknown,2.6,4.11,0.33,0.59,2,3.62,1.86,0.53
1784032854.367,static,fabric,-2.1,3.89,0.03,0.21,4,3.39,-1.71,0.82
1784032854.491,person,metal,2.6,1.62,0.0,0.9,13,1.6,0.27,-0.09
1784032854.491,static,mid,6.9,3.18,0.02,0.16,5,3.14,0.5,0.16
1784032854.491,static,unknown,2.8,7.15,0.02,1.19,11,6.98,1.25,0.97
1784032854.491,static,metal,0.3,1.48,-0.04,0.92,9,1.35,-0.59,-0.18
1784032854.491,pedestrian,unknown,2.6,4.11,0.33,0.59,2,3.62,1.86,0.53
1784032854.491,static,fabric,-2.1,3.89,0.03,0.21,4,3.39,-1.71,0.82
1784032854.61,person,metal,2.6,1.62,0.0,0.9,13,1.6,0.27,-0.09
1784032854.61,static,mid,6.9,3.18,0.02,0.15,5,3.14,0.5,0.16
1784032854.61,static,unknown,2.6,7.06,0.03,1.27,12,6.87,1.31,0.93
1784032854.61,static,metal,0.3,1.5,-0.04,1.01,10,1.37,-0.59,-0.18
1784032854.61,pedestrian,unknown,2.6,4.11,0.33,0.59,2,3.62,1.86,0.53
1784032854.61,static,fabric,-2.1,3.89,0.03,0.21,4,3.39,-1.71,0.82
1784032854.737,person,metal,2.6,1.62,0.0,0.9,13,1.6,0.27,-0.09
1784032854.737,static,mid,6.9,3.18,0.02,0.14,5,3.14,0.5,0.16
1784032854.737,static,unknown,2.5,6.97,0.03,1.35,12,6.77,1.38,0.91
1784032854.737,static,metal,0.3,1.54,-0.03,1.05,11,1.41,-0.6,-0.19
1784032854.737,pedestrian,unknown,2.6,4.11,0.33,0.59,2,3.62,1.86,0.53
1784032854.737,static,fabric,-2.1,3.89,0.03,0.21,4,3.39,-1.71,0.82
1784032854.868,person,metal,2.6,1.62,0.0,0.9,13,1.6,0.27,-0.09
1784032854.868,static,mid,6.8,3.18,0.02,0.14,5,3.14,0.5,0.16
1784032854.868,static,unknown,2.0,6.93,0.04,1.42,13,6.72,1.41,0.89
1784032854.868,static,metal,0.3,1.57,-0.03,1.09,12,1.44,-0.6,-0.19
1784032854.868,static,fabric,-2.1,3.89,0.03,0.21,4,3.39,-1.71,0.82
1784032855.004,person,metal,2.6,1.62,0.0,0.9,13,1.6,0.27,-0.09
1784032855.004,static,mid,6.8,3.18,0.02,0.13,5,3.14,0.5,0.16
1784032855.004,static,unknown,1.6,6.9,0.04,1.48,13,6.69,1.44,0.86
1784032855.004,static,metal,0.2,1.59,-0.03,1.12,12,1.46,-0.6,-0.18
1784032855.004,static,fabric,-2.1,3.89,0.03,0.21,4,3.39,-1.71,0.82
1784032855.132,person,metal,2.6,1.62,0.0,0.9,13,1.6,0.27,-0.09
1784032855.132,static,mid,6.8,3.18,0.02,0.12,5,3.14,0.5,0.16
1784032855.132,static,unknown,1.2,6.93,0.04,1.53,13,6.73,1.42,0.86
1784032855.132,static,metal,0.2,1.6,-0.02,1.15,13,1.48,-0.58,-0.18
1784032855.132,static,fabric,-2.1,3.89,0.03,0.21,4,3.39,-1.71,0.82
1784032855.261,person,metal,2.6,1.62,0.0,0.9,13,1.6,0.27,-0.09
1784032855.261,static,mid,6.8,3.18,0.02,0.12,5,3.14,0.5,0.16
1784032855.261,static,unknown,0.9,6.96,0.04,1.57,14,6.76,1.41,0.85
1784032855.261,static,metal,0.1,1.61,-0.02,1.17,13,1.5,-0.56,-0.17
1784032855.261,static,fabric,-2.1,3.89,0.03,0.21,4,3.39,-1.71,0.82
1784032855.396,person,metal,2.6,1.62,0.0,0.9,13,1.6,0.27,-0.09
1784032855.396,static,mid,6.8,3.18,0.01,0.11,5,3.14,0.5,0.16
1784032855.396,static,unknown,0.9,6.98,0.04,1.62,14,6.79,1.4,0.85
1784032855.396,static,metal,0.1,1.61,-0.02,1.19,13,1.5,-0.55,-0.17
1784032855.396,static,fabric,-2.1,3.89,0.03,0.21,4,3.39,-1.71,0.82
1784032855.524,person,metal,2.6,1.62,0.0,0.9,13,1.6,0.27,-0.09
1784032855.524,static,mid,6.8,3.18,0.01,0.11,5,3.14,0.5,0.16
1784032855.524,static,unknown,0.7,7.0,0.04,1.65,14,6.81,1.39,0.86
1784032855.524,static,metal,0.1,1.61,-0.02,1.2,13,1.5,-0.56,-0.18
1784032855.524,static,fabric,-2.1,3.89,0.03,0.21,4,3.39,-1.71,0.82
1784032855.659,person,metal,2.6,1.62,0.0,0.9,13,1.6,0.27,-0.09
1784032855.659,static,mid,6.8,3.18,0.01,0.11,5,3.14,0.5,0.16
1784032855.659,static,unknown,0.6,7.01,0.05,1.69,14,6.82,1.38,0.86
1784032855.659,static,metal,0.1,1.62,-0.02,1.22,14,1.5,-0.58,-0.17
1784032855.783,person,metal,2.6,1.62,0.0,0.9,13,1.6,0.27,-0.09
1784032855.783,static,mid,6.8,3.18,0.01,0.1,5,3.14,0.5,0.16
1784032855.783,static,unknown,0.6,7.06,0.05,1.72,15,6.87,1.35,0.87
1784032855.783,static,metal,0.1,1.62,-0.02,1.23,14,1.5,-0.59,-0.17
1784032855.904,person,metal,2.6,1.62,0.0,0.9,13,1.6,0.27,-0.09
1784032855.904,static,mid,6.8,3.18,0.01,0.1,5,3.14,0.5,0.16
1784032855.904,static,unknown,0.6,7.12,0.05,1.74,14,6.94,1.33,0.89
1784032855.904,static,metal,-0.2,1.62,-0.02,1.24,14,1.49,-0.61,-0.17
1784032856.025,person,metal,2.6,1.62,0.0,0.9,13,1.6,0.27,-0.09
1784032856.025,static,mid,6.8,3.18,0.01,0.1,5,3.14,0.5,0.16
1784032856.025,static,unknown,0.6,7.28,0.05,1.73,14,7.12,1.25,0.93
1784032856.025,static,metal,-0.4,1.62,-0.01,1.25,14,1.49,-0.61,-0.17
1784032856.146,person,metal,2.6,1.62,0.0,0.9,13,1.6,0.27,-0.09
1784032856.146,static,mid,6.8,3.18,0.01,0.09,5,3.14,0.5,0.16
1784032856.146,static,unknown,0.7,7.43,0.04,1.68,14,7.27,1.19,0.98
1784032856.146,static,metal,-0.6,1.62,-0.01,1.26,15,1.49,-0.62,-0.17
1784032856.246,person,metal,2.6,1.62,0.0,0.9,13,1.6,0.27,-0.09
1784032856.246,static,mid,6.8,3.18,0.01,0.09,5,3.14,0.5,0.16
1784032856.246,static,unknown,0.7,7.52,0.04,1.63,14,7.37,1.15,1.0
1784032856.246,static,mid,-0.6,1.62,-0.01,1.27,15,1.49,-0.62,-0.18
1784032856.366,person,metal,2.6,1.62,0.0,0.9,13,1.6,0.27,-0.09
1784032856.366,static,mid,6.8,3.18,0.01,0.09,5,3.14,0.5,0.16
1784032856.366,static,unknown,0.7,7.58,0.04,1.59,14,7.43,1.13,1.02
1784032856.366,static,fabric,-0.9,1.62,-0.01,1.28,15,1.49,-0.62,-0.18
1784032856.504,person,metal,2.6,1.62,0.0,0.9,13,1.6,0.27,-0.09
1784032856.504,static,mid,6.8,3.18,0.01,0.08,5,3.14,0.5,0.16
1784032856.504,static,unknown,0.8,7.63,0.04,1.55,14,7.47,1.11,1.04
1784032856.504,static,fabric,-0.9,1.62,-0.01,1.29,15,1.49,-0.62,-0.18
1784032856.63,person,metal,2.6,1.62,0.0,0.9,13,1.6,0.27,-0.09
1784032856.63,static,mid,6.8,3.18,0.01,0.08,5,3.14,0.5,0.16
1784032856.63,static,unknown,0.8,7.65,0.04,1.52,14,7.5,1.1,1.04
1784032856.63,static,fabric,-1.0,1.62,-0.01,1.3,15,1.49,-0.61,-0.18
1784032856.759,person,metal,2.6,1.62,0.0,0.9,13,1.6,0.27,-0.09
1784032856.759,static,mid,6.8,3.18,0.01,0.08,5,3.14,0.5,0.16
1784032856.759,static,unknown,0.8,7.67,0.04,1.48,14,7.52,1.09,1.04
1784032856.759,static,fabric,-1.0,1.62,-0.01,1.3,16,1.49,-0.62,-0.18
1784032856.888,person,metal,2.6,1.62,0.0,0.9,13,1.6,0.27,-0.09
1784032856.888,static,mid,6.8,3.18,0.01,0.08,5,3.14,0.5,0.16
1784032856.888,static,unknown,0.8,7.68,0.04,1.45,14,7.53,1.09,1.04
1784032856.888,static,fabric,-1.0,1.62,-0.01,1.31,16,1.49,-0.62,-0.18
1784032856.888,static,fabric,-2.9,0.56,0.0,0.01,4,0.52,0.14,0.17
1784032857.019,person,metal,2.6,1.62,0.0,0.9,13,1.6,0.27,-0.09
1784032857.019,static,mid,6.8,3.18,0.01,0.08,5,3.14,0.5,0.16
1784032857.019,static,unknown,0.8,7.68,0.04,1.42,13,7.54,1.09,1.04
1784032857.019,static,fabric,0.2,1.62,-0.01,1.32,16,1.49,-0.61,-0.18
1784032857.019,static,fabric,-2.9,0.56,0.0,0.0,4,0.52,0.14,0.17
1784032857.149,static,mid,6.8,3.18,0.01,0.07,5,3.14,0.5,0.16
1784032857.149,static,unknown,0.8,7.69,0.04,1.39,13,7.54,1.08,1.04
1784032857.149,static,fabric,0.2,1.62,-0.01,1.32,16,1.49,-0.62,-0.18
1784032857.149,static,fabric,-2.9,0.56,0.0,0.0,4,0.52,0.14,0.17
1784032857.276,static,mid,6.8,3.18,0.01,0.07,5,3.14,0.5,0.16
1784032857.276,static,unknown,0.8,7.69,0.04,1.36,13,7.54,1.08,1.03
1784032857.276,static,fabric,0.2,1.62,-0.01,1.33,16,1.49,-0.62,-0.18
1784032857.276,static,fabric,-2.9,0.56,0.0,0.0,4,0.52,0.14,0.17
1784032857.406,static,mid,6.8,3.18,0.01,0.07,5,3.14,0.5,0.16
1784032857.406,static,unknown,0.9,7.69,0.04,1.33,13,7.55,1.08,1.03
1784032857.406,static,fabric,0.2,1.62,-0.01,1.33,16,1.49,-0.62,-0.17
1784032857.406,static,fabric,-2.9,0.56,0.0,0.0,4,0.52,0.14,0.17
1784032857.519,static,mid,6.8,3.18,0.01,0.07,5,3.14,0.5,0.16
1784032857.519,static,unknown,0.9,7.69,0.04,1.31,13,7.55,1.08,1.03
1784032857.519,static,fabric,0.1,1.62,-0.01,1.34,16,1.49,-0.62,-0.17
1784032857.519,static,fabric,-2.9,0.56,0.0,0.0,4,0.52,0.14,0.17
1784032857.643,static,mid,6.8,3.18,0.01,0.07,5,3.14,0.5,0.16
1784032857.643,static,unknown,0.9,7.7,0.03,1.28,13,7.55,1.08,1.03
1784032857.643,static,fabric,0.1,1.62,-0.01,1.34,16,1.49,-0.62,-0.18
1784032857.643,static,fabric,-2.9,0.56,0.0,0.0,4,0.52,0.14,0.17
1784032857.732,static,mid,6.8,3.18,0.01,0.07,5,3.14,0.5,0.16
1784032857.732,static,unknown,0.9,7.7,0.03,1.26,13,7.55,1.08,1.04
1784032857.732,static,fabric,0.1,1.62,-0.01,1.34,17,1.49,-0.62,-0.18
1784032857.732,static,fabric,-2.9,0.56,0.0,0.0,4,0.52,0.14,0.17
1784032857.852,static,mid,6.8,3.18,0.01,0.06,5,3.14,0.5,0.16
1784032857.852,static,unknown,1.0,7.7,0.03,1.24,13,7.55,1.08,1.04
1784032857.852,static,fabric,0.0,1.62,-0.01,1.35,17,1.49,-0.62,-0.18
1784032857.852,static,fabric,-2.9,0.56,0.0,0.0,4,0.52,0.14,0.17
1784032857.979,static,mid,6.8,3.18,0.01,0.06,5,3.14,0.5,0.16
1784032857.979,static,unknown,1.0,7.7,0.03,1.22,13,7.55,1.08,1.04
1784032857.979,static,fabric,-0.1,1.62,-0.01,1.35,17,1.49,-0.62,-0.18
1784032857.979,static,fabric,-2.9,0.56,0.0,0.0,4,0.52,0.14,0.17
1784032858.12,static,mid,6.8,3.18,0.01,0.06,5,3.14,0.5,0.16
1784032858.12,static,unknown,1.0,7.7,0.03,1.2,13,7.55,1.08,1.05
1784032858.12,static,fabric,-0.9,1.62,-0.01,1.35,17,1.49,-0.62,-0.18
1784032858.12,static,fabric,-2.9,0.56,0.0,0.0,4,0.52,0.14,0.17
1784032858.247,static,mid,6.8,3.18,0.01,0.06,5,3.14,0.5,0.16
1784032858.247,static,unknown,1.2,7.7,0.03,1.18,13,7.55,1.08,1.05
1784032858.247,static,fabric,-0.9,1.62,-0.01,1.36,17,1.49,-0.62,-0.18
1784032858.247,static,fabric,-2.9,0.56,0.0,0.0,4,0.52,0.14,0.17
1784032858.381,static,mid,6.8,3.18,0.01,0.06,5,3.14,0.5,0.16
1784032858.381,static,unknown,1.2,7.7,0.03,1.17,13,7.55,1.08,1.05
1784032858.381,static,fabric,-0.9,1.63,-0.01,1.36,17,1.49,-0.63,-0.17
1784032858.381,static,fabric,-2.9,0.56,0.0,0.0,4,0.52,0.14,0.17
1784032858.516,static,mid,6.8,3.18,0.01,0.06,5,3.14,0.5,0.16
1784032858.516,static,unknown,1.2,7.7,0.03,1.15,13,7.55,1.08,1.05
1784032858.516,static,fabric,-0.9,1.62,-0.01,1.36,17,1.49,-0.62,-0.17
1784032858.516,static,fabric,-2.9,0.56,0.0,0.0,4,0.52,0.14,0.17
1784032858.65,static,mid,6.8,3.18,0.01,0.06,5,3.14,0.5,0.16
1784032858.65,static,unknown,1.2,7.7,0.03,1.13,13,7.55,1.08,1.05
1784032858.65,static,fabric,-0.9,1.62,-0.01,1.37,17,1.49,-0.62,-0.18
1784032858.814,static,mid,6.8,3.18,0.01,0.06,5,3.14,0.5,0.16
1784032858.814,static,unknown,1.4,7.7,0.03,1.12,13,7.55,1.08,1.04
1784032858.814,static,fabric,-0.9,1.62,-0.01,1.37,17,1.49,-0.62,-0.18
1784032858.96,static,mid,6.8,3.18,0.01,0.06,5,3.14,0.5,0.16
1784032858.96,static,unknown,1.4,7.66,0.03,1.12,13,7.51,1.09,1.02
1784032858.96,static,fabric,-0.9,1.62,-0.01,1.37,17,1.49,-0.62,-0.18
1784032859.086,static,mid,6.8,3.18,0.01,0.05,5,3.14,0.5,0.16
1784032859.086,static,unknown,1.4,7.64,0.03,1.13,12,7.49,1.1,1.01
1784032859.086,static,fabric,-0.9,1.62,-0.01,1.38,17,1.49,-0.62,-0.18
1784032859.235,static,mid,6.8,3.18,0.01,0.05,5,3.14,0.5,0.16
1784032859.235,static,unknown,1.4,7.59,0.03,1.13,12,7.44,1.11,1.0
1784032859.235,static,fabric,-0.9,1.62,-0.01,1.38,18,1.49,-0.61,-0.18
1784032859.349,static,mid,6.8,3.18,0.01,0.05,5,3.14,0.5,0.16
1784032859.349,static,unknown,1.4,7.54,0.03,1.14,12,7.39,1.12,0.99
1784032859.349,static,fabric,-0.9,1.62,-0.01,1.38,18,1.49,-0.62,-0.18
1784032859.473,static,mid,6.8,3.18,0.01,0.05,5,3.14,0.5,0.16
1784032859.473,static,unknown,1.2,7.5,0.03,1.15,12,7.35,1.14,0.97
1784032859.473,static,fabric,-0.9,1.62,-0.01,1.38,18,1.49,-0.62,-0.18
1784032859.595,static,mid,6.8,3.18,0.01,0.05,5,3.14,0.5,0.16
1784032859.595,static,unknown,1.0,7.45,0.03,1.15,13,7.3,1.15,0.96
1784032859.595,static,fabric,-0.9,1.62,-0.01,1.39,18,1.49,-0.61,-0.17
1784032859.721,static,mid,6.8,3.18,0.01,0.05,5,3.14,0.5,0.16
1784032859.721,static,unknown,1.0,7.42,0.03,1.16,12,7.27,1.17,0.95
1784032859.721,static,fabric,-0.9,1.62,-0.0,1.39,18,1.49,-0.62,-0.17
1784032859.847,static,mid,6.8,3.18,0.01,0.05,5,3.14,0.5,0.16
1784032859.847,static,unknown,1.0,7.45,0.03,1.16,12,7.3,1.17,0.96
1784032859.847,static,fabric,-0.1,1.62,-0.0,1.39,18,1.49,-0.62,-0.18
1784032859.975,static,mid,6.8,3.18,0.01,0.05,5,3.14,0.5,0.16
1784032859.975,static,unknown,1.0,7.54,0.03,1.15,12,7.39,1.14,0.99
1784032859.975,static,fabric,-0.1,1.62,-0.0,1.39,18,1.49,-0.62,-0.18
1784032860.111,static,mid,6.8,3.18,0.01,0.05,5,3.14,0.5,0.16
1784032860.111,static,unknown,1.0,7.59,0.03,1.13,12,7.44,1.12,1.0
1784032860.111,static,fabric,-0.1,1.62,-0.0,1.39,18,1.49,-0.62,-0.18
1784032860.233,static,mid,6.8,3.18,0.01,0.05,5,3.14,0.5,0.16
1784032860.233,static,unknown,1.0,7.56,0.02,1.14,12,7.41,1.12,0.98
1784032860.233,static,fabric,0.1,1.62,-0.0,1.4,18,1.49,-0.61,-0.17
1784032860.374,static,mid,6.8,3.18,0.01,0.05,5,3.14,0.5,0.16
1784032860.374,static,unknown,1.0,7.54,0.02,1.15,12,7.39,1.14,0.97
1784032860.374,static,fabric,0.1,1.62,-0.0,1.4,18,1.5,-0.61,-0.17
1784032860.536,static,mid,6.8,3.18,0.01,0.05,5,3.14,0.5,0.16
1784032860.536,static,unknown,1.0,7.55,0.02,1.15,12,7.4,1.15,0.98
1784032860.536,static,fabric,-0.6,1.63,-0.0,1.4,18,1.5,-0.6,-0.17
1784032860.685,static,mid,6.8,3.18,0.01,0.04,5,3.14,0.5,0.16
1784032860.685,static,unknown,1.0,7.57,0.02,1.15,12,7.41,1.15,1.01
1784032860.685,static,fabric,-0.6,1.63,-0.0,1.4,18,1.5,-0.6,-0.17
1784032860.771,static,mid,6.8,3.18,0.01,0.04,5,3.14,0.5,0.16
1784032860.771,static,unknown,1.0,7.61,0.02,1.14,12,7.45,1.15,1.05
1784032860.771,static,fabric,-0.6,1.62,-0.0,1.4,18,1.5,-0.6,-0.17
1784032860.917,static,mid,6.8,3.18,0.01,0.04,5,3.14,0.5,0.16
1784032860.917,static,unknown,1.0,7.64,0.02,1.13,12,7.48,1.13,1.08
1784032860.917,static,fabric,-0.6,1.62,-0.0,1.4,18,1.49,-0.61,-0.17
1784032861.067,static,mid,6.8,3.18,0.01,0.04,5,3.14,0.5,0.16
1784032861.067,static,unknown,1.0,7.66,0.02,1.12,12,7.5,1.11,1.09
1784032861.067,static,fabric,-0.6,1.62,-0.0,1.41,18,1.49,-0.61,-0.17
1784032861.222,static,mid,6.8,3.18,0.0,0.04,5,3.14,0.5,0.16
1784032861.222,static,unknown,0.8,7.67,0.02,1.11,12,7.51,1.1,1.11
1784032861.222,static,fabric,-0.6,1.62,-0.0,1.41,18,1.49,-0.62,-0.17
1784032861.375,static,mid,6.8,3.18,0.0,0.04,5,3.14,0.5,0.16
1784032861.375,static,unknown,0.8,7.68,0.02,1.09,12,7.52,1.09,1.11
1784032861.375,static,fabric,0.1,1.62,-0.0,1.41,18,1.49,-0.61,-0.17
1784032861.513,static,mid,6.8,3.18,0.0,0.04,5,3.14,0.5,0.16
1784032861.513,static,unknown,0.8,7.69,0.02,1.08,12,7.53,1.08,1.11
1784032861.513,static,fabric,0.1,1.62,-0.0,1.41,18,1.5,-0.6,-0.17
1784032861.658,static,mid,6.8,3.18,0.0,0.04,5,3.14,0.5,0.16
1784032861.658,static,unknown,0.8,7.69,0.02,1.07,12,7.54,1.07,1.11
1784032861.658,static,fabric,0.1,1.62,-0.0,1.41,18,1.5,-0.59,-0.17
1784032861.81,static,mid,6.8,3.18,0.0,0.04,5,3.14,0.5,0.16
1784032861.81,static,unknown,0.8,7.66,0.02,1.08,12,7.5,1.07,1.09
1784032861.81,static,fabric,0.1,1.62,-0.0,1.41,18,1.5,-0.6,-0.17
1784032861.949,static,mid,6.8,3.18,0.0,0.04,5,3.14,0.5,0.16
1784032861.949,static,unknown,0.8,7.63,0.02,1.08,12,7.48,1.08,1.09
1784032861.949,static,fabric,0.1,1.62,-0.0,1.41,18,1.5,-0.61,-0.16
1784032862.082,static,mid,6.8,3.18,0.0,0.04,5,3.14,0.5,0.16
1784032862.082,static,unknown,0.8,7.59,0.02,1.08,12,7.43,1.09,1.08
1784032862.082,static,fabric,0.1,1.62,-0.0,1.41,18,1.49,-0.61,-0.16
1784032862.215,static,mid,6.8,3.18,0.0,0.04,5,3.14,0.5,0.16
1784032862.215,static,unknown,0.8,7.63,0.02,1.07,12,7.47,1.09,1.09
1784032862.215,static,fabric,0.1,1.62,-0.0,1.42,18,1.49,-0.61,-0.16
1784032862.349,static,mid,6.8,3.18,0.0,0.04,5,3.14,0.5,0.16
1784032862.349,static,unknown,0.8,7.65,0.02,1.06,12,7.49,1.09,1.1
1784032862.349,static,fabric,0.1,1.62,-0.0,1.42,18,1.49,-0.62,-0.16
1784032862.475,static,mid,6.8,3.18,0.0,0.04,5,3.14,0.5,0.16
1784032862.475,static,unknown,0.8,7.6,0.02,1.07,12,7.44,1.1,1.08
1784032862.475,static,fabric,0.2,1.62,-0.0,1.42,18,1.49,-0.62,-0.15
1784032862.614,static,mid,6.8,3.18,0.0,0.04,5,3.14,0.5,0.16
1784032862.614,static,unknown,0.8,7.6,0.02,1.07,12,7.44,1.11,1.08
1784032862.614,static,fabric,0.3,1.62,-0.0,1.42,18,1.49,-0.62,-0.15
1784032862.75,static,mid,6.8,3.18,0.0,0.04,5,3.14,0.5,0.16
1784032862.75,static,unknown,0.8,7.59,0.02,1.08,12,7.43,1.12,1.09
1784032862.75,static,fabric,0.3,1.62,-0.0,1.42,18,1.49,-0.62,-0.15
1784032862.879,static,mid,6.8,3.18,0.0,0.04,5,3.14,0.5,0.16
1784032862.879,static,unknown,0.8,7.59,0.02,1.08,12,7.43,1.13,1.1
1784032862.879,static,fabric,0.3,1.62,-0.0,1.42,18,1.49,-0.62,-0.15
1784032863.004,static,mid,6.8,3.18,0.0,0.04,5,3.14,0.5,0.16
1784032863.004,static,unknown,0.8,7.63,0.02,1.07,12,7.46,1.15,1.12
1784032863.004,static,fabric,0.3,1.62,-0.0,1.42,18,1.49,-0.62,-0.15
1784032863.132,static,mid,6.8,3.18,0.0,0.04,5,3.14,0.5,0.16
1784032863.132,static,unknown,0.8,7.61,0.02,1.07,12,7.44,1.18,1.11
1784032863.132,static,fabric,0.3,1.62,-0.0,1.42,18,1.49,-0.62,-0.15
1784032863.257,static,mid,6.8,3.18,0.0,0.04,5,3.14,0.5,0.16
1784032863.257,static,unknown,0.8,7.6,0.02,1.08,12,7.43,1.18,1.11
1784032863.257,static,fabric,0.3,1.62,-0.0,1.42,18,1.49,-0.62,-0.15
1784032863.385,static,mid,6.8,3.18,0.0,0.03,5,3.14,0.5,0.16
1784032863.385,static,unknown,0.8,7.6,0.02,1.08,12,7.43,1.17,1.1
1784032863.385,static,fabric,0.3,1.62,-0.0,1.42,18,1.49,-0.62,-0.15
1784032863.516,static,mid,6.8,3.18,0.0,0.03,5,3.14,0.5,0.16
1784032863.516,static,unknown,0.9,7.57,0.02,1.09,12,7.4,1.17,1.09
1784032863.516,static,fabric,0.3,1.62,-0.0,1.42,18,1.49,-0.62,-0.15
1784032863.641,static,mid,6.8,3.18,0.0,0.03,5,3.14,0.5,0.16
1784032863.641,static,unknown,1.3,7.62,0.02,1.08,12,7.45,1.15,1.09
1784032863.641,static,fabric,0.4,1.62,-0.0,1.43,18,1.49,-0.61,-0.15
1784032863.768,static,mid,6.8,3.18,0.0,0.03,5,3.14,0.5,0.16
1784032863.768,static,unknown,1.3,7.58,0.02,1.08,12,7.41,1.16,1.07
1784032863.768,static,fabric,0.4,1.62,-0.0,1.43,18,1.5,-0.6,-0.16
1784032863.903,static,mid,6.8,3.18,0.0,0.03,5,3.14,0.5,0.16
1784032863.903,static,unknown,1.2,7.55,0.02,1.09,12,7.39,1.16,1.05
1784032863.903,static,fabric,0.4,1.62,-0.0,1.43,18,1.5,-0.59,-0.15
1784032864.024,static,mid,6.8,3.18,0.0,0.03,5,3.14,0.5,0.16
1784032864.024,static,unknown,1.2,7.56,0.02,1.09,12,7.4,1.15,1.05
1784032864.024,static,fabric,0.4,1.62,-0.0,1.43,18,1.5,-0.59,-0.15
1784032864.149,static,mid,6.8,3.18,0.0,0.03,5,3.14,0.5,0.16
1784032864.149,static,unknown,1.2,7.58,0.02,1.09,12,7.42,1.14,1.05
1784032864.149,static,fabric,0.4,1.62,-0.0,1.43,18,1.5,-0.6,-0.15
1784032864.27,static,mid,6.8,3.18,0.0,0.03,5,3.14,0.5,0.16
1784032864.27,static,unknown,1.2,7.62,0.02,1.08,12,7.46,1.13,1.06
1784032864.27,static,fabric,0.4,1.62,-0.0,1.43,18,1.49,-0.6,-0.15
1784032864.395,static,mid,6.8,3.18,0.0,0.03,5,3.14,0.5,0.16
1784032864.395,static,unknown,1.2,7.65,0.02,1.08,12,7.49,1.12,1.07
1784032864.395,static,fabric,0.4,1.62,-0.0,1.43,18,1.49,-0.61,-0.15
1784032864.526,static,mid,6.8,3.18,0.0,0.03,5,3.14,0.5,0.16
1784032864.526,static,unknown,1.2,7.67,0.02,1.07,12,7.51,1.11,1.07
1784032864.526,static,fabric,0.4,1.62,-0.0,1.43,18,1.49,-0.61,-0.15
1784032864.653,static,mid,6.8,3.18,0.0,0.03,5,3.14,0.5,0.16
1784032864.653,static,unknown,1.2,7.68,0.02,1.06,12,7.52,1.1,1.06
1784032864.653,static,fabric,0.4,1.62,-0.0,1.43,18,1.49,-0.61,-0.16
1784032864.785,static,mid,6.9,3.18,0.0,0.03,5,3.14,0.5,0.16
1784032864.785,static,unknown,1.2,7.68,0.02,1.05,12,7.53,1.09,1.06
1784032864.785,static,fabric,0.4,1.62,-0.0,1.43,18,1.49,-0.61,-0.16
1784032864.914,static,mid,6.9,3.18,0.0,0.03,5,3.14,0.5,0.16
1784032864.914,static,unknown,1.2,7.69,0.02,1.05,12,7.54,1.09,1.05
1784032864.914,static,fabric,0.4,1.62,-0.0,1.43,18,1.49,-0.61,-0.17
1784032865.04,static,mid,6.9,3.18,0.0,0.03,5,3.14,0.5,0.16
1784032865.04,static,unknown,1.2,7.69,0.02,1.04,12,7.54,1.08,1.05
1784032865.04,static,fabric,0.4,1.62,-0.0,1.43,18,1.49,-0.61,-0.17
1784032865.168,static,mid,6.9,3.18,0.0,0.03,5,3.14,0.5,0.16
1784032865.168,static,unknown,1.3,7.69,0.02,1.03,12,7.54,1.08,1.06
1784032865.168,static,fabric,0.4,1.61,-0.0,1.43,19,1.48,-0.61,-0.18
1784032865.29,static,mid,6.9,3.18,0.0,0.03,5,3.14,0.5,0.16
1784032865.29,static,unknown,1.3,7.69,0.02,1.03,12,7.54,1.08,1.08
1784032865.29,static,fabric,0.4,1.61,-0.0,1.44,19,1.48,-0.61,-0.18
1784032865.373,static,mid,6.9,3.18,0.0,0.03,5,3.14,0.5,0.16
1784032865.373,static,unknown,1.3,7.7,0.02,1.02,12,7.54,1.08,1.1
1784032865.373,static,fabric,0.4,1.61,-0.0,1.44,19,1.48,-0.61,-0.18
1784032865.482,static,mid,6.9,3.18,0.0,0.03,5,3.14,0.5,0.16
1784032865.482,static,unknown,1.3,7.7,0.02,1.01,12,7.54,1.08,1.12
1784032865.482,static,fabric,0.4,1.61,-0.0,1.44,19,1.48,-0.62,-0.18
1784032865.613,static,mid,6.9,3.18,0.0,0.03,5,3.14,0.5,0.16
1784032865.613,static,unknown,1.2,7.7,0.02,1.01,12,7.54,1.08,1.13
1784032865.613,static,fabric,0.4,1.61,-0.0,1.44,19,1.48,-0.62,-0.17
1784032865.744,static,mid,6.9,3.18,0.0,0.03,5,3.14,0.5,0.16
1784032865.744,static,unknown,1.2,7.7,0.02,1.0,12,7.54,1.08,1.13
1784032865.744,static,fabric,0.4,1.61,-0.0,1.44,19,1.48,-0.62,-0.17
1784032865.869,static,mid,6.9,3.18,0.0,0.03,5,3.14,0.5,0.16
1784032865.869,static,unknown,1.3,7.7,0.02,0.99,12,7.54,1.09,1.13
1784032865.869,static,fabric,0.4,1.61,-0.0,1.44,19,1.48,-0.62,-0.17
1784032865.957,static,mid,6.9,3.18,0.0,0.03,5,3.14,0.5,0.16
1784032865.957,static,unknown,1.2,7.7,0.02,0.99,12,7.53,1.1,1.13
1784032865.957,static,fabric,0.4,1.61,-0.0,1.44,19,1.48,-0.62,-0.16
1784032866.076,static,mid,6.9,3.18,0.0,0.03,5,3.14,0.5,0.16
1784032866.076,static,unknown,1.2,7.7,0.02,0.98,12,7.53,1.1,1.13
1784032866.076,static,fabric,0.4,1.61,-0.0,1.44,19,1.48,-0.62,-0.16
1784032866.195,static,mid,6.9,3.18,0.0,0.03,5,3.14,0.5,0.16
1784032866.195,static,unknown,1.2,7.7,0.02,0.98,12,7.53,1.1,1.14
1784032866.195,static,fabric,0.4,1.61,-0.0,1.45,19,1.48,-0.62,-0.16
1784032866.317,static,mid,6.9,3.18,0.0,0.03,5,3.14,0.5,0.16
1784032866.317,static,unknown,1.2,7.7,0.02,0.97,12,7.53,1.1,1.15
1784032866.317,static,fabric,-0.4,1.61,-0.0,1.45,19,1.48,-0.62,-0.17
1784032866.442,static,mid,6.9,3.18,0.0,0.03,5,3.14,0.5,0.16
1784032866.442,static,unknown,1.2,7.7,0.01,0.97,12,7.53,1.09,1.16
1784032866.442,static,fabric,0.4,1.61,-0.0,1.45,19,1.48,-0.62,-0.17
1784032866.572,static,mid,6.9,3.18,0.0,0.03,5,3.14,0.5,0.16
1784032866.572,static,unknown,1.2,7.7,0.01,0.96,12,7.53,1.1,1.17
1784032866.572,static,fabric,0.4,1.61,-0.0,1.45,19,1.48,-0.61,-0.18
1784032866.687,static,mid,6.9,3.18,0.0,0.03,5,3.14,0.5,0.16
1784032866.687,static,unknown,1.2,7.7,0.01,0.95,12,7.53,1.1,1.17
1784032866.687,static,fabric,0.5,1.61,-0.0,1.45,19,1.48,-0.61,-0.18
1784032866.81,static,mid,6.9,3.18,0.0,0.03,5,3.14,0.5,0.16
1784032866.81,static,unknown,1.2,7.7,0.01,0.95,12,7.53,1.11,1.17
1784032866.81,static,fabric,0.5,1.61,-0.0,1.45,19,1.48,-0.61,-0.17
1784032866.937,static,mid,7.0,3.18,0.0,0.03,5,3.14,0.5,0.16
1784032866.937,static,unknown,1.2,7.7,0.01,0.94,12,7.53,1.12,1.17
1784032866.937,static,fabric,-0.4,1.62,-0.0,1.45,19,1.49,-0.61,-0.17
1784032867.059,static,mid,7.0,3.18,0.0,0.03,5,3.14,0.5,0.16
1784032867.059,static,unknown,1.2,7.7,0.01,0.94,12,7.53,1.11,1.16
1784032867.059,static,fabric,-0.4,1.62,-0.0,1.45,19,1.49,-0.61,-0.17
1784032867.174,static,mid,7.0,3.18,0.0,0.03,5,3.14,0.5,0.16
1784032867.174,static,unknown,3.3,7.7,0.01,0.94,11,7.53,1.11,1.15
1784032867.174,static,fabric,-0.4,1.62,-0.0,1.45,19,1.49,-0.61,-0.17
1784032867.298,static,mid,7.0,3.18,0.0,0.03,5,3.14,0.5,0.16
1784032867.298,static,unknown,0.8,7.66,0.01,0.94,11,7.5,1.11,1.12
1784032867.298,static,fabric,-0.4,1.62,-0.0,1.45,19,1.49,-0.61,-0.17
1784032867.419,static,mid,7.0,3.18,0.0,0.03,5,3.14,0.5,0.16
1784032867.419,static,unknown,0.8,7.59,0.01,0.94,11,7.44,1.11,1.08
1784032867.419,static,fabric,0.6,1.61,-0.0,1.45,19,1.48,-0.62,-0.16
1784032867.541,static,mid,7.0,3.18,0.0,0.03,5,3.14,0.5,0.16
1784032867.541,static,unknown,0.8,7.54,0.01,0.95,11,7.38,1.11,1.04
1784032867.541,static,fabric,0.4,1.61,-0.0,1.45,19,1.48,-0.62,-0.16
1784032867.682,static,mid,7.0,3.18,0.0,0.03,5,3.14,0.5,0.16
1784032867.682,static,unknown,0.8,7.48,0.01,0.95,12,7.32,1.12,1.01
1784032867.682,static,fabric,0.4,1.61,-0.0,1.45,19,1.48,-0.62,-0.16
1784032867.785,static,mid,7.0,3.18,0.0,0.03,5,3.14,0.5,0.16
1784032867.785,static,unknown,0.6,7.46,0.01,0.95,12,7.31,1.12,0.99
1784032867.785,static,fabric,0.4,1.61,-0.0,1.45,19,1.48,-0.62,-0.17
1784032867.911,static,mid,7.0,3.18,0.0,0.03,5,3.14,0.5,0.16
1784032867.911,static,unknown,0.6,7.47,0.01,0.96,12,7.32,1.11,1.0
1784032867.911,static,fabric,0.4,1.61,-0.0,1.46,19,1.48,-0.61,-0.17
1784032867.998,static,mid,7.0,3.18,0.0,0.02,5,3.14,0.5,0.16
1784032867.998,static,unknown,0.6,7.49,0.01,0.96,12,7.34,1.11,0.99
1784032867.998,static,fabric,0.4,1.61,-0.0,1.46,19,1.48,-0.61,-0.17
1784032868.111,static,mid,7.0,3.18,0.0,0.02,5,3.14,0.5,0.16
1784032868.111,static,unknown,0.6,7.52,0.01,0.97,12,7.37,1.11,1.01
1784032868.111,static,fabric,0.3,1.61,-0.0,1.46,19,1.48,-0.61,-0.17
1784032868.187,static,mid,7.0,3.18,0.0,0.02,5,3.14,0.5,0.16
1784032868.187,static,unknown,0.6,7.58,0.01,0.96,12,7.43,1.1,1.03
1784032868.187,static,fabric,0.2,1.61,-0.0,1.46,19,1.48,-0.61,-0.18
1784032868.306,static,mid,7.0,3.18,0.0,0.02,5,3.14,0.5,0.16
1784032868.306,static,unknown,0.6,7.62,0.01,0.95,11,7.48,1.09,1.03
1784032868.306,static,fabric,0.2,1.62,-0.0,1.46,19,1.48,-0.61,-0.18
1784032868.438,static,mid,7.0,3.18,0.0,0.02,5,3.14,0.5,0.16
1784032868.438,static,unknown,0.6,7.65,0.01,0.95,11,7.5,1.09,1.04
1784032868.438,static,fabric,-0.6,1.61,-0.0,1.46,19,1.48,-0.61,-0.18
1784032868.556,static,mid,7.0,3.18,0.0,0.02,5,3.14,0.5,0.16
1784032868.556,static,unknown,0.6,7.67,0.01,0.94,11,7.51,1.1,1.06
1784032868.556,static,fabric,-0.7,1.61,-0.0,1.46,19,1.48,-0.61,-0.18
1784032868.638,static,mid,7.0,3.18,0.0,0.02,5,3.14,0.5,0.16
1784032868.638,static,unknown,0.5,7.68,0.01,0.94,11,7.52,1.1,1.07
1784032868.638,static,fabric,-0.7,1.61,-0.0,1.46,19,1.48,-0.61,-0.18
1784032868.739,static,mid,7.0,3.18,0.0,0.02,5,3.14,0.5,0.16
1784032868.739,static,unknown,0.5,7.69,0.01,0.93,11,7.53,1.1,1.08
1784032868.739,static,fabric,-0.7,1.61,-0.0,1.46,19,1.48,-0.61,-0.18
1784032868.856,static,mid,7.0,3.18,0.0,0.02,5,3.14,0.5,0.16
1784032868.856,static,unknown,0.5,7.69,0.01,0.93,11,7.53,1.11,1.1
1784032868.856,static,fabric,-0.7,1.61,-0.0,1.46,19,1.48,-0.61,-0.18
1784032868.98,static,mid,7.0,3.18,0.0,0.02,5,3.14,0.5,0.16
1784032868.98,static,unknown,0.4,7.7,0.01,0.93,11,7.54,1.11,1.1
1784032868.98,static,fabric,-0.7,1.61,-0.0,1.46,19,1.48,-0.61,-0.19
1784032869.1,static,mid,7.0,3.18,0.0,0.02,5,3.14,0.5,0.16
1784032869.1,static,unknown,0.4,7.7,0.01,0.92,11,7.54,1.1,1.1
1784032869.1,static,fabric,-0.7,1.61,-0.0,1.46,19,1.48,-0.61,-0.19
1784032869.191,static,mid,7.0,3.18,0.0,0.02,5,3.14,0.5,0.16
1784032869.191,static,unknown,0.5,7.7,0.01,0.92,11,7.54,1.1,1.1
1784032869.191,static,fabric,-0.9,1.61,-0.0,1.46,19,1.48,-0.61,-0.19
1784032869.32,static,mid,7.0,3.18,0.0,0.02,5,3.14,0.5,0.16
1784032869.32,static,unknown,0.6,7.7,0.01,0.91,11,7.54,1.1,1.1
1784032869.32,static,fabric,-0.8,1.61,-0.0,1.46,19,1.48,-0.61,-0.19
1784032869.465,static,mid,7.0,3.18,0.0,0.02,5,3.14,0.5,0.16
1784032869.465,static,unknown,0.6,7.7,0.01,0.91,11,7.54,1.1,1.1
1784032869.465,static,fabric,-0.5,1.61,-0.0,1.46,19,1.48,-0.61,-0.19
1784032869.586,static,mid,7.0,3.18,0.0,0.02,5,3.14,0.5,0.16
1784032869.586,static,unknown,0.6,7.7,0.01,0.91,11,7.54,1.11,1.11
1784032869.586,static,fabric,-0.5,1.61,-0.0,1.46,19,1.48,-0.61,-0.18
1784032869.709,static,mid,7.0,3.18,0.0,0.02,5,3.14,0.5,0.16
1784032869.709,static,unknown,0.6,7.7,0.01,0.9,11,7.54,1.1,1.11
1784032869.709,static,fabric,-0.5,1.61,-0.0,1.46,19,1.48,-0.62,-0.18
1784032869.807,static,mid,7.0,3.18,0.0,0.02,5,3.14,0.5,0.16
1784032869.807,static,unknown,0.6,7.7,0.01,0.9,11,7.54,1.09,1.11
1784032869.807,static,fabric,-0.5,1.61,-0.0,1.46,19,1.48,-0.62,-0.17
1784032869.93,static,mid,7.0,3.18,0.0,0.02,5,3.14,0.5,0.16
1784032869.93,static,unknown,0.6,7.7,0.01,0.89,11,7.54,1.09,1.1
1784032869.93,static,fabric,-0.5,1.61,-0.0,1.47,19,1.48,-0.62,-0.17
1784032870.058,static,mid,7.0,3.18,0.0,0.02,5,3.14,0.5,0.16
1784032870.058,static,unknown,0.6,7.7,0.01,0.89,11,7.55,1.08,1.09
1784032870.058,static,fabric,-0.5,1.61,-0.0,1.47,19,1.48,-0.62,-0.17
1784032870.142,static,mid,7.0,3.18,0.0,0.02,5,3.14,0.5,0.16
1784032870.142,static,unknown,0.6,7.7,0.01,0.88,11,7.55,1.08,1.08
1784032870.142,static,fabric,0.2,1.61,-0.0,1.47,19,1.48,-0.62,-0.17
1784032870.254,static,mid,7.0,3.18,0.0,0.02,5,3.14,0.5,0.16
1784032870.254,static,unknown,0.6,7.7,0.01,0.88,11,7.55,1.08,1.07
1784032870.254,static,fabric,0.4,1.61,-0.0,1.47,19,1.48,-0.61,-0.18
1784032870.367,static,mid,7.0,3.18,0.0,0.02,5,3.14,0.5,0.16
1784032870.367,static,unknown,0.9,7.7,0.01,0.88,11,7.55,1.08,1.06
1784032870.367,static,fabric,0.4,1.61,-0.0,1.47,19,1.48,-0.61,-0.18
1784032870.492,static,mid,7.0,3.18,0.0,0.02,5,3.14,0.5,0.16
1784032870.492,static,unknown,0.9,7.7,0.01,0.87,11,7.55,1.08,1.05
1784032870.492,static,fabric,0.4,1.61,-0.0,1.47,19,1.48,-0.61,-0.19
1784032870.575,static,mid,7.0,3.18,0.0,0.02,5,3.14,0.5,0.16
1784032870.575,static,unknown,1.4,7.7,0.01,0.87,11,7.55,1.08,1.05
1784032870.575,static,fabric,0.4,1.61,-0.0,1.47,19,1.48,-0.61,-0.19
1784032870.686,static,mid,7.0,3.18,0.0,0.02,5,3.14,0.5,0.16
1784032870.686,static,unknown,1.4,7.7,0.01,0.87,11,7.55,1.09,1.05
1784032870.686,static,fabric,0.4,1.61,-0.0,1.47,19,1.48,-0.61,-0.19
1784032870.81,static,mid,7.0,3.18,0.0,0.02,5,3.14,0.5,0.16
1784032870.81,static,unknown,1.4,7.7,0.01,0.86,11,7.55,1.1,1.06
1784032870.81,static,fabric,0.4,1.61,-0.0,1.47,19,1.48,-0.61,-0.19
1784032870.894,static,mid,7.0,3.18,0.0,0.02,5,3.14,0.5,0.16
1784032870.894,static,unknown,3.3,7.7,0.01,0.86,11,7.54,1.1,1.07
1784032870.894,static,fabric,0.4,1.61,-0.0,1.47,19,1.48,-0.61,-0.19
1784032871.023,static,mid,7.0,3.18,0.0,0.02,5,3.14,0.5,0.16
1784032871.023,static,unknown,3.3,7.7,0.01,0.85,11,7.54,1.1,1.09
1784032871.023,static,fabric,0.4,1.61,-0.0,1.47,19,1.48,-0.61,-0.19
1784032871.137,static,mid,7.0,3.18,0.0,0.02,5,3.14,0.5,0.16
1784032871.137,static,unknown,3.3,7.7,0.01,0.85,11,7.54,1.1,1.11
1784032871.137,static,fabric,0.4,1.61,-0.0,1.47,19,1.48,-0.61,-0.19
1784032871.258,static,mid,7.0,3.18,0.0,0.02,5,3.14,0.5,0.16
1784032871.258,static,unknown,1.4,7.66,0.01,0.86,11,7.51,1.1,1.09
1784032871.258,static,fabric,0.4,1.61,-0.0,1.47,19,1.48,-0.61,-0.19
1784032871.349,static,mid,7.0,3.18,0.0,0.02,5,3.14,0.5,0.16
1784032871.349,static,unknown,1.4,7.64,0.01,0.86,11,7.48,1.1,1.08
1784032871.349,static,fabric,0.4,1.61,-0.0,1.47,19,1.48,-0.61,-0.19
1784032871.457,static,mid,7.0,3.18,0.0,0.02,5,3.14,0.5,0.16
1784032871.457,static,unknown,1.4,7.62,0.01,0.86,11,7.47,1.1,1.07
1784032871.457,static,fabric,0.4,1.61,-0.0,1.47,19,1.48,-0.61,-0.18
1784032871.574,static,mid,7.0,3.18,0.0,0.02,5,3.14,0.5,0.16
1784032871.574,static,unknown,1.4,7.61,0.01,0.87,11,7.46,1.1,1.06
1784032871.574,static,fabric,0.4,1.61,-0.0,1.47,19,1.48,-0.62,-0.18
1784032871.696,static,mid,7.0,3.18,0.0,0.02,5,3.14,0.5,0.16
1784032871.696,static,unknown,1.4,7.64,0.01,0.86,11,7.49,1.09,1.07
1784032871.696,static,fabric,0.4,1.61,-0.0,1.47,19,1.48,-0.62,-0.18
1784032871.802,static,mid,7.0,3.18,0.0,0.02,5,3.14,0.5,0.16
1784032871.802,static,unknown,1.4,7.66,0.01,0.86,11,7.51,1.09,1.06
1784032871.802,static,fabric,0.7,1.61,-0.0,1.47,19,1.48,-0.62,-0.17
1784032871.876,static,mid,7.0,3.18,0.0,0.02,5,3.14,0.5,0.16
1784032871.876,static,unknown,1.4,7.68,0.01,0.86,11,7.52,1.09,1.06
1784032871.876,static,fabric,0.7,1.61,-0.0,1.47,19,1.48,-0.62,-0.18
1784032871.985,static,mid,7.0,3.18,0.0,0.02,5,3.14,0.5,0.16
1784032871.985,static,unknown,1.4,7.68,0.01,0.85,11,7.53,1.08,1.06
1784032871.985,static,fabric,0.7,1.61,-0.0,1.48,19,1.48,-0.62,-0.18
1784032872.069,static,mid,7.0,3.18,0.0,0.02,5,3.14,0.5,0.16
1784032872.069,static,unknown,1.4,7.69,0.01,0.85,11,7.54,1.08,1.06
1784032872.069,static,fabric,0.7,1.61,-0.0,1.48,19,1.48,-0.61,-0.18
1784032872.183,static,mid,7.0,3.18,0.0,0.02,5,3.14,0.5,0.16
1784032872.183,static,unknown,1.4,7.69,0.01,0.85,11,7.54,1.08,1.08
1784032872.183,static,fabric,0.7,1.61,-0.0,1.48,19,1.48,-0.62,-0.18
1784032872.272,static,mid,7.0,3.18,0.0,0.02,5,3.14,0.5,0.16
1784032872.272,static,unknown,1.4,7.7,0.01,0.84,11,7.54,1.08,1.1
1784032872.272,static,fabric,0.7,1.61,-0.0,1.48,19,1.48,-0.62,-0.18
1784032872.392,static,mid,7.0,3.18,0.0,0.02,5,3.14,0.5,0.16
1784032872.392,static,unknown,1.4,7.7,0.01,0.84,11,7.54,1.09,1.12
1784032872.392,static,fabric,0.7,1.61,-0.0,1.48,19,1.48,-0.62,-0.18
1784032872.525,static,mid,7.0,3.18,0.0,0.02,5,3.14,0.5,0.16
1784032872.525,static,unknown,1.4,7.7,0.01,0.84,11,7.53,1.1,1.13
1784032872.525,static,fabric,0.7,1.61,-0.0,1.48,19,1.48,-0.62,-0.18
1784032872.624,static,mid,7.0,3.18,0.0,0.02,5,3.14,0.5,0.16
1784032872.624,static,unknown,1.4,7.7,0.01,0.83,11,7.53,1.11,1.15
1784032872.624,static,fabric,-0.5,1.61,-0.0,1.48,19,1.48,-0.62,-0.18
1784032872.766,static,mid,7.0,3.18,0.0,0.02,5,3.14,0.5,0.16
1784032872.766,static,unknown,1.4,7.7,0.01,0.83,11,7.53,1.11,1.15
1784032872.766,static,fabric,-0.5,1.61,-0.0,1.48,19,1.48,-0.62,-0.18
1784032872.868,static,mid,7.0,3.18,0.0,0.02,5,3.14,0.5,0.16
1784032872.868,static,unknown,1.4,7.7,0.01,0.83,11,7.53,1.11,1.15
1784032872.868,static,fabric,-0.5,1.61,-0.0,1.48,19,1.48,-0.61,-0.19
1784032872.961,static,mid,7.0,3.18,0.0,0.02,5,3.14,0.5,0.16
1784032872.961,static,unknown,1.4,7.7,0.01,0.83,11,7.53,1.12,1.15
1784032872.961,static,fabric,-0.5,1.61,-0.0,1.48,19,1.48,-0.61,-0.19
1784032873.08,static,mid,7.0,3.18,0.0,0.02,5,3.14,0.5,0.16
1784032873.08,static,unknown,1.4,7.7,0.01,0.82,11,7.53,1.13,1.14
1784032873.08,static,fabric,-0.5,1.61,-0.0,1.48,19,1.48,-0.62,-0.19
1784032873.201,static,mid,7.0,3.18,0.0,0.02,5,3.14,0.5,0.16
1784032873.201,static,unknown,1.4,7.7,0.01,0.82,11,7.53,1.14,1.14
1784032873.201,static,fabric,-0.5,1.61,-0.0,1.48,19,1.48,-0.62,-0.19
1784032873.301,static,mid,7.0,3.18,0.0,0.02,5,3.14,0.5,0.16
1784032873.301,static,unknown,1.4,7.7,0.01,0.82,11,7.53,1.14,1.14
1784032873.301,static,fabric,-0.5,1.61,-0.0,1.48,19,1.48,-0.62,-0.19
1784032873.415,static,mid,7.0,3.18,0.0,0.02,5,3.14,0.5,0.16
1784032873.415,static,unknown,1.4,7.7,0.01,0.82,11,7.53,1.16,1.14
1784032873.415,static,fabric,-0.5,1.62,-0.0,1.48,19,1.48,-0.62,-0.19
1784032873.56,static,mid,7.0,3.18,0.0,0.02,5,3.14,0.5,0.16
1784032873.56,static,unknown,1.1,7.7,0.01,0.81,11,7.53,1.15,1.13
1784032873.56,static,fabric,-0.4,1.62,-0.0,1.48,19,1.48,-0.62,-0.2
1784032873.644,static,mid,7.0,3.18,0.0,0.02,5,3.14,0.5,0.16
1784032873.644,static,unknown,1.1,7.7,0.01,0.81,11,7.53,1.13,1.12
1784032873.644,static,fabric,-0.4,1.62,-0.0,1.48,19,1.48,-0.62,-0.2
1784032873.759,static,mid,7.0,3.18,0.0,0.02,5,3.14,0.5,0.16
1784032873.759,static,unknown,1.1,7.7,0.01,0.81,11,7.53,1.13,1.11
1784032873.759,static,fabric,-0.4,1.62,-0.0,1.48,19,1.48,-0.62,-0.2
1784032873.881,static,mid,7.0,3.18,0.0,0.02,5,3.14,0.5,0.16
1784032873.881,static,unknown,1.1,7.7,0.01,0.81,11,7.54,1.11,1.09
1784032873.881,static,fabric,-0.4,1.62,-0.0,1.48,19,1.48,-0.62,-0.2
1784032873.956,static,mid,7.0,3.18,0.0,0.02,5,3.14,0.5,0.16
1784032873.956,static,unknown,1.1,7.69,0.01,0.81,11,7.54,1.11,1.07
1784032873.956,static,fabric,-0.4,1.62,-0.0,1.48,19,1.48,-0.63,-0.19
1784032874.033,static,mid,7.0,3.18,0.0,0.02,5,3.14,0.5,0.16
1784032874.033,static,unknown,3.2,7.69,0.01,0.8,11,7.54,1.1,1.05
1784032874.033,static,fabric,0.2,1.62,-0.0,1.48,19,1.48,-0.62,-0.19
1784032874.125,static,mid,7.0,3.18,0.0,0.02,5,3.14,0.5,0.16
1784032874.125,static,unknown,3.2,7.69,0.01,0.8,11,7.54,1.1,1.05
1784032874.125,static,fabric,0.2,1.62,-0.0,1.49,19,1.48,-0.63,-0.19
1784032874.211,static,mid,7.0,3.18,0.0,0.02,5,3.14,0.5,0.16
1784032874.211,static,unknown,3.2,7.69,0.01,0.8,11,7.54,1.09,1.06
1784032874.211,static,fabric,0.2,1.62,-0.0,1.49,19,1.48,-0.63,-0.2
1784032874.321,static,mid,7.0,3.18,0.0,0.02,5,3.14,0.5,0.16
1784032874.321,static,unknown,3.2,7.69,0.01,0.8,11,7.54,1.08,1.07
1784032874.321,static,fabric,0.2,1.62,-0.0,1.49,19,1.48,-0.63,-0.19
1784032874.447,static,mid,7.0,3.18,0.0,0.02,5,3.14,0.5,0.16
1784032874.447,static,unknown,3.2,7.69,0.01,0.8,11,7.54,1.07,1.1
1784032874.447,static,fabric,0.2,1.62,-0.0,1.49,19,1.48,-0.63,-0.2
1784032874.562,static,mid,7.0,3.18,0.0,0.02,5,3.14,0.5,0.16
1784032874.562,static,unknown,3.2,7.7,0.01,0.79,11,7.54,1.08,1.11
1784032874.562,static,fabric,0.2,1.62,-0.0,1.49,19,1.48,-0.62,-0.19
1784032874.639,static,mid,7.0,3.18,0.0,0.02,5,3.14,0.5,0.16
1784032874.639,static,unknown,3.2,7.7,0.01,0.79,11,7.54,1.09,1.11
1784032874.639,static,fabric,-0.4,1.62,-0.0,1.49,19,1.48,-0.62,-0.19
1784032874.741,static,mid,7.0,3.18,0.0,0.02,5,3.14,0.5,0.16
1784032874.741,static,unknown,3.2,7.7,0.01,0.79,11,7.54,1.1,1.11
1784032874.741,static,fabric,-0.4,1.62,-0.0,1.49,19,1.48,-0.62,-0.19
1784032874.871,static,mid,7.0,3.18,0.0,0.02,5,3.14,0.5,0.16
1784032874.871,static,unknown,3.2,7.7,0.01,0.79,11,7.54,1.1,1.11
1784032874.871,static,fabric,-0.4,1.62,-0.0,1.49,19,1.48,-0.62,-0.19
1784032874.97,static,mid,7.0,3.18,0.0,0.02,5,3.14,0.5,0.16
1784032874.97,static,unknown,3.2,7.66,0.01,0.79,11,7.5,1.11,1.08
1784032874.97,static,fabric,-0.4,1.62,-0.0,1.49,19,1.48,-0.62,-0.19
1784032875.119,static,mid,7.0,3.18,0.0,0.02,5,3.14,0.5,0.16
1784032875.119,static,unknown,3.2,7.64,0.01,0.79,11,7.48,1.1,1.07
1784032875.119,static,fabric,0.2,1.62,-0.0,1.49,19,1.48,-0.62,-0.18
1784032875.246,static,mid,7.0,3.18,0.0,0.02,5,3.14,0.5,0.16
1784032875.246,static,unknown,3.2,7.62,0.01,0.8,11,7.47,1.11,1.05
1784032875.246,static,fabric,-0.4,1.61,-0.0,1.49,19,1.48,-0.62,-0.18
1784032875.365,static,mid,7.0,3.18,0.0,0.02,5,3.14,0.5,0.16
1784032875.365,static,unknown,3.2,7.61,0.01,0.8,11,7.45,1.12,1.05
1784032875.365,static,fabric,-0.4,1.61,-0.0,1.49,19,1.48,-0.62,-0.18
1784032875.484,static,mid,7.0,3.18,0.0,0.02,5,3.14,0.5,0.16
1784032875.484,static,unknown,3.2,7.64,0.01,0.8,11,7.48,1.12,1.07
1784032875.484,static,fabric,0.2,1.62,-0.0,1.49,19,1.48,-0.62,-0.17
1784032875.593,static,mid,7.0,3.18,0.0,0.02,5,3.14,0.5,0.16
1784032875.593,static,unknown,3.3,7.66,0.01,0.79,11,7.5,1.13,1.09
1784032875.593,static,fabric,0.2,1.62,-0.0,1.49,19,1.49,-0.61,-0.17
1784032875.69,static,mid,7.0,3.18,0.0,0.02,5,3.14,0.5,0.16
1784032875.69,static,unknown,3.3,7.67,0.01,0.79,11,7.51,1.13,1.1
1784032875.69,static,fabric,0.2,1.62,-0.0,1.49,19,1.5,-0.59,-0.16
1784032875.811,static,mid,7.0,3.18,0.0,0.02,5,3.14,0.5,0.16
1784032875.811,static,unknown,3.3,7.68,0.01,0.79,11,7.52,1.13,1.12
1784032875.811,static,fabric,0.2,1.61,-0.0,1.49,19,1.5,-0.57,-0.17
1784032875.895,static,mid,7.0,3.18,0.0,0.02,5,3.14,0.5,0.16
1784032875.895,static,unknown,3.3,7.69,0.01,0.79,11,7.52,1.12,1.14
1784032875.895,static,fabric,0.2,1.61,-0.0,1.49,19,1.5,-0.56,-0.17
1784032876.019,static,mid,7.0,3.18,0.0,0.02,5,3.14,0.5,0.16
1784032876.019,static,unknown,3.2,7.69,0.01,0.79,11,7.52,1.12,1.15
1784032876.019,static,fabric,0.6,1.61,-0.0,1.49,19,1.51,-0.55,-0.17
1784032876.141,static,mid,7.0,3.18,0.0,0.02,5,3.14,0.5,0.16
1784032876.141,static,unknown,3.2,7.69,0.01,0.78,11,7.53,1.1,1.16
1784032876.141,static,fabric,0.6,1.61,-0.0,1.49,19,1.51,-0.56,-0.16
1784032876.226,static,mid,7.0,3.18,0.0,0.02,5,3.14,0.5,0.16
1784032876.226,static,unknown,3.2,7.7,0.01,0.78,11,7.53,1.08,1.16
1784032876.226,static,fabric,0.6,1.61,-0.0,1.49,19,1.5,-0.56,-0.16
1784032876.338,static,mid,7.0,3.18,0.0,0.02,5,3.14,0.5,0.16
1784032876.338,static,unknown,3.2,7.7,0.01,0.78,11,7.53,1.06,1.17
1784032876.338,static,fabric,0.7,1.62,-0.0,1.49,19,1.5,-0.57,-0.16
1784032876.46,static,mid,7.0,3.18,0.0,0.02,5,3.14,0.5,0.16
1784032876.46,static,unknown,3.2,7.7,0.01,0.78,11,7.54,1.05,1.17
1784032876.46,static,fabric,0.7,1.62,-0.0,1.49,19,1.5,-0.59,-0.15
1784032876.547,static,mid,7.0,3.18,0.0,0.02,5,3.14,0.5,0.16
1784032876.547,static,unknown,3.2,7.7,0.01,0.78,11,7.53,1.06,1.17
1784032876.547,static,fabric,0.7,1.62,-0.0,1.49,19,1.5,-0.6,-0.15
1784032876.653,static,mid,7.0,3.18,0.0,0.02,5,3.14,0.5,0.16
1784032876.653,static,unknown,3.2,7.7,0.01,0.77,11,7.53,1.07,1.17
1784032876.653,static,fabric,0.8,1.62,-0.0,1.49,19,1.49,-0.61,-0.14
1784032876.733,static,mid,7.0,3.18,0.0,0.02,5,3.14,0.5,0.16
1784032876.733,static,unknown,3.2,7.7,0.01,0.77,11,7.53,1.07,1.18
1784032876.733,static,fabric,0.8,1.62,-0.0,1.49,19,1.49,-0.61,-0.14
1784032876.852,static,mid,7.0,3.18,0.0,0.02,5,3.14,0.5,0.16
1784032876.852,static,unknown,1.1,7.7,0.01,0.77,11,7.53,1.09,1.17
1784032876.852,static,fabric,0.8,1.62,-0.0,1.49,19,1.49,-0.61,-0.15
1784032876.924,static,mid,7.0,3.18,0.0,0.02,5,3.14,0.5,0.16
1784032876.924,static,unknown,1.1,7.7,0.01,0.77,11,7.53,1.11,1.17
1784032876.924,static,fabric,1.0,1.62,-0.0,1.49,19,1.5,-0.61,-0.15
1784032877.028,static,mid,7.0,3.18,0.0,0.02,5,3.14,0.5,0.16
1784032877.028,static,unknown,1.1,7.7,0.01,0.77,11,7.53,1.11,1.17
1784032877.028,static,fabric,1.0,1.62,-0.0,1.49,19,1.49,-0.61,-0.16
1784032877.118,static,mid,7.0,3.18,0.0,0.02,5,3.14,0.5,0.16
1784032877.118,static,unknown,1.1,7.7,0.01,0.76,11,7.53,1.11,1.15
1784032877.118,static,fabric,1.0,1.62,-0.0,1.49,19,1.49,-0.61,-0.16
1784032877.205,static,mid,7.0,3.18,0.0,0.02,5,3.14,0.5,0.16
1784032877.205,static,unknown,1.1,7.63,0.01,0.77,11,7.47,1.12,1.1
1784032877.205,static,fabric,0.7,1.62,-0.0,1.49,19,1.5,-0.61,-0.15
1784032877.325,static,mid,7.0,3.18,0.0,0.02,5,3.14,0.5,0.16
1784032877.325,static,unknown,1.1,7.59,0.01,0.77,11,7.43,1.13,1.06
1784032877.325,static,fabric,0.5,1.62,-0.0,1.49,19,1.5,-0.6,-0.15
1784032877.442,static,mid,6.9,3.18,0.0,0.02,5,3.14,0.5,0.16
1784032877.442,static,unknown,1.1,7.52,0.01,0.78,11,7.37,1.13,1.02
1784032877.442,static,fabric,0.5,1.62,-0.0,1.49,19,1.5,-0.6,-0.16
1784032877.533,static,mid,6.9,3.18,0.0,0.02,5,3.14,0.5,0.16
1784032877.533,static,unknown,1.1,7.47,0.01,0.78,11,7.32,1.14,0.99
1784032877.533,static,fabric,0.5,1.62,-0.0,1.49,19,1.5,-0.6,-0.16
1784032877.651,static,mid,6.9,3.18,0.0,0.02,5,3.14,0.5,0.16
1784032877.651,static,unknown,1.1,7.42,0.01,0.78,11,7.26,1.15,0.97
1784032877.651,static,fabric,0.5,1.62,-0.0,1.49,19,1.5,-0.6,-0.16
1784032877.738,static,mid,6.9,3.18,0.0,0.02,5,3.14,0.5,0.16
1784032877.738,static,unknown,1.0,7.38,0.01,0.79,11,7.23,1.16,0.95
1784032877.738,static,fabric,-0.7,1.62,-0.0,1.49,19,1.5,-0.6,-0.17
1784032877.853,static,mid,6.9,3.18,0.0,0.02,5,3.14,0.5,0.16
1784032877.853,static,unknown,0.9,7.36,0.01,0.79,11,7.2,1.17,0.94
1784032877.853,static,fabric,-0.6,1.62,-0.0,1.49,19,1.5,-0.6,-0.16
1784032877.965,static,mid,7.0,3.18,0.0,0.02,5,3.14,0.5,0.16
1784032877.965,static,unknown,0.8,7.34,0.01,0.79,11,7.19,1.17,0.94
1784032877.965,static,fabric,-0.6,1.62,-0.0,1.49,19,1.5,-0.6,-0.16
1784032878.08,static,mid,7.0,3.18,0.0,0.02,5,3.14,0.5,0.16
1784032878.08,static,unknown,0.7,7.33,0.01,0.8,11,7.18,1.15,0.93
1784032878.08,static,fabric,0.5,1.62,-0.0,1.49,19,1.49,-0.61,-0.17
1784032878.15,static,mid,7.0,3.18,0.0,0.02,5,3.14,0.5,0.16
1784032878.15,static,unknown,0.7,7.32,0.01,0.8,11,7.17,1.15,0.93
1784032878.15,static,fabric,-0.6,1.62,-0.0,1.49,19,1.49,-0.61,-0.17
1784032878.22,static,mid,7.0,3.18,0.0,0.02,5,3.14,0.5,0.16
1784032878.22,static,unknown,0.6,7.32,0.01,0.81,11,7.17,1.14,0.93
1784032878.22,static,fabric,0.5,1.62,-0.0,1.49,19,1.49,-0.62,-0.17
1784032878.316,static,mid,7.0,3.18,0.0,0.02,5,3.14,0.5,0.16
1784032878.316,static,unknown,0.6,7.33,0.01,0.81,11,7.18,1.12,0.93
1784032878.316,static,fabric,0.5,1.62,-0.0,1.49,19,1.48,-0.62,-0.18
1784032878.397,static,mid,7.0,3.18,0.0,0.02,5,3.14,0.5,0.16
1784032878.397,static,unknown,0.5,7.34,0.01,0.81,11,7.2,1.11,0.93
1784032878.397,static,fabric,-0.6,1.62,-0.0,1.49,19,1.48,-0.62,-0.18
1784032878.506,static,mid,7.0,3.18,0.0,0.02,5,3.14,0.5,0.16
1784032878.506,static,unknown,0.5,7.35,0.01,0.82,11,7.21,1.1,0.93
1784032878.506,static,fabric,0.6,1.62,-0.0,1.49,19,1.48,-0.62,-0.18
1784032878.597,static,mid,7.0,3.18,0.0,0.02,5,3.14,0.5,0.16
1784032878.597,static,unknown,0.5,7.36,0.01,0.82,11,7.21,1.09,0.93
1784032878.597,static,fabric,0.6,1.62,-0.0,1.49,19,1.48,-0.62,-0.18
1784032878.707,static,mid,7.0,3.18,0.0,0.02,5,3.14,0.5,0.16
1784032878.707,static,unknown,0.5,7.38,0.01,0.82,11,7.24,1.08,0.95
1784032878.707,static,fabric,0.6,1.62,-0.0,1.49,19,1.48,-0.62,-0.18
1784032878.799,static,mid,7.0,3.18,0.0,0.02,5,3.14,0.5,0.16
1784032878.799,static,unknown,0.4,7.4,0.01,0.82,11,7.25,1.08,0.96
1784032878.799,static,fabric,0.6,1.62,-0.0,1.49,19,1.48,-0.62,-0.18
1784032878.925,static,mid,7.0,3.18,0.0,0.02,5,3.14,0.5,0.16
1784032878.925,static,unknown,0.4,7.39,0.01,0.83,11,7.24,1.08,0.97
1784032878.925,static,fabric,0.8,1.62,-0.0,1.49,19,1.48,-0.62,-0.18
1784032879.024,static,mid,7.0,3.18,0.0,0.02,5,3.14,0.5,0.16
1784032879.024,static,unknown,0.3,7.4,0.01,0.83,11,7.26,1.08,0.99
1784032879.024,static,fabric,0.8,1.62,-0.0,1.5,19,1.48,-0.62,-0.18
1784032879.15,static,mid,7.0,3.18,0.0,0.02,5,3.14,0.5,0.16
1784032879.15,static,unknown,0.3,7.41,0.01,0.83,11,7.26,1.08,1.01
1784032879.15,static,fabric,0.8,1.62,-0.0,1.5,19,1.48,-0.63,-0.19
1784032879.275,static,mid,7.0,3.18,0.0,0.02,5,3.14,0.5,0.16
1784032879.275,static,unknown,0.3,7.44,0.01,0.84,11,7.29,1.07,1.04
1784032879.275,static,fabric,0.8,1.62,-0.0,1.5,19,1.48,-0.62,-0.19
1784032879.371,static,mid,7.0,3.18,0.0,0.02,5,3.14,0.5,0.16
1784032879.371,static,unknown,0.3,7.49,0.01,0.84,11,7.34,1.07,1.07
1784032879.371,static,fabric,0.8,1.62,-0.0,1.5,19,1.48,-0.62,-0.19
1784032879.503,static,mid,7.0,3.18,0.0,0.02,5,3.14,0.5,0.16
1784032879.503,static,unknown,0.3,7.53,0.01,0.84,11,7.37,1.08,1.08
1784032879.503,static,fabric,-0.2,1.62,-0.0,1.5,19,1.48,-0.62,-0.19
1784032879.593,static,mid,7.0,3.18,0.0,0.02,5,3.14,0.5,0.16
1784032879.593,static,unknown,0.3,7.52,0.01,0.84,11,7.36,1.08,1.06
1784032879.593,static,fabric,0.8,1.61,-0.0,1.5,19,1.48,-0.62,-0.19
1784032879.724,static,mid,7.0,3.18,0.0,0.02,5,3.14,0.5,0.16
1784032879.724,static,unknown,0.4,7.5,0.01,0.85,11,7.35,1.09,1.03
1784032879.724,static,fabric,0.2,1.61,-0.0,1.5,19,1.48,-0.62,-0.18
1784032879.816,static,mid,7.0,3.18,0.0,0.02,5,3.14,0.5,0.16
1784032879.816,static,unknown,0.5,7.5,0.01,0.85,11,7.35,1.1,1.02
1784032879.816,static,fabric,0.2,1.61,-0.0,1.5,19,1.48,-0.62,-0.18
1784032879.927,static,mid,7.0,3.18,0.0,0.02,5,3.14,0.5,0.16
1784032879.927,static,unknown,0.5,7.57,0.01,0.85,11,7.41,1.07,1.08
1784032879.927,static,fabric,0.2,1.61,-0.0,1.5,19,1.48,-0.62,-0.18
1784032880.022,static,mid,7.0,3.18,0.0,0.02,5,3.14,0.5,0.16
1784032880.022,static,unknown,0.5,7.61,0.01,0.85,11,7.46,1.05,1.11
1784032880.022,static,fabric,0.2,1.61,-0.0,1.5,19,1.48,-0.62,-0.18
1784032880.137,static,mid,7.0,3.18,0.0,0.01,5,3.14,0.5,0.16
1784032880.137,static,unknown,0.5,7.64,0.01,0.84,11,7.49,1.04,1.13
1784032880.137,static,fabric,0.2,1.61,-0.0,1.5,19,1.48,-0.62,-0.18
1784032880.251,static,mid,7.0,3.18,0.0,0.01,5,3.14,0.5,0.16
1784032880.251,static,unknown,0.6,7.66,0.01,0.84,11,7.51,1.03,1.14
1784032880.251,static,fabric,0.2,1.61,-0.0,1.5,19,1.48,-0.62,-0.18
1784032880.377,static,mid,7.0,3.18,0.0,0.01,5,3.14,0.5,0.16
1784032880.377,static,unknown,0.6,7.67,0.01,0.84,11,7.52,1.03,1.14
1784032880.377,static,fabric,0.2,1.62,-0.0,1.5,19,1.48,-0.62,-0.17
1784032880.5,static,mid,7.0,3.18,0.0,0.01,5,3.14,0.5,0.16
1784032880.5,static,unknown,0.8,7.68,0.01,0.84,11,7.53,1.04,1.14
1784032880.5,static,fabric,0.2,1.62,-0.0,1.5,19,1.49,-0.62,-0.17
1784032880.612,static,mid,7.0,3.18,0.0,0.01,5,3.14,0.5,0.16
1784032880.612,static,unknown,0.8,7.69,0.01,0.83,11,7.53,1.05,1.13
1784032880.612,static,fabric,0.2,1.62,-0.0,1.5,19,1.49,-0.62,-0.17
1784032880.706,static,mid,7.0,3.18,0.0,0.01,5,3.14,0.5,0.16
1784032880.706,static,unknown,0.8,7.66,0.01,0.84,11,7.5,1.07,1.11
1784032880.706,static,fabric,0.2,1.62,-0.0,1.5,19,1.49,-0.62,-0.17
1784032880.834,static,mid,7.0,3.18,0.0,0.01,5,3.14,0.5,0.16
1784032880.834,static,unknown,0.8,7.62,0.01,0.84,11,7.47,1.08,1.09
1784032880.834,static,fabric,0.2,1.62,-0.0,1.5,19,1.49,-0.62,-0.18
1784032880.945,static,mid,7.0,3.18,0.0,0.01,5,3.14,0.5,0.16
1784032880.945,static,unknown,0.9,7.65,0.01,0.84,11,7.49,1.08,1.11
1784032880.945,static,fabric,0.2,1.62,-0.0,1.5,19,1.49,-0.62,-0.18
1784032881.057,static,mid,7.0,3.18,0.0,0.01,5,3.14,0.5,0.16
1784032881.057,static,unknown,0.9,7.57,0.01,0.84,11,7.42,1.09,1.06
1784032881.057,static,fabric,0.2,1.62,-0.0,1.5,19,1.49,-0.62,-0.18
1784032881.171,static,mid,7.0,3.18,0.0,0.01,5,3.14,0.5,0.16
1784032881.171,static,unknown,0.9,7.55,0.01,0.84,11,7.4,1.08,1.05
1784032881.171,static,fabric,0.7,1.62,-0.0,1.5,19,1.48,-0.62,-0.18
1784032881.29,static,mid,7.0,3.18,0.0,0.01,5,3.14,0.5,0.16
1784032881.29,static,unknown,0.9,7.53,0.01,0.85,11,7.38,1.08,1.04
1784032881.29,static,fabric,0.7,1.62,-0.0,1.5,19,1.48,-0.62,-0.18
1784032881.387,static,mid,7.0,3.18,0.0,0.01,5,3.14,0.5,0.16
1784032881.387,static,unknown,0.9,7.52,0.01,0.85,11,7.38,1.07,1.04
1784032881.387,static,fabric,0.2,1.62,-0.0,1.5,19,1.48,-0.62,-0.18
1784032881.521,static,mid,7.0,3.18,0.0,0.01,5,3.14,0.5,0.16
1784032881.521,static,unknown,0.9,7.52,0.01,0.85,11,7.37,1.06,1.04
1784032881.521,static,fabric,0.2,1.62,-0.0,1.5,19,1.48,-0.62,-0.18
1784032881.611,static,mid,7.0,3.18,0.0,0.01,5,3.14,0.5,0.16
1784032881.611,static,unknown,0.9,7.5,0.01,0.85,11,7.35,1.06,1.03
1784032881.611,static,fabric,0.7,1.62,-0.0,1.5,19,1.48,-0.62,-0.19
1784032881.689,static,mid,7.0,3.18,0.0,0.01,5,3.14,0.5,0.16
1784032881.689,static,unknown,0.9,7.47,0.01,0.85,11,7.33,1.06,1.01
1784032881.689,static,fabric,0.7,1.62,-0.0,1.5,19,1.48,-0.62,-0.18
1784032881.775,static,mid,7.0,3.18,0.0,0.01,5,3.14,0.5,0.16
1784032881.775,static,unknown,0.8,7.44,0.01,0.86,11,7.29,1.05,0.99
1784032881.775,static,fabric,0.7,1.61,-0.0,1.5,19,1.48,-0.62,-0.19
1784032881.878,static,mid,7.0,3.18,0.0,0.01,5,3.14,0.5,0.16
1784032881.878,static,unknown,0.8,7.43,0.01,0.86,11,7.29,1.05,0.98
1784032881.878,static,fabric,0.7,1.61,-0.0,1.5,19,1.47,-0.62,-0.2
1784032881.997,static,mid,7.0,3.18,0.0,0.01,5,3.14,0.5,0.16
1784032881.997,static,unknown,0.8,7.43,0.01,0.86,11,7.29,1.05,0.97
1784032881.997,static,fabric,0.7,1.61,-0.0,1.5,19,1.47,-0.63,-0.2
1784032882.126,static,mid,7.0,3.18,0.0,0.01,5,3.14,0.5,0.16
1784032882.126,static,unknown,0.6,7.46,0.01,0.86,11,7.32,1.07,0.97
1784032882.126,static,fabric,0.7,1.6,-0.0,1.5,19,1.47,-0.6,-0.21
1784032882.222,static,mid,7.0,3.18,0.0,0.01,5,3.14,0.5,0.16
1784032882.222,static,unknown,0.6,7.5,0.01,0.87,11,7.36,1.08,0.98
1784032882.222,static,fabric,0.9,1.6,-0.0,1.5,19,1.48,-0.56,-0.22
1784032882.222,static,fabric,-2.0,0.57,0.0,0.02,4,0.52,0.14,0.18
1784032882.335,static,mid,7.0,3.18,0.0,0.01,5,3.14,0.5,0.16
1784032882.335,static,unknown,0.6,7.5,0.01,0.87,11,7.36,1.09,0.98
1784032882.335,static,fabric,0.9,1.6,-0.0,1.5,19,1.49,-0.52,-0.22
1784032882.335,static,fabric,-2.0,0.57,0.0,0.02,4,0.52,0.14,0.18
1784032882.445,static,mid,7.0,3.18,0.0,0.01,5,3.14,0.5,0.16
1784032882.445,static,unknown,0.6,7.5,0.01,0.87,11,7.36,1.09,0.98
1784032882.445,static,fabric,0.9,1.57,-0.0,1.5,19,1.42,-0.64,-0.21
1784032882.445,static,fabric,-2.0,0.57,0.0,0.02,4,0.52,0.14,0.18
1784032882.529,static,mid,7.0,3.18,0.0,0.01,5,3.14,0.5,0.16
1784032882.529,static,unknown,0.6,7.5,0.01,0.87,11,7.36,1.08,0.99
1784032882.529,static,fabric,0.9,1.56,-0.0,1.49,19,1.37,-0.73,-0.21
1784032882.529,static,fabric,-2.0,0.57,0.0,0.02,4,0.52,0.14,0.19
1784032882.636,static,mid,7.0,3.18,0.0,0.01,5,3.14,0.5,0.16
1784032882.636,static,unknown,0.6,7.5,0.01,0.87,11,7.36,1.08,0.99
1784032882.636,static,fabric,0.9,1.56,-0.0,1.49,19,1.34,-0.78,-0.21
1784032882.636,static,fabric,-2.0,0.56,0.0,0.02,4,0.51,0.14,0.19
1784032882.74,static,mid,7.0,3.18,0.0,0.01,5,3.14,0.5,0.16
1784032882.74,static,unknown,0.6,7.48,0.01,0.88,11,7.33,1.08,0.99
1784032882.74,static,fabric,0.9,1.56,-0.0,1.48,19,1.32,-0.82,-0.21
1784032882.74,static,fabric,-2.0,0.56,0.0,0.02,4,0.51,0.14,0.19
1784032882.74,static,fabric,2.6,1.87,0.0,0.06,5,1.85,0.22,-0.21
1784032882.855,static,mid,7.0,3.18,0.0,0.01,5,3.14,0.5,0.16
1784032882.855,static,unknown,0.6,7.49,0.01,0.88,11,7.34,1.09,1.01
1784032882.855,static,fabric,0.9,1.57,-0.0,1.48,19,1.3,-0.84,-0.22
1784032882.855,static,fabric,-2.0,0.56,0.0,0.02,4,0.51,0.14,0.19
1784032882.855,static,fabric,2.5,1.87,0.0,0.06,5,1.85,0.21,-0.21
1784032882.939,static,mid,7.0,3.18,0.0,0.01,5,3.14,0.5,0.16
1784032882.939,static,unknown,0.6,7.49,0.01,0.88,11,7.34,1.1,1.01
1784032882.939,static,fabric,1.0,1.57,-0.0,1.47,19,1.3,-0.85,-0.22
1784032882.939,static,fabric,-2.0,0.56,0.0,0.02,4,0.51,0.14,0.19
1784032882.939,static,fabric,2.5,1.87,0.0,0.06,5,1.85,0.21,-0.21
1784032883.02,static,mid,7.0,3.18,0.0,0.01,5,3.14,0.5,0.16
1784032883.02,static,unknown,0.6,7.5,0.01,0.88,11,7.35,1.1,1.02
1784032883.02,static,fabric,1.0,1.57,-0.0,1.46,19,1.29,-0.86,-0.22
1784032883.02,static,fabric,-2.0,0.56,0.0,0.02,4,0.51,0.14,0.2
1784032883.02,static,fabric,2.5,1.87,0.0,0.06,5,1.85,0.21,-0.21
1784032883.107,static,mid,7.0,3.18,0.0,0.01,5,3.14,0.5,0.16
1784032883.107,static,unknown,0.6,7.5,0.01,0.88,11,7.35,1.11,1.02
1784032883.107,static,fabric,1.0,1.57,-0.0,1.46,19,1.29,-0.87,-0.23
1784032883.107,static,fabric,-1.8,0.56,0.0,0.02,4,0.51,0.14,0.19
1784032883.107,static,fabric,2.5,1.87,0.0,0.06,5,1.85,0.21,-0.21
1784032883.241,static,mid,7.0,3.18,0.0,0.01,5,3.14,0.49,0.16
1784032883.241,static,unknown,0.6,7.53,0.01,0.88,11,7.38,1.11,1.03
1784032883.241,static,fabric,1.0,1.57,-0.0,1.45,19,1.28,-0.87,-0.24
1784032883.241,static,fabric,-1.8,0.56,0.0,0.02,4,0.51,0.14,0.19
1784032883.241,static,fabric,2.5,1.87,0.0,0.06,5,1.85,0.21,-0.21
1784032883.332,static,mid,7.0,3.18,0.0,0.01,5,3.14,0.48,0.16
1784032883.332,static,unknown,0.6,7.55,0.01,0.89,11,7.39,1.1,1.03
1784032883.332,static,fabric,1.0,1.57,-0.0,1.45,19,1.28,-0.88,-0.25
1784032883.332,static,fabric,-1.8,0.56,0.0,0.02,4,0.51,0.14,0.19
1784032883.332,static,fabric,2.5,1.87,0.0,0.06,5,1.85,0.21,-0.2
1784032883.446,static,mid,7.0,3.18,0.0,0.01,5,3.14,0.48,0.16
1784032883.446,static,unknown,0.7,7.56,0.01,0.89,11,7.41,1.1,1.04
1784032883.446,static,fabric,1.0,1.57,-0.0,1.44,18,1.27,-0.88,-0.25
1784032883.446,static,fabric,-1.8,0.56,0.0,0.02,4,0.51,0.14,0.19
1784032883.446,static,fabric,2.5,1.87,0.0,0.06,5,1.85,0.21,-0.2
1784032883.538,static,mid,7.0,3.19,0.0,0.01,5,3.14,0.48,0.16
1784032883.538,static,unknown,0.7,7.57,0.01,0.89,11,7.41,1.1,1.04
1784032883.538,static,fabric,1.0,1.57,-0.0,1.44,18,1.27,-0.88,-0.25
1784032883.538,static,fabric,-1.8,0.56,0.0,0.02,4,0.51,0.14,0.19
1784032883.538,static,fabric,2.5,1.88,0.0,0.06,5,1.85,0.2,-0.2
1784032883.659,static,mid,7.0,3.18,0.0,0.01,5,3.14,0.49,0.16
1784032883.659,static,unknown,0.6,7.54,0.01,0.89,11,7.39,1.1,1.03
1784032883.659,static,fabric,1.0,1.57,-0.0,1.43,18,1.28,-0.88,-0.25
1784032883.659,static,fabric,-1.8,0.56,0.0,0.02,4,0.51,0.14,0.19
1784032883.659,static,fabric,2.5,1.87,0.0,0.06,5,1.85,0.2,-0.2
1784032883.779,static,mid,7.0,3.18,0.0,0.01,5,3.14,0.48,0.16
1784032883.779,static,unknown,0.6,7.56,0.01,0.89,11,7.41,1.11,1.03
1784032883.779,static,fabric,1.0,1.57,-0.0,1.43,18,1.27,-0.88,-0.24
1784032883.779,static,fabric,-1.8,0.56,0.0,0.02,4,0.51,0.14,0.19
1784032883.779,static,fabric,2.5,1.87,0.0,0.06,5,1.85,0.2,-0.2
1784032883.871,static,mid,7.0,3.18,0.0,0.01,5,3.14,0.48,0.16
1784032883.871,static,unknown,0.6,7.57,0.01,0.89,11,7.42,1.11,1.03
1784032883.871,static,fabric,1.0,1.57,-0.0,1.42,18,1.28,-0.88,-0.24
1784032883.871,static,fabric,-1.9,0.57,0.0,0.02,4,0.51,0.14,0.19
1784032883.871,static,fabric,2.5,1.87,0.0,0.06,5,1.85,0.2,-0.2
1784032884.007,static,mid,7.0,3.18,0.0,0.02,5,3.14,0.48,0.16
1784032884.007,static,unknown,0.7,7.58,0.01,0.89,11,7.43,1.12,1.03
1784032884.007,static,fabric,1.0,1.57,-0.0,1.42,18,1.28,-0.88,-0.24
1784032884.007,static,fabric,-1.9,0.57,0.0,0.02,4,0.52,0.14,0.19
1784032884.007,static,fabric,2.5,1.87,0.0,0.06,5,1.85,0.2,-0.2
1784032884.138,static,mid,7.0,3.18,0.0,0.02,5,3.14,0.48,0.16
1784032884.138,static,unknown,0.7,7.59,0.01,0.89,11,7.43,1.12,1.03
1784032884.138,static,fabric,1.0,1.57,-0.0,1.41,18,1.28,-0.88,-0.24
1784032884.138,static,fabric,-2.0,0.57,0.0,0.02,4,0.52,0.14,0.19
1784032884.138,static,fabric,2.5,1.87,0.0,0.06,5,1.85,0.2,-0.2
1784032884.203,static,mid,7.0,3.18,0.0,0.02,5,3.14,0.48,0.16
1784032884.203,static,unknown,0.7,7.59,0.01,0.9,11,7.44,1.13,1.02
1784032884.203,static,fabric,1.0,1.57,-0.0,1.4,18,1.28,-0.88,-0.23
1784032884.203,static,fabric,-2.0,0.57,0.0,0.02,4,0.52,0.14,0.19
1784032884.203,static,fabric,2.5,1.87,0.0,0.06,5,1.85,0.2,-0.2
1784032884.28,static,mid,7.0,3.18,0.0,0.02,5,3.14,0.49,0.16
1784032884.28,static,unknown,0.7,7.59,0.01,0.9,11,7.44,1.14,1.02
1784032884.28,static,fabric,1.0,1.57,-0.0,1.4,18,1.28,-0.88,-0.22
1784032884.28,static,fabric,-2.0,0.57,0.0,0.02,4,0.52,0.14,0.19
1784032884.28,static,fabric,2.5,1.87,0.0,0.06,5,1.85,0.2,-0.2
1784032884.378,static,mid,7.0,3.18,0.0,0.02,5,3.14,0.49,0.16
1784032884.378,static,unknown,0.7,7.56,0.01,0.9,11,7.41,1.16,1.0
1784032884.378,static,fabric,1.0,1.56,-0.0,1.4,18,1.36,-0.73,-0.23
1784032884.378,static,fabric,-2.0,0.57,0.0,0.02,4,0.52,0.14,0.19
1784032884.378,static,fabric,2.5,1.87,0.0,0.06,5,1.85,0.2,-0.2
1784032884.452,static,mid,7.0,3.18,0.0,0.02,5,3.14,0.49,0.16
1784032884.452,static,unknown,0.7,7.53,0.01,0.9,11,7.37,1.17,0.98
1784032884.452,static,fabric,1.0,1.56,-0.0,1.4,18,1.41,-0.63,-0.23
1784032884.452,static,fabric,-2.0,0.57,0.0,0.02,4,0.52,0.14,0.19
1784032884.452,static,fabric,2.5,1.87,0.0,0.06,5,1.85,0.2,-0.2
1784032884.568,static,mid,7.0,3.18,0.0,0.02,5,3.14,0.5,0.16
1784032884.568,static,unknown,0.7,7.47,0.01,0.9,11,7.32,1.18,0.96
1784032884.568,static,fabric,1.0,1.57,-0.0,1.4,18,1.44,-0.56,-0.24
1784032884.568,static,fabric,-2.0,0.57,0.0,0.02,4,0.52,0.14,0.19
1784032884.568,static,fabric,2.5,1.87,0.0,0.06,5,1.85,0.2,-0.2
1784032884.707,static,mid,7.0,3.18,0.0,0.02,5,3.14,0.5,0.16
1784032884.707,static,unknown,0.7,7.44,0.01,0.9,11,7.29,1.19,0.93
1784032884.707,static,fabric,1.0,1.57,-0.0,1.41,18,1.46,-0.52,-0.24
1784032884.707,static,fabric,-2.0,0.57,0.0,0.02,4,0.52,0.14,0.19
1784032884.707,static,fabric,2.5,1.87,0.0,0.06,5,1.85,0.2,-0.2
1784032884.836,static,mid,7.0,3.18,0.0,0.02,5,3.14,0.5,0.16
1784032884.836,static,unknown,0.7,7.46,0.01,0.91,11,7.31,1.18,0.94
1784032884.836,static,fabric,1.0,1.56,-0.0,1.4,18,1.4,-0.65,-0.24
1784032884.836,static,fabric,-2.0,0.57,0.0,0.02,4,0.52,0.14,0.18
1784032884.836,static,fabric,2.5,1.87,0.0,0.06,5,1.85,0.21,-0.2
1784032884.971,static,mid,7.0,3.18,0.0,0.02,5,3.14,0.5,0.16
1784032884.971,static,unknown,0.7,7.51,0.01,0.91,11,7.35,1.18,0.95
1784032884.971,static,fabric,1.0,1.57,-0.0,1.4,18,1.44,-0.57,-0.23
1784032884.971,static,fabric,-2.0,0.57,0.0,0.02,4,0.52,0.14,0.18
1784032884.971,static,fabric,2.5,1.87,0.0,0.06,5,1.85,0.21,-0.2
1784032885.104,static,mid,7.0,3.18,0.0,0.02,5,3.14,0.5,0.16
1784032885.104,static,unknown,0.7,7.58,0.01,0.9,11,7.42,1.16,0.98
1784032885.104,static,fabric,1.0,1.57,-0.0,1.4,18,1.46,-0.53,-0.23
1784032885.104,static,fabric,-2.0,0.57,0.0,0.02,4,0.52,0.14,0.18
1784032885.104,static,fabric,2.5,1.87,0.0,0.06,5,1.85,0.21,-0.2
1784032885.236,static,mid,7.0,3.18,0.0,0.02,5,3.14,0.5,0.16
1784032885.236,static,unknown,0.7,7.55,0.01,0.91,11,7.4,1.15,0.98
1784032885.236,static,fabric,1.0,1.58,-0.0,1.41,18,1.48,-0.5,-0.23
1784032885.236,static,fabric,-2.0,0.57,0.0,0.02,4,0.52,0.14,0.18
1784032885.236,static,fabric,2.5,1.87,0.0,0.06,5,1.85,0.21,-0.2
1784032885.349,static,mid,7.0,3.18,0.0,0.02,5,3.14,0.5,0.16
1784032885.349,static,unknown,0.7,7.53,0.01,0.91,11,7.38,1.14,0.98
1784032885.349,static,fabric,1.0,1.58,-0.0,1.41,18,1.49,-0.48,-0.23
1784032885.349,static,fabric,-2.0,0.57,0.0,0.02,4,0.52,0.14,0.18
1784032885.349,static,fabric,2.5,1.87,0.0,0.06,5,1.85,0.21,-0.2
1784032885.481,static,mid,6.9,3.18,0.0,0.01,5,3.14,0.5,0.16
1784032885.481,static,unknown,0.7,7.5,0.01,0.91,11,7.35,1.13,0.97
1784032885.481,static,fabric,1.0,1.56,-0.0,1.4,18,1.42,-0.62,-0.23
1784032885.481,static,fabric,-2.0,0.57,0.0,0.02,4,0.52,0.14,0.18
1784032885.481,static,fabric,2.5,1.87,0.0,0.06,5,1.85,0.21,-0.2
1784032885.568,static,mid,6.9,3.18,0.0,0.01,5,3.14,0.5,0.16
1784032885.568,static,unknown,0.8,7.45,0.01,0.91,11,7.3,1.14,0.96
1784032885.568,static,fabric,1.0,1.56,-0.0,1.4,18,1.37,-0.71,-0.23
1784032885.568,static,fabric,-2.0,0.57,0.0,0.02,4,0.52,0.14,0.18
1784032885.568,static,fabric,2.5,1.87,0.0,0.06,5,1.85,0.21,-0.21
1784032885.693,static,mid,6.9,3.18,0.0,0.01,5,3.14,0.5,0.16
1784032885.693,static,unknown,0.8,7.42,0.01,0.91,11,7.27,1.14,0.94
1784032885.693,static,fabric,1.0,1.56,-0.0,1.39,18,1.34,-0.77,-0.23
1784032885.693,static,fabric,-2.2,0.57,0.0,0.01,4,0.52,0.14,0.19
1784032885.693,static,fabric,2.5,1.87,0.0,0.06,5,1.85,0.22,-0.21
1784032885.816,static,mid,6.9,3.18,0.0,0.01,5,3.14,0.5,0.16
1784032885.816,static,unknown,0.8,7.4,0.01,0.91,11,7.25,1.15,0.94
1784032885.816,static,fabric,1.0,1.56,-0.0,1.39,18,1.32,-0.81,-0.24
1784032885.816,static,fabric,-2.2,0.57,0.0,0.01,4,0.52,0.14,0.19
1784032885.816,static,fabric,2.5,1.87,0.0,0.06,5,1.85,0.22,-0.21
1784032885.946,static,mid,6.9,3.18,0.0,0.01,5,3.14,0.5,0.16
1784032885.946,static,unknown,0.8,7.39,0.01,0.91,11,7.24,1.16,0.94
1784032885.946,static,fabric,1.0,1.56,-0.0,1.39,18,1.38,-0.68,-0.24
1784032885.946,static,fabric,-2.2,0.57,0.0,0.01,4,0.52,0.14,0.19
1784032885.946,static,fabric,2.5,1.87,0.0,0.06,5,1.85,0.22,-0.21
1784032886.077,static,mid,6.9,3.18,0.0,0.01,5,3.14,0.5,0.16
1784032886.077,static,unknown,0.8,7.38,0.01,0.92,11,7.23,1.17,0.94
1784032886.077,static,fabric,1.0,1.56,-0.0,1.39,18,1.41,-0.62,-0.25
1784032886.077,static,fabric,-2.2,0.57,0.0,0.01,4,0.52,0.14,0.19
1784032886.077,static,fabric,2.5,1.87,0.0,0.06,5,1.85,0.22,-0.21
1784032886.17,static,mid,6.9,3.18,0.0,0.01,5,3.14,0.5,0.16
1784032886.17,static,unknown,0.8,7.38,0.01,0.92,11,7.22,1.17,0.95
1784032886.17,static,fabric,1.0,1.57,-0.0,1.39,18,1.43,-0.58,-0.25
1784032886.17,static,fabric,-2.2,0.57,0.0,0.01,4,0.52,0.14,0.18
1784032886.17,static,fabric,2.5,1.87,0.0,0.06,5,1.85,0.22,-0.21
1784032886.299,static,mid,6.9,3.18,0.0,0.01,5,3.14,0.5,0.16
1784032886.299,static,unknown,0.8,7.4,0.01,0.92,11,7.24,1.17,0.96
1784032886.299,static,fabric,1.0,1.57,-0.0,1.39,18,1.44,-0.57,-0.26
1784032886.299,static,fabric,-2.2,0.57,0.0,0.01,4,0.52,0.14,0.18
1784032886.299,static,fabric,2.5,1.87,0.0,0.06,5,1.85,0.22,-0.21
1784032886.426,static,mid,6.9,3.18,0.0,0.01,5,3.14,0.5,0.16
1784032886.426,static,unknown,0.9,7.42,0.01,0.92,11,7.26,1.18,0.97
1784032886.426,static,fabric,1.0,1.57,-0.0,1.4,18,1.43,-0.59,-0.26
1784032886.426,static,fabric,-2.2,0.57,0.0,0.01,4,0.52,0.14,0.18
1784032886.426,static,fabric,2.5,1.87,0.0,0.06,5,1.85,0.22,-0.21
1784032886.548,static,mid,6.9,3.18,0.0,0.01,5,3.14,0.5,0.16
1784032886.548,static,unknown,0.8,7.44,0.01,0.92,11,7.28,1.18,0.97
1784032886.548,static,fabric,1.0,1.57,-0.0,1.4,18,1.43,-0.58,-0.26
1784032886.548,static,fabric,-2.2,0.57,0.0,0.01,4,0.52,0.14,0.18
1784032886.548,static,fabric,2.5,1.87,0.0,0.06,5,1.85,0.22,-0.21
1784032886.659,static,mid,6.9,3.18,0.0,0.01,5,3.14,0.5,0.16
1784032886.659,static,unknown,0.8,7.46,0.01,0.92,11,7.3,1.18,0.96
1784032886.659,static,fabric,1.0,1.57,-0.0,1.4,18,1.43,-0.58,-0.26
1784032886.659,static,fabric,-2.2,0.57,0.0,0.01,4,0.52,0.14,0.18
1784032886.659,static,fabric,2.5,1.87,0.0,0.06,5,1.85,0.22,-0.21
1784032886.771,static,mid,6.9,3.18,0.0,0.01,5,3.14,0.5,0.16
1784032886.771,static,unknown,0.8,7.48,0.01,0.93,11,7.32,1.19,0.95
1784032886.771,static,fabric,1.0,1.57,-0.0,1.4,18,1.45,-0.55,-0.25
1784032886.771,static,fabric,-2.2,0.57,0.0,0.01,4,0.52,0.14,0.18
1784032886.771,static,fabric,2.5,1.87,0.0,0.06,5,1.85,0.22,-0.21
1784032886.884,static,mid,6.9,3.18,0.0,0.01,5,3.14,0.5,0.16
1784032886.884,static,unknown,0.8,7.52,0.01,0.93,11,7.36,1.2,0.96
1784032886.884,static,fabric,1.0,1.58,-0.0,1.4,18,1.47,-0.52,-0.25
1784032886.884,static,fabric,-2.2,0.57,0.0,0.01,4,0.52,0.14,0.18
1784032886.884,static,fabric,2.5,1.87,0.0,0.06,5,1.85,0.22,-0.21
1784032886.99,static,mid,6.9,3.18,0.0,0.01,5,3.14,0.5,0.16
1784032886.99,static,unknown,0.8,7.51,0.01,0.93,11,7.36,1.2,0.96
1784032886.99,static,fabric,1.0,1.56,-0.0,1.4,18,1.4,-0.64,-0.24
1784032886.99,static,fabric,-2.2,0.57,0.0,0.01,4,0.52,0.14,0.18
1784032886.99,static,fabric,2.5,1.87,0.0,0.06,5,1.85,0.21,-0.21
1784032887.082,static,mid,6.9,3.18,0.0,0.01,5,3.14,0.5,0.16
1784032887.082,static,unknown,0.9,7.51,0.01,0.93,11,7.35,1.19,0.95
1784032887.082,static,fabric,1.0,1.56,-0.0,1.39,17,1.36,-0.73,-0.24
1784032887.082,static,fabric,-2.2,0.57,0.0,0.01,4,0.52,0.14,0.18
1784032887.082,static,fabric,2.5,1.87,0.0,0.06,5,1.85,0.21,-0.21
1784032887.205,static,mid,6.9,3.18,0.0,0.01,5,3.14,0.49,0.16
1784032887.205,static,unknown,0.9,7.54,0.01,0.93,11,7.38,1.18,0.96
1784032887.205,static,fabric,1.0,1.56,-0.0,1.39,17,1.33,-0.78,-0.23
1784032887.205,static,fabric,-2.2,0.57,0.0,0.01,4,0.52,0.14,0.18
1784032887.205,static,fabric,2.5,1.87,0.0,0.06,5,1.85,0.21,-0.21
1784032887.306,static,mid,6.9,3.18,0.0,0.01,5,3.14,0.49,0.16
1784032887.306,static,unknown,0.9,7.53,0.01,0.93,11,7.37,1.17,0.97
1784032887.306,static,fabric,1.0,1.56,-0.0,1.38,17,1.31,-0.82,-0.23
1784032887.306,static,fabric,-2.2,0.57,0.0,0.01,4,0.52,0.14,0.18
1784032887.306,static,fabric,2.5,1.87,0.0,0.06,5,1.85,0.21,-0.21
1784032887.426,static,mid,6.9,3.18,0.0,0.01,5,3.14,0.48,0.16
1784032887.426,static,unknown,0.8,7.5,0.01,0.93,11,7.35,1.17,0.96
1784032887.426,static,fabric,1.0,1.57,-0.0,1.38,17,1.3,-0.84,-0.23
1784032887.426,static,fabric,-2.2,0.57,0.0,0.01,4,0.52,0.14,0.18
1784032887.426,static,fabric,2.5,1.87,0.0,0.06,5,1.85,0.21,-0.21
1784032887.51,static,mid,6.9,3.18,0.0,0.02,5,3.14,0.48,0.16
1784032887.51,static,unknown,0.8,7.48,0.01,0.94,11,7.33,1.16,0.97
1784032887.51,static,fabric,1.0,1.57,-0.0,1.37,17,1.29,-0.85,-0.23
1784032887.51,static,fabric,-2.2,0.57,0.0,0.01,4,0.52,0.14,0.19
1784032887.51,static,fabric,2.5,1.87,0.0,0.06,5,1.85,0.21,-0.21
1784032887.61,static,mid,6.9,3.18,0.0,0.02,5,3.14,0.48,0.16
1784032887.61,static,unknown,0.8,7.44,0.01,0.94,11,7.29,1.15,0.96
1784032887.61,static,fabric,1.1,1.57,-0.0,1.37,17,1.29,-0.86,-0.23
1784032887.61,static,fabric,-2.2,0.57,0.0,0.01,4,0.52,0.14,0.18
1784032887.61,static,fabric,2.5,1.87,0.0,0.06,5,1.85,0.21,-0.21
1784032887.734,static,mid,6.9,3.18,0.0,0.02,5,3.14,0.49,0.16
1784032887.734,static,unknown,0.8,7.4,0.01,0.94,11,7.24,1.16,0.95
1784032887.734,static,fabric,1.1,1.57,-0.0,1.36,17,1.29,-0.87,-0.23
1784032887.734,static,fabric,-2.2,0.57,0.0,0.01,4,0.52,0.14,0.19
1784032887.734,static,fabric,2.5,1.87,0.0,0.06,5,1.85,0.21,-0.21
1784032887.831,static,mid,6.9,3.18,0.0,0.02,5,3.14,0.49,0.16
1784032887.831,static,unknown,0.8,7.37,0.01,0.94,11,7.21,1.15,0.95
1784032887.831,static,fabric,1.0,1.57,-0.0,1.36,17,1.28,-0.87,-0.23
1784032887.831,static,fabric,-2.2,0.57,0.0,0.01,4,0.52,0.14,0.18
1784032887.831,static,fabric,2.5,1.87,0.0,0.06,5,1.85,0.21,-0.2
1784032887.946,static,mid,6.9,3.18,0.0,0.02,5,3.14,0.49,0.16
1784032887.946,static,unknown,0.7,7.35,0.01,0.94,11,7.19,1.16,0.93
1784032887.946,static,fabric,1.0,1.56,-0.0,1.36,17,1.36,-0.72,-0.23
1784032887.946,static,fabric,-2.2,0.57,0.0,0.01,4,0.52,0.14,0.18
1784032887.946,static,fabric,2.5,1.87,0.0,0.06,5,1.85,0.21,-0.2
1784032888.044,static,mid,6.9,3.18,0.0,0.02,5,3.14,0.5,0.16
1784032888.044,static,unknown,0.7,7.35,0.01,0.94,11,7.2,1.15,0.92
1784032888.044,static,fabric,1.0,1.56,-0.0,1.36,17,1.4,-0.65,-0.24
1784032888.044,static,fabric,-2.2,0.57,0.0,0.01,4,0.52,0.14,0.18
1784032888.044,static,fabric,2.5,1.87,0.0,0.06,5,1.85,0.21,-0.2
1784032888.166,static,mid,6.9,3.18,0.0,0.02,5,3.14,0.5,0.16
1784032888.166,static,unknown,0.7,7.36,0.01,0.94,11,7.21,1.14,0.91
1784032888.166,static,fabric,1.0,1.56,-0.0,1.37,17,1.42,-0.6,-0.24
1784032888.166,static,fabric,-2.2,0.57,0.0,0.01,3,0.52,0.14,0.18
1784032888.166,static,fabric,2.5,1.87,0.0,0.06,5,1.85,0.21,-0.2
1784032888.264,static,mid,6.9,3.18,0.0,0.02,5,3.14,0.5,0.16
1784032888.264,static,unknown,0.7,7.36,0.01,0.95,11,7.21,1.15,0.91
1784032888.264,static,fabric,1.0,1.57,-0.0,1.37,17,1.44,-0.57,-0.25
1784032888.264,static,fabric,-2.2,0.57,0.0,0.01,3,0.52,0.14,0.18
1784032888.264,static,fabric,2.5,1.87,0.0,0.06,5,1.85,0.21,-0.2
1784032888.383,static,mid,6.9,3.18,0.0,0.02,5,3.14,0.5,0.16
1784032888.383,static,unknown,0.7,7.36,0.01,0.95,11,7.22,1.15,0.9
1784032888.383,static,fabric,1.0,1.57,-0.0,1.37,17,1.44,-0.57,-0.25
1784032888.383,static,fabric,-2.2,0.57,0.0,0.01,3,0.52,0.14,0.18
1784032888.383,static,fabric,2.5,1.87,0.0,0.06,5,1.85,0.21,-0.2
1784032888.507,static,mid,6.9,3.18,0.0,0.02,5,3.14,0.5,0.16
1784032888.507,static,unknown,0.7,7.35,0.01,0.95,11,7.2,1.15,0.9
1784032888.507,static,fabric,1.0,1.57,-0.0,1.37,17,1.45,-0.55,-0.25
1784032888.507,static,fabric,-2.2,0.57,0.0,0.01,3,0.52,0.14,0.18
1784032888.507,static,fabric,2.5,1.87,0.0,0.06,5,1.85,0.21,-0.2
1784032888.59,static,mid,6.9,3.18,0.0,0.02,5,3.14,0.5,0.16
1784032888.59,static,unknown,0.7,7.33,0.01,0.95,11,7.18,1.15,0.89
1784032888.59,static,fabric,1.0,1.57,-0.0,1.37,17,1.47,-0.51,-0.24
1784032888.59,static,fabric,-2.2,0.57,0.0,0.01,3,0.52,0.14,0.18
1784032888.59,static,fabric,2.5,1.87,0.0,0.06,5,1.85,0.21,-0.2
1784032888.692,static,mid,6.9,3.18,0.0,0.02,5,3.14,0.5,0.16
1784032888.692,static,unknown,0.7,7.33,0.01,0.95,11,7.18,1.15,0.89
1784032888.692,static,fabric,1.0,1.57,-0.0,1.37,17,1.47,-0.5,-0.25
1784032888.692,static,fabric,-2.2,0.57,0.0,0.01,3,0.52,0.14,0.18
1784032888.692,static,fabric,2.5,1.87,0.0,0.06,5,1.85,0.21,-0.2
1784032888.789,static,mid,6.9,3.18,0.0,0.02,5,3.14,0.5,0.16
1784032888.789,static,unknown,0.7,7.33,0.01,0.95,11,7.18,1.15,0.9
1784032888.789,static,fabric,1.0,1.57,-0.0,1.37,17,1.47,-0.5,-0.24
1784032888.789,static,fabric,-2.2,0.57,0.0,0.01,3,0.52,0.14,0.18
1784032888.789,static,fabric,2.5,1.87,0.0,0.06,5,1.85,0.21,-0.2
1784032888.91,static,mid,6.9,3.18,0.0,0.02,5,3.14,0.5,0.16
1784032888.91,static,unknown,0.7,7.36,0.01,0.96,11,7.21,1.14,0.92
1784032888.91,static,fabric,1.0,1.58,-0.0,1.38,17,1.49,-0.47,-0.24
1784032888.91,static,fabric,-2.2,0.57,0.0,0.01,3,0.52,0.14,0.18
1784032888.91,static,fabric,2.5,1.87,0.0,0.06,5,1.85,0.21,-0.2
1784032889.034,static,mid,6.9,3.18,0.0,0.02,5,3.14,0.5,0.16
1784032889.034,static,unknown,0.7,7.4,0.01,0.96,11,7.25,1.13,0.93
1784032889.034,static,fabric,1.1,1.58,-0.0,1.38,17,1.5,-0.46,-0.23
1784032889.034,static,fabric,-2.2,0.57,0.0,0.01,3,0.52,0.14,0.18
1784032889.034,static,fabric,2.5,1.87,0.0,0.06,5,1.85,0.21,-0.2
1784032889.153,static,mid,6.9,3.18,0.0,0.02,5,3.14,0.5,0.16
1784032889.153,static,unknown,0.6,7.43,0.01,0.96,11,7.28,1.12,0.95
1784032889.153,static,fabric,1.1,1.59,-0.0,1.38,17,1.51,-0.45,-0.23
1784032889.153,static,fabric,-2.2,0.57,0.0,0.01,3,0.52,0.14,0.18
1784032889.153,static,fabric,2.5,1.87,0.0,0.06,5,1.85,0.21,-0.2
1784032889.235,static,mid,6.9,3.18,0.0,0.02,5,3.14,0.5,0.16
1784032889.235,static,unknown,0.6,7.46,0.01,0.96,11,7.31,1.11,0.97
1784032889.235,static,fabric,1.1,1.56,-0.0,1.38,17,1.43,-0.6,-0.22
1784032889.235,static,fabric,-2.2,0.57,0.0,0.01,3,0.52,0.14,0.18
1784032889.235,static,fabric,2.5,1.87,0.0,0.06,5,1.85,0.2,-0.2
1784032889.326,static,mid,6.9,3.18,0.0,0.02,5,3.14,0.49,0.16
1784032889.326,static,unknown,0.6,7.48,0.01,0.96,11,7.33,1.11,0.99
1784032889.326,static,fabric,1.1,1.56,-0.0,1.37,17,1.38,-0.7,-0.22
1784032889.326,static,fabric,-2.2,0.57,0.0,0.01,3,0.52,0.14,0.18
1784032889.326,static,fabric,2.5,1.88,0.0,0.06,5,1.86,0.2,-0.19
1784032889.404,static,mid,6.9,3.18,0.0,0.02,5,3.14,0.49,0.16
1784032889.404,static,unknown,0.6,7.49,0.01,0.96,11,7.35,1.11,0.99
1784032889.404,static,fabric,1.1,1.56,-0.0,1.37,17,1.34,-0.76,-0.22
1784032889.404,static,fabric,-2.2,0.57,0.0,0.01,3,0.52,0.14,0.18
1784032889.404,static,fabric,2.5,1.88,0.0,0.06,5,1.86,0.2,-0.19
1784032889.506,static,mid,6.9,3.18,0.0,0.02,5,3.14,0.49,0.16
1784032889.506,static,unknown,0.6,7.48,0.01,0.97,12,7.33,1.11,0.99
1784032889.506,static,fabric,1.1,1.56,-0.0,1.36,17,1.32,-0.8,-0.22
1784032889.506,static,fabric,-2.2,0.57,0.0,0.01,3,0.52,0.14,0.18
1784032889.506,static,fabric,2.5,1.88,0.0,0.06,5,1.86,0.2,-0.19
1784032889.597,static,mid,6.9,3.18,0.0,0.02,5,3.14,0.48,0.16
1784032889.597,static,unknown,0.7,7.49,0.01,0.97,12,7.34,1.1,1.0
1784032889.597,static,fabric,1.1,1.56,-0.0,1.36,17,1.31,-0.83,-0.22
1784032889.597,static,fabric,-2.2,0.57,0.0,0.01,3,0.52,0.14,0.18
1784032889.597,static,fabric,2.5,1.88,0.0,0.06,5,1.86,0.2,-0.19
1784032889.729,static,mid,6.9,3.18,0.0,0.02,5,3.14,0.48,0.16
1784032889.729,static,unknown,0.7,7.5,0.01,0.97,12,7.35,1.11,1.0
1784032889.729,static,fabric,1.1,1.57,-0.0,1.35,17,1.3,-0.85,-0.23
1784032889.729,static,fabric,-2.2,0.57,0.0,0.01,3,0.52,0.14,0.18
1784032889.729,static,fabric,2.5,1.87,0.0,0.06,5,1.85,0.2,-0.19
1784032889.858,static,mid,6.9,3.18,0.0,0.02,5,3.14,0.48,0.16
1784032889.858,static,unknown,0.7,7.5,0.01,0.97,12,7.35,1.12,0.99
1784032889.858,static,fabric,1.1,1.57,-0.0,1.35,17,1.29,-0.86,-0.23
1784032889.858,static,fabric,-2.2,0.57,0.0,0.01,3,0.52,0.14,0.18
1784032889.858,static,fabric,2.5,1.87,0.0,0.06,5,1.85,0.21,-0.2
1784032889.983,static,mid,6.9,3.18,0.0,0.02,5,3.14,0.48,0.16
1784032889.983,static,unknown,0.8,7.54,0.01,0.97,12,7.39,1.12,1.0
1784032889.983,static,fabric,1.0,1.57,-0.0,1.35,17,1.29,-0.87,-0.23
1784032889.983,static,fabric,2.5,1.87,0.0,0.06,5,1.85,0.2,-0.2
1784032890.101,static,mid,6.9,3.18,0.0,0.02,5,3.14,0.48,0.16
1784032890.101,static,unknown,0.8,7.56,0.01,0.97,12,7.41,1.12,1.0
1784032890.101,static,fabric,1.0,1.57,-0.0,1.34,17,1.28,-0.87,-0.23
1784032890.101,static,fabric,2.5,1.88,0.0,0.06,5,1.85,0.2,-0.2
1784032890.223,static,mid,6.9,3.18,0.0,0.02,5,3.14,0.48,0.16
1784032890.223,static,unknown,0.8,7.61,0.01,0.97,12,7.46,1.11,1.01
1784032890.223,static,fabric,1.0,1.57,-0.0,1.34,17,1.28,-0.87,-0.24
1784032890.223,static,fabric,2.5,1.88,0.0,0.06,5,1.86,0.19,-0.19
1784032890.31,static,mid,6.9,3.18,0.0,0.02,5,3.14,0.48,0.16
1784032890.31,static,unknown,0.8,7.64,0.01,0.97,12,7.49,1.11,1.02
1784032890.31,static,fabric,1.0,1.57,-0.0,1.33,17,1.28,-0.88,-0.25
1784032890.31,static,fabric,2.5,1.88,0.0,0.06,5,1.86,0.19,-0.2
1784032890.439,static,mid,6.9,3.18,0.0,0.02,5,3.14,0.49,0.16
1784032890.439,static,unknown,0.8,7.66,0.01,0.97,11,7.51,1.11,1.03
1784032890.439,static,fabric,1.0,1.57,-0.0,1.33,17,1.27,-0.88,-0.25
1784032890.439,static,fabric,2.5,1.88,0.0,0.06,5,1.85,0.2,-0.2
1784032890.556,static,mid,6.9,3.18,0.0,0.02,5,3.14,0.48,0.16
1784032890.556,static,unknown,0.8,7.67,0.0,0.97,11,7.52,1.11,1.03
1784032890.556,static,fabric,1.0,1.57,-0.0,1.33,17,1.27,-0.88,-0.25
1784032890.556,static,fabric,2.5,1.88,0.0,0.06,5,1.85,0.2,-0.21
1784032890.685,static,mid,6.9,3.18,0.0,0.02,5,3.14,0.48,0.16
1784032890.685,static,unknown,0.8,7.68,0.0,0.96,11,7.53,1.11,1.03
1784032890.685,static,fabric,1.0,1.57,-0.0,1.32,17,1.27,-0.88,-0.25
1784032890.685,static,fabric,2.5,1.88,0.0,0.06,5,1.85,0.21,-0.21
1784032890.811,static,mid,6.9,3.18,0.0,0.02,5,3.14,0.48,0.16
1784032890.811,static,unknown,0.8,7.69,0.0,0.96,11,7.54,1.11,1.04
1784032890.811,static,fabric,1.0,1.57,-0.0,1.32,17,1.27,-0.88,-0.25
1784032890.811,static,fabric,2.5,1.88,0.0,0.06,5,1.85,0.21,-0.21
1784032890.918,static,mid,6.9,3.18,0.0,0.02,5,3.14,0.48,0.16
1784032890.918,static,unknown,0.8,7.7,0.0,0.96,11,7.54,1.11,1.04
1784032890.918,static,fabric,1.0,1.57,-0.0,1.31,16,1.27,-0.88,-0.25
1784032890.918,static,fabric,2.5,1.88,0.0,0.06,5,1.85,0.22,-0.22
1784032891.014,static,mid,6.9,3.18,0.0,0.02,5,3.14,0.49,0.16
1784032891.014,static,unknown,0.8,7.7,0.0,0.96,11,7.54,1.11,1.05
1784032891.014,static,fabric,1.0,1.57,-0.0,1.31,16,1.27,-0.88,-0.26
1784032891.014,static,fabric,2.5,1.88,0.0,0.06,5,1.85,0.22,-0.22
1784032891.136,static,mid,6.9,3.18,0.0,0.02,5,3.14,0.48,0.16
1784032891.136,static,unknown,0.9,7.7,0.0,0.96,11,7.54,1.11,1.06
1784032891.136,static,fabric,0.9,1.57,-0.0,1.31,16,1.27,-0.88,-0.26
1784032891.136,static,fabric,2.5,1.88,0.0,0.06,5,1.85,0.22,-0.22
1784032891.258,static,mid,6.9,3.18,0.0,0.02,5,3.14,0.48,0.16
1784032891.258,static,unknown,0.9,7.7,0.0,0.95,11,7.54,1.12,1.06
1784032891.258,static,fabric,0.9,1.57,-0.0,1.3,16,1.27,-0.88,-0.26
1784032891.258,static,fabric,2.5,1.88,0.0,0.06,5,1.85,0.22,-0.21
1784032891.331,static,mid,6.9,3.18,0.0,0.02,5,3.14,0.48,0.17
1784032891.331,static,unknown,1.1,7.7,0.0,0.95,11,7.54,1.13,1.06
1784032891.331,static,fabric,0.8,1.57,-0.0,1.3,16,1.27,-0.88,-0.26
1784032891.331,static,fabric,2.5,1.87,0.0,0.06,5,1.85,0.22,-0.21
1784032891.428,static,mid,7.0,3.18,0.0,0.02,5,3.14,0.47,0.17
1784032891.428,static,unknown,1.1,7.7,0.0,0.95,11,7.54,1.13,1.07
1784032891.428,static,fabric,0.8,1.57,-0.0,1.29,16,1.27,-0.88,-0.25
1784032891.428,static,fabric,2.5,1.87,0.0,0.06,5,1.85,0.21,-0.21
1784032891.506,static,mid,7.0,3.19,0.0,0.02,5,3.15,0.47,0.17
1784032891.506,static,unknown,1.1,7.7,0.0,0.95,11,7.54,1.14,1.07
1784032891.506,static,fabric,0.8,1.57,-0.0,1.29,16,1.27,-0.88,-0.25
1784032891.506,static,fabric,2.5,1.87,0.0,0.06,5,1.85,0.21,-0.21
1784032891.6,static,mid,7.0,3.19,0.0,0.02,5,3.15,0.47,0.17
1784032891.6,static,unknown,1.1,7.7,0.0,0.95,11,7.54,1.13,1.08
1784032891.6,static,fabric,0.8,1.57,-0.0,1.29,16,1.27,-0.88,-0.25
1784032891.6,static,fabric,2.5,1.87,0.0,0.06,5,1.85,0.21,-0.21
1784032891.675,static,mid,6.9,3.18,0.0,0.02,5,3.14,0.47,0.17
1784032891.675,static,unknown,1.1,7.7,0.0,0.95,11,7.54,1.11,1.09
1784032891.675,static,fabric,0.8,1.57,-0.0,1.28,16,1.27,-0.88,-0.25
1784032891.675,static,fabric,2.5,1.87,0.0,0.06,5,1.85,0.21,-0.21
1784032891.786,static,mid,6.9,3.19,0.0,0.02,5,3.15,0.47,0.17
1784032891.786,static,unknown,1.1,7.7,0.0,0.95,11,7.54,1.09,1.09
1784032891.786,static,fabric,0.8,1.57,-0.0,1.28,16,1.27,-0.88,-0.25
1784032891.786,static,fabric,2.5,1.87,0.0,0.06,5,1.85,0.2,-0.21
1784032891.878,static,mid,6.9,3.19,0.0,0.02,5,3.15,0.46,0.17
1784032891.878,static,unknown,1.1,7.7,0.0,0.94,11,7.54,1.06,1.09
1784032891.878,static,fabric,0.8,1.57,-0.0,1.28,16,1.27,-0.88,-0.25
1784032891.878,static,fabric,2.5,1.87,0.0,0.06,5,1.85,0.21,-0.21
1784032891.995,static,mid,6.9,3.18,0.0,0.02,5,3.15,0.47,0.17
1784032891.995,static,unknown,1.1,7.7,0.0,0.94,11,7.55,1.05,1.08
1784032891.995,static,fabric,0.8,1.57,-0.0,1.27,16,1.27,-0.88,-0.26
1784032891.995,static,fabric,2.5,1.87,0.0,0.06,5,1.85,0.21,-0.21
1784032892.112,static,mid,6.9,3.18,0.0,0.02,5,3.14,0.47,0.17
1784032892.112,static,unknown,1.1,7.7,0.0,0.94,11,7.55,1.05,1.06
1784032892.112,static,fabric,0.8,1.57,-0.0,1.27,16,1.27,-0.88,-0.26
1784032892.112,static,fabric,2.5,1.87,0.0,0.06,5,1.85,0.21,-0.21
1784032892.228,static,mid,6.9,3.18,0.0,0.02,5,3.14,0.48,0.17
1784032892.228,static,unknown,3.1,7.7,0.0,0.94,11,7.56,1.03,1.06
1784032892.228,static,fabric,0.8,1.57,-0.0,1.26,16,1.27,-0.88,-0.26
1784032892.228,static,fabric,2.5,1.87,0.0,0.06,5,1.85,0.22,-0.21
1784032892.319,static,mid,6.9,3.18,0.0,0.02,5,3.14,0.49,0.17
1784032892.319,static,unknown,1.1,7.7,0.0,0.94,11,7.56,1.03,1.06
1784032892.319,static,fabric,0.8,1.57,-0.0,1.26,16,1.27,-0.88,-0.26
1784032892.319,static,fabric,2.5,1.88,0.0,0.06,5,1.85,0.22,-0.21
1784032892.43,static,mid,6.9,3.18,0.0,0.02,5,3.14,0.49,0.17
1784032892.43,static,unknown,1.1,7.7,0.0,0.94,11,7.55,1.02,1.07
1784032892.43,static,fabric,0.8,1.57,-0.0,1.26,16,1.27,-0.88,-0.26
1784032892.43,static,fabric,2.5,1.88,0.0,0.06,5,1.85,0.23,-0.21
1784032892.551,static,mid,6.9,3.18,0.0,0.02,5,3.14,0.49,0.17
1784032892.551,static,unknown,3.0,7.7,0.0,0.94,11,7.55,1.01,1.09
1784032892.551,static,fabric,0.8,1.57,-0.0,1.25,16,1.27,-0.88,-0.26
1784032892.551,static,fabric,2.5,1.88,0.0,0.06,5,1.85,0.23,-0.21
1784032892.633,static,mid,6.9,3.18,0.0,0.02,5,3.14,0.5,0.16
1784032892.633,static,unknown,3.0,7.7,0.0,0.93,11,7.55,1.01,1.1
1784032892.633,static,fabric,0.8,1.57,-0.0,1.25,16,1.27,-0.88,-0.25
1784032892.633,static,fabric,2.5,1.88,0.0,0.06,5,1.85,0.23,-0.21
1784032892.726,static,mid,6.9,3.18,0.0,0.02,5,3.14,0.5,0.16
1784032892.726,static,unknown,3.0,7.7,0.0,0.93,11,7.55,1.01,1.1
1784032892.726,static,fabric,0.8,1.57,-0.0,1.25,16,1.28,-0.88,-0.25
1784032892.726,static,fabric,2.5,1.88,0.0,0.06,5,1.85,0.23,-0.21
1784032892.822,static,mid,6.9,3.18,0.0,0.02,5,3.14,0.5,0.16
1784032892.822,static,unknown,1.1,7.7,0.0,0.93,11,7.55,1.03,1.1
1784032892.822,static,fabric,0.8,1.57,-0.0,1.24,16,1.28,-0.88,-0.24
1784032892.822,static,fabric,2.5,1.88,0.0,0.06,5,1.85,0.23,-0.21
1784032892.928,static,mid,6.9,3.18,0.0,0.02,5,3.14,0.5,0.16
1784032892.928,static,unknown,3.0,7.7,0.0,0.93,11,7.54,1.03,1.11
1784032892.928,static,fabric,0.8,1.57,-0.0,1.24,16,1.28,-0.88,-0.24
1784032892.928,static,fabric,2.5,1.88,0.0,0.06,5,1.85,0.22,-0.21
1784032893.019,static,mid,6.9,3.18,0.0,0.02,5,3.14,0.5,0.16
1784032893.019,static,unknown,3.0,7.7,0.0,0.93,11,7.54,1.03,1.12
1784032893.019,static,fabric,0.8,1.57,-0.0,1.24,16,1.28,-0.88,-0.24
1784032893.019,static,fabric,2.5,1.87,0.0,0.06,5,1.85,0.22,-0.21
1784032893.135,static,mid,6.9,3.18,0.0,0.02,5,3.14,0.5,0.16
1784032893.135,static,unknown,3.0,7.7,0.0,0.93,11,7.54,1.04,1.14
1784032893.135,static,fabric,0.8,1.57,-0.0,1.23,16,1.28,-0.88,-0.24
1784032893.135,static,fabric,2.5,1.87,0.0,0.06,5,1.85,0.22,-0.21
1784032893.231,static,mid,6.9,3.18,0.0,0.02,5,3.14,0.5,0.16
1784032893.231,static,unknown,3.0,7.7,0.0,0.93,11,7.54,1.05,1.14
1784032893.231,static,fabric,0.8,1.57,-0.0,1.23,16,1.27,-0.88,-0.25
1784032893.231,static,fabric,2.5,1.88,0.0,0.06,5,1.85,0.22,-0.21
1784032893.348,static,mid,6.9,3.18,0.0,0.02,5,3.14,0.5,0.16
1784032893.348,static,unknown,3.0,7.7,0.0,0.93,11,7.54,1.07,1.13
1784032893.348,static,fabric,0.8,1.57,-0.0,1.23,16,1.27,-0.88,-0.25
1784032893.348,static,fabric,2.5,1.88,0.0,0.05,5,1.85,0.23,-0.22
1784032893.461,static,mid,6.9,3.18,0.0,0.02,5,3.14,0.5,0.16
1784032893.461,static,unknown,3.0,7.7,0.0,0.92,11,7.54,1.07,1.13
1784032893.461,static,fabric,0.8,1.57,-0.0,1.22,16,1.28,-0.88,-0.24
1784032893.461,static,fabric,2.5,1.88,0.0,0.05,5,1.85,0.23,-0.22
1784032893.58,static,mid,6.9,3.18,0.0,0.02,5,3.14,0.5,0.17
1784032893.58,static,unknown,3.0,7.7,0.0,0.92,11,7.54,1.08,1.11
1784032893.58,static,fabric,0.8,1.57,-0.0,1.22,16,1.28,-0.88,-0.24
1784032893.58,static,fabric,2.5,1.88,0.0,0.05,5,1.85,0.23,-0.21
1784032893.68,static,mid,6.9,3.18,0.0,0.02,5,3.14,0.5,0.17
1784032893.68,static,unknown,3.0,7.7,0.0,0.92,11,7.55,1.07,1.08
1784032893.68,static,fabric,0.8,1.57,-0.0,1.22,16,1.28,-0.88,-0.24
1784032893.68,static,fabric,2.5,1.88,0.0,0.05,5,1.85,0.23,-0.21
1784032893.816,static,mid,6.9,3.18,0.0,0.02,5,3.14,0.5,0.17
1784032893.816,static,unknown,3.0,7.7,0.0,0.92,11,7.55,1.07,1.04
1784032893.816,static,fabric,0.8,1.57,-0.0,1.21,16,1.28,-0.88,-0.24
1784032893.816,static,fabric,2.5,1.88,0.0,0.05,5,1.85,0.23,-0.21
1784032893.897,static,mid,6.9,3.18,0.0,0.02,5,3.14,0.5,0.17
1784032893.897,static,unknown,3.0,7.7,0.0,0.92,11,7.56,1.06,1.01
1784032893.897,static,fabric,0.8,1.57,-0.0,1.21,16,1.28,-0.88,-0.24
1784032893.897,static,fabric,2.5,1.88,0.0,0.05,5,1.85,0.23,-0.21
1784032893.997,static,mid,6.9,3.18,0.0,0.02,5,3.14,0.5,0.17
1784032893.997,static,unknown,3.0,7.7,0.0,0.92,11,7.56,1.08,0.99
1784032893.997,static,fabric,0.8,1.57,-0.0,1.2,15,1.27,-0.88,-0.25
1784032893.997,static,fabric,2.5,1.88,0.0,0.05,5,1.85,0.23,-0.2
1784032894.094,static,mid,6.9,3.18,0.0,0.02,5,3.14,0.5,0.17
1784032894.094,static,unknown,3.0,7.7,0.0,0.92,11,7.55,1.1,0.98
1784032894.094,static,fabric,0.8,1.56,-0.0,1.21,15,1.36,-0.72,-0.25
1784032894.094,static,fabric,2.5,1.88,0.0,0.05,5,1.85,0.23,-0.2
1784032894.164,static,mid,6.9,3.18,0.0,0.02,5,3.14,0.5,0.17
1784032894.164,static,unknown,3.0,7.7,0.0,0.91,11,7.55,1.12,0.98
1784032894.164,static,fabric,0.8,1.56,-0.0,1.21,15,1.41,-0.62,-0.25
1784032894.164,static,fabric,2.5,1.88,0.0,0.05,5,1.85,0.23,-0.2
1784032894.27,static,mid,6.9,3.18,0.0,0.02,5,3.14,0.5,0.17
1784032894.27,static,unknown,3.0,7.7,0.0,0.91,11,7.55,1.14,0.99
1784032894.27,static,fabric,0.8,1.57,-0.0,1.21,15,1.45,-0.55,-0.25
1784032894.27,static,fabric,2.5,1.88,0.0,0.05,5,1.85,0.23,-0.2
1784032894.367,static,mid,6.9,3.18,0.0,0.02,5,3.14,0.5,0.17
1784032894.367,static,unknown,3.0,7.7,0.0,0.91,11,7.55,1.16,1.0
1784032894.367,static,fabric,0.8,1.57,-0.0,1.21,15,1.47,-0.51,-0.25
1784032894.367,static,fabric,2.5,1.88,0.0,0.05,5,1.85,0.23,-0.2
1784032894.481,static,mid,6.9,3.18,0.0,0.02,5,3.14,0.5,0.17
1784032894.481,static,unknown,3.0,7.7,0.0,0.91,11,7.54,1.17,1.01
1784032894.481,static,fabric,0.8,1.58,-0.0,1.21,15,1.48,-0.48,-0.25
1784032894.481,static,fabric,2.5,1.88,0.0,0.05,5,1.85,0.23,-0.2
1784032894.572,static,mid,6.9,3.18,0.0,0.02,5,3.14,0.5,0.17
1784032894.572,static,unknown,3.0,7.7,0.0,0.91,11,7.54,1.18,1.01
1784032894.572,static,fabric,0.8,1.56,-0.0,1.21,15,1.41,-0.62,-0.25
1784032894.572,static,fabric,2.5,1.88,0.0,0.05,5,1.85,0.23,-0.21
1784032894.684,static,mid,6.9,3.18,0.0,0.02,5,3.14,0.5,0.17
1784032894.684,static,unknown,3.0,7.7,0.0,0.91,11,7.54,1.19,1.02
1784032894.684,static,fabric,0.8,1.56,-0.0,1.21,15,1.36,-0.71,-0.25
1784032894.684,static,fabric,2.5,1.88,0.0,0.05,5,1.85,0.23,-0.21
1784032894.825,static,mid,6.9,3.18,0.0,0.02,5,3.14,0.5,0.17
1784032894.825,static,unknown,3.0,7.7,0.0,0.9,11,7.54,1.19,1.03
1784032894.825,static,fabric,0.9,1.56,-0.0,1.2,15,1.33,-0.77,-0.25
1784032894.825,static,fabric,2.5,1.88,0.0,0.05,5,1.85,0.23,-0.22
1784032894.944,static,mid,6.9,3.18,0.0,0.02,5,3.14,0.5,0.17
1784032894.944,static,unknown,3.0,7.7,0.0,0.9,11,7.53,1.2,1.03
1784032894.944,static,fabric,0.9,1.56,-0.0,1.2,15,1.31,-0.81,-0.25
1784032894.944,static,fabric,2.5,1.88,0.0,0.05,5,1.85,0.23,-0.22
1784032895.052,static,mid,6.9,3.18,0.0,0.02,5,3.14,0.5,0.17
1784032895.052,static,unknown,3.0,7.7,0.0,0.9,11,7.53,1.2,1.04
1784032895.052,static,fabric,0.9,1.56,-0.0,1.2,15,1.3,-0.83,-0.25
1784032895.052,static,fabric,2.5,1.88,0.0,0.05,5,1.85,0.23,-0.22
1784032895.167,static,mid,6.9,3.18,0.0,0.02,5,3.14,0.5,0.17
1784032895.167,static,unknown,3.0,7.7,0.0,0.9,11,7.53,1.2,1.04
1784032895.167,static,fabric,0.9,1.57,-0.0,1.19,15,1.29,-0.85,-0.24
1784032895.167,static,fabric,2.5,1.88,0.0,0.05,5,1.85,0.23,-0.22
1784032895.278,static,mid,6.9,3.18,0.0,0.02,5,3.14,0.5,0.17
1784032895.278,static,unknown,3.0,7.7,0.0,0.9,11,7.53,1.2,1.04
1784032895.278,static,fabric,0.9,1.57,-0.0,1.19,15,1.29,-0.86,-0.24
1784032895.278,static,fabric,2.5,1.88,0.0,0.05,5,1.85,0.23,-0.22
1784032895.413,static,mid,6.9,3.18,0.0,0.02,5,3.14,0.5,0.17
1784032895.413,static,unknown,3.0,7.7,0.0,0.89,11,7.53,1.2,1.05
1784032895.413,static,fabric,0.9,1.57,-0.0,1.19,15,1.29,-0.87,-0.24
1784032895.413,static,fabric,2.5,1.88,0.0,0.05,5,1.85,0.23,-0.22
1784032895.537,static,mid,6.9,3.18,0.0,0.02,5,3.14,0.5,0.17
1784032895.537,static,unknown,3.0,7.7,0.0,0.89,11,7.53,1.2,1.06
1784032895.537,static,fabric,0.9,1.56,-0.0,1.19,15,1.37,-0.71,-0.24
1784032895.537,static,fabric,2.5,1.88,0.0,0.05,5,1.85,0.23,-0.22
1784032895.656,static,mid,6.9,3.18,0.0,0.02,5,3.14,0.5,0.16
1784032895.656,static,unknown,3.0,7.7,0.0,0.89,11,7.53,1.2,1.07
1784032895.656,static,fabric,0.9,1.56,-0.0,1.19,15,1.41,-0.63,-0.24
1784032895.656,static,fabric,2.5,1.88,0.0,0.05,5,1.85,0.23,-0.22
1784032895.784,static,mid,6.9,3.18,0.0,0.02,5,3.14,0.5,0.16
1784032895.784,static,unknown,3.0,7.7,0.0,0.89,11,7.53,1.2,1.08
1784032895.784,static,fabric,0.9,1.57,-0.0,1.19,15,1.43,-0.6,-0.24
1784032895.784,static,fabric,2.5,1.88,0.0,0.05,5,1.85,0.23,-0.22
1784032895.907,static,mid,6.9,3.18,0.0,0.02,5,3.14,0.5,0.16
1784032895.907,static,unknown,3.0,7.7,0.0,0.89,11,7.52,1.2,1.09
1784032895.907,static,fabric,0.9,1.57,-0.0,1.19,15,1.44,-0.59,-0.25
1784032895.907,static,fabric,2.5,1.88,0.0,0.05,5,1.85,0.23,-0.22
1784032896.033,static,mid,6.9,3.18,0.0,0.02,5,3.14,0.5,0.16
1784032896.033,static,unknown,3.0,7.7,0.0,0.89,11,7.52,1.2,1.11
1784032896.033,static,fabric,0.9,1.58,-0.0,1.2,15,1.45,-0.57,-0.25
1784032896.033,static,fabric,2.5,1.88,0.0,0.05,5,1.85,0.23,-0.22
1784032896.163,static,mid,6.9,3.18,0.0,0.02,5,3.14,0.5,0.16
1784032896.163,static,unknown,3.0,7.7,0.0,0.88,11,7.52,1.2,1.13
1784032896.163,static,fabric,0.9,1.58,-0.0,1.2,15,1.46,-0.54,-0.25
1784032896.163,static,fabric,2.5,1.88,0.0,0.05,5,1.85,0.23,-0.22
1784032896.286,static,mid,6.9,3.18,0.0,0.02,5,3.14,0.5,0.17
1784032896.286,static,unknown,3.0,7.7,0.0,0.88,11,7.52,1.2,1.14
1784032896.286,static,fabric,0.9,1.58,-0.0,1.2,15,1.48,-0.5,-0.25
1784032896.286,static,fabric,2.5,1.88,0.0,0.05,5,1.85,0.23,-0.22
1784032896.38,static,mid,6.9,3.18,0.0,0.02,5,3.14,0.5,0.17
1784032896.38,static,unknown,3.0,7.7,0.0,0.88,11,7.52,1.2,1.16
1784032896.38,static,fabric,0.9,1.58,-0.0,1.2,15,1.48,-0.5,-0.25
1784032896.38,static,fabric,2.5,1.88,0.0,0.05,5,1.85,0.23,-0.22
1784032896.471,static,mid,6.9,3.18,0.0,0.02,5,3.14,0.5,0.17
1784032896.471,static,unknown,3.0,7.7,0.0,0.88,11,7.51,1.2,1.17
1784032896.471,static,fabric,0.9,1.58,-0.0,1.2,15,1.47,-0.52,-0.25
1784032896.471,static,fabric,2.5,1.88,0.0,0.05,5,1.85,0.23,-0.22
1784032896.578,static,mid,6.9,3.18,0.0,0.02,5,3.14,0.5,0.17
1784032896.578,static,unknown,3.0,7.7,0.0,0.88,11,7.51,1.2,1.18
1784032896.578,static,fabric,0.9,1.58,-0.0,1.2,15,1.46,-0.53,-0.26
1784032896.578,static,fabric,2.5,1.88,0.0,0.05,5,1.85,0.23,-0.22
1784032896.664,static,mid,6.9,3.18,0.0,0.02,5,3.14,0.5,0.17
1784032896.664,static,unknown,1.7,7.7,0.0,0.88,11,7.51,1.19,1.19
1784032896.664,static,fabric,0.9,1.58,-0.0,1.21,15,1.46,-0.54,-0.26
1784032896.664,static,fabric,2.5,1.88,0.0,0.05,5,1.85,0.23,-0.22
1784032896.781,static,mid,6.9,3.18,0.0,0.02,5,3.14,0.5,0.17
1784032896.781,static,unknown,1.7,7.7,0.0,0.88,11,7.52,1.16,1.2
1784032896.781,static,fabric,0.9,1.58,-0.0,1.21,15,1.46,-0.55,-0.27
1784032896.781,static,fabric,2.5,1.88,0.0,0.05,5,1.85,0.23,-0.22
1784032896.865,static,mid,6.9,3.18,0.0,0.02,5,3.14,0.5,0.17
1784032896.865,static,unknown,1.7,7.7,0.0,0.88,11,7.52,1.13,1.22
1784032896.865,static,fabric,0.9,1.58,-0.0,1.21,15,1.46,-0.53,-0.26
1784032896.865,static,fabric,2.5,1.88,0.0,0.05,5,1.85,0.23,-0.22
1784032896.985,static,mid,6.9,3.18,0.0,0.02,5,3.14,0.5,0.16
1784032896.985,static,unknown,1.7,7.7,0.0,0.87,11,7.52,1.1,1.23
1784032896.985,static,fabric,0.9,1.58,-0.0,1.21,15,1.48,-0.5,-0.26
1784032897.067,static,mid,6.9,3.18,0.0,0.02,5,3.14,0.5,0.16
1784032897.067,static,unknown,1.5,7.7,0.0,0.87,11,7.53,1.07,1.23
1784032897.067,static,fabric,0.9,1.56,-0.0,1.21,15,1.41,-0.63,-0.25
1784032897.184,static,mid,6.9,3.18,0.0,0.02,5,3.14,0.5,0.16
1784032897.184,static,unknown,1.5,7.7,0.0,0.87,11,7.53,1.05,1.21
1784032897.184,static,fabric,0.9,1.56,-0.0,1.21,15,1.36,-0.72,-0.25
1784032897.269,static,mid,6.9,3.18,0.0,0.02,5,3.14,0.5,0.16
1784032897.269,static,unknown,1.5,7.7,0.0,0.87,11,7.54,1.03,1.2
1784032897.269,static,fabric,0.9,1.56,-0.0,1.2,15,1.33,-0.77,-0.25
1784032897.269,static,fabric,-2.6,0.57,0.0,0.01,2,0.52,0.14,0.18
1784032897.385,static,mid,6.9,3.18,0.0,0.02,5,3.14,0.5,0.16
1784032897.385,static,unknown,1.5,7.7,0.0,0.87,11,7.54,1.01,1.18
1784032897.385,static,fabric,0.9,1.56,-0.0,1.2,15,1.31,-0.81,-0.25
1784032897.385,static,fabric,-2.6,0.57,0.0,0.01,2,0.52,0.14,0.18
1784032897.385,static,fabric,2.5,1.88,0.0,0.0,5,1.85,0.23,-0.21
1784032897.477,static,mid,6.9,3.18,0.0,0.02,5,3.14,0.5,0.16
1784032897.477,static,unknown,1.5,7.69,0.0,0.87,11,7.54,1.0,1.18
1784032897.477,static,fabric,0.9,1.56,-0.0,1.2,15,1.29,-0.84,-0.25
1784032897.477,static,fabric,-2.6,0.57,0.0,0.01,2,0.52,0.14,0.18
1784032897.477,static,fabric,2.5,1.88,0.0,0.0,5,1.85,0.23,-0.21
1784032897.576,static,mid,6.9,3.18,0.0,0.02,5,3.14,0.5,0.16
1784032897.576,static,unknown,1.5,7.7,0.0,0.87,11,7.54,0.99,1.19
1784032897.576,static,fabric,0.9,1.57,-0.0,1.19,15,1.29,-0.85,-0.25
1784032897.576,static,fabric,-2.6,0.57,0.0,0.01,3,0.52,0.14,0.18
1784032897.576,static,fabric,2.5,1.88,0.0,0.01,5,1.85,0.23,-0.21
1784032897.685,static,mid,6.9,3.18,0.0,0.02,5,3.14,0.49,0.17
1784032897.685,static,unknown,1.2,7.7,0.0,0.87,11,7.54,1.0,1.21
1784032897.685,static,fabric,1.0,1.56,-0.0,1.19,15,1.37,-0.7,-0.25
1784032897.685,static,fabric,-2.6,0.57,0.0,0.01,3,0.52,0.14,0.18
1784032897.685,static,fabric,2.5,1.88,0.0,0.01,5,1.85,0.23,-0.21
1784032897.803,static,mid,6.9,3.18,0.0,0.02,5,3.14,0.49,0.17
1784032897.803,static,unknown,1.2,7.7,0.0,0.87,11,7.54,1.01,1.22
1784032897.803,static,fabric,1.0,1.56,-0.0,1.2,15,1.41,-0.63,-0.25
1784032897.803,static,fabric,-2.6,0.57,0.0,0.01,3,0.52,0.14,0.18
1784032897.803,static,fabric,2.5,1.88,0.0,0.01,5,1.85,0.23,-0.21
1784032897.914,static,mid,6.9,3.18,0.0,0.02,5,3.14,0.48,0.17
1784032897.914,static,unknown,1.2,7.7,0.0,0.87,11,7.53,1.04,1.23
1784032897.914,static,fabric,1.0,1.57,-0.0,1.2,15,1.43,-0.61,-0.26
1784032897.914,static,fabric,-2.6,0.57,0.0,0.01,3,0.52,0.14,0.18
1784032897.914,static,fabric,2.5,1.88,0.0,0.01,5,1.85,0.23,-0.21
1784032898.032,static,mid,6.9,3.19,0.0,0.02,5,3.15,0.47,0.17
1784032898.032,static,unknown,1.2,7.7,0.0,0.87,11,7.53,1.07,1.22
1784032898.032,static,fabric,1.0,1.58,-0.0,1.2,15,1.44,-0.59,-0.26
1784032898.032,static,fabric,-2.6,0.57,0.0,0.01,3,0.52,0.14,0.18
1784032898.032,static,fabric,2.5,1.88,0.0,0.01,5,1.85,0.23,-0.21
1784032898.131,static,mid,6.9,3.18,0.0,0.02,5,3.14,0.47,0.17
1784032898.131,static,unknown,1.2,7.7,0.0,0.87,11,7.52,1.1,1.21
1784032898.131,static,fabric,1.0,1.58,-0.0,1.2,15,1.46,-0.56,-0.25
1784032898.131,static,fabric,-2.6,0.57,0.0,0.01,3,0.52,0.14,0.18
1784032898.131,static,fabric,2.5,1.88,0.0,0.01,5,1.85,0.23,-0.21
1784032898.241,static,mid,6.9,3.18,0.0,0.02,5,3.14,0.48,0.17
1784032898.241,static,unknown,1.2,7.7,0.0,0.86,11,7.52,1.12,1.2
1784032898.241,static,fabric,1.0,1.58,-0.0,1.2,15,1.48,-0.51,-0.25
1784032898.241,static,fabric,-2.6,0.57,0.0,0.01,3,0.52,0.14,0.18
1784032898.241,static,fabric,2.5,1.88,0.0,0.01,5,1.85,0.23,-0.21
1784032898.361,static,mid,6.9,3.18,0.0,0.02,5,3.14,0.48,0.17
1784032898.361,static,unknown,0.8,7.7,0.0,0.86,11,7.52,1.12,1.2
1784032898.361,static,fabric,1.0,1.57,-0.0,1.2,15,1.41,-0.64,-0.25
1784032898.361,static,fabric,-2.6,0.57,0.0,0.01,3,0.52,0.14,0.18
1784032898.361,static,fabric,2.5,1.87,0.0,0.01,5,1.85,0.22,-0.21
1784032898.45,static,mid,6.9,3.18,0.0,0.02,5,3.14,0.49,0.17
1784032898.45,static,unknown,0.8,7.7,0.0,0.86,11,7.52,1.12,1.2
1784032898.45,static,fabric,1.0,1.56,-0.0,1.2,15,1.36,-0.73,-0.25
1784032898.45,static,fabric,-2.6,0.57,0.0,0.01,3,0.52,0.14,0.18
1784032898.45,static,fabric,2.5,1.87,0.0,0.02,5,1.85,0.22,-0.2
1784032898.575,static,mid,6.9,3.18,0.0,0.02,5,3.14,0.49,0.16
1784032898.575,static,unknown,0.8,7.7,0.0,0.86,11,7.52,1.1,1.21
1784032898.575,static,fabric,1.0,1.56,-0.0,1.2,15,1.41,-0.62,-0.25
1784032898.575,static,fabric,-2.6,0.57,0.0,0.01,3,0.52,0.14,0.18
1784032898.575,static,fabric,2.5,1.87,0.0,0.02,5,1.85,0.22,-0.2
1784032898.667,static,mid,6.9,3.18,0.0,0.02,5,3.14,0.49,0.16
1784032898.667,static,unknown,0.8,7.7,0.0,0.86,11,7.53,1.08,1.23
1784032898.667,static,fabric,1.0,1.57,-0.0,1.2,15,1.45,-0.55,-0.25
1784032898.667,static,fabric,-2.6,0.57,0.0,0.01,3,0.52,0.14,0.18
1784032898.667,static,fabric,2.5,1.87,0.0,0.02,5,1.85,0.22,-0.2
1784032898.796,static,mid,6.9,3.18,0.0,0.02,5,3.14,0.5,0.16
1784032898.796,static,unknown,0.6,7.7,0.0,0.86,11,7.53,1.05,1.24
1784032898.796,static,fabric,1.0,1.57,-0.0,1.2,15,1.47,-0.51,-0.24
1784032898.796,static,fabric,-2.6,0.57,0.0,0.01,3,0.52,0.14,0.18
1784032898.796,static,fabric,2.5,1.87,0.0,0.02,5,1.85,0.22,-0.2
1784032898.908,static,mid,6.9,3.18,0.0,0.02,5,3.14,0.5,0.16
1784032898.908,static,unknown,0.6,7.7,0.0,0.86,11,7.53,1.03,1.24
1784032898.908,static,fabric,1.0,1.58,-0.0,1.2,15,1.48,-0.48,-0.24
1784032898.908,static,fabric,-2.6,0.57,0.0,0.01,3,0.52,0.14,0.18
1784032898.908,static,fabric,2.5,1.87,0.0,0.02,5,1.85,0.22,-0.2
1784032899.029,static,mid,6.9,3.18,0.0,0.02,5,3.14,0.5,0.16
1784032899.029,static,unknown,0.6,7.7,0.0,0.86,11,7.53,1.0,1.23
1784032899.029,static,fabric,1.0,1.56,-0.0,1.2,15,1.41,-0.62,-0.24
1784032899.029,static,fabric,-2.6,0.57,0.0,0.01,3,0.52,0.14,0.18
1784032899.029,static,fabric,2.5,1.87,0.0,0.02,5,1.85,0.22,-0.2
1784032899.158,static,mid,6.9,3.18,0.0,0.02,5,3.14,0.5,0.16
1784032899.158,static,unknown,0.6,7.7,0.0,0.86,11,7.54,0.99,1.22
1784032899.158,static,fabric,1.0,1.56,-0.0,1.2,15,1.37,-0.71,-0.24
1784032899.158,static,fabric,-2.6,0.57,0.0,0.01,3,0.52,0.14,0.18
1784032899.158,static,fabric,2.5,1.87,0.0,0.01,5,1.85,0.23,-0.2
1784032899.275,static,mid,6.9,3.18,0.0,0.02,5,3.14,0.5,0.16
1784032899.275,static,unknown,0.6,7.7,0.0,0.86,11,7.54,0.98,1.22
1784032899.275,static,fabric,1.0,1.56,-0.0,1.19,15,1.34,-0.77,-0.24
1784032899.275,static,fabric,-2.6,0.57,0.0,0.01,3,0.52,0.14,0.18
1784032899.275,static,fabric,2.5,1.87,0.0,0.01,5,1.85,0.23,-0.2
1784032899.36,static,mid,6.9,3.18,0.0,0.02,5,3.14,0.5,0.16
1784032899.36,static,unknown,0.6,7.7,0.0,0.86,11,7.53,0.97,1.23
1784032899.36,static,fabric,0.9,1.56,-0.0,1.19,15,1.32,-0.81,-0.24
1784032899.36,static,fabric,2.5,1.88,0.0,0.01,5,1.85,0.23,-0.2
1784032899.481,static,mid,6.9,3.18,0.0,0.02,5,3.14,0.5,0.16
1784032899.481,static,unknown,0.6,7.69,0.0,0.86,11,7.53,0.97,1.23
1784032899.481,static,fabric,0.9,1.57,-0.0,1.19,15,1.3,-0.83,-0.24
1784032899.481,static,fabric,2.5,1.88,0.0,0.01,5,1.85,0.23,-0.21
1784032899.571,static,mid,6.9,3.18,0.0,0.02,5,3.14,0.5,0.16
1784032899.571,static,unknown,0.6,7.69,0.0,0.86,11,7.53,0.98,1.23
1784032899.571,static,fabric,0.9,1.57,-0.0,1.19,15,1.29,-0.85,-0.24
1784032899.571,static,fabric,2.5,1.88,0.0,0.01,5,1.85,0.23,-0.21
1784032899.69,static,mid,6.9,3.18,0.0,0.02,5,3.14,0.5,0.16
1784032899.69,static,unknown,0.6,7.69,0.0,0.86,11,7.53,0.98,1.24
1784032899.69,static,fabric,0.9,1.57,-0.0,1.18,15,1.29,-0.86,-0.24
1784032899.69,static,fabric,2.5,1.88,0.0,0.01,5,1.85,0.23,-0.21
1784032899.823,static,mid,6.9,3.18,0.0,0.02,5,3.14,0.5,0.16
1784032899.823,static,unknown,0.8,7.69,0.0,0.85,11,7.53,0.99,1.23
1784032899.823,static,fabric,1.0,1.56,-0.0,1.18,15,1.36,-0.72,-0.24
1784032899.823,static,fabric,2.5,1.88,0.0,0.01,5,1.85,0.23,-0.21
1784032899.948,static,mid,6.9,3.18,0.0,0.02,5,3.14,0.5,0.16
1784032899.948,static,unknown,0.8,7.69,0.0,0.85,11,7.53,0.99,1.22
1784032899.948,static,fabric,1.0,1.57,-0.0,1.19,15,1.4,-0.65,-0.24
1784032899.948,static,fabric,2.5,1.88,0.0,0.01,5,1.85,0.23,-0.21
1784032899.948,static,fabric,-2.4,0.57,0.0,0.01,4,0.52,0.14,0.18
1784032900.062,static,mid,6.9,3.18,0.0,0.02,5,3.14,0.5,0.16
1784032900.062,static,unknown,0.8,7.69,0.0,0.85,11,7.53,0.98,1.2
1784032900.062,static,fabric,1.0,1.57,-0.0,1.19,15,1.43,-0.6,-0.24
1784032900.062,static,fabric,2.5,1.88,0.0,0.01,5,1.85,0.23,-0.21
1784032900.062,static,fabric,-2.4,0.57,0.0,0.01,4,0.52,0.14,0.18
1784032900.142,static,mid,6.9,3.18,0.0,0.02,5,3.14,0.5,0.16
1784032900.142,static,unknown,0.8,7.7,0.0,0.85,11,7.54,0.98,1.19
1784032900.142,static,fabric,1.0,1.58,-0.0,1.19,15,1.46,-0.55,-0.24
1784032900.142,static,fabric,2.5,1.88,0.0,0.01,5,1.85,0.23,-0.21
1784032900.142,static,fabric,-2.4,0.57,0.0,0.01,4,0.52,0.14,0.18
1784032900.25,static,mid,6.9,3.18,0.0,0.02,5,3.14,0.5,0.16
1784032900.25,static,unknown,0.8,7.7,0.0,0.85,11,7.55,0.97,1.15
1784032900.25,static,fabric,1.0,1.58,-0.0,1.19,15,1.48,-0.51,-0.24
1784032900.25,static,fabric,2.5,1.88,0.0,0.01,5,1.85,0.23,-0.21
1784032900.25,static,fabric,-2.4,0.57,0.0,0.01,4,0.52,0.14,0.18
1784032900.363,static,mid,6.9,3.18,0.0,0.02,5,3.14,0.5,0.16
1784032900.363,static,unknown,0.8,7.69,0.0,0.85,11,7.55,0.97,1.11
1784032900.363,static,fabric,1.0,1.56,-0.0,1.19,15,1.41,-0.64,-0.25
1784032900.363,static,fabric,2.5,1.88,0.0,0.01,5,1.85,0.23,-0.21
1784032900.363,static,fabric,-2.4,0.57,0.0,0.01,4,0.52,0.14,0.18
1784032900.443,static,mid,6.9,3.18,0.0,0.02,5,3.14,0.5,0.16
1784032900.443,static,unknown,0.8,7.7,0.0,0.85,11,7.56,0.97,1.07
1784032900.443,static,fabric,1.0,1.56,-0.0,1.18,15,1.36,-0.72,-0.25
1784032900.443,static,fabric,2.5,1.88,0.0,0.01,5,1.85,0.23,-0.21
1784032900.443,static,fabric,-2.4,0.57,0.0,0.01,4,0.52,0.14,0.18
1784032900.547,static,mid,6.9,3.18,0.0,0.02,5,3.14,0.5,0.16
1784032900.547,static,unknown,0.8,7.7,0.0,0.85,11,7.56,0.98,1.03
1784032900.547,static,fabric,1.0,1.56,-0.0,1.18,15,1.33,-0.78,-0.25
1784032900.547,static,fabric,2.5,1.88,0.0,0.01,5,1.85,0.23,-0.21
1784032900.547,static,fabric,-2.4,0.57,0.0,0.01,4,0.52,0.14,0.18
1784032900.638,static,mid,6.9,3.18,0.0,0.02,5,3.14,0.5,0.17
1784032900.638,static,unknown,0.8,7.69,0.0,0.85,11,7.56,1.0,0.99
1784032900.638,static,fabric,1.0,1.56,-0.0,1.18,15,1.31,-0.81,-0.26
1784032900.638,static,fabric,2.5,1.88,0.0,0.01,5,1.85,0.23,-0.21
1784032900.638,static,fabric,-2.4,0.57,0.0,0.01,3,0.52,0.14,0.18
1784032900.762,static,mid,6.9,3.18,0.0,0.02,5,3.14,0.5,0.16
1784032900.762,static,unknown,0.8,7.7,0.0,0.85,11,7.57,1.03,0.96
1784032900.762,static,fabric,1.0,1.56,-0.0,1.18,15,1.38,-0.68,-0.25
1784032900.762,static,fabric,2.5,1.88,0.0,0.01,5,1.85,0.23,-0.21
1784032900.762,static,fabric,-2.4,0.57,0.0,0.01,3,0.52,0.14,0.18
1784032900.859,static,mid,6.9,3.18,0.0,0.02,5,3.14,0.5,0.16
1784032900.859,static,unknown,0.9,7.7,0.0,0.85,11,7.56,1.06,0.96
1784032900.859,static,fabric,1.0,1.56,-0.0,1.18,15,1.42,-0.59,-0.25
1784032900.859,static,fabric,2.5,1.88,0.0,0.01,5,1.85,0.23,-0.21
1784032900.859,static,fabric,-2.4,0.57,0.0,0.01,3,0.52,0.14,0.18
1784032900.972,static,mid,6.9,3.18,0.0,0.02,5,3.14,0.5,0.17
1784032900.972,static,unknown,1.1,7.7,0.0,0.85,11,7.56,1.09,0.97
1784032900.972,static,fabric,1.0,1.57,-0.0,1.18,15,1.45,-0.54,-0.25
1784032900.972,static,fabric,2.5,1.88,0.0,0.01,5,1.85,0.23,-0.21
1784032900.972,static,fabric,-2.4,0.57,0.0,0.01,3,0.52,0.14,0.18
1784032901.083,static,mid,6.9,3.18,0.0,0.02,5,3.14,0.5,0.16
1784032901.083,static,unknown,1.2,7.7,0.0,0.85,11,7.55,1.12,1.0
1784032901.083,static,fabric,1.0,1.58,-0.0,1.18,15,1.47,-0.5,-0.25
1784032901.083,static,fabric,2.5,1.88,0.0,0.01,5,1.85,0.23,-0.21
1784032901.083,static,fabric,-2.4,0.57,0.0,0.01,3,0.52,0.14,0.18
1784032901.212,static,mid,6.9,3.18,0.0,0.02,5,3.14,0.5,0.16
1784032901.212,static,unknown,1.2,7.7,0.0,0.85,11,7.54,1.15,1.04
1784032901.212,static,fabric,1.0,1.58,-0.0,1.19,15,1.48,-0.5,-0.25
1784032901.212,static,fabric,2.5,1.88,0.0,0.01,5,1.85,0.23,-0.21
1784032901.212,static,fabric,-2.4,0.57,0.0,0.01,3,0.52,0.14,0.18
1784032901.333,static,mid,6.9,3.18,0.0,0.02,5,3.14,0.5,0.16
1784032901.333,static,unknown,1.2,7.7,0.0,0.84,11,7.53,1.17,1.08
1784032901.333,static,fabric,1.0,1.58,-0.0,1.19,15,1.47,-0.52,-0.25
1784032901.333,static,fabric,2.5,1.88,0.0,0.01,5,1.85,0.23,-0.21
1784032901.333,static,fabric,-2.4,0.57,0.0,0.01,3,0.52,0.14,0.18
1784032901.441,static,mid,6.9,3.18,0.0,0.02,5,3.14,0.5,0.16
1784032901.441,static,unknown,1.2,7.7,0.0,0.84,11,7.53,1.18,1.11
1784032901.441,static,fabric,1.0,1.58,-0.0,1.19,15,1.46,-0.53,-0.26
1784032901.441,static,fabric,2.5,1.88,0.0,0.01,5,1.85,0.23,-0.21
1784032901.441,static,fabric,-2.4,0.57,0.0,0.01,3,0.52,0.14,0.18
1784032901.531,static,mid,6.9,3.18,0.0,0.02,5,3.14,0.5,0.16
1784032901.531,static,unknown,1.2,7.7,0.0,0.84,11,7.52,1.19,1.12
1784032901.531,static,fabric,1.0,1.58,-0.0,1.19,15,1.46,-0.54,-0.26
1784032901.531,static,fabric,2.5,1.88,0.0,0.01,5,1.85,0.23,-0.21
1784032901.531,static,fabric,-2.4,0.57,0.0,0.01,3,0.52,0.14,0.18
1784032901.628,static,mid,6.9,3.18,0.0,0.02,5,3.14,0.5,0.16
1784032901.628,static,unknown,1.2,7.7,0.0,0.84,11,7.52,1.19,1.13
1784032901.628,static,fabric,1.0,1.57,-0.0,1.19,15,1.45,-0.54,-0.26
1784032901.628,static,fabric,2.5,1.88,0.0,0.01,5,1.85,0.23,-0.21
1784032901.628,static,fabric,-2.4,0.57,0.0,0.01,3,0.52,0.14,0.18
1784032901.711,static,mid,6.9,3.18,0.0,0.02,5,3.14,0.5,0.16
1784032901.711,static,unknown,2.8,7.7,0.0,0.84,11,7.52,1.19,1.14
1784032901.711,static,fabric,1.0,1.58,-0.0,1.19,15,1.46,-0.53,-0.26
1784032901.711,static,fabric,2.5,1.88,0.0,0.01,5,1.85,0.23,-0.21
1784032901.711,static,fabric,-2.4,0.57,0.0,0.01,3,0.52,0.14,0.18
1784032901.808,static,mid,6.9,3.18,0.0,0.02,5,3.14,0.5,0.16
1784032901.808,static,unknown,2.8,7.7,0.0,0.84,11,7.52,1.2,1.14
1784032901.808,static,fabric,1.0,1.58,-0.0,1.2,15,1.48,-0.5,-0.26
1784032901.808,static,fabric,2.5,1.88,0.0,0.01,5,1.85,0.23,-0.21
1784032901.808,static,fabric,-2.4,0.57,0.0,0.01,3,0.52,0.14,0.18
1784032901.932,static,mid,6.9,3.18,0.0,0.02,5,3.14,0.5,0.16
1784032901.932,static,unknown,2.8,7.7,0.0,0.84,11,7.52,1.2,1.15
1784032901.932,static,fabric,1.0,1.56,-0.0,1.19,15,1.4,-0.63,-0.26
1784032901.932,static,fabric,2.5,1.88,0.0,0.01,5,1.85,0.23,-0.21
1784032901.932,static,fabric,-2.4,0.57,0.0,0.01,3,0.52,0.14,0.18
1784032902.026,static,mid,6.9,3.18,0.0,0.02,5,3.14,0.5,0.16
1784032902.026,static,unknown,2.8,7.7,0.0,0.84,11,7.52,1.2,1.15
1784032902.026,static,fabric,1.0,1.56,-0.0,1.19,15,1.36,-0.72,-0.26
1784032902.026,static,fabric,2.5,1.87,0.0,0.02,5,1.85,0.22,-0.21
1784032902.026,static,fabric,-2.4,0.57,0.0,0.01,3,0.52,0.14,0.18
1784032902.146,static,mid,6.9,3.18,0.0,0.02,5,3.14,0.5,0.16
1784032902.146,static,unknown,2.8,7.7,0.0,0.83,11,7.52,1.2,1.15
1784032902.146,static,fabric,1.0,1.56,-0.0,1.19,15,1.33,-0.77,-0.25
1784032902.146,static,fabric,2.5,1.87,0.0,0.02,5,1.85,0.21,-0.21
1784032902.146,static,fabric,-2.4,0.57,0.0,0.01,3,0.52,0.14,0.18
1784032902.259,static,mid,6.9,3.18,0.0,0.02,5,3.14,0.49,0.16
1784032902.259,static,unknown,2.8,7.7,0.0,0.83,11,7.52,1.2,1.16
1784032902.259,static,fabric,1.0,1.56,-0.0,1.19,15,1.31,-0.81,-0.25
1784032902.259,static,fabric,2.5,1.87,0.0,0.02,5,1.85,0.21,-0.2
1784032902.259,static,fabric,-2.4,0.57,0.0,0.01,3,0.52,0.14,0.18
1784032902.348,static,mid,6.9,3.18,0.0,0.02,5,3.14,0.49,0.16
1784032902.348,static,unknown,2.8,7.7,0.0,0.83,11,7.52,1.2,1.16
1784032902.348,static,fabric,1.0,1.56,-0.0,1.18,15,1.3,-0.84,-0.25
1784032902.348,static,fabric,2.5,1.87,0.0,0.02,5,1.85,0.21,-0.2
1784032902.348,static,fabric,-2.4,0.57,0.0,0.01,3,0.52,0.14,0.18
1784032902.471,static,mid,6.9,3.18,0.0,0.02,5,3.14,0.49,0.16
1784032902.471,static,unknown,2.8,7.7,0.0,0.83,11,7.52,1.2,1.16
1784032902.471,static,fabric,1.0,1.57,-0.0,1.18,15,1.29,-0.85,-0.24
1784032902.471,static,fabric,2.5,1.87,0.0,0.02,5,1.85,0.2,-0.2
1784032902.471,static,fabric,-2.4,0.57,0.0,0.01,3,0.52,0.14,0.18
1784032902.577,static,mid,6.9,3.18,0.0,0.02,5,3.14,0.48,0.16
1784032902.577,static,unknown,2.8,7.7,0.0,0.83,11,7.52,1.2,1.16
1784032902.577,static,fabric,1.0,1.57,-0.0,1.18,14,1.29,-0.86,-0.24
1784032902.577,static,fabric,2.5,1.87,0.0,0.03,5,1.85,0.2,-0.2
1784032902.577,static,fabric,-2.4,0.57,0.0,0.01,3,0.52,0.14,0.18
1784032902.69,static,mid,6.9,3.19,0.0,0.02,5,3.15,0.47,0.16
1784032902.69,static,unknown,2.8,7.7,0.0,0.83,11,7.52,1.2,1.15
1784032902.69,static,fabric,1.0,1.57,-0.0,1.17,14,1.29,-0.87,-0.24
1784032902.69,static,fabric,2.5,1.87,0.0,0.03,5,1.85,0.2,-0.2
1784032902.69,static,fabric,-2.4,0.57,0.0,0.01,3,0.52,0.14,0.18
1784032902.768,static,mid,6.9,3.18,0.0,0.02,5,3.14,0.47,0.17
1784032902.768,static,unknown,2.8,7.7,0.0,0.83,11,7.52,1.21,1.14
1784032902.768,static,fabric,1.0,1.57,-0.0,1.17,14,1.28,-0.87,-0.23
1784032902.768,static,fabric,2.5,1.87,0.0,0.03,5,1.85,0.2,-0.2
1784032902.768,static,fabric,-2.4,0.57,0.0,0.01,3,0.52,0.14,0.18
1784032902.876,static,mid,6.9,3.18,0.0,0.02,5,3.14,0.48,0.16
1784032902.876,static,unknown,2.8,7.7,0.0,0.83,11,7.52,1.22,1.13
1784032902.876,static,fabric,1.0,1.57,-0.0,1.17,14,1.28,-0.87,-0.23
1784032902.876,static,fabric,2.5,1.87,0.0,0.03,5,1.85,0.2,-0.2
1784032902.876,static,fabric,-2.4,0.57,0.0,0.01,3,0.52,0.14,0.18
1784032902.965,static,mid,6.9,3.18,0.0,0.02,5,3.14,0.48,0.17
1784032902.965,static,unknown,2.8,7.7,0.0,0.82,11,7.52,1.22,1.12
1784032902.965,static,fabric,1.0,1.57,-0.0,1.17,14,1.28,-0.88,-0.23
1784032902.965,static,fabric,2.5,1.87,0.0,0.03,5,1.85,0.2,-0.21
1784032902.965,static,fabric,-2.4,0.57,0.0,0.01,3,0.52,0.14,0.18
1784032903.08,static,mid,6.9,3.18,0.0,0.02,5,3.14,0.49,0.16
1784032903.08,static,unknown,2.8,7.7,0.0,0.82,11,7.52,1.22,1.11
1784032903.08,static,fabric,1.0,1.57,-0.0,1.16,14,1.28,-0.88,-0.23
1784032903.08,static,fabric,2.5,1.87,0.0,0.03,5,1.85,0.21,-0.21
1784032903.08,static,fabric,-2.4,0.57,0.0,0.01,3,0.52,0.14,0.18
1784032903.194,static,mid,6.9,3.18,0.0,0.02,5,3.14,0.49,0.16
1784032903.194,static,unknown,2.8,7.7,0.0,0.82,11,7.52,1.23,1.1
1784032903.194,static,fabric,1.0,1.57,-0.0,1.16,14,1.28,-0.88,-0.22
1784032903.194,static,fabric,2.5,1.87,0.0,0.03,5,1.85,0.21,-0.21
1784032903.194,static,fabric,-2.4,0.57,0.0,0.01,3,0.52,0.14,0.18
1784032903.313,static,mid,6.9,3.18,0.0,0.02,5,3.14,0.49,0.17
1784032903.313,static,unknown,2.8,7.7,0.0,0.82,11,7.52,1.22,1.1
1784032903.313,static,fabric,1.0,1.56,-0.0,1.16,14,1.36,-0.73,-0.23
1784032903.313,static,fabric,2.5,1.87,0.0,0.03,5,1.85,0.21,-0.21
1784032903.313,static,fabric,-2.4,0.57,0.0,0.01,3,0.52,0.14,0.18
1784032903.434,static,mid,6.9,3.18,0.0,0.02,5,3.14,0.5,0.16
1784032903.434,static,unknown,2.8,7.7,0.0,0.82,11,7.53,1.21,1.09
1784032903.434,static,fabric,0.9,1.56,-0.0,1.17,14,1.42,-0.62,-0.23
1784032903.434,static,fabric,2.5,1.87,0.0,0.03,5,1.85,0.21,-0.21
1784032903.434,static,fabric,-2.4,0.57,0.0,0.01,3,0.52,0.14,0.18
1784032903.522,static,mid,6.9,3.18,0.0,0.02,5,3.14,0.5,0.16
1784032903.522,static,unknown,2.8,7.7,0.0,0.82,11,7.53,1.2,1.08
1784032903.522,static,fabric,0.9,1.57,-0.0,1.17,14,1.44,-0.57,-0.24
1784032903.522,static,fabric,2.5,1.87,0.0,0.03,5,1.85,0.21,-0.21
1784032903.522,static,fabric,-2.4,0.57,0.0,0.01,3,0.52,0.14,0.18
1784032903.599,static,mid,6.9,3.18,0.0,0.02,5,3.14,0.5,0.16
1784032903.599,static,unknown,2.8,7.7,0.0,0.82,11,7.53,1.19,1.07
1784032903.599,static,fabric,0.9,1.57,-0.0,1.17,14,1.45,-0.55,-0.25
1784032903.599,static,fabric,2.5,1.87,0.0,0.03,5,1.85,0.21,-0.21
1784032903.7,static,mid,6.9,3.18,0.0,0.02,5,3.14,0.5,0.16
1784032903.7,static,unknown,2.8,7.7,0.0,0.82,11,7.53,1.19,1.05
1784032903.7,static,fabric,0.9,1.57,-0.0,1.17,14,1.46,-0.54,-0.25
1784032903.7,static,fabric,2.5,1.87,0.0,0.03,5,1.85,0.21,-0.21
1784032903.794,static,mid,6.9,3.18,0.0,0.02,5,3.14,0.5,0.16
1784032903.794,static,unknown,2.8,7.7,0.0,0.82,11,7.54,1.18,1.02
1784032903.794,static,fabric,0.9,1.58,-0.0,1.17,14,1.48,-0.5,-0.25
1784032903.794,static,fabric,2.5,1.87,0.0,0.03,5,1.85,0.21,-0.21
1784032903.905,static,mid,6.9,3.18,0.0,0.02,5,3.14,0.5,0.16
1784032903.905,static,unknown,2.8,7.7,0.0,0.82,11,7.55,1.15,0.99
1784032903.905,static,fabric,1.0,1.58,-0.0,1.17,14,1.49,-0.48,-0.25
1784032903.905,static,fabric,2.5,1.87,0.0,0.03,5,1.85,0.21,-0.21
1784032904.003,static,mid,6.9,3.18,0.0,0.02,5,3.14,0.5,0.16
1784032904.003,static,unknown,2.8,7.7,0.0,0.82,11,7.56,1.13,0.95
1784032904.003,static,fabric,1.0,1.59,-0.0,1.17,14,1.5,-0.47,-0.24
1784032904.003,static,fabric,2.5,1.87,0.0,0.03,5,1.85,0.21,-0.21
1784032904.115,static,mid,6.9,3.18,0.0,0.02,5,3.14,0.5,0.16
1784032904.115,static,unknown,2.9,7.7,0.0,0.81,11,7.56,1.09,0.93
1784032904.115,static,fabric,1.0,1.59,-0.0,1.18,14,1.5,-0.46,-0.24
1784032904.115,static,fabric,2.5,1.87,0.0,0.03,5,1.85,0.21,-0.21
1784032904.246,static,mid,6.9,3.18,0.0,0.02,5,3.14,0.5,0.16
1784032904.246,static,unknown,2.9,7.7,0.0,0.81,11,7.57,1.07,0.93
1784032904.246,static,fabric,1.0,1.59,-0.0,1.18,14,1.5,-0.45,-0.24
1784032904.246,static,fabric,2.5,1.87,0.0,0.03,5,1.85,0.21,-0.21
1784032904.37,static,mid,6.9,3.18,0.0,0.02,5,3.14,0.5,0.16
1784032904.37,static,unknown,2.9,7.7,0.0,0.81,11,7.56,1.07,0.95
1784032904.37,static,fabric,1.0,1.59,-0.0,1.18,14,1.51,-0.45,-0.23
1784032904.37,static,fabric,2.5,1.87,0.0,0.03,5,1.85,0.21,-0.21
1784032904.465,static,mid,6.9,3.18,0.0,0.02,5,3.14,0.5,0.16
1784032904.465,static,unknown,2.9,7.7,0.0,0.81,11,7.56,1.06,0.99
1784032904.465,static,fabric,1.0,1.59,-0.0,1.18,14,1.51,-0.44,-0.23
1784032904.465,static,fabric,2.5,1.87,0.0,0.03,5,1.85,0.21,-0.21
1784032904.581,static,mid,6.9,3.18,0.0,0.02,5,3.14,0.5,0.16
1784032904.581,static,unknown,2.9,7.7,0.0,0.81,11,7.55,1.06,1.05
1784032904.581,static,fabric,1.0,1.59,-0.0,1.18,14,1.51,-0.44,-0.23
1784032904.581,static,fabric,2.5,1.87,0.0,0.03,5,1.85,0.21,-0.21
1784032904.706,static,mid,6.9,3.18,0.0,0.02,5,3.14,0.5,0.16
1784032904.706,static,unknown,2.9,7.7,0.0,0.81,11,7.54,1.08,1.09
1784032904.706,static,fabric,1.0,1.56,-0.0,1.18,14,1.43,-0.6,-0.23
1784032904.706,static,fabric,2.5,1.87,0.0,0.04,5,1.85,0.21,-0.21
1784032904.83,static,mid,6.9,3.18,0.0,0.02,5,3.14,0.5,0.16
1784032904.83,static,unknown,2.9,7.7,0.0,0.81,11,7.53,1.1,1.14
1784032904.83,static,fabric,1.0,1.56,-0.0,1.18,14,1.38,-0.7,-0.23
1784032904.83,static,fabric,2.5,1.87,0.0,0.04,5,1.85,0.21,-0.21
1784032904.933,static,mid,6.9,3.18,0.0,0.02,5,3.14,0.5,0.16
1784032904.933,static,unknown,2.9,7.7,0.0,0.81,11,7.53,1.1,1.17
1784032904.933,static,fabric,1.0,1.56,-0.0,1.18,14,1.34,-0.76,-0.23
1784032904.933,static,fabric,2.5,1.87,0.0,0.04,5,1.85,0.22,-0.21
1784032905.048,static,mid,6.9,3.18,0.0,0.02,5,3.14,0.49,0.16
1784032905.048,static,unknown,2.9,7.7,0.0,0.81,11,7.53,1.1,1.19
1784032905.048,static,fabric,1.0,1.56,-0.0,1.17,14,1.32,-0.8,-0.23
1784032905.048,static,fabric,2.5,1.87,0.0,0.04,5,1.85,0.22,-0.21
1784032905.184,static,mid,6.9,3.18,0.0,0.02,5,3.14,0.49,0.16
1784032905.184,static,unknown,2.9,7.7,0.0,0.81,11,7.52,1.1,1.19
1784032905.184,static,fabric,1.0,1.56,-0.0,1.17,14,1.31,-0.83,-0.23
1784032905.184,static,fabric,2.5,1.87,0.0,0.04,5,1.85,0.21,-0.21
1784032905.299,static,mid,6.9,3.18,0.0,0.02,5,3.14,0.49,0.16
1784032905.299,static,unknown,2.9,7.7,0.0,0.81,11,7.53,1.07,1.2
1784032905.299,static,fabric,1.0,1.56,-0.0,1.17,14,1.38,-0.69,-0.23
1784032905.299,static,fabric,2.5,1.87,0.0,0.04,5,1.85,0.21,-0.21
1784032905.462,static,mid,6.9,3.18,0.0,0.02,5,3.14,0.48,0.17
1784032905.462,static,unknown,2.9,7.7,0.0,0.81,11,7.53,1.06,1.18
1784032905.462,static,fabric,1.0,1.56,-0.0,1.17,14,1.42,-0.6,-0.23
1784032905.462,static,fabric,2.5,1.87,0.0,0.04,5,1.85,0.21,-0.21
1784032905.59,static,mid,6.9,3.18,0.0,0.02,5,3.14,0.49,0.16
1784032905.59,static,unknown,2.9,7.69,0.0,0.81,11,7.54,1.05,1.14
1784032905.59,static,fabric,1.0,1.57,-0.0,1.17,14,1.45,-0.54,-0.24
1784032905.59,static,fabric,2.5,1.87,0.0,0.04,5,1.85,0.21,-0.21
1784032905.716,static,mid,6.9,3.18,0.0,0.02,5,3.14,0.49,0.17
1784032905.716,static,unknown,2.9,7.69,0.0,0.81,11,7.55,1.04,1.09
1784032905.716,static,fabric,1.1,1.58,-0.0,1.18,14,1.47,-0.5,-0.24
1784032905.716,static,fabric,2.5,1.87,0.0,0.04,5,1.85,0.21,-0.21
1784032905.846,static,mid,6.9,3.18,0.0,0.02,5,3.14,0.48,0.17
1784032905.846,static,unknown,2.9,7.69,0.0,0.81,11,7.55,1.07,1.05
1784032905.846,static,fabric,1.0,1.56,-0.0,1.17,14,1.4,-0.64,-0.25
1784032905.846,static,fabric,2.5,1.87,0.0,0.04,5,1.85,0.21,-0.21
1784032905.973,static,mid,6.9,3.18,0.0,0.02,5,3.14,0.48,0.17
1784032905.973,static,unknown,2.9,7.69,0.0,0.81,11,7.54,1.1,1.04
1784032905.973,static,fabric,1.2,1.57,-0.0,1.17,14,1.45,-0.56,-0.24
1784032905.973,static,fabric,2.5,1.87,0.0,0.04,5,1.85,0.21,-0.21
1784032906.103,static,mid,6.9,3.18,0.0,0.02,5,3.14,0.48,0.17
1784032906.103,static,unknown,3.2,7.69,0.0,0.81,11,7.54,1.12,1.05
1784032906.103,static,fabric,1.2,1.59,-0.0,1.18,14,1.47,-0.55,-0.23
1784032906.103,static,fabric,2.5,1.87,0.0,0.04,5,1.85,0.21,-0.21
1784032906.222,static,mid,6.9,3.18,0.0,0.02,5,3.14,0.49,0.17
1784032906.222,static,unknown,3.2,7.7,0.0,0.81,11,7.53,1.15,1.07
1784032906.222,static,fabric,1.2,1.6,-0.0,1.18,14,1.48,-0.54,-0.21
1784032906.222,static,fabric,2.5,1.87,0.0,0.04,5,1.85,0.21,-0.21
1784032906.352,static,mid,6.9,3.18,0.0,0.02,5,3.14,0.49,0.17
1784032906.352,static,unknown,3.2,7.7,0.0,0.8,11,7.53,1.17,1.1
1784032906.352,static,fabric,1.2,1.6,-0.0,1.18,14,1.49,-0.56,-0.2
1784032906.352,static,fabric,2.5,1.87,0.0,0.04,5,1.85,0.21,-0.21
1784032906.475,static,mid,6.9,3.18,0.0,0.02,5,3.14,0.49,0.17
1784032906.475,static,unknown,3.2,7.7,0.0,0.8,11,7.53,1.17,1.11
1784032906.475,static,fabric,1.2,1.61,-0.0,1.18,14,1.5,-0.53,-0.2
1784032906.475,static,fabric,2.5,1.87,0.0,0.04,5,1.85,0.21,-0.21
1784032906.567,static,mid,6.9,3.18,0.0,0.02,5,3.14,0.5,0.17
1784032906.567,static,unknown,3.3,7.7,0.0,0.8,11,7.52,1.18,1.12
1784032906.567,static,fabric,1.2,1.61,-0.0,1.18,14,1.51,-0.49,-0.21
1784032906.567,static,fabric,2.5,1.87,0.0,0.04,5,1.85,0.21,-0.21
1784032906.702,static,mid,6.9,3.18,0.0,0.02,5,3.14,0.5,0.17
1784032906.702,static,unknown,3.3,7.7,0.0,0.8,11,7.53,1.17,1.12
1784032906.702,static,fabric,1.2,1.61,-0.0,1.18,14,1.53,-0.43,-0.24
1784032906.702,static,fabric,2.5,1.87,0.0,0.04,5,1.85,0.21,-0.21
1784032906.817,static,mid,6.9,3.18,0.0,0.02,5,3.14,0.5,0.17
1784032906.817,static,unknown,3.3,7.7,0.0,0.8,11,7.53,1.16,1.12
1784032906.817,static,fabric,1.2,1.61,-0.0,1.18,14,1.54,-0.37,-0.25
1784032906.817,static,fabric,2.5,1.87,0.0,0.04,5,1.85,0.21,-0.21
1784032906.891,static,mid,6.8,3.18,0.0,0.02,5,3.14,0.5,0.17
1784032906.891,static,unknown,3.3,7.7,0.0,0.8,11,7.53,1.15,1.13
1784032906.891,static,fabric,1.2,1.61,-0.0,1.18,14,1.56,-0.33,-0.25
1784032906.891,static,fabric,2.5,1.87,0.0,0.04,5,1.85,0.21,-0.21
1784032906.984,static,mid,6.8,3.18,0.0,0.02,5,3.14,0.5,0.17
1784032906.984,static,unknown,3.3,7.7,0.0,0.8,11,7.53,1.14,1.12
1784032906.984,static,fabric,1.3,1.61,-0.0,1.18,14,1.56,-0.31,-0.25
1784032906.984,static,fabric,2.5,1.87,0.0,0.04,5,1.85,0.21,-0.21
1784032907.068,static,mid,6.8,3.18,0.0,0.02,5,3.14,0.5,0.17
1784032907.068,static,unknown,3.3,7.7,0.0,0.8,11,7.53,1.13,1.12
1784032907.068,static,fabric,1.3,1.61,-0.0,1.18,14,1.56,-0.29,-0.26
1784032907.068,static,fabric,2.5,1.87,0.0,0.04,5,1.85,0.21,-0.21
1784032907.191,static,mid,6.8,3.18,0.0,0.02,5,3.14,0.5,0.17
1784032907.191,static,unknown,3.3,7.7,0.0,0.8,11,7.54,1.11,1.12
1784032907.191,static,fabric,1.3,1.62,-0.0,1.18,14,1.57,-0.27,-0.25
1784032907.191,static,fabric,2.5,1.87,0.0,0.04,5,1.85,0.21,-0.21
1784032907.277,static,mid,6.8,3.18,0.0,0.02,5,3.14,0.5,0.17
1784032907.277,static,unknown,3.3,7.7,0.0,0.8,11,7.54,1.1,1.13
1784032907.277,static,fabric,1.3,1.62,-0.0,1.18,14,1.58,-0.26,-0.25
1784032907.277,static,fabric,2.5,1.87,0.0,0.04,5,1.85,0.21,-0.21
1784032907.395,static,mid,6.8,3.18,0.0,0.02,5,3.14,0.5,0.17
1784032907.395,static,unknown,3.3,7.7,0.0,0.8,11,7.54,1.09,1.12
1784032907.395,static,fabric,1.3,1.62,-0.0,1.18,14,1.58,-0.27,-0.26
1784032907.477,static,mid,6.8,3.18,0.0,0.02,5,3.14,0.5,0.17
1784032907.477,static,unknown,3.3,7.7,0.0,0.8,11,7.54,1.09,1.12
1784032907.477,static,fabric,1.3,1.62,-0.0,1.18,14,1.58,-0.27,-0.26
1784032907.593,static,mid,6.8,3.18,0.0,0.02,5,3.14,0.5,0.17
1784032907.593,static,unknown,3.3,7.7,0.0,0.79,11,7.54,1.09,1.12
1784032907.593,static,fabric,1.4,1.62,-0.0,1.18,14,1.58,-0.28,-0.27
1784032907.685,static,mid,6.8,3.18,0.0,0.02,5,3.14,0.5,0.17
1784032907.685,static,unknown,3.3,7.7,0.0,0.79,11,7.54,1.08,1.12
1784032907.685,static,fabric,1.4,1.62,-0.0,1.18,14,1.57,-0.29,-0.27
1784032907.807,static,mid,6.8,3.18,0.0,0.02,5,3.14,0.5,0.17
1784032907.807,static,unknown,3.3,7.7,0.0,0.79,11,7.54,1.08,1.12
1784032907.807,static,fabric,1.4,1.62,-0.0,1.18,14,1.57,-0.3,-0.28
1784032907.905,static,mid,6.8,3.18,0.0,0.02,5,3.14,0.5,0.17
1784032907.905,static,unknown,3.3,7.7,0.0,0.79,11,7.54,1.08,1.12
1784032907.905,static,fabric,1.4,1.62,-0.0,1.18,14,1.57,-0.3,-0.28
1784032908.02,static,mid,6.8,3.18,0.0,0.02,5,3.14,0.5,0.17
1784032908.02,static,unknown,3.3,7.7,0.0,0.79,11,7.54,1.08,1.12
1784032908.02,static,fabric,1.4,1.62,-0.0,1.18,14,1.56,-0.31,-0.29
1784032908.147,static,mid,6.8,3.18,0.0,0.02,5,3.14,0.5,0.17
1784032908.147,static,unknown,3.3,7.7,0.0,0.79,11,7.54,1.09,1.11
1784032908.147,static,fabric,1.4,1.62,-0.0,1.18,14,1.56,-0.31,-0.29
1784032908.246,static,mid,6.8,3.18,0.0,0.02,5,3.14,0.5,0.17
1784032908.246,static,unknown,3.3,7.69,0.0,0.79,11,7.53,1.11,1.09
1784032908.246,static,fabric,1.5,1.62,-0.0,1.18,14,1.56,-0.31,-0.29
1784032908.366,static,mid,6.7,3.18,0.0,0.02,5,3.14,0.5,0.17
1784032908.366,static,unknown,3.4,7.65,0.0,0.79,11,7.49,1.14,1.05
1784032908.366,static,fabric,1.5,1.61,-0.0,1.18,14,1.55,-0.35,-0.27
1784032908.366,static,fabric,-2.9,0.57,0.0,0.02,2,0.48,0.14,0.27
1784032908.482,static,mid,6.7,3.18,0.0,0.02,5,3.14,0.5,0.16
1784032908.482,static,unknown,3.4,7.61,0.0,0.79,11,7.45,1.16,1.02
1784032908.482,static,fabric,1.6,1.61,-0.0,1.18,14,1.54,-0.4,-0.26
1784032908.482,static,fabric,-2.9,0.57,0.0,0.02,2,0.48,0.14,0.27
1784032908.591,static,mid,6.7,3.18,0.0,0.02,5,3.14,0.5,0.17
1784032908.591,static,unknown,3.4,7.52,0.0,0.79,11,7.37,1.17,0.98
1784032908.591,static,fabric,1.6,1.61,-0.0,1.19,14,1.53,-0.45,-0.24
1784032908.591,static,fabric,-2.9,0.57,0.0,0.02,2,0.48,0.14,0.27
1784032908.678,static,mid,6.7,3.18,0.0,0.02,5,3.14,0.5,0.16
1784032908.678,static,unknown,3.5,7.44,0.0,0.79,11,7.28,1.19,0.94
1784032908.678,static,fabric,1.6,1.61,-0.0,1.19,14,1.52,-0.49,-0.22
1784032908.678,static,fabric,-2.9,0.57,0.0,0.02,2,0.48,0.14,0.27
1784032908.772,static,mid,6.7,3.18,0.0,0.02,5,3.14,0.5,0.17
1784032908.772,static,unknown,3.5,7.34,0.0,0.8,11,7.18,1.19,0.89
1784032908.772,static,fabric,1.6,1.61,-0.0,1.19,14,1.51,-0.54,-0.2
1784032908.772,static,fabric,-2.9,0.57,0.0,0.02,2,0.48,0.14,0.27
1784032908.889,static,mid,6.7,3.18,0.0,0.02,5,3.14,0.5,0.17
1784032908.889,static,unknown,3.5,7.27,0.0,0.8,11,7.12,1.21,0.87
1784032908.889,static,fabric,1.5,1.62,-0.0,1.19,14,1.5,-0.56,-0.19
1784032908.889,static,fabric,-2.9,0.57,0.0,0.02,2,0.48,0.14,0.27
1784032908.985,static,mid,6.7,3.18,0.0,0.02,5,3.14,0.49,0.17
1784032908.985,static,unknown,3.5,7.21,0.0,0.8,11,7.05,1.22,0.86
1784032908.985,static,fabric,1.4,1.62,-0.0,1.19,14,1.5,-0.58,-0.18
1784032908.985,static,fabric,-2.9,0.57,0.0,0.02,2,0.48,0.14,0.27
1784032909.129,static,mid,6.7,3.18,0.0,0.02,5,3.14,0.49,0.17
1784032909.129,static,unknown,3.5,7.16,0.0,0.8,11,7.0,1.22,0.9
1784032909.129,static,fabric,1.4,1.62,-0.0,1.19,14,1.5,-0.57,-0.19
1784032909.129,static,fabric,-2.9,0.57,0.0,0.02,2,0.48,0.14,0.27
1784032909.27,static,mid,6.7,3.18,0.0,0.02,5,3.14,0.49,0.17
1784032909.27,static,unknown,3.5,7.13,0.0,0.8,11,6.95,1.23,0.98
1784032909.27,static,fabric,1.4,1.61,-0.0,1.19,14,1.51,-0.54,-0.2
1784032909.27,static,fabric,-2.9,0.57,0.0,0.02,2,0.48,0.14,0.27
1784032909.405,static,mid,6.7,3.18,0.0,0.02,5,3.14,0.48,0.17
1784032909.405,static,unknown,3.5,7.13,0.0,0.8,11,6.95,1.23,1.06
1784032909.405,static,fabric,1.4,1.61,-0.0,1.19,14,1.51,-0.5,-0.22
1784032909.405,static,fabric,-2.9,0.57,0.0,0.02,2,0.48,0.14,0.27
1784032909.532,static,mid,6.7,3.18,0.0,0.02,5,3.14,0.49,0.17
1784032909.532,static,unknown,3.6,7.13,0.0,0.8,11,6.93,1.23,1.15
1784032909.532,static,fabric,1.4,1.61,-0.0,1.19,14,1.53,-0.44,-0.25
1784032909.532,static,fabric,-2.9,0.57,0.0,0.02,2,0.48,0.14,0.27
1784032909.64,static,mid,6.7,3.18,0.0,0.02,5,3.14,0.49,0.17
1784032909.64,static,unknown,3.6,7.31,0.0,0.8,11,7.12,1.23,1.1
1784032909.64,static,fabric,1.4,1.61,-0.0,1.19,14,1.53,-0.4,-0.26
1784032909.64,static,fabric,-2.9,0.57,0.0,0.02,2,0.48,0.14,0.27
1784032909.762,static,mid,6.6,3.18,0.0,0.02,5,3.14,0.5,0.16
1784032909.762,static,unknown,3.7,7.25,0.0,0.8,11,7.05,1.23,1.13
1784032909.762,static,fabric,1.4,1.61,-0.0,1.19,14,1.53,-0.41,-0.26
1784032909.762,static,fabric,-2.9,0.57,0.0,0.02,2,0.48,0.14,0.27
1784032909.912,static,mid,6.6,3.18,0.0,0.02,5,3.14,0.5,0.17
1784032909.912,static,unknown,3.7,7.21,0.0,0.81,11,7.02,1.22,1.12
1784032909.912,static,fabric,1.4,1.61,-0.0,1.19,14,1.53,-0.45,-0.24
1784032910.037,static,mid,6.6,3.18,0.0,0.02,5,3.14,0.49,0.17
1784032910.037,static,unknown,3.9,7.19,0.0,0.81,11,6.99,1.22,1.11
1784032910.037,static,fabric,1.4,1.61,-0.0,1.19,14,1.52,-0.46,-0.22
1784032910.142,static,mid,6.6,3.18,0.0,0.02,5,3.14,0.49,0.17
1784032910.142,static,unknown,3.9,7.17,0.0,0.81,11,6.99,1.22,1.07
1784032910.142,static,fabric,1.3,1.61,-0.0,1.19,14,1.52,-0.49,-0.2
1784032910.256,static,mid,6.6,3.18,0.0,0.02,5,3.14,0.48,0.17
1784032910.256,static,unknown,4.0,7.33,0.0,0.81,11,7.16,1.21,1.06
1784032910.256,static,fabric,1.3,1.61,-0.0,1.19,14,1.52,-0.49,-0.19
1784032910.361,static,mid,6.5,3.18,0.0,0.02,5,3.14,0.48,0.17
1784032910.361,static,unknown,4.1,7.27,0.0,0.81,11,7.08,1.22,1.08
1784032910.361,static,fabric,1.3,1.61,-0.0,1.2,14,1.53,-0.46,-0.19
1784032910.484,static,mid,6.5,3.18,0.0,0.02,5,3.14,0.48,0.17
1784032910.484,static,unknown,4.1,7.24,0.0,0.81,11,7.06,1.23,1.05
1784032910.484,static,fabric,1.3,1.61,-0.0,1.2,14,1.53,-0.47,-0.19
1784032910.601,static,mid,6.5,3.18,0.0,0.02,5,3.14,0.49,0.17
1784032910.601,static,unknown,4.1,7.25,0.0,0.81,11,7.07,1.22,1.04
1784032910.601,static,fabric,1.3,1.61,-0.0,1.2,14,1.53,-0.46,-0.19
1784032910.601,static,fabric,-2.6,0.57,0.0,0.01,2,0.48,0.14,0.27
1784032910.718,static,mid,6.5,3.18,0.0,0.02,5,3.14,0.49,0.17
1784032910.718,static,unknown,4.1,7.26,0.0,0.82,11,7.08,1.22,1.08
1784032910.718,static,fabric,1.4,1.61,-0.0,1.2,14,1.54,-0.43,-0.2
1784032910.718,static,fabric,-2.6,0.57,0.0,0.01,2,0.48,0.14,0.27
1784032910.819,static,mid,6.5,3.18,0.0,0.02,5,3.14,0.5,0.17
1784032910.819,static,unknown,4.1,7.27,0.0,0.82,11,7.08,1.21,1.09
1784032910.819,static,fabric,1.4,1.61,-0.0,1.2,14,1.55,-0.39,-0.2
1784032910.819,static,fabric,-2.6,0.57,0.0,0.01,2,0.48,0.14,0.27
1784032910.977,static,mid,6.5,3.18,0.0,0.02,5,3.14,0.49,0.17
1784032910.977,static,unknown,4.0,7.28,0.0,0.82,11,7.1,1.2,1.09
1784032910.977,static,fabric,1.4,1.58,-0.0,1.2,14,1.46,-0.54,-0.25
1784032910.977,static,fabric,-2.6,0.57,0.0,0.01,2,0.48,0.14,0.27
1784032911.109,static,mid,6.5,3.18,0.0,0.02,5,3.14,0.49,0.16
1784032911.109,static,unknown,4.0,7.29,0.0,0.82,11,7.11,1.2,1.08
1784032911.109,static,fabric,1.4,1.56,-0.0,1.19,14,1.4,-0.65,-0.29
1784032911.109,static,mid,-2.6,0.67,0.02,0.06,2,0.52,0.39,0.16
1784032911.237,static,mid,6.5,3.18,0.0,0.02,5,3.14,0.48,0.16
1784032911.237,static,unknown,3.9,7.3,0.0,0.82,11,7.12,1.19,1.06
1784032911.237,static,fabric,1.4,1.57,-0.0,1.2,14,1.45,-0.55,-0.26
1784032911.237,static,mid,-2.6,0.78,0.04,0.09,2,0.54,0.55,0.09
1784032911.363,static,mid,6.5,3.18,0.0,0.02,5,3.14,0.49,0.16
1784032911.363,static,unknown,1.3,7.3,0.0,0.83,11,7.13,1.2,1.04
1784032911.363,static,fabric,1.5,1.58,-0.0,1.2,14,1.47,-0.54,-0.24
1784032911.363,unknown,mid,-2.4,0.86,0.05,0.11,2,0.56,0.66,0.04
1784032911.494,static,mid,6.5,3.18,0.0,0.02,5,3.14,0.49,0.16
1784032911.494,static,unknown,1.2,7.32,0.0,0.83,11,7.15,1.2,1.01
1784032911.494,static,fabric,1.5,1.6,-0.0,1.2,14,1.48,-0.55,-0.23
1784032911.494,unknown,mid,-2.4,0.86,0.05,0.11,2,0.56,0.66,0.04
1784032911.623,static,mid,6.5,3.18,0.0,0.02,5,3.14,0.49,0.16
1784032911.623,static,unknown,1.2,7.34,0.0,0.83,11,7.17,1.19,0.99
1784032911.623,static,fabric,1.4,1.6,-0.0,1.2,14,1.48,-0.56,-0.21
1784032911.623,unknown,mid,-2.4,0.86,0.05,0.11,2,0.56,0.66,0.04
1784032911.748,static,mid,6.5,3.18,0.0,0.02,5,3.14,0.5,0.16
1784032911.748,static,unknown,1.1,7.35,0.0,0.83,11,7.19,1.17,0.98
1784032911.748,static,fabric,1.4,1.6,-0.0,1.2,14,1.49,-0.55,-0.21
1784032911.748,unknown,mid,-2.4,0.86,0.05,0.11,2,0.56,0.66,0.04
1784032911.858,static,mid,6.5,3.18,0.0,0.02,5,3.14,0.5,0.16
1784032911.858,static,unknown,1.1,7.41,0.0,0.83,11,7.25,1.16,0.98
1784032911.858,static,fabric,1.2,1.6,-0.0,1.2,14,1.51,-0.48,-0.22
1784032911.858,unknown,mid,-2.4,0.86,0.05,0.11,2,0.56,0.66,0.04
1784032911.97,static,mid,6.5,3.18,0.0,0.02,5,3.14,0.5,0.16
1784032911.97,static,unknown,1.1,7.42,0.0,0.83,11,7.26,1.15,0.99
1784032911.97,static,fabric,1.2,1.6,-0.0,1.2,14,1.53,-0.41,-0.22
1784032911.97,unknown,mid,-2.4,0.86,0.05,0.11,2,0.56,0.66,0.04
1784032912.095,static,mid,6.5,3.18,0.0,0.02,5,3.14,0.5,0.16
1784032912.095,static,unknown,1.1,7.45,0.0,0.83,11,7.29,1.14,1.0
1784032912.095,static,fabric,1.2,1.6,-0.0,1.2,14,1.55,-0.33,-0.23
1784032912.095,unknown,mid,-2.4,0.86,0.05,0.11,2,0.56,0.66,0.04
1784032912.225,static,mid,6.5,3.18,0.0,0.02,5,3.14,0.5,0.16
1784032912.225,static,unknown,1.1,7.48,0.0,0.83,11,7.32,1.15,1.01
1784032912.225,static,fabric,1.2,1.61,-0.0,1.2,14,1.57,-0.27,-0.23
1784032912.225,unknown,mid,-2.4,0.86,0.05,0.11,2,0.56,0.66,0.04
1784032912.336,static,mid,6.5,3.18,0.0,0.02,5,3.14,0.5,0.16
1784032912.336,static,unknown,1.1,7.46,0.0,0.83,11,7.3,1.15,1.01
1784032912.336,static,fabric,1.1,1.62,-0.0,1.2,14,1.58,-0.24,-0.23
1784032912.336,unknown,mid,-2.4,0.86,0.05,0.11,2,0.56,0.66,0.04
1784032912.431,static,mid,6.5,3.18,0.0,0.02,5,3.14,0.5,0.16
1784032912.431,static,unknown,1.1,7.47,0.0,0.83,11,7.32,1.15,1.01
1784032912.431,static,fabric,1.1,1.61,-0.0,1.2,14,1.57,-0.27,-0.22
1784032912.431,unknown,mid,-2.4,0.86,0.05,0.11,2,0.56,0.66,0.04
1784032912.52,static,mid,6.5,3.18,0.0,0.02,5,3.14,0.5,0.16
1784032912.52,static,unknown,1.1,7.46,0.0,0.84,11,7.3,1.16,1.0
1784032912.52,static,fabric,1.0,1.61,-0.0,1.2,14,1.56,-0.31,-0.21
1784032912.52,unknown,mid,-2.4,0.86,0.05,0.11,2,0.56,0.66,0.04
1784032912.62,static,mid,6.5,3.18,0.0,0.02,5,3.14,0.5,0.16
1784032912.62,static,unknown,1.0,7.43,0.0,0.84,11,7.27,1.17,0.99
1784032912.62,static,fabric,0.9,1.61,-0.0,1.2,14,1.55,-0.38,-0.2
1784032912.62,unknown,mid,-2.4,0.86,0.05,0.11,2,0.56,0.66,0.04
1784032912.726,static,mid,6.5,3.21,0.0,0.02,5,3.15,0.56,0.19
1784032912.726,static,unknown,0.9,7.43,0.0,0.84,11,7.27,1.16,0.98
1784032912.726,static,fabric,0.9,1.6,-0.0,1.2,14,1.53,-0.44,-0.19
1784032912.726,unknown,mid,-2.4,0.86,0.05,0.11,2,0.56,0.66,0.04
1784032912.843,static,mid,6.5,3.22,0.0,0.02,5,3.16,0.6,0.2
1784032912.843,static,unknown,0.9,7.43,0.0,0.84,11,7.27,1.17,0.97
1784032912.843,static,fabric,0.5,1.6,-0.0,1.21,14,1.52,-0.47,-0.18
1784032912.843,unknown,mid,-2.4,0.86,0.05,0.11,2,0.56,0.66,0.04
1784032912.959,static,mid,6.5,3.23,0.0,0.03,5,3.16,0.62,0.21
1784032912.959,static,unknown,0.9,7.41,0.0,0.84,11,7.25,1.16,0.95
1784032912.959,static,fabric,0.5,1.6,-0.0,1.21,14,1.52,-0.48,-0.18
1784032913.085,static,mid,6.5,3.24,0.0,0.03,5,3.16,0.64,0.22
1784032913.085,static,unknown,0.9,7.41,0.0,0.84,11,7.26,1.16,0.94
1784032913.085,static,fabric,0.5,1.59,-0.0,1.21,14,1.52,-0.43,-0.18
1784032913.209,static,mid,6.5,3.24,0.0,0.03,5,3.17,0.65,0.22
1784032913.209,static,unknown,0.9,7.42,0.0,0.84,11,7.27,1.15,0.94
1784032913.209,static,fabric,0.4,1.57,-0.0,1.21,14,1.44,-0.59,-0.18
1784032913.314,static,mid,6.6,3.22,0.0,0.03,5,3.16,0.6,0.2
1784032913.314,static,unknown,0.9,7.4,0.0,0.84,11,7.25,1.15,0.93
1784032913.314,static,fabric,0.6,1.56,-0.0,1.2,14,1.39,-0.69,-0.18
1784032913.417,static,mid,6.6,3.21,0.0,0.03,5,3.15,0.56,0.19
1784032913.417,static,unknown,0.9,7.39,0.0,0.85,11,7.24,1.16,0.93
1784032913.417,static,fabric,0.6,1.56,-0.0,1.2,14,1.35,-0.76,-0.17
1784032913.517,static,mid,6.6,3.2,0.0,0.03,5,3.15,0.54,0.18
1784032913.517,static,unknown,0.9,7.35,0.0,0.85,11,7.19,1.17,0.94
1784032913.517,static,fabric,0.6,1.56,-0.0,1.2,14,1.33,-0.8,-0.18
1784032913.517,static,fabric,2.7,1.72,-0.12,0.9,6,1.69,0.29,-0.18
1784032913.6,pedestrian,mid,6.7,2.94,0.0,0.03,5,2.9,0.47,0.11
1784032913.6,static,unknown,0.9,7.27,0.0,0.85,11,7.11,1.2,0.93
1784032913.6,static,fabric,0.6,1.59,-0.0,1.2,14,1.32,-0.86,-0.17
1784032913.6,static,fabric,2.7,1.72,-0.12,0.9,6,1.69,0.29,-0.18
1784032913.726,pedestrian,mid,6.7,2.94,0.0,0.03,5,2.9,0.47,0.11
1784032913.726,static,unknown,0.9,7.19,0.0,0.85,11,7.03,1.21,0.93
1784032913.726,static,fabric,0.6,1.61,-0.0,1.2,14,1.32,-0.9,-0.17
1784032913.726,static,metal,2.8,1.76,-0.13,1.27,8,1.73,0.35,-0.12
1784032913.849,pedestrian,mid,6.7,2.94,0.0,0.03,5,2.9,0.47,0.11
1784032913.849,static,unknown,0.9,7.14,0.0,0.86,11,6.97,1.23,0.93
1784032913.849,static,fabric,0.6,1.63,-0.0,1.2,14,1.32,-0.95,-0.17
1784032913.849,static,metal,2.8,1.71,-0.12,1.53,10,1.66,0.41,-0.07
1784032913.981,pedestrian,mid,6.7,2.94,0.0,0.03,5,2.9,0.47,0.11
1784032913.981,static,unknown,0.9,7.14,0.0,0.86,11,6.97,1.23,0.94
1784032913.981,static,fabric,0.6,1.66,-0.0,1.19,14,1.32,-0.99,-0.15
1784032913.981,static,metal,2.8,1.67,-0.12,1.73,12,1.61,0.44,-0.04
1784032914.105,pedestrian,mid,6.7,2.94,0.0,0.03,5,2.9,0.47,0.11
1784032914.105,static,unknown,1.0,7.34,0.0,0.86,11,7.17,1.21,0.97
1784032914.105,static,fabric,0.6,1.66,-0.0,1.19,14,1.32,-0.99,-0.15
1784032914.105,static,metal,2.8,1.47,-0.12,1.71,12,1.39,0.46,-0.02
1784032914.105,static,fabric,-2.2,3.88,0.0,0.06,4,3.4,-1.7,0.78
1784032914.24,pedestrian,mid,6.7,2.56,0.0,0.03,5,2.53,0.39,-0.0
1784032914.24,static,unknown,1.0,7.46,0.0,0.86,11,7.3,1.2,0.99
1784032914.24,static,fabric,0.6,1.66,-0.0,1.19,14,1.32,-0.99,-0.15
1784032914.24,static,metal,2.8,1.47,-0.12,1.71,12,1.39,0.46,-0.02
1784032914.24,static,fabric,-2.0,3.88,0.0,0.06,4,3.4,-1.7,0.79
1784032914.367,pedestrian,mid,6.7,2.56,0.0,0.03,5,2.53,0.39,-0.0
1784032914.367,static,unknown,1.0,7.54,0.0,0.86,11,7.38,1.19,1.01
1784032914.367,static,fabric,0.6,1.66,-0.0,1.19,14,1.32,-0.99,-0.15
1784032914.367,static,metal,2.8,1.3,-0.13,1.77,14,1.25,0.36,-0.01
1784032914.367,static,fabric,-2.0,3.88,0.0,0.05,4,3.4,-1.7,0.8
1784032914.488,pedestrian,mid,6.7,2.56,0.0,0.03,5,2.53,0.39,-0.0
1784032914.488,static,unknown,1.1,7.59,0.0,0.86,11,7.43,1.19,1.02
1784032914.488,static,fabric,0.6,1.66,-0.0,1.19,14,1.32,-0.99,-0.15
1784032914.488,unknown,metal,2.8,1.21,-0.13,1.82,15,1.18,0.25,-0.01
1784032914.488,static,fabric,-2.0,3.89,0.0,0.05,4,3.4,-1.7,0.8
1784032914.488,static,mid,7.1,3.18,0.0,0.01,5,3.14,0.5,0.17
1784032914.614,pedestrian,mid,6.7,2.56,0.0,0.03,5,2.53,0.39,-0.0
1784032914.614,static,unknown,1.1,7.63,0.0,0.86,11,7.47,1.19,1.02
1784032914.614,static,fabric,0.6,1.66,-0.0,1.19,14,1.32,-0.99,-0.15
1784032914.614,unknown,metal,2.7,1.15,-0.13,1.86,17,1.14,0.15,-0.02
1784032914.614,static,fabric,-1.8,3.89,-0.01,0.11,4,3.39,-1.74,0.81
1784032914.614,static,mid,7.4,3.18,0.0,0.01,5,3.14,0.5,0.17
1784032914.74,pedestrian,mid,6.7,2.56,0.0,0.03,5,2.53,0.39,-0.0
1784032914.74,static,unknown,1.3,7.65,0.0,0.86,11,7.49,1.18,1.02
1784032914.74,static,fabric,0.6,1.66,-0.0,1.19,14,1.32,-0.99,-0.15
1784032914.74,unknown,metal,2.7,1.13,-0.13,1.96,18,1.13,0.07,-0.01
1784032914.74,static,fabric,-1.8,3.9,-0.01,0.18,5,3.38,-1.77,0.81
1784032914.74,static,mid,7.4,3.19,0.0,0.05,5,3.15,0.51,0.16
1784032914.874,pedestrian,mid,6.7,2.56,0.0,0.03,5,2.53,0.39,-0.0
1784032914.874,static,unknown,1.3,7.66,0.0,0.86,11,7.51,1.14,1.01
1784032914.874,static,fabric,0.6,1.66,-0.0,1.19,14,1.32,-0.99,-0.15
1784032914.874,unknown,metal,2.7,1.13,-0.14,2.06,20,1.13,0.01,0.01
1784032914.874,static,fabric,-1.9,3.9,-0.02,0.25,5,3.37,-1.78,0.8
1784032914.874,static,mid,7.4,3.25,-0.01,0.27,6,3.19,0.61,0.16
1784032915.01,pedestrian,mid,6.7,2.56,0.0,0.03,5,2.53,0.39,-0.0
1784032915.01,static,unknown,1.4,7.67,0.0,0.86,11,7.53,1.09,1.02
1784032915.01,static,fabric,0.6,1.66,-0.0,1.19,14,1.32,-0.99,-0.15
1784032915.01,unknown,metal,2.7,1.11,-0.15,2.16,21,1.11,-0.01,0.02
1784032915.01,static,fabric,-1.9,3.89,-0.01,0.24,5,3.4,-1.73,0.78
1784032915.01,static,mid,7.4,3.27,-0.01,0.4,6,3.21,0.64,0.16
1784032915.151,pedestrian,mid,6.7,2.56,0.0,0.03,5,2.53,0.39,-0.0
1784032915.151,static,unknown,1.4,7.67,0.0,0.85,11,7.53,1.04,1.02
1784032915.151,static,fabric,0.6,1.66,-0.0,1.19,14,1.32,-0.99,-0.15
1784032915.151,unknown,metal,2.9,1.17,-0.16,2.34,22,1.17,0.04,0.04
1784032915.151,static,fabric,-1.9,3.89,-0.01,0.24,5,3.42,-1.69,0.78
1784032915.151,static,mid,7.4,3.27,-0.01,0.4,6,3.21,0.64,0.16
1784032915.292,pedestrian,mid,6.7,2.56,0.0,0.03,5,2.53,0.39,-0.0
1784032915.292,static,unknown,1.4,7.68,0.0,0.85,11,7.55,0.99,1.01
1784032915.292,static,fabric,0.6,1.66,-0.0,1.19,14,1.32,-0.99,-0.15
1784032915.292,unknown,metal,3.0,1.16,-0.16,2.44,23,1.15,0.01,0.05
1784032915.292,static,fabric,-2.0,3.89,-0.01,0.23,5,3.43,-1.65,0.78
1784032915.292,static,mid,7.4,3.27,-0.01,0.4,6,3.21,0.64,0.16
1784032915.292,static,unknown,-0.8,7.93,0.0,0.25,2,7.82,-0.79,1.08
1784032915.421,pedestrian,mid,6.7,2.56,0.0,0.03,5,2.53,0.39,-0.0
1784032915.421,static,unknown,1.4,7.68,0.0,0.85,11,7.55,0.99,1.01
1784032915.421,static,fabric,0.6,1.66,-0.0,1.19,14,1.32,-0.99,-0.15
1784032915.421,unknown,metal,3.0,1.12,-0.16,2.49,23,1.12,-0.05,0.06
1784032915.421,static,fabric,-2.0,3.89,-0.01,0.23,4,3.43,-1.64,0.79
1784032915.421,static,mid,7.4,3.27,-0.01,0.4,6,3.21,0.64,0.16
1784032915.421,static,unknown,-0.8,7.93,0.0,0.29,3,7.81,-0.81,1.11
1784032915.556,pedestrian,mid,6.7,2.56,0.0,0.03,5,2.53,0.39,-0.0
1784032915.556,static,unknown,1.4,7.68,0.0,0.85,11,7.55,0.99,1.01
1784032915.556,unknown,metal,3.0,1.11,-0.16,2.51,24,1.1,-0.12,0.06
1784032915.556,static,fabric,-2.0,3.88,-0.01,0.22,4,3.44,-1.64,0.77
1784032915.556,static,mid,7.4,3.27,-0.01,0.4,6,3.21,0.64,0.16
1784032915.556,static,unknown,-0.8,7.92,0.0,0.27,2,7.8,-0.78,1.15
1784032915.687,pedestrian,mid,6.7,2.56,0.0,0.03,5,2.53,0.39,-0.0
1784032915.687,static,unknown,1.4,7.68,0.0,0.85,11,7.55,0.99,1.01
1784032915.687,unknown,metal,3.0,1.11,-0.16,2.55,24,1.1,-0.17,0.05
1784032915.687,static,fabric,-2.1,3.88,-0.01,0.21,4,3.44,-1.64,0.76
1784032915.687,static,mid,7.4,3.27,-0.01,0.4,6,3.21,0.64,0.16
1784032915.687,static,unknown,-0.8,7.92,0.0,0.27,2,7.8,-0.78,1.15
1784032915.816,static,unknown,1.4,7.68,0.0,0.85,11,7.55,0.99,1.01
1784032915.816,unknown,metal,3.3,1.09,-0.16,2.58,24,1.08,-0.16,0.06
1784032915.816,static,fabric,-2.1,3.88,-0.01,0.21,4,3.44,-1.64,0.76
1784032915.816,static,mid,7.4,3.27,-0.01,0.4,6,3.21,0.64,0.16
1784032915.816,static,unknown,-0.8,7.92,0.0,0.27,2,7.8,-0.78,1.15
1784032915.948,static,unknown,1.4,7.68,0.0,0.85,11,7.55,0.99,1.01
1784032915.948,unknown,metal,3.2,1.04,-0.16,2.59,24,1.03,-0.14,0.07
1784032915.948,static,fabric,-2.1,3.88,-0.01,0.21,4,3.44,-1.64,0.76
1784032915.948,static,mid,7.4,3.27,-0.01,0.4,6,3.21,0.64,0.16
1784032915.948,static,unknown,-0.8,7.92,0.0,0.27,2,7.8,-0.78,1.15
1784032916.09,static,unknown,1.4,7.68,0.0,0.85,11,7.55,0.99,1.01
1784032916.09,unknown,metal,3.9,0.98,-0.15,2.6,24,0.97,-0.1,0.08
1784032916.09,static,fabric,-2.1,3.88,-0.01,0.21,4,3.44,-1.64,0.76
1784032916.09,static,mid,7.4,3.27,-0.01,0.4,6,3.21,0.64,0.16
1784032916.09,static,unknown,-0.8,7.92,0.0,0.27,2,7.8,-0.78,1.15
1784032916.219,static,unknown,1.4,7.68,0.0,0.85,11,7.55,0.99,1.01
1784032916.219,unknown,metal,3.3,0.88,-0.14,2.56,23,0.87,-0.07,0.09
1784032916.219,static,fabric,-2.1,3.88,-0.01,0.21,4,3.44,-1.64,0.76
1784032916.219,static,mid,7.4,3.27,-0.01,0.4,6,3.21,0.64,0.16
1784032916.219,static,unknown,-0.8,7.92,0.0,0.27,2,7.8,-0.78,1.15
1784032916.329,static,unknown,1.4,7.68,0.0,0.85,11,7.55,0.99,1.01
1784032916.329,unknown,metal,3.3,0.8,-0.14,2.51,23,0.79,-0.05,0.1
1784032916.329,static,fabric,-2.1,3.88,-0.01,0.21,4,3.44,-1.64,0.76
1784032916.329,static,mid,7.4,3.27,-0.01,0.4,6,3.21,0.64,0.16
1784032916.329,static,unknown,-0.8,7.92,0.0,0.27,2,7.8,-0.78,1.15
1784032916.481,static,unknown,1.4,7.68,0.0,0.85,11,7.55,0.99,1.01
1784032916.481,unknown,metal,3.2,0.73,-0.13,2.47,23,0.72,-0.05,0.11
1784032916.481,static,fabric,-2.1,3.88,-0.01,0.21,4,3.44,-1.64,0.76
1784032916.481,static,mid,7.4,3.27,-0.01,0.4,6,3.21,0.64,0.16
1784032916.481,static,unknown,-0.8,7.92,0.0,0.27,2,7.8,-0.78,1.15
1784032916.481,static,unknown,-0.6,4.31,0.0,0.38,3,2.55,3.28,1.18
1784032916.606,static,unknown,1.4,7.68,0.0,0.85,11,7.55,0.99,1.01
1784032916.606,unknown,metal,3.3,0.66,-0.13,2.43,22,0.65,-0.06,0.12
1784032916.606,static,fabric,-2.1,3.88,-0.01,0.21,4,3.44,-1.64,0.76
1784032916.606,static,unknown,-0.8,7.92,0.0,0.27,2,7.8,-0.78,1.15
1784032916.606,static,unknown,-0.6,4.32,0.0,0.37,3,2.5,3.3,1.21
1784032916.695,static,unknown,1.4,7.68,0.0,0.85,11,7.55,0.99,1.01
1784032916.695,unknown,metal,3.3,0.6,-0.12,2.38,22,0.59,-0.09,0.11
1784032916.695,static,fabric,-2.1,3.88,-0.01,0.21,4,3.44,-1.64,0.76
1784032916.695,static,unknown,-0.8,7.92,0.0,0.27,2,7.8,-0.78,1.15
1784032916.695,static,unknown,-0.4,4.31,0.0,0.34,4,2.46,3.33,1.23
1784032916.813,unknown,metal,3.3,0.56,-0.12,2.34,22,0.54,-0.11,0.1
1784032916.813,static,fabric,-2.1,3.88,-0.01,0.21,4,3.44,-1.64,0.76
1784032916.813,static,unknown,-0.8,7.92,0.0,0.27,2,7.8,-0.78,1.15
1784032916.813,static,unknown,-0.4,4.32,0.0,0.31,4,2.43,3.34,1.24
1784032916.929,unknown,metal,3.5,0.54,-0.12,2.3,21,0.51,-0.13,0.09
1784032916.929,static,fabric,-2.1,3.88,-0.01,0.21,4,3.44,-1.64,0.76
1784032916.929,static,unknown,-0.8,7.92,0.0,0.27,2,7.8,-0.78,1.15
1784032916.929,static,unknown,-0.4,4.32,0.0,0.29,4,2.42,3.35,1.25
1784032917.031,unknown,metal,3.3,0.53,-0.11,2.27,21,0.51,-0.11,0.06
1784032917.031,static,fabric,-2.1,3.88,-0.01,0.21,4,3.44,-1.64,0.76
1784032917.031,static,unknown,-0.8,7.92,0.0,0.27,2,7.8,-0.78,1.15
1784032917.031,static,unknown,-0.4,4.32,0.0,0.26,3,2.4,3.36,1.26
1784032917.131,unknown,metal,3.3,0.51,-0.11,2.25,21,0.51,-0.08,0.05
1784032917.131,static,fabric,-2.1,3.88,-0.01,0.21,4,3.44,-1.64,0.76
1784032917.131,static,unknown,-0.4,4.32,0.0,0.26,3,2.4,3.36,1.26
1784032917.278,unknown,metal,3.7,0.55,-0.11,2.23,21,0.55,0.03,0.03
1784032917.278,static,fabric,-2.1,3.9,-0.02,0.26,4,3.46,-1.7,0.61
1784032917.278,static,unknown,-0.4,4.32,0.0,0.26,3,2.4,3.36,1.26
1784032917.362,unknown,metal,3.5,0.6,-0.1,2.21,21,0.59,0.13,0.02
1784032917.362,static,fabric,-2.1,3.91,-0.03,0.3,4,3.47,-1.74,0.51
1784032917.362,static,unknown,-0.4,4.32,0.0,0.26,3,2.4,3.36,1.26
1784032917.45,unknown,metal,4.0,0.67,-0.09,2.19,21,0.64,0.2,0.02
1784032917.45,static,fabric,-2.1,3.92,-0.03,0.34,4,3.48,-1.76,0.44
1784032917.45,static,unknown,-0.4,4.32,0.0,0.26,3,2.4,3.36,1.26
1784032917.537,unknown,metal,4.0,0.71,-0.08,2.18,21,0.66,0.25,0.02
1784032917.537,static,fabric,-2.1,3.93,-0.04,0.37,4,3.48,-1.78,0.4
1784032917.537,static,unknown,-0.4,4.32,0.0,0.26,3,2.4,3.36,1.26
1784032917.537,static,fabric,-2.6,3.45,0.0,0.78,2,2.96,1.7,0.55
1784032917.537,pedestrian,mid,3.0,2.06,-0.01,1.38,3,1.73,-1.11,-0.12
1784032917.627,unknown,metal,3.7,0.79,-0.07,2.21,22,0.76,0.24,0.01
1784032917.627,static,fabric,-2.1,3.93,-0.04,0.37,4,3.48,-1.78,0.4
1784032917.627,static,unknown,-0.4,4.32,0.0,0.26,3,2.4,3.36,1.26
1784032917.627,static,fabric,-2.6,3.37,0.0,0.91,2,2.99,1.47,0.52
1784032917.627,pedestrian,mid,3.0,2.06,-0.01,1.38,3,1.73,-1.11,-0.12
1784032917.749,unknown,metal,3.7,0.84,-0.06,2.2,22,0.8,0.25,0.01
1784032917.749,static,fabric,-2.1,3.93,-0.04,0.37,4,3.48,-1.78,0.4
1784032917.749,static,unknown,-0.4,4.32,0.0,0.26,3,2.4,3.36,1.26
1784032917.749,unknown,mid,-1.7,3.29,0.0,0.94,3,3.06,1.13,0.44
1784032917.749,pedestrian,mid,3.0,2.06,-0.01,1.38,3,1.73,-1.11,-0.12
1784032917.839,unknown,metal,3.5,0.87,-0.05,2.2,22,0.83,0.26,0.01
1784032917.839,static,fabric,-2.1,3.93,-0.04,0.37,4,3.48,-1.78,0.4
1784032917.839,static,unknown,-0.4,4.32,0.0,0.26,3,2.4,3.36,1.26
1784032917.839,unknown,mid,-1.6,3.27,0.0,0.98,4,3.12,0.9,0.38
1784032917.839,pedestrian,mid,3.0,2.06,-0.01,1.38,3,1.73,-1.11,-0.12
1784032917.955,unknown,metal,3.5,0.9,-0.04,2.21,23,0.87,0.23,0.0
1784032917.955,static,fabric,-2.1,3.93,-0.04,0.37,4,3.48,-1.78,0.4
1784032917.955,static,unknown,-0.4,4.32,0.0,0.26,3,2.4,3.36,1.26
1784032917.955,unknown,mid,-1.6,3.26,0.0,0.96,5,3.16,0.73,0.31
1784032917.955,pedestrian,mid,3.0,2.06,-0.01,1.38,3,1.73,-1.11,-0.12
1784032917.955,static,unknown,3.3,7.31,0.0,1.61,9,7.13,1.21,1.04
1784032918.083,unknown,metal,3.9,0.92,-0.04,2.21,23,0.89,0.21,0.01
1784032918.083,static,fabric,-2.1,3.93,-0.04,0.37,4,3.48,-1.78,0.4
1784032918.083,static,unknown,-0.4,4.32,0.0,0.26,3,2.4,3.36,1.26
1784032918.083,unknown,mid,-1.0,3.26,0.0,0.95,6,3.19,0.63,0.25
1784032918.083,pedestrian,mid,3.0,2.06,-0.01,1.38,3,1.73,-1.11,-0.12
1784032918.083,static,unknown,3.3,7.27,0.0,1.59,9,7.1,1.21,1.0
1784032918.215,unknown,metal,3.9,1.17,-0.03,2.23,24,1.15,0.2,0.02
1784032918.215,static,fabric,-2.1,3.93,-0.04,0.37,4,3.48,-1.78,0.4
1784032918.215,static,unknown,-0.4,4.32,0.0,0.26,3,2.4,3.36,1.26
1784032918.215,unknown,mid,-1.0,3.26,0.0,0.95,6,3.19,0.63,0.25
1784032918.215,pedestrian,mid,3.0,2.06,-0.01,1.38,3,1.73,-1.11,-0.12
1784032918.215,static,unknown,3.3,7.25,0.0,1.57,10,7.09,1.2,0.97
1784032918.355,static,metal,4.1,1.29,-0.02,2.26,24,1.28,0.18,0.02
1784032918.355,static,fabric,-2.1,3.93,-0.04,0.37,4,3.48,-1.78,0.4
1784032918.355,static,unknown,-0.4,4.32,0.0,0.26,3,2.4,3.36,1.26
1784032918.355,unknown,mid,-1.0,3.26,0.0,0.95,6,3.19,0.63,0.25
1784032918.355,pedestrian,mid,3.0,2.06,-0.01,1.38,3,1.73,-1.11,-0.12
1784032918.355,static,unknown,3.3,7.25,0.0,1.56,11,7.08,1.21,0.96
1784032918.49,static,metal,4.1,1.38,-0.01,2.29,25,1.37,0.17,0.02
1784032918.49,static,fabric,-2.1,3.93,-0.04,0.37,4,3.48,-1.78,0.4
1784032918.49,static,unknown,-0.4,4.32,0.0,0.26,3,2.4,3.36,1.26
1784032918.49,unknown,mid,-1.0,3.26,0.0,0.95,6,3.19,0.63,0.25
1784032918.49,pedestrian,mid,3.0,2.06,-0.01,1.38,3,1.73,-1.11,-0.12
1784032918.49,static,unknown,3.3,7.25,0.0,1.55,11,7.08,1.21,0.97
1784032918.581,static,metal,4.1,1.44,-0.01,2.31,25,1.44,0.15,0.03
1784032918.581,static,fabric,-2.1,3.93,-0.04,0.37,4,3.48,-1.78,0.4
1784032918.581,unknown,mid,-1.0,3.26,0.0,0.95,6,3.19,0.63,0.25
1784032918.581,pedestrian,mid,3.0,2.06,-0.01,1.38,3,1.73,-1.11,-0.12
1784032918.581,static,unknown,3.3,7.24,0.0,1.55,11,7.08,1.19,0.97
1784032918.707,static,metal,4.1,1.5,-0.0,2.34,26,1.5,0.14,0.03
1784032918.707,static,fabric,-2.1,3.93,-0.04,0.37,4,3.48,-1.78,0.4
1784032918.707,unknown,mid,-1.0,3.26,0.0,0.95,6,3.19,0.63,0.25
1784032918.707,pedestrian,mid,3.0,2.06,-0.01,1.38,3,1.73,-1.11,-0.12
1784032918.707,static,unknown,3.3,7.25,0.0,1.55,11,7.09,1.18,0.97
1784032918.847,static,metal,4.1,1.51,0.0,2.36,26,1.51,0.13,0.04
1784032918.847,static,fabric,-2.1,3.93,-0.04,0.37,4,3.48,-1.78,0.4
1784032918.847,unknown,mid,-1.0,3.26,0.0,0.95,6,3.19,0.63,0.25
1784032918.847,pedestrian,mid,3.0,2.06,-0.01,1.38,3,1.73,-1.11,-0.12
1784032918.847,static,unknown,2.7,7.25,0.0,1.55,12,7.09,1.17,0.97
1784032918.933,static,metal,5.2,1.51,0.0,2.38,26,1.51,0.13,0.04
1784032918.933,static,fabric,-2.1,3.93,-0.04,0.37,4,3.48,-1.78,0.4
1784032918.933,unknown,mid,-1.0,3.26,0.0,0.95,6,3.19,0.63,0.25
1784032918.933,pedestrian,mid,3.0,2.06,-0.01,1.38,3,1.73,-1.11,-0.12
1784032918.933,static,unknown,2.7,7.25,0.0,1.55,12,7.1,1.17,0.96
1784032919.043,static,metal,6.9,1.5,0.0,2.39,26,1.49,0.17,0.05
1784032919.043,unknown,mid,-1.0,3.26,0.0,0.95,6,3.19,0.63,0.25
1784032919.043,static,unknown,2.7,7.25,0.0,1.54,12,7.09,1.18,0.95
1784032919.129,static,metal,7.5,1.32,0.01,2.39,26,1.31,0.18,0.06
1784032919.129,unknown,mid,-1.0,3.26,0.0,0.95,6,3.19,0.63,0.25
1784032919.129,static,unknown,2.7,7.25,0.0,1.53,12,7.09,1.2,0.95
1784032919.252,static,metal,7.7,1.24,0.01,2.38,26,1.21,0.23,0.08
1784032919.252,unknown,mid,-1.0,3.26,0.0,0.95,6,3.19,0.63,0.25
1784032919.252,static,unknown,2.7,7.28,0.0,1.52,12,7.11,1.21,0.97
1784032919.382,unknown,metal,7.7,1.23,0.0,2.37,26,1.19,0.28,0.07
1784032919.382,unknown,mid,-1.0,3.26,0.0,0.95,6,3.19,0.63,0.25
1784032919.382,static,unknown,2.7,7.34,0.0,1.53,12,7.17,1.22,0.97
1784032919.475,unknown,metal,7.7,1.24,0.0,2.36,26,1.2,0.31,0.06
1784032919.475,unknown,mid,-1.0,3.26,0.0,0.95,6,3.19,0.63,0.25
1784032919.475,static,unknown,2.7,7.41,0.0,1.53,11,7.25,1.21,0.96
1784032919.475,static,mid,7.5,3.21,0.0,0.52,6,3.17,0.51,0.05
1784032919.583,static,metal,7.8,1.27,0.0,2.35,26,1.23,0.32,0.04
1784032919.583,static,unknown,2.7,7.51,0.0,1.48,11,7.34,1.2,0.98
1784032919.583,static,mid,7.5,3.21,0.0,0.58,7,3.17,0.51,0.04
1784032919.711,static,metal,7.7,1.32,0.0,2.35,26,1.28,0.33,0.02
1784032919.711,static,unknown,2.7,7.57,0.0,1.44,11,7.41,1.17,0.98
1784032919.711,static,mid,7.5,3.21,0.0,0.61,7,3.17,0.49,0.02
1784032919.816,static,metal,7.6,1.39,0.0,2.34,26,1.34,0.34,-0.02
1784032919.816,static,unknown,2.7,7.61,0.0,1.4,11,7.46,1.14,0.99
1784032919.816,static,mid,7.5,3.21,0.0,0.64,7,3.18,0.49,0.02
1784032919.943,static,metal,7.1,1.45,0.0,2.32,25,1.41,0.37,-0.03
1784032919.943,static,unknown,3.3,7.64,0.0,1.35,11,7.49,1.12,1.0
1784032919.943,static,mid,7.5,3.22,0.0,0.68,7,3.18,0.49,0.05
1784032920.045,static,metal,4.8,1.48,0.0,2.31,25,1.43,0.37,-0.04
1784032920.045,static,unknown,3.3,7.66,0.0,1.31,11,7.52,1.09,1.01
1784032920.045,static,mid,7.1,3.22,0.0,0.71,7,3.18,0.5,0.06
1784032920.169,static,metal,4.5,1.49,0.0,2.3,25,1.44,0.37,-0.04
1784032920.169,static,unknown,2.7,7.67,0.0,1.27,11,7.53,1.07,1.01
1784032920.169,static,mid,7.1,3.23,0.0,0.75,7,3.18,0.51,0.07
1784032920.303,static,metal,4.2,1.48,0.0,2.29,25,1.43,0.36,-0.04
1784032920.303,static,unknown,3.3,7.68,0.0,1.23,11,7.54,1.06,1.01
1784032920.303,static,mid,7.1,3.22,0.0,0.78,8,3.18,0.51,0.05
1784032920.425,static,metal,4.0,1.46,0.0,2.29,25,1.42,0.35,-0.04
1784032920.425,static,unknown,3.3,7.69,0.0,1.19,11,7.55,1.06,1.0
1784032920.425,static,mid,7.1,3.23,0.0,0.8,8,3.19,0.51,0.04
1784032920.561,static,metal,3.9,1.48,0.0,2.27,24,1.43,0.36,-0.03
1784032920.561,static,unknown,2.7,7.65,0.0,1.2,11,7.51,1.07,1.01
1784032920.561,static,mid,7.1,3.23,0.0,0.81,8,3.19,0.51,0.0
1784032920.675,static,metal,3.8,1.49,0.0,2.25,24,1.44,0.38,-0.03
1784032920.675,static,unknown,2.7,7.63,0.0,1.21,11,7.48,1.1,1.03
1784032920.675,static,mid,7.1,3.23,0.0,0.81,8,3.19,0.51,-0.02
1784032920.797,static,metal,1.9,1.51,0.0,2.23,24,1.46,0.4,-0.04
1784032920.797,static,unknown,2.7,7.59,0.0,1.22,11,7.44,1.12,1.01
1784032920.797,static,mid,7.1,3.23,0.0,0.81,8,3.19,0.5,-0.02
1784032920.888,static,metal,1.1,1.53,0.0,2.21,24,1.48,0.41,-0.03
1784032920.888,static,unknown,2.6,7.54,0.0,1.23,11,7.38,1.14,0.99
1784032920.888,static,mid,7.1,3.23,0.0,0.81,8,3.19,0.51,-0.02
1784032921.016,static,metal,0.6,1.52,0.0,2.21,24,1.46,0.4,-0.04
1784032921.016,static,unknown,2.3,7.48,0.0,1.24,11,7.33,1.15,0.98
1784032921.016,static,mid,7.1,3.23,0.0,0.81,8,3.19,0.51,0.0
1784032921.113,static,metal,0.5,1.48,0.0,2.2,24,1.43,0.37,-0.04
1784032921.113,static,unknown,2.3,7.46,0.0,1.25,12,7.3,1.15,1.01
1784032921.113,static,mid,7.1,3.22,0.0,0.8,8,3.18,0.5,0.01
1784032921.236,static,metal,0.2,1.46,0.0,2.2,24,1.42,0.35,-0.04
1784032921.236,static,unknown,2.3,7.43,0.0,1.27,12,7.27,1.14,1.03
1784032921.236,static,mid,7.1,3.21,0.0,0.79,8,3.17,0.49,0.04
1784032921.361,static,metal,0.2,1.42,0.0,2.2,24,1.38,0.32,-0.04
1784032921.361,static,unknown,2.3,7.43,0.0,1.27,12,7.26,1.13,1.08
1784032921.361,static,mid,7.1,3.2,0.0,0.75,8,3.16,0.5,0.08
1784032921.486,static,metal,0.1,1.4,0.0,2.19,23,1.36,0.32,-0.03
1784032921.486,static,unknown,2.3,7.45,0.0,1.28,12,7.28,1.12,1.12
1784032921.486,static,mid,7.1,3.2,0.0,0.72,8,3.16,0.51,0.11
1784032921.577,static,metal,0.2,1.38,0.0,2.18,23,1.34,0.34,-0.0
1784032921.577,static,unknown,2.2,7.47,0.0,1.29,12,7.3,1.13,1.11
1784032921.577,static,mid,7.1,3.21,0.0,0.71,8,3.16,0.52,0.11
1784032921.688,static,metal,0.2,1.37,0.0,2.16,23,1.32,0.36,0.01
1784032921.688,static,unknown,2.2,7.45,0.0,1.3,12,7.29,1.13,1.07
1784032921.688,static,mid,7.1,3.22,0.0,0.71,8,3.17,0.52,0.09
1784032921.766,static,metal,0.5,1.35,0.0,2.15,23,1.3,0.37,0.02
1784032921.766,static,unknown,2.1,7.44,0.0,1.32,12,7.29,1.13,1.0
1784032921.766,static,mid,7.1,3.22,0.0,0.71,8,3.18,0.52,0.05
1784032921.879,static,metal,0.6,1.34,0.0,2.13,23,1.28,0.39,0.03
1784032921.879,static,unknown,2.1,7.53,0.0,1.29,12,7.38,1.1,1.0
1784032921.879,static,mid,7.1,3.23,0.0,0.71,8,3.19,0.51,0.02
1784032922.01,static,metal,0.8,1.34,0.0,2.12,23,1.28,0.39,0.02
1784032922.01,static,unknown,2.1,7.49,0.0,1.3,12,7.35,1.1,0.94
1784032922.01,static,mid,7.1,3.23,0.0,0.71,8,3.19,0.51,-0.02
1784032922.138,static,metal,1.1,1.37,0.0,2.11,23,1.31,0.4,-0.01
1784032922.138,static,unknown,2.1,7.47,0.0,1.3,12,7.33,1.11,0.91
1784032922.138,static,mid,7.1,3.24,0.0,0.71,8,3.19,0.52,-0.03
1784032922.271,static,metal,1.3,1.36,0.0,2.1,22,1.29,0.42,-0.04
1784032922.271,static,unknown,2.1,7.45,0.0,1.31,12,7.31,1.12,0.9
1784032922.271,static,mid,7.1,3.24,0.0,0.71,8,3.2,0.53,-0.03
1784032922.412,static,metal,1.7,1.31,0.01,2.1,22,1.24,0.41,-0.05
1784032922.412,static,unknown,2.1,7.42,0.0,1.32,12,7.28,1.15,0.89
1784032922.412,static,mid,7.1,3.24,0.0,0.7,8,3.19,0.54,-0.02
1784032922.543,unknown,metal,1.9,1.25,0.01,2.09,22,1.19,0.4,-0.03
1784032922.543,static,unknown,2.1,7.4,0.0,1.32,12,7.26,1.18,0.89
1784032922.543,static,mid,7.1,3.24,0.0,0.69,8,3.2,0.53,0.01
1784032922.673,unknown,metal,2.7,1.19,0.01,2.09,22,1.13,0.38,-0.01
1784032922.673,static,unknown,2.1,7.39,0.0,1.33,12,7.24,1.19,0.91
1784032922.673,static,mid,7.1,3.24,0.0,0.69,8,3.2,0.51,0.01
1784032922.807,unknown,metal,2.9,1.14,0.01,2.09,22,1.09,0.34,0.02
1784032922.807,static,unknown,2.1,7.38,0.0,1.33,12,7.23,1.21,0.91
1784032922.807,static,mid,7.1,3.24,0.0,0.68,8,3.2,0.49,0.02
1784032922.807,static,fabric,-2.7,3.88,0.0,0.09,3,3.39,-1.67,0.88
1784032922.934,unknown,metal,3.6,1.09,0.01,2.09,22,1.05,0.29,0.04
1784032922.934,static,unknown,2.1,7.35,0.0,1.34,12,7.19,1.21,0.9
1784032922.934,static,mid,7.1,3.24,0.0,0.68,8,3.2,0.48,0.02
1784032922.934,static,fabric,-2.7,3.88,0.0,0.1,3,3.4,-1.65,0.88
1784032923.043,unknown,metal,4.1,1.05,0.0,2.1,22,1.01,0.26,0.05
1784032923.043,static,unknown,2.1,7.3,0.0,1.35,12,7.15,1.2,0.87
1784032923.043,static,mid,7.1,3.24,0.0,0.68,8,3.21,0.48,0.01
1784032923.043,static,fabric,-2.7,3.88,0.0,0.08,3,3.42,-1.63,0.88
1784032923.152,unknown,metal,4.2,1.02,0.0,2.1,23,1.0,0.23,0.05
1784032923.152,static,unknown,2.2,7.25,0.0,1.36,12,7.1,1.19,0.83
1784032923.152,static,mid,7.1,3.24,0.0,0.68,8,3.21,0.48,0.01
1784032923.152,static,fabric,-2.7,3.88,0.0,0.08,3,3.42,-1.63,0.88
1784032923.237,unknown,metal,4.3,0.99,-0.0,2.11,23,0.97,0.2,0.06
1784032923.237,static,unknown,2.2,7.2,0.0,1.37,12,7.06,1.17,0.8
1784032923.237,static,mid,7.1,3.25,0.0,0.67,8,3.21,0.49,0.01
1784032923.237,static,fabric,-2.7,3.88,0.0,0.08,3,3.42,-1.63,0.88
1784032923.353,unknown,metal,4.6,1.17,-0.01,2.13,23,1.14,0.23,0.05
1784032923.353,static,unknown,2.2,7.19,0.0,1.38,12,7.05,1.16,0.79
1784032923.353,static,mid,7.1,3.25,0.0,0.67,8,3.21,0.49,0.01
1784032923.353,static,fabric,-2.7,3.88,0.0,0.08,3,3.42,-1.63,0.88
1784032923.472,static,metal,4.6,1.29,-0.01,2.15,23,1.26,0.25,0.04
1784032923.472,static,unknown,2.4,7.18,0.0,1.38,12,7.05,1.15,0.77
1784032923.472,static,mid,7.1,3.25,0.0,0.67,8,3.21,0.49,0.01
1784032923.472,static,fabric,-2.7,3.88,0.0,0.08,3,3.42,-1.63,0.88
1784032923.604,static,metal,4.3,1.39,-0.01,2.17,24,1.36,0.26,0.03
1784032923.604,static,unknown,2.5,7.19,0.0,1.39,12,7.06,1.15,0.77
1784032923.604,static,mid,7.1,3.25,0.0,0.67,8,3.21,0.49,0.01
1784032923.604,static,fabric,-2.7,3.88,0.0,0.08,3,3.42,-1.63,0.88
1784032923.729,static,metal,4.2,1.48,-0.01,2.18,24,1.45,0.28,0.02
1784032923.729,static,unknown,2.5,7.18,0.0,1.4,12,7.05,1.16,0.76
1784032923.729,static,mid,7.1,3.25,0.0,0.67,8,3.21,0.49,0.01
1784032923.729,static,fabric,-2.7,3.88,0.0,0.08,3,3.42,-1.63,0.88
1784032923.845,static,metal,4.1,1.53,-0.02,2.19,24,1.51,0.29,0.0
1784032923.845,static,unknown,2.5,7.16,0.0,1.41,13,7.03,1.16,0.74
1784032923.845,static,mid,7.1,3.25,0.0,0.67,8,3.21,0.49,0.01
1784032923.845,static,fabric,-2.7,3.88,0.0,0.08,3,3.42,-1.63,0.88
1784032923.977,static,metal,4.1,1.58,-0.02,2.21,24,1.55,0.29,-0.0
1784032923.977,static,unknown,2.5,7.11,0.0,1.41,13,6.98,1.15,0.72
1784032923.977,static,mid,7.1,3.25,0.0,0.67,8,3.21,0.49,0.01
1784032923.977,static,fabric,-2.7,3.88,0.0,0.08,3,3.42,-1.63,0.88
1784032924.049,static,metal,4.1,1.59,-0.02,2.23,25,1.56,0.27,-0.0
1784032924.049,static,unknown,2.5,7.06,0.0,1.42,13,6.93,1.13,0.71
1784032924.049,static,mid,7.1,3.25,0.0,0.67,8,3.21,0.49,0.01
1784032924.049,static,fabric,-2.7,3.88,0.0,0.08,3,3.42,-1.63,0.88
1784032924.161,static,metal,3.9,1.61,-0.02,2.24,25,1.59,0.26,0.01
1784032924.161,static,unknown,2.4,7.03,0.0,1.43,13,6.91,1.11,0.72
1784032924.161,static,mid,7.1,3.25,0.0,0.67,8,3.21,0.49,0.01
1784032924.161,static,fabric,-2.7,3.88,0.0,0.08,3,3.42,-1.63,0.88
1784032924.257,static,metal,4.0,1.36,-0.02,2.24,25,1.34,0.21,-0.01
1784032924.257,static,unknown,2.4,7.0,-0.0,1.44,13,6.88,1.1,0.73
1784032924.257,static,metal,7.0,3.26,0.0,0.69,9,3.22,0.48,0.06
1784032924.257,static,fabric,-2.7,3.88,0.0,0.08,3,3.42,-1.63,0.88
1784032924.38,unknown,metal,4.6,1.18,-0.03,2.24,25,1.17,0.19,-0.01
1784032924.38,static,unknown,2.4,7.0,-0.0,1.46,13,6.87,1.1,0.76
1784032924.38,static,metal,7.0,3.26,0.0,0.7,9,3.23,0.47,0.1
1784032924.38,static,fabric,-2.7,3.88,0.0,0.08,3,3.42,-1.63,0.88
1784032924.508,static,metal,5.0,1.36,-0.03,2.26,25,1.34,0.22,0.03
1784032924.508,static,unknown,2.2,7.03,-0.0,1.47,13,6.89,1.11,0.81
1784032924.508,static,metal,7.0,3.26,0.0,0.7,9,3.23,0.47,0.1
1784032924.508,static,fabric,-2.7,3.88,0.0,0.08,3,3.42,-1.63,0.88
1784032924.632,static,metal,4.6,1.49,-0.03,2.27,25,1.47,0.27,0.04
1784032924.632,static,unknown,2.1,7.13,-0.0,1.48,13,6.98,1.12,0.89
1784032924.632,static,metal,7.0,3.26,0.0,0.7,9,3.23,0.47,0.1
1784032924.721,static,metal,4.5,1.57,-0.03,2.29,25,1.54,0.3,0.06
1784032924.721,static,unknown,2.1,7.24,-0.0,1.48,13,7.09,1.13,0.96
1784032924.721,static,metal,7.0,3.26,0.0,0.7,9,3.23,0.47,0.1
1784032924.838,static,metal,4.0,1.67,-0.03,2.31,25,1.64,0.32,0.08
1784032924.838,static,unknown,2.1,7.31,-0.0,1.48,13,7.15,1.14,0.99
1784032924.838,static,metal,7.0,3.26,0.0,0.7,9,3.23,0.47,0.1
1784032924.968,static,metal,4.0,1.38,-0.03,2.31,25,1.35,0.28,0.05
1784032924.968,static,unknown,2.1,7.32,-0.0,1.48,13,7.16,1.14,0.99
1784032924.968,static,metal,7.0,3.25,0.0,0.75,9,3.21,0.48,0.16
1784032925.13,unknown,metal,4.1,1.18,-0.02,2.31,25,1.15,0.26,0.02
1784032925.13,static,unknown,1.9,7.28,-0.0,1.49,13,7.12,1.13,0.96
1784032925.13,static,metal,6.8,3.25,0.0,0.8,9,3.21,0.48,0.2
1784032925.276,unknown,metal,4.0,0.96,-0.02,2.3,25,0.93,0.25,0.02
1784032925.276,static,unknown,1.9,7.17,-0.0,1.5,13,7.02,1.12,0.89
1784032925.276,static,metal,6.8,3.26,0.0,0.8,9,3.23,0.44,0.24
1784032925.395,unknown,metal,3.9,0.84,-0.02,2.29,25,0.79,0.27,0.02
1784032925.395,static,unknown,1.6,7.1,-0.0,1.5,13,6.96,1.12,0.83
1784032925.395,static,metal,6.3,3.27,0.0,0.81,9,3.23,0.42,0.25
1784032925.514,unknown,metal,3.3,0.77,-0.02,2.28,25,0.72,0.29,0.03
1784032925.514,static,unknown,1.6,7.06,-0.0,1.5,13,6.92,1.12,0.8
1784032925.514,static,metal,1.5,3.27,0.0,0.81,9,3.24,0.42,0.23
1784032925.639,unknown,metal,3.0,0.76,-0.02,2.27,25,0.68,0.33,0.05
1784032925.639,static,unknown,1.4,7.08,-0.0,1.51,13,6.94,1.12,0.82
1784032925.639,static,metal,1.4,3.27,0.0,0.81,9,3.23,0.44,0.18
1784032925.639,static,unknown,-1.5,7.94,0.0,0.21,2,7.84,-0.96,0.83
1784032925.639,static,mid,5.6,1.88,0.0,0.12,5,1.85,0.2,-0.24
1784032925.778,unknown,metal,3.0,0.75,-0.02,2.26,25,0.64,0.38,0.07
1784032925.778,static,unknown,1.6,7.14,-0.0,1.51,13,7.0,1.13,0.83
1784032925.778,static,metal,0.5,3.08,0.0,0.81,9,3.05,0.43,0.13
1784032925.778,static,unknown,-1.5,7.94,0.0,0.21,2,7.84,-0.96,0.83
1784032925.778,static,mid,5.6,1.88,0.0,0.12,5,1.85,0.2,-0.24
1784032925.883,unknown,metal,3.3,0.73,-0.02,2.25,25,0.61,0.39,0.07
1784032925.883,static,unknown,1.6,7.16,-0.0,1.51,13,7.02,1.13,0.83
1784032925.883,static,metal,0.5,2.96,0.0,0.82,10,2.93,0.43,0.09
1784032925.883,static,unknown,-1.5,7.94,0.0,0.21,2,7.84,-0.96,0.83
1784032925.883,static,mid,5.6,1.88,0.0,0.12,5,1.85,0.2,-0.24
1784032926.018,unknown,metal,3.3,0.7,-0.02,2.23,24,0.58,0.39,0.08
1784032926.018,static,unknown,1.6,7.18,-0.0,1.51,13,7.05,1.13,0.79
1784032926.018,static,metal,0.5,2.85,0.0,0.82,10,2.82,0.42,0.07
1784032926.018,static,unknown,-1.5,7.94,0.0,0.21,2,7.84,-0.96,0.83
1784032926.018,static,mid,5.6,1.88,0.0,0.12,5,1.85,0.2,-0.24
1784032926.128,unknown,metal,3.3,0.72,-0.02,2.21,24,0.57,0.44,0.08
1784032926.128,static,unknown,1.6,7.19,-0.0,1.52,13,7.06,1.12,0.75
1784032926.128,static,metal,1.4,2.79,0.0,0.83,10,2.75,0.42,0.06
1784032926.128,static,unknown,-1.5,7.94,0.0,0.21,2,7.84,-0.96,0.83
1784032926.128,static,mid,5.6,1.88,0.0,0.12,5,1.85,0.2,-0.24
1784032926.25,unknown,metal,3.3,0.67,-0.02,2.2,24,0.54,0.39,0.06
1784032926.25,static,unknown,1.6,7.17,-0.0,1.52,13,7.04,1.12,0.73
1784032926.25,static,metal,1.5,2.67,0.0,0.85,10,2.64,0.38,0.06
1784032926.25,static,unknown,-1.5,7.94,0.0,0.25,2,7.85,-0.88,0.81
1784032926.25,static,mid,5.6,1.88,0.0,0.12,5,1.85,0.2,-0.24
1784032926.362,unknown,metal,3.3,0.67,-0.02,2.2,24,0.54,0.39,0.06
1784032926.362,static,unknown,1.9,7.18,-0.0,1.52,13,7.05,1.13,0.73
1784032926.362,static,metal,1.5,2.67,0.0,0.85,10,2.64,0.38,0.06
1784032926.362,static,unknown,-1.7,7.94,0.0,0.31,2,7.85,-0.83,0.84
1784032926.362,static,mid,4.8,1.78,-0.02,0.73,10,1.76,0.25,-0.15
1784032926.486,unknown,metal,3.3,0.67,-0.02,2.2,24,0.54,0.39,0.06
1784032926.486,static,unknown,1.6,7.2,-0.0,1.53,13,7.07,1.14,0.74
1784032926.486,static,metal,1.5,2.67,0.0,0.85,10,2.64,0.38,0.06
1784032926.486,static,unknown,-1.7,7.94,0.0,0.35,2,7.85,-0.8,0.87
1784032926.486,static,metal,4.5,1.7,-0.02,1.18,14,1.67,0.28,-0.09
1784032926.622,unknown,metal,3.3,0.67,-0.02,2.2,24,0.54,0.39,0.06
1784032926.622,static,unknown,1.9,7.24,-0.0,1.53,13,7.11,1.15,0.77
1784032926.622,static,metal,1.5,2.67,0.0,0.85,10,2.64,0.38,0.06
1784032926.622,static,unknown,-1.7,7.94,0.0,0.39,3,7.85,-0.78,0.89
1784032926.622,static,metal,4.2,1.63,-0.04,1.56,19,1.6,0.29,-0.05
1784032926.754,unknown,metal,3.3,0.67,-0.02,2.2,24,0.54,0.39,0.06
1784032926.754,static,unknown,2.1,7.31,-0.0,1.52,13,7.18,1.15,0.81
1784032926.754,static,metal,1.5,2.67,0.0,0.85,10,2.64,0.38,0.06
1784032926.754,static,unknown,-1.7,7.94,0.0,0.37,3,7.84,-0.77,0.96
1784032926.754,static,metal,4.1,1.64,-0.04,1.84,21,1.6,0.31,-0.03
1784032926.903,unknown,metal,3.3,0.67,-0.02,2.2,24,0.54,0.39,0.06
1784032926.903,static,unknown,2.1,7.4,-0.0,1.52,13,7.26,1.14,0.83
1784032926.903,static,metal,1.5,2.67,0.0,0.85,10,2.64,0.38,0.06
1784032926.903,static,unknown,-1.7,7.94,0.0,0.37,3,7.84,-0.77,0.96
1784032926.903,static,metal,4.1,1.63,-0.04,2.07,23,1.6,0.31,-0.02
1784032927.049,unknown,metal,3.3,0.67,-0.02,2.2,24,0.54,0.39,0.06
1784032927.049,static,unknown,2.2,7.49,-0.0,1.51,13,7.36,1.12,0.84
1784032927.049,static,metal,1.5,2.67,0.0,0.85,10,2.64,0.38,0.06
1784032927.049,static,unknown,-1.7,7.94,0.0,0.37,3,7.84,-0.77,0.96
1784032927.049,static,metal,4.1,1.61,-0.04,2.24,25,1.58,0.32,-0.03
1784032927.194,unknown,metal,3.3,0.67,-0.02,2.2,24,0.54,0.39,0.06
1784032927.194,static,unknown,2.2,7.55,-0.0,1.5,13,7.42,1.11,0.82
1784032927.194,static,metal,1.5,2.67,0.0,0.85,10,2.64,0.38,0.06
1784032927.194,static,unknown,-1.7,7.94,0.0,0.37,3,7.84,-0.77,0.96
1784032927.194,static,metal,3.8,1.58,-0.04,2.33,27,1.55,0.31,-0.05
1784032927.337,unknown,metal,3.3,0.67,-0.02,2.2,24,0.54,0.39,0.06
1784032927.337,static,unknown,2.2,7.59,-0.0,1.48,13,7.47,1.1,0.84
1784032927.337,static,metal,1.5,2.67,0.0,0.85,10,2.64,0.38,0.06
1784032927.337,static,unknown,-1.7,7.94,0.0,0.37,3,7.84,-0.77,0.96
1784032927.337,static,metal,3.7,1.52,-0.04,2.4,28,1.49,0.3,-0.06
1784032927.483,unknown,metal,3.3,0.67,-0.02,2.2,24,0.54,0.39,0.06
1784032927.483,static,unknown,2.2,7.59,-0.0,1.48,13,7.47,1.1,0.84
1784032927.483,static,metal,1.5,2.67,0.0,0.85,10,2.64,0.38,0.06
1784032927.483,static,unknown,-1.7,7.94,0.0,0.37,3,7.84,-0.77,0.96
1784032927.483,static,metal,3.3,1.47,-0.04,2.45,29,1.44,0.3,-0.05
1784032927.588,unknown,metal,3.3,0.67,-0.02,2.2,24,0.54,0.39,0.06
1784032927.588,static,unknown,2.2,7.59,-0.0,1.48,13,7.47,1.1,0.84
1784032927.588,static,metal,1.5,2.67,0.0,0.85,10,2.64,0.38,0.06
1784032927.588,static,unknown,-1.7,7.94,0.0,0.37,3,7.84,-0.77,0.96
1784032927.588,static,metal,3.2,1.44,-0.04,2.5,30,1.41,0.28,-0.04
1784032927.729,unknown,metal,3.3,0.67,-0.02,2.2,24,0.54,0.39,0.06
1784032927.729,static,unknown,2.2,7.59,-0.0,1.48,13,7.47,1.1,0.84
1784032927.729,static,metal,1.5,2.67,0.0,0.85,10,2.64,0.38,0.06
1784032927.729,static,unknown,-1.7,7.94,0.0,0.37,3,7.84,-0.77,0.96
1784032927.729,static,metal,3.7,1.43,-0.04,2.53,29,1.4,0.27,-0.02
1784032927.855,static,unknown,2.2,7.59,-0.0,1.48,13,7.47,1.1,0.84
1784032927.855,static,unknown,-1.7,7.94,0.0,0.37,3,7.84,-0.77,0.96
1784032927.855,static,metal,3.2,1.47,-0.04,2.57,29,1.45,0.24,-0.02
1784032927.985,static,unknown,2.2,7.59,-0.0,1.48,13,7.47,1.1,0.84
1784032927.985,static,unknown,-1.7,7.94,0.0,0.37,3,7.84,-0.77,0.96
1784032927.985,static,metal,3.3,1.51,-0.04,2.6,29,1.5,0.21,-0.03
1784032928.116,static,unknown,2.2,7.59,-0.0,1.48,13,7.47,1.1,0.84
1784032928.116,static,unknown,-1.7,7.94,0.0,0.37,3,7.84,-0.77,0.96
1784032928.116,static,metal,3.2,1.55,-0.04,2.64,29,1.53,0.19,-0.04
1784032928.229,static,unknown,2.2,7.59,-0.0,1.48,13,7.47,1.1,0.84
1784032928.229,static,unknown,-1.7,7.94,0.0,0.37,3,7.84,-0.77,0.96
1784032928.229,static,metal,2.5,1.54,-0.03,2.68,29,1.53,0.18,-0.04
1784032928.341,static,unknown,2.2,7.59,-0.0,1.48,13,7.47,1.1,0.84
1784032928.341,static,unknown,-1.8,7.94,0.0,0.36,2,7.84,-0.8,0.98
1784032928.341,static,metal,1.8,1.5,-0.03,2.72,29,1.49,0.17,-0.02
1784032928.477,static,unknown,2.2,7.59,-0.0,1.48,13,7.47,1.1,0.84
1784032928.477,static,unknown,-1.8,7.94,0.0,0.35,2,7.84,-0.83,0.99
1784032928.477,static,metal,1.2,1.46,-0.03,2.75,30,1.45,0.16,-0.01
1784032928.477,static,fabric,-1.8,3.85,0.0,0.55,4,3.31,-1.54,1.22
1784032928.612,static,unknown,2.2,7.59,-0.0,1.48,13,7.47,1.1,0.84
1784032928.612,static,unknown,-1.8,7.94,0.0,0.34,2,7.83,-0.84,1.0
1784032928.612,static,metal,1.2,1.45,-0.02,2.79,31,1.44,0.15,-0.01
1784032928.612,static,fabric,-2.1,3.86,0.0,0.5,4,3.33,-1.54,1.22
1784032928.612,static,unknown,-0.7,6.82,0.0,2.03,9,6.67,0.87,1.15
1784032928.752,static,unknown,2.2,7.59,-0.0,1.48,13,7.47,1.1,0.84
1784032928.752,static,unknown,-1.8,7.94,0.0,0.34,2,7.83,-0.84,1.0
1784032928.752,static,metal,1.2,1.43,-0.02,2.81,31,1.43,0.15,-0.02
1784032928.752,static,fabric,-2.1,3.87,0.0,0.45,4,3.33,-1.54,1.22
1784032928.752,static,unknown,-0.7,6.9,0.0,1.92,10,6.75,0.9,1.12
1784032928.892,static,unknown,-1.8,7.94,0.0,0.34,2,7.83,-0.84,1.0
1784032928.892,static,metal,1.2,1.42,-0.01,2.84,32,1.42,0.14,-0.03
1784032928.892,static,fabric,-2.1,3.87,0.0,0.42,4,3.33,-1.55,1.23
1784032928.892,static,unknown,-0.7,6.97,0.0,1.88,10,6.82,0.9,1.12
1784032928.892,static,unknown,3.9,4.87,0.22,0.7,3,2.92,-3.85,0.52
1784032928.996,static,unknown,-1.8,7.94,0.0,0.34,2,7.83,-0.84,1.0
1784032928.996,static,metal,1.8,1.4,-0.0,2.86,32,1.4,0.12,-0.03
1784032928.996,static,fabric,-2.1,3.88,0.0,0.38,4,3.32,-1.55,1.26
1784032928.996,static,unknown,-0.7,7.02,0.0,1.86,10,6.87,0.9,1.12
1784032928.996,static,unknown,3.9,4.87,0.22,0.67,3,2.93,-3.84,0.6
1784032929.118,static,unknown,-1.8,7.94,0.0,0.34,2,7.83,-0.84,1.0
1784032929.118,static,metal,3.6,1.35,0.0,2.88,32,1.35,0.11,-0.03
1784032929.118,static,fabric,-2.1,3.88,0.0,0.35,3,3.32,-1.54,1.28
1784032929.118,static,unknown,-0.7,7.01,0.0,1.84,10,6.86,0.88,1.11
1784032929.118,static,unknown,3.9,4.87,0.22,0.67,3,2.93,-3.84,0.6
1784032929.242,static,unknown,-1.8,7.94,0.0,0.34,2,7.83,-0.84,1.0
1784032929.242,unknown,metal,3.8,1.13,0.01,2.84,33,1.12,0.07,-0.02
1784032929.242,static,fabric,-2.1,3.8,0.0,0.38,3,3.28,-1.41,1.3
1784032929.242,static,unknown,1.1,7.24,0.0,1.73,10,7.09,0.91,1.15
1784032929.242,static,unknown,3.9,4.87,0.22,0.67,3,2.93,-3.84,0.6
1784032929.337,static,unknown,-1.8,7.94,0.0,0.33,2,7.85,-0.76,0.93
1784032929.337,unknown,metal,4.4,0.99,0.02,2.81,33,0.99,0.04,-0.02
1784032929.337,static,fabric,-2.1,3.8,0.0,0.38,3,3.28,-1.41,1.3
1784032929.337,static,unknown,1.1,7.39,0.0,1.64,9,7.24,0.91,1.16
1784032929.337,static,unknown,3.9,4.87,0.22,0.67,3,2.93,-3.84,0.6
1784032929.458,static,unknown,-1.8,7.94,0.0,0.33,2,7.85,-0.73,0.91
1784032929.458,vehicle,metal,4.5,0.92,0.02,2.79,32,0.92,0.04,-0.02
1784032929.458,static,fabric,-2.1,3.8,0.0,0.38,3,3.28,-1.41,1.3
1784032929.458,unknown,unknown,1.1,7.48,0.0,1.55,9,7.34,0.91,1.11
1784032929.458,static,unknown,3.9,4.87,0.22,0.67,3,2.93,-3.84,0.6
1784032929.585,static,unknown,-2.0,7.94,0.0,0.33,2,7.85,-0.7,0.89
1784032929.585,vehicle,metal,4.7,0.88,0.02,2.77,32,0.88,0.04,-0.02
1784032929.585,static,fabric,-2.1,3.8,0.0,0.38,3,3.28,-1.41,1.3
1784032929.585,unknown,unknown,1.9,7.55,0.0,1.47,8,7.41,0.9,1.11
1784032929.585,static,unknown,3.9,4.87,0.22,0.67,3,2.93,-3.84,0.6
1784032929.585,static,mid,-0.0,3.2,0.0,2.25,13,3.17,0.32,0.22
1784032929.585,static,unknown,-1.7,6.36,0.01,1.08,5,6.22,0.59,1.15
1784032929.59,static,unknown,-2.0,7.94,0.0,0.33,2,7.86,-0.69,0.88
1784032929.59,vehicle,metal,5.0,0.86,0.02,2.75,32,0.86,0.03,-0.02
1784032929.59,static,fabric,-2.1,3.8,0.0,0.38,3,3.28,-1.41,1.3
1784032929.59,unknown,unknown,1.9,7.59,0.0,1.4,8,7.45,0.89,1.12
1784032929.59,static,unknown,3.9,4.87,0.22,0.67,3,2.93,-3.84,0.6
1784032929.59,static,mid,-0.0,3.2,0.0,2.28,13,3.17,0.31,0.25
1784032929.59,static,unknown,-1.7,6.33,0.01,1.13,5,6.21,0.61,1.1
1784032929.681,static,unknown,-2.0,7.94,0.0,0.35,3,7.85,-0.66,0.92
1784032929.681,vehicle,metal,5.3,0.84,0.02,2.74,32,0.84,0.03,-0.02
1784032929.681,static,fabric,-2.1,3.8,0.0,0.38,3,3.28,-1.41,1.3
1784032929.681,unknown,unknown,1.9,7.61,0.0,1.31,7,7.48,0.92,1.05
1784032929.681,static,unknown,3.9,4.87,0.22,0.67,3,2.93,-3.84,0.6
1784032929.681,static,mid,-0.0,3.2,0.0,2.3,13,3.18,0.27,0.28
1784032929.681,static,unknown,-1.7,6.31,0.02,1.17,5,6.19,0.62,1.06
1784032929.796,static,unknown,-2.0,7.94,0.0,0.37,3,7.85,-0.66,0.96
1784032929.796,vehicle,metal,5.4,0.83,0.02,2.72,31,0.83,0.02,-0.01
1784032929.796,static,fabric,-2.1,3.8,0.0,0.38,3,3.28,-1.41,1.3
1784032929.796,unknown,unknown,1.9,7.61,0.0,1.31,7,7.48,0.92,1.05
1784032929.796,static,unknown,3.9,4.87,0.22,0.67,3,2.93,-3.84,0.6
1784032929.796,static,mid,-0.0,3.22,0.0,2.3,13,3.2,0.22,0.31
1784032929.796,static,unknown,-1.7,6.3,0.02,1.16,5,6.19,0.64,0.99
1784032929.894,static,unknown,-1.8,7.93,0.0,0.38,3,7.84,-0.65,1.04
1784032929.894,vehicle,metal,5.5,0.83,0.02,2.72,31,0.83,0.03,0.01
1784032929.894,static,fabric,-2.1,3.8,0.0,0.38,3,3.28,-1.41,1.3
1784032929.894,unknown,unknown,1.9,7.61,0.0,1.31,7,7.48,0.92,1.05
1784032929.894,static,unknown,3.9,4.87,0.22,0.67,3,2.93,-3.84,0.6
1784032929.894,static,mid,-0.0,3.24,0.0,2.17,12,3.22,0.2,0.31
1784032929.894,static,unknown,-1.7,6.28,0.02,1.11,5,6.18,0.67,0.89
1784032930.003,static,unknown,-1.8,7.93,0.0,0.38,3,7.84,-0.65,1.04
1784032930.003,vehicle,metal,5.5,0.83,0.02,2.72,31,0.83,-0.01,0.05
1784032930.003,static,fabric,-2.1,3.8,0.0,0.38,3,3.28,-1.41,1.3
1784032930.003,unknown,unknown,1.9,7.61,0.0,1.31,7,7.48,0.92,1.05
1784032930.003,static,unknown,3.9,4.87,0.22,0.67,3,2.93,-3.84,0.6
1784032930.003,static,mid,-0.0,3.25,0.0,2.06,11,3.24,0.16,0.27
1784032930.003,static,unknown,-1.7,6.25,0.02,1.06,5,6.15,0.72,0.84
1784032930.135,static,unknown,-1.8,7.93,0.0,0.38,3,7.84,-0.65,1.04
1784032930.135,vehicle,metal,5.5,0.83,0.02,2.71,30,0.83,-0.05,0.06
1784032930.135,static,fabric,-2.1,3.8,0.0,0.38,3,3.28,-1.41,1.3
1784032930.135,unknown,unknown,1.9,7.61,0.0,1.31,7,7.48,0.92,1.05
1784032930.135,static,unknown,3.9,4.87,0.22,0.67,3,2.93,-3.84,0.6
1784032930.135,static,mid,-0.0,3.25,0.0,2.06,11,3.24,0.16,0.27
1784032930.135,static,unknown,-1.7,6.25,0.02,1.06,5,6.15,0.72,0.84
1784032930.229,static,unknown,-1.8,7.93,0.0,0.38,3,7.84,-0.65,1.04
1784032930.229,vehicle,metal,5.5,0.87,0.02,2.7,30,0.87,-0.03,0.03
1784032930.229,static,fabric,-2.1,3.8,0.0,0.38,3,3.28,-1.41,1.3
1784032930.229,unknown,unknown,1.9,7.61,0.0,1.31,7,7.48,0.92,1.05
1784032930.229,static,unknown,3.9,4.87,0.22,0.67,3,2.93,-3.84,0.6
1784032930.229,static,mid,-0.0,3.25,0.0,2.06,11,3.24,0.16,0.27
1784032930.229,static,unknown,-1.7,6.25,0.02,1.06,5,6.15,0.72,0.84
1784032930.229,static,fabric,0.2,3.38,0.0,0.49,2,2.54,-2.07,0.83
1784032930.345,static,unknown,-1.8,7.93,0.0,0.38,3,7.84,-0.65,1.04
1784032930.345,vehicle,metal,5.4,0.9,0.02,2.69,29,0.9,-0.08,-0.02
1784032930.345,static,fabric,-2.1,3.8,0.0,0.38,3,3.28,-1.41,1.3
1784032930.345,unknown,unknown,1.9,7.61,0.0,1.31,7,7.48,0.92,1.05
1784032930.345,static,unknown,3.9,4.87,0.22,0.67,3,2.93,-3.84,0.6
1784032930.345,static,mid,-0.0,3.25,0.0,2.06,11,3.24,0.16,0.27
1784032930.345,static,unknown,-1.7,6.25,0.02,1.06,5,6.15,0.72,0.84
1784032930.345,static,fabric,0.2,3.38,0.0,0.49,2,2.54,-2.07,0.83
1784032930.449,static,unknown,-1.8,7.93,0.0,0.38,3,7.84,-0.65,1.04
1784032930.449,vehicle,metal,5.3,0.93,0.02,2.68,29,0.93,-0.08,-0.07
1784032930.449,static,fabric,-2.1,3.8,0.0,0.38,3,3.28,-1.41,1.3
1784032930.449,unknown,unknown,1.9,7.61,0.0,1.31,7,7.48,0.92,1.05
1784032930.449,static,unknown,3.9,4.87,0.22,0.67,3,2.93,-3.84,0.6
1784032930.449,static,mid,-0.0,3.25,0.0,2.06,11,3.24,0.16,0.27
1784032930.449,static,unknown,-1.7,6.25,0.02,1.06,5,6.15,0.72,0.84
1784032930.449,static,fabric,0.2,3.38,0.0,0.49,2,2.54,-2.07,0.83
1784032930.449,static,unknown,1.7,4.81,0.0,1.2,3,2.7,3.96,0.4
1784032930.574,static,unknown,-1.8,7.93,0.0,0.38,3,7.84,-0.65,1.04
1784032930.574,vehicle,metal,5.3,0.94,0.02,2.65,28,0.93,0.03,-0.12
1784032930.574,static,fabric,-2.1,3.8,0.0,0.38,3,3.28,-1.41,1.3
1784032930.574,unknown,unknown,1.9,7.61,0.0,1.31,7,7.48,0.92,1.05
1784032930.574,static,mid,-0.0,3.25,0.0,2.06,11,3.24,0.16,0.27
1784032930.574,static,unknown,-1.7,6.25,0.02,1.06,5,6.15,0.72,0.84
1784032930.574,static,fabric,0.2,3.38,0.0,0.49,2,2.54,-2.07,0.83
1784032930.574,static,unknown,1.7,4.91,0.0,1.13,3,2.71,4.07,0.45
1784032930.703,static,unknown,-1.8,7.93,0.0,0.38,3,7.84,-0.65,1.04
1784032930.703,vehicle,metal,5.0,1.0,0.02,2.63,28,0.98,0.08,-0.15
1784032930.703,static,fabric,-2.1,3.8,0.0,0.38,3,3.28,-1.41,1.3
1784032930.703,unknown,unknown,1.9,7.61,0.0,1.31,7,7.48,0.92,1.05
1784032930.703,static,mid,-0.0,3.25,0.0,2.06,11,3.24,0.16,0.27
1784032930.703,static,unknown,-1.7,6.25,0.02,1.06,5,6.15,0.72,0.84
1784032930.703,static,fabric,0.2,3.38,0.0,0.49,2,2.54,-2.07,0.83
1784032930.703,static,unknown,1.7,5.04,0.0,1.0,3,2.74,4.2,0.45
1784032930.828,static,unknown,-1.8,7.93,0.0,0.38,3,7.84,-0.65,1.04
1784032930.828,vehicle,metal,5.0,1.0,0.02,2.63,28,0.98,0.08,-0.15
1784032930.828,unknown,unknown,1.9,7.61,0.0,1.31,7,7.48,0.92,1.05
1784032930.828,static,mid,-0.0,3.25,0.0,2.06,11,3.24,0.16,0.27
1784032930.828,static,unknown,-1.7,6.25,0.02,1.06,5,6.15,0.72,0.84
1784032930.828,static,fabric,0.2,3.38,0.0,0.49,2,2.54,-2.07,0.83
1784032930.828,static,unknown,1.7,5.04,0.0,1.0,3,2.74,4.2,0.45
1784032930.923,static,unknown,-1.8,7.93,0.0,0.38,3,7.84,-0.65,1.04
1784032930.923,vehicle,metal,5.0,1.21,0.02,2.58,27,1.21,0.02,-0.08
1784032930.923,unknown,unknown,1.9,7.61,0.0,1.31,7,7.48,0.92,1.05
1784032930.923,static,mid,-0.0,3.25,0.0,2.06,11,3.24,0.16,0.27
1784032930.923,static,unknown,-1.7,6.25,0.02,1.06,5,6.15,0.72,0.84
1784032930.923,static,fabric,0.2,3.38,0.0,0.49,2,2.54,-2.07,0.83
1784032930.923,static,unknown,1.7,5.04,0.0,1.0,3,2.74,4.2,0.45
1784032931.059,static,unknown,-1.8,7.93,0.0,0.38,3,7.84,-0.65,1.04
1784032931.059,vehicle,metal,5.0,1.32,0.02,2.52,26,1.32,-0.02,0.12
1784032931.059,unknown,unknown,1.9,7.61,0.0,1.31,7,7.48,0.92,1.05
1784032931.059,static,mid,-0.0,3.25,0.0,2.06,11,3.24,0.16,0.27
1784032931.059,static,unknown,-1.7,6.25,0.02,1.06,5,6.15,0.72,0.84
1784032931.059,static,fabric,0.2,3.38,0.0,0.49,2,2.54,-2.07,0.83
1784032931.059,static,unknown,1.7,5.04,0.0,1.0,3,2.74,4.2,0.45
1784032931.197,static,unknown,-1.8,7.93,0.0,0.38,3,7.84,-0.65,1.04
1784032931.197,vehicle,metal,5.0,1.41,0.02,2.47,26,1.4,-0.05,0.22
1784032931.197,static,mid,-0.0,3.25,0.0,2.06,11,3.24,0.16,0.27
1784032931.197,static,unknown,-1.7,6.25,0.02,1.06,5,6.15,0.72,0.84
1784032931.197,static,fabric,0.2,3.38,0.0,0.49,2,2.54,-2.07,0.83
1784032931.197,static,unknown,1.7,5.04,0.0,1.0,3,2.74,4.2,0.45
1784032931.332,static,unknown,-1.8,7.93,0.0,0.38,3,7.84,-0.65,1.04
1784032931.332,vehicle,metal,4.7,1.45,0.02,2.44,25,1.42,-0.2,0.21
1784032931.332,static,mid,-0.0,3.25,0.0,2.06,11,3.24,0.16,0.27
1784032931.332,static,unknown,-1.7,6.25,0.02,1.06,5,6.15,0.72,0.84
1784032931.332,static,fabric,0.2,3.38,0.0,0.49,2,2.54,-2.07,0.83
1784032931.332,static,unknown,1.7,5.04,0.0,1.0,3,2.74,4.2,0.45
1784032931.427,vehicle,metal,4.6,1.43,0.02,2.43,25,1.4,-0.23,0.19
1784032931.427,static,mid,-0.0,3.25,0.0,2.06,11,3.24,0.16,0.27
1784032931.427,static,unknown,-1.7,6.25,0.02,1.06,5,6.15,0.72,0.84
1784032931.427,static,fabric,0.2,3.38,0.0,0.49,2,2.54,-2.07,0.83
1784032931.427,static,unknown,1.7,5.04,0.0,1.0,3,2.74,4.2,0.45
1784032931.557,vehicle,metal,3.9,1.27,0.02,2.44,25,1.26,-0.1,0.15
1784032931.557,static,fabric,0.2,3.38,0.0,0.49,2,2.54,-2.07,0.83
1784032931.557,static,unknown,1.7,5.04,0.0,1.0,3,2.74,4.2,0.45
1784032931.686,vehicle,metal,2.8,1.15,0.02,2.45,25,1.15,0.02,0.13
1784032931.686,static,fabric,0.2,3.38,0.0,0.49,2,2.54,-2.07,0.83
1784032931.686,static,unknown,1.7,5.04,0.0,1.0,3,2.74,4.2,0.45
1784032931.817,vehicle,metal,0.8,1.09,0.02,2.46,25,1.07,0.13,0.13
1784032931.817,static,unknown,1.7,5.04,0.0,1.0,3,2.74,4.2,0.45
1784032931.922,vehicle,metal,-0.2,1.04,0.02,2.47,25,1.01,0.19,0.11
1784032931.922,static,unknown,1.7,5.04,0.0,1.0,3,2.74,4.2,0.45
1784032932.039,vehicle,metal,-0.4,1.02,0.02,2.48,25,0.99,0.19,0.13
1784032932.039,static,unknown,1.7,5.04,0.0,1.0,3,2.74,4.2,0.45
1784032932.039,static,unknown,1.3,8.12,0.04,0.94,2,6.4,-4.7,1.7
1784032932.158,vehicle,metal,-0.5,1.02,0.02,2.49,25,1.0,0.09,0.14
1784032932.158,static,unknown,1.7,5.04,0.0,1.0,3,2.74,4.2,0.45
1784032932.158,static,unknown,1.3,8.12,0.04,0.94,2,6.4,-4.7,1.7
1784032932.278,vehicle,metal,-0.8,1.02,0.02,2.5,25,1.01,-0.02,0.11
1784032932.278,static,unknown,1.3,8.12,0.04,0.94,2,6.4,-4.7,1.7
1784032932.278,static,unknown,0.2,4.32,0.03,1.24,3,3.03,2.99,0.74
1784032932.37,vehicle,mid,-0.8,1.02,0.02,2.51,25,1.01,-0.09,0.08
1784032932.37,static,unknown,1.3,8.12,0.04,0.94,2,6.4,-4.7,1.7
1784032932.37,static,unknown,0.2,4.3,0.04,1.15,3,3.02,2.98,0.72
1784032932.497,vehicle,mid,-0.8,1.02,0.02,2.53,25,1.01,-0.15,0.07
1784032932.497,static,unknown,1.3,8.12,0.04,0.94,2,6.4,-4.7,1.7
1784032932.497,static,unknown,0.2,4.3,0.04,1.15,3,3.02,2.98,0.72
1784032932.578,vehicle,mid,-0.8,1.02,0.02,2.54,25,1.01,-0.14,0.04
1784032932.578,static,unknown,1.3,8.12,0.04,0.94,2,6.4,-4.7,1.7
1784032932.578,static,unknown,0.2,4.3,0.04,1.15,3,3.02,2.98,0.72
1784032932.664,vehicle,mid,-0.5,1.02,0.02,2.55,25,1.01,-0.12,0.03
1784032932.664,static,unknown,1.3,8.12,0.04,0.94,2,6.4,-4.7,1.7
1784032932.664,static,unknown,0.2,4.3,0.04,1.15,3,3.02,2.98,0.72
1784032932.774,vehicle,mid,-0.5,0.98,0.02,2.56,25,0.98,-0.06,0.03
1784032932.774,static,unknown,1.3,8.12,0.04,0.94,2,6.4,-4.7,1.7
1784032932.774,static,unknown,0.2,4.28,0.04,1.02,3,2.82,3.13,0.77
1784032932.9,vehicle,mid,-0.5,0.94,0.03,2.57,25,0.94,-0.02,0.04
1784032932.9,static,unknown,1.3,8.12,0.04,0.94,2,6.4,-4.7,1.7
1784032932.9,static,unknown,0.2,4.27,0.04,0.93,3,2.68,3.23,0.8
1784032933.035,vehicle,metal,-0.5,0.92,0.03,2.58,25,0.92,-0.07,0.03
1784032933.035,static,unknown,1.3,8.12,0.04,0.94,2,6.4,-4.7,1.7
1784032933.035,static,unknown,0.2,4.27,0.04,0.93,3,2.68,3.23,0.8
1784032933.158,vehicle,metal,-0.2,0.9,0.03,2.59,25,0.9,-0.1,0.04
1784032933.158,static,unknown,1.3,8.12,0.04,0.94,2,6.4,-4.7,1.7
1784032933.158,static,unknown,0.2,4.27,0.04,0.93,3,2.68,3.23,0.8
1784032933.248,vehicle,metal,-0.0,0.89,0.03,2.6,25,0.88,-0.11,0.04
1784032933.248,static,unknown,1.3,8.12,0.04,0.94,2,6.4,-4.7,1.7
1784032933.248,static,unknown,0.2,4.27,0.04,0.93,3,2.68,3.23,0.8
1784032933.36,vehicle,metal,0.1,0.85,0.03,2.61,25,0.83,-0.15,0.04
1784032933.36,static,unknown,1.3,8.12,0.04,0.94,2,6.4,-4.7,1.7
1784032933.36,static,unknown,0.2,4.27,0.04,0.93,3,2.68,3.23,0.8
1784032933.455,vehicle,metal,0.3,0.81,0.03,2.6,25,0.8,-0.15,0.05
1784032933.455,static,unknown,1.3,8.12,0.04,0.94,2,6.4,-4.7,1.7
1784032933.455,static,unknown,0.2,4.27,0.04,0.93,3,2.68,3.23,0.8
1784032933.455,static,unknown,0.5,8.75,0.0,1.16,2,6.19,6.17,0.47
1784032933.544,vehicle,metal,0.5,0.79,0.03,2.6,25,0.77,-0.13,0.05
1784032933.544,static,unknown,0.2,4.27,0.04,0.93,3,2.68,3.23,0.8
1784032933.544,static,unknown,0.5,8.75,0.0,1.16,2,6.19,6.17,0.47
1784032933.548,vehicle,metal,0.8,0.77,0.03,2.6,25,0.76,-0.12,0.06
1784032933.548,static,unknown,0.2,4.27,0.04,0.93,3,2.68,3.23,0.8
1784032933.548,static,unknown,0.5,8.75,0.0,1.16,2,6.19,6.17,0.47
1784032933.674,person,metal,1.1,0.74,0.03,2.59,25,0.73,-0.11,0.04
1784032933.674,static,unknown,0.2,4.27,0.04,0.93,3,2.68,3.23,0.8
1784032933.674,static,unknown,0.5,8.75,0.0,1.16,2,6.19,6.17,0.47
1784032933.678,person,metal,1.4,0.73,0.03,2.58,25,0.72,-0.1,0.03
1784032933.678,static,unknown,0.2,4.27,0.04,0.93,3,2.68,3.23,0.8
1784032933.678,static,unknown,0.5,8.75,0.0,1.16,2,6.19,6.17,0.47
1784032933.802,person,metal,2.6,0.73,0.03,2.58,25,0.72,-0.1,0.03
1784032933.802,static,unknown,0.2,4.27,0.04,0.93,3,2.68,3.23,0.8
1784032933.802,static,unknown,0.5,8.75,0.0,1.16,2,6.19,6.17,0.47
1784032933.806,person,metal,2.6,0.73,0.03,2.57,25,0.72,-0.1,0.02
1784032933.806,static,unknown,0.2,4.27,0.04,0.93,3,2.68,3.23,0.8
1784032933.806,static,unknown,0.5,8.75,0.0,1.16,2,6.19,6.17,0.47
1784032933.927,person,metal,3.0,0.75,0.03,2.56,25,0.75,-0.1,0.01
1784032933.927,static,unknown,0.2,4.27,0.04,0.93,3,2.68,3.23,0.8
1784032933.927,static,unknown,0.5,8.75,0.0,1.16,2,6.19,6.17,0.47
1784032933.93,person,metal,3.2,0.76,0.03,2.55,25,0.76,-0.1,0.0
1784032933.93,static,unknown,0.2,4.27,0.04,0.93,3,2.68,3.23,0.8
1784032933.93,static,unknown,0.5,8.75,0.0,1.16,2,6.19,6.17,0.47
1784032934.039,person,metal,3.2,0.77,0.03,2.53,25,0.77,-0.1,-0.0
1784032934.039,static,unknown,0.2,4.27,0.04,0.93,3,2.68,3.23,0.8
1784032934.039,static,unknown,0.5,8.75,0.0,1.16,2,6.19,6.17,0.47
1784032934.043,person,metal,3.2,0.78,0.03,2.51,24,0.78,-0.11,-0.0
1784032934.043,static,unknown,0.2,4.27,0.04,0.93,3,2.68,3.23,0.8
1784032934.043,static,unknown,0.5,8.75,0.0,1.16,2,6.19,6.17,0.47
1784032934.139,person,metal,3.2,0.8,0.03,2.5,24,0.79,-0.11,-0.01
1784032934.139,static,unknown,0.2,4.27,0.04,0.93,3,2.68,3.23,0.8
1784032934.139,static,unknown,0.5,8.75,0.0,1.16,2,6.19,6.17,0.47
1784032934.145,person,metal,3.2,0.8,0.03,2.48,24,0.8,-0.11,-0.01
1784032934.145,static,unknown,0.2,4.27,0.04,0.93,3,2.68,3.23,0.8
1784032934.145,static,unknown,0.5,8.75,0.0,1.16,2,6.19,6.17,0.47
1784032934.145,pedestrian,unknown,2.6,5.66,0.37,0.46,2,4.51,3.36,0.63
1784032934.268,person,metal,3.8,0.79,0.04,2.48,24,0.78,-0.13,-0.01
1784032934.268,static,unknown,0.2,4.27,0.04,0.93,3,2.68,3.23,0.8
1784032934.268,static,unknown,0.5,8.75,0.0,1.16,2,6.19,6.17,0.47
1784032934.268,pedestrian,unknown,2.6,5.66,0.37,0.46,3,4.51,3.36,0.64
1784032934.283,person,metal,3.2,0.79,0.04,2.47,24,0.77,-0.15,-0.01
1784032934.283,static,unknown,0.2,4.27,0.04,0.93,3,2.68,3.23,0.8
1784032934.283,static,unknown,0.5,8.75,0.0,1.16,2,6.19,6.17,0.47
1784032934.283,pedestrian,unknown,2.6,5.66,0.37,0.47,3,4.51,3.37,0.65
1784032934.393,person,metal,3.2,0.77,0.04,2.47,24,0.76,-0.17,-0.0
1784032934.393,static,unknown,0.2,4.27,0.04,0.93,3,2.68,3.23,0.8
1784032934.393,static,unknown,0.5,8.75,0.0,1.16,2,6.19,6.17,0.47
1784032934.393,pedestrian,unknown,2.6,5.67,0.36,0.44,3,4.54,3.34,0.67
1784032934.398,person,metal,3.2,0.77,0.04,2.46,24,0.74,-0.18,0.0
1784032934.398,static,unknown,0.2,4.27,0.04,0.93,3,2.68,3.23,0.8
1784032934.398,static,unknown,0.5,8.75,0.0,1.16,2,6.19,6.17,0.47
1784032934.398,pedestrian,unknown,2.6,5.68,0.35,0.42,2,4.56,3.32,0.68
1784032934.543,person,metal,3.0,0.77,0.04,2.46,24,0.74,-0.23,0.0
1784032934.543,static,unknown,0.5,8.75,0.0,1.16,2,6.19,6.17,0.47
1784032934.543,pedestrian,unknown,2.6,5.68,0.35,0.42,2,4.56,3.32,0.68
1784032934.551,person,metal,2.9,0.78,0.04,2.46,24,0.74,-0.25,0.0
1784032934.551,static,unknown,0.5,8.75,0.0,1.16,2,6.19,6.17,0.47
1784032934.551,pedestrian,unknown,2.6,5.68,0.35,0.42,2,4.56,3.32,0.68
1784032934.675,person,metal,2.6,0.78,0.04,2.45,24,0.73,-0.26,0.0
1784032934.675,static,unknown,0.5,8.75,0.0,1.16,2,6.19,6.17,0.47
1784032934.675,pedestrian,unknown,2.6,5.68,0.35,0.42,2,4.56,3.32,0.68
1784032934.685,person,metal,2.9,0.78,0.04,2.45,24,0.73,-0.26,0.01
1784032934.685,static,unknown,0.5,8.75,0.0,1.16,2,6.19,6.17,0.47
1784032934.685,pedestrian,unknown,2.6,5.68,0.35,0.42,2,4.56,3.32,0.68
1784032934.685,static,fabric,1.9,1.96,0.0,0.1,2,1.76,0.86,-0.04
1784032934.803,person,metal,2.6,0.8,0.04,2.44,24,0.78,-0.16,0.01
1784032934.803,static,unknown,0.5,8.75,0.0,1.16,2,6.19,6.17,0.47
1784032934.803,pedestrian,unknown,2.6,5.68,0.35,0.42,2,4.56,3.32,0.68
1784032934.803,static,fabric,1.9,1.96,0.0,0.1,2,1.76,0.86,-0.04
1784032934.924,person,metal,2.2,0.85,0.04,2.45,24,0.83,-0.18,0.01
1784032934.924,static,unknown,0.5,8.75,0.0,1.16,2,6.19,6.17,0.47
1784032934.924,pedestrian,unknown,2.6,5.68,0.35,0.42,2,4.56,3.32,0.68
1784032934.924,static,fabric,1.9,1.96,0.0,0.1,2,1.76,0.86,-0.04
1784032935.013,person,metal,1.9,0.87,0.04,2.45,24,0.85,-0.18,0.02
1784032935.013,pedestrian,unknown,2.6,5.68,0.35,0.42,2,4.56,3.32,0.68
1784032935.013,static,fabric,1.9,1.96,0.0,0.1,2,1.76,0.86,-0.04
1784032935.136,person,metal,1.3,0.91,0.04,2.45,24,0.88,-0.2,0.02
1784032935.136,pedestrian,unknown,2.6,5.68,0.35,0.42,2,4.56,3.32,0.68
1784032935.136,static,fabric,1.9,1.96,0.0,0.1,2,1.76,0.86,-0.04
1784032935.274,person,metal,1.2,0.93,0.04,2.46,24,0.9,-0.22,0.02
1784032935.274,pedestrian,unknown,2.6,5.68,0.35,0.42,2,4.56,3.32,0.68
1784032935.274,static,fabric,1.9,1.96,0.0,0.1,2,1.76,0.86,-0.04
1784032935.278,person,metal,0.8,0.94,0.04,2.46,24,0.91,-0.23,0.02
1784032935.278,pedestrian,unknown,2.6,5.68,0.35,0.42,2,4.56,3.32,0.68
1784032935.278,static,fabric,1.9,1.96,0.0,0.1,2,1.76,0.86,-0.04
1784032935.43,person,metal,0.8,0.87,0.04,2.45,23,0.87,-0.05,0.04
1784032935.43,pedestrian,unknown,2.6,5.68,0.35,0.42,2,4.56,3.32,0.68
1784032935.43,static,fabric,1.9,1.96,0.0,0.1,2,1.76,0.86,-0.04
1784032935.434,person,metal,0.8,0.85,0.04,2.45,23,0.85,0.07,0.05
1784032935.434,pedestrian,unknown,2.6,5.68,0.35,0.42,2,4.56,3.32,0.68
1784032935.434,static,fabric,1.9,1.96,0.0,0.1,2,1.76,0.86,-0.04
1784032935.573,person,metal,0.8,0.85,0.04,2.45,23,0.85,0.07,0.05
1784032935.573,pedestrian,unknown,2.6,5.68,0.35,0.42,2,4.56,3.32,0.68
1784032935.573,static,metal,1.9,1.53,-0.04,0.41,4,1.39,0.64,0.0
1784032935.573,static,fabric,-2.3,1.91,0.0,0.8,4,1.17,-1.48,-0.3
1784032935.707,person,metal,0.8,0.85,0.04,2.45,23,0.85,0.07,0.05
1784032935.707,pedestrian,unknown,2.6,5.68,0.35,0.42,2,4.56,3.32,0.68
1784032935.707,unknown,metal,5.9,1.17,-0.04,0.48,6,1.08,0.46,0.03
1784032935.707,static,fabric,-1.8,1.9,0.0,0.88,4,1.25,-1.38,-0.35
1784032935.707,pedestrian,unknown,4.3,5.81,0.43,0.28,2,4.9,2.96,0.98
1784032935.833,person,metal,0.8,0.85,0.04,2.45,23,0.85,0.07,0.05
1784032935.833,pedestrian,unknown,2.6,5.68,0.35,0.42,2,4.56,3.32,0.68
1784032935.833,unknown,metal,7.0,0.94,0.03,0.51,7,0.88,0.32,0.05
1784032935.833,static,fabric,-1.7,1.89,0.0,0.93,4,1.28,-1.34,-0.38
1784032935.833,pedestrian,unknown,4.3,5.81,0.43,0.28,2,4.9,2.96,0.98
1784032935.845,person,metal,0.8,0.85,0.04,2.45,23,0.85,0.07,0.05
1784032935.845,pedestrian,unknown,2.6,5.68,0.35,0.42,2,4.56,3.32,0.68
1784032935.845,unknown,metal,7.3,0.79,0.06,0.54,8,0.75,0.23,0.07
1784032935.845,static,fabric,-1.0,1.89,0.0,0.97,4,1.3,-1.32,-0.39
1784032935.845,pedestrian,unknown,4.3,5.81,0.43,0.28,2,4.9,2.96,0.98
1784032935.941,person,metal,0.8,0.85,0.04,2.45,23,0.85,0.07,0.05
1784032935.941,unknown,metal,7.3,0.8,0.09,0.81,10,0.76,0.22,0.08
1784032935.941,static,fabric,-1.0,1.9,0.0,1.01,4,1.29,-1.33,-0.38
1784032935.941,pedestrian,unknown,4.3,5.81,0.43,0.28,2,4.9,2.96,0.98
1784032935.951,person,metal,0.8,0.85,0.04,2.45,23,0.85,0.07,0.05
1784032935.951,unknown,metal,7.1,0.8,0.1,1.03,11,0.77,0.22,0.1
1784032935.951,static,fabric,-1.0,1.9,0.0,1.04,4,1.29,-1.34,-0.37
1784032935.951,pedestrian,unknown,4.3,5.81,0.43,0.28,2,4.9,2.96,0.98
1784032935.951,static,unknown,1.4,7.14,0.0,0.78,2,6.54,2.68,1.04
1784032935.951,static,unknown,1.4,7.15,0.0,0.02,2,4.95,-5.14,0.47
1784032936.08,person,metal,0.8,0.85,0.04,2.45,23,0.85,0.07,0.05
1784032936.08,unknown,metal,7.0,0.77,0.12,1.17,11,0.74,0.2,0.1
1784032936.08,static,fabric,-1.0,1.9,0.0,1.03,4,1.29,-1.36,-0.32
1784032936.08,pedestrian,unknown,4.3,5.81,0.43,0.28,2,4.9,2.96,0.98
1784032936.08,static,unknown,1.4,7.14,0.0,0.78,2,6.54,2.68,1.04
1784032936.08,static,unknown,1.4,7.15,0.0,0.02,2,4.95,-5.14,0.47
1784032936.203,person,metal,0.8,0.85,0.04,2.45,23,0.85,0.07,0.05
1784032936.203,unknown,metal,6.7,0.76,0.12,1.29,12,0.73,0.19,0.1
1784032936.203,static,fabric,-1.0,1.93,0.0,0.96,4,1.23,-1.47,-0.21
1784032936.203,pedestrian,unknown,4.3,5.81,0.43,0.28,2,4.9,2.96,0.98
1784032936.203,static,unknown,1.4,7.14,0.0,0.78,2,6.54,2.68,1.04
1784032936.203,static,unknown,1.4,7.15,0.0,0.02,2,4.95,-5.14,0.47
1784032936.338,person,metal,0.8,0.85,0.04,2.45,23,0.85,0.07,0.05
1784032936.338,unknown,metal,6.3,0.7,0.11,1.24,12,0.67,0.17,0.08
1784032936.338,static,fabric,-1.0,1.95,0.0,0.89,4,1.19,-1.53,-0.14
1784032936.338,pedestrian,unknown,4.3,5.81,0.43,0.28,2,4.9,2.96,0.98
1784032936.338,static,unknown,1.4,7.14,0.0,0.78,2,6.54,2.68,1.04
1784032936.338,static,unknown,1.4,7.15,0.0,0.02,2,4.95,-5.14,0.47
1784032936.344,person,metal,0.8,0.85,0.04,2.45,23,0.85,0.07,0.05
1784032936.344,unknown,metal,5.9,0.66,0.1,1.2,12,0.64,0.16,0.07
1784032936.344,static,fabric,-1.0,1.96,0.0,0.84,4,1.17,-1.58,-0.09
1784032936.344,pedestrian,unknown,4.3,5.81,0.43,0.28,2,4.9,2.96,0.98
1784032936.344,static,unknown,1.4,7.14,0.0,0.78,2,6.54,2.68,1.04
1784032936.344,static,unknown,1.4,7.15,0.0,0.02,2,4.95,-5.14,0.47
1784032936.46,person,metal,0.8,0.85,0.04,2.45,23,0.85,0.07,0.05
1784032936.46,unknown,metal,5.9,0.63,0.1,1.16,12,0.61,0.15,0.07
1784032936.46,static,fabric,-1.0,1.98,0.0,0.78,3,1.17,-1.6,-0.04
1784032936.46,pedestrian,unknown,4.3,5.81,0.43,0.28,2,4.9,2.96,0.98
1784032936.46,static,unknown,1.4,7.14,0.0,0.78,2,6.54,2.68,1.04
1784032936.46,static,unknown,1.4,7.15,0.0,0.02,2,4.95,-5.14,0.47
1784032936.581,person,metal,0.8,0.85,0.04,2.45,23,0.85,0.07,0.05
1784032936.581,unknown,metal,5.7,0.61,0.09,1.13,12,0.59,0.13,0.07
1784032936.581,static,fabric,-0.0,1.99,0.0,0.73,3,1.17,-1.61,-0.01
1784032936.581,pedestrian,unknown,4.3,5.81,0.43,0.28,2,4.9,2.96,0.98
1784032936.581,static,unknown,1.4,7.14,0.0,0.78,2,6.54,2.68,1.04
1784032936.581,static,unknown,1.4,7.15,0.0,0.02,2,4.95,-5.14,0.47
1784032936.581,static,unknown,1.1,7.15,0.0,0.4,2,4.46,-5.37,1.54
1784032936.666,person,metal,0.8,0.85,0.04,2.45,23,0.85,0.07,0.05
1784032936.666,unknown,metal,5.4,0.58,0.07,1.11,12,0.56,0.11,0.08
1784032936.666,static,fabric,-0.0,1.99,0.0,0.69,3,1.17,-1.62,-0.02
1784032936.666,pedestrian,unknown,4.3,5.81,0.43,0.28,2,4.9,2.96,0.98
1784032936.666,static,unknown,1.4,7.14,0.0,0.78,2,6.54,2.68,1.04
1784032936.666,static,unknown,1.4,7.15,0.0,0.02,2,4.95,-5.14,0.47
1784032936.666,static,unknown,1.1,7.15,0.0,0.46,3,4.47,-5.37,1.51
1784032936.669,person,metal,0.8,0.85,0.04,2.45,23,0.85,0.07,0.05
1784032936.669,unknown,metal,4.7,0.56,0.06,1.09,12,0.54,0.09,0.08
1784032936.669,static,fabric,-0.0,2.0,0.0,0.65,3,1.17,-1.62,-0.03
1784032936.669,pedestrian,unknown,4.3,5.81,0.43,0.28,2,4.9,2.96,0.98
1784032936.669,static,unknown,1.4,7.14,0.0,0.78,2,6.54,2.68,1.04
1784032936.669,static,unknown,1.4,7.15,0.0,0.02,2,4.95,-5.14,0.47
1784032936.669,static,unknown,1.1,7.15,0.0,0.5,3,4.48,-5.37,1.49
1784032936.819,person,metal,0.8,0.85,0.04,2.45,23,0.85,0.07,0.05
1784032936.819,unknown,metal,4.4,0.55,0.05,1.08,12,0.54,0.08,0.09
1784032936.819,static,fabric,-0.0,2.0,0.0,0.62,3,1.17,-1.62,-0.04
1784032936.819,pedestrian,unknown,4.3,5.81,0.43,0.28,2,4.9,2.96,0.98
1784032936.819,static,unknown,1.4,7.14,0.0,0.78,2,6.54,2.68,1.04
1784032936.819,static,unknown,1.4,7.15,0.0,0.02,2,4.95,-5.14,0.47
1784032936.819,static,unknown,1.1,7.15,0.0,0.53,3,4.49,-5.37,1.44
1784032936.824,person,metal,0.8,0.85,0.04,2.45,23,0.85,0.07,0.05
1784032936.824,unknown,metal,3.9,0.55,0.04,1.07,13,0.54,0.07,0.09
1784032936.824,static,fabric,-0.0,2.0,0.0,0.59,3,1.17,-1.63,-0.04
1784032936.824,pedestrian,unknown,4.3,5.81,0.43,0.28,2,4.9,2.96,0.98
1784032936.824,static,unknown,1.4,7.14,0.0,0.78,2,6.54,2.68,1.04
1784032936.824,static,unknown,1.4,7.15,0.0,0.02,2,4.95,-5.14,0.47
1784032936.824,static,unknown,1.1,7.15,0.0,0.55,2,4.5,-5.37,1.41
1784032936.953,person,metal,0.8,0.85,0.04,2.45,23,0.85,0.07,0.05
1784032936.953,unknown,metal,3.9,0.55,0.03,1.07,13,0.53,0.07,0.09
1784032936.953,static,fabric,-1.0,1.97,0.0,0.61,3,1.21,-1.55,-0.11
1784032936.953,pedestrian,unknown,4.3,5.81,0.43,0.28,2,4.9,2.96,0.98
1784032936.953,static,unknown,1.4,7.14,0.0,0.78,2,6.54,2.68,1.04
1784032936.953,static,unknown,1.4,7.15,0.0,0.02,2,4.95,-5.14,0.47
1784032936.953,static,unknown,1.1,7.15,0.0,0.55,2,4.5,-5.37,1.41
1784032936.962,person,metal,0.8,0.85,0.04,2.45,23,0.85,0.07,0.05
1784032936.962,unknown,metal,3.6,0.54,0.02,1.06,13,0.53,0.07,0.09
1784032936.962,static,fabric,-1.0,1.95,0.0,0.63,3,1.23,-1.51,-0.15
1784032936.962,pedestrian,unknown,4.3,5.81,0.43,0.28,2,4.9,2.96,0.98
1784032936.962,static,unknown,1.4,7.14,0.0,0.78,2,6.54,2.68,1.04
1784032936.962,static,unknown,1.4,7.15,0.0,0.02,2,4.95,-5.14,0.47
1784032936.962,static,unknown,1.1,7.15,0.0,0.55,2,4.5,-5.37,1.41
1784032937.077,person,metal,0.8,0.85,0.04,2.45,23,0.85,0.07,0.05
1784032937.077,unknown,metal,3.6,0.55,0.01,1.06,13,0.54,0.07,0.09
1784032937.077,static,fabric,-1.0,1.95,0.0,0.65,3,1.24,-1.49,-0.15
1784032937.077,pedestrian,unknown,4.3,5.81,0.43,0.28,2,4.9,2.96,0.98
1784032937.077,static,unknown,1.4,7.14,0.0,0.78,2,6.54,2.68,1.04
1784032937.077,static,unknown,1.4,7.15,0.0,0.02,2,4.95,-5.14,0.47
1784032937.077,static,unknown,1.1,7.15,0.0,0.55,2,4.5,-5.37,1.41
1784032937.172,person,metal,0.8,0.85,0.04,2.45,23,0.85,0.07,0.05
1784032937.172,unknown,metal,3.4,0.58,0.01,1.04,13,0.56,0.09,0.1
1784032937.172,static,fabric,-1.0,1.94,0.0,0.67,3,1.24,-1.49,-0.15
1784032937.172,pedestrian,unknown,4.3,5.81,0.43,0.28,2,4.9,2.96,0.98
1784032937.172,static,unknown,1.4,7.14,0.0,0.78,2,6.54,2.68,1.04
1784032937.172,static,unknown,1.4,7.15,0.0,0.02,2,4.95,-5.14,0.47
1784032937.172,static,unknown,1.1,7.15,0.0,0.55,2,4.5,-5.37,1.41
1784032937.284,person,metal,0.8,0.85,0.04,2.45,23,0.85,0.07,0.05
1784032937.284,unknown,metal,3.4,0.6,0.01,1.02,13,0.58,0.12,0.1
1784032937.284,static,fabric,-1.0,1.94,0.0,0.7,3,1.23,-1.5,-0.11
1784032937.284,static,unknown,1.4,7.14,0.0,0.78,2,6.54,2.68,1.04
1784032937.284,static,unknown,1.4,7.15,0.0,0.02,2,4.95,-5.14,0.47
1784032937.284,static,unknown,1.1,7.15,0.0,0.55,2,4.5,-5.37,1.41
1784032937.375,person,metal,0.8,0.85,0.04,2.45,23,0.85,0.07,0.05
1784032937.375,unknown,metal,3.4,0.62,0.01,1.0,13,0.59,0.13,0.11
1784032937.375,static,fabric,-1.0,1.95,0.0,0.69,3,1.18,-1.55,-0.04
1784032937.375,static,unknown,1.4,7.14,0.0,0.78,2,6.54,2.68,1.04
1784032937.375,static,unknown,1.4,7.15,0.0,0.02,2,4.95,-5.14,0.47
1784032937.375,static,unknown,1.1,7.15,0.0,0.55,2,4.5,-5.37,1.41
1784032937.495,person,metal,0.8,0.85,0.04,2.45,23,0.85,0.07,0.05
1784032937.495,unknown,metal,3.4,0.62,0.01,0.99,12,0.61,0.12,0.07
1784032937.495,static,fabric,-1.0,1.94,0.0,0.72,3,1.17,-1.54,-0.07
1784032937.495,static,unknown,1.1,7.15,0.0,0.55,2,4.5,-5.37,1.41
1784032937.623,person,metal,0.8,0.85,0.04,2.45,23,0.85,0.07,0.05
1784032937.623,unknown,metal,3.1,0.61,0.01,0.98,12,0.6,0.08,0.03
1784032937.623,static,fabric,-1.0,1.92,0.0,0.75,3,1.16,-1.53,-0.1
1784032937.623,static,unknown,1.1,7.15,0.0,0.55,2,4.5,-5.37,1.41
1784032937.754,person,metal,0.8,0.85,0.04,2.45,23,0.85,0.07,0.05
1784032937.754,unknown,metal,3.1,0.58,0.01,0.96,12,0.58,0.04,-0.0
1784032937.754,static,fabric,-1.0,1.9,0.0,0.77,3,1.17,-1.49,-0.2
1784032937.754,static,unknown,1.1,7.15,0.0,0.55,2,4.5,-5.37,1.41
1784032937.835,person,metal,0.8,0.85,0.04,2.45,23,0.85,0.07,0.05
1784032937.835,unknown,metal,3.1,0.57,0.01,0.94,12,0.57,0.02,-0.03
1784032937.835,static,fabric,-1.0,1.9,0.0,0.78,3,1.18,-1.46,-0.27
1784032937.835,static,unknown,1.1,7.15,0.0,0.55,2,4.5,-5.37,1.41
1784032937.926,person,metal,0.8,0.85,0.04,2.45,23,0.85,0.07,0.05
1784032937.926,unknown,metal,3.0,0.68,0.01,0.98,12,0.67,-0.09,-0.07
1784032937.926,static,fabric,-1.0,1.9,0.0,0.78,3,1.18,-1.46,-0.27
1784032937.926,static,unknown,1.1,7.15,0.0,0.55,2,4.5,-5.37,1.41
1784032938.037,person,metal,0.8,0.85,0.04,2.45,23,0.85,0.07,0.05
1784032938.037,unknown,metal,3.0,0.73,0.01,1.0,12,0.72,-0.06,-0.06
1784032938.037,static,fabric,-1.0,1.9,0.0,0.78,3,1.18,-1.46,-0.27
1784032938.037,static,unknown,1.1,7.15,0.0,0.55,2,4.5,-5.37,1.41
1784032938.144,person,metal,0.8,0.85,0.04,2.45,23,0.85,0.07,0.05
1784032938.144,unknown,metal,2.9,0.77,0.01,1.01,11,0.77,-0.02,-0.03
1784032938.144,static,fabric,-1.0,2.01,0.0,0.78,3,1.3,-1.53,-0.09
1784032938.144,static,unknown,1.1,7.15,0.0,0.55,2,4.5,-5.37,1.41
1784032938.279,person,metal,0.8,0.85,0.04,2.45,23,0.85,0.07,0.05
1784032938.279,unknown,metal,2.9,0.78,0.01,1.02,11,0.78,0.01,-0.01
1784032938.279,static,fabric,-1.0,2.09,0.0,0.77,3,1.38,-1.57,0.02
1784032938.279,static,unknown,1.1,7.15,0.0,0.55,2,4.5,-5.37,1.41
1784032938.403,person,metal,0.8,0.85,0.04,2.45,23,0.85,0.07,0.05
1784032938.403,unknown,metal,2.9,0.75,0.01,1.04,11,0.75,0.06,0.01
1784032938.403,static,fabric,-1.0,2.14,0.0,0.77,3,1.43,-1.6,0.09
1784032938.521,unknown,mid,2.9,0.67,0.01,1.03,11,0.67,0.07,0.02
1784032938.521,static,fabric,-1.0,2.14,0.0,0.77,3,1.43,-1.6,0.09
1784032938.647,unknown,mid,2.9,0.62,0.01,1.02,11,0.61,0.07,0.02
1784032938.647,static,fabric,-1.0,2.14,0.0,0.77,3,1.43,-1.6,0.09
1784032938.761,unknown,mid,2.9,0.59,0.01,1.02,11,0.58,0.07,0.03
1784032938.761,static,fabric,-1.0,2.14,0.0,0.77,3,1.43,-1.6,0.09
1784032938.859,unknown,metal,3.0,0.55,0.02,1.01,11,0.54,0.04,0.04
1784032938.859,static,fabric,-1.0,2.14,0.0,0.77,3,1.43,-1.6,0.09
1784032938.862,unknown,metal,3.0,0.52,0.02,1.0,11,0.52,0.02,0.05
1784032938.862,static,fabric,-1.0,2.14,0.0,0.77,3,1.43,-1.6,0.09
1784032938.986,unknown,metal,3.1,0.53,0.02,0.99,11,0.52,0.01,0.05
1784032938.986,static,fabric,-1.0,2.14,0.0,0.77,3,1.43,-1.6,0.09
1784032938.992,unknown,metal,3.3,0.53,0.02,0.98,11,0.52,0.0,0.06
1784032938.992,static,fabric,-1.0,2.14,0.0,0.77,3,1.43,-1.6,0.09
1784032939.113,unknown,metal,3.4,0.53,0.02,0.98,11,0.53,0.0,0.06
1784032939.113,static,fabric,-1.0,2.14,0.0,0.77,3,1.43,-1.6,0.09
1784032939.191,unknown,metal,3.9,0.54,0.02,0.97,11,0.54,0.01,0.07
1784032939.191,static,fabric,-1.0,2.19,0.0,0.77,3,1.46,-1.64,0.13
1784032939.3,unknown,metal,4.4,0.55,0.02,0.96,11,0.54,0.03,0.07
1784032939.3,static,fabric,-1.0,2.19,0.0,0.77,3,1.46,-1.64,0.13
1784032939.307,person,metal,4.8,0.55,0.01,0.96,12,0.55,0.03,0.07
1784032939.307,static,fabric,-1.0,2.19,0.0,0.77,3,1.46,-1.64,0.13
1784032939.452,person,metal,5.2,0.56,0.01,0.96,12,0.55,0.06,0.07
1784032939.452,static,fabric,-0.8,2.26,0.0,0.76,3,1.52,-1.66,0.17
1784032939.455,person,metal,6.0,0.56,0.0,0.95,12,0.55,0.08,0.06
1784032939.455,static,mid,-0.8,2.3,0.0,0.76,3,1.57,-1.67,0.2
1784032939.582,person,metal,6.6,0.71,-0.01,0.98,12,0.7,0.08,0.1
1784032939.582,unknown,mid,-0.6,2.43,0.0,0.79,3,1.64,-1.78,0.25
1784032939.586,person,metal,6.9,0.8,-0.02,1.01,12,0.79,0.08,0.13
1784032939.586,unknown,mid,-0.6,2.51,0.0,0.81,3,1.68,-1.84,0.28
1784032939.691,person,metal,6.9,0.8,-0.02,1.01,12,0.79,0.08,0.13
1784032939.691,unknown,mid,-0.6,2.61,0.0,0.83,3,1.71,-1.94,0.33
1784032939.694,person,metal,6.9,0.8,-0.02,1.01,12,0.79,0.08,0.13
1784032939.694,unknown,mid,-0.6,2.67,0.0,0.85,3,1.72,-2.01,0.36
1784032939.694,unknown,metal,1.9,1.48,-0.24,1.43,10,1.46,-0.0,0.21
1784032939.797,person,metal,6.9,0.8,-0.02,1.01,12,0.79,0.08,0.13
1784032939.797,unknown,mid,-0.6,2.67,0.0,0.85,3,1.72,-2.01,0.36
1784032939.797,unknown,metal,1.9,1.48,-0.24,1.43,10,1.46,-0.0,0.21
1784032939.807,person,metal,6.9,0.8,-0.02,1.01,12,0.79,0.08,0.13
1784032939.807,unknown,mid,-0.6,2.67,0.0,0.85,3,1.72,-2.01,0.36
1784032939.807,unknown,metal,1.9,1.48,-0.24,1.43,10,1.46,-0.0,0.21
1784032939.914,person,metal,6.9,0.8,-0.02,1.01,12,0.79,0.08,0.13
1784032939.914,unknown,mid,-0.6,2.67,0.0,0.85,3,1.72,-2.01,0.36
1784032939.914,unknown,metal,1.9,1.48,-0.24,1.43,10,1.46,-0.0,0.21
1784032940.034,person,metal,6.9,0.8,-0.02,1.01,12,0.79,0.08,0.13
1784032940.034,unknown,mid,-0.6,2.67,0.0,0.85,3,1.72,-2.01,0.36
1784032940.034,unknown,metal,1.9,1.48,-0.24,1.43,10,1.46,-0.0,0.21
1784032940.034,static,mid,0.7,2.9,0.03,1.57,6,1.85,-2.19,0.43
1784032940.034,vehicle,metal,2.7,0.97,-0.28,2.51,16,0.95,0.11,0.2
1784032940.125,person,metal,6.9,0.8,-0.02,1.01,12,0.79,0.08,0.13
1784032940.125,unknown,mid,-0.6,2.67,0.0,0.85,3,1.72,-2.01,0.36
1784032940.125,unknown,metal,1.9,1.48,-0.24,1.43,10,1.46,-0.0,0.21
1784032940.125,static,mid,0.7,2.92,0.04,1.56,6,1.87,-2.2,0.43
1784032940.125,vehicle,metal,2.9,0.9,-0.28,2.41,16,0.88,0.1,0.17
1784032940.239,person,metal,6.9,0.8,-0.02,1.01,12,0.79,0.08,0.13
1784032940.239,unknown,mid,-0.6,2.67,0.0,0.85,3,1.72,-2.01,0.36
1784032940.239,unknown,metal,1.9,1.48,-0.24,1.43,10,1.46,-0.0,0.21
1784032940.239,static,mid,0.7,2.92,0.04,1.56,6,1.87,-2.2,0.43
1784032940.239,vehicle,metal,2.9,0.78,-0.27,2.31,16,0.76,0.06,0.14
1784032940.344,person,metal,6.9,0.8,-0.02,1.01,12,0.79,0.08,0.13
1784032940.344,unknown,mid,-0.6,2.67,0.0,0.85,3,1.72,-2.01,0.36
1784032940.344,unknown,metal,1.9,1.48,-0.24,1.43,10,1.46,-0.0,0.21
1784032940.344,static,mid,0.7,2.92,0.04,1.56,6,1.87,-2.2,0.43
1784032940.344,vehicle,metal,3.2,0.69,-0.26,2.2,16,0.68,0.02,0.11
1784032940.456,person,metal,6.9,0.8,-0.02,1.01,12,0.79,0.08,0.13
1784032940.456,unknown,mid,-0.6,2.67,0.0,0.85,3,1.72,-2.01,0.36
1784032940.456,unknown,metal,1.9,1.48,-0.24,1.43,10,1.46,-0.0,0.21
1784032940.456,static,mid,0.7,2.92,0.04,1.56,6,1.87,-2.2,0.43
1784032940.456,static,metal,3.2,0.6,-0.24,2.04,15,0.59,0.04,0.1
1784032940.587,person,metal,6.9,0.8,-0.02,1.01,12,0.79,0.08,0.13
1784032940.587,unknown,mid,-0.6,2.67,0.0,0.85,3,1.72,-2.01,0.36
1784032940.587,unknown,metal,1.9,1.48,-0.24,1.43,10,1.46,-0.0,0.21
1784032940.587,static,mid,0.7,2.92,0.04,1.56,6,1.87,-2.2,0.43
1784032940.587,static,metal,3.2,0.54,-0.22,1.92,15,0.53,0.06,0.09
1784032940.726,person,metal,6.9,0.8,-0.02,1.01,12,0.79,0.08,0.13
1784032940.726,unknown,mid,-0.6,2.67,0.0,0.85,3,1.72,-2.01,0.36
1784032940.726,unknown,metal,1.9,1.48,-0.24,1.43,10,1.46,-0.0,0.21
1784032940.726,static,mid,0.7,2.92,0.04,1.56,6,1.87,-2.2,0.43
1784032940.726,vehicle,metal,2.9,0.5,-0.21,1.83,15,0.49,0.07,0.08
1784032940.856,person,metal,6.9,0.8,-0.02,1.01,12,0.79,0.08,0.13
1784032940.856,unknown,mid,-0.6,2.67,0.0,0.85,3,1.72,-2.01,0.36
1784032940.856,unknown,metal,1.9,1.48,-0.24,1.43,10,1.46,-0.0,0.21
1784032940.856,static,mid,0.7,2.92,0.04,1.56,6,1.87,-2.2,0.43
1784032940.856,vehicle,metal,2.9,0.48,-0.19,1.79,15,0.47,0.07,0.07
1784032940.961,person,metal,6.9,0.8,-0.02,1.01,12,0.79,0.08,0.13
1784032940.961,unknown,mid,-0.6,2.67,0.0,0.85,3,1.72,-2.01,0.36
1784032940.961,unknown,metal,1.9,1.48,-0.24,1.43,10,1.46,-0.0,0.21
1784032940.961,static,mid,0.7,2.92,0.04,1.56,6,1.87,-2.2,0.43
1784032940.961,vehicle,metal,2.9,0.53,-0.17,1.81,15,0.52,0.02,0.05
1784032941.089,person,metal,6.9,0.8,-0.02,1.01,12,0.79,0.08,0.13
1784032941.089,unknown,mid,-0.6,2.67,0.0,0.85,3,1.72,-2.01,0.36
1784032941.089,unknown,metal,1.9,1.48,-0.24,1.43,10,1.46,-0.0,0.21
1784032941.089,static,mid,0.7,2.92,0.04,1.56,6,1.87,-2.2,0.43
1784032941.089,static,metal,3.2,0.59,-0.15,1.84,15,0.59,-0.02,0.02
1784032941.229,person,metal,6.9,0.8,-0.02,1.01,12,0.79,0.08,0.13
1784032941.229,static,mid,0.7,2.92,0.04,1.56,6,1.87,-2.2,0.43
1784032941.229,static,metal,3.6,0.65,-0.13,1.84,15,0.65,-0.05,0.02
1784032941.372,person,metal,6.9,0.8,-0.02,1.01,12,0.79,0.08,0.13
1784032941.372,static,mid,0.7,2.92,0.04,1.56,6,1.87,-2.2,0.43
1784032941.372,static,metal,3.6,0.68,-0.12,1.85,15,0.67,-0.06,0.01
1784032941.495,person,metal,6.9,0.8,-0.02,1.01,12,0.79,0.08,0.13
1784032941.495,static,mid,0.7,2.92,0.04,1.56,6,1.87,-2.2,0.43
1784032941.495,static,metal,3.6,0.57,-0.1,1.77,15,0.57,-0.02,0.02
1784032941.64,person,metal,6.9,0.8,-0.02,1.01,12,0.79,0.08,0.13
1784032941.64,static,metal,3.6,0.63,-0.08,1.79,15,0.63,-0.03,0.02
1784032941.722,person,metal,6.9,0.8,-0.02,1.01,12,0.79,0.08,0.13
1784032941.722,static,metal,3.6,0.66,-0.06,1.82,16,0.66,-0.03,0.03
1784032941.813,person,metal,6.9,0.8,-0.02,1.01,12,0.79,0.08,0.13
1784032941.813,static,metal,3.7,0.68,-0.04,1.84,16,0.68,-0.03,0.04
1784032941.935,person,metal,6.9,0.8,-0.02,1.01,12,0.79,0.08,0.13
1784032941.935,static,metal,3.9,0.71,-0.02,1.85,16,0.71,-0.05,0.04
1784032942.067,person,metal,6.9,0.8,-0.02,1.01,12,0.79,0.08,0.13
1784032942.067,static,metal,3.9,0.73,-0.01,1.86,17,0.73,-0.05,0.04
1784032942.067,static,unknown,5.0,7.08,0.16,0.82,2,6.32,3.1,0.75
1784032942.164,person,metal,6.9,0.8,-0.02,1.01,12,0.79,0.08,0.13
1784032942.164,static,metal,4.2,0.75,-0.01,1.85,17,0.74,-0.05,0.04
1784032942.164,static,unknown,1.9,7.09,0.14,0.8,2,6.31,3.14,0.74
1784032942.287,person,metal,6.9,0.8,-0.02,1.01,12,0.79,0.08,0.13
1784032942.287,static,metal,4.5,0.79,-0.0,1.85,17,0.79,-0.05,0.04
1784032942.287,static,unknown,1.9,7.09,0.1,0.68,2,6.33,3.13,0.61
1784032942.42,person,metal,6.9,0.8,-0.02,1.01,12,0.79,0.08,0.13
1784032942.42,static,metal,4.7,0.82,-0.0,1.85,18,0.81,-0.05,0.05
1784032942.42,static,unknown,1.9,7.1,0.06,0.65,2,6.32,3.18,0.54
1784032942.566,person,metal,6.9,0.8,-0.02,1.01,12,0.79,0.08,0.13
1784032942.566,static,metal,4.8,0.85,-0.0,1.87,18,0.84,-0.0,0.07
1784032942.566,static,unknown,1.9,7.1,0.04,0.63,2,6.31,3.21,0.49
1784032942.692,static,metal,5.0,0.87,-0.0,1.91,18,0.87,0.03,0.08
1784032942.692,static,unknown,0.7,7.1,0.03,0.62,2,6.3,3.25,0.47
1784032942.692,static,unknown,0.5,7.09,-0.08,1.04,2,6.03,-3.29,1.72
1784032942.785,static,metal,5.0,0.83,-0.0,1.89,19,0.82,0.04,0.07
1784032942.785,static,unknown,0.7,7.1,0.03,0.62,2,6.3,3.25,0.47
1784032942.785,static,unknown,0.5,7.09,-0.08,1.04,2,6.03,-3.29,1.72
1784032942.79,static,metal,5.0,0.8,-0.0,1.88,19,0.79,0.05,0.07
1784032942.79,static,unknown,0.7,7.1,0.03,0.62,2,6.3,3.25,0.47
1784032942.79,static,unknown,0.5,7.09,-0.08,1.04,2,6.03,-3.29,1.72
1784032942.79,static,fabric,-1.4,3.99,0.18,1.37,5,2.48,-3.12,0.23
1784032942.959,static,metal,5.0,0.78,-0.0,1.87,19,0.78,0.06,0.05
1784032942.959,static,unknown,0.7,7.1,0.03,0.62,2,6.3,3.25,0.47
1784032942.959,static,unknown,0.5,7.09,-0.08,1.04,2,6.03,-3.29,1.72
1784032942.959,static,fabric,-1.4,3.98,0.17,1.32,4,2.46,-3.12,0.26
1784032943.052,static,metal,5.0,0.78,-0.0,1.87,19,0.77,0.1,0.04
1784032943.052,static,unknown,0.7,7.1,0.03,0.62,2,6.3,3.25,0.47
1784032943.052,static,unknown,0.5,7.09,-0.08,1.04,2,6.03,-3.29,1.72
1784032943.052,static,fabric,-1.4,3.98,0.17,1.32,4,2.46,-3.12,0.26
1784032943.174,static,metal,5.0,0.74,-0.0,1.87,19,0.72,0.13,0.05
1784032943.174,static,unknown,0.7,7.1,0.03,0.62,2,6.3,3.25,0.47
1784032943.174,static,unknown,0.5,7.09,-0.08,1.04,2,6.03,-3.29,1.72
1784032943.174,static,fabric,-1.4,3.98,0.17,1.32,4,2.46,-3.12,0.26
1784032943.302,static,metal,5.0,0.77,-0.0,1.87,19,0.76,0.13,0.03
1784032943.302,static,unknown,0.7,7.1,0.03,0.62,2,6.3,3.25,0.47
1784032943.302,static,unknown,0.5,7.09,-0.08,1.04,2,6.03,-3.29,1.72
1784032943.302,static,fabric,-1.4,3.98,0.17,1.32,4,2.46,-3.12,0.26
1784032943.444,static,metal,5.0,0.8,-0.0,1.88,19,0.79,0.13,0.02
1784032943.444,static,unknown,0.7,7.1,0.03,0.62,2,6.3,3.25,0.47
1784032943.444,static,unknown,0.5,7.09,-0.08,1.04,2,6.03,-3.29,1.72
1784032943.444,static,fabric,-1.4,3.98,0.17,1.32,4,2.46,-3.12,0.26
1784032943.583,static,metal,4.8,0.83,-0.0,1.87,18,0.83,0.1,-0.0
1784032943.583,static,unknown,0.7,7.1,0.03,0.62,2,6.3,3.25,0.47
1784032943.583,static,unknown,0.5,7.09,-0.08,1.04,2,6.03,-3.29,1.72
1784032943.583,static,fabric,-1.4,3.98,0.17,1.32,4,2.46,-3.12,0.26
1784032943.716,static,metal,4.5,0.88,-0.0,1.87,18,0.88,0.07,-0.03
1784032943.716,static,unknown,0.7,7.1,0.03,0.62,2,6.3,3.25,0.47
1784032943.716,static,unknown,0.5,7.09,-0.08,1.04,2,6.03,-3.29,1.72
1784032943.716,static,fabric,-1.4,3.98,0.17,1.32,4,2.46,-3.12,0.26
1784032943.813,static,metal,2.9,0.9,-0.0,1.86,18,0.9,0.05,-0.03
1784032943.813,static,unknown,0.7,7.1,0.03,0.62,2,6.3,3.25,0.47
1784032943.813,static,unknown,0.5,7.09,-0.08,1.04,2,6.03,-3.29,1.72
1784032943.813,static,fabric,-1.4,3.98,0.17,1.32,4,2.46,-3.12,0.26
1784032943.945,static,metal,2.9,0.9,-0.0,1.85,18,0.9,0.04,-0.04
1784032943.945,static,unknown,0.7,7.1,0.03,0.62,2,6.3,3.25,0.47
1784032943.945,static,unknown,0.5,7.09,-0.08,1.04,2,6.03,-3.29,1.72
1784032943.945,static,fabric,-1.4,3.98,0.17,1.32,4,2.46,-3.12,0.26
1784032944.076,static,metal,2.9,0.76,-0.0,1.81,18,0.75,0.12,0.01
1784032944.076,static,unknown,0.7,7.1,0.03,0.62,2,6.3,3.25,0.47
1784032944.076,static,unknown,0.5,7.09,-0.08,1.04,2,6.03,-3.29,1.72
1784032944.076,static,fabric,-1.4,3.98,0.17,1.32,4,2.46,-3.12,0.26
1784032944.214,static,metal,4.5,0.68,-0.0,1.77,18,0.66,0.17,0.05
1784032944.214,static,fabric,-1.4,3.98,0.17,1.32,4,2.46,-3.12,0.26
1784032944.299,static,metal,4.5,0.74,-0.0,1.75,17,0.73,0.11,0.07
1784032944.299,static,fabric,-1.4,3.98,0.17,1.32,4,2.46,-3.12,0.26
1784032944.431,static,metal,4.8,0.78,-0.0,1.75,17,0.77,0.09,0.06
1784032944.431,static,fabric,-1.4,3.98,0.17,1.32,4,2.46,-3.12,0.26
1784032944.551,static,metal,5.1,0.81,-0.0,1.74,17,0.81,0.08,0.05
1784032944.655,static,metal,5.3,0.82,-0.0,1.74,17,0.81,0.08,0.05
1784032944.79,static,metal,5.3,0.79,-0.0,1.74,17,0.78,0.1,0.06
1784032944.931,static,metal,5.7,0.72,-0.0,1.71,16,0.7,0.14,0.09
1784032945.064,static,metal,6.3,0.68,-0.0,1.68,16,0.65,0.17,0.11
1784032945.174,static,metal,7.0,0.65,-0.0,1.65,16,0.6,0.19,0.12
1784032945.295,static,metal,7.1,0.63,-0.0,1.62,16,0.58,0.2,0.13
1784032945.445,static,metal,7.1,0.65,-0.0,1.61,16,0.62,0.17,0.11
1784032945.561,static,metal,7.1,0.7,-0.0,1.61,16,0.68,0.13,0.1
1784032945.681,static,metal,7.1,0.76,-0.0,1.61,16,0.76,0.09,0.06
1784032945.814,static,metal,7.1,0.79,-0.0,1.61,16,0.79,0.07,0.04
1784032945.946,static,metal,7.1,0.8,-0.0,1.61,16,0.8,0.07,0.04
1784032946.086,static,metal,7.1,0.81,-0.0,1.61,16,0.8,0.07,0.03
1784032946.171,static,metal,7.2,0.79,-0.01,1.61,16,0.79,0.07,0.03
1784032946.306,static,metal,7.3,0.81,-0.01,1.61,16,0.8,0.06,0.04
1784032946.408,static,metal,7.3,0.84,-0.01,1.61,16,0.84,0.04,0.03
1784032946.559,static,metal,7.2,0.85,-0.01,1.62,16,0.85,0.08,0.03
1784032946.673,static,metal,6.8,0.86,-0.01,1.63,16,0.85,0.12,0.03
1784032946.801,static,metal,5.3,0.85,-0.02,1.64,17,0.84,0.16,0.04
1784032946.933,static,metal,4.7,0.88,-0.02,1.65,17,0.86,0.19,0.04
1784032947.073,static,metal,2.3,0.9,-0.02,1.65,17,0.88,0.21,0.02
1784032947.208,static,metal,2.1,0.94,-0.02,1.66,17,0.91,0.22,0.02
1784032947.208,static,mid,6.1,3.19,0.0,0.24,4,2.9,1.33,0.1
1784032947.346,static,metal,1.7,1.0,-0.02,1.66,17,0.97,0.21,0.01
1784032947.346,static,mid,6.1,3.19,0.0,0.22,4,2.89,1.33,0.1
1784032947.346,pedestrian,unknown,4.9,4.1,0.26,0.29,2,2.52,-3.2,0.43
1784032947.346,static,unknown,2.2,7.69,0.0,0.31,5,6.95,3.17,0.9
1784032947.436,static,metal,1.4,1.06,-0.02,1.67,17,1.04,0.2,-0.01
1784032947.436,static,mid,6.1,3.19,0.0,0.2,4,2.88,1.35,0.1
1784032947.436,pedestrian,unknown,4.9,4.13,0.26,0.29,2,2.54,-3.23,0.42
1784032947.436,static,unknown,2.2,7.69,0.0,0.31,5,6.93,3.19,0.95
1784032947.576,static,metal,1.3,1.12,-0.02,1.67,17,1.11,0.19,-0.03
1784032947.576,static,mid,6.3,3.18,0.0,0.19,4,2.88,1.36,0.09
1784032947.576,pedestrian,unknown,4.9,4.13,0.26,0.29,2,2.54,-3.23,0.42
1784032947.576,static,unknown,3.6,7.62,0.0,0.43,5,6.86,3.18,0.94
1784032947.739,static,metal,1.1,1.15,-0.02,1.68,17,1.14,0.17,-0.05
1784032947.739,static,mid,6.3,3.18,0.0,0.19,4,2.88,1.36,0.09
1784032947.739,pedestrian,unknown,4.9,4.13,0.26,0.29,2,2.54,-3.23,0.42
1784032947.739,static,unknown,3.6,7.53,0.0,0.54,5,6.76,3.16,0.94
1784032947.838,static,metal,0.6,1.11,-0.02,1.68,17,1.09,0.19,-0.05
1784032947.838,static,mid,6.3,3.18,0.0,0.18,4,2.88,1.36,0.1
1784032947.838,pedestrian,unknown,4.9,4.13,0.26,0.29,2,2.54,-3.23,0.42
1784032947.838,static,unknown,4.2,7.45,0.0,0.64,6,6.68,3.15,0.93
1784032947.974,static,metal,0.4,1.04,-0.02,1.69,17,1.02,0.22,-0.04
1784032947.974,static,mid,6.3,3.18,0.0,0.17,4,2.87,1.36,0.1
1784032947.974,pedestrian,unknown,4.9,4.13,0.26,0.29,2,2.54,-3.23,0.42
1784032947.974,static,unknown,4.2,7.35,0.0,0.72,6,6.58,3.14,0.9
1784032948.068,static,metal,0.2,0.99,-0.01,1.69,17,0.96,0.24,-0.02
1784032948.068,static,mid,6.3,3.18,0.0,0.17,4,2.88,1.36,0.1
1784032948.068,pedestrian,unknown,4.9,4.13,0.26,0.29,2,2.54,-3.23,0.42
1784032948.068,static,unknown,4.2,7.29,0.0,0.79,6,6.52,3.14,0.88
1784032948.203,static,metal,0.2,0.97,-0.01,1.7,17,0.94,0.26,-0.01
1784032948.203,static,mid,6.3,3.18,0.0,0.16,4,2.88,1.36,0.1
1784032948.203,pedestrian,unknown,4.9,4.13,0.26,0.29,2,2.54,-3.23,0.42
1784032948.203,static,unknown,4.2,7.28,0.0,0.84,7,6.51,3.15,0.87
1784032948.335,static,metal,0.1,1.0,-0.01,1.7,17,0.97,0.25,-0.01
1784032948.335,static,mid,6.3,3.18,0.0,0.16,5,2.88,1.35,0.11
1784032948.335,pedestrian,unknown,4.9,4.13,0.26,0.29,2,2.54,-3.23,0.42
1784032948.335,static,unknown,3.7,7.25,0.0,0.89,7,6.47,3.14,0.87
1784032948.44,static,metal,0.1,1.02,-0.01,1.71,17,0.99,0.25,-0.01
1784032948.44,static,mid,6.3,3.18,0.0,0.16,5,2.88,1.36,0.11
1784032948.44,pedestrian,unknown,4.9,4.13,0.26,0.29,2,2.54,-3.23,0.42
1784032948.44,static,unknown,3.7,7.24,0.0,0.93,7,6.46,3.15,0.86
1784032948.561,static,metal,0.1,1.08,-0.01,1.71,17,1.05,0.23,-0.03
1784032948.561,static,mid,6.3,3.18,0.0,0.16,5,2.88,1.35,0.11
1784032948.561,pedestrian,unknown,4.9,4.13,0.26,0.29,2,2.54,-3.23,0.42
1784032948.561,static,unknown,3.7,7.25,0.0,0.96,7,6.47,3.15,0.87
1784032948.697,static,metal,0.1,1.12,-0.01,1.72,17,1.1,0.21,-0.04
1784032948.697,static,mid,6.3,3.18,0.0,0.15,5,2.88,1.35,0.11
1784032948.697,pedestrian,unknown,4.9,4.13,0.26,0.29,2,2.54,-3.23,0.42
1784032948.697,static,unknown,3.7,7.25,0.0,0.99,7,6.47,3.15,0.88
1784032948.836,static,metal,0.1,1.31,-0.01,1.71,17,1.29,0.18,-0.06
1784032948.836,static,mid,6.2,3.18,0.0,0.15,5,2.89,1.34,0.11
1784032948.836,pedestrian,unknown,4.9,4.13,0.26,0.29,2,2.54,-3.23,0.42
1784032948.836,static,unknown,3.7,7.26,0.0,1.01,7,6.47,3.15,0.89
1784032948.972,static,mid,0.1,1.42,-0.01,1.7,17,1.41,0.15,-0.08
1784032948.972,static,mid,6.2,3.18,0.0,0.15,5,2.89,1.33,0.11
1784032948.972,static,unknown,3.7,7.26,0.0,1.04,7,6.48,3.14,0.91
1784032949.108,static,mid,0.2,1.5,-0.01,1.69,17,1.49,0.15,-0.09
1784032949.108,static,mid,6.2,3.18,0.0,0.15,5,2.89,1.33,0.11
1784032949.108,static,unknown,3.7,7.29,0.0,1.05,7,6.51,3.14,0.94
1784032949.214,static,mid,0.4,1.55,-0.01,1.68,17,1.54,0.14,-0.09
1784032949.214,static,mid,6.2,3.18,0.0,0.15,5,2.89,1.34,0.1
1784032949.214,static,unknown,3.7,7.32,0.0,1.07,7,6.54,3.14,0.97
1784032949.361,static,mid,0.4,1.52,-0.01,1.68,17,1.51,0.14,-0.1
1784032949.361,static,mid,6.2,3.18,0.0,0.14,5,2.88,1.35,0.1
1784032949.361,static,unknown,3.8,7.44,0.0,1.02,7,6.67,3.13,1.02
1784032949.524,static,mid,0.4,1.5,-0.01,1.69,17,1.49,0.15,-0.1
1784032949.524,static,mid,6.2,3.18,0.0,0.14,5,2.88,1.36,0.1
1784032949.524,static,unknown,3.8,7.38,0.0,1.03,7,6.61,3.13,1.02
1784032949.682,static,mid,0.4,1.51,-0.01,1.69,17,1.5,0.14,-0.1
1784032949.682,static,mid,6.2,3.18,0.0,0.14,5,2.88,1.35,0.1
1784032949.682,static,unknown,3.8,7.31,0.0,1.04,7,6.53,3.13,1.01
1784032949.832,static,mid,0.4,1.52,-0.01,1.69,17,1.51,0.14,-0.1
1784032949.832,static,mid,6.3,3.18,0.0,0.14,5,2.88,1.35,0.1
1784032949.832,static,unknown,3.8,7.29,0.0,1.05,7,6.51,3.14,1.0
1784032949.934,static,mid,0.4,1.56,-0.01,1.68,17,1.55,0.15,-0.09
1784032949.934,static,mid,6.3,3.18,0.0,0.14,5,2.88,1.34,0.11
1784032949.934,static,unknown,3.8,7.35,0.0,1.06,7,6.56,3.17,1.0
1784032950.075,static,mid,0.5,1.54,-0.01,1.68,17,1.53,0.13,-0.09
1784032950.075,static,mid,6.3,3.18,0.0,0.14,5,2.88,1.35,0.1
1784032950.075,static,unknown,3.8,7.4,0.0,1.07,7,6.6,3.2,0.98
1784032950.223,static,mid,0.5,1.51,-0.01,1.69,17,1.5,0.14,-0.09
1784032950.223,static,mid,6.3,3.18,0.0,0.14,5,2.87,1.36,0.1
1784032950.223,static,unknown,3.8,7.39,0.0,1.08,7,6.59,3.21,0.96
1784032950.378,static,mid,0.5,1.48,-0.01,1.69,17,1.47,0.14,-0.08
1784032950.378,static,mid,6.3,3.18,0.0,0.13,5,2.87,1.37,0.09
1784032950.378,static,unknown,3.8,7.38,0.0,1.1,7,6.58,3.21,0.95
1784032950.518,static,mid,0.5,1.39,-0.01,1.69,17,1.38,0.15,-0.07
1784032950.518,static,mid,6.3,3.18,0.0,0.13,5,2.87,1.38,0.09
1784032950.518,static,unknown,3.9,7.35,0.0,1.11,7,6.55,3.19,0.94
1784032950.655,static,mid,0.5,1.31,-0.01,1.7,17,1.3,0.17,-0.05
1784032950.655,static,mid,6.3,3.18,0.0,0.13,5,2.86,1.38,0.09
1784032950.655,static,unknown,3.8,7.31,0.0,1.12,7,6.52,3.17,0.94
1784032950.789,static,mid,0.5,1.23,-0.01,1.7,17,1.21,0.18,-0.05
1784032950.789,static,mid,6.3,3.18,0.0,0.12,5,2.86,1.39,0.09
1784032950.789,static,unknown,3.8,7.29,0.0,1.12,7,6.51,3.15,0.94
1784032950.92,static,mid,0.5,1.17,-0.01,1.7,17,1.16,0.19,-0.04
1784032950.92,static,mid,6.3,3.18,0.0,0.12,5,2.86,1.39,0.09
1784032950.92,static,unknown,3.8,7.24,0.0,1.13,7,6.47,3.12,0.93
1784032951.053,static,fabric,0.6,1.18,-0.01,1.7,17,1.16,0.2,-0.05
1784032951.053,static,mid,6.3,3.18,0.0,0.12,5,2.86,1.38,0.09
1784032951.053,static,unknown,3.8,7.22,0.0,1.14,7,6.45,3.1,0.92
1784032951.188,static,fabric,0.6,1.16,-0.01,1.71,17,1.15,0.2,-0.05
1784032951.188,static,mid,6.3,3.18,0.0,0.12,5,2.87,1.38,0.1
1784032951.188,static,unknown,3.8,7.18,0.0,1.15,8,6.42,3.09,0.91
1784032951.33,static,fabric,0.6,1.23,-0.01,1.71,17,1.21,0.2,-0.06
1784032951.33,static,mid,6.3,3.18,0.0,0.12,5,2.87,1.37,0.1
1784032951.33,static,unknown,3.8,7.15,0.0,1.16,8,6.38,3.11,0.89
1784032951.429,static,fabric,0.5,1.24,-0.01,1.71,17,1.22,0.21,-0.06
1784032951.429,static,mid,6.3,3.18,0.0,0.12,5,2.87,1.37,0.1
1784032951.429,static,unknown,3.8,7.14,0.0,1.17,8,6.35,3.13,0.89
1784032951.564,static,fabric,0.5,1.25,-0.01,1.71,17,1.23,0.22,-0.06
1784032951.564,static,mid,6.3,3.18,0.0,0.12,5,2.87,1.38,0.09
1784032951.564,static,unknown,3.8,7.15,0.0,1.18,8,6.35,3.14,0.9
1784032951.698,static,fabric,0.5,1.4,-0.01,1.71,16,1.38,0.21,-0.08
1784032951.698,static,mid,6.3,3.18,0.0,0.11,5,2.86,1.38,0.09
1784032951.698,static,unknown,3.8,7.18,0.0,1.19,8,6.38,3.17,0.9
1784032951.833,static,fabric,0.5,1.49,-0.01,1.7,16,1.47,0.2,-0.09
1784032951.833,static,mid,6.3,3.18,0.0,0.11,5,2.86,1.39,0.08
1784032951.833,static,unknown,3.8,7.35,0.0,1.16,8,6.57,3.15,0.97
1784032951.967,static,fabric,0.5,1.51,-0.01,1.7,16,1.5,0.16,-0.09
1784032951.967,static,mid,6.3,3.18,0.0,0.11,5,2.86,1.39,0.08
1784032951.967,static,unknown,3.8,7.47,0.0,1.13,8,6.7,3.14,1.01
1784032952.111,static,fabric,0.5,1.49,-0.01,1.7,16,1.48,0.14,-0.09
1784032952.111,static,mid,6.3,3.18,0.0,0.11,5,2.86,1.38,0.09
1784032952.111,static,unknown,3.8,7.54,0.0,1.1,8,6.78,3.13,1.04
1784032952.215,static,fabric,0.5,1.44,-0.01,1.71,16,1.43,0.14,-0.07
1784032952.215,static,mid,6.3,3.18,0.0,0.11,5,2.87,1.38,0.08
1784032952.215,static,unknown,3.9,7.59,0.0,1.08,7,6.83,3.13,1.06
1784032952.215,static,unknown,-1.7,6.54,0.0,0.26,3,5.75,3.09,0.5
1784032952.338,static,fabric,0.5,1.39,-0.01,1.71,16,1.38,0.15,-0.06
1784032952.338,static,mid,6.3,3.18,0.0,0.11,5,2.87,1.37,0.09
1784032952.338,static,unknown,3.9,7.62,0.0,1.05,7,6.87,3.13,1.08
1784032952.338,static,unknown,-1.7,6.54,0.0,0.26,3,5.73,3.12,0.51
1784032952.475,static,fabric,0.5,1.48,-0.01,1.7,16,1.46,0.16,-0.07
1784032952.475,static,mid,6.3,3.18,0.0,0.11,5,2.87,1.37,0.09
1784032952.475,static,unknown,4.0,7.64,0.0,1.03,7,6.89,3.12,1.09
1784032952.475,static,unknown,-1.7,6.54,0.0,0.27,3,5.72,3.14,0.53
1784032952.613,static,fabric,0.5,1.54,-0.01,1.7,16,1.53,0.17,-0.07
1784032952.613,static,mid,6.3,3.18,0.0,0.11,5,2.87,1.38,0.09
1784032952.613,static,unknown,3.9,7.65,0.0,1.01,7,6.9,3.14,1.09
1784032952.613,static,unknown,-1.7,6.54,0.0,0.28,3,5.71,3.16,0.52
1784032952.756,static,fabric,0.5,1.47,-0.01,1.7,16,1.46,0.16,-0.06
1784032952.756,static,mid,6.3,3.18,0.0,0.11,5,2.86,1.38,0.09
1784032952.756,static,unknown,3.9,7.53,0.0,1.02,7,6.76,3.15,1.03
1784032952.756,static,unknown,-1.7,6.54,0.0,0.28,3,5.71,3.16,0.52
1784032952.9,static,fabric,0.5,1.4,-0.01,1.7,16,1.39,0.14,-0.05
1784032952.9,static,mid,6.3,3.18,0.0,0.11,5,2.87,1.38,0.09
1784032952.9,static,unknown,3.9,7.49,0.0,1.03,7,6.71,3.16,1.01
1784032952.9,static,unknown,-1.7,6.54,0.0,0.28,3,5.71,3.16,0.52
1784032953.046,static,fabric,0.5,1.35,-0.01,1.71,16,1.35,0.14,-0.04
1784032953.046,static,mid,6.3,3.18,0.0,0.11,5,2.87,1.36,0.09
1784032953.046,static,unknown,3.9,7.47,0.0,1.04,7,6.69,3.16,1.0
1784032953.046,static,unknown,-1.7,6.54,0.0,0.28,3,5.71,3.16,0.52
1784032953.18,static,fabric,0.5,1.33,-0.01,1.71,16,1.32,0.14,-0.04
1784032953.18,static,mid,6.3,3.18,0.0,0.11,5,2.88,1.35,0.1
1784032953.18,static,unknown,3.9,7.55,0.0,1.02,7,6.77,3.16,1.03
1784032953.18,static,unknown,-1.7,6.55,0.0,0.28,3,5.73,3.13,0.55
1784032953.316,static,fabric,0.5,1.33,-0.01,1.71,16,1.33,0.12,-0.05
1784032953.316,static,mid,6.3,3.18,0.0,0.11,5,2.88,1.35,0.1
1784032953.316,static,unknown,4.0,7.59,0.0,1.0,7,6.82,3.15,1.06
1784032953.316,static,unknown,-1.7,6.55,0.0,0.28,3,5.74,3.11,0.57
1784032953.449,static,fabric,0.5,1.35,-0.01,1.71,16,1.34,0.13,-0.05
1784032953.449,static,mid,6.3,3.18,0.0,0.11,5,2.88,1.36,0.1
1784032953.449,static,unknown,4.0,7.51,0.0,1.01,7,6.74,3.15,1.03
1784032953.449,static,unknown,-1.7,6.55,0.0,0.28,3,5.74,3.11,0.57
1784032953.592,static,fabric,0.5,1.34,-0.01,1.71,16,1.33,0.13,-0.05
1784032953.592,static,mid,6.3,3.18,0.0,0.11,5,2.88,1.36,0.09
1784032953.592,static,unknown,4.0,7.46,0.0,1.01,7,6.68,3.14,1.02
1784032953.592,static,unknown,-1.7,6.55,0.0,0.28,3,5.74,3.11,0.57
1784032953.746,static,fabric,0.5,1.33,-0.01,1.72,16,1.32,0.14,-0.06
1784032953.746,static,mid,6.3,3.18,0.0,0.11,5,2.88,1.36,0.1
1784032953.746,static,unknown,4.0,7.39,0.0,1.02,7,6.61,3.14,1.01
1784032953.746,static,unknown,-1.7,6.55,0.0,0.28,3,5.74,3.11,0.57
1784032953.896,static,fabric,0.5,1.3,-0.01,1.72,16,1.29,0.17,-0.06
1784032953.896,static,mid,6.3,3.18,0.0,0.11,5,2.88,1.35,0.1
1784032953.896,static,unknown,4.0,7.38,0.0,1.02,7,6.6,3.14,1.01
1784032953.896,static,unknown,-1.7,6.55,0.0,0.28,3,5.74,3.11,0.57
1784032954.036,static,fabric,0.5,1.32,-0.01,1.72,16,1.31,0.18,-0.06
1784032954.036,static,mid,6.3,3.18,0.0,0.11,5,2.88,1.35,0.09
1784032954.036,static,unknown,4.0,7.38,0.0,1.03,7,6.6,3.13,1.02
1784032954.036,static,unknown,-1.7,6.55,0.0,0.28,3,5.74,3.11,0.57
1784032954.168,static,fabric,0.5,1.43,-0.01,1.71,16,1.42,0.17,-0.06
1784032954.168,static,mid,6.3,3.18,0.0,0.11,5,2.88,1.35,0.1
1784032954.168,static,unknown,4.1,7.37,0.0,1.03,7,6.6,3.12,1.01
1784032954.168,static,fabric,-0.2,0.51,0.0,0.18,2,0.29,0.41,0.1
1784032954.168,static,unknown,-1.7,6.55,0.0,0.28,3,5.74,3.11,0.57
1784032954.274,static,fabric,0.5,1.5,-0.01,1.71,16,1.49,0.17,-0.06
1784032954.274,static,mid,6.3,3.18,0.0,0.11,5,2.88,1.35,0.1
1784032954.274,static,unknown,4.1,7.48,0.0,1.01,7,6.72,3.12,1.03
1784032954.274,static,fabric,-0.2,0.51,0.0,0.18,2,0.29,0.41,0.1
1784032954.274,static,unknown,-1.7,6.57,0.0,0.26,3,5.75,3.1,0.61
1784032954.408,static,fabric,0.5,1.55,-0.01,1.7,16,1.54,0.16,-0.07
1784032954.408,static,mid,6.2,3.18,0.0,0.11,5,2.88,1.35,0.1
1784032954.408,static,unknown,4.1,7.55,0.0,1.0,7,6.79,3.12,1.05
1784032954.408,static,fabric,-1.3,0.51,0.0,0.19,2,0.29,0.39,0.12
1784032954.408,static,unknown,-1.7,6.57,0.0,0.24,3,5.76,3.1,0.63
1784032954.545,static,fabric,0.5,1.45,-0.01,1.7,16,1.44,0.16,-0.06
1784032954.545,static,mid,6.2,3.18,0.0,0.11,5,2.88,1.36,0.09
1784032954.545,static,unknown,4.1,7.59,0.0,0.98,7,6.84,3.12,1.06
1784032954.545,static,fabric,-1.3,0.51,0.0,0.19,2,0.29,0.39,0.12
1784032954.545,static,unknown,-1.7,6.57,0.0,0.24,3,5.76,3.1,0.63
1784032954.685,static,fabric,0.4,1.36,-0.01,1.71,16,1.35,0.15,-0.06
1784032954.685,static,mid,6.2,3.18,0.0,0.11,5,2.87,1.37,0.09
1784032954.685,static,unknown,4.1,7.62,0.0,0.96,7,6.87,3.12,1.07
1784032954.685,static,fabric,-1.3,0.51,0.0,0.19,2,0.29,0.39,0.12
1784032954.685,static,unknown,-1.7,6.57,0.0,0.24,3,5.76,3.1,0.63
1784032954.795,static,fabric,0.4,1.3,-0.01,1.71,16,1.3,0.14,-0.06
1784032954.795,static,mid,6.2,3.18,0.0,0.1,5,2.87,1.38,0.08
1784032954.795,static,unknown,4.1,7.64,0.0,0.95,7,6.89,3.12,1.09
1784032954.795,static,fabric,-1.3,0.51,0.0,0.19,2,0.29,0.39,0.12
1784032954.795,static,unknown,-1.7,6.57,0.0,0.24,3,5.76,3.1,0.63
1784032954.969,static,fabric,0.3,1.27,-0.01,1.71,16,1.26,0.14,-0.06
1784032954.969,static,mid,6.2,3.18,0.0,0.1,5,2.86,1.38,0.08
1784032954.969,static,unknown,4.1,7.65,0.0,0.93,7,6.9,3.12,1.11
1784032954.969,static,fabric,-1.3,0.51,0.0,0.19,2,0.29,0.39,0.12
1784032954.969,static,unknown,-1.7,6.57,0.0,0.24,3,5.76,3.1,0.63
1784032955.098,static,fabric,0.3,1.4,-0.01,1.71,16,1.39,0.14,-0.07
1784032955.098,static,mid,6.2,3.18,0.0,0.1,5,2.86,1.38,0.08
1784032955.098,static,unknown,4.1,7.66,0.0,0.92,7,6.91,3.12,1.12
1784032955.098,static,fabric,-1.5,0.43,0.0,0.31,2,0.29,0.31,0.1
1784032955.098,static,unknown,-1.7,6.57,0.0,0.24,3,5.76,3.1,0.63
1784032955.246,static,fabric,0.3,1.33,-0.01,1.71,16,1.31,0.16,-0.06
1784032955.246,static,mid,6.2,3.18,0.0,0.1,5,2.86,1.39,0.07
1784032955.246,static,unknown,4.1,7.67,0.0,0.9,7,6.91,3.12,1.13
1784032955.246,static,fabric,-1.5,0.43,0.0,0.31,2,0.29,0.31,0.1
1784032955.246,static,unknown,-1.7,6.57,0.0,0.24,3,5.76,3.1,0.63
1784032955.444,static,fabric,0.3,1.3,-0.01,1.71,16,1.29,0.16,-0.07
1784032955.444,static,mid,6.2,3.18,0.0,0.1,5,2.86,1.38,0.08
1784032955.444,static,unknown,4.1,7.67,0.0,0.89,7,6.91,3.12,1.13
1784032955.444,static,fabric,-1.5,0.43,0.0,0.31,2,0.29,0.31,0.1
1784032955.444,static,unknown,-1.7,6.57,0.0,0.24,3,5.76,3.1,0.63
1784032955.535,static,fabric,0.3,1.29,-0.01,1.71,16,1.27,0.16,-0.07
1784032955.535,static,mid,6.2,3.18,0.0,0.1,5,2.87,1.38,0.08
1784032955.535,static,unknown,4.1,7.67,0.0,0.88,7,6.92,3.12,1.14
1784032955.535,static,fabric,-1.5,0.43,0.0,0.31,2,0.29,0.31,0.1
1784032955.535,static,unknown,-1.7,6.57,0.0,0.24,3,5.76,3.1,0.63
1784032955.728,static,fabric,0.3,1.23,-0.01,1.72,16,1.22,0.16,-0.06
1784032955.728,static,mid,6.2,3.18,0.0,0.1,5,2.87,1.38,0.08
1784032955.728,static,unknown,4.1,7.68,0.0,0.86,7,6.92,3.12,1.13
1784032955.728,static,fabric,-1.5,0.43,0.0,0.31,2,0.29,0.31,0.1
1784032955.728,static,unknown,-1.7,6.57,0.0,0.24,3,5.76,3.1,0.63
1784032955.879,static,fabric,0.3,1.21,-0.01,1.72,16,1.2,0.16,-0.05
1784032955.879,static,mid,6.2,3.18,0.0,0.1,5,2.87,1.38,0.08
1784032955.879,static,unknown,4.1,7.68,0.0,0.85,7,6.92,3.12,1.13
1784032955.879,static,fabric,-1.5,0.43,0.0,0.31,2,0.29,0.31,0.1
1784032955.879,static,unknown,-1.7,6.57,0.0,0.24,3,5.76,3.1,0.63
1784032956.01,static,fabric,0.3,1.18,-0.01,1.72,16,1.17,0.17,-0.04
1784032956.01,static,mid,6.2,3.18,0.0,0.1,5,2.86,1.39,0.09
1784032956.01,static,unknown,4.1,7.68,0.0,0.84,7,6.93,3.12,1.12
1784032956.01,static,fabric,-1.5,0.43,0.0,0.31,2,0.29,0.31,0.1
1784032956.121,static,fabric,0.3,1.14,-0.01,1.72,16,1.13,0.17,-0.04
1784032956.121,static,mid,6.2,3.18,0.0,0.1,5,2.86,1.39,0.09
1784032956.121,static,unknown,4.1,7.68,0.0,0.83,7,6.93,3.12,1.12
1784032956.121,static,fabric,-1.5,0.43,0.0,0.31,2,0.29,0.31,0.1
1784032956.241,static,fabric,0.3,1.32,-0.01,1.72,16,1.31,0.16,-0.06
1784032956.241,static,mid,6.1,3.18,0.0,0.1,5,2.86,1.39,0.09
1784032956.241,static,unknown,4.1,7.68,0.0,0.82,7,6.93,3.12,1.12
1784032956.241,static,mid,-1.6,0.46,0.04,0.33,3,0.29,0.34,0.1
1784032956.379,static,fabric,0.3,1.43,-0.01,1.71,16,1.42,0.16,-0.06
1784032956.379,static,mid,6.1,3.18,0.0,0.1,5,2.86,1.39,0.09
1784032956.379,static,unknown,4.2,7.68,0.0,0.81,7,6.93,3.12,1.11
1784032956.379,static,metal,-1.5,0.5,0.08,0.34,4,0.31,0.38,0.11
1784032956.519,static,metal,0.3,1.28,-0.01,1.72,16,1.26,0.21,-0.04
1784032956.519,static,mid,6.1,3.18,0.0,0.09,5,2.86,1.39,0.09
1784032956.519,static,unknown,4.2,7.68,0.0,0.8,7,6.93,3.12,1.11
1784032956.519,static,metal,-1.5,0.5,0.08,0.34,4,0.31,0.38,0.11
1784032956.667,static,metal,0.2,1.22,-0.01,1.72,16,1.2,0.24,-0.02
1784032956.667,static,mid,6.1,3.18,0.0,0.09,5,2.86,1.38,0.09
1784032956.667,static,unknown,4.2,7.68,0.0,0.78,7,6.93,3.12,1.12
1784032956.667,static,metal,-1.5,0.5,0.08,0.34,4,0.31,0.38,0.11
1784032956.667,static,unknown,-1.5,6.59,0.0,0.29,3,5.74,3.16,0.68
1784032956.802,static,metal,0.3,1.21,-0.0,1.72,16,1.19,0.26,-0.02
1784032956.802,static,mid,6.1,3.18,0.0,0.09,5,2.87,1.38,0.09
1784032956.802,static,unknown,4.2,7.68,0.0,0.77,7,6.93,3.12,1.12
1784032956.802,static,metal,-1.5,0.5,0.08,0.34,4,0.31,0.38,0.11
1784032956.802,static,unknown,-1.5,6.59,0.0,0.29,3,5.73,3.17,0.68
1784032956.944,static,metal,0.3,1.36,-0.0,1.72,16,1.34,0.23,-0.04
1784032956.944,static,mid,6.1,3.18,0.0,0.09,5,2.87,1.37,0.1
1784032956.944,static,unknown,4.2,7.68,0.0,0.76,7,6.93,3.12,1.12
1784032956.944,static,metal,-1.4,0.56,0.07,0.31,4,0.33,0.43,0.15
1784032956.944,static,unknown,-1.5,6.58,0.0,0.28,3,5.72,3.17,0.68
1784032957.041,static,metal,0.3,1.46,-0.0,1.71,16,1.45,0.21,-0.06
1784032957.041,static,mid,6.1,3.18,0.0,0.1,5,2.87,1.36,0.11
1784032957.041,static,unknown,4.2,7.68,0.0,0.75,7,6.92,3.12,1.13
1784032957.041,static,metal,-1.3,0.61,0.06,0.29,4,0.34,0.47,0.17
1784032957.041,static,unknown,-1.5,6.58,0.0,0.28,3,5.72,3.17,0.68
1784032957.183,static,metal,0.3,1.53,-0.0,1.71,16,1.52,0.18,-0.08
1784032957.183,static,mid,6.1,3.18,0.0,0.1,5,2.87,1.36,0.1
1784032957.183,static,unknown,4.3,7.68,0.0,0.75,7,6.93,3.12,1.13
1784032957.183,static,metal,-1.1,0.61,0.03,0.3,4,0.35,0.47,0.17
1784032957.183,static,unknown,-1.5,6.58,0.0,0.29,3,5.72,3.16,0.7
1784032957.325,static,metal,0.4,1.57,-0.0,1.7,16,1.56,0.15,-0.1
1784032957.325,static,mid,6.1,3.18,0.0,0.1,5,2.88,1.36,0.1
1784032957.325,static,unknown,4.3,7.68,0.0,0.74,7,6.93,3.12,1.12
1784032957.325,static,metal,-0.1,0.61,0.01,0.31,4,0.36,0.47,0.16
1784032957.325,static,unknown,-1.5,6.57,0.0,0.3,3,5.72,3.15,0.73
1784032957.461,static,metal,0.7,1.41,-0.01,1.71,16,1.39,0.2,-0.07
1784032957.461,static,mid,6.1,3.18,0.0,0.1,5,2.87,1.36,0.09
1784032957.461,static,unknown,4.3,7.53,0.0,0.74,7,6.76,3.13,1.07
1784032957.461,static,metal,-0.1,0.61,0.01,0.31,4,0.36,0.47,0.16
1784032957.461,static,unknown,-1.5,6.57,0.0,0.3,3,5.72,3.15,0.73
1784032957.592,static,metal,0.7,1.28,-0.01,1.71,16,1.25,0.25,-0.05
1784032957.592,static,mid,6.1,3.18,0.0,0.1,5,2.88,1.36,0.09
1784032957.592,static,unknown,4.3,7.47,0.0,0.75,7,6.69,3.15,1.05
1784032957.592,static,metal,-0.1,0.61,0.01,0.31,4,0.36,0.47,0.16
1784032957.592,static,unknown,-1.5,6.57,0.0,0.3,3,5.72,3.15,0.73
1784032957.701,static,metal,0.8,1.21,-0.01,1.71,16,1.17,0.29,-0.04
1784032957.701,static,mid,6.1,3.18,0.0,0.1,5,2.88,1.36,0.1
1784032957.701,static,unknown,4.3,7.48,0.0,0.76,7,6.7,3.15,1.03
1784032957.701,static,metal,-0.1,0.61,0.01,0.31,4,0.36,0.47,0.16
1784032957.701,static,unknown,-1.5,6.57,0.0,0.3,3,5.72,3.15,0.73
1784032957.833,static,metal,0.8,1.15,-0.01,1.72,16,1.12,0.26,-0.01
1784032957.833,static,mid,6.1,3.18,0.0,0.1,5,2.87,1.37,0.1
1784032957.833,static,unknown,4.3,7.54,0.0,0.75,7,6.78,3.16,0.98
1784032957.833,static,metal,-0.1,0.61,0.01,0.31,4,0.36,0.47,0.16
1784032957.833,static,unknown,-1.5,6.57,0.0,0.3,3,5.72,3.15,0.73
1784032957.969,static,metal,0.8,1.09,-0.01,1.73,16,1.06,0.23,0.0
1784032957.969,static,mid,6.1,3.18,0.0,0.1,5,2.87,1.38,0.11
1784032957.969,static,unknown,4.3,7.59,0.0,0.75,7,6.85,3.14,0.91
1784032957.969,static,metal,-0.1,0.61,0.01,0.31,4,0.36,0.47,0.16
1784032957.969,static,unknown,-1.5,6.57,0.0,0.3,3,5.72,3.15,0.73
1784032958.109,static,metal,0.9,1.02,-0.01,1.74,16,1.0,0.16,0.03
1784032958.109,static,mid,6.1,3.18,0.0,0.1,5,2.87,1.38,0.11
1784032958.109,static,unknown,4.3,7.59,0.0,0.75,7,6.85,3.14,0.91
1784032958.109,static,metal,-0.1,0.61,0.01,0.31,4,0.36,0.47,0.16
1784032958.109,static,unknown,-1.5,6.57,0.0,0.3,3,5.72,3.15,0.73
1784032958.205,static,metal,0.9,0.97,-0.01,1.74,16,0.96,0.12,0.05
1784032958.205,static,mid,6.1,3.18,0.0,0.1,5,2.87,1.38,0.11
1784032958.205,static,unknown,4.3,7.59,0.0,0.75,7,6.85,3.14,0.91
1784032958.205,static,metal,-0.1,0.61,0.01,0.31,4,0.36,0.47,0.16
1784032958.205,static,unknown,-1.5,6.57,0.0,0.3,3,5.72,3.15,0.73
1784032958.215,static,metal,0.9,0.9,-0.01,1.74,16,0.89,0.1,0.06
1784032958.215,static,mid,6.1,3.18,0.0,0.1,5,2.87,1.38,0.11
1784032958.215,static,unknown,4.3,7.59,0.0,0.75,7,6.85,3.14,0.91
1784032958.215,static,metal,-0.1,0.61,0.01,0.31,4,0.36,0.47,0.16
1784032958.215,static,unknown,-1.5,6.57,0.0,0.3,3,5.72,3.15,0.73
1784032958.359,static,metal,0.9,0.86,-0.01,1.74,16,0.85,0.08,0.07
1784032958.359,static,mid,6.1,3.18,0.0,0.1,5,2.87,1.38,0.11
1784032958.359,static,unknown,4.3,7.59,0.0,0.75,7,6.85,3.14,0.91
1784032958.359,static,metal,-0.1,0.61,0.01,0.31,4,0.36,0.47,0.16
1784032958.359,static,unknown,-1.5,6.57,0.0,0.3,3,5.72,3.15,0.73
1784032958.372,static,metal,0.9,0.83,-0.01,1.73,16,0.83,0.07,0.08
1784032958.372,static,mid,6.1,3.18,0.0,0.1,5,2.87,1.38,0.11
1784032958.372,person,unknown,4.3,7.59,0.0,0.75,7,6.85,3.14,0.91
1784032958.372,static,metal,-0.1,0.61,0.01,0.31,4,0.36,0.47,0.16
1784032958.372,static,unknown,-1.5,6.57,0.0,0.3,3,5.72,3.15,0.73
1784032958.475,static,metal,1.0,0.84,-0.01,1.73,16,0.83,0.05,0.07
1784032958.475,static,mid,6.1,3.18,0.0,0.1,5,2.87,1.38,0.11
1784032958.475,person,unknown,4.3,7.59,0.0,0.75,7,6.85,3.14,0.91
1784032958.475,static,metal,-0.1,0.61,0.01,0.31,4,0.36,0.47,0.16
1784032958.475,static,unknown,-1.5,6.57,0.0,0.3,3,5.72,3.15,0.73
1784032958.608,static,metal,1.1,0.84,-0.01,1.73,16,0.84,0.04,0.06
1784032958.608,static,mid,6.1,3.18,0.0,0.1,5,2.87,1.38,0.11
1784032958.608,person,unknown,4.3,7.59,0.0,0.75,7,6.85,3.14,0.91
1784032958.608,static,metal,-0.1,0.61,0.01,0.31,4,0.36,0.47,0.16
1784032958.608,static,unknown,-1.5,6.57,0.0,0.3,3,5.72,3.15,0.73
1784032958.707,static,metal,1.1,0.85,-0.01,1.73,16,0.85,0.02,0.04
1784032958.707,static,mid,6.1,3.18,0.0,0.1,5,2.87,1.38,0.11
1784032958.707,person,unknown,4.3,7.59,0.0,0.75,7,6.85,3.14,0.91
1784032958.707,static,metal,-0.1,0.61,0.01,0.31,4,0.36,0.47,0.16
1784032958.707,static,unknown,-1.5,6.57,0.0,0.3,3,5.72,3.15,0.73
1784032958.829,static,metal,1.2,0.85,-0.01,1.73,16,0.85,0.02,0.02
1784032958.829,static,mid,6.1,3.18,0.0,0.1,5,2.87,1.38,0.11
1784032958.829,person,unknown,4.3,7.59,0.0,0.75,7,6.85,3.14,0.91
1784032958.957,static,metal,1.2,0.84,-0.01,1.73,16,0.84,0.02,0.02
1784032958.957,static,mid,6.1,3.18,0.0,0.1,5,2.87,1.38,0.11
1784032958.957,person,unknown,4.3,7.59,0.0,0.75,7,6.85,3.14,0.91
1784032959.073,static,metal,1.3,0.84,-0.01,1.73,16,0.84,0.01,0.02
1784032959.073,static,mid,6.1,3.18,0.0,0.1,5,2.87,1.38,0.11
1784032959.073,person,unknown,4.3,7.59,0.0,0.75,7,6.85,3.14,0.91
1784032959.191,static,metal,1.3,0.84,-0.01,1.72,16,0.84,0.01,0.04
1784032959.191,static,mid,6.1,3.18,0.0,0.1,5,2.87,1.38,0.11
1784032959.191,person,unknown,4.3,7.59,0.0,0.75,7,6.85,3.14,0.91
1784032959.325,static,metal,1.3,0.88,-0.01,1.72,16,0.88,-0.02,0.02
1784032959.325,static,mid,6.1,3.18,0.0,0.1,5,2.87,1.38,0.11
1784032959.325,person,unknown,4.3,7.59,0.0,0.75,7,6.85,3.14,0.91
1784032959.446,static,metal,1.3,0.92,-0.01,1.72,16,0.92,-0.04,0.01
1784032959.446,static,mid,6.1,3.18,0.0,0.1,5,2.87,1.38,0.11
1784032959.446,person,unknown,4.3,7.59,0.0,0.75,7,6.85,3.14,0.91
1784032959.532,static,metal,1.7,0.94,-0.01,1.72,16,0.94,-0.03,0.0
1784032959.532,person,unknown,4.3,7.59,0.0,0.75,7,6.85,3.14,0.91
1784032959.634,static,metal,2.3,0.95,-0.01,1.72,16,0.95,-0.02,-0.0
1784032959.634,person,unknown,4.3,7.59,0.0,0.75,7,6.85,3.14,0.91
1784032959.765,static,metal,2.5,0.93,-0.0,1.73,16,0.93,-0.0,0.01
1784032959.765,person,unknown,4.3,7.59,0.0,0.75,7,6.85,3.14,0.91
1784032959.866,static,metal,3.3,0.92,-0.0,1.73,16,0.92,0.01,0.02
1784032959.866,person,unknown,4.3,7.59,0.0,0.75,7,6.85,3.14,0.91
1784032959.866,static,mid,4.5,3.79,-0.23,0.22,2,2.39,-2.89,0.54
1784032959.961,static,metal,3.5,0.91,-0.0,1.73,16,0.9,0.0,0.03
1784032959.961,person,unknown,4.3,7.59,0.0,0.75,7,6.85,3.14,0.91
1784032959.961,static,mid,4.5,3.78,-0.24,0.18,2,2.4,-2.87,0.53
1784032960.09,static,metal,3.6,0.89,-0.0,1.73,16,0.89,-0.01,0.04
1784032960.09,person,unknown,4.3,7.59,0.0,0.75,7,6.85,3.14,0.91
1784032960.09,static,mid,4.5,3.78,-0.24,0.18,2,2.4,-2.87,0.53
1784032960.09,pedestrian,unknown,3.9,7.13,0.28,0.38,2,6.26,3.23,1.12
1784032960.09,pedestrian,unknown,3.2,6.86,0.32,1.42,3,5.84,-3.28,1.49
1784032960.094,static,metal,3.6,0.89,-0.0,1.73,16,0.88,-0.01,0.05
1784032960.094,person,unknown,4.3,7.59,0.0,0.75,7,6.85,3.14,0.91
1784032960.094,static,mid,4.5,3.78,-0.24,0.18,2,2.4,-2.87,0.53
1784032960.094,pedestrian,unknown,3.9,7.13,0.28,0.38,2,6.26,3.23,1.12
1784032960.094,pedestrian,unknown,3.2,6.86,0.32,1.42,3,5.84,-3.28,1.49
1784032960.299,static,metal,3.6,0.92,-0.0,1.74,16,0.92,-0.02,0.07
1784032960.299,person,unknown,4.3,7.59,0.0,0.75,7,6.85,3.14,0.91
1784032960.299,static,mid,4.5,3.78,-0.24,0.18,2,2.4,-2.87,0.53
1784032960.299,pedestrian,unknown,3.9,7.13,0.28,0.38,2,6.26,3.23,1.12
1784032960.299,pedestrian,unknown,3.2,6.86,0.32,1.42,3,5.84,-3.28,1.49
1784032960.302,person,metal,4.0,0.95,-0.0,1.74,16,0.95,-0.02,0.08
1784032960.302,person,unknown,4.3,7.59,0.0,0.75,7,6.85,3.14,0.91
1784032960.302,static,mid,4.5,3.78,-0.24,0.18,2,2.4,-2.87,0.53
1784032960.302,pedestrian,unknown,3.9,7.13,0.28,0.38,2,6.26,3.23,1.12
1784032960.302,pedestrian,unknown,3.2,6.86,0.32,1.42,3,5.84,-3.28,1.49
1784032960.438,person,metal,3.7,1.06,-0.0,1.75,16,1.06,0.02,0.09
1784032960.438,person,unknown,4.3,7.59,0.0,0.75,7,6.85,3.14,0.91
1784032960.438,static,mid,4.5,3.71,-0.23,0.16,2,2.31,-2.84,0.59
1784032960.438,static,unknown,0.7,7.06,0.22,0.47,2,6.2,3.21,1.02
1784032960.438,pedestrian,unknown,3.2,6.86,0.32,1.42,3,5.84,-3.28,1.49
1784032960.442,person,metal,3.6,1.13,-0.0,1.76,16,1.13,0.05,0.09
1784032960.442,person,unknown,4.3,7.59,0.0,0.75,7,6.85,3.14,0.91
1784032960.442,static,mid,4.5,3.66,-0.22,0.14,2,2.24,-2.82,0.63
1784032960.442,static,unknown,0.7,7.01,0.18,0.56,2,6.16,3.2,0.95
1784032960.442,pedestrian,unknown,3.2,6.86,0.32,1.42,3,5.84,-3.28,1.49
1784032960.442,static,unknown,0.7,8.03,0.0,0.18,2,4.96,-6.27,0.71
1784032960.568,person,metal,3.6,1.19,-0.0,1.77,16,1.19,0.1,0.09
1784032960.568,person,unknown,4.3,7.59,0.0,0.75,7,6.85,3.14,0.91
1784032960.568,static,mid,4.5,3.66,-0.22,0.14,2,2.24,-2.82,0.63
1784032960.568,static,unknown,0.7,7.0,0.14,0.65,3,6.17,3.18,0.92
1784032960.568,pedestrian,unknown,3.2,6.86,0.32,1.42,3,5.84,-3.28,1.49
1784032960.568,static,unknown,0.7,8.03,0.0,0.18,2,4.96,-6.27,0.71
1784032960.572,person,metal,3.0,1.24,-0.01,1.78,16,1.23,0.13,0.08
1784032960.572,person,unknown,4.3,7.59,0.0,0.75,7,6.85,3.14,0.91
1784032960.572,static,mid,4.5,3.66,-0.22,0.14,2,2.24,-2.82,0.63
1784032960.572,static,unknown,0.7,7.0,0.11,0.72,3,6.17,3.17,0.9
1784032960.572,pedestrian,unknown,3.2,6.86,0.32,1.42,3,5.84,-3.28,1.49
1784032960.572,static,unknown,0.7,8.03,0.0,0.18,2,4.96,-6.27,0.71
1784032960.698,person,metal,3.0,1.3,-0.01,1.79,17,1.29,0.17,0.07
1784032960.698,person,unknown,4.3,7.59,0.0,0.75,7,6.85,3.14,0.91
1784032960.698,static,mid,4.5,3.66,-0.22,0.14,2,2.24,-2.82,0.63
1784032960.698,static,unknown,0.7,7.01,0.09,0.78,3,6.19,3.17,0.9
1784032960.698,pedestrian,unknown,3.2,6.86,0.32,1.42,3,5.84,-3.28,1.49
1784032960.698,static,unknown,0.7,8.03,0.0,0.18,2,4.96,-6.27,0.71
1784032960.702,person,metal,3.0,1.35,-0.01,1.8,17,1.33,0.2,0.06
1784032960.702,person,unknown,4.3,7.59,0.0,0.75,7,6.85,3.14,0.91
1784032960.702,static,mid,4.5,3.66,-0.22,0.14,2,2.24,-2.82,0.63
1784032960.702,static,unknown,0.7,7.02,0.07,0.83,4,6.19,3.17,0.9
1784032960.702,pedestrian,unknown,3.2,6.86,0.32,1.42,3,5.84,-3.28,1.49
1784032960.702,static,unknown,0.7,8.03,0.0,0.18,2,4.96,-6.27,0.71
1784032960.702,static,fabric,-1.5,3.57,-0.15,0.23,4,2.17,-2.74,0.72
1784032960.822,person,metal,3.0,1.97,-0.01,1.79,17,1.87,0.61,0.08
1784032960.822,person,unknown,4.3,7.59,0.0,0.75,7,6.85,3.14,0.91
1784032960.822,static,mid,4.5,3.66,-0.22,0.14,2,2.24,-2.82,0.63
1784032960.822,static,unknown,0.3,7.05,0.06,0.87,4,6.21,3.2,0.91
1784032960.822,pedestrian,unknown,3.2,6.86,0.32,1.42,3,5.84,-3.28,1.49
1784032960.822,static,unknown,0.7,8.03,0.0,0.18,2,4.96,-6.27,0.71
1784032960.822,static,fabric,-1.5,3.57,-0.15,0.24,3,2.17,-2.73,0.74
1784032960.838,person,metal,3.0,1.97,-0.01,1.79,17,1.87,0.61,0.08
1784032960.838,person,unknown,4.3,7.59,0.0,0.75,7,6.85,3.14,0.91
1784032960.838,static,mid,4.5,3.66,-0.22,0.14,2,2.24,-2.82,0.63
1784032960.838,static,unknown,0.3,7.07,0.05,0.92,4,6.23,3.22,0.91
1784032960.838,pedestrian,unknown,3.2,6.86,0.32,1.42,3,5.84,-3.28,1.49
1784032960.838,static,unknown,0.7,8.03,0.0,0.18,2,4.96,-6.27,0.71
1784032960.838,static,fabric,-1.5,3.56,-0.15,0.24,3,2.18,-2.72,0.74
1784032960.954,person,metal,3.0,1.97,-0.01,1.79,17,1.87,0.61,0.08
1784032960.954,person,unknown,4.3,7.59,0.0,0.75,7,6.85,3.14,0.91
1784032960.954,static,mid,4.5,3.66,-0.22,0.14,2,2.24,-2.82,0.63
1784032960.954,static,unknown,0.3,7.1,0.04,0.95,5,6.26,3.24,0.92
1784032960.954,pedestrian,unknown,3.2,6.86,0.32,1.42,3,5.84,-3.28,1.49
1784032960.954,static,unknown,0.7,8.03,0.0,0.18,2,4.96,-6.27,0.71
1784032960.954,static,fabric,-2.1,3.56,-0.14,0.23,3,2.19,-2.7,0.76
1784032960.958,person,metal,3.0,1.97,-0.01,1.79,17,1.87,0.61,0.08
1784032960.958,person,unknown,4.3,7.59,0.0,0.75,7,6.85,3.14,0.91
1784032960.958,static,mid,4.5,3.66,-0.22,0.14,2,2.24,-2.82,0.63
1784032960.958,static,unknown,0.3,7.13,0.04,0.98,5,6.27,3.25,0.92
1784032960.958,pedestrian,unknown,3.2,6.86,0.32,1.42,3,5.84,-3.28,1.49
1784032960.958,static,unknown,0.7,8.03,0.0,0.18,2,4.96,-6.27,0.71
1784032960.958,static,fabric,-2.1,3.56,-0.14,0.22,3,2.2,-2.69,0.76
1784032960.958,static,metal,2.6,1.06,-0.19,2.17,23,1.05,0.15,-0.02
1784032961.09,person,metal,3.0,1.97,-0.01,1.79,17,1.87,0.61,0.08
1784032961.09,static,mid,4.5,3.66,-0.22,0.14,2,2.24,-2.82,0.63
1784032961.09,static,unknown,0.3,7.15,0.03,1.01,5,6.29,3.27,0.92
1784032961.09,pedestrian,unknown,3.2,6.86,0.32,1.42,3,5.84,-3.28,1.49
1784032961.09,static,unknown,0.7,8.03,0.0,0.18,2,4.96,-6.27,0.71
1784032961.09,static,fabric,-2.1,3.56,-0.14,0.22,3,2.2,-2.69,0.76
1784032961.09,static,metal,2.6,1.08,-0.18,2.12,23,1.06,0.17,-0.03
1784032961.09,static,metal,8.3,3.18,0.0,0.16,5,2.89,1.33,0.13
1784032961.105,person,metal,3.0,1.97,-0.01,1.79,17,1.87,0.61,0.08
1784032961.105,static,mid,4.5,3.66,-0.22,0.14,2,2.24,-2.82,0.63
1784032961.105,static,unknown,0.3,7.16,0.03,1.03,6,6.3,3.29,0.92
1784032961.105,pedestrian,unknown,3.2,6.86,0.32,1.42,3,5.84,-3.28,1.49
1784032961.105,static,unknown,0.7,8.03,0.0,0.18,2,4.96,-6.27,0.71
1784032961.105,static,fabric,-2.1,3.56,-0.14,0.22,3,2.2,-2.69,0.76
1784032961.105,static,metal,2.7,1.08,-0.18,2.09,22,1.07,0.18,-0.04
1784032961.105,static,metal,8.3,3.18,0.0,0.16,5,2.89,1.32,0.14
1784032961.227,person,metal,3.0,1.97,-0.01,1.79,17,1.87,0.61,0.08
1784032961.227,static,mid,4.5,3.66,-0.22,0.14,2,2.24,-2.82,0.63
1784032961.227,static,unknown,0.3,7.17,0.03,1.04,6,6.3,3.3,0.92
1784032961.227,pedestrian,unknown,3.2,6.86,0.32,1.42,3,5.84,-3.28,1.49
1784032961.227,static,unknown,0.7,8.03,0.0,0.18,2,4.96,-6.27,0.71
1784032961.227,static,fabric,-2.1,3.56,-0.14,0.22,3,2.2,-2.69,0.76
1784032961.227,person,metal,2.7,1.13,-0.17,2.02,21,1.1,0.24,-0.05
1784032961.227,static,metal,8.3,3.19,0.0,0.16,5,2.9,1.32,0.13
1784032961.369,person,metal,3.0,1.97,-0.01,1.79,17,1.87,0.61,0.08
1784032961.369,static,mid,4.5,3.66,-0.22,0.14,2,2.24,-2.82,0.63
1784032961.369,static,unknown,0.3,7.18,0.03,1.06,6,6.31,3.3,0.93
1784032961.369,pedestrian,unknown,3.2,6.86,0.32,1.42,3,5.84,-3.28,1.49
1784032961.369,static,unknown,0.7,8.03,0.0,0.18,2,4.96,-6.27,0.71
1784032961.369,static,fabric,-2.1,3.56,-0.14,0.22,3,2.2,-2.69,0.76
1784032961.369,person,metal,2.7,1.14,-0.15,1.98,20,1.1,0.26,-0.06
1784032961.369,static,metal,8.3,3.18,0.0,0.17,5,2.89,1.33,0.13
1784032961.457,person,metal,3.0,1.97,-0.01,1.79,17,1.87,0.61,0.08
1784032961.457,static,mid,4.5,3.66,-0.22,0.14,2,2.24,-2.82,0.63
1784032961.457,static,unknown,0.3,7.16,0.02,1.07,6,6.29,3.28,0.96
1784032961.457,pedestrian,unknown,3.2,6.86,0.32,1.42,3,5.84,-3.28,1.49
1784032961.457,static,unknown,0.7,8.03,0.0,0.18,2,4.96,-6.27,0.71
1784032961.457,static,fabric,-2.1,3.56,-0.14,0.22,3,2.2,-2.69,0.76
1784032961.457,person,metal,3.0,1.14,-0.14,1.94,19,1.1,0.28,-0.07
1784032961.457,static,metal,8.2,3.18,0.0,0.17,5,2.88,1.34,0.12
1784032961.469,person,metal,3.0,1.97,-0.01,1.79,17,1.87,0.61,0.08
1784032961.469,static,mid,4.5,3.66,-0.22,0.14,2,2.24,-2.82,0.63
1784032961.469,static,unknown,0.3,7.15,0.02,1.08,6,6.28,3.28,0.97
1784032961.469,pedestrian,unknown,3.2,6.86,0.32,1.42,3,5.84,-3.28,1.49
1784032961.469,static,unknown,0.7,8.03,0.0,0.18,2,4.96,-6.27,0.71
1784032961.469,static,fabric,-2.1,3.56,-0.14,0.22,3,2.2,-2.69,0.76
1784032961.469,person,metal,3.0,1.14,-0.14,1.92,19,1.1,0.3,-0.07
1784032961.469,static,metal,8.2,3.18,0.0,0.17,5,2.88,1.35,0.12
1784032961.588,person,metal,3.0,1.97,-0.01,1.79,17,1.87,0.61,0.08
1784032961.588,static,mid,4.5,3.66,-0.22,0.14,2,2.24,-2.82,0.63
1784032961.588,static,unknown,0.3,7.14,0.02,1.09,6,6.27,3.27,0.99
1784032961.588,pedestrian,unknown,3.2,6.86,0.32,1.42,3,5.84,-3.28,1.49
1784032961.588,static,unknown,0.7,8.03,0.0,0.18,2,4.96,-6.27,0.71
1784032961.588,static,fabric,-2.1,3.56,-0.14,0.22,3,2.2,-2.69,0.76
1784032961.588,person,metal,3.6,1.13,-0.13,1.89,18,1.09,0.3,-0.08
1784032961.588,static,metal,8.2,3.18,0.0,0.17,5,2.87,1.37,0.11
1784032961.711,person,metal,3.0,1.97,-0.01,1.79,17,1.87,0.61,0.08
1784032961.711,static,mid,4.5,3.66,-0.22,0.14,2,2.24,-2.82,0.63
1784032961.711,static,unknown,0.3,7.15,0.02,1.11,7,6.28,3.27,0.96
1784032961.711,static,unknown,0.7,8.03,0.0,0.18,2,4.96,-6.27,0.71
1784032961.711,static,fabric,-2.1,3.56,-0.14,0.22,3,2.2,-2.69,0.76
1784032961.711,person,metal,3.7,1.4,-0.12,1.74,17,1.31,0.47,-0.14
1784032961.711,static,metal,8.2,3.18,0.0,0.17,5,2.87,1.37,0.11
1784032961.843,person,metal,3.0,1.97,-0.01,1.79,17,1.87,0.61,0.08
1784032961.843,static,mid,4.5,3.66,-0.22,0.14,2,2.24,-2.82,0.63
1784032961.843,static,unknown,0.3,7.19,0.02,1.13,7,6.32,3.28,0.92
1784032961.843,static,unknown,0.7,8.03,0.0,0.18,2,4.96,-6.27,0.71
1784032961.843,static,fabric,-2.1,3.56,-0.14,0.22,3,2.2,-2.69,0.76
1784032961.843,person,metal,3.7,1.57,-0.12,1.63,16,1.46,0.55,-0.17
1784032961.843,static,metal,8.0,3.18,0.0,0.17,5,2.87,1.37,0.11
1784032961.942,person,metal,3.0,1.97,-0.01,1.79,17,1.87,0.61,0.08
1784032961.942,static,mid,4.5,3.66,-0.22,0.14,2,2.24,-2.82,0.63
1784032961.942,static,unknown,0.3,7.24,0.02,1.15,7,6.39,3.29,0.87
1784032961.942,static,unknown,0.7,8.03,0.0,0.18,2,4.96,-6.27,0.71
1784032961.942,static,fabric,-2.1,3.56,-0.14,0.22,3,2.2,-2.69,0.76
1784032961.942,person,metal,4.4,1.69,-0.12,1.53,15,1.56,0.61,-0.18
1784032961.942,static,metal,8.0,3.18,0.0,0.17,5,2.87,1.36,0.1
1784032962.072,person,metal,3.0,1.97,-0.01,1.79,17,1.87,0.61,0.08
1784032962.072,static,unknown,0.7,7.3,0.02,1.16,7,6.45,3.3,0.83
1784032962.072,static,fabric,-2.1,3.56,-0.14,0.22,3,2.2,-2.69,0.76
1784032962.072,person,metal,4.4,1.77,-0.12,1.46,15,1.63,0.66,-0.19
1784032962.072,static,metal,8.0,3.19,0.0,0.18,5,2.89,1.35,0.11
1784032962.072,static,mid,4.2,0.42,0.05,0.42,8,0.41,-0.08,0.04
1784032962.199,person,metal,3.0,1.97,-0.01,1.79,17,1.87,0.61,0.08
1784032962.199,static,unknown,0.7,7.36,0.02,1.16,7,6.53,3.31,0.82
1784032962.199,static,fabric,-2.1,3.56,-0.14,0.22,3,2.2,-2.69,0.76
1784032962.199,person,metal,4.4,1.82,-0.11,1.39,14,1.67,0.68,-0.2
1784032962.199,static,metal,7.6,3.19,0.0,0.18,5,2.89,1.33,0.1
1784032962.199,static,mid,4.2,0.42,0.05,0.4,7,0.41,-0.08,0.05
1784032962.276,person,metal,3.0,1.97,-0.01,1.79,17,1.87,0.61,0.08
1784032962.276,static,unknown,0.7,7.41,0.02,1.17,7,6.58,3.31,0.79
1784032962.276,static,fabric,-2.1,3.56,-0.14,0.22,3,2.2,-2.69,0.76
1784032962.276,person,metal,4.4,1.85,-0.11,1.33,14,1.7,0.71,-0.2
1784032962.276,static,metal,7.6,3.2,0.0,0.2,5,2.91,1.32,0.1
1784032962.276,static,mid,4.2,0.44,0.04,0.36,7,0.43,-0.06,0.05
1784032962.276,static,mid,5.2,1.94,0.0,0.46,3,1.05,-1.64,0.07
1784032962.373,person,metal,3.0,1.97,-0.01,1.79,17,1.87,0.61,0.08
1784032962.373,static,unknown,0.7,7.39,0.01,1.17,7,6.57,3.29,0.75
1784032962.373,static,fabric,-2.1,3.56,-0.14,0.22,3,2.2,-2.69,0.76
1784032962.373,person,metal,4.4,1.86,-0.11,1.29,13,1.71,0.72,-0.18
1784032962.373,static,metal,7.6,3.21,0.0,0.21,5,2.93,1.31,0.1
1784032962.373,static,mid,4.2,0.46,0.04,0.33,7,0.45,-0.05,0.06
1784032962.373,static,mid,5.2,1.95,0.0,0.41,3,1.06,-1.64,0.05
1784032962.513,person,metal,3.0,1.97,-0.01,1.79,17,1.87,0.61,0.08
1784032962.513,static,unknown,0.7,7.42,0.01,1.18,7,6.62,3.27,0.73
1784032962.513,person,metal,4.4,1.86,-0.11,1.29,13,1.71,0.72,-0.18
1784032962.513,static,metal,7.5,3.22,0.0,0.22,5,2.95,1.29,0.08
1784032962.513,static,mid,4.2,0.67,0.03,0.5,8,0.67,0.06,0.03
1784032962.513,static,mid,5.0,1.94,0.0,0.38,3,1.06,-1.63,0.04
1784032962.642,person,metal,3.0,1.97,-0.01,1.79,17,1.87,0.61,0.08
1784032962.642,static,unknown,0.7,7.43,0.01,1.19,7,6.65,3.25,0.68
1784032962.642,person,metal,4.4,1.86,-0.11,1.29,13,1.71,0.72,-0.18
1784032962.642,static,metal,7.4,3.22,0.0,0.25,5,2.96,1.26,0.08
1784032962.642,static,mid,4.0,0.82,0.02,0.63,9,0.81,0.14,0.01
1784032962.642,static,mid,5.0,1.94,0.0,0.34,3,1.07,-1.62,0.05
1784032962.743,person,metal,3.0,1.97,-0.01,1.79,17,1.87,0.61,0.08
1784032962.743,static,unknown,0.7,7.38,0.01,1.19,6,6.62,3.2,0.67
1784032962.743,person,metal,4.4,1.86,-0.11,1.29,13,1.71,0.72,-0.18
1784032962.743,static,metal,7.0,3.22,0.0,0.28,5,2.98,1.23,0.09
1784032962.743,static,mid,4.0,0.9,0.02,0.75,10,0.88,0.18,0.01
1784032962.743,static,mid,5.0,1.94,0.0,0.31,3,1.07,-1.62,0.06
1784032962.877,person,metal,3.0,1.97,-0.01,1.79,17,1.87,0.61,0.08
1784032962.877,static,unknown,0.7,7.38,0.01,1.19,6,6.62,3.2,0.67
1784032962.877,person,metal,4.4,1.88,-0.1,1.23,13,1.74,0.7,-0.2
1784032962.877,static,metal,7.0,3.22,0.0,0.3,5,2.98,1.21,0.1
1784032962.877,static,mid,3.7,0.77,0.03,0.76,10,0.76,0.09,0.04
1784032962.877,static,mid,5.0,1.94,0.0,0.28,3,1.07,-1.61,0.06
1784032963.002,person,metal,3.0,1.97,-0.01,1.79,17,1.87,0.61,0.08
1784032963.002,static,unknown,0.7,7.38,0.01,1.19,6,6.62,3.2,0.67
1784032963.002,person,metal,4.4,1.88,-0.1,1.23,13,1.74,0.7,-0.2
1784032963.002,static,metal,6.9,3.22,0.0,0.32,6,2.98,1.21,0.1
1784032963.002,static,metal,3.8,0.82,0.03,0.86,10,0.82,0.12,0.03
1784032963.002,static,mid,5.0,1.95,0.0,0.26,3,1.07,-1.63,0.07
1784032963.095,person,metal,3.0,1.97,-0.01,1.79,17,1.87,0.61,0.08
1784032963.095,static,unknown,0.7,7.38,0.01,1.19,6,6.62,3.2,0.67
1784032963.095,person,metal,4.4,1.88,-0.1,1.23,13,1.74,0.7,-0.2
1784032963.095,static,metal,6.9,3.21,0.0,0.35,6,2.97,1.21,0.1
1784032963.095,static,metal,3.8,0.87,0.04,0.94,11,0.86,0.13,0.02
1784032963.095,static,mid,5.0,1.96,0.0,0.25,3,1.06,-1.64,0.08
1784032963.22,person,metal,3.0,1.97,-0.01,1.79,17,1.87,0.61,0.08
1784032963.22,static,unknown,0.7,7.39,0.01,1.19,6,6.63,3.19,0.66
1784032963.22,person,metal,4.4,1.88,-0.1,1.23,13,1.74,0.7,-0.2
1784032963.22,static,metal,6.9,3.2,0.0,0.34,6,2.95,1.24,0.04
1784032963.22,static,metal,3.8,0.93,0.04,1.02,11,0.92,0.16,-0.0
1784032963.22,static,mid,5.0,1.96,0.0,0.23,3,1.06,-1.65,0.09
1784032963.322,person,metal,3.0,1.97,-0.01,1.79,17,1.87,0.61,0.08
1784032963.322,static,unknown,0.7,7.49,0.01,1.16,6,6.74,3.19,0.67
1784032963.322,person,metal,4.4,1.88,-0.1,1.23,13,1.74,0.7,-0.2
1784032963.322,static,metal,6.9,3.19,0.0,0.33,5,2.94,1.26,-0.0
1784032963.322,static,metal,3.8,0.99,0.05,1.07,12,0.97,0.19,-0.02
1784032963.322,static,mid,5.0,1.96,0.0,0.23,3,1.06,-1.65,0.09
1784032963.439,person,metal,3.0,1.97,-0.01,1.79,17,1.87,0.61,0.08
1784032963.439,static,unknown,0.7,7.46,0.01,1.16,6,6.71,3.17,0.68
1784032963.439,person,metal,4.4,1.88,-0.1,1.23,13,1.74,0.7,-0.2
1784032963.439,static,metal,6.8,3.19,0.0,0.32,5,2.93,1.27,-0.05
1784032963.439,static,metal,4.0,1.01,0.05,1.11,12,0.99,0.19,-0.04
1784032963.439,static,mid,5.0,1.96,0.0,0.22,3,1.05,-1.65,0.07
1784032963.57,person,metal,3.0,1.97,-0.01,1.79,17,1.87,0.61,0.08
1784032963.57,static,unknown,0.7,7.43,0.01,1.17,6,6.7,3.15,0.68
1784032963.57,person,metal,4.4,1.88,-0.1,1.23,13,1.74,0.7,-0.2
1784032963.57,static,metal,6.8,3.19,0.0,0.31,5,2.92,1.28,-0.08
1784032963.57,static,metal,4.0,1.02,0.06,1.16,12,1.01,0.16,-0.04
1784032963.57,static,mid,4.8,1.96,0.0,0.2,3,1.05,-1.65,0.06
1784032963.665,person,metal,3.0,1.97,-0.01,1.79,17,1.87,0.61,0.08
1784032963.665,static,unknown,0.7,7.39,0.01,1.16,6,6.66,3.11,0.7
1784032963.665,person,metal,4.4,1.88,-0.1,1.23,13,1.74,0.7,-0.2
1784032963.665,static,metal,6.8,3.19,0.0,0.31,5,2.91,1.3,-0.12
1784032963.665,static,metal,4.2,1.02,0.07,1.19,13,1.01,0.13,-0.04
1784032963.665,static,mid,4.8,1.96,0.0,0.19,3,1.05,-1.66,0.06
1784032963.801,person,metal,3.0,1.97,-0.01,1.79,17,1.87,0.61,0.08
1784032963.801,static,unknown,0.7,7.29,0.01,1.16,6,6.58,3.07,0.7
1784032963.801,person,metal,4.4,1.88,-0.1,1.23,13,1.74,0.7,-0.2
1784032963.801,static,metal,6.7,3.19,0.0,0.3,5,2.9,1.31,-0.14
1784032963.801,static,metal,4.0,1.0,0.07,1.25,13,1.0,-0.06,-0.03
1784032963.801,static,mid,4.8,1.96,0.0,0.19,3,1.05,-1.66,0.06
1784032963.801,static,fabric,-0.4,3.58,0.08,0.18,3,2.27,-2.75,0.3
1784032963.915,static,unknown,0.7,7.29,0.01,1.16,6,6.58,3.07,0.7
1784032963.915,person,metal,4.4,1.88,-0.1,1.23,13,1.74,0.7,-0.2
1784032963.915,static,metal,6.7,3.19,0.0,0.3,5,2.9,1.31,-0.14
1784032963.915,unknown,metal,3.8,1.08,0.08,1.39,14,1.07,-0.16,-0.04
1784032963.915,static,mid,4.8,1.96,0.0,0.19,3,1.05,-1.66,0.06
1784032963.915,static,fabric,-0.4,3.58,0.08,0.18,3,2.27,-2.75,0.3
1784032964.049,static,unknown,0.7,7.29,0.01,1.16,6,6.58,3.07,0.7
1784032964.049,person,metal,4.4,1.88,-0.1,1.23,13,1.74,0.7,-0.2
1784032964.049,static,metal,6.7,3.19,0.0,0.3,5,2.9,1.31,-0.14
1784032964.049,unknown,metal,3.0,1.15,0.08,1.47,14,1.11,-0.29,-0.06
1784032964.049,static,mid,4.8,1.96,0.0,0.19,3,1.05,-1.66,0.06
1784032964.049,static,fabric,-0.4,3.58,0.08,0.18,3,2.27,-2.75,0.3
1784032964.159,static,unknown,0.7,7.29,0.01,1.16,6,6.58,3.07,0.7
1784032964.159,person,metal,4.4,1.88,-0.1,1.23,13,1.74,0.7,-0.2
1784032964.159,static,metal,6.7,3.19,0.0,0.3,5,2.9,1.31,-0.14
1784032964.159,unknown,metal,2.5,1.22,0.08,1.58,15,1.17,-0.34,-0.08
1784032964.159,static,mid,4.8,1.96,0.0,0.19,3,1.05,-1.66,0.06
1784032964.159,static,fabric,-0.4,3.58,0.08,0.18,3,2.27,-2.75,0.3
1784032964.277,static,unknown,0.7,7.29,0.01,1.16,6,6.58,3.07,0.7
1784032964.277,person,metal,4.4,1.88,-0.1,1.23,13,1.74,0.7,-0.2
1784032964.277,static,metal,6.7,3.19,0.0,0.3,5,2.9,1.31,-0.14
1784032964.277,unknown,metal,2.3,1.27,0.08,1.65,15,1.26,-0.2,-0.07
1784032964.277,static,mid,4.0,1.96,0.0,0.24,3,1.05,-1.66,-0.04
1784032964.277,static,fabric,-0.4,3.58,0.08,0.18,3,2.27,-2.75,0.3
1784032964.375,static,unknown,0.7,7.29,0.01,1.16,6,6.58,3.07,0.7
1784032964.375,person,metal,4.4,1.88,-0.1,1.23,13,1.74,0.7,-0.2
1784032964.375,static,metal,6.7,3.19,0.0,0.3,5,2.9,1.31,-0.14
1784032964.375,unknown,metal,1.6,1.3,0.08,1.7,15,1.3,-0.09,-0.06
1784032964.375,static,mid,3.8,1.96,0.0,0.29,3,1.05,-1.66,-0.07
1784032964.375,static,fabric,-0.4,3.58,0.08,0.18,3,2.27,-2.75,0.3
1784032964.375,static,unknown,-0.4,8.03,0.0,0.43,2,5.15,-6.14,0.42
1784032964.47,static,unknown,0.7,7.29,0.01,1.16,6,6.58,3.07,0.7
1784032964.47,person,metal,4.4,1.88,-0.1,1.23,13,1.74,0.7,-0.2
1784032964.47,static,metal,6.7,3.19,0.0,0.29,5,2.9,1.31,-0.15
1784032964.47,unknown,metal,1.6,1.22,0.08,1.69,16,1.21,-0.07,-0.04
1784032964.47,static,mid,2.6,1.96,0.0,0.27,3,1.05,-1.66,-0.04
1784032964.47,static,fabric,-0.4,3.58,0.08,0.18,3,2.27,-2.75,0.3
1784032964.47,static,unknown,-0.4,8.03,0.0,0.42,2,5.15,-6.14,0.42
1784032964.605,static,unknown,0.7,7.29,0.01,1.16,6,6.58,3.07,0.7
1784032964.605,person,metal,4.4,1.88,-0.1,1.23,13,1.74,0.7,-0.2
1784032964.605,static,metal,6.6,3.19,0.0,0.29,5,2.9,1.31,-0.16
1784032964.605,unknown,metal,1.6,1.15,0.09,1.68,16,1.15,-0.06,-0.02
1784032964.605,static,mid,2.5,1.96,0.0,0.26,3,1.05,-1.66,-0.02
1784032964.605,static,fabric,-0.4,3.58,0.08,0.18,3,2.27,-2.75,0.3
1784032964.605,static,unknown,-0.4,8.02,0.0,0.49,2,5.09,-6.19,0.43
1784032964.605,static,unknown,0.2,6.48,0.13,0.55,2,4.7,-4.37,0.91
1784032964.605,static,unknown,0.2,6.48,0.13,0.52,2,6.28,1.53,0.48
1784032964.702,static,unknown,0.7,7.29,0.01,1.16,6,6.58,3.07,0.7
1784032964.702,person,metal,4.4,1.88,-0.1,1.23,13,1.74,0.7,-0.2
1784032964.702,static,metal,6.6,3.18,0.0,0.29,5,2.9,1.31,-0.17
1784032964.702,unknown,metal,1.6,1.1,0.1,1.67,17,1.1,-0.05,-0.01
1784032964.702,static,mid,0.5,1.96,0.0,0.25,3,1.05,-1.66,0.0
1784032964.702,static,fabric,-0.4,3.58,0.08,0.18,3,2.27,-2.75,0.3
1784032964.702,static,unknown,-0.4,8.02,0.0,0.54,3,5.05,-6.22,0.43
1784032964.702,static,unknown,0.2,6.49,0.13,0.59,2,4.68,-4.41,0.85
1784032964.702,static,unknown,0.2,6.49,0.13,0.56,2,6.29,1.53,0.51
1784032964.829,static,unknown,0.7,7.29,0.01,1.16,6,6.58,3.07,0.7
1784032964.829,person,metal,4.4,1.88,-0.1,1.23,13,1.74,0.7,-0.2
1784032964.829,static,metal,6.5,3.18,0.0,0.28,5,2.9,1.3,-0.18
1784032964.829,static,metal,2.5,1.06,0.1,1.66,17,1.06,-0.04,-0.01
1784032964.829,static,mid,0.4,1.96,0.0,0.24,4,1.05,-1.66,0.01
1784032964.829,static,fabric,-0.4,3.58,0.08,0.18,3,2.27,-2.75,0.3
1784032964.829,static,unknown,-0.4,8.02,0.0,0.53,3,5.0,-6.26,0.46
1784032964.829,static,unknown,0.2,6.49,0.13,0.59,2,4.68,-4.41,0.85
1784032964.829,static,unknown,0.2,6.49,0.13,0.56,2,6.29,1.53,0.51
1784032964.964,static,unknown,0.7,7.29,0.01,1.16,6,6.58,3.07,0.7
1784032964.964,person,metal,4.4,1.88,-0.1,1.23,13,1.74,0.7,-0.2
1784032964.964,static,metal,6.5,3.18,0.0,0.28,5,2.9,1.3,-0.17
1784032964.964,static,metal,2.6,1.03,0.1,1.64,17,1.03,-0.03,-0.02
1784032964.964,static,mid,0.4,1.96,0.0,0.23,4,1.05,-1.66,0.01
1784032964.964,static,fabric,-0.4,3.58,0.08,0.18,3,2.27,-2.75,0.3
1784032964.964,static,unknown,-0.4,8.02,0.0,0.53,3,4.95,-6.3,0.47
1784032964.964,static,unknown,0.2,6.51,0.11,0.68,2,4.64,-4.48,0.85
1784032964.964,static,unknown,0.2,6.52,0.11,0.56,2,6.3,1.57,0.56
1784032965.104,static,unknown,0.7,7.29,0.01,1.16,6,6.58,3.07,0.7
1784032965.104,person,metal,4.4,1.88,-0.1,1.23,13,1.74,0.7,-0.2
1784032965.104,static,metal,6.5,3.18,0.0,0.28,5,2.9,1.3,-0.16
1784032965.104,static,metal,2.6,0.98,0.1,1.62,17,0.98,0.03,-0.01
1784032965.104,static,mid,0.4,1.96,0.0,0.23,4,1.05,-1.66,0.01
1784032965.104,static,fabric,-0.4,3.58,0.08,0.18,3,2.27,-2.75,0.3
1784032965.104,static,unknown,0.3,8.02,0.0,0.52,3,4.9,-6.33,0.48
1784032965.104,static,unknown,0.2,6.51,0.11,0.68,2,4.64,-4.48,0.85
1784032965.104,static,unknown,0.2,6.52,0.11,0.56,2,6.3,1.57,0.56
1784032965.205,static,unknown,0.7,7.29,0.01,1.16,6,6.58,3.07,0.7
1784032965.205,person,metal,4.4,1.88,-0.1,1.23,13,1.74,0.7,-0.2
1784032965.205,static,metal,6.4,3.18,0.0,0.28,5,2.9,1.29,-0.15
1784032965.205,static,metal,3.4,0.97,0.1,1.61,17,0.97,0.06,0.01
1784032965.205,static,mid,0.4,1.96,0.0,0.23,4,1.05,-1.66,0.01
1784032965.205,static,fabric,-0.4,3.58,0.08,0.18,3,2.27,-2.75,0.3
1784032965.205,static,unknown,0.3,8.02,0.0,0.51,3,4.86,-6.36,0.48
1784032965.205,static,unknown,0.2,6.51,0.11,0.68,2,4.64,-4.48,0.85
1784032965.205,static,unknown,0.2,6.52,0.11,0.56,2,6.3,1.57,0.56
1784032965.34,person,metal,4.4,1.88,-0.1,1.23,13,1.74,0.7,-0.2
1784032965.34,static,metal,6.4,3.18,0.0,0.28,5,2.9,1.29,-0.15
1784032965.34,static,metal,4.8,0.95,0.1,1.6,17,0.94,0.13,0.03
1784032965.34,static,mid,0.4,1.96,0.0,0.23,4,1.05,-1.66,0.01
1784032965.34,static,unknown,0.4,8.02,0.0,0.5,4,4.81,-6.4,0.49
1784032965.34,static,unknown,0.2,6.51,0.11,0.68,2,4.64,-4.48,0.85
1784032965.34,static,unknown,0.2,6.52,0.11,0.56,2,6.3,1.57,0.56
1784032965.47,person,metal,4.4,1.88,-0.1,1.23,13,1.74,0.7,-0.2
1784032965.47,static,metal,6.4,3.18,0.0,0.28,5,2.9,1.29,-0.15
1784032965.47,static,metal,7.9,0.94,0.1,1.59,17,0.92,0.18,0.06
1784032965.47,static,mid,0.4,1.96,0.0,0.23,4,1.05,-1.66,0.01
1784032965.47,static,unknown,1.1,8.02,0.0,0.47,4,4.75,-6.44,0.49
1784032965.47,static,unknown,0.2,6.51,0.11,0.68,2,4.64,-4.48,0.85
1784032965.47,static,unknown,0.2,6.52,0.11,0.56,2,6.3,1.57,0.56
1784032965.601,person,metal,4.4,1.88,-0.1,1.23,13,1.74,0.7,-0.2
1784032965.601,static,metal,6.4,3.18,0.0,0.28,5,2.9,1.29,-0.15
1784032965.601,static,metal,8.2,0.94,0.11,1.58,17,0.9,0.23,0.08
1784032965.601,static,mid,0.4,1.96,0.0,0.23,4,1.05,-1.66,0.01
1784032965.601,static,unknown,1.1,8.02,0.0,0.47,4,4.74,-6.45,0.52
1784032965.601,static,unknown,0.2,6.51,0.11,0.68,2,4.64,-4.48,0.85
1784032965.601,static,unknown,0.2,6.52,0.11,0.56,2,6.3,1.57,0.56
1784032965.709,person,metal,4.4,1.88,-0.1,1.23,13,1.74,0.7,-0.2
1784032965.709,static,metal,6.4,3.19,0.0,0.28,5,2.92,1.28,-0.11
1784032965.709,static,metal,8.8,0.93,0.1,1.58,17,0.88,0.3,0.1
1784032965.709,static,mid,0.4,1.96,0.0,0.23,4,1.05,-1.66,0.01
1784032965.709,static,unknown,2.3,8.02,0.0,0.47,4,4.75,-6.44,0.55
1784032965.709,static,unknown,0.2,6.51,0.11,0.68,2,4.64,-4.48,0.85
1784032965.709,static,unknown,0.2,6.52,0.11,0.56,2,6.3,1.57,0.56
1784032965.839,person,metal,4.4,1.88,-0.1,1.23,13,1.74,0.7,-0.2
1784032965.839,static,metal,6.4,3.19,0.0,0.28,5,2.93,1.27,-0.1
1784032965.839,unknown,metal,9.4,0.97,0.1,1.59,17,0.9,0.34,0.08
1784032965.839,static,mid,0.4,1.96,0.0,0.23,4,1.05,-1.66,0.01
1784032965.839,static,unknown,2.3,8.02,0.0,0.47,4,4.8,-6.4,0.61
1784032965.839,static,unknown,0.2,6.51,0.11,0.68,2,4.64,-4.48,0.85
1784032965.839,static,unknown,0.2,6.52,0.11,0.56,2,6.3,1.57,0.56
1784032965.979,static,metal,6.4,3.19,0.0,0.27,5,2.93,1.27,-0.09
1784032965.979,unknown,metal,9.8,1.0,0.09,1.6,17,0.92,0.37,0.07
1784032965.979,static,mid,0.4,1.96,0.0,0.23,4,1.05,-1.66,0.01
1784032965.979,static,unknown,2.5,8.02,0.0,0.47,4,4.83,-6.37,0.66
1784032965.979,static,unknown,0.2,6.51,0.11,0.68,2,4.64,-4.48,0.85
1784032965.979,static,unknown,0.2,6.52,0.11,0.56,2,6.3,1.57,0.56
1784032966.077,static,metal,6.4,3.19,0.0,0.27,5,2.92,1.27,-0.1
1784032966.077,unknown,metal,9.8,1.03,0.08,1.62,17,0.95,0.38,0.05
1784032966.077,static,mid,0.4,1.96,0.0,0.23,4,1.05,-1.66,0.01
1784032966.077,static,unknown,2.8,8.02,0.0,0.46,4,4.83,-6.37,0.68
1784032966.077,static,unknown,0.2,6.51,0.11,0.68,2,4.64,-4.48,0.85
1784032966.077,static,unknown,0.2,6.52,0.11,0.56,2,6.3,1.57,0.56
1784032966.203,static,metal,6.4,3.19,0.0,0.27,5,2.92,1.27,-0.1
1784032966.203,unknown,metal,8.9,1.05,0.08,1.63,17,0.98,0.38,0.03
1784032966.203,static,mid,0.4,1.96,0.0,0.23,4,1.05,-1.66,0.01
1784032966.203,static,unknown,2.8,8.02,0.0,0.46,4,4.83,-6.37,0.7
1784032966.203,static,unknown,0.2,6.51,0.11,0.68,2,4.64,-4.48,0.85
1784032966.203,static,unknown,0.2,6.52,0.11,0.56,2,6.3,1.57,0.56
1784032966.203,static,unknown,-0.0,7.68,0.0,0.12,4,6.98,3.12,0.74
1784032966.34,static,metal,5.6,3.18,0.0,0.27,5,2.92,1.27,-0.11
1784032966.34,unknown,metal,8.7,1.06,0.08,1.64,17,0.99,0.36,0.02
1784032966.34,static,mid,0.4,1.96,0.0,0.23,4,1.05,-1.66,0.01
1784032966.34,static,unknown,2.8,8.02,0.0,0.46,4,4.8,-6.39,0.69
1784032966.34,static,unknown,0.2,6.51,0.11,0.68,2,4.64,-4.48,0.85
1784032966.34,static,unknown,0.2,6.52,0.11,0.56,2,6.3,1.57,0.56
1784032966.34,static,unknown,-0.0,7.68,0.0,0.11,4,6.98,3.12,0.74
1784032966.468,static,metal,5.4,3.18,0.0,0.26,5,2.91,1.27,-0.11
1784032966.468,unknown,metal,8.9,0.99,0.08,1.61,17,0.85,0.51,0.05
1784032966.468,static,unknown,2.8,8.02,0.0,0.46,4,4.81,-6.38,0.69
1784032966.468,static,unknown,-0.0,7.68,0.0,0.1,4,6.98,3.12,0.74
1784032966.598,static,metal,5.2,3.18,0.0,0.26,5,2.91,1.28,-0.11
1784032966.598,unknown,metal,8.9,0.97,0.08,1.58,17,0.76,0.61,0.06
1784032966.598,static,unknown,2.8,8.02,0.0,0.46,4,4.84,-6.36,0.68
1784032966.598,static,unknown,-0.0,7.68,0.0,0.09,4,6.98,3.12,0.74
1784032966.696,static,metal,4.3,3.18,0.0,0.26,5,2.91,1.28,-0.11
1784032966.696,pedestrian,metal,9.8,0.98,0.08,1.55,16,0.71,0.67,0.07
1784032966.696,static,unknown,2.8,8.02,0.0,0.47,4,4.84,-6.36,0.7
1784032966.696,static,unknown,0.4,7.68,0.0,0.1,4,6.97,3.14,0.73
1784032966.824,static,metal,4.2,3.18,0.0,0.26,5,2.91,1.28,-0.11
1784032966.824,pedestrian,metal,9.8,1.0,0.08,1.52,16,0.68,0.73,0.03
1784032966.824,static,unknown,2.7,8.02,0.0,0.47,4,4.81,-6.38,0.7
1784032966.824,static,unknown,0.4,7.68,0.0,0.12,4,6.96,3.17,0.73
1784032966.824,static,fabric,1.1,1.58,0.0,0.47,6,1.53,-0.39,-0.07
1784032966.95,static,metal,4.0,3.18,0.0,0.26,5,2.91,1.29,-0.11
1784032966.95,pedestrian,metal,9.8,1.0,0.08,1.52,16,0.68,0.73,0.03
1784032966.95,static,unknown,2.7,8.02,0.0,0.48,4,4.77,-6.41,0.72
1784032966.95,static,unknown,0.1,7.68,0.0,0.13,4,6.93,3.22,0.72
1784032966.95,static,fabric,1.1,1.59,0.0,0.47,6,1.54,-0.38,-0.09
1784032967.048,static,metal,3.4,3.18,0.0,0.25,6,2.91,1.28,-0.1
1784032967.048,pedestrian,metal,9.8,1.0,0.08,1.52,16,0.68,0.73,0.03
1784032967.048,static,unknown,2.7,8.02,0.0,0.47,4,4.71,-6.45,0.76
1784032967.048,static,unknown,0.1,7.68,0.0,0.15,4,6.92,3.25,0.71
1784032967.048,static,fabric,1.1,1.59,0.0,0.47,6,1.54,-0.37,-0.1
1784032967.176,static,mid,3.4,3.18,0.0,0.25,6,2.91,1.28,-0.1
1784032967.176,pedestrian,metal,9.8,1.0,0.08,1.52,16,0.68,0.73,0.03
1784032967.176,static,unknown,2.7,8.02,0.0,0.45,4,4.68,-6.47,0.75
1784032967.176,static,unknown,-0.0,7.68,0.0,0.16,4,6.91,3.27,0.71
1784032967.176,static,fabric,1.1,1.59,0.0,0.47,7,1.55,-0.36,-0.12
1784032967.176,pedestrian,unknown,0.5,5.65,-0.65,0.14,2,3.24,4.59,0.59
1784032967.317,static,mid,3.3,3.18,0.0,0.25,6,2.91,1.27,-0.09
1784032967.317,pedestrian,metal,9.8,1.0,0.08,1.52,16,0.68,0.73,0.03
1784032967.317,static,unknown,2.7,8.02,0.0,0.45,4,4.68,-6.47,0.75
1784032967.317,static,unknown,-0.0,7.68,0.0,0.17,5,6.91,3.27,0.71
1784032967.317,static,fabric,1.1,1.6,0.0,0.47,7,1.56,-0.34,-0.13
1784032967.317,pedestrian,unknown,0.5,5.65,-0.65,0.14,2,3.24,4.59,0.59
1784032967.455,static,mid,3.2,3.18,0.0,0.25,6,2.92,1.27,-0.09
1784032967.455,pedestrian,metal,9.8,1.0,0.08,1.52,16,0.68,0.73,0.03
1784032967.455,static,unknown,2.7,8.02,0.0,0.45,4,4.68,-6.47,0.75
1784032967.455,static,unknown,-0.0,7.68,0.0,0.17,5,6.91,3.27,0.71
1784032967.455,static,mid,1.1,1.61,0.0,0.47,7,1.56,-0.33,-0.15
1784032967.455,pedestrian,unknown,0.5,5.65,-0.65,0.14,2,3.24,4.59,0.59
1784032967.582,static,mid,3.1,3.18,0.0,0.25,6,2.92,1.26,-0.08
1784032967.582,pedestrian,metal,9.8,1.0,0.08,1.52,16,0.68,0.73,0.03
1784032967.582,static,unknown,2.7,8.02,0.0,0.45,4,4.68,-6.47,0.75
1784032967.582,static,unknown,-0.0,7.68,0.0,0.18,5,6.91,3.27,0.71
1784032967.582,static,mid,1.1,1.61,0.0,0.47,8,1.57,-0.32,-0.17
1784032967.582,pedestrian,unknown,0.5,5.65,-0.65,0.14,2,3.24,4.59,0.59
1784032967.71,static,mid,3.1,3.19,0.0,0.25,6,2.93,1.25,-0.07
1784032967.71,pedestrian,metal,9.8,1.0,0.08,1.52,16,0.68,0.73,0.03
1784032967.71,static,unknown,2.7,8.02,0.0,0.45,4,4.68,-6.47,0.75
1784032967.71,static,unknown,-0.0,7.68,0.0,0.19,5,6.92,3.25,0.7
1784032967.71,static,mid,1.1,1.61,0.0,0.47,8,1.57,-0.31,-0.17
1784032967.71,pedestrian,unknown,0.5,5.65,-0.65,0.14,2,3.24,4.59,0.59
1784032967.812,static,mid,3.1,3.18,0.0,0.25,6,2.93,1.25,-0.07
1784032967.812,pedestrian,metal,9.8,1.0,0.08,1.52,16,0.68,0.73,0.03
1784032967.812,static,unknown,2.7,8.02,0.0,0.45,4,4.68,-6.47,0.75
1784032967.812,static,unknown,-0.0,7.68,0.0,0.19,5,6.92,3.25,0.69
1784032967.812,static,mid,1.1,1.62,0.0,0.47,8,1.58,-0.31,-0.18
1784032967.812,pedestrian,unknown,0.5,5.65,-0.65,0.14,2,3.24,4.59,0.59
1784032967.899,static,mid,3.1,3.18,0.0,0.24,6,2.92,1.26,-0.07
1784032967.899,pedestrian,metal,9.8,1.0,0.08,1.52,16,0.68,0.73,0.03
1784032967.899,static,unknown,2.7,8.02,0.0,0.45,4,4.68,-6.47,0.75
1784032967.899,static,unknown,-0.0,7.68,0.0,0.19,5,6.92,3.25,0.67
1784032967.899,static,mid,1.1,1.62,0.0,0.47,8,1.58,-0.31,-0.18
1784032967.899,pedestrian,unknown,0.5,5.65,-0.65,0.14,2,3.24,4.59,0.59
1784032968.03,static,mid,3.0,3.19,0.0,0.24,6,2.92,1.27,-0.07
1784032968.03,pedestrian,metal,9.8,1.0,0.08,1.52,16,0.68,0.73,0.03
1784032968.03,static,unknown,2.7,8.02,0.0,0.45,4,4.68,-6.47,0.75
1784032968.03,static,unknown,-0.0,7.68,0.0,0.2,5,6.91,3.27,0.66
1784032968.03,static,mid,1.1,1.62,0.0,0.48,8,1.58,-0.3,-0.18
1784032968.03,pedestrian,unknown,0.5,5.65,-0.65,0.14,2,3.24,4.59,0.59
1784032968.162,static,mid,3.0,3.19,0.0,0.24,6,2.92,1.27,-0.07
1784032968.162,pedestrian,metal,9.8,1.0,0.08,1.52,16,0.68,0.73,0.03
1784032968.162,static,unknown,2.7,8.02,0.0,0.45,4,4.68,-6.47,0.75
1784032968.162,static,unknown,-0.0,7.68,0.0,0.19,5,6.9,3.3,0.66
1784032968.162,static,mid,1.1,1.62,0.0,0.48,8,1.58,-0.3,-0.18
1784032968.162,pedestrian,unknown,0.5,5.65,-0.65,0.14,2,3.24,4.59,0.59
1784032968.254,static,mid,3.0,3.18,0.0,0.24,6,2.92,1.28,-0.08
1784032968.254,pedestrian,metal,9.8,1.0,0.08,1.52,16,0.68,0.73,0.03
1784032968.254,static,unknown,2.7,8.02,0.0,0.45,4,4.68,-6.47,0.75
1784032968.254,static,unknown,-0.0,7.68,0.0,0.19,5,6.89,3.32,0.66
1784032968.254,static,mid,1.1,1.62,0.0,0.48,8,1.58,-0.29,-0.19
1784032968.254,pedestrian,unknown,0.5,5.65,-0.65,0.14,2,3.24,4.59,0.59
1784032968.374,static,mid,3.0,3.18,0.0,0.23,6,2.91,1.28,-0.08
1784032968.374,static,unknown,2.7,8.02,0.0,0.45,4,4.68,-6.47,0.75
1784032968.374,static,unknown,-0.0,7.68,0.0,0.18,5,6.88,3.34,0.66
1784032968.374,static,mid,1.1,1.62,0.0,0.48,9,1.58,-0.29,-0.18
1784032968.374,pedestrian,unknown,0.5,5.65,-0.65,0.14,2,3.24,4.59,0.59
1784032968.497,static,mid,3.0,3.18,0.0,0.23,6,2.91,1.29,-0.08
1784032968.497,static,unknown,2.7,8.02,0.0,0.45,4,4.68,-6.47,0.75
1784032968.497,static,unknown,-0.0,7.68,0.0,0.18,5,6.88,3.34,0.67
1784032968.497,static,mid,1.1,1.62,0.0,0.48,9,1.59,-0.29,-0.18
1784032968.497,pedestrian,unknown,0.5,5.65,-0.65,0.14,2,3.24,4.59,0.59
1784032968.584,static,mid,3.0,3.18,0.0,0.23,6,2.91,1.29,-0.08
1784032968.584,static,unknown,2.7,8.02,0.0,0.45,4,4.68,-6.47,0.75
1784032968.584,static,unknown,-0.0,7.68,0.0,0.18,5,6.88,3.33,0.68
1784032968.584,static,mid,1.1,1.62,0.0,0.48,9,1.59,-0.28,-0.19
1784032968.584,pedestrian,unknown,0.5,5.65,-0.65,0.14,2,3.24,4.59,0.59
1784032968.674,static,mid,3.0,3.18,0.0,0.22,6,2.91,1.29,-0.08
1784032968.674,static,unknown,2.7,8.02,0.0,0.45,4,4.68,-6.47,0.75
1784032968.674,static,unknown,-0.0,7.68,0.0,0.18,5,6.88,3.32,0.68
1784032968.674,static,mid,1.1,1.62,0.0,0.48,9,1.59,-0.28,-0.18
1784032968.674,pedestrian,unknown,0.5,5.65,-0.65,0.14,2,3.24,4.59,0.59
1784032968.783,static,mid,3.0,3.18,0.0,0.22,6,2.91,1.28,-0.08
1784032968.783,static,unknown,-0.0,7.67,0.0,0.19,5,6.89,3.3,0.69
1784032968.783,static,mid,1.1,1.62,0.0,0.49,9,1.59,-0.28,-0.19
1784032968.888,static,mid,3.0,3.18,0.0,0.22,6,2.92,1.28,-0.07
1784032968.888,static,unknown,-0.0,7.67,0.0,0.19,5,6.9,3.29,0.7
1784032968.888,static,mid,1.1,1.62,0.0,0.49,9,1.59,-0.28,-0.19
1784032968.954,static,mid,3.0,3.18,0.0,0.22,6,2.92,1.28,-0.07
1784032968.954,static,unknown,-0.0,7.67,0.0,0.2,5,6.9,3.28,0.71
1784032968.954,static,mid,1.1,1.62,0.0,0.49,9,1.59,-0.28,-0.19
1784032969.015,static,mid,3.0,3.18,0.0,0.22,6,2.92,1.27,-0.07
1784032969.015,static,unknown,-0.0,7.67,0.0,0.2,5,6.91,3.27,0.72
1784032969.015,static,mid,1.1,1.62,0.0,0.49,9,1.58,-0.29,-0.19
1784032969.075,static,mid,3.0,3.18,0.0,0.21,6,2.92,1.27,-0.07
1784032969.075,static,unknown,-0.0,7.67,0.0,0.21,5,6.91,3.27,0.72
1784032969.075,static,mid,1.1,1.62,0.0,0.49,9,1.58,-0.29,-0.19
1784032969.202,static,mid,3.0,3.18,0.0,0.21,6,2.92,1.27,-0.06
1784032969.202,static,unknown,0.1,7.67,0.0,0.21,5,6.91,3.26,0.72
1784032969.202,static,mid,1.1,1.62,0.0,0.49,9,1.58,-0.29,-0.19
1784032969.261,static,mid,3.0,3.18,0.0,0.21,6,2.92,1.28,-0.07
1784032969.261,static,unknown,0.1,7.68,0.0,0.21,5,6.9,3.28,0.71
1784032969.261,static,mid,1.2,1.62,0.0,0.49,9,1.58,-0.3,-0.18
1784032969.394,static,mid,3.0,3.18,0.0,0.21,6,2.91,1.28,-0.06
1784032969.394,static,unknown,0.1,7.68,0.0,0.22,5,6.9,3.29,0.71
1784032969.394,static,mid,1.2,1.61,0.0,0.49,9,1.57,-0.3,-0.18
1784032969.496,static,mid,3.0,3.18,0.0,0.21,6,2.91,1.28,-0.06
1784032969.496,static,unknown,0.1,7.67,0.0,0.22,5,6.9,3.28,0.71
1784032969.496,static,mid,1.4,1.61,0.0,0.49,9,1.57,-0.31,-0.18
1784032969.622,static,mid,3.0,3.18,0.0,0.21,6,2.91,1.29,-0.06
1784032969.622,static,unknown,0.1,7.68,0.0,0.22,5,6.9,3.29,0.71
1784032969.622,static,mid,2.9,1.61,0.0,0.49,9,1.58,-0.31,-0.17
1784032969.721,static,mid,3.0,3.18,0.0,0.21,6,2.91,1.29,-0.06
1784032969.721,static,unknown,0.1,7.67,0.0,0.22,5,6.89,3.3,0.72
1784032969.721,static,mid,3.2,1.62,0.0,0.49,9,1.58,-0.31,-0.18
1784032969.837,static,mid,3.0,3.18,0.0,0.21,6,2.91,1.29,-0.06
1784032969.837,static,unknown,0.1,7.68,0.0,0.23,5,6.89,3.31,0.72
1784032969.837,static,mid,3.4,1.62,0.0,0.49,10,1.58,-0.31,-0.18
1784032969.969,static,mid,3.0,3.18,0.0,0.21,6,2.91,1.29,-0.06
1784032969.969,static,unknown,0.1,7.68,0.0,0.22,5,6.88,3.33,0.71
1784032969.969,static,mid,3.4,1.62,0.0,0.49,10,1.58,-0.3,-0.18
1784032969.969,static,unknown,0.5,8.02,0.0,0.32,4,4.86,-6.35,0.68
1784032970.075,static,fabric,3.0,3.18,0.0,0.21,6,2.91,1.29,-0.06
1784032970.075,static,unknown,0.1,7.68,0.0,0.22,5,6.88,3.34,0.71
1784032970.075,static,mid,3.4,1.62,0.0,0.49,10,1.58,-0.3,-0.19
1784032970.075,static,unknown,0.5,8.02,0.0,0.35,4,4.85,-6.36,0.68
1784032970.193,static,fabric,3.0,3.18,0.0,0.21,6,2.91,1.28,-0.06
1784032970.193,static,unknown,0.1,7.68,0.0,0.21,5,6.88,3.35,0.71
1784032970.193,static,mid,3.4,1.62,0.0,0.49,10,1.58,-0.3,-0.19
1784032970.193,static,unknown,0.5,8.02,0.0,0.36,4,4.86,-6.34,0.69
1784032970.293,static,fabric,3.0,3.18,0.0,0.21,6,2.92,1.28,-0.05
1784032970.293,static,unknown,0.1,7.68,0.0,0.21,5,6.87,3.35,0.7
1784032970.293,static,mid,3.4,1.62,0.0,0.49,10,1.58,-0.3,-0.19
1784032970.293,static,unknown,0.5,8.02,0.0,0.32,4,4.89,-6.32,0.71
1784032970.365,static,fabric,3.0,3.18,0.0,0.2,6,2.92,1.27,-0.05
1784032970.365,static,unknown,0.1,7.68,0.0,0.21,5,6.87,3.35,0.7
1784032970.365,static,mid,3.4,1.62,0.0,0.49,10,1.58,-0.3,-0.19
1784032970.365,static,unknown,0.5,8.02,0.0,0.28,4,4.91,-6.3,0.73
1784032970.481,static,fabric,3.0,3.19,0.0,0.2,6,2.92,1.26,-0.05
1784032970.481,static,unknown,0.1,7.68,0.0,0.2,5,6.87,3.36,0.7
1784032970.481,static,mid,3.4,1.62,0.0,0.49,10,1.58,-0.3,-0.19
1784032970.481,static,unknown,0.0,8.02,0.0,0.26,5,4.93,-6.29,0.74
1784032970.575,static,fabric,3.0,3.19,0.0,0.2,6,2.93,1.26,-0.04
1784032970.575,static,unknown,0.2,7.68,0.0,0.2,5,6.88,3.34,0.7
1784032970.575,static,mid,3.4,1.62,0.0,0.49,10,1.58,-0.3,-0.19
1784032970.575,static,unknown,0.0,8.02,0.0,0.24,5,4.93,-6.28,0.74
1784032970.676,static,fabric,3.0,3.19,0.0,0.2,6,2.92,1.27,-0.04
1784032970.676,static,unknown,0.2,7.68,0.0,0.2,5,6.88,3.33,0.71
1784032970.676,static,mid,3.4,1.62,0.0,0.49,10,1.58,-0.29,-0.19
1784032970.676,static,unknown,-0.4,8.02,0.0,0.22,5,4.94,-6.28,0.75
1784032970.777,static,fabric,3.0,3.19,0.0,0.2,6,2.92,1.27,-0.04
1784032970.777,static,unknown,0.2,7.68,0.0,0.21,5,6.88,3.32,0.7
1784032970.777,static,mid,3.4,1.62,0.0,0.49,10,1.58,-0.3,-0.19
1784032970.777,static,unknown,-0.4,8.03,0.0,0.21,5,4.95,-6.28,0.74
1784032970.907,static,fabric,3.0,3.19,0.0,0.2,6,2.92,1.28,-0.04
1784032970.907,static,unknown,0.2,7.68,0.0,0.21,5,6.89,3.32,0.71
1784032970.907,static,mid,3.4,1.62,0.0,0.49,10,1.58,-0.3,-0.18
1784032970.907,static,unknown,-0.4,8.03,0.0,0.19,5,4.95,-6.27,0.75
1784032971.015,static,fabric,3.0,3.19,0.0,0.2,6,2.92,1.28,-0.04
1784032971.015,static,unknown,0.2,7.68,0.0,0.21,5,6.89,3.32,0.71
1784032971.015,static,mid,3.4,1.62,0.0,0.49,10,1.58,-0.3,-0.18
1784032971.015,static,unknown,-0.4,8.03,0.0,0.18,5,4.95,-6.27,0.76
1784032971.124,static,fabric,3.0,3.19,0.0,0.2,6,2.92,1.28,-0.04
1784032971.124,static,unknown,0.2,7.68,0.0,0.21,5,6.88,3.33,0.72
1784032971.124,static,mid,3.4,1.62,0.0,0.49,10,1.58,-0.3,-0.18
1784032971.124,static,unknown,-0.4,8.02,0.0,0.2,5,4.92,-6.29,0.76
1784032971.26,static,fabric,3.0,3.19,0.0,0.2,6,2.92,1.27,-0.04
1784032971.26,static,unknown,0.2,7.68,0.0,0.21,5,6.88,3.32,0.73
1784032971.26,static,mid,3.4,1.62,0.0,0.49,10,1.58,-0.3,-0.18
1784032971.26,static,unknown,-0.4,8.02,0.0,0.21,5,4.91,-6.3,0.77
1784032971.364,static,fabric,3.0,3.19,0.0,0.2,6,2.92,1.27,-0.04
1784032971.364,static,unknown,0.2,7.68,0.0,0.21,5,6.89,3.32,0.73
1784032971.364,static,mid,3.4,1.62,0.0,0.49,10,1.58,-0.3,-0.18
1784032971.364,static,unknown,-0.4,8.02,0.0,0.22,5,4.9,-6.31,0.77
1784032971.487,static,fabric,3.0,3.18,0.0,0.2,6,2.92,1.28,-0.04
1784032971.487,static,unknown,0.2,7.68,0.0,0.21,5,6.89,3.32,0.74
1784032971.487,static,mid,3.4,1.58,0.0,0.5,10,1.54,-0.29,-0.17
1784032971.487,static,unknown,-0.4,8.02,0.0,0.23,5,4.89,-6.31,0.77
1784032971.619,static,fabric,2.9,3.18,0.0,0.19,6,2.91,1.28,-0.04
1784032971.619,static,unknown,0.2,7.68,0.0,0.21,5,6.89,3.31,0.74
1784032971.619,static,mid,3.4,1.52,-0.0,0.52,10,1.49,-0.25,-0.15
1784032971.619,static,unknown,-0.4,8.02,0.0,0.24,5,4.89,-6.31,0.76
1784032971.724,static,fabric,2.9,3.18,0.0,0.19,6,2.91,1.29,-0.04
1784032971.724,static,unknown,0.2,7.68,0.0,0.21,5,6.9,3.29,0.73
1784032971.724,static,mid,3.5,1.49,-0.0,0.55,10,1.46,-0.22,-0.15
1784032971.724,static,unknown,-0.4,8.02,0.0,0.25,5,4.89,-6.32,0.74
1784032971.845,static,fabric,2.9,3.18,0.0,0.19,6,2.91,1.29,-0.04
1784032971.845,static,unknown,0.2,7.68,0.0,0.21,5,6.89,3.3,0.72
1784032971.845,static,mid,3.5,1.44,-0.0,0.57,10,1.42,-0.18,-0.14
1784032971.845,static,unknown,-0.4,8.03,0.0,0.26,5,4.86,-6.35,0.72
1784032971.977,static,fabric,2.9,3.18,0.0,0.19,6,2.91,1.29,-0.04
1784032971.977,static,unknown,0.2,7.68,0.0,0.21,5,6.89,3.3,0.72
1784032971.977,static,mid,3.5,1.51,-0.0,0.57,10,1.48,-0.22,-0.15
1784032971.977,static,unknown,-0.4,8.03,0.0,0.26,5,4.86,-6.35,0.72
1784032972.092,static,fabric,2.9,3.18,0.0,0.19,6,2.91,1.29,-0.03
1784032972.092,static,unknown,0.2,7.68,0.0,0.21,5,6.89,3.31,0.71
1784032972.092,static,mid,3.5,1.55,-0.0,0.56,10,1.52,-0.25,-0.16
1784032972.092,static,unknown,-0.4,8.03,0.0,0.26,5,4.86,-6.35,0.72
1784032972.196,static,fabric,2.9,3.18,0.0,0.18,6,2.91,1.29,-0.03
1784032972.196,static,unknown,0.2,7.68,0.0,0.21,5,6.88,3.32,0.7
1784032972.196,static,mid,3.5,1.57,-0.0,0.56,10,1.54,-0.26,-0.17
1784032972.196,static,unknown,-0.4,8.03,0.0,0.26,5,4.86,-6.35,0.72
1784032972.329,static,fabric,2.9,3.18,0.0,0.18,6,2.91,1.29,-0.03
1784032972.329,static,unknown,0.2,7.68,0.0,0.21,5,6.88,3.34,0.69
1784032972.329,static,mid,3.5,1.59,-0.0,0.56,10,1.56,-0.26,-0.17
1784032972.329,static,unknown,-0.4,8.03,0.0,0.26,5,4.86,-6.35,0.72
1784032972.425,static,fabric,2.9,3.18,0.0,0.18,6,2.91,1.29,-0.03
1784032972.425,static,unknown,0.2,7.68,0.0,0.21,5,6.88,3.35,0.7
1784032972.425,static,mid,3.1,1.6,-0.0,0.56,10,1.57,-0.26,-0.18
1784032972.425,static,unknown,-0.4,8.03,0.0,0.26,5,4.86,-6.35,0.72
1784032972.565,static,fabric,2.9,3.18,0.0,0.18,6,2.91,1.29,-0.03
1784032972.565,static,unknown,0.2,7.68,0.0,0.21,5,6.87,3.35,0.71
1784032972.565,static,mid,3.1,1.61,-0.0,0.56,10,1.58,-0.26,-0.18
1784032972.565,static,unknown,-0.4,8.03,0.0,0.26,5,4.86,-6.35,0.72
1784032972.697,static,fabric,2.9,3.18,0.0,0.18,6,2.91,1.29,-0.03
1784032972.697,static,unknown,0.2,7.68,0.0,0.2,5,6.87,3.35,0.73
1784032972.697,static,mid,3.1,1.61,-0.0,0.56,10,1.58,-0.27,-0.18
1784032972.697,static,unknown,-0.4,8.03,0.0,0.26,5,4.86,-6.35,0.72
1784032972.795,static,fabric,2.9,3.18,0.0,0.17,6,2.91,1.29,-0.03
1784032972.795,static,unknown,0.2,7.68,0.0,0.2,5,6.86,3.36,0.74
1784032972.795,static,mid,3.1,1.62,-0.0,0.56,10,1.58,-0.27,-0.18
1784032972.795,static,unknown,-0.4,8.03,0.0,0.26,5,4.86,-6.35,0.72
1784032972.795,static,metal,9.7,0.79,0.02,0.23,2,0.49,0.58,0.19
1784032972.892,static,fabric,2.9,3.18,0.0,0.17,6,2.91,1.29,-0.03
1784032972.892,static,unknown,0.2,7.68,0.0,0.2,5,6.86,3.36,0.75
1784032972.892,static,mid,3.1,1.62,-0.0,0.56,10,1.59,-0.27,-0.18
1784032972.892,static,unknown,-0.4,8.03,0.0,0.26,5,4.86,-6.35,0.72
1784032972.892,static,metal,9.7,0.8,0.02,0.19,2,0.48,0.6,0.22
1784032973.014,static,fabric,2.9,3.18,0.0,0.17,6,2.91,1.29,-0.03
1784032973.014,static,unknown,0.2,7.68,0.0,0.2,5,6.86,3.36,0.75
1784032973.014,static,mid,3.1,1.62,-0.0,0.55,10,1.59,-0.27,-0.18
1784032973.014,static,unknown,-0.4,8.03,0.0,0.26,5,4.86,-6.35,0.72
1784032973.014,static,metal,9.7,0.8,0.02,0.19,2,0.48,0.6,0.22
1784032973.014,static,fabric,-1.0,1.96,0.0,0.0,2,1.05,-1.66,0.02
1784032973.154,static,fabric,2.9,3.18,0.0,0.17,6,2.91,1.29,-0.02
1784032973.154,static,unknown,0.2,7.68,0.0,0.2,5,6.86,3.36,0.74
1784032973.154,static,mid,3.1,1.62,-0.0,0.55,10,1.59,-0.26,-0.18
1784032973.154,static,unknown,-0.4,8.03,0.0,0.26,5,4.86,-6.35,0.72
1784032973.154,static,metal,9.7,0.8,0.02,0.19,2,0.48,0.6,0.22
1784032973.154,static,fabric,-1.0,1.96,0.0,0.0,2,1.05,-1.66,0.03
1784032973.26,static,fabric,2.9,3.18,0.0,0.17,6,2.91,1.29,-0.02
1784032973.26,static,unknown,0.2,7.68,0.0,0.19,5,6.87,3.36,0.74
1784032973.26,static,mid,3.1,1.62,-0.0,0.55,10,1.59,-0.26,-0.17
1784032973.26,static,unknown,-0.4,8.03,0.0,0.26,5,4.86,-6.35,0.72
1784032973.26,static,metal,9.7,0.8,0.02,0.19,2,0.48,0.6,0.22
1784032973.26,static,fabric,-1.0,1.96,0.0,0.0,2,1.05,-1.66,0.03
1784032973.371,static,fabric,2.9,3.18,0.0,0.17,6,2.91,1.29,-0.02
1784032973.371,static,unknown,0.2,7.68,0.0,0.19,5,6.87,3.36,0.74
1784032973.371,static,mid,3.1,1.62,-0.0,0.55,10,1.59,-0.26,-0.17
1784032973.371,static,metal,9.7,0.8,0.02,0.19,2,0.48,0.6,0.22
1784032973.371,static,fabric,-1.2,1.96,0.0,0.0,2,1.05,-1.66,0.03
1784032973.508,static,fabric,2.9,3.18,0.0,0.16,6,2.91,1.29,-0.02
1784032973.508,static,unknown,0.2,7.68,0.0,0.19,5,6.87,3.36,0.74
1784032973.508,static,mid,3.1,1.62,-0.0,0.55,10,1.59,-0.26,-0.18
1784032973.508,static,metal,9.7,0.8,0.02,0.19,2,0.48,0.6,0.22
1784032973.508,static,fabric,-1.2,1.96,0.0,0.0,2,1.05,-1.66,0.03
1784032973.61,static,fabric,2.9,3.18,0.0,0.16,6,2.91,1.29,-0.02
1784032973.61,static,unknown,0.2,7.68,0.0,0.19,5,6.87,3.36,0.74
1784032973.61,static,mid,3.1,1.62,-0.0,0.55,10,1.59,-0.26,-0.18
1784032973.61,static,metal,9.7,0.8,0.02,0.19,2,0.48,0.6,0.22
1784032973.61,static,fabric,-1.2,1.96,0.0,0.0,2,1.05,-1.66,0.03
1784032973.718,static,fabric,2.8,3.18,0.0,0.16,6,2.91,1.29,-0.02
1784032973.718,static,unknown,0.2,7.68,0.0,0.19,5,6.87,3.36,0.74
1784032973.718,static,mid,3.1,1.62,-0.0,0.54,10,1.59,-0.26,-0.18
1784032973.718,static,metal,9.7,0.8,0.02,0.19,2,0.48,0.6,0.22
1784032973.718,static,fabric,-1.2,1.96,0.0,0.0,2,1.05,-1.66,0.03
1784032973.827,static,fabric,2.8,3.18,0.0,0.16,6,2.91,1.29,-0.02
1784032973.827,static,unknown,0.2,7.68,0.0,0.19,5,6.87,3.36,0.73
1784032973.827,static,mid,3.1,1.62,-0.0,0.54,10,1.59,-0.26,-0.18
1784032973.827,static,metal,9.7,0.8,0.02,0.19,2,0.48,0.6,0.22
1784032973.827,static,fabric,-1.2,1.96,0.0,0.0,2,1.05,-1.66,0.03
1784032973.943,static,fabric,2.8,3.18,0.0,0.16,6,2.91,1.29,-0.02
1784032973.943,static,unknown,0.2,7.68,0.0,0.18,5,6.87,3.36,0.73
1784032973.943,static,mid,3.1,1.62,-0.0,0.54,10,1.59,-0.26,-0.18
1784032973.943,static,metal,9.7,0.8,0.02,0.19,2,0.48,0.6,0.22
1784032973.943,static,fabric,-1.2,1.96,0.0,0.0,2,1.05,-1.66,0.03
1784032974.074,static,fabric,2.8,3.18,0.0,0.16,6,2.91,1.29,-0.02
1784032974.074,static,unknown,0.2,7.68,0.0,0.18,5,6.87,3.36,0.72
1784032974.074,static,mid,3.1,1.62,-0.0,0.54,10,1.59,-0.27,-0.17
1784032974.074,static,metal,9.7,0.8,0.02,0.19,2,0.48,0.6,0.22
1784032974.074,static,fabric,-1.2,1.96,0.0,0.0,2,1.05,-1.66,0.03
1784032974.183,static,fabric,2.8,3.18,0.0,0.16,6,2.91,1.29,-0.02
1784032974.183,static,unknown,0.3,7.68,0.0,0.18,5,6.87,3.36,0.71
1784032974.183,static,mid,3.1,1.62,-0.0,0.54,10,1.59,-0.27,-0.17
1784032974.183,static,metal,9.7,0.8,0.02,0.19,2,0.48,0.6,0.22
1784032974.183,static,fabric,-1.2,1.96,0.0,0.0,2,1.05,-1.66,0.03
1784032974.313,static,fabric,2.8,3.18,0.0,0.15,6,2.91,1.29,-0.02
1784032974.313,static,unknown,0.3,7.68,0.0,0.18,5,6.87,3.36,0.71
1784032974.313,static,mid,3.1,1.62,-0.0,0.54,10,1.59,-0.28,-0.17
1784032974.313,static,metal,9.7,0.8,0.02,0.19,2,0.48,0.6,0.22
1784032974.313,static,fabric,-1.2,1.96,0.0,0.0,2,1.05,-1.66,0.03
1784032974.461,static,fabric,2.8,3.18,0.0,0.15,6,2.91,1.29,-0.02
1784032974.461,static,unknown,0.3,7.68,0.0,0.18,5,6.87,3.36,0.71
1784032974.461,static,mid,3.1,1.62,-0.0,0.54,10,1.59,-0.29,-0.17
1784032974.461,static,fabric,-1.2,1.96,0.0,0.0,2,1.05,-1.66,0.03
1784032974.566,static,fabric,2.8,3.18,0.0,0.15,6,2.91,1.29,-0.02
1784032974.566,static,unknown,0.3,7.68,0.0,0.18,5,6.87,3.36,0.71
1784032974.566,static,mid,3.1,1.63,-0.0,0.54,10,1.59,-0.29,-0.17
1784032974.566,static,fabric,-1.2,1.96,0.0,0.0,2,1.05,-1.66,0.03
1784032974.67,static,fabric,2.8,3.18,0.0,0.15,6,2.91,1.29,-0.01
1784032974.67,static,unknown,0.3,7.68,0.0,0.17,5,6.87,3.36,0.72
1784032974.67,static,mid,3.1,1.62,-0.0,0.54,10,1.59,-0.29,-0.17
1784032974.67,static,fabric,-1.2,1.96,0.0,0.0,2,1.05,-1.66,0.03
1784032974.82,static,fabric,2.8,3.18,0.0,0.15,6,2.91,1.29,-0.01
1784032974.82,static,unknown,0.3,7.68,0.0,0.17,5,6.87,3.36,0.73
1784032974.82,static,mid,3.1,1.62,-0.0,0.54,10,1.58,-0.3,-0.17
1784032974.82,static,fabric,-1.2,1.96,0.0,0.0,2,1.05,-1.66,0.03
1784032974.983,static,fabric,2.8,3.18,0.0,0.15,6,2.91,1.29,-0.01
1784032974.983,static,unknown,0.3,7.68,0.0,0.17,5,6.86,3.36,0.73
1784032974.983,static,mid,3.1,1.62,-0.0,0.54,10,1.58,-0.3,-0.18
1784032974.983,static,fabric,-1.2,1.96,0.0,0.0,2,1.05,-1.66,0.03
1784032975.097,static,fabric,2.8,3.18,0.0,0.15,6,2.91,1.29,-0.01
1784032975.097,static,unknown,0.3,7.68,0.0,0.17,5,6.86,3.36,0.74
1784032975.097,static,mid,3.1,1.62,-0.0,0.53,10,1.58,-0.3,-0.17
1784032975.097,static,fabric,-1.2,1.96,0.0,0.0,2,1.05,-1.66,0.03
1784032975.202,static,fabric,2.8,3.18,0.0,0.15,6,2.91,1.29,-0.01
1784032975.202,static,unknown,0.3,7.68,0.0,0.17,5,6.86,3.36,0.75
1784032975.202,static,mid,3.1,1.62,-0.0,0.53,10,1.58,-0.3,-0.17
1784032975.202,static,fabric,-1.2,1.96,0.0,0.0,2,1.05,-1.66,0.03
1784032975.352,static,fabric,2.8,3.18,0.0,0.14,6,2.91,1.29,-0.01
1784032975.352,static,unknown,0.3,7.68,0.0,0.17,5,6.86,3.36,0.74
1784032975.352,static,mid,3.1,1.62,-0.0,0.53,10,1.58,-0.3,-0.17
1784032975.352,static,fabric,-1.2,1.96,0.0,0.0,2,1.05,-1.66,0.03
1784032975.472,static,fabric,2.8,3.18,0.0,0.14,6,2.91,1.29,-0.01
1784032975.472,static,unknown,0.3,7.68,0.0,0.17,5,6.87,3.36,0.73
1784032975.472,static,mid,3.1,1.62,-0.0,0.53,10,1.58,-0.3,-0.17
1784032975.591,static,fabric,2.8,3.18,0.0,0.14,6,2.91,1.29,-0.01
1784032975.591,static,unknown,0.3,7.68,0.0,0.16,5,6.87,3.36,0.73
1784032975.591,static,mid,3.1,1.62,-0.0,0.53,10,1.59,-0.29,-0.17
1784032975.741,static,fabric,2.8,3.18,0.0,0.14,6,2.91,1.29,-0.01
1784032975.741,static,unknown,0.3,7.68,0.0,0.16,5,6.87,3.36,0.72
1784032975.741,static,mid,3.3,1.62,-0.0,0.53,10,1.59,-0.28,-0.17
1784032975.9,static,fabric,2.8,3.18,0.0,0.14,5,2.91,1.29,-0.01
1784032975.9,static,unknown,0.3,7.68,0.0,0.16,5,6.88,3.34,0.72
1784032975.9,static,mid,3.3,1.62,-0.0,0.53,10,1.59,-0.28,-0.18
1784032976.053,static,fabric,2.8,3.18,0.0,0.14,5,2.91,1.29,-0.01
1784032976.053,static,unknown,0.3,7.68,0.0,0.17,5,6.89,3.3,0.73
1784032976.053,static,mid,3.3,1.62,-0.0,0.53,10,1.59,-0.27,-0.17
1784032976.209,static,fabric,2.8,3.18,0.0,0.14,5,2.91,1.29,-0.01
1784032976.209,static,unknown,0.3,7.68,0.0,0.16,5,6.92,3.24,0.76
1784032976.209,static,mid,3.3,1.62,-0.0,0.53,10,1.59,-0.27,-0.17
1784032976.209,static,fabric,-1.0,1.96,0.0,0.0,4,1.05,-1.66,0.02
1784032976.358,static,fabric,2.8,3.18,0.0,0.14,5,2.91,1.29,-0.01
1784032976.358,static,unknown,0.2,7.68,0.0,0.16,5,6.94,3.19,0.77
1784032976.358,static,mid,3.3,1.62,-0.0,0.53,10,1.59,-0.27,-0.17
1784032976.358,static,fabric,-1.0,1.96,0.0,0.01,4,1.05,-1.66,0.02
1784032976.505,static,fabric,2.8,3.18,0.0,0.14,5,2.91,1.29,-0.01
1784032976.505,static,unknown,0.2,7.68,0.0,0.16,5,6.95,3.17,0.77
1784032976.505,static,mid,3.3,1.62,-0.0,0.53,10,1.59,-0.27,-0.17
1784032976.505,static,fabric,-1.0,1.96,0.0,0.01,4,1.05,-1.66,0.02
1784032976.645,static,fabric,2.8,3.18,0.0,0.14,5,2.91,1.29,-0.01
1784032976.645,static,unknown,0.2,7.68,0.0,0.16,5,6.96,3.15,0.77
1784032976.645,static,mid,3.3,1.62,-0.0,0.53,10,1.59,-0.27,-0.17
1784032976.645,static,fabric,-1.0,1.96,0.0,0.01,4,1.05,-1.66,0.02
1784032976.791,static,fabric,2.8,3.18,0.0,0.13,5,2.91,1.29,-0.01
1784032976.791,static,unknown,0.2,7.68,0.0,0.16,5,6.96,3.14,0.78
1784032976.791,static,mid,3.3,1.62,-0.0,0.53,10,1.59,-0.27,-0.17
1784032976.791,static,fabric,-3.6,0.4,0.0,0.0,2,0.23,0.31,0.09
1784032976.791,static,fabric,-1.0,1.96,0.0,0.01,4,1.05,-1.66,0.02
1784032976.97,static,fabric,2.8,3.18,0.0,0.13,5,2.91,1.29,-0.01
1784032976.97,static,unknown,0.2,7.68,0.0,0.16,5,6.96,3.15,0.78
1784032976.97,static,mid,3.3,1.62,-0.0,0.53,10,1.59,-0.26,-0.17
1784032976.97,static,fabric,-3.6,0.4,0.0,0.0,2,0.23,0.31,0.09
1784032976.97,static,fabric,-1.0,1.96,0.0,0.0,4,1.05,-1.66,0.02
1784032977.111,static,fabric,2.8,3.18,0.0,0.13,5,2.91,1.29,-0.0
1784032977.111,static,unknown,0.2,7.68,0.0,0.17,5,6.95,3.18,0.78
1784032977.111,static,mid,3.3,1.62,-0.0,0.53,10,1.59,-0.26,-0.17
1784032977.111,static,fabric,-3.5,0.4,0.0,0.0,2,0.23,0.31,0.09
1784032977.111,static,fabric,-1.0,1.96,0.0,0.0,4,1.05,-1.66,0.02
1784032977.243,static,fabric,2.8,3.18,0.0,0.13,5,2.91,1.29,-0.0
1784032977.243,static,unknown,0.2,7.68,0.0,0.17,5,6.92,3.22,0.79
1784032977.243,static,mid,3.1,1.62,-0.0,0.53,10,1.59,-0.27,-0.17
1784032977.243,static,fabric,-3.5,0.4,0.0,0.0,2,0.23,0.31,0.09
1784032977.243,static,fabric,-1.0,1.96,0.0,0.01,4,1.05,-1.66,0.02
1784032977.342,static,fabric,2.8,3.18,0.0,0.13,5,2.91,1.29,-0.0
1784032977.342,static,unknown,0.2,7.68,0.0,0.17,5,6.91,3.25,0.79
1784032977.342,static,mid,3.1,1.62,-0.0,0.53,10,1.59,-0.27,-0.17
1784032977.342,static,fabric,-3.5,0.39,0.0,0.0,2,0.23,0.31,0.09
1784032977.342,static,fabric,-1.0,1.96,0.0,0.01,4,1.05,-1.66,0.02
1784032977.434,static,fabric,2.8,3.18,0.0,0.13,5,2.91,1.29,-0.0
1784032977.434,static,unknown,0.2,7.68,0.0,0.17,5,6.9,3.27,0.79
1784032977.434,static,mid,3.1,1.62,-0.0,0.53,10,1.59,-0.27,-0.17
1784032977.434,static,fabric,-3.6,0.39,0.0,0.01,2,0.22,0.31,0.09
1784032977.434,static,fabric,-1.0,1.96,0.0,0.01,4,1.05,-1.66,0.02
1784032977.563,static,fabric,2.8,3.18,0.0,0.13,5,2.91,1.29,-0.0
1784032977.563,static,unknown,0.2,7.68,0.0,0.17,5,6.89,3.29,0.79
1784032977.563,static,mid,3.1,1.62,-0.0,0.53,10,1.59,-0.28,-0.17
1784032977.563,static,fabric,-3.6,0.39,0.0,0.01,2,0.22,0.31,0.09
1784032977.563,static,fabric,-1.0,1.96,0.0,0.01,4,1.05,-1.66,0.02
1784032977.668,static,fabric,2.8,3.18,0.0,0.13,5,2.91,1.29,-0.01
1784032977.668,static,unknown,0.2,7.68,0.0,0.17,5,6.89,3.29,0.79
1784032977.668,static,mid,3.1,1.62,-0.0,0.53,10,1.59,-0.27,-0.17
1784032977.668,static,fabric,-3.7,0.39,0.0,0.01,2,0.22,0.31,0.08
1784032977.668,static,fabric,-1.0,1.96,0.0,0.01,4,1.05,-1.66,0.02
1784032977.759,static,fabric,2.8,3.18,0.0,0.13,5,2.91,1.29,-0.01
1784032977.759,static,unknown,0.2,7.68,0.0,0.17,5,6.89,3.3,0.79
1784032977.759,static,mid,3.1,1.62,-0.0,0.53,10,1.59,-0.28,-0.17
1784032977.759,static,fabric,-3.7,0.39,0.0,0.01,2,0.22,0.31,0.08
1784032977.759,static,fabric,-1.0,1.96,0.0,0.01,4,1.05,-1.66,0.02
1784032977.863,static,fabric,2.8,3.18,0.0,0.13,5,2.91,1.29,-0.0
1784032977.863,static,unknown,-0.0,7.67,0.0,0.17,5,6.89,3.29,0.79
1784032977.863,static,mid,3.1,1.62,-0.0,0.52,10,1.59,-0.28,-0.17
1784032977.863,static,fabric,-3.7,0.39,0.0,0.01,2,0.22,0.31,0.09
1784032977.863,static,fabric,-1.0,1.96,0.0,0.01,4,1.05,-1.66,0.02
1784032978.007,static,fabric,2.8,3.18,0.0,0.12,5,2.91,1.29,-0.0
1784032978.007,static,unknown,-0.0,7.67,0.0,0.17,5,6.89,3.29,0.78
1784032978.007,static,mid,3.1,1.62,-0.0,0.52,10,1.59,-0.28,-0.17
1784032978.007,static,fabric,-3.7,0.39,0.0,0.01,2,0.22,0.31,0.09
1784032978.007,static,fabric,-1.0,1.96,0.0,0.01,4,1.05,-1.66,0.02
1784032978.105,static,fabric,2.8,3.18,0.0,0.12,5,2.91,1.29,-0.0
1784032978.105,static,unknown,-0.0,7.67,0.0,0.17,5,6.88,3.3,0.78
1784032978.105,static,mid,-0.5,1.62,-0.0,0.53,10,1.59,-0.25,-0.17
1784032978.105,static,fabric,-3.6,0.39,0.0,0.01,2,0.21,0.32,0.09
1784032978.105,static,fabric,-1.0,1.96,0.0,0.01,4,1.05,-1.66,0.02
1784032978.203,static,fabric,2.8,3.18,0.0,0.12,5,2.91,1.29,-0.0
1784032978.203,static,unknown,-0.0,7.67,0.0,0.17,5,6.88,3.3,0.78
1784032978.203,static,mid,-0.5,1.62,-0.0,0.54,10,1.6,-0.24,-0.18
1784032978.203,static,fabric,-3.6,0.39,0.0,0.01,2,0.21,0.32,0.09
1784032978.203,static,fabric,-1.0,1.96,0.0,0.01,4,1.05,-1.66,0.02
1784032978.312,static,fabric,2.8,3.18,0.0,0.12,5,2.91,1.29,-0.0
1784032978.312,static,unknown,-0.0,7.68,0.0,0.18,5,6.89,3.31,0.77
1784032978.312,static,mid,-0.5,1.62,-0.0,0.54,10,1.6,-0.2,-0.18
1784032978.312,static,fabric,-3.5,0.39,0.0,0.01,2,0.21,0.32,0.09
1784032978.312,static,fabric,-1.0,1.96,0.0,0.01,4,1.05,-1.66,0.02
1784032978.482,static,fabric,2.8,3.18,0.0,0.12,5,2.91,1.28,-0.0
1784032978.482,static,unknown,-0.0,7.68,0.0,0.17,5,6.88,3.32,0.78
1784032978.482,static,mid,-0.8,1.63,-0.0,0.55,10,1.61,-0.15,-0.18
1784032978.482,static,fabric,-3.5,0.39,0.0,0.01,2,0.21,0.32,0.09
1784032978.482,static,fabric,-1.0,1.96,0.0,0.01,4,1.05,-1.66,0.02
1784032978.605,static,fabric,2.8,3.18,0.0,0.12,5,2.92,1.28,-0.0
1784032978.605,static,unknown,-0.0,7.68,0.0,0.17,5,6.87,3.34,0.78
1784032978.605,static,mid,-1.0,1.57,-0.0,0.56,10,1.56,-0.11,-0.17
1784032978.605,static,fabric,-3.5,0.39,0.0,0.01,2,0.21,0.32,0.09
1784032978.605,static,fabric,-1.0,1.96,0.0,0.01,4,1.05,-1.66,0.02
1784032978.746,static,fabric,2.8,3.19,0.0,0.12,5,2.92,1.28,-0.0
1784032978.746,static,unknown,-0.0,7.68,0.0,0.18,5,6.87,3.33,0.79
1784032978.746,static,mid,-1.0,1.53,-0.0,0.57,10,1.52,-0.05,-0.16
1784032978.746,static,fabric,-3.5,0.39,0.0,0.01,2,0.21,0.32,0.09
1784032978.746,static,fabric,-1.0,1.96,0.0,0.01,4,1.05,-1.66,0.02
1784032978.847,static,fabric,2.8,3.19,0.0,0.12,5,2.92,1.28,-0.0
1784032978.847,static,unknown,-0.0,7.68,0.0,0.18,5,6.88,3.33,0.8
1784032978.847,static,mid,-1.0,1.48,-0.0,0.58,10,1.47,-0.01,-0.16
1784032978.847,static,fabric,-3.5,0.39,0.0,0.01,2,0.21,0.32,0.09
1784032978.999,static,fabric,2.8,3.19,0.0,0.12,5,2.92,1.28,-0.0
1784032978.999,static,unknown,-0.0,7.68,0.0,0.18,5,6.88,3.32,0.8
1784032978.999,static,mid,-1.2,1.46,-0.0,0.59,10,1.45,0.02,-0.15
1784032978.999,static,fabric,-3.5,0.39,0.0,0.01,2,0.21,0.32,0.09
1784032979.141,static,fabric,2.8,3.18,0.0,0.12,5,2.91,1.29,-0.01
1784032979.141,static,unknown,-0.0,7.68,0.0,0.18,5,6.88,3.32,0.8
1784032979.141,static,mid,-1.2,1.53,-0.0,0.6,10,1.52,0.03,-0.17
1784032979.141,static,fabric,-3.5,0.39,0.0,0.01,2,0.21,0.31,0.09
1784032979.278,static,fabric,2.8,3.18,0.0,0.12,5,2.91,1.29,-0.0
1784032979.278,static,unknown,-0.0,7.61,0.0,0.19,5,6.82,3.31,0.77
1784032979.278,static,mid,-1.2,1.57,-0.0,0.6,10,1.56,0.04,-0.18
1784032979.278,static,fabric,-3.5,0.39,0.0,0.01,2,0.21,0.31,0.08
1784032979.393,static,fabric,2.8,3.18,0.0,0.12,5,2.91,1.29,-0.0
1784032979.393,static,unknown,-0.0,7.57,0.0,0.19,5,6.77,3.3,0.76
1784032979.393,static,mid,-1.2,1.6,-0.0,0.61,10,1.59,0.05,-0.19
1784032979.393,static,fabric,-3.5,0.39,0.0,0.01,2,0.21,0.31,0.08
1784032979.528,static,fabric,2.8,3.18,0.0,0.12,5,2.91,1.29,-0.0
1784032979.528,static,unknown,-0.0,7.54,0.0,0.2,5,6.74,3.29,0.75
1784032979.528,static,mid,-1.2,1.61,-0.0,0.61,10,1.6,0.03,-0.19
1784032979.528,static,fabric,-3.5,0.39,0.0,0.01,2,0.21,0.32,0.08
1784032979.669,static,fabric,2.8,3.18,0.0,0.12,5,2.91,1.29,-0.0
1784032979.669,static,unknown,0.1,7.44,-0.0,0.21,5,6.64,3.28,0.75
1784032979.669,static,mid,-1.2,1.49,-0.0,0.62,11,1.48,0.07,-0.17
1784032979.669,static,fabric,-3.5,0.39,0.0,0.01,2,0.21,0.32,0.08
1784032979.818,static,fabric,2.8,3.18,0.0,0.12,5,2.91,1.29,-0.0
1784032979.818,static,unknown,0.1,7.53,-0.0,0.21,5,6.72,3.31,0.78
1784032979.818,static,mid,-1.2,1.39,-0.0,0.64,11,1.38,0.08,-0.15
1784032979.818,static,fabric,-3.5,0.39,0.0,0.01,2,0.21,0.32,0.08
1784032979.971,static,fabric,2.9,3.18,0.0,0.12,5,2.91,1.29,-0.0
1784032979.971,static,unknown,0.1,7.58,-0.0,0.21,5,6.76,3.33,0.81
1784032979.971,static,mid,-1.2,1.35,-0.0,0.65,11,1.34,0.11,-0.14
1784032979.971,static,fabric,-3.5,0.39,0.0,0.01,2,0.21,0.32,0.08
1784032980.125,static,fabric,2.9,3.18,0.0,0.12,5,2.91,1.29,-0.0
1784032980.125,static,unknown,0.2,7.61,-0.0,0.21,5,6.79,3.34,0.83
1784032980.125,static,mid,-1.2,1.4,-0.0,0.66,11,1.39,0.11,-0.14
1784032980.125,static,fabric,-3.5,0.39,0.0,0.01,2,0.21,0.32,0.08
1784032980.275,static,fabric,2.9,3.18,0.0,0.11,5,2.91,1.29,-0.0
1784032980.275,static,unknown,0.1,7.64,-0.0,0.21,5,6.81,3.35,0.85
1784032980.275,static,mid,-1.2,1.43,-0.0,0.67,11,1.42,0.09,-0.14
1784032980.275,static,fabric,-3.5,0.39,0.0,0.01,2,0.21,0.32,0.08
1784032980.427,static,fabric,2.9,3.18,0.0,0.11,5,2.91,1.29,-0.0
1784032980.427,static,unknown,-0.0,7.65,-0.0,0.21,5,6.83,3.35,0.86
1784032980.427,static,mid,-1.2,1.47,-0.0,0.68,11,1.46,0.05,-0.14
1784032980.427,static,fabric,-3.5,0.39,0.0,0.01,2,0.21,0.32,0.08
1784032980.58,static,fabric,2.9,3.18,0.0,0.11,5,2.91,1.29,-0.0
1784032980.58,static,unknown,-0.0,7.66,-0.0,0.21,5,6.84,3.35,0.85
1784032980.58,static,mid,-1.2,1.52,-0.0,0.68,11,1.51,0.02,-0.15
1784032980.58,static,fabric,-3.5,0.39,0.0,0.01,2,0.21,0.31,0.08
1784032980.724,static,fabric,2.9,3.18,0.0,0.11,5,2.91,1.29,-0.0
1784032980.724,static,unknown,-0.0,7.67,-0.0,0.2,5,6.85,3.36,0.83
1784032980.724,static,mid,-1.2,1.56,-0.0,0.69,11,1.55,0.02,-0.16
1784032980.724,static,fabric,-3.5,0.39,0.0,0.01,2,0.22,0.31,0.08
1784032980.879,static,fabric,2.9,3.18,0.0,0.11,5,2.91,1.29,-0.0
1784032980.879,static,unknown,-0.0,7.67,-0.0,0.2,5,6.85,3.36,0.82
1784032980.879,static,mid,-1.2,1.48,-0.0,0.7,11,1.48,0.06,-0.15
1784032980.879,static,fabric,-3.5,0.39,0.0,0.01,2,0.22,0.31,0.08
1784032981.027,static,fabric,2.9,3.18,0.0,0.11,5,2.91,1.29,-0.0
1784032981.027,static,unknown,-0.0,7.68,-0.0,0.2,5,6.85,3.36,0.82
1784032981.027,static,mid,-1.2,1.43,-0.0,0.71,11,1.42,0.09,-0.14
1784032981.027,static,fabric,-3.5,0.39,0.0,0.01,2,0.22,0.31,0.08
1784032981.027,static,unknown,0.5,6.07,0.2,0.33,2,5.0,3.32,0.86
1784032981.178,static,fabric,2.9,3.18,0.0,0.11,5,2.91,1.29,-0.0
1784032981.178,static,unknown,-0.0,7.68,-0.0,0.2,5,6.86,3.36,0.82
1784032981.178,static,mid,-1.2,1.4,-0.0,0.71,11,1.39,0.09,-0.13
1784032981.178,static,fabric,-3.5,0.39,0.0,0.01,2,0.22,0.31,0.08
1784032981.178,static,unknown,0.5,6.07,0.2,0.33,2,5.0,3.32,0.86
1784032981.332,static,fabric,3.0,3.18,0.0,0.11,5,2.91,1.29,-0.0
1784032981.332,static,unknown,-0.0,7.68,-0.0,0.2,5,6.85,3.36,0.83
1784032981.332,static,mid,-1.2,1.48,-0.0,0.72,11,1.48,0.07,-0.15
1784032981.332,static,fabric,-3.5,0.39,0.0,0.01,2,0.22,0.31,0.08
1784032981.332,static,unknown,0.5,6.07,0.2,0.33,2,5.0,3.32,0.86
1784032981.489,static,fabric,3.0,3.18,0.0,0.11,5,2.91,1.29,-0.0
1784032981.489,static,unknown,-0.0,7.68,-0.0,0.2,5,6.86,3.36,0.82
1784032981.489,static,mid,-1.2,1.54,-0.0,0.72,11,1.53,0.05,-0.16
1784032981.489,static,fabric,-3.5,0.39,0.0,0.01,2,0.22,0.31,0.08
1784032981.489,static,unknown,0.5,6.07,0.2,0.33,2,5.0,3.32,0.86
1784032981.633,static,fabric,3.0,3.18,0.0,0.11,5,2.91,1.29,-0.0
1784032981.633,static,unknown,-0.0,7.68,-0.0,0.2,5,6.86,3.36,0.83
1784032981.633,static,mid,-1.2,1.57,-0.0,0.73,11,1.56,0.02,-0.17
1784032981.633,static,fabric,-3.5,0.39,0.0,0.01,2,0.22,0.31,0.08
1784032981.633,static,unknown,0.5,6.07,0.2,0.33,2,5.0,3.32,0.86
1784032981.775,static,fabric,3.0,3.18,0.0,0.11,5,2.91,1.29,-0.0
1784032981.775,static,unknown,-0.0,7.68,-0.0,0.2,5,6.86,3.36,0.82
1784032981.775,static,mid,-1.2,1.59,-0.0,0.73,11,1.58,0.03,-0.17
1784032981.775,static,fabric,-3.5,0.39,0.0,0.01,2,0.22,0.31,0.08
1784032981.775,static,unknown,0.5,6.07,0.2,0.33,2,5.0,3.32,0.86
1784032981.871,static,fabric,3.0,3.18,0.0,0.11,5,2.91,1.29,-0.0
1784032981.871,static,unknown,-0.0,7.68,-0.0,0.2,5,6.86,3.36,0.81
1784032981.871,static,mid,-1.2,1.6,-0.0,0.73,11,1.59,0.04,-0.16
1784032981.871,static,fabric,-3.5,0.39,0.0,0.01,2,0.22,0.31,0.08
1784032981.871,static,unknown,0.5,6.07,0.2,0.33,2,5.0,3.32,0.86
1784032982.024,static,fabric,3.0,3.18,0.0,0.11,5,2.91,1.29,-0.0
1784032982.024,static,unknown,0.1,7.68,-0.0,0.2,5,6.86,3.36,0.81
1784032982.024,static,mid,-1.2,1.62,-0.0,0.74,11,1.61,0.06,-0.17
1784032982.024,static,fabric,-3.5,0.39,0.0,0.01,2,0.22,0.31,0.08
1784032982.024,static,unknown,0.5,6.07,0.2,0.33,2,5.0,3.32,0.86
1784032982.166,static,fabric,3.0,3.18,0.0,0.11,5,2.91,1.29,0.0
1784032982.166,static,unknown,0.1,7.68,-0.0,0.19,5,6.86,3.36,0.8
1784032982.166,static,mid,-1.3,1.63,-0.0,0.74,11,1.62,0.07,-0.18
1784032982.166,static,fabric,-3.5,0.39,0.0,0.01,2,0.22,0.31,0.08
1784032982.166,static,unknown,0.5,6.07,0.2,0.33,2,5.0,3.32,0.86
1784032982.302,static,fabric,3.0,3.18,0.0,0.11,5,2.91,1.29,0.0
1784032982.302,static,unknown,0.1,7.68,-0.0,0.19,5,6.86,3.36,0.8
1784032982.302,static,mid,-1.3,1.63,-0.0,0.74,11,1.62,0.05,-0.18
1784032982.302,static,fabric,-3.5,0.39,0.0,0.01,2,0.22,0.31,0.08
1784032982.302,static,unknown,0.5,6.07,0.2,0.33,2,5.0,3.32,0.86
1784032982.426,static,fabric,3.0,3.18,0.0,0.11,5,2.91,1.29,0.0
1784032982.426,static,unknown,0.2,7.68,-0.0,0.19,5,6.86,3.36,0.81
1784032982.426,static,mid,-1.3,1.64,-0.0,0.75,11,1.63,0.04,-0.18
1784032982.426,static,fabric,-3.5,0.39,0.0,0.01,2,0.22,0.31,0.08
1784032982.426,static,unknown,0.5,6.07,0.2,0.33,2,5.0,3.32,0.86
1784032982.567,static,fabric,3.0,3.18,0.0,0.1,5,2.91,1.29,0.0
1784032982.567,static,unknown,0.2,7.68,-0.0,0.19,5,6.86,3.36,0.8
1784032982.567,static,mid,-1.3,1.63,-0.0,0.75,11,1.62,0.02,-0.17
1784032982.567,static,fabric,-3.5,0.39,0.0,0.01,2,0.22,0.31,0.08
1784032982.675,static,fabric,3.0,3.18,0.0,0.1,5,2.91,1.29,0.0
1784032982.675,static,unknown,0.2,7.68,-0.0,0.19,5,6.86,3.36,0.81
1784032982.675,static,mid,-1.3,1.62,-0.0,0.75,11,1.61,0.01,-0.16
1784032982.675,static,fabric,-3.5,0.39,0.0,0.01,2,0.22,0.31,0.08
1784032982.785,static,fabric,3.0,3.18,0.0,0.1,5,2.91,1.29,0.0
1784032982.785,static,unknown,0.2,7.68,-0.0,0.19,5,6.86,3.36,0.81
1784032982.785,static,mid,-1.4,1.62,-0.0,0.76,11,1.61,0.02,-0.16
1784032982.785,static,fabric,-3.5,0.39,0.0,0.01,2,0.22,0.31,0.08
1784032982.885,static,fabric,3.0,3.18,0.0,0.1,5,2.91,1.29,0.0
1784032982.885,static,unknown,0.3,7.68,-0.0,0.19,5,6.86,3.36,0.82
1784032982.885,static,mid,-1.4,1.62,-0.0,0.76,11,1.62,0.03,-0.16
1784032982.885,static,fabric,-3.5,0.39,0.0,0.01,2,0.22,0.31,0.08
1784032983.014,static,fabric,3.0,3.18,0.0,0.1,5,2.91,1.29,0.0
1784032983.014,static,unknown,0.3,7.68,-0.0,0.19,5,6.85,3.36,0.82
1784032983.014,static,mid,-1.4,1.63,-0.0,0.76,11,1.62,0.04,-0.16
1784032983.147,static,fabric,3.0,3.18,0.0,0.1,5,2.91,1.29,0.0
1784032983.147,static,unknown,0.3,7.68,-0.0,0.19,5,6.85,3.36,0.83
1784032983.147,static,mid,-1.4,1.63,-0.0,0.77,11,1.62,0.07,-0.16
1784032983.235,static,fabric,3.0,3.18,0.0,0.1,5,2.91,1.29,0.0
1784032983.235,static,unknown,0.4,7.68,-0.0,0.19,5,6.86,3.36,0.83
1784032983.235,static,mid,-1.4,1.63,-0.0,0.77,11,1.62,0.07,-0.16
1784032983.368,static,fabric,3.0,3.18,0.0,0.1,5,2.91,1.29,0.01
1784032983.368,static,unknown,0.4,7.68,-0.0,0.19,5,6.86,3.36,0.82
1784032983.368,static,mid,-1.4,1.57,-0.0,0.76,11,1.57,-0.1,-0.1
1784032983.505,static,fabric,3.0,3.18,0.0,0.1,5,2.91,1.29,0.01
1784032983.505,static,unknown,0.5,7.68,-0.0,0.18,5,6.86,3.36,0.81
1784032983.505,static,mid,-1.4,1.55,-0.0,0.76,11,1.53,-0.22,-0.06
1784032983.595,static,fabric,3.0,3.18,0.0,0.1,5,2.91,1.29,0.01
1784032983.595,static,unknown,0.5,7.68,-0.0,0.18,5,6.86,3.36,0.8
1784032983.595,static,mid,-1.3,1.54,-0.0,0.75,11,1.51,-0.29,-0.03
1784032983.728,static,fabric,3.0,3.18,0.0,0.1,5,2.91,1.29,0.01
1784032983.728,static,unknown,0.6,7.68,-0.0,0.18,5,6.86,3.36,0.81
1784032983.728,static,mid,-1.3,1.56,-0.0,0.76,11,1.54,-0.19,-0.06
1784032983.84,static,fabric,3.0,3.18,0.0,0.1,5,2.91,1.29,0.01
1784032983.84,static,unknown,0.6,7.68,-0.0,0.18,5,6.86,3.36,0.81
1784032983.84,static,mid,-1.3,1.57,-0.0,0.76,11,1.56,-0.13,-0.09
1784032983.958,static,fabric,3.0,3.18,0.0,0.1,5,2.91,1.29,0.0
1784032983.958,static,unknown,0.6,7.68,-0.0,0.18,5,6.86,3.36,0.81
1784032983.958,static,mid,-1.3,1.57,-0.0,0.76,11,1.57,-0.12,-0.09
1784032984.086,static,fabric,3.0,3.18,0.0,0.1,5,2.91,1.29,0.0
1784032984.086,static,unknown,0.6,7.68,-0.0,0.18,5,6.86,3.36,0.81
1784032984.086,static,fabric,-1.3,1.58,-0.0,0.76,11,1.58,-0.09,-0.11
1784032984.225,static,fabric,3.0,3.18,0.0,0.1,5,2.91,1.29,0.0
1784032984.225,static,unknown,0.6,7.68,-0.0,0.18,5,6.86,3.36,0.81
1784032984.225,static,fabric,-1.3,1.6,-0.0,0.77,11,1.59,-0.07,-0.13
1784032984.343,static,fabric,3.0,3.18,0.0,0.1,5,2.91,1.29,0.0
1784032984.343,static,unknown,0.7,7.68,-0.0,0.18,5,6.86,3.36,0.82
1784032984.343,static,fabric,-1.3,1.6,-0.0,0.77,11,1.6,-0.06,-0.14
1784032984.449,static,fabric,3.0,3.18,0.0,0.1,5,2.91,1.29,0.01
1784032984.449,static,unknown,0.7,7.68,-0.0,0.18,5,6.85,3.36,0.83
1784032984.449,static,fabric,-1.3,1.61,-0.0,0.77,11,1.6,-0.03,-0.16
1784032984.575,static,fabric,3.0,3.18,0.0,0.1,5,2.91,1.29,0.01
1784032984.575,static,unknown,0.7,7.68,-0.0,0.18,5,6.85,3.36,0.83
1784032984.575,static,fabric,-1.3,1.62,-0.0,0.78,11,1.61,-0.01,-0.16
1784032984.704,static,fabric,3.0,3.18,0.0,0.1,5,2.91,1.29,0.01
1784032984.704,static,unknown,0.7,7.68,-0.0,0.18,5,6.85,3.36,0.83
1784032984.704,static,fabric,-1.3,1.62,-0.0,0.78,11,1.61,0.01,-0.16
1784032984.793,static,fabric,3.0,3.18,0.0,0.1,5,2.91,1.29,0.01
1784032984.793,static,unknown,0.7,7.68,-0.0,0.17,5,6.85,3.36,0.83
1784032984.793,static,fabric,-1.3,1.63,-0.0,0.78,11,1.62,0.04,-0.17
1784032984.926,static,fabric,3.0,3.18,0.0,0.09,5,2.91,1.29,0.01
1784032984.926,static,unknown,0.8,7.68,-0.0,0.17,5,6.85,3.36,0.82
1784032984.926,static,fabric,-1.3,1.64,-0.0,0.78,11,1.63,0.05,-0.18
1784032985.064,static,fabric,3.1,3.18,0.0,0.09,5,2.91,1.29,0.01
1784032985.064,static,unknown,0.8,7.68,-0.0,0.17,5,6.86,3.36,0.82
1784032985.064,static,fabric,-1.3,1.64,-0.0,0.79,11,1.63,0.05,-0.18
1784032985.207,static,fabric,3.1,3.18,0.0,0.09,5,2.91,1.29,0.01
1784032985.207,static,unknown,0.8,7.68,-0.0,0.17,5,6.86,3.36,0.82
1784032985.207,static,fabric,-1.3,1.65,-0.0,0.79,11,1.64,0.05,-0.19
1784032985.31,static,fabric,3.1,3.18,0.0,0.09,5,2.91,1.29,0.01
1784032985.31,static,unknown,0.8,7.68,-0.0,0.17,5,6.86,3.36,0.81
1784032985.31,static,fabric,-1.3,1.65,-0.0,0.79,11,1.64,0.05,-0.19
1784032985.419,static,fabric,3.1,3.18,0.0,0.09,5,2.91,1.29,0.01
1784032985.419,static,unknown,0.8,7.68,-0.0,0.17,5,6.86,3.36,0.81
1784032985.419,static,fabric,-1.4,1.65,-0.0,0.8,11,1.63,0.04,-0.19
1784032985.557,static,fabric,3.1,3.18,0.0,0.09,5,2.91,1.29,0.01
1784032985.557,static,unknown,0.8,7.68,-0.0,0.17,5,6.87,3.34,0.81
1784032985.557,static,fabric,-1.3,1.62,-0.0,0.8,11,1.62,-0.01,-0.17
1784032985.666,static,fabric,3.1,3.18,0.0,0.09,5,2.91,1.29,0.01
1784032985.666,static,unknown,0.8,7.68,-0.0,0.17,5,6.87,3.33,0.81
1784032985.666,static,fabric,-1.4,1.61,-0.0,0.8,11,1.6,-0.04,-0.16
1784032985.753,static,fabric,3.1,3.18,0.0,0.09,5,2.91,1.29,0.01
1784032985.753,static,unknown,0.8,7.68,-0.0,0.17,5,6.87,3.32,0.82
1784032985.753,static,fabric,-1.3,1.6,-0.0,0.8,11,1.59,-0.06,-0.15
1784032985.844,static,fabric,3.1,3.18,0.0,0.09,5,2.91,1.29,0.01
1784032985.844,static,unknown,0.8,7.68,-0.0,0.17,5,6.88,3.32,0.83
1784032985.844,static,fabric,-1.4,1.6,-0.0,0.81,11,1.6,-0.06,-0.15
1784032985.946,static,fabric,3.0,3.18,0.0,0.09,5,2.91,1.29,0.01
1784032985.946,static,unknown,0.8,7.68,-0.0,0.17,5,6.87,3.33,0.84
1784032985.946,static,fabric,-1.4,1.62,-0.0,0.81,11,1.61,-0.03,-0.16
1784032986.085,static,fabric,3.0,3.18,0.0,0.09,5,2.91,1.29,0.01
1784032986.085,static,unknown,0.8,7.68,-0.0,0.17,5,6.86,3.34,0.84
1784032986.085,static,fabric,-1.4,1.63,-0.0,0.81,11,1.62,0.0,-0.18
1784032986.178,static,fabric,3.0,3.18,0.0,0.09,5,2.91,1.29,0.01
1784032986.178,static,unknown,0.8,7.68,-0.0,0.17,5,6.86,3.35,0.85
1784032986.178,static,fabric,-1.4,1.64,-0.0,0.81,11,1.63,0.03,-0.18
1784032986.311,static,fabric,3.0,3.18,0.0,0.09,5,2.91,1.29,0.01
1784032986.311,static,unknown,0.8,7.68,-0.0,0.17,5,6.85,3.35,0.85
1784032986.311,static,fabric,-1.4,1.63,-0.0,0.82,11,1.62,0.04,-0.17
1784032986.408,static,fabric,3.0,3.18,0.0,0.09,5,2.91,1.29,0.01
1784032986.408,static,unknown,0.8,7.68,-0.0,0.17,5,6.85,3.35,0.84
1784032986.408,static,fabric,-1.4,1.58,-0.0,0.81,11,1.57,-0.12,-0.11
1784032986.541,static,fabric,3.0,3.18,0.0,0.09,5,2.91,1.29,0.01
1784032986.541,static,unknown,0.8,7.68,-0.0,0.17,5,6.85,3.36,0.84
1784032986.541,static,fabric,-1.4,1.59,-0.0,0.81,11,1.59,-0.07,-0.13
1784032986.636,static,fabric,3.0,3.18,0.0,0.09,5,2.91,1.29,0.01
1784032986.636,static,unknown,0.8,7.68,-0.0,0.17,5,6.85,3.36,0.84
1784032986.636,static,fabric,-1.4,1.61,-0.0,0.82,11,1.6,-0.02,-0.14
1784032986.76,static,fabric,3.0,3.18,0.0,0.09,5,2.91,1.29,0.01
1784032986.76,static,unknown,0.8,7.68,-0.0,0.17,5,6.85,3.36,0.83
1784032986.76,static,fabric,-1.4,1.61,-0.0,0.82,11,1.6,-0.03,-0.14
1784032986.89,static,fabric,3.0,3.18,0.0,0.09,5,2.91,1.29,0.01
1784032986.89,static,unknown,0.8,7.68,-0.0,0.17,5,6.85,3.36,0.84
1784032986.89,static,fabric,-1.4,1.61,-0.0,0.82,11,1.61,-0.0,-0.15
1784032987.036,static,fabric,3.0,3.18,0.0,0.09,5,2.91,1.29,0.01
1784032987.036,static,unknown,0.8,7.61,-0.0,0.17,5,6.79,3.34,0.81
1784032987.036,static,fabric,-1.4,1.61,-0.0,0.82,11,1.6,-0.0,-0.15
1784032987.205,static,fabric,3.0,3.18,0.0,0.09,5,2.91,1.29,0.01
1784032987.205,static,unknown,0.8,7.57,-0.0,0.18,5,6.75,3.33,0.79
1784032987.205,static,fabric,-1.4,1.61,-0.0,0.83,11,1.6,-0.01,-0.15
1784032987.363,static,fabric,3.0,3.18,0.0,0.09,5,2.91,1.29,0.01
1784032987.363,static,unknown,0.8,7.54,-0.0,0.18,5,6.73,3.32,0.78
1784032987.363,static,fabric,-1.4,1.61,-0.0,0.83,11,1.61,-0.03,-0.16
1784032987.512,static,fabric,3.0,3.18,0.0,0.09,5,2.91,1.29,0.01
1784032987.512,static,unknown,0.8,7.53,-0.0,0.18,5,6.71,3.32,0.77
1784032987.512,static,fabric,-1.4,1.62,-0.0,0.83,11,1.61,-0.02,-0.17
1784032987.647,static,fabric,3.0,3.18,0.0,0.09,5,2.91,1.29,0.01
1784032987.647,static,unknown,0.8,7.58,-0.0,0.18,5,6.78,3.3,0.79
1784032987.647,static,fabric,-1.4,1.63,-0.0,0.83,11,1.62,-0.01,-0.18
1784032987.753,static,fabric,3.0,3.18,0.0,0.09,5,2.91,1.29,0.01
1784032987.753,static,unknown,0.8,7.61,-0.0,0.19,5,6.82,3.28,0.81
1784032987.753,static,fabric,-1.4,1.64,-0.0,0.83,11,1.63,0.01,-0.19
1784032987.929,static,fabric,3.0,3.18,0.0,0.08,5,2.91,1.29,0.01
1784032987.929,static,unknown,0.8,7.63,-0.0,0.19,5,6.85,3.28,0.82
1784032987.929,static,fabric,-1.4,1.64,-0.0,0.84,11,1.63,0.03,-0.19
1784032988.082,static,fabric,3.0,3.18,0.0,0.08,5,2.91,1.29,0.01
1784032988.082,static,unknown,0.8,7.65,-0.0,0.19,5,6.86,3.29,0.8
1784032988.082,static,fabric,-1.4,1.65,-0.0,0.84,11,1.63,0.05,-0.19
1784032988.218,static,fabric,3.0,3.18,0.0,0.08,5,2.91,1.29,0.01
1784032988.218,static,unknown,0.8,7.66,-0.0,0.19,5,6.87,3.3,0.79
1784032988.218,static,fabric,-1.4,1.65,-0.0,0.84,11,1.64,0.06,-0.19
1784032988.358,static,fabric,3.1,3.18,0.0,0.08,5,2.91,1.29,0.02
1784032988.358,static,unknown,0.8,7.67,-0.0,0.19,5,6.88,3.28,0.79
1784032988.358,static,fabric,-1.4,1.65,-0.0,0.84,11,1.64,0.07,-0.19
1784032988.488,static,fabric,3.1,3.18,0.0,0.08,5,2.91,1.29,0.01
1784032988.488,static,unknown,0.8,7.67,-0.0,0.19,5,6.9,3.26,0.8
1784032988.488,static,fabric,-1.4,1.65,-0.0,0.85,11,1.64,0.06,-0.19
1784032988.626,static,fabric,3.1,3.18,0.0,0.08,5,2.91,1.29,0.01
1784032988.626,static,unknown,0.8,7.67,-0.0,0.19,5,6.91,3.24,0.81
1784032988.626,static,fabric,-1.4,1.65,-0.0,0.85,11,1.64,0.06,-0.2
1784032988.72,static,fabric,3.1,3.18,0.0,0.08,5,2.91,1.29,0.01
1784032988.72,static,unknown,0.8,7.67,-0.0,0.19,5,6.91,3.23,0.82
1784032988.72,static,fabric,-1.4,1.65,-0.0,0.85,11,1.64,0.07,-0.2
1784032988.825,static,fabric,3.1,3.18,0.0,0.08,5,2.91,1.29,0.01
1784032988.825,static,unknown,0.7,7.68,-0.0,0.19,5,6.91,3.23,0.83
1784032988.825,static,fabric,-1.4,1.65,-0.0,0.85,11,1.64,0.07,-0.19
1784032988.943,static,fabric,3.1,3.18,0.0,0.08,5,2.91,1.29,0.01
1784032988.943,static,unknown,0.7,7.68,-0.0,0.19,5,6.91,3.25,0.83
1784032988.943,static,fabric,-1.4,1.65,-0.0,0.85,11,1.64,0.08,-0.19
1784032989.085,static,fabric,3.1,3.18,0.0,0.08,5,2.91,1.29,0.01
1784032989.085,static,unknown,0.6,7.68,-0.0,0.19,5,6.89,3.29,0.83
1784032989.085,static,fabric,-1.4,1.65,-0.0,0.86,11,1.64,0.09,-0.19
1784032989.256,static,fabric,3.1,3.18,0.0,0.08,5,2.91,1.29,0.01
1784032989.256,static,unknown,0.6,7.61,-0.0,0.19,5,6.82,3.29,0.82
1784032989.256,static,fabric,-1.4,1.65,-0.0,0.86,11,1.63,0.1,-0.18
1784032989.358,static,fabric,3.1,3.18,0.0,0.08,5,2.91,1.29,0.01
1784032989.358,static,unknown,0.6,7.57,-0.0,0.2,5,6.77,3.3,0.82
1784032989.358,static,fabric,-1.4,1.65,-0.0,0.86,11,1.63,0.11,-0.18
1784032989.457,static,fabric,3.1,3.18,0.0,0.08,5,2.91,1.29,0.02
1784032989.457,static,unknown,0.6,7.54,-0.0,0.2,5,6.73,3.3,0.82
1784032989.457,static,fabric,-1.4,1.64,-0.0,0.86,11,1.63,0.11,-0.18
1784032989.564,static,fabric,3.1,3.18,0.0,0.08,5,2.91,1.29,0.02
1784032989.564,static,unknown,0.6,7.53,-0.0,0.2,5,6.71,3.31,0.82
1784032989.564,static,fabric,-1.4,1.58,-0.0,0.86,11,1.58,-0.08,-0.11
1784032989.687,static,fabric,3.1,3.18,0.0,0.08,5,2.91,1.29,0.02
1784032989.687,static,unknown,0.6,7.58,-0.0,0.2,5,6.76,3.32,0.83
1784032989.687,static,fabric,-1.4,1.55,-0.0,0.85,11,1.54,-0.2,-0.07
1784032989.88,static,fabric,3.1,3.18,0.0,0.08,5,2.91,1.29,0.02
1784032989.88,static,unknown,0.6,7.61,-0.0,0.2,5,6.79,3.34,0.82
1784032989.88,static,fabric,-1.3,1.54,-0.0,0.85,11,1.51,-0.28,-0.04
1784032990.041,static,fabric,3.1,3.18,0.0,0.08,5,2.91,1.29,0.02
1784032990.041,static,unknown,0.6,7.64,-0.0,0.2,5,6.81,3.35,0.83
1784032990.041,static,fabric,-1.3,1.54,-0.0,0.85,11,1.51,-0.28,-0.04
1784032990.041,static,fabric,-1.4,1.82,0.01,0.45,7,1.71,0.54,-0.26
1784032990.219,static,fabric,3.1,3.18,0.0,0.08,5,2.91,1.29,0.01
1784032990.219,static,unknown,0.6,7.65,-0.0,0.2,5,6.83,3.35,0.83
1784032990.219,static,fabric,-1.3,1.54,-0.0,0.85,11,1.51,-0.28,-0.04
1784032990.219,static,mid,-1.4,1.73,0.01,0.72,8,1.67,0.41,-0.23
1784032990.387,static,fabric,3.1,3.18,0.0,0.08,5,2.91,1.29,0.01
1784032990.387,static,unknown,0.6,7.66,-0.0,0.2,5,6.84,3.35,0.83
1784032990.387,static,fabric,-1.3,1.54,-0.0,0.85,11,1.51,-0.28,-0.04
1784032990.387,static,mid,-1.4,1.67,0.01,0.9,10,1.63,0.32,-0.22
1784032990.53,static,fabric,3.1,3.18,0.0,0.08,5,2.91,1.29,0.01
1784032990.53,static,unknown,0.6,7.67,-0.0,0.2,5,6.85,3.36,0.81
1784032990.53,static,fabric,-1.3,1.54,-0.0,0.85,11,1.51,-0.28,-0.04
1784032990.53,static,mid,-1.4,1.64,0.01,1.01,10,1.61,0.25,-0.21
1784032990.677,static,fabric,3.1,3.18,0.0,0.08,5,2.91,1.29,0.01
1784032990.677,static,unknown,0.6,7.67,-0.0,0.2,5,6.85,3.36,0.81
1784032990.677,static,fabric,-1.3,1.54,-0.0,0.85,11,1.51,-0.28,-0.04
1784032990.677,static,mid,-1.3,1.63,0.01,1.09,11,1.6,0.2,-0.21
1784032990.803,static,fabric,3.2,3.18,0.0,0.08,5,2.91,1.29,0.01
1784032990.803,static,unknown,0.6,7.68,-0.0,0.2,5,6.85,3.36,0.81
1784032990.803,static,fabric,-1.3,1.54,-0.0,0.85,11,1.51,-0.28,-0.04
1784032990.803,static,mid,-1.3,1.62,0.01,1.16,12,1.6,0.17,-0.21
1784032990.956,static,fabric,3.2,3.18,0.0,0.08,5,2.91,1.29,0.01
1784032990.956,static,unknown,0.6,7.68,-0.0,0.2,5,6.85,3.36,0.82
1784032990.956,static,fabric,-1.3,1.54,-0.0,0.85,11,1.51,-0.28,-0.04
1784032990.956,static,mid,-1.2,1.6,0.01,1.25,12,1.58,0.17,-0.2
1784032991.112,static,fabric,3.2,3.18,0.0,0.08,5,2.91,1.29,0.01
1784032991.112,static,unknown,0.5,7.68,-0.0,0.2,5,6.85,3.36,0.83
1784032991.112,static,fabric,-1.3,1.54,-0.0,0.85,11,1.51,-0.28,-0.04
1784032991.112,static,mid,-1.2,1.59,0.02,1.32,13,1.56,0.18,-0.19
1784032991.251,static,fabric,3.2,3.18,0.0,0.08,5,2.91,1.29,0.01
1784032991.251,static,unknown,0.5,7.68,-0.0,0.2,5,6.85,3.36,0.83
1784032991.251,static,fabric,-1.3,1.54,-0.0,0.85,11,1.51,-0.28,-0.04
1784032991.251,unknown,mid,-1.2,1.56,0.02,1.38,13,1.54,0.17,-0.17
1784032991.359,static,fabric,3.2,3.18,0.0,0.08,5,2.91,1.29,0.01
1784032991.359,static,unknown,0.5,7.68,-0.0,0.2,5,6.85,3.36,0.83
1784032991.359,static,fabric,-1.3,1.54,-0.0,0.85,11,1.51,-0.28,-0.04
1784032991.359,unknown,mid,-1.1,1.58,0.02,1.37,13,1.57,0.1,-0.18
1784032991.486,static,fabric,3.2,3.18,0.0,0.08,5,2.91,1.29,0.02
1784032991.486,static,unknown,0.5,7.68,-0.0,0.2,5,6.85,3.36,0.83
1784032991.486,unknown,mid,-1.1,1.6,0.01,1.36,13,1.59,0.04,-0.19
1784032991.634,static,fabric,3.2,3.18,0.0,0.08,5,2.91,1.29,0.02
1784032991.634,static,unknown,0.5,7.68,-0.0,0.19,5,6.86,3.36,0.82
1784032991.634,unknown,mid,-1.2,1.61,0.01,1.35,13,1.6,0.02,-0.19
1784032991.772,static,fabric,3.2,3.18,0.0,0.08,5,2.91,1.29,0.02
1784032991.772,static,unknown,0.5,7.68,-0.0,0.19,5,6.86,3.36,0.82
1784032991.772,unknown,mid,-1.2,1.63,0.01,1.34,13,1.61,0.03,-0.2
1784032991.885,static,fabric,3.2,3.18,0.0,0.08,5,2.91,1.29,0.02
1784032991.885,static,unknown,0.5,7.68,-0.0,0.19,5,6.86,3.36,0.82
1784032991.885,unknown,mid,-1.2,1.63,0.01,1.33,13,1.62,0.02,-0.2
1784032992.039,static,fabric,3.2,3.18,0.0,0.08,5,2.91,1.29,0.02
1784032992.039,static,unknown,0.5,7.68,-0.0,0.19,5,6.86,3.36,0.82
1784032992.039,unknown,mid,-1.2,1.59,0.02,1.36,13,1.58,0.03,-0.19
1784032992.144,static,fabric,3.2,3.18,0.0,0.07,5,2.91,1.29,0.02
1784032992.144,static,unknown,0.5,7.68,-0.0,0.19,5,6.86,3.36,0.82
1784032992.144,unknown,mid,-1.2,1.56,0.02,1.38,13,1.55,0.02,-0.17
1784032992.28,static,fabric,3.2,3.18,0.0,0.07,5,2.91,1.29,0.02
1784032992.28,static,unknown,0.5,7.68,-0.0,0.19,5,6.86,3.36,0.82
1784032992.28,unknown,mid,-1.1,1.54,0.02,1.4,13,1.53,0.01,-0.17
1784032992.379,static,fabric,3.2,3.18,0.0,0.07,5,2.91,1.29,0.02
1784032992.379,static,unknown,0.5,7.68,-0.0,0.19,5,6.86,3.36,0.8
1784032992.379,unknown,mid,-1.1,1.56,0.02,1.41,13,1.55,0.0,-0.17
1784032992.459,static,fabric,3.3,3.18,0.0,0.07,5,2.91,1.29,0.02
1784032992.459,static,unknown,0.5,7.68,-0.0,0.19,5,6.86,3.36,0.79
1784032992.459,unknown,mid,-1.1,1.57,0.02,1.41,14,1.56,-0.0,-0.17
1784032992.568,static,fabric,3.3,3.18,0.0,0.07,5,2.91,1.29,0.02
1784032992.568,static,unknown,0.6,7.68,-0.0,0.19,5,6.86,3.36,0.77
1784032992.568,unknown,mid,-1.1,1.59,0.02,1.41,14,1.58,-0.0,-0.18
1784032992.691,static,fabric,3.3,3.18,0.0,0.07,5,2.91,1.29,0.02
1784032992.691,static,unknown,0.6,7.68,-0.0,0.19,5,6.86,3.36,0.76
1784032992.691,unknown,mid,-1.1,1.61,0.02,1.4,14,1.6,0.02,-0.19
1784032992.818,static,fabric,3.3,3.18,0.0,0.07,5,2.91,1.29,0.02
1784032992.818,static,unknown,0.6,7.68,-0.0,0.19,5,6.86,3.36,0.76
1784032992.818,unknown,mid,-1.1,1.63,0.02,1.39,14,1.62,0.03,-0.2
1784032992.937,static,fabric,3.3,3.18,0.0,0.07,5,2.91,1.29,0.02
1784032992.937,static,unknown,0.6,7.68,-0.0,0.19,5,6.87,3.34,0.78
1784032992.937,unknown,mid,-1.1,1.64,0.02,1.38,14,1.62,0.04,-0.2
1784032993.037,static,fabric,3.3,3.18,0.0,0.07,5,2.91,1.29,0.02
1784032993.037,static,unknown,0.6,7.67,-0.0,0.19,5,6.87,3.33,0.79
1784032993.037,unknown,mid,-1.1,1.64,0.02,1.38,14,1.63,0.04,-0.21
1784032993.165,static,fabric,3.3,3.18,0.0,0.07,5,2.91,1.29,0.02
1784032993.165,static,unknown,0.6,7.68,-0.0,0.19,5,6.87,3.32,0.81
1784032993.165,unknown,mid,-1.1,1.64,0.02,1.37,14,1.63,0.03,-0.2
1784032993.293,static,fabric,3.3,3.18,0.0,0.07,5,2.91,1.29,0.02
1784032993.293,static,unknown,0.6,7.68,-0.0,0.19,5,6.88,3.32,0.81
1784032993.293,unknown,mid,-1.1,1.64,0.02,1.37,14,1.63,0.02,-0.2
1784032993.429,static,fabric,3.3,3.18,0.0,0.07,5,2.91,1.29,0.02
1784032993.429,static,unknown,0.5,7.68,-0.0,0.19,5,6.87,3.32,0.82
1784032993.429,unknown,mid,-1.1,1.64,0.02,1.36,14,1.63,0.0,-0.2
1784032993.54,static,fabric,3.3,3.18,0.0,0.07,5,2.91,1.29,0.02
1784032993.54,static,unknown,0.5,7.68,-0.0,0.19,5,6.87,3.32,0.84
1784032993.54,unknown,mid,-1.1,1.64,0.02,1.36,14,1.62,-0.02,-0.19
1784032993.675,static,fabric,3.3,3.18,0.0,0.07,5,2.91,1.29,0.02
1784032993.675,static,unknown,0.5,7.68,-0.0,0.19,5,6.87,3.31,0.84
1784032993.675,unknown,mid,-1.1,1.64,0.02,1.35,14,1.63,-0.01,-0.19
1784032993.789,static,fabric,3.3,3.18,0.0,0.07,5,2.91,1.29,0.02
1784032993.789,static,unknown,0.5,7.68,-0.0,0.19,5,6.87,3.31,0.85
1784032993.789,unknown,mid,-1.1,1.64,0.01,1.35,14,1.62,-0.04,-0.2
1784032993.859,static,fabric,3.3,3.18,0.0,0.08,5,2.91,1.29,0.02
1784032993.859,static,unknown,0.5,7.68,-0.0,0.19,5,6.86,3.33,0.86
1784032993.859,unknown,mid,-1.1,1.64,0.01,1.35,13,1.63,-0.03,-0.2
1784032993.985,static,fabric,3.3,3.18,0.0,0.08,5,2.91,1.29,0.02
1784032993.985,static,unknown,0.5,7.68,-0.0,0.19,5,6.87,3.32,0.86
1784032993.985,unknown,mid,-1.1,1.64,0.01,1.34,13,1.62,-0.05,-0.2
1784032994.053,static,fabric,3.3,3.18,0.0,0.08,5,2.92,1.28,0.03
1784032994.053,static,unknown,0.5,7.68,-0.0,0.19,5,6.87,3.3,0.87
1784032994.053,unknown,mid,-1.1,1.63,0.01,1.34,13,1.62,-0.08,-0.2
1784032994.185,static,fabric,3.3,3.18,0.0,0.08,5,2.92,1.27,0.03
1784032994.185,static,unknown,0.5,7.68,-0.0,0.19,5,6.89,3.27,0.9
1784032994.185,unknown,mid,-1.1,1.62,0.01,1.34,13,1.61,-0.09,-0.19
1784032994.29,static,fabric,3.3,3.18,0.0,0.08,5,2.93,1.26,0.03
1784032994.29,static,unknown,0.5,7.68,-0.0,0.19,5,6.9,3.24,0.92
1784032994.29,unknown,mid,-1.1,1.62,0.01,1.34,13,1.61,-0.09,-0.19
1784032994.427,static,fabric,3.3,3.18,0.0,0.08,5,2.93,1.25,0.03
1784032994.427,static,unknown,0.5,7.68,-0.0,0.19,5,6.92,3.2,0.93
1784032994.427,unknown,mid,-1.1,1.62,0.01,1.33,13,1.6,-0.13,-0.18
1784032994.528,static,fabric,3.3,3.18,0.0,0.08,5,2.93,1.25,0.03
1784032994.528,static,unknown,0.5,7.68,-0.0,0.19,5,6.93,3.17,0.94
1784032994.528,unknown,mid,-1.2,1.63,0.01,1.33,13,1.61,-0.11,-0.19
1784032994.655,static,fabric,3.3,3.18,0.0,0.08,5,2.93,1.25,0.03
1784032994.655,static,unknown,0.5,7.68,-0.0,0.19,5,6.94,3.15,0.95
1784032994.655,unknown,mid,-1.2,1.63,0.01,1.33,13,1.62,-0.09,-0.19
1784032994.655,static,fabric,-0.1,0.75,0.06,0.22,3,0.45,0.6,0.06
1784032994.771,static,fabric,3.3,3.18,0.0,0.08,5,2.93,1.26,0.03
1784032994.771,static,unknown,0.5,7.68,-0.0,0.19,5,6.93,3.16,0.94
1784032994.771,unknown,mid,-1.2,1.55,0.01,1.34,13,1.54,-0.05,-0.17
1784032994.771,static,fabric,-0.1,0.75,0.06,0.22,3,0.45,0.6,0.06
1784032994.891,static,fabric,3.3,3.18,0.0,0.08,5,2.92,1.26,0.02
1784032994.891,static,unknown,0.5,7.68,-0.0,0.2,5,6.93,3.18,0.92
1784032994.891,unknown,metal,-1.2,1.48,0.01,1.34,13,1.47,-0.02,-0.15
1784032994.891,static,fabric,-0.1,0.75,0.06,0.22,3,0.45,0.6,0.06
1784032995.01,static,fabric,3.3,3.18,0.0,0.08,5,2.92,1.26,0.03
1784032995.01,static,unknown,0.5,7.68,-0.0,0.2,5,6.92,3.2,0.91
1784032995.01,unknown,metal,-1.2,1.42,0.01,1.35,13,1.41,-0.01,-0.14
1784032995.01,static,fabric,-0.1,0.75,0.06,0.22,3,0.45,0.6,0.06
1784032995.15,static,fabric,3.3,3.18,0.0,0.08,5,2.92,1.27,0.03
1784032995.15,static,unknown,0.5,7.67,-0.0,0.2,5,6.9,3.26,0.85
1784032995.15,unknown,metal,-1.1,1.26,0.01,1.35,13,1.25,-0.03,-0.09
1784032995.15,static,fabric,-0.1,0.75,0.06,0.22,3,0.45,0.6,0.06
1784032995.291,static,fabric,3.3,3.18,0.0,0.08,5,2.92,1.27,0.03
1784032995.291,static,unknown,0.5,7.67,-0.0,0.2,5,6.9,3.26,0.85
1784032995.291,unknown,metal,-1.1,1.15,0.01,1.36,13,1.14,-0.03,-0.06
1784032995.291,static,fabric,-0.1,0.75,0.06,0.22,3,0.45,0.6,0.06
1784032995.427,static,fabric,3.3,3.18,0.0,0.08,5,2.92,1.27,0.03
1784032995.427,static,unknown,0.5,7.67,-0.0,0.2,5,6.9,3.26,0.85
1784032995.427,unknown,metal,-1.0,1.05,0.01,1.36,13,1.05,-0.04,-0.03
1784032995.427,static,fabric,-0.1,0.75,0.06,0.22,3,0.45,0.6,0.06
1784032995.568,static,fabric,3.3,3.18,0.0,0.08,5,2.92,1.27,0.03
1784032995.568,static,unknown,0.5,7.67,-0.0,0.2,5,6.9,3.26,0.85
1784032995.568,unknown,metal,-0.8,1.04,0.0,1.36,13,1.03,-0.06,-0.02
1784032995.568,static,fabric,-0.1,0.75,0.06,0.22,3,0.45,0.6,0.06
1784032995.718,static,fabric,3.3,3.18,0.0,0.08,5,2.92,1.28,0.07
1784032995.718,static,unknown,0.5,7.67,-0.0,0.2,5,6.9,3.26,0.85
1784032995.718,unknown,metal,-0.5,1.09,0.0,1.37,13,1.08,-0.07,-0.04
1784032995.718,static,fabric,-0.1,0.75,0.06,0.22,3,0.45,0.6,0.06
1784032995.859,static,mid,3.3,3.19,0.0,0.08,5,2.92,1.28,0.1
1784032995.859,static,unknown,0.5,7.69,-0.0,0.2,5,6.95,3.17,0.88
1784032995.859,unknown,metal,0.5,1.18,0.0,1.38,13,1.18,-0.07,-0.06
1784032995.859,static,fabric,-0.1,0.75,0.06,0.22,3,0.45,0.6,0.06
1784032995.994,static,mid,3.3,3.19,0.0,0.08,5,2.92,1.28,0.12
1784032995.994,static,unknown,0.5,7.7,-0.0,0.2,5,6.97,3.13,0.92
1784032995.994,unknown,metal,0.5,1.28,0.0,1.39,13,1.27,-0.07,-0.08
1784032995.994,static,fabric,-0.1,0.75,0.06,0.22,3,0.45,0.6,0.06
1784032996.134,static,mid,3.3,3.19,0.0,0.08,5,2.92,1.28,0.14
1784032996.134,static,unknown,0.5,7.71,-0.0,0.2,5,6.99,3.12,0.93
1784032996.134,unknown,metal,0.5,1.35,0.0,1.4,13,1.34,-0.08,-0.1
1784032996.134,static,fabric,-0.1,0.75,0.06,0.22,3,0.45,0.6,0.06
1784032996.274,static,mid,3.3,3.19,0.0,0.08,5,2.92,1.28,0.16
1784032996.274,static,unknown,0.5,7.71,-0.0,0.2,5,6.98,3.14,0.94
1784032996.274,unknown,metal,0.5,1.38,0.0,1.41,13,1.37,-0.09,-0.1
1784032996.414,static,mid,3.3,3.19,0.0,0.08,5,2.92,1.28,0.18
1784032996.414,static,unknown,0.5,7.72,-0.0,0.2,5,6.98,3.17,0.91
1784032996.414,unknown,metal,1.3,1.46,0.0,1.39,13,1.45,-0.15,-0.12
1784032996.545,static,mid,3.3,3.2,0.0,0.08,5,2.93,1.27,0.19
1784032996.545,static,unknown,0.5,7.71,-0.0,0.2,5,6.96,3.2,0.88
1784032996.545,unknown,metal,1.3,1.52,0.0,1.39,13,1.5,-0.17,-0.13
1784032996.681,static,mid,3.3,3.2,0.0,0.08,5,2.94,1.26,0.19
1784032996.681,static,unknown,0.5,7.71,-0.0,0.2,5,6.94,3.24,0.85
1784032996.681,unknown,metal,1.3,1.56,0.0,1.39,13,1.54,-0.17,-0.14
1784032996.824,static,mid,3.3,3.2,0.0,0.08,5,2.93,1.26,0.16
1784032996.824,static,unknown,0.5,7.7,-0.0,0.2,5,6.92,3.27,0.83
1784032996.824,unknown,metal,1.8,1.58,0.0,1.38,13,1.56,-0.18,-0.15
1784032996.971,static,mid,3.3,3.19,0.0,0.08,5,2.93,1.26,0.13
1784032996.971,static,unknown,0.5,7.69,-0.0,0.2,5,6.9,3.29,0.85
1784032996.971,unknown,metal,1.8,1.6,0.0,1.38,13,1.58,-0.19,-0.16
1784032997.091,static,mid,3.3,3.19,0.0,0.08,5,2.92,1.27,0.1
1784032997.091,static,unknown,0.5,7.69,-0.0,0.2,5,6.9,3.28,0.85
1784032997.091,unknown,metal,1.8,1.61,0.0,1.36,13,1.58,-0.22,-0.16
1784032997.207,static,mid,3.3,3.19,0.0,0.08,5,2.92,1.28,0.07
1784032997.207,static,unknown,0.5,7.68,-0.0,0.2,5,6.91,3.26,0.87
1784032997.207,unknown,metal,1.8,1.61,0.0,1.35,13,1.59,-0.24,-0.16
1784032997.375,static,mid,3.3,3.19,0.0,0.08,5,2.92,1.28,0.05
1784032997.375,static,unknown,0.4,7.68,-0.0,0.2,5,6.92,3.21,0.9
1784032997.375,unknown,metal,1.8,1.61,0.0,1.33,13,1.59,-0.25,-0.16
1784032997.479,static,mid,3.3,3.18,0.0,0.08,5,2.91,1.29,0.04
1784032997.479,static,unknown,0.4,7.68,-0.0,0.2,5,6.92,3.2,0.92
1784032997.479,unknown,metal,1.8,1.62,0.0,1.32,13,1.59,-0.26,-0.16
1784032997.479,static,fabric,0.4,0.24,0.24,0.77,3,0.22,-0.03,-0.08
1784032997.624,static,mid,3.3,3.18,0.0,0.08,5,2.91,1.29,0.03
1784032997.624,static,unknown,0.4,7.68,-0.0,0.21,5,6.92,3.2,0.93
1784032997.624,unknown,metal,1.8,1.62,0.0,1.3,13,1.59,-0.26,-0.16
1784032997.624,static,fabric,0.4,0.24,0.23,0.78,3,0.22,-0.05,-0.09
1784032997.731,static,mid,3.3,3.18,0.0,0.08,5,2.91,1.29,0.03
1784032997.731,static,unknown,0.3,7.68,-0.0,0.21,5,6.9,3.24,0.92
1784032997.731,unknown,metal,1.8,1.62,0.0,1.29,13,1.59,-0.27,-0.16
1784032997.731,static,fabric,0.4,0.24,0.23,0.78,3,0.22,-0.05,-0.09
1784032997.846,static,mid,3.3,3.18,0.0,0.08,5,2.91,1.29,0.03
1784032997.846,static,unknown,0.3,7.68,-0.0,0.21,5,6.89,3.26,0.91
1784032997.846,unknown,metal,1.8,1.62,0.0,1.28,13,1.59,-0.28,-0.16
1784032997.846,static,fabric,0.4,0.24,0.23,0.78,3,0.22,-0.05,-0.09
1784032997.971,static,mid,3.3,3.18,0.0,0.08,5,2.91,1.29,0.02
1784032997.971,static,unknown,0.3,7.68,-0.0,0.21,5,6.88,3.28,0.91
1784032997.971,unknown,metal,1.8,1.6,0.0,1.27,13,1.57,-0.26,-0.16
1784032997.971,static,fabric,0.4,0.24,0.23,0.78,3,0.22,-0.05,-0.09
1784032998.076,static,mid,3.3,3.18,0.0,0.08,5,2.91,1.29,0.02
1784032998.076,static,unknown,0.3,7.68,-0.0,0.21,5,6.89,3.27,0.91
1784032998.076,unknown,metal,0.5,1.48,-0.0,1.27,13,1.45,-0.23,-0.15
1784032998.076,static,fabric,0.4,0.24,0.23,0.78,3,0.22,-0.05,-0.09
1784032998.212,static,mid,3.3,3.18,0.0,0.08,5,2.91,1.29,0.02
1784032998.212,static,unknown,0.3,7.68,-0.0,0.21,5,6.89,3.26,0.92
1784032998.212,unknown,mid,-0.1,1.3,-0.0,1.28,13,1.28,-0.19,-0.13
1784032998.212,static,fabric,0.4,0.24,0.23,0.78,3,0.22,-0.05,-0.09
1784032998.324,static,mid,3.3,3.18,0.0,0.08,5,2.91,1.29,0.02
1784032998.324,static,unknown,0.3,7.68,-0.0,0.21,5,6.89,3.27,0.92
1784032998.324,unknown,mid,-0.8,1.19,-0.01,1.28,13,1.17,-0.17,-0.12
1784032998.324,static,fabric,0.4,0.24,0.23,0.78,3,0.22,-0.05,-0.09
1784032998.452,static,mid,3.3,3.18,0.0,0.08,5,2.9,1.3,0.04
1784032998.452,static,unknown,0.3,7.68,-0.0,0.21,5,6.89,3.27,0.92
1784032998.452,unknown,mid,-1.1,1.05,-0.01,1.29,13,1.04,-0.12,-0.11
1784032998.452,static,fabric,0.4,0.24,0.23,0.78,3,0.22,-0.05,-0.09
1784032998.578,static,mid,3.3,3.18,0.0,0.08,5,2.9,1.32,0.07
1784032998.578,static,unknown,0.3,7.68,-0.0,0.21,5,6.89,3.27,0.92
1784032998.578,unknown,mid,-1.1,0.97,-0.01,1.3,13,0.96,-0.08,-0.09
1784032998.578,static,fabric,0.4,0.24,0.23,0.78,3,0.22,-0.05,-0.09
1784032998.686,static,mid,3.3,3.18,0.0,0.08,5,2.89,1.32,0.08
1784032998.686,static,unknown,0.3,7.68,-0.0,0.21,5,6.89,3.27,0.92
1784032998.686,unknown,mid,-0.6,0.93,-0.01,1.31,13,0.93,-0.05,-0.08
1784032998.686,static,fabric,0.4,0.24,0.23,0.78,3,0.22,-0.05,-0.09
1784032998.814,static,mid,3.3,3.18,0.0,0.08,5,2.89,1.33,0.09
1784032998.814,static,unknown,0.3,7.68,-0.0,0.21,5,6.89,3.27,0.92
1784032998.814,unknown,mid,0.4,0.88,-0.01,1.32,13,0.88,-0.02,-0.06
1784032998.814,static,fabric,0.4,0.24,0.23,0.78,3,0.22,-0.05,-0.09
1784032998.91,static,mid,3.3,3.18,0.0,0.08,5,2.89,1.33,0.09
1784032998.91,static,unknown,0.3,7.68,-0.0,0.21,5,6.89,3.27,0.92
1784032998.91,unknown,mid,1.9,0.87,-0.01,1.33,14,0.87,-0.0,-0.04
1784032998.91,static,fabric,0.4,0.24,0.23,0.78,3,0.22,-0.05,-0.09
1784032999.04,static,mid,3.3,3.18,0.0,0.08,5,2.89,1.33,0.09
1784032999.04,static,unknown,0.3,7.68,-0.0,0.21,5,6.89,3.27,0.92
1784032999.04,unknown,mid,1.9,0.85,-0.01,1.34,14,0.85,0.01,-0.04
1784032999.04,static,fabric,0.4,0.24,0.23,0.78,3,0.22,-0.05,-0.09
1784032999.176,static,mid,3.3,3.18,0.0,0.08,5,2.89,1.33,0.09
1784032999.176,static,unknown,0.3,7.68,-0.0,0.21,5,6.89,3.27,0.92
1784032999.176,unknown,metal,2.4,0.83,-0.01,1.34,14,0.83,0.02,-0.04
1784032999.292,static,mid,3.3,3.18,0.0,0.08,5,2.89,1.33,0.09
1784032999.292,static,unknown,0.3,7.68,-0.0,0.21,5,6.89,3.27,0.92
1784032999.292,unknown,metal,2.4,0.82,-0.01,1.36,14,0.82,0.0,-0.04
1784032999.397,static,mid,3.3,3.18,0.0,0.08,5,2.89,1.33,0.09
1784032999.397,static,unknown,0.3,7.68,-0.0,0.21,5,6.89,3.27,0.92
1784032999.397,unknown,metal,2.5,0.81,-0.0,1.37,14,0.81,0.01,-0.04
1784032999.527,static,mid,3.3,3.18,0.0,0.08,5,2.89,1.33,0.09
1784032999.527,static,unknown,0.3,7.68,-0.0,0.21,5,6.89,3.27,0.92
1784032999.527,unknown,metal,2.6,0.83,0.0,1.39,14,0.83,-0.01,-0.03
1784032999.635,static,mid,3.3,3.18,0.0,0.08,5,2.89,1.33,0.09
1784032999.635,static,unknown,0.3,7.68,-0.0,0.21,5,6.89,3.27,0.92
1784032999.635,unknown,metal,2.6,0.83,0.01,1.41,14,0.83,0.02,-0.0
1784032999.766,static,mid,3.3,3.18,0.0,0.08,5,2.89,1.33,0.09
1784032999.766,static,unknown,0.3,7.68,-0.0,0.21,5,6.89,3.27,0.92
1784032999.766,unknown,metal,2.6,0.85,0.01,1.43,15,0.84,0.06,0.0
1784032999.88,static,mid,3.3,3.18,0.0,0.08,5,2.89,1.33,0.09
1784032999.88,unknown,metal,2.6,0.87,0.02,1.45,15,0.87,0.08,0.0
1784033000.008,static,mid,3.3,3.18,0.0,0.08,5,2.89,1.33,0.09
1784033000.008,unknown,metal,2.7,0.9,0.02,1.47,15,0.89,0.11,-0.0
1784033000.142,static,mid,3.3,3.18,0.0,0.08,5,2.89,1.33,0.09
1784033000.142,unknown,metal,2.9,0.89,0.02,1.48,15,0.88,0.1,-0.0
1784033000.219,static,mid,3.3,3.18,0.0,0.08,5,2.89,1.33,0.09
1784033000.219,unknown,metal,2.9,0.88,0.02,1.48,15,0.87,0.1,-0.01
1784033000.295,static,mid,3.3,3.18,0.0,0.08,5,2.89,1.33,0.09
1784033000.295,unknown,metal,2.9,0.87,0.02,1.48,15,0.87,0.1,0.0
1784033000.418,unknown,metal,2.9,0.86,0.02,1.48,16,0.86,0.09,0.01
1784033000.418,static,unknown,-0.8,8.03,0.0,0.06,3,4.94,-6.27,0.84
1784033000.52,unknown,metal,3.2,0.86,0.02,1.48,16,0.85,0.1,0.03
1784033000.52,static,unknown,-0.8,8.03,0.0,0.11,3,4.94,-6.27,0.85
1784033000.635,unknown,metal,2.9,0.9,0.02,1.48,16,0.9,0.08,0.03
1784033000.635,static,unknown,-0.2,8.02,0.0,0.17,3,4.9,-6.29,0.88
1784033000.766,unknown,metal,3.2,0.91,0.02,1.48,16,0.9,0.07,0.03
1784033000.766,static,unknown,-0.2,8.02,0.0,0.22,3,4.88,-6.3,0.89
1784033000.895,unknown,metal,3.2,0.88,0.02,1.48,16,0.88,0.06,0.04
1784033000.895,static,unknown,-0.2,8.02,0.0,0.25,3,4.86,-6.32,0.91
1784033000.996,unknown,metal,3.3,0.86,0.02,1.49,16,0.86,0.05,0.04
1784033000.996,static,unknown,-0.2,8.03,0.0,0.27,3,4.82,-6.35,0.91
1784033001.117,unknown,metal,3.5,0.84,0.02,1.49,16,0.84,0.06,0.03
1784033001.117,static,unknown,-0.2,8.03,0.0,0.27,3,4.82,-6.35,0.91
1784033001.231,unknown,metal,3.9,0.85,0.02,1.49,16,0.85,0.08,0.01
1784033001.231,static,unknown,-0.2,8.03,0.0,0.27,3,4.82,-6.35,0.91
1784033001.231,static,mid,0.6,2.11,-0.15,0.19,2,1.26,-1.7,0.03
1784033001.231,static,mid,3.4,3.2,0.0,0.2,4,2.91,1.33,0.01
1784033001.35,unknown,metal,3.9,0.9,0.02,1.5,16,0.9,0.11,-0.02
1784033001.35,static,unknown,-0.2,8.03,0.0,0.27,3,4.82,-6.35,0.91
1784033001.35,static,mid,0.6,2.06,-0.11,0.16,2,1.19,-1.69,0.05
1784033001.35,static,mid,3.4,3.19,0.0,0.21,4,2.91,1.32,0.01
1784033001.35,static,unknown,-1.7,7.67,0.0,0.5,3,6.82,3.41,0.87
1784033001.473,unknown,metal,3.9,0.97,0.02,1.5,16,0.96,0.15,-0.05
1784033001.473,static,unknown,-0.2,8.03,0.0,0.27,3,4.82,-6.35,0.91
1784033001.473,static,mid,4.1,2.03,-0.09,0.15,2,1.14,-1.68,0.06
1784033001.473,static,mid,3.2,3.19,0.0,0.22,4,2.91,1.31,0.02
1784033001.473,static,unknown,-1.7,7.67,0.0,0.48,3,6.84,3.37,0.89
1784033001.595,unknown,metal,4.0,1.0,0.02,1.5,16,0.98,0.17,-0.07
1784033001.595,static,unknown,-0.2,8.03,0.0,0.27,3,4.82,-6.35,0.91
1784033001.595,static,mid,4.1,2.01,-0.07,0.14,2,1.11,-1.67,0.06
1784033001.595,static,mid,3.2,3.19,0.0,0.21,4,2.91,1.29,0.03
1784033001.595,static,unknown,-1.7,7.68,0.0,0.46,3,6.85,3.35,0.9
1784033001.738,unknown,metal,4.1,0.88,0.02,1.48,16,0.87,0.11,-0.02
1784033001.738,static,unknown,-0.2,8.03,0.0,0.27,3,4.82,-6.35,0.91
1784033001.738,static,mid,4.1,2.01,-0.07,0.14,2,1.11,-1.67,0.06
1784033001.738,static,mid,3.1,3.19,0.0,0.19,4,2.91,1.3,0.03
1784033001.738,static,unknown,-1.6,7.67,0.0,0.44,3,6.83,3.37,0.9
1784033001.881,unknown,metal,4.5,0.86,0.02,1.48,16,0.86,0.09,-0.01
1784033001.881,static,unknown,-0.2,8.03,0.0,0.27,3,4.82,-6.35,0.91
1784033001.881,static,mid,4.1,2.01,-0.07,0.14,2,1.11,-1.67,0.06
1784033001.881,static,mid,3.1,3.18,0.0,0.19,4,2.91,1.3,0.03
1784033001.881,static,unknown,-1.4,7.68,0.0,0.43,4,6.82,3.41,0.89
1784033002.017,unknown,metal,4.5,0.8,0.02,1.47,16,0.8,0.06,0.01
1784033002.017,static,unknown,-0.2,8.03,0.0,0.27,3,4.82,-6.35,0.91
1784033002.017,static,mid,4.1,2.01,-0.07,0.14,2,1.11,-1.67,0.06
1784033002.017,static,mid,3.2,3.18,0.0,0.19,4,2.91,1.3,0.02
1784033002.017,static,unknown,-1.4,7.68,0.0,0.42,4,6.81,3.43,0.9
1784033002.128,unknown,metal,4.7,0.76,0.02,1.47,16,0.76,0.04,0.03
1784033002.128,static,unknown,-0.2,8.03,0.0,0.27,3,4.82,-6.35,0.91
1784033002.128,static,mid,4.1,2.01,-0.07,0.14,2,1.11,-1.67,0.06
1784033002.128,static,mid,3.2,3.18,0.0,0.19,5,2.91,1.3,0.02
1784033002.128,static,unknown,-1.6,7.68,0.0,0.41,4,6.79,3.46,0.89
1784033002.249,unknown,metal,4.7,0.73,0.02,1.46,16,0.73,0.02,0.03
1784033002.249,static,unknown,-0.2,8.03,0.0,0.27,3,4.82,-6.35,0.91
1784033002.249,static,mid,4.1,2.01,-0.07,0.14,2,1.11,-1.67,0.06
1784033002.249,static,mid,3.4,3.18,0.0,0.18,5,2.91,1.29,0.02
1784033002.249,static,unknown,-1.6,7.68,0.0,0.4,3,6.8,3.46,0.9
1784033002.389,unknown,metal,5.7,0.69,0.02,1.45,16,0.69,0.01,0.04
1784033002.389,static,unknown,-0.2,8.03,0.0,0.27,3,4.82,-6.35,0.91
1784033002.389,static,mid,4.1,2.01,-0.07,0.14,2,1.11,-1.67,0.06
1784033002.389,static,mid,3.4,3.18,0.0,0.18,5,2.91,1.28,0.03
1784033002.389,static,unknown,-1.6,7.68,0.0,0.36,3,6.81,3.42,0.92
1784033002.517,unknown,metal,5.0,0.67,0.02,1.43,16,0.67,-0.0,0.03
1784033002.517,static,mid,4.1,2.01,-0.07,0.14,2,1.11,-1.67,0.06
1784033002.517,static,mid,3.4,3.18,0.0,0.18,5,2.92,1.28,0.05
1784033002.517,static,unknown,-1.6,7.68,0.0,0.36,3,6.81,3.42,0.92
1784033002.65,unknown,metal,5.7,0.69,0.02,1.43,16,0.69,0.02,0.03
1784033002.65,static,mid,4.1,2.01,-0.07,0.14,2,1.11,-1.67,0.06
1784033002.65,static,mid,3.4,3.18,0.0,0.17,5,2.92,1.27,0.06
1784033002.65,static,unknown,-1.6,7.68,0.0,0.34,3,6.82,3.4,0.93
1784033002.79,unknown,metal,5.7,0.76,0.02,1.44,16,0.76,0.04,0.02
1784033002.79,static,mid,4.1,2.01,-0.07,0.14,2,1.11,-1.67,0.06
1784033002.79,static,mid,3.4,3.18,0.0,0.17,5,2.92,1.27,0.07
1784033002.79,static,unknown,-1.6,7.68,0.0,0.31,3,6.83,3.39,0.93
1784033002.914,unknown,metal,5.9,0.82,0.02,1.44,16,0.82,0.05,0.01
1784033002.914,static,mid,4.1,2.01,-0.07,0.14,2,1.11,-1.67,0.06
1784033002.914,static,mid,3.4,3.18,0.0,0.17,5,2.92,1.27,0.07
1784033002.914,static,unknown,-1.6,7.68,0.0,0.31,3,6.81,3.41,0.95
1784033003.021,unknown,metal,6.1,0.87,0.02,1.44,16,0.87,0.05,-0.0
1784033003.021,static,mid,4.1,2.01,-0.07,0.14,2,1.11,-1.67,0.06
1784033003.021,static,mid,3.4,3.18,0.0,0.17,5,2.92,1.28,0.06
1784033003.021,static,unknown,-1.4,7.6,0.0,0.35,3,6.74,3.39,0.96
1784033003.133,unknown,metal,6.1,0.88,0.01,1.45,16,0.88,0.04,-0.02
1784033003.133,static,mid,3.4,3.18,0.0,0.16,5,2.91,1.28,0.05
1784033003.133,static,unknown,-1.4,7.5,-0.01,0.41,3,6.66,3.32,0.97
1784033003.261,unknown,metal,6.1,0.96,0.01,1.46,16,0.96,0.08,-0.0
1784033003.261,static,mid,3.4,3.18,0.0,0.16,5,2.91,1.28,0.05
1784033003.261,static,unknown,-1.4,7.42,-0.02,0.48,4,6.58,3.27,0.97
1784033003.388,unknown,metal,6.1,0.98,0.01,1.48,16,0.97,0.11,0.01
1784033003.388,static,mid,3.4,3.18,0.0,0.16,5,2.91,1.28,0.05
1784033003.388,static,unknown,-1.4,7.33,-0.03,0.52,4,6.52,3.2,0.97
1784033003.388,vehicle,mid,4.1,3.48,0.13,2.18,6,2.14,-2.68,0.59
1784033003.52,unknown,metal,5.7,1.08,0.02,1.51,16,1.08,-0.11,0.05
1784033003.52,static,mid,3.4,3.18,0.0,0.16,5,2.91,1.28,0.05
1784033003.52,static,unknown,-1.4,7.27,-0.04,0.55,3,6.51,3.1,0.96
1784033003.52,vehicle,mid,4.1,3.48,0.13,2.18,6,2.14,-2.68,0.59
1784033003.52,static,unknown,-0.9,8.02,0.0,0.29,3,4.83,-6.3,1.13
1784033003.52,pedestrian,unknown,2.3,7.2,-0.32,0.49,2,5.16,-4.84,1.33
1784033003.637,unknown,metal,5.4,1.13,0.02,1.54,16,1.13,-0.06,0.06
1784033003.637,static,mid,3.4,3.18,0.0,0.16,5,2.91,1.28,0.05
1784033003.637,static,unknown,-1.4,7.27,-0.04,0.55,3,6.51,3.1,0.96
1784033003.637,vehicle,mid,4.5,3.77,0.16,2.04,5,2.4,-2.87,0.44
1784033003.637,static,unknown,-0.9,8.02,0.0,0.31,3,4.8,-6.34,1.09
1784033003.637,pedestrian,unknown,2.3,7.2,-0.32,0.49,2,5.16,-4.84,1.33
1784033003.749,unknown,metal,4.9,1.18,0.02,1.56,16,1.18,0.04,0.05
1784033003.749,static,mid,3.4,3.18,0.0,0.16,5,2.91,1.28,0.05
1784033003.749,static,unknown,-1.1,7.41,-0.04,0.52,3,6.66,3.11,0.95
1784033003.749,vehicle,mid,4.5,3.98,0.18,1.85,5,2.67,-2.93,0.33
1784033003.749,static,unknown,-0.9,8.02,0.0,0.31,3,4.8,-6.34,1.09
1784033003.749,pedestrian,unknown,2.3,7.2,-0.32,0.49,2,5.16,-4.84,1.33
1784033003.868,unknown,metal,4.3,1.26,0.02,1.58,16,1.25,0.11,0.03
1784033003.868,static,mid,3.4,3.18,0.0,0.16,5,2.91,1.28,0.05
1784033003.868,static,unknown,-1.1,7.51,-0.04,0.5,3,6.76,3.11,0.95
1784033003.868,vehicle,mid,4.5,3.98,0.18,1.85,5,2.67,-2.93,0.33
1784033003.868,static,unknown,-0.9,8.02,0.0,0.31,3,4.8,-6.34,1.09
1784033003.868,pedestrian,unknown,2.3,7.2,-0.32,0.49,2,5.16,-4.84,1.33
1784033003.993,unknown,metal,3.8,1.21,0.02,1.59,17,1.2,0.12,0.0
1784033003.993,static,mid,3.4,3.19,0.0,0.17,5,2.92,1.27,0.07
1784033003.993,static,unknown,-1.0,7.57,-0.03,0.48,3,6.83,3.12,0.96
1784033003.993,vehicle,mid,4.5,3.98,0.18,1.85,5,2.67,-2.93,0.33
1784033003.993,static,unknown,-0.9,8.02,0.0,0.31,3,4.8,-6.34,1.09
1784033003.993,pedestrian,unknown,2.3,7.2,-0.32,0.49,2,5.16,-4.84,1.33
1784033004.14,unknown,metal,3.3,1.18,0.02,1.59,17,1.17,0.14,-0.02
1784033004.14,static,mid,3.5,3.18,0.0,0.21,5,2.9,1.32,0.08
1784033004.14,static,unknown,-1.0,7.61,-0.03,0.46,3,6.87,3.12,0.96
1784033004.14,vehicle,mid,4.5,3.98,0.18,1.85,5,2.67,-2.93,0.33
1784033004.14,static,unknown,-0.9,8.02,0.0,0.31,3,4.8,-6.34,1.09
1784033004.14,pedestrian,unknown,2.3,7.2,-0.32,0.49,2,5.16,-4.84,1.33
1784033004.225,unknown,metal,3.3,1.22,0.02,1.6,17,1.21,0.1,-0.05
1784033004.225,static,mid,3.5,3.18,0.0,0.24,5,2.88,1.34,0.09
1784033004.225,static,unknown,-1.0,7.63,-0.03,0.46,4,6.88,3.15,0.96
1784033004.225,vehicle,mid,4.5,3.98,0.18,1.85,5,2.67,-2.93,0.33
1784033004.225,static,unknown,-0.9,8.02,0.0,0.31,3,4.8,-6.34,1.09
1784033004.225,pedestrian,unknown,2.3,7.2,-0.32,0.49,2,5.16,-4.84,1.33
1784033004.225,pedestrian,unknown,4.4,4.06,-0.54,0.23,2,3.43,-2.05,0.7
1784033004.305,unknown,metal,3.3,1.34,0.02,1.59,16,1.34,-0.04,-0.08
1784033004.305,static,mid,3.5,3.18,0.01,0.27,5,2.87,1.36,0.1
1784033004.305,static,unknown,-0.6,7.65,-0.03,0.45,4,6.89,3.17,0.96
1784033004.305,vehicle,mid,4.5,3.98,0.18,1.85,5,2.67,-2.93,0.33
1784033004.305,static,unknown,-0.9,8.02,0.0,0.31,3,4.8,-6.34,1.09
1784033004.305,pedestrian,unknown,2.3,7.2,-0.32,0.49,2,5.16,-4.84,1.33
1784033004.305,pedestrian,unknown,4.4,4.14,-0.56,0.27,2,3.5,-2.1,0.69
1784033004.42,unknown,metal,3.2,1.43,0.02,1.58,16,1.42,-0.14,-0.1
1784033004.42,static,mid,3.5,3.18,0.01,0.29,5,2.86,1.38,0.1
1784033004.42,static,unknown,-0.6,7.66,-0.03,0.44,4,6.89,3.2,0.95
1784033004.42,vehicle,mid,4.5,3.98,0.18,1.85,5,2.67,-2.93,0.33
1784033004.42,static,unknown,-0.9,8.02,0.0,0.31,3,4.8,-6.34,1.09
1784033004.42,pedestrian,unknown,2.3,7.2,-0.32,0.49,2,5.16,-4.84,1.33
1784033004.42,pedestrian,unknown,4.4,4.2,-0.57,0.3,2,3.55,-2.14,0.69
1784033004.518,unknown,metal,3.2,1.5,0.02,1.57,16,1.48,-0.2,-0.12
1784033004.518,static,mid,3.5,3.18,0.01,0.32,5,2.86,1.38,0.1
1784033004.518,static,unknown,-0.5,7.67,-0.02,0.44,4,6.88,3.24,0.93
1784033004.518,vehicle,mid,4.5,3.98,0.18,1.85,5,2.67,-2.93,0.33
1784033004.518,static,unknown,-0.9,8.02,0.0,0.31,3,4.8,-6.34,1.09
1784033004.518,pedestrian,unknown,2.3,7.2,-0.32,0.49,2,5.16,-4.84,1.33
1784033004.518,pedestrian,unknown,4.4,4.25,-0.58,0.31,2,3.59,-2.17,0.67
1784033004.639,unknown,metal,3.1,1.54,0.02,1.56,16,1.52,-0.23,-0.14
1784033004.639,static,mid,3.4,3.18,0.01,0.31,5,2.88,1.35,0.08
1784033004.639,static,unknown,0.2,7.67,-0.02,0.43,4,6.87,3.28,0.9
1784033004.639,vehicle,mid,4.5,3.98,0.18,1.85,5,2.67,-2.93,0.33
1784033004.639,static,unknown,-0.9,8.02,0.0,0.31,3,4.8,-6.34,1.09
1784033004.639,pedestrian,unknown,2.3,7.2,-0.32,0.49,2,5.16,-4.84,1.33
1784033004.639,pedestrian,unknown,4.4,4.25,-0.58,0.31,2,3.59,-2.17,0.67
1784033004.764,unknown,metal,3.1,1.57,0.02,1.55,16,1.55,-0.25,-0.15
1784033004.764,static,mid,3.4,3.18,0.01,0.3,5,2.89,1.33,0.06
1784033004.764,static,unknown,0.2,7.67,-0.02,0.42,4,6.86,3.31,0.88
1784033004.764,vehicle,mid,4.5,3.98,0.18,1.85,5,2.67,-2.93,0.33
1784033004.764,static,unknown,-0.9,8.02,0.0,0.31,3,4.8,-6.34,1.09
1784033004.764,pedestrian,unknown,2.3,7.2,-0.32,0.49,2,5.16,-4.84,1.33
1784033004.764,pedestrian,unknown,4.4,4.25,-0.58,0.31,2,3.59,-2.17,0.67
1784033004.856,unknown,metal,3.1,1.6,0.02,1.54,16,1.57,-0.26,-0.16
1784033004.856,static,mid,3.4,3.18,0.01,0.28,5,2.9,1.31,0.05
1784033004.856,static,unknown,0.2,7.68,-0.02,0.4,4,6.86,3.33,0.86
1784033004.856,vehicle,mid,4.5,3.98,0.18,1.85,5,2.67,-2.93,0.33
1784033004.856,static,unknown,-0.9,8.02,0.0,0.31,3,4.8,-6.34,1.09
1784033004.856,pedestrian,unknown,2.3,7.2,-0.32,0.49,2,5.16,-4.84,1.33
1784033004.856,pedestrian,unknown,4.4,4.25,-0.58,0.31,2,3.59,-2.17,0.67
1784033004.856,pedestrian,unknown,2.1,4.59,0.43,0.64,3,2.85,-3.53,0.67
1784033004.976,unknown,metal,2.9,1.61,0.02,1.53,16,1.58,-0.27,-0.16
1784033004.976,static,mid,3.4,3.18,0.01,0.28,5,2.9,1.31,0.04
1784033004.976,static,unknown,0.2,7.68,-0.02,0.39,4,6.86,3.34,0.84
1784033004.976,vehicle,mid,4.5,3.98,0.18,1.85,5,2.67,-2.93,0.33
1784033004.976,static,unknown,-0.9,8.02,0.0,0.31,3,4.8,-6.34,1.09
1784033004.976,pedestrian,unknown,2.3,7.2,-0.32,0.49,2,5.16,-4.84,1.33
1784033004.976,pedestrian,unknown,4.4,4.25,-0.58,0.31,2,3.59,-2.17,0.67
1784033004.976,pedestrian,unknown,2.1,4.59,0.43,0.64,3,2.85,-3.53,0.67
1784033005.11,unknown,metal,2.9,1.62,0.02,1.52,16,1.59,-0.27,-0.17
1784033005.11,static,mid,3.4,3.18,0.01,0.27,5,2.9,1.3,0.04
1784033005.11,static,unknown,0.2,7.68,-0.02,0.38,4,6.86,3.35,0.83
1784033005.11,vehicle,mid,4.5,3.98,0.18,1.85,5,2.67,-2.93,0.33
1784033005.11,static,unknown,-0.9,8.02,0.0,0.31,3,4.8,-6.34,1.09
1784033005.11,pedestrian,unknown,4.4,4.25,-0.58,0.31,2,3.59,-2.17,0.67
1784033005.11,pedestrian,unknown,2.1,4.59,0.43,0.64,3,2.85,-3.53,0.67
1784033005.246,unknown,metal,2.8,1.62,0.02,1.51,16,1.59,-0.28,-0.16
1784033005.246,static,mid,3.4,3.18,0.01,0.26,5,2.91,1.3,0.04
1784033005.246,static,unknown,0.2,7.68,-0.02,0.37,4,6.86,3.35,0.82
1784033005.246,vehicle,mid,4.5,3.98,0.18,1.85,5,2.67,-2.93,0.33
1784033005.246,pedestrian,unknown,4.4,4.25,-0.58,0.31,2,3.59,-2.17,0.67
1784033005.246,pedestrian,unknown,2.1,4.59,0.43,0.64,3,2.85,-3.53,0.67
1784033005.376,unknown,metal,2.8,1.62,0.02,1.5,16,1.59,-0.29,-0.16
1784033005.376,static,mid,3.3,3.18,0.01,0.25,5,2.91,1.29,0.03
1784033005.376,static,unknown,0.2,7.68,-0.02,0.36,4,6.86,3.35,0.82
1784033005.376,pedestrian,unknown,4.4,4.25,-0.58,0.31,2,3.59,-2.17,0.67
1784033005.376,pedestrian,unknown,2.1,4.59,0.43,0.64,3,2.85,-3.53,0.67
1784033005.486,unknown,metal,2.1,1.63,0.02,1.5,16,1.59,-0.29,-0.16
1784033005.486,static,mid,3.3,3.18,0.01,0.24,5,2.91,1.29,0.03
1784033005.486,static,unknown,0.2,7.68,-0.02,0.35,4,6.86,3.36,0.81
1784033005.486,pedestrian,unknown,4.4,4.25,-0.58,0.31,2,3.59,-2.17,0.67
1784033005.486,pedestrian,unknown,2.1,4.59,0.43,0.64,3,2.85,-3.53,0.67
1784033005.486,static,unknown,1.8,6.19,0.24,0.79,3,5.05,3.47,0.88
1784033005.607,unknown,metal,2.1,1.63,0.02,1.49,16,1.59,-0.29,-0.16
1784033005.607,static,mid,3.3,3.18,0.01,0.23,5,2.91,1.29,0.03
1784033005.607,static,unknown,0.2,7.68,-0.02,0.35,4,6.86,3.36,0.8
1784033005.607,pedestrian,unknown,4.4,4.25,-0.58,0.31,2,3.59,-2.17,0.67
1784033005.607,pedestrian,unknown,2.1,4.59,0.43,0.64,3,2.85,-3.53,0.67
1784033005.607,pedestrian,unknown,1.8,6.11,0.26,0.69,3,4.95,3.48,0.91
1784033005.741,unknown,metal,2.1,1.62,0.02,1.48,16,1.59,-0.3,-0.15
1784033005.741,static,mid,3.3,3.18,0.01,0.23,5,2.91,1.29,0.03
1784033005.741,static,unknown,0.4,7.68,-0.02,0.34,4,6.86,3.36,0.79
1784033005.741,pedestrian,unknown,4.4,4.25,-0.58,0.31,2,3.59,-2.17,0.67
1784033005.741,pedestrian,unknown,2.1,4.59,0.43,0.64,3,2.85,-3.53,0.67
1784033005.741,pedestrian,unknown,1.8,6.11,0.26,0.69,3,4.95,3.48,0.91
1784033005.873,unknown,metal,2.0,1.62,0.02,1.47,16,1.58,-0.31,-0.14
1784033005.873,static,mid,3.3,3.18,0.01,0.22,5,2.91,1.29,0.03
1784033005.873,static,unknown,0.4,7.68,-0.02,0.33,4,6.86,3.36,0.78
1784033005.873,pedestrian,unknown,4.4,4.25,-0.58,0.31,2,3.59,-2.17,0.67
1784033005.873,pedestrian,unknown,2.1,4.59,0.43,0.64,3,2.85,-3.53,0.67
1784033005.873,pedestrian,unknown,1.8,6.11,0.26,0.69,3,4.95,3.48,0.91
1784033006.01,unknown,metal,2.1,1.61,0.02,1.46,16,1.57,-0.33,-0.12
1784033006.01,static,mid,3.3,3.18,0.01,0.22,5,2.91,1.29,0.03
1784033006.01,static,unknown,0.4,7.68,-0.02,0.32,4,6.86,3.36,0.78
1784033006.01,pedestrian,unknown,4.4,4.25,-0.58,0.31,2,3.59,-2.17,0.67
1784033006.01,pedestrian,unknown,2.1,4.59,0.43,0.64,3,2.85,-3.53,0.67
1784033006.01,pedestrian,unknown,1.8,6.11,0.26,0.69,3,4.95,3.48,0.91
1784033006.104,unknown,metal,2.1,1.61,0.02,1.45,16,1.57,-0.33,-0.12
1784033006.104,static,mid,3.3,3.18,0.01,0.21,5,2.91,1.29,0.03
1784033006.104,static,unknown,0.4,7.68,-0.02,0.32,4,6.86,3.36,0.78
1784033006.104,pedestrian,unknown,2.1,4.59,0.43,0.64,3,2.85,-3.53,0.67
1784033006.104,pedestrian,unknown,1.8,6.11,0.26,0.69,3,4.95,3.48,0.91
1784033006.24,unknown,metal,2.1,1.6,0.02,1.45,16,1.56,-0.34,-0.11
1784033006.24,static,mid,3.3,3.18,0.01,0.21,5,2.91,1.29,0.03
1784033006.24,static,unknown,0.4,7.68,-0.01,0.31,4,6.86,3.36,0.79
1784033006.24,pedestrian,unknown,2.1,4.59,0.43,0.64,3,2.85,-3.53,0.67
1784033006.24,pedestrian,unknown,1.8,6.11,0.26,0.69,3,4.95,3.48,0.91
1784033006.368,unknown,metal,2.1,1.6,0.02,1.44,15,1.55,-0.36,-0.09
1784033006.368,static,mid,3.3,3.18,0.01,0.2,5,2.91,1.29,0.03
1784033006.368,static,unknown,0.4,7.68,-0.01,0.31,4,6.86,3.36,0.79
1784033006.368,pedestrian,unknown,1.8,6.11,0.26,0.69,3,4.95,3.48,0.91
1784033006.52,unknown,metal,2.1,1.59,0.02,1.43,15,1.54,-0.37,-0.08
1784033006.52,static,mid,3.3,3.18,0.01,0.2,5,2.91,1.29,0.03
1784033006.52,static,unknown,0.3,7.68,-0.01,0.3,4,6.86,3.36,0.8
1784033006.52,pedestrian,unknown,1.8,6.11,0.26,0.69,3,4.95,3.48,0.91
1784033006.652,unknown,metal,2.0,1.59,0.02,1.42,15,1.55,-0.37,-0.08
1784033006.652,static,mid,3.3,3.18,0.01,0.19,5,2.91,1.29,0.03
1784033006.652,static,unknown,0.3,7.68,-0.01,0.29,4,6.86,3.36,0.8
1784033006.652,pedestrian,unknown,1.8,6.11,0.26,0.69,3,4.95,3.48,0.91
1784033006.795,unknown,metal,2.1,1.59,0.02,1.42,15,1.56,-0.31,-0.09
1784033006.795,static,mid,3.3,3.18,0.01,0.19,5,2.91,1.29,0.04
1784033006.795,static,unknown,0.4,7.68,-0.01,0.29,4,6.86,3.36,0.81
1784033006.795,pedestrian,unknown,1.8,6.11,0.26,0.69,3,4.95,3.48,0.91
1784033006.886,unknown,metal,2.0,1.6,0.02,1.42,15,1.57,-0.28,-0.11
1784033006.886,static,mid,3.3,3.18,0.01,0.18,5,2.91,1.29,0.04
1784033006.886,static,unknown,0.4,7.68,-0.01,0.28,4,6.86,3.36,0.81
1784033006.886,pedestrian,unknown,1.8,6.11,0.26,0.69,3,4.95,3.48,0.91
1784033007.015,unknown,metal,2.0,1.58,0.02,1.42,15,1.56,-0.2,-0.12
1784033007.015,static,mid,3.3,3.18,0.01,0.18,5,2.91,1.29,0.04
1784033007.015,static,unknown,0.4,7.68,-0.01,0.28,4,6.86,3.36,0.82
1784033007.015,pedestrian,unknown,1.8,6.11,0.26,0.69,3,4.95,3.48,0.91
1784033007.114,unknown,mid,2.0,1.56,0.02,1.42,15,1.55,-0.09,-0.13
1784033007.114,static,mid,3.3,3.18,0.01,0.18,5,2.91,1.28,0.04
1784033007.114,static,unknown,0.4,7.68,-0.01,0.28,4,6.86,3.36,0.82
1784033007.245,unknown,mid,2.0,1.55,0.02,1.43,15,1.54,-0.03,-0.13
1784033007.245,static,mid,3.3,3.19,0.01,0.18,5,2.92,1.28,0.05
1784033007.245,static,unknown,0.4,7.68,-0.01,0.28,4,6.86,3.36,0.82
1784033007.245,static,fabric,-1.7,0.56,0.0,0.01,4,0.26,-0.44,-0.24
1784033007.354,unknown,mid,1.7,1.39,0.02,1.43,15,1.38,-0.03,-0.13
1784033007.354,static,mid,3.4,3.19,0.01,0.17,5,2.92,1.28,0.05
1784033007.354,static,unknown,0.4,7.68,-0.01,0.28,4,6.86,3.36,0.82
1784033007.354,static,fabric,-1.7,0.56,0.0,0.01,4,0.26,-0.44,-0.24
1784033007.354,static,unknown,0.8,6.67,-0.06,2.15,10,5.66,3.39,0.95
1784033007.47,unknown,mid,1.7,1.28,0.02,1.44,15,1.27,-0.02,-0.13
1784033007.47,static,mid,3.4,3.19,0.0,0.17,5,2.92,1.28,0.05
1784033007.47,static,unknown,0.4,7.68,-0.01,0.28,4,6.86,3.36,0.82
1784033007.47,static,fabric,-1.7,0.56,0.0,0.01,4,0.26,-0.44,-0.24
1784033007.47,static,unknown,0.7,6.73,-0.07,2.22,10,5.75,3.36,0.93
1784033007.596,unknown,mid,1.3,1.2,0.02,1.44,15,1.19,-0.04,-0.13
1784033007.596,static,mid,3.4,3.19,0.0,0.17,5,2.92,1.27,0.05
1784033007.596,static,unknown,0.4,7.61,-0.01,0.3,4,6.82,3.29,0.83
1784033007.596,static,fabric,-1.7,0.56,0.0,0.01,4,0.26,-0.44,-0.24
1784033007.596,static,unknown,0.7,6.73,-0.07,2.22,10,5.75,3.36,0.93
1784033007.699,unknown,mid,-1.3,1.11,0.02,1.45,15,1.1,-0.08,-0.12
1784033007.699,static,mid,3.4,3.18,0.0,0.17,5,2.92,1.28,0.05
1784033007.699,static,unknown,0.4,7.64,-0.01,0.3,4,6.85,3.27,0.87
1784033007.699,static,fabric,-1.7,0.56,0.0,0.01,4,0.26,-0.44,-0.24
1784033007.699,static,unknown,0.7,6.73,-0.07,2.22,10,5.75,3.36,0.93
1784033007.825,unknown,mid,-1.2,1.29,0.02,1.44,15,1.27,-0.15,-0.12
1784033007.825,static,mid,3.4,3.18,0.0,0.16,5,2.91,1.28,0.05
1784033007.825,static,unknown,0.4,7.65,-0.01,0.3,4,6.85,3.28,0.89
1784033007.825,static,fabric,-1.8,0.51,0.0,0.18,4,0.27,-0.37,-0.21
1784033007.825,static,unknown,0.7,6.73,-0.07,2.22,10,5.75,3.36,0.93
1784033007.96,unknown,mid,-1.0,1.4,0.02,1.44,15,1.38,-0.2,-0.12
1784033007.96,static,mid,3.4,3.18,0.0,0.16,5,2.91,1.29,0.05
1784033007.96,static,unknown,0.4,7.66,-0.01,0.3,4,6.86,3.29,0.9
1784033007.96,static,fabric,-1.9,0.47,0.0,0.3,5,0.27,-0.33,-0.2
1784033007.96,static,unknown,0.7,6.73,-0.07,2.22,10,5.75,3.36,0.93
1784033007.96,static,unknown,4.2,5.99,-0.05,0.37,2,4.75,3.51,0.98
1784033008.098,unknown,mid,-1.0,1.48,0.02,1.43,15,1.45,-0.23,-0.13
1784033008.098,static,mid,3.4,3.18,0.0,0.16,5,2.91,1.29,0.05
1784033008.098,static,unknown,0.4,7.67,-0.01,0.3,4,6.86,3.32,0.9
1784033008.098,static,fabric,-2.0,0.45,0.0,0.38,5,0.27,-0.3,-0.19
1784033008.098,static,unknown,0.7,6.73,-0.07,2.22,10,5.75,3.36,0.93
1784033008.098,static,unknown,4.0,5.99,0.02,0.36,2,4.75,3.53,0.98
1784033008.229,unknown,mid,-1.0,1.52,0.02,1.42,15,1.5,-0.24,-0.13
1784033008.229,static,mid,3.4,3.18,0.0,0.16,5,2.91,1.29,0.05
1784033008.229,static,unknown,0.4,7.67,-0.01,0.29,4,6.85,3.33,0.89
1784033008.229,static,fabric,-2.0,0.49,0.0,0.33,5,0.27,-0.35,-0.21
1784033008.229,static,unknown,0.7,6.73,-0.07,2.22,10,5.75,3.36,0.93
1784033008.229,static,unknown,3.5,6.0,0.06,0.35,2,4.74,3.54,0.98
1784033008.347,unknown,mid,-1.0,1.56,0.02,1.42,15,1.53,-0.25,-0.13
1784033008.347,static,mid,3.4,3.18,0.0,0.15,5,2.91,1.29,0.05
1784033008.347,static,unknown,0.4,7.68,-0.01,0.29,4,6.85,3.34,0.89
1784033008.347,static,fabric,-2.0,0.51,0.0,0.3,5,0.27,-0.38,-0.22
1784033008.347,static,unknown,0.7,6.73,-0.07,2.22,10,5.75,3.36,0.93
1784033008.347,static,unknown,3.5,6.0,0.07,0.37,3,4.71,3.6,0.97
1784033008.461,unknown,mid,-1.0,1.58,0.02,1.41,15,1.55,-0.26,-0.14
1784033008.461,static,mid,3.4,3.18,0.0,0.15,5,2.91,1.29,0.05
1784033008.461,static,unknown,0.4,7.68,-0.01,0.29,4,6.85,3.35,0.89
1784033008.461,static,fabric,-2.0,0.53,0.0,0.27,5,0.26,-0.4,-0.23
1784033008.461,static,unknown,0.7,6.73,-0.07,2.22,10,5.75,3.36,0.93
1784033008.461,static,unknown,3.5,6.01,0.07,0.36,2,4.67,3.65,0.97
1784033008.592,unknown,mid,-1.0,1.59,0.02,1.4,15,1.56,-0.26,-0.14
1784033008.592,static,mid,3.4,3.18,0.0,0.15,5,2.91,1.29,0.05
1784033008.592,static,unknown,0.4,7.68,-0.01,0.28,4,6.85,3.35,0.89
1784033008.592,static,fabric,-2.0,0.54,0.0,0.24,5,0.26,-0.42,-0.23
1784033008.592,static,unknown,0.7,6.73,-0.07,2.22,10,5.75,3.36,0.93
1784033008.592,static,unknown,3.5,6.01,0.07,0.36,2,4.67,3.65,0.97
1784033008.684,unknown,mid,-1.0,1.6,0.02,1.4,15,1.57,-0.27,-0.14
1784033008.684,static,mid,3.4,3.18,0.0,0.15,5,2.91,1.29,0.05
1784033008.684,static,unknown,0.4,7.68,-0.01,0.28,4,6.85,3.35,0.89
1784033008.684,static,fabric,-2.1,0.55,0.0,0.22,5,0.26,-0.42,-0.23
1784033008.684,static,unknown,0.7,6.73,-0.07,2.22,10,5.75,3.36,0.93
1784033008.684,static,unknown,3.5,6.11,0.06,0.4,2,4.71,3.75,1.04
1784033008.823,unknown,mid,-1.0,1.61,0.02,1.39,15,1.58,-0.27,-0.14
1784033008.823,static,mid,3.4,3.18,0.0,0.14,5,2.91,1.29,0.05
1784033008.823,static,unknown,0.5,7.68,-0.01,0.27,4,6.85,3.36,0.9
1784033008.823,static,fabric,-2.1,0.55,0.0,0.21,5,0.26,-0.43,-0.23
1784033008.823,static,unknown,0.7,6.73,-0.07,2.22,10,5.75,3.36,0.93
1784033008.823,static,unknown,3.5,6.11,0.06,0.4,2,4.71,3.75,1.04
1784033008.939,unknown,mid,-1.0,1.62,0.02,1.39,15,1.59,-0.27,-0.14
1784033008.939,static,mid,3.4,3.18,0.0,0.14,5,2.91,1.29,0.05
1784033008.939,static,unknown,0.5,7.68,-0.01,0.27,4,6.84,3.36,0.91
1784033008.939,static,fabric,-2.1,0.56,0.0,0.19,5,0.26,-0.43,-0.23
1784033008.939,static,unknown,0.7,6.73,-0.07,2.22,10,5.75,3.36,0.93
1784033008.939,static,unknown,3.5,6.11,0.06,0.4,2,4.71,3.75,1.04
1784033009.068,unknown,mid,-1.0,1.62,0.02,1.38,15,1.59,-0.27,-0.14
1784033009.068,static,mid,3.4,3.18,0.0,0.14,5,2.91,1.29,0.05
1784033009.068,static,unknown,0.5,7.68,-0.01,0.27,4,6.84,3.36,0.92
1784033009.068,static,fabric,-2.1,0.56,0.0,0.18,5,0.26,-0.44,-0.24
1784033009.068,static,unknown,3.5,6.11,0.06,0.4,2,4.71,3.75,1.04
1784033009.187,unknown,mid,-1.0,1.62,0.02,1.37,15,1.59,-0.28,-0.14
1784033009.187,static,mid,3.4,3.18,0.0,0.14,5,2.91,1.29,0.05
1784033009.187,static,unknown,0.6,7.68,-0.01,0.26,4,6.84,3.36,0.93
1784033009.187,static,fabric,-2.1,0.56,0.0,0.17,5,0.26,-0.44,-0.24
1784033009.187,static,unknown,3.5,6.11,0.06,0.4,2,4.71,3.75,1.04
1784033009.303,unknown,mid,-1.0,1.63,0.02,1.37,15,1.6,-0.28,-0.14
1784033009.303,static,mid,3.4,3.18,0.0,0.13,5,2.91,1.29,0.05
1784033009.303,static,unknown,0.6,7.68,-0.01,0.26,4,6.84,3.36,0.93
1784033009.303,static,fabric,-2.1,0.56,0.0,0.16,5,0.26,-0.44,-0.24
1784033009.303,static,unknown,3.5,6.27,0.04,0.41,2,4.88,3.81,1.04
1784033009.432,unknown,mid,-1.0,1.63,0.02,1.36,15,1.6,-0.28,-0.14
1784033009.432,static,mid,3.4,3.18,0.0,0.13,5,2.91,1.29,0.05
1784033009.432,static,unknown,0.6,7.68,-0.01,0.26,4,6.84,3.36,0.93
1784033009.432,static,fabric,-2.1,0.56,0.0,0.15,5,0.26,-0.44,-0.24
1784033009.432,static,unknown,3.5,6.38,0.03,0.43,2,4.99,3.84,1.04
1784033009.432,static,mid,4.6,1.36,-0.16,0.17,2,0.88,1.02,0.18
1784033009.543,unknown,mid,-1.0,1.63,0.02,1.35,15,1.59,-0.28,-0.14
1784033009.543,static,mid,3.4,3.18,0.0,0.13,5,2.91,1.29,0.05
1784033009.543,static,unknown,0.6,7.68,-0.01,0.26,4,6.84,3.36,0.92
1784033009.543,static,fabric,-2.1,0.56,0.0,0.14,5,0.26,-0.44,-0.24
1784033009.543,static,unknown,2.2,6.45,0.01,0.44,2,5.06,3.87,1.04
1784033009.543,static,mid,2.8,1.35,-0.16,0.16,2,0.88,1.0,0.18
1784033009.643,unknown,mid,-1.0,1.62,0.02,1.35,15,1.59,-0.29,-0.13
1784033009.643,static,mid,3.4,3.18,0.0,0.13,5,2.91,1.29,0.05
1784033009.643,static,unknown,0.6,7.68,-0.01,0.25,5,6.85,3.36,0.91
1784033009.643,static,fabric,-2.1,0.56,0.0,0.14,5,0.26,-0.44,-0.24
1784033009.643,static,unknown,2.2,6.5,0.0,0.45,2,5.1,3.88,1.04
1784033009.643,static,mid,2.8,1.34,-0.16,0.16,2,0.88,1.0,0.18
1784033009.742,unknown,mid,-1.0,1.62,0.02,1.34,15,1.58,-0.3,-0.12
1784033009.742,static,mid,3.4,3.18,0.0,0.13,5,2.91,1.29,0.05
1784033009.742,static,unknown,0.6,7.68,-0.01,0.25,5,6.84,3.36,0.91
1784033009.742,static,fabric,-2.1,0.56,0.0,0.13,5,0.26,-0.44,-0.24
1784033009.742,static,unknown,2.2,6.5,0.0,0.45,2,5.1,3.88,1.04
1784033009.742,static,mid,2.8,1.34,-0.16,0.16,2,0.88,1.0,0.18
1784033009.835,unknown,mid,-0.9,1.61,0.02,1.33,15,1.57,-0.31,-0.12
1784033009.835,static,mid,3.4,3.18,0.0,0.13,5,2.91,1.29,0.05
1784033009.835,static,unknown,0.6,7.68,-0.01,0.25,5,6.85,3.36,0.9
1784033009.835,static,fabric,-2.1,0.56,0.0,0.12,5,0.26,-0.44,-0.24
1784033009.835,static,unknown,2.2,6.5,0.0,0.45,2,5.1,3.88,1.04
1784033009.835,static,mid,2.8,1.34,-0.16,0.16,2,0.88,1.0,0.18
1784033009.966,unknown,mid,-0.9,1.6,0.02,1.33,15,1.57,-0.32,-0.1
1784033009.966,static,mid,3.4,3.18,0.0,0.12,5,2.91,1.29,0.05
1784033009.966,static,unknown,0.6,7.68,-0.01,0.24,5,6.85,3.36,0.9
1784033009.966,static,fabric,-2.1,0.56,0.0,0.12,5,0.26,-0.44,-0.24
1784033009.966,static,unknown,2.2,6.5,0.0,0.45,2,5.1,3.88,1.04
1784033009.966,static,mid,2.8,1.34,-0.16,0.16,2,0.88,1.0,0.18
1784033010.064,unknown,mid,-0.9,1.6,0.02,1.32,15,1.56,-0.33,-0.1
1784033010.064,static,mid,3.4,3.18,0.0,0.12,5,2.91,1.29,0.05
1784033010.064,static,unknown,0.6,7.68,-0.01,0.24,5,6.85,3.36,0.9
1784033010.064,static,fabric,-2.1,0.56,0.0,0.11,5,0.26,-0.44,-0.24
1784033010.064,static,unknown,2.2,6.5,0.0,0.45,2,5.1,3.88,1.04
1784033010.064,static,mid,2.8,1.34,-0.16,0.16,2,0.88,1.0,0.18
1784033010.177,unknown,mid,-0.9,1.61,0.02,1.32,15,1.57,-0.32,-0.11
1784033010.177,static,mid,3.4,3.18,0.0,0.12,5,2.91,1.29,0.05
1784033010.177,static,unknown,0.7,7.68,-0.01,0.24,5,6.85,3.36,0.89
1784033010.177,static,fabric,-2.1,0.56,0.0,0.11,5,0.26,-0.44,-0.24
1784033010.177,static,unknown,2.2,6.5,0.0,0.45,2,5.1,3.88,1.04
1784033010.177,static,mid,2.8,1.34,-0.16,0.16,2,0.88,1.0,0.18
1784033010.265,unknown,mid,1.2,1.61,0.02,1.31,15,1.58,-0.31,-0.12
1784033010.265,static,mid,3.4,3.18,0.0,0.12,5,2.91,1.29,0.05
1784033010.265,static,unknown,0.6,7.68,-0.01,0.24,5,6.85,3.36,0.89
1784033010.265,static,fabric,-2.1,0.56,0.0,0.11,5,0.26,-0.44,-0.24
1784033010.265,static,unknown,2.2,6.5,0.0,0.45,2,5.1,3.88,1.04
1784033010.265,static,mid,2.8,1.34,-0.16,0.16,2,0.88,1.0,0.18
1784033010.394,unknown,mid,1.2,1.62,0.02,1.31,15,1.58,-0.3,-0.13
1784033010.394,static,fabric,3.4,3.18,0.0,0.12,5,2.91,1.29,0.05
1784033010.394,static,unknown,0.6,7.68,-0.01,0.23,5,6.85,3.36,0.89
1784033010.394,static,fabric,-2.1,0.56,0.0,0.1,5,0.26,-0.44,-0.24
1784033010.394,static,unknown,2.2,6.5,0.0,0.45,2,5.1,3.88,1.04
1784033010.394,static,mid,2.8,1.34,-0.16,0.16,2,0.88,1.0,0.18
1784033010.524,unknown,mid,1.2,1.62,0.02,1.3,15,1.59,-0.29,-0.13
1784033010.524,static,fabric,3.4,3.18,0.0,0.12,5,2.91,1.29,0.05
1784033010.524,static,unknown,0.7,7.68,-0.01,0.23,5,6.85,3.36,0.88
1784033010.524,static,fabric,-2.1,0.56,0.0,0.1,5,0.26,-0.44,-0.24
1784033010.524,static,unknown,2.2,6.5,0.0,0.45,2,5.1,3.88,1.04
1784033010.524,static,mid,2.8,1.34,-0.16,0.16,2,0.88,1.0,0.18
1784033010.653,unknown,mid,1.2,1.62,0.02,1.29,15,1.59,-0.29,-0.14
1784033010.653,static,fabric,3.4,3.18,0.0,0.11,5,2.91,1.29,0.05
1784033010.653,static,unknown,0.7,7.68,-0.01,0.23,5,6.85,3.36,0.88
1784033010.653,static,fabric,-2.1,0.56,0.0,0.09,5,0.26,-0.44,-0.24
1784033010.653,static,unknown,2.2,6.5,0.0,0.45,2,5.1,3.88,1.04
1784033010.653,static,mid,2.8,1.34,-0.16,0.16,2,0.88,1.0,0.18
1784033010.79,unknown,mid,1.4,1.62,0.02,1.29,14,1.59,-0.29,-0.14
1784033010.79,static,fabric,3.4,3.18,0.0,0.11,5,2.91,1.29,0.05
1784033010.79,static,unknown,0.7,7.68,-0.01,0.23,5,6.85,3.36,0.87
1784033010.79,static,fabric,-2.1,0.56,0.0,0.09,5,0.26,-0.44,-0.24
1784033010.79,static,unknown,2.2,6.5,0.0,0.45,2,5.1,3.88,1.04
1784033010.79,static,mid,2.8,1.34,-0.16,0.16,2,0.88,1.0,0.18
1784033010.927,unknown,mid,1.4,1.62,0.02,1.28,14,1.59,-0.29,-0.14
1784033010.927,static,fabric,3.4,3.18,0.0,0.11,5,2.91,1.29,0.05
1784033010.927,static,unknown,0.7,7.68,-0.01,0.22,5,6.85,3.36,0.86
1784033010.927,static,fabric,-2.1,0.56,0.0,0.09,5,0.26,-0.44,-0.24
1784033010.927,static,unknown,2.2,6.5,0.0,0.45,2,5.1,3.88,1.04
1784033010.927,static,mid,2.8,1.34,-0.16,0.16,2,0.88,1.0,0.18
1784033011.028,unknown,mid,1.6,1.62,0.02,1.28,14,1.59,-0.29,-0.13
1784033011.028,static,fabric,3.4,3.18,0.0,0.11,5,2.91,1.29,0.05
1784033011.028,static,unknown,0.7,7.68,-0.01,0.22,5,6.85,3.36,0.86
1784033011.028,static,fabric,-2.1,0.56,0.0,0.09,5,0.26,-0.44,-0.24
1784033011.028,static,unknown,2.2,6.5,0.0,0.45,2,5.1,3.88,1.04
1784033011.028,static,mid,2.8,1.34,-0.16,0.16,2,0.88,1.0,0.18
1784033011.142,unknown,mid,1.6,1.62,0.02,1.27,14,1.59,-0.3,-0.13
1784033011.142,static,fabric,3.4,3.18,0.0,0.11,5,2.91,1.29,0.05
1784033011.142,static,unknown,0.7,7.68,-0.01,0.22,5,6.85,3.36,0.86
1784033011.142,static,fabric,-2.1,0.56,0.0,0.08,5,0.26,-0.44,-0.24
1784033011.142,static,unknown,2.2,6.5,0.0,0.45,2,5.1,3.88,1.04
1784033011.142,static,mid,2.8,1.34,-0.16,0.16,2,0.88,1.0,0.18
1784033011.283,unknown,mid,1.6,1.62,0.02,1.27,14,1.58,-0.3,-0.13
1784033011.283,static,fabric,3.4,3.18,0.0,0.11,5,2.91,1.29,0.05
1784033011.283,static,unknown,0.7,7.68,-0.01,0.22,5,6.85,3.36,0.86
1784033011.283,static,fabric,-2.0,0.56,0.0,0.08,5,0.26,-0.44,-0.24
1784033011.43,unknown,mid,2.3,1.61,0.02,1.26,14,1.58,-0.31,-0.12
1784033011.43,static,fabric,3.4,3.18,0.0,0.11,5,2.91,1.29,0.05
1784033011.43,static,unknown,0.8,7.68,-0.01,0.22,5,6.85,3.36,0.86
1784033011.43,static,fabric,-2.0,0.53,0.0,0.1,5,0.27,-0.41,-0.21
1784033011.569,unknown,mid,2.3,1.6,0.02,1.26,14,1.57,-0.32,-0.1
1784033011.569,static,fabric,3.4,3.18,0.0,0.1,5,2.91,1.29,0.05
1784033011.569,static,unknown,0.8,7.68,-0.01,0.22,5,6.85,3.36,0.86
1784033011.569,static,fabric,-2.0,0.52,0.0,0.12,5,0.28,-0.39,-0.19
1784033011.683,unknown,mid,2.3,1.6,0.02,1.25,14,1.56,-0.33,-0.1
1784033011.683,static,fabric,3.4,3.18,0.0,0.1,5,2.91,1.29,0.05
1784033011.683,static,unknown,0.8,7.68,-0.01,0.21,5,6.85,3.36,0.87
1784033011.683,static,fabric,-2.0,0.5,0.0,0.14,5,0.29,-0.37,-0.17
1784033011.805,unknown,mid,2.3,1.6,0.02,1.25,14,1.57,-0.32,-0.11
1784033011.805,static,fabric,3.4,3.18,0.0,0.1,5,2.91,1.29,0.05
1784033011.805,static,unknown,0.9,7.68,-0.01,0.21,5,6.85,3.36,0.87
1784033011.805,static,fabric,-2.0,0.5,0.0,0.16,5,0.29,-0.37,-0.17
1784033011.953,unknown,mid,2.3,1.61,0.02,1.24,14,1.57,-0.31,-0.12
1784033011.953,static,fabric,3.4,3.18,0.0,0.1,5,2.91,1.29,0.05
1784033011.953,static,unknown,0.9,7.68,-0.01,0.21,5,6.85,3.36,0.87
1784033011.953,static,fabric,-2.0,0.52,0.0,0.15,5,0.28,-0.39,-0.19
1784033012.128,unknown,mid,2.3,1.61,0.02,1.24,14,1.58,-0.31,-0.12
1784033012.128,static,fabric,3.4,3.18,0.0,0.1,5,2.91,1.29,0.05
1784033012.128,static,unknown,0.9,7.68,-0.01,0.21,5,6.85,3.36,0.87
1784033012.128,static,fabric,-2.0,0.54,0.0,0.15,5,0.27,-0.41,-0.21
1784033012.266,unknown,mid,2.3,1.61,0.02,1.23,14,1.57,-0.31,-0.12
1784033012.266,static,fabric,3.4,3.18,0.0,0.1,5,2.91,1.29,0.05
1784033012.266,static,unknown,0.9,7.68,-0.01,0.21,5,6.85,3.36,0.88
1784033012.266,static,fabric,-2.1,0.55,0.0,0.15,5,0.27,-0.42,-0.22
1784033012.364,unknown,mid,2.3,1.61,0.02,1.23,14,1.58,-0.3,-0.13
1784033012.364,static,fabric,3.4,3.18,0.0,0.1,5,2.91,1.29,0.05
1784033012.364,static,unknown,0.9,7.68,-0.01,0.21,5,6.85,3.36,0.88
1784033012.364,static,fabric,-2.1,0.55,0.0,0.14,5,0.27,-0.43,-0.23
1784033012.47,unknown,mid,2.3,1.62,0.02,1.22,14,1.59,-0.29,-0.13
1784033012.47,static,fabric,3.4,3.18,0.0,0.1,5,2.91,1.29,0.05
1784033012.47,static,unknown,0.9,7.68,-0.01,0.21,5,6.85,3.36,0.88
1784033012.47,static,fabric,-2.1,0.56,0.0,0.14,5,0.26,-0.43,-0.23
1784033012.602,unknown,mid,2.3,1.62,0.02,1.22,14,1.59,-0.29,-0.14
1784033012.602,static,fabric,3.4,3.18,0.0,0.1,5,2.91,1.29,0.05
1784033012.602,static,unknown,0.9,7.68,-0.01,0.21,5,6.85,3.36,0.88
1784033012.602,static,fabric,-2.1,0.56,0.0,0.14,5,0.26,-0.43,-0.23
1784033012.737,unknown,mid,2.3,1.62,0.02,1.21,14,1.59,-0.29,-0.14
1784033012.737,static,fabric,3.4,3.18,0.0,0.09,5,2.91,1.29,0.05
1784033012.737,static,unknown,0.9,7.68,-0.01,0.21,5,6.85,3.36,0.88
1784033012.737,static,fabric,-2.1,0.56,0.0,0.13,5,0.26,-0.44,-0.24
1784033012.871,unknown,mid,2.3,1.62,0.02,1.21,14,1.59,-0.29,-0.14
1784033012.871,static,fabric,3.4,3.18,0.0,0.09,5,2.91,1.29,0.05
1784033012.871,static,unknown,1.0,7.68,-0.01,0.2,5,6.85,3.36,0.88
1784033012.871,static,fabric,-2.1,0.56,0.0,0.13,5,0.26,-0.44,-0.24
1784033012.978,unknown,mid,2.3,1.62,0.02,1.2,14,1.59,-0.29,-0.14
1784033012.978,static,fabric,3.4,3.18,0.0,0.09,5,2.91,1.29,0.05
1784033012.978,static,unknown,1.0,7.68,-0.01,0.2,5,6.85,3.36,0.89
1784033012.978,static,fabric,-2.1,0.56,0.0,0.13,5,0.26,-0.44,-0.24
1784033013.117,unknown,mid,2.3,1.63,0.02,1.2,14,1.59,-0.29,-0.14
1784033013.117,static,fabric,3.4,3.18,0.0,0.09,5,2.91,1.29,0.05
1784033013.117,static,unknown,1.0,7.68,-0.01,0.2,5,6.85,3.36,0.89
1784033013.117,static,fabric,-2.1,0.56,0.0,0.13,5,0.26,-0.44,-0.24
1784033013.261,unknown,mid,2.3,1.63,0.02,1.19,14,1.6,-0.28,-0.15
1784033013.261,static,fabric,3.4,3.18,0.0,0.09,5,2.91,1.29,0.05
1784033013.261,static,unknown,1.0,7.68,-0.01,0.2,5,6.85,3.36,0.88
1784033013.261,static,fabric,-2.1,0.56,0.0,0.12,5,0.26,-0.44,-0.24
1784033013.404,unknown,mid,2.3,1.63,0.02,1.19,14,1.6,-0.28,-0.15
1784033013.404,static,fabric,3.4,3.18,0.0,0.09,5,2.91,1.29,0.05
1784033013.404,static,unknown,1.0,7.68,-0.01,0.2,5,6.85,3.36,0.88
1784033013.404,static,fabric,-2.1,0.56,0.0,0.12,5,0.26,-0.44,-0.24
1784033013.527,unknown,mid,2.3,1.63,0.02,1.19,14,1.6,-0.28,-0.15
1784033013.527,static,fabric,3.4,3.18,0.0,0.09,5,2.91,1.29,0.05
1784033013.527,static,unknown,1.0,7.68,-0.01,0.2,5,6.85,3.36,0.87
1784033013.527,static,fabric,-2.0,0.56,0.0,0.12,5,0.26,-0.44,-0.24
1784033013.641,unknown,mid,2.3,1.63,0.02,1.18,14,1.6,-0.28,-0.15
1784033013.641,static,fabric,3.4,3.18,0.0,0.09,5,2.91,1.29,0.05
1784033013.641,static,unknown,1.1,7.68,-0.01,0.2,5,6.85,3.36,0.87
1784033013.641,static,fabric,-2.0,0.56,0.0,0.12,5,0.26,-0.44,-0.24
1784033013.765,unknown,mid,2.4,1.63,0.02,1.18,14,1.6,-0.28,-0.15
1784033013.765,static,fabric,3.4,3.18,0.0,0.09,5,2.91,1.29,0.05
1784033013.765,static,unknown,1.1,7.68,-0.01,0.2,5,6.85,3.36,0.88
1784033013.765,static,fabric,-2.0,0.56,0.0,0.11,5,0.26,-0.44,-0.24
1784033013.893,unknown,mid,2.4,1.63,0.02,1.17,14,1.6,-0.28,-0.15
1784033013.893,static,fabric,3.4,3.18,0.0,0.09,5,2.91,1.29,0.04
1784033013.893,static,unknown,1.1,7.68,-0.01,0.19,5,6.85,3.36,0.87
1784033013.893,static,fabric,-2.0,0.56,0.0,0.11,5,0.26,-0.44,-0.24
1784033014.032,unknown,mid,2.4,1.63,0.02,1.17,14,1.6,-0.28,-0.15
1784033014.032,static,fabric,3.5,3.18,0.0,0.09,5,2.91,1.29,0.04
1784033014.032,static,unknown,1.1,7.68,-0.01,0.19,5,6.85,3.36,0.87
1784033014.032,static,fabric,-2.0,0.56,0.0,0.11,5,0.26,-0.44,-0.24
1784033014.154,unknown,mid,2.3,1.63,0.02,1.16,14,1.6,-0.28,-0.15
1784033014.154,static,fabric,3.5,3.18,0.0,0.09,5,2.91,1.29,0.04
1784033014.154,static,unknown,1.1,7.68,-0.01,0.19,5,6.86,3.34,0.87
1784033014.154,static,fabric,-2.0,0.56,0.0,0.11,5,0.26,-0.44,-0.24
1784033014.262,unknown,mid,2.3,1.63,0.02,1.16,14,1.6,-0.28,-0.15
1784033014.262,static,fabric,3.5,3.18,0.0,0.08,5,2.91,1.29,0.04
1784033014.262,static,unknown,1.1,7.68,-0.01,0.19,5,6.86,3.33,0.86
1784033014.262,static,fabric,-2.0,0.56,0.0,0.11,5,0.26,-0.44,-0.24
1784033014.395,unknown,mid,2.4,1.62,0.02,1.16,14,1.59,-0.29,-0.14
1784033014.395,static,fabric,3.5,3.18,0.0,0.08,5,2.91,1.29,0.05
1784033014.395,static,unknown,1.1,7.67,-0.01,0.19,5,6.86,3.32,0.86
1784033014.395,static,fabric,-2.0,0.56,0.0,0.1,5,0.26,-0.44,-0.24
1784033014.504,unknown,mid,2.4,1.62,0.02,1.15,14,1.59,-0.3,-0.14
1784033014.504,static,fabric,3.5,3.18,0.0,0.08,5,2.91,1.29,0.04
1784033014.504,static,unknown,1.1,7.68,-0.01,0.19,5,6.87,3.32,0.85
1784033014.504,static,fabric,-2.0,0.56,0.0,0.1,5,0.26,-0.44,-0.24
1784033014.629,unknown,mid,2.4,1.62,0.02,1.15,14,1.58,-0.3,-0.13
1784033014.629,static,fabric,3.5,3.18,0.0,0.08,5,2.91,1.29,0.05
1784033014.629,static,unknown,1.1,7.68,-0.01,0.19,5,6.86,3.33,0.85
1784033014.629,static,fabric,-2.0,0.56,0.0,0.1,5,0.26,-0.44,-0.24
1784033014.77,unknown,mid,2.4,1.62,0.02,1.14,14,1.58,-0.31,-0.13
1784033014.77,static,fabric,3.5,3.18,0.0,0.08,5,2.91,1.29,0.04
1784033014.77,static,unknown,1.1,7.68,-0.01,0.19,5,6.86,3.34,0.85
1784033014.77,static,fabric,-2.0,0.56,0.0,0.1,5,0.26,-0.44,-0.24
1784033014.908,unknown,mid,2.4,1.62,0.02,1.14,14,1.59,-0.3,-0.13
1784033014.908,static,fabric,3.5,3.18,0.0,0.08,5,2.91,1.29,0.04
1784033014.908,static,unknown,1.1,7.68,-0.01,0.19,5,6.86,3.35,0.85
1784033014.908,static,fabric,-2.0,0.56,0.0,0.1,5,0.26,-0.44,-0.24
1784033015.043,unknown,mid,2.4,1.62,0.02,1.14,14,1.59,-0.3,-0.14
1784033015.043,static,fabric,3.5,3.18,0.0,0.08,5,2.91,1.29,0.04
1784033015.043,static,unknown,1.1,7.68,-0.01,0.19,5,6.85,3.35,0.85
1784033015.043,static,fabric,-2.0,0.56,0.0,0.1,5,0.26,-0.44,-0.24
1784033015.176,unknown,mid,2.4,1.62,0.02,1.13,14,1.59,-0.29,-0.14
1784033015.176,static,fabric,3.5,3.18,0.0,0.08,5,2.91,1.29,0.04
1784033015.176,static,unknown,1.1,7.68,-0.01,0.19,5,6.85,3.36,0.85
1784033015.176,static,fabric,-2.0,0.56,0.0,0.1,5,0.26,-0.44,-0.24
1784033015.287,unknown,mid,2.4,1.62,0.02,1.13,14,1.59,-0.29,-0.14
1784033015.287,static,fabric,3.5,3.18,0.0,0.08,5,2.91,1.29,0.04
1784033015.287,static,unknown,1.1,7.68,-0.0,0.19,5,6.85,3.36,0.85
1784033015.287,static,fabric,-2.0,0.56,0.0,0.09,5,0.26,-0.44,-0.24
1784033015.404,unknown,mid,2.4,1.63,0.02,1.12,13,1.59,-0.29,-0.14
1784033015.404,static,fabric,3.5,3.18,0.0,0.08,5,2.91,1.29,0.04
1784033015.404,static,unknown,1.1,7.68,-0.0,0.19,5,6.85,3.36,0.85
1784033015.404,static,fabric,-2.0,0.56,0.0,0.09,5,0.26,-0.44,-0.24
1784033015.56,unknown,mid,2.4,1.63,0.02,1.12,13,1.6,-0.28,-0.15
1784033015.56,static,fabric,3.5,3.18,0.0,0.08,5,2.91,1.29,0.04
1784033015.56,static,unknown,1.1,7.68,-0.0,0.19,5,6.85,3.36,0.85
1784033015.56,static,fabric,-2.0,0.56,0.0,0.09,5,0.26,-0.44,-0.24
1784033015.726,unknown,mid,2.4,1.63,0.02,1.12,13,1.6,-0.28,-0.15
1784033015.726,static,fabric,3.5,3.18,0.0,0.08,5,2.91,1.29,0.04
1784033015.726,static,unknown,1.1,7.68,-0.0,0.18,5,6.85,3.36,0.84
1784033015.726,static,fabric,-2.0,0.56,0.0,0.09,5,0.26,-0.44,-0.24
1784033015.842,unknown,mid,2.4,1.63,0.02,1.11,13,1.6,-0.28,-0.15
1784033015.842,static,fabric,3.5,3.18,0.0,0.08,5,2.91,1.29,0.04
1784033015.842,static,unknown,1.1,7.68,-0.0,0.18,5,6.85,3.36,0.83
1784033015.842,static,fabric,-2.0,0.56,0.0,0.09,5,0.26,-0.44,-0.24
1784033015.97,unknown,mid,2.4,1.63,0.02,1.11,13,1.6,-0.28,-0.15
1784033015.97,static,fabric,3.5,3.18,0.0,0.08,5,2.91,1.29,0.04
1784033015.97,static,unknown,1.1,7.68,-0.0,0.18,5,6.85,3.36,0.84
1784033015.97,static,fabric,-2.0,0.56,0.0,0.09,5,0.26,-0.44,-0.24
1784033016.108,unknown,mid,2.4,1.63,0.02,1.11,13,1.6,-0.28,-0.16
1784033016.108,static,fabric,3.5,3.18,0.0,0.07,5,2.91,1.29,0.04
1784033016.108,static,unknown,1.1,7.68,-0.0,0.18,5,6.85,3.36,0.84
1784033016.108,static,fabric,-2.0,0.56,0.0,0.09,5,0.26,-0.44,-0.24
1784033016.247,unknown,mid,2.4,1.63,0.02,1.1,13,1.6,-0.28,-0.15
1784033016.247,static,fabric,3.5,3.18,0.0,0.07,5,2.91,1.29,0.04
1784033016.247,static,unknown,1.1,7.68,-0.0,0.18,5,6.85,3.36,0.84
1784033016.247,static,fabric,-2.0,0.56,0.0,0.09,5,0.26,-0.44,-0.24
1784033016.388,unknown,mid,2.4,1.62,0.02,1.1,13,1.59,-0.29,-0.15
1784033016.388,static,fabric,3.5,3.18,0.0,0.07,5,2.91,1.29,0.04
1784033016.388,static,unknown,1.1,7.68,-0.0,0.18,5,6.85,3.36,0.85
1784033016.388,static,fabric,-2.0,0.56,0.0,0.09,5,0.26,-0.44,-0.24
1784033016.527,unknown,mid,2.4,1.61,0.02,1.1,13,1.58,-0.31,-0.13
1784033016.527,static,fabric,3.5,3.18,0.0,0.07,5,2.91,1.29,0.04
1784033016.527,static,unknown,1.1,7.68,-0.0,0.18,5,6.85,3.36,0.86
1784033016.527,static,fabric,-2.0,0.56,0.0,0.09,5,0.26,-0.44,-0.24
1784033016.666,unknown,mid,2.4,1.6,0.02,1.09,13,1.56,-0.34,-0.1
1784033016.666,static,fabric,3.5,3.18,0.0,0.07,5,2.91,1.29,0.04
1784033016.666,static,unknown,1.1,7.68,-0.0,0.18,5,6.85,3.36,0.86
1784033016.666,static,fabric,-2.0,0.56,0.0,0.09,5,0.26,-0.44,-0.24
1784033016.795,unknown,mid,2.4,1.59,0.02,1.09,13,1.55,-0.35,-0.09
1784033016.795,static,fabric,3.5,3.18,0.0,0.07,5,2.91,1.29,0.04
1784033016.795,static,unknown,1.1,7.68,-0.0,0.18,5,6.85,3.36,0.87
1784033016.795,static,fabric,-2.0,0.56,0.0,0.09,5,0.26,-0.44,-0.24
1784033016.932,unknown,mid,2.4,1.59,0.02,1.08,13,1.55,-0.35,-0.09
1784033016.932,static,fabric,3.5,3.18,0.0,0.07,5,2.91,1.29,0.04
1784033016.932,static,unknown,1.1,7.68,-0.0,0.18,5,6.85,3.36,0.87
1784033016.932,static,fabric,-2.0,0.56,0.0,0.09,5,0.26,-0.44,-0.24
1784033017.037,unknown,mid,2.4,1.6,0.02,1.08,13,1.56,-0.33,-0.11
1784033017.037,static,fabric,3.5,3.18,0.0,0.07,5,2.91,1.29,0.05
1784033017.037,static,unknown,1.1,7.68,-0.0,0.18,5,6.85,3.36,0.87
1784033017.037,static,fabric,-2.0,0.56,0.0,0.09,5,0.26,-0.44,-0.24
1784033017.166,unknown,mid,2.4,1.61,0.02,1.08,13,1.57,-0.32,-0.12
1784033017.166,static,fabric,3.5,3.18,0.0,0.07,5,2.91,1.29,0.05
1784033017.166,static,unknown,1.1,7.68,-0.0,0.18,5,6.85,3.36,0.87
1784033017.166,static,fabric,-2.0,0.56,0.0,0.09,5,0.26,-0.44,-0.24
1784033017.313,unknown,mid,2.4,1.62,0.02,1.07,13,1.58,-0.3,-0.14
1784033017.313,static,fabric,3.5,3.18,0.0,0.07,5,2.91,1.29,0.05
1784033017.313,static,unknown,1.1,7.68,-0.0,0.17,5,6.85,3.36,0.87
1784033017.313,static,fabric,-2.0,0.56,0.0,0.09,5,0.26,-0.44,-0.24
1784033017.428,unknown,mid,2.4,1.62,0.02,1.07,13,1.59,-0.3,-0.14
1784033017.428,static,fabric,3.5,3.18,0.0,0.07,5,2.91,1.29,0.05
1784033017.428,static,unknown,1.1,7.68,-0.0,0.17,5,6.85,3.36,0.87
1784033017.428,static,fabric,-2.0,0.56,0.0,0.08,5,0.26,-0.44,-0.24
1784033017.57,unknown,mid,2.4,1.63,0.02,1.07,13,1.59,-0.29,-0.15
1784033017.57,static,fabric,3.5,3.18,0.0,0.07,5,2.91,1.29,0.05
1784033017.57,static,unknown,1.1,7.68,-0.0,0.17,5,6.85,3.36,0.87
1784033017.57,static,fabric,-2.0,0.56,0.0,0.08,5,0.26,-0.44,-0.24
1784033017.57,static,mid,6.3,1.04,0.07,0.79,4,0.63,0.83,-0.01
1784033017.717,unknown,mid,2.4,1.62,0.02,1.06,13,1.59,-0.28,-0.15
1784033017.717,static,fabric,3.5,3.18,0.0,0.07,5,2.91,1.28,0.05
1784033017.717,static,unknown,1.1,7.68,-0.0,0.17,5,6.85,3.36,0.87
1784033017.717,static,fabric,-2.0,0.56,0.0,0.08,5,0.26,-0.44,-0.24
1784033017.717,static,mid,5.2,0.91,0.03,0.99,4,0.58,0.7,-0.01
1784033017.859,unknown,mid,1.7,1.42,0.02,1.07,13,1.41,-0.15,-0.14
1784033017.859,static,fabric,3.5,3.18,0.0,0.07,5,2.92,1.28,0.05
1784033017.859,static,unknown,1.1,7.68,-0.0,0.17,5,6.85,3.34,0.89
1784033017.859,static,fabric,-2.0,0.56,0.0,0.08,5,0.26,-0.44,-0.24
1784033017.859,static,mid,5.2,0.91,0.03,0.99,4,0.58,0.7,-0.01
1784033018.0,unknown,mid,1.7,1.31,0.01,1.07,13,1.3,-0.07,-0.14
1784033018.0,static,fabric,3.5,3.18,0.0,0.07,5,2.92,1.28,0.05
1784033018.0,static,unknown,1.1,7.68,-0.0,0.18,5,6.86,3.31,0.92
1784033018.0,static,fabric,-2.0,0.56,0.0,0.08,5,0.26,-0.44,-0.24
1784033018.0,static,mid,5.2,0.91,0.03,0.99,4,0.58,0.7,-0.01
1784033018.121,unknown,mid,1.3,1.26,0.01,1.08,13,1.26,0.0,-0.14
1784033018.121,static,fabric,3.5,3.18,0.0,0.07,5,2.92,1.27,0.05
1784033018.121,static,unknown,1.1,7.68,-0.0,0.18,5,6.88,3.28,0.94
1784033018.121,static,fabric,-2.0,0.56,0.0,0.08,5,0.26,-0.44,-0.24
1784033018.121,static,mid,5.2,0.91,0.03,0.99,4,0.58,0.7,-0.01
1784033018.278,unknown,mid,1.3,1.41,0.01,1.08,13,1.4,-0.01,-0.15
1784033018.278,static,fabric,3.5,3.18,0.0,0.07,5,2.92,1.28,0.05
1784033018.278,static,unknown,1.1,7.68,-0.0,0.18,5,6.88,3.26,0.95
1784033018.278,static,fabric,-2.0,0.56,0.0,0.08,5,0.26,-0.44,-0.24
1784033018.278,unknown,mid,5.2,0.73,0.01,0.99,4,0.52,0.52,-0.04
1784033018.381,unknown,metal,1.3,1.41,0.01,1.08,13,1.4,0.01,-0.14
1784033018.381,static,fabric,3.5,3.18,0.0,0.07,5,2.91,1.28,0.04
1784033018.381,static,unknown,1.1,7.68,-0.0,0.18,5,6.89,3.25,0.96
1784033018.381,static,fabric,-2.0,0.56,0.0,0.08,5,0.26,-0.44,-0.24
1784033018.381,unknown,mid,5.2,0.73,0.01,0.99,4,0.52,0.52,-0.04
1784033018.503,unknown,metal,1.3,1.43,0.01,1.08,13,1.42,-0.01,-0.13
1784033018.503,static,fabric,3.5,3.18,0.0,0.07,5,2.91,1.29,0.04
1784033018.503,static,unknown,1.1,7.68,-0.0,0.18,5,6.9,3.24,0.95
1784033018.503,static,fabric,-2.0,0.56,0.0,0.08,5,0.26,-0.44,-0.24
1784033018.503,unknown,mid,5.2,0.73,0.01,0.99,4,0.52,0.52,-0.04
1784033018.637,unknown,metal,1.3,1.43,0.01,1.09,13,1.43,-0.05,-0.13
1784033018.637,static,fabric,3.5,3.18,0.0,0.07,5,2.91,1.29,0.05
1784033018.637,static,unknown,1.1,7.68,-0.0,0.18,5,6.9,3.24,0.93
1784033018.637,static,fabric,-2.0,0.56,0.0,0.08,5,0.26,-0.44,-0.24
1784033018.637,unknown,mid,5.2,0.73,0.01,0.99,4,0.52,0.52,-0.04
1784033018.764,unknown,metal,1.3,1.36,0.01,1.09,13,1.36,-0.08,-0.12
1784033018.764,static,fabric,3.5,3.18,0.0,0.07,5,2.91,1.28,0.05
1784033018.764,static,unknown,1.1,7.68,-0.0,0.18,5,6.91,3.21,0.94
1784033018.764,static,fabric,-2.0,0.56,0.0,0.08,5,0.26,-0.44,-0.24
1784033018.764,unknown,mid,5.2,0.73,0.01,0.99,4,0.52,0.52,-0.04
1784033018.891,unknown,metal,1.3,1.45,0.01,1.09,13,1.44,-0.14,-0.13
1784033018.891,static,fabric,3.5,3.18,0.0,0.07,5,2.92,1.28,0.05
1784033018.891,static,unknown,1.1,7.69,-0.0,0.19,5,6.93,3.18,0.95
1784033018.891,static,fabric,-2.0,0.56,0.0,0.08,5,0.26,-0.44,-0.24
1784033018.891,pedestrian,metal,5.8,0.61,0.02,0.88,4,0.44,0.42,-0.01
1784033018.988,unknown,metal,1.3,1.38,0.01,1.09,13,1.36,-0.15,-0.12
1784033018.988,static,mid,3.5,3.18,0.0,0.07,5,2.92,1.27,0.05
1784033018.988,static,unknown,1.1,7.69,-0.0,0.19,5,6.93,3.19,0.99
1784033018.988,pedestrian,metal,5.8,0.61,0.02,0.88,4,0.44,0.42,-0.01
1784033019.11,unknown,metal,1.3,1.34,0.01,1.09,13,1.33,-0.14,-0.12
1784033019.11,static,mid,3.5,3.18,0.0,0.07,5,2.92,1.27,0.05
1784033019.11,static,unknown,1.1,7.69,-0.0,0.19,5,6.92,3.2,1.0
1784033019.11,pedestrian,metal,5.8,0.61,0.02,0.88,4,0.44,0.42,-0.01
1784033019.23,unknown,metal,1.3,1.29,0.01,1.09,13,1.28,-0.11,-0.1
1784033019.23,static,mid,3.5,3.18,0.0,0.07,5,2.92,1.28,0.04
1784033019.23,static,unknown,1.1,7.69,-0.0,0.19,5,6.9,3.23,1.01
1784033019.23,pedestrian,metal,5.8,0.61,0.02,0.88,4,0.44,0.42,-0.01
1784033019.337,unknown,metal,1.3,1.28,0.01,1.1,13,1.27,-0.09,-0.1
1784033019.337,static,mid,3.5,3.19,0.0,0.07,5,2.92,1.28,0.04
1784033019.337,static,unknown,1.1,7.68,-0.0,0.19,5,6.88,3.27,1.02
1784033019.337,pedestrian,metal,5.8,0.61,0.02,0.88,4,0.44,0.42,-0.01
1784033019.448,unknown,metal,1.0,1.4,0.01,1.1,13,1.39,-0.1,-0.11
1784033019.448,static,mid,3.5,3.19,0.0,0.07,5,2.92,1.28,0.04
1784033019.448,static,unknown,1.1,7.68,-0.0,0.19,5,6.88,3.27,1.02
1784033019.448,pedestrian,metal,5.2,0.53,0.02,0.82,4,0.39,0.35,0.03
1784033019.579,unknown,metal,2.0,1.29,0.01,1.1,13,1.28,-0.05,-0.09
1784033019.579,static,mid,3.5,3.18,0.0,0.07,5,2.92,1.27,0.05
1784033019.579,static,unknown,1.1,7.68,-0.0,0.19,5,6.88,3.27,1.02
1784033019.579,pedestrian,metal,5.2,0.53,0.02,0.82,4,0.39,0.35,0.03
1784033019.693,unknown,metal,2.0,1.22,0.01,1.11,13,1.22,-0.01,-0.08
1784033019.693,static,mid,3.5,3.18,0.0,0.07,5,2.92,1.27,0.05
1784033019.693,static,unknown,1.1,7.68,-0.0,0.19,5,6.88,3.27,1.02
1784033019.693,pedestrian,metal,5.2,0.53,0.02,0.82,4,0.39,0.35,0.03
1784033019.811,unknown,metal,2.0,1.24,0.01,1.11,13,1.23,0.02,-0.08
1784033019.811,static,mid,3.5,3.18,0.0,0.07,5,2.92,1.28,0.04
1784033019.811,static,unknown,1.1,7.68,-0.0,0.19,5,6.88,3.27,1.02
1784033019.811,pedestrian,metal,5.2,0.53,0.02,0.82,4,0.39,0.35,0.03
1784033019.914,unknown,metal,2.0,1.24,0.01,1.12,13,1.23,0.05,-0.08
1784033019.914,static,mid,3.5,3.18,0.0,0.07,5,2.91,1.28,0.04
1784033019.914,static,unknown,1.1,7.68,-0.0,0.19,5,6.88,3.27,1.02
1784033019.914,pedestrian,metal,5.2,0.53,0.02,0.82,4,0.39,0.35,0.03
1784033020.041,unknown,metal,2.1,1.2,0.01,1.12,13,1.2,0.05,-0.06
1784033020.041,static,mid,3.5,3.18,0.0,0.07,5,2.91,1.29,0.03
1784033020.041,static,unknown,1.1,7.68,-0.0,0.19,5,6.87,3.3,0.97
1784033020.041,pedestrian,metal,5.2,0.53,0.02,0.82,4,0.39,0.35,0.03
1784033020.166,unknown,metal,2.0,1.14,0.01,1.13,13,1.14,0.04,-0.06
1784033020.166,static,mid,3.5,3.18,0.0,0.07,5,2.91,1.29,0.03
1784033020.166,static,unknown,1.0,7.68,-0.0,0.19,5,6.88,3.28,0.96
1784033020.166,pedestrian,metal,5.2,0.53,0.02,0.82,4,0.39,0.35,0.03
1784033020.305,unknown,metal,2.0,1.09,0.01,1.13,13,1.09,0.04,-0.05
1784033020.305,static,mid,3.5,3.18,0.0,0.07,5,2.91,1.29,0.03
1784033020.305,static,unknown,1.0,7.68,-0.0,0.19,5,6.89,3.25,0.95
1784033020.305,pedestrian,metal,5.2,0.53,0.02,0.82,4,0.39,0.35,0.03
1784033020.407,unknown,metal,1.7,1.05,0.01,1.13,13,1.05,0.01,-0.04
1784033020.407,static,mid,3.5,3.18,0.0,0.07,5,2.91,1.29,0.03
1784033020.407,static,unknown,1.0,7.68,-0.0,0.19,5,6.9,3.23,0.95
1784033020.407,pedestrian,metal,5.2,0.53,0.02,0.82,4,0.39,0.35,0.03
1784033020.513,unknown,metal,1.7,1.05,0.01,1.14,13,1.05,-0.03,-0.04
1784033020.513,static,mid,3.5,3.18,0.0,0.07,5,2.91,1.29,0.03
1784033020.513,static,unknown,1.0,7.68,-0.0,0.19,5,6.91,3.22,0.95
1784033020.513,pedestrian,metal,5.2,0.53,0.02,0.82,4,0.39,0.35,0.03
1784033020.661,unknown,metal,1.6,1.13,0.01,1.14,13,1.13,-0.0,-0.06
1784033020.661,static,mid,3.5,3.18,0.0,0.07,5,2.91,1.29,0.03
1784033020.661,static,unknown,1.0,7.68,-0.0,0.19,5,6.91,3.21,0.94
1784033020.661,pedestrian,metal,5.2,0.53,0.02,0.82,4,0.39,0.35,0.03
1784033020.81,unknown,metal,1.6,1.14,0.01,1.15,13,1.14,0.05,-0.05
1784033020.81,static,mid,3.5,3.18,0.0,0.07,5,2.91,1.29,0.03
1784033020.81,static,unknown,1.0,7.68,-0.0,0.19,5,6.91,3.21,0.94
1784033020.81,pedestrian,metal,5.2,0.53,0.02,0.82,4,0.39,0.35,0.03
1784033020.945,unknown,metal,1.0,1.2,0.01,1.15,13,1.19,0.1,-0.06
1784033020.945,static,mid,3.5,3.18,0.0,0.07,5,2.91,1.29,0.03
1784033020.945,static,unknown,1.0,7.68,-0.0,0.19,5,6.91,3.22,0.97
1784033020.945,pedestrian,metal,5.2,0.53,0.02,0.82,4,0.39,0.35,0.03
1784033021.067,unknown,metal,0.6,1.24,0.01,1.15,13,1.23,0.12,-0.06
1784033021.067,static,mid,3.5,3.18,0.0,0.07,5,2.91,1.29,0.03
1784033021.067,static,unknown,1.0,7.69,-0.0,0.2,5,6.91,3.22,0.99
1784033021.198,unknown,metal,-0.7,1.33,0.01,1.16,13,1.32,0.11,-0.08
1784033021.198,static,mid,3.5,3.18,0.0,0.07,5,2.91,1.29,0.04
1784033021.198,static,unknown,1.0,7.69,-0.0,0.2,5,6.91,3.21,1.01
1784033021.32,unknown,mid,-0.7,1.42,0.01,1.16,13,1.42,0.09,-0.1
1784033021.32,static,mid,3.5,3.18,0.0,0.07,5,2.91,1.29,0.04
1784033021.32,static,unknown,1.0,7.69,-0.0,0.2,5,6.91,3.22,1.03
1784033021.455,unknown,mid,-1.0,1.45,0.01,1.16,13,1.44,0.07,-0.11
1784033021.455,static,mid,3.5,3.18,0.0,0.07,5,2.91,1.3,0.05
1784033021.455,static,unknown,1.0,7.69,-0.0,0.2,5,6.91,3.22,1.02
1784033021.455,static,fabric,-1.3,1.96,0.0,0.03,3,1.05,-1.66,0.01
1784033021.565,unknown,mid,-1.0,1.44,0.01,1.17,13,1.44,0.07,-0.11
1784033021.565,static,mid,3.5,3.18,0.0,0.07,5,2.9,1.3,0.06
1784033021.565,static,unknown,1.0,7.69,-0.0,0.2,5,6.92,3.21,1.02
1784033021.565,static,fabric,-1.3,1.96,0.0,0.03,3,1.05,-1.66,0.02
1784033021.687,unknown,mid,-1.1,1.39,0.01,1.17,13,1.38,0.07,-0.11
1784033021.687,static,mid,3.5,3.18,0.0,0.07,5,2.9,1.3,0.06
1784033021.687,static,unknown,1.0,7.69,-0.0,0.2,5,6.9,3.23,1.0
1784033021.687,static,fabric,-1.3,1.96,0.0,0.03,2,1.05,-1.66,0.03
1784033021.822,unknown,mid,-1.1,1.31,0.01,1.17,13,1.31,0.04,-0.11
1784033021.822,static,mid,3.5,3.18,0.0,0.07,5,2.9,1.31,0.07
1784033021.822,static,unknown,1.0,7.69,-0.0,0.21,5,6.91,3.22,1.02
1784033021.822,static,fabric,-1.3,1.96,0.0,0.02,2,1.05,-1.66,0.03
1784033021.949,unknown,mid,-1.2,1.25,0.01,1.18,13,1.25,0.03,-0.1
1784033021.949,static,mid,3.6,3.18,0.0,0.07,5,2.9,1.3,0.07
1784033021.949,static,unknown,1.0,7.69,-0.0,0.21,5,6.91,3.23,1.02
1784033021.949,static,fabric,-1.3,1.96,0.0,0.02,2,1.05,-1.66,0.03
1784033022.046,unknown,mid,-1.2,1.21,0.01,1.18,13,1.2,0.03,-0.09
1784033022.046,static,mid,3.6,3.18,0.0,0.07,5,2.91,1.29,0.06
1784033022.046,static,unknown,1.0,7.69,-0.0,0.21,5,6.91,3.23,1.02
1784033022.046,static,fabric,-1.3,1.96,0.0,0.02,2,1.05,-1.66,0.03
1784033022.179,unknown,metal,-1.2,1.18,0.01,1.18,13,1.17,0.03,-0.08
1784033022.179,static,mid,3.6,3.18,0.0,0.07,5,2.91,1.28,0.06
1784033022.179,static,unknown,1.1,7.69,-0.0,0.21,5,6.91,3.23,1.03
1784033022.179,static,fabric,-1.3,1.96,0.0,0.02,2,1.05,-1.66,0.03
1784033022.311,unknown,metal,-1.2,1.34,0.01,1.18,13,1.34,0.02,-0.11
1784033022.311,static,mid,3.6,3.19,0.0,0.07,5,2.92,1.28,0.04
1784033022.311,static,unknown,1.1,7.7,-0.0,0.21,5,6.9,3.25,1.02
1784033022.311,static,fabric,-1.3,1.96,0.0,0.02,2,1.05,-1.66,0.03
1784033022.399,unknown,metal,-1.2,1.46,0.01,1.18,13,1.45,0.03,-0.13
1784033022.399,static,mid,3.6,3.19,0.0,0.07,5,2.92,1.28,0.04
1784033022.399,static,unknown,1.1,7.69,-0.0,0.22,5,6.88,3.27,1.01
1784033022.399,static,fabric,-1.3,1.96,0.0,0.02,2,1.05,-1.66,0.03
1784033022.536,unknown,metal,-1.2,1.52,0.01,1.18,13,1.51,-0.01,-0.14
1784033022.536,static,mid,3.6,3.18,0.0,0.07,5,2.91,1.28,0.03
1784033022.536,static,unknown,1.1,7.69,-0.0,0.21,5,6.86,3.3,1.02
1784033022.536,static,fabric,-1.3,1.96,0.0,0.02,2,1.05,-1.66,0.03
1784033022.656,unknown,metal,-1.2,1.57,0.01,1.18,13,1.57,-0.02,-0.15
1784033022.656,static,mid,3.6,3.18,0.0,0.07,5,2.91,1.28,0.02
1784033022.656,static,unknown,1.1,7.68,-0.0,0.21,5,6.85,3.32,1.02
1784033022.656,static,fabric,-1.3,1.96,0.0,0.02,2,1.05,-1.66,0.03
1784033022.656,static,metal,6.5,0.63,0.24,0.53,9,0.43,0.45,0.11
1784033022.769,unknown,metal,-1.2,1.6,0.01,1.18,13,1.59,-0.05,-0.15
1784033022.769,static,mid,3.6,3.18,0.0,0.07,5,2.92,1.28,0.02
1784033022.769,static,unknown,1.1,7.68,-0.0,0.21,5,6.84,3.34,1.01
1784033022.769,static,fabric,-1.3,1.96,0.0,0.02,2,1.05,-1.66,0.03
1784033022.769,static,metal,5.2,0.64,0.22,0.54,9,0.44,0.44,0.13
1784033022.904,unknown,metal,-1.2,1.61,0.01,1.18,13,1.6,-0.07,-0.15
1784033022.904,static,mid,3.6,3.18,0.0,0.07,5,2.92,1.28,0.03
1784033022.904,static,unknown,1.1,7.68,-0.0,0.21,5,6.84,3.34,1.0
1784033022.904,static,fabric,-1.3,1.96,0.0,0.02,2,1.05,-1.66,0.03
1784033022.904,static,metal,4.2,0.65,0.19,0.55,9,0.45,0.45,0.13
1784033023.001,unknown,metal,-1.2,1.61,0.01,1.18,13,1.61,-0.07,-0.14
1784033023.001,static,mid,3.6,3.18,0.0,0.07,5,2.92,1.27,0.03
1784033023.001,static,unknown,1.1,7.68,-0.0,0.21,5,6.84,3.35,1.0
1784033023.001,static,fabric,-1.3,1.96,0.0,0.02,2,1.05,-1.66,0.03
1784033023.001,static,metal,3.8,0.65,0.17,0.56,9,0.45,0.45,0.13
1784033023.133,unknown,metal,-1.2,1.61,0.01,1.18,13,1.61,-0.06,-0.12
1784033023.133,static,mid,3.6,3.19,0.0,0.07,5,2.92,1.26,0.03
1784033023.133,static,unknown,1.1,7.68,-0.0,0.21,5,6.84,3.35,0.99
1784033023.133,static,fabric,-1.3,1.96,0.0,0.02,2,1.05,-1.66,0.03
1784033023.133,static,metal,3.8,0.64,0.15,0.56,9,0.43,0.46,0.11
1784033023.24,unknown,metal,-1.2,1.62,0.01,1.18,13,1.61,-0.05,-0.11
1784033023.24,static,mid,3.6,3.19,0.0,0.08,5,2.93,1.26,0.03
1784033023.24,static,unknown,1.1,7.68,-0.0,0.21,5,6.85,3.34,0.99
1784033023.24,static,fabric,-1.3,1.96,0.0,0.02,2,1.05,-1.66,0.03
1784033023.24,static,metal,3.7,0.64,0.13,0.56,9,0.43,0.46,0.11
1784033023.359,unknown,metal,-1.2,1.63,0.01,1.18,13,1.62,-0.03,-0.11
1784033023.359,static,mid,3.6,3.19,0.0,0.08,5,2.93,1.25,0.04
1784033023.359,static,unknown,1.1,7.68,-0.0,0.21,5,6.86,3.31,0.99
1784033023.359,static,metal,3.7,0.63,0.12,0.56,9,0.42,0.46,0.12
1784033023.479,unknown,metal,-1.2,1.64,0.01,1.18,13,1.64,-0.0,-0.13
1784033023.479,static,mid,3.6,3.19,0.0,0.08,5,2.93,1.25,0.04
1784033023.479,static,unknown,1.1,7.68,-0.0,0.21,5,6.87,3.28,0.99
1784033023.479,static,metal,3.7,0.64,0.11,0.56,9,0.41,0.47,0.11
1784033023.574,unknown,metal,-1.2,1.65,0.01,1.18,13,1.64,-0.04,-0.14
1784033023.574,static,mid,3.6,3.19,0.0,0.08,5,2.93,1.25,0.04
1784033023.574,static,unknown,1.1,7.68,-0.0,0.21,5,6.88,3.26,1.0
1784033023.574,static,metal,3.7,0.66,0.11,0.57,9,0.42,0.5,0.09
1784033023.7,unknown,metal,-1.2,1.65,0.01,1.18,13,1.64,-0.04,-0.14
1784033023.7,static,mid,3.6,3.19,0.0,0.08,5,2.93,1.25,0.04
1784033023.7,static,unknown,1.1,7.68,-0.0,0.21,5,6.9,3.23,1.02
1784033023.7,static,metal,3.7,0.74,0.1,0.65,10,0.63,0.39,0.03
1784033023.832,unknown,metal,-1.2,1.65,0.01,1.18,13,1.64,-0.04,-0.14
1784033023.832,static,mid,3.6,3.18,0.0,0.08,5,2.92,1.26,0.04
1784033023.832,static,unknown,1.1,7.68,-0.0,0.21,5,6.89,3.23,1.02
1784033023.832,static,metal,3.7,0.85,0.09,0.73,10,0.79,0.31,-0.01
1784033023.96,unknown,metal,-1.2,1.65,0.01,1.18,13,1.64,-0.04,-0.14
1784033023.96,static,mid,3.6,3.18,0.0,0.08,5,2.92,1.27,0.04
1784033023.96,static,unknown,1.1,7.68,-0.0,0.21,5,6.89,3.24,1.0
1784033023.96,pedestrian,metal,3.7,1.0,0.09,0.8,11,0.98,0.23,-0.05
1784033024.054,unknown,metal,-1.2,1.62,0.01,1.18,13,1.62,-0.03,-0.14
1784033024.054,static,mid,3.6,3.18,0.0,0.07,5,2.92,1.28,0.04
1784033024.054,static,unknown,1.1,7.68,-0.0,0.21,5,6.89,3.25,0.97
1784033024.054,pedestrian,metal,3.7,1.0,0.09,0.8,11,0.98,0.23,-0.05
1784033024.182,unknown,metal,-1.1,1.65,0.01,1.18,13,1.64,0.01,-0.15
1784033024.182,static,mid,3.6,3.18,0.0,0.07,5,2.91,1.28,0.04
1784033024.182,static,unknown,1.1,7.68,-0.0,0.22,5,6.88,3.27,0.94
1784033024.182,pedestrian,metal,3.7,1.0,0.09,0.8,11,0.98,0.23,-0.05
1784033024.313,unknown,metal,-1.1,1.65,0.01,1.18,13,1.64,0.04,-0.15
1784033024.313,static,mid,3.6,3.18,0.0,0.07,5,2.91,1.29,0.05
1784033024.313,static,unknown,1.1,7.68,-0.0,0.22,5,6.88,3.28,0.9
1784033024.313,pedestrian,metal,3.7,1.0,0.09,0.8,11,0.98,0.23,-0.05
1784033024.313,pedestrian,unknown,3.5,4.2,0.1,0.32,2,2.77,-3.01,0.93
1784033024.438,unknown,metal,-1.1,1.65,0.01,1.18,13,1.64,0.06,-0.16
1784033024.438,static,mid,3.6,3.18,0.0,0.07,5,2.91,1.29,0.04
1784033024.438,static,unknown,1.1,7.68,-0.0,0.22,5,6.88,3.29,0.89
1784033024.438,pedestrian,metal,3.7,1.0,0.09,0.8,11,0.98,0.23,-0.05
1784033024.438,pedestrian,unknown,3.5,4.33,0.12,0.3,2,2.79,-3.19,0.91
1784033024.527,unknown,metal,-1.1,1.65,0.01,1.19,13,1.64,0.07,-0.16
1784033024.527,static,mid,3.6,3.18,0.0,0.07,5,2.91,1.29,0.04
1784033024.527,static,unknown,1.2,7.68,-0.0,0.22,5,6.87,3.32,0.86
1784033024.527,pedestrian,metal,3.7,1.0,0.09,0.8,11,0.98,0.23,-0.05
1784033024.527,static,unknown,3.5,4.43,0.14,0.29,2,2.8,-3.31,0.9
1784033024.6,unknown,metal,-1.1,1.65,0.01,1.19,13,1.64,0.06,-0.15
1784033024.6,static,mid,3.6,3.18,0.0,0.07,5,2.91,1.29,0.04
1784033024.6,static,unknown,1.2,7.68,-0.0,0.22,5,6.86,3.33,0.85
1784033024.6,pedestrian,metal,3.7,1.0,0.09,0.8,11,0.98,0.23,-0.05
1784033024.6,static,unknown,3.5,4.49,0.14,0.28,2,2.81,-3.38,0.89
1784033024.689,unknown,metal,-1.1,1.64,0.01,1.19,13,1.63,0.04,-0.15
1784033024.689,static,mid,3.6,3.18,0.0,0.07,5,2.91,1.29,0.04
1784033024.689,static,unknown,1.2,7.68,-0.0,0.21,5,6.86,3.34,0.84
1784033024.689,pedestrian,metal,3.7,1.0,0.09,0.8,11,0.98,0.23,-0.05
1784033024.689,static,unknown,3.5,4.53,0.15,0.27,2,2.82,-3.43,0.89
1784033024.794,unknown,metal,-1.1,1.65,0.01,1.19,13,1.64,0.03,-0.15
1784033024.794,static,mid,3.6,3.18,0.0,0.07,5,2.91,1.29,0.04
1784033024.794,static,unknown,1.2,7.68,-0.0,0.21,5,6.86,3.35,0.84
1784033024.794,pedestrian,metal,3.7,1.0,0.09,0.8,11,0.98,0.23,-0.05
1784033024.794,static,unknown,3.5,4.53,0.15,0.27,2,2.82,-3.43,0.89
1784033024.921,unknown,metal,-1.0,1.65,0.01,1.19,13,1.64,-0.01,-0.15
1784033024.921,static,mid,3.6,3.18,0.0,0.07,5,2.91,1.29,0.04
1784033024.921,static,unknown,1.2,7.68,-0.0,0.21,5,6.86,3.35,0.84
1784033024.921,pedestrian,metal,3.7,1.0,0.09,0.8,11,0.98,0.23,-0.05
1784033024.921,static,unknown,3.5,4.53,0.15,0.27,2,2.82,-3.43,0.89
1784033025.033,unknown,fabric,-1.1,1.65,0.01,1.19,13,1.64,-0.03,-0.14
1784033025.033,static,mid,3.6,3.18,0.0,0.07,5,2.91,1.29,0.04
1784033025.033,static,unknown,1.2,7.68,-0.0,0.21,5,6.85,3.35,0.84
1784033025.033,pedestrian,metal,3.7,1.0,0.09,0.8,11,0.98,0.23,-0.05
1784033025.033,static,unknown,3.5,4.53,0.15,0.27,2,2.82,-3.43,0.89
1784033025.139,unknown,fabric,-1.1,1.65,0.01,1.19,13,1.64,-0.05,-0.14
1784033025.139,static,mid,3.6,3.18,0.0,0.07,5,2.91,1.29,0.04
1784033025.139,static,unknown,1.2,7.68,-0.0,0.21,5,6.85,3.36,0.84
1784033025.139,pedestrian,metal,3.7,1.0,0.09,0.8,11,0.98,0.23,-0.05
1784033025.139,static,unknown,3.5,4.53,0.15,0.27,2,2.82,-3.43,0.89
1784033025.262,unknown,fabric,-1.0,1.65,0.01,1.19,13,1.64,-0.05,-0.15
1784033025.262,static,mid,3.6,3.18,0.0,0.07,5,2.91,1.29,0.04
1784033025.262,static,unknown,1.3,7.68,-0.0,0.21,5,6.85,3.36,0.85
1784033025.262,pedestrian,metal,3.7,1.0,0.09,0.8,11,0.98,0.23,-0.05
1784033025.262,static,unknown,3.5,4.53,0.15,0.27,2,2.82,-3.43,0.89
1784033025.36,unknown,fabric,-1.0,1.66,0.01,1.18,13,1.65,-0.03,-0.15
1784033025.36,static,mid,3.6,3.18,0.0,0.07,5,2.91,1.29,0.04
1784033025.36,static,unknown,1.4,7.68,-0.0,0.21,5,6.85,3.36,0.85
1784033025.36,pedestrian,metal,3.7,1.0,0.09,0.8,11,0.98,0.23,-0.05
1784033025.36,static,unknown,3.5,4.53,0.15,0.27,2,2.82,-3.43,0.89
1784033025.491,unknown,fabric,-1.0,1.67,0.01,1.18,13,1.66,-0.01,-0.16
1784033025.491,static,mid,3.6,3.18,0.0,0.07,5,2.91,1.29,0.04
1784033025.491,static,unknown,1.4,7.68,-0.0,0.21,5,6.86,3.34,0.85
1784033025.491,static,unknown,3.5,4.53,0.15,0.27,2,2.82,-3.43,0.89
1784033025.622,unknown,fabric,-1.1,1.67,0.01,1.18,13,1.67,0.01,-0.16
1784033025.622,static,mid,3.6,3.19,0.0,0.07,5,2.91,1.29,0.04
1784033025.622,static,unknown,1.4,7.68,-0.0,0.21,5,6.86,3.33,0.85
1784033025.622,static,unknown,3.5,4.53,0.15,0.27,2,2.82,-3.43,0.89
1784033025.754,unknown,fabric,-1.1,1.67,0.01,1.18,13,1.66,0.0,-0.16
1784033025.754,static,mid,3.6,3.18,0.0,0.07,5,2.92,1.28,0.05
1784033025.754,static,unknown,1.4,7.68,-0.0,0.21,5,6.86,3.33,0.86
1784033025.754,static,unknown,3.5,4.53,0.15,0.27,2,2.82,-3.43,0.89
1784033025.856,unknown,fabric,-1.1,1.66,0.01,1.18,13,1.66,-0.02,-0.16
1784033025.856,static,mid,3.6,3.18,0.0,0.07,5,2.92,1.28,0.05
1784033025.856,static,unknown,1.4,7.68,-0.0,0.21,5,6.87,3.32,0.88
1784033025.856,static,unknown,3.5,4.53,0.15,0.27,2,2.82,-3.43,0.89
1784033025.986,unknown,fabric,-1.1,1.65,0.01,1.18,13,1.64,-0.06,-0.16
1784033025.986,static,mid,3.6,3.18,0.0,0.07,5,2.92,1.27,0.05
1784033025.986,static,unknown,1.4,7.68,-0.0,0.21,5,6.86,3.32,0.9
1784033025.986,static,unknown,3.5,4.53,0.15,0.27,2,2.82,-3.43,0.89
1784033026.11,unknown,fabric,-1.1,1.64,0.01,1.18,13,1.63,-0.11,-0.15
1784033026.11,static,mid,3.6,3.18,0.0,0.07,5,2.92,1.28,0.05
1784033026.11,static,unknown,1.4,7.68,-0.0,0.21,5,6.86,3.31,0.91
1784033026.11,static,unknown,3.5,4.53,0.15,0.27,2,2.82,-3.43,0.89
1784033026.23,unknown,fabric,-1.1,1.63,0.01,1.18,13,1.62,-0.12,-0.15
1784033026.23,static,mid,3.6,3.18,0.0,0.07,5,2.91,1.28,0.04
1784033026.23,static,unknown,1.4,7.68,-0.0,0.21,5,6.88,3.28,0.96
1784033026.36,unknown,fabric,-1.1,1.63,0.01,1.18,13,1.62,-0.1,-0.15
1784033026.36,static,mid,3.6,3.18,0.0,0.07,5,2.91,1.29,0.04
1784033026.36,static,unknown,1.4,7.68,-0.0,0.22,5,6.89,3.25,0.99
1784033026.503,unknown,fabric,-1.1,1.64,0.01,1.18,13,1.63,-0.07,-0.15
1784033026.503,static,mid,3.6,3.18,0.0,0.07,5,2.91,1.29,0.04
1784033026.503,static,unknown,1.4,7.69,-0.0,0.22,5,6.89,3.25,1.0
1784033026.622,unknown,fabric,-1.1,1.65,0.01,1.18,13,1.64,-0.04,-0.15
1784033026.622,static,mid,3.6,3.18,0.0,0.07,5,2.91,1.29,0.04
1784033026.622,static,unknown,1.4,7.68,-0.0,0.22,5,6.89,3.27,0.95
1784033026.727,unknown,fabric,-1.1,1.65,0.01,1.18,13,1.65,-0.01,-0.15
1784033026.727,static,mid,3.6,3.18,0.0,0.07,5,2.91,1.29,0.04
1784033026.727,static,unknown,1.4,7.68,-0.0,0.22,5,6.88,3.3,0.92
1784033026.855,unknown,fabric,-1.1,1.66,0.01,1.18,13,1.65,0.0,-0.15
1784033026.855,static,mid,3.6,3.18,0.0,0.07,5,2.91,1.29,0.04
1784033026.855,static,unknown,1.4,7.68,-0.0,0.22,5,6.87,3.32,0.91
1784033026.973,unknown,fabric,-1.1,1.67,0.01,1.18,13,1.66,0.03,-0.15
1784033026.973,static,mid,3.6,3.18,0.0,0.07,5,2.91,1.29,0.04
1784033026.973,static,unknown,1.4,7.68,-0.0,0.22,5,6.86,3.34,0.91
1784033027.084,unknown,fabric,-1.1,1.68,0.01,1.18,13,1.67,0.04,-0.16
1784033027.084,static,mid,3.6,3.18,0.0,0.07,5,2.91,1.29,0.04
1784033027.084,static,unknown,1.4,7.68,-0.0,0.22,5,6.86,3.34,0.9
1784033027.209,unknown,fabric,-1.1,1.68,0.01,1.18,13,1.67,0.05,-0.16
1784033027.209,static,mid,3.6,3.18,0.0,0.07,5,2.91,1.29,0.04
1784033027.209,static,unknown,1.4,7.68,-0.0,0.22,5,6.85,3.35,0.9
1784033027.328,unknown,fabric,-1.1,1.68,0.01,1.18,13,1.67,0.05,-0.16
1784033027.328,static,mid,3.6,3.18,0.0,0.07,5,2.91,1.29,0.05
1784033027.328,static,unknown,1.4,7.68,-0.0,0.22,5,6.85,3.35,0.89
1784033027.413,unknown,fabric,-1.1,1.69,0.01,1.18,13,1.68,0.06,-0.16
1784033027.413,static,mid,3.6,3.18,0.0,0.07,5,2.91,1.29,0.05
1784033027.413,static,unknown,1.3,7.68,-0.0,0.21,5,6.85,3.36,0.88
1784033027.525,unknown,fabric,-1.1,1.68,0.01,1.18,13,1.67,0.05,-0.16
1784033027.525,static,mid,3.6,3.18,0.0,0.07,5,2.91,1.29,0.05
1784033027.525,static,unknown,1.3,7.68,-0.0,0.21,5,6.85,3.36,0.87
1784033027.613,unknown,fabric,-1.1,1.68,0.01,1.18,13,1.67,0.05,-0.16
1784033027.613,static,mid,3.6,3.18,0.0,0.07,5,2.91,1.29,0.05
1784033027.613,static,unknown,1.3,7.68,-0.0,0.21,5,6.85,3.36,0.87
1784033027.726,unknown,fabric,-1.1,1.68,0.01,1.18,13,1.68,0.05,-0.16
1784033027.726,static,mid,3.6,3.18,0.0,0.07,5,2.91,1.29,0.05
1784033027.726,static,unknown,1.3,7.68,-0.0,0.21,5,6.85,3.36,0.86
1784033027.814,unknown,fabric,-1.1,1.69,0.01,1.18,13,1.68,0.04,-0.16
1784033027.814,static,mid,3.6,3.18,0.0,0.07,5,2.91,1.29,0.05
1784033027.814,static,unknown,1.3,7.68,-0.0,0.21,5,6.85,3.36,0.85
1784033027.945,unknown,fabric,-1.1,1.68,0.01,1.18,13,1.67,0.05,-0.16
1784033027.945,static,mid,3.6,3.18,0.0,0.07,5,2.91,1.29,0.05
1784033027.945,static,unknown,1.3,7.68,-0.0,0.21,5,6.86,3.34,0.84
1784033028.062,unknown,fabric,-1.1,1.68,0.01,1.18,13,1.67,0.05,-0.15
1784033028.062,static,mid,3.6,3.18,0.0,0.07,5,2.91,1.29,0.05
1784033028.062,static,unknown,1.3,7.68,-0.0,0.21,5,6.87,3.31,0.84
1784033028.153,unknown,fabric,-1.1,1.67,0.01,1.18,13,1.67,0.06,-0.14
1784033028.153,static,mid,3.6,3.18,0.0,0.07,5,2.91,1.29,0.05
1784033028.153,static,unknown,1.3,7.68,-0.0,0.22,5,6.89,3.28,0.85
1784033028.279,unknown,fabric,-1.1,1.67,0.01,1.18,13,1.67,0.09,-0.13
1784033028.279,static,mid,3.6,3.18,0.0,0.06,5,2.91,1.29,0.05
1784033028.279,static,unknown,1.3,7.68,-0.0,0.22,5,6.91,3.24,0.87
1784033028.372,unknown,fabric,-1.1,1.68,0.01,1.18,13,1.67,0.12,-0.11
1784033028.372,static,mid,3.6,3.18,0.0,0.06,5,2.91,1.29,0.05
1784033028.372,static,unknown,1.3,7.68,-0.0,0.22,5,6.92,3.22,0.89
1784033028.489,unknown,fabric,-1.1,1.68,0.01,1.18,13,1.67,0.13,-0.11
1784033028.489,static,mid,3.6,3.18,0.0,0.06,5,2.91,1.29,0.05
1784033028.489,static,unknown,1.3,7.68,-0.0,0.22,5,6.91,3.22,0.89
1784033028.614,unknown,fabric,-1.1,1.68,0.01,1.18,13,1.67,0.12,-0.12
1784033028.614,static,mid,3.6,3.18,0.0,0.06,5,2.91,1.29,0.05
1784033028.614,static,unknown,1.3,7.68,-0.0,0.22,5,6.91,3.23,0.88
1784033028.727,unknown,fabric,-1.1,1.67,0.01,1.18,13,1.67,0.1,-0.12
1784033028.727,static,mid,3.6,3.18,0.0,0.06,5,2.91,1.29,0.05
1784033028.727,static,unknown,1.3,7.68,-0.0,0.22,5,6.9,3.26,0.87
1784033028.824,unknown,fabric,-1.1,1.68,0.01,1.18,13,1.67,0.08,-0.13
1784033028.824,static,mid,3.6,3.18,0.0,0.06,5,2.91,1.29,0.05
1784033028.824,static,unknown,1.3,7.68,-0.0,0.22,5,6.89,3.27,0.87
1784033028.909,unknown,fabric,-1.1,1.68,0.01,1.18,13,1.67,0.06,-0.14
1784033028.909,static,mid,3.6,3.18,0.0,0.06,5,2.91,1.29,0.05
1784033028.909,static,unknown,1.3,7.67,-0.0,0.22,5,6.88,3.29,0.86
1784033029.021,unknown,fabric,-1.1,1.67,0.01,1.18,13,1.67,0.05,-0.14
1784033029.021,static,mid,3.6,3.18,0.0,0.06,5,2.91,1.29,0.05
1784033029.021,static,unknown,1.3,7.67,-0.0,0.22,5,6.88,3.29,0.86
1784033029.106,unknown,fabric,-1.1,1.67,0.01,1.18,13,1.67,0.04,-0.15
1784033029.106,static,mid,3.6,3.18,0.0,0.06,5,2.91,1.29,0.05
1784033029.106,static,unknown,1.3,7.68,-0.0,0.22,5,6.88,3.3,0.87
1784033029.231,unknown,fabric,-1.1,1.67,0.01,1.18,13,1.66,0.03,-0.15
1784033029.231,static,mid,3.6,3.18,0.0,0.06,5,2.91,1.29,0.05
1784033029.231,static,unknown,1.3,7.68,-0.0,0.22,5,6.88,3.28,0.89
1784033029.328,unknown,fabric,-1.1,1.66,0.01,1.18,13,1.66,0.01,-0.16
1784033029.328,static,mid,3.6,3.18,0.0,0.06,5,2.91,1.29,0.05
1784033029.328,static,unknown,1.3,7.68,-0.0,0.22,5,6.89,3.28,0.91
1784033029.451,unknown,fabric,-1.1,1.65,0.01,1.18,13,1.64,-0.04,-0.15
1784033029.451,static,mid,3.6,3.18,0.0,0.06,5,2.91,1.29,0.05
1784033029.451,static,unknown,1.3,7.68,-0.0,0.22,5,6.88,3.29,0.92
1784033029.564,unknown,fabric,-1.1,1.64,0.01,1.18,13,1.63,-0.07,-0.15
1784033029.564,static,mid,3.6,3.18,0.0,0.06,5,2.91,1.29,0.04
1784033029.564,static,unknown,1.3,7.68,-0.0,0.22,5,6.87,3.3,0.92
1784033029.697,unknown,fabric,-1.1,1.63,0.01,1.18,13,1.62,-0.11,-0.14
1784033029.697,static,mid,3.6,3.18,0.0,0.06,5,2.91,1.29,0.04
1784033029.697,static,unknown,1.3,7.68,-0.0,0.22,5,6.86,3.32,0.93
1784033029.697,pedestrian,metal,15.0,0.57,0.23,0.26,4,0.47,0.32,0.07
1784033029.804,unknown,fabric,-1.1,1.62,0.01,1.18,13,1.61,-0.18,-0.14
1784033029.804,static,mid,3.6,3.18,0.0,0.06,5,2.91,1.29,0.04
1784033029.804,static,unknown,1.3,7.68,-0.0,0.22,5,6.85,3.33,0.92
1784033029.804,pedestrian,metal,4.4,0.54,0.13,0.35,5,0.43,0.32,0.07
1784033029.926,unknown,mid,-1.1,1.62,0.01,1.17,13,1.6,-0.22,-0.14
1784033029.926,static,mid,3.6,3.18,0.0,0.06,5,2.91,1.29,0.04
1784033029.926,static,unknown,1.3,7.68,-0.0,0.22,5,6.85,3.33,0.92
1784033029.926,pedestrian,metal,4.4,0.51,0.07,0.4,6,0.39,0.32,0.07
1784033030.058,unknown,mid,-1.1,1.61,0.01,1.17,13,1.59,-0.23,-0.16
1784033030.058,static,mid,3.6,3.18,0.0,0.06,5,2.91,1.29,0.04
1784033030.058,static,unknown,1.3,7.68,-0.0,0.22,5,6.85,3.33,0.92
1784033030.058,static,metal,3.8,0.5,0.03,0.43,6,0.36,0.35,0.07
1784033030.14,unknown,mid,-1.1,1.6,0.01,1.17,13,1.58,-0.24,-0.17
1784033030.14,static,mid,3.6,3.18,0.0,0.06,5,2.91,1.29,0.04
1784033030.14,static,unknown,1.3,7.68,-0.0,0.22,5,6.85,3.33,0.92
1784033030.14,static,metal,3.8,0.49,0.02,0.42,6,0.32,0.36,0.07
1784033030.218,unknown,mid,-1.1,1.6,0.01,1.17,13,1.57,-0.25,-0.18
1784033030.218,static,mid,3.6,3.18,0.0,0.06,5,2.91,1.29,0.04
1784033030.218,static,unknown,1.3,7.68,-0.0,0.22,5,6.85,3.33,0.92
1784033030.218,static,metal,3.8,0.48,0.01,0.41,6,0.3,0.37,0.07
1784033030.33,unknown,mid,-1.1,1.59,0.01,1.17,13,1.56,-0.24,-0.2
1784033030.33,static,mid,3.6,3.18,0.0,0.06,5,2.91,1.29,0.04
1784033030.33,static,unknown,1.3,7.68,-0.0,0.22,5,6.85,3.33,0.92
1784033030.33,static,metal,3.8,0.46,0.02,0.42,6,0.29,0.35,0.08
1784033030.418,unknown,mid,-1.0,1.58,0.01,1.17,13,1.56,-0.23,-0.19
1784033030.418,static,mid,3.6,3.18,0.0,0.06,5,2.91,1.29,0.04
1784033030.418,static,unknown,1.3,7.68,-0.0,0.22,5,6.85,3.33,0.92
1784033030.418,static,metal,3.8,0.43,0.02,0.43,6,0.28,0.32,0.08
1784033030.55,unknown,mid,-1.0,1.38,0.01,1.17,13,1.36,-0.17,-0.13
1784033030.55,static,mid,3.6,3.18,0.0,0.06,5,2.91,1.29,0.04
1784033030.55,static,unknown,1.3,7.68,-0.0,0.22,5,6.85,3.33,0.92
1784033030.55,static,metal,3.8,0.43,0.02,0.43,6,0.28,0.32,0.08
1784033030.674,unknown,metal,-1.0,1.24,0.01,1.17,13,1.23,-0.13,-0.09
1784033030.674,static,mid,3.6,3.18,0.0,0.06,5,2.91,1.29,0.04
1784033030.674,static,unknown,1.3,7.68,-0.0,0.22,5,6.85,3.33,0.92
1784033030.674,static,metal,3.8,0.43,0.02,0.43,6,0.28,0.32,0.08
1784033030.769,unknown,metal,-0.9,1.14,0.01,1.17,13,1.14,-0.1,-0.06
1784033030.769,static,mid,3.6,3.19,0.0,0.06,5,2.95,1.21,0.16
1784033030.769,static,unknown,1.3,7.68,-0.0,0.22,5,6.85,3.33,0.92
1784033030.769,static,metal,3.8,0.43,0.02,0.43,6,0.28,0.32,0.08
1784033030.894,unknown,metal,0.2,1.09,0.01,1.18,13,1.09,-0.05,-0.06
1784033030.894,static,mid,3.6,3.2,0.0,0.06,5,2.96,1.2,0.21
1784033030.894,static,unknown,1.3,7.67,-0.0,0.22,5,6.87,3.26,1.04
1784033030.894,static,metal,3.8,0.43,0.02,0.43,6,0.28,0.32,0.08
1784033031.018,unknown,metal,0.2,1.28,0.01,1.18,13,1.27,-0.05,-0.09
1784033031.018,static,mid,3.6,3.2,0.0,0.07,5,2.95,1.21,0.22
1784033031.018,static,unknown,1.3,7.67,-0.0,0.22,5,6.88,3.21,1.08
1784033031.018,static,metal,3.3,0.41,0.03,0.43,6,0.29,0.29,0.07
1784033031.104,unknown,metal,0.2,1.4,0.01,1.18,13,1.4,-0.0,-0.11
1784033031.104,static,mid,3.6,3.2,0.0,0.07,5,2.94,1.23,0.23
1784033031.104,static,unknown,1.3,7.67,-0.0,0.23,5,6.89,3.18,1.11
1784033031.104,static,metal,3.3,0.4,0.02,0.43,6,0.29,0.27,0.06
1784033031.236,unknown,metal,0.8,1.3,0.01,1.18,13,1.3,0.05,-0.1
1784033031.236,static,mid,3.6,3.19,0.0,0.07,5,2.92,1.27,0.21
1784033031.236,static,unknown,1.3,7.67,-0.0,0.23,5,6.9,3.16,1.12
1784033031.236,static,metal,3.3,0.4,0.02,0.43,6,0.29,0.27,0.06
1784033031.236,static,fabric,0.2,1.96,0.0,0.44,2,1.03,-1.66,0.11
1784033031.336,unknown,metal,0.8,1.26,0.01,1.18,13,1.25,0.11,-0.09
1784033031.336,static,mid,3.6,3.19,0.0,0.07,5,2.9,1.31,0.18
1784033031.336,static,unknown,1.3,7.67,-0.0,0.23,5,6.91,3.16,1.08
1784033031.336,static,metal,3.3,0.4,0.02,0.43,6,0.29,0.27,0.06
1784033031.336,static,fabric,0.2,1.96,0.0,0.44,2,1.03,-1.66,0.11
1784033031.479,unknown,metal,0.9,1.25,0.01,1.18,13,1.23,0.16,-0.08
1784033031.479,static,mid,3.6,3.19,0.0,0.07,5,2.89,1.34,0.15
1784033031.479,static,unknown,1.3,7.67,-0.0,0.23,5,6.92,3.15,1.05
1784033031.479,static,metal,3.3,0.4,0.02,0.43,6,0.29,0.27,0.06
1784033031.479,static,fabric,0.2,1.96,0.0,0.44,2,1.03,-1.66,0.11
1784033031.608,unknown,metal,0.9,1.24,0.01,1.19,13,1.23,0.18,-0.07
1784033031.608,static,mid,3.6,3.18,0.0,0.07,5,2.88,1.36,0.14
1784033031.608,static,unknown,1.3,7.68,-0.0,0.23,5,6.93,3.14,1.02
1784033031.608,static,metal,3.3,0.4,0.02,0.43,6,0.29,0.27,0.06
1784033031.608,static,fabric,0.2,1.96,0.0,0.44,2,1.03,-1.66,0.11
1784033031.698,unknown,metal,0.9,1.39,0.01,1.19,13,1.38,0.2,-0.08
1784033031.698,static,mid,3.6,3.18,0.0,0.07,5,2.87,1.37,0.13
1784033031.698,static,unknown,1.3,7.68,-0.0,0.23,5,6.93,3.17,0.99
1784033031.698,static,metal,3.3,0.38,0.01,0.41,6,0.27,0.25,0.07
1784033031.698,static,fabric,0.2,1.96,0.0,0.44,2,1.03,-1.66,0.11
1784033031.796,unknown,metal,0.9,1.5,0.01,1.19,13,1.48,0.25,-0.08
1784033031.796,static,mid,3.6,3.18,0.0,0.07,5,2.87,1.38,0.12
1784033031.796,static,unknown,1.3,7.69,-0.0,0.23,5,6.93,3.18,0.98
1784033031.796,static,metal,2.4,0.36,0.0,0.4,6,0.25,0.25,0.08
1784033031.796,static,fabric,0.2,1.96,0.0,0.44,2,1.03,-1.66,0.11
1784033031.898,static,metal,1.2,1.67,0.01,1.19,13,1.63,0.34,-0.07
1784033031.898,static,mid,3.6,3.18,0.0,0.07,5,2.87,1.38,0.12
1784033031.898,static,unknown,1.3,7.69,-0.0,0.23,5,6.92,3.21,0.97
1784033031.898,static,metal,2.4,0.36,-0.0,0.38,6,0.24,0.26,0.08
1784033031.898,static,fabric,0.2,1.96,0.0,0.44,2,1.03,-1.66,0.11
1784033031.999,static,metal,1.2,1.78,0.01,1.19,13,1.74,0.41,-0.07
1784033031.999,static,mid,3.6,3.18,0.0,0.07,5,2.87,1.38,0.12
1784033031.999,static,unknown,1.3,7.69,-0.0,0.23,5,6.91,3.22,0.97
1784033031.999,static,metal,1.7,0.36,-0.01,0.37,6,0.23,0.27,0.08
1784033031.999,static,fabric,0.2,1.96,0.0,0.44,2,1.03,-1.66,0.11
1784033032.112,static,metal,1.2,1.86,0.01,1.2,13,1.8,0.45,-0.07
1784033032.112,static,mid,3.6,3.18,0.0,0.07,5,2.87,1.38,0.12
1784033032.112,static,unknown,1.3,7.69,-0.0,0.23,5,6.92,3.21,0.95
1784033032.112,static,metal,1.7,0.37,-0.01,0.35,6,0.22,0.29,0.08
1784033032.112,static,fabric,0.2,1.96,0.0,0.44,2,1.03,-1.66,0.11
1784033032.213,static,mid,1.2,1.89,0.01,1.2,13,1.84,0.47,-0.07
1784033032.213,static,mid,3.6,3.18,0.0,0.07,5,2.87,1.38,0.12
1784033032.213,static,unknown,1.3,7.68,-0.0,0.23,5,6.92,3.2,0.94
1784033032.213,static,metal,0.9,0.38,-0.01,0.33,6,0.22,0.3,0.07
1784033032.213,static,fabric,0.2,1.96,0.0,0.44,2,1.03,-1.66,0.11
1784033032.295,static,mid,1.2,1.92,0.01,1.2,13,1.86,0.47,-0.08
1784033032.295,static,mid,3.6,3.18,0.0,0.07,5,2.87,1.38,0.12
1784033032.295,static,unknown,1.3,7.68,-0.0,0.24,5,6.93,3.17,0.96
1784033032.295,static,metal,0.9,0.38,-0.0,0.32,5,0.21,0.3,0.07
1784033032.295,static,fabric,0.2,1.96,0.0,0.44,2,1.03,-1.66,0.11
1784033032.409,static,mid,1.2,1.82,0.01,1.2,13,1.78,0.34,-0.11
1784033032.409,static,mid,3.6,3.18,0.0,0.07,5,2.87,1.37,0.11
1784033032.409,static,unknown,1.3,7.68,-0.0,0.24,5,6.93,3.15,0.97
1784033032.409,static,metal,0.9,0.35,0.0,0.31,5,0.21,0.28,0.06
1784033032.409,static,fabric,0.2,1.96,0.0,0.44,2,1.03,-1.66,0.11
1784033032.5,static,mid,1.2,1.68,0.01,1.21,13,1.65,0.27,-0.12
1784033032.5,static,mid,3.6,3.18,0.0,0.07,5,2.87,1.37,0.1
1784033032.5,static,unknown,1.3,7.68,-0.0,0.24,5,6.94,3.14,0.99
1784033032.5,static,metal,0.9,0.35,0.0,0.31,5,0.21,0.28,0.06
1784033032.5,static,fabric,0.2,1.96,0.0,0.44,2,1.03,-1.66,0.11
1784033032.626,unknown,metal,1.2,1.53,0.01,1.21,13,1.51,0.22,-0.11
1784033032.626,static,mid,3.7,3.18,0.0,0.07,5,2.87,1.37,0.11
1784033032.626,static,unknown,1.3,7.68,-0.0,0.24,5,6.93,3.13,1.03
1784033032.626,static,metal,0.9,0.35,0.0,0.31,5,0.21,0.28,0.06
1784033032.626,static,fabric,0.2,1.96,0.0,0.44,2,1.03,-1.66,0.11
1784033032.755,unknown,metal,1.2,1.44,0.01,1.21,13,1.42,0.18,-0.11
1784033032.755,static,mid,3.7,3.18,0.0,0.07,5,2.87,1.37,0.11
1784033032.755,static,unknown,1.3,7.68,-0.0,0.24,5,6.93,3.15,1.04
1784033032.755,static,metal,0.9,0.35,0.0,0.31,5,0.21,0.28,0.06
1784033032.835,unknown,metal,1.2,1.38,0.01,1.21,13,1.37,0.16,-0.12
1784033032.835,static,mid,3.7,3.18,0.0,0.07,5,2.87,1.36,0.12
1784033032.835,static,unknown,1.3,7.68,-0.0,0.24,5,6.93,3.14,1.06
1784033032.835,static,metal,0.9,0.35,0.0,0.31,5,0.21,0.28,0.06
1784033032.959,unknown,metal,1.2,1.35,0.01,1.21,13,1.34,0.15,-0.12
1784033032.959,static,mid,3.7,3.18,0.0,0.07,5,2.88,1.36,0.12
1784033032.959,static,unknown,1.4,7.68,-0.0,0.24,5,6.93,3.13,1.06
1784033032.959,static,metal,0.9,0.35,0.0,0.31,5,0.21,0.28,0.06
1784033032.959,pedestrian,unknown,4.8,4.28,0.51,0.44,4,2.52,-3.45,0.32
1784033033.07,unknown,metal,1.1,1.35,0.01,1.22,14,1.33,0.15,-0.13
1784033033.07,static,mid,3.7,3.18,0.0,0.07,5,2.88,1.36,0.13
1784033033.07,static,unknown,1.4,7.68,-0.0,0.24,5,6.92,3.14,1.06
1784033033.07,static,metal,0.9,0.35,0.0,0.31,5,0.21,0.28,0.06
1784033033.07,pedestrian,unknown,4.8,4.3,0.51,0.45,5,2.52,-3.46,0.31
1784033033.176,unknown,metal,1.1,1.36,0.01,1.22,14,1.34,0.14,-0.14
1784033033.176,static,mid,3.7,3.18,0.0,0.07,5,2.88,1.35,0.13
1784033033.176,static,unknown,1.4,7.68,-0.0,0.24,5,6.91,3.17,1.05
1784033033.176,static,metal,0.9,0.35,0.0,0.31,5,0.21,0.28,0.06
1784033033.176,pedestrian,unknown,4.8,4.33,0.5,0.45,4,2.54,-3.49,0.33
1784033033.314,unknown,metal,0.9,1.46,0.01,1.22,14,1.45,0.16,-0.13
1784033033.314,static,mid,3.7,3.18,0.0,0.07,5,2.88,1.36,0.12
1784033033.314,static,unknown,1.5,7.68,-0.0,0.24,5,6.9,3.2,1.03
1784033033.314,static,metal,0.7,0.36,0.0,0.33,5,0.29,0.21,-0.04
1784033033.314,pedestrian,unknown,4.8,4.37,0.48,0.44,4,2.56,-3.52,0.37
1784033033.437,unknown,metal,0.9,1.54,0.01,1.22,14,1.52,0.17,-0.13
1784033033.437,static,mid,3.7,3.18,0.0,0.07,5,2.87,1.37,0.12
1784033033.437,static,unknown,1.5,7.6,-0.0,0.24,5,6.81,3.22,0.99
1784033033.437,static,metal,0.5,0.38,0.0,0.34,5,0.34,0.13,-0.1
1784033033.437,pedestrian,unknown,4.8,4.41,0.46,0.41,4,2.6,-3.54,0.41
1784033033.585,unknown,metal,0.9,1.59,0.01,1.22,14,1.57,0.18,-0.13
1784033033.585,static,mid,3.7,3.18,0.0,0.07,5,2.87,1.37,0.12
1784033033.585,static,unknown,1.5,7.52,-0.0,0.24,5,6.73,3.22,0.96
1784033033.585,static,metal,0.5,0.44,0.0,0.32,5,0.39,0.15,-0.15
1784033033.585,pedestrian,unknown,4.8,4.44,0.45,0.39,4,2.63,-3.56,0.43
1784033033.73,static,metal,0.9,1.61,0.01,1.22,14,1.6,0.19,-0.13
1784033033.73,static,mid,3.7,3.18,0.0,0.07,5,2.87,1.37,0.12
1784033033.73,static,unknown,1.6,7.47,-0.0,0.25,5,6.67,3.21,0.95
1784033033.73,static,metal,0.5,0.45,0.0,0.34,5,0.4,0.1,-0.17
1784033033.73,pedestrian,unknown,4.8,4.47,0.43,0.37,4,2.62,-3.6,0.39
1784033033.841,static,metal,0.9,1.63,0.01,1.22,14,1.62,0.19,-0.14
1784033033.841,static,mid,3.7,3.18,0.0,0.07,5,2.87,1.37,0.12
1784033033.841,static,unknown,1.6,7.43,-0.0,0.25,5,6.64,3.2,0.94
1784033033.841,static,metal,0.5,0.44,0.0,0.35,5,0.41,0.02,-0.18
1784033033.841,pedestrian,unknown,4.8,4.47,0.43,0.37,4,2.62,-3.6,0.39
1784033033.957,unknown,metal,1.1,1.56,0.01,1.22,14,1.55,0.18,-0.14
1784033033.957,static,mid,3.7,3.18,0.0,0.07,5,2.87,1.37,0.12
1784033033.957,static,unknown,1.6,7.32,-0.0,0.25,5,6.53,3.18,0.95
1784033033.957,static,metal,0.5,0.44,0.0,0.35,5,0.41,0.02,-0.18
1784033033.957,pedestrian,unknown,4.8,4.47,0.43,0.37,4,2.62,-3.6,0.39
1784033034.114,unknown,metal,1.1,1.53,0.01,1.22,14,1.52,0.18,-0.13
1784033034.114,static,mid,3.8,3.18,0.0,0.07,5,2.87,1.37,0.12
1784033034.114,static,unknown,1.6,7.25,-0.0,0.26,5,6.45,3.17,0.94
1784033034.114,static,metal,0.5,0.44,0.0,0.35,5,0.41,0.02,-0.18
1784033034.114,pedestrian,unknown,4.8,4.47,0.43,0.37,4,2.62,-3.6,0.39
1784033034.224,unknown,mid,1.2,1.51,0.01,1.22,14,1.5,0.2,-0.13
1784033034.224,static,mid,3.9,3.18,0.0,0.07,5,2.87,1.37,0.12
1784033034.224,static,unknown,1.7,7.22,-0.0,0.26,5,6.41,3.19,0.93
1784033034.224,static,metal,0.5,0.44,0.0,0.35,5,0.41,0.02,-0.18
1784033034.224,pedestrian,unknown,4.8,4.47,0.43,0.37,4,2.62,-3.6,0.39
1784033034.224,static,unknown,0.7,5.33,0.2,0.73,3,4.4,-2.93,0.66
1784033034.357,unknown,mid,1.3,1.56,0.01,1.22,14,1.55,0.19,-0.12
1784033034.357,static,mid,4.0,3.18,0.0,0.07,5,2.87,1.37,0.12
1784033034.357,static,unknown,1.9,7.21,-0.0,0.27,5,6.39,3.2,0.93
1784033034.357,static,metal,0.5,0.44,0.0,0.35,5,0.41,0.02,-0.18
1784033034.357,pedestrian,unknown,4.8,4.47,0.43,0.37,4,2.62,-3.6,0.39
1784033034.357,static,unknown,0.7,5.33,0.2,0.73,3,4.4,-2.93,0.66
1784033034.488,static,mid,1.3,1.6,0.01,1.22,14,1.58,0.19,-0.11
1784033034.488,static,mid,4.1,3.18,0.0,0.07,5,2.87,1.37,0.12
1784033034.488,static,unknown,1.9,7.31,-0.0,0.27,5,6.49,3.24,0.92
1784033034.488,static,metal,0.5,0.44,0.0,0.35,5,0.41,0.02,-0.18
1784033034.488,pedestrian,unknown,4.8,4.47,0.43,0.37,4,2.62,-3.6,0.39
1784033034.488,static,unknown,0.7,5.33,0.2,0.73,3,4.4,-2.93,0.66
1784033034.595,unknown,mid,1.3,1.57,0.01,1.22,14,1.55,0.19,-0.11
1784033034.595,static,mid,5.1,3.18,0.0,0.07,5,2.87,1.38,0.12
1784033034.595,static,unknown,1.9,7.37,-0.0,0.27,5,6.54,3.26,0.93
1784033034.595,static,metal,0.5,0.44,0.0,0.35,5,0.41,0.02,-0.18
1784033034.595,pedestrian,unknown,4.8,4.47,0.43,0.37,4,2.62,-3.6,0.39
1784033034.595,static,unknown,0.7,5.33,0.2,0.73,3,4.4,-2.93,0.66
1784033034.763,unknown,mid,1.3,1.58,0.01,1.22,14,1.56,0.18,-0.1
1784033034.763,static,mid,5.5,3.18,0.0,0.07,5,2.87,1.38,0.12
1784033034.763,static,unknown,1.9,7.41,-0.0,0.27,5,6.59,3.26,0.94
1784033034.763,static,metal,0.5,0.44,0.0,0.35,5,0.41,0.02,-0.18
1784033034.763,pedestrian,unknown,4.8,4.47,0.43,0.37,4,2.62,-3.6,0.39
1784033034.763,static,unknown,0.7,5.33,0.2,0.73,3,4.4,-2.93,0.66
1784033034.866,unknown,mid,1.3,1.57,0.01,1.23,14,1.55,0.19,-0.1
1784033034.866,static,mid,6.1,3.18,0.0,0.07,5,2.87,1.37,0.12
1784033034.866,static,unknown,2.4,7.39,-0.0,0.28,5,6.57,3.25,0.94
1784033034.866,static,metal,0.5,0.44,0.0,0.35,5,0.41,0.02,-0.18
1784033034.866,pedestrian,unknown,4.8,4.47,0.43,0.37,4,2.62,-3.6,0.39
1784033034.866,static,unknown,0.7,5.33,0.2,0.73,3,4.4,-2.93,0.66
1784033034.994,unknown,mid,1.3,1.54,0.01,1.23,14,1.53,0.2,-0.09
1784033034.994,static,mid,6.3,3.18,0.0,0.07,5,2.87,1.37,0.12
1784033034.994,static,unknown,2.4,7.34,-0.0,0.28,5,6.53,3.22,0.94
1784033034.994,static,metal,0.5,0.44,0.0,0.35,5,0.41,0.02,-0.18
1784033034.994,pedestrian,unknown,4.8,4.47,0.43,0.37,4,2.62,-3.6,0.39
1784033034.994,static,unknown,0.7,5.33,0.2,0.73,3,4.4,-2.93,0.66
1784033035.126,unknown,mid,1.2,1.53,0.01,1.23,14,1.51,0.22,-0.08
1784033035.126,static,mid,6.3,3.18,0.0,0.07,5,2.87,1.36,0.12
1784033035.126,static,unknown,2.6,7.34,-0.0,0.28,5,6.55,3.19,0.93
1784033035.126,static,metal,0.5,0.44,0.0,0.35,5,0.41,0.02,-0.18
1784033035.126,pedestrian,unknown,4.8,4.47,0.43,0.37,4,2.62,-3.6,0.39
1784033035.126,static,unknown,0.7,5.33,0.2,0.73,3,4.4,-2.93,0.66
1784033035.268,unknown,mid,1.0,1.49,0.01,1.23,14,1.47,0.23,-0.07
1784033035.268,static,mid,6.3,3.18,0.0,0.07,5,2.87,1.37,0.12
1784033035.268,static,unknown,2.8,7.31,-0.0,0.28,5,6.52,3.18,0.92
1784033035.268,static,metal,0.5,0.44,0.0,0.35,5,0.41,0.02,-0.18
1784033035.268,static,unknown,0.7,5.33,0.2,0.73,3,4.4,-2.93,0.66
1784033035.407,unknown,mid,1.0,1.45,0.01,1.23,14,1.43,0.23,-0.07
1784033035.407,static,mid,6.3,3.18,0.0,0.07,5,2.87,1.37,0.12
1784033035.407,static,unknown,2.9,7.32,-0.0,0.29,5,6.53,3.19,0.91
1784033035.407,static,unknown,0.7,5.33,0.2,0.73,3,4.4,-2.93,0.66
1784033035.55,unknown,mid,1.0,1.43,0.01,1.24,14,1.41,0.2,-0.07
1784033035.55,static,mid,6.3,3.18,0.0,0.07,5,2.87,1.38,0.12
1784033035.55,static,unknown,3.2,7.34,-0.0,0.29,5,6.53,3.22,0.92
1784033035.55,static,unknown,0.7,5.33,0.2,0.73,3,4.4,-2.93,0.66
1784033035.681,static,mid,0.9,1.53,0.01,1.24,14,1.5,0.27,-0.06
1784033035.681,static,mid,6.3,3.18,0.0,0.07,5,2.87,1.38,0.12
1784033035.681,static,unknown,3.3,7.31,-0.0,0.29,5,6.49,3.23,0.9
1784033035.681,static,unknown,0.7,5.33,0.2,0.73,3,4.4,-2.93,0.66
1784033035.828,static,mid,0.9,1.52,0.01,1.24,14,1.5,0.26,-0.08
1784033035.828,static,mid,6.3,3.18,0.0,0.07,5,2.86,1.38,0.12
1784033035.828,static,unknown,3.4,7.31,-0.0,0.3,5,6.48,3.24,0.89
1784033035.97,static,mid,0.9,1.53,0.01,1.25,14,1.5,0.27,-0.09
1784033035.97,static,mid,6.3,3.18,0.0,0.07,5,2.86,1.38,0.11
1784033035.97,static,unknown,3.4,7.29,-0.0,0.3,5,6.47,3.25,0.85
1784033036.101,static,mid,-0.1,1.56,0.01,1.25,14,1.53,0.31,-0.11
1784033036.101,static,mid,6.3,3.18,0.0,0.07,5,2.86,1.39,0.11
1784033036.101,static,unknown,3.5,7.32,-0.0,0.3,5,6.5,3.26,0.82
1784033036.239,static,mid,-0.1,1.58,0.01,1.25,14,1.54,0.35,-0.12
1784033036.239,static,mid,6.4,3.18,0.0,0.07,5,2.86,1.38,0.12
1784033036.239,static,unknown,3.5,7.44,-0.0,0.3,5,6.62,3.3,0.85
1784033036.329,static,mid,-0.4,1.59,0.01,1.25,14,1.54,0.36,-0.13
1784033036.329,static,mid,6.4,3.18,0.0,0.07,5,2.87,1.37,0.12
1784033036.329,static,unknown,3.5,7.43,-0.0,0.31,5,6.61,3.29,0.82
1784033036.463,static,mid,-0.8,1.57,0.01,1.25,14,1.52,0.36,-0.14
1784033036.463,static,mid,6.4,3.18,0.0,0.07,5,2.88,1.35,0.12
1784033036.463,static,unknown,3.5,7.45,-0.0,0.31,5,6.64,3.29,0.83
1784033036.608,static,mid,-0.4,1.54,0.01,1.25,14,1.49,0.34,-0.15
1784033036.608,static,mid,6.4,3.18,0.0,0.07,5,2.88,1.35,0.13
1784033036.608,static,unknown,3.6,7.42,-0.0,0.31,5,6.61,3.27,0.84
1784033036.752,static,mid,-0.8,1.52,0.01,1.26,14,1.48,0.29,-0.14
1784033036.752,static,mid,6.4,3.18,0.0,0.07,5,2.88,1.35,0.12
1784033036.752,static,unknown,3.6,7.36,-0.0,0.32,5,6.56,3.23,0.87
1784033036.893,static,mid,-0.4,1.5,0.01,1.26,14,1.47,0.26,-0.13
1784033036.893,static,mid,6.4,3.18,0.0,0.07,5,2.87,1.37,0.12
1784033036.893,static,unknown,3.7,7.3,-0.0,0.32,5,6.5,3.2,0.89
1784033037.03,unknown,mid,-0.8,1.48,0.01,1.26,14,1.46,0.24,-0.12
1784033037.03,static,mid,6.4,3.18,0.0,0.07,5,2.87,1.37,0.12
1784033037.03,static,unknown,3.7,7.25,-0.0,0.32,5,6.45,3.19,0.9
1784033037.173,unknown,mid,-0.8,1.49,0.01,1.26,14,1.47,0.23,-0.11
1784033037.173,static,mid,6.4,3.18,0.0,0.07,5,2.87,1.36,0.12
1784033037.173,static,unknown,3.7,7.19,-0.0,0.33,5,6.39,3.17,0.91
1784033037.305,unknown,mid,-0.8,1.5,0.01,1.26,14,1.48,0.24,-0.1
1784033037.305,static,mid,6.4,3.18,0.0,0.07,5,2.88,1.36,0.12
1784033037.305,static,unknown,3.8,7.18,-0.0,0.33,5,6.38,3.17,0.93
1784033037.441,static,mid,-0.8,1.53,0.01,1.27,14,1.51,0.23,-0.11
1784033037.441,static,mid,6.4,3.18,0.0,0.07,5,2.88,1.35,0.13
1784033037.441,static,unknown,3.7,7.22,-0.0,0.34,5,6.41,3.18,0.95
1784033037.557,static,mid,-0.4,1.58,0.01,1.27,14,1.56,0.22,-0.11
1784033037.557,static,mid,6.4,3.18,0.0,0.07,5,2.88,1.35,0.12
1784033037.557,static,unknown,3.7,7.38,-0.0,0.34,5,6.57,3.22,0.97
1784033037.677,static,mid,-0.4,1.59,0.01,1.27,14,1.57,0.2,-0.11
1784033037.677,static,mid,6.4,3.18,0.0,0.07,5,2.88,1.35,0.12
1784033037.677,static,unknown,3.7,7.48,-0.0,0.34,5,6.66,3.27,0.97
1784033037.814,unknown,mid,-0.4,1.59,0.01,1.27,14,1.58,0.18,-0.12
1784033037.814,static,mid,6.5,3.18,0.0,0.07,5,2.88,1.35,0.12
1784033037.814,static,unknown,3.7,7.55,-0.0,0.34,5,6.73,3.29,0.98
1784033037.945,unknown,mid,-0.4,1.57,0.01,1.27,14,1.56,0.17,-0.11
1784033037.945,static,mid,6.5,3.18,0.0,0.07,5,2.88,1.35,0.12
1784033037.945,static,unknown,3.7,7.6,-0.0,0.34,5,6.79,3.26,1.0
1784033038.08,unknown,mid,-0.3,1.56,0.01,1.27,14,1.55,0.16,-0.12
1784033038.08,static,mid,6.5,3.18,0.0,0.07,5,2.88,1.35,0.12
1784033038.08,static,unknown,3.7,7.63,-0.0,0.34,5,6.83,3.25,1.01
1784033038.208,unknown,mid,-0.2,1.58,0.01,1.27,14,1.56,0.15,-0.12
1784033038.208,static,mid,6.5,3.18,0.0,0.07,5,2.88,1.35,0.12
1784033038.208,static,unknown,3.7,7.65,-0.0,0.34,5,6.86,3.22,1.02
1784033038.313,unknown,mid,-0.2,1.58,0.01,1.27,14,1.57,0.15,-0.12
1784033038.313,static,mid,6.5,3.18,0.0,0.07,5,2.88,1.34,0.12
1784033038.313,static,unknown,3.7,7.66,-0.0,0.34,5,6.88,3.2,1.03
1784033038.435,unknown,mid,0.2,1.61,0.01,1.27,14,1.6,0.14,-0.13
1784033038.435,static,mid,6.5,3.18,0.0,0.07,5,2.88,1.34,0.13
1784033038.435,static,unknown,3.7,7.67,-0.0,0.34,5,6.88,3.22,1.02
1784033038.577,unknown,mid,1.2,1.63,0.01,1.27,14,1.62,0.12,-0.14
1784033038.577,static,mid,6.5,3.18,0.0,0.07,5,2.89,1.33,0.13
1784033038.577,static,unknown,3.7,7.67,-0.0,0.34,5,6.89,3.22,1.03
1784033038.718,unknown,mid,1.2,1.64,0.01,1.27,14,1.63,0.11,-0.14
1784033038.718,static,mid,6.5,3.18,0.0,0.07,5,2.89,1.32,0.13
1784033038.718,static,unknown,3.7,7.68,-0.0,0.34,5,6.89,3.23,1.02
1784033038.816,unknown,mid,1.3,1.64,0.01,1.27,14,1.64,0.09,-0.14
1784033038.816,static,mid,6.5,3.18,0.0,0.07,5,2.89,1.33,0.13
1784033038.816,static,unknown,3.7,7.68,-0.0,0.34,5,6.88,3.26,1.01
1784033038.963,unknown,mid,1.3,1.65,0.01,1.27,14,1.64,0.1,-0.13
1784033038.963,static,mid,6.5,3.18,0.0,0.07,5,2.89,1.33,0.13
1784033038.963,static,unknown,3.7,7.68,-0.0,0.34,5,6.87,3.28,1.0
1784033039.087,unknown,fabric,1.3,1.65,0.01,1.27,14,1.64,0.11,-0.13
1784033039.087,static,mid,6.5,3.18,0.0,0.07,5,2.88,1.35,0.13
1784033039.087,static,unknown,3.7,7.68,-0.0,0.33,5,6.86,3.31,0.98
1784033039.216,unknown,fabric,1.3,1.65,0.01,1.27,14,1.64,0.11,-0.13
1784033039.216,static,mid,6.5,3.18,0.0,0.07,5,2.87,1.36,0.12
1784033039.216,static,unknown,3.8,7.68,-0.0,0.33,5,6.86,3.31,0.98
1784033039.304,unknown,fabric,1.3,1.65,0.01,1.27,14,1.64,0.11,-0.13
1784033039.304,static,mid,6.5,3.18,0.0,0.07,5,2.87,1.37,0.12
1784033039.304,static,unknown,3.8,7.68,-0.0,0.33,5,6.86,3.31,0.98
1784033039.435,unknown,fabric,1.3,1.65,0.01,1.27,14,1.64,0.1,-0.13
1784033039.435,static,mid,6.5,3.18,0.0,0.07,5,2.87,1.37,0.12
1784033039.435,static,unknown,3.8,7.68,-0.0,0.33,5,6.86,3.31,0.98
1784033039.529,unknown,fabric,1.3,1.65,0.01,1.27,14,1.64,0.09,-0.13
1784033039.529,static,mid,6.5,3.18,0.0,0.07,5,2.87,1.38,0.12
1784033039.529,static,unknown,3.8,7.68,-0.0,0.33,5,6.85,3.32,0.98
1784033039.665,unknown,fabric,1.3,1.65,0.01,1.27,14,1.64,0.09,-0.13
1784033039.665,static,mid,6.5,3.18,0.0,0.07,5,2.87,1.37,0.12
1784033039.665,static,unknown,3.8,7.68,-0.0,0.33,5,6.86,3.31,0.98
1784033039.788,unknown,fabric,1.3,1.65,0.01,1.27,14,1.65,0.08,-0.13
1784033039.788,static,mid,6.5,3.18,0.0,0.07,5,2.88,1.36,0.13
1784033039.788,static,unknown,3.8,7.68,-0.0,0.33,5,6.86,3.31,0.98
1784033039.897,unknown,fabric,1.3,1.65,0.01,1.27,14,1.65,0.08,-0.13
1784033039.897,static,mid,6.5,3.18,0.0,0.08,5,2.87,1.36,0.12
1784033039.897,static,unknown,3.7,7.68,-0.0,0.33,5,6.86,3.31,0.98
1784033040.014,unknown,fabric,1.3,1.66,0.01,1.27,14,1.65,0.07,-0.13
1784033040.014,static,mid,6.5,3.18,0.0,0.08,5,2.88,1.36,0.13
1784033040.014,static,unknown,3.7,7.68,-0.0,0.33,5,6.87,3.29,0.99
1784033040.129,unknown,fabric,1.3,1.66,0.01,1.27,14,1.65,0.1,-0.13
1784033040.129,static,mid,6.5,3.18,0.0,0.08,5,2.87,1.36,0.12
1784033040.129,static,unknown,3.7,7.68,-0.0,0.33,5,6.87,3.28,0.99
1784033040.224,unknown,fabric,1.3,1.65,0.01,1.27,14,1.65,0.12,-0.12
1784033040.224,static,mid,6.5,3.18,0.0,0.08,5,2.88,1.36,0.13
1784033040.224,static,unknown,3.7,7.68,-0.0,0.33,5,6.88,3.26,1.0
1784033040.353,unknown,fabric,1.3,1.65,0.01,1.27,14,1.64,0.13,-0.11
1784033040.353,static,mid,6.5,3.18,0.0,0.08,5,2.88,1.35,0.13
1784033040.353,static,unknown,3.7,7.68,-0.0,0.33,5,6.9,3.23,1.01
1784033040.459,unknown,fabric,1.4,1.66,0.01,1.27,14,1.65,0.14,-0.11
1784033040.459,static,mid,6.6,3.18,0.0,0.08,5,2.88,1.35,0.13
1784033040.459,static,unknown,3.7,7.68,-0.0,0.33,5,6.9,3.22,1.01
1784033040.572,unknown,fabric,1.4,1.66,0.01,1.27,14,1.65,0.14,-0.11
1784033040.572,static,mid,6.6,3.18,0.0,0.08,5,2.88,1.34,0.13
1784033040.572,static,unknown,3.7,7.68,-0.0,0.33,5,6.9,3.22,1.02
1784033040.701,unknown,fabric,1.4,1.66,0.01,1.27,14,1.65,0.11,-0.12
1784033040.701,static,mid,6.6,3.18,0.0,0.08,5,2.89,1.34,0.13
1784033040.701,static,unknown,3.7,7.68,-0.0,0.33,5,6.89,3.24,1.01
1784033040.798,unknown,fabric,1.4,1.66,0.01,1.27,14,1.65,0.09,-0.13
1784033040.798,static,mid,6.6,3.18,0.0,0.08,5,2.88,1.34,0.13
1784033040.798,static,unknown,3.7,7.68,-0.0,0.33,5,6.88,3.26,1.01
1784033040.931,unknown,fabric,1.4,1.66,0.01,1.27,14,1.65,0.09,-0.13
1784033040.931,static,mid,6.6,3.18,0.0,0.08,5,2.88,1.34,0.13
1784033040.931,static,unknown,3.7,7.68,-0.0,0.33,5,6.87,3.3,0.99
1784033041.047,unknown,fabric,1.4,1.66,0.01,1.27,14,1.65,0.1,-0.13
1784033041.047,static,mid,6.6,3.18,0.0,0.08,5,2.88,1.35,0.12
1784033041.047,static,unknown,3.7,7.68,-0.0,0.33,5,6.86,3.32,0.97
1784033041.149,unknown,fabric,1.4,1.64,0.01,1.27,14,1.63,0.14,-0.13
1784033041.149,static,mid,6.6,3.18,0.0,0.08,5,2.88,1.35,0.13
1784033041.149,static,unknown,3.7,7.68,-0.0,0.33,5,6.85,3.33,0.95
1784033041.274,static,mid,1.4,1.63,0.01,1.27,14,1.62,0.18,-0.12
1784033041.274,static,mid,6.6,3.18,0.0,0.08,5,2.88,1.34,0.13
1784033041.274,static,unknown,3.7,7.68,-0.0,0.33,5,6.85,3.34,0.95
1784033041.366,static,mid,1.4,1.61,0.01,1.27,14,1.59,0.21,-0.12
1784033041.366,static,mid,6.6,3.18,0.0,0.08,5,2.88,1.35,0.13
1784033041.366,static,unknown,3.7,7.68,-0.0,0.33,5,6.84,3.35,0.95
1784033041.495,static,mid,1.4,1.57,0.01,1.27,14,1.55,0.22,-0.11
1784033041.495,static,mid,6.6,3.18,0.0,0.08,5,2.88,1.35,0.13
1784033041.495,static,unknown,3.7,7.68,-0.0,0.33,5,6.84,3.35,0.96
1784033041.61,static,mid,1.4,1.52,0.01,1.27,14,1.5,0.24,-0.11
1784033041.61,static,mid,6.6,3.18,0.0,0.08,5,2.88,1.34,0.13
1784033041.61,static,unknown,3.7,7.68,-0.0,0.33,5,6.85,3.34,0.97
1784033041.728,unknown,mid,1.5,1.47,0.01,1.27,14,1.45,0.25,-0.1
1784033041.728,static,mid,6.6,3.18,0.0,0.08,5,2.88,1.34,0.13
1784033041.728,static,unknown,3.6,7.68,-0.0,0.32,5,6.85,3.33,0.98
1784033041.728,static,unknown,3.6,5.75,0.24,0.62,2,4.9,2.93,0.73
1784033041.728,static,fabric,-1.0,2.81,-0.24,0.33,2,1.49,-2.2,0.92
1784033041.85,unknown,mid,1.5,1.43,0.01,1.27,14,1.4,0.25,-0.09
1784033041.85,static,mid,6.6,3.18,0.0,0.08,5,2.88,1.35,0.13
1784033041.85,static,unknown,3.6,7.68,-0.0,0.32,5,6.86,3.3,0.99
1784033041.85,static,unknown,3.6,5.75,0.24,0.62,2,4.9,2.93,0.73
1784033041.85,static,fabric,-1.0,2.81,-0.24,0.33,2,1.49,-2.2,0.92
1784033041.949,unknown,mid,1.5,1.4,0.01,1.27,14,1.37,0.26,-0.08
1784033041.949,static,mid,6.6,3.18,0.0,0.08,5,2.88,1.35,0.12
1784033041.949,static,unknown,3.6,7.68,-0.0,0.32,5,6.87,3.27,1.0
1784033041.949,static,unknown,3.6,5.75,0.24,0.62,2,4.9,2.93,0.73
1784033041.949,static,fabric,-1.0,2.81,-0.24,0.33,2,1.49,-2.2,0.92
1784033042.068,unknown,mid,1.5,1.39,0.01,1.28,14,1.36,0.26,-0.08
1784033042.068,static,mid,6.6,3.18,0.0,0.08,5,2.88,1.36,0.12
1784033042.068,static,unknown,3.6,7.68,-0.0,0.32,5,6.88,3.26,1.0
1784033042.068,static,unknown,3.6,5.75,0.24,0.62,2,4.9,2.93,0.73
1784033042.068,static,fabric,-1.0,2.81,-0.24,0.33,2,1.49,-2.2,0.92
1784033042.198,unknown,mid,1.5,1.42,0.01,1.28,14,1.4,0.24,-0.09
1784033042.198,static,mid,6.6,3.18,0.0,0.08,5,2.87,1.36,0.12
1784033042.198,static,unknown,3.6,7.68,-0.0,0.32,5,6.89,3.24,1.01
1784033042.198,static,unknown,3.6,5.75,0.24,0.62,2,4.9,2.93,0.73
1784033042.198,static,fabric,-1.0,2.81,-0.24,0.33,2,1.49,-2.2,0.92
1784033042.321,unknown,mid,1.5,1.48,0.01,1.28,14,1.46,0.21,-0.1
1784033042.321,static,mid,6.6,3.18,0.0,0.08,5,2.87,1.37,0.12
1784033042.321,static,unknown,3.6,7.68,-0.0,0.32,5,6.89,3.24,1.01
1784033042.321,static,unknown,3.6,5.75,0.24,0.62,2,4.9,2.93,0.73
1784033042.321,static,fabric,-1.0,2.81,-0.24,0.33,2,1.49,-2.2,0.92
1784033042.421,unknown,mid,1.4,1.54,0.01,1.28,14,1.53,0.18,-0.11
1784033042.421,static,mid,6.6,3.18,0.0,0.08,5,2.87,1.37,0.11
1784033042.421,static,unknown,3.6,7.68,-0.0,0.32,5,6.9,3.23,1.02
1784033042.421,static,unknown,3.6,5.75,0.24,0.62,2,4.9,2.93,0.73
1784033042.421,static,fabric,-1.0,2.81,-0.24,0.33,2,1.49,-2.2,0.92
1784033042.546,unknown,mid,1.4,1.58,0.01,1.28,14,1.57,0.15,-0.12
1784033042.546,static,mid,6.6,3.18,0.0,0.08,5,2.87,1.37,0.11
1784033042.546,static,unknown,3.6,7.68,-0.0,0.32,5,6.89,3.24,1.02
1784033042.546,static,unknown,3.6,5.75,0.24,0.62,2,4.9,2.93,0.73
1784033042.546,static,fabric,-1.0,2.81,-0.24,0.33,2,1.49,-2.2,0.92
1784033042.661,unknown,mid,1.4,1.56,0.01,1.28,14,1.55,0.15,-0.12
1784033042.661,static,mid,6.6,3.18,0.0,0.08,5,2.87,1.37,0.11
1784033042.661,static,unknown,3.7,7.68,-0.0,0.32,5,6.89,3.23,1.03
1784033042.661,static,unknown,3.6,5.75,0.24,0.62,2,4.9,2.93,0.73
1784033042.661,static,fabric,-1.0,2.81,-0.24,0.33,2,1.49,-2.2,0.92
1784033042.757,unknown,mid,1.4,1.52,0.01,1.28,14,1.51,0.15,-0.12
1784033042.757,static,mid,6.6,3.18,0.0,0.08,5,2.87,1.37,0.11
1784033042.757,static,unknown,3.7,7.68,-0.0,0.32,5,6.9,3.21,1.04
1784033042.757,static,unknown,3.6,5.75,0.24,0.62,2,4.9,2.93,0.73
1784033042.757,static,fabric,-1.0,2.81,-0.24,0.33,2,1.49,-2.2,0.92
1784033042.847,unknown,mid,1.4,1.5,0.01,1.28,14,1.49,0.15,-0.12
1784033042.847,static,mid,6.6,3.18,0.0,0.08,5,2.87,1.37,0.12
1784033042.847,static,unknown,3.7,7.68,-0.0,0.32,5,6.89,3.21,1.05
1784033042.847,static,unknown,3.6,5.75,0.24,0.62,2,4.9,2.93,0.73
1784033042.847,static,fabric,-1.0,2.81,-0.24,0.33,2,1.49,-2.2,0.92
1784033042.97,unknown,mid,1.4,1.49,0.01,1.28,14,1.48,0.15,-0.12
1784033042.97,static,mid,6.6,3.18,0.0,0.08,5,2.87,1.38,0.12
1784033042.97,static,unknown,3.7,7.68,-0.0,0.32,5,6.89,3.23,1.04
1784033042.97,static,unknown,3.6,5.75,0.24,0.62,2,4.9,2.93,0.73
1784033042.97,static,fabric,-1.0,2.81,-0.24,0.33,2,1.49,-2.2,0.92
1784033043.095,unknown,mid,1.4,1.45,0.01,1.28,14,1.44,0.14,-0.11
1784033043.095,static,mid,6.6,3.18,0.0,0.08,5,2.86,1.38,0.11
1784033043.095,static,unknown,3.7,7.56,-0.0,0.33,5,6.77,3.22,1.0
1784033043.095,static,unknown,3.6,5.75,0.24,0.62,2,4.9,2.93,0.73
1784033043.095,static,fabric,-1.0,2.81,-0.24,0.33,2,1.49,-2.2,0.92
1784033043.183,unknown,mid,1.4,1.43,0.01,1.29,14,1.42,0.13,-0.11
1784033043.183,static,mid,6.6,3.18,0.0,0.08,5,2.87,1.38,0.12
1784033043.183,static,unknown,3.7,7.49,-0.0,0.33,5,6.69,3.22,0.97
1784033043.183,static,unknown,3.6,5.75,0.24,0.62,2,4.9,2.93,0.73
1784033043.183,static,fabric,-1.0,2.81,-0.24,0.33,2,1.49,-2.2,0.92
1784033043.299,unknown,mid,1.4,1.41,0.01,1.29,14,1.4,0.13,-0.11
1784033043.299,static,mid,6.6,3.18,0.0,0.08,5,2.87,1.37,0.12
1784033043.299,static,unknown,3.7,7.49,-0.0,0.33,5,6.69,3.22,0.98
1784033043.394,unknown,mid,1.4,1.38,0.01,1.29,14,1.37,0.14,-0.1
1784033043.394,static,mid,6.6,3.18,0.0,0.08,5,2.87,1.36,0.12
1784033043.394,static,unknown,3.6,7.44,-0.0,0.34,5,6.62,3.25,1.01
1784033043.524,unknown,mid,1.4,1.38,0.01,1.29,14,1.37,0.14,-0.1
1784033043.524,static,mid,6.6,3.18,0.0,0.08,5,2.88,1.35,0.13
1784033043.524,static,unknown,3.6,7.42,-0.0,0.34,5,6.58,3.26,1.03
1784033043.625,unknown,mid,1.3,1.39,0.01,1.29,14,1.38,0.15,-0.1
1784033043.625,static,mid,6.6,3.18,0.0,0.08,5,2.89,1.34,0.13
1784033043.625,static,unknown,3.6,7.51,-0.0,0.34,5,6.7,3.23,1.03
1784033043.743,unknown,mid,1.3,1.42,0.01,1.29,14,1.4,0.16,-0.1
1784033043.743,static,mid,6.6,3.18,0.0,0.08,5,2.88,1.34,0.13
1784033043.743,static,unknown,3.6,7.46,-0.0,0.34,5,6.63,3.24,1.04
1784033043.859,unknown,mid,1.4,1.45,0.01,1.29,14,1.44,0.16,-0.1
1784033043.859,static,mid,6.6,3.18,0.0,0.08,5,2.89,1.34,0.13
1784033043.859,static,unknown,3.6,7.47,-0.0,0.35,5,6.66,3.21,1.02
1784033043.96,unknown,mid,1.4,1.46,0.01,1.29,14,1.44,0.17,-0.1
1784033043.96,static,mid,6.6,3.18,0.0,0.08,5,2.88,1.34,0.13
1784033043.96,static,unknown,3.6,7.47,-0.0,0.35,5,6.68,3.19,1.0
1784033044.074,unknown,mid,1.4,1.46,0.01,1.29,14,1.44,0.18,-0.11
1784033044.074,static,mid,6.6,3.18,0.0,0.08,5,2.88,1.34,0.13
1784033044.074,static,unknown,3.6,7.48,-0.0,0.35,5,6.7,3.18,0.99
1784033044.173,unknown,mid,1.4,1.46,0.01,1.29,14,1.45,0.18,-0.11
1784033044.173,static,mid,6.6,3.18,0.0,0.08,5,2.88,1.35,0.13
1784033044.173,static,unknown,3.6,7.55,-0.0,0.35,5,6.77,3.19,0.99
1784033044.261,unknown,mid,1.4,1.47,0.01,1.3,14,1.46,0.18,-0.11
1784033044.261,static,mid,6.6,3.18,0.0,0.08,5,2.88,1.35,0.13
1784033044.261,static,unknown,3.5,7.59,-0.0,0.35,5,6.81,3.2,0.98
1784033044.366,unknown,mid,1.4,1.47,0.01,1.3,14,1.46,0.19,-0.11
1784033044.366,static,mid,6.6,3.18,0.0,0.08,5,2.88,1.36,0.13
1784033044.366,static,unknown,3.5,7.62,-0.0,0.35,5,6.84,3.22,0.97
1784033044.469,unknown,mid,1.4,1.47,0.01,1.3,14,1.45,0.19,-0.11
1784033044.469,static,mid,6.6,3.18,0.0,0.08,5,2.87,1.36,0.12
1784033044.469,static,unknown,3.5,7.57,-0.0,0.35,5,6.78,3.24,0.95
1784033044.575,unknown,mid,1.4,1.47,0.01,1.3,14,1.46,0.19,-0.11
1784033044.575,static,mid,6.6,3.18,0.0,0.08,5,2.87,1.37,0.12
1784033044.575,static,unknown,3.5,7.5,-0.0,0.36,5,6.71,3.22,0.94
1784033044.684,unknown,mid,1.3,1.47,0.01,1.3,14,1.45,0.2,-0.11
1784033044.684,static,mid,6.6,3.18,0.0,0.08,5,2.87,1.38,0.12
1784033044.684,static,unknown,3.5,7.45,-0.0,0.36,5,6.66,3.2,0.92
1784033044.816,unknown,mid,1.3,1.46,0.01,1.3,14,1.44,0.21,-0.11
1784033044.816,static,mid,6.6,3.18,0.0,0.08,5,2.87,1.37,0.12
1784033044.816,static,unknown,3.5,7.41,-0.0,0.36,5,6.62,3.21,0.91
1784033044.901,unknown,mid,1.3,1.43,0.01,1.3,14,1.41,0.23,-0.1
1784033044.901,static,mid,6.6,3.18,0.0,0.08,5,2.87,1.37,0.12
1784033044.901,static,unknown,3.5,7.39,-0.0,0.36,5,6.6,3.2,0.91
1784033045.031,unknown,mid,1.0,1.41,0.01,1.3,15,1.38,0.25,-0.09
1784033045.031,static,mid,6.6,3.18,0.0,0.08,5,2.87,1.37,0.12
1784033045.031,static,unknown,3.5,7.44,-0.0,0.36,5,6.65,3.19,0.92
