t,frame,x,y,z,doppler,snr_db,noise_db
1784032764.133,1,1.495,-0.191,-0.242,0.0,12.8,62.6
1784032764.133,1,1.535,0.894,-0.212,0.0,12.4,67.0
1784032764.133,1,1.643,0.96,-0.254,0.0,15.7,72.1
1784032764.133,1,2.788,1.614,0.211,0.0,21.4,73.8
1784032764.133,1,6.498,3.839,1.412,0.0,14.6,63.8
1784032764.133,1,5.229,-6.021,0.921,0.0,12.4,65.3
1784032764.195,2,1.493,-0.196,-0.446,0.0,12.6,62.9
1784032764.195,2,1.536,0.894,-0.202,0.0,11.8,67.5
1784032764.195,2,1.643,0.96,-0.255,0.0,15.4,72.4
1784032764.195,2,2.725,1.715,0.236,0.0,21.5,73.8
1784032764.195,2,6.317,4.079,1.554,0.0,14.7,63.8
1784032764.195,2,5.231,-6.021,0.913,0.0,12.5,65.2
1784032764.316,3,1.499,-0.191,-0.22,0.0,11.9,63.3
1784032764.316,3,1.537,0.894,-0.192,0.0,11.7,67.6
1784032764.316,3,1.644,0.96,-0.245,0.0,15.3,72.6
1784032764.316,3,2.725,1.715,0.239,0.0,21.4,73.9
1784032764.316,3,6.475,3.839,1.516,0.0,15.1,63.4
1784032764.316,3,5.232,-6.021,0.906,0.0,12.6,65.2
1784032764.436,4,0.535,0.038,-0.292,0.0,14.2,62.7
1784032764.436,4,1.504,-0.191,-0.186,0.0,13.0,62.2
1784032764.436,4,1.535,0.894,-0.208,0.0,12.4,66.9
1784032764.436,4,1.679,0.9,-0.237,0.0,15.6,72.3
1784032764.436,4,2.726,1.715,0.23,0.0,21.6,73.7
1784032764.436,4,6.485,3.839,1.47,0.0,15.0,63.7
1784032764.436,4,5.499,-5.77,0.955,0.0,12.6,65.2
1784032764.499,5,1.497,-0.143,-0.263,0.0,12.8,62.4
1784032764.499,5,1.535,0.894,-0.205,0.0,12.7,66.7
1784032764.499,5,1.643,0.96,-0.255,0.0,15.6,72.3
1784032764.499,5,2.725,1.715,0.236,0.0,21.6,73.7
1784032764.499,5,6.327,4.079,1.513,0.0,15.0,63.6
1784032764.499,5,5.234,-6.021,0.895,0.0,12.4,65.4
1784032764.621,6,1.496,-0.191,-0.241,0.0,12.9,62.4
1784032764.621,6,1.535,0.894,-0.208,0.0,12.4,67.0
1784032764.621,6,1.644,0.96,-0.25,0.0,15.4,72.4
1784032764.621,6,2.788,1.614,0.215,0.0,21.5,73.8
1784032764.621,6,6.496,3.839,1.421,0.0,15.0,63.6
1784032764.621,6,5.503,-5.77,0.931,0.0,12.7,65.1
1784032764.723,7,1.484,-0.245,-0.453,0.0,13.1,62.2
1784032764.723,7,1.537,0.894,-0.194,0.0,12.6,66.7
1784032764.723,7,1.643,0.96,-0.253,0.0,15.6,72.2
1784032764.723,7,2.788,1.614,0.215,0.0,21.7,73.5
1784032764.723,7,6.488,3.839,1.458,0.0,14.9,63.4
1784032764.723,7,5.513,-5.77,0.873,0.0,12.2,65.6
1784032764.823,8,1.506,-0.245,-0.371,0.0,12.9,62.6
1784032764.823,8,1.536,0.894,-0.199,0.0,12.4,67.0
1784032764.823,8,1.644,0.96,-0.246,0.0,15.4,72.4
1784032764.823,8,2.726,1.715,0.229,0.0,21.6,73.6
1784032764.823,8,6.516,3.839,1.327,0.0,14.4,64.0
1784032764.823,8,5.227,-6.021,0.934,0.0,11.8,65.9
1784032764.925,9,1.492,-0.245,-0.426,0.0,13.3,62.3
1784032764.925,9,1.534,0.894,-0.217,0.0,12.2,67.2
1784032764.925,9,1.679,0.9,-0.24,0.0,15.2,72.7
1784032764.925,9,2.726,1.715,0.22,0.0,21.7,73.5
1784032764.925,9,6.517,3.839,1.321,0.0,14.3,64.3
1784032764.925,9,5.504,-5.77,0.927,0.0,12.0,65.7
1784032765.026,10,1.476,-0.245,-0.478,0.0,13.2,62.5
1784032765.026,10,1.537,0.894,-0.195,0.0,12.3,67.0
1784032765.026,10,1.643,0.96,-0.255,0.0,15.0,72.6
1784032765.026,10,1.154,-1.631,0.192,0.0,11.3,75.6
1784032765.026,10,2.725,1.715,0.232,0.0,22.3,73.0
1784032765.026,10,6.498,3.839,1.414,0.0,14.5,64.0
1784032765.026,10,5.237,-6.021,0.875,0.0,12.2,65.6
1784032765.127,11,1.504,-0.245,-0.379,0.0,13.1,62.4
1784032765.127,11,1.535,0.894,-0.211,0.0,12.5,66.9
1784032765.127,11,1.644,0.96,-0.246,0.0,15.2,72.6
1784032765.127,11,2.726,1.715,0.227,0.0,21.6,73.6
1784032765.127,11,6.512,3.839,1.347,0.0,14.8,63.8
1784032765.127,11,5.234,-6.021,0.896,0.0,11.9,65.9
1784032765.229,12,1.493,-0.191,-0.257,0.0,12.8,62.3
1784032765.229,12,1.537,0.894,-0.196,0.0,12.2,67.2
1784032765.229,12,1.642,0.96,-0.26,0.0,15.3,72.5
1784032765.229,12,2.789,1.614,0.203,0.0,21.2,74.1
1784032765.229,12,6.491,3.839,1.444,0.0,14.7,63.7
1784032765.229,12,5.238,-6.021,0.873,0.0,12.0,65.8
1784032765.33,13,1.489,-0.191,-0.281,0.0,12.3,63.1
1784032765.33,13,1.536,0.894,-0.2,0.0,11.9,67.4
1784032765.33,13,1.643,0.96,-0.252,0.0,15.2,72.7
1784032765.33,13,2.725,1.715,0.235,0.0,21.8,73.5
1784032765.33,13,6.482,3.839,1.486,0.0,14.2,64.2
1784032765.33,13,5.508,-5.77,0.903,0.0,12.3,65.5
1784032765.431,14,1.487,-0.245,-0.443,0.0,12.6,62.8
1784032765.431,14,1.536,0.894,-0.205,0.0,11.8,67.6
1784032765.431,14,1.644,0.96,-0.249,0.0,15.2,72.7
1784032765.431,14,2.725,1.715,0.232,0.0,21.7,73.5
1784032765.431,14,6.505,3.839,1.381,0.0,14.9,63.7
1784032765.431,14,5.504,-5.77,0.924,0.0,13.1,64.8
1784032765.532,15,0.513,0.035,-0.24,0.0,13.7,63.2
1784032765.532,15,1.494,-0.191,-0.252,0.0,12.3,62.9
1784032765.532,15,1.537,0.894,-0.195,0.0,11.8,67.5
1784032765.532,15,1.642,0.96,-0.257,0.0,15.2,72.6
1784032765.532,15,2.787,1.614,0.219,0.0,21.3,73.9
1784032765.532,15,5.443,3.5,1.233,0.0,11.3,62.2
1784032765.532,15,6.485,3.839,1.474,0.0,14.8,63.7
1784032765.532,15,5.504,-5.77,0.923,0.0,12.7,65.2
1784032765.633,16,1.496,-0.191,-0.239,0.0,13.1,62.3
1784032765.633,16,1.535,0.894,-0.209,0.0,12.2,67.2
1784032765.633,16,1.644,0.96,-0.25,0.0,15.1,72.7
1784032765.633,16,2.788,1.614,0.217,0.0,21.9,73.3
1784032765.633,16,6.508,3.839,1.365,0.0,14.8,63.7
1784032765.633,16,5.226,-6.021,0.938,0.0,13.0,65.0
1784032765.734,17,1.496,-0.191,-0.242,0.0,12.7,62.6
1784032765.734,17,1.536,0.894,-0.205,0.0,12.4,67.0
1784032765.734,17,1.643,0.96,-0.253,0.0,15.1,72.7
1784032765.734,17,2.788,1.614,0.217,0.0,21.6,73.7
1784032765.734,17,5.463,3.5,1.142,0.0,11.4,62.1
1784032765.734,17,6.499,3.839,1.409,0.0,14.7,63.8
1784032765.734,17,5.504,-5.77,0.929,0.0,12.6,65.4
1784032765.835,18,0.543,0.038,-0.278,0.0,13.0,63.7
1784032765.835,18,1.495,-0.191,-0.245,0.0,12.2,63.0
1784032765.835,18,1.536,0.894,-0.2,0.0,12.3,67.0
1784032765.835,18,1.643,0.96,-0.254,0.0,15.2,72.6
1784032765.835,18,2.787,1.614,0.22,0.0,21.3,73.9
1784032765.835,18,5.327,3.706,1.137,0.0,11.5,62.3
1784032765.835,18,6.494,3.839,1.43,0.0,14.8,63.7
1784032765.835,18,5.511,-5.77,0.886,0.0,12.7,65.2
1784032765.936,19,1.48,-0.245,-0.464,0.0,12.6,62.8
1784032765.936,19,1.535,0.894,-0.206,0.0,12.1,67.2
1784032765.936,19,1.643,0.96,-0.252,0.0,15.3,72.5
1784032765.936,19,2.788,1.614,0.217,0.0,21.8,73.5
1784032765.936,19,6.498,3.839,1.412,0.0,15.0,63.5
1784032765.936,19,5.234,-6.021,0.896,0.0,12.9,65.0
1784032766.036,20,1.479,-0.245,-0.469,0.0,11.7,63.3
1784032766.036,20,1.536,0.894,-0.199,0.0,11.8,67.5
1784032766.036,20,1.643,0.96,-0.256,0.0,15.0,72.7
1784032766.036,20,1.153,-1.631,0.197,0.0,11.4,75.5
1784032766.036,20,2.725,1.715,0.239,0.0,21.6,73.7
1784032766.036,20,6.493,3.839,1.435,0.0,14.3,64.1
1784032766.036,20,5.504,-5.77,0.925,0.0,12.7,65.3
1784032766.137,21,1.498,-0.191,-0.228,0.0,12.3,62.9
1784032766.137,21,1.536,0.894,-0.205,0.0,12.3,67.1
1784032766.137,21,1.643,0.96,-0.254,0.0,15.5,72.3
1784032766.137,21,2.787,1.614,0.22,0.0,21.6,73.7
1784032766.137,21,5.464,3.5,1.138,0.0,11.5,62.2
1784032766.137,21,6.476,3.839,1.511,0.0,14.8,63.7
1784032766.137,21,5.506,-5.77,0.912,0.0,12.6,65.3
1784032766.238,22,1.492,-0.191,-0.265,0.0,12.9,62.4
1784032766.238,22,1.536,0.894,-0.2,0.0,12.2,67.1
1784032766.238,22,1.642,0.96,-0.257,0.0,15.0,72.7
1784032766.238,22,2.725,1.715,0.236,0.0,21.7,73.5
1784032766.238,22,6.499,3.839,1.408,0.0,15.1,63.4
1784032766.238,22,5.237,-6.021,0.876,0.0,12.7,65.2
1784032766.34,23,1.492,-0.191,-0.264,0.0,12.7,62.6
1784032766.34,23,1.536,0.894,-0.2,0.0,12.2,67.1
1784032766.34,23,1.643,0.96,-0.255,0.0,15.3,72.4
1784032766.34,23,1.154,-1.631,0.192,0.0,11.5,75.4
1784032766.34,23,2.725,1.715,0.241,0.0,21.7,73.6
1784032766.34,23,6.322,4.079,1.535,0.0,14.6,63.9
1784032766.34,23,5.508,-5.77,0.901,0.0,12.6,65.3
1784032766.441,24,1.5,-0.191,-0.213,0.0,13.1,62.2
1784032766.441,24,1.536,0.894,-0.2,0.0,12.8,66.5
1784032766.441,24,1.679,0.9,-0.236,0.0,15.4,72.4
1784032766.441,24,2.725,1.715,0.239,0.0,21.6,73.7
1784032766.441,24,5.439,3.5,1.252,0.0,11.3,62.1
1784032766.441,24,6.492,3.839,1.439,0.0,14.6,63.9
1784032766.441,24,5.501,-5.77,0.943,0.0,12.4,65.5
1784032766.491,25,1.493,-0.191,-0.257,0.0,12.4,62.8
1784032766.491,25,1.537,0.894,-0.197,0.0,12.4,66.8
1784032766.491,25,1.643,0.96,-0.256,0.0,15.4,72.3
1784032766.491,25,2.725,1.715,0.236,0.0,21.7,73.6
1784032766.491,25,6.498,3.839,1.412,0.0,15.1,63.3
1784032766.491,25,5.23,-6.021,0.919,0.0,12.6,65.3
1784032766.642,26,1.491,-0.191,-0.269,0.0,12.4,62.8
1784032766.642,26,1.536,0.894,-0.198,0.0,12.2,67.1
1784032766.642,26,1.643,0.96,-0.253,0.0,15.5,72.2
1784032766.642,26,1.154,-1.631,0.19,0.0,11.5,75.3
1784032766.642,26,2.724,1.715,0.244,0.0,21.7,73.6
1784032766.642,26,5.451,3.5,1.202,0.0,11.5,61.9
1784032766.642,26,6.488,3.839,1.458,0.0,14.3,64.1
1784032766.642,26,5.23,-6.021,0.918,0.0,12.7,65.2
1784032766.743,27,1.497,-0.191,-0.23,0.0,12.6,62.7
1784032766.743,27,1.536,0.894,-0.202,0.0,12.5,66.9
1784032766.743,27,1.643,0.96,-0.253,0.0,15.5,72.3
1784032766.743,27,2.725,1.715,0.238,0.0,21.6,73.7
1784032766.743,27,6.496,3.839,1.424,0.0,14.7,63.8
1784032766.743,27,5.51,-5.77,0.887,0.0,12.6,65.3
1784032766.793,28,1.491,-0.191,-0.271,0.0,12.3,62.9
1784032766.793,28,1.537,0.894,-0.196,0.0,12.5,66.8
1784032766.793,28,1.642,0.96,-0.259,0.0,15.5,72.2
1784032766.793,28,1.154,-1.631,0.194,0.0,11.5,75.4
1784032766.793,28,2.725,1.715,0.238,0.0,21.6,73.7
1784032766.793,28,5.458,3.5,1.166,0.0,11.3,62.0
1784032766.793,28,6.493,3.839,1.437,0.0,14.7,63.7
1784032766.793,28,5.513,-5.77,0.869,0.0,12.6,65.3
1784032766.893,29,1.489,-0.191,-0.28,0.0,12.8,62.4
1784032766.893,29,1.537,0.894,-0.194,0.0,12.4,66.9
1784032766.893,29,1.643,0.96,-0.254,0.0,15.4,72.4
1784032766.893,29,1.154,-1.631,0.194,0.0,11.4,75.5
1784032766.893,29,2.725,1.715,0.241,0.0,21.7,73.6
1784032766.893,29,6.494,3.839,1.431,0.0,15.1,63.4
1784032766.893,29,5.51,-5.77,0.892,0.0,12.6,65.2
1784032767.045,30,1.497,-0.191,-0.233,0.0,12.1,63.0
1784032767.045,30,1.536,0.894,-0.204,0.0,12.0,67.4
1784032767.045,30,1.643,0.96,-0.255,0.0,15.3,72.5
1784032767.045,30,2.787,1.614,0.221,0.0,21.6,73.6
1784032767.045,30,6.495,3.839,1.425,0.0,14.6,63.8
1784032767.045,30,5.237,-6.021,0.877,0.0,12.5,65.4
1784032767.095,31,1.494,-0.191,-0.252,0.0,12.0,63.0
1784032767.095,31,1.537,0.894,-0.197,0.0,12.0,67.4
1784032767.095,31,1.643,0.96,-0.255,0.0,15.4,72.4
1784032767.095,31,2.725,1.715,0.239,0.0,21.5,73.8
1784032767.095,31,6.494,3.839,1.432,0.0,14.4,64.0
1784032767.095,31,5.511,-5.77,0.883,0.0,12.5,65.3
1784032767.196,32,1.492,-0.191,-0.262,0.0,12.2,63.0
1784032767.196,32,1.535,0.894,-0.208,0.0,12.1,67.2
1784032767.196,32,1.643,0.96,-0.253,0.0,15.3,72.5
1784032767.196,32,2.725,1.715,0.239,0.0,21.7,73.5
1784032767.196,32,6.496,3.839,1.422,0.0,14.7,63.8
1784032767.196,32,5.515,-5.77,0.859,0.0,12.6,65.3
1784032767.347,33,1.485,-0.245,-0.449,0.0,12.4,62.8
1784032767.347,33,1.536,0.894,-0.2,0.0,12.1,67.2
1784032767.347,33,1.643,0.96,-0.254,0.0,15.4,72.4
1784032767.347,33,2.725,1.715,0.241,0.0,21.6,73.7
1784032767.347,33,6.487,3.839,1.465,0.0,14.6,63.9
1784032767.347,33,5.508,-5.77,0.903,0.0,12.6,65.3
1784032767.397,34,1.487,-0.245,-0.441,0.0,12.3,62.8
1784032767.397,34,1.536,0.894,-0.202,0.0,12.3,67.1
1784032767.397,34,1.644,0.96,-0.25,0.0,15.4,72.3
1784032767.397,34,2.787,1.614,0.22,0.0,21.6,73.7
1784032767.397,34,6.492,3.839,1.439,0.0,14.8,63.6
1784032767.397,34,5.234,-6.021,0.892,0.0,12.5,65.3
1784032767.498,35,1.478,-0.245,-0.472,0.0,12.9,62.4
1784032767.498,35,1.536,0.894,-0.202,0.0,12.2,67.1
1784032767.498,35,1.643,0.96,-0.252,0.0,15.3,72.5
1784032767.498,35,2.725,1.715,0.236,0.0,21.6,73.6
1784032767.498,35,6.495,3.839,1.426,0.0,14.6,63.9
1784032767.498,35,5.239,-6.021,0.866,0.0,12.5,65.3
1784032767.598,36,1.497,-0.143,-0.263,0.0,12.7,62.3
1784032767.598,36,1.536,0.894,-0.2,0.0,12.4,66.8
1784032767.598,36,1.643,0.96,-0.256,0.0,15.3,72.4
1784032767.598,36,1.154,-1.631,0.191,0.0,11.6,75.3
1784032767.598,36,2.725,1.715,0.242,0.0,21.7,73.6
1784032767.598,36,6.32,4.079,1.541,0.0,14.6,63.8
1784032767.598,36,5.508,-5.77,0.903,0.0,12.7,65.1
1784032767.699,37,1.492,-0.245,-0.426,0.0,13.3,61.8
1784032767.699,37,1.535,0.894,-0.205,0.0,12.9,66.4
1784032767.699,37,1.643,0.96,-0.253,0.0,15.4,72.4
1784032767.699,37,2.787,1.614,0.218,0.0,21.6,73.7
1784032767.699,37,6.495,3.839,1.426,0.0,14.8,63.7
1784032767.699,37,5.503,-5.77,0.931,0.0,12.5,65.3
1784032767.799,38,1.493,-0.191,-0.256,0.0,12.9,62.3
1784032767.799,38,1.536,0.894,-0.204,0.0,12.4,66.8
1784032767.799,38,1.643,0.96,-0.257,0.0,15.6,72.2
1784032767.799,38,2.725,1.715,0.235,0.0,21.5,73.7
1784032767.799,38,5.443,3.5,1.236,0.0,11.2,62.1
1784032767.799,38,6.493,3.839,1.436,0.0,15.1,63.3
1784032767.799,38,5.511,-5.77,0.885,0.0,12.5,65.3
1784032767.899,39,1.491,-0.143,-0.298,0.0,13.0,62.1
1784032767.899,39,1.536,0.894,-0.201,0.0,12.1,67.2
1784032767.899,39,1.642,0.96,-0.258,0.0,15.3,72.4
1784032767.899,39,1.155,-1.631,0.185,0.0,11.6,75.3
1784032767.899,39,2.725,1.715,0.238,0.0,21.7,73.6
1784032767.899,39,5.458,3.5,1.167,0.0,11.3,62.0
1784032767.899,39,6.335,4.079,1.48,0.0,14.4,64.0
1784032767.899,39,5.512,-5.77,0.88,0.0,12.5,65.3
1784032768.0,40,1.489,-0.191,-0.28,0.0,12.3,63.0
1784032768.0,40,1.537,0.894,-0.197,0.0,12.5,66.7
1784032768.0,40,1.643,0.96,-0.253,0.0,15.6,72.1
1784032768.0,40,1.154,-1.631,0.19,0.0,11.6,75.3
1784032768.0,40,2.725,1.715,0.237,0.0,21.6,73.6
1784032768.0,40,6.495,3.839,1.429,0.0,14.6,63.8
1784032768.0,40,5.508,-5.77,0.9,0.0,12.5,65.3
1784032768.101,41,1.489,-0.191,-0.279,0.0,12.3,62.9
1784032768.101,41,1.536,0.894,-0.202,0.0,12.5,66.8
1784032768.101,41,1.643,0.96,-0.257,0.0,15.6,72.2
1784032768.101,41,1.154,-1.631,0.19,0.0,11.6,75.3
1784032768.101,41,2.725,1.715,0.238,0.0,21.6,73.7
1784032768.101,41,5.471,3.5,1.105,0.0,11.3,62.2
1784032768.101,41,6.334,4.079,1.482,0.0,15.0,63.3
1784032768.101,41,5.51,-5.77,0.891,0.0,12.6,65.2
1784032768.201,42,1.49,-0.191,-0.275,0.0,12.8,62.4
1784032768.201,42,1.536,0.894,-0.198,0.0,12.7,66.5
1784032768.201,42,1.643,0.96,-0.254,0.0,15.5,72.2
1784032768.201,42,2.725,1.715,0.236,0.0,21.6,73.6
1784032768.201,42,5.477,3.5,1.075,0.0,11.3,62.2
1784032768.201,42,6.501,3.839,1.398,0.0,15.0,63.4
1784032768.201,42,5.503,-5.77,0.93,0.0,12.8,65.1
1784032768.302,43,1.489,-0.191,-0.281,0.0,11.9,63.4
1784032768.302,43,1.535,0.894,-0.21,0.0,12.2,67.1
1784032768.302,43,1.643,0.96,-0.255,0.0,15.7,72.1
1784032768.302,43,2.725,1.715,0.236,0.0,21.6,73.6
1784032768.302,43,5.47,3.5,1.11,0.0,11.5,61.9
1784032768.302,43,6.498,3.839,1.414,0.0,15.0,63.4
1784032768.302,43,5.508,-5.77,0.902,0.0,12.4,65.4
1784032768.403,44,1.49,-0.191,-0.276,0.0,12.3,63.0
1784032768.403,44,1.536,0.894,-0.202,0.0,12.4,66.9
1784032768.403,44,1.643,0.96,-0.256,0.0,15.3,72.4
1784032768.403,44,2.725,1.715,0.239,0.0,21.6,73.7
1784032768.403,44,5.451,3.5,1.199,0.0,11.3,62.2
1784032768.403,44,6.492,3.839,1.439,0.0,14.6,63.9
1784032768.403,44,5.23,-6.021,0.919,0.0,12.5,65.4
1784032768.504,45,1.49,-0.191,-0.275,0.0,12.4,62.9
1784032768.504,45,1.535,0.894,-0.207,0.0,12.0,67.3
1784032768.504,45,1.643,0.96,-0.254,0.0,15.2,72.5
1784032768.504,45,2.725,1.715,0.236,0.0,21.5,73.7
1784032768.504,45,5.467,3.5,1.124,0.0,11.4,62.1
1784032768.504,45,6.494,3.839,1.429,0.0,14.6,63.8
1784032768.504,45,5.51,-5.77,0.89,0.0,12.6,65.2
1784032768.606,46,1.487,-0.191,-0.289,0.0,12.5,62.7
1784032768.606,46,1.536,0.894,-0.204,0.0,12.1,67.2
1784032768.606,46,1.679,0.9,-0.234,0.0,15.3,72.5
1784032768.606,46,1.155,-1.631,0.189,0.0,11.5,75.4
1784032768.606,46,2.725,1.715,0.237,0.0,21.6,73.6
1784032768.606,46,6.33,4.079,1.502,0.0,14.6,63.8
1784032768.606,46,5.511,-5.77,0.885,0.0,12.7,65.1
1784032768.707,47,1.49,-0.191,-0.274,0.0,12.4,62.7
1784032768.707,47,1.599,0.151,0.166,0.0,11.6,62.6
1784032768.707,47,1.537,0.894,-0.19,0.0,12.3,66.9
1784032768.707,47,1.643,0.96,-0.256,0.0,15.3,72.4
1784032768.707,47,1.154,-1.631,0.191,0.0,11.6,75.3
1784032768.707,47,2.725,1.715,0.239,0.0,21.6,73.6
1784032768.707,47,5.481,3.5,1.056,0.0,11.3,62.2
1784032768.707,47,6.326,4.079,1.519,0.0,14.6,63.8
1784032768.707,47,5.511,-5.77,0.881,0.0,12.7,65.2
1784032768.808,48,1.49,-0.191,-0.276,0.0,12.9,62.1
1784032768.808,48,1.536,0.894,-0.202,0.0,12.2,67.1
1784032768.808,48,1.643,0.96,-0.254,0.0,15.2,72.6
1784032768.808,48,1.154,-1.631,0.192,0.0,11.5,75.4
1784032768.808,48,2.725,1.715,0.239,0.0,21.6,73.6
1784032768.808,48,5.482,3.5,1.049,0.0,11.3,62.0
1784032768.808,48,6.499,3.839,1.411,0.0,14.8,63.7
1784032768.808,48,5.508,-5.77,0.901,0.0,12.5,65.3
1784032768.909,49,1.494,-0.143,-0.284,0.0,12.7,62.1
1784032768.909,49,1.598,0.151,0.171,0.0,11.4,62.6
1784032768.909,49,1.536,0.894,-0.201,0.0,11.9,67.4
1784032768.909,49,1.643,0.96,-0.256,0.0,15.1,72.6
1784032768.909,49,1.155,-1.631,0.187,0.0,11.6,75.3
1784032768.909,49,2.725,1.715,0.24,0.0,21.6,73.7
1784032768.909,49,6.318,4.079,1.551,0.0,14.6,63.8
1784032768.909,49,5.508,-5.77,0.904,0.0,12.3,65.5
1784032769.01,50,1.491,-0.191,-0.271,0.0,12.6,62.5
1784032769.01,50,1.537,0.894,-0.191,0.0,12.0,67.2
1784032769.01,50,1.643,0.96,-0.254,0.0,15.0,72.7
1784032769.01,50,1.154,-1.631,0.193,0.0,11.5,75.4
1784032769.01,50,2.725,1.715,0.241,0.0,21.6,73.6
1784032769.01,50,5.499,3.5,0.955,0.0,11.3,62.2
1784032769.01,50,6.501,3.839,1.402,0.0,14.6,63.9
1784032769.01,50,5.504,-5.77,0.923,0.0,12.4,65.4
1784032769.11,51,1.481,-0.245,-0.462,0.0,11.9,63.0
1784032769.11,51,1.537,0.894,-0.195,0.0,12.1,67.2
1784032769.11,51,1.643,0.96,-0.256,0.0,15.2,72.5
1784032769.11,51,1.154,-1.631,0.191,0.0,11.5,75.4
1784032769.11,51,2.725,1.715,0.239,0.0,21.6,73.7
1784032769.11,51,5.478,3.5,1.071,0.0,11.3,62.5
1784032769.11,51,6.498,3.839,1.416,0.0,14.6,63.9
1784032769.11,51,5.509,-5.77,0.895,0.0,12.4,65.4
1784032769.211,52,1.497,-0.143,-0.264,0.0,12.3,62.8
1784032769.211,52,1.536,0.894,-0.201,0.0,12.1,67.1
1784032769.211,52,1.643,0.96,-0.256,0.0,15.2,72.5
1784032769.211,52,1.154,-1.631,0.191,0.0,11.4,75.5
1784032769.211,52,2.725,1.715,0.241,0.0,21.7,73.6
1784032769.211,52,5.472,3.5,1.1,0.0,11.4,62.1
1784032769.211,52,6.332,4.079,1.493,0.0,14.4,64.0
1784032769.211,52,5.51,-5.77,0.891,0.0,12.3,65.4
1784032769.311,53,1.49,-0.191,-0.276,0.0,12.0,63.0
1784032769.311,53,1.536,0.894,-0.203,0.0,11.7,67.6
1784032769.311,53,1.643,0.96,-0.255,0.0,15.3,72.5
1784032769.311,53,2.725,1.715,0.24,0.0,21.7,73.6
1784032769.311,53,6.485,3.839,1.473,0.0,14.8,63.7
1784032769.311,53,5.503,-5.77,0.934,0.0,12.4,65.4
1784032769.411,54,1.49,-0.191,-0.276,0.0,12.7,62.4
1784032769.411,54,1.537,0.894,-0.196,0.0,12.6,66.7
1784032769.411,54,1.642,0.96,-0.257,0.0,15.3,72.4
1784032769.411,54,1.154,-1.631,0.193,0.0,11.5,75.4
1784032769.411,54,2.725,1.715,0.239,0.0,21.6,73.7
1784032769.411,54,6.32,4.079,1.541,0.0,14.6,63.8
1784032769.411,54,5.514,-5.77,0.865,0.0,12.3,65.5
1784032769.512,55,1.492,-0.191,-0.265,0.0,12.7,62.4
1784032769.512,55,1.536,0.894,-0.201,0.0,12.6,66.6
1784032769.512,55,1.643,0.96,-0.257,0.0,15.4,72.3
1784032769.512,55,1.154,-1.631,0.194,0.0,11.5,75.4
1784032769.512,55,2.725,1.715,0.24,0.0,21.6,73.6
1784032769.512,55,6.487,3.839,1.462,0.0,14.8,63.7
1784032769.512,55,5.228,-6.021,0.93,0.0,12.4,65.5
1784032769.614,56,1.483,-0.245,-0.456,0.0,13.2,62.0
1784032769.614,56,1.537,0.894,-0.197,0.0,12.8,66.5
1784032769.614,56,1.642,0.96,-0.258,0.0,15.3,72.4
1784032769.614,56,1.155,-1.631,0.189,0.0,11.4,75.5
1784032769.614,56,2.725,1.715,0.24,0.0,21.7,73.6
1784032769.614,56,6.327,4.079,1.512,0.0,14.9,63.6
1784032769.614,56,5.24,-6.021,0.858,0.0,12.4,65.4
1784032769.714,57,1.481,-0.245,-0.46,0.0,13.5,61.9
1784032769.714,57,1.536,0.894,-0.199,0.0,12.8,66.4
1784032769.714,57,1.643,0.96,-0.257,0.0,15.3,72.4
1784032769.714,57,1.154,-1.631,0.192,0.0,11.4,75.5
1784032769.714,57,2.725,1.715,0.24,0.0,21.6,73.6
1784032769.714,57,6.325,4.079,1.521,0.0,15.0,63.5
1784032769.714,57,5.511,-5.77,0.883,0.0,12.5,65.3
1784032769.815,58,1.483,-0.245,-0.456,0.0,13.5,61.9
1784032769.815,58,1.536,0.894,-0.205,0.0,12.9,66.3
1784032769.815,58,1.643,0.96,-0.256,0.0,15.3,72.4
1784032769.815,58,2.725,1.715,0.239,0.0,21.7,73.5
1784032769.815,58,6.493,3.839,1.438,0.0,14.8,63.8
1784032769.815,58,5.506,-5.77,0.912,0.0,12.4,65.4
1784032769.916,59,1.478,-0.245,-0.472,0.0,12.3,63.0
1784032769.916,59,1.535,0.894,-0.208,0.0,12.3,66.9
1784032769.916,59,1.642,0.96,-0.258,0.0,15.2,72.5
1784032769.916,59,1.154,-1.631,0.19,0.0,11.4,75.5
1784032769.916,59,2.725,1.715,0.242,0.0,21.7,73.6
1784032769.916,59,6.328,4.079,1.508,0.0,14.6,63.8
1784032769.916,59,5.241,-6.021,0.849,0.0,12.4,65.4
1784032770.016,60,1.481,-0.245,-0.461,0.0,12.9,62.5
1784032770.016,60,1.537,0.894,-0.196,0.0,12.8,66.5
1784032770.016,60,1.643,0.96,-0.257,0.0,15.4,72.4
1784032770.016,60,2.725,1.715,0.24,0.0,21.6,73.6
1784032770.016,60,6.493,3.839,1.436,0.0,14.7,63.8
1784032770.016,60,5.24,-6.021,0.86,0.0,12.3,65.5
1784032770.118,61,1.478,-0.245,-0.47,0.0,12.7,62.8
1784032770.118,61,1.536,0.894,-0.203,0.0,12.3,66.9
1784032770.118,61,1.642,0.96,-0.258,0.0,15.3,72.5
1784032770.118,61,1.154,-1.631,0.191,0.0,11.4,75.5
1784032770.118,61,2.725,1.715,0.238,0.0,21.6,73.6
1784032770.118,61,6.328,4.079,1.509,0.0,14.7,63.7
1784032770.118,61,5.514,-5.77,0.867,0.0,12.4,65.3
1784032770.218,62,1.475,-0.245,-0.48,0.0,12.5,62.9
1784032770.218,62,1.536,0.894,-0.197,0.0,12.5,66.8
1784032770.218,62,1.679,0.9,-0.235,0.0,15.3,72.4
1784032770.218,62,1.154,-1.631,0.19,0.0,11.4,75.5
1784032770.218,62,2.725,1.715,0.24,0.0,21.7,73.6
1784032770.218,62,6.322,4.079,1.536,0.0,14.4,64.0
1784032770.218,62,5.514,-5.77,0.863,0.0,12.3,65.5
1784032770.318,63,1.475,-0.245,-0.48,0.0,12.0,63.3
1784032770.318,63,1.535,0.894,-0.206,0.0,12.3,67.0
1784032770.318,63,1.643,0.96,-0.254,0.0,15.4,72.3
1784032770.318,63,1.154,-1.631,0.191,0.0,11.4,75.4
1784032770.318,63,2.725,1.715,0.239,0.0,21.6,73.7
1784032770.318,63,6.321,4.079,1.536,0.0,14.7,63.8
1784032770.318,63,5.509,-5.77,0.894,0.0,12.2,65.5
1784032770.419,64,1.489,-0.191,-0.278,0.0,12.4,62.7
1784032770.419,64,1.537,0.894,-0.195,0.0,13.1,66.2
1784032770.419,64,1.642,0.96,-0.258,0.0,15.5,72.2
1784032770.419,64,1.154,-1.631,0.19,0.0,11.6,75.3
1784032770.419,64,2.725,1.715,0.239,0.0,21.6,73.7
1784032770.419,64,6.323,4.079,1.531,0.0,14.6,63.9
1784032770.419,64,5.51,-5.77,0.888,0.0,12.3,65.4
1784032770.52,65,1.491,-0.191,-0.268,0.0,11.8,63.1
1784032770.52,65,1.536,0.894,-0.204,0.0,12.4,66.8
1784032770.52,65,1.643,0.96,-0.254,0.0,15.5,72.3
1784032770.52,65,2.725,1.715,0.24,0.0,21.6,73.7
1784032770.52,65,6.313,4.079,1.57,0.0,14.5,64.0
1784032770.52,65,5.508,-5.77,0.9,0.0,12.5,65.3
1784032770.621,66,1.48,-0.245,-0.466,0.0,11.7,63.5
1784032770.621,66,1.536,0.894,-0.198,0.0,12.1,67.2
1784032770.621,66,1.642,0.96,-0.259,0.0,15.5,72.3
1784032770.621,66,1.154,-1.631,0.193,0.0,11.4,75.4
1784032770.621,66,2.725,1.715,0.239,0.0,21.6,73.7
1784032770.621,66,6.322,4.079,1.534,0.0,14.4,64.1
1784032770.621,66,5.516,-5.77,0.85,0.0,12.5,65.3
1784032770.722,67,1.479,-0.245,-0.468,0.0,12.6,62.9
1784032770.722,67,1.536,0.894,-0.204,0.0,12.2,67.1
1784032770.722,67,1.642,0.96,-0.257,0.0,15.3,72.4
1784032770.722,67,1.154,-1.631,0.191,0.0,11.4,75.5
1784032770.722,67,2.725,1.715,0.24,0.0,21.7,73.6
1784032770.722,67,6.325,4.079,1.521,0.0,14.4,64.1
1784032770.722,67,5.511,-5.77,0.885,0.0,12.5,65.3
1784032770.824,68,1.48,-0.245,-0.464,0.0,12.0,63.5
1784032770.824,68,1.536,0.894,-0.202,0.0,12.1,67.2
1784032770.824,68,1.643,0.96,-0.257,0.0,15.3,72.4
1784032770.824,68,2.725,1.715,0.239,0.0,21.6,73.7
1784032770.824,68,6.488,3.839,1.457,0.0,14.7,63.8
1784032770.824,68,5.507,-5.77,0.909,0.0,12.6,65.2
1784032770.925,69,1.482,-0.245,-0.46,0.0,12.3,63.1
1784032770.925,69,1.537,0.894,-0.197,0.0,12.5,66.7
1784032770.925,69,1.643,0.96,-0.255,0.0,15.4,72.3
1784032770.925,69,1.154,-1.631,0.192,0.0,11.5,75.4
1784032770.925,69,2.725,1.715,0.239,0.0,21.6,73.6
1784032770.925,69,6.488,3.839,1.458,0.0,14.7,63.7
1784032770.925,69,5.51,-5.77,0.892,0.0,12.4,65.4
1784032771.026,70,1.482,-0.245,-0.459,0.0,12.4,63.0
1784032771.026,70,1.535,0.894,-0.205,0.0,12.4,66.8
1784032771.026,70,1.642,0.96,-0.257,0.0,15.5,72.3
1784032771.026,70,1.154,-1.631,0.192,0.0,11.4,75.5
1784032771.026,70,2.725,1.715,0.238,0.0,21.5,73.7
1784032771.026,70,6.482,3.839,1.483,0.0,14.6,63.8
1784032771.026,70,5.508,-5.77,0.902,0.0,12.4,65.4
1784032771.127,71,1.476,-0.245,-0.479,0.0,12.1,63.2
1784032771.127,71,1.536,0.894,-0.202,0.0,12.5,66.8
1784032771.127,71,1.643,0.96,-0.254,0.0,15.5,72.3
1784032771.127,71,2.725,1.715,0.238,0.0,21.6,73.6
1784032771.127,71,6.322,4.079,1.536,0.0,14.2,64.2
1784032771.127,71,5.506,-5.77,0.915,0.0,12.3,65.5
1784032771.229,72,1.48,-0.245,-0.466,0.0,12.2,63.1
1784032771.229,72,1.535,0.894,-0.205,0.0,12.5,66.8
1784032771.229,72,1.643,0.96,-0.255,0.0,15.4,72.3
1784032771.229,72,2.725,1.715,0.238,0.0,21.6,73.7
1784032771.229,72,6.493,3.839,1.436,0.0,14.0,64.4
1784032771.229,72,5.512,-5.77,0.876,0.0,12.2,65.6
1784032771.33,73,1.48,-0.245,-0.464,0.0,11.6,63.7
1784032771.33,73,1.535,0.894,-0.208,0.0,12.2,67.1
1784032771.33,73,1.642,0.96,-0.258,0.0,15.4,72.3
1784032771.33,73,1.154,-1.631,0.193,0.0,11.4,75.5
1784032771.33,73,2.725,1.715,0.237,0.0,21.6,73.6
1784032771.33,73,6.318,4.079,1.551,0.0,14.3,64.1
1784032771.33,73,5.513,-5.77,0.871,0.0,12.3,65.4
1784032771.431,74,1.478,-0.245,-0.472,0.0,12.1,63.5
1784032771.431,74,1.535,0.894,-0.207,0.0,12.2,67.1
1784032771.431,74,1.643,0.96,-0.254,0.0,15.4,72.3
1784032771.431,74,1.154,-1.631,0.193,0.0,11.4,75.5
1784032771.431,74,2.725,1.715,0.239,0.0,21.6,73.6
1784032771.431,74,6.49,3.839,1.448,0.0,14.4,63.9
1784032771.431,74,5.511,-5.77,0.881,0.0,12.3,65.3
1784032771.533,75,1.48,-0.245,-0.464,0.0,11.8,63.6
1784032771.533,75,1.535,0.894,-0.206,0.0,12.0,67.2
1784032771.533,75,1.643,0.96,-0.255,0.0,15.5,72.3
1784032771.533,75,2.725,1.715,0.238,0.0,21.6,73.7
1784032771.533,75,6.318,4.079,1.552,0.0,14.4,64.0
1784032771.533,75,5.505,-5.77,0.918,0.0,12.3,65.5
1784032771.634,76,1.474,-0.245,-0.483,0.0,12.2,63.2
1784032771.634,76,1.536,0.894,-0.199,0.0,12.4,66.9
1784032771.634,76,1.679,0.9,-0.236,0.0,15.4,72.3
1784032771.634,76,1.155,-1.631,0.188,0.0,11.5,75.4
1784032771.634,76,2.725,1.715,0.238,0.0,21.6,73.6
1784032771.634,76,6.316,4.079,1.56,0.0,14.4,64.0
1784032771.634,76,5.511,-5.77,0.882,0.0,12.4,65.2
1784032771.735,77,1.474,-0.245,-0.483,0.0,12.0,63.1
1784032771.735,77,1.537,0.894,-0.197,0.0,12.7,66.7
1784032771.735,77,1.643,0.96,-0.257,0.0,15.7,72.1
1784032771.735,77,2.725,1.715,0.239,0.0,21.6,73.6
1784032771.735,77,6.313,4.079,1.569,0.0,14.6,63.8
1784032771.735,77,5.511,-5.77,0.884,0.0,12.4,65.3
1784032771.836,78,1.477,-0.245,-0.473,0.0,11.8,63.5
1784032771.836,78,1.536,0.894,-0.199,0.0,12.1,67.2
1784032771.836,78,1.643,0.96,-0.257,0.0,15.4,72.3
1784032771.836,78,1.154,-1.631,0.192,0.0,11.6,75.2
1784032771.836,78,2.725,1.715,0.238,0.0,21.5,73.7
1784032771.836,78,6.321,4.079,1.54,0.0,14.6,63.7
1784032771.836,78,5.509,-5.77,0.899,0.0,12.2,65.4
1784032771.937,79,1.485,-0.191,-0.298,0.0,12.7,62.5
1784032771.937,79,1.536,0.894,-0.2,0.0,12.6,66.7
1784032771.937,79,1.643,0.96,-0.255,0.0,15.6,72.2
1784032771.937,79,1.154,-1.631,0.191,0.0,11.8,75.1
1784032771.937,79,2.725,1.715,0.238,0.0,21.6,73.6
1784032771.937,79,6.326,4.079,1.517,0.0,14.3,64.1
1784032771.937,79,5.509,-5.77,0.893,0.0,12.5,65.2
1784032772.038,80,1.491,-0.191,-0.268,0.0,12.5,62.9
1784032772.038,80,1.536,0.894,-0.2,0.0,12.1,67.2
1784032772.038,80,1.643,0.96,-0.257,0.0,15.4,72.4
1784032772.038,80,2.725,1.715,0.238,0.0,21.6,73.6
1784032772.038,80,6.322,4.079,1.536,0.0,14.4,64.1
1784032772.038,80,5.516,-5.77,0.855,0.0,12.6,65.1
1784032772.139,81,1.495,-0.143,-0.275,0.0,12.7,62.6
1784032772.139,81,1.536,0.894,-0.2,0.0,12.2,67.0
1784032772.139,81,1.642,0.96,-0.261,0.0,15.2,72.5
1784032772.139,81,1.154,-1.631,0.193,0.0,11.5,75.4
1784032772.139,81,2.725,1.715,0.237,0.0,21.5,73.7
1784032772.139,81,6.316,4.079,1.56,0.0,14.5,63.9
1784032772.139,81,5.505,-5.77,0.918,0.0,12.3,65.3
1784032772.191,82,1.496,-0.143,-0.269,0.0,12.4,62.8
1784032772.191,82,1.537,0.894,-0.196,0.0,12.2,67.1
1784032772.191,82,1.679,0.9,-0.237,0.0,15.3,72.5
1784032772.191,82,1.155,-1.631,0.189,0.0,11.5,75.4
1784032772.191,82,2.725,1.715,0.239,0.0,21.6,73.6
1784032772.191,82,6.328,4.079,1.51,0.0,14.8,63.6
1784032772.191,82,5.503,-5.77,0.931,0.0,12.4,65.3
1784032772.343,83,1.495,-0.143,-0.277,0.0,12.7,62.5
1784032772.343,83,1.538,0.894,-0.189,0.0,12.3,66.9
1784032772.343,83,1.643,0.96,-0.256,0.0,15.1,72.6
1784032772.343,83,2.725,1.715,0.239,0.0,21.6,73.7
1784032772.343,83,6.484,3.839,1.478,0.0,14.4,64.0
1784032772.343,83,5.508,-5.77,0.899,0.0,12.6,65.1
1784032772.444,84,1.478,-0.245,-0.471,0.0,12.2,63.1
1784032772.444,84,1.537,0.894,-0.193,0.0,12.2,67.0
1784032772.444,84,1.642,0.96,-0.258,0.0,15.1,72.7
1784032772.444,84,1.154,-1.631,0.193,0.0,11.4,75.5
1784032772.444,84,2.725,1.715,0.238,0.0,21.5,73.7
1784032772.444,84,6.328,4.079,1.509,0.0,14.6,63.8
1784032772.444,84,5.506,-5.77,0.914,0.0,12.5,65.2
1784032772.495,85,1.494,-0.143,-0.282,0.0,12.6,62.7
1784032772.495,85,1.535,0.894,-0.207,0.0,12.5,66.8
1784032772.495,85,1.642,0.96,-0.259,0.0,15.2,72.5
1784032772.495,85,1.155,-1.631,0.187,0.0,11.5,75.4
1784032772.495,85,2.725,1.715,0.237,0.0,21.7,73.6
1784032772.495,85,6.327,4.079,1.514,0.0,14.5,63.9
1784032772.495,85,5.503,-5.77,0.933,0.0,12.3,65.4
1784032772.597,86,1.492,-0.143,-0.294,0.0,12.3,62.8
1784032772.597,86,1.536,0.894,-0.203,0.0,12.3,67.0
1784032772.597,86,1.642,0.96,-0.259,0.0,15.2,72.5
1784032772.597,86,1.155,-1.631,0.187,0.0,11.5,75.4
1784032772.597,86,2.725,1.715,0.237,0.0,21.5,73.7
1784032772.597,86,6.319,4.079,1.545,0.0,14.3,64.1
1784032772.597,86,5.509,-5.77,0.895,0.0,12.5,65.2
1784032772.748,87,1.49,-0.196,-0.458,0.0,12.8,62.3
1784032772.748,87,1.536,0.894,-0.203,0.0,12.7,66.5
1784032772.748,87,1.642,0.96,-0.259,0.0,15.3,72.4
1784032772.748,87,1.156,-1.631,0.179,0.0,11.5,75.4
1784032772.748,87,2.787,1.614,0.219,0.0,21.6,73.6
1784032772.748,87,6.495,3.839,1.426,0.0,14.6,63.9
1784032772.748,87,5.516,-5.77,0.851,0.0,12.2,65.5
1784032772.8,88,1.535,0.894,-0.208,0.0,13.1,66.2
1784032772.8,88,1.642,0.96,-0.257,0.0,15.5,72.2
1784032772.8,88,1.246,-1.568,0.126,0.0,11.5,75.4
1784032772.8,88,2.787,1.614,0.219,0.0,21.6,73.6
1784032772.8,88,6.484,3.839,1.477,0.0,14.8,63.7
1784032772.8,88,5.236,-6.021,0.88,0.0,12.4,65.3
1784032772.902,89,1.496,-0.196,-0.437,0.0,12.9,62.5
1784032772.902,89,1.535,0.894,-0.206,0.0,12.8,66.6
1784032772.902,89,1.643,0.96,-0.254,0.0,15.6,72.3
1784032772.902,89,2.725,1.715,0.235,0.0,21.3,73.9
1784032772.902,89,6.312,4.079,1.576,0.0,14.6,63.9
1784032772.902,89,5.241,-6.021,0.853,0.0,12.3,65.5
1784032773.002,90,0.301,0.425,-0.224,0.0,13.3,62.9
1784032773.002,90,1.505,-0.196,-0.404,0.0,12.6,63.2
1784032773.002,90,1.563,0.838,-0.231,0.0,12.1,67.4
1784032773.002,90,1.64,0.96,-0.27,0.0,15.2,72.4
1784032773.002,90,2.726,1.715,0.227,0.0,21.6,73.6
1784032773.002,90,6.351,4.079,1.41,0.0,14.9,63.7
1784032773.002,90,5.225,-6.021,0.943,0.0,12.4,65.2
1784032773.104,91,1.508,-0.196,-0.392,0.0,13.0,62.4
1784032773.104,91,1.554,-0.0,-0.692,0.0,13.6,63.4
1784032773.104,91,1.534,0.894,-0.219,0.0,12.7,66.8
1784032773.104,91,1.641,0.96,-0.264,0.0,15.5,72.2
1784032773.104,91,2.726,1.715,0.228,0.0,21.4,73.8
1784032773.104,91,6.502,3.839,1.397,0.0,14.9,63.5
1784032773.104,91,5.242,-6.021,0.847,0.0,12.5,65.2
1784032773.205,92,1.504,-0.196,-0.407,0.0,13.2,62.4
1784032773.205,92,1.531,0.894,-0.236,0.0,13.0,66.6
1784032773.205,92,1.639,0.96,-0.277,0.0,15.4,72.2
1784032773.205,92,2.726,1.715,0.219,0.0,21.5,73.8
1784032773.205,92,6.35,4.079,1.414,0.0,15.2,63.3
1784032773.205,92,5.235,-6.021,0.89,0.0,12.3,65.4
1784032773.306,93,1.51,-0.196,-0.386,0.0,13.6,62.1
1784032773.306,93,1.535,0.894,-0.208,0.0,12.9,66.8
1784032773.306,93,1.673,0.9,-0.276,0.0,15.1,72.3
1784032773.306,93,2.725,1.715,0.231,0.0,21.6,73.7
1784032773.306,93,6.496,3.839,1.42,0.0,14.9,63.6
1784032773.306,93,5.244,-6.021,0.833,0.0,12.6,65.1
1784032773.408,94,1.515,-0.245,-0.333,0.0,12.7,62.4
1784032773.408,94,1.53,0.894,-0.243,0.0,12.9,66.6
1784032773.408,94,1.643,0.96,-0.251,0.0,15.3,72.3
1784032773.408,94,2.788,1.614,0.212,0.0,21.2,74.0
1784032773.408,94,5.4,3.5,1.413,0.0,11.9,62.2
1784032773.408,94,6.525,3.839,1.28,0.0,14.7,63.7
1784032773.408,94,5.502,-5.77,0.941,0.0,13.4,64.4
1784032773.509,95,1.515,-0.245,-0.335,0.0,12.4,62.7
1784032773.509,95,1.559,0.838,-0.258,0.0,12.6,66.9
1784032773.509,95,1.643,0.96,-0.257,0.0,15.3,72.3
1784032773.509,95,2.788,1.614,0.205,0.0,21.3,73.9
1784032773.509,95,5.432,3.5,1.284,0.0,12.7,61.5
1784032773.509,95,6.529,3.839,1.261,0.0,15.0,63.7
1784032773.509,95,5.498,-5.77,0.961,0.0,11.5,66.3
1784032773.61,96,1.495,-0.191,-0.247,0.0,12.3,62.9
1784032773.61,96,1.536,0.894,-0.2,0.0,12.9,66.3
1784032773.61,96,1.642,0.96,-0.26,0.0,15.6,72.2
1784032773.61,96,1.156,-1.631,0.18,0.0,11.6,75.3
1784032773.61,96,2.725,1.715,0.232,0.0,22.1,73.1
1784032773.61,96,5.432,3.5,1.282,0.0,11.6,62.1
1784032773.61,96,6.372,4.079,1.312,0.0,14.3,64.3
1784032773.61,96,5.241,-6.021,0.853,0.0,13.4,64.6
1784032773.712,97,1.497,-0.245,-0.406,0.0,12.6,62.5
1784032773.712,97,1.537,0.894,-0.191,0.0,13.1,66.2
1784032773.712,97,1.643,0.96,-0.253,0.0,15.6,72.1
1784032773.712,97,1.246,-1.568,0.133,0.0,11.5,75.3
1784032773.712,97,2.787,1.614,0.22,0.0,21.9,73.3
1784032773.712,97,5.294,3.706,1.281,0.0,11.6,62.1
1784032773.712,97,6.539,3.839,1.209,0.0,14.3,64.3
1784032773.712,97,5.237,-6.021,0.877,0.0,13.8,64.1
1784032773.813,98,1.505,-0.191,-0.176,0.0,12.6,62.5
1784032773.813,98,1.536,0.894,-0.203,0.0,12.5,66.9
1784032773.813,98,1.643,0.96,-0.255,0.0,15.5,72.3
1784032773.813,98,2.725,1.715,0.231,0.0,21.3,73.9
1784032773.813,98,5.413,3.5,1.359,0.0,12.6,61.8
1784032773.813,98,6.512,3.839,1.346,0.0,14.8,64.0
1784032773.813,98,5.502,-5.77,0.937,0.0,11.6,66.1
1784032773.914,99,1.495,-0.245,-0.414,0.0,12.4,62.9
1784032773.914,99,1.538,0.894,-0.189,0.0,13.0,66.3
1784032773.914,99,1.642,0.96,-0.26,0.0,15.7,72.0
1784032773.914,99,2.788,1.614,0.207,0.0,21.9,73.3
1784032773.914,99,5.454,3.5,1.188,0.0,12.0,62.1
1784032773.914,99,6.525,3.839,1.284,0.0,14.6,64.1
1784032773.914,99,5.227,-6.021,0.936,0.0,13.0,64.8
1784032774.015,100,1.485,-0.245,-0.45,0.0,12.9,62.7
1784032774.015,100,1.534,0.894,-0.217,0.0,12.6,66.7
1784032774.015,100,1.642,0.96,-0.262,0.0,15.3,72.3
1784032774.015,100,1.157,-1.631,0.176,0.0,11.5,75.4
1784032774.015,100,2.788,1.614,0.217,0.0,22.0,73.2
1784032774.015,100,5.454,3.5,1.185,0.0,11.3,62.2
1784032774.015,100,6.378,4.079,1.282,0.0,14.2,64.3
1784032774.015,100,5.509,-5.77,0.895,0.0,13.8,64.1
1784032774.116,101,0.287,0.443,-0.208,0.0,13.3,63.2
1784032774.116,101,0.491,0.071,-0.276,0.0,13.3,63.2
1784032774.116,101,1.498,-0.245,-0.402,0.0,12.0,63.4
1784032774.116,101,1.538,0.894,-0.188,0.0,12.3,67.1
1784032774.116,101,1.643,0.96,-0.251,0.0,15.5,72.3
1784032774.116,101,2.725,1.715,0.235,0.0,21.7,73.6
1784032774.116,101,5.396,3.5,1.425,0.0,12.0,62.2
1784032774.116,101,6.519,3.839,1.312,0.0,14.7,64.0
1784032774.116,101,5.507,-5.77,0.91,0.0,12.1,65.7
1784032774.217,102,1.506,-0.245,-0.372,0.0,12.4,62.8
1784032774.217,102,1.537,0.894,-0.193,0.0,12.7,66.6
1784032774.217,102,1.643,0.96,-0.253,0.0,15.3,72.4
1784032774.217,102,2.726,1.715,0.228,0.0,21.6,73.5
1784032774.217,102,5.425,3.5,1.312,0.0,12.3,61.7
1784032774.217,102,6.523,3.839,1.293,0.0,14.8,63.8
1784032774.217,102,5.225,-6.021,0.945,0.0,12.9,65.0
1784032774.319,103,1.494,-0.245,-0.417,0.0,12.3,62.6
1784032774.319,103,1.538,0.894,-0.187,0.0,13.0,66.3
1784032774.319,103,1.642,0.96,-0.261,0.0,15.6,72.2
1784032774.319,103,2.726,1.715,0.23,0.0,21.8,73.4
1784032774.319,103,6.526,3.839,1.278,0.0,14.1,64.4
1784032774.319,103,5.23,-6.021,0.92,0.0,13.4,64.5
1784032774.42,104,0.27,0.461,-0.191,0.0,13.4,63.2
1784032774.42,104,1.539,0.894,-0.181,0.0,13.3,66.1
1784032774.42,104,1.679,0.9,-0.238,0.0,15.6,72.3
1784032774.42,104,2.725,1.715,0.239,0.0,21.6,73.6
1784032774.42,104,5.428,3.5,1.298,0.0,11.6,62.6
1784032774.42,104,6.521,3.839,1.303,0.0,14.9,63.8
1784032774.42,104,5.224,-6.021,0.953,0.0,12.7,65.1
1784032774.522,105,1.513,-0.245,-0.344,0.0,12.1,62.9
1784032774.522,105,1.534,0.894,-0.217,0.0,12.4,66.8
1784032774.522,105,1.644,0.96,-0.246,0.0,15.5,72.2
1784032774.522,105,2.726,1.715,0.23,0.0,21.3,73.8
1784032774.522,105,5.437,3.5,1.262,0.0,11.8,62.4
1784032774.522,105,6.531,3.839,1.25,0.0,14.6,64.1
1784032774.522,105,5.231,-6.021,0.912,0.0,13.1,64.7
1784032774.623,106,1.503,-0.245,-0.384,0.0,12.8,62.4
1784032774.623,106,1.538,0.894,-0.183,0.0,12.7,66.6
1784032774.623,106,1.678,0.9,-0.242,0.0,15.3,72.5
1784032774.623,106,2.726,1.715,0.226,0.0,21.6,73.6
1784032774.623,106,5.453,3.5,1.19,0.0,12.0,62.1
1784032774.623,106,6.524,3.839,1.288,0.0,14.5,64.1
1784032774.623,106,5.236,-6.021,0.883,0.0,13.6,64.4
1784032774.725,107,1.5,-0.245,-0.395,0.0,13.5,61.7
1784032774.725,107,1.538,0.894,-0.188,0.0,13.3,66.0
1784032774.725,107,1.643,0.96,-0.252,0.0,15.6,72.2
1784032774.725,107,2.725,1.715,0.235,0.0,21.7,73.5
1784032774.725,107,5.291,3.706,1.294,0.0,12.4,61.8
1784032774.725,107,6.53,3.839,1.257,0.0,14.3,64.2
1784032774.725,107,5.231,-6.021,0.909,0.0,13.3,64.6
1784032774.826,108,1.51,-0.245,-0.355,0.0,12.3,62.8
1784032774.826,108,1.538,0.894,-0.181,0.0,12.9,66.5
1784032774.826,108,1.643,0.96,-0.251,0.0,15.7,72.1
1784032774.826,108,2.726,1.715,0.23,0.0,21.3,73.9
1784032774.826,108,5.44,3.5,1.248,0.0,12.8,61.5
1784032774.826,108,6.526,3.839,1.276,0.0,14.4,64.1
1784032774.826,108,5.233,-6.021,0.898,0.0,13.1,64.8
1784032774.928,109,1.501,-0.191,-0.206,0.0,12.5,62.4
1784032774.928,109,1.538,0.894,-0.188,0.0,12.7,66.6
1784032774.928,109,1.679,0.9,-0.239,0.0,15.7,72.1
1784032774.928,109,2.726,1.715,0.23,0.0,21.3,73.8
1784032774.928,109,5.432,3.5,1.282,0.0,12.3,61.7
1784032774.928,109,6.516,3.839,1.329,0.0,14.5,64.0
1784032774.928,109,5.504,-5.77,0.924,0.0,13.3,64.8
1784032775.029,110,1.508,-0.245,-0.366,0.0,13.1,62.2
1784032775.029,110,1.537,0.894,-0.19,0.0,13.0,66.3
1784032775.029,110,1.679,0.9,-0.239,0.0,15.5,72.3
1784032775.029,110,2.725,1.715,0.234,0.0,21.7,73.6
1784032775.029,110,5.431,3.5,1.286,0.0,11.7,62.2
1784032775.029,110,6.526,3.839,1.28,0.0,14.5,64.1
1784032775.029,110,5.227,-6.021,0.936,0.0,13.2,64.6
1784032775.13,111,1.505,-0.245,-0.375,0.0,13.1,62.0
1784032775.13,111,1.537,0.894,-0.192,0.0,12.9,66.4
1784032775.13,111,1.643,0.96,-0.251,0.0,15.5,72.3
1784032775.13,111,2.726,1.715,0.228,0.0,21.5,73.6
1784032775.13,111,5.426,3.5,1.308,0.0,12.4,61.7
1784032775.13,111,6.527,3.839,1.272,0.0,14.2,64.3
1784032775.13,111,5.227,-6.021,0.936,0.0,13.1,64.9
1784032775.233,112,0.267,0.461,-0.195,0.0,14.5,62.1
1784032775.233,112,1.496,-0.245,-0.412,0.0,13.4,61.9
1784032775.233,112,1.539,0.894,-0.177,0.0,13.1,66.2
1784032775.233,112,1.642,0.96,-0.258,0.0,15.5,72.2
1784032775.233,112,2.788,1.614,0.211,0.0,21.7,73.5
1784032775.233,112,5.426,3.5,1.307,0.0,12.2,62.1
1784032775.233,112,6.516,3.839,1.326,0.0,14.8,63.8
1784032775.233,112,5.499,-5.77,0.956,0.0,13.1,64.9
1784032775.334,113,1.493,-0.191,-0.259,0.0,12.9,62.1
1784032775.334,113,1.537,0.894,-0.191,0.0,13.1,66.2
1784032775.334,113,1.679,0.9,-0.236,0.0,15.6,72.1
1784032775.334,113,1.155,-1.631,0.184,0.0,11.6,75.3
1784032775.334,113,2.725,1.715,0.233,0.0,22.0,73.2
1784032775.334,113,5.29,3.706,1.298,0.0,12.0,62.1
1784032775.334,113,6.373,4.079,1.308,0.0,14.5,64.3
1784032775.334,113,5.505,-5.77,0.919,0.0,13.4,64.6
1784032775.435,114,1.491,-0.191,-0.268,0.0,12.7,62.2
1784032775.435,114,1.538,0.894,-0.187,0.0,12.9,66.3
1784032775.435,114,1.679,0.9,-0.236,0.0,15.5,72.2
1784032775.435,114,1.156,-1.631,0.182,0.0,11.7,75.2
1784032775.435,114,2.725,1.715,0.234,0.0,21.9,73.3
1784032775.435,114,5.447,3.5,1.219,0.0,12.1,62.3
1784032775.435,114,6.364,4.079,1.349,0.0,14.4,64.1
1784032775.435,114,5.233,-6.021,0.901,0.0,13.1,64.8
1784032775.536,115,1.486,-0.191,-0.294,0.0,13.1,62.0
1784032775.536,115,1.535,0.894,-0.207,0.0,13.3,66.0
1784032775.536,115,1.642,0.96,-0.261,0.0,15.5,72.0
1784032775.536,115,1.157,-1.631,0.171,0.0,11.8,75.1
1784032775.536,115,2.788,1.614,0.214,0.0,21.9,73.3
1784032775.536,115,5.466,3.5,1.129,0.0,11.7,62.3
1784032775.536,115,6.512,3.839,1.349,0.0,14.2,64.4
1784032775.536,115,5.503,-5.77,0.934,0.0,13.2,64.6
1784032775.637,116,1.501,-0.196,-0.417,0.0,13.0,62.4
1784032775.637,116,1.534,0.894,-0.213,0.0,13.2,66.1
1784032775.637,116,1.642,0.96,-0.262,0.0,15.5,72.0
1784032775.637,116,1.157,-1.631,0.172,0.0,11.7,75.2
1784032775.637,116,2.787,1.614,0.219,0.0,22.0,73.1
1784032775.637,116,5.444,3.5,1.233,0.0,11.3,62.3
1784032775.637,116,6.519,3.839,1.312,0.0,14.2,64.2
1784032775.637,116,5.514,-5.77,0.864,0.0,13.2,64.5
1784032775.737,117,1.494,-0.191,-0.254,0.0,12.4,62.6
1784032775.737,117,1.538,0.894,-0.185,0.0,12.5,66.7
1784032775.737,117,1.643,0.96,-0.256,0.0,15.4,72.3
1784032775.737,117,2.725,1.715,0.233,0.0,21.9,73.3
1784032775.737,117,5.44,3.5,1.248,0.0,12.0,62.2
1784032775.737,117,6.521,3.839,1.301,0.0,14.6,64.0
1784032775.737,117,5.507,-5.77,0.911,0.0,13.2,64.7
1784032775.838,118,1.492,-0.191,-0.265,0.0,12.6,62.4
1784032775.838,118,1.538,0.894,-0.187,0.0,12.5,66.7
1784032775.838,118,1.679,0.9,-0.237,0.0,15.3,72.4
1784032775.838,118,1.156,-1.631,0.183,0.0,11.7,75.2
1784032775.838,118,2.725,1.715,0.232,0.0,21.9,73.3
1784032775.838,118,5.308,3.706,1.223,0.0,12.5,61.9
1784032775.838,118,6.363,4.079,1.354,0.0,14.1,64.2
1784032775.838,118,5.241,-6.021,0.853,0.0,13.0,64.9
1784032775.94,119,1.497,-0.143,-0.264,0.0,12.8,62.3
1784032775.94,119,1.536,0.894,-0.204,0.0,12.7,66.6
1784032775.94,119,1.642,0.96,-0.262,0.0,15.3,72.4
1784032775.94,119,1.156,-1.631,0.178,0.0,11.6,75.2
1784032775.94,119,2.725,1.715,0.234,0.0,22.0,73.2
1784032775.94,119,5.44,3.5,1.249,0.0,11.4,62.6
1784032775.94,119,6.533,3.839,1.243,0.0,14.3,64.0
1784032775.94,119,5.515,-5.77,0.855,0.0,13.5,64.3
1784032776.041,120,1.485,-0.245,-0.449,0.0,12.5,62.7
1784032776.041,120,1.535,0.894,-0.205,0.0,12.9,66.4
1784032776.041,120,1.642,0.96,-0.261,0.0,15.4,72.1
1784032776.041,120,1.157,-1.631,0.174,0.0,11.8,75.0
1784032776.041,120,2.788,1.614,0.215,0.0,21.9,73.3
1784032776.041,120,5.467,3.5,1.124,0.0,11.4,62.6
1784032776.041,120,6.526,3.839,1.276,0.0,14.6,64.0
1784032776.041,120,5.506,-5.77,0.915,0.0,13.2,64.6
1784032776.092,121,1.491,-0.191,-0.266,0.0,13.1,61.9
1784032776.092,121,1.537,0.894,-0.197,0.0,13.0,66.3
1784032776.092,121,1.643,0.96,-0.256,0.0,15.3,72.3
1784032776.092,121,1.156,-1.631,0.18,0.0,11.6,75.3
1784032776.092,121,2.725,1.715,0.237,0.0,22.0,73.2
1784032776.092,121,5.299,3.706,1.259,0.0,12.3,61.9
1784032776.092,121,6.37,4.079,1.321,0.0,14.3,64.2
1784032776.092,121,5.236,-6.021,0.88,0.0,13.2,64.6
1784032776.244,122,1.494,-0.191,-0.254,0.0,12.6,62.4
1784032776.244,122,1.537,0.894,-0.194,0.0,12.9,66.3
1784032776.244,122,1.642,0.96,-0.259,0.0,15.4,72.3
1784032776.244,122,1.155,-1.631,0.185,0.0,11.6,75.3
1784032776.244,122,2.726,1.715,0.23,0.0,22.0,73.2
1784032776.244,122,5.292,3.706,1.288,0.0,11.8,62.2
1784032776.244,122,6.522,3.839,1.295,0.0,14.5,64.1
1784032776.244,122,5.245,-6.021,0.829,0.0,13.2,64.6
1784032776.346,123,1.497,-0.196,-0.433,0.0,12.5,62.8
1784032776.346,123,1.535,0.894,-0.21,0.0,12.6,66.7
1784032776.346,123,1.642,0.96,-0.257,0.0,15.3,72.2
1784032776.346,123,1.157,-1.631,0.171,0.0,11.7,75.2
1784032776.346,123,2.788,1.614,0.216,0.0,21.9,73.3
1784032776.346,123,5.338,3.706,1.082,0.0,11.6,62.3
1784032776.346,123,6.519,3.839,1.311,0.0,14.3,64.1
1784032776.346,123,5.506,-5.77,0.915,0.0,13.2,64.5
1784032776.402,124,1.494,-0.245,-0.418,0.0,12.5,62.5
1784032776.402,124,1.537,0.894,-0.196,0.0,12.7,66.6
1784032776.402,124,1.643,0.96,-0.255,0.0,15.3,72.4
1784032776.402,124,1.155,-1.631,0.185,0.0,11.6,75.3
1784032776.402,124,2.725,1.715,0.236,0.0,21.8,73.4
1784032776.402,124,5.269,3.706,1.38,0.0,11.4,62.5
1784032776.402,124,6.521,3.839,1.304,0.0,14.4,64.1
1784032776.402,124,5.228,-6.021,0.931,0.0,13.2,64.7
1784032776.503,125,1.491,-0.191,-0.267,0.0,12.2,62.7
1784032776.503,125,1.536,0.894,-0.198,0.0,12.9,66.4
1784032776.503,125,1.642,0.96,-0.259,0.0,15.5,72.2
1784032776.503,125,1.155,-1.631,0.186,0.0,11.6,75.3
1784032776.503,125,2.726,1.715,0.227,0.0,21.9,73.3
1784032776.503,125,5.45,3.5,1.204,0.0,11.6,62.3
1784032776.503,125,6.519,3.839,1.314,0.0,13.8,64.6
1784032776.503,125,5.501,-5.77,0.942,0.0,13.4,64.5
1784032776.604,126,1.506,0.95,-0.172,0.0,13.0,66.3
1784032776.604,126,1.642,0.96,-0.259,0.0,15.5,72.0
1784032776.604,126,1.158,-1.631,0.168,0.0,11.8,75.1
1784032776.604,126,2.788,1.614,0.217,0.0,21.9,73.3
1784032776.604,126,5.323,3.706,1.157,0.0,11.7,62.4
1784032776.604,126,6.505,3.839,1.38,0.0,14.0,64.5
1784032776.604,126,5.503,-5.77,0.933,0.0,13.1,64.7
1784032776.707,127,1.492,-0.191,-0.261,0.0,12.5,62.6
1784032776.707,127,1.595,0.151,0.199,0.0,12.1,62.2
1784032776.707,127,1.535,0.894,-0.205,0.0,13.0,66.3
1784032776.707,127,1.679,0.9,-0.237,0.0,15.5,72.2
1784032776.707,127,1.156,-1.631,0.182,0.0,11.6,75.3
1784032776.707,127,2.725,1.715,0.234,0.0,22.0,73.2
1784032776.707,127,6.366,4.079,1.339,0.0,14.6,64.0
1784032776.707,127,5.242,-6.021,0.849,0.0,13.8,64.0
1784032776.808,128,1.487,-0.245,-0.442,0.0,12.5,62.5
1784032776.808,128,1.537,0.894,-0.19,0.0,12.8,66.4
1784032776.808,128,1.642,0.96,-0.259,0.0,15.4,72.2
1784032776.808,128,1.156,-1.631,0.181,0.0,11.6,75.3
1784032776.808,128,2.725,1.715,0.232,0.0,22.0,73.2
1784032776.808,128,5.292,3.706,1.291,0.0,11.7,62.3
1784032776.808,128,6.357,4.079,1.383,0.0,14.2,64.3
1784032776.808,128,5.501,-5.77,0.945,0.0,13.2,64.6
1784032776.909,129,1.495,-0.143,-0.274,0.0,13.2,61.9
1784032776.909,129,1.481,-0.239,-0.288,0.0,13.2,61.9
1784032776.909,129,1.535,0.894,-0.207,0.0,13.2,66.0
1784032776.909,129,1.642,0.96,-0.258,0.0,15.5,72.1
1784032776.909,129,1.156,-1.631,0.182,0.0,11.6,75.3
1784032776.909,129,2.725,1.715,0.235,0.0,21.9,73.3
1784032776.909,129,5.469,3.5,1.116,0.0,11.8,62.1
1784032776.909,129,6.512,3.839,1.347,0.0,14.2,64.2
1784032776.909,129,5.508,-5.77,0.903,0.0,13.1,64.6
1784032777.01,130,1.498,-0.143,-0.259,0.0,12.7,62.5
1784032777.01,130,1.536,0.894,-0.199,0.0,12.8,66.5
1784032777.01,130,1.642,0.96,-0.259,0.0,15.5,72.2
1784032777.01,130,1.156,-1.631,0.178,0.0,11.6,75.3
1784032777.01,130,2.725,1.715,0.233,0.0,22.0,73.2
1784032777.01,130,5.292,3.706,1.289,0.0,11.8,62.2
1784032777.01,130,6.363,4.079,1.356,0.0,14.5,64.0
1784032777.01,130,5.5,-5.77,0.949,0.0,13.8,64.6
1784032777.112,131,1.488,-0.245,-0.44,0.0,13.4,61.8
1784032777.112,131,1.537,0.894,-0.194,0.0,13.3,66.0
1784032777.112,131,1.643,0.96,-0.254,0.0,15.6,72.0
1784032777.112,131,1.156,-1.631,0.18,0.0,11.7,75.2
1784032777.112,131,2.725,1.715,0.234,0.0,21.9,73.3
1784032777.112,131,5.31,3.706,1.214,0.0,12.3,62.0
1784032777.112,131,6.359,4.079,1.372,0.0,14.7,63.9
1784032777.112,131,5.489,-5.77,1.01,0.0,13.5,64.8
1784032777.213,132,1.489,-0.245,-0.436,0.0,13.3,62.0
1784032777.213,132,1.537,0.894,-0.196,0.0,13.0,66.2
1784032777.213,132,1.642,0.96,-0.258,0.0,15.8,71.9
1784032777.213,132,1.155,-1.631,0.185,0.0,11.7,75.2
1784032777.213,132,2.725,1.715,0.233,0.0,21.8,73.4
1784032777.213,132,5.313,3.706,1.201,0.0,12.0,61.9
1784032777.213,132,6.369,4.079,1.326,0.0,14.2,64.3
1784032777.213,132,5.502,-5.77,0.939,0.0,13.9,64.5
1784032777.314,133,1.484,-0.245,-0.452,0.0,12.8,62.4
1784032777.314,133,1.536,0.894,-0.2,0.0,12.8,66.5
1784032777.314,133,1.642,0.96,-0.26,0.0,15.5,72.1
1784032777.314,133,1.156,-1.631,0.181,0.0,11.6,75.2
1784032777.314,133,2.725,1.715,0.232,0.0,22.0,73.2
1784032777.314,133,5.301,3.706,1.254,0.0,12.1,61.9
1784032777.314,133,6.528,3.839,1.269,0.0,13.9,64.4
1784032777.314,133,5.234,-6.021,0.897,0.0,14.1,64.4
1784032777.416,134,1.488,-0.245,-0.438,0.0,13.1,62.1
1784032777.416,134,1.537,0.894,-0.191,0.0,12.9,66.3
1784032777.416,134,1.643,0.96,-0.256,0.0,15.5,72.2
1784032777.416,134,1.156,-1.631,0.182,0.0,11.6,75.3
1784032777.416,134,2.725,1.715,0.234,0.0,21.8,73.4
1784032777.416,134,5.306,3.706,1.23,0.0,12.1,62.0
1784032777.416,134,6.364,4.079,1.348,0.0,14.6,64.0
1784032777.416,134,5.492,-5.77,0.997,0.0,14.3,64.3
1784032777.517,135,1.488,-0.245,-0.439,0.0,12.5,62.7
1784032777.517,135,1.537,0.894,-0.197,0.0,12.0,67.2
1784032777.517,135,1.679,0.9,-0.238,0.0,15.4,72.3
1784032777.517,135,1.156,-1.631,0.18,0.0,11.5,75.3
1784032777.517,135,2.726,1.715,0.231,0.0,21.8,73.4
1784032777.517,135,5.264,3.706,1.4,0.0,11.6,62.2
1784032777.517,135,6.366,4.079,1.341,0.0,14.3,64.1
1784032777.517,135,5.23,-6.021,0.916,0.0,14.1,64.4
1784032777.618,136,1.484,-0.245,-0.453,0.0,11.7,63.7
1784032777.618,136,1.536,0.894,-0.199,0.0,11.7,67.5
1784032777.618,136,1.643,0.96,-0.253,0.0,15.4,72.2
1784032777.618,136,1.157,-1.631,0.174,0.0,11.6,75.3
1784032777.618,136,2.788,1.614,0.217,0.0,21.9,73.3
1784032777.618,136,5.303,3.706,1.245,0.0,11.5,62.5
1784032777.618,136,6.527,3.839,1.274,0.0,14.2,64.2
1784032777.618,136,5.229,-6.021,0.922,0.0,14.1,64.0
1784032777.719,137,1.643,0.96,-0.254,0.0,15.6,72.1
1784032777.719,137,1.155,-1.631,0.187,0.0,11.5,75.3
1784032777.719,137,2.725,1.715,0.232,0.0,21.8,73.4
1784032777.719,137,5.32,3.706,1.168,0.0,11.8,62.4
1784032777.719,137,6.363,4.079,1.352,0.0,14.2,64.3
1784032777.719,137,5.222,-6.021,0.964,0.0,14.6,63.7
1784032777.821,138,1.488,-0.245,-0.44,0.0,11.6,63.7
1784032777.821,138,1.536,0.894,-0.2,0.0,11.6,67.7
1784032777.821,138,1.641,0.96,-0.264,0.0,15.6,72.1
1784032777.821,138,1.156,-1.631,0.182,0.0,11.5,75.3
1784032777.821,138,2.726,1.715,0.231,0.0,21.9,73.3
1784032777.821,138,5.302,3.706,1.25,0.0,11.9,62.1
1784032777.821,138,6.364,4.079,1.347,0.0,14.0,64.5
1784032777.821,138,5.211,-6.021,1.019,0.0,13.3,64.0
1784032777.923,139,1.487,-0.245,-0.441,0.0,13.4,61.9
1784032777.923,139,1.537,0.894,-0.196,0.0,13.1,66.1
1784032777.923,139,1.642,0.96,-0.259,0.0,15.3,72.2
1784032777.923,139,1.157,-1.631,0.173,0.0,11.6,75.3
1784032777.923,139,2.788,1.614,0.216,0.0,22.0,73.2
1784032777.923,139,5.322,3.706,1.157,0.0,11.6,62.3
1784032777.923,139,6.529,3.839,1.26,0.0,14.2,64.3
1784032777.923,139,5.484,-5.77,1.039,0.0,13.4,64.1
1784032778.026,140,1.493,-0.191,-0.256,0.0,13.4,61.7
1784032778.026,140,1.537,0.894,-0.191,0.0,12.7,66.5
1784032778.026,140,1.643,0.96,-0.256,0.0,14.9,72.8
1784032778.026,140,1.155,-1.631,0.185,0.0,11.4,75.4
1784032778.026,140,2.725,1.715,0.234,0.0,21.8,73.4
1784032778.026,140,5.305,3.706,1.233,0.0,11.7,62.2
1784032778.026,140,6.366,4.079,1.341,0.0,13.8,64.8
1784032778.026,140,5.218,-6.021,0.981,0.0,14.2,64.3
1784032778.128,141,1.496,-0.143,-0.272,0.0,12.6,62.5
1784032778.128,141,1.535,0.894,-0.205,0.0,13.2,66.1
1784032778.128,141,1.642,0.96,-0.259,0.0,15.8,71.8
1784032778.128,141,1.156,-1.631,0.179,0.0,11.8,75.1
1784032778.128,141,2.725,1.715,0.233,0.0,21.8,73.4
1784032778.128,141,5.293,3.706,1.285,0.0,12.0,61.9
1784032778.128,141,6.362,4.079,1.36,0.0,14.3,64.2
1784032778.128,141,5.213,-6.021,1.011,0.0,13.5,64.2
1784032778.229,142,1.486,-0.245,-0.447,0.0,12.9,62.4
1784032778.229,142,1.536,0.894,-0.2,0.0,12.3,67.0
1784032778.229,142,1.642,0.96,-0.261,0.0,15.3,72.3
1784032778.229,142,1.156,-1.631,0.178,0.0,11.5,75.4
1784032778.229,142,2.725,1.715,0.234,0.0,22.0,73.2
1784032778.229,142,5.319,3.706,1.171,0.0,11.7,62.1
1784032778.229,142,6.375,4.079,1.295,0.0,14.2,64.3
1784032778.229,142,5.222,-6.021,0.963,0.0,12.1,63.6
1784032778.33,143,1.643,0.96,-0.255,0.0,15.5,72.2
1784032778.33,143,1.155,-1.631,0.183,0.0,11.6,75.3
1784032778.33,143,2.725,1.715,0.232,0.0,21.9,73.3
1784032778.33,143,5.301,3.706,1.253,0.0,11.5,62.2
1784032778.33,143,6.363,4.079,1.353,0.0,13.9,64.7
1784032778.432,144,1.537,0.894,-0.191,0.0,12.8,66.4
1784032778.432,144,1.643,0.96,-0.255,0.0,15.6,72.1
1784032778.432,144,1.155,-1.631,0.184,0.0,11.7,75.2
1784032778.432,144,2.725,1.715,0.231,0.0,22.0,73.2
1784032778.432,144,5.302,3.706,1.248,0.0,12.1,61.8
1784032778.432,144,6.365,4.079,1.343,0.0,14.3,64.3
1784032778.534,145,1.492,-0.191,-0.266,0.0,12.7,62.4
1784032778.534,145,1.536,0.894,-0.201,0.0,12.6,66.7
1784032778.534,145,1.642,0.96,-0.26,0.0,15.4,72.2
1784032778.534,145,1.156,-1.631,0.183,0.0,11.6,75.3
1784032778.534,145,2.725,1.715,0.232,0.0,22.1,73.1
1784032778.534,145,5.446,3.5,1.221,0.0,12.1,61.8
1784032778.534,145,6.364,4.079,1.35,0.0,14.3,64.1
1784032778.534,145,3.016,-3.261,0.925,-0.406,16.2,53.7
1784032778.636,146,1.492,-0.191,-0.261,0.0,13.1,62.2
1784032778.636,146,1.537,0.894,-0.196,0.0,13.2,66.0
1784032778.636,146,1.642,0.96,-0.258,0.0,15.2,72.4
1784032778.636,146,1.156,-1.631,0.18,0.0,11.5,75.3
1784032778.636,146,2.725,1.715,0.233,0.0,21.6,73.6
1784032778.636,146,5.451,3.5,1.197,0.0,12.1,62.1
1784032778.636,146,6.355,4.079,1.389,0.0,14.4,64.1
1784032778.636,146,3.004,-2.969,0.902,-0.162,14.2,54.6
1784032778.738,147,1.485,-0.245,-0.448,0.0,13.1,62.4
1784032778.738,147,1.537,0.894,-0.193,0.0,12.7,66.5
1784032778.738,147,1.643,0.96,-0.256,0.0,15.3,72.3
1784032778.738,147,1.247,-1.568,0.118,0.0,11.5,75.4
1784032778.738,147,2.725,1.715,0.233,0.0,21.5,73.7
1784032778.738,147,5.451,3.5,1.198,0.0,11.9,62.2
1784032778.738,147,6.359,4.079,1.372,0.0,14.6,63.9
1784032778.738,147,3.013,-2.969,0.873,0.162,17.1,51.4
1784032778.738,147,3.084,-3.089,1.068,-0.243,19.8,54.3
1784032778.789,148,1.482,-0.245,-0.459,0.0,12.8,62.6
1784032778.789,148,1.537,0.894,-0.192,0.0,12.5,66.7
1784032778.789,148,1.643,0.96,-0.255,0.0,15.0,72.6
1784032778.789,148,1.247,-1.568,0.123,0.0,11.5,75.4
1784032778.789,148,2.725,1.715,0.236,0.0,21.9,73.3
1784032778.789,148,5.3,3.706,1.257,0.0,12.0,61.9
1784032778.789,148,6.356,4.079,1.384,0.0,14.3,64.2
1784032778.94,149,1.643,0.96,-0.256,0.0,15.2,72.3
1784032778.94,149,1.247,-1.568,0.121,0.0,11.6,75.3
1784032778.94,149,2.725,1.715,0.233,0.0,21.8,73.4
1784032778.94,149,5.323,3.706,1.155,0.0,12.7,61.5
1784032778.94,149,6.36,4.079,1.368,0.0,14.6,63.8
1784032778.94,149,5.223,-6.021,0.954,0.0,11.5,64.5
1784032778.94,149,3.052,-3.059,1.061,-0.406,20.1,53.4
1784032779.042,150,1.534,0.894,-0.215,0.0,11.5,67.7
1784032779.042,150,1.642,0.96,-0.259,0.0,15.6,71.9
1784032779.042,150,1.247,-1.568,0.119,0.0,11.6,75.2
1784032779.042,150,2.725,1.715,0.234,0.0,21.9,73.3
1784032779.042,150,5.492,3.5,0.994,0.0,11.8,61.8
1784032779.042,150,6.358,4.079,1.377,0.0,15.0,63.6
1784032779.042,150,5.246,-6.021,0.821,0.0,12.3,65.0
1784032779.042,150,0.727,1.028,0.122,0.325,27.8,47.5
1784032779.042,150,3.087,-2.999,0.714,-0.487,21.3,51.2
1784032779.042,150,2.963,-3.199,0.89,-0.325,18.8,56.6
1784032779.092,151,1.493,-0.245,-0.422,0.0,12.9,62.3
1784032779.092,151,1.536,0.894,-0.201,0.0,12.5,66.8
1784032779.092,151,1.643,0.96,-0.254,0.0,15.3,72.3
1784032779.092,151,1.246,-1.568,0.127,0.0,11.5,75.4
1784032779.092,151,2.725,1.715,0.237,0.0,22.0,73.2
1784032779.092,151,5.303,3.706,1.245,0.0,11.4,62.3
1784032779.092,151,6.525,3.839,1.284,0.0,14.6,63.9
1784032779.092,151,5.249,-6.021,0.798,0.0,12.6,65.1
1784032779.092,151,3.008,-2.969,0.89,-0.487,19.9,53.4
1784032779.092,151,0.748,0.954,0.148,-0.406,26.0,53.5
1784032779.092,151,2.195,3.571,0.583,-0.243,14.5,54.8
1784032779.194,152,0.282,0.443,-0.214,0.0,13.3,63.1
1784032779.194,152,1.496,-0.245,-0.412,0.0,13.1,62.1
1784032779.194,152,1.536,0.894,-0.202,0.0,13.4,65.9
1784032779.194,152,1.643,0.96,-0.255,0.0,15.5,72.2
1784032779.194,152,1.245,-1.568,0.135,0.0,11.5,75.3
1784032779.194,152,2.788,1.614,0.214,0.0,21.7,73.5
1784032779.194,152,5.441,3.5,1.242,0.0,12.0,62.0
1784032779.194,152,6.524,3.839,1.288,0.0,14.5,64.0
1784032779.194,152,5.236,-6.021,0.88,0.0,13.0,64.5
1784032779.194,152,1.046,0.611,-0.162,0.162,22.9,48.7
1784032779.194,152,0.997,0.626,0.053,0.406,29.5,49.3
1784032779.194,152,3.192,-2.806,0.466,-0.568,19.7,53.4
1784032779.345,153,1.536,0.894,-0.199,0.0,12.9,66.4
1784032779.345,153,1.642,0.96,-0.259,0.0,15.6,72.1
1784032779.345,153,1.155,-1.631,0.187,0.0,11.6,75.3
1784032779.345,153,2.725,1.715,0.237,0.0,22.0,73.2
1784032779.345,153,6.521,3.839,1.301,0.0,14.7,63.8
1784032779.345,153,5.254,-6.021,0.768,0.0,13.1,64.0
1784032779.345,153,0.886,0.556,0.042,0.081,11.6,62.9
1784032779.345,153,0.888,0.614,0.155,0.243,27.5,48.7
1784032779.345,153,3.049,-2.749,0.833,-0.649,19.2,53.7
1784032779.345,153,1.42,2.216,1.056,-0.568,12.5,55.9
1784032779.396,154,1.485,-0.245,-0.448,0.0,13.1,62.0
1784032779.396,154,1.536,0.894,-0.2,0.0,13.3,66.0
1784032779.396,154,1.642,0.96,-0.258,0.0,15.4,72.2
1784032779.396,154,1.246,-1.568,0.134,0.0,11.6,75.3
1784032779.396,154,2.725,1.715,0.233,0.0,22.3,72.9
1784032779.396,154,6.372,4.079,1.31,0.0,15.0,63.6
1784032779.396,154,0.775,0.487,0.052,0.081,22.2,59.0
1784032779.396,154,0.254,0.207,0.12,0.568,14.2,60.9
1784032779.396,154,0.476,0.674,0.085,-0.568,15.6,53.1
1784032779.396,154,2.934,-2.849,0.672,-0.568,20.9,53.6
1784032779.396,154,0.398,0.638,0.226,-0.487,12.4,56.2
1784032779.498,155,0.267,0.443,-0.233,0.0,13.4,63.0
1784032779.498,155,1.492,-0.245,-0.424,0.0,13.1,62.2
1784032779.498,155,1.535,0.894,-0.211,0.0,12.8,66.5
1784032779.498,155,1.641,0.96,-0.265,0.0,15.4,72.3
1784032779.498,155,2.726,1.715,0.219,0.0,21.8,73.3
1784032779.498,155,6.516,3.839,1.327,0.0,14.1,62.3
1784032779.498,155,0.699,0.44,-0.065,0.406,28.6,48.1
1784032779.498,155,0.435,0.545,0.019,-0.487,21.3,54.3
1784032779.498,155,2.77,-3.042,0.992,-0.487,14.3,56.5
1784032779.498,155,0.265,0.443,0.235,-0.406,18.7,52.7
1784032779.6,156,1.494,-0.191,-0.251,0.0,13.0,62.1
1784032779.6,156,1.533,0.894,-0.222,0.0,12.8,66.2
1784032779.6,156,1.642,0.96,-0.262,0.0,15.3,72.3
1784032779.6,156,1.247,-1.568,0.12,0.0,11.7,75.3
1784032779.6,156,2.729,1.715,0.181,0.0,21.9,73.2
1784032779.6,156,6.537,3.861,1.411,0.0,12.3,61.9
1784032779.6,156,0.431,0.491,0.043,-0.406,24.2,54.8
1784032779.6,156,2.745,-2.916,0.649,-0.406,20.8,56.2
1784032779.6,156,0.252,0.393,0.237,-0.325,18.7,57.6
1784032779.6,156,0.576,0.515,0.138,-0.243,21.3,53.3
1784032779.701,157,0.626,0.466,0.087,0.0,14.3,62.2
1784032779.701,157,1.474,-0.245,-0.484,0.0,13.3,62.2
1784032779.701,157,1.5,0.95,-0.219,0.0,13.3,66.3
1784032779.701,157,1.645,0.96,-0.243,0.0,15.5,72.2
1784032779.701,157,1.248,-1.568,0.11,0.0,11.3,75.4
1784032779.701,157,2.788,1.614,0.215,0.0,22.0,73.1
1784032779.701,157,2.783,-2.76,0.868,-0.406,22.3,53.6
1784032779.701,157,2.945,-2.849,0.621,-0.406,15.8,55.7
1784032779.701,157,0.461,0.524,-0.029,-0.325,23.4,55.3
1784032779.701,157,0.328,0.443,0.133,-0.243,23.7,60.0
1784032779.802,158,1.491,-0.143,-0.296,0.0,13.4,61.8
1784032779.802,158,1.533,0.894,-0.22,0.0,13.9,66.6
1784032779.802,158,1.638,0.96,-0.287,0.0,15.7,72.1
1784032779.802,158,1.158,-1.631,0.165,0.0,11.6,75.3
1784032779.802,158,2.717,1.715,0.318,0.0,23.5,73.3
1784032779.802,158,6.526,3.861,1.46,0.0,12.2,61.1
1784032779.802,158,0.64,0.442,0.112,0.243,30.4,49.4
1784032779.802,158,2.717,-2.854,0.49,-0.406,23.6,51.5
1784032779.802,158,0.404,0.47,0.209,-0.243,19.6,55.8
1784032779.802,158,0.302,0.425,0.044,-0.162,22.4,62.0
1784032779.903,159,1.502,-0.196,-0.417,0.0,13.9,61.0
1784032779.903,159,1.598,-0.053,-0.583,0.0,14.8,62.3
1784032779.903,159,1.541,0.894,-0.154,0.0,15.5,66.2
1784032779.903,159,1.629,0.96,-0.332,0.0,16.8,72.2
1784032779.903,159,2.724,1.715,0.25,0.0,21.2,73.3
1784032779.903,159,0.688,0.44,0.142,0.406,36.7,45.8
1784032779.903,159,2.685,-2.822,0.493,-0.487,20.2,54.9
1784032779.903,159,0.411,0.39,0.032,-0.162,26.7,59.9
1784032780.004,160,1.496,-0.196,-0.436,0.0,14.1,61.3
1784032780.004,160,1.609,-0.053,-0.552,0.0,14.7,62.4
1784032780.004,160,1.233,-1.568,0.224,0.0,12.5,74.4
1784032780.004,160,7.539,2.233,1.11,0.0,11.9,59.7
1784032780.004,160,0.723,0.464,0.154,0.162,20.8,49.8
1784032780.004,160,2.72,-2.67,0.743,-0.568,21.3,53.0
1784032780.004,160,4.194,-4.359,0.429,-0.568,13.1,51.4
1784032780.004,160,2.031,0.904,-0.084,-0.325,17.2,61.8
1784032780.004,160,2.539,-1.134,0.247,-0.325,12.7,60.8
1784032780.004,160,1.997,1.92,0.351,-0.325,12.7,60.8
1784032780.004,160,0.249,0.354,-0.05,-0.243,24.7,59.6
1784032780.004,160,0.408,0.327,0.03,-0.162,24.8,60.5
1784032780.105,161,0.279,0.314,0.119,0.0,17.4,66.8
1784032780.105,161,1.501,-0.196,-0.417,0.0,14.1,61.5
1784032780.105,161,1.617,-0.053,-0.526,0.0,15.1,62.1
1784032780.105,161,1.229,-1.568,0.241,0.0,12.7,73.9
1784032780.105,161,7.458,2.481,1.129,0.0,12.0,59.2
1784032780.105,161,0.435,0.278,0.087,0.081,22.5,64.4
1784032780.105,161,2.527,-2.76,0.86,-0.487,17.8,56.8
1784032780.105,161,2.685,-2.822,0.491,-0.487,14.8,56.5
1784032780.105,161,0.878,1.399,-0.146,-0.162,19.4,52.1
1784032780.105,161,2.064,-1.528,-0.172,-0.162,12.1,64.9
1784032780.105,161,3.492,-2.59,-0.358,-0.162,18.2,58.3
1784032780.207,162,0.329,0.286,-0.014,0.0,15.8,68.4
1784032780.207,162,1.598,0.151,0.172,0.0,14.1,61.7
1784032780.207,162,1.718,-0.055,-0.303,0.0,11.6,64.5
1784032780.207,162,1.215,-1.568,0.306,0.0,12.2,74.4
1784032780.207,162,0.451,0.245,0.104,0.081,21.0,63.9
1784032780.207,162,2.637,-2.61,0.803,-0.325,18.6,56.2
1784032780.207,162,2.524,-3.01,0.823,-0.243,12.8,58.9
1784032780.207,162,0.811,0.3,0.118,-0.162,25.8,50.5
1784032780.207,162,1.961,-0.954,-0.022,-0.162,14.1,65.7
1784032780.207,162,3.291,-2.863,0.085,-0.081,15.0,63.4
1784032780.309,163,1.504,0.245,0.379,0.0,15.4,60.5
1784032780.309,163,1.67,-0.055,-0.503,0.0,13.6,63.7
1784032780.309,163,5.23,-6.021,0.919,0.0,11.4,57.9
1784032780.309,163,0.275,0.286,-0.182,0.081,15.7,68.6
1784032780.309,163,0.79,0.687,0.024,0.162,12.6,52.9
1784032780.309,163,2.626,-2.58,0.728,-0.162,19.3,58.2
1784032780.309,163,0.833,0.218,0.144,-0.081,25.3,57.2
1784032780.309,163,3.168,-2.999,0.008,-0.081,11.6,62.7
1784032780.309,163,4.224,1.091,-0.057,-0.081,11.6,62.7
1784032780.409,164,0.5,0.266,0.03,0.0,14.5,64.2
1784032780.409,164,0.302,-0.443,0.185,0.0,14.5,64.2
1784032780.409,164,0.66,0.218,-0.063,0.0,12.8,61.5
1784032780.409,164,1.473,0.454,0.481,0.0,18.3,59.6
1784032780.409,164,1.608,-0.106,-0.546,0.0,16.7,61.4
1784032780.409,164,5.527,-5.77,0.78,0.0,14.5,57.0
1784032780.409,164,0.403,0.15,-0.074,0.081,15.6,65.9
1784032780.409,164,3.149,2.357,-0.537,0.162,12.6,60.3
1784032780.409,164,2.179,1.772,-0.388,0.243,13.5,55.7
1784032780.409,164,2.793,2.236,-0.022,0.243,13.0,57.2
1784032780.409,164,0.796,0.181,0.144,-0.243,31.8,48.5
1784032780.409,164,2.261,0.75,0.291,-0.243,19.3,54.5
1784032780.409,164,1.447,-1.875,0.388,-0.243,19.3,54.5
1784032780.51,165,0.4,0.225,0.141,0.0,14.7,69.4
1784032780.51,165,0.25,0.39,-0.125,0.0,14.7,69.4
1784032780.51,165,0.595,0.266,0.059,0.0,14.4,64.9
1784032780.51,165,1.575,0.252,0.251,0.0,17.1,60.9
1784032780.51,165,1.689,-0.0,-0.439,0.0,13.1,64.2
1784032780.51,165,1.326,-1.505,0.064,0.0,12.0,75.3
1784032780.51,165,5.219,-6.021,0.979,0.0,14.6,57.3
1784032780.51,165,0.816,0.13,0.068,-0.325,30.8,48.1
1784032780.51,165,2.214,0.736,0.33,-0.243,21.8,53.3
1784032780.51,165,1.389,-1.841,0.483,-0.243,21.8,53.3
1784032780.612,166,0.358,0.315,0.051,0.0,22.2,67.0
1784032780.612,166,1.558,0.202,0.372,0.0,13.5,62.1
1784032780.612,166,1.44,-0.303,-0.664,0.0,13.5,62.1
1784032780.612,166,1.655,-0.053,-0.393,0.0,13.5,63.6
1784032780.612,166,1.322,-1.505,0.123,0.0,12.4,74.8
1784032780.612,166,5.252,-6.021,0.783,0.0,14.3,57.6
1784032780.612,166,0.881,0.229,0.108,-0.325,19.1,50.0
1784032780.612,166,0.753,0.147,0.169,-0.243,30.1,52.0
1784032780.612,166,0.512,0.23,0.078,-0.081,21.1,63.6
1784032780.714,167,0.333,0.345,-0.021,0.0,17.2,71.3
1784032780.714,167,1.416,-0.454,-0.628,0.0,16.2,60.7
1784032780.714,167,4.965,-6.272,0.675,0.0,13.8,56.8
1784032780.714,167,0.76,0.172,0.095,0.081,24.2,56.9
1784032780.714,167,0.525,0.213,0.02,-0.081,19.2,63.9
1784032780.815,168,0.302,0.314,0.023,0.0,19.6,69.0
1784032780.815,168,0.513,0.23,0.076,0.0,18.8,66.4
1784032780.815,168,1.501,-0.239,-0.15,0.0,12.4,62.8
1784032780.815,168,1.503,-0.143,-0.228,0.0,12.4,62.8
1784032780.815,168,1.532,-0.053,-0.739,0.0,13.5,63.6
1784032780.815,168,4.937,-6.272,0.859,0.0,13.0,58.3
1784032780.815,168,4.841,-0.515,-2.553,0.081,11.9,58.5
1784032780.815,168,0.746,0.221,0.103,0.162,32.7,53.6
1784032780.917,169,1.556,0.252,0.347,0.0,14.2,62.2
1784032780.917,169,1.702,-0.0,-0.384,0.0,12.7,64.9
1784032780.917,169,4.973,-6.272,0.612,0.0,14.0,57.9
1784032780.917,169,0.748,0.196,0.135,0.081,24.4,60.2
1784032780.917,169,2.446,-2.847,0.567,0.081,12.9,68.7
1784032781.018,170,0.28,0.327,0.068,0.0,11.7,75.9
1784032781.018,170,1.483,-0.245,-0.456,0.0,14.6,63.1
1784032781.018,170,1.604,-0.053,-0.566,0.0,12.9,64.2
1784032781.018,170,4.979,-6.272,0.562,0.0,13.5,57.7
1784032781.018,170,2.549,-2.728,0.684,0.081,11.4,68.6
1784032781.018,170,3.771,-0.119,-0.413,0.081,11.4,68.6
1784032781.018,170,0.695,0.232,0.116,-0.081,23.3,61.8
1784032781.018,170,0.826,0.258,0.301,-0.081,14.0,60.0
1784032781.119,171,0.269,0.341,0.042,0.0,17.4,70.5
1784032781.119,171,1.469,-0.196,-0.52,0.0,15.6,62.2
1784032781.119,171,1.603,-0.0,-0.571,0.0,13.9,63.0
1784032781.119,171,1.926,-1.113,0.075,0.0,12.1,75.3
1784032781.119,171,4.966,-6.272,0.669,0.0,13.3,57.7
1784032781.119,171,0.69,0.255,0.092,-0.162,30.0,56.7
1784032781.119,171,0.789,0.27,0.476,-0.162,13.5,53.2
1784032781.22,172,0.25,0.354,0.047,0.0,16.6,68.6
1784032781.22,172,0.444,0.262,0.09,0.0,21.3,65.8
1784032781.22,172,1.419,-0.454,-0.622,0.0,15.6,61.8
1784032781.22,172,1.721,-0.055,-0.284,0.0,13.2,64.3
1784032781.22,172,3.038,-2.999,0.898,0.0,12.4,65.4
1784032781.22,172,4.963,-6.272,0.689,0.0,13.1,57.9
1784032781.22,172,0.698,0.209,0.139,-0.162,30.6,55.8
1784032781.322,173,0.27,0.341,0.034,0.0,15.2,72.8
1784032781.322,173,1.528,-0.245,-0.27,0.0,15.0,61.8
1784032781.322,173,1.556,-0.053,-0.686,0.0,14.6,63.1
1784032781.322,173,4.978,-6.272,0.575,0.0,12.2,58.3
1784032781.322,173,0.694,0.232,0.122,-0.081,27.4,60.7
1784032781.424,174,0.322,0.345,0.087,0.0,14.5,74.0
1784032781.424,174,0.697,0.209,0.143,0.0,20.5,64.6
1784032781.424,174,1.51,-0.245,-0.356,0.0,14.0,63.3
1784032781.424,174,1.695,-0.055,-0.412,0.0,12.1,64.9
1784032781.424,174,3.606,-2.454,-0.073,0.0,12.1,65.9
1784032781.424,174,4.964,-6.272,0.683,0.0,12.0,58.5
1784032781.525,175,0.699,0.232,0.088,0.0,20.3,64.1
1784032781.525,175,1.533,-0.245,-0.236,0.0,14.6,62.9
1784032781.525,175,1.721,-0.0,-0.292,0.0,11.5,65.0
1784032781.525,175,3.158,-2.999,-0.258,0.0,12.1,65.8
1784032781.525,175,4.972,-6.272,0.621,0.0,13.3,56.9
1784032781.626,176,1.53,-0.245,-0.258,0.0,14.2,63.0
1784032781.626,176,1.538,-0.053,-0.727,0.0,14.9,63.3
1784032781.626,176,3.501,-2.59,0.255,0.0,11.2,65.6
1784032781.626,176,4.985,-6.272,0.509,0.0,12.7,57.2
1784032781.626,176,0.693,0.232,0.127,0.081,24.8,59.9
1784032781.728,177,0.272,0.341,0.018,0.0,13.0,75.8
1784032781.728,177,0.685,0.255,0.127,0.0,22.1,64.8
1784032781.728,177,1.514,-0.245,-0.338,0.0,14.2,63.4
1784032781.728,177,1.656,-0.055,-0.547,0.0,12.1,65.0
1784032781.728,177,4.988,-6.272,0.481,0.0,11.4,58.1
1784032781.828,178,0.268,0.341,0.046,0.0,18.4,72.4
1784032781.828,178,0.546,0.267,0.058,0.0,15.9,65.5
1784032781.828,178,1.512,-0.294,-0.307,0.0,14.8,62.7
1784032781.828,178,1.696,-0.0,-0.41,0.0,12.0,65.2
1784032781.828,178,0.689,0.255,0.101,-0.081,21.5,61.2
1784032781.929,179,0.272,0.341,0.011,0.0,18.3,70.2
1784032781.929,179,0.488,0.266,-0.115,0.0,17.5,65.0
1784032781.929,179,1.491,-0.294,-0.395,0.0,13.8,62.7
1784032781.929,179,1.674,-0.0,-0.493,0.0,12.4,65.6
1784032781.929,179,0.629,0.284,0.104,-0.081,21.3,62.4
1784032782.031,180,0.272,0.341,0.006,0.0,19.9,70.3
1784032782.031,180,0.507,0.248,-0.053,0.0,14.2,65.9
1784032782.031,180,1.491,-0.245,-0.428,0.0,16.3,61.9
1784032782.031,180,1.594,-0.053,-0.594,0.0,13.6,63.5
1784032782.031,180,0.65,0.139,0.33,-0.081,19.6,59.8
1784032782.031,180,0.544,0.417,-0.284,-0.081,19.6,59.8
1784032782.132,181,0.376,0.327,0.161,0.0,12.9,68.4
1784032782.132,181,1.517,-0.294,-0.283,0.0,14.3,61.9
1784032782.132,181,1.673,-0.055,-0.494,0.0,12.9,64.8
1784032782.132,181,0.644,0.262,0.06,-0.081,24.5,60.8
1784032782.234,182,0.349,0.285,0.165,0.0,15.4,72.5
1784032782.234,182,0.649,0.24,0.092,0.0,22.1,64.6
1784032782.234,182,1.528,-0.245,-0.268,0.0,14.4,62.6
1784032782.234,182,1.707,-0.055,-0.361,0.0,11.7,65.0
1784032782.336,183,0.284,0.327,0.05,0.0,15.8,74.5
1784032782.336,183,0.48,0.284,0.104,0.0,12.0,68.9
1784032782.336,183,0.627,0.305,0.025,0.0,18.0,66.2
1784032782.336,183,1.542,-0.245,-0.173,0.0,13.2,63.8
1784032782.336,183,1.583,-0.053,-0.622,0.0,12.7,63.8
1784032782.438,184,0.323,0.285,0.212,0.0,11.9,74.6
1784032782.438,184,1.526,-0.245,-0.282,0.0,15.3,62.2
1784032782.438,184,1.596,-0.053,-0.588,0.0,14.1,62.9
1784032782.438,184,0.653,0.24,0.059,-0.081,25.6,62.3
1784032782.539,185,0.495,0.266,-0.078,0.0,14.8,67.1
1784032782.539,185,1.538,-0.245,-0.201,0.0,14.3,63.0
1784032782.539,185,1.608,-0.053,-0.553,0.0,13.6,63.3
1784032782.539,185,0.653,0.24,0.061,-0.081,22.4,62.8
1784032782.64,186,0.414,0.294,0.125,0.0,14.4,69.3
1784032782.64,186,1.532,-0.294,-0.181,0.0,13.7,62.0
1784032782.64,186,1.667,-0.055,-0.513,0.0,11.7,64.6
1784032782.64,186,1.045,-1.657,0.136,0.0,11.7,74.0
1784032782.64,186,1.646,-0.92,-0.545,0.0,11.7,74.0
1784032782.64,186,0.643,0.262,0.075,-0.081,22.4,63.1
1784032782.691,187,1.051,-1.657,0.078,0.0,14.7,70.9
1784032782.691,187,0.265,0.341,0.061,-0.081,12.7,74.4
1784032782.691,187,0.643,0.218,0.162,-0.081,21.6,63.3
1784032782.691,187,1.507,-0.442,-0.034,-0.081,15.4,60.8
1784032782.691,187,1.647,-0.16,-0.398,-0.081,11.9,63.2
1784032782.843,188,0.631,0.143,0.101,0.0,22.3,66.6
1784032782.843,188,0.272,0.341,-0.009,-0.081,12.5,74.4
1784032782.843,188,1.644,-0.213,-0.382,-0.081,12.7,62.0
1784032782.944,189,0.525,0.213,0.018,0.0,15.3,68.3
1784032782.944,189,0.599,0.143,0.222,0.0,16.2,66.6
1784032782.944,189,0.303,0.314,-0.007,-0.081,18.0,72.4
1784032782.944,189,1.642,-0.319,-0.311,-0.081,11.9,63.4
1784032782.995,190,0.637,0.082,0.127,0.0,24.8,66.1
1784032782.995,190,0.791,0.13,0.213,0.0,12.0,63.2
1784032782.995,190,0.371,0.205,0.104,-0.081,13.8,76.1
1784032782.995,190,1.421,-0.589,-0.318,-0.081,14.5,64.1
1784032783.097,191,0.327,0.209,0.059,-0.162,15.1,76.2
1784032783.097,191,0.733,0.464,-0.093,-0.162,14.6,61.0
1784032783.097,191,0.65,-0.041,0.068,-0.081,23.3,66.6
1784032783.097,191,0.652,-0.0,0.06,-0.081,23.3,66.6
1784032783.198,192,0.362,0.147,0.037,0.0,16.8,76.1
1784032783.198,192,0.655,-0.175,0.168,0.0,13.5,67.0
1784032783.198,192,1.262,-0.859,-0.038,0.0,13.4,66.7
1784032783.301,193,0.666,-0.175,0.114,0.0,21.7,66.6
1784032783.301,193,1.227,-0.907,0.063,0.0,11.7,66.1
1784032783.301,193,0.368,0.135,0.029,0.081,13.4,77.8
1784032783.403,194,0.617,-0.164,0.144,0.0,19.7,65.9
1784032783.403,194,0.429,0.082,0.003,0.081,19.8,71.9
1784032783.403,194,0.317,0.218,0.206,0.081,19.8,71.9
1784032783.403,194,0.819,0.3,-0.033,0.162,14.5,59.4
1784032783.403,194,0.598,0.245,0.102,0.243,14.4,58.7
1784032783.504,195,0.633,-0.143,0.088,0.0,25.1,66.0
1784032783.504,195,1.192,-0.954,-0.017,0.0,13.5,63.4
1784032783.504,195,0.363,0.147,0.033,0.081,17.3,76.9
1784032783.605,196,0.673,-0.131,0.13,0.0,26.1,64.8
1784032783.605,196,0.399,0.177,-0.004,0.081,19.3,75.1
1784032783.605,196,1.264,-0.933,-0.011,0.081,11.5,62.9
1784032783.707,197,0.408,0.136,0.075,0.081,16.4,75.7
1784032783.707,197,0.646,-0.196,0.177,0.081,24.0,64.1
1784032783.809,198,1.02,-0.958,-0.804,0.0,12.4,63.3
1784032783.809,198,0.403,0.164,0.029,0.081,20.6,74.4
1784032783.809,198,0.564,-0.0,-0.062,0.081,18.3,69.1
1784032783.809,198,0.698,-0.093,0.233,0.081,16.1,63.8
1784032783.809,198,0.755,-0.123,0.177,0.162,19.8,60.1
1784032783.91,199,1.301,-0.908,-0.299,0.0,13.2,63.1
1784032783.91,199,0.399,0.164,0.065,0.081,20.1,76.4
1784032783.91,199,0.704,-0.162,0.167,0.162,28.8,59.2
1784032784.011,200,0.436,0.195,0.047,0.081,22.1,73.6
1784032784.011,200,0.728,-0.093,0.105,0.162,27.3,60.7
1784032784.112,201,0.444,0.18,0.031,0.081,20.1,73.1
1784032784.112,201,0.611,-0.0,0.013,0.081,20.1,67.3
1784032784.112,201,0.725,-0.093,0.125,0.162,23.6,61.8
1784032784.112,201,0.897,-0.086,0.168,0.162,15.7,58.0
1784032784.112,201,2.165,0.795,-0.166,0.162,13.1,62.5
1784032784.214,202,1.256,-0.859,-0.133,0.0,11.2,63.4
1784032784.214,202,7.63,-1.985,0.945,0.0,12.2,57.2
1784032784.214,202,0.498,0.115,0.115,0.081,15.3,74.9
1784032784.214,202,0.766,-0.123,0.125,0.081,23.5,62.6
1784032784.214,202,0.877,-0.057,0.26,0.081,13.0,61.8
1784032784.214,202,2.175,0.723,-0.307,0.162,11.9,61.5
1784032784.214,202,0.209,0.155,0.023,0.487,19.9,52.5
1784032784.315,203,0.609,0.038,-0.028,0.0,11.6,70.6
1784032784.315,203,7.684,-1.737,0.997,0.0,13.3,57.6
1784032784.315,203,0.443,0.165,0.084,0.081,11.9,77.3
1784032784.315,203,0.729,-0.07,0.116,0.081,22.4,64.2
1784032784.315,203,0.217,0.262,-0.08,-0.568,11.5,56.2
1784032784.417,204,7.657,-1.737,1.188,0.0,11.8,58.3
1784032784.417,204,0.464,0.213,0.117,0.081,13.2,74.6
1784032784.417,204,0.605,0.019,-0.081,0.081,18.3,69.7
1784032784.417,204,0.756,-0.074,0.2,0.081,22.7,62.8
1784032784.417,204,0.202,0.284,-0.024,-0.487,22.6,60.3
1784032784.518,205,0.776,-0.074,0.098,0.0,22.5,63.7
1784032784.518,205,7.637,-1.985,0.888,0.0,12.3,57.2
1784032784.518,205,0.473,0.213,0.07,0.162,29.0,59.8
1784032784.518,205,0.351,0.259,-0.014,0.487,23.5,62.3
1784032784.619,206,7.697,-1.737,0.89,0.0,12.5,57.7
1784032784.619,206,0.769,-0.074,0.142,0.081,23.2,62.0
1784032784.619,206,0.485,0.196,0.023,0.162,30.0,59.3
1784032784.619,206,0.886,-0.029,0.232,0.162,18.0,59.5
1784032784.619,206,0.898,0.545,0.294,0.406,14.5,55.2
1784032784.619,206,0.95,0.205,-0.496,0.406,14.5,55.2
1784032784.719,207,1.906,-0.06,-0.217,0.0,17.2,70.7
1784032784.719,207,3.146,-0.0,0.498,0.0,19.0,69.9
1784032784.719,207,7.703,-1.737,0.839,0.0,12.1,58.5
1784032784.719,207,0.768,-0.074,0.148,0.081,24.1,62.4
1784032784.719,207,1.57,0.638,-0.149,0.162,15.2,57.3
1784032784.719,207,0.873,-0.0,0.277,0.243,20.2,56.0
1784032784.719,207,0.512,0.23,0.083,0.325,40.2,50.8
1784032784.821,208,1.892,-0.0,-0.327,0.0,18.7,70.9
1784032784.821,208,3.166,-0.0,0.345,0.0,23.1,70.1
1784032784.821,208,0.815,-0.052,0.144,0.243,25.6,57.8
1784032784.821,208,0.936,-0.0,0.213,0.325,19.2,56.7
1784032784.821,208,0.566,0.229,0.02,0.406,43.5,50.3
1784032784.923,209,1.894,-0.06,-0.306,0.0,15.9,71.3
1784032784.923,209,2.024,0.064,-0.322,0.0,16.0,69.4
1784032784.923,209,3.214,0.101,0.294,0.0,18.3,69.8
1784032784.923,209,7.7,-1.737,0.86,0.0,11.4,58.8
1784032784.923,209,1.212,-1.254,-0.066,0.162,19.9,53.3
1784032784.923,209,0.553,0.248,-0.075,0.325,44.0,49.1
1784032784.923,209,0.904,-0.0,0.152,0.325,20.2,58.5
1784032784.923,209,0.981,-0.0,0.209,0.325,24.0,57.2
1784032784.923,209,0.823,-0.052,0.082,0.406,21.7,61.0
1784032784.923,209,0.431,0.294,0.037,0.568,38.2,45.1
1784032785.026,210,2.04,0.128,-0.159,0.0,13.9,68.9
1784032785.026,210,7.661,-1.985,0.645,0.0,11.3,58.2
1784032785.026,210,0.897,0.172,-0.067,0.162,18.1,58.3
1784032785.026,210,0.976,0.063,0.225,0.162,21.1,57.3
1784032785.026,210,0.587,0.286,0.039,0.243,40.0,51.1
1784032785.026,210,0.936,-0.0,0.211,0.325,15.2,61.6
1784032785.026,210,1.156,0.514,0.037,0.406,17.5,53.5
1784032785.026,210,0.865,-0.0,0.117,0.487,24.5,56.8
1784032785.026,210,0.403,0.458,-0.03,-0.649,33.3,45.6
1784032785.128,211,1.904,-0.06,-0.234,0.0,15.0,71.6
1784032785.128,211,2.024,0.064,-0.321,0.0,14.9,69.1
1784032785.128,211,3.155,0.1,0.423,0.0,13.2,71.6
1784032785.128,211,0.947,0.12,0.099,0.081,13.8,62.6
1784032785.128,211,0.598,0.266,0.022,0.162,39.4,55.1
1784032785.128,211,0.942,0.03,0.183,0.325,16.7,64.1
1784032785.128,211,0.916,-0.0,-0.036,0.487,34.0,49.6
1784032785.229,212,0.925,0.12,0.227,0.0,12.0,67.2
1784032785.229,212,1.783,-0.0,-0.144,0.0,12.3,68.6
1784032785.229,212,1.911,-0.06,-0.171,0.0,19.5,70.2
1784032785.229,212,1.998,0.064,-0.457,0.0,11.6,68.4
1784032785.229,212,3.177,-0.0,0.226,0.0,21.2,71.8
1784032785.229,212,7.665,-0.0,0.943,0.0,13.5,57.8
1784032785.229,212,0.742,0.221,0.134,0.081,15.8,71.9
1784032785.229,212,0.616,0.327,0.025,0.162,35.1,57.7
1784032785.229,212,0.996,0.094,0.081,0.162,18.3,62.2
1784032785.229,212,1.148,0.514,-0.135,0.325,11.5,58.0
1784032785.331,213,0.969,0.125,0.23,0.0,17.4,67.1
1784032785.331,213,1.758,-0.0,-0.331,0.0,11.4,68.6
1784032785.331,213,1.901,-0.0,-0.265,0.0,18.3,71.2
1784032785.331,213,3.172,-0.0,0.289,0.0,21.3,71.0
1784032785.331,213,7.672,-0.0,0.884,0.0,13.1,58.3
1784032785.331,213,0.738,0.221,0.154,0.081,18.9,68.8
1784032785.331,213,0.615,0.327,0.04,0.162,39.2,56.1
1784032785.331,213,1.236,0.72,-0.165,0.325,16.5,55.5
1784032785.434,214,0.802,0.207,0.016,0.0,17.9,67.3
1784032785.434,214,1.909,-0.06,-0.189,0.0,15.6,71.6
1784032785.434,214,3.166,-0.0,0.345,0.0,16.3,71.0
1784032785.434,214,7.69,-0.0,0.71,0.0,12.1,58.1
1784032785.434,214,0.642,0.371,0.013,0.162,39.8,53.7
1784032785.434,214,0.698,0.401,0.438,0.162,16.2,61.4
1784032785.434,214,0.604,0.349,-0.024,0.243,43.5,50.0
1784032785.434,214,1.289,0.811,0.108,0.325,15.1,57.7
1784032785.434,214,0.905,0.029,-0.142,-0.406,37.6,46.2
1784032785.434,214,0.991,0.094,0.123,-0.081,21.1,63.8
1784032785.536,215,1.91,-0.06,-0.184,0.0,14.4,71.7
1784032785.536,215,3.166,0.1,0.335,0.0,13.7,71.1
1784032785.536,215,0.69,0.344,0.151,0.081,26.2,64.1
1784032785.536,215,0.87,0.027,-0.062,-0.487,35.1,46.4
1784032785.536,215,0.913,0.057,0.046,-0.406,34.7,46.8
1784032785.536,215,1.068,0.068,0.209,-0.243,18.9,53.6
1784032785.536,215,0.899,0.143,0.106,-0.162,31.1,53.8
1784032785.637,216,1.911,-0.0,-0.18,0.0,15.0,71.6
1784032785.637,216,3.18,0.1,0.145,0.0,12.4,71.5
1784032785.637,216,3.272,-0.0,-0.005,0.0,11.9,70.9
1784032785.637,216,0.636,0.371,0.086,0.081,22.3,67.7
1784032785.637,216,0.757,0.458,0.237,0.081,12.0,65.1
1784032785.637,216,0.645,0.442,0.077,0.162,35.8,53.1
1784032785.637,216,1.38,1.036,-0.258,0.162,16.1,58.3
1784032785.637,216,0.887,0.172,0.154,-0.162,31.7,55.2
1784032785.688,217,1.895,-0.06,-0.298,0.0,18.2,71.3
1784032785.688,217,3.168,-0.0,0.327,0.0,13.9,71.4
1784032785.688,217,0.632,0.466,0.005,0.081,19.7,65.3
1784032785.688,217,0.652,0.544,0.343,0.081,16.7,62.8
1784032785.688,217,0.813,0.052,0.155,-0.325,39.6,46.7
1784032785.688,217,0.888,0.2,-0.1,-0.162,27.9,57.2
1784032785.688,217,0.658,0.319,0.287,-0.081,22.1,65.5
1784032785.838,218,1.784,-0.0,-0.137,0.0,14.0,67.7
1784032785.838,218,1.893,-0.0,-0.319,0.0,17.2,71.7
1784032785.838,218,3.176,-0.0,0.234,0.0,23.1,71.5
1784032785.838,218,7.593,-0.0,1.147,0.0,15.5,58.1
1784032785.838,218,0.592,0.515,0.009,0.081,27.3,63.1
1784032785.838,218,0.91,0.3,0.058,-0.243,21.2,57.4
1784032785.838,218,0.689,0.344,0.153,-0.162,37.6,52.8
1784032785.838,218,0.627,0.371,0.139,-0.081,25.3,65.5
1784032785.94,219,0.594,0.44,0.059,0.0,25.9,66.4
1784032785.94,219,1.785,-0.0,-0.112,0.0,12.4,67.6
1784032785.94,219,1.898,-0.0,-0.284,0.0,17.7,71.6
1784032785.94,219,3.176,-0.0,0.237,0.0,22.0,71.9
1784032785.94,219,7.578,-0.0,1.236,0.0,17.7,58.1
1784032785.94,219,0.661,0.63,0.295,0.162,24.8,53.9
1784032785.94,219,0.823,0.245,0.154,-0.325,35.6,48.7
1784032785.94,219,0.687,0.344,0.162,-0.162,35.3,53.2
1784032785.991,220,1.773,-0.0,-0.241,0.0,12.5,67.5
1784032785.991,220,1.899,-0.0,-0.283,0.0,18.1,71.2
1784032785.991,220,3.175,0.1,0.226,0.0,22.6,71.0
1784032785.991,220,7.59,-0.0,1.163,0.0,18.8,58.2
1784032785.991,220,7.697,-0.0,1.035,0.0,16.0,58.6
1784032785.991,220,0.622,0.69,0.241,0.081,14.3,62.1
1784032785.991,220,0.646,0.348,0.107,-0.162,45.6,51.2
1784032786.143,221,1.76,0.056,-0.316,0.0,11.4,67.8
1784032786.143,221,1.895,-0.0,-0.308,0.0,18.4,70.8
1784032786.143,221,3.176,-0.0,0.237,0.0,22.3,71.2
1784032786.143,221,7.598,-0.0,1.112,0.0,18.2,58.6
1784032786.143,221,7.707,-0.0,0.954,0.0,15.3,58.8
1784032786.143,221,0.587,0.721,0.377,0.081,18.9,62.7
1784032786.143,221,0.647,0.02,0.099,0.487,43.2,46.7
1784032786.143,221,0.766,0.354,0.221,-0.243,25.3,54.0
1784032786.143,221,0.592,0.515,0.015,-0.081,23.8,61.9
1784032786.243,222,1.785,-0.0,-0.121,0.0,11.9,67.1
1784032786.243,222,1.907,-0.0,-0.224,0.0,18.1,71.4
1784032786.243,222,3.18,-0.0,0.181,0.0,22.5,70.9
1784032786.243,222,7.589,-0.0,1.172,0.0,18.7,58.0
1784032786.243,222,7.682,-0.243,1.114,0.0,15.8,57.9
1784032786.243,222,0.532,0.784,0.331,0.081,15.6,62.2
1784032786.243,222,0.555,-0.0,0.117,0.325,32.9,51.3
1784032786.243,222,0.578,0.307,-0.024,-0.406,42.8,48.0
1784032786.243,222,0.595,0.349,0.105,-0.325,42.3,47.6
1784032786.243,222,0.55,0.414,0.113,-0.162,31.6,56.1
1784032786.294,223,0.508,0.753,0.427,0.0,14.5,65.8
1784032786.294,223,1.767,-0.0,-0.28,0.0,11.8,67.4
1784032786.294,223,1.901,-0.0,-0.27,0.0,18.1,71.2
1784032786.294,223,3.177,-0.0,0.22,0.0,22.5,70.9
1784032786.294,223,7.584,0.24,1.177,0.0,19.2,57.3
1784032786.294,223,7.694,-0.0,1.051,0.0,16.9,57.3
1784032786.294,223,0.463,-0.0,0.126,0.406,23.1,52.5
1784032786.294,223,0.495,0.324,-0.15,-0.325,34.2,49.9
1784032786.294,223,0.522,0.458,0.071,-0.162,34.4,53.3
1784032786.396,224,1.222,-0.982,0.094,0.0,12.4,63.0
1784032786.396,224,1.297,-0.883,0.066,0.0,12.4,63.0
1784032786.396,224,1.764,-0.0,-0.295,0.0,11.7,67.7
1784032786.396,224,1.899,-0.0,-0.279,0.0,18.3,71.1
1784032786.396,224,3.172,0.1,0.265,0.0,22.2,71.2
1784032786.396,224,7.579,-0.0,1.23,0.0,17.2,58.4
1784032786.396,224,0.329,0.065,0.096,0.487,17.4,53.3
1784032786.396,224,0.493,0.344,-0.111,-0.243,36.2,52.7
1784032786.396,224,0.454,0.638,0.057,-0.081,18.6,60.1
1784032786.396,224,0.463,0.736,-0.069,-0.081,13.8,59.6
1784032786.548,225,1.262,-0.933,0.058,0.0,12.1,63.3
1784032786.548,225,1.772,-0.0,-0.245,0.0,12.2,67.0
1784032786.548,225,1.905,-0.0,-0.237,0.0,18.0,71.3
1784032786.548,225,3.173,-0.0,0.269,0.0,22.2,71.2
1784032786.548,225,7.56,0.24,1.323,0.0,14.8,58.5
1784032786.548,225,7.699,-0.243,0.986,0.0,13.8,58.2
1784032786.548,225,0.262,0.076,0.138,0.487,17.8,56.1
1784032786.548,225,0.586,0.266,0.118,-0.649,22.9,55.3
1784032786.548,225,0.451,0.337,-0.07,-0.406,42.0,48.1
1784032786.548,225,0.519,0.589,-0.0,-0.162,17.0,57.1
1784032786.548,225,0.463,0.674,-0.137,-0.081,16.9,60.1
1784032786.598,226,1.261,-0.933,0.08,0.0,12.9,62.7
1784032786.598,226,1.764,-0.0,-0.294,0.0,12.5,66.6
1784032786.598,226,1.896,-0.0,-0.302,0.0,18.2,71.2
1784032786.598,226,2.068,0.262,-0.206,0.0,11.2,69.9
1784032786.598,226,1.185,-1.702,-0.293,0.0,11.2,69.9
1784032786.598,226,3.176,-0.0,0.233,0.0,22.5,70.9
1784032786.598,226,0.501,0.248,0.095,-0.649,31.2,57.3
1784032786.598,226,0.394,0.327,-0.11,-0.487,33.9,53.7
1784032786.699,227,1.261,-0.933,0.087,0.0,13.1,62.4
1784032786.699,227,1.77,-0.0,-0.256,0.0,12.9,66.6
1784032786.699,227,1.907,-0.0,-0.217,0.0,18.7,70.7
1784032786.699,227,3.17,0.1,0.288,0.0,22.1,71.2
1784032786.699,227,6.538,-0.0,0.282,0.0,11.7,61.0
1784032786.699,227,0.448,0.245,0.114,-0.487,38.6,52.1
1784032786.699,227,0.423,0.603,-0.089,-0.243,17.1,59.3
1784032786.699,227,3.441,-2.179,0.48,-0.162,13.6,59.1
1784032786.699,227,3.784,1.538,0.371,-0.162,13.6,59.1
1784032786.801,228,1.262,-0.933,0.058,0.0,13.3,62.1
1784032786.801,228,1.785,-0.0,-0.109,0.0,12.0,66.4
1784032786.801,228,1.908,-0.0,-0.21,0.0,18.4,70.8
1784032786.801,228,1.859,-0.0,-0.866,0.0,11.7,69.8
1784032786.801,228,3.181,-0.0,0.162,0.0,22.5,70.9
1784032786.801,228,6.539,-0.0,0.269,0.0,11.4,61.3
1784032786.801,228,7.517,0.24,1.549,0.0,11.2,57.8
1784032786.801,228,0.749,0.627,0.229,-0.487,13.5,56.4
1784032786.801,228,0.387,0.27,0.087,-0.243,24.5,66.2
1784032786.801,228,0.337,0.273,-0.051,-0.162,24.6,66.2
1784032786.902,229,1.263,-0.933,0.041,0.0,13.4,62.3
1784032786.902,229,1.788,-0.0,-0.064,0.0,12.7,66.6
1784032786.902,229,1.913,-0.0,-0.158,0.0,18.2,71.2
1784032786.902,229,3.177,-0.0,0.22,0.0,22.5,70.8
1784032786.902,229,6.578,0.206,0.299,0.0,11.5,60.4
1784032786.902,229,0.566,0.229,-0.012,-0.325,22.7,55.6
1784032786.902,229,1.456,1.505,0.026,-0.325,20.1,53.7
1784032786.902,229,2.099,1.344,0.435,-0.243,12.0,57.9
1784032786.902,229,0.341,0.273,-0.001,-0.162,25.8,68.5
1784032786.902,229,0.324,0.461,0.064,-0.081,13.7,64.0
1784032786.902,229,0.402,0.284,-0.283,-0.081,13.7,64.0
1784032787.003,230,0.328,-0.515,0.012,0.0,12.9,64.1
1784032787.003,230,1.224,-0.982,0.063,0.0,12.2,63.1
1784032787.003,230,1.775,-0.0,-0.22,0.0,11.6,67.4
1784032787.003,230,1.903,-0.06,-0.243,0.0,18.0,71.5
1784032787.003,230,1.902,0.06,-0.254,0.0,18.0,71.5
1784032787.003,230,2.026,0.192,-0.25,0.0,11.6,70.0
1784032787.003,230,3.182,-0.0,0.144,0.0,22.2,71.3
1784032787.003,230,6.545,0.206,0.722,0.0,13.8,60.0
1784032787.003,230,0.661,0.63,0.296,-0.325,17.2,58.5
1784032787.003,230,0.78,0.988,0.126,-0.325,12.7,51.7
1784032787.003,230,0.317,0.286,0.087,-0.162,21.8,69.8
1784032787.003,230,0.534,0.267,0.129,-0.162,13.6,64.8
1784032787.003,230,2.175,1.265,0.271,-0.162,14.5,61.5
1784032787.104,231,0.328,-0.515,0.012,0.0,12.2,64.6
1784032787.104,231,1.263,-0.933,0.038,0.0,13.6,62.4
1784032787.104,231,1.778,-0.0,-0.196,0.0,12.4,66.5
1784032787.104,231,1.877,-0.0,-0.401,0.0,17.9,71.6
1784032787.104,231,2.042,0.192,-0.005,0.0,11.6,69.8
1784032787.104,231,3.174,-0.0,0.265,0.0,22.3,71.3
1784032787.104,231,6.529,0.205,0.402,0.0,13.9,60.6
1784032787.104,231,0.451,0.54,-0.349,-0.162,13.1,59.5
1784032787.104,231,0.287,0.258,0.074,-0.081,18.8,72.0
1784032787.205,232,1.263,-0.933,0.057,0.0,12.8,62.6
1784032787.205,232,1.775,-0.0,-0.22,0.0,11.7,67.0
1784032787.205,232,1.883,-0.0,-0.373,0.0,19.1,70.9
1784032787.205,232,3.175,-0.0,0.253,0.0,21.9,71.1
1784032787.205,232,6.523,0.205,0.488,0.0,13.5,61.1
1784032787.205,232,7.543,0.24,1.416,0.0,11.5,58.1
1784032787.205,232,0.295,0.258,0.028,-0.081,24.1,70.3
1784032787.205,232,0.513,0.23,-0.075,-0.081,12.8,66.9
1784032787.306,233,0.328,0.286,0.026,0.0,24.0,70.4
1784032787.306,233,0.499,0.23,0.142,0.0,14.1,68.6
1784032787.306,233,1.262,-0.933,0.058,0.0,11.7,63.8
1784032787.306,233,1.502,-0.798,0.052,0.0,12.1,64.5
1784032787.306,233,1.896,-0.0,-0.3,0.0,17.4,72.1
1784032787.306,233,3.177,-0.0,0.219,0.0,21.2,71.6
1784032787.306,233,6.556,0.206,0.617,0.0,12.5,61.0
1784032787.306,233,7.556,0.24,1.346,0.0,11.6,57.7
1784032787.407,234,0.296,0.258,0.018,0.0,23.2,72.1
1784032787.407,234,1.296,-0.883,0.088,0.0,11.4,63.4
1784032787.407,234,1.497,-0.798,-0.129,0.0,11.7,64.5
1784032787.407,234,1.883,-0.0,-0.372,0.0,17.7,71.5
1784032787.407,234,3.165,0.1,0.341,0.0,21.8,71.4
1784032787.407,234,6.481,0.205,0.885,0.0,13.4,60.4
1784032787.508,235,0.273,0.282,-0.007,0.0,19.5,73.1
1784032787.508,235,1.892,0.12,-0.299,0.0,16.9,72.3
1784032787.508,235,3.174,0.1,0.242,0.0,22.5,71.1
1784032787.508,235,6.478,0.409,0.833,0.0,14.1,60.0
1784032787.508,235,7.488,0.72,1.539,0.0,12.2,58.2
1784032787.61,236,0.296,0.258,-0.009,0.0,13.2,73.2
1784032787.61,236,1.893,0.06,-0.312,0.0,17.0,71.3
1784032787.61,236,1.884,0.18,-0.319,0.0,17.0,71.3
1784032787.61,236,3.164,0.199,0.307,0.0,23.5,70.8
1784032787.61,236,6.476,0.409,0.848,0.0,14.8,59.9
1784032787.712,237,0.293,0.258,-0.044,0.0,18.6,72.7
1784032787.712,237,1.878,0.12,-0.379,0.0,18.0,70.6
1784032787.712,237,3.174,0.199,0.169,0.0,22.5,71.1
1784032787.712,237,6.473,0.614,0.745,0.0,15.1,59.9
1784032787.712,237,7.538,0.477,1.114,0.0,12.0,58.8
1784032787.814,238,0.328,0.286,0.03,0.0,22.9,70.1
1784032787.814,238,1.876,0.12,-0.391,0.0,16.4,71.6
1784032787.814,238,1.953,0.393,0.646,0.0,11.4,70.3
1784032787.814,238,3.17,0.199,0.23,0.0,22.9,71.2
1784032787.814,238,6.462,0.614,0.836,0.0,14.5,60.3
1784032787.814,238,7.561,0.716,0.781,0.0,13.1,58.0
1784032787.814,238,7.633,0.243,1.409,0.0,11.5,57.3
1784032787.916,239,0.296,0.258,0.018,0.0,19.1,71.6
1784032787.916,239,1.886,0.18,-0.31,0.0,15.5,71.2
1784032787.916,239,3.164,0.299,0.215,0.0,23.5,71.7
1784032787.916,239,6.487,0.614,0.607,0.0,14.1,60.6
1784032787.916,239,7.593,0.477,0.648,0.0,13.3,57.9
1784032788.017,240,0.296,0.258,0.004,0.0,20.1,72.6
1784032788.017,240,0.487,0.284,0.067,0.0,16.5,69.0
1784032788.017,240,1.777,0.112,0.173,0.0,11.9,66.7
1784032788.017,240,1.865,0.12,-0.439,0.0,16.1,70.1
1784032788.017,240,3.15,0.299,0.36,0.0,23.2,71.6
1784032788.017,240,3.299,0.311,0.119,0.0,14.2,71.7
1784032788.017,240,6.458,0.818,0.673,0.0,14.8,60.3
1784032788.017,240,7.523,0.716,1.091,0.0,11.5,58.4
1784032788.017,240,7.805,-1.241,0.767,0.0,11.6,60.8
1784032788.117,241,0.292,0.258,-0.05,0.0,16.8,72.2
1784032788.117,241,1.779,0.112,0.144,0.0,12.4,66.4
1784032788.117,241,1.911,0.12,-0.137,0.0,17.9,70.4
1784032788.117,241,3.166,0.299,0.178,0.0,22.6,72.2
1784032788.117,241,3.283,0.207,0.417,0.0,12.2,72.7
1784032788.117,241,6.506,0.614,0.354,0.0,14.4,59.1
1784032788.219,242,0.292,0.258,-0.048,0.0,19.6,71.3
1784032788.219,242,1.769,0.112,0.24,0.0,11.8,66.1
1784032788.219,242,1.619,-0.559,-0.516,0.0,11.8,66.1
1784032788.219,242,1.9,0.12,-0.246,0.0,17.8,70.1
1784032788.219,242,3.157,0.299,0.294,0.0,22.2,72.1
1784032788.219,242,3.293,0.207,0.332,0.0,11.4,72.3
1784032788.219,242,6.447,0.813,-0.181,0.0,12.7,59.5
1784032788.32,243,1.74,0.168,0.381,0.0,12.3,66.8
1784032788.32,243,1.909,0.18,-0.094,0.0,16.5,71.5
1784032788.32,243,3.154,0.299,0.324,0.0,22.4,71.7
1784032788.32,243,6.484,0.406,0.236,0.0,11.6,60.4
1784032788.422,244,0.249,0.294,0.075,0.0,15.8,71.7
1784032788.422,244,0.263,0.27,0.11,0.0,15.8,71.7
1784032788.422,244,1.892,0.12,-0.302,0.0,17.7,70.1
1784032788.422,244,3.166,0.299,0.182,0.0,21.7,72.4
1784032788.422,244,7.817,-1.241,0.638,0.0,11.4,59.3
1784032788.523,245,0.271,0.282,0.035,0.0,18.1,72.6
1784032788.523,245,1.772,0.112,0.221,0.0,11.9,66.7
1784032788.523,245,1.886,0.12,-0.339,0.0,16.5,71.4
1784032788.523,245,3.169,0.299,0.113,0.0,21.3,72.7
1784032788.523,245,7.831,-1.241,0.436,0.0,11.3,59.5
1784032788.623,246,0.283,0.27,0.031,0.0,19.9,73.5
1784032788.623,246,1.53,-0.744,-0.023,0.0,11.3,64.6
1784032788.623,246,1.476,0.798,-0.285,0.0,11.3,64.6
1784032788.623,246,1.892,0.12,-0.301,0.0,15.7,72.1
1784032788.623,246,3.168,0.299,0.137,0.0,21.8,72.3
1784032788.724,247,0.275,0.27,0.075,0.0,15.3,72.7
1784032788.724,247,1.758,0.168,0.282,0.0,12.4,66.4
1784032788.724,247,1.904,0.12,-0.216,0.0,17.4,70.8
1784032788.724,247,3.165,0.299,0.189,0.0,22.5,72.2
1784032788.724,247,3.298,0.311,0.153,0.0,11.3,72.8
1784032788.724,247,7.593,0.716,0.358,0.0,12.4,56.7
1784032788.724,247,7.838,-1.241,0.263,0.0,11.3,59.6
1784032788.825,248,0.26,0.282,0.082,0.0,15.0,73.5
1784032788.825,248,1.778,0.168,0.099,0.0,13.0,66.2
1784032788.825,248,1.901,0.12,-0.235,0.0,18.0,70.4
1784032788.825,248,3.162,0.299,0.234,0.0,22.9,71.9
1784032788.825,248,3.292,0.311,0.243,0.0,12.8,72.9
1784032788.825,248,7.575,0.716,0.635,0.0,12.5,57.0
1784032788.825,248,7.834,-1.241,0.365,0.0,11.6,59.5
1784032788.926,249,0.288,0.3,0.133,0.0,16.6,72.2
1784032788.926,249,0.49,0.284,-0.037,0.0,15.2,70.8
1784032788.926,249,1.88,0.18,-0.343,0.0,14.7,71.0
1784032788.926,249,2.015,0.256,-0.284,0.0,11.4,71.7
1784032788.926,249,3.158,0.299,0.284,0.0,24.0,71.5
1784032788.926,249,3.309,0.207,0.043,0.0,14.0,71.4
1784032788.926,249,7.569,0.716,0.706,0.0,13.0,57.4
1784032789.027,250,0.293,0.258,0.046,0.0,20.6,72.4
1784032789.027,250,1.55,-0.691,-0.116,0.0,11.8,63.7
1784032789.027,250,1.479,0.798,-0.269,0.0,11.8,63.7
1784032789.027,250,1.858,0.18,-0.45,0.0,16.8,71.3
1784032789.027,250,3.156,0.299,0.302,0.0,21.6,71.6
1784032789.027,250,3.301,0.311,-0.041,0.0,12.6,72.2
1784032789.027,250,7.593,0.716,0.359,0.0,12.9,58.7
1784032789.129,251,0.276,0.27,0.07,0.0,20.9,71.5
1784032789.129,251,0.443,0.266,-0.233,0.0,12.5,68.1
1784032789.129,251,1.555,-0.691,-0.029,0.0,14.4,64.0
1784032789.129,251,1.462,0.798,-0.349,0.0,14.4,64.0
1784032789.129,251,1.869,0.18,-0.399,0.0,16.5,71.8
1784032789.129,251,3.154,0.299,0.324,0.0,21.6,71.3
1784032789.129,251,3.309,0.207,-0.02,0.0,11.5,72.3
1784032789.129,251,7.594,0.716,0.325,0.0,13.8,57.7
1784032789.23,252,0.276,0.258,0.107,0.0,18.3,72.5
1784032789.23,252,1.575,-0.638,0.078,0.0,13.5,63.5
1784032789.23,252,1.436,0.798,-0.445,0.0,13.5,63.5
1784032789.23,252,1.873,0.18,-0.379,0.0,16.3,71.8
1784032789.23,252,3.153,0.299,0.333,0.0,20.6,71.8
1784032789.23,252,3.309,0.207,-0.047,0.0,12.2,72.1
1784032789.23,252,7.598,0.716,0.226,0.0,12.5,58.1
1784032789.331,253,0.246,0.24,0.061,0.0,15.3,75.0
1784032789.331,253,0.506,0.709,0.049,0.0,11.9,62.5
1784032789.331,253,1.876,0.12,-0.391,0.0,16.3,71.1
1784032789.331,253,3.154,0.299,0.326,0.0,21.5,71.0
1784032789.331,253,3.308,0.207,0.1,0.0,13.8,71.5
1784032789.331,253,7.593,0.716,0.364,0.0,11.3,59.0
1784032789.432,254,0.273,0.27,0.083,0.0,18.6,73.1
1784032789.432,254,0.51,0.248,-0.003,0.0,12.6,68.2
1784032789.432,254,1.534,-0.691,-0.254,0.081,14.8,61.7
1784032789.432,254,1.895,0.18,-0.25,0.081,18.9,68.6
1784032789.432,254,3.163,0.299,0.217,0.081,20.3,70.3
1784032789.534,255,0.283,0.27,-0.039,0.0,22.0,71.6
1784032789.534,255,1.359,-0.687,-0.385,0.081,13.1,60.2
1784032789.534,255,1.755,0.112,-0.325,0.081,13.0,63.5
1784032789.534,255,1.889,0.18,-0.291,0.081,15.4,68.8
1784032789.534,255,3.099,0.299,-0.669,0.081,23.7,67.9
1784032789.534,255,3.374,0.213,0.388,0.081,11.7,73.5
1784032789.636,256,3.368,0.106,0.478,0.0,12.3,74.1
1784032789.636,256,0.274,0.27,-0.08,-0.081,19.6,71.2
1784032789.636,256,1.244,-0.785,-0.55,-0.081,12.1,59.5
1784032789.636,256,1.742,0.112,-0.392,-0.081,12.0,63.7
1784032789.636,256,1.874,0.18,-0.373,-0.081,15.4,67.6
1784032789.636,256,3.061,0.199,-0.858,-0.081,22.8,67.8
1784032789.737,257,0.296,0.258,0.018,-0.081,23.4,69.6
1784032789.737,257,0.501,0.266,-0.02,-0.081,19.9,65.0
1784032789.737,257,1.554,-0.691,-0.061,-0.081,15.7,61.6
1784032789.737,257,1.778,0.168,-0.093,-0.081,12.4,64.4
1784032789.737,257,1.568,-0.783,-0.359,-0.081,12.4,64.4
1784032789.737,257,1.891,0.18,-0.275,-0.081,17.3,70.4
1784032789.737,257,3.179,0.199,-0.024,-0.081,20.2,71.1
1784032789.737,257,6.405,0.2,0.251,-0.081,11.4,58.5
1784032789.737,257,7.601,0.716,-0.096,-0.081,11.3,57.6
1784032789.838,258,0.269,0.314,0.14,0.0,16.9,71.7
1784032789.838,258,0.439,0.278,-0.061,0.0,16.0,70.7
1784032789.838,258,1.505,-0.744,-0.274,0.0,12.0,63.5
1784032789.838,258,1.503,0.798,0.031,0.0,12.0,63.5
1784032789.838,258,1.839,0.06,-0.546,0.0,16.6,71.2
1784032789.838,258,3.16,0.299,0.26,0.0,21.5,71.2
1784032789.838,258,3.296,0.311,0.176,0.0,13.1,72.0
1784032789.838,258,7.576,0.716,0.626,0.0,12.3,58.5
1784032789.89,259,0.201,0.331,0.064,0.0,14.0,71.4
1784032789.89,259,0.431,0.278,-0.106,0.0,14.3,69.5
1784032789.89,259,1.577,-0.638,-0.031,0.0,12.8,64.1
1784032789.89,259,1.437,0.851,-0.324,0.0,12.8,64.1
1784032789.89,259,1.876,0.12,-0.391,0.0,15.2,71.8
1784032789.89,259,3.159,0.199,0.356,0.0,21.6,71.4
1784032789.89,259,6.409,0.609,0.902,0.0,11.8,59.4
1784032789.89,259,7.544,0.954,0.69,0.0,11.8,58.8
1784032790.041,260,1.563,-0.638,-0.214,0.0,11.4,64.1
1784032790.041,260,1.867,0.12,-0.429,0.0,16.6,70.5
1784032790.041,260,3.162,0.299,0.235,0.0,21.9,70.9
1784032790.041,260,3.278,0.207,0.452,0.0,14.0,71.6
1784032790.041,260,6.481,0.614,0.669,0.0,13.2,60.7
1784032790.041,260,7.576,0.716,0.617,0.0,12.5,57.8
1784032790.041,260,0.447,0.319,-0.143,0.081,13.9,67.1
1784032790.143,261,1.879,0.12,-0.375,0.0,17.0,70.1
1784032790.143,261,3.157,0.299,0.297,0.0,21.8,70.9
1784032790.143,261,3.297,0.311,0.166,0.0,13.0,71.8
1784032790.143,261,6.418,0.818,0.985,0.0,15.5,60.1
1784032790.143,261,7.58,0.716,0.57,0.0,11.4,58.5
1784032790.143,261,0.266,0.282,-0.06,0.081,17.1,73.1
1784032790.143,261,0.48,0.301,-0.016,0.081,13.8,68.1
1784032790.193,262,1.879,0.12,-0.373,0.0,17.0,70.3
1784032790.193,262,3.163,0.299,0.224,0.0,21.9,70.9
1784032790.193,262,3.306,0.207,0.149,0.0,14.6,71.6
1784032790.193,262,6.411,0.818,1.028,0.0,14.3,59.6
1784032790.193,262,7.57,0.716,0.689,0.0,12.7,58.4
1784032790.193,262,0.257,0.294,0.038,0.081,23.7,70.6
1784032790.193,262,0.462,0.319,-0.078,0.081,16.0,66.7
1784032790.193,262,1.451,0.851,-0.254,0.081,11.4,60.8
1784032790.193,262,1.469,-0.585,0.629,0.081,11.4,60.8
1784032790.193,262,0.576,0.654,0.035,0.162,13.5,54.4
1784032790.343,263,1.877,0.12,-0.382,0.0,16.8,70.4
1784032790.343,263,3.157,0.299,0.292,0.0,21.9,71.1
1784032790.343,263,3.304,0.207,0.193,0.0,13.9,71.9
1784032790.343,263,6.422,0.818,0.958,0.0,13.3,60.6
1784032790.343,263,7.527,0.954,0.852,0.0,13.9,59.4
1784032790.343,263,0.26,0.294,-0.002,0.162,16.7,70.9
1784032790.343,263,0.438,0.354,-0.061,0.162,15.3,63.9
1784032790.343,263,0.497,0.709,0.106,0.162,12.5,55.0
1784032790.343,263,1.645,1.865,-0.019,0.325,16.2,52.5
1784032790.444,264,1.541,-0.691,-0.206,0.0,11.3,62.6
1784032790.444,264,1.87,0.12,-0.416,0.0,16.8,70.4
1784032790.444,264,3.157,0.299,0.293,0.0,21.6,71.3
1784032790.444,264,3.302,0.207,0.221,0.0,12.9,72.2
1784032790.444,264,6.437,0.614,1.009,0.0,14.3,59.6
1784032790.444,264,7.542,0.954,0.71,0.0,14.2,59.2
1784032790.444,264,0.219,0.327,-0.188,0.162,16.8,65.7
1784032790.444,264,0.433,0.354,-0.094,0.162,19.4,60.0
1784032790.444,264,3.438,2.179,0.505,0.162,16.4,58.3
1784032790.444,264,0.439,0.401,-0.14,0.243,19.2,60.0
1784032790.444,264,0.57,0.596,0.085,0.243,12.3,54.9
1784032790.444,264,1.762,1.85,0.313,0.487,22.6,49.0
1784032790.495,265,1.535,-0.691,-0.244,0.0,11.7,62.2
1784032790.495,265,1.873,0.12,-0.402,0.0,16.7,70.4
1784032790.495,265,3.153,0.299,0.338,0.0,21.9,71.1
1784032790.495,265,3.302,0.207,0.22,0.0,13.7,71.8
1784032790.495,265,6.458,0.614,0.863,0.0,13.3,60.5
1784032790.495,265,7.52,0.954,0.909,0.0,15.1,60.1
1784032790.495,265,7.581,0.728,1.517,0.0,12.9,59.6
1784032790.495,265,0.299,0.375,-0.007,0.325,21.0,66.0
1784032790.495,265,0.467,0.382,0.097,0.325,22.5,58.5
1784032790.598,266,1.537,-0.691,-0.232,0.0,12.2,61.8
1784032790.598,266,1.772,0.224,0.101,0.0,12.6,64.6
1784032790.598,266,1.879,0.12,-0.375,0.0,17.5,69.7
1784032790.598,266,3.154,0.299,0.329,0.0,21.2,71.8
1784032790.598,266,3.301,0.207,0.238,0.0,12.8,72.6
1784032790.598,266,6.395,0.818,1.124,0.0,12.1,60.9
1784032790.598,266,7.533,0.954,0.802,0.0,16.7,59.3
1784032790.598,266,7.576,0.728,1.542,0.0,13.9,59.7
1784032790.598,266,0.258,0.405,0.003,0.487,17.5,66.7
1784032790.598,266,0.477,0.48,0.172,0.487,21.5,57.0
1784032790.699,267,1.879,0.12,-0.372,0.0,17.5,69.7
1784032790.699,267,3.153,0.299,0.335,0.0,20.6,72.4
1784032790.699,267,3.302,0.207,0.217,0.0,12.6,72.8
1784032790.699,267,6.225,0.785,0.327,0.0,11.3,60.3
1784032790.699,267,6.425,0.818,0.934,0.0,11.7,61.4
1784032790.699,267,7.53,0.954,0.826,0.0,16.1,59.9
1784032790.699,267,7.608,0.728,1.375,0.0,14.2,59.6
1784032790.699,267,0.946,0.15,-0.056,-0.649,16.0,51.1
1784032790.799,268,1.876,0.12,-0.391,0.0,17.5,69.9
1784032790.799,268,3.153,0.299,0.332,0.0,20.9,72.0
1784032790.799,268,3.295,0.311,0.197,0.0,12.7,72.7
1784032790.799,268,7.565,0.96,0.904,0.0,16.9,59.5
1784032790.799,268,7.584,0.728,1.505,0.0,14.2,59.3
1784032790.799,268,5.758,1.505,0.912,0.162,12.4,51.4
1784032790.799,268,0.254,0.282,0.101,0.487,15.4,68.3
1784032790.899,269,1.774,0.224,-0.038,0.0,12.5,64.7
1784032790.899,269,1.878,0.12,-0.381,0.0,17.8,69.6
1784032790.899,269,3.154,0.299,0.33,0.0,21.2,71.7
1784032790.899,269,3.301,0.207,0.231,0.0,12.7,72.6
1784032790.899,269,6.405,0.818,1.067,0.0,11.6,61.5
1784032790.899,269,7.54,0.96,1.092,0.0,17.0,59.6
1784032790.899,269,7.594,0.485,1.549,0.0,14.7,59.6
1784032790.899,269,0.502,0.709,0.083,0.406,21.8,55.0
1784032791.0,270,1.88,0.12,-0.369,0.0,17.3,70.1
1784032791.0,270,3.161,0.199,0.331,0.0,21.1,71.8
1784032791.0,270,3.301,0.207,0.228,0.0,12.7,72.6
1784032791.0,270,6.356,1.023,1.175,0.0,12.8,60.5
1784032791.0,270,7.563,0.96,0.918,0.0,16.3,60.3
1784032791.0,270,7.57,0.728,1.575,0.0,14.2,59.9
1784032791.0,270,0.489,0.709,0.139,0.325,21.3,50.9
1784032791.101,271,1.878,0.12,-0.379,0.0,17.2,70.2
1784032791.101,271,3.153,0.299,0.338,0.0,21.0,72.0
1784032791.101,271,3.301,0.207,0.24,0.0,12.9,72.6
1784032791.101,271,6.396,0.818,1.119,0.0,11.5,61.6
1784032791.101,271,7.557,0.96,0.966,0.0,16.1,60.6
1784032791.101,271,7.574,0.728,1.553,0.0,14.0,60.3
1784032791.101,271,0.32,0.552,0.144,-0.325,27.2,47.5
1784032791.202,272,1.875,0.12,-0.392,0.0,17.1,70.3
1784032791.202,272,3.154,0.299,0.329,0.0,21.0,72.0
1784032791.202,272,3.303,0.207,0.211,0.0,12.6,72.8
1784032791.202,272,7.555,0.96,0.984,0.0,16.2,60.3
1784032791.202,272,7.568,0.728,1.585,0.0,14.2,60.0
1784032791.304,273,1.877,0.12,-0.382,0.0,17.4,70.1
1784032791.304,273,3.153,0.299,0.332,0.0,20.9,72.0
1784032791.304,273,3.297,0.311,0.158,0.0,12.5,72.8
1784032791.304,273,6.393,0.818,1.137,0.0,11.4,61.6
1784032791.304,273,7.559,0.96,0.948,0.0,16.5,60.2
1784032791.304,273,7.592,0.485,1.56,0.0,13.9,60.1
1784032791.304,273,0.519,0.75,0.299,0.162,16.6,52.9
1784032791.405,274,1.293,-0.811,-0.026,0.0,11.2,61.8
1784032791.405,274,1.874,0.12,-0.398,0.0,16.8,70.5
1784032791.405,274,3.153,0.299,0.333,0.0,20.8,72.1
1784032791.405,274,3.297,0.311,0.169,0.0,12.5,73.0
1784032791.405,274,6.4,0.818,1.095,0.0,11.5,61.7
1784032791.405,274,7.585,0.72,0.951,0.0,15.7,60.7
1784032791.405,274,7.571,0.728,1.567,0.0,13.6,60.2
1784032791.506,275,1.872,0.12,-0.406,0.0,16.8,70.5
1784032791.506,275,3.153,0.299,0.332,0.0,21.0,71.9
1784032791.506,275,3.302,0.207,0.223,0.0,13.0,72.5
1784032791.506,275,6.453,0.614,0.903,0.0,11.4,61.5
1784032791.506,275,7.582,0.72,0.978,0.0,15.9,60.5
1784032791.506,275,7.584,0.728,1.503,0.0,14.0,60.3
1784032791.607,276,1.874,0.12,-0.401,0.0,17.0,70.4
1784032791.607,276,3.154,0.299,0.33,0.0,21.2,71.8
1784032791.607,276,3.303,0.207,0.196,0.0,12.7,72.7
1784032791.607,276,6.421,0.818,0.967,0.0,12.2,61.1
1784032791.607,276,7.546,0.96,1.05,0.0,16.3,60.4
1784032791.607,276,7.569,0.728,1.58,0.0,13.6,60.1
1784032791.708,277,1.873,0.12,-0.404,0.0,16.8,70.5
1784032791.708,277,3.153,0.299,0.338,0.0,20.7,72.3
1784032791.708,277,3.301,0.207,0.234,0.0,12.3,73.1
1784032791.708,277,7.58,0.72,0.99,0.0,16.2,60.4
1784032791.708,277,7.582,0.485,1.61,0.0,13.3,60.3
1784032791.808,278,1.875,0.12,-0.396,0.0,17.3,70.1
1784032791.808,278,3.154,0.299,0.323,0.0,21.2,71.8
1784032791.808,278,3.302,0.207,0.221,0.0,12.8,72.5
1784032791.808,278,7.558,0.96,0.954,0.0,16.2,60.2
1784032791.808,278,7.596,0.485,1.54,0.0,13.8,59.9
1784032791.909,279,1.878,0.12,-0.38,0.0,17.4,70.1
1784032791.909,279,3.154,0.299,0.323,0.0,20.8,72.2
1784032791.909,279,3.3,0.207,0.243,0.0,12.3,72.9
1784032791.909,279,7.547,0.96,1.041,0.0,16.6,60.2
1784032791.909,279,7.553,0.728,1.652,0.0,13.9,59.9
1784032792.01,280,1.878,0.12,-0.38,0.0,17.2,70.2
1784032792.01,280,3.154,0.299,0.326,0.0,21.0,72.0
1784032792.01,280,3.303,0.207,0.21,0.0,12.0,73.1
1784032792.01,280,7.55,0.96,1.019,0.0,15.9,60.7
1784032792.01,280,7.548,0.728,1.673,0.0,13.6,60.2
1784032792.112,281,1.877,0.12,-0.384,0.0,17.6,69.9
1784032792.112,281,3.153,0.299,0.335,0.0,20.7,72.3
1784032792.112,281,3.301,0.207,0.232,0.0,12.4,73.0
1784032792.112,281,7.549,0.96,1.024,0.0,16.1,60.5
1784032792.112,281,7.546,0.728,1.685,0.0,13.8,60.1
1784032792.213,282,1.876,0.12,-0.39,0.0,17.4,70.1
1784032792.213,282,3.154,0.299,0.323,0.0,20.8,72.3
1784032792.213,282,3.303,0.207,0.207,0.0,12.4,72.9
1784032792.213,282,7.555,0.96,0.978,0.0,16.2,60.4
1784032792.213,282,7.55,0.728,1.665,0.0,13.8,60.0
1784032792.314,283,1.878,0.12,-0.378,0.0,17.0,70.3
1784032792.314,283,3.153,0.299,0.331,0.0,21.2,71.9
1784032792.314,283,3.302,0.207,0.224,0.0,12.8,72.4
1784032792.314,283,7.555,0.96,0.978,0.0,15.6,60.5
1784032792.314,283,7.551,0.728,1.663,0.0,13.5,60.5
1784032792.416,284,1.874,0.12,-0.4,0.0,17.0,70.4
1784032792.416,284,3.153,0.299,0.334,0.0,20.9,72.2
1784032792.416,284,3.301,0.207,0.23,0.0,12.4,72.9
1784032792.416,284,7.568,0.716,0.717,0.0,15.5,60.5
1784032792.416,284,7.567,0.728,1.587,0.0,13.5,60.5
1784032792.517,285,1.875,0.12,-0.394,0.0,17.5,70.0
1784032792.517,285,3.155,0.299,0.321,0.0,20.9,72.1
1784032792.517,285,3.301,0.207,0.237,0.0,12.6,72.7
1784032792.517,285,7.535,0.954,0.778,0.0,15.6,60.5
1784032792.517,285,7.569,0.728,1.579,0.0,13.8,60.3
1784032792.618,286,1.878,0.06,-0.392,0.0,16.8,70.6
1784032792.618,286,3.155,0.299,0.32,0.0,20.9,72.1
1784032792.618,286,3.297,0.311,0.156,0.0,12.5,72.7
1784032792.618,286,6.382,0.818,1.194,0.0,11.6,61.5
1784032792.618,286,7.542,0.96,1.073,0.0,15.7,60.7
1784032792.618,286,7.577,0.728,1.541,0.0,13.5,60.7
1784032792.721,287,1.878,0.12,-0.378,0.0,16.7,70.6
1784032792.721,287,3.154,0.299,0.33,0.0,21.1,71.9
1784032792.721,287,3.302,0.207,0.224,0.0,12.6,72.7
1784032792.721,287,6.357,0.818,1.323,0.0,11.4,61.6
1784032792.721,287,7.54,0.96,1.092,0.0,15.2,60.9
1784032792.721,287,7.557,0.728,1.636,0.0,13.3,60.8
1784032792.822,288,0.419,0.663,-0.048,0.0,12.8,64.0
1784032792.822,288,1.877,0.12,-0.385,0.0,17.0,70.4
1784032792.822,288,3.154,0.299,0.325,0.0,20.9,72.1
1784032792.822,288,3.295,0.311,0.199,0.0,12.4,72.8
1784032792.822,288,6.387,0.818,1.168,0.0,11.5,61.4
1784032792.822,288,7.545,0.96,1.058,0.0,15.1,60.9
1784032792.822,288,7.559,0.728,1.625,0.0,13.2,60.8
1784032792.923,289,1.874,0.12,-0.397,0.0,16.6,70.6
1784032792.923,289,3.155,0.299,0.315,0.0,20.9,72.0
1784032792.923,289,3.297,0.311,0.172,0.0,12.6,72.6
1784032792.923,289,6.316,1.023,1.377,0.0,11.3,62.1
1784032792.923,289,7.579,0.72,1.001,0.0,15.3,60.8
1784032792.923,289,7.554,0.728,1.649,0.0,13.6,60.5
1784032792.923,289,0.374,0.589,-0.028,0.081,12.8,60.7
1784032792.923,289,0.385,0.663,-0.171,-0.081,17.0,63.0
1784032793.023,290,1.875,0.12,-0.393,0.0,16.1,71.1
1784032793.023,290,3.154,0.299,0.327,0.0,20.9,72.1
1784032793.023,290,3.299,0.207,0.26,0.0,12.7,72.6
1784032793.023,290,6.28,1.023,1.529,0.0,11.6,61.7
1784032793.023,290,7.544,0.96,1.062,0.0,15.8,60.4
1784032793.023,290,7.541,0.728,1.709,0.0,13.7,60.2
1784032793.023,290,0.498,0.81,0.131,-0.081,14.1,61.7
1784032793.125,291,1.878,0.12,-0.378,0.0,17.2,70.2
1784032793.125,291,3.154,0.299,0.328,0.0,20.7,72.3
1784032793.125,291,3.297,0.311,0.171,0.0,12.6,72.7
1784032793.125,291,6.406,0.614,1.192,0.0,11.7,61.2
1784032793.125,291,7.557,0.96,0.969,0.0,15.7,60.6
1784032793.125,291,7.578,0.728,1.536,0.0,13.3,60.7
1784032793.125,291,0.509,0.72,0.379,-0.162,18.9,56.3
1784032793.125,291,5.502,1.25,0.913,-0.162,12.8,53.2
1784032793.125,291,5.584,1.881,1.235,-0.162,12.1,52.2
1784032793.227,292,1.876,0.12,-0.388,0.0,16.6,70.8
1784032793.227,292,3.155,0.299,0.319,0.0,20.9,72.1
1784032793.227,292,3.302,0.207,0.219,0.0,12.3,72.9
1784032793.227,292,6.375,0.818,1.23,0.0,11.4,61.8
1784032793.227,292,7.55,0.96,1.017,0.0,16.6,59.8
1784032793.227,292,7.562,0.728,1.613,0.0,14.2,59.7
1784032793.227,292,0.497,0.589,-0.151,0.081,20.9,61.2
1784032793.227,292,0.571,0.687,0.202,-0.162,16.9,55.4
1784032793.227,292,0.457,0.638,0.02,-0.081,24.2,61.5
1784032793.328,293,0.394,0.556,-0.292,0.0,16.7,64.7
1784032793.328,293,1.876,0.12,-0.387,0.0,16.3,71.0
1784032793.328,293,3.154,0.299,0.327,0.0,21.7,71.2
1784032793.328,293,3.297,0.311,0.166,0.0,13.2,72.1
1784032793.328,293,6.269,1.023,1.577,0.0,12.0,61.4
1784032793.328,293,7.582,0.72,0.975,0.0,17.0,59.6
1784032793.328,293,7.537,0.728,1.725,0.0,14.2,59.8
1784032793.328,293,0.656,0.573,0.059,-0.325,24.1,47.6
1784032793.328,293,0.449,0.524,0.108,-0.162,29.1,53.7
1784032793.328,293,0.544,0.601,0.427,-0.162,18.8,55.4
1784032793.429,294,0.496,0.409,0.122,0.0,15.9,68.7
1784032793.429,294,1.875,0.12,-0.393,0.0,16.2,71.1
1784032793.429,294,3.155,0.299,0.321,0.0,21.3,71.6
1784032793.429,294,3.296,0.311,0.183,0.0,13.1,72.2
1784032793.429,294,6.347,0.818,1.37,0.0,12.2,61.2
1784032793.429,294,7.534,0.96,1.129,0.0,17.2,59.6
1784032793.429,294,7.503,0.728,1.868,0.0,13.7,59.8
1784032793.429,294,0.505,0.564,-0.209,0.081,17.1,64.0
1784032793.429,294,0.383,0.556,0.307,-0.081,17.4,64.0
1784032793.53,295,0.538,0.51,0.017,0.0,26.0,65.3
1784032793.53,295,1.877,0.12,-0.384,0.0,16.1,71.2
1784032793.53,295,3.154,0.299,0.324,0.0,20.7,72.3
1784032793.53,295,3.299,0.311,0.13,0.0,12.6,72.7
1784032793.53,295,6.322,0.818,1.481,0.0,12.5,61.1
1784032793.53,295,7.555,0.72,1.169,0.0,18.8,57.6
1784032793.53,295,7.555,0.728,1.644,0.0,16.6,57.6
1784032793.633,296,1.879,0.12,-0.375,0.0,15.9,71.3
1784032793.633,296,3.151,0.299,0.358,0.0,21.9,71.0
1784032793.633,296,3.281,0.414,0.238,0.0,13.7,71.6
1784032793.633,296,6.284,1.023,1.513,0.0,12.5,59.9
1784032793.633,296,7.519,0.96,1.229,0.0,16.4,60.2
1784032793.633,296,7.541,0.728,1.708,0.0,13.4,60.2
1784032793.633,296,0.516,0.533,0.012,-0.081,29.0,63.4
1784032793.734,297,1.879,0.12,-0.372,0.0,16.6,71.0
1784032793.734,297,3.164,0.299,0.215,0.0,21.5,71.6
1784032793.734,297,3.309,0.207,-0.034,0.0,13.1,72.1
1784032793.734,297,6.355,0.818,1.33,0.0,12.1,60.8
1784032793.734,297,7.505,0.96,1.311,0.0,17.4,58.5
1784032793.734,297,7.541,0.728,1.705,0.0,15.4,58.3
1784032793.734,297,0.703,0.319,0.144,0.406,38.6,45.9
1784032793.734,297,0.431,0.603,-0.031,-0.162,33.7,51.7
1784032793.836,298,1.87,0.12,-0.415,0.0,16.9,70.7
1784032793.836,298,3.152,0.299,0.345,0.0,22.4,70.7
1784032793.836,298,3.287,0.207,0.386,0.0,13.7,71.5
1784032793.836,298,6.377,0.818,1.221,0.0,13.4,59.9
1784032793.836,298,7.523,0.96,1.203,0.0,17.5,58.7
1784032793.836,298,7.529,0.728,1.759,0.0,15.8,58.1
1784032793.836,298,0.713,0.414,0.085,0.081,22.8,62.3
1784032793.836,298,0.74,0.48,0.379,0.081,13.7,61.9
1784032793.836,298,0.789,0.42,0.35,0.081,13.7,61.9
1784032793.836,298,0.772,0.285,0.096,0.325,43.1,45.6
1784032793.937,299,0.564,0.464,0.132,0.0,20.0,66.3
1784032793.937,299,1.877,0.12,-0.386,0.0,16.3,71.2
1784032793.937,299,3.146,0.299,0.399,0.0,22.1,70.7
1784032793.937,299,6.27,1.023,1.573,0.0,11.9,60.8
1784032793.937,299,7.52,0.96,1.22,0.0,18.2,58.4
1784032793.937,299,7.533,0.728,1.742,0.0,15.7,58.2
1784032793.937,299,0.768,0.311,0.032,0.081,25.3,61.7
1784032793.937,299,0.515,0.81,-0.026,-0.325,22.3,54.1
1784032793.937,299,0.811,0.401,0.147,-0.081,15.4,60.7
1784032794.038,300,0.59,0.44,0.092,0.0,22.8,64.3
1784032794.038,300,1.877,0.12,-0.384,0.0,17.2,70.4
1784032794.038,300,3.158,0.299,0.287,0.0,21.7,71.2
1784032794.038,300,3.292,0.311,0.24,0.0,13.4,71.9
1784032794.038,300,6.377,0.818,1.222,0.0,11.9,61.4
1784032794.038,300,7.548,0.72,1.215,0.0,18.2,58.6
1784032794.038,300,7.544,0.485,1.777,0.0,15.3,58.0
1784032794.038,300,0.744,0.363,0.044,0.081,23.5,59.8
1784032794.038,300,0.785,0.382,-0.014,-0.162,20.2,58.2
1784032794.09,301,0.745,0.363,-0.006,0.0,22.4,63.5
1784032794.09,301,1.87,0.12,-0.416,0.0,16.6,70.8
1784032794.09,301,3.145,0.299,0.402,0.0,21.7,71.3
1784032794.09,301,6.39,0.818,1.154,0.0,12.4,61.7
1784032794.09,301,7.522,0.728,1.79,0.0,15.4,58.6
1784032794.09,301,0.697,0.382,-0.36,-0.162,16.0,59.0
1784032794.09,301,0.469,0.709,0.197,-0.162,16.0,59.0
1784032794.09,301,0.506,0.48,0.026,-0.081,21.2,67.5
1784032794.243,302,0.778,0.285,0.017,0.0,17.7,62.6
1784032794.243,302,0.834,0.45,0.15,0.0,16.3,63.7
1784032794.243,302,1.872,0.12,-0.407,0.0,16.2,71.0
1784032794.243,302,3.152,0.299,0.342,0.0,22.1,70.8
1784032794.243,302,6.249,1.023,1.652,0.0,13.5,60.1
1784032794.243,302,7.512,0.96,1.271,0.0,18.7,57.7
1784032794.243,302,7.51,0.728,1.84,0.0,16.4,57.7
1784032794.243,302,5.413,1.055,1.122,0.162,14.1,51.0
1784032794.243,302,0.817,1.023,0.008,-0.243,14.7,52.7
1784032794.243,302,0.472,0.45,0.057,-0.162,33.6,54.2
1784032794.243,302,0.747,0.436,0.117,-0.081,19.3,61.5
1784032794.343,303,0.741,0.363,0.078,0.0,21.2,63.5
1784032794.343,303,1.875,0.12,-0.391,0.0,16.1,71.2
1784032794.343,303,3.158,0.299,0.289,0.0,22.1,70.9
1784032794.343,303,3.297,0.311,0.174,0.0,13.6,71.9
1784032794.343,303,6.331,0.818,1.442,0.0,12.8,60.9
1784032794.343,303,7.551,0.716,0.873,0.0,18.5,58.0
1784032794.343,303,7.531,0.728,1.749,0.0,15.9,58.3
1784032794.343,303,0.77,0.382,0.149,0.081,25.2,59.2
1784032794.343,303,0.525,0.458,0.044,-0.081,22.3,64.7
1784032794.394,304,1.865,0.06,-0.449,0.0,17.0,70.5
1784032794.394,304,3.154,0.299,0.326,0.0,21.5,71.5
1784032794.394,304,3.297,0.207,0.29,0.0,13.5,71.9
1784032794.394,304,6.364,0.818,1.288,0.0,12.7,61.0
1784032794.394,304,7.524,0.96,1.194,0.0,18.0,58.6
1784032794.394,304,7.527,0.728,1.768,0.0,16.0,58.3
1784032794.394,304,7.814,-0.993,1.0,0.0,11.5,59.5
1784032794.394,304,0.739,0.363,0.095,0.081,25.6,60.4
1784032794.394,304,0.653,1.031,-0.054,-0.243,22.1,51.9
1784032794.394,304,0.4,0.458,0.054,-0.081,20.6,68.5
1784032794.495,305,0.599,0.394,0.19,0.0,15.0,65.9
1784032794.495,305,1.874,0.12,-0.399,0.0,16.6,70.6
1784032794.495,305,3.157,0.299,0.297,0.0,21.5,71.4
1784032794.495,305,3.295,0.311,0.205,0.0,13.3,72.3
1784032794.495,305,6.279,1.023,1.533,0.0,12.8,60.8
1784032794.495,305,7.561,0.72,1.128,0.0,17.6,58.8
1784032794.495,305,7.53,0.728,1.753,0.0,15.6,58.7
1784032794.495,305,0.779,0.382,0.09,0.081,27.8,58.0
1784032794.495,305,0.652,1.031,-0.068,-0.162,19.9,53.9
1784032794.495,305,0.433,0.491,0.016,-0.081,16.9,69.3
1784032794.647,306,1.882,0.12,-0.36,0.0,16.4,71.0
1784032794.647,306,3.154,0.299,0.328,0.0,21.2,71.8
1784032794.647,306,3.288,0.311,0.298,0.0,12.8,72.5
1784032794.647,306,6.282,1.023,1.524,0.0,13.1,61.0
1784032794.647,306,7.513,0.954,0.971,0.0,18.1,58.3
1784032794.647,306,7.552,0.728,1.658,0.0,15.5,58.5
1784032794.647,306,0.753,0.382,0.222,0.081,18.2,60.1
1784032794.698,307,0.726,0.389,0.098,0.0,15.6,64.3
1784032794.698,307,1.871,0.06,-0.424,0.0,16.6,70.7
1784032794.698,307,3.154,0.299,0.326,0.0,22.1,70.9
1784032794.698,307,3.305,0.207,0.161,0.0,13.2,72.2
1784032794.698,307,6.344,1.023,1.241,0.0,12.0,61.5
1784032794.698,307,7.53,0.954,0.824,0.0,18.9,57.4
1784032794.698,307,7.534,0.728,1.736,0.0,16.0,58.0
1784032794.698,307,0.349,0.496,-0.069,-0.081,18.2,66.9
1784032794.8,308,1.877,0.06,-0.398,0.0,16.7,70.5
1784032794.8,308,3.149,0.299,0.371,0.0,21.5,71.6
1784032794.8,308,6.334,1.227,1.099,0.0,13.0,60.3
1784032794.8,308,7.529,0.96,1.166,0.0,17.9,58.7
1784032794.8,308,7.501,0.728,1.873,0.0,15.2,58.5
1784032794.8,308,0.561,0.393,0.137,0.081,16.1,65.7
1784032794.8,308,0.761,0.409,0.124,0.081,18.2,61.0
1784032794.901,309,0.356,0.496,-0.012,0.0,19.6,66.3
1784032794.901,309,1.88,0.12,-0.372,0.0,16.2,70.8
1784032794.901,309,3.145,0.299,0.405,0.0,21.7,71.4
1784032794.901,309,3.267,0.207,0.526,0.0,13.1,72.3
1784032794.901,309,6.282,1.227,1.361,0.0,13.6,59.7
1784032794.901,309,7.497,0.96,1.357,0.0,18.5,58.0
1784032794.901,309,7.493,0.728,1.907,0.0,16.6,57.6
1784032794.901,309,0.685,0.466,0.033,0.081,14.0,60.1
1784032794.901,309,0.699,0.3,0.428,0.162,22.0,53.8
1784032794.901,309,0.832,0.533,0.177,0.162,17.6,52.6
1784032795.002,310,1.884,0.18,-0.322,0.0,16.8,70.5
1784032795.002,310,3.154,0.299,0.326,0.0,21.6,71.5
1784032795.002,310,3.282,0.311,0.359,0.0,13.0,72.2
1784032795.002,310,6.335,1.023,1.283,0.0,12.9,61.3
1784032795.002,310,7.501,0.96,1.333,0.0,18.8,57.8
1784032795.002,310,7.549,0.728,1.67,0.0,16.2,57.6
1784032795.002,310,0.514,0.458,0.114,0.081,21.7,64.1
1784032795.002,310,0.69,0.491,0.211,0.162,25.9,51.7
1784032795.104,311,0.47,0.45,0.068,0.0,18.3,68.6
1784032795.104,311,1.88,0.12,-0.372,0.0,16.5,70.7
1784032795.104,311,3.148,0.299,0.381,0.0,21.3,71.9
1784032795.104,311,6.352,1.023,1.199,0.0,12.8,61.3
1784032795.104,311,7.51,0.96,1.283,0.0,18.4,58.5
1784032795.104,311,7.486,0.728,1.932,0.0,15.6,58.2
1784032795.104,311,0.782,0.458,0.134,0.081,18.9,60.6
1784032795.205,312,0.586,0.44,0.113,0.0,15.3,67.1
1784032795.205,312,0.775,0.487,-0.051,0.0,14.7,63.4
1784032795.205,312,1.883,0.12,-0.352,0.0,16.0,71.1
1784032795.205,312,3.154,0.299,0.324,0.0,22.2,71.0
1784032795.205,312,3.281,0.414,0.238,0.0,13.7,72.0
1784032795.205,312,6.344,1.023,1.237,0.0,12.5,60.8
1784032795.205,312,7.509,0.96,1.289,0.0,18.8,58.2
1784032795.205,312,7.452,0.728,2.062,0.0,15.8,58.2
1784032795.307,313,1.881,0.12,-0.362,0.0,16.3,70.9
1784032795.307,313,3.15,0.299,0.36,0.0,21.5,71.5
1784032795.307,313,3.308,0.207,0.101,0.0,13.3,72.2
1784032795.307,313,6.35,0.818,1.354,0.0,12.5,61.5
1784032795.307,313,7.499,0.96,1.345,0.0,18.0,59.1
1784032795.307,313,7.531,0.728,1.752,0.0,15.1,58.7
1784032795.307,313,0.432,0.491,0.025,-0.081,15.3,71.5
1784032795.307,313,0.762,0.487,0.15,-0.081,25.3,59.8
1784032795.409,314,1.876,0.12,-0.387,0.0,15.9,71.0
1784032795.409,314,3.156,0.299,0.309,0.0,22.3,70.7
1784032795.409,314,3.301,0.311,0.058,0.0,13.9,71.6
1784032795.409,314,6.395,0.818,1.121,0.0,11.6,62.4
1784032795.409,314,7.541,0.72,1.258,0.0,18.3,58.7
1784032795.409,314,7.496,0.728,1.895,0.0,15.2,58.6
1784032795.409,314,0.649,0.44,0.267,-0.243,16.4,51.1
1784032795.409,314,0.75,0.515,0.109,-0.243,23.0,51.2
1784032795.409,314,0.376,0.477,0.061,-0.081,21.1,65.8
1784032795.51,315,1.883,0.12,-0.354,0.0,16.0,71.0
1784032795.51,315,3.148,0.299,0.377,0.0,21.5,71.7
1784032795.51,315,3.274,0.311,0.424,0.0,13.6,72.0
1784032795.51,315,6.327,1.023,1.321,0.0,13.4,60.4
1784032795.51,315,7.511,0.96,1.273,0.0,18.8,58.1
1784032795.51,315,7.498,0.728,1.886,0.0,16.0,57.8
1784032795.51,315,0.712,0.491,0.118,-0.243,32.5,52.4
1784032795.51,315,0.403,0.511,0.066,-0.081,18.1,64.2
1784032795.51,315,0.535,0.51,0.061,-0.081,17.7,62.1
1784032795.612,316,1.881,0.12,-0.364,0.0,15.9,71.1
1784032795.612,316,3.153,0.299,0.331,0.0,22.3,70.8
1784032795.612,316,3.301,0.311,0.0,0.0,13.8,71.8
1784032795.612,316,6.311,1.023,1.396,0.0,12.9,61.4
1784032795.612,316,7.512,0.96,1.269,0.0,18.7,57.9
1784032795.612,316,7.472,0.728,1.986,0.0,16.3,57.9
1784032795.612,316,0.697,0.44,0.083,-0.243,31.8,51.4
1784032795.612,316,0.724,0.57,0.268,-0.162,12.9,56.5
1784032795.612,316,0.561,0.414,0.021,-0.081,17.7,63.7
1784032795.713,317,0.306,0.515,-0.117,0.0,19.2,66.7
1784032795.713,317,1.322,-0.764,0.048,0.0,11.2,62.2
1784032795.713,317,1.879,0.12,-0.372,0.0,16.0,71.2
1784032795.713,317,3.151,0.299,0.357,0.0,21.6,71.5
1784032795.713,317,3.294,0.311,0.223,0.0,13.2,72.2
1784032795.713,317,6.19,0.982,0.434,0.0,11.8,58.9
1784032795.713,317,6.319,1.023,1.363,0.0,11.9,61.9
1784032795.713,317,7.543,0.72,1.244,0.0,19.5,57.4
1784032795.713,317,7.493,0.728,1.908,0.0,16.7,57.3
1784032795.713,317,0.526,0.458,0.025,-0.162,35.3,55.6
1784032795.713,317,0.685,0.44,0.156,-0.162,24.5,59.4
1784032795.816,318,0.356,0.496,-0.001,0.0,20.0,69.9
1784032795.816,318,1.881,0.12,-0.362,0.0,15.9,71.2
1784032795.816,318,3.154,0.299,0.327,0.0,22.2,70.9
1784032795.816,318,3.3,0.311,0.074,0.0,13.7,71.6
1784032795.816,318,6.35,1.023,1.211,0.0,12.0,61.4
1784032795.816,318,7.498,0.96,1.346,0.0,18.7,57.9
1784032795.816,318,7.494,0.728,1.901,0.0,16.2,57.6
1784032795.816,318,0.826,0.81,-0.223,-0.243,11.5,51.9
1784032795.816,318,0.485,0.502,0.017,-0.081,19.1,65.0
1784032795.816,318,0.677,0.44,0.188,-0.081,21.0,60.9
1784032795.916,319,0.708,0.414,0.119,0.0,22.6,62.8
1784032795.916,319,1.877,0.12,-0.383,0.0,15.9,71.2
1784032795.916,319,3.152,0.299,0.341,0.0,22.2,70.9
1784032795.916,319,3.301,0.207,0.23,0.0,13.7,71.9
1784032795.916,319,6.309,1.023,1.407,0.0,12.3,61.7
1784032795.916,319,7.508,0.96,1.29,0.0,19.0,57.5
1784032795.916,319,7.493,0.728,1.905,0.0,16.1,58.0
1784032795.916,319,0.51,0.409,0.02,-0.081,19.8,67.6
1784032796.018,320,0.493,0.429,0.027,0.0,17.4,69.6
1784032796.018,320,0.708,0.414,0.117,0.0,27.6,63.0
1784032796.018,320,1.881,0.12,-0.366,0.0,16.3,70.9
1784032796.018,320,3.153,0.299,0.337,0.0,21.8,71.3
1784032796.018,320,3.299,0.311,0.117,0.0,13.5,72.0
1784032796.018,320,6.317,1.023,1.371,0.0,13.2,60.9
1784032796.018,320,7.486,0.96,1.416,0.0,18.7,57.7
1784032796.018,320,7.506,0.728,1.854,0.0,16.2,57.5
1784032796.12,321,0.688,0.368,0.092,0.0,20.2,62.2
1784032796.12,321,1.32,-0.764,0.072,0.0,11.2,62.2
1784032796.12,321,1.87,0.12,-0.418,0.0,16.3,71.0
1784032796.12,321,2.049,0.393,0.177,0.0,11.4,69.0
1784032796.12,321,3.153,0.299,0.337,0.0,22.5,70.6
1784032796.12,321,3.3,0.311,0.084,0.0,13.9,71.6
1784032796.12,321,6.214,0.785,0.484,0.0,11.7,58.9
1784032796.12,321,6.338,1.023,1.269,0.0,13.3,60.7
1784032796.12,321,7.53,0.72,1.319,0.0,18.3,58.0
1784032796.12,321,7.514,0.728,1.822,0.0,16.3,57.9
1784032796.12,321,0.428,0.372,-0.011,-0.162,29.6,58.5
1784032796.222,322,1.321,-0.764,0.055,0.0,12.1,61.3
1784032796.222,322,1.871,0.18,-0.389,0.0,16.0,71.0
1784032796.222,322,2.037,0.393,0.285,0.0,11.9,68.5
1784032796.222,322,3.151,0.299,0.358,0.0,22.7,70.4
1784032796.222,322,3.302,0.207,0.221,0.0,13.9,71.5
1784032796.222,322,6.303,1.023,1.434,0.0,14.0,60.1
1784032796.222,322,7.498,0.728,1.886,0.0,17.2,57.2
1784032796.222,322,0.402,0.327,0.073,-0.243,29.2,52.9
1784032796.222,322,1.499,0.873,-0.19,-0.243,15.8,53.0
1784032796.222,322,1.602,-0.654,0.222,-0.243,15.8,53.0
1784032796.222,322,0.669,0.393,0.12,-0.162,21.7,58.3
1784032796.323,323,1.32,-0.764,0.078,0.0,11.3,61.5
1784032796.323,323,1.864,0.12,-0.441,0.0,16.3,70.8
1784032796.323,323,3.157,0.299,0.296,0.0,22.7,70.4
1784032796.323,323,3.297,0.311,0.159,0.0,14.1,71.4
1784032796.323,323,6.323,1.023,1.34,0.0,12.5,61.2
1784032796.323,323,7.497,0.96,1.355,0.0,19.1,57.3
1784032796.323,323,7.504,0.728,1.862,0.0,16.8,57.2
1784032796.323,323,0.209,0.331,-0.027,-0.649,19.6,59.5
1784032796.323,323,0.418,0.278,0.147,-0.243,28.1,53.7
1784032796.323,323,0.49,0.363,0.036,-0.081,20.1,64.8
1784032796.323,323,0.678,0.393,-0.052,-0.081,20.5,58.1
1784032796.423,324,0.723,0.294,0.084,0.0,20.2,62.2
1784032796.423,324,1.899,0.18,-0.214,0.0,16.5,71.0
1784032796.423,324,3.141,0.299,0.435,0.0,21.7,71.3
1784032796.423,324,6.34,1.023,1.261,0.0,13.6,60.1
1784032796.423,324,7.544,0.72,1.235,0.0,18.6,57.7
1784032796.423,324,7.525,0.728,1.777,0.0,16.7,57.3
1784032796.423,324,0.517,0.324,-0.015,0.081,18.0,65.4
1784032796.423,324,0.175,0.248,0.034,-0.649,20.4,56.9
1784032796.423,324,0.263,0.39,-0.096,-0.487,24.1,60.4
1784032796.423,324,0.383,0.344,0.098,-0.081,14.0,69.2
1784032796.529,325,1.878,0.12,-0.379,0.0,15.5,71.4
1784032796.529,325,3.149,0.299,0.37,0.0,22.1,71.0
1784032796.529,325,3.285,0.207,0.398,0.0,13.3,71.7
1784032796.529,325,6.332,1.023,1.298,0.0,12.9,60.1
1784032796.529,325,7.514,0.96,1.26,0.0,18.0,58.0
1784032796.529,325,7.522,0.728,1.789,0.0,16.2,58.0
1784032796.529,325,0.758,0.311,0.127,0.081,23.2,59.2
1784032796.529,325,0.167,0.196,0.047,-0.487,21.1,54.6
1784032796.529,325,2.804,3.511,-0.092,-0.406,22.3,50.8
1784032796.529,325,0.437,0.354,0.068,-0.081,24.6,63.8
1784032796.631,326,0.299,0.375,0.018,0.0,19.5,67.1
1784032796.631,326,0.467,0.319,0.046,0.0,19.6,66.4
1784032796.631,326,1.577,-0.638,0.005,0.0,11.5,63.3
1784032796.631,326,1.833,0.12,-0.559,0.0,15.9,71.3
1784032796.631,326,3.152,0.299,0.343,0.0,22.3,70.7
1784032796.631,326,7.495,0.96,1.368,0.0,15.9,58.6
1784032796.631,326,7.503,0.728,1.868,0.0,15.4,58.3
1784032796.631,326,0.775,0.259,0.138,0.243,29.5,54.9
1784032796.631,326,0.883,0.33,0.182,0.243,14.5,53.6
1784032796.732,327,0.408,0.327,-0.022,0.0,17.5,67.5
1784032796.732,327,1.87,0.12,-0.418,0.0,16.4,70.8
1784032796.732,327,3.163,0.299,0.221,0.0,21.8,71.6
1784032796.732,327,3.296,0.311,0.177,0.0,13.7,72.3
1784032796.732,327,6.357,0.818,1.321,0.0,12.4,59.6
1784032796.732,327,7.52,0.96,1.223,0.0,15.8,57.4
1784032796.732,327,7.569,0.728,1.58,0.0,15.0,57.9
1784032796.732,327,7.778,-0.744,1.416,0.0,11.9,59.4
1784032796.732,327,0.758,0.311,0.128,0.243,34.4,49.9
1784032796.732,327,0.744,0.72,0.157,-0.487,18.9,48.6
1784032796.833,328,0.634,0.284,-0.067,0.0,13.5,64.3
1784032796.833,328,1.895,0.18,-0.249,0.0,16.1,71.2
1784032796.833,328,3.148,0.299,0.379,0.0,21.9,70.9
1784032796.833,328,3.293,0.207,0.327,0.0,13.9,71.6
1784032796.833,328,6.338,1.023,1.269,0.0,11.8,60.4
1784032796.833,328,7.527,0.72,1.339,0.0,15.7,57.3
1784032796.833,328,7.51,0.728,1.84,0.0,15.3,57.2
1784032796.833,328,7.872,-0.744,0.731,0.0,11.3,59.9
1784032796.833,328,0.793,0.327,0.16,0.162,28.1,49.5
1784032796.833,328,0.316,0.36,-0.029,-0.081,16.3,66.9
1784032796.933,329,1.886,0.18,-0.312,0.0,15.9,70.9
1784032796.933,329,2.041,0.393,0.258,0.0,11.6,68.4
1784032796.933,329,1.514,-1.44,-0.143,0.0,11.6,68.4
1784032796.933,329,3.132,0.299,0.494,0.0,21.7,70.3
1784032796.933,329,3.283,0.311,0.349,0.0,14.9,70.9
1784032796.933,329,7.397,0.72,1.93,0.0,14.7,58.0
1784032796.933,329,7.455,0.728,2.051,0.0,14.1,58.1
1784032797.035,330,3.122,0.199,0.597,0.0,17.7,70.3
1784032797.035,330,7.854,-0.744,0.905,0.0,12.1,59.2
1784032797.136,331,1.891,0.12,-0.306,0.0,15.1,70.8
1784032797.136,331,3.169,0.299,-0.109,0.0,13.7,70.8
1784032797.237,332,0.288,0.327,-0.012,0.0,14.8,68.1
1784032797.237,332,1.873,0.18,-0.38,0.0,12.7,71.4
1784032797.237,332,3.174,0.199,0.177,0.0,12.9,71.3
1784032797.237,332,7.83,-0.993,0.869,0.0,11.3,59.2
1784032797.339,333,1.882,0.12,-0.359,0.0,12.2,71.6
1784032797.339,333,3.169,0.299,-0.101,0.0,11.4,70.7
1784032797.39,334,1.813,0.059,-0.478,0.0,11.7,68.4
1784032797.39,334,1.286,-1.055,0.867,0.0,11.7,68.4
1784032797.39,334,7.844,-0.993,0.736,0.0,12.2,58.3
1784032797.542,335,7.858,-0.744,0.869,0.0,12.1,58.0
1784032797.643,336,1.293,-0.811,-0.052,0.0,11.7,63.0
1784032797.643,336,7.906,-0.496,0.542,0.0,12.3,58.1
1784032797.694,337,7.876,-0.496,0.878,0.0,12.1,58.7
1784032797.795,338,7.82,-0.744,1.158,0.0,13.1,58.1
1784032797.947,339,7.854,-0.744,0.904,0.0,12.9,58.2
1784032797.998,340,7.827,-0.744,1.112,0.0,12.8,58.6
1784032798.098,341,7.798,-0.744,1.297,0.0,12.8,58.8
1784032798.199,342,1.293,-0.811,0.045,0.0,11.3,63.6
1784032798.199,342,7.814,-0.744,1.196,0.0,12.3,59.1
1784032798.3,343,7.836,-0.744,1.045,0.0,12.0,59.1
1784032798.401,344,1.278,-0.811,0.202,0.0,11.2,63.7
1784032798.401,344,1.316,-0.239,-0.737,0.0,11.2,63.7
1784032798.401,344,7.84,-0.496,1.16,0.0,12.7,58.4
1784032798.502,345,1.294,-0.811,-0.012,0.0,11.9,63.3
1784032798.502,345,1.825,0.235,-0.364,0.0,12.1,69.5
1784032798.502,345,7.839,-0.744,1.02,0.0,12.3,58.8
1784032798.603,346,1.322,-0.764,0.006,0.0,12.6,63.2
1784032798.603,346,7.821,-0.744,1.155,0.0,12.4,58.3
1784032798.704,347,0.223,0.307,0.101,0.081,11.8,68.7
1784032798.806,348,1.574,-0.532,-0.366,0.0,12.0,65.2
1784032798.907,349,1.507,-0.442,0.034,0.0,16.3,63.2
1784032798.907,349,0.277,0.39,-0.038,0.081,13.8,66.5
1784032799.008,350,1.478,-0.382,0.013,0.0,12.5,62.9
1784032799.008,350,1.581,-0.202,-0.257,0.0,14.4,62.0
1784032799.008,350,1.14,-1.595,-0.1,-0.081,11.6,71.3
1784032799.109,351,1.517,-0.353,-0.426,0.0,13.7,63.1
1784032799.109,351,1.029,-1.62,0.043,0.0,12.4,72.3
1784032799.109,351,1.733,0.72,-0.405,0.0,12.4,72.3
1784032799.211,352,1.52,-0.404,-0.366,0.0,13.8,63.5
1784032799.211,352,1.719,0.78,-0.347,0.0,12.4,72.8
1784032799.312,353,0.275,0.286,0.181,0.0,11.6,68.9
1784032799.312,353,1.517,-0.353,-0.426,0.0,12.7,64.1
1784032799.312,353,1.776,0.72,-0.118,0.0,12.4,72.7
1784032799.413,354,1.542,-0.353,-0.323,0.0,13.6,63.0
1784032799.413,354,1.79,0.66,0.214,0.0,12.5,72.4
1784032799.514,355,1.537,-0.353,-0.344,0.0,14.1,62.4
1784032799.514,355,1.047,-1.657,0.116,0.0,12.0,73.1
1784032799.615,356,0.442,0.42,0.04,0.0,12.5,65.5
1784032799.615,356,1.537,-0.404,-0.282,0.0,13.2,63.6
1784032799.615,356,1.641,0.78,-0.619,0.0,12.4,72.4
1784032799.615,356,3.055,0.896,0.098,0.0,15.0,72.6
1784032799.715,357,1.546,-0.353,-0.303,0.0,13.6,63.1
1784032799.715,357,1.05,-1.657,0.085,0.0,12.1,72.9
1784032799.715,357,2.99,1.095,0.061,0.0,16.3,72.8
1784032799.817,358,1.532,-0.404,-0.309,0.0,13.3,63.7
1784032799.817,358,1.76,0.72,-0.26,0.0,12.7,72.3
1784032799.817,358,2.947,1.194,0.184,0.0,17.4,72.8
1784032799.817,358,7.087,2.879,0.667,0.0,13.7,60.0
1784032799.918,359,1.53,-0.353,-0.375,0.0,14.3,62.7
1784032799.918,359,1.768,0.72,-0.204,0.0,12.7,72.3
1784032799.918,359,2.977,1.095,0.292,0.0,16.8,73.1
1784032799.918,359,7.082,2.879,0.723,0.0,13.0,60.6
1784032800.019,360,1.448,-0.239,-0.422,0.0,11.2,63.1
1784032800.019,360,1.53,-0.404,-0.32,0.0,13.7,63.1
1784032800.019,360,1.787,0.798,-0.162,0.0,11.9,72.9
1784032800.019,360,2.985,1.095,0.193,0.0,16.3,73.3
1784032800.019,360,7.085,2.879,0.692,0.0,12.0,60.7
1784032800.121,361,0.391,0.337,0.236,0.0,11.5,65.5
1784032800.121,361,1.541,-0.404,-0.259,0.0,13.0,63.9
1784032800.121,361,1.759,0.72,-0.27,0.0,12.8,72.1
1784032800.121,361,2.983,1.095,0.212,0.0,16.4,73.1
1784032800.121,361,7.076,2.879,0.776,0.0,11.7,60.6
1784032800.223,362,1.533,-0.404,-0.307,0.0,13.6,63.3
1784032800.223,362,1.768,0.72,-0.204,0.0,12.3,72.3
1784032800.223,362,2.989,1.095,0.097,0.0,14.8,73.0
1784032800.324,363,1.428,-0.286,-0.46,0.0,11.3,63.3
1784032800.324,363,1.535,-0.404,-0.295,0.0,14.2,62.7
1784032800.324,363,1.035,-1.657,0.196,0.0,12.0,73.0
1784032800.324,363,3.08,0.796,-0.148,0.0,12.2,72.0
1784032800.424,364,1.539,-0.404,-0.271,0.0,13.9,63.1
1784032800.424,364,1.045,-1.657,0.138,0.0,12.6,73.0
1784032800.525,365,1.474,-0.353,-0.555,0.0,13.6,63.5
1784032800.626,366,1.549,-0.353,-0.287,0.0,13.9,63.5
1784032800.727,367,1.56,-0.353,-0.216,0.0,13.9,63.4
1784032800.727,367,1.638,0.72,0.695,0.0,13.3,72.3
1784032800.828,368,1.542,-0.353,-0.32,0.0,15.3,62.0
1784032800.828,368,1.802,0.66,-0.033,0.0,13.4,72.6
1784032800.828,368,1.03,-1.62,-0.033,0.0,13.4,72.6
1784032800.929,369,1.535,-0.353,-0.351,0.0,14.8,62.6
1784032800.929,369,1.757,0.72,-0.284,0.0,12.6,72.7
1784032800.929,369,1.118,-1.56,-0.055,0.0,12.6,72.7
1784032801.029,370,0.264,0.286,0.197,0.0,11.6,69.7
1784032801.029,370,0.466,0.45,-0.091,0.0,11.4,65.5
1784032801.029,370,1.534,-0.353,-0.359,0.0,14.4,63.1
1784032801.029,370,1.768,0.72,-0.202,0.0,12.5,72.9
1784032801.029,370,1.119,-1.56,-0.017,0.0,12.5,72.9
1784032801.13,371,0.329,0.286,-0.003,0.0,11.3,69.0
1784032801.13,371,0.372,0.477,0.083,0.0,12.2,65.4
1784032801.13,371,1.531,-0.353,-0.371,0.0,14.2,63.2
1784032801.13,371,1.752,0.72,-0.315,0.0,13.2,72.4
1784032801.23,372,1.522,-0.353,-0.406,0.0,14.7,62.6
1784032801.23,372,1.036,-1.657,0.191,0.0,12.0,73.4
1784032801.332,373,1.457,-0.334,0.313,0.0,11.5,63.1
1784032801.332,373,1.536,-0.303,-0.393,0.0,14.7,62.6
1784032801.332,373,1.131,-1.595,0.174,0.0,12.0,73.5
1784032801.433,374,0.231,0.3,0.217,0.0,11.6,68.9
1784032801.433,374,1.447,-0.382,0.302,0.0,11.6,63.0
1784032801.433,374,1.539,-0.303,-0.38,0.0,14.6,62.6
1784032801.433,374,1.034,-1.657,0.202,0.0,12.1,73.4
1784032801.534,375,0.373,0.48,-0.344,0.0,11.7,63.6
1784032801.534,375,1.469,-0.334,0.252,0.0,12.6,62.3
1784032801.534,375,1.504,-0.353,-0.468,0.0,15.1,61.8
1784032801.534,375,1.517,-0.266,-0.723,0.0,11.6,63.5
1784032801.534,375,1.8,0.66,0.097,0.0,13.5,72.8
1784032801.635,376,1.477,-0.382,0.063,0.0,11.5,63.4
1784032801.635,376,1.101,-0.811,-0.679,0.0,11.5,63.4
1784032801.635,376,1.474,-0.353,-0.554,0.0,13.2,62.4
1784032801.635,376,1.801,0.66,0.081,0.0,14.4,72.4
1784032801.736,377,0.336,0.273,0.057,0.0,11.6,68.6
1784032801.736,377,1.465,-0.429,0.016,0.0,11.8,62.9
1784032801.736,377,1.551,-0.252,-0.368,0.0,12.3,62.8
1784032801.736,377,1.802,0.66,-0.026,0.0,16.1,72.2
1784032801.736,377,2.962,1.211,0.429,0.0,12.9,72.8
1784032801.837,378,1.514,-0.393,-0.145,0.0,16.7,61.4
1784032801.837,378,1.708,0.503,0.176,0.0,14.3,66.9
1784032801.837,378,1.802,0.66,0.044,0.0,16.2,72.4
1784032801.837,378,3.012,0.995,0.28,0.0,16.3,72.1
1784032801.837,378,0.209,0.331,0.024,-0.081,13.0,67.5
1784032801.937,379,0.42,0.344,0.281,0.0,11.8,64.4
1784032801.937,379,1.83,0.41,0.034,0.0,16.1,71.1
1784032801.937,379,3.069,0.796,0.298,0.0,18.7,71.4
1784032801.937,379,0.253,0.354,-0.03,-0.162,15.1,65.0
1784032802.039,380,0.423,0.324,0.298,0.0,12.0,63.7
1784032802.039,380,1.307,-0.764,-0.204,0.0,11.9,61.9
1784032802.039,380,1.756,0.335,0.061,0.0,14.4,65.5
1784032802.039,380,1.899,0.24,-0.144,0.0,18.2,69.7
1784032802.039,380,3.118,0.597,0.25,0.0,21.7,70.5
1784032802.039,380,7.489,1.432,0.396,0.0,11.9,57.7
1784032802.039,380,0.324,0.345,-0.078,-0.162,17.7,63.4
1784032802.14,381,0.536,0.177,0.056,0.0,13.1,64.1
1784032802.14,381,1.247,-0.811,-0.343,0.0,12.5,61.4
1784032802.14,381,3.477,-1.699,0.316,0.0,12.2,67.4
1784032802.14,381,0.616,0.327,0.013,-0.325,17.8,53.3
1784032802.14,381,0.433,0.319,-0.18,-0.243,12.4,58.1
1784032802.14,381,0.313,0.3,-0.05,-0.162,19.2,61.1
1784032802.14,381,1.864,0.176,-0.113,-0.081,19.6,68.4
1784032802.14,381,3.156,0.398,0.162,-0.081,23.3,69.8
1784032802.14,381,7.531,1.193,0.392,-0.081,14.7,57.0
1784032802.19,382,1.224,-0.907,0.111,0.0,11.5,64.5
1784032802.19,382,1.884,0.18,-0.321,0.0,17.6,71.6
1784032802.19,382,3.153,0.398,0.202,0.0,22.8,71.1
1784032802.19,382,7.567,0.954,0.357,0.0,15.4,57.7
1784032802.19,382,0.576,0.191,-0.073,-0.406,26.6,48.7
1784032802.19,382,0.241,0.307,-0.045,-0.081,18.5,65.7
1784032802.342,383,0.248,0.314,0.174,0.0,14.6,66.4
1784032802.342,383,1.217,-0.907,0.166,0.0,12.0,64.1
1784032802.342,383,1.86,0.117,-0.215,0.0,18.3,70.0
1784032802.342,383,3.15,0.398,0.255,0.0,24.0,70.8
1784032802.342,383,3.348,-1.82,0.747,0.0,11.4,68.0
1784032802.342,383,7.568,0.954,0.321,0.0,15.6,57.6
1784032802.342,383,0.47,0.229,-0.033,-0.243,30.0,54.9
1784032802.342,383,0.259,0.294,0.024,-0.081,15.7,64.9
1784032802.443,384,0.483,0.196,-0.048,0.0,17.5,66.1
1784032802.443,384,1.224,-0.907,0.108,0.0,12.4,63.9
1784032802.443,384,1.86,0.176,-0.17,0.0,21.5,69.7
1784032802.443,384,3.155,0.398,0.173,0.0,22.7,70.9
1784032802.443,384,3.371,-1.82,0.634,0.0,11.5,67.7
1784032802.443,384,7.561,0.954,0.462,0.0,14.8,57.6
1784032802.443,384,0.552,0.124,-0.033,-0.162,26.0,52.1
1784032802.493,385,1.262,-0.859,0.023,0.0,11.4,63.4
1784032802.493,385,1.863,0.176,-0.138,0.0,21.5,69.7
1784032802.493,385,3.16,0.398,0.03,0.0,22.2,71.0
1784032802.493,385,3.376,-1.82,0.608,0.0,11.4,67.5
1784032802.493,385,7.614,0.96,0.246,0.0,13.2,57.9
1784032802.493,385,0.494,0.164,-0.059,0.162,26.2,59.5
1784032802.594,386,1.257,-0.859,0.119,0.0,12.2,63.2
1784032802.594,386,3.392,-1.82,0.51,0.0,11.6,67.3
1784032802.594,386,7.859,-0.744,0.859,0.0,11.4,58.8
1784032802.594,386,0.458,0.115,-0.227,0.162,11.8,61.0
1784032802.594,386,0.864,-0.648,0.152,0.162,13.6,52.2
1784032802.746,387,0.252,0.314,0.169,0.0,15.1,65.8
1784032802.746,387,0.382,0.15,-0.149,0.0,15.1,65.8
1784032802.746,387,1.261,-0.859,0.057,0.0,11.3,63.9
1784032802.746,387,0.972,1.382,-0.2,0.0,12.1,63.0
1784032802.746,387,7.87,-0.744,0.746,0.0,13.1,57.7
1784032802.746,387,0.508,0.065,-0.106,0.243,20.6,55.7
1784032802.746,387,0.777,-0.0,0.117,0.406,19.7,51.9
1784032802.796,388,0.358,0.164,-0.188,0.0,13.1,66.0
1784032802.796,388,1.259,-0.859,-0.09,0.0,12.0,64.1
1784032802.796,388,3.327,-1.82,0.836,0.0,11.7,68.3
1784032802.796,388,0.348,0.172,-0.059,0.081,15.3,65.3
1784032802.796,388,0.513,0.098,0.034,0.243,23.1,56.3
1784032802.796,388,0.606,-0.019,0.078,0.243,20.3,58.1
1784032802.796,388,0.778,-0.074,0.081,0.487,30.9,49.6
1784032802.897,389,3.402,-1.82,0.437,0.0,13.1,67.2
1784032802.897,389,0.369,0.135,-0.003,0.162,16.8,67.7
1784032802.897,389,0.523,0.016,0.003,0.162,24.4,63.1
1784032802.897,389,0.806,-0.155,0.119,0.406,33.4,52.5
1784032802.999,390,1.265,-0.883,-0.295,0.0,13.4,63.2
1784032802.999,390,1.556,-0.585,-0.362,0.0,11.5,63.9
1784032802.999,390,3.424,-1.699,0.683,0.0,12.8,68.0
1784032802.999,390,0.843,-0.164,0.157,0.162,29.2,59.1
1784032803.1,391,0.831,-0.218,0.152,0.0,17.2,63.2
1784032803.1,391,0.85,-0.164,0.112,0.0,17.2,63.2
1784032803.1,391,1.193,-0.834,-0.589,0.0,13.4,63.3
1784032803.1,391,0.796,1.227,0.573,0.0,13.4,63.3
1784032803.1,391,1.531,-0.585,-0.456,0.0,11.3,64.3
1784032803.1,391,1.227,-1.17,0.15,0.0,11.3,64.3
1784032803.1,391,3.462,-1.699,0.45,0.0,14.1,66.7
1784032803.1,391,0.558,-0.053,0.084,0.081,17.2,69.5
1784032803.201,392,1.263,-0.933,-0.045,0.0,13.1,64.1
1784032803.201,392,1.324,-0.834,-0.135,0.0,13.1,64.1
1784032803.201,392,3.39,-1.82,0.525,0.0,14.2,67.1
1784032803.201,392,0.431,0.055,-0.042,0.081,16.1,68.6
1784032803.201,392,0.586,-0.057,0.162,0.081,15.5,65.2
1784032803.201,392,0.839,-0.218,0.098,-0.162,30.6,53.7
1784032803.302,393,1.197,-0.883,-0.503,0.0,12.9,64.1
1784032803.302,393,3.381,-1.82,0.58,0.0,13.1,67.5
1784032803.302,393,0.476,0.06,0.008,0.081,22.9,68.2
1784032803.302,393,0.557,-0.053,0.093,0.081,21.2,65.7
1784032803.302,393,0.836,-0.191,0.164,-0.081,23.5,59.1
1784032803.403,394,0.795,-0.233,-0.015,0.0,15.0,64.6
1784032803.403,394,3.499,-1.577,0.586,0.0,13.8,67.9
1784032803.403,394,0.478,0.045,-0.002,0.081,17.3,71.4
1784032803.505,395,0.522,0.016,0.041,0.0,14.6,73.0
1784032803.505,395,1.261,-0.785,-0.51,0.0,12.3,64.1
1784032803.505,395,3.476,-1.577,0.712,0.0,12.6,68.7
1784032803.505,395,0.797,-0.207,0.091,0.081,20.2,63.1
1784032803.608,396,1.221,-0.982,0.115,0.0,12.0,64.5
1784032803.608,396,3.473,-1.577,0.727,0.0,11.8,69.4
1784032803.608,396,0.544,0.035,0.156,0.081,18.0,71.2
1784032803.71,397,0.841,-0.218,0.078,0.0,13.6,63.7
1784032803.71,397,1.104,-0.907,-0.539,0.0,12.1,65.1
1784032803.71,397,1.419,-0.429,0.367,0.0,12.1,65.1
1784032803.71,397,0.515,0.065,0.068,0.081,22.5,70.7
1784032803.71,397,0.763,-0.285,0.156,-0.081,12.7,61.2
1784032803.812,398,3.481,-1.577,0.687,0.0,11.8,69.4
1784032803.812,398,0.465,0.105,-0.059,0.162,30.7,64.6
1784032803.812,398,0.88,0.229,-0.112,0.406,19.7,55.0
1784032803.812,398,0.264,0.218,0.066,-0.325,20.5,65.8
1784032803.812,398,0.843,-0.218,0.058,-0.162,25.6,58.8
1784032803.912,399,3.483,-1.577,0.676,0.0,12.6,68.6
1784032803.912,399,0.514,0.098,-0.025,0.162,36.9,59.8
1784032803.912,399,2.231,0.578,-0.192,0.406,19.2,56.6
1784032803.912,399,0.753,-0.221,0.026,-0.406,21.0,59.2
1784032803.912,399,0.289,0.327,0.004,-0.325,16.6,72.1
1784032803.912,399,0.915,-0.24,0.164,-0.325,18.7,58.1
1784032804.013,400,1.254,-0.834,-0.446,0.0,12.3,63.9
1784032804.013,400,1.284,0.54,-0.725,0.0,12.3,63.9
1784032804.013,400,3.457,-1.577,0.8,0.0,12.6,69.2
1784032804.013,400,0.499,0.115,0.108,0.243,38.7,53.3
1784032804.013,400,0.773,-0.259,0.152,-0.325,25.1,56.5
1784032804.013,400,0.913,-0.21,0.209,-0.243,22.8,55.4
1784032804.114,401,0.791,-0.172,0.429,0.0,19.3,63.2
1784032804.114,401,1.217,-0.883,-0.454,0.0,13.5,62.7
1784032804.114,401,1.529,-0.744,-0.054,0.0,11.3,64.1
1784032804.114,401,0.585,0.057,0.166,0.162,34.8,58.1
1784032804.114,401,0.669,0.185,0.262,0.325,25.9,54.0
1784032804.114,401,0.644,0.262,0.061,0.406,33.0,49.4
1784032804.114,401,0.49,0.284,0.03,0.568,35.2,46.8
1784032804.114,401,0.743,-0.245,0.071,-0.243,35.2,49.1
1784032804.216,402,3.374,-1.699,0.898,0.0,11.7,69.0
1784032804.216,402,0.856,-0.2,0.259,0.081,16.1,64.1
1784032804.216,402,2.393,-0.466,0.488,0.162,13.9,60.1
1784032804.216,402,0.544,0.053,0.151,0.243,31.8,52.6
1784032804.216,402,0.726,0.221,0.2,0.325,25.6,57.0
1784032804.216,402,0.591,0.153,-0.016,0.487,45.6,46.8
1784032804.216,402,0.696,-0.232,0.109,-0.081,21.1,62.4
1784032804.317,403,1.125,-0.907,-0.495,0.0,12.0,64.2
1784032804.317,403,1.445,-0.382,0.312,0.0,12.0,64.2
1784032804.317,403,3.475,-1.577,0.717,0.0,11.8,69.0
1784032804.317,403,0.844,-0.172,0.312,0.162,22.0,61.5
1784032804.317,403,0.63,0.164,0.064,0.487,47.2,45.6
1784032804.418,404,1.228,-0.933,-0.297,0.0,12.1,63.2
1784032804.418,404,0.689,-0.044,-0.105,0.081,23.8,64.3
1784032804.418,404,2.257,0.213,0.084,0.243,11.6,58.8
1784032804.418,404,0.885,-0.15,0.339,0.325,19.5,64.7
1784032804.418,404,1.161,0.198,-0.462,0.325,13.3,58.0
1784032804.418,404,0.654,0.087,0.227,0.406,43.8,47.6
1784032804.418,404,0.588,0.349,-0.14,0.406,43.8,47.6
1784032804.418,404,0.627,0.061,0.178,0.568,41.7,45.3
1784032804.519,405,3.474,-1.577,0.719,0.0,12.2,69.1
1784032804.519,405,0.69,-0.022,-0.106,0.081,25.1,67.7
1784032804.519,405,0.68,0.087,0.133,0.243,41.1,50.5
1784032804.519,405,0.949,-0.157,0.288,0.243,18.4,64.8
1784032804.519,405,0.825,0.078,0.018,-0.568,35.1,47.6
1784032804.619,406,3.476,-1.577,0.713,0.0,12.2,69.1
1784032804.619,406,0.753,0.221,0.03,0.081,20.4,68.1
1784032804.619,406,0.698,-0.0,-0.017,0.162,39.4,54.8
1784032804.619,406,0.933,-0.157,0.334,0.162,12.5,63.1
1784032804.619,406,0.886,-0.172,0.158,0.243,18.7,62.8
1784032804.619,406,0.742,0.363,0.071,0.568,40.2,46.8
1784032804.72,407,0.714,0.093,0.178,0.0,22.6,70.6
1784032804.72,407,3.484,-1.577,0.669,0.0,11.8,69.3
1784032804.72,407,0.893,-0.157,0.429,0.162,15.0,60.7
1784032804.72,407,0.73,-0.046,-0.124,0.243,38.6,48.2
1784032804.72,407,1.025,-0.131,0.172,0.243,14.8,61.3
1784032804.72,407,0.834,0.425,0.469,0.243,14.8,61.3
1784032804.72,407,0.767,0.409,0.074,0.487,34.7,47.3
1784032804.72,407,1.474,-0.093,-0.135,0.568,18.1,54.7
1784032804.72,407,0.862,-0.109,0.081,-0.081,18.7,65.2
1784032804.821,408,0.686,0.087,0.092,0.0,14.6,73.1
1784032804.821,408,0.694,0.196,0.311,0.0,14.9,71.6
1784032804.821,408,0.782,-0.074,-0.002,0.0,14.9,71.6
1784032804.821,408,3.49,-1.577,0.637,0.0,12.5,69.3
1784032804.821,408,0.731,-0.046,-0.119,0.162,32.0,53.6
1784032804.821,408,4.508,1.513,0.918,0.162,14.3,53.0
1784032804.821,408,0.842,0.344,0.112,0.243,32.1,52.6
1784032804.821,408,0.722,0.139,0.098,-0.081,18.1,68.5
1784032804.821,408,0.723,0.093,0.139,-0.081,18.1,68.5
1784032804.924,409,0.775,0.025,0.127,0.0,26.2,68.6
1784032804.924,409,0.846,-0.164,0.137,0.162,30.6,55.3
1784032804.924,409,5.504,-4.499,1.132,0.162,11.5,52.1
1784032804.924,409,1.015,-0.248,0.441,0.243,12.1,57.0
1784032805.025,410,0.715,0.07,0.186,0.0,21.4,71.8
1784032805.025,410,0.849,0.344,0.016,0.0,17.9,67.9
1784032805.025,410,0.882,-0.172,0.18,0.0,17.9,67.9
1784032805.025,410,3.447,-1.699,0.554,0.0,12.7,69.1
1784032805.025,410,0.888,-0.172,0.148,0.406,39.4,46.9
1784032805.126,411,0.716,-0.0,0.193,0.0,16.2,73.2
1784032805.126,411,3.486,-1.577,0.66,0.0,11.2,69.3
1784032805.126,411,0.913,-0.21,0.208,0.243,31.2,50.5
1784032805.126,411,0.76,0.196,0.029,-0.081,17.8,72.1
1784032805.226,412,0.729,-0.0,0.135,0.0,23.8,72.3
1784032805.328,413,0.732,0.093,0.071,0.0,18.2,72.5
1784032805.328,413,0.899,-0.172,0.037,0.0,15.2,67.9
1784032805.328,413,3.469,-1.577,0.745,0.0,12.4,69.0
1784032805.328,413,0.882,0.251,0.407,-0.081,15.7,67.2
1784032805.429,414,0.738,0.046,0.056,0.0,19.0,74.9
1784032805.429,414,0.914,0.282,0.303,0.0,14.7,69.6
1784032805.429,414,3.457,-1.577,0.799,0.0,11.2,69.7
1784032805.532,415,4.31,-4.672,1.362,-0.162,11.4,52.0
1784032805.532,415,0.731,-0.023,0.122,-0.081,19.9,72.5
1784032805.532,415,0.85,-0.164,0.113,-0.081,19.8,67.1
1784032805.633,416,0.738,0.07,0.023,0.0,19.0,75.0
1784032805.633,416,3.494,-1.577,0.615,0.0,11.6,69.2
1784032805.633,416,0.851,-0.136,0.138,-0.081,17.1,68.3
1784032805.734,417,0.725,0.093,0.124,0.0,18.0,76.0
1784032805.734,417,0.891,0.3,0.195,0.0,16.5,69.1
1784032805.734,417,3.462,-1.699,0.456,0.0,11.8,69.7
1784032805.835,418,0.727,0.07,0.127,0.0,19.1,75.2
1784032805.835,418,0.884,0.3,0.223,0.0,13.8,70.6
1784032805.835,418,0.838,-0.164,0.178,-0.081,20.1,68.5
1784032805.936,419,0.667,0.044,0.203,0.0,16.4,76.1
1784032805.936,419,0.846,-0.164,0.137,-0.081,21.6,65.9
1784032806.036,420,0.73,0.093,0.095,0.0,17.5,73.7
1784032806.036,420,0.85,0.36,0.264,0.0,16.5,67.9
1784032806.036,420,0.959,-0.188,0.227,-0.081,20.6,65.7
1784032806.137,421,0.683,0.022,0.142,0.0,16.7,75.0
1784032806.137,421,0.963,-0.157,0.235,0.0,12.7,69.1
1784032806.137,421,0.932,0.22,0.3,0.0,12.7,69.1
1784032806.137,421,3.429,-1.699,0.661,0.0,11.4,69.3
1784032806.137,421,0.979,-0.157,0.152,-0.243,19.5,52.7
1784032806.238,422,0.708,0.046,0.215,0.0,19.7,74.8
1784032806.238,422,0.871,0.3,0.27,0.0,14.3,69.3
1784032806.238,422,3.396,-1.699,0.81,0.0,11.4,69.6
1784032806.34,423,0.666,0.087,0.19,0.0,15.7,76.2
1784032806.34,423,3.406,-1.699,0.77,0.0,11.4,70.1
1784032806.34,423,0.854,-0.136,0.115,-0.081,17.7,67.4
1784032806.391,424,0.69,-0.023,0.272,0.0,17.4,72.9
1784032806.391,424,0.651,0.232,-0.269,0.0,17.4,72.9
1784032806.391,424,3.431,-1.699,0.65,0.0,11.3,69.1
1784032806.391,424,0.88,-0.115,0.227,-0.081,18.3,65.6
1784032806.494,425,0.674,0.022,0.181,0.0,16.0,74.6
1784032806.494,425,3.501,-1.577,0.578,0.0,11.7,69.2
1784032806.645,426,0.673,0.044,0.18,0.0,17.4,75.0
1784032806.645,426,0.878,0.33,0.204,0.0,16.2,68.5
1784032806.645,426,3.407,-1.699,0.762,0.0,11.5,69.3
1784032806.695,427,0.699,0.209,0.135,0.0,14.0,73.6
1784032806.695,427,0.696,-0.023,-0.257,0.0,14.0,73.6
1784032806.695,427,0.872,0.33,0.228,0.0,16.4,69.0
1784032806.695,427,3.479,-1.577,0.699,0.0,11.6,69.6
1784032806.795,428,0.707,0.093,0.202,0.0,16.7,73.9
1784032806.795,428,0.716,0.139,0.136,0.0,16.7,73.9
1784032806.795,428,3.477,-1.577,0.704,0.0,11.7,69.8
1784032806.947,429,0.732,-0.046,0.11,0.0,16.2,71.2
1784032806.947,429,0.814,-0.13,0.084,0.0,21.5,69.2
1784032806.947,429,3.482,-1.577,0.679,0.0,11.9,69.7
1784032806.997,430,0.728,0.093,0.109,0.0,23.8,72.8
1784032806.997,430,0.856,-0.136,0.097,0.0,22.2,69.2
1784032807.099,431,0.719,0.116,0.142,0.0,21.2,72.5
1784032807.099,431,3.411,-1.699,0.745,0.0,11.4,69.8
1784032807.099,431,0.854,-0.109,0.142,0.081,21.6,66.5
1784032807.202,432,0.723,0.116,0.119,0.0,23.8,72.0
1784032807.202,432,0.851,-0.109,0.157,0.0,23.6,68.5
1784032807.202,432,3.481,-1.577,0.688,0.0,11.6,69.7
1784032807.304,433,0.735,0.046,0.088,0.0,21.5,73.8
1784032807.304,433,0.857,-0.109,0.125,0.0,20.4,70.1
1784032807.304,433,3.508,-1.577,0.534,0.0,11.6,69.4
1784032807.406,434,0.739,0.023,0.064,0.0,18.4,75.2
1784032807.406,434,3.499,-1.577,0.585,0.0,11.7,69.4
1784032807.406,434,0.838,-0.136,0.202,0.081,18.0,67.7
1784032807.508,435,0.711,0.046,0.206,0.0,17.8,74.8
1784032807.508,435,0.871,0.33,0.231,0.0,14.0,69.3
1784032807.61,436,0.72,0.046,0.172,0.0,14.5,75.7
1784032807.61,436,0.857,0.33,0.279,0.0,17.2,68.9
1784032807.61,436,3.442,-1.699,0.588,0.0,13.0,69.0
1784032807.61,436,0.856,-0.164,0.037,0.081,21.0,66.6
1784032807.711,437,0.782,-0.049,0.051,0.0,13.9,73.1
1784032807.711,437,0.859,0.33,0.272,0.0,18.3,68.6
1784032807.711,437,3.438,-1.577,0.877,0.0,11.3,69.4
1784032807.711,437,0.85,-0.164,0.113,0.081,20.8,65.8
1784032807.813,438,0.737,0.046,0.07,0.0,17.9,75.0
1784032807.813,438,0.849,0.33,0.302,0.0,17.7,68.3
1784032807.813,438,3.468,-1.577,0.748,0.0,12.5,69.2
1784032807.813,438,0.865,-0.109,-0.028,0.081,17.1,66.2
1784032807.916,439,0.737,-0.0,0.085,0.0,15.6,74.8
1784032807.916,439,0.854,0.33,0.289,0.0,16.5,69.3
1784032807.916,439,3.486,-1.577,0.663,0.0,11.9,69.7
1784032807.916,439,0.904,-0.143,0.037,0.081,18.6,66.4
1784032807.916,439,0.901,-0.143,0.086,0.325,30.4,47.1
1784032808.017,440,0.765,0.025,0.178,0.0,17.8,71.8
1784032808.017,440,3.417,-1.699,0.719,0.0,12.5,69.7
1784032808.017,440,0.877,-0.172,0.2,0.081,21.5,65.8
1784032808.119,441,0.765,0.172,0.05,0.0,15.1,72.0
1784032808.119,441,3.475,-1.577,0.715,0.0,12.1,69.6
1784032808.119,441,0.883,-0.172,0.172,-0.081,24.6,65.4
1784032808.219,442,0.729,0.023,0.136,0.0,19.9,74.0
1784032808.219,442,3.541,-1.456,0.649,0.0,13.2,69.7
1784032808.219,442,0.891,-0.143,0.157,-0.081,23.8,65.4
1784032808.321,443,0.713,0.023,0.204,0.0,16.2,74.7
1784032808.321,443,0.871,0.33,0.23,0.0,18.1,68.7
1784032808.321,443,0.921,-0.21,0.17,0.0,18.1,68.7
1784032808.321,443,3.497,-1.577,0.602,0.0,13.4,69.4
1784032808.321,443,0.887,-0.172,0.15,-0.081,21.5,65.2
1784032808.422,444,0.759,0.049,0.195,0.0,20.5,72.0
1784032808.422,444,0.885,-0.172,0.162,0.0,15.7,69.0
1784032808.422,444,3.495,-1.577,0.609,0.0,13.3,69.3
1784032808.523,445,0.712,0.046,0.203,0.0,18.4,73.4
1784032808.523,445,0.874,-0.172,0.215,0.0,16.2,69.4
1784032808.523,445,3.538,-1.456,0.662,0.0,12.9,69.5
1784032808.625,446,0.769,0.098,0.126,0.0,21.1,71.4
1784032808.625,446,0.86,0.315,-0.009,0.0,12.4,68.2
1784032808.625,446,0.866,-0.086,0.288,0.0,12.4,68.2
1784032808.625,446,3.495,-1.577,0.613,0.0,12.2,69.6
1784032808.727,447,0.725,0.023,0.156,0.0,15.1,75.1
1784032808.727,447,0.92,0.314,0.251,0.0,17.0,68.9
1784032808.828,448,0.732,0.023,0.12,0.0,16.8,76.3
1784032808.828,448,0.892,0.345,0.302,0.0,15.7,69.6
1784032808.929,449,0.734,-0.0,0.108,0.0,19.4,75.6
1784032808.929,449,0.889,-0.143,0.17,0.0,11.9,69.6
1784032808.929,449,0.833,0.372,0.087,0.0,11.9,69.6
1784032808.929,449,0.858,0.314,0.416,0.0,13.8,69.7
1784032809.03,450,0.724,0.023,0.161,0.0,20.6,75.6
1784032809.03,450,0.889,0.345,0.314,0.0,14.6,70.0
1784032809.131,451,0.729,0.046,0.128,0.0,24.3,73.0
1784032809.131,451,3.464,-1.699,0.442,0.0,12.0,69.5
1784032809.131,451,0.9,-0.143,0.096,-0.081,16.7,65.4
1784032809.231,452,0.728,0.046,0.135,0.0,25.7,72.7
1784032809.231,452,0.889,-0.143,0.167,-0.162,26.8,52.4
1784032809.333,453,0.733,-0.023,0.11,0.0,21.2,71.4
1784032809.333,453,3.422,-1.699,0.693,0.0,12.3,69.1
1784032809.333,453,0.851,-0.2,0.275,-0.162,29.2,53.3
1784032809.434,454,0.731,0.046,0.114,0.0,25.1,72.6
1784032809.434,454,3.443,-1.699,0.578,0.0,12.3,69.3
1784032809.434,454,0.97,-0.125,0.225,-0.162,15.1,55.4
1784032809.535,455,0.729,0.07,0.12,0.0,24.0,73.2
1784032809.535,455,3.417,-1.699,0.719,0.0,11.8,69.3
1784032809.638,456,0.734,0.046,0.095,0.0,20.2,75.4
1784032809.638,456,0.88,-0.143,0.213,0.0,13.1,70.3
1784032809.638,456,0.833,0.372,0.088,0.0,13.1,70.3
1784032809.638,456,3.402,-1.699,0.786,0.0,12.4,68.9
1784032809.738,457,0.78,0.025,0.083,0.0,21.8,72.7
1784032809.738,457,3.423,-1.699,0.691,0.0,11.7,69.4
1784032809.839,458,0.779,0.049,0.088,0.0,21.2,72.6
1784032809.839,458,0.779,-0.0,0.101,0.0,21.2,72.6
1784032809.839,458,0.916,0.314,0.263,0.0,11.7,70.3
1784032809.839,458,3.427,-1.699,0.667,0.0,12.0,69.2
1784032809.94,459,0.782,0.025,0.066,0.0,19.8,72.3
1784032809.94,459,0.908,0.345,0.253,0.0,12.4,69.7
1784032809.94,459,3.427,-1.699,0.669,0.0,11.8,69.3
1784032809.991,460,0.738,-0.0,-0.074,0.0,15.5,74.0
1784032809.991,460,0.903,0.345,0.269,0.0,11.9,70.1
1784032809.991,460,3.434,-1.699,0.63,0.0,11.7,69.6
1784032810.143,461,0.771,0.147,0.017,0.0,16.5,73.6
1784032810.143,461,0.812,0.345,0.478,0.0,12.6,70.2
1784032810.143,461,3.439,-1.699,0.605,0.0,13.0,68.2
1784032810.244,462,0.766,0.172,-0.007,0.0,17.1,73.8
1784032810.244,462,0.878,-0.172,0.199,0.0,16.6,69.6
1784032810.244,462,0.839,0.314,0.452,0.0,13.4,69.5
1784032810.244,462,3.447,-1.699,0.559,0.0,12.5,68.7
1784032810.295,463,0.766,0.172,-0.014,0.0,16.0,74.1
1784032810.295,463,0.848,-0.136,0.152,0.0,15.7,70.5
1784032810.295,463,0.86,0.314,0.41,0.0,13.4,69.6
1784032810.295,463,3.448,-1.699,0.553,0.0,12.2,69.0
1784032810.396,464,0.763,0.172,-0.072,0.0,15.1,73.5
1784032810.396,464,0.88,-0.172,0.189,0.0,16.8,70.3
1784032810.396,464,3.451,-1.699,0.53,0.0,11.9,69.3
1784032810.547,465,0.763,0.172,-0.067,0.0,15.3,72.2
1784032810.547,465,0.882,-0.143,0.201,0.0,17.7,68.9
1784032810.547,465,0.89,0.345,0.309,0.0,13.2,69.3
1784032810.547,465,3.452,-1.699,0.527,0.0,12.2,69.1
1784032810.598,466,0.726,0.093,0.118,0.0,18.3,75.3
1784032810.598,466,0.838,-0.136,0.199,0.0,14.3,71.0
1784032810.598,466,3.449,-1.699,0.542,0.0,12.5,68.7
1784032810.7,467,0.734,0.023,0.103,0.0,19.9,74.2
1784032810.7,467,0.847,-0.164,0.134,0.0,14.8,70.2
1784032810.7,467,0.798,0.327,0.135,0.0,14.8,70.2
1784032810.7,467,3.463,-1.699,0.446,0.0,12.3,69.0
1784032810.801,468,0.736,-0.0,0.09,0.0,19.1,74.4
1784032810.801,468,0.879,0.36,0.138,0.0,14.1,69.6
1784032810.801,468,3.442,-1.699,0.585,0.0,12.0,69.2
1784032810.902,469,0.734,-0.0,0.105,0.0,19.7,74.0
1784032810.902,469,0.851,0.36,0.261,0.0,14.1,70.3
1784032810.902,469,3.457,-1.699,0.493,0.0,12.0,69.1
1784032811.003,470,0.737,0.023,0.077,0.0,19.3,74.5
1784032811.003,470,0.864,0.33,0.257,0.0,14.3,69.8
1784032811.003,470,3.453,-1.699,0.516,0.0,11.7,69.4
1784032811.104,471,0.736,0.023,0.092,0.0,19.8,74.0
1784032811.104,471,0.879,0.33,0.198,0.0,15.0,69.3
1784032811.104,471,3.459,-1.699,0.478,0.0,11.8,69.2
1784032811.206,472,0.731,0.046,0.119,0.0,18.7,75.6
1784032811.206,472,0.885,0.314,0.355,0.0,13.6,70.2
1784032811.206,472,3.454,-1.699,0.511,0.0,11.9,69.1
1784032811.306,473,0.73,0.023,0.131,0.0,20.0,75.5
1784032811.306,473,0.841,-0.136,0.189,0.0,20.2,69.9
1784032811.306,473,0.864,0.314,0.402,0.0,14.0,70.3
1784032811.306,473,3.457,-1.699,0.49,0.0,12.1,68.9
1784032811.408,474,0.731,0.046,0.116,0.0,21.7,74.0
1784032811.408,474,0.804,0.36,0.38,0.0,12.7,69.5
1784032811.408,474,3.446,-1.699,0.562,0.0,11.9,69.2
1784032811.509,475,3.461,-1.577,0.781,0.0,11.6,69.5
1784032811.611,476,0.716,0.093,0.172,0.0,19.4,74.0
1784032811.611,476,0.85,-0.109,0.163,0.0,20.7,70.2
1784032811.611,476,3.493,-1.577,0.622,0.0,11.6,69.5
1784032811.713,477,0.695,0.093,0.243,0.0,20.2,70.7
1784032811.713,477,0.853,-0.136,0.125,0.0,18.7,68.6
1784032811.713,477,3.443,-1.699,0.579,0.0,11.9,70.0
1784032811.713,477,0.84,0.344,0.125,-0.243,29.0,51.7
1784032811.713,477,5.383,-4.499,1.613,-0.162,12.4,51.9
1784032811.713,477,6.844,1.8,1.32,-0.162,12.4,51.9
1784032811.813,478,3.503,-1.577,0.563,0.0,12.9,68.8
1784032811.813,478,0.785,0.382,0.013,-0.649,31.7,46.5
1784032811.813,478,0.718,0.139,0.125,-0.081,25.5,70.2
1784032811.813,478,0.888,-0.086,0.209,-0.081,13.3,67.1
1784032811.913,479,3.403,-1.82,0.426,0.0,11.9,68.7
1784032811.913,479,0.828,0.36,0.327,-0.325,24.1,55.0
1784032811.913,479,0.712,0.162,0.129,-0.162,37.2,55.0
1784032812.014,480,0.845,-0.164,0.146,0.0,17.7,66.1
1784032812.014,480,3.467,-1.699,0.41,0.0,11.9,69.3
1784032812.014,480,0.731,0.023,0.122,-0.081,24.8,69.0
1784032812.115,481,0.831,-0.191,0.187,0.0,13.8,65.5
1784032812.115,481,3.443,-1.699,0.583,0.0,12.5,68.8
1784032812.115,481,0.684,0.087,0.109,-0.081,25.9,69.3
1784032812.217,482,3.44,-1.699,0.6,0.0,13.7,68.1
1784032812.217,482,0.9,0.33,-0.045,0.406,29.1,47.1
1784032812.217,482,1.712,0.785,-0.916,-0.243,16.9,53.8
1784032812.217,482,0.686,0.022,0.125,-0.162,37.5,55.8
1784032812.217,482,1.217,-1.914,-0.039,-0.162,16.7,59.4
1784032812.217,482,0.88,-0.22,0.43,-0.081,12.4,66.9
1784032812.318,483,3.444,-1.699,0.573,0.0,14.8,67.7
1784032812.318,483,0.609,0.143,0.193,-0.325,40.5,49.4
1784032812.318,483,0.693,-0.044,0.076,-0.243,36.3,51.8
1784032812.318,483,0.668,0.196,0.046,-0.243,36.3,51.8
1784032812.318,483,1.227,0.409,-0.201,-0.243,16.9,55.1
1784032812.318,483,0.573,0.21,-0.029,-0.162,27.0,59.4
1784032812.318,483,0.803,-0.13,0.161,-0.162,11.7,65.7
1784032812.318,483,0.682,0.389,0.268,-0.162,11.7,65.7
1784032812.418,484,3.443,-1.699,0.579,0.0,13.8,68.1
1784032812.418,484,1.257,0.119,-0.088,0.406,22.8,49.4
1784032812.418,484,0.58,0.076,0.175,-0.406,42.1,48.1
1784032812.418,484,0.775,-0.233,0.179,-0.325,22.5,60.0
1784032812.519,485,1.244,-0.933,-0.221,0.0,13.6,62.2
1784032812.519,485,1.314,-0.957,-0.503,0.0,11.5,63.9
1784032812.519,485,3.509,-1.577,0.528,0.0,15.1,67.3
1784032812.519,485,1.209,0.153,-0.083,0.568,20.5,51.8
1784032812.519,485,1.088,0.442,-0.09,-0.649,20.0,52.8
1784032812.519,485,0.773,-0.181,0.237,-0.406,21.3,60.5
1784032812.519,485,0.563,0.035,-0.056,-0.325,38.2,50.3
1784032812.519,485,4.589,-4.889,2.368,-0.243,14.2,52.1
1784032812.519,485,6.802,1.556,1.374,-0.243,14.2,52.1
1784032812.62,486,1.197,-0.883,-0.503,0.0,12.9,62.6
1784032812.62,486,3.505,-1.577,0.551,0.0,14.3,67.4
1784032812.62,486,1.072,0.479,-0.092,-0.487,13.7,58.1
1784032812.62,486,0.508,0.065,0.109,-0.325,41.0,49.7
1784032812.62,486,1.612,0.798,-0.787,-0.325,13.3,59.2
1784032812.62,486,0.534,0.018,0.189,-0.243,36.4,53.4
1784032812.62,486,0.524,0.213,-0.038,-0.243,36.4,53.4
1784032812.62,486,0.801,-0.104,0.187,-0.243,13.3,61.4
1784032812.62,486,0.679,0.363,0.307,-0.243,13.3,61.4
1784032812.722,487,1.253,-0.933,0.164,0.0,12.3,61.9
1784032812.722,487,1.555,-0.691,-0.005,0.0,11.9,63.2
1784032812.722,487,3.493,-1.577,0.622,0.0,14.7,67.8
1784032812.722,487,0.56,0.035,0.081,-0.243,40.8,54.4
1784032812.825,488,1.378,-0.957,-0.282,0.0,11.6,63.5
1784032812.825,488,3.484,-1.577,0.669,0.0,14.2,67.9
1784032812.825,488,1.033,-0.0,-0.171,-0.406,13.2,56.6
1784032812.825,488,0.558,0.053,0.086,-0.243,38.7,53.8
1784032812.926,489,3.465,-1.699,0.433,0.0,13.9,67.8
1784032812.926,489,0.661,-0.109,0.195,-0.243,15.3,65.2
1784032812.926,489,0.444,0.18,0.026,-0.081,23.2,70.5
1784032813.026,490,0.45,0.165,0.023,0.0,23.1,69.6
1784032813.026,490,3.411,-1.699,0.748,0.0,13.5,67.8
1784032813.026,490,0.999,-0.031,-0.087,-0.243,15.4,55.5
1784032813.127,491,3.425,-1.699,0.678,0.0,14.1,67.4
1784032813.228,492,0.442,0.18,0.054,0.0,22.2,74.2
1784032813.228,492,3.388,-1.82,0.537,0.0,13.1,67.3
1784032813.228,492,0.62,-0.143,0.153,-0.081,12.6,70.6
1784032813.331,493,3.432,-1.699,0.644,0.0,13.8,68.0
1784032813.331,493,6.487,2.209,1.732,0.081,12.1,53.7
1784032813.331,493,5.094,-4.197,2.529,0.081,12.1,53.7
1784032813.331,493,0.944,-0.12,-0.128,-0.243,15.8,59.8
1784032813.331,493,0.861,0.15,0.396,-0.243,15.8,59.8
1784032813.331,493,0.905,0.143,0.025,-0.162,12.4,64.4
1784032813.331,493,1.109,0.177,0.158,-0.162,11.4,59.4
1784032813.331,493,0.437,0.18,0.085,-0.081,24.7,73.3
1784032813.432,494,3.463,-1.699,0.449,0.0,11.4,67.1
1784032813.432,494,2.868,2.548,0.6,0.0,11.4,67.1
1784032813.432,494,1.056,0.239,0.133,-0.325,14.0,58.4
1784032813.432,494,2.118,0.626,0.272,-0.325,14.8,56.5
1784032813.432,494,0.591,-0.225,0.169,-0.243,16.2,63.7
1784032813.432,494,0.626,0.102,-0.159,-0.243,16.2,63.7
1784032813.432,494,0.441,0.135,0.133,-0.162,24.8,72.8
1784032813.432,494,0.479,-0.03,-0.015,-0.162,24.8,72.8
1784032813.533,495,2.111,-0.545,-0.081,-0.406,20.3,55.4
1784032813.533,495,0.745,0.191,0.412,-0.325,17.0,64.4
1784032813.533,495,1.022,0.196,0.112,-0.325,18.2,57.5
1784032813.533,495,0.43,0.041,0.061,-0.243,22.5,72.6
1784032813.533,495,1.039,0.307,0.125,-0.243,16.4,58.8
1784032813.635,496,1.876,-0.916,-0.161,-0.243,13.9,60.3
1784032813.635,496,0.427,0.082,0.032,-0.162,27.9,73.0
1784032813.635,496,1.032,0.102,0.336,-0.162,14.7,61.1
1784032813.635,496,1.493,-0.744,-0.757,-0.162,13.7,61.1
1784032813.737,497,0.661,-0.368,0.211,-0.243,12.6,64.5
1784032813.737,497,0.393,-0.0,0.009,-0.162,25.0,71.0
1784032813.844,498,0.463,-0.319,0.075,0.081,11.8,66.5
1784032813.844,498,0.528,0.16,0.134,0.081,11.8,66.5
1784032813.844,498,0.388,0.061,0.013,-0.162,25.0,69.9
1784032813.844,498,1.386,0.36,-0.15,-0.162,17.0,62.4
1784032813.895,499,0.421,-0.21,0.094,0.0,17.1,71.7
1784032813.895,499,0.455,-0.319,0.112,0.0,16.1,70.1
1784032813.895,499,0.367,0.012,-0.138,-0.081,15.8,74.6
1784032813.996,500,1.409,0.27,-0.122,0.081,16.2,65.0
1784032813.996,500,0.404,-0.15,0.067,-0.081,22.7,70.7
1784032813.996,500,0.453,-0.337,0.055,-0.081,16.9,67.9
1784032814.098,501,0.456,-0.337,-0.002,-0.162,13.9,67.5
1784032814.098,501,0.381,-0.037,0.087,-0.081,17.8,72.4
1784032814.098,501,0.386,0.061,0.034,-0.081,17.8,72.4
1784032814.199,502,0.376,-0.049,0.1,-0.162,20.8,72.0
1784032814.199,502,0.453,-0.337,0.056,-0.081,20.7,66.7
1784032814.3,503,0.652,-0.0,0.053,-0.325,12.1,66.1
1784032814.3,503,1.307,0.338,-0.081,-0.243,16.9,58.7
1784032814.3,503,0.335,-0.098,0.014,-0.162,20.1,72.8
1784032814.3,503,1.191,0.229,0.145,-0.162,11.5,59.9
1784032814.3,503,0.39,-0.327,0.124,-0.081,14.7,66.5
1784032814.401,504,0.212,-0.21,0.066,-0.487,21.2,60.9
1784032814.401,504,0.56,0.053,0.07,-0.325,11.7,63.7
1784032814.401,504,0.651,0.061,0.009,-0.243,12.1,67.4
1784032814.401,504,1.247,0.327,0.227,-0.243,13.5,59.4
1784032814.401,504,0.574,0.057,0.201,-0.162,11.9,67.8
1784032814.401,504,0.625,-0.994,-0.097,-0.162,13.9,59.8
1784032814.401,504,0.344,0.044,-0.038,-0.081,21.9,72.9
1784032814.401,504,0.34,-0.076,-0.018,-0.081,21.9,72.9
1784032814.401,504,0.416,-0.294,0.12,-0.081,13.3,68.7
1784032814.501,505,0.406,-0.311,0.111,-0.081,14.0,69.1
1784032814.603,506,0.302,-0.038,0.022,-0.081,18.0,76.0
1784032814.603,506,0.56,-0.035,-0.085,-0.081,13.9,67.9
1784032814.704,507,0.501,0.131,0.078,0.0,11.5,69.5
1784032814.704,507,0.85,0.191,-0.046,-0.162,12.7,63.3
1784032814.704,507,0.301,-0.048,0.011,-0.081,22.4,75.2
1784032814.805,508,0.284,0.067,-0.089,-0.081,19.9,76.2
1784032814.805,508,0.289,-0.038,0.091,-0.081,19.9,76.2
1784032814.805,508,0.548,0.089,0.116,-0.081,15.8,69.4
1784032814.905,509,0.3,0.038,0.041,0.0,18.5,74.1
1784032814.905,509,1.995,3.374,1.814,0.0,11.8,63.4
1784032814.905,509,0.564,0.053,-0.016,-0.081,11.8,70.1
1784032815.007,510,0.279,0.086,-0.09,0.0,20.6,74.9
1784032815.007,510,0.293,-0.029,0.083,0.0,20.6,74.9
1784032815.007,510,2.469,3.239,1.437,0.0,11.4,62.5
1784032815.007,510,0.546,0.018,-0.151,-0.081,12.2,69.6
1784032815.108,511,0.3,0.057,0.004,0.0,19.3,76.3
1784032815.108,511,0.302,0.038,0.022,0.0,19.3,76.3
1784032815.108,511,2.573,3.374,0.805,0.0,11.5,63.6
1784032815.211,512,0.305,-0.01,0.021,0.0,17.8,76.5
1784032815.211,512,0.262,0.076,0.137,0.0,17.8,76.5
1784032815.313,513,0.247,0.057,0.066,0.0,12.9,78.5
1784032815.313,513,0.538,0.16,0.083,0.0,12.1,70.5
1784032815.313,513,2.632,3.239,1.111,0.0,11.4,63.7
1784032815.415,514,0.304,-0.019,-0.015,0.0,15.7,76.1
1784032815.517,515,0.304,-0.019,-0.023,0.0,17.2,75.5
1784032815.517,515,2.55,3.239,1.287,0.0,11.7,63.7
1784032815.618,516,0.305,-0.01,0.012,0.0,18.1,76.3
1784032815.618,516,2.39,3.374,1.247,0.0,11.5,62.4
1784032815.72,517,0.304,0.01,0.028,0.0,18.7,77.6
1784032815.72,517,0.477,0.115,-0.182,0.0,11.3,71.7
1784032815.72,517,1.481,-1.003,-0.91,0.0,11.8,68.5
1784032815.822,518,0.301,0.048,0.015,0.0,21.5,76.0
1784032815.822,518,1.693,-1.153,0.093,0.0,12.7,69.1
1784032815.925,519,0.293,0.086,-0.016,0.0,17.5,76.5
1784032815.925,519,1.671,-1.153,0.288,0.0,12.8,69.5
1784032816.026,520,0.295,0.076,-0.016,0.0,18.5,75.5
1784032816.026,520,1.689,-1.003,0.412,0.0,13.8,68.6
1784032816.128,521,0.295,0.076,-0.017,0.0,19.5,75.1
1784032816.128,521,0.303,-0.038,-0.013,0.0,19.5,75.1
1784032816.128,521,1.69,-1.153,0.135,0.0,14.6,68.3
1784032816.23,522,0.304,0.029,0.003,0.0,20.3,75.0
1784032816.23,522,1.713,-1.089,0.288,0.0,13.5,69.3
1784032816.332,523,0.292,0.067,0.06,0.0,19.4,76.7
1784032816.332,523,0.304,-0.019,-0.02,0.0,19.4,76.7
1784032816.432,524,0.295,0.076,-0.014,0.0,20.2,75.7
1784032816.432,524,0.302,-0.038,0.023,0.0,20.2,75.7
1784032816.533,525,0.279,0.086,-0.09,0.0,18.5,76.3
1784032816.533,525,0.288,-0.019,0.099,0.0,18.5,76.3
1784032816.533,525,1.729,-1.003,0.175,0.0,13.2,68.4
1784032816.634,526,0.296,0.076,-0.007,0.0,17.7,77.7
1784032816.736,527,0.301,0.048,-0.013,0.0,16.5,77.8
1784032816.736,527,1.732,-1.089,-0.136,0.0,12.9,71.4
1784032816.836,528,0.296,0.076,-0.01,0.0,18.6,76.1
1784032816.937,529,0.3,0.038,0.044,0.0,23.5,73.7
1784032817.042,530,0.323,-0.087,0.1,0.081,18.7,75.8
1784032817.042,530,0.328,0.12,0.001,0.081,18.7,75.8
1784032817.143,531,0.335,0.098,-0.014,0.081,21.3,75.6
1784032817.143,531,0.331,-0.098,0.053,0.081,21.3,75.6
1784032817.194,532,0.325,-0.065,0.11,0.081,20.7,75.3
1784032817.194,532,0.338,0.087,-0.013,0.081,20.7,75.3
1784032817.296,533,0.347,-0.022,0.026,0.0,23.2,73.6
1784032817.448,534,0.339,0.033,0.077,0.081,18.5,76.7
1784032817.499,535,1.28,-0.811,-0.186,0.0,11.7,66.1
1784032817.499,535,0.317,0.044,0.139,0.081,20.5,75.4
1784032817.499,535,0.338,-0.076,-0.043,0.081,20.5,75.4
1784032817.601,536,1.201,-0.859,-0.388,0.0,11.7,64.1
1784032817.601,536,0.776,0.709,0.427,0.162,12.7,57.2
1784032817.601,536,0.388,-0.061,-0.014,0.243,20.4,74.0
1784032817.601,536,0.758,0.311,0.126,0.243,14.5,62.7
1784032817.601,536,0.686,-0.131,-0.012,0.325,14.8,62.7
1784032817.703,537,1.276,-0.883,-0.244,0.0,12.1,61.3
1784032817.703,537,1.261,-1.117,-0.244,0.0,12.0,60.0
1784032817.703,537,0.369,0.11,-0.078,0.162,22.7,69.2
1784032817.703,537,0.485,-0.196,-0.028,0.243,24.8,61.0
1784032817.703,537,0.424,-0.095,0.039,0.325,21.6,68.0
1784032817.703,537,1.316,0.296,0.104,0.325,12.2,57.6
1784032817.703,537,0.761,0.311,0.107,0.406,14.3,61.8
1784032817.804,538,1.271,-0.811,-0.239,0.0,13.6,62.6
1784032817.804,538,1.297,-1.063,-0.286,0.0,11.7,60.2
1784032817.804,538,0.381,0.074,-0.059,0.162,25.7,70.1
1784032817.804,538,1.104,0.368,-0.183,0.162,12.8,56.5
1784032817.804,538,0.888,0.773,-0.047,0.162,12.8,56.5
1784032817.804,538,2.029,-0.668,-0.072,0.162,14.4,59.9
1784032817.906,539,3.425,-1.699,0.678,0.0,12.3,68.0
1784032817.906,539,0.424,0.027,0.099,0.081,21.2,71.8
1784032817.906,539,0.533,-0.195,0.002,0.162,17.3,66.9
1784032817.906,539,0.79,0.458,-0.076,0.243,16.1,53.0
1784032818.008,540,0.428,0.082,-0.01,0.0,21.8,72.5
1784032818.008,540,0.523,-0.195,0.1,0.0,18.0,70.7
1784032818.008,540,3.421,-1.699,0.698,0.0,12.0,68.3
1784032818.11,541,0.379,0.086,0.059,0.0,20.9,72.6
1784032818.11,541,3.465,-1.577,0.761,0.0,12.7,67.8
1784032818.21,542,0.379,0.098,0.027,0.0,20.8,73.6
1784032818.21,542,0.53,-0.195,-0.048,0.0,11.7,70.9
1784032818.21,542,3.409,-1.699,0.754,0.0,13.1,67.8
1784032818.311,543,0.379,0.098,0.028,0.0,21.2,74.2
1784032818.311,543,0.529,-0.195,0.066,0.0,13.1,71.2
1784032818.311,543,3.41,-1.699,0.749,0.0,12.4,68.5
1784032818.413,544,0.425,0.095,0.02,0.0,20.4,74.0
1784032818.413,544,0.532,-0.177,0.084,0.0,15.8,71.2
1784032818.413,544,3.484,-1.577,0.671,0.0,12.6,68.5
1784032818.515,545,3.412,-1.699,0.739,0.0,11.8,69.2
1784032818.515,545,0.372,0.11,-0.057,-0.081,21.3,72.6
1784032818.515,545,0.538,-0.177,0.029,-0.081,13.8,69.5
1784032818.515,545,0.4,0.319,0.244,-0.081,13.8,69.5
1784032818.616,546,0.392,0.025,0.014,0.0,22.3,72.6
1784032818.616,546,0.497,-0.164,-0.003,0.0,15.8,71.7
1784032818.616,546,3.422,-1.699,0.696,0.0,12.4,68.3
1784032818.717,547,2.208,3.374,1.547,0.0,11.5,63.1
1784032818.717,547,0.387,0.061,0.03,0.081,20.6,71.4
1784032818.717,547,0.335,-0.061,0.196,0.081,20.6,71.4
1784032818.717,547,0.534,-0.177,0.073,0.081,17.0,67.8
1784032818.819,548,1.326,-0.834,-0.113,0.0,11.5,63.6
1784032818.819,548,0.373,0.123,-0.011,0.081,19.3,71.0
1784032818.92,549,1.258,-1.01,-0.539,0.0,12.7,60.6
1784032818.92,549,2.494,3.239,1.393,0.0,12.1,63.8
1784032818.92,549,6.25,3.665,1.108,0.0,11.3,53.1
1784032818.92,549,0.419,0.123,-0.011,0.243,22.3,69.6
1784032818.92,549,1.228,0.549,-0.139,0.325,15.2,58.7
1784032818.92,549,0.478,0.015,0.045,0.406,22.7,67.6
1784032818.92,549,1.276,0.567,-0.002,0.406,15.0,58.9
1784032818.92,549,0.558,0.286,0.186,0.568,27.7,53.4
1784032818.92,549,0.592,0.102,-0.259,0.568,27.7,53.4
1784032819.022,550,1.353,-0.785,-0.136,0.0,19.0,60.1
1784032819.022,550,1.554,-0.691,0.044,0.0,13.6,60.0
1784032819.022,550,1.293,-1.01,-0.449,0.0,13.6,60.0
1784032819.022,550,0.503,0.344,0.042,0.162,26.9,59.8
1784032819.022,550,0.631,-0.232,0.314,0.325,19.0,63.1
1784032819.022,550,4.438,6.381,1.125,0.325,11.4,51.6
1784032819.022,550,0.468,-0.015,0.106,0.406,20.6,73.5
1784032819.022,550,1.368,0.556,-0.138,0.406,12.5,59.8
1784032819.022,550,0.689,-0.109,0.033,-0.649,19.5,62.5
1784032819.122,551,1.274,-0.811,-0.224,0.0,13.4,62.3
1784032819.122,551,2.482,3.239,1.415,0.0,11.6,64.6
1784032819.122,551,0.527,0.305,0.044,0.081,21.8,63.1
1784032819.122,551,0.652,-0.301,0.183,0.325,19.6,62.1
1784032819.122,551,0.55,-0.035,0.134,0.406,43.7,49.2
1784032819.122,551,0.637,-0.284,-0.034,0.406,24.1,59.3
1784032819.223,552,0.696,-0.255,0.0,0.0,16.9,65.5
1784032819.223,552,0.679,-0.278,0.105,0.162,22.2,59.8
1784032819.223,552,0.554,-0.018,0.122,0.325,42.0,51.2
1784032819.223,552,0.74,-0.207,0.31,0.406,20.9,63.2
1784032819.223,552,2.413,0.382,0.052,-0.649,22.1,51.7
1784032819.324,553,0.736,0.311,0.22,0.243,16.4,61.3
1784032819.324,553,0.605,-0.0,0.082,0.325,45.6,50.4
1784032819.425,554,0.708,-0.185,0.12,0.325,41.9,50.0
1784032819.425,554,0.653,-0.0,0.047,0.406,48.4,48.4
1784032819.425,554,0.84,-0.21,0.415,0.568,18.4,61.9
1784032819.425,554,0.565,0.327,-0.046,-0.568,44.3,45.8
1784032819.526,555,0.696,-0.0,-0.05,0.568,50.6,45.5
1784032819.526,555,0.779,0.049,0.086,-0.568,43.0,48.6
1784032819.526,555,0.64,0.262,0.093,-0.487,42.2,45.0
1784032819.526,555,1.306,0.338,-0.097,-0.081,13.5,63.0
1784032819.628,556,1.387,0.464,-0.247,0.0,11.8,63.6
1784032819.628,556,1.25,-0.933,-0.187,0.0,11.3,63.3
1784032819.628,556,3.445,-1.699,0.571,0.0,11.6,69.4
1784032819.628,556,0.728,0.245,-0.162,-0.649,46.5,46.8
1784032819.628,556,0.749,0.654,-0.328,-0.649,20.8,61.1
1784032819.628,556,0.729,0.6,0.173,-0.568,18.8,60.0
1784032819.628,556,5.698,-0.0,-0.835,-0.568,12.1,52.5
1784032819.729,557,3.487,-1.577,0.655,0.0,11.3,70.0
1784032819.729,557,0.822,0.026,-0.108,0.487,48.7,45.3
1784032819.729,557,0.905,0.425,0.309,0.568,20.8,59.4
1784032819.729,557,1.102,0.221,0.353,-0.568,15.4,53.8
1784032819.829,558,3.475,-1.577,0.717,0.0,11.6,69.8
1784032819.829,558,0.869,0.055,-0.053,0.243,45.6,48.7
1784032819.829,558,1.374,0.135,0.407,0.243,11.3,59.1
1784032819.829,558,1.628,-0.0,-0.312,0.406,15.4,56.8
1784032819.93,559,3.408,-1.699,0.761,0.0,11.3,70.3
1784032819.93,559,7.883,-0.496,0.818,0.0,12.0,58.3
1784032819.93,559,1.03,-0.065,0.176,0.243,30.9,52.9
1784032819.93,559,0.909,0.115,0.015,0.325,44.8,46.1
1784032819.93,559,1.064,0.405,0.301,0.406,24.3,58.1
1784032819.93,559,1.008,0.461,0.242,0.568,32.9,50.9
1784032820.031,560,3.487,-1.577,0.656,0.0,11.6,70.1
1784032820.031,560,7.855,-0.744,0.894,0.0,12.9,57.6
1784032820.031,560,1.062,-0.068,0.237,0.081,16.0,65.5
1784032820.031,560,0.846,0.136,0.163,0.243,38.5,48.1
1784032820.031,560,0.964,0.188,0.206,0.243,43.3,48.4
1784032820.031,560,1.042,0.515,0.192,0.243,20.1,63.4
1784032820.031,560,0.909,0.115,0.011,0.325,39.6,47.4
1784032820.131,561,3.432,-1.699,0.64,0.0,11.3,70.2
1784032820.131,561,7.88,-0.496,0.838,0.0,12.1,58.0
1784032820.131,561,0.978,0.188,0.119,0.162,36.9,50.6
1784032820.131,561,1.033,0.479,0.301,0.162,21.2,61.4
1784032820.131,561,0.953,0.06,-0.093,0.325,43.2,47.6
1784032820.131,561,1.782,0.528,-0.258,-0.568,23.2,49.3
1784032820.131,561,0.999,0.532,0.08,-0.081,12.3,62.6
1784032820.131,561,1.044,-0.106,0.431,-0.081,12.3,62.6
1784032820.232,562,3.479,-1.577,0.696,0.0,11.3,70.3
1784032820.232,562,7.885,-0.496,0.79,0.0,11.9,58.1
1784032820.232,562,0.975,0.188,0.141,0.081,23.0,66.2
1784032820.232,562,1.074,0.382,0.439,0.081,12.0,69.7
1784032820.232,562,0.997,-0.0,-0.112,0.325,35.4,47.4
1784032820.232,562,1.051,0.425,-0.019,-0.162,34.7,48.7
1784032820.338,563,3.475,-1.577,0.717,0.0,11.9,69.8
1784032820.338,563,0.948,0.157,0.289,0.081,21.9,66.2
1784032820.338,563,0.998,-0.0,-0.103,0.243,37.2,47.2
1784032820.338,563,1.011,0.409,-0.008,-0.243,35.4,47.5
1784032820.338,563,1.132,0.344,0.306,-0.081,16.0,65.2
1784032820.338,563,1.113,0.42,0.276,-0.081,16.0,65.2
1784032820.44,564,3.424,-1.699,0.684,0.0,12.1,69.3
1784032820.44,564,0.988,0.063,0.164,0.081,25.1,65.9
1784032820.44,564,1.076,0.405,0.256,-0.162,29.7,50.5
1784032820.491,565,3.435,-1.699,0.626,0.0,11.2,70.1
1784032820.491,565,2.374,3.374,1.279,0.0,11.6,64.5
1784032820.491,565,0.933,0.09,0.207,0.081,16.5,68.4
1784032820.491,565,1.106,-0.035,0.25,0.081,16.7,65.3
1784032820.491,565,1.036,0.341,-0.025,-0.162,32.3,48.7
1784032820.491,565,1.013,0.262,-0.052,-0.081,19.6,64.8
1784032820.642,566,1.013,0.262,-0.026,0.0,21.7,68.5
1784032820.642,566,1.116,-0.142,0.145,0.081,19.4,65.4
1784032820.642,566,0.974,0.248,-0.526,0.081,19.4,65.4
1784032820.642,566,1.036,0.341,-0.001,-0.162,32.1,49.0
1784032820.642,566,1.139,0.305,0.319,-0.081,17.6,68.1
1784032820.744,567,0.982,0.188,0.079,0.0,20.7,70.5
1784032820.744,567,1.14,0.267,0.348,0.0,11.7,72.3
1784032820.744,567,2.652,3.104,1.408,0.0,11.4,64.8
1784032820.796,568,0.971,0.063,0.244,0.0,22.7,70.1
1784032820.796,568,1.115,-0.142,0.15,0.0,20.0,67.6
1784032820.796,568,3.447,-1.699,0.555,0.0,11.2,70.4
1784032820.897,569,0.964,0.031,0.278,0.0,19.2,70.1
1784032820.897,569,1.08,0.258,0.392,0.0,14.1,69.6
1784032820.897,569,1.107,-0.177,0.175,-0.081,18.1,64.1
1784032821.049,570,0.948,-0.031,0.329,0.0,17.9,70.3
1784032821.049,570,1.115,-0.177,0.105,-0.081,24.5,63.7
1784032821.1,571,0.994,-0.0,0.14,0.0,21.2,70.0
1784032821.201,572,1.018,0.065,0.237,0.0,23.3,68.7
1784032821.201,572,1.162,0.267,0.265,0.0,15.0,72.1
1784032821.304,573,0.945,0.03,0.167,0.0,14.6,72.1
1784032821.304,573,1.009,0.164,0.225,0.0,20.1,68.4
1784032821.304,573,1.055,-0.248,0.336,0.0,18.0,67.7
1784032821.407,574,0.984,0.094,0.175,0.0,22.3,70.1
1784032821.407,574,1.076,-0.248,0.259,0.0,16.6,67.9
1784032821.407,574,1.098,0.177,0.225,0.0,16.6,67.9
1784032821.508,575,0.983,0.094,0.177,0.0,17.3,70.1
1784032821.609,576,0.985,0.063,0.184,0.0,18.5,70.1
1784032821.609,576,1.109,-0.213,0.106,0.0,17.6,67.5
1784032821.609,576,0.964,0.213,0.559,0.0,17.6,67.5
1784032821.709,577,1.03,0.098,0.163,0.0,21.7,68.4
1784032821.811,578,0.982,0.063,0.195,0.0,25.0,70.0
1784032821.811,578,3.405,-1.699,0.774,0.0,11.3,70.6
1784032821.912,579,0.971,0.031,0.252,0.0,22.1,70.0
1784032821.912,579,3.43,-1.699,0.65,0.0,11.6,70.4
1784032822.013,580,0.963,-0.0,0.281,0.0,18.6,70.0
1784032822.013,580,1.119,-0.142,0.124,0.0,18.0,68.0
1784032822.113,581,0.979,0.031,0.216,0.0,20.2,70.1
1784032822.113,581,1.102,-0.142,0.229,0.0,15.7,68.1
1784032822.113,581,1.068,0.284,-0.256,0.0,15.7,68.1
1784032822.113,581,2.49,3.239,1.401,0.0,11.2,64.7
1784032822.214,582,0.961,0.031,0.287,0.0,17.3,70.1
1784032822.316,583,0.944,0.063,0.334,0.0,16.8,70.1
1784032822.418,584,0.916,-0.0,0.288,0.0,15.3,72.2
1784032822.519,585,0.993,-0.0,0.145,0.0,20.7,70.3
1784032822.619,586,0.991,-0.0,0.16,0.0,20.5,70.0
1784032822.719,587,0.99,0.031,0.163,0.0,21.2,70.5
1784032822.822,588,0.98,0.031,0.214,0.0,18.4,70.3
1784032822.924,589,1.082,-0.136,-0.017,0.0,17.5,67.5
1784032822.924,589,1.145,-0.229,0.36,0.0,11.7,70.8
1784032822.924,589,1.081,0.344,0.454,0.0,11.7,70.8
1784032823.025,590,0.976,0.094,0.212,0.0,17.2,70.6
1784032823.127,591,1.037,0.098,0.11,0.0,20.2,68.6
1784032823.229,592,1.033,0.131,0.106,0.0,15.7,68.4
1784032823.229,592,1.117,0.221,0.304,0.0,12.5,69.0
1784032823.331,593,1.04,0.065,0.104,0.0,19.1,68.9
1784032823.331,593,1.132,0.258,0.2,0.0,13.5,70.1
1784032823.432,594,0.93,0.06,0.229,0.0,13.3,72.2
1784032823.432,594,1.038,0.033,0.136,0.0,19.8,68.6
1784032823.432,594,2.546,3.239,1.296,0.0,11.4,64.6
1784032823.533,595,1.038,-0.0,0.14,0.0,21.5,68.4
1784032823.533,595,3.417,-1.699,0.72,0.0,11.4,70.3
1784032823.634,596,1.038,-0.0,0.14,0.0,19.9,68.6
1784032823.634,596,3.408,-1.699,0.758,0.0,11.3,70.4
1784032823.736,597,1.038,0.033,0.13,0.0,20.7,68.7
1784032823.736,597,3.419,-1.699,0.708,0.0,11.5,70.2
1784032823.836,598,1.04,0.033,0.118,0.0,20.8,68.4
1784032823.836,598,3.421,-1.699,0.697,0.0,11.5,70.2
1784032823.938,599,1.039,0.033,0.13,0.0,21.2,68.4
1784032823.938,599,3.419,-1.699,0.707,0.0,11.6,70.1
1784032824.041,600,1.031,0.065,0.173,0.0,21.4,68.7
1784032824.092,601,1.035,0.065,0.144,0.0,22.1,68.6
1784032824.092,601,3.43,-1.699,0.654,0.0,12.1,69.6
1784032824.243,602,1.03,0.098,0.16,0.0,21.0,68.4
1784032824.243,602,3.422,-1.699,0.692,0.0,11.8,70.1
1784032824.343,603,1.038,0.065,0.12,0.0,22.1,68.8
1784032824.343,603,1.192,0.267,-0.034,0.0,11.2,71.4
1784032824.343,603,1.133,-0.191,0.415,0.0,11.2,71.4
1784032824.395,604,1.039,0.033,0.125,0.0,23.8,68.5
1784032824.395,604,3.468,-1.577,0.751,0.0,11.4,70.5
1784032824.497,605,1.035,0.065,0.141,0.0,23.5,68.3
1784032824.497,605,3.474,-1.577,0.721,0.0,11.5,70.4
1784032824.649,606,1.034,0.065,0.15,0.0,22.3,68.7
1784032824.649,606,3.475,-1.577,0.717,0.0,11.4,70.6
1784032824.701,607,1.035,0.065,0.147,0.0,22.3,68.6
1784032824.701,607,3.468,-1.577,0.749,0.0,11.4,70.5
1784032824.802,608,1.03,0.098,0.161,0.0,21.7,68.6
1784032824.903,609,1.031,0.098,0.154,0.0,21.1,68.6
1784032825.005,610,1.031,0.098,0.153,0.0,21.0,68.6
1784032825.107,611,1.029,0.131,0.142,0.0,21.4,68.8
1784032825.21,612,1.027,0.131,0.155,0.0,20.8,68.9
1784032825.311,613,1.031,0.098,0.152,0.0,21.2,68.7
1784032825.311,613,3.433,-1.699,0.637,0.0,11.6,70.3
1784032825.412,614,1.029,0.131,0.143,0.0,21.6,69.0
1784032825.412,614,3.483,-1.577,0.676,0.0,11.4,70.3
1784032825.412,614,2.672,2.67,0.902,0.0,11.4,70.3
1784032825.514,615,1.029,0.131,0.145,0.0,21.1,69.1
1784032825.614,616,1.028,0.131,0.15,0.0,21.1,68.7
1784032825.614,616,3.48,-1.577,0.691,0.0,11.8,70.0
1784032825.716,617,1.027,0.131,0.157,0.0,20.5,69.1
1784032825.716,617,3.438,-1.699,0.61,0.0,11.7,70.1
1784032825.817,618,0.982,0.125,0.167,0.0,18.8,70.7
1784032825.817,618,3.44,-1.699,0.598,0.0,11.6,70.2
1784032825.918,619,0.983,0.094,0.18,0.0,19.3,70.3
1784032825.918,619,3.487,-1.577,0.654,0.0,11.8,69.8
1784032826.018,620,0.981,0.125,0.167,0.0,19.2,70.2
1784032826.018,620,3.437,-1.699,0.614,0.0,11.8,70.0
1784032826.12,621,0.984,0.125,0.15,0.0,18.2,70.9
1784032826.12,621,1.092,0.294,0.329,0.0,12.0,71.0
1784032826.12,621,1.136,-0.184,0.251,0.0,12.0,71.0
1784032826.12,621,3.438,-1.699,0.612,0.0,11.3,70.4
1784032826.221,622,0.987,0.094,0.158,0.0,18.0,70.5
1784032826.221,622,0.984,0.157,0.121,0.0,18.0,70.5
1784032826.221,622,1.101,0.294,0.299,0.0,12.9,69.8
1784032826.221,622,1.12,-0.147,0.335,0.0,12.9,69.8
1784032826.221,622,3.476,-1.577,0.711,0.0,11.6,70.2
1784032826.323,623,1.031,0.164,0.079,0.0,18.8,69.1
1784032826.423,624,0.941,0.03,0.186,0.0,15.1,72.8
1784032826.423,624,1.025,0.196,0.079,0.0,19.5,69.1
1784032826.423,624,3.461,-1.577,0.783,0.0,11.4,70.4
1784032826.526,625,0.941,0.03,0.189,0.0,14.6,72.5
1784032826.526,625,1.033,0.164,0.052,0.0,20.2,69.0
1784032826.632,626,0.936,-0.0,0.211,0.0,13.1,72.6
1784032826.632,626,1.033,0.164,0.057,0.0,20.8,69.1
1784032826.734,627,0.938,-0.0,0.204,0.0,14.2,72.6
1784032826.734,627,1.027,0.196,0.048,0.0,20.3,69.1
1784032826.836,628,0.943,0.03,0.174,0.0,15.1,72.7
1784032826.836,628,1.076,0.17,-0.049,0.0,21.2,68.2
1784032826.937,629,0.939,-0.0,0.2,0.0,13.6,73.2
1784032826.937,629,1.086,0.102,0.006,0.0,20.7,68.4
1784032827.038,630,1.086,0.102,0.011,0.0,19.9,68.4
1784032827.089,631,0.964,-0.031,0.277,0.0,16.6,71.0
1784032827.089,631,0.886,0.282,-0.376,0.0,16.6,71.0
1784032827.089,631,1.089,0.034,0.06,0.0,18.1,69.1
1784032827.241,632,0.963,-0.031,0.28,0.0,16.3,71.6
1784032827.241,632,1.089,-0.0,0.067,0.0,18.8,68.5
1784032827.343,633,0.939,-0.031,0.352,0.0,14.0,71.2
1784032827.343,633,0.938,0.282,-0.218,0.0,14.0,71.2
1784032827.343,633,1.09,0.034,-0.0,0.0,19.3,68.2
1784032827.395,634,1.088,0.068,-0.044,0.0,18.8,68.5
1784032827.496,635,1.019,0.196,0.136,0.0,17.7,69.5
1784032827.496,635,1.127,-0.229,0.411,0.0,14.6,69.4
1784032827.496,635,1.191,0.229,0.144,0.0,14.6,69.4
1784032827.648,636,1.022,0.164,0.16,0.0,15.7,69.9
1784032827.648,636,1.101,-0.142,0.231,0.0,17.3,67.5
1784032827.698,637,1.015,0.164,0.196,0.0,16.0,69.9
1784032827.698,637,1.105,-0.142,0.213,0.0,17.7,68.1
1784032827.8,638,1.027,0.098,0.179,0.0,19.2,70.0
1784032827.8,638,1.12,-0.106,0.147,0.0,19.6,67.6
1784032827.901,639,1.038,0.065,0.122,0.0,20.7,69.7
1784032828.002,640,0.987,0.031,0.178,0.0,19.8,70.9
1784032828.002,640,1.123,-0.106,0.116,0.0,18.3,69.0
1784032828.102,641,0.988,0.031,0.174,0.0,18.4,71.4
1784032828.102,641,1.116,-0.142,0.143,0.0,18.6,68.3
1784032828.205,642,0.99,-0.0,0.166,0.0,18.0,71.4
1784032828.205,642,1.107,-0.177,0.174,0.0,18.9,67.8
1784032828.205,642,1.05,0.213,-0.372,0.0,18.9,67.8
1784032828.308,643,0.981,-0.0,0.209,0.0,17.7,70.9
1784032828.308,643,1.108,-0.177,0.167,0.0,18.8,67.6
1784032828.308,643,1.0,0.248,-0.474,0.0,18.8,67.6
1784032828.409,644,0.961,-0.0,0.289,0.0,16.8,71.2
1784032828.409,644,0.826,0.345,-0.454,0.0,16.8,71.2
1784032828.409,644,1.115,-0.142,0.15,0.0,18.8,67.8
1784032828.409,644,0.958,0.248,-0.554,0.0,18.8,67.8
1784032828.409,644,3.441,-1.699,0.593,0.0,11.2,70.3
1784032828.511,645,0.942,-0.0,0.345,0.0,17.1,71.3
1784032828.511,645,0.857,0.345,-0.391,0.0,17.1,71.3
1784032828.511,645,1.148,0.267,0.321,0.0,11.4,71.7
1784032828.613,646,0.934,-0.0,0.366,0.0,17.1,71.2
1784032828.613,646,1.11,-0.142,0.184,0.0,17.4,67.7
1784032828.613,646,0.951,0.248,-0.567,0.0,17.4,67.7
1784032828.714,647,0.943,-0.0,0.343,0.0,18.4,70.8
1784032828.714,647,1.114,-0.142,0.159,0.0,17.6,67.9
1784032828.816,648,0.94,0.031,0.348,0.0,17.8,71.1
1784032828.816,648,1.118,-0.142,0.132,0.0,17.7,67.9
1784032828.917,649,0.938,-0.0,0.355,0.0,17.4,71.1
1784032829.018,650,0.938,-0.0,0.356,0.0,17.2,70.8
1784032829.018,650,1.1,-0.177,0.215,0.0,15.9,67.8
1784032829.018,650,1.012,0.213,-0.467,0.0,15.9,67.8
1784032829.018,650,1.095,0.267,0.471,0.0,11.3,71.3
1784032829.018,650,3.434,-1.699,0.63,0.0,11.4,70.3
1784032829.119,651,0.946,0.031,0.333,0.0,17.0,71.5
1784032829.119,651,1.11,-0.142,0.187,0.0,15.5,68.1
1784032829.119,651,1.043,0.177,-0.409,0.0,15.5,68.1
1784032829.119,651,3.425,-1.699,0.68,0.0,11.8,70.0
1784032829.22,652,0.948,0.031,0.326,0.0,17.5,71.1
1784032829.22,652,1.155,-0.147,0.178,0.0,13.8,69.4
1784032829.322,653,0.97,0.031,0.254,0.0,18.9,70.8
1784032829.322,653,1.154,-0.147,0.187,0.0,12.3,69.9
1784032829.423,654,0.984,-0.0,0.195,0.0,19.1,71.6
1784032829.525,655,0.988,0.031,0.175,0.0,19.6,70.9
1784032829.629,656,0.987,0.063,0.17,0.0,19.6,70.9
1784032829.731,657,0.989,0.063,0.156,0.0,20.5,71.4
1784032829.831,658,0.988,0.063,0.165,0.0,21.7,71.1
1784032829.932,659,0.986,0.031,0.185,0.0,20.8,71.0
1784032830.033,660,1.033,0.065,0.158,0.0,22.6,69.9
1784032830.136,661,1.022,0.065,0.216,0.0,24.0,69.5
1784032830.239,662,0.975,0.031,0.235,0.0,21.4,71.0
1784032830.34,663,0.972,0.031,0.248,0.0,19.2,71.5
1784032830.391,664,0.974,0.031,0.238,0.0,19.1,71.0
1784032830.543,665,0.986,-0.0,0.189,0.0,19.1,71.1
1784032830.644,666,0.986,-0.0,0.188,0.0,18.6,71.1
1784032830.694,667,0.982,-0.0,0.206,0.0,17.7,70.9
1784032830.694,667,1.119,0.344,0.348,0.0,12.0,71.6
1784032830.694,667,1.14,-0.305,0.314,0.0,12.0,71.6
1784032830.798,668,0.983,-0.0,0.201,0.0,17.6,71.3
1784032830.798,668,1.133,0.305,0.34,0.0,12.5,71.7
1784032830.798,668,1.157,-0.344,0.19,0.0,12.5,71.7
1784032830.9,669,0.987,-0.0,0.183,0.0,18.6,70.9
1784032830.9,669,1.156,0.305,0.251,0.0,13.1,71.8
1784032831.002,670,0.987,-0.0,0.179,0.0,17.8,70.9
1784032831.002,670,1.163,0.305,0.215,0.0,14.0,71.4
1784032831.103,671,0.989,-0.0,0.169,0.0,16.0,71.4
1784032831.103,671,1.176,0.267,0.196,0.0,14.3,70.7
1784032831.204,672,0.989,-0.0,0.167,0.0,16.1,71.4
1784032831.204,672,1.17,0.267,0.228,0.0,13.5,70.8
1784032831.304,673,0.994,-0.0,0.139,0.0,16.6,70.9
1784032831.304,673,1.163,0.267,0.262,0.0,12.5,71.4
1784032831.405,674,0.997,-0.031,0.112,0.0,15.6,71.3
1784032831.405,674,1.139,0.267,0.353,0.0,13.4,70.5
1784032831.506,675,0.997,-0.031,0.107,0.0,15.5,71.4
1784032831.506,675,1.121,0.305,0.377,0.0,13.1,70.3
1784032831.607,676,0.996,-0.031,0.117,0.0,16.3,71.0
1784032831.607,676,1.13,0.305,0.35,0.0,12.0,71.1
1784032831.708,677,0.992,-0.031,0.148,0.0,15.6,71.5
1784032831.708,677,1.12,-0.177,0.018,0.0,18.7,67.7
1784032831.708,677,1.144,0.267,0.335,0.0,13.6,70.8
1784032831.809,678,0.988,-0.0,0.178,0.0,16.7,71.4
1784032831.809,678,1.142,0.305,0.307,0.0,15.6,70.8
1784032831.911,679,0.983,-0.0,0.2,0.0,18.0,70.9
1784032831.911,679,1.084,0.258,0.383,0.0,16.9,70.1
1784032831.911,679,1.152,-0.184,-0.161,0.0,16.9,70.1
1784032832.013,680,0.975,-0.0,0.238,0.0,16.6,71.4
1784032832.013,680,1.11,-0.213,0.096,0.0,19.3,68.0
1784032832.116,681,0.962,-0.031,0.285,0.0,15.2,71.2
1784032832.116,681,1.102,-0.177,0.2,0.0,20.4,67.4
1784032832.218,682,0.964,-0.0,0.278,0.0,15.9,70.9
1784032832.218,682,1.098,-0.177,0.223,0.0,20.4,67.6
1784032832.319,683,0.979,-0.0,0.218,0.0,16.6,71.0
1784032832.319,683,1.103,-0.177,0.195,0.0,19.7,67.7
1784032832.42,684,0.989,-0.031,0.168,0.0,14.7,71.2
1784032832.42,684,1.099,-0.213,0.186,0.0,19.3,67.5
1784032832.42,684,0.978,0.213,0.534,0.0,19.3,67.5
1784032832.521,685,1.1,-0.177,0.215,0.0,18.7,67.3
1784032832.622,686,0.971,-0.031,0.25,0.0,13.6,70.9
1784032832.622,686,1.089,-0.213,0.237,0.0,18.2,67.8
1784032832.622,686,1.167,0.267,0.244,0.0,15.0,70.5
1784032832.723,687,0.96,-0.063,0.285,0.0,12.5,71.3
1784032832.723,687,1.099,-0.213,0.186,0.0,18.0,68.0
1784032832.723,687,1.155,0.267,0.294,0.0,14.4,70.5
1784032832.825,688,1.034,0.164,0.033,0.0,18.0,69.7
1784032832.825,688,1.108,-0.177,0.165,0.0,19.0,67.1
1784032832.927,689,1.038,0.131,0.036,0.0,19.1,69.5
1784032832.927,689,1.118,-0.142,0.133,0.0,21.0,67.3
1784032833.029,690,1.119,-0.142,0.117,0.0,20.5,67.7
1784032833.13,691,1.111,-0.177,0.142,0.0,18.6,67.6
1784032833.13,691,1.152,0.267,0.305,0.0,13.5,69.6
1784032833.232,692,1.082,-0.136,0.031,0.0,16.7,68.2
1784032833.232,692,1.154,0.305,0.259,0.0,13.3,69.4
1784032833.333,693,0.982,0.196,0.306,0.0,16.5,69.9
1784032833.333,693,1.12,0.267,0.408,0.0,14.5,70.4
1784032833.435,694,1.15,0.267,0.313,0.0,15.5,68.9
1784032833.537,695,0.968,0.063,0.257,0.0,17.0,70.9
1784032833.64,696,1.04,-0.033,0.118,0.0,19.3,69.8
1784032833.64,696,1.15,0.267,0.314,0.0,15.9,70.2
1784032833.691,697,1.035,0.033,0.154,0.0,22.6,69.6
1784032833.691,697,1.132,0.305,0.342,0.0,14.0,70.9
1784032833.691,697,1.171,-0.305,0.17,0.0,14.0,70.9
1784032833.793,698,1.039,0.033,0.128,0.0,22.2,69.7
1784032833.793,698,1.148,0.267,0.321,0.0,13.6,70.8
1784032833.793,698,1.164,-0.305,0.209,0.0,13.6,70.8
1784032833.945,699,1.032,0.033,0.174,0.0,21.4,69.7
1784032833.945,699,1.133,0.267,0.371,0.0,12.7,70.8
1784032833.997,700,1.033,-0.033,0.17,0.0,19.9,69.6
1784032833.997,700,0.907,0.327,-0.409,0.0,19.9,69.6
1784032833.997,700,1.149,0.267,0.318,0.0,14.7,70.1
1784032834.098,701,1.023,0.033,0.219,0.0,19.0,69.6
1784032834.098,701,1.152,0.267,0.305,0.0,16.5,69.6
1784032834.199,702,1.033,0.098,0.141,0.0,23.0,69.8
1784032834.199,702,3.411,-1.699,0.746,0.0,11.5,70.3
1784032834.199,702,1.114,-0.142,0.164,0.162,30.7,48.1
1784032834.199,702,1.219,-0.164,0.447,0.162,25.4,55.0
1784032834.301,703,1.039,-0.0,0.134,0.0,20.3,69.8
1784032834.301,703,1.142,-0.184,0.225,0.243,34.0,48.3
1784032834.301,703,1.164,-0.147,0.1,-0.243,28.6,48.6
1784032834.403,704,1.027,0.131,0.156,0.0,23.3,69.6
1784032834.403,704,1.163,0.305,0.215,0.0,11.3,71.4
1784032834.403,704,1.034,0.341,0.058,-0.325,33.0,47.6
1784032834.403,704,1.142,-0.184,0.222,-0.081,17.2,65.1
1784032834.504,705,1.046,-0.033,-0.025,0.0,16.6,69.6
1784032834.504,705,0.923,0.262,0.419,0.0,16.6,69.6
1784032834.504,705,1.157,0.277,0.432,0.081,13.1,67.7
1784032834.504,705,2.877,-0.753,0.468,-0.568,20.3,51.0
1784032834.504,705,1.137,-0.258,0.167,-0.406,36.1,48.0
1784032834.504,705,4.047,5.351,1.38,-0.325,13.7,50.5
1784032834.605,706,0.995,0.094,0.095,0.0,18.5,71.4
1784032834.605,706,0.895,-0.0,0.197,0.568,31.3,47.4
1784032834.605,706,1.089,-0.284,0.141,-0.487,28.5,52.1
1784032834.605,706,1.188,-0.237,0.364,-0.243,27.5,52.8
1784032834.706,707,0.98,0.063,0.205,0.0,13.6,71.0
1784032834.706,707,1.048,-0.273,0.13,-0.406,38.8,48.4
1784032834.706,707,1.207,-0.158,0.344,-0.162,24.4,57.5
1784032834.808,708,1.036,0.033,0.149,0.0,23.2,69.6
1784032834.808,708,1.209,-0.119,0.355,-0.162,22.9,54.6
1784032834.91,709,1.038,-0.033,0.133,0.0,20.8,69.8
1784032834.91,709,1.165,-0.11,0.138,0.0,17.4,68.2
1784032834.91,709,0.97,-0.22,0.137,-0.487,35.5,47.3
1784032834.91,709,1.205,-0.119,0.366,-0.243,21.7,52.1
1784032835.01,710,1.029,0.033,0.193,0.0,19.3,69.7
1784032835.01,710,3.407,-1.699,0.765,0.0,11.3,70.2
1784032835.01,710,0.933,-0.18,0.136,-0.406,31.2,45.8
1784032835.113,711,1.036,0.065,0.137,0.0,23.8,69.7
1784032835.113,711,0.903,-0.115,0.103,-0.325,34.5,48.1
1784032835.113,711,1.177,-0.076,0.317,-0.162,21.4,55.5
1784032835.216,712,1.034,0.065,0.153,0.0,23.5,70.5
1784032835.216,712,3.409,-1.699,0.756,0.0,11.5,70.2
1784032835.216,712,0.897,-0.115,0.149,-0.325,37.3,46.2
1784032835.216,712,0.894,-0.143,0.141,-0.162,37.6,51.8
1784032835.317,713,1.023,0.098,0.2,0.0,23.0,69.8
1784032835.317,713,0.895,-0.143,0.136,0.243,38.9,48.9
1784032835.419,714,1.045,0.033,0.049,0.0,21.9,69.7
1784032835.419,714,0.902,-0.115,0.11,0.325,41.3,48.3
1784032835.52,715,1.032,0.033,0.176,0.0,22.8,69.6
1784032835.52,715,0.942,-0.06,0.172,0.162,38.9,51.5
1784032835.621,716,1.035,-0.0,0.162,0.0,19.5,69.7
1784032835.621,716,0.943,-0.09,0.153,0.081,16.1,69.2
1784032835.722,717,1.044,-0.033,0.078,0.0,21.4,69.7
1784032835.722,717,1.125,0.331,0.109,0.0,11.7,70.5
1784032835.823,718,1.027,0.065,0.196,0.0,22.6,69.6
1784032835.823,718,1.124,0.294,0.193,0.0,17.3,69.1
1784032835.823,718,3.438,-1.577,0.877,0.0,12.1,70.2
1784032835.925,719,1.045,-0.065,-0.019,0.0,17.2,69.7
1784032835.925,719,1.107,0.294,0.276,0.0,14.9,67.2
1784032835.925,719,0.939,-0.15,0.129,0.243,31.1,47.6
1784032836.028,720,1.039,-0.0,0.127,0.0,21.8,69.5
1784032836.028,720,1.098,0.294,0.308,0.0,16.8,68.3
1784032836.028,720,1.15,-0.147,0.21,0.0,16.8,68.3
1784032836.028,720,1.014,-0.164,0.201,0.325,36.3,47.0
1784032836.13,721,1.073,0.034,0.194,0.0,20.8,68.2
1784032836.13,721,3.445,-1.699,0.568,0.0,11.4,70.3
1784032836.232,722,1.042,-0.0,0.101,0.0,21.6,69.7
1784032836.232,722,1.176,-0.037,0.062,0.0,14.6,66.8
1784032836.232,722,1.076,0.479,-0.017,0.0,14.6,66.8
1784032836.335,723,1.042,-0.098,0.038,0.0,16.1,69.6
1784032836.335,723,3.483,-1.577,0.679,0.0,11.5,70.4
1784032836.439,724,1.105,-0.177,0.186,0.0,18.7,67.3
1784032836.439,724,1.051,0.284,-0.32,0.0,18.7,67.3
1784032836.439,724,3.423,-1.699,0.687,0.0,11.8,70.3
1784032836.539,725,1.007,-0.098,-0.27,0.0,13.2,69.7
1784032836.539,725,1.009,0.262,-0.103,0.0,13.2,69.7
1784032836.539,725,1.126,-0.106,0.086,0.0,20.6,67.4
1784032836.64,726,1.042,0.065,0.077,0.0,20.9,69.6
1784032836.64,726,1.114,-0.142,0.161,0.0,21.7,67.3
1784032836.64,726,3.428,-1.699,0.662,0.0,11.3,70.6
1784032836.691,727,1.009,0.098,0.262,0.0,22.5,69.6
1784032836.691,727,3.434,-1.699,0.633,0.0,11.5,70.3
1784032836.795,728,1.034,0.033,0.165,0.0,23.1,69.8
1784032836.795,728,1.172,-0.11,0.048,0.0,18.2,68.1
1784032836.795,728,3.439,-1.699,0.605,0.0,11.4,70.5
1784032836.946,729,1.039,0.033,0.122,0.0,22.5,69.8
1784032836.997,730,1.039,-0.0,0.127,0.0,21.0,69.6
1784032836.997,730,1.146,-0.147,0.229,0.0,15.8,68.7
1784032837.098,731,1.036,-0.065,0.136,0.0,17.9,69.7
1784032837.098,731,3.464,-1.577,0.769,0.0,11.6,70.6
1784032837.2,732,1.034,0.033,0.161,0.0,24.0,69.7
1784032837.2,732,3.435,-1.699,0.628,0.0,11.4,70.6
1784032837.302,733,1.04,0.033,0.119,0.0,21.9,69.7
1784032837.405,734,1.037,0.098,-0.102,0.0,16.5,69.6
1784032837.405,734,0.935,-0.229,0.412,0.0,16.5,69.6
1784032837.405,734,1.05,-0.071,0.422,0.0,17.8,67.4
1784032837.405,734,1.058,0.39,-0.122,0.0,17.8,67.4
1784032837.507,735,1.043,-0.065,0.07,0.0,16.0,69.8
1784032837.507,735,1.086,-0.213,0.248,0.0,16.4,67.5
1784032837.507,735,1.019,0.106,-0.487,0.0,16.4,67.5
1784032837.507,735,1.138,-0.153,0.416,0.0,14.1,69.3
1784032837.609,736,1.036,-0.0,-0.149,0.0,18.1,69.7
1784032837.609,736,0.955,-0.262,0.342,0.0,18.1,69.7
1784032837.609,736,1.116,0.294,0.237,0.0,17.5,69.0
1784032837.709,737,1.039,-0.033,0.122,0.0,17.8,69.7
1784032837.709,737,0.902,0.294,-0.442,0.0,17.8,69.7
1784032837.709,737,1.076,-0.17,0.055,-0.081,21.5,64.5
1784032837.709,737,1.048,0.239,-0.187,-0.081,21.5,64.5
1784032837.81,738,1.041,-0.065,0.09,0.0,20.8,69.7
1784032837.81,738,0.913,0.262,0.441,0.0,20.8,69.7
1784032837.81,738,1.13,0.294,0.157,0.0,14.3,69.7
1784032837.912,739,0.998,0.098,0.3,0.0,22.4,69.7
1784032838.013,740,1.032,0.131,0.116,0.0,21.1,69.8
1784032838.115,741,0.979,0.063,0.213,0.0,21.8,71.2
1784032838.217,742,1.042,0.098,0.01,0.0,22.5,69.5
1784032838.217,742,1.047,0.033,0.002,0.0,22.5,69.5
1784032838.217,742,3.464,-1.577,0.766,0.0,11.5,70.6
1784032838.321,743,1.045,-0.033,0.055,0.0,22.7,69.6
1784032838.422,744,1.017,-0.065,0.242,0.0,20.8,69.7
1784032838.422,744,3.464,-1.577,0.768,0.0,11.2,70.6
1784032838.422,744,1.065,-0.294,0.407,-0.081,16.7,63.3
1784032838.524,745,3.422,-1.699,0.693,0.0,11.5,70.5
1784032838.524,745,0.984,0.063,0.186,0.081,21.5,67.2
1784032838.625,746,1.042,-0.0,0.103,0.0,19.0,69.7
1784032838.726,747,0.983,-0.0,0.203,0.0,18.8,71.2
1784032838.827,748,1.034,-0.164,0.037,0.0,17.8,69.5
1784032838.827,748,1.02,0.098,-0.215,-0.162,39.0,49.8
1784032838.827,748,1.341,0.135,-0.508,-0.162,11.6,57.1
1784032838.827,748,1.335,-0.405,0.356,-0.162,11.6,57.1
1784032838.928,749,1.029,-0.098,0.17,-0.081,25.7,65.7
1784032839.03,750,3.43,-1.699,0.652,0.0,11.4,70.6
1784032839.03,750,1.001,0.063,-0.042,-0.162,42.2,50.2
1784032839.03,750,1.11,-0.184,0.35,-0.162,21.3,60.1
1784032839.132,751,3.468,-1.577,0.751,0.0,12.5,70.1
1784032839.132,751,1.003,-0.031,0.022,-0.162,41.2,50.4
1784032839.233,752,3.456,-1.577,0.803,0.0,12.0,70.4
1784032839.233,752,0.987,-0.063,0.171,-0.243,44.3,49.2
1784032839.336,753,1.776,0.401,-0.208,-0.649,15.5,48.6
1784032839.336,753,0.951,-0.03,0.125,-0.325,48.2,46.5
1784032839.336,753,1.452,-0.048,0.471,-0.243,12.9,56.2
1784032839.39,754,1.02,0.196,0.135,-0.568,30.2,51.0
1784032839.39,754,0.897,-0.33,-0.088,-0.406,38.1,47.5
1784032839.39,754,0.904,0.143,0.044,-0.325,38.1,46.9
1784032839.542,755,0.811,-0.082,0.311,-0.487,42.3,46.5
1784032839.542,755,0.724,0.218,-0.435,-0.487,42.3,46.5
1784032839.643,756,1.298,-0.883,-0.041,0.0,11.3,63.8
1784032839.643,756,1.191,0.883,-0.518,0.0,11.3,63.8
1784032839.643,756,0.808,0.026,0.181,-0.406,48.0,47.0
1784032839.643,756,0.933,-0.164,0.447,-0.243,13.0,62.3
1784032839.694,757,0.818,-0.104,0.088,-0.406,44.2,47.8
1784032839.694,757,0.771,0.147,0.007,-0.243,46.4,48.0
1784032839.694,757,2.181,-0.139,0.417,-0.243,13.6,56.5
1784032839.796,758,2.239,3.374,1.502,0.0,11.4,64.1
1784032839.796,758,0.777,-0.049,-0.1,-0.487,39.3,45.8
1784032839.796,758,0.763,0.123,0.141,-0.243,40.6,49.8
1784032839.796,758,0.763,-0.172,-0.066,-0.243,40.6,49.8
1784032839.796,758,0.942,-0.094,0.334,-0.162,13.5,64.8
1784032839.949,759,2.253,3.374,1.481,0.0,11.2,64.3
1784032839.949,759,0.655,0.175,0.167,0.081,21.2,63.3
1784032839.949,759,1.131,0.04,0.566,0.568,21.8,48.5
1784032839.949,759,1.32,-0.45,-0.357,0.568,17.3,52.1
1784032839.949,759,0.766,0.172,0.035,-0.162,44.0,50.7
1784032840.0,760,2.168,3.374,1.603,0.0,11.5,64.2
1784032840.0,760,0.776,-0.098,-0.068,-0.406,39.1,46.9
1784032840.0,760,0.717,-0.023,-0.19,-0.325,42.7,47.4
1784032840.0,760,0.707,0.209,-0.079,-0.081,21.9,66.2
1784032840.103,761,0.711,0.209,0.041,0.0,20.3,66.2
1784032840.103,761,0.797,0.354,0.032,0.0,16.0,65.0
1784032840.103,761,0.778,-0.098,-0.051,-0.406,33.9,46.2
1784032840.103,761,0.683,-0.022,-0.144,-0.325,40.3,48.0
1784032840.103,761,0.694,0.065,0.038,-0.162,32.2,57.2
1784032840.205,762,0.672,0.087,0.166,-0.162,37.2,52.6
1784032840.205,762,0.624,0.102,0.17,-0.081,24.8,67.1
1784032840.306,763,0.837,0.408,0.375,0.325,21.7,56.2
1784032840.306,763,0.579,0.019,-0.195,-0.325,36.7,49.9
1784032840.306,763,0.658,0.109,0.207,-0.162,30.0,57.3
1784032840.407,764,4.728,0.6,-0.567,-0.406,16.6,51.4
1784032840.407,764,0.602,0.038,0.099,-0.243,37.4,53.9
1784032840.407,764,0.713,-0.27,0.187,-0.081,22.5,66.0
1784032840.51,765,0.603,0.038,0.091,-0.243,37.0,55.0
1784032840.51,765,0.565,0.018,-0.048,-0.162,30.5,59.8
1784032840.611,766,2.21,3.374,1.544,0.0,11.3,64.5
1784032840.611,766,0.764,0.409,0.105,0.162,27.4,54.5
1784032840.611,766,0.555,0.053,0.106,-0.325,40.0,51.6
1784032840.611,766,0.662,0.324,-0.081,-0.325,21.4,59.1
1784032840.611,766,4.543,1.031,-0.706,-0.325,11.6,54.0
1784032840.611,766,6.691,2.0,1.345,-0.162,16.6,54.5
1784032840.611,766,5.404,-4.445,1.273,-0.162,16.6,54.5
1784032840.713,767,1.24,-0.883,-0.386,0.0,12.0,63.1
1784032840.713,767,0.939,0.06,-0.191,-0.649,11.3,63.7
1784032840.713,767,1.156,0.147,0.171,-0.649,11.6,58.8
1784032840.713,767,0.521,0.049,-0.017,-0.325,42.4,51.0
1784032840.713,767,3.874,1.947,1.004,-0.243,13.1,56.5
1784032840.713,767,5.144,-4.889,0.452,-0.162,16.1,52.6
1784032840.815,768,1.246,-0.883,-0.367,0.0,12.9,62.1
1784032840.815,768,2.228,3.374,1.518,0.0,11.5,64.3
1784032840.815,768,0.705,0.414,0.137,-0.487,24.0,59.4
1784032840.815,768,0.472,0.06,0.065,-0.406,21.8,73.9
1784032840.815,768,0.585,0.286,0.062,-0.406,27.5,58.4
1784032840.815,768,4.04,6.663,1.283,-0.243,11.2,52.4
1784032840.815,768,3.739,2.225,0.934,-0.162,11.7,57.7
1784032840.917,769,1.268,-0.883,-0.28,0.0,13.3,61.6
1784032840.917,769,1.529,-0.744,-0.05,0.0,12.2,62.7
1784032840.917,769,0.656,0.417,0.113,-0.568,27.1,62.9
1784032840.917,769,0.436,0.014,0.019,-0.243,27.3,69.6
1784032841.018,770,1.296,-0.883,-0.081,0.0,11.9,62.6
1784032841.018,770,2.237,3.374,1.506,0.0,12.1,63.7
1784032841.018,770,0.654,0.218,0.11,0.568,26.7,60.4
1784032841.018,770,0.434,0.027,0.036,-0.162,27.2,73.1
1784032841.018,770,0.819,0.052,0.115,-0.162,13.4,63.9
1784032841.121,771,1.32,-0.834,-0.166,0.0,11.7,62.9
1784032841.121,771,2.515,3.239,1.356,0.0,12.6,62.9
1784032841.121,771,0.53,0.368,0.111,-0.406,21.2,59.7
1784032841.121,771,0.452,0.262,-0.04,-0.325,37.3,53.7
1784032841.121,771,0.775,-0.0,-0.126,-0.325,16.3,65.5
1784032841.121,771,0.435,0.014,0.037,-0.162,22.7,71.5
1784032841.121,771,1.656,0.352,0.809,-0.162,11.7,58.8
1784032841.121,771,0.385,0.025,0.073,-0.081,23.2,71.7
1784032841.221,772,1.266,-0.883,-0.29,0.0,12.4,61.5
1784032841.221,772,1.575,-0.518,-0.017,0.0,13.5,60.5
1784032841.221,772,2.267,3.374,1.46,0.0,12.6,63.6
1784032841.221,772,0.498,-0.147,0.065,0.325,28.0,53.4
1784032841.221,772,0.373,0.012,0.122,-0.081,19.7,72.3
1784032841.322,773,1.298,-0.883,-0.024,0.0,12.3,62.1
1784032841.322,773,1.577,-0.638,-0.033,0.0,11.9,61.5
1784032841.322,773,3.47,-1.577,0.74,0.0,13.0,68.2
1784032841.322,773,2.284,3.374,1.433,0.0,11.2,65.2
1784032841.322,773,0.522,0.305,0.086,0.081,16.0,62.3
1784032841.322,773,0.697,0.022,-0.02,-0.162,15.6,68.5
1784032841.322,773,0.375,0.049,0.104,-0.081,23.5,75.0
1784032841.322,773,0.388,0.012,0.062,-0.081,23.5,75.0
1784032841.322,773,8.33,-1.62,1.616,-0.081,11.9,53.2
1784032841.322,773,8.2,-2.16,1.647,-0.081,11.9,53.2
1784032841.423,774,1.598,-0.585,0.031,0.0,11.5,62.7
1784032841.423,774,1.52,0.16,0.748,0.0,11.5,62.7
1784032841.423,774,0.392,-0.0,0.024,-0.162,27.7,73.1
1784032841.423,774,1.732,0.172,0.574,-0.162,11.4,59.8
1784032841.524,775,1.273,-0.883,-0.256,0.0,12.5,63.2
1784032841.524,775,1.554,-0.691,-0.045,0.0,11.8,61.9
1784032841.524,775,2.416,3.239,1.524,0.0,11.5,64.0
1784032841.524,775,0.389,0.025,0.048,-0.081,27.4,73.4
1784032841.625,776,1.296,-0.834,-0.302,0.0,12.5,63.6
1784032841.625,776,2.539,3.239,1.309,0.0,13.5,63.5
1784032841.625,776,0.373,-0.218,0.059,-0.243,20.8,69.9
1784032841.625,776,0.347,-0.0,0.034,-0.081,25.2,75.7
1784032841.728,777,2.19,3.239,1.834,0.0,11.9,63.0
1784032841.728,777,0.338,-0.011,0.086,-0.081,17.5,75.3
1784032841.728,777,0.291,0.109,-0.159,-0.081,17.5,75.3
1784032841.728,777,3.571,2.479,0.723,-0.081,11.4,60.4
1784032841.829,778,0.334,0.033,0.096,-0.081,20.3,75.7
1784032841.829,778,0.648,-0.0,0.093,-0.081,13.3,69.4
1784032841.829,778,3.424,2.781,-0.587,-0.081,11.5,62.2
1784032841.93,779,0.342,0.011,0.069,0.0,25.7,76.3
1784032841.93,779,2.402,3.239,1.547,0.0,11.3,65.0
1784032841.93,779,0.399,-0.164,0.067,-0.243,28.8,61.1
1784032841.93,779,0.65,-0.02,0.069,-0.081,15.6,67.9
1784032842.031,780,0.341,0.033,0.065,0.0,27.0,75.5
1784032842.031,780,2.764,-1.914,0.528,0.0,11.2,69.2
1784032842.031,780,0.382,-0.205,0.05,-0.325,24.8,61.7
1784032842.031,780,0.654,-0.02,-0.011,-0.081,13.4,67.0
1784032842.133,781,0.344,-0.0,0.057,0.0,25.4,75.7
1784032842.133,781,0.376,-0.205,0.083,-0.568,22.8,59.8
1784032842.133,781,0.603,0.019,0.098,-0.081,15.5,66.8
1784032842.234,782,0.347,-0.011,0.037,0.0,20.5,76.8
1784032842.234,782,0.651,-0.041,0.052,0.0,14.4,69.5
1784032842.234,782,0.534,-0.327,0.309,-0.162,13.5,61.7
1784032842.336,783,0.343,-0.0,0.067,0.0,23.6,78.9
1784032842.336,783,0.343,0.022,0.062,0.0,23.6,78.9
1784032842.336,783,0.654,-0.0,0.024,0.0,16.7,70.2
1784032842.438,784,0.348,-0.0,0.025,0.0,26.6,75.0
1784032842.54,785,0.344,-0.0,0.059,0.0,22.3,76.5
1784032842.54,785,0.654,-0.02,-0.001,0.0,12.9,69.2
1784032842.641,786,0.653,-0.0,-0.035,-0.081,13.6,70.2
1784032842.692,787,0.343,-0.0,0.067,0.0,25.6,74.8
1784032842.692,787,0.414,-0.109,-0.082,0.162,14.5,67.5
1784032842.692,787,0.367,-0.135,0.032,0.243,19.8,62.8
1784032842.795,788,0.348,-0.0,0.024,0.0,25.0,75.3
1784032842.795,788,2.254,3.374,1.479,0.0,11.6,64.1
1784032842.795,788,0.357,-0.147,0.071,0.243,23.0,63.9
1784032842.946,789,0.347,0.022,0.032,0.0,24.3,74.6
1784032842.946,789,2.52,3.239,1.346,0.0,11.3,64.8
1784032842.946,789,0.346,-0.172,0.069,0.243,23.9,62.1
1784032842.997,790,0.334,-0.033,0.098,0.0,22.1,75.3
1784032842.997,790,0.317,0.098,-0.109,0.0,22.1,75.3
1784032842.997,790,2.48,3.239,1.419,0.0,12.0,63.6
1784032843.099,791,0.344,0.022,0.058,0.0,22.8,75.5
1784032843.099,791,2.156,3.374,1.618,0.0,12.8,63.2
1784032843.201,792,0.343,0.011,0.061,0.0,23.4,75.3
1784032843.201,792,2.226,3.374,1.522,0.0,11.4,64.5
1784032843.303,793,0.347,-0.022,0.03,0.0,22.5,75.4
1784032843.405,794,0.328,0.011,0.12,0.0,23.7,75.9
1784032843.405,794,0.319,-0.011,0.14,0.0,23.7,75.9
1784032843.405,794,2.38,3.239,1.581,0.0,11.7,64.3
1784032843.507,795,0.34,-0.0,0.078,0.0,24.2,76.4
1784032843.507,795,2.536,3.239,1.316,0.0,12.2,64.1
1784032843.507,795,0.47,0.382,0.082,0.406,29.2,51.8
1784032843.608,796,0.341,-0.0,0.074,0.0,23.5,76.2
1784032843.608,796,0.597,-0.019,-0.127,-0.081,11.7,68.1
1784032843.71,797,0.34,-0.044,0.068,0.0,18.8,75.0
1784032843.71,797,2.221,3.374,1.529,0.0,12.9,63.3
1784032843.71,797,0.477,0.382,0.01,-0.406,31.7,51.7
1784032843.812,798,0.32,0.076,0.116,0.0,18.9,75.0
1784032843.812,798,2.173,3.374,1.596,0.0,12.0,63.4
1784032843.812,798,0.409,0.39,0.048,-0.487,36.9,47.2
1784032843.913,799,0.347,0.011,0.033,0.0,20.6,76.3
1784032843.913,799,2.538,3.239,1.312,0.0,12.0,64.2
1784032843.913,799,0.377,0.36,0.049,-0.406,28.2,50.6
1784032844.014,800,0.348,-0.0,0.026,0.0,19.5,77.2
1784032844.114,801,0.341,-0.0,0.074,0.0,19.2,76.7
1784032844.114,801,0.394,-0.177,0.06,-0.081,17.4,73.8
1784032844.215,802,0.347,0.022,0.036,0.0,21.2,76.3
1784032844.316,803,0.345,0.011,0.054,0.0,19.9,76.7
1784032844.418,804,0.345,0.011,0.051,0.0,20.0,76.4
1784032844.52,805,0.345,0.022,0.047,0.0,20.1,75.0
1784032844.621,806,0.324,0.044,0.122,0.0,19.4,74.9
1784032844.722,807,0.346,-0.0,0.049,0.0,20.9,77.2
1784032844.722,807,0.648,-0.02,0.089,0.081,14.3,70.2
1784032844.825,808,0.348,0.022,0.007,0.0,19.4,77.9
1784032844.825,808,0.653,-0.0,0.041,0.081,13.8,70.9
1784032844.926,809,0.342,0.055,0.046,0.0,22.7,75.8
1784032845.027,810,0.345,0.033,0.041,0.0,22.4,76.9
1784032845.027,810,0.654,-0.0,-0.02,0.0,13.3,70.8
1784032845.128,811,0.34,0.022,0.076,0.0,20.5,77.3
1784032845.128,811,2.268,3.374,1.458,0.0,12.0,64.0
1784032845.229,812,0.341,0.033,0.069,0.0,21.0,77.0
1784032845.229,812,0.653,-0.02,0.045,0.0,12.0,70.9
1784032845.229,812,2.35,3.374,1.321,0.0,11.3,65.0
1784032845.332,813,0.337,0.011,0.09,0.0,20.7,77.7
1784032845.332,813,0.65,-0.041,0.061,0.0,12.1,71.1
1784032845.434,814,0.336,0.011,0.095,0.0,19.5,77.2
1784032845.535,815,0.342,0.033,0.061,0.0,21.5,77.0
1784032845.535,815,0.653,-0.041,-0.013,0.0,12.4,70.0
1784032845.637,816,0.336,0.022,0.093,0.0,16.5,77.9
1784032845.637,816,0.653,-0.041,0.028,0.0,11.9,70.9
1784032845.637,816,0.898,0.057,0.174,0.0,11.6,65.1
1784032845.688,817,0.341,0.055,0.05,0.0,16.2,76.5
1784032845.84,818,0.337,0.055,0.072,0.0,17.3,76.2
1784032845.84,818,0.323,-0.076,-0.109,0.0,17.3,76.2
1784032845.942,819,0.328,0.022,0.116,0.0,19.8,77.1
1784032845.993,820,0.337,0.022,0.089,0.0,20.2,77.5
1784032846.095,821,0.342,0.065,-0.03,0.0,17.2,77.4
1784032846.095,821,0.326,-0.055,0.112,0.0,17.2,77.4
1784032846.095,821,2.592,3.239,1.202,0.0,11.7,64.5
1784032846.095,821,0.491,0.344,0.117,-0.325,24.3,53.7
1784032846.247,822,0.431,0.354,0.101,-0.325,29.1,53.9
1784032846.298,823,0.317,0.098,-0.108,0.0,18.2,76.7
1784032846.298,823,0.341,-0.011,0.075,0.0,18.2,76.7
1784032846.298,823,0.391,0.344,0.057,-0.162,15.6,63.1
1784032846.399,824,0.345,0.022,0.044,0.0,18.9,77.3
1784032846.399,824,2.546,3.239,1.297,0.0,11.5,64.5
1784032846.399,824,0.414,0.311,0.079,0.081,17.9,70.6
1784032846.5,825,0.376,0.11,-0.027,0.0,18.4,75.6
1784032846.5,825,0.324,-0.184,0.124,0.0,18.4,75.6
1784032846.5,825,2.465,3.239,1.444,0.0,11.5,64.3
1784032846.5,825,0.437,0.337,0.13,0.162,17.3,63.3
1784032846.602,826,0.325,0.022,0.125,0.0,16.1,77.6
1784032846.602,826,0.69,-0.022,0.102,0.0,11.3,68.7
1784032846.602,826,0.771,-0.025,0.147,0.0,12.5,67.1
1784032846.602,826,0.441,0.337,0.119,0.162,17.3,60.6
1784032846.705,827,0.308,0.033,0.162,0.0,17.5,76.7
1784032846.705,827,0.328,0.011,0.12,0.0,17.5,76.7
1784032846.807,828,0.304,0.055,0.162,0.0,16.3,76.3
1784032846.807,828,0.34,-0.065,-0.044,0.0,16.3,76.3
1784032846.908,829,0.338,-0.0,0.087,0.0,17.1,77.4
1784032846.908,829,0.344,0.022,0.055,0.0,17.1,77.4
1784032846.908,829,0.402,-0.164,0.049,0.0,17.1,76.5
1784032847.009,830,0.344,0.022,0.053,0.0,17.6,77.4
1784032847.113,831,0.348,-0.011,0.026,0.0,17.6,77.4
1784032847.214,832,0.394,-0.164,0.089,0.0,18.6,76.0
1784032847.214,832,0.649,-0.0,0.082,0.0,11.6,70.0
1784032847.214,832,2.512,3.239,1.361,0.0,11.5,64.3
1784032847.315,833,0.329,-0.172,0.129,0.0,17.4,77.1
1784032847.315,833,0.36,0.074,0.139,0.0,17.4,77.1
1784032847.415,834,0.286,0.109,0.167,0.0,17.6,77.3
1784032847.415,834,0.347,-0.011,-0.038,0.0,17.6,77.3
1784032847.516,835,0.349,-0.011,-0.002,0.0,18.8,77.1
1784032847.618,836,0.348,-0.0,0.027,0.0,17.6,77.9
1784032847.72,837,0.348,-0.0,0.026,0.0,16.6,78.9
1784032847.72,837,0.286,0.098,0.174,0.0,16.6,78.9
1784032847.72,837,0.638,-0.0,0.145,0.0,11.7,71.6
1784032847.822,838,0.348,-0.011,0.02,0.0,15.9,78.6
1784032847.822,838,0.645,-0.0,0.11,0.0,12.8,71.2
1784032847.922,839,0.349,-0.011,0.015,0.0,15.7,78.6
1784032847.922,839,0.644,-0.0,0.115,0.0,12.5,71.2
1784032848.024,840,0.331,0.098,0.048,0.0,16.3,78.1
1784032848.024,840,0.348,-0.022,0.0,0.0,16.3,78.1
1784032848.024,840,0.646,0.02,0.104,0.0,12.1,71.2
1784032848.125,841,0.335,0.098,-0.005,0.0,18.2,76.3
1784032848.125,841,0.339,-0.022,0.081,0.0,18.2,76.3
1784032848.226,842,0.334,0.098,0.03,0.0,16.5,78.1
1784032848.226,842,0.347,-0.022,0.034,0.0,16.5,78.1
1784032848.226,842,0.654,-0.0,0.035,0.0,11.5,70.8
1784032848.328,843,0.331,0.109,-0.017,0.0,19.1,76.2
1784032848.328,843,0.346,-0.011,0.045,0.0,19.1,76.2
1784032848.43,844,0.342,-0.011,0.067,0.0,18.7,77.6
1784032848.43,844,0.319,0.109,-0.09,0.0,18.7,77.6
1784032848.43,844,0.653,-0.0,0.049,0.0,11.4,70.9
1784032848.532,845,0.339,-0.011,0.081,0.0,20.0,76.9
1784032848.532,845,0.319,0.109,-0.092,0.0,20.0,76.9
1784032848.634,846,0.373,0.123,0.01,0.0,18.3,77.0
1784032848.634,846,0.347,-0.172,0.067,0.0,18.3,77.0
1784032848.735,847,0.334,0.087,0.052,0.0,16.6,78.5
1784032848.837,848,0.377,0.11,0.014,0.0,18.5,76.7
1784032848.837,848,0.337,-0.147,0.137,0.0,18.5,76.7
1784032848.837,848,0.912,0.057,0.06,0.0,11.2,65.0
1784032848.938,849,0.349,-0.011,-0.0,0.0,18.0,77.1
1784032848.938,849,0.395,-0.177,0.056,0.0,17.9,75.8
1784032848.938,849,0.391,0.191,-0.037,0.0,17.9,75.8
1784032849.041,850,0.358,-0.16,0.027,0.0,17.9,75.4
1784032849.143,851,0.342,-0.011,0.067,0.0,17.1,77.3
1784032849.143,851,0.637,0.02,0.149,0.0,11.3,69.8
1784032849.245,852,0.34,-0.011,0.076,0.0,18.3,76.7
1784032849.245,852,0.305,0.109,-0.13,0.0,18.3,76.7
1784032849.245,852,0.652,0.041,0.036,0.0,12.9,68.6
1784032849.296,853,0.336,-0.0,0.094,0.0,18.3,77.0
1784032849.296,853,0.328,0.098,-0.07,0.0,18.3,77.0
1784032849.296,853,2.503,3.239,1.377,0.0,11.4,64.8
1784032849.397,854,0.342,0.033,0.061,0.0,18.9,77.4
1784032849.397,854,0.339,0.011,0.081,0.0,18.9,77.4
1784032849.499,855,0.34,0.011,0.079,0.0,21.0,76.5
1784032849.499,855,0.342,0.033,0.061,0.0,21.0,76.5
1784032849.499,855,0.654,0.02,-0.014,0.0,12.3,70.2
1784032849.601,856,0.342,0.022,0.068,0.0,21.2,76.5
1784032849.703,857,0.342,0.022,0.065,0.0,20.6,77.0
1784032849.803,858,0.342,0.022,0.067,0.0,19.7,77.6
1784032849.803,858,0.654,0.02,-0.023,0.0,11.7,70.9
1784032849.903,859,0.341,0.022,0.073,0.0,20.1,77.3
1784032850.004,860,0.336,0.011,0.094,0.0,19.8,77.4
1784032850.105,861,0.335,0.011,0.096,0.0,20.9,76.3
1784032850.206,862,0.337,0.011,0.091,0.0,21.4,75.8
1784032850.206,862,0.324,0.098,-0.084,0.0,21.4,75.8
1784032850.308,863,0.34,0.011,0.077,0.0,19.6,77.7
1784032850.308,863,0.315,0.109,-0.102,0.0,19.6,77.7
1784032850.308,863,0.654,0.02,0.012,0.0,11.9,70.9
1784032850.409,864,0.329,0.098,-0.062,0.0,16.8,77.6
1784032850.409,864,0.338,0.011,0.087,0.0,16.8,77.6
1784032850.409,864,0.396,-0.177,0.05,0.0,18.5,76.1
1784032850.409,864,0.382,0.205,-0.051,0.0,18.5,76.1
1784032850.409,864,0.653,0.02,0.032,0.0,13.2,70.3
1784032850.512,865,0.383,0.086,0.006,0.0,19.7,76.5
1784032850.512,865,0.354,-0.147,0.085,0.0,19.7,76.5
1784032850.512,865,0.654,0.02,-0.008,0.0,13.3,69.8
1784032850.512,865,2.52,3.239,1.346,0.0,11.3,64.6
1784032850.613,866,0.385,0.074,0.023,0.0,20.6,76.5
1784032850.613,866,0.351,-0.147,0.097,0.0,20.6,76.5
1784032850.714,867,0.377,0.037,0.102,0.0,20.5,76.3
1784032850.714,867,0.364,-0.135,0.059,0.0,20.5,76.3
1784032850.714,867,0.652,-0.0,0.06,0.0,12.1,70.4
1784032850.815,868,0.34,0.033,0.073,0.0,21.0,76.8
1784032850.916,869,0.34,0.033,0.072,0.0,20.9,78.0
1784032851.017,870,0.34,0.033,0.071,0.0,21.6,77.6
1784032851.118,871,0.341,0.022,0.069,0.0,22.0,78.1
1784032851.118,871,0.649,-0.041,-0.069,0.0,12.1,70.5
1784032851.221,872,0.34,0.011,0.078,0.0,22.4,77.5
1784032851.221,872,0.653,-0.02,-0.045,0.0,11.3,71.4
1784032851.322,873,0.34,0.022,0.075,0.0,21.8,77.8
1784032851.322,873,0.651,-0.02,-0.061,0.0,11.5,71.5
1784032851.425,874,0.338,0.033,0.082,0.0,20.0,77.5
1784032851.527,875,0.336,0.033,0.089,0.0,18.9,78.4
1784032851.629,876,0.344,0.033,0.052,0.0,22.8,76.5
1784032851.731,877,0.384,0.025,0.079,0.081,23.4,76.5
1784032851.731,877,0.653,0.041,-0.005,0.081,13.5,69.5
1784032851.731,877,0.444,0.337,0.107,-0.081,17.1,65.2
1784032851.834,878,0.397,-0.164,0.077,0.0,16.1,71.5
1784032851.834,878,1.597,-0.585,-0.046,0.0,11.8,63.4
1784032851.834,878,1.114,-1.117,-0.637,0.0,11.8,63.4
1784032851.834,878,0.345,0.055,0.005,0.081,18.9,74.6
1784032851.834,878,0.383,0.285,0.048,0.162,15.0,73.3
1784032851.834,878,0.824,0.026,0.087,0.162,11.9,64.6
1784032851.935,879,1.288,-0.834,-0.333,0.0,11.2,64.7
1784032851.935,879,2.452,3.239,1.466,0.0,11.7,64.5
1784032851.935,879,5.687,-4.197,0.085,0.0,11.3,54.5
1784032851.935,879,0.392,0.012,0.019,0.081,27.2,72.9
1784032851.935,879,0.887,0.086,0.213,0.162,11.8,63.2
1784032851.935,879,1.038,0.065,0.125,0.162,12.5,60.7
1784032851.935,879,0.396,0.27,0.03,0.325,22.0,66.9
1784032852.037,880,0.388,0.025,0.055,0.081,25.8,71.7
1784032852.037,880,3.416,-0.218,0.682,0.243,15.1,56.2
1784032852.037,880,0.433,0.294,-0.011,0.325,35.4,52.8
1784032852.139,881,0.389,0.025,0.051,0.081,25.3,73.5
1784032852.241,882,2.45,3.239,1.47,0.0,11.4,65.0
1784032852.241,882,5.88,-3.755,1.13,0.0,11.6,55.5
1784032852.241,882,0.39,0.037,0.029,0.081,21.1,70.7
1784032852.241,882,0.436,0.195,0.048,0.243,18.0,65.1
1784032852.241,882,2.212,-0.209,-0.129,0.243,16.8,57.5
1784032852.241,882,0.462,0.245,0.016,0.325,28.8,51.5
1784032852.241,882,0.375,-0.098,0.062,-0.081,23.2,69.6
1784032852.343,883,0.368,-0.061,0.123,0.0,22.5,70.6
1784032852.343,883,2.374,3.239,1.59,0.0,11.2,64.7
1784032852.343,883,0.882,0.229,0.094,0.162,11.5,61.1
1784032852.343,883,0.39,0.109,0.163,0.243,17.0,70.0
1784032852.343,883,0.976,0.22,0.082,0.243,14.9,59.1
1784032852.343,883,0.45,0.245,0.105,0.325,30.8,51.9
1784032852.343,883,0.763,0.147,-0.113,0.325,13.1,61.9
1784032852.343,883,1.974,-0.534,0.623,0.406,21.6,51.7
1784032852.343,883,0.525,0.458,-0.042,0.487,17.4,54.1
1784032852.343,883,3.518,0.331,0.064,0.487,14.1,53.4
1784032852.343,883,1.146,-0.184,0.204,-0.162,12.2,57.2
1784032852.443,884,0.381,-0.025,0.091,0.081,24.0,68.9
1784032852.443,884,0.426,0.095,-0.001,0.243,21.9,68.2
1784032852.443,884,0.379,0.177,0.125,0.487,15.8,68.5
1784032852.443,884,0.481,0.266,-0.139,0.487,28.6,49.7
1784032852.545,885,7.793,-0.744,1.328,0.0,12.8,58.5
1784032852.545,885,0.374,0.061,0.102,0.325,22.9,69.2
1784032852.545,885,0.441,0.18,0.059,0.487,28.6,65.4
1784032852.545,885,0.331,0.461,0.003,-0.649,33.8,44.4
1784032852.647,886,1.846,0.235,-0.235,0.0,16.6,70.4
1784032852.647,886,3.131,0.498,0.3,0.0,22.6,70.7
1784032852.647,886,7.454,1.193,1.146,0.0,13.8,57.7
1784032852.647,886,7.601,0.965,0.962,0.0,14.4,57.0
1784032852.647,886,0.474,0.213,-0.064,0.243,35.8,54.4
1784032852.647,886,3.619,1.613,0.249,0.325,21.5,57.6
1784032852.647,886,0.581,0.123,0.275,0.406,18.6,58.8
1784032852.647,886,1.431,-1.669,-0.345,0.406,13.1,60.0
1784032852.647,886,0.379,0.15,0.156,0.487,12.2,70.2
1784032852.647,886,0.602,0.57,0.008,0.568,15.6,58.8
1784032852.697,887,1.275,-0.883,-0.244,0.0,13.2,61.9
1784032852.697,887,1.575,-0.638,-0.08,0.0,11.6,63.9
1784032852.697,887,1.295,-1.063,-0.295,0.0,11.6,63.9
1784032852.697,887,1.854,0.176,-0.226,0.0,16.8,70.2
1784032852.697,887,3.16,0.398,0.009,0.0,21.5,71.0
1784032852.697,887,7.468,1.193,1.05,0.0,19.1,58.0
1784032852.697,887,7.628,0.971,1.086,0.0,16.5,57.5
1784032852.697,887,0.662,0.175,0.134,0.081,18.2,61.1
1784032852.697,887,0.427,0.21,0.06,0.243,20.7,65.2
1784032852.697,887,0.461,0.319,-0.088,0.325,30.6,51.5
1784032852.697,887,0.662,0.218,-0.036,0.406,26.0,56.7
1784032852.697,887,0.687,0.654,0.444,0.487,16.0,53.0
1784032852.697,887,0.491,0.533,0.157,0.568,24.3,50.9
1784032852.849,888,0.632,0.284,0.085,0.0,21.2,62.3
1784032852.849,888,0.648,0.24,0.097,0.0,21.2,62.3
1784032852.849,888,1.273,-0.883,-0.256,0.0,14.0,61.2
1784032852.849,888,1.554,-0.691,-0.055,0.0,12.0,63.5
1784032852.849,888,1.302,-1.063,-0.263,0.0,12.0,63.5
1784032852.849,888,1.852,0.176,-0.241,0.0,16.6,70.2
1784032852.849,888,3.152,0.398,0.221,0.0,20.7,71.3
1784032852.849,888,3.452,-1.577,0.82,0.0,11.4,69.7
1784032852.849,888,7.475,1.193,0.997,0.0,19.7,57.7
1784032852.849,888,7.666,0.971,0.776,0.0,17.1,57.3
1784032852.849,888,0.418,0.278,0.147,0.243,35.6,54.3
1784032852.849,888,3.776,1.702,0.625,0.406,15.6,54.4
1784032852.849,888,0.438,0.354,-0.062,0.568,41.1,46.0
1784032852.953,889,1.276,-0.883,-0.24,0.0,12.9,62.2
1784032852.953,889,1.847,0.235,-0.233,0.0,16.7,70.1
1784032852.953,889,3.144,0.498,0.114,0.0,21.5,71.0
1784032852.953,889,6.391,1.227,0.693,0.0,11.6,60.7
1784032852.953,889,7.473,1.193,1.015,0.0,19.9,58.0
1784032852.953,889,7.641,0.971,0.993,0.0,16.4,57.6
1784032852.953,889,0.609,0.327,0.095,0.081,24.4,60.7
1784032852.953,889,0.389,0.344,0.066,0.243,31.4,54.2
1784032852.953,889,1.447,-0.927,0.303,0.243,13.9,56.4
1784032852.953,889,1.36,0.927,-0.581,0.243,13.9,56.4
1784032852.953,889,0.459,0.401,0.037,0.406,45.7,48.9
1784032853.004,890,1.279,-0.883,-0.225,0.0,12.5,62.6
1784032853.004,890,1.528,-0.744,-0.086,0.0,11.8,63.9
1784032853.004,890,1.303,-1.063,-0.258,0.0,11.8,63.9
1784032853.004,890,1.858,0.176,-0.194,0.0,16.8,69.9
1784032853.004,890,3.141,0.498,0.165,0.0,21.2,71.3
1784032853.004,890,7.47,1.193,1.037,0.0,20.0,57.7
1784032853.004,890,7.64,0.971,0.999,0.0,16.7,57.6
1784032853.004,890,3.432,-2.051,0.915,0.243,11.3,56.4
1784032853.004,890,3.433,2.179,0.537,0.243,11.3,56.4
1784032853.004,890,0.337,0.393,0.08,0.325,28.2,51.8
1784032853.004,890,0.457,0.45,0.129,0.325,37.8,50.2
1784032853.105,891,1.277,-0.883,-0.237,0.0,12.6,62.6
1784032853.105,891,1.849,0.235,-0.214,0.0,17.0,69.7
1784032853.105,891,3.141,0.498,0.177,0.0,21.1,71.3
1784032853.105,891,3.398,-1.699,0.801,0.0,12.7,68.6
1784032853.105,891,7.469,1.193,1.045,0.0,19.8,58.1
1784032853.105,891,7.623,0.971,1.121,0.0,15.7,58.1
1784032853.105,891,0.596,0.44,0.028,0.081,14.7,61.0
1784032853.105,891,0.615,0.466,0.143,0.162,17.5,57.3
1784032853.105,891,0.655,0.573,-0.067,0.162,17.7,56.7
1784032853.105,891,0.438,0.47,0.123,0.243,37.4,52.6
1784032853.207,892,1.859,0.176,-0.182,0.0,16.8,69.9
1784032853.207,892,3.142,0.498,0.156,0.0,20.7,71.7
1784032853.207,892,3.393,-1.699,0.824,0.0,12.5,68.7
1784032853.207,892,7.478,1.193,0.971,0.0,18.6,59.3
1784032853.207,892,7.623,0.971,1.119,0.0,15.5,58.7
1784032853.207,892,0.453,0.524,0.09,0.325,40.1,48.3
1784032853.31,893,1.276,-0.883,-0.243,0.0,11.9,63.1
1784032853.31,893,1.722,0.273,-0.074,0.0,11.6,64.4
1784032853.31,893,1.858,0.176,-0.187,0.0,16.8,69.9
1784032853.31,893,3.142,0.498,0.154,0.0,20.3,72.2
1784032853.31,893,3.396,-1.699,0.813,0.0,12.6,68.6
1784032853.31,893,7.477,1.193,0.979,0.0,17.8,60.1
1784032853.31,893,7.636,0.971,1.032,0.0,14.6,59.6
1784032853.31,893,0.637,0.573,0.166,0.162,18.2,56.2
1784032853.31,893,1.796,0.961,-0.232,0.243,21.8,52.9
1784032853.31,893,0.45,0.579,0.108,0.325,36.2,47.4
1784032853.31,893,0.626,0.659,0.116,0.325,20.8,54.3
1784032853.411,894,1.278,-0.883,-0.233,0.0,13.0,62.2
1784032853.411,894,1.85,0.235,-0.209,0.0,16.8,69.9
1784032853.411,894,3.142,0.498,0.157,0.0,20.7,71.7
1784032853.411,894,3.394,-1.699,0.821,0.0,12.4,68.3
1784032853.411,894,7.47,1.193,1.032,0.0,17.2,60.4
1784032853.411,894,7.615,0.971,1.174,0.0,14.4,59.7
1784032853.513,895,1.271,-0.883,-0.264,0.0,13.7,61.2
1784032853.513,895,1.849,0.235,-0.209,0.0,16.8,69.9
1784032853.513,895,3.142,0.498,0.154,0.0,20.4,72.1
1784032853.513,895,3.396,-1.699,0.812,0.0,11.8,69.0
1784032853.513,895,7.474,1.193,1.005,0.0,17.3,60.3
1784032853.513,895,7.621,0.971,1.134,0.0,15.1,59.5
1784032853.513,895,0.434,0.699,0.098,0.406,27.3,46.9
1784032853.614,896,1.273,-0.883,-0.258,0.0,13.7,61.4
1784032853.614,896,1.857,0.176,-0.196,0.0,16.6,70.1
1784032853.614,896,3.142,0.498,0.157,0.0,20.3,72.2
1784032853.614,896,3.396,-1.699,0.813,0.0,11.7,69.3
1784032853.614,896,7.469,1.193,1.038,0.0,17.3,60.3
1784032853.614,896,7.624,0.971,1.111,0.0,14.9,59.4
1784032853.716,897,1.27,-0.883,-0.272,0.0,13.6,61.6
1784032853.716,897,1.849,0.235,-0.214,0.0,16.6,70.1
1784032853.716,897,3.142,0.498,0.156,0.0,20.3,72.2
1784032853.716,897,3.394,-1.699,0.818,0.0,11.5,69.4
1784032853.716,897,7.469,1.193,1.044,0.0,17.2,60.3
1784032853.716,897,7.627,0.971,1.093,0.0,14.8,59.8
1784032853.716,897,2.983,-4.183,0.325,0.243,13.4,52.4
1784032853.817,898,1.272,-0.883,-0.262,0.0,13.1,62.0
1784032853.817,898,1.849,0.235,-0.217,0.0,16.9,69.9
1784032853.817,898,3.142,0.498,0.158,0.0,20.2,72.3
1784032853.817,898,3.394,-1.699,0.821,0.0,11.6,69.3
1784032853.817,898,7.471,1.193,1.026,0.0,16.7,60.7
1784032853.817,898,7.628,0.971,1.087,0.0,14.3,59.7
1784032853.919,899,1.273,-0.883,-0.258,0.0,13.7,61.5
1784032853.919,899,1.857,0.176,-0.202,0.0,16.8,70.0
1784032853.919,899,3.142,0.498,0.155,0.0,20.2,72.2
1784032853.919,899,7.471,1.193,1.025,0.0,17.1,60.4
1784032853.919,899,7.641,0.971,0.991,0.0,14.3,59.9
1784032853.919,899,5.373,1.8,1.031,0.406,19.3,50.6
1784032854.021,900,1.273,-0.883,-0.258,0.0,13.9,61.2
1784032854.021,900,1.856,0.176,-0.206,0.0,16.8,70.0
1784032854.021,900,3.142,0.498,0.156,0.0,20.4,72.1
1784032854.021,900,6.386,1.227,0.733,0.0,11.2,61.0
1784032854.021,900,7.472,1.193,1.018,0.0,17.0,60.5
1784032854.021,900,7.624,0.971,1.117,0.0,14.8,59.6
1784032854.021,900,5.464,1.632,1.072,0.243,19.2,50.2
1784032854.021,900,1.029,0.474,0.563,0.325,12.1,51.1
1784032854.123,901,1.271,-0.883,-0.265,0.0,13.0,62.1
1784032854.123,901,1.848,0.235,-0.223,0.0,16.8,70.0
1784032854.123,901,3.142,0.498,0.155,0.0,20.3,72.2
1784032854.123,901,6.379,1.227,0.794,0.0,11.5,60.8
1784032854.123,901,7.473,1.193,1.01,0.0,17.2,60.4
1784032854.123,901,7.613,0.971,1.185,0.0,14.2,59.9
1784032854.123,901,0.583,-0.815,-0.046,-0.649,26.5,47.1
1784032854.225,902,1.275,-0.883,-0.247,0.0,13.0,62.1
1784032854.225,902,1.577,-0.638,-0.005,0.0,12.3,63.3
1784032854.225,902,1.246,-1.117,-0.311,0.0,12.3,63.3
1784032854.225,902,1.856,0.176,-0.207,0.0,16.7,70.1
1784032854.225,902,3.142,0.498,0.157,0.0,20.2,72.3
1784032854.225,902,6.362,1.432,0.557,0.0,12.5,59.7
1784032854.225,902,7.478,1.193,0.975,0.0,16.9,60.5
1784032854.225,902,7.629,0.971,1.08,0.0,14.5,59.9
1784032854.225,902,0.692,-0.785,-0.015,-0.649,20.7,48.0
1784032854.327,903,1.277,-0.883,-0.236,0.0,13.2,61.9
1784032854.327,903,1.577,-0.638,0.01,0.0,12.6,63.0
1784032854.327,903,1.206,-1.117,-0.44,0.0,12.6,63.0
1784032854.327,903,1.857,0.176,-0.201,0.0,16.8,70.0
1784032854.327,903,3.142,0.498,0.156,0.0,20.2,72.2
1784032854.327,903,6.355,1.432,0.631,0.0,12.6,59.8
1784032854.327,903,7.475,1.193,0.999,0.0,17.2,60.3
1784032854.327,903,7.623,0.971,1.122,0.0,14.8,59.6
1784032854.327,903,5.568,1.841,0.548,0.243,17.3,49.6
1784032854.327,903,5.467,2.04,1.076,0.325,16.4,50.8
1784032854.43,904,1.277,-0.883,-0.234,0.0,13.8,61.4
1784032854.43,904,1.577,-0.638,0.03,0.0,13.1,62.6
1784032854.43,904,1.202,-1.117,-0.45,0.0,13.1,62.6
1784032854.43,904,1.849,0.235,-0.215,0.0,16.9,69.9
1784032854.43,904,3.142,0.498,0.158,0.0,20.2,72.3
1784032854.43,904,6.39,1.227,0.703,0.0,11.9,60.3
1784032854.43,904,7.477,1.193,0.984,0.0,17.2,60.3
1784032854.43,904,7.621,0.971,1.137,0.0,14.3,60.0
1784032854.43,904,5.508,2.04,0.844,0.325,15.5,51.7
1784032854.532,905,1.276,-0.883,-0.242,0.0,13.7,61.4
1784032854.532,905,1.577,-0.638,0.036,0.0,12.8,62.8
1784032854.532,905,1.21,-1.117,-0.428,0.0,12.8,62.8
1784032854.532,905,1.859,0.176,-0.185,0.0,16.7,70.0
1784032854.532,905,3.142,0.498,0.157,0.0,20.3,72.2
1784032854.532,905,6.366,1.432,0.504,0.0,11.6,60.5
1784032854.532,905,7.478,1.193,0.978,0.0,17.1,60.4
1784032854.532,905,7.619,0.971,1.149,0.0,14.6,59.8
1784032854.532,905,5.458,2.209,0.134,0.162,12.5,50.4
1784032854.532,905,5.593,2.07,0.827,0.243,12.9,51.7
1784032854.532,905,5.451,2.241,0.995,0.325,11.8,52.9
1784032854.634,906,1.277,-0.883,-0.235,0.0,14.2,61.0
1784032854.634,906,1.577,-0.638,0.032,0.0,12.9,62.8
1784032854.634,906,1.219,-1.117,-0.404,0.0,12.9,62.8
1784032854.634,906,1.859,0.176,-0.179,0.0,16.7,70.1
1784032854.634,906,3.142,0.498,0.159,0.0,20.3,72.2
1784032854.634,906,6.355,1.432,0.631,0.0,12.2,60.2
1784032854.634,906,7.471,1.193,1.025,0.0,16.7,60.7
1784032854.634,906,7.621,0.971,1.135,0.0,14.2,60.1
1784032854.634,906,5.465,2.241,0.916,0.243,12.1,52.2
1784032854.734,907,1.277,-0.883,-0.235,0.0,14.1,61.1
1784032854.734,907,1.577,-0.638,0.028,0.0,12.7,63.0
1784032854.734,907,1.211,-1.117,-0.426,0.0,12.7,63.0
1784032854.734,907,1.86,0.176,-0.175,0.0,16.7,70.1
1784032854.734,907,3.142,0.498,0.157,0.0,20.2,72.2
1784032854.734,907,6.399,1.227,0.612,0.0,11.6,60.6
1784032854.734,907,7.48,1.193,0.963,0.0,16.8,60.7
1784032854.734,907,7.616,0.971,1.17,0.0,14.1,60.2
1784032854.734,907,5.481,2.241,0.812,0.162,15.3,51.8
1784032854.838,908,1.28,-0.883,-0.218,0.0,13.5,61.7
1784032854.838,908,1.577,-0.638,0.038,0.0,11.9,63.8
1784032854.838,908,1.53,-0.744,0.026,0.0,11.9,63.8
1784032854.838,908,1.86,0.176,-0.173,0.0,16.5,70.2
1784032854.838,908,3.142,0.498,0.157,0.0,20.3,72.1
1784032854.838,908,6.404,1.227,0.556,0.0,11.8,60.2
1784032854.838,908,7.48,1.193,0.963,0.0,17.1,60.4
1784032854.838,908,7.618,0.971,1.152,0.0,14.6,59.7
1784032854.838,908,5.524,2.241,0.428,0.243,13.5,51.2
1784032854.94,909,1.279,-0.883,-0.225,0.0,12.8,62.4
1784032854.94,909,1.577,-0.638,-0.013,0.0,11.4,64.1
1784032854.94,909,1.246,-1.117,-0.309,0.0,11.4,64.1
1784032854.94,909,1.859,0.176,-0.176,0.0,16.8,69.9
1784032854.94,909,3.142,0.498,0.157,0.0,20.2,72.2
1784032854.94,909,6.368,1.432,0.478,0.0,12.2,60.0
1784032854.94,909,7.475,1.193,0.996,0.0,17.3,60.2
1784032854.94,909,7.615,0.971,1.176,0.0,14.5,59.9
1784032854.94,909,5.561,2.258,0.476,0.243,14.9,50.5
1784032855.041,910,1.278,-0.883,-0.231,0.0,11.5,63.7
1784032855.041,910,1.851,0.235,-0.193,0.0,16.6,70.1
1784032855.041,910,3.142,0.498,0.157,0.0,20.3,72.2
1784032855.041,910,6.392,1.227,0.678,0.0,12.1,60.1
1784032855.041,910,7.473,1.193,1.012,0.0,17.2,60.2
1784032855.041,910,7.616,0.971,1.168,0.0,14.5,59.8
1784032855.144,911,1.309,-0.834,-0.239,0.0,12.1,63.1
1784032855.144,911,1.859,0.176,-0.176,0.0,16.2,70.5
1784032855.144,911,3.142,0.498,0.157,0.0,20.3,72.2
1784032855.144,911,6.399,1.227,0.616,0.0,11.9,60.3
1784032855.144,911,7.475,1.193,1.0,0.0,17.3,60.2
1784032855.144,911,7.625,0.971,1.104,0.0,14.4,59.8
1784032855.144,911,5.586,2.274,0.632,0.243,15.2,50.6
1784032855.246,912,1.277,-0.883,-0.238,0.0,13.8,61.3
1784032855.246,912,1.577,-0.638,-0.032,0.0,12.2,63.3
1784032855.246,912,1.267,-1.117,-0.205,0.0,12.2,63.3
1784032855.246,912,1.859,0.176,-0.178,0.0,16.5,70.2
1784032855.246,912,3.142,0.498,0.157,0.0,20.3,72.1
1784032855.246,912,6.391,1.227,0.687,0.0,12.0,60.1
1784032855.246,912,7.476,1.193,0.986,0.0,17.2,60.2
1784032855.246,912,7.611,0.971,1.202,0.0,14.4,59.9
1784032855.246,912,5.577,2.274,0.706,0.243,17.2,52.3
1784032855.349,913,1.275,-0.883,-0.245,0.0,13.8,61.4
1784032855.349,913,1.577,-0.638,-0.034,0.0,12.3,63.2
1784032855.349,913,1.268,-1.117,-0.201,0.0,12.3,63.2
1784032855.349,913,1.851,0.235,-0.194,0.0,16.8,70.0
1784032855.349,913,3.142,0.498,0.158,0.0,20.2,72.2
1784032855.349,913,6.396,1.227,0.645,0.0,11.7,60.6
1784032855.349,913,7.473,1.193,1.015,0.0,17.1,60.4
1784032855.349,913,7.608,0.971,1.217,0.0,14.2,60.1
1784032855.349,913,5.764,2.115,0.384,0.243,13.1,50.7
1784032855.401,914,1.273,-0.883,-0.256,0.0,13.8,61.5
1784032855.401,914,1.53,-0.744,-0.037,0.0,12.4,63.1
1784032855.401,914,1.295,-1.063,-0.296,0.0,12.4,63.1
1784032855.401,914,1.859,0.176,-0.179,0.0,16.6,70.2
1784032855.401,914,3.142,0.498,0.157,0.0,20.3,72.2
1784032855.401,914,6.4,1.227,0.597,0.0,11.9,60.4
1784032855.401,914,7.474,1.193,1.008,0.0,17.5,60.0
1784032855.401,914,7.613,0.971,1.184,0.0,14.2,60.0
1784032855.401,914,5.672,2.307,0.593,0.406,14.4,52.7
1784032855.502,915,1.277,-0.883,-0.238,0.0,14.2,61.1
1784032855.502,915,1.577,-0.638,-0.014,0.0,12.7,62.9
1784032855.502,915,1.259,-1.117,-0.252,0.0,12.7,62.9
1784032855.502,915,1.859,0.176,-0.18,0.0,16.7,70.1
1784032855.502,915,3.142,0.498,0.157,0.0,20.2,72.2
1784032855.502,915,6.396,1.227,0.644,0.0,11.6,60.6
1784032855.502,915,7.474,1.193,1.008,0.0,17.5,60.0
1784032855.502,915,7.609,0.971,1.212,0.0,14.8,59.5
1784032855.502,915,5.791,2.13,0.561,0.487,14.8,51.3
1784032855.605,916,1.273,-0.883,-0.255,0.0,14.0,61.3
1784032855.605,916,1.554,-0.691,-0.033,0.0,12.6,62.9
1784032855.605,916,1.266,-1.117,-0.216,0.0,12.6,62.9
1784032855.605,916,1.859,0.176,-0.181,0.0,16.7,70.1
1784032855.605,916,3.142,0.498,0.156,0.0,20.4,72.1
1784032855.605,916,6.393,1.227,0.675,0.0,11.8,60.5
1784032855.605,916,7.479,1.193,0.97,0.0,16.8,60.7
1784032855.605,916,7.612,0.971,1.192,0.0,14.7,59.7
1784032855.706,917,1.277,-0.883,-0.234,0.0,13.9,61.4
1784032855.706,917,1.53,-0.744,-0.024,0.0,12.7,62.9
1784032855.706,917,1.267,-1.117,-0.208,0.0,12.7,62.9
1784032855.706,917,1.859,0.176,-0.181,0.0,16.7,70.1
1784032855.706,917,3.142,0.498,0.156,0.0,20.3,72.2
1784032855.706,917,7.473,1.193,1.009,0.0,16.7,60.7
1784032855.706,917,7.621,0.971,1.134,0.0,14.7,59.9
1784032855.81,918,1.275,-0.883,-0.246,0.0,14.0,61.3
1784032855.81,918,1.577,-0.638,-0.018,0.0,12.6,63.0
1784032855.81,918,1.265,-1.117,-0.221,0.0,12.6,63.0
1784032855.81,918,1.858,0.176,-0.189,0.0,16.6,70.1
1784032855.81,918,3.142,0.498,0.158,0.0,20.3,72.2
1784032855.81,918,7.476,1.193,0.993,0.0,16.7,60.8
1784032855.81,918,7.63,0.971,1.072,0.0,14.1,60.2
1784032855.81,918,5.838,2.372,0.555,0.243,13.9,52.0
1784032855.912,919,1.277,-0.883,-0.235,0.0,14.0,61.2
1784032855.912,919,1.554,-0.691,-0.035,0.0,12.7,62.9
1784032855.912,919,1.262,-1.117,-0.238,0.0,12.7,62.9
1784032855.912,919,1.857,0.176,-0.196,0.0,16.9,69.9
1784032855.912,919,3.142,0.498,0.158,0.0,20.2,72.2
1784032855.912,919,7.477,1.193,0.984,0.0,17.3,60.2
1784032855.912,919,7.624,0.971,1.117,0.0,14.6,59.7
1784032856.014,920,1.277,-0.883,-0.237,0.0,14.6,60.7
1784032856.014,920,1.555,-0.691,-0.021,0.0,12.7,62.8
1784032856.014,920,1.264,-1.117,-0.223,0.0,12.7,62.8
1784032856.014,920,1.848,0.235,-0.22,0.0,16.7,70.1
1784032856.014,920,3.142,0.498,0.157,0.0,20.3,72.2
1784032856.014,920,7.476,1.193,0.986,0.0,17.3,60.2
1784032856.014,920,7.621,0.971,1.132,0.0,15.1,59.4
1784032856.115,921,1.275,-0.883,-0.248,0.0,13.6,61.7
1784032856.115,921,1.554,-0.691,-0.047,0.0,12.6,63.0
1784032856.115,921,1.296,-1.063,-0.29,0.0,12.6,63.0
1784032856.115,921,1.857,0.176,-0.199,0.0,16.7,70.1
1784032856.115,921,3.142,0.498,0.159,0.0,20.2,72.2
1784032856.115,921,7.469,1.193,1.042,0.0,17.1,60.4
1784032856.115,921,7.626,0.971,1.1,0.0,14.9,59.5
1784032856.216,922,1.271,-0.883,-0.266,0.0,13.9,61.4
1784032856.216,922,1.554,-0.691,-0.039,0.0,12.8,62.7
1784032856.216,922,1.267,-1.117,-0.209,0.0,12.8,62.7
1784032856.216,922,1.85,0.235,-0.209,0.0,16.5,70.2
1784032856.216,922,3.142,0.498,0.156,0.0,20.3,72.2
1784032856.216,922,7.47,1.193,1.036,0.0,16.5,60.9
1784032856.216,922,7.638,0.971,1.012,0.0,14.2,60.3
1784032856.318,923,0.524,0.142,0.165,0.0,11.3,63.7
1784032856.318,923,1.274,-0.883,-0.25,0.0,13.9,61.2
1784032856.318,923,1.555,-0.691,-0.029,0.0,13.0,62.6
1784032856.318,923,1.269,-1.117,-0.195,0.0,13.0,62.6
1784032856.318,923,1.85,0.235,-0.206,0.0,16.9,69.9
1784032856.318,923,3.142,0.498,0.157,0.0,20.3,72.2
1784032856.318,923,7.469,1.193,1.04,0.0,17.3,60.2
1784032856.318,923,7.624,0.971,1.117,0.0,15.3,59.3
1784032856.42,924,0.522,0.142,0.172,0.0,11.8,63.2
1784032856.42,924,1.276,-0.883,-0.242,0.0,13.7,61.4
1784032856.42,924,1.577,-0.638,-0.041,0.0,12.4,63.1
1784032856.42,924,1.261,-1.117,-0.241,0.0,12.4,63.1
1784032856.42,924,1.858,0.176,-0.192,0.0,16.5,70.2
1784032856.42,924,3.142,0.498,0.159,0.0,20.4,72.1
1784032856.42,924,7.48,1.193,0.959,0.0,16.8,60.7
1784032856.42,924,7.622,0.971,1.125,0.0,14.3,60.2
1784032856.522,925,0.522,0.142,0.171,0.0,11.7,63.3
1784032856.522,925,1.274,-0.883,-0.251,0.0,13.8,61.4
1784032856.522,925,1.554,-0.691,-0.034,0.0,12.5,63.0
1784032856.522,925,1.262,-1.117,-0.239,0.0,12.5,63.0
1784032856.522,925,1.849,0.235,-0.211,0.0,16.8,70.0
1784032856.522,925,3.142,0.498,0.158,0.0,20.2,72.2
1784032856.522,925,7.473,1.193,1.009,0.0,16.7,60.8
1784032856.522,925,7.614,0.971,1.179,0.0,14.2,60.3
1784032856.623,926,0.522,0.142,0.17,0.0,11.2,63.7
1784032856.623,926,1.302,-0.834,-0.277,0.0,13.8,61.5
1784032856.623,926,1.555,-0.691,-0.02,0.0,12.5,63.0
1784032856.623,926,1.271,-1.117,-0.183,0.0,12.5,63.0
1784032856.623,926,1.857,0.176,-0.197,0.0,16.6,70.2
1784032856.623,926,3.142,0.498,0.159,0.0,20.3,72.2
1784032856.623,926,7.478,1.193,0.973,0.0,16.7,60.8
1784032856.623,926,7.635,0.971,1.039,0.0,14.0,60.3
1784032856.724,927,0.522,0.142,0.172,0.0,11.3,63.7
1784032856.724,927,1.274,-0.883,-0.251,0.0,14.2,61.1
1784032856.724,927,1.554,-0.691,-0.034,0.0,12.7,62.9
1784032856.724,927,1.262,-1.117,-0.234,0.0,12.7,62.9
1784032856.724,927,1.857,0.176,-0.197,0.0,16.6,70.2
1784032856.724,927,3.142,0.498,0.159,0.0,20.3,72.2
1784032856.724,927,7.475,1.193,0.994,0.0,16.9,60.6
1784032856.724,927,7.628,0.971,1.085,0.0,14.2,60.0
1784032856.825,928,1.278,-0.883,-0.229,0.0,14.0,61.2
1784032856.825,928,1.577,-0.638,-0.03,0.0,12.5,63.0
1784032856.825,928,1.259,-1.117,-0.252,0.0,12.5,63.0
1784032856.825,928,1.849,0.235,-0.214,0.0,16.6,70.2
1784032856.825,928,3.142,0.498,0.158,0.0,20.4,72.1
1784032856.825,928,7.478,1.193,0.973,0.0,17.0,60.5
1784032856.825,928,7.629,0.971,1.079,0.0,14.1,60.1
1784032856.927,929,1.274,-0.883,-0.254,0.0,14.2,61.1
1784032856.927,929,1.554,-0.691,-0.037,0.0,12.7,62.8
1784032856.927,929,1.266,-1.117,-0.212,0.0,12.7,62.8
1784032856.927,929,1.849,0.235,-0.215,0.0,16.8,70.0
1784032856.927,929,3.142,0.498,0.159,0.0,20.2,72.3
1784032856.927,929,7.474,1.193,1.003,0.0,16.8,60.7
1784032856.927,929,7.629,0.971,1.081,0.0,14.1,60.2
1784032857.028,930,1.276,-0.883,-0.239,0.0,14.4,60.8
1784032857.028,930,1.554,-0.691,-0.041,0.0,13.1,62.4
1784032857.028,930,1.267,-1.117,-0.208,0.0,13.1,62.4
1784032857.028,930,1.857,0.176,-0.198,0.0,16.9,69.9
1784032857.028,930,3.142,0.498,0.159,0.0,20.2,72.3
1784032857.028,930,7.477,1.193,0.983,0.0,17.0,60.5
1784032857.028,930,7.64,0.971,0.995,0.0,14.3,60.0
1784032857.129,931,1.275,-0.883,-0.247,0.0,13.8,61.4
1784032857.129,931,1.554,-0.691,-0.034,0.0,12.7,62.8
1784032857.129,931,1.269,-1.117,-0.197,0.0,12.7,62.8
1784032857.129,931,1.858,0.176,-0.194,0.0,16.8,70.0
1784032857.129,931,3.142,0.498,0.158,0.0,20.3,72.2
1784032857.129,931,7.473,1.193,1.013,0.0,16.8,60.6
1784032857.129,931,7.63,0.971,1.074,0.0,14.6,59.9
1784032857.233,932,1.276,-0.883,-0.243,0.0,14.0,61.1
1784032857.233,932,1.555,-0.691,-0.023,0.0,12.8,62.7
1784032857.233,932,1.271,-1.117,-0.178,0.0,12.8,62.7
1784032857.233,932,1.849,0.235,-0.213,0.0,16.8,70.0
1784032857.233,932,3.142,0.498,0.158,0.0,20.3,72.2
1784032857.233,932,7.467,1.193,1.054,0.0,17.0,60.6
1784032857.233,932,7.631,0.971,1.063,0.0,14.1,60.3
1784032857.335,933,1.277,-0.883,-0.235,0.0,14.1,61.1
1784032857.335,933,1.577,-0.638,-0.024,0.0,12.8,62.7
1784032857.335,933,1.269,-1.117,-0.197,0.0,12.8,62.7
1784032857.335,933,1.857,0.176,-0.196,0.0,16.8,70.0
1784032857.335,933,3.142,0.498,0.157,0.0,20.2,72.2
1784032857.335,933,7.476,1.193,0.993,0.0,16.6,60.9
1784032857.335,933,7.628,0.971,1.085,0.0,14.1,60.5
1784032857.436,934,1.274,-0.883,-0.253,0.0,13.5,61.6
1784032857.436,934,1.576,-0.638,-0.055,0.0,12.6,63.0
1784032857.436,934,1.301,-1.063,-0.265,0.0,12.6,63.0
1784032857.436,934,1.857,0.176,-0.198,0.0,16.8,70.0
1784032857.436,934,3.142,0.498,0.16,0.0,20.2,72.2
1784032857.436,934,7.476,1.193,0.991,0.0,16.8,60.6
1784032857.436,934,7.636,0.971,1.032,0.0,14.5,59.9
1784032857.537,935,0.521,0.142,0.174,0.0,11.3,63.6
1784032857.537,935,1.273,-0.883,-0.256,0.0,14.2,61.1
1784032857.537,935,1.554,-0.691,-0.043,0.0,12.3,63.1
1784032857.537,935,1.268,-1.117,-0.202,0.0,12.3,63.1
1784032857.537,935,1.848,0.235,-0.22,0.0,16.4,70.4
1784032857.537,935,3.142,0.498,0.158,0.0,20.3,72.2
1784032857.537,935,6.354,1.432,0.632,0.0,11.2,61.5
1784032857.537,935,7.473,1.193,1.01,0.0,17.8,59.7
1784032857.537,935,7.649,0.971,0.923,0.0,14.4,59.8
1784032857.638,936,1.275,-0.883,-0.246,0.0,14.2,61.0
1784032857.638,936,1.554,-0.691,-0.042,0.0,13.0,62.6
1784032857.638,936,1.264,-1.117,-0.224,0.0,13.0,62.6
1784032857.638,936,1.857,0.176,-0.202,0.0,16.6,70.2
1784032857.638,936,3.142,0.498,0.158,0.0,20.4,72.1
1784032857.638,936,7.476,1.193,0.987,0.0,17.1,60.4
1784032857.638,936,7.606,0.971,1.231,0.0,14.0,60.1
1784032857.74,937,1.271,-0.883,-0.268,0.0,13.8,61.4
1784032857.74,937,1.554,-0.691,-0.035,0.0,12.5,63.0
1784032857.74,937,1.261,-1.117,-0.242,0.0,12.5,63.0
1784032857.74,937,1.848,0.235,-0.218,0.0,16.5,70.3
1784032857.74,937,3.142,0.498,0.158,0.0,20.3,72.2
1784032857.74,937,7.468,1.193,1.046,0.0,16.9,60.6
1784032857.74,937,7.63,0.971,1.072,0.0,14.6,59.7
1784032857.842,938,1.277,-0.883,-0.234,0.0,13.4,61.8
1784032857.842,938,1.555,-0.691,-0.029,0.0,12.2,63.3
1784032857.842,938,1.271,-1.117,-0.183,0.0,12.2,63.3
1784032857.842,938,1.848,0.235,-0.22,0.0,16.5,70.3
1784032857.842,938,3.142,0.498,0.158,0.0,20.3,72.2
1784032857.842,938,7.473,1.193,1.009,0.0,17.4,60.1
1784032857.842,938,7.629,0.971,1.081,0.0,15.1,59.2
1784032857.943,939,1.275,-0.883,-0.248,0.0,13.3,61.9
1784032857.943,939,1.577,-0.638,-0.04,0.0,12.7,63.0
1784032857.943,939,1.259,-1.117,-0.253,0.0,12.7,63.0
1784032857.943,939,1.857,0.176,-0.201,0.0,16.8,69.9
1784032857.943,939,3.142,0.498,0.158,0.0,20.2,72.2
1784032857.943,939,7.474,1.193,1.001,0.0,17.3,60.2
1784032857.943,939,7.628,0.971,1.088,0.0,14.3,60.2
1784032858.045,940,1.275,-0.883,-0.248,0.0,13.3,61.8
1784032858.045,940,1.554,-0.691,-0.04,0.0,12.4,63.1
1784032858.045,940,1.268,-1.117,-0.201,0.0,12.4,63.1
1784032858.045,940,1.857,0.176,-0.197,0.0,16.8,70.0
1784032858.045,940,3.142,0.498,0.158,0.0,20.3,72.1
1784032858.045,940,7.478,1.193,0.975,0.0,16.9,60.6
1784032858.045,940,7.626,0.971,1.1,0.0,14.1,60.1
1784032858.097,941,1.275,-0.883,-0.246,0.0,13.3,61.9
1784032858.097,941,1.554,-0.691,-0.033,0.0,12.7,63.0
1784032858.097,941,1.274,-1.117,-0.156,0.0,12.7,63.0
1784032858.097,941,1.857,0.176,-0.198,0.0,16.7,70.0
1784032858.097,941,3.142,0.498,0.157,0.0,20.2,72.2
1784032858.097,941,7.47,1.193,1.035,0.0,17.1,60.4
1784032858.097,941,7.62,0.971,1.142,0.0,14.9,59.6
1784032858.199,942,1.274,-0.883,-0.249,0.0,13.8,61.5
1784032858.199,942,1.529,-0.744,-0.043,0.0,12.4,63.2
1784032858.199,942,1.269,-1.117,-0.197,0.0,12.4,63.2
1784032858.199,942,1.857,0.176,-0.204,0.0,16.5,70.3
1784032858.199,942,3.142,0.498,0.156,0.0,20.2,72.2
1784032858.199,942,7.479,1.193,0.97,0.0,16.8,60.6
1784032858.199,942,7.615,0.971,1.173,0.0,14.4,60.0
1784032858.351,943,1.279,-0.883,-0.227,0.0,13.7,61.5
1784032858.351,943,1.554,-0.691,-0.044,0.0,12.4,63.1
1784032858.351,943,1.266,-1.117,-0.216,0.0,12.4,63.1
1784032858.351,943,1.849,0.235,-0.216,0.0,16.5,70.3
1784032858.351,943,3.142,0.498,0.158,0.0,20.2,72.2
1784032858.351,943,7.476,1.193,0.99,0.0,16.6,60.9
1784032858.351,943,7.618,0.971,1.152,0.0,14.1,60.2
1784032858.403,944,1.278,-0.883,-0.232,0.0,13.6,61.6
1784032858.403,944,1.555,-0.691,-0.026,0.0,12.0,63.5
1784032858.403,944,1.253,-1.117,-0.28,0.0,12.0,63.5
1784032858.403,944,1.849,0.235,-0.215,0.0,16.2,70.6
1784032858.403,944,3.142,0.498,0.159,0.0,20.4,72.1
1784032858.403,944,7.475,1.193,1.0,0.0,16.9,60.6
1784032858.403,944,7.631,0.971,1.066,0.0,14.1,59.9
1784032858.504,945,1.277,-0.883,-0.233,0.0,13.6,61.6
1784032858.504,945,1.577,-0.638,-0.026,0.0,12.5,63.1
1784032858.504,945,1.268,-1.117,-0.201,0.0,12.5,63.1
1784032858.504,945,1.857,0.176,-0.2,0.0,16.6,70.2
1784032858.504,945,3.142,0.498,0.158,0.0,20.2,72.2
1784032858.504,945,7.472,1.193,1.018,0.0,17.2,60.3
1784032858.504,945,7.643,0.971,0.977,0.0,14.2,59.6
1784032858.657,946,1.272,-0.883,-0.26,0.0,13.5,61.7
1784032858.657,946,1.555,-0.691,-0.029,0.0,12.6,63.0
1784032858.657,946,1.266,-1.117,-0.212,0.0,12.6,63.0
1784032858.657,946,1.857,0.176,-0.198,0.0,16.7,70.1
1784032858.657,946,3.142,0.498,0.157,0.0,20.3,72.2
1784032858.657,946,7.474,1.193,1.006,0.0,17.2,60.3
1784032858.657,946,7.639,0.971,1.003,0.0,13.9,59.9
1784032858.707,947,1.276,-0.883,-0.242,0.0,13.9,61.4
1784032858.707,947,1.577,-0.638,-0.04,0.0,12.7,62.8
1784032858.707,947,1.269,-1.117,-0.195,0.0,12.7,62.8
1784032858.707,947,1.849,0.235,-0.213,0.0,16.7,70.1
1784032858.707,947,3.142,0.498,0.159,0.0,20.3,72.1
1784032858.707,947,7.476,1.193,0.991,0.0,17.2,60.3
1784032858.707,947,7.632,0.971,1.056,0.0,14.1,59.6
1784032858.809,948,1.274,-0.883,-0.252,0.0,14.2,61.1
1784032858.809,948,1.577,-0.638,-0.033,0.0,13.1,62.5
1784032858.809,948,1.266,-1.117,-0.216,0.0,13.1,62.5
1784032858.809,948,1.85,0.235,-0.209,0.0,16.9,69.9
1784032858.809,948,3.142,0.498,0.157,0.0,20.1,72.3
1784032858.809,948,7.472,1.193,1.018,0.0,16.7,60.8
1784032858.809,948,7.637,0.971,1.023,0.0,13.6,60.3
1784032858.91,949,1.273,-0.883,-0.255,0.0,14.3,61.0
1784032858.91,949,1.555,-0.691,-0.025,0.0,12.7,62.8
1784032858.91,949,1.295,-1.063,-0.294,0.0,12.7,62.8
1784032858.91,949,1.858,0.176,-0.196,0.0,16.5,70.3
1784032858.91,949,3.142,0.498,0.159,0.0,20.3,72.1
1784032858.91,949,6.353,1.432,0.646,0.0,11.5,61.6
1784032858.91,949,7.474,1.193,1.007,0.0,17.2,60.3
1784032858.91,949,7.625,0.971,1.11,0.0,14.0,60.0
1784032859.013,950,1.273,-0.883,-0.254,0.0,14.0,61.1
1784032859.013,950,1.554,-0.691,-0.035,0.0,12.8,62.7
1784032859.013,950,1.263,-1.117,-0.23,0.0,12.8,62.7
1784032859.013,950,1.859,0.176,-0.183,0.0,16.8,69.9
1784032859.013,950,3.142,0.498,0.16,0.0,20.2,72.3
1784032859.013,950,7.474,1.193,1.008,0.0,17.4,60.1
1784032859.013,950,7.643,0.971,0.979,0.0,14.7,59.6
1784032859.114,951,1.275,-0.883,-0.244,0.0,13.8,61.3
1784032859.114,951,1.577,-0.638,-0.036,0.0,12.6,63.0
1784032859.114,951,1.27,-1.117,-0.189,0.0,12.6,63.0
1784032859.114,951,1.859,0.176,-0.183,0.0,16.5,70.3
1784032859.114,951,3.142,0.498,0.158,0.0,20.2,72.2
1784032859.114,951,6.377,1.227,0.809,0.0,11.3,61.4
1784032859.114,951,7.467,1.193,1.053,0.0,17.2,60.3
1784032859.114,951,7.626,0.971,1.103,0.0,14.2,60.0
1784032859.215,952,1.275,-0.883,-0.246,0.0,13.5,61.6
1784032859.215,952,1.577,-0.638,-0.043,0.0,12.5,63.1
1784032859.215,952,1.298,-1.063,-0.28,0.0,12.5,63.1
1784032859.215,952,1.859,0.176,-0.18,0.0,16.6,70.2
1784032859.215,952,3.142,0.498,0.158,0.0,20.3,72.2
1784032859.215,952,7.473,1.193,1.009,0.0,16.8,60.7
1784032859.215,952,7.623,0.971,1.12,0.0,14.9,59.8
1784032859.317,953,1.274,-0.883,-0.253,0.0,13.8,61.3
1784032859.317,953,1.555,-0.691,-0.02,0.0,12.9,62.8
1784032859.317,953,1.273,-1.117,-0.168,0.0,12.9,62.8
1784032859.317,953,1.851,0.235,-0.197,0.0,16.6,70.1
1784032859.317,953,3.142,0.498,0.156,0.0,20.4,72.1
1784032859.317,953,6.365,1.432,0.512,0.0,11.3,61.7
1784032859.317,953,7.479,1.193,0.97,0.0,17.4,60.1
1784032859.317,953,7.618,0.971,1.154,0.0,14.9,59.7
1784032859.418,954,1.274,-0.883,-0.251,0.0,14.1,61.1
1784032859.418,954,1.577,-0.638,-0.024,0.0,12.9,62.6
1784032859.418,954,1.267,-1.117,-0.208,0.0,12.9,62.6
1784032859.418,954,1.859,0.176,-0.178,0.0,16.7,70.1
1784032859.418,954,3.142,0.498,0.157,0.0,20.3,72.1
1784032859.418,954,6.354,1.432,0.637,0.0,11.4,61.6
1784032859.418,954,7.479,1.193,0.968,0.0,17.2,60.3
1784032859.418,954,7.595,1.213,1.075,0.0,14.5,60.1
1784032859.52,955,1.274,-0.883,-0.25,0.0,14.2,61.0
1784032859.52,955,1.577,-0.638,-0.041,0.0,13.1,62.5
1784032859.52,955,1.264,-1.117,-0.227,0.0,13.1,62.5
1784032859.52,955,1.859,0.176,-0.179,0.0,16.8,70.0
1784032859.52,955,3.142,0.498,0.158,0.0,20.3,72.2
1784032859.52,955,6.356,1.432,0.619,0.0,11.3,61.8
1784032859.52,955,7.472,1.193,1.023,0.0,17.3,60.1
1784032859.52,955,7.63,0.971,1.071,0.0,14.4,60.2
1784032859.621,956,0.521,0.142,0.173,0.0,11.2,63.7
1784032859.621,956,1.277,-0.883,-0.238,0.0,13.9,61.3
1784032859.621,956,1.577,-0.638,-0.039,0.0,12.6,62.9
1784032859.621,956,1.265,-1.117,-0.219,0.0,12.6,62.9
1784032859.621,956,1.859,0.176,-0.182,0.0,16.7,70.0
1784032859.621,956,3.142,0.498,0.158,0.0,20.2,72.3
1784032859.621,956,7.473,1.193,1.012,0.0,16.7,60.7
1784032859.621,956,7.623,0.971,1.123,0.0,14.0,60.5
1784032859.723,957,1.275,-0.883,-0.247,0.0,14.2,61.1
1784032859.723,957,1.554,-0.691,-0.035,0.0,12.9,62.7
1784032859.723,957,1.262,-1.117,-0.237,0.0,12.9,62.7
1784032859.723,957,1.85,0.235,-0.202,0.0,16.8,69.9
1784032859.723,957,3.142,0.498,0.158,0.0,20.3,72.2
1784032859.723,957,7.471,1.193,1.029,0.0,16.8,60.6
1784032859.723,957,7.626,0.971,1.104,0.0,13.8,60.7
1784032859.825,958,1.275,-0.883,-0.248,0.0,14.3,61.0
1784032859.825,958,1.577,-0.638,-0.038,0.0,13.0,62.6
1784032859.825,958,1.254,-1.117,-0.275,0.0,13.0,62.6
1784032859.825,958,1.859,0.176,-0.184,0.0,16.9,69.9
1784032859.825,958,3.142,0.498,0.158,0.0,20.2,72.3
1784032859.825,958,7.475,1.193,0.995,0.0,17.1,60.3
1784032859.825,958,7.635,0.971,1.037,0.0,13.8,60.6
1784032859.926,959,1.277,-0.883,-0.236,0.0,14.5,60.7
1784032859.926,959,1.554,-0.691,-0.039,0.0,13.4,62.3
1784032859.926,959,1.258,-1.117,-0.255,0.0,13.4,62.3
1784032859.926,959,1.859,0.176,-0.184,0.0,16.8,69.9
1784032859.926,959,3.142,0.498,0.157,0.0,20.2,72.2
1784032859.926,959,7.474,1.193,1.004,0.0,16.9,60.5
1784032859.926,959,7.636,0.971,1.029,0.0,13.9,60.2
1784032860.027,960,1.277,-0.883,-0.233,0.0,14.7,60.6
1784032860.027,960,1.555,-0.691,-0.024,0.0,13.2,62.5
1784032860.027,960,1.267,-1.117,-0.205,0.0,13.2,62.5
1784032860.027,960,1.85,0.235,-0.201,0.0,16.7,70.1
1784032860.027,960,3.142,0.498,0.158,0.0,20.2,72.3
1784032860.027,960,6.374,1.432,0.389,0.0,11.3,61.4
1784032860.027,960,7.473,1.193,1.01,0.0,17.2,60.2
1784032860.027,960,7.636,0.971,1.03,0.0,14.0,60.3
1784032860.129,961,0.52,0.142,0.177,0.0,11.3,63.6
1784032860.129,961,1.277,-0.883,-0.235,0.0,14.1,61.1
1784032860.129,961,1.555,-0.691,-0.028,0.0,12.7,63.0
1784032860.129,961,1.265,-1.117,-0.219,0.0,12.7,63.0
1784032860.129,961,1.858,0.176,-0.191,0.0,16.5,70.3
1784032860.129,961,3.142,0.498,0.157,0.0,20.2,72.2
1784032860.129,961,7.482,1.193,0.941,0.0,17.0,60.4
1784032860.129,961,7.633,0.971,1.05,0.0,14.7,59.9
1784032860.23,962,1.277,-0.883,-0.236,0.0,13.7,61.5
1784032860.23,962,1.529,-0.744,-0.041,0.0,12.6,63.1
1784032860.23,962,1.577,-0.638,-0.032,0.0,12.6,63.1
1784032860.23,962,1.858,0.176,-0.193,0.0,16.4,70.4
1784032860.23,962,3.142,0.498,0.159,0.0,20.3,72.2
1784032860.23,962,6.408,1.227,0.504,0.0,11.6,61.2
1784032860.23,962,7.47,1.193,1.032,0.0,17.5,60.0
1784032860.23,962,7.582,1.213,1.164,0.0,14.7,60.0
1784032860.332,963,1.273,-0.883,-0.258,0.0,13.5,61.6
1784032860.332,963,1.554,-0.691,-0.037,0.0,12.8,62.9
1784032860.332,963,1.294,-1.063,-0.298,0.0,12.8,62.9
1784032860.332,963,1.849,0.235,-0.21,0.0,16.7,70.1
1784032860.332,963,3.142,0.498,0.159,0.0,20.2,72.2
1784032860.332,963,7.463,1.193,1.081,0.0,16.6,60.9
1784032860.332,963,7.581,1.213,1.171,0.0,14.4,60.4
1784032860.434,964,1.275,-0.883,-0.248,0.0,13.6,61.6
1784032860.434,964,1.555,-0.691,-0.029,0.0,12.6,63.0
1784032860.434,964,1.27,-1.117,-0.191,0.0,12.6,63.0
1784032860.434,964,1.849,0.235,-0.214,0.0,16.7,70.1
1784032860.434,964,3.142,0.498,0.158,0.0,20.2,72.2
1784032860.434,964,7.472,1.193,1.018,0.0,16.6,60.8
1784032860.434,964,7.58,1.213,1.175,0.0,14.3,60.2
1784032860.537,965,1.275,-0.883,-0.246,0.0,14.2,61.0
1784032860.537,965,1.554,-0.691,-0.04,0.0,13.0,62.6
1784032860.537,965,1.265,-1.117,-0.22,0.0,13.0,62.6
1784032860.537,965,1.857,0.176,-0.201,0.0,16.7,70.1
1784032860.537,965,3.142,0.498,0.159,0.0,20.2,72.2
1784032860.537,965,7.475,1.193,0.994,0.0,16.9,60.6
1784032860.537,965,7.59,0.971,1.325,0.0,14.2,59.9
1784032860.638,966,1.276,-0.883,-0.242,0.0,14.3,60.9
1784032860.638,966,1.554,-0.691,-0.031,0.0,13.0,62.6
1784032860.638,966,1.267,-1.117,-0.206,0.0,13.0,62.6
1784032860.638,966,1.849,0.235,-0.215,0.0,16.9,69.9
1784032860.638,966,3.142,0.498,0.158,0.0,20.2,72.2
1784032860.638,966,7.474,1.193,1.008,0.0,16.7,60.8
1784032860.638,966,7.605,0.971,1.236,0.0,13.7,60.2
1784032860.74,967,1.278,-0.883,-0.232,0.0,14.3,60.9
1784032860.74,967,1.577,-0.638,-0.046,0.0,13.1,62.6
1784032860.74,967,1.272,-1.117,-0.173,0.0,13.1,62.6
1784032860.74,967,1.857,0.176,-0.196,0.0,16.8,70.0
1784032860.74,967,3.142,0.498,0.157,0.0,20.2,72.2
1784032860.74,967,7.468,1.193,1.048,0.0,16.8,60.6
1784032860.74,967,7.609,0.971,1.21,0.0,13.9,60.0
1784032860.841,968,1.276,-0.883,-0.241,0.0,14.3,60.9
1784032860.841,968,1.577,-0.638,-0.048,0.0,13.3,62.3
1784032860.841,968,1.254,-1.117,-0.277,0.0,13.3,62.3
1784032860.841,968,1.858,0.176,-0.19,0.0,16.9,69.9
1784032860.841,968,3.142,0.498,0.157,0.0,20.2,72.3
1784032860.841,968,7.471,1.193,1.03,0.0,16.8,60.7
1784032860.841,968,7.599,0.971,1.272,0.0,13.7,60.4
1784032860.942,969,1.276,-0.883,-0.24,0.0,14.6,60.5
1784032860.942,969,1.577,-0.638,-0.033,0.0,13.1,62.4
1784032860.942,969,1.264,-1.117,-0.227,0.0,13.1,62.4
1784032860.942,969,1.858,0.176,-0.194,0.0,16.8,70.0
1784032860.942,969,3.142,0.498,0.158,0.0,20.2,72.2
1784032860.942,969,7.468,1.193,1.051,0.0,16.6,60.8
1784032860.942,969,7.619,0.971,1.149,0.0,14.1,60.2
1784032861.044,970,1.275,-0.883,-0.248,0.0,14.0,61.1
1784032861.044,970,1.554,-0.691,-0.034,0.0,12.8,62.7
1784032861.044,970,1.265,-1.117,-0.22,0.0,12.8,62.7
1784032861.044,970,1.85,0.235,-0.206,0.0,16.8,70.0
1784032861.044,970,3.142,0.498,0.158,0.0,20.1,72.3
1784032861.044,970,7.468,1.193,1.045,0.0,16.8,60.6
1784032861.044,970,7.613,0.971,1.189,0.0,14.3,60.1
1784032861.094,971,1.275,-0.883,-0.244,0.0,13.7,61.5
1784032861.094,971,1.554,-0.691,-0.035,0.0,12.7,62.8
1784032861.094,971,1.275,-1.117,-0.148,0.0,12.7,62.8
1784032861.094,971,1.858,0.176,-0.194,0.0,16.8,69.9
1784032861.094,971,3.142,0.498,0.157,0.0,20.2,72.2
1784032861.094,971,6.364,1.432,0.523,0.0,11.6,61.6
1784032861.094,971,7.47,1.193,1.034,0.0,16.8,60.5
1784032861.094,971,7.6,0.971,1.269,0.0,14.1,60.3
1784032861.247,972,1.273,-0.883,-0.255,0.0,13.9,61.3
1784032861.247,972,1.849,0.235,-0.214,0.0,16.7,70.1
1784032861.247,972,3.142,0.498,0.157,0.0,20.4,72.0
1784032861.247,972,7.47,1.193,1.032,0.0,16.9,60.6
1784032861.247,972,7.608,0.971,1.22,0.0,13.8,60.3
1784032861.348,973,1.275,-0.883,-0.248,0.0,13.9,61.2
1784032861.348,973,1.577,-0.638,-0.042,0.0,12.4,63.0
1784032861.348,973,1.277,-1.117,-0.133,0.0,12.4,63.0
1784032861.348,973,1.857,0.176,-0.201,0.0,16.5,70.2
1784032861.348,973,3.142,0.498,0.159,0.0,20.5,72.0
1784032861.348,973,7.502,0.954,1.053,0.0,16.8,60.6
1784032861.348,973,7.62,0.971,1.141,0.0,13.7,60.1
1784032861.4,974,1.277,-0.883,-0.237,0.0,14.1,61.1
1784032861.4,974,1.577,-0.638,-0.048,0.0,12.7,62.8
1784032861.4,974,1.31,-1.063,-0.217,0.0,12.7,62.8
1784032861.4,974,1.858,0.176,-0.192,0.0,16.6,70.1
1784032861.4,974,3.142,0.498,0.16,0.0,20.6,71.9
1784032861.4,974,7.468,1.193,1.049,0.0,17.2,60.1
1784032861.4,974,7.613,0.971,1.185,0.0,13.7,60.4
1784032861.502,975,1.274,-0.883,-0.253,0.0,14.0,61.2
1784032861.502,975,1.554,-0.691,-0.057,0.0,12.4,63.0
1784032861.502,975,1.282,-1.117,-0.065,0.0,12.4,63.0
1784032861.502,975,1.849,0.235,-0.211,0.0,16.5,70.3
1784032861.502,975,3.142,0.498,0.16,0.0,20.3,72.1
1784032861.502,975,7.472,1.193,1.016,0.0,17.2,60.5
1784032861.502,975,7.622,0.971,1.125,0.0,13.8,60.3
1784032861.659,976,0.517,0.142,0.185,0.0,11.7,63.0
1784032861.659,976,1.276,-0.883,-0.241,0.0,13.7,61.3
1784032861.659,976,1.577,-0.638,-0.042,0.0,12.6,62.8
1784032861.659,976,1.279,-1.117,-0.117,0.0,12.6,62.8
1784032861.659,976,1.857,0.176,-0.204,0.0,16.7,70.1
1784032861.659,976,3.142,0.498,0.157,0.0,20.6,71.8
1784032861.659,976,6.392,1.227,0.685,0.0,11.7,61.5
1784032861.659,976,7.476,1.193,0.99,0.0,17.0,60.3
1784032861.659,976,7.611,0.971,1.197,0.0,14.2,59.8
1784032861.711,977,1.275,-0.883,-0.247,0.0,13.8,61.2
1784032861.711,977,1.576,-0.638,-0.061,0.0,12.7,62.7
1784032861.711,977,1.281,-1.117,-0.091,0.0,12.7,62.7
1784032861.711,977,1.857,0.176,-0.196,0.0,16.7,70.1
1784032861.711,977,3.142,0.498,0.158,0.0,20.5,72.0
1784032861.711,977,7.465,1.193,1.071,0.0,16.5,60.8
1784032861.711,977,7.604,0.971,1.242,0.0,13.8,60.3
1784032861.812,978,1.273,-0.883,-0.257,0.0,14.2,60.9
1784032861.812,978,1.554,-0.691,-0.059,0.0,12.6,62.9
1784032861.812,978,1.275,-1.117,-0.149,0.0,12.6,62.9
1784032861.812,978,1.858,0.176,-0.194,0.0,16.6,70.1
1784032861.812,978,3.142,0.498,0.157,0.0,20.3,72.2
1784032861.812,978,7.458,1.193,1.117,0.0,17.1,60.5
1784032861.812,978,7.61,0.971,1.203,0.0,13.9,60.3
1784032861.912,979,1.274,-0.883,-0.253,0.0,14.3,60.7
1784032861.912,979,1.554,-0.691,-0.062,0.0,12.8,62.6
1784032861.912,979,1.28,-1.117,-0.099,0.0,12.8,62.6
1784032861.912,979,1.857,0.176,-0.201,0.0,16.8,70.0
1784032861.912,979,3.142,0.498,0.158,0.0,20.4,72.0
1784032861.912,979,7.468,1.193,1.047,0.0,17.2,60.4
1784032861.912,979,7.604,0.971,1.241,0.0,13.7,60.3
1784032862.015,980,1.269,-0.883,-0.277,0.0,14.2,61.0
1784032862.015,980,1.554,-0.691,-0.058,0.0,12.1,63.1
1784032862.015,980,1.281,-1.117,-0.081,0.0,12.1,63.1
1784032862.015,980,1.849,0.235,-0.217,0.0,16.4,70.4
1784032862.015,980,3.142,0.498,0.159,0.0,20.4,72.0
1784032862.015,980,6.36,1.432,0.578,0.0,11.3,61.7
1784032862.015,980,7.465,1.193,1.073,0.0,17.1,60.5
1784032862.015,980,7.62,0.971,1.144,0.0,14.2,60.0
1784032862.116,981,1.277,-0.883,-0.236,0.0,13.8,61.4
1784032862.116,981,1.554,-0.691,-0.057,0.0,12.8,62.6
1784032862.116,981,1.281,-1.117,-0.088,0.0,12.8,62.6
1784032862.116,981,1.849,0.235,-0.21,0.0,16.6,70.2
1784032862.116,981,3.142,0.498,0.16,0.0,20.2,72.2
1784032862.116,981,7.469,1.193,1.04,0.0,16.8,60.7
1784032862.116,981,7.618,0.971,1.153,0.0,14.2,60.2
1784032862.218,982,1.276,-0.883,-0.24,0.0,14.7,60.5
1784032862.218,982,1.529,-0.744,-0.058,0.0,12.8,62.6
1784032862.218,982,1.275,-1.117,-0.151,0.0,12.8,62.6
1784032862.218,982,1.857,0.176,-0.197,0.0,16.5,70.3
1784032862.218,982,3.142,0.498,0.158,0.0,20.4,72.0
1784032862.218,982,7.505,0.954,1.031,0.0,16.7,60.8
1784032862.218,982,7.584,1.213,1.151,0.0,14.5,60.0
1784032862.32,983,1.278,-0.883,-0.23,0.0,14.3,60.8
1784032862.32,983,1.554,-0.691,-0.037,0.0,12.9,62.4
1784032862.32,983,1.283,-1.117,-0.052,0.0,12.9,62.4
1784032862.32,983,1.857,0.176,-0.197,0.0,16.7,70.1
1784032862.32,983,3.142,0.498,0.161,0.0,20.4,72.0
1784032862.32,983,7.464,1.193,1.077,0.0,16.8,60.6
1784032862.32,983,7.614,0.971,1.178,0.0,14.7,59.9
1784032862.427,984,1.272,-0.883,-0.264,0.0,14.5,60.8
1784032862.427,984,1.554,-0.691,-0.049,0.0,13.0,62.4
1784032862.427,984,1.277,-1.117,-0.132,0.0,13.0,62.4
1784032862.427,984,1.85,0.235,-0.209,0.0,17.0,69.8
1784032862.427,984,3.142,0.498,0.158,0.0,20.4,72.1
1784032862.427,984,6.379,1.227,0.79,0.0,11.6,61.7
1784032862.427,984,7.47,1.193,1.036,0.0,16.4,60.9
1784032862.427,984,7.612,0.971,1.196,0.0,15.4,59.3
1784032862.53,985,1.275,-0.883,-0.245,0.0,15.0,60.2
1784032862.53,985,1.577,-0.638,-0.048,0.0,13.0,62.4
1784032862.53,985,1.281,-1.117,-0.088,0.0,13.0,62.4
1784032862.53,985,1.858,0.176,-0.194,0.0,16.5,70.2
1784032862.53,985,3.142,0.498,0.157,0.0,20.5,72.0
1784032862.53,985,7.468,1.193,1.049,0.0,16.9,60.5
1784032862.53,985,7.561,1.213,1.292,0.0,14.6,60.0
1784032862.63,986,1.269,-0.883,-0.278,0.0,14.3,60.9
1784032862.63,986,1.554,-0.691,-0.038,0.0,12.5,62.8
1784032862.63,986,1.283,-1.117,-0.044,0.0,12.5,62.8
1784032862.63,986,1.849,0.235,-0.216,0.0,16.6,70.2
1784032862.63,986,3.142,0.498,0.159,0.0,20.5,72.0
1784032862.63,986,7.468,1.193,1.05,0.0,16.7,60.6
1784032862.63,986,7.598,0.971,1.28,0.0,14.3,60.3
1784032862.732,987,1.271,-0.883,-0.265,0.0,14.1,61.0
1784032862.732,987,1.576,-0.638,-0.062,0.0,12.7,62.8
1784032862.732,987,1.275,-1.117,-0.154,0.0,12.7,62.8
1784032862.732,987,1.857,0.176,-0.197,0.0,16.6,70.2
1784032862.732,987,3.142,0.498,0.157,0.0,20.4,72.1
1784032862.732,987,7.471,1.193,1.028,0.0,16.9,60.4
1784032862.732,987,7.566,1.213,1.264,0.0,14.4,60.2
1784032862.836,988,1.273,-0.883,-0.255,0.0,14.1,61.0
1784032862.836,988,1.577,-0.638,-0.048,0.0,12.8,62.6
1784032862.836,988,1.28,-1.117,-0.098,0.0,12.8,62.6
1784032862.836,988,1.857,0.176,-0.202,0.0,16.7,70.1
1784032862.836,988,3.142,0.498,0.159,0.0,20.6,71.8
1784032862.836,988,7.469,1.193,1.044,0.0,17.0,60.3
1784032862.836,988,7.567,1.213,1.253,0.0,14.6,60.0
1784032862.938,989,1.274,-0.883,-0.249,0.0,13.8,61.3
1784032862.938,989,1.554,-0.691,-0.048,0.0,12.5,63.0
1784032862.938,989,1.28,-1.117,-0.098,0.0,12.5,63.0
1784032862.938,989,1.857,0.176,-0.201,0.0,16.6,70.1
1784032862.938,989,3.142,0.498,0.158,0.0,20.4,72.0
1784032862.938,989,7.474,1.193,1.005,0.0,16.8,60.4
1784032862.938,989,7.561,1.213,1.289,0.0,14.2,60.5
1784032863.042,990,1.276,-0.883,-0.241,0.0,14.1,61.1
1784032863.042,990,1.576,-0.638,-0.058,0.0,12.2,63.2
1784032863.042,990,1.279,-1.117,-0.107,0.0,12.2,63.2
1784032863.042,990,1.857,0.176,-0.196,0.0,16.5,70.3
1784032863.042,990,3.142,0.498,0.159,0.0,20.4,72.0
1784032863.042,990,6.351,1.432,0.665,0.0,11.3,61.6
1784032863.042,990,7.472,1.193,1.017,0.0,16.8,60.4
1784032863.042,990,7.563,1.213,1.281,0.0,14.4,60.3
1784032863.143,991,1.27,-0.883,-0.269,0.0,14.2,60.9
1784032863.143,991,1.576,-0.638,-0.06,0.0,12.2,63.0
1784032863.143,991,1.281,-1.117,-0.08,0.0,12.2,63.0
1784032863.143,991,1.857,0.176,-0.199,0.0,16.5,70.3
1784032863.143,991,3.142,0.498,0.157,0.0,20.6,71.9
1784032863.143,991,7.467,1.193,1.054,0.0,16.7,60.6
1784032863.143,991,7.609,0.971,1.214,0.0,14.8,59.9
1784032863.244,992,1.277,-0.883,-0.238,0.0,14.2,60.8
1784032863.244,992,1.529,-0.744,-0.064,0.0,12.6,62.8
1784032863.244,992,1.281,-1.117,-0.081,0.0,12.6,62.8
1784032863.244,992,1.848,0.235,-0.22,0.0,16.6,70.2
1784032863.244,992,3.142,0.498,0.159,0.0,20.4,72.0
1784032863.244,992,7.497,0.954,1.087,0.0,17.3,60.1
1784032863.244,992,7.585,1.213,1.139,0.0,15.2,59.6
1784032863.346,993,1.273,-0.883,-0.254,0.0,14.6,60.6
1784032863.346,993,1.554,-0.691,-0.054,0.0,12.7,62.6
1784032863.346,993,1.281,-1.117,-0.093,0.0,12.7,62.6
1784032863.346,993,1.857,0.176,-0.197,0.0,16.7,70.1
1784032863.346,993,3.142,0.498,0.158,0.0,20.5,72.0
1784032863.346,993,7.463,1.193,1.08,0.0,16.9,60.6
1784032863.346,993,7.615,0.971,1.174,0.0,14.4,60.2
1784032863.447,994,1.276,-0.883,-0.243,0.0,14.2,60.9
1784032863.447,994,1.577,-0.638,-0.046,0.0,12.9,62.4
1784032863.447,994,1.282,-1.117,-0.064,0.0,12.9,62.4
1784032863.447,994,1.857,0.176,-0.204,0.0,16.7,70.1
1784032863.447,994,3.142,0.498,0.156,0.0,20.5,72.0
1784032863.447,994,7.462,1.193,1.088,0.0,17.2,60.4
1784032863.447,994,7.582,1.213,1.163,0.0,14.6,60.0
1784032863.5,995,1.273,-0.883,-0.258,0.0,14.2,60.9
1784032863.5,995,1.577,-0.638,-0.043,0.0,12.7,62.7
1784032863.5,995,1.279,-1.117,-0.116,0.0,12.7,62.7
1784032863.5,995,1.848,0.235,-0.226,0.0,16.5,70.3
1784032863.5,995,3.142,0.498,0.16,0.0,20.5,71.9
1784032863.5,995,6.357,1.432,0.607,0.0,11.7,61.6
1784032863.5,995,7.502,0.954,1.047,0.0,17.3,60.2
1784032863.5,995,7.58,1.213,1.173,0.0,14.9,59.8
1784032863.604,996,1.271,-0.883,-0.267,0.0,14.3,60.9
1784032863.604,996,1.849,0.235,-0.214,0.0,16.4,70.3
1784032863.604,996,3.142,0.498,0.158,0.0,20.6,71.9
1784032863.604,996,7.471,1.193,1.023,0.0,17.4,60.0
1784032863.604,996,7.596,1.213,1.064,0.0,15.1,59.6
1784032863.706,997,1.275,-0.883,-0.245,0.0,13.8,61.2
1784032863.706,997,1.577,-0.638,-0.034,0.0,12.3,63.1
1784032863.706,997,1.283,-1.117,-0.033,0.0,12.3,63.1
1784032863.706,997,1.848,0.235,-0.22,0.0,16.5,70.3
1784032863.706,997,3.142,0.498,0.158,0.0,20.4,72.0
1784032863.706,997,6.403,1.227,0.569,0.0,11.7,61.6
1784032863.706,997,7.498,0.954,1.079,0.0,17.0,60.4
1784032863.706,997,7.576,1.213,1.198,0.0,14.5,60.1
1784032863.807,998,1.277,-0.883,-0.238,0.0,14.4,60.7
1784032863.807,998,1.555,-0.691,-0.029,0.0,12.7,62.6
1784032863.807,998,1.282,-1.117,-0.075,0.0,12.7,62.6
1784032863.807,998,1.848,0.235,-0.219,0.0,16.6,70.1
1784032863.807,998,3.142,0.498,0.161,0.0,20.6,71.9
1784032863.807,998,7.474,1.193,1.008,0.0,16.9,60.8
1784032863.807,998,7.618,0.971,1.153,0.0,14.2,60.1
1784032863.908,999,1.276,-0.883,-0.243,0.0,15.0,60.0
1784032863.908,999,1.529,-0.744,-0.051,0.0,13.1,62.3
1784032863.908,999,1.282,-1.117,-0.071,0.0,13.1,62.3
1784032863.908,999,1.847,0.235,-0.226,0.0,16.6,70.2
1784032863.908,999,3.142,0.498,0.159,0.0,20.5,72.0
1784032863.908,999,7.498,0.954,1.08,0.0,17.0,60.5
1784032863.908,999,7.583,1.213,1.152,0.0,14.5,59.9
1784032864.01,1000,1.274,-0.883,-0.253,0.0,14.2,60.8
1784032864.01,1000,1.555,-0.691,-0.018,0.0,12.7,62.6
1784032864.01,1000,1.281,-1.117,-0.083,0.0,12.7,62.6
1784032864.01,1000,1.848,0.235,-0.225,0.0,16.5,70.3
1784032864.01,1000,3.142,0.498,0.158,0.0,20.4,72.0
1784032864.01,1000,7.472,1.193,1.017,0.0,16.8,60.6
1784032864.01,1000,7.595,1.213,1.077,0.0,14.2,60.2
1784032864.113,1001,1.281,-0.883,-0.213,0.0,14.0,61.0
1784032864.113,1001,1.555,-0.691,-0.002,0.0,12.5,63.0
1784032864.113,1001,1.27,-1.117,-0.185,0.0,12.5,63.0
1784032864.113,1001,1.848,0.235,-0.22,0.0,16.5,70.2
1784032864.113,1001,3.142,0.498,0.159,0.0,20.4,72.1
1784032864.113,1001,7.472,1.193,1.02,0.0,17.1,60.5
1784032864.113,1001,7.613,0.971,1.19,0.0,13.8,60.3
1784032864.214,1002,1.282,-0.883,-0.208,0.0,14.4,60.6
1784032864.214,1002,1.554,-0.691,-0.03,0.0,12.9,62.6
1784032864.214,1002,1.275,-1.117,-0.15,0.0,12.9,62.6
1784032864.214,1002,1.849,0.235,-0.215,0.0,16.5,70.3
1784032864.214,1002,3.142,0.498,0.159,0.0,20.4,72.0
1784032864.214,1002,7.476,1.193,0.991,0.0,16.7,60.9
1784032864.214,1002,7.612,0.971,1.196,0.0,14.0,60.3
1784032864.316,1003,1.278,-0.883,-0.232,0.0,13.8,61.4
1784032864.316,1003,1.555,-0.691,-0.007,0.0,12.4,63.0
1784032864.316,1003,1.266,-1.117,-0.213,0.0,12.4,63.0
1784032864.316,1003,1.848,0.235,-0.223,0.0,16.5,70.3
1784032864.316,1003,3.142,0.498,0.158,0.0,20.7,71.7
1784032864.316,1003,7.469,1.193,1.039,0.0,17.3,60.4
1784032864.316,1003,7.618,0.971,1.152,0.0,13.8,60.5
1784032864.417,1004,1.277,-0.883,-0.237,0.0,13.8,61.3
1784032864.417,1004,1.555,-0.691,-0.016,0.0,13.0,62.6
1784032864.417,1004,1.262,-1.117,-0.236,0.0,13.0,62.6
1784032864.417,1004,1.848,0.235,-0.223,0.0,16.7,70.1
1784032864.417,1004,3.142,0.498,0.16,0.0,20.6,71.9
1784032864.417,1004,7.477,1.193,0.984,0.0,17.4,60.3
1784032864.417,1004,7.627,0.971,1.09,0.0,14.5,59.7
1784032864.519,1005,1.284,-0.883,-0.192,0.0,14.5,60.7
1784032864.519,1005,1.555,-0.691,-0.015,0.0,13.0,62.4
1784032864.519,1005,1.263,-1.117,-0.232,0.0,13.0,62.4
1784032864.519,1005,1.848,0.235,-0.222,0.0,16.8,69.9
1784032864.519,1005,3.142,0.498,0.158,0.0,20.6,71.8
1784032864.519,1005,7.487,1.193,0.9,0.0,16.9,60.8
1784032864.519,1005,7.62,0.971,1.143,0.0,14.1,60.0
1784032864.62,1006,1.279,-0.883,-0.227,0.0,14.4,60.7
1784032864.62,1006,1.555,-0.691,-0.007,0.0,12.8,62.7
1784032864.62,1006,1.265,-1.117,-0.219,0.0,12.8,62.7
1784032864.62,1006,1.848,0.235,-0.223,0.0,16.5,70.3
1784032864.62,1006,3.142,0.498,0.157,0.0,20.5,72.0
1784032864.62,1006,7.485,1.193,0.918,0.0,16.9,60.8
1784032864.62,1006,7.627,0.971,1.09,0.0,14.1,60.0
1784032864.722,1007,1.278,-0.883,-0.233,0.0,13.9,61.3
1784032864.722,1007,1.555,-0.691,0.008,0.0,12.3,63.1
1784032864.722,1007,1.254,-1.117,-0.274,0.0,12.3,63.1
1784032864.722,1007,1.848,0.235,-0.226,0.0,16.4,70.4
1784032864.722,1007,3.142,0.498,0.158,0.0,20.5,72.0
1784032864.722,1007,7.474,1.193,1.007,0.0,16.7,60.8
1784032864.722,1007,7.631,0.971,1.068,0.0,14.1,60.1
1784032864.824,1008,1.278,-0.883,-0.232,0.0,13.8,61.3
1784032864.824,1008,1.555,-0.691,-0.004,0.0,12.7,62.8
1784032864.824,1008,1.248,-1.117,-0.3,0.0,12.7,62.8
1784032864.824,1008,1.848,0.235,-0.22,0.0,16.5,70.3
1784032864.824,1008,3.142,0.498,0.159,0.0,20.4,72.0
1784032864.824,1008,7.473,1.193,1.009,0.0,17.0,60.7
1784032864.824,1008,7.619,0.971,1.15,0.0,14.0,60.3
1784032864.926,1009,1.281,-0.883,-0.214,0.0,14.7,60.4
1784032864.926,1009,1.555,-0.691,-0.021,0.0,13.1,62.5
1784032864.926,1009,1.253,-1.117,-0.279,0.0,13.1,62.5
1784032864.926,1009,1.848,0.235,-0.219,0.0,16.7,70.1
1784032864.926,1009,3.142,0.498,0.159,0.0,20.4,72.0
1784032864.926,1009,7.47,1.193,1.031,0.0,17.2,60.4
1784032864.926,1009,7.627,0.971,1.092,0.0,14.2,60.1
1784032865.028,1010,1.281,-0.883,-0.213,0.0,13.9,61.0
1784032865.028,1010,1.555,-0.691,-0.001,0.0,12.5,62.9
1784032865.028,1010,1.242,-1.117,-0.323,0.0,12.5,62.9
1784032865.028,1010,1.848,0.235,-0.222,0.0,16.4,70.4
1784032865.028,1010,3.142,0.498,0.16,0.0,20.5,72.0
1784032865.028,1010,7.461,1.193,1.097,0.0,17.2,60.3
1784032865.028,1010,7.639,0.971,1.009,0.0,13.8,60.0
1784032865.13,1011,1.278,-0.883,-0.229,0.0,14.5,60.5
1784032865.13,1011,1.555,-0.691,0.001,0.0,12.7,62.9
1784032865.13,1011,1.252,-1.117,-0.285,0.0,12.7,62.9
1784032865.13,1011,1.848,0.235,-0.222,0.0,16.4,70.3
1784032865.13,1011,3.142,0.498,0.16,0.0,20.5,71.9
1784032865.13,1011,7.466,1.193,1.065,0.0,17.6,60.0
1784032865.13,1011,7.582,0.971,1.371,0.0,14.1,59.9
1784032865.232,1012,1.278,-0.883,-0.229,0.0,14.2,61.0
1784032865.232,1012,1.555,-0.691,-0.001,0.0,12.7,62.8
1784032865.232,1012,1.244,-1.117,-0.318,0.0,12.7,62.8
1784032865.232,1012,1.848,0.235,-0.225,0.0,16.3,70.4
1784032865.232,1012,3.142,0.498,0.158,0.0,20.5,72.0
1784032865.232,1012,7.475,1.193,0.997,0.0,17.1,60.5
1784032865.232,1012,7.6,0.971,1.27,0.0,13.6,60.2
1784032865.335,1013,1.277,-0.883,-0.238,0.0,14.0,61.1
1784032865.335,1013,1.555,-0.691,0.009,0.0,12.7,62.8
1784032865.335,1013,1.235,-1.17,0.051,0.0,12.7,62.8
1784032865.335,1013,1.847,0.235,-0.232,0.0,16.5,70.3
1784032865.335,1013,3.142,0.498,0.157,0.0,20.5,72.0
1784032865.335,1013,7.469,1.193,1.041,0.0,17.1,60.4
1784032865.335,1013,7.592,0.971,1.314,0.0,13.4,60.5
1784032865.437,1014,1.282,-0.883,-0.206,0.0,14.1,61.0
1784032865.437,1014,1.555,-0.691,-0.016,0.0,12.6,63.0
1784032865.437,1014,1.244,-1.117,-0.318,0.0,12.6,63.0
1784032865.437,1014,1.849,0.235,-0.215,0.0,16.3,70.4
1784032865.437,1014,3.142,0.498,0.161,0.0,20.4,72.0
1784032865.437,1014,7.474,1.193,1.006,0.0,16.6,60.8
1784032865.437,1014,7.595,0.971,1.296,0.0,13.5,60.8
1784032865.539,1015,1.282,-0.883,-0.206,0.0,14.2,61.0
1784032865.539,1015,1.555,-0.691,-0.015,0.0,13.0,62.5
1784032865.539,1015,1.262,-1.117,-0.238,0.0,13.0,62.5
1784032865.539,1015,1.849,0.235,-0.212,0.0,16.7,70.1
1784032865.539,1015,3.142,0.498,0.159,0.0,20.5,72.0
1784032865.539,1015,7.475,1.193,0.995,0.0,17.2,60.3
1784032865.539,1015,7.599,0.971,1.275,0.0,14.5,59.9
1784032865.639,1016,1.281,-0.883,-0.213,0.0,14.8,60.3
1784032865.639,1016,1.555,-0.691,-0.01,0.0,13.5,62.0
1784032865.639,1016,1.235,-1.17,-0.039,0.0,13.5,62.0
1784032865.639,1016,1.849,0.235,-0.214,0.0,16.7,70.1
1784032865.639,1016,3.142,0.498,0.158,0.0,20.4,72.0
1784032865.639,1016,7.474,1.193,1.002,0.0,17.0,60.6
1784032865.639,1016,7.598,0.971,1.277,0.0,14.2,60.2
1784032865.741,1017,1.282,-0.883,-0.206,0.0,14.6,60.4
1784032865.741,1017,1.555,-0.691,-0.015,0.0,13.2,62.3
1784032865.741,1017,1.251,-1.117,-0.29,0.0,13.2,62.3
1784032865.741,1017,1.849,0.235,-0.211,0.0,16.7,70.1
1784032865.741,1017,3.142,0.498,0.16,0.0,20.5,72.0
1784032865.741,1017,7.47,1.193,1.031,0.0,17.5,60.0
1784032865.741,1017,7.609,0.971,1.213,0.0,14.7,59.8
1784032865.842,1018,1.28,-0.883,-0.22,0.0,15.0,60.1
1784032865.842,1018,1.555,-0.691,0.007,0.0,13.6,61.9
1784032865.842,1018,1.253,-1.117,-0.279,0.0,13.6,61.9
1784032865.842,1018,1.849,0.235,-0.213,0.0,16.8,70.0
1784032865.842,1018,3.142,0.498,0.16,0.0,20.5,71.9
1784032865.842,1018,7.474,1.193,1.007,0.0,16.8,60.7
1784032865.842,1018,7.58,1.213,1.172,0.0,14.2,60.2
1784032865.894,1019,1.28,-0.883,-0.218,0.0,14.3,60.7
1784032865.894,1019,1.555,-0.691,-0.01,0.0,12.7,62.8
1784032865.894,1019,1.235,-1.17,-0.046,0.0,12.7,62.8
1784032865.894,1019,1.848,0.235,-0.223,0.0,16.5,70.3
1784032865.894,1019,3.142,0.498,0.161,0.0,20.5,72.0
1784032865.894,1019,7.469,1.193,1.04,0.0,16.9,60.5
1784032865.894,1019,7.591,0.971,1.321,0.0,14.5,59.9
1784032866.045,1020,1.278,-0.883,-0.23,0.0,14.2,60.9
1784032866.045,1020,1.555,-0.691,-0.006,0.0,12.9,62.6
1784032866.045,1020,1.255,-1.117,-0.273,0.0,12.9,62.6
1784032866.045,1020,1.848,0.235,-0.224,0.0,16.6,70.2
1784032866.045,1020,3.142,0.498,0.16,0.0,20.5,72.0
1784032866.045,1020,7.471,1.193,1.027,0.0,16.7,60.8
1784032866.045,1020,7.599,0.971,1.275,0.0,14.2,60.3
1784032866.147,1021,1.274,-0.883,-0.25,0.0,14.4,60.6
1784032866.147,1021,1.555,-0.691,-0.011,0.0,13.0,62.5
1784032866.147,1021,1.255,-1.117,-0.271,0.0,13.0,62.5
1784032866.147,1021,1.847,0.235,-0.231,0.0,16.7,70.1
1784032866.147,1021,3.142,0.498,0.159,0.0,20.4,72.0
1784032866.147,1021,7.468,1.193,1.048,0.0,16.8,60.7
1784032866.147,1021,7.587,0.971,1.343,0.0,14.4,60.1
1784032866.199,1022,1.275,-0.883,-0.246,0.0,14.7,60.5
1784032866.199,1022,1.555,-0.691,0.002,0.0,13.0,62.5
1784032866.199,1022,1.256,-1.117,-0.268,0.0,13.0,62.5
1784032866.199,1022,1.847,0.235,-0.228,0.0,16.7,70.1
1784032866.199,1022,3.142,0.498,0.16,0.0,20.4,72.0
1784032866.199,1022,7.469,1.193,1.038,0.0,16.9,60.6
1784032866.199,1022,7.596,0.971,1.29,0.0,13.9,60.5
1784032866.3,1023,1.277,-0.883,-0.237,0.0,15.1,60.0
1784032866.3,1023,1.555,-0.691,-0.004,0.0,13.4,62.2
1784032866.3,1023,1.252,-1.117,-0.283,0.0,13.4,62.2
1784032866.3,1023,1.848,0.235,-0.225,0.0,16.6,70.1
1784032866.3,1023,3.142,0.498,0.16,0.0,20.5,72.0
1784032866.3,1023,7.469,1.193,1.045,0.0,17.0,60.5
1784032866.3,1023,7.577,0.971,1.401,0.0,14.2,60.2
1784032866.453,1024,1.28,-0.883,-0.216,0.0,14.8,60.2
1784032866.453,1024,1.555,-0.691,0.003,0.0,13.3,62.2
1784032866.453,1024,1.257,-1.117,-0.261,0.0,13.3,62.2
1784032866.453,1024,1.848,0.235,-0.223,0.0,16.7,70.1
1784032866.453,1024,3.142,0.498,0.158,0.0,20.5,72.0
1784032866.453,1024,7.47,1.193,1.034,0.0,17.2,60.4
1784032866.453,1024,7.587,0.971,1.342,0.0,14.2,60.2
1784032866.504,1025,1.283,-0.883,-0.2,0.0,14.9,60.2
1784032866.504,1025,1.555,-0.691,0.005,0.0,13.4,62.2
1784032866.504,1025,1.255,-1.117,-0.273,0.0,13.4,62.2
1784032866.504,1025,1.848,0.235,-0.221,0.0,16.7,70.1
1784032866.504,1025,3.142,0.498,0.16,0.0,20.5,72.0
1784032866.504,1025,7.468,1.193,1.051,0.0,16.9,60.6
1784032866.504,1025,7.574,1.213,1.215,0.0,14.0,60.4
1784032866.605,1026,1.285,-0.883,-0.188,0.0,14.4,60.5
1784032866.605,1026,1.555,-0.691,-0.015,0.0,12.9,62.6
1784032866.605,1026,1.253,-1.117,-0.28,0.0,12.9,62.6
1784032866.605,1026,1.848,0.235,-0.222,0.0,16.5,70.3
1784032866.605,1026,3.142,0.498,0.161,0.0,20.5,72.0
1784032866.605,1026,7.473,1.193,1.01,0.0,16.8,60.7
1784032866.605,1026,7.582,0.971,1.369,0.0,13.8,60.6
1784032866.707,1027,1.284,-0.883,-0.196,0.0,15.0,60.1
1784032866.707,1027,1.555,-0.691,-0.01,0.0,13.1,62.4
1784032866.707,1027,1.259,-1.117,-0.252,0.0,13.1,62.4
1784032866.707,1027,1.848,0.235,-0.22,0.0,16.5,70.3
1784032866.707,1027,3.142,0.498,0.16,0.0,20.5,72.0
1784032866.707,1027,7.475,1.193,1.0,0.0,17.1,60.4
1784032866.707,1027,7.564,1.213,1.272,0.0,13.8,60.3
1784032866.808,1028,1.283,-0.883,-0.203,0.0,14.6,60.3
1784032866.808,1028,1.555,-0.691,-0.006,0.0,13.0,62.5
1784032866.808,1028,1.262,-1.117,-0.234,0.0,13.0,62.5
1784032866.808,1028,1.848,0.235,-0.222,0.0,16.5,70.2
1784032866.808,1028,3.142,0.498,0.158,0.0,20.6,71.9
1784032866.808,1028,7.475,1.193,0.995,0.0,17.2,60.4
1784032866.808,1028,7.575,0.971,1.408,0.0,13.7,60.3
1784032866.911,1029,1.284,-0.883,-0.192,0.0,14.6,60.3
1784032866.911,1029,1.555,-0.691,-0.0,0.0,13.1,62.4
1784032866.911,1029,1.258,-1.117,-0.257,0.0,13.1,62.4
1784032866.911,1029,1.848,0.235,-0.223,0.0,16.6,70.2
1784032866.911,1029,3.142,0.498,0.161,0.0,20.5,72.0
1784032866.911,1029,7.479,1.193,0.969,0.0,17.0,60.6
1784032866.911,1029,7.603,0.971,1.252,0.0,13.4,60.3
1784032867.014,1030,1.283,-0.883,-0.202,0.0,14.5,60.4
1784032867.014,1030,1.555,-0.691,-0.007,0.0,13.1,62.3
1784032867.014,1030,1.257,-1.117,-0.26,0.0,13.1,62.3
1784032867.014,1030,1.848,0.235,-0.223,0.0,16.6,70.2
1784032867.014,1030,3.142,0.498,0.16,0.0,20.7,71.7
1784032867.014,1030,7.476,1.193,0.992,0.0,17.6,60.0
1784032867.014,1030,7.612,0.971,1.195,0.0,13.8,60.2
1784032867.116,1031,1.284,-0.883,-0.194,0.0,14.7,60.3
1784032867.116,1031,1.555,-0.691,-0.005,0.0,13.2,62.2
1784032867.116,1031,1.255,-1.117,-0.273,0.0,13.2,62.2
1784032867.116,1031,1.848,0.235,-0.224,0.0,16.7,70.1
1784032867.116,1031,3.142,0.498,0.157,0.0,20.5,72.0
1784032867.116,1031,7.474,1.193,1.003,0.0,17.4,60.2
1784032867.116,1031,7.611,0.971,1.198,0.0,13.7,60.3
1784032867.219,1032,1.285,-0.883,-0.189,0.0,14.5,60.5
1784032867.219,1032,1.555,-0.691,0.007,0.0,13.3,62.2
1784032867.219,1032,1.235,-1.17,-0.045,0.0,13.3,62.2
1784032867.219,1032,1.848,0.235,-0.222,0.0,16.8,70.0
1784032867.219,1032,3.142,0.498,0.158,0.0,20.6,71.9
1784032867.219,1032,6.4,1.227,0.602,0.0,11.3,60.9
1784032867.219,1032,7.475,1.193,0.999,0.0,17.0,60.6
1784032867.219,1032,7.623,0.971,1.121,0.0,13.7,60.4
1784032867.321,1033,1.283,-0.883,-0.201,0.0,14.0,61.0
1784032867.321,1033,1.555,-0.691,0.002,0.0,12.9,62.6
1784032867.321,1033,1.251,-1.117,-0.287,0.0,12.9,62.6
1784032867.321,1033,1.848,0.235,-0.223,0.0,16.7,70.1
1784032867.321,1033,3.142,0.498,0.159,0.0,20.6,71.9
1784032867.321,1033,6.396,1.227,0.641,0.0,11.3,61.5
1784032867.321,1033,7.471,1.193,1.029,0.0,16.9,60.7
1784032867.321,1033,7.618,0.971,1.154,0.0,13.6,60.4
1784032867.422,1034,1.284,-0.883,-0.192,0.0,14.2,60.8
1784032867.422,1034,1.555,-0.691,-0.001,0.0,13.1,62.4
1784032867.422,1034,1.248,-1.117,-0.301,0.0,13.1,62.4
1784032867.422,1034,1.848,0.235,-0.223,0.0,16.7,70.1
1784032867.422,1034,3.142,0.498,0.157,0.0,20.5,72.0
1784032867.422,1034,7.468,1.193,1.047,0.0,17.0,60.6
1784032867.422,1034,7.63,0.971,1.071,0.0,13.6,60.2
1784032867.525,1035,1.283,-0.883,-0.199,0.0,13.8,61.2
1784032867.525,1035,1.555,-0.691,0.007,0.0,13.0,62.5
1784032867.525,1035,1.254,-1.117,-0.277,0.0,13.0,62.5
1784032867.525,1035,1.848,0.235,-0.22,0.0,16.7,70.1
1784032867.525,1035,3.142,0.498,0.161,0.0,20.4,72.0
1784032867.525,1035,6.407,1.227,0.52,0.0,11.2,61.6
1784032867.525,1035,7.462,1.193,1.091,0.0,16.9,60.6
1784032867.525,1035,7.629,0.971,1.077,0.0,13.7,59.9
1784032867.626,1036,1.281,-0.883,-0.214,0.0,14.1,60.9
1784032867.626,1036,1.555,-0.691,0.004,0.0,12.9,62.6
1784032867.626,1036,1.261,-1.117,-0.241,0.0,12.9,62.6
1784032867.626,1036,1.848,0.235,-0.222,0.0,16.6,70.2
1784032867.626,1036,3.142,0.498,0.158,0.0,20.5,72.0
1784032867.626,1036,6.404,1.227,0.56,0.0,11.4,61.4
1784032867.626,1036,7.462,1.193,1.092,0.0,17.0,60.6
1784032867.626,1036,7.606,0.971,1.233,0.0,13.9,59.9
1784032867.727,1037,1.278,-0.883,-0.231,0.0,14.6,60.4
1784032867.727,1037,1.555,-0.691,-0.01,0.0,13.1,62.4
1784032867.727,1037,1.247,-1.117,-0.306,0.0,13.1,62.4
1784032867.727,1037,1.848,0.235,-0.223,0.0,16.4,70.3
1784032867.727,1037,3.142,0.498,0.157,0.0,20.5,72.0
1784032867.727,1037,7.463,1.193,1.084,0.0,17.0,60.5
1784032867.727,1037,7.63,0.971,1.076,0.0,13.9,59.8
1784032867.828,1038,1.278,-0.883,-0.23,0.0,14.3,60.9
1784032867.828,1038,1.555,-0.691,0.008,0.0,12.7,62.9
1784032867.828,1038,1.261,-1.117,-0.239,0.0,12.7,62.9
1784032867.828,1038,1.848,0.235,-0.222,0.0,16.5,70.2
1784032867.828,1038,3.142,0.498,0.158,0.0,20.4,72.1
1784032867.828,1038,7.465,1.193,1.071,0.0,17.3,60.2
1784032867.828,1038,7.629,0.971,1.082,0.0,13.7,60.0
1784032867.93,1039,1.278,-0.883,-0.233,0.0,14.0,61.1
1784032867.93,1039,1.555,-0.691,-0.009,0.0,12.6,62.9
1784032867.93,1039,1.266,-1.117,-0.216,0.0,12.6,62.9
1784032867.93,1039,1.848,0.235,-0.219,0.0,16.6,70.1
1784032867.93,1039,3.142,0.498,0.157,0.0,20.4,72.0
1784032867.93,1039,7.468,1.193,1.052,0.0,17.5,60.1
1784032867.93,1039,7.64,0.971,1.002,0.0,14.2,59.6
1784032868.031,1040,1.278,-0.883,-0.231,0.0,13.7,61.4
1784032868.031,1040,1.555,-0.691,-0.021,0.0,12.6,63.0
1784032868.031,1040,1.256,-1.117,-0.264,0.0,12.6,63.0
1784032868.031,1040,1.848,0.235,-0.223,0.0,16.7,70.1
1784032868.031,1040,3.142,0.498,0.156,0.0,20.5,72.0
1784032868.031,1040,7.467,1.193,1.053,0.0,17.8,59.8
1784032868.031,1040,7.63,0.971,1.073,0.0,14.0,59.6
1784032868.132,1041,1.283,-0.883,-0.199,0.0,13.6,61.4
1784032868.132,1041,1.555,-0.691,0.002,0.0,12.9,62.7
1784032868.132,1041,1.254,-1.117,-0.277,0.0,12.9,62.7
1784032868.132,1041,1.848,0.235,-0.22,0.0,16.9,69.8
1784032868.132,1041,3.142,0.498,0.157,0.0,20.5,72.0
1784032868.132,1041,7.471,1.193,1.028,0.0,17.4,60.2
1784032868.132,1041,7.631,0.971,1.068,0.0,13.8,59.9
1784032868.234,1042,1.283,-0.883,-0.199,0.0,13.7,61.3
1784032868.234,1042,1.555,-0.691,-0.008,0.0,12.7,62.9
1784032868.234,1042,1.25,-1.117,-0.291,0.0,12.7,62.9
1784032868.234,1042,1.849,0.235,-0.216,0.0,16.8,70.0
1784032868.234,1042,3.142,0.498,0.157,0.0,20.5,72.0
1784032868.234,1042,7.471,1.193,1.029,0.0,17.4,60.2
1784032868.234,1042,7.631,0.971,1.065,0.0,14.3,59.6
1784032868.335,1043,1.284,-0.883,-0.194,0.0,13.6,61.3
1784032868.335,1043,1.555,-0.691,0.009,0.0,12.8,62.7
1784032868.335,1043,1.249,-1.117,-0.299,0.0,12.8,62.7
1784032868.335,1043,1.849,0.235,-0.218,0.0,16.8,70.0
1784032868.335,1043,3.142,0.498,0.157,0.0,20.5,72.0
1784032868.335,1043,7.473,1.193,1.016,0.0,16.8,60.7
1784032868.335,1043,7.624,0.971,1.116,0.0,13.5,60.2
1784032868.438,1044,1.282,-0.883,-0.206,0.0,13.9,61.0
1784032868.438,1044,1.555,-0.691,0.006,0.0,13.0,62.5
1784032868.438,1044,1.241,-1.117,-0.329,0.0,13.0,62.5
1784032868.438,1044,1.848,0.235,-0.22,0.0,16.9,69.9
1784032868.438,1044,3.142,0.498,0.159,0.0,20.5,72.0
1784032868.438,1044,7.473,1.193,1.011,0.0,16.7,60.9
1784032868.438,1044,7.596,0.971,1.291,0.0,13.1,60.8
1784032868.538,1045,1.283,-0.883,-0.199,0.0,13.8,61.2
1784032868.538,1045,1.555,-0.691,-0.009,0.0,12.8,62.7
1784032868.538,1045,1.255,-1.117,-0.27,0.0,12.8,62.7
1784032868.538,1045,1.849,0.235,-0.217,0.0,16.7,70.1
1784032868.538,1045,3.142,0.498,0.159,0.0,20.4,72.1
1784032868.538,1045,7.475,1.193,0.995,0.0,16.8,60.8
1784032868.538,1045,7.575,1.213,1.205,0.0,14.0,60.2
1784032868.64,1046,1.281,-0.883,-0.216,0.0,14.4,60.7
1784032868.64,1046,1.555,-0.691,-0.014,0.0,12.8,62.7
1784032868.64,1046,1.248,-1.117,-0.302,0.0,12.8,62.7
1784032868.64,1046,1.849,0.235,-0.216,0.0,16.7,70.1
1784032868.64,1046,3.142,0.498,0.158,0.0,20.4,72.0
1784032868.64,1046,7.472,1.193,1.022,0.0,16.9,60.7
1784032868.64,1046,7.602,0.971,1.258,0.0,13.6,60.5
1784032868.741,1047,1.278,-0.883,-0.233,0.0,14.3,60.9
1784032868.741,1047,1.555,-0.691,-0.002,0.0,12.8,62.7
1784032868.741,1047,1.248,-1.117,-0.302,0.0,12.8,62.7
1784032868.741,1047,1.848,0.235,-0.22,0.0,16.5,70.2
1784032868.741,1047,3.142,0.498,0.158,0.0,20.6,71.9
1784032868.741,1047,7.471,1.193,1.027,0.0,16.9,60.7
1784032868.741,1047,7.594,0.971,1.305,0.0,14.3,60.3
1784032868.843,1048,1.273,-0.883,-0.257,0.0,14.4,60.9
1784032868.843,1048,1.555,-0.691,-0.014,0.0,12.8,62.7
1784032868.843,1048,1.251,-1.117,-0.29,0.0,12.8,62.7
1784032868.843,1048,1.849,0.235,-0.216,0.0,16.6,70.2
1784032868.843,1048,3.142,0.498,0.16,0.0,20.6,71.9
1784032868.843,1048,7.473,1.193,1.014,0.0,17.0,60.6
1784032868.843,1048,7.621,0.971,1.132,0.0,14.5,60.2
1784032868.894,1049,1.276,-0.883,-0.243,0.0,13.8,61.4
1784032868.894,1049,1.555,-0.691,-0.008,0.0,12.4,63.2
1784032868.894,1049,1.245,-1.117,-0.312,0.0,12.4,63.2
1784032868.894,1049,1.848,0.235,-0.22,0.0,16.5,70.4
1784032868.894,1049,3.142,0.498,0.158,0.0,20.6,71.8
1784032868.894,1049,7.473,1.193,1.009,0.0,16.9,60.7
1784032868.894,1049,7.628,0.971,1.085,0.0,13.9,60.7
1784032869.047,1050,1.281,-0.883,-0.214,0.0,13.9,61.2
1784032869.047,1050,1.555,-0.691,0.016,0.0,12.6,62.8
1784032869.047,1050,1.24,-1.117,-0.331,0.0,12.6,62.8
1784032869.047,1050,1.848,0.235,-0.223,0.0,16.8,70.0
1784032869.047,1050,3.142,0.498,0.158,0.0,20.6,71.8
1784032869.047,1050,7.477,1.193,0.985,0.0,17.0,60.6
1784032869.047,1050,7.615,0.971,1.176,0.0,14.8,59.7
1784032869.148,1051,1.283,-0.883,-0.2,0.0,14.2,60.9
1784032869.148,1051,1.555,-0.691,-0.006,0.0,12.8,62.7
1784032869.148,1051,1.258,-1.117,-0.259,0.0,12.8,62.7
1784032869.148,1051,1.848,0.235,-0.224,0.0,16.7,70.1
1784032869.148,1051,3.142,0.498,0.159,0.0,20.7,71.8
1784032869.148,1051,6.414,1.227,0.421,0.0,11.7,61.3
1784032869.148,1051,7.473,1.193,1.013,0.0,17.2,60.4
1784032869.148,1051,7.579,1.213,1.179,0.0,14.5,60.0
1784032869.2,1052,1.281,-0.883,-0.213,0.0,15.1,60.0
1784032869.2,1052,1.555,-0.691,-0.002,0.0,13.2,62.3
1784032869.2,1052,1.257,-1.117,-0.262,0.0,13.2,62.3
1784032869.2,1052,1.847,0.235,-0.227,0.0,16.7,70.1
1784032869.2,1052,3.142,0.498,0.157,0.0,20.5,71.9
1784032869.2,1052,7.475,1.193,0.995,0.0,17.0,60.7
1784032869.2,1052,7.594,0.971,1.3,0.0,13.9,60.4
1784032869.301,1053,1.28,-0.883,-0.216,0.0,14.9,60.3
1784032869.301,1053,1.555,-0.691,-0.005,0.0,13.1,62.4
1784032869.301,1053,1.242,-1.117,-0.326,0.0,13.1,62.4
1784032869.301,1053,1.847,0.235,-0.228,0.0,16.6,70.2
1784032869.301,1053,3.142,0.498,0.159,0.0,20.5,72.0
1784032869.301,1053,7.475,1.193,0.995,0.0,17.2,60.4
1784032869.301,1053,7.607,0.971,1.227,0.0,14.0,60.2
1784032869.454,1054,1.28,-0.883,-0.217,0.0,14.8,60.3
1784032869.454,1054,1.555,-0.691,0.002,0.0,13.5,62.1
1784032869.454,1054,1.24,-1.117,-0.332,0.0,13.5,62.1
1784032869.454,1054,1.848,0.235,-0.223,0.0,16.8,70.0
1784032869.454,1054,3.142,0.498,0.158,0.0,20.5,71.9
1784032869.454,1054,7.466,1.193,1.063,0.0,17.5,60.2
1784032869.454,1054,7.608,0.971,1.222,0.0,14.4,59.6
1784032869.507,1055,1.282,-0.883,-0.205,0.0,14.0,61.1
1784032869.507,1055,1.555,-0.691,0.007,0.0,12.7,62.9
1784032869.507,1055,1.224,-1.17,-0.167,0.0,12.7,62.9
1784032869.507,1055,1.848,0.235,-0.225,0.0,16.5,70.2
1784032869.507,1055,3.142,0.498,0.159,0.0,20.5,72.0
1784032869.507,1055,7.462,1.193,1.092,0.0,17.2,60.3
1784032869.507,1055,7.626,0.971,1.099,0.0,14.3,59.8
1784032869.609,1056,1.28,-0.883,-0.221,0.0,13.9,61.2
1784032869.609,1056,1.555,-0.691,0.021,0.0,12.5,63.0
1784032869.609,1056,1.235,-1.17,-0.026,0.0,12.5,63.0
1784032869.609,1056,1.849,0.235,-0.216,0.0,16.4,70.3
1784032869.609,1056,3.142,0.498,0.162,0.0,20.5,71.9
1784032869.609,1056,7.462,1.193,1.087,0.0,17.3,60.4
1784032869.609,1056,7.629,0.971,1.083,0.0,14.2,60.0
1784032869.71,1057,1.277,-0.883,-0.235,0.0,13.8,61.4
1784032869.71,1057,1.555,-0.691,-0.021,0.0,12.8,62.7
1784032869.71,1057,1.251,-1.117,-0.29,0.0,12.8,62.7
1784032869.71,1057,1.849,0.235,-0.21,0.0,16.6,70.1
1784032869.71,1057,3.142,0.498,0.159,0.0,20.6,71.9
1784032869.71,1057,7.47,1.193,1.034,0.0,17.2,60.4
1784032869.71,1057,7.629,0.971,1.081,0.0,14.0,60.2
1784032869.81,1058,1.283,-0.883,-0.203,0.0,13.8,61.3
1784032869.81,1058,1.555,-0.691,-0.025,0.0,12.8,62.7
1784032869.81,1058,1.232,-1.117,-0.36,0.0,12.8,62.7
1784032869.81,1058,1.849,0.235,-0.216,0.0,16.5,70.2
1784032869.81,1058,3.142,0.498,0.159,0.0,20.4,72.0
1784032869.81,1058,7.473,1.193,1.01,0.0,17.0,60.5
1784032869.81,1058,7.63,0.971,1.073,0.0,14.4,59.8
1784032869.911,1059,1.283,-0.883,-0.201,0.0,13.8,61.2
1784032869.911,1059,1.555,-0.691,0.003,0.0,12.6,62.8
1784032869.911,1059,1.258,-1.117,-0.255,0.0,12.6,62.8
1784032869.911,1059,1.849,0.235,-0.215,0.0,16.6,70.2
1784032869.911,1059,3.142,0.498,0.159,0.0,20.7,71.7
1784032869.911,1059,7.467,1.193,1.053,0.0,17.4,60.2
1784032869.911,1059,7.62,0.971,1.139,0.0,14.2,60.0
1784032870.012,1060,1.282,-0.883,-0.205,0.0,14.2,60.8
1784032870.012,1060,1.555,-0.691,-0.009,0.0,13.0,62.7
1784032870.012,1060,1.245,-1.117,-0.315,0.0,13.0,62.7
1784032870.012,1060,1.849,0.235,-0.215,0.0,16.6,70.1
1784032870.012,1060,3.142,0.498,0.156,0.0,20.5,72.0
1784032870.012,1060,7.465,1.193,1.067,0.0,17.1,60.5
1784032870.012,1060,7.63,0.971,1.074,0.0,14.5,59.9
1784032870.113,1061,1.281,-0.883,-0.215,0.0,14.5,60.5
1784032870.113,1061,1.555,-0.691,0.003,0.0,13.0,62.6
1784032870.113,1061,1.255,-1.117,-0.269,0.0,13.0,62.6
1784032870.113,1061,1.849,0.235,-0.213,0.0,16.5,70.3
1784032870.113,1061,3.142,0.498,0.157,0.0,20.6,71.8
1784032870.113,1061,7.47,1.193,1.036,0.0,17.1,60.5
1784032870.113,1061,7.632,0.971,1.056,0.0,14.8,59.7
1784032870.216,1062,1.278,-0.883,-0.232,0.0,14.6,60.5
1784032870.216,1062,1.555,-0.691,0.007,0.0,12.7,62.8
1784032870.216,1062,1.228,-1.117,-0.376,0.0,12.7,62.8
1784032870.216,1062,1.849,0.235,-0.214,0.0,16.4,70.4
1784032870.216,1062,3.142,0.498,0.156,0.0,20.6,71.9
1784032870.216,1062,7.477,1.193,0.985,0.0,16.8,60.7
1784032870.216,1062,7.637,0.971,1.021,0.0,14.6,59.9
1784032870.319,1063,1.276,-0.883,-0.239,0.0,14.8,60.3
1784032870.319,1063,1.555,-0.691,0.005,0.0,12.9,62.7
1784032870.319,1063,1.233,-1.117,-0.357,0.0,12.9,62.7
1784032870.319,1063,1.849,0.235,-0.214,0.0,16.3,70.4
1784032870.319,1063,3.142,0.498,0.158,0.0,20.4,72.0
1784032870.319,1063,7.47,1.193,1.036,0.0,16.6,61.0
1784032870.319,1063,7.636,0.971,1.025,0.0,13.8,60.7
1784032870.42,1064,1.279,-0.883,-0.227,0.0,14.7,60.4
1784032870.42,1064,1.555,-0.691,0.004,0.0,12.9,62.6
1784032870.42,1064,1.248,-1.117,-0.301,0.0,12.9,62.6
1784032870.42,1064,1.849,0.235,-0.213,0.0,16.5,70.3
1784032870.42,1064,3.142,0.498,0.156,0.0,20.5,71.9
1784032870.42,1064,7.5,0.954,1.062,0.0,17.6,60.0
1784032870.42,1064,7.597,1.213,1.058,0.0,15.3,59.3
1784032870.522,1065,1.281,-0.883,-0.211,0.0,14.4,60.7
1784032870.522,1065,1.555,-0.691,-0.005,0.0,12.4,63.1
1784032870.522,1065,1.24,-1.117,-0.331,0.0,12.4,63.1
1784032870.522,1065,1.849,0.235,-0.213,0.0,16.3,70.5
1784032870.522,1065,3.142,0.498,0.158,0.0,20.5,72.0
1784032870.522,1065,7.478,1.193,0.977,0.0,16.9,60.6
1784032870.522,1065,7.62,0.971,1.144,0.0,14.8,60.0
1784032870.626,1066,1.281,-0.883,-0.215,0.0,14.7,60.3
1784032870.626,1066,1.555,-0.691,-0.003,0.0,12.8,62.8
1784032870.626,1066,1.243,-1.117,-0.323,0.0,12.8,62.8
1784032870.626,1066,1.849,0.235,-0.213,0.0,16.6,70.2
1784032870.626,1066,3.142,0.498,0.162,0.0,20.6,71.8
1784032870.626,1066,7.467,1.193,1.053,0.0,17.1,60.5
1784032870.626,1066,7.586,1.213,1.137,0.0,14.7,59.9
1784032870.728,1067,1.281,-0.883,-0.21,0.0,14.6,60.4
1784032870.728,1067,1.555,-0.691,0.001,0.0,12.7,62.8
1784032870.728,1067,1.257,-1.117,-0.262,0.0,12.7,62.8
1784032870.728,1067,1.849,0.235,-0.215,0.0,16.4,70.4
1784032870.728,1067,3.142,0.498,0.157,0.0,20.5,71.9
1784032870.728,1067,7.496,0.954,1.09,0.0,17.4,60.2
1784032870.728,1067,7.572,1.213,1.223,0.0,14.3,60.2
1784032870.831,1068,1.28,-0.883,-0.221,0.0,14.6,60.5
1784032870.831,1068,1.555,-0.691,0.006,0.0,12.6,62.8
1784032870.831,1068,1.234,-1.117,-0.355,0.0,12.6,62.8
1784032870.831,1068,1.848,0.235,-0.218,0.0,16.4,70.4
1784032870.831,1068,3.142,0.498,0.158,0.0,20.4,72.1
1784032870.831,1068,7.468,1.193,1.046,0.0,16.7,60.8
1784032870.831,1068,7.605,0.971,1.237,0.0,14.0,60.3
1784032870.933,1069,1.279,-0.883,-0.227,0.0,14.7,60.4
1784032870.933,1069,1.555,-0.691,-0.0,0.0,13.0,62.6
1784032870.933,1069,1.236,-1.117,-0.346,0.0,13.0,62.6
1784032870.933,1069,1.849,0.235,-0.218,0.0,16.5,70.3
1784032870.933,1069,3.142,0.498,0.159,0.0,20.5,72.0
1784032870.933,1069,7.471,1.193,1.029,0.0,17.1,60.5
1784032870.933,1069,7.602,0.971,1.255,0.0,14.3,60.0
1784032871.035,1070,1.279,-0.883,-0.224,0.0,14.8,60.3
1784032871.035,1070,1.555,-0.691,0.007,0.0,13.1,62.5
1784032871.035,1070,1.237,-1.117,-0.344,0.0,13.1,62.5
1784032871.035,1070,1.848,0.235,-0.221,0.0,16.7,70.1
1784032871.035,1070,3.142,0.498,0.157,0.0,20.5,72.0
1784032871.035,1070,7.478,1.193,0.977,0.0,16.8,60.7
1784032871.035,1070,7.601,0.971,1.264,0.0,14.4,60.0
1784032871.138,1071,1.277,-0.883,-0.234,0.0,14.4,60.7
1784032871.138,1071,1.555,-0.691,0.012,0.0,12.7,62.8
1784032871.138,1071,1.243,-1.117,-0.322,0.0,12.7,62.8
1784032871.138,1071,1.848,0.235,-0.222,0.0,16.5,70.3
1784032871.138,1071,3.142,0.498,0.158,0.0,20.4,72.0
1784032871.138,1071,6.412,1.227,0.462,0.0,11.2,61.5
1784032871.138,1071,7.473,1.193,1.015,0.0,16.9,60.7
1784032871.138,1071,7.612,0.971,1.192,0.0,14.5,60.0
1784032871.24,1072,1.281,-0.883,-0.213,0.0,14.6,60.5
1784032871.24,1072,1.555,-0.691,0.002,0.0,12.7,62.8
1784032871.24,1072,1.254,-1.117,-0.277,0.0,12.7,62.8
1784032871.24,1072,1.848,0.235,-0.219,0.0,16.5,70.4
1784032871.24,1072,3.142,0.498,0.158,0.0,20.6,71.9
1784032871.24,1072,7.466,1.193,1.063,0.0,17.3,60.3
1784032871.24,1072,7.601,0.971,1.26,0.0,14.7,59.9
1784032871.342,1073,1.28,-0.883,-0.216,0.0,14.9,60.2
1784032871.342,1073,1.555,-0.691,0.003,0.0,13.0,62.6
1784032871.342,1073,1.252,-1.117,-0.282,0.0,13.0,62.6
1784032871.342,1073,1.848,0.235,-0.221,0.0,16.5,70.4
1784032871.342,1073,3.142,0.498,0.158,0.0,20.5,72.0
1784032871.342,1073,7.476,1.193,0.992,0.0,16.8,60.8
1784032871.342,1073,7.611,0.971,1.2,0.0,14.3,60.4
1784032871.443,1074,1.281,-0.883,-0.213,0.0,14.1,61.0
1784032871.443,1074,1.555,-0.691,0.017,0.0,12.6,62.9
1784032871.443,1074,1.235,-1.17,-0.043,0.0,12.6,62.9
1784032871.443,1074,1.848,0.235,-0.223,0.0,16.5,70.3
1784032871.443,1074,3.142,0.498,0.16,0.0,20.5,72.0
1784032871.443,1074,7.471,1.193,1.029,0.0,16.8,60.7
1784032871.443,1074,7.619,0.971,1.149,0.0,14.3,60.3
1784032871.544,1075,1.28,-0.883,-0.218,0.0,14.4,60.7
1784032871.544,1075,1.555,-0.691,0.004,0.0,12.9,62.6
1784032871.544,1075,1.245,-1.117,-0.313,0.0,12.9,62.6
1784032871.544,1075,1.847,0.235,-0.227,0.0,16.6,70.2
1784032871.544,1075,3.142,0.498,0.159,0.0,20.6,71.9
1784032871.544,1075,7.474,1.193,1.008,0.0,17.0,60.6
1784032871.544,1075,7.632,0.971,1.057,0.0,14.3,60.4
1784032871.596,1076,1.279,-0.883,-0.223,0.0,14.3,60.6
1784032871.596,1076,1.555,-0.691,0.025,0.0,13.1,62.5
1784032871.596,1076,1.241,-1.117,-0.327,0.0,13.1,62.5
1784032871.596,1076,1.848,0.235,-0.221,0.0,16.7,70.1
1784032871.596,1076,3.142,0.498,0.159,0.0,20.7,71.7
1784032871.596,1076,7.477,1.193,0.986,0.0,17.2,60.5
1784032871.596,1076,7.632,0.971,1.06,0.0,14.2,60.2
1784032871.747,1077,1.275,-0.883,-0.245,0.0,14.5,60.5
1784032871.747,1077,1.555,-0.691,-0.011,0.0,13.0,62.6
1784032871.747,1077,1.241,-1.117,-0.328,0.0,13.0,62.6
1784032871.747,1077,1.848,0.235,-0.221,0.0,16.6,70.2
1784032871.747,1077,3.142,0.498,0.157,0.0,20.3,72.1
1784032871.747,1077,7.476,1.193,0.99,0.0,17.5,60.2
1784032871.747,1077,7.629,0.971,1.082,0.0,14.6,59.8
1784032871.848,1078,1.275,-0.883,-0.245,0.0,14.7,60.5
1784032871.848,1078,1.555,-0.691,0.001,0.0,13.5,62.1
1784032871.848,1078,1.241,-1.117,-0.33,0.0,13.5,62.1
1784032871.848,1078,1.849,0.235,-0.217,0.0,16.7,70.1
1784032871.848,1078,3.142,0.498,0.158,0.0,20.5,72.0
1784032871.848,1078,7.475,1.193,1.0,0.0,16.9,60.7
1784032871.848,1078,7.624,0.971,1.118,0.0,14.5,60.0
1784032871.898,1079,1.279,-0.883,-0.225,0.0,14.7,60.5
1784032871.898,1079,1.555,-0.691,0.005,0.0,12.9,62.6
1784032871.898,1079,1.249,-1.117,-0.297,0.0,12.9,62.6
1784032871.898,1079,1.849,0.235,-0.212,0.0,16.5,70.3
1784032871.898,1079,3.142,0.498,0.159,0.0,20.5,71.9
1784032871.898,1079,7.469,1.193,1.039,0.0,16.8,60.8
1784032871.898,1079,7.61,0.971,1.203,0.0,14.7,60.0
1784032872.0,1080,1.28,-0.883,-0.22,0.0,14.6,60.5
1784032872.0,1080,1.555,-0.691,0.005,0.0,12.7,62.7
1784032872.0,1080,1.246,-1.117,-0.31,0.0,12.7,62.7
1784032872.0,1080,1.848,0.235,-0.226,0.0,16.5,70.3
1784032872.0,1080,3.142,0.498,0.159,0.0,20.4,72.0
1784032872.0,1080,7.47,1.193,1.033,0.0,16.9,60.7
1784032872.0,1080,7.607,0.971,1.225,0.0,14.2,60.5
1784032872.152,1081,1.283,-0.883,-0.204,0.0,14.8,60.3
1784032872.152,1081,1.555,-0.691,0.014,0.0,13.1,62.5
1784032872.152,1081,1.22,-1.17,-0.193,0.0,13.1,62.5
1784032872.152,1081,1.847,0.235,-0.231,0.0,16.6,70.2
1784032872.152,1081,3.142,0.498,0.16,0.0,20.3,72.2
1784032872.152,1081,7.47,1.193,1.031,0.0,17.0,60.5
1784032872.152,1081,7.589,0.971,1.331,0.0,14.7,59.9
1784032872.205,1082,1.281,-0.883,-0.212,0.0,14.4,60.7
1784032872.205,1082,1.555,-0.691,0.015,0.0,12.6,62.9
1784032872.205,1082,1.241,-1.117,-0.327,0.0,12.6,62.9
1784032872.205,1082,1.848,0.235,-0.225,0.0,16.6,70.2
1784032872.205,1082,3.142,0.498,0.16,0.0,20.4,72.0
1784032872.205,1082,7.474,1.193,1.004,0.0,16.6,61.0
1784032872.205,1082,7.586,0.971,1.348,0.0,14.2,60.4
1784032872.306,1083,1.282,-0.883,-0.205,0.0,14.3,60.9
1784032872.306,1083,1.555,-0.691,0.008,0.0,12.7,62.9
1784032872.306,1083,1.236,-1.117,-0.348,0.0,12.7,62.9
1784032872.306,1083,1.848,0.235,-0.225,0.0,16.6,70.2
1784032872.306,1083,3.142,0.498,0.158,0.0,20.4,72.1
1784032872.306,1083,7.474,1.193,1.003,0.0,17.0,60.6
1784032872.306,1083,7.557,1.213,1.312,0.0,14.5,59.8
1784032872.406,1084,1.279,-0.883,-0.223,0.0,14.2,60.9
1784032872.406,1084,1.555,-0.691,0.019,0.0,12.9,62.7
1784032872.406,1084,1.233,-1.117,-0.359,0.0,12.9,62.7
1784032872.406,1084,1.848,0.235,-0.225,0.0,16.4,70.4
1784032872.406,1084,3.142,0.498,0.159,0.0,20.4,72.1
1784032872.406,1084,7.476,1.193,0.989,0.0,16.6,60.9
1784032872.406,1084,7.588,0.971,1.338,0.0,13.9,60.4
1784032872.508,1085,1.279,-0.883,-0.226,0.0,14.1,61.0
1784032872.508,1085,1.555,-0.691,0.01,0.0,12.6,62.9
1784032872.508,1085,1.248,-1.117,-0.3,0.0,12.6,62.9
1784032872.508,1085,1.849,0.235,-0.218,0.0,16.3,70.5
1784032872.508,1085,3.142,0.498,0.158,0.0,20.5,71.9
1784032872.508,1085,7.47,1.193,1.035,0.0,16.5,61.0
1784032872.508,1085,7.585,0.971,1.352,0.0,14.1,60.1
1784032872.613,1086,1.279,-0.883,-0.224,0.0,14.8,60.3
1784032872.613,1086,1.555,-0.691,-0.011,0.0,13.0,62.6
1784032872.613,1086,1.255,-1.117,-0.271,0.0,13.0,62.6
1784032872.613,1086,1.849,0.235,-0.217,0.0,16.4,70.4
1784032872.613,1086,3.142,0.498,0.157,0.0,20.5,72.0
1784032872.613,1086,7.472,1.193,1.022,0.0,16.6,60.9
1784032872.613,1086,7.573,1.213,1.216,0.0,14.1,60.2
1784032872.715,1087,1.28,-0.883,-0.221,0.0,14.7,60.4
1784032872.715,1087,1.555,-0.691,0.018,0.0,12.5,63.0
1784032872.715,1087,1.231,-1.117,-0.364,0.0,12.5,63.0
1784032872.715,1087,1.849,0.235,-0.218,0.0,16.1,70.6
1784032872.715,1087,3.142,0.498,0.156,0.0,20.4,72.0
1784032872.715,1087,7.478,1.193,0.977,0.0,16.9,60.6
1784032872.715,1087,7.597,0.971,1.287,0.0,14.2,59.9
1784032872.816,1088,1.279,-0.883,-0.223,0.0,14.0,60.9
1784032872.816,1088,1.555,-0.691,0.012,0.0,12.5,62.9
1784032872.816,1088,1.248,-1.117,-0.3,0.0,12.5,62.9
1784032872.816,1088,1.849,0.235,-0.215,0.0,16.6,70.2
1784032872.816,1088,3.142,0.498,0.16,0.0,20.5,71.9
1784032872.816,1088,7.48,1.193,0.958,0.0,17.1,60.6
1784032872.816,1088,7.582,0.971,1.372,0.0,13.9,60.4
1784032872.919,1089,0.525,0.142,0.162,0.0,11.3,63.3
1784032872.919,1089,1.28,-0.883,-0.219,0.0,15.1,59.8
1784032872.919,1089,1.555,-0.691,0.006,0.0,13.3,62.3
1784032872.919,1089,1.241,-1.117,-0.33,0.0,13.3,62.3
1784032872.919,1089,1.848,0.235,-0.221,0.0,16.6,70.2
1784032872.919,1089,3.142,0.498,0.157,0.0,20.5,72.0
1784032872.919,1089,7.478,1.193,0.976,0.0,17.3,60.3
1784032872.919,1089,7.568,1.213,1.249,0.0,15.0,59.6
1784032873.021,1090,1.281,-0.883,-0.214,0.0,14.7,60.3
1784032873.021,1090,1.555,-0.691,0.019,0.0,13.0,62.6
1784032873.021,1090,1.219,-1.117,-0.403,0.0,13.0,62.6
1784032873.021,1090,1.856,0.176,-0.211,0.0,16.5,70.3
1784032873.021,1090,3.142,0.498,0.161,0.0,20.5,72.0
1784032873.021,1090,7.478,1.193,0.973,0.0,16.9,60.7
1784032873.021,1090,7.568,1.213,1.252,0.0,14.4,60.3
1784032873.122,1091,1.281,-0.883,-0.212,0.0,13.8,61.2
1784032873.122,1091,1.555,-0.691,0.008,0.0,12.5,63.0
1784032873.122,1091,1.249,-1.117,-0.297,0.0,12.5,63.0
1784032873.122,1091,1.849,0.235,-0.216,0.0,16.5,70.2
1784032873.122,1091,3.142,0.498,0.16,0.0,20.5,71.9
1784032873.122,1091,7.473,1.193,1.012,0.0,17.4,60.3
1784032873.122,1091,7.561,1.213,1.29,0.0,14.6,59.9
1784032873.224,1092,1.28,-0.883,-0.221,0.0,14.2,61.0
1784032873.224,1092,1.555,-0.691,-0.003,0.0,13.0,62.6
1784032873.224,1092,1.233,-1.117,-0.357,0.0,13.0,62.6
1784032873.224,1092,1.849,0.235,-0.216,0.0,16.5,70.3
1784032873.224,1092,3.142,0.498,0.158,0.0,20.3,72.1
1784032873.224,1092,7.499,0.954,1.073,0.0,16.9,60.7
1784032873.224,1092,7.571,1.213,1.234,0.0,14.5,60.2
1784032873.324,1093,1.314,-0.834,-0.213,0.0,13.8,61.3
1784032873.324,1093,1.554,-0.691,0.037,0.0,12.5,63.1
1784032873.324,1093,1.191,-1.117,-0.479,0.0,12.5,63.1
1784032873.324,1093,1.856,0.176,-0.21,0.0,16.3,70.5
1784032873.324,1093,3.142,0.498,0.156,0.0,20.4,72.1
1784032873.324,1093,7.474,1.193,1.002,0.0,17.5,60.1
1784032873.324,1093,7.566,1.213,1.264,0.0,14.1,60.4
1784032873.426,1094,1.283,-0.883,-0.198,0.0,13.9,61.2
1784032873.426,1094,1.577,-0.638,0.024,0.0,12.9,62.7
1784032873.426,1094,1.217,-1.117,-0.409,0.0,12.9,62.7
1784032873.426,1094,1.857,0.176,-0.199,0.0,16.5,70.2
1784032873.426,1094,3.142,0.498,0.161,0.0,20.4,72.1
1784032873.426,1094,7.469,1.193,1.042,0.0,17.1,60.5
1784032873.426,1094,7.606,0.971,1.232,0.0,14.3,60.3
1784032873.527,1095,1.28,-0.883,-0.216,0.0,14.6,60.5
1784032873.527,1095,1.53,-0.744,-0.034,0.0,13.6,61.9
1784032873.527,1095,1.246,-1.117,-0.309,0.0,13.6,61.9
1784032873.527,1095,1.858,0.176,-0.189,0.0,17.0,69.8
1784032873.527,1095,3.142,0.498,0.159,0.0,20.4,72.0
1784032873.527,1095,7.472,1.193,1.018,0.0,17.2,60.3
1784032873.527,1095,7.62,0.971,1.142,0.0,14.2,60.1
1784032873.629,1096,1.28,-0.883,-0.216,0.0,14.1,61.0
1784032873.629,1096,1.555,-0.691,0.009,0.0,13.2,62.3
1784032873.629,1096,1.243,-1.117,-0.322,0.0,13.2,62.3
1784032873.629,1096,1.848,0.235,-0.224,0.0,16.8,70.0
1784032873.629,1096,3.142,0.498,0.156,0.0,20.5,71.9
1784032873.629,1096,7.481,1.193,0.949,0.0,16.7,61.0
1784032873.629,1096,7.628,0.971,1.086,0.0,13.7,60.5
1784032873.731,1097,1.28,-0.883,-0.221,0.0,13.9,61.3
1784032873.731,1097,1.555,-0.691,0.021,0.0,13.1,62.5
1784032873.731,1097,1.203,-1.117,-0.448,0.0,13.1,62.5
1784032873.731,1097,1.857,0.176,-0.202,0.0,16.7,70.1
1784032873.731,1097,3.142,0.498,0.159,0.0,20.5,72.0
1784032873.731,1097,7.481,1.193,0.954,0.0,17.0,60.6
1784032873.731,1097,7.628,0.971,1.088,0.0,13.5,60.5
1784032873.833,1098,1.28,-0.883,-0.221,0.0,13.6,61.5
1784032873.833,1098,1.53,-0.744,-0.035,0.0,13.0,62.6
1784032873.833,1098,1.249,-1.117,-0.298,0.0,13.0,62.6
1784032873.833,1098,1.858,0.176,-0.196,0.0,16.7,70.1
1784032873.833,1098,3.142,0.498,0.16,0.0,20.4,72.0
1784032873.833,1098,7.51,0.954,0.994,0.0,17.2,60.4
1784032873.833,1098,7.439,1.432,0.953,0.0,17.2,60.4
1784032873.833,1098,7.627,0.971,1.096,0.0,13.6,60.3
1784032873.934,1099,1.284,-0.883,-0.193,0.0,14.3,60.7
1784032873.934,1099,1.555,-0.691,0.004,0.0,13.4,62.1
1784032873.934,1099,1.236,-1.117,-0.349,0.0,13.4,62.1
1784032873.934,1099,1.849,0.235,-0.214,0.0,16.8,70.0
1784032873.934,1099,3.142,0.498,0.152,0.0,20.4,72.0
1784032873.934,1099,7.473,1.193,1.016,0.0,17.1,60.5
1784032873.934,1099,7.629,0.971,1.082,0.0,13.4,60.3
1784032874.035,1100,0.515,0.81,0.019,0.0,11.4,62.6
1784032874.035,1100,1.279,-0.883,-0.227,0.0,14.1,61.0
1784032874.035,1100,1.555,-0.691,0.022,0.0,13.0,62.6
1784032874.035,1100,1.187,-1.117,-0.488,0.0,13.0,62.6
1784032874.035,1100,1.857,0.176,-0.198,0.0,16.4,70.4
1784032874.035,1100,3.142,0.498,0.158,0.0,20.4,72.0
1784032874.035,1100,7.469,1.193,1.045,0.0,17.1,60.4
1784032874.035,1100,7.589,0.971,1.33,0.0,13.7,60.1
1784032874.135,1101,1.279,-0.883,-0.224,0.0,14.1,61.1
1784032874.135,1101,1.555,-0.691,-0.019,0.0,12.8,62.9
1784032874.135,1101,1.243,-1.117,-0.32,0.0,12.8,62.9
1784032874.135,1101,1.858,0.176,-0.191,0.0,16.5,70.3
1784032874.135,1101,3.142,0.498,0.158,0.0,20.4,72.0
1784032874.135,1101,7.499,0.954,1.068,0.0,16.6,61.0
1784032874.135,1101,7.599,0.971,1.275,0.0,13.4,60.6
1784032874.237,1102,1.282,-0.883,-0.205,0.0,14.1,61.1
1784032874.237,1102,1.555,-0.691,0.012,0.0,12.7,62.9
1784032874.237,1102,1.241,-1.117,-0.328,0.0,12.7,62.9
1784032874.237,1102,1.849,0.235,-0.21,0.0,16.5,70.2
1784032874.237,1102,3.142,0.498,0.154,0.0,20.4,72.0
1784032874.237,1102,7.48,1.193,0.956,0.0,17.0,60.6
1784032874.237,1102,7.598,0.971,1.278,0.0,13.8,60.3
1784032874.339,1103,1.317,-0.834,-0.191,0.0,14.2,60.8
1784032874.339,1103,1.555,-0.691,0.028,0.0,13.0,62.6
1784032874.339,1103,1.201,-1.117,-0.453,0.0,13.0,62.6
1784032874.339,1103,1.857,0.176,-0.2,0.0,16.6,70.1
1784032874.339,1103,3.142,0.498,0.16,0.0,20.5,72.0
1784032874.339,1103,7.482,1.193,0.947,0.0,16.9,60.6
1784032874.339,1103,7.596,0.971,1.294,0.0,13.8,60.3
1784032874.441,1104,1.281,-0.883,-0.215,0.0,14.0,61.1
1784032874.441,1104,1.555,-0.691,-0.006,0.0,12.7,62.9
1784032874.441,1104,1.241,-1.117,-0.327,0.0,12.7,62.9
1784032874.441,1104,1.85,0.235,-0.208,0.0,16.6,70.2
1784032874.441,1104,3.142,0.498,0.161,0.0,20.4,72.0
1784032874.441,1104,7.468,1.193,1.049,0.0,16.8,60.7
1784032874.441,1104,7.602,0.971,1.254,0.0,13.8,60.2
1784032874.542,1105,1.279,-0.883,-0.224,0.0,14.1,61.1
1784032874.542,1105,1.555,-0.691,-0.004,0.0,12.9,62.6
1784032874.542,1105,1.242,-1.117,-0.325,0.0,12.9,62.6
1784032874.542,1105,1.85,0.235,-0.204,0.0,16.6,70.1
1784032874.542,1105,3.142,0.498,0.157,0.0,20.3,72.1
1784032874.542,1105,7.473,1.193,1.012,0.0,17.1,60.5
1784032874.542,1105,7.588,1.213,1.124,0.0,14.7,59.4
1784032874.643,1106,1.281,-0.883,-0.215,0.0,14.3,60.9
1784032874.643,1106,1.555,-0.691,0.007,0.0,13.1,62.4
1784032874.643,1106,1.233,-1.17,-0.076,0.0,13.1,62.4
1784032874.643,1106,1.849,0.235,-0.214,0.0,16.6,70.1
1784032874.643,1106,3.142,0.498,0.159,0.0,20.5,72.0
1784032874.643,1106,7.468,1.193,1.052,0.0,17.2,60.3
1784032874.643,1106,7.611,0.971,1.202,0.0,14.4,59.7
1784032874.744,1107,1.279,-0.883,-0.227,0.0,13.6,61.5
1784032874.744,1107,1.555,-0.691,0.008,0.0,12.6,63.0
1784032874.744,1107,1.235,-1.117,-0.352,0.0,12.6,63.0
1784032874.744,1107,1.849,0.235,-0.217,0.0,16.5,70.2
1784032874.744,1107,3.142,0.498,0.161,0.0,20.5,72.0
1784032874.744,1107,7.475,1.193,0.995,0.0,17.2,60.2
1784032874.744,1107,7.615,0.971,1.171,0.0,14.3,59.6
1784032874.845,1108,1.272,-0.883,-0.261,0.0,14.3,61.0
1784032874.845,1108,1.554,-0.691,-0.031,0.0,12.9,62.6
1784032874.845,1108,1.261,-1.117,-0.242,0.0,12.9,62.6
1784032874.845,1108,1.849,0.235,-0.216,0.0,16.8,70.0
1784032874.845,1108,3.142,0.498,0.156,0.0,20.2,72.2
1784032874.845,1108,7.474,1.193,1.002,0.0,17.0,60.4
1784032874.845,1108,7.624,0.971,1.117,0.0,14.3,59.7
1784032874.896,1109,1.277,-0.883,-0.237,0.0,14.6,60.7
1784032874.896,1109,1.555,-0.691,0.028,0.0,12.9,62.7
1784032874.896,1109,1.163,-1.117,-0.545,0.0,12.9,62.7
1784032874.896,1109,1.856,0.176,-0.208,0.0,16.5,70.2
1784032874.896,1109,3.142,0.498,0.153,0.0,20.5,72.0
1784032874.896,1109,6.405,1.227,0.545,0.0,11.3,61.1
1784032874.896,1109,7.477,1.193,0.981,0.0,17.2,60.2
1784032874.896,1109,7.619,0.971,1.149,0.0,14.9,59.6
1784032875.048,1110,1.278,-0.883,-0.229,0.0,14.6,60.4
1784032875.048,1110,1.555,-0.691,-0.004,0.0,12.3,63.1
1784032875.048,1110,1.267,-1.117,-0.21,0.0,12.3,63.1
1784032875.048,1110,1.85,0.235,-0.209,0.0,16.2,70.5
1784032875.048,1110,3.141,0.498,0.166,0.0,20.5,72.0
1784032875.048,1110,7.467,1.193,1.058,0.0,17.1,60.4
1784032875.048,1110,7.61,0.971,1.207,0.0,14.2,60.4
1784032875.151,1111,1.271,-0.883,-0.268,0.0,14.1,61.2
1784032875.151,1111,1.554,-0.691,-0.054,0.0,12.5,63.1
1784032875.151,1111,1.261,-1.117,-0.24,0.0,12.5,63.1
1784032875.151,1111,1.849,0.235,-0.211,0.0,16.4,70.5
1784032875.151,1111,3.142,0.498,0.156,0.0,20.2,72.3
1784032875.151,1111,7.465,1.193,1.073,0.0,17.1,60.4
1784032875.151,1111,7.625,0.971,1.109,0.0,14.6,60.0
1784032875.202,1112,1.275,-0.883,-0.249,0.0,15.0,60.3
1784032875.202,1112,1.554,-0.691,-0.038,0.0,12.8,62.6
1784032875.202,1112,1.283,-1.117,-0.049,0.0,12.8,62.6
1784032875.202,1112,1.858,0.176,-0.195,0.0,16.4,70.4
1784032875.202,1112,3.142,0.498,0.157,0.0,20.5,71.9
1784032875.202,1112,7.476,1.193,0.987,0.0,16.8,60.7
1784032875.202,1112,7.584,1.213,1.152,0.0,14.8,59.7
1784032875.303,1113,1.282,-0.883,-0.209,0.0,14.2,61.0
1784032875.303,1113,1.577,-0.638,-0.036,0.0,12.4,62.9
1784032875.303,1113,1.283,-1.117,-0.055,0.0,12.4,62.9
1784032875.303,1113,1.849,0.235,-0.215,0.0,16.4,70.4
1784032875.303,1113,3.142,0.498,0.162,0.0,20.7,71.7
1784032875.303,1113,7.459,1.193,1.109,0.0,17.4,60.1
1784032875.303,1113,7.583,1.213,1.153,0.0,14.4,60.0
1784032875.407,1114,1.27,-0.883,-0.27,0.0,13.6,61.4
1784032875.407,1114,1.554,-0.691,-0.06,0.0,12.0,63.3
1784032875.407,1114,1.281,-1.117,-0.086,0.0,12.0,63.3
1784032875.407,1114,1.857,0.176,-0.197,0.0,16.3,70.5
1784032875.407,1114,3.142,0.498,0.162,0.0,20.4,72.0
1784032875.407,1114,7.475,1.193,0.996,0.0,17.1,60.5
1784032875.407,1114,7.605,0.971,1.236,0.0,15.0,59.5
1784032875.51,1115,1.269,-0.883,-0.276,0.0,14.9,60.2
1784032875.51,1115,1.849,0.235,-0.217,0.0,16.7,70.1
1784032875.51,1115,3.142,0.498,0.156,0.0,20.4,72.0
1784032875.51,1115,7.468,1.193,1.047,0.0,17.1,60.3
1784032875.51,1115,7.598,0.971,1.277,0.0,14.5,60.1
1784032875.61,1116,1.269,-0.883,-0.277,0.0,14.8,60.4
1784032875.61,1116,1.857,0.176,-0.203,0.0,16.9,69.9
1784032875.61,1116,3.142,0.498,0.162,0.0,20.8,71.7
1784032875.61,1116,7.468,1.193,1.047,0.0,16.6,60.8
1784032875.61,1116,7.567,1.213,1.254,0.0,14.2,60.4
1784032875.714,1117,1.28,-0.883,-0.218,0.0,14.5,60.7
1784032875.714,1117,1.554,-0.691,-0.049,0.0,12.7,62.6
1784032875.714,1117,1.283,-1.117,-0.043,0.0,12.7,62.6
1784032875.714,1117,1.848,0.235,-0.225,0.0,16.5,70.3
1784032875.714,1117,3.142,0.498,0.163,0.0,20.5,71.9
1784032875.714,1117,7.469,1.193,1.038,0.0,16.9,60.5
1784032875.714,1117,7.581,0.971,1.376,0.0,14.0,60.3
1784032875.815,1118,1.272,-0.883,-0.26,0.0,15.1,60.2
1784032875.815,1118,1.576,-0.638,-0.057,0.0,12.8,62.5
1784032875.815,1118,1.283,-1.117,-0.049,0.0,12.8,62.5
1784032875.815,1118,1.857,0.176,-0.2,0.0,16.4,70.4
1784032875.815,1118,3.141,0.498,0.165,0.0,20.6,71.9
1784032875.815,1118,7.474,1.193,1.008,0.0,16.5,61.0
1784032875.815,1118,7.597,0.971,1.285,0.0,14.0,60.3
1784032875.918,1119,1.268,-0.883,-0.282,0.0,15.2,60.3
1784032875.918,1119,1.849,0.235,-0.214,0.0,16.5,70.3
1784032875.918,1119,3.142,0.498,0.159,0.0,20.4,72.0
1784032875.918,1119,7.461,1.193,1.095,0.0,17.1,60.4
1784032875.918,1119,7.596,0.971,1.292,0.0,14.6,59.6
1784032876.02,1120,1.275,-0.883,-0.247,0.0,14.4,60.7
1784032876.02,1120,1.577,-0.638,-0.04,0.0,12.4,62.9
1784032876.02,1120,1.279,-1.117,-0.115,0.0,12.4,62.9
1784032876.02,1120,1.848,0.235,-0.222,0.0,16.4,70.4
1784032876.02,1120,3.142,0.498,0.163,0.0,20.4,72.0
1784032876.02,1120,7.492,0.954,1.117,0.0,17.2,60.3
1784032876.02,1120,7.601,0.971,1.261,0.0,14.0,60.3
1784032876.123,1121,1.277,-0.883,-0.238,0.0,15.0,60.3
1784032876.123,1121,1.554,-0.691,-0.055,0.0,12.6,62.5
1784032876.123,1121,1.284,-1.117,-0.02,0.0,12.6,62.5
1784032876.123,1121,1.857,0.176,-0.196,0.0,16.6,70.1
1784032876.123,1121,3.141,0.498,0.165,0.0,20.6,71.9
1784032876.123,1121,7.466,1.193,1.062,0.0,17.2,60.3
1784032876.123,1121,7.609,0.971,1.211,0.0,14.0,60.1
1784032876.226,1122,1.278,-0.883,-0.228,0.0,14.6,60.7
1784032876.226,1122,1.554,-0.691,-0.061,0.0,12.7,62.6
1784032876.226,1122,1.282,-1.117,-0.062,0.0,12.7,62.6
1784032876.226,1122,1.857,0.176,-0.201,0.0,16.5,70.2
1784032876.226,1122,3.142,0.498,0.159,0.0,20.5,72.0
1784032876.226,1122,7.473,1.193,1.012,0.0,16.7,60.7
1784032876.226,1122,7.597,0.971,1.285,0.0,13.9,60.3
1784032876.328,1123,1.276,-0.883,-0.244,0.0,15.3,59.9
1784032876.328,1123,1.553,-0.691,-0.065,0.0,13.0,62.4
1784032876.328,1123,1.284,-1.117,-0.028,0.0,13.0,62.4
1784032876.328,1123,1.857,0.176,-0.2,0.0,16.5,70.3
1784032876.328,1123,3.141,0.498,0.166,0.0,20.3,72.0
1784032876.328,1123,7.494,0.954,1.104,0.0,17.3,60.2
1784032876.328,1123,7.586,0.971,1.346,0.0,14.0,60.3
1784032876.428,1124,1.277,-0.883,-0.235,0.0,14.9,60.3
1784032876.428,1124,1.577,-0.638,-0.04,0.0,12.6,62.7
1784032876.428,1124,1.282,-1.117,-0.064,0.0,12.6,62.7
1784032876.428,1124,1.858,0.176,-0.194,0.0,16.3,70.4
1784032876.428,1124,3.142,0.498,0.163,0.0,20.6,71.8
1784032876.428,1124,7.468,1.193,1.046,0.0,17.5,60.0
1784032876.428,1124,7.595,0.971,1.295,0.0,14.4,59.7
1784032876.53,1125,0.52,0.142,0.177,0.0,12.3,62.2
1784032876.53,1125,1.277,-0.883,-0.236,0.0,15.0,60.3
1784032876.53,1125,1.577,-0.638,-0.044,0.0,12.6,62.9
1784032876.53,1125,1.278,-1.117,-0.119,0.0,12.6,62.9
1784032876.53,1125,1.857,0.176,-0.202,0.0,16.3,70.5
1784032876.53,1125,3.142,0.498,0.164,0.0,20.4,72.0
1784032876.53,1125,7.464,1.193,1.073,0.0,17.1,60.5
1784032876.53,1125,7.565,1.213,1.269,0.0,14.5,59.9
1784032876.632,1126,1.277,-0.883,-0.237,0.0,14.7,60.7
1784032876.632,1126,1.554,-0.691,-0.052,0.0,12.9,62.5
1784032876.632,1126,1.28,-1.117,-0.103,0.0,12.9,62.5
1784032876.632,1126,1.849,0.235,-0.212,0.0,16.7,70.1
1784032876.632,1126,3.141,0.498,0.165,0.0,20.6,71.8
1784032876.632,1126,7.46,1.193,1.106,0.0,17.1,60.3
1784032876.632,1126,7.596,0.971,1.292,0.0,14.3,60.0
1784032876.735,1127,1.282,-0.883,-0.207,0.0,13.9,61.2
1784032876.735,1127,1.576,-0.638,-0.052,0.0,12.3,63.2
1784032876.735,1127,1.309,-1.063,-0.227,0.0,12.3,63.2
1784032876.735,1127,1.849,0.235,-0.216,0.0,16.4,70.4
1784032876.735,1127,3.142,0.498,0.162,0.0,20.6,71.8
1784032876.735,1127,6.414,1.227,0.421,0.0,11.4,61.2
1784032876.735,1127,7.496,0.954,1.089,0.0,16.7,60.5
1784032876.735,1127,7.555,1.213,1.327,0.0,14.5,60.0
1784032876.836,1128,1.277,-0.883,-0.238,0.0,14.5,60.6
1784032876.836,1128,1.555,-0.691,-0.024,0.0,13.0,62.5
1784032876.836,1128,1.269,-1.117,-0.192,0.0,13.0,62.5
1784032876.836,1128,1.85,0.235,-0.208,0.0,16.6,70.2
1784032876.836,1128,3.141,0.498,0.165,0.0,20.4,72.0
1784032876.836,1128,7.469,1.193,1.042,0.0,16.8,60.5
1784032876.836,1128,7.59,1.213,1.109,0.0,14.7,59.9
1784032876.938,1129,1.277,-0.883,-0.237,0.0,14.6,60.6
1784032876.938,1129,1.554,-0.691,-0.063,0.0,13.0,62.3
1784032876.938,1129,1.283,-1.117,-0.034,0.0,13.0,62.3
1784032876.938,1129,1.857,0.176,-0.204,0.0,16.7,70.1
1784032876.938,1129,3.142,0.498,0.161,0.0,20.5,71.9
1784032876.938,1129,7.468,1.193,1.049,0.0,17.1,60.3
1784032876.938,1129,7.611,0.971,1.198,0.0,14.2,59.7
1784032877.04,1130,1.28,-0.883,-0.218,0.0,14.1,61.1
1784032877.04,1130,1.555,-0.691,0.002,0.0,12.8,62.7
1784032877.04,1130,1.264,-1.117,-0.227,0.0,12.8,62.7
1784032877.04,1130,1.855,0.176,-0.216,0.0,16.7,70.1
1784032877.04,1130,3.142,0.498,0.162,0.0,20.4,72.0
1784032877.04,1130,7.472,1.193,1.023,0.0,17.2,60.3
1784032877.04,1130,7.63,0.971,1.075,0.0,14.3,59.6
1784032877.142,1131,1.276,-0.883,-0.239,0.0,14.1,61.0
1784032877.142,1131,1.577,-0.638,-0.013,0.0,13.1,62.4
1784032877.142,1131,1.53,-0.744,-0.023,0.0,13.1,62.4
1784032877.142,1131,1.856,0.176,-0.208,0.0,16.8,69.9
1784032877.142,1131,3.141,0.498,0.168,0.0,20.6,71.8
1784032877.142,1131,6.408,1.227,0.512,0.0,11.5,60.8
1784032877.142,1131,7.432,1.432,1.003,0.0,17.2,60.5
1784032877.142,1131,7.503,0.954,1.042,0.0,17.2,60.5
1784032877.142,1131,7.632,0.971,1.061,0.0,14.4,59.8
1784032877.243,1132,1.278,-0.883,-0.229,0.0,14.0,61.4
1784032877.243,1132,1.577,-0.638,-0.021,0.0,12.7,62.9
1784032877.243,1132,1.259,-1.117,-0.251,0.0,12.7,62.9
1784032877.243,1132,1.856,0.176,-0.205,0.0,16.6,70.1
1784032877.243,1132,3.142,0.498,0.157,0.0,20.4,72.0
1784032877.243,1132,6.407,1.227,0.524,0.0,12.0,60.4
1784032877.243,1132,7.474,1.193,1.004,0.0,17.1,60.6
1784032877.243,1132,7.571,1.213,1.23,0.0,14.4,60.3
1784032877.343,1133,1.283,-0.883,-0.202,0.0,14.5,60.6
1784032877.343,1133,1.554,-0.691,0.032,0.0,13.2,62.4
1784032877.343,1133,1.229,-1.117,-0.372,0.0,13.2,62.4
1784032877.343,1133,1.847,0.235,-0.234,0.0,16.7,70.1
1784032877.343,1133,3.142,0.498,0.163,0.0,20.4,72.0
1784032877.343,1133,6.446,1.023,0.485,0.0,11.6,60.3
1784032877.343,1133,7.467,1.193,1.053,0.0,16.9,60.7
1784032877.343,1133,7.598,0.971,1.282,0.0,14.6,60.1
1784032877.444,1134,1.277,-0.883,-0.235,0.0,14.7,60.6
1784032877.444,1134,1.555,-0.691,0.021,0.0,13.3,62.3
1784032877.444,1134,1.25,-1.117,-0.292,0.0,13.3,62.3
1784032877.444,1134,1.858,0.176,-0.193,0.0,16.7,70.1
1784032877.444,1134,3.141,0.498,0.165,0.0,20.7,71.7
1784032877.444,1134,6.407,1.227,0.523,0.0,12.0,60.2
1784032877.444,1134,7.428,1.432,1.035,0.0,17.4,60.2
1784032877.444,1134,7.576,1.213,1.199,0.0,15.1,59.5
1784032877.545,1135,0.522,0.142,0.17,0.0,11.7,62.8
1784032877.545,1135,1.277,-0.883,-0.235,0.0,14.9,60.4
1784032877.545,1135,1.577,-0.638,-0.009,0.0,13.3,62.4
1784032877.545,1135,1.53,-0.744,-0.017,0.0,13.3,62.4
1784032877.545,1135,1.858,0.176,-0.193,0.0,16.6,70.1
1784032877.545,1135,3.142,0.498,0.159,0.0,20.5,71.9
1784032877.545,1135,6.395,1.227,0.657,0.0,12.2,60.5
1784032877.545,1135,7.466,1.193,1.061,0.0,17.1,60.5
1784032877.545,1135,7.588,1.213,1.122,0.0,14.3,60.0
1784032877.595,1136,1.283,-0.883,-0.202,0.0,14.5,60.6
1784032877.595,1136,1.555,-0.691,0.025,0.0,12.8,62.7
1784032877.595,1136,1.253,-1.117,-0.281,0.0,12.8,62.7
1784032877.595,1136,1.849,0.235,-0.214,0.0,16.3,70.5
1784032877.595,1136,3.142,0.498,0.163,0.0,20.5,71.9
1784032877.595,1136,6.406,1.227,0.534,0.0,11.9,60.4
1784032877.595,1136,7.469,1.193,1.042,0.0,17.6,60.1
1784032877.595,1136,7.627,0.971,1.091,0.0,14.1,60.2
1784032877.747,1137,1.276,-0.883,-0.24,0.0,14.5,60.7
1784032877.747,1137,1.554,-0.691,0.033,0.0,12.5,62.9
1784032877.747,1137,1.245,-1.117,-0.313,0.0,12.5,62.9
1784032877.747,1137,1.849,0.235,-0.216,0.0,16.3,70.4
1784032877.747,1137,3.142,0.498,0.162,0.0,20.4,72.0
1784032877.747,1137,6.396,1.227,0.646,0.0,11.4,60.6
1784032877.747,1137,7.47,1.193,1.037,0.0,16.8,60.8
1784032877.747,1137,7.629,0.971,1.079,0.0,13.3,60.7
1784032877.848,1138,1.279,-0.883,-0.222,0.0,15.0,60.3
1784032877.848,1138,1.53,-0.744,0.0,0.0,13.4,62.2
1784032877.848,1138,1.25,-1.117,-0.295,0.0,13.4,62.2
1784032877.848,1138,1.858,0.176,-0.193,0.0,16.9,69.9
1784032877.848,1138,3.142,0.498,0.163,0.0,20.5,72.0
1784032877.848,1138,6.405,1.227,0.551,0.0,12.1,60.3
1784032877.848,1138,7.469,1.193,1.042,0.0,17.4,60.3
1784032877.848,1138,7.576,0.971,1.402,0.0,13.8,60.3
1784032877.898,1139,1.278,-0.883,-0.231,0.0,14.5,60.7
1784032877.898,1139,1.555,-0.691,0.015,0.0,13.1,62.5
1784032877.898,1139,1.258,-1.117,-0.258,0.0,13.1,62.5
1784032877.898,1139,1.857,0.176,-0.198,0.0,16.7,70.1
1784032877.898,1139,3.142,0.498,0.16,0.0,20.7,71.7
1784032877.898,1139,6.415,1.227,0.418,0.0,11.7,60.3
1784032877.898,1139,7.434,1.432,0.991,0.0,17.7,59.9
1784032877.898,1139,7.601,0.971,1.26,0.0,14.4,59.6
1784032878.001,1140,1.282,-0.883,-0.209,0.0,14.3,61.0
1784032878.001,1140,1.555,-0.691,0.023,0.0,12.9,62.7
1784032878.001,1140,1.247,-1.117,-0.304,0.0,12.9,62.7
1784032878.001,1140,1.849,0.235,-0.215,0.0,16.5,70.3
1784032878.001,1140,3.142,0.498,0.163,0.0,20.6,71.8
1784032878.001,1140,6.419,1.227,0.348,0.0,11.5,60.6
1784032878.001,1140,7.498,0.954,1.08,0.0,17.1,60.4
1784032878.001,1140,7.606,0.971,1.233,0.0,13.8,60.2
1784032878.154,1141,1.284,-0.883,-0.196,0.0,14.2,61.0
1784032878.154,1141,1.53,-0.744,-0.019,0.0,13.1,62.6
1784032878.154,1141,1.234,-1.117,-0.356,0.0,13.1,62.6
1784032878.154,1141,1.858,0.176,-0.193,0.0,16.8,69.9
1784032878.154,1141,3.142,0.498,0.161,0.0,20.5,71.9
1784032878.154,1141,6.403,1.227,0.573,0.0,12.2,60.3
1784032878.154,1141,7.479,1.193,0.971,0.0,16.9,60.5
1784032878.154,1141,7.611,0.971,1.198,0.0,13.7,60.2
1784032878.204,1142,1.278,-0.883,-0.23,0.0,14.7,60.4
1784032878.204,1142,1.53,-0.744,-0.002,0.0,12.8,62.6
1784032878.204,1142,1.269,-1.117,-0.196,0.0,12.8,62.6
1784032878.204,1142,1.849,0.235,-0.216,0.0,16.6,70.2
1784032878.204,1142,3.142,0.498,0.161,0.0,20.6,71.8
1784032878.204,1142,6.412,1.227,0.45,0.0,11.6,60.3
1784032878.204,1142,7.499,0.954,1.069,0.0,17.4,60.0
1784032878.204,1142,7.614,0.971,1.181,0.0,14.2,59.7
1784032878.305,1143,1.286,-0.883,-0.178,0.0,14.7,60.3
1784032878.305,1143,1.555,-0.691,0.022,0.0,12.7,62.8
1784032878.305,1143,1.235,-1.117,-0.352,0.0,12.7,62.8
1784032878.305,1143,1.848,0.235,-0.219,0.0,16.3,70.5
1784032878.305,1143,3.141,0.498,0.165,0.0,20.6,71.8
1784032878.305,1143,7.5,0.954,1.061,0.0,17.2,60.2
1784032878.305,1143,7.624,0.971,1.115,0.0,13.8,60.4
1784032878.405,1144,1.28,-0.883,-0.218,0.0,14.9,60.4
1784032878.405,1144,1.577,-0.638,-0.013,0.0,13.1,62.5
1784032878.405,1144,1.259,-1.117,-0.253,0.0,13.1,62.5
1784032878.405,1144,1.857,0.176,-0.204,0.0,16.6,70.1
1784032878.405,1144,3.142,0.498,0.161,0.0,20.5,72.0
1784032878.405,1144,6.406,1.227,0.535,0.0,12.2,60.4
1784032878.405,1144,7.479,1.193,0.966,0.0,16.6,60.7
1784032878.405,1144,7.61,0.971,1.205,0.0,14.2,60.1
1784032878.506,1145,1.281,-0.883,-0.213,0.0,14.2,60.9
1784032878.506,1145,1.555,-0.691,0.011,0.0,12.8,62.7
1784032878.506,1145,1.252,-1.117,-0.285,0.0,12.8,62.7
1784032878.506,1145,1.847,0.235,-0.227,0.0,16.8,70.0
1784032878.506,1145,3.142,0.498,0.16,0.0,20.6,71.8
1784032878.506,1145,6.413,1.227,0.442,0.0,11.6,60.5
1784032878.506,1145,7.502,0.954,1.047,0.0,16.9,60.4
1784032878.506,1145,7.595,0.971,1.299,0.0,13.6,60.6
1784032878.607,1146,1.282,-0.883,-0.209,0.0,14.4,60.8
1784032878.607,1146,1.555,-0.691,0.021,0.0,12.8,62.7
1784032878.607,1146,1.263,-1.117,-0.231,0.0,12.8,62.7
1784032878.607,1146,1.848,0.235,-0.223,0.0,16.6,70.2
1784032878.607,1146,3.141,0.498,0.167,0.0,20.5,71.9
1784032878.607,1146,7.472,1.193,1.017,0.0,17.0,60.4
1784032878.607,1146,7.602,0.971,1.254,0.0,13.8,60.1
1784032878.71,1147,1.28,-0.883,-0.217,0.0,14.6,60.8
1784032878.71,1147,1.53,-0.744,-0.011,0.0,13.2,62.4
1784032878.71,1147,1.245,-1.117,-0.315,0.0,13.2,62.4
1784032878.71,1147,1.857,0.176,-0.201,0.0,16.8,70.0
1784032878.71,1147,3.142,0.498,0.164,0.0,20.4,72.0
1784032878.71,1147,6.393,1.227,0.674,0.0,12.3,60.1
1784032878.71,1147,7.472,1.193,1.021,0.0,17.2,60.1
1784032878.71,1147,7.614,0.971,1.18,0.0,14.4,59.6
1784032878.811,1148,1.277,-0.883,-0.236,0.0,14.8,60.4
1784032878.811,1148,1.555,-0.691,0.005,0.0,13.8,61.8
1784032878.811,1148,1.241,-1.117,-0.328,0.0,13.8,61.8
1784032878.811,1148,1.848,0.235,-0.225,0.0,16.9,69.8
1784032878.811,1148,3.142,0.498,0.163,0.0,20.4,72.0
1784032878.811,1148,6.406,1.227,0.531,0.0,11.8,60.8
1784032878.811,1148,7.501,0.954,1.056,0.0,16.9,60.5
1784032878.811,1148,7.594,0.971,1.302,0.0,13.9,60.0
1784032878.912,1149,1.278,-0.883,-0.228,0.0,14.4,60.7
1784032878.912,1149,1.554,-0.691,0.033,0.0,12.9,62.6
1784032878.912,1149,1.246,-1.117,-0.312,0.0,12.9,62.6
1784032878.912,1149,1.848,0.235,-0.225,0.0,16.4,70.4
1784032878.912,1149,3.142,0.498,0.164,0.0,20.3,72.1
1784032878.912,1149,6.407,1.227,0.524,0.0,11.9,60.6
1784032878.912,1149,7.501,0.954,1.058,0.0,17.1,60.3
1784032878.912,1149,7.577,0.971,1.397,0.0,14.2,59.8
1784032879.015,1150,1.276,-0.883,-0.241,0.0,14.6,60.5
1784032879.015,1150,1.53,-0.744,-0.023,0.0,12.9,62.8
1784032879.015,1150,1.233,-1.117,-0.358,0.0,12.9,62.8
1784032879.015,1150,1.857,0.176,-0.202,0.0,16.4,70.3
1784032879.015,1150,3.142,0.498,0.163,0.0,20.5,71.9
1784032879.015,1150,7.471,1.193,1.027,0.0,16.9,60.5
1784032879.015,1150,7.581,0.971,1.377,0.0,14.2,60.1
1784032879.117,1151,1.279,-0.883,-0.224,0.0,14.4,60.7
1784032879.117,1151,1.555,-0.691,0.009,0.0,12.8,62.7
1784032879.117,1151,1.23,-1.117,-0.368,0.0,12.8,62.7
1784032879.117,1151,1.848,0.235,-0.222,0.0,16.6,70.2
1784032879.117,1151,3.142,0.498,0.159,0.0,20.4,72.0
1784032879.117,1151,7.494,0.954,1.104,0.0,17.8,59.6
1784032879.117,1151,7.558,1.213,1.307,0.0,15.2,59.2
1784032879.218,1152,1.283,-0.883,-0.203,0.0,14.2,60.9
1784032879.218,1152,1.554,-0.691,0.034,0.0,13.0,62.6
1784032879.218,1152,1.254,-1.117,-0.276,0.0,13.0,62.6
1784032879.218,1152,1.849,0.235,-0.216,0.0,16.6,70.2
1784032879.218,1152,3.141,0.498,0.164,0.0,20.5,71.9
1784032879.218,1152,7.499,0.954,1.075,0.0,17.3,60.1
1784032879.218,1152,7.592,0.971,1.314,0.0,15.0,59.5
1784032879.319,1153,1.314,-0.834,-0.208,0.0,14.5,60.7
1784032879.319,1153,1.555,-0.691,0.007,0.0,13.4,62.3
1784032879.319,1153,1.248,-1.117,-0.3,0.0,13.4,62.3
1784032879.319,1153,1.858,0.176,-0.191,0.0,16.6,70.2
1784032879.319,1153,3.142,0.498,0.164,0.0,20.4,72.0
1784032879.319,1153,7.473,1.193,1.016,0.0,17.0,60.4
1784032879.319,1153,7.586,1.213,1.138,0.0,15.0,59.6
1784032879.421,1154,1.281,-0.883,-0.214,0.0,14.7,60.4
1784032879.421,1154,1.555,-0.691,0.001,0.0,13.3,62.3
1784032879.421,1154,1.235,-1.117,-0.349,0.0,13.3,62.3
1784032879.421,1154,1.85,0.235,-0.207,0.0,16.8,69.9
1784032879.421,1154,3.142,0.498,0.161,0.0,20.7,71.7
1784032879.421,1154,6.41,1.227,0.483,0.0,11.3,60.8
1784032879.421,1154,7.494,0.954,1.106,0.0,16.8,60.5
1784032879.421,1154,7.591,1.213,1.102,0.0,14.4,60.2
1784032879.522,1155,1.284,-0.883,-0.192,0.0,15.5,59.7
1784032879.522,1155,1.555,-0.691,0.012,0.0,14.2,61.3
1784032879.522,1155,1.231,-1.117,-0.365,0.0,14.2,61.3
1784032879.522,1155,1.849,0.235,-0.212,0.0,17.0,69.8
1784032879.522,1155,3.142,0.498,0.163,0.0,20.5,71.9
1784032879.522,1155,6.416,1.227,0.391,0.0,11.4,60.8
1784032879.522,1155,7.5,0.954,1.066,0.0,17.2,60.2
1784032879.522,1155,7.603,0.971,1.25,0.0,14.7,59.7
1784032879.623,1156,1.286,-0.883,-0.182,0.0,14.4,60.7
1784032879.623,1156,1.555,-0.691,0.019,0.0,13.4,62.3
1784032879.623,1156,1.243,-1.117,-0.322,0.0,13.4,62.3
1784032879.623,1156,1.858,0.176,-0.195,0.0,16.7,70.1
1784032879.623,1156,3.142,0.498,0.161,0.0,20.6,71.9
1784032879.623,1156,7.491,0.954,1.127,0.0,17.0,60.5
1784032879.623,1156,7.582,1.213,1.164,0.0,14.3,60.2
1784032879.724,1157,1.278,-0.883,-0.231,0.0,14.2,60.8
1784032879.724,1157,1.555,-0.691,0.019,0.0,12.7,62.9
1784032879.724,1157,1.246,-1.117,-0.308,0.0,12.7,62.9
1784032879.724,1157,1.857,0.176,-0.198,0.0,16.5,70.2
1784032879.724,1157,3.142,0.498,0.162,0.0,20.5,71.9
1784032879.724,1157,7.465,1.193,1.073,0.0,16.9,60.5
1784032879.724,1157,7.604,0.971,1.242,0.0,14.8,59.6
1784032879.825,1158,1.278,-0.883,-0.23,0.0,14.6,60.5
1784032879.825,1158,1.554,-0.691,0.036,0.0,12.8,62.7
1784032879.825,1158,1.244,-1.117,-0.319,0.0,12.8,62.7
1784032879.825,1158,1.849,0.235,-0.217,0.0,16.7,70.1
1784032879.825,1158,3.142,0.498,0.162,0.0,20.6,71.8
1784032879.825,1158,7.497,0.954,1.087,0.0,16.9,60.7
1784032879.825,1158,7.592,0.971,1.314,0.0,14.4,60.0
1784032879.927,1159,1.284,-0.883,-0.196,0.0,14.3,60.9
1784032879.927,1159,1.555,-0.691,0.001,0.0,12.9,62.8
1784032879.927,1159,1.248,-1.117,-0.301,0.0,12.9,62.8
1784032879.927,1159,1.858,0.176,-0.195,0.0,16.5,70.3
1784032879.927,1159,3.142,0.498,0.162,0.0,20.4,72.0
1784032879.927,1159,7.491,0.954,1.126,0.0,17.6,59.9
1784032879.927,1159,7.593,0.971,1.306,0.0,14.5,59.8
1784032880.028,1160,1.281,-0.883,-0.214,0.0,14.1,61.1
1784032880.028,1160,1.555,-0.691,0.01,0.0,12.9,62.8
1784032880.028,1160,1.239,-1.117,-0.336,0.0,12.9,62.8
1784032880.028,1160,1.857,0.176,-0.196,0.0,16.4,70.5
1784032880.028,1160,3.142,0.498,0.162,0.0,20.5,72.0
1784032880.028,1160,6.413,1.227,0.448,0.0,11.6,60.4
1784032880.028,1160,7.469,1.193,1.039,0.0,17.3,60.1
1784032880.028,1160,7.607,0.971,1.222,0.0,14.2,59.9
1784032880.129,1161,1.285,-0.883,-0.186,0.0,14.7,60.3
1784032880.129,1161,1.555,-0.691,0.023,0.0,13.4,62.2
1784032880.129,1161,1.255,-1.117,-0.271,0.0,13.4,62.2
1784032880.129,1161,1.85,0.235,-0.208,0.0,16.5,70.2
1784032880.129,1161,3.142,0.498,0.163,0.0,20.4,72.0
1784032880.129,1161,7.499,0.954,1.07,0.0,17.0,60.5
1784032880.129,1161,7.61,0.971,1.206,0.0,14.1,60.0
1784032880.231,1162,1.284,-0.883,-0.194,0.0,14.7,60.5
1784032880.231,1162,1.555,-0.691,0.012,0.0,13.5,62.1
1784032880.231,1162,1.255,-1.117,-0.273,0.0,13.5,62.1
1784032880.231,1162,1.859,0.176,-0.181,0.0,16.8,69.9
1784032880.231,1162,3.142,0.498,0.163,0.0,20.3,72.1
1784032880.231,1162,7.469,1.193,1.042,0.0,17.4,60.1
1784032880.231,1162,7.615,0.971,1.175,0.0,14.4,59.8
1784032880.333,1163,1.282,-0.883,-0.209,0.0,14.3,60.9
1784032880.333,1163,1.577,-0.638,-0.004,0.0,12.9,62.7
1784032880.333,1163,1.241,-1.117,-0.331,0.0,12.9,62.7
1784032880.333,1163,1.859,0.176,-0.185,0.0,16.7,70.1
1784032880.333,1163,3.142,0.498,0.16,0.0,20.3,72.1
1784032880.333,1163,7.472,1.193,1.022,0.0,16.5,60.9
1784032880.333,1163,7.605,0.971,1.238,0.0,13.5,60.7
1784032880.436,1164,1.284,-0.883,-0.195,0.0,14.5,60.7
1784032880.436,1164,1.555,-0.691,0.017,0.0,13.0,62.6
1784032880.436,1164,1.24,-1.117,-0.332,0.0,13.0,62.6
1784032880.436,1164,1.85,0.235,-0.204,0.0,16.5,70.3
1784032880.436,1164,3.142,0.498,0.163,0.0,20.4,72.0
1784032880.436,1164,7.474,1.193,1.008,0.0,17.4,60.2
1784032880.436,1164,7.602,0.971,1.257,0.0,14.1,60.2
1784032880.54,1165,1.312,-0.834,-0.221,0.0,14.3,61.0
1784032880.54,1165,1.555,-0.691,0.01,0.0,12.6,63.0
1784032880.54,1165,1.246,-1.117,-0.311,0.0,12.6,63.0
1784032880.54,1165,1.859,0.176,-0.185,0.0,16.4,70.4
1784032880.54,1165,3.142,0.498,0.162,0.0,20.6,71.9
1784032880.54,1165,7.468,1.193,1.047,0.0,17.3,60.1
1784032880.54,1165,7.605,0.971,1.236,0.0,14.1,60.1
1784032880.641,1166,1.28,-0.883,-0.217,0.0,14.5,60.8
1784032880.641,1166,1.555,-0.691,0.006,0.0,12.9,62.7
1784032880.641,1166,1.242,-1.117,-0.327,0.0,12.9,62.7
1784032880.641,1166,1.858,0.176,-0.188,0.0,16.6,70.1
1784032880.641,1166,3.142,0.498,0.159,0.0,20.4,72.0
1784032880.641,1166,6.412,1.227,0.457,0.0,11.4,60.7
1784032880.641,1166,7.468,1.193,1.047,0.0,17.4,60.1
1784032880.641,1166,7.609,0.971,1.215,0.0,13.9,60.3
1784032880.743,1167,1.281,-0.883,-0.214,0.0,14.1,61.1
1784032880.743,1167,1.554,-0.691,0.04,0.0,12.8,62.8
1784032880.743,1167,1.246,-1.117,-0.31,0.0,12.8,62.8
1784032880.743,1167,1.85,0.235,-0.209,0.0,16.8,69.9
1784032880.743,1167,3.142,0.498,0.162,0.0,20.5,71.9
1784032880.743,1167,7.494,0.954,1.107,0.0,16.8,60.7
1784032880.743,1167,7.587,1.213,1.131,0.0,13.8,60.4
1784032880.844,1168,1.28,-0.883,-0.218,0.0,14.4,60.9
1784032880.844,1168,1.555,-0.691,0.011,0.0,12.9,62.6
1784032880.844,1168,1.252,-1.117,-0.284,0.0,12.9,62.6
1784032880.844,1168,1.858,0.176,-0.191,0.0,16.5,70.2
1784032880.844,1168,3.142,0.498,0.161,0.0,20.5,71.9
1784032880.844,1168,6.415,1.227,0.409,0.0,11.7,60.7
1784032880.844,1168,7.465,1.193,1.071,0.0,17.2,60.2
1784032880.844,1168,7.606,0.971,1.231,0.0,14.2,60.2
1784032880.947,1169,1.283,-0.883,-0.203,0.0,14.5,60.7
1784032880.947,1169,1.555,-0.691,0.022,0.0,13.1,62.5
1784032880.947,1169,1.242,-1.117,-0.324,0.0,13.1,62.5
1784032880.947,1169,1.857,0.176,-0.196,0.0,16.6,70.1
1784032880.947,1169,3.142,0.498,0.159,0.0,20.4,72.0
1784032880.947,1169,6.409,1.227,0.491,0.0,12.0,60.4
1784032880.947,1169,7.472,1.193,1.022,0.0,17.1,60.4
1784032880.947,1169,7.606,0.971,1.233,0.0,14.4,60.0
1784032880.999,1170,1.281,-0.883,-0.215,0.0,14.3,60.8
1784032880.999,1170,1.555,-0.691,0.025,0.0,13.0,62.7
1784032880.999,1170,1.249,-1.117,-0.299,0.0,13.0,62.7
1784032880.999,1170,1.848,0.235,-0.219,0.0,16.6,70.2
1784032880.999,1170,3.142,0.498,0.162,0.0,20.6,71.8
1784032880.999,1170,7.493,0.954,1.114,0.0,16.9,60.5
1784032880.999,1170,7.609,0.971,1.214,0.0,13.8,60.5
1784032881.152,1171,1.28,-0.883,-0.217,0.0,14.9,60.3
1784032881.152,1171,1.554,-0.691,0.03,0.0,13.0,62.6
1784032881.152,1171,1.228,-1.117,-0.376,0.0,13.0,62.6
1784032881.152,1171,1.848,0.235,-0.219,0.0,16.3,70.5
1784032881.152,1171,3.142,0.498,0.163,0.0,20.6,71.8
1784032881.152,1171,7.497,0.954,1.088,0.0,17.3,60.3
1784032881.152,1171,7.621,0.971,1.133,0.0,14.0,60.1
1784032881.203,1172,1.283,-0.883,-0.203,0.0,14.7,60.5
1784032881.203,1172,1.555,-0.691,0.017,0.0,12.6,63.0
1784032881.203,1172,1.24,-1.117,-0.333,0.0,12.6,63.0
1784032881.203,1172,1.857,0.176,-0.2,0.0,16.3,70.5
1784032881.203,1172,3.142,0.498,0.162,0.0,20.4,72.0
1784032881.203,1172,7.469,1.193,1.042,0.0,16.9,60.5
1784032881.203,1172,7.605,0.971,1.24,0.0,14.2,60.0
1784032881.304,1173,1.284,-0.883,-0.197,0.0,14.8,60.3
1784032881.304,1173,1.555,-0.691,0.018,0.0,13.1,62.5
1784032881.304,1173,1.247,-1.117,-0.306,0.0,13.1,62.5
1784032881.304,1173,1.849,0.235,-0.218,0.0,16.5,70.3
1784032881.304,1173,3.142,0.498,0.161,0.0,20.6,71.8
1784032881.304,1173,6.409,1.227,0.493,0.0,11.3,60.8
1784032881.304,1173,7.49,0.954,1.132,0.0,16.8,60.7
1784032881.304,1173,7.608,0.971,1.221,0.0,13.8,60.4
1784032881.405,1174,1.281,-0.883,-0.213,0.0,14.4,60.7
1784032881.405,1174,1.554,-0.691,0.033,0.0,12.5,63.1
1784032881.405,1174,1.244,-1.117,-0.317,0.0,12.5,63.1
1784032881.405,1174,1.849,0.235,-0.215,0.0,16.4,70.5
1784032881.405,1174,3.141,0.498,0.164,0.0,20.6,71.8
1784032881.405,1174,7.498,0.954,1.078,0.0,16.9,60.6
1784032881.405,1174,7.602,0.971,1.255,0.0,14.2,60.2
1784032881.507,1175,1.28,-0.883,-0.216,0.0,15.0,60.3
1784032881.507,1175,1.53,-0.744,-0.021,0.0,13.0,62.6
1784032881.507,1175,1.227,-1.117,-0.377,0.0,13.0,62.6
1784032881.507,1175,1.858,0.176,-0.194,0.0,16.5,70.2
1784032881.507,1175,3.142,0.498,0.162,0.0,20.5,71.9
1784032881.507,1175,6.405,1.227,0.542,0.0,11.7,60.7
1784032881.507,1175,7.47,1.193,1.035,0.0,17.0,60.5
1784032881.507,1175,7.613,0.971,1.184,0.0,14.7,59.6
1784032881.608,1176,1.283,-0.883,-0.202,0.0,14.4,60.7
1784032881.608,1176,1.554,-0.691,0.031,0.0,13.1,62.5
1784032881.608,1176,1.237,-1.117,-0.344,0.0,13.1,62.5
1784032881.608,1176,1.849,0.235,-0.217,0.0,16.7,70.1
1784032881.608,1176,3.142,0.498,0.161,0.0,20.4,72.0
1784032881.608,1176,6.418,1.227,0.365,0.0,11.7,60.7
1784032881.608,1176,7.506,0.954,1.023,0.0,16.8,60.7
1784032881.608,1176,7.607,0.971,1.225,0.0,14.1,60.2
1784032881.709,1177,0.523,0.142,0.169,0.0,11.9,62.8
1784032881.709,1177,1.28,-0.883,-0.218,0.0,14.5,60.8
1784032881.709,1177,1.552,-0.691,0.093,0.0,12.6,63.0
1784032881.709,1177,1.047,-1.17,-0.657,0.0,12.6,63.0
1784032881.709,1177,1.85,0.235,-0.202,0.0,16.6,70.2
1784032881.709,1177,3.142,0.498,0.161,0.0,20.4,72.0
1784032881.709,1177,6.449,1.023,0.443,0.0,11.4,60.7
1784032881.709,1177,7.499,0.954,1.071,0.0,17.3,60.3
1784032881.709,1177,7.613,0.971,1.185,0.0,14.2,60.0
1784032881.811,1178,0.524,0.142,0.163,0.0,12.2,62.6
1784032881.811,1178,1.28,-0.883,-0.221,0.0,14.8,60.6
1784032881.811,1178,1.554,-0.691,0.053,0.0,12.8,62.9
1784032881.811,1178,1.175,-1.117,-0.517,0.0,12.8,62.9
1784032881.811,1178,1.858,0.176,-0.189,0.0,16.7,70.1
1784032881.811,1178,3.142,0.498,0.16,0.0,20.4,72.0
1784032881.811,1178,7.469,1.193,1.044,0.0,17.0,60.4
1784032881.811,1178,7.614,0.971,1.182,0.0,14.4,59.8
1784032881.912,1179,0.519,0.142,0.18,0.0,12.2,62.9
1784032881.912,1179,1.277,-0.883,-0.235,0.0,14.3,60.6
1784032881.912,1179,1.524,-0.744,0.134,0.0,13.1,62.6
1784032881.912,1179,1.086,-1.117,-0.684,0.0,13.1,62.6
1784032881.912,1179,1.849,0.235,-0.216,0.0,16.8,70.0
1784032881.912,1179,3.142,0.498,0.157,0.0,20.6,71.9
1784032881.912,1179,7.476,1.193,0.994,0.0,16.8,60.7
1784032881.912,1179,7.641,0.971,0.995,0.0,14.2,60.1
1784032882.013,1180,0.518,0.142,0.183,0.0,12.0,62.9
1784032882.013,1180,1.285,-0.883,-0.187,0.0,14.3,60.8
1784032882.013,1180,1.848,0.235,-0.219,0.0,17.0,69.8
1784032882.013,1180,3.141,0.498,0.165,0.0,20.3,72.1
1784032882.013,1180,7.468,1.193,1.045,0.0,17.1,60.3
1784032882.013,1180,7.607,1.213,0.983,0.0,14.4,60.0
1784032882.115,1181,0.514,0.142,0.195,0.0,12.4,62.6
1784032882.115,1181,1.284,-0.883,-0.197,0.0,14.6,60.4
1784032882.115,1181,1.847,0.235,-0.231,0.0,16.9,69.9
1784032882.115,1181,3.142,0.498,0.159,0.0,20.5,72.0
1784032882.115,1181,6.4,1.227,0.602,0.0,11.8,60.4
1784032882.115,1181,7.47,1.193,1.038,0.0,17.4,59.9
1784032882.115,1181,7.627,0.971,1.094,0.0,14.6,59.7
1784032882.219,1182,0.515,0.142,0.191,0.0,12.0,63.0
1784032882.219,1182,1.288,-0.883,-0.167,0.0,14.2,60.8
1784032882.219,1182,1.848,0.235,-0.219,0.0,16.9,69.8
1784032882.219,1182,3.141,0.498,0.171,0.0,20.5,72.0
1784032882.219,1182,7.47,1.193,1.035,0.0,17.0,60.4
1784032882.219,1182,7.629,0.971,1.077,0.0,14.4,59.8
1784032882.32,1183,0.517,0.142,0.185,0.0,12.9,62.2
1784032882.32,1183,1.288,-0.883,-0.165,0.0,14.8,60.4
1784032882.32,1183,1.849,0.235,-0.211,0.0,16.8,69.9
1784032882.32,1183,3.142,0.498,0.156,0.0,20.3,72.1
1784032882.32,1183,6.431,1.023,0.652,0.0,11.6,60.3
1784032882.32,1183,7.501,0.954,1.056,0.0,17.3,60.2
1784032882.32,1183,7.633,0.971,1.049,0.0,14.5,59.8
1784032882.422,1184,0.516,0.142,0.187,0.0,12.4,62.8
1784032882.422,1184,1.275,-0.883,-0.244,0.0,14.4,60.5
1784032882.422,1184,1.856,0.176,-0.21,0.0,17.0,69.7
1784032882.422,1184,3.142,0.498,0.161,0.0,20.7,71.8
1784032882.422,1184,7.467,1.193,1.052,0.0,17.0,60.4
1784032882.422,1184,7.623,0.971,1.12,0.0,14.7,59.7
1784032882.524,1185,0.509,0.142,0.207,0.0,12.2,62.9
1784032882.524,1185,1.279,-0.883,-0.227,0.0,14.2,60.9
1784032882.524,1185,1.849,0.235,-0.211,0.0,16.6,70.1
1784032882.524,1185,3.141,0.498,0.167,0.0,20.3,72.2
1784032882.524,1185,7.464,1.193,1.078,0.0,17.0,60.4
1784032882.524,1185,7.627,0.971,1.094,0.0,14.6,59.8
1784032882.625,1186,0.514,0.142,0.194,0.0,12.5,62.6
1784032882.625,1186,1.275,-0.883,-0.246,0.0,14.7,60.5
1784032882.625,1186,1.849,0.235,-0.215,0.0,16.5,70.3
1784032882.625,1186,3.142,0.498,0.157,0.0,20.7,71.8
1784032882.625,1186,6.382,1.227,0.769,0.0,11.6,60.7
1784032882.625,1186,7.471,1.193,1.024,0.0,16.7,60.7
1784032882.625,1186,7.624,0.971,1.117,0.0,14.3,60.0
1784032882.727,1187,0.515,0.142,0.19,0.0,12.6,62.5
1784032882.727,1187,1.279,-0.883,-0.223,0.0,14.6,60.2
1784032882.727,1187,1.856,0.176,-0.206,0.0,16.8,70.0
1784032882.727,1187,3.142,0.498,0.162,0.0,20.6,71.9
1784032882.727,1187,6.397,1.227,0.633,0.0,11.3,60.8
1784032882.727,1187,7.463,1.193,1.084,0.0,16.9,60.7
1784032882.727,1187,7.612,0.971,1.192,0.0,14.1,60.2
1784032882.828,1188,1.281,-0.883,-0.216,0.0,13.9,61.1
1784032882.828,1188,1.849,0.235,-0.216,0.0,16.5,70.3
1784032882.828,1188,3.142,0.498,0.161,0.0,20.6,71.9
1784032882.828,1188,7.469,1.193,1.038,0.0,17.0,60.6
1784032882.828,1188,7.619,0.971,1.147,0.0,14.0,60.4
1784032882.93,1189,1.274,-0.883,-0.25,0.0,14.7,60.3
1784032882.93,1189,1.858,0.176,-0.195,0.0,16.9,69.8
1784032882.93,1189,3.142,0.498,0.164,0.0,20.9,71.6
1784032882.93,1189,7.469,1.193,1.043,0.0,17.0,60.5
1784032882.93,1189,7.623,0.971,1.123,0.0,14.5,59.8
1784032883.03,1190,1.274,-0.883,-0.251,0.0,14.8,60.3
1784032883.03,1190,1.85,0.235,-0.203,0.0,16.8,70.0
1784032883.03,1190,3.142,0.498,0.163,0.0,20.3,72.1
1784032883.03,1190,7.466,1.193,1.063,0.0,17.0,60.5
1784032883.03,1190,7.599,1.213,1.043,0.0,14.4,60.0
1784032883.132,1191,1.268,-0.883,-0.282,0.0,14.7,60.0
1784032883.132,1191,1.857,0.176,-0.199,0.0,16.8,69.9
1784032883.132,1191,3.156,0.398,0.166,0.0,20.2,72.3
1784032883.132,1191,7.467,1.193,1.058,0.0,16.6,60.8
1784032883.132,1191,7.614,0.971,1.18,0.0,14.4,60.0
1784032883.233,1192,1.275,-0.883,-0.246,0.0,14.4,60.7
1784032883.233,1192,1.85,0.235,-0.203,0.0,16.8,70.0
1784032883.233,1192,3.141,0.498,0.165,0.0,20.6,71.9
1784032883.233,1192,6.436,1.023,0.603,0.0,11.4,60.4
1784032883.233,1192,7.464,1.193,1.075,0.0,16.6,60.8
1784032883.233,1192,7.621,0.971,1.136,0.0,14.4,59.9
1784032883.336,1193,1.284,-0.883,-0.196,0.0,14.6,60.4
1784032883.336,1193,1.858,0.176,-0.191,0.0,16.8,69.9
1784032883.336,1193,3.142,0.498,0.162,0.0,20.4,72.1
1784032883.336,1193,7.467,1.193,1.055,0.0,16.7,60.8
1784032883.336,1193,7.616,0.971,1.166,0.0,14.0,60.2
1784032883.438,1194,1.271,-0.883,-0.268,0.0,14.2,60.4
1784032883.438,1194,1.857,0.176,-0.202,0.0,16.8,70.1
1784032883.438,1194,3.141,0.498,0.165,0.0,20.3,72.2
1784032883.438,1194,7.478,1.193,0.978,0.0,16.7,60.8
1784032883.438,1194,7.615,0.971,1.172,0.0,14.2,60.3
1784032883.539,1195,0.517,0.142,0.184,0.0,12.3,62.8
1784032883.539,1195,1.278,-0.883,-0.231,0.0,14.4,60.6
1784032883.539,1195,1.849,0.235,-0.215,0.0,16.9,69.9
1784032883.539,1195,3.141,0.498,0.167,0.0,20.5,72.0
1784032883.539,1195,7.469,1.193,1.042,0.0,16.5,61.1
1784032883.539,1195,7.595,1.213,1.074,0.0,14.3,60.1
1784032883.64,1196,1.275,-0.883,-0.245,0.0,13.9,61.2
1784032883.64,1196,1.849,0.235,-0.212,0.0,16.6,70.2
1784032883.64,1196,3.142,0.498,0.16,0.0,20.5,72.0
1784032883.64,1196,6.421,1.023,0.74,0.0,11.9,60.0
1784032883.64,1196,7.478,1.193,0.977,0.0,17.3,60.4
1784032883.64,1196,7.598,1.213,1.052,0.0,14.5,59.8
1784032883.742,1197,1.267,-0.883,-0.283,0.0,14.3,60.2
1784032883.742,1197,1.857,0.176,-0.203,0.0,16.9,70.0
1784032883.742,1197,3.155,0.398,0.17,0.0,20.4,72.1
1784032883.742,1197,7.477,1.193,0.982,0.0,17.0,60.7
1784032883.742,1197,7.614,0.971,1.181,0.0,14.4,60.1
1784032883.843,1198,0.516,0.142,0.189,0.0,11.6,63.4
1784032883.843,1198,1.288,-0.883,-0.168,0.0,14.7,60.4
1784032883.843,1198,1.858,0.176,-0.194,0.0,16.7,70.1
1784032883.843,1198,3.141,0.498,0.167,0.0,20.3,72.1
1784032883.843,1198,7.472,1.193,1.02,0.0,17.6,60.1
1784032883.843,1198,7.617,0.971,1.158,0.0,14.7,59.7
1784032883.894,1199,1.283,-0.883,-0.203,0.0,14.4,60.7
1784032883.894,1199,1.857,0.176,-0.199,0.0,16.9,69.9
1784032883.894,1199,3.142,0.498,0.157,0.0,20.6,71.9
1784032883.894,1199,7.477,1.193,0.984,0.0,17.0,60.8
1784032883.894,1199,7.607,1.213,0.984,0.0,14.7,59.9
1784032884.047,1200,0.518,0.142,0.183,0.0,11.3,63.7
1784032884.047,1200,1.267,-0.883,-0.284,0.0,14.3,60.6
1784032884.047,1200,1.85,0.235,-0.207,0.0,16.9,69.9
1784032884.047,1200,3.141,0.498,0.165,0.0,20.4,72.1
1784032884.047,1200,7.469,1.193,1.043,0.0,16.7,61.0
1784032884.047,1200,7.624,0.971,1.112,0.0,13.8,60.7
1784032884.148,1201,0.517,0.142,0.184,0.0,11.6,63.5
1784032884.148,1201,1.28,-0.883,-0.218,0.0,14.2,60.9
1784032884.148,1201,1.858,0.176,-0.193,0.0,17.0,69.8
1784032884.148,1201,3.141,0.498,0.165,0.0,20.3,72.1
1784032884.148,1201,7.466,1.193,1.063,0.0,17.2,60.5
1784032884.148,1201,7.598,1.213,1.054,0.0,14.3,60.3
1784032884.198,1202,0.512,0.142,0.199,0.0,12.0,63.1
1784032884.198,1202,1.285,-0.883,-0.188,0.0,14.4,60.6
1784032884.198,1202,1.85,0.235,-0.209,0.0,16.8,70.0
1784032884.198,1202,3.142,0.498,0.161,0.0,20.6,71.8
1784032884.198,1202,6.403,1.227,0.57,0.0,11.7,60.9
1784032884.198,1202,7.463,1.193,1.086,0.0,16.8,61.0
1784032884.198,1202,7.602,1.213,1.023,0.0,14.2,60.3
1784032884.299,1203,0.517,0.142,0.184,0.0,11.5,63.5
1784032884.299,1203,1.279,-0.883,-0.224,0.0,14.2,60.9
1784032884.299,1203,1.527,-0.744,0.103,0.0,12.8,62.8
1784032884.299,1203,0.924,-1.17,-0.82,0.0,12.8,62.8
1784032884.299,1203,1.85,0.235,-0.204,0.0,16.8,70.0
1784032884.299,1203,3.142,0.498,0.163,0.0,20.4,72.1
1784032884.299,1203,6.397,1.227,0.633,0.0,11.6,60.9
1784032884.299,1203,7.474,1.193,1.003,0.0,17.0,60.7
1784032884.299,1203,7.604,1.213,1.009,0.0,14.0,60.4
1784032884.452,1204,0.518,0.142,0.183,0.0,11.7,63.3
1784032884.452,1204,1.275,-0.883,-0.245,0.0,15.1,59.9
1784032884.452,1204,1.848,0.235,-0.218,0.0,17.0,69.9
1784032884.452,1204,3.142,0.498,0.163,0.0,20.4,72.1
1784032884.452,1204,6.404,1.227,0.559,0.0,11.7,60.8
1784032884.452,1204,7.471,1.193,1.027,0.0,17.1,60.7
1784032884.452,1204,7.599,1.213,1.044,0.0,14.4,59.9
1784032884.503,1205,0.517,0.142,0.184,0.0,11.7,63.4
1784032884.503,1205,1.275,-0.883,-0.245,0.0,14.9,60.3
1784032884.503,1205,1.849,0.235,-0.213,0.0,16.8,70.0
1784032884.503,1205,3.142,0.498,0.164,0.0,20.7,71.8
1784032884.503,1205,6.405,1.227,0.549,0.0,11.8,60.6
1784032884.503,1205,7.47,1.193,1.034,0.0,16.9,60.8
1784032884.503,1205,7.611,1.213,0.952,0.0,14.3,60.1
1784032884.605,1206,1.281,-0.883,-0.21,0.0,14.5,60.6
1784032884.605,1206,1.849,0.235,-0.21,0.0,16.6,70.2
1784032884.605,1206,3.142,0.498,0.162,0.0,20.2,72.2
1784032884.605,1206,7.474,1.193,1.002,0.0,17.3,60.4
1784032884.605,1206,7.605,1.213,1.003,0.0,14.6,59.7
1784032884.707,1207,1.274,-0.883,-0.254,0.0,14.3,60.4
1784032884.707,1207,1.849,0.235,-0.21,0.0,16.5,70.3
1784032884.707,1207,3.141,0.498,0.167,0.0,20.3,72.1
1784032884.707,1207,7.471,1.193,1.024,0.0,16.9,60.8
1784032884.707,1207,7.629,0.971,1.08,0.0,14.6,59.8
1784032884.809,1208,1.284,-0.883,-0.195,0.0,14.4,60.7
1784032884.809,1208,1.859,0.176,-0.179,0.0,16.8,69.9
1784032884.809,1208,3.141,0.498,0.164,0.0,20.4,72.0
1784032884.809,1208,7.471,1.193,1.027,0.0,16.7,60.9
1784032884.809,1208,7.63,0.971,1.074,0.0,14.4,60.1
1784032884.91,1209,1.279,-0.883,-0.222,0.0,13.8,61.2
1784032884.91,1209,1.549,-0.691,0.131,0.0,12.6,63.1
1784032884.91,1209,0.928,-1.17,-0.815,0.0,12.6,63.1
1784032884.91,1209,1.851,0.235,-0.194,0.0,16.8,70.0
1784032884.91,1209,3.142,0.498,0.161,0.0,20.4,72.1
1784032884.91,1209,7.476,1.193,0.993,0.0,17.0,60.7
1784032884.91,1209,7.607,1.213,0.983,0.0,14.3,60.1
1784032885.02,1210,1.278,-0.883,-0.228,0.0,14.3,60.5
1784032885.02,1210,1.859,0.176,-0.184,0.0,16.7,70.1
1784032885.02,1210,3.141,0.498,0.166,0.0,20.5,72.0
1784032885.02,1210,7.476,1.193,0.992,0.0,16.8,60.9
1784032885.02,1210,7.623,0.971,1.122,0.0,14.3,60.1
1784032885.12,1211,1.286,-0.883,-0.179,0.0,14.6,60.4
1784032885.12,1211,1.858,0.176,-0.188,0.0,16.8,70.0
1784032885.12,1211,3.142,0.498,0.162,0.0,20.4,72.1
1784032885.12,1211,6.384,1.227,0.75,0.0,12.1,60.3
1784032885.12,1211,7.476,1.193,0.991,0.0,17.4,60.3
1784032885.12,1211,7.625,0.971,1.111,0.0,14.8,59.5
1784032885.222,1212,1.278,-0.883,-0.229,0.0,14.2,60.7
1784032885.222,1212,1.85,0.235,-0.206,0.0,16.2,70.6
1784032885.222,1212,3.142,0.498,0.161,0.0,20.4,72.0
1784032885.222,1212,6.396,1.227,0.648,0.0,11.2,60.8
1784032885.222,1212,7.477,1.193,0.986,0.0,17.4,60.3
1784032885.222,1212,7.629,0.971,1.079,0.0,14.9,59.5
1784032885.325,1213,0.516,0.142,0.187,0.0,11.9,63.1
1784032885.325,1213,1.274,-0.883,-0.253,0.0,14.2,60.7
1784032885.325,1213,1.85,0.235,-0.206,0.0,16.6,70.2
1784032885.325,1213,3.141,0.498,0.168,0.0,20.3,72.2
1784032885.325,1213,7.472,1.193,1.018,0.0,17.4,60.3
1784032885.325,1213,7.62,0.971,1.142,0.0,14.6,59.8
1784032885.426,1214,1.276,-0.883,-0.242,0.0,13.9,61.1
1784032885.426,1214,1.849,0.235,-0.212,0.0,16.7,70.1
1784032885.426,1214,3.141,0.498,0.165,0.0,20.4,72.0
1784032885.426,1214,6.436,1.023,0.605,0.0,11.7,60.3
1784032885.426,1214,7.47,1.193,1.033,0.0,17.5,60.2
1784032885.426,1214,7.602,1.213,1.022,0.0,14.9,59.6
1784032885.533,1215,1.274,-0.883,-0.253,0.0,14.3,60.8
1784032885.533,1215,1.849,0.235,-0.215,0.0,16.8,70.0
1784032885.533,1215,3.142,0.498,0.163,0.0,20.4,72.1
1784032885.533,1215,6.404,1.227,0.561,0.0,11.6,60.5
1784032885.533,1215,7.469,1.193,1.038,0.0,17.7,60.0
1784032885.533,1215,7.6,1.213,1.037,0.0,15.2,59.3
1784032885.635,1216,0.517,0.142,0.185,0.0,11.3,63.7
1784032885.635,1216,1.277,-0.883,-0.235,0.0,14.8,60.4
1784032885.635,1216,1.849,0.235,-0.217,0.0,16.9,69.9
1784032885.635,1216,3.141,0.498,0.165,0.0,20.2,72.3
1784032885.635,1216,6.401,1.227,0.594,0.0,11.9,60.3
1784032885.635,1216,7.468,1.193,1.047,0.0,17.9,59.8
1784032885.635,1216,7.628,0.971,1.084,0.0,15.4,59.2
1784032885.737,1217,0.516,0.142,0.188,0.0,12.3,62.7
1784032885.737,1217,1.276,-0.883,-0.242,0.0,15.0,60.3
1784032885.737,1217,1.849,0.235,-0.213,0.0,16.5,70.3
1784032885.737,1217,3.141,0.498,0.165,0.0,20.3,72.2
1784032885.737,1217,6.394,1.227,0.666,0.0,12.3,60.0
1784032885.737,1217,7.469,1.193,1.04,0.0,17.3,60.4
1784032885.737,1217,7.595,1.213,1.075,0.0,14.7,59.9
1784032885.838,1218,0.517,0.142,0.185,0.0,12.2,62.8
1784032885.838,1218,1.279,-0.883,-0.224,0.0,15.2,60.0
1784032885.838,1218,1.849,0.235,-0.214,0.0,16.7,70.1
1784032885.838,1218,3.142,0.498,0.163,0.0,20.4,72.1
1784032885.838,1218,6.394,1.227,0.66,0.0,11.9,60.1
1784032885.838,1218,7.467,1.193,1.056,0.0,16.9,60.7
1784032885.838,1218,7.599,1.213,1.047,0.0,14.7,59.9
1784032885.939,1219,0.517,0.142,0.184,0.0,11.6,63.4
1784032885.939,1219,1.275,-0.883,-0.247,0.0,14.4,60.6
1784032885.939,1219,1.526,-0.744,0.116,0.0,12.7,62.9
1784032885.939,1219,0.933,-1.17,-0.81,0.0,12.7,62.9
1784032885.939,1219,1.848,0.235,-0.218,0.0,16.5,70.2
1784032885.939,1219,3.141,0.498,0.164,0.0,20.4,72.1
1784032885.939,1219,7.473,1.193,1.011,0.0,17.2,60.6
1784032885.939,1219,7.611,0.971,1.201,0.0,14.6,60.0
1784032886.046,1220,0.52,0.142,0.177,0.0,12.0,63.1
1784032886.046,1220,1.278,-0.883,-0.228,0.0,14.2,60.8
1784032886.046,1220,1.524,-0.744,0.133,0.0,12.7,63.1
1784032886.046,1220,0.953,-1.17,-0.786,0.0,12.7,63.1
1784032886.046,1220,1.849,0.235,-0.216,0.0,16.4,70.3
1784032886.046,1220,3.141,0.498,0.166,0.0,20.6,71.9
1784032886.046,1220,6.396,1.227,0.641,0.0,11.5,60.6
1784032886.046,1220,7.469,1.193,1.043,0.0,17.4,60.3
1784032886.046,1220,7.595,1.213,1.071,0.0,15.0,59.5
1784032886.148,1221,0.518,0.142,0.183,0.0,12.0,63.0
1784032886.148,1221,1.283,-0.883,-0.204,0.0,13.7,61.5
1784032886.148,1221,1.849,0.235,-0.215,0.0,16.4,70.3
1784032886.148,1221,3.142,0.498,0.162,0.0,20.5,71.9
1784032886.148,1221,6.384,1.227,0.751,0.0,11.5,60.7
1784032886.148,1221,7.466,1.193,1.061,0.0,17.2,60.5
1784032886.148,1221,7.594,1.213,1.083,0.0,14.7,59.7
1784032886.249,1222,0.515,0.142,0.191,0.0,11.5,63.5
1784032886.249,1222,1.278,-0.883,-0.232,0.0,13.8,61.1
1784032886.249,1222,1.525,-0.744,0.125,0.0,12.7,63.0
1784032886.249,1222,0.918,-1.17,-0.827,0.0,12.7,63.0
1784032886.249,1222,1.848,0.235,-0.222,0.0,16.6,70.1
1784032886.249,1222,3.142,0.498,0.163,0.0,20.5,72.0
1784032886.249,1222,7.47,1.193,1.033,0.0,17.2,60.4
1784032886.249,1222,7.627,0.971,1.096,0.0,14.2,60.3
1784032886.301,1223,0.518,0.142,0.182,0.0,11.6,63.3
1784032886.301,1223,1.279,-0.883,-0.226,0.0,13.7,61.2
1784032886.301,1223,1.525,-0.744,0.124,0.0,12.5,63.3
1784032886.301,1223,0.947,-1.17,-0.794,0.0,12.5,63.3
1784032886.301,1223,1.849,0.235,-0.215,0.0,16.5,70.3
1784032886.301,1223,3.141,0.498,0.166,0.0,20.6,71.9
1784032886.301,1223,6.409,1.227,0.5,0.0,11.4,60.3
1784032886.301,1223,7.472,1.193,1.016,0.0,17.2,60.5
1784032886.301,1223,7.594,1.213,1.084,0.0,14.6,59.9
1784032886.402,1224,0.52,0.142,0.177,0.0,11.2,63.7
1784032886.402,1224,1.282,-0.883,-0.209,0.0,14.6,60.4
1784032886.402,1224,1.547,-0.691,0.151,0.0,13.2,62.5
1784032886.402,1224,0.958,-1.17,-0.781,0.0,13.2,62.5
1784032886.402,1224,1.859,0.176,-0.184,0.0,16.8,70.0
1784032886.402,1224,3.142,0.498,0.163,0.0,20.5,72.0
1784032886.402,1224,7.468,1.193,1.048,0.0,16.7,61.0
1784032886.402,1224,7.599,1.213,1.042,0.0,14.1,60.3
1784032886.504,1225,1.279,-0.883,-0.223,0.0,14.6,60.6
1784032886.504,1225,1.859,0.176,-0.18,0.0,17.0,69.8
1784032886.504,1225,3.142,0.498,0.164,0.0,20.4,72.1
1784032886.504,1225,7.468,1.193,1.048,0.0,16.6,61.1
1784032886.504,1225,7.603,1.213,1.015,0.0,14.1,60.4
1784032886.605,1226,1.275,-0.883,-0.244,0.0,14.1,61.1
1784032886.605,1226,1.859,0.176,-0.178,0.0,16.9,69.9
1784032886.605,1226,3.142,0.498,0.162,0.0,20.4,72.1
1784032886.605,1226,6.407,1.227,0.518,0.0,11.7,60.6
1784032886.605,1226,7.464,1.193,1.078,0.0,16.5,61.1
1784032886.605,1226,7.609,1.213,0.971,0.0,14.0,60.4
1784032886.711,1227,0.519,0.142,0.179,0.0,11.3,63.7
1784032886.711,1227,1.274,-0.883,-0.253,0.0,14.7,60.5
1784032886.711,1227,1.85,0.235,-0.206,0.0,16.6,70.1
1784032886.711,1227,3.142,0.498,0.163,0.0,20.3,72.2
1784032886.711,1227,7.473,1.193,1.013,0.0,16.7,61.0
1784032886.711,1227,7.612,1.213,0.944,0.0,14.3,60.1
1784032886.813,1228,1.279,-0.883,-0.227,0.0,14.1,61.2
1784032886.813,1228,1.859,0.176,-0.185,0.0,16.5,70.2
1784032886.813,1228,3.141,0.498,0.165,0.0,20.3,72.2
1784032886.813,1228,7.471,1.193,1.03,0.0,17.0,60.7
1784032886.813,1228,7.606,1.213,0.991,0.0,14.6,59.9
1784032886.915,1229,1.286,-0.883,-0.18,0.0,15.0,60.2
1784032886.915,1229,1.847,0.235,-0.231,0.0,16.7,70.1
1784032886.915,1229,3.142,0.498,0.163,0.0,20.4,72.1
1784032886.915,1229,6.4,1.227,0.603,0.0,11.3,60.7
1784032886.915,1229,7.473,1.193,1.012,0.0,16.6,61.1
1784032886.915,1229,7.622,0.971,1.128,0.0,14.0,60.4
1784032887.017,1230,1.277,-0.883,-0.235,0.0,14.7,60.2
1784032887.017,1230,1.848,0.235,-0.226,0.0,16.9,69.9
1784032887.017,1230,3.142,0.498,0.159,0.0,20.2,72.2
1784032887.017,1230,7.477,1.193,0.985,0.0,16.7,61.1
1784032887.017,1230,7.597,1.213,1.056,0.0,14.3,60.1
1784032887.118,1231,1.272,-0.883,-0.26,0.0,14.1,60.6
1784032887.118,1231,1.857,0.176,-0.199,0.0,16.6,70.2
1784032887.118,1231,3.155,0.398,0.172,0.0,20.3,72.2
1784032887.118,1231,7.473,1.193,1.014,0.0,17.2,60.4
1784032887.118,1231,7.628,0.971,1.088,0.0,14.7,59.5
1784032887.22,1232,0.517,0.142,0.184,0.0,12.2,62.8
1784032887.22,1232,1.286,-0.883,-0.181,0.0,14.5,60.6
1784032887.22,1232,1.858,0.176,-0.195,0.0,16.5,70.3
1784032887.22,1232,3.141,0.498,0.165,0.0,20.5,72.0
1784032887.22,1232,6.406,1.227,0.539,0.0,11.5,60.5
1784032887.22,1232,7.471,1.193,1.028,0.0,16.8,60.7
1784032887.22,1232,7.618,0.971,1.154,0.0,14.3,59.9
1784032887.32,1233,0.514,0.142,0.192,0.0,12.8,62.2
1784032887.32,1233,1.27,-0.883,-0.269,0.0,14.6,60.5
1784032887.32,1233,1.848,0.235,-0.218,0.0,16.8,69.9
1784032887.32,1233,3.142,0.498,0.16,0.0,20.6,71.9
1784032887.32,1233,6.402,1.227,0.579,0.0,11.7,60.6
1784032887.32,1233,7.465,1.193,1.07,0.0,17.0,60.7
1784032887.32,1233,7.592,1.213,1.094,0.0,14.0,60.3
1784032887.427,1234,0.519,0.142,0.18,0.0,12.0,63.0
1784032887.427,1234,1.279,-0.883,-0.225,0.0,14.4,60.6
1784032887.427,1234,1.849,0.235,-0.212,0.0,16.7,70.1
1784032887.427,1234,3.141,0.498,0.165,0.0,20.3,72.2
1784032887.427,1234,6.421,1.023,0.747,0.0,11.3,60.5
1784032887.427,1234,7.47,1.193,1.037,0.0,17.5,60.1
1784032887.427,1234,7.609,0.971,1.215,0.0,14.3,60.0
1784032887.53,1235,0.518,0.142,0.183,0.0,11.4,63.6
1784032887.53,1235,1.28,-0.883,-0.217,0.0,14.5,60.6
1784032887.53,1235,1.857,0.176,-0.2,0.0,16.6,70.1
1784032887.53,1235,3.141,0.498,0.165,0.0,20.3,72.1
1784032887.53,1235,6.394,1.227,0.666,0.0,11.8,60.2
1784032887.53,1235,7.471,1.193,1.029,0.0,17.0,60.5
1784032887.53,1235,7.59,1.213,1.11,0.0,14.4,59.9
1784032887.631,1236,1.277,-0.883,-0.238,0.0,14.6,60.4
1784032887.631,1236,1.857,0.176,-0.198,0.0,16.9,69.9
1784032887.631,1236,3.142,0.498,0.161,0.0,20.5,72.0
1784032887.631,1236,6.4,1.227,0.607,0.0,12.3,60.2
1784032887.631,1236,7.473,1.193,1.015,0.0,16.9,60.6
1784032887.631,1236,7.596,1.213,1.066,0.0,14.6,59.6
1784032887.735,1237,1.278,-0.883,-0.233,0.0,14.1,60.9
1784032887.735,1237,1.85,0.235,-0.209,0.0,16.9,69.9
1784032887.735,1237,3.141,0.498,0.166,0.0,20.3,72.2
1784032887.735,1237,6.431,1.023,0.653,0.0,11.4,61.0
1784032887.735,1237,7.477,1.193,0.981,0.0,17.2,60.5
1784032887.735,1237,7.63,0.971,1.075,0.0,14.2,59.9
1784032887.837,1238,1.283,-0.883,-0.202,0.0,14.4,60.7
1784032887.837,1238,1.85,0.235,-0.209,0.0,16.8,70.0
1784032887.837,1238,3.141,0.498,0.164,0.0,20.4,72.0
1784032887.837,1238,6.407,1.227,0.524,0.0,11.7,60.7
1784032887.837,1238,7.471,1.193,1.026,0.0,17.6,60.0
1784032887.837,1238,7.612,1.213,0.943,0.0,14.6,59.5
1784032887.938,1239,0.518,0.142,0.183,0.0,11.4,63.6
1784032887.938,1239,1.279,-0.883,-0.224,0.0,14.4,60.6
1784032887.938,1239,1.526,-0.744,0.109,0.0,13.4,62.3
1784032887.938,1239,0.954,-1.17,-0.785,0.0,13.4,62.3
1784032887.938,1239,1.85,0.235,-0.208,0.0,16.9,69.9
1784032887.938,1239,3.142,0.498,0.162,0.0,20.6,71.9
1784032887.938,1239,6.403,1.227,0.569,0.0,11.7,60.8
1784032887.938,1239,7.477,1.193,0.98,0.0,17.2,60.5
1784032887.938,1239,7.628,0.971,1.084,0.0,14.7,59.6
1784032888.039,1240,0.519,0.142,0.178,0.0,11.5,63.5
1784032888.039,1240,1.281,-0.883,-0.215,0.0,14.2,60.7
1784032888.039,1240,1.527,-0.744,0.099,0.0,13.1,62.6
1784032888.039,1240,0.944,-1.17,-0.797,0.0,13.1,62.6
1784032888.039,1240,1.849,0.235,-0.213,0.0,17.0,69.7
1784032888.039,1240,3.141,0.498,0.166,0.0,20.3,72.1
1784032888.039,1240,7.476,1.193,0.99,0.0,17.9,59.7
1784032888.039,1240,7.62,0.971,1.14,0.0,15.2,59.0
1784032888.139,1241,1.283,-0.883,-0.2,0.0,14.4,60.8
1784032888.139,1241,1.858,0.176,-0.188,0.0,16.8,70.0
1784032888.139,1241,3.142,0.498,0.163,0.0,20.6,71.9
1784032888.139,1241,6.383,1.227,0.761,0.0,12.2,60.6
1784032888.139,1241,7.47,1.193,1.036,0.0,17.3,60.1
1784032888.139,1241,7.64,0.971,0.996,0.0,14.9,59.1
1784032888.241,1242,1.274,-0.883,-0.251,0.0,14.5,60.5
1784032888.241,1242,1.849,0.235,-0.213,0.0,16.6,70.1
1784032888.241,1242,3.142,0.498,0.16,0.0,20.6,71.9
1784032888.241,1242,6.411,1.227,0.468,0.0,12.6,59.8
1784032888.241,1242,7.474,1.193,1.001,0.0,17.2,60.4
1784032888.241,1242,7.616,1.213,0.911,0.0,15.1,59.4
1784032888.342,1243,1.279,-0.883,-0.224,0.0,14.4,60.5
1784032888.342,1243,1.549,-0.691,0.135,0.0,12.9,62.8
1784032888.342,1243,0.909,-1.17,-0.837,0.0,12.9,62.8
1784032888.342,1243,1.849,0.235,-0.21,0.0,16.7,70.0
1784032888.342,1243,3.141,0.498,0.17,0.0,20.2,72.3
1784032888.342,1243,6.434,1.023,0.624,0.0,11.6,60.6
1784032888.342,1243,7.471,1.193,1.026,0.0,17.1,60.4
1784032888.342,1243,7.608,1.213,0.976,0.0,14.5,60.2
1784032888.444,1244,1.318,-0.834,-0.18,0.0,15.0,60.3
1784032888.444,1244,1.859,0.176,-0.186,0.0,17.1,69.7
1784032888.444,1244,3.141,0.498,0.164,0.0,20.1,72.3
1784032888.444,1244,6.355,1.432,0.623,0.0,12.2,60.3
1784032888.444,1244,6.419,1.023,0.763,0.0,12.2,60.3
1784032888.444,1244,7.504,0.954,1.034,0.0,16.9,60.6
1784032888.444,1244,7.433,1.432,0.998,0.0,16.9,60.6
1784032888.444,1244,7.633,0.971,1.05,0.0,14.3,60.0
1784032888.546,1245,1.275,-0.883,-0.247,0.0,15.5,59.5
1784032888.546,1245,1.85,0.235,-0.203,0.0,17.2,69.5
1784032888.546,1245,3.142,0.498,0.154,0.0,20.5,72.0
1784032888.546,1245,6.401,1.227,0.591,0.0,12.5,60.0
1784032888.546,1245,7.469,1.193,1.04,0.0,16.8,60.8
1784032888.546,1245,7.648,0.971,0.932,0.0,14.4,60.1
1784032888.649,1246,1.281,-0.883,-0.216,0.0,14.0,61.1
1784032888.649,1246,1.548,-0.691,0.14,0.0,12.8,62.8
1784032888.649,1246,0.905,-1.17,-0.841,0.0,12.8,62.8
1784032888.649,1246,1.851,0.235,-0.195,0.0,16.7,70.0
1784032888.649,1246,3.141,0.498,0.172,0.0,20.2,72.2
1784032888.649,1246,7.469,1.193,1.044,0.0,17.2,60.3
1784032888.649,1246,7.616,0.971,1.167,0.0,13.8,60.4
1784032888.699,1247,1.286,-0.883,-0.182,0.0,14.1,61.1
1784032888.699,1247,1.86,0.176,-0.175,0.0,16.9,69.9
1784032888.699,1247,3.142,0.498,0.16,0.0,20.2,72.3
1784032888.699,1247,6.385,1.227,0.748,0.0,11.8,60.6
1784032888.699,1247,7.472,1.193,1.018,0.0,17.1,60.4
1784032888.699,1247,7.64,0.971,1.001,0.0,14.4,60.2
1784032888.801,1248,1.268,-0.883,-0.281,0.0,14.1,60.7
1784032888.801,1248,1.857,0.176,-0.199,0.0,16.9,69.8
1784032888.801,1248,3.141,0.498,0.165,0.0,20.9,71.5
1784032888.801,1248,7.466,1.193,1.065,0.0,17.2,60.3
1784032888.801,1248,7.626,0.971,1.101,0.0,14.3,60.1
1784032888.904,1249,1.286,-0.883,-0.18,0.0,13.7,61.3
1784032888.904,1249,1.86,0.176,-0.175,0.0,16.2,70.5
1784032888.904,1249,3.141,0.498,0.168,0.0,20.7,71.7
1784032888.904,1249,7.472,1.193,1.021,0.0,17.1,60.4
1784032888.904,1249,7.625,0.971,1.11,0.0,13.8,60.3
1784032889.006,1250,1.288,-0.883,-0.169,0.0,14.1,61.0
1784032889.006,1250,1.859,0.176,-0.18,0.0,16.8,70.0
1784032889.006,1250,3.142,0.498,0.159,0.0,20.7,71.8
1784032889.006,1250,6.411,1.227,0.464,0.0,11.7,60.7
1784032889.006,1250,7.474,1.193,1.003,0.0,17.2,60.4
1784032889.006,1250,7.628,0.971,1.083,0.0,14.1,59.7
1784032889.107,1251,1.279,-0.883,-0.224,0.0,14.8,60.2
1784032889.107,1251,1.852,0.235,-0.183,0.0,16.9,69.9
1784032889.107,1251,3.141,0.498,0.167,0.0,21.0,71.5
1784032889.107,1251,6.396,1.227,0.647,0.0,11.7,60.6
1784032889.107,1251,7.468,1.193,1.051,0.0,17.1,60.5
1784032889.107,1251,7.628,0.728,1.262,0.0,13.5,60.4
1784032889.107,1251,7.592,1.213,1.092,0.0,13.5,60.4
1784032889.208,1252,1.281,-0.883,-0.213,0.0,13.8,61.1
1784032889.208,1252,1.86,0.176,-0.172,0.0,16.7,70.0
1784032889.208,1252,3.142,0.498,0.159,0.0,20.6,71.9
1784032889.208,1252,7.471,1.193,1.029,0.0,16.4,61.1
1784032889.208,1252,7.615,0.971,1.176,0.0,13.9,60.3
1784032889.31,1253,1.266,-0.883,-0.291,0.0,14.6,60.3
1784032889.31,1253,1.859,0.176,-0.183,0.0,16.0,70.8
1784032889.31,1253,3.155,0.398,0.17,0.0,20.9,71.6
1784032889.31,1253,7.47,1.193,1.037,0.0,17.1,60.3
1784032889.31,1253,7.611,0.971,1.202,0.0,14.8,59.5
1784032889.412,1254,1.281,-0.883,-0.212,0.0,14.2,61.0
1784032889.412,1254,1.849,0.235,-0.211,0.0,16.8,70.0
1784032889.412,1254,3.141,0.498,0.167,0.0,20.5,72.0
1784032889.412,1254,6.401,1.227,0.591,0.0,12.2,60.0
1784032889.412,1254,7.473,1.193,1.014,0.0,17.2,60.3
1784032889.412,1254,7.618,0.971,1.157,0.0,15.0,59.6
1784032889.412,1254,0.498,0.709,-0.104,-0.081,12.5,57.5
1784032889.514,1255,1.277,-0.883,-0.235,0.0,14.0,60.8
1784032889.514,1255,1.846,0.235,-0.236,0.0,16.8,70.1
1784032889.514,1255,3.142,0.498,0.155,0.0,20.5,72.0
1784032889.514,1255,7.48,1.193,0.961,0.0,17.1,60.5
1784032889.514,1255,7.642,0.971,0.987,0.0,14.4,60.0
1784032889.617,1256,1.271,-0.883,-0.268,0.0,14.1,60.3
1784032889.617,1256,1.856,0.176,-0.207,0.0,16.9,70.0
1784032889.617,1256,3.141,0.498,0.172,0.0,20.6,71.8
1784032889.617,1256,7.463,1.193,1.086,0.0,16.7,60.8
1784032889.617,1256,7.624,0.971,1.112,0.0,13.8,60.2
1784032889.719,1257,1.287,-0.883,-0.177,0.0,14.6,60.7
1784032889.719,1257,1.852,0.235,-0.187,0.0,17.0,69.8
1784032889.719,1257,3.142,0.498,0.163,0.0,20.3,72.1
1784032889.719,1257,6.4,1.227,0.597,0.0,11.9,60.3
1784032889.719,1257,7.497,0.954,1.084,0.0,17.7,60.0
1784032889.719,1257,7.43,1.432,1.016,0.0,17.7,60.0
1784032889.719,1257,7.588,1.213,1.122,0.0,15.0,59.6
1784032889.821,1258,1.273,-0.883,-0.257,0.0,13.4,61.2
1784032889.821,1258,1.858,0.176,-0.189,0.0,17.0,69.7
1784032889.821,1258,3.156,0.398,0.159,0.0,20.7,71.8
1784032889.821,1258,7.473,1.193,1.015,0.0,16.8,60.7
1784032889.821,1258,7.645,0.971,0.958,0.0,14.3,60.2
1784032889.922,1259,1.269,-0.883,-0.273,0.0,13.4,61.4
1784032889.922,1259,1.857,0.176,-0.197,0.0,16.9,69.9
1784032889.922,1259,3.141,0.498,0.173,0.0,20.3,72.2
1784032889.922,1259,7.474,1.193,1.007,0.0,17.0,60.5
1784032889.922,1259,7.624,0.971,1.111,0.0,13.7,60.4
1784032890.03,1260,1.286,-0.883,-0.184,0.0,14.0,61.2
1784032890.03,1260,1.857,0.176,-0.196,0.0,17.0,69.8
1784032890.03,1260,3.142,0.498,0.161,0.0,20.3,72.1
1784032890.03,1260,7.473,1.193,1.014,0.0,16.9,60.7
1784032890.03,1260,7.623,0.971,1.121,0.0,14.7,59.9
1784032890.134,1261,1.258,-0.883,-0.322,0.0,14.1,60.5
1784032890.134,1261,1.858,0.176,-0.191,0.0,16.8,70.1
1784032890.134,1261,3.142,0.498,0.164,0.0,20.7,71.7
1784032890.134,1261,7.473,1.193,1.013,0.0,16.7,60.8
1784032890.134,1261,7.635,0.971,1.038,0.0,14.2,60.0
1784032890.235,1262,1.275,-0.883,-0.246,0.0,14.6,60.4
1784032890.235,1262,1.847,0.235,-0.23,0.0,16.9,70.0
1784032890.235,1262,3.141,0.498,0.167,0.0,20.4,72.0
1784032890.235,1262,7.472,1.193,1.016,0.0,17.0,60.7
1784032890.235,1262,7.587,1.213,1.131,0.0,14.3,60.0
1784032890.337,1263,1.276,-0.883,-0.242,0.0,14.8,60.1
1784032890.337,1263,1.848,0.235,-0.224,0.0,17.1,69.7
1784032890.337,1263,3.142,0.498,0.158,0.0,20.5,71.9
1784032890.337,1263,7.479,1.193,0.971,0.0,16.8,60.8
1784032890.337,1263,7.642,0.971,0.985,0.0,14.2,60.1
1784032890.439,1264,1.264,-0.883,-0.296,0.0,14.3,60.6
1784032890.439,1264,1.856,0.176,-0.21,0.0,16.7,70.1
1784032890.439,1264,3.155,0.398,0.168,0.0,20.6,71.9
1784032890.439,1264,7.467,1.193,1.059,0.0,17.2,60.5
1784032890.439,1264,7.625,0.971,1.107,0.0,14.7,59.6
1784032890.541,1265,1.282,-0.883,-0.207,0.0,14.1,60.9
1784032890.541,1265,1.847,0.235,-0.229,0.0,16.8,70.0
1784032890.541,1265,3.141,0.498,0.164,0.0,20.3,72.1
1784032890.541,1265,7.47,1.193,1.033,0.0,17.4,60.3
1784032890.541,1265,7.643,0.971,0.975,0.0,14.1,60.1
1784032890.641,1266,1.272,-0.883,-0.261,0.0,14.2,60.7
1784032890.641,1266,1.849,0.235,-0.21,0.0,16.7,70.1
1784032890.641,1266,3.142,0.498,0.164,0.0,20.7,71.8
1784032890.641,1266,7.469,1.193,1.039,0.0,16.7,60.9
1784032890.641,1266,7.623,0.971,1.118,0.0,13.5,60.3
1784032890.743,1267,1.273,-0.883,-0.255,0.0,13.9,61.2
1784032890.743,1267,1.848,0.235,-0.219,0.0,16.2,70.5
1784032890.743,1267,3.141,0.498,0.166,0.0,20.3,72.1
1784032890.743,1267,7.469,1.193,1.041,0.0,17.2,60.4
1784032890.743,1267,7.595,1.213,1.072,0.0,14.5,59.7
1784032890.847,1268,1.265,-0.883,-0.292,0.0,13.9,60.9
1784032890.847,1268,1.848,0.235,-0.22,0.0,16.5,70.2
1784032890.847,1268,3.142,0.498,0.163,0.0,20.3,72.2
1784032890.847,1268,7.486,1.193,0.915,0.0,16.9,60.7
1784032890.847,1268,7.608,0.971,1.221,0.0,14.4,60.1
1784032890.948,1269,0.51,0.142,0.203,0.0,11.3,63.8
1784032890.948,1269,1.271,-0.883,-0.265,0.0,14.5,60.5
1784032890.948,1269,1.849,0.235,-0.214,0.0,16.8,70.0
1784032890.948,1269,3.141,0.498,0.166,0.0,20.8,71.7
1784032890.948,1269,7.465,1.193,1.073,0.0,16.8,60.6
1784032890.948,1269,7.619,0.971,1.148,0.0,14.7,59.8
1784032891.05,1270,1.281,-0.883,-0.214,0.0,14.2,61.0
1784032891.05,1270,1.849,0.235,-0.211,0.0,16.8,70.1
1784032891.05,1270,3.142,0.498,0.163,0.0,20.4,72.1
1784032891.05,1270,7.479,1.193,0.965,0.0,16.8,60.7
1784032891.05,1270,7.593,1.213,1.084,0.0,14.3,60.1
1784032891.102,1271,1.272,-0.883,-0.263,0.0,14.0,60.7
1784032891.102,1271,1.856,0.176,-0.209,0.0,16.8,70.0
1784032891.102,1271,3.155,0.398,0.168,0.0,20.4,72.1
1784032891.102,1271,7.475,1.193,0.998,0.0,17.3,60.2
1784032891.102,1271,7.614,0.971,1.183,0.0,15.0,59.3
1784032891.204,1272,1.276,-0.883,-0.243,0.0,14.0,61.0
1784032891.204,1272,1.848,0.235,-0.218,0.0,16.8,69.9
1784032891.204,1272,3.141,0.498,0.168,0.0,20.5,72.0
1784032891.204,1272,7.474,1.193,1.003,0.0,16.7,60.8
1784032891.204,1272,7.593,1.213,1.09,0.0,15.0,59.4
1784032891.305,1273,1.279,-0.883,-0.225,0.0,14.6,60.4
1784032891.305,1273,1.857,0.176,-0.2,0.0,16.8,69.9
1784032891.305,1273,3.142,0.498,0.163,0.0,20.3,72.2
1784032891.305,1273,7.476,1.193,0.989,0.0,17.0,60.6
1784032891.305,1273,7.586,1.213,1.135,0.0,15.0,59.4
1784032891.406,1274,1.269,-0.883,-0.274,0.0,14.2,60.6
1784032891.406,1274,1.857,0.176,-0.196,0.0,16.8,70.0
1784032891.406,1274,3.155,0.398,0.17,0.0,20.3,72.2
1784032891.406,1274,7.477,1.193,0.983,0.0,16.9,60.6
1784032891.406,1274,7.593,0.971,1.308,0.0,13.8,60.4
1784032891.509,1275,1.279,-0.883,-0.225,0.0,15.4,59.8
1784032891.509,1275,1.849,0.235,-0.21,0.0,16.9,69.9
1784032891.509,1275,3.141,0.498,0.167,0.0,20.3,72.1
1784032891.509,1275,7.478,1.193,0.972,0.0,17.1,60.5
1784032891.509,1275,7.605,0.728,1.392,0.0,13.8,60.1
1784032891.61,1276,1.271,-0.883,-0.264,0.0,14.6,60.4
1784032891.61,1276,1.849,0.235,-0.215,0.0,16.7,70.0
1784032891.61,1276,3.142,0.498,0.163,0.0,20.4,72.1
1784032891.61,1276,7.469,1.193,1.038,0.0,17.0,60.6
1784032891.61,1276,7.645,0.728,1.158,0.0,13.6,59.9
1784032891.712,1277,1.267,-0.883,-0.284,0.0,13.9,60.7
1784032891.712,1277,1.857,0.176,-0.198,0.0,16.6,70.1
1784032891.712,1277,3.155,0.398,0.169,0.0,20.4,72.1
1784032891.712,1277,7.473,1.193,1.013,0.0,17.0,60.6
1784032891.712,1277,7.645,0.971,0.963,0.0,13.8,59.9
1784032891.813,1278,1.275,-0.883,-0.248,0.0,13.8,61.3
1784032891.813,1278,1.849,0.235,-0.216,0.0,16.7,70.1
1784032891.813,1278,3.141,0.498,0.165,0.0,20.4,72.1
1784032891.813,1278,7.477,1.193,0.981,0.0,16.9,60.7
1784032891.813,1278,7.654,0.728,1.096,0.0,14.1,59.9
1784032891.915,1279,1.272,-0.883,-0.264,0.0,14.0,61.0
1784032891.915,1279,1.849,0.235,-0.217,0.0,16.7,70.0
1784032891.915,1279,3.141,0.498,0.165,0.0,20.6,71.9
1784032891.915,1279,7.476,1.193,0.992,0.0,16.9,60.7
1784032891.915,1279,7.645,0.971,0.957,0.0,14.0,59.9
1784032892.016,1280,1.271,-0.883,-0.266,0.0,14.3,60.6
1784032892.016,1280,1.849,0.235,-0.214,0.0,16.8,69.9
1784032892.016,1280,3.141,0.498,0.168,0.0,20.4,72.1
1784032892.016,1280,7.474,1.193,1.006,0.0,16.5,61.0
1784032892.016,1280,7.619,0.971,1.147,0.0,13.8,60.0
1784032892.117,1281,1.273,-0.883,-0.258,0.0,14.4,60.5
1784032892.117,1281,1.849,0.235,-0.211,0.0,16.8,69.9
1784032892.117,1281,3.141,0.498,0.165,0.0,20.4,72.0
1784032892.117,1281,7.472,1.193,1.018,0.0,16.5,60.9
1784032892.117,1281,7.644,0.728,1.162,0.0,13.3,60.5
1784032892.218,1282,1.271,-0.883,-0.268,0.0,13.9,61.0
1784032892.218,1282,1.849,0.235,-0.217,0.0,16.8,69.9
1784032892.218,1282,3.141,0.498,0.164,0.0,20.4,72.0
1784032892.218,1282,7.472,1.193,1.016,0.0,16.7,60.6
1784032892.218,1282,7.641,0.728,1.184,0.0,13.8,60.1
1784032892.32,1283,1.276,-0.883,-0.242,0.0,13.9,61.0
1784032892.32,1283,1.849,0.235,-0.218,0.0,16.8,69.9
1784032892.32,1283,3.141,0.498,0.165,0.0,20.3,72.2
1784032892.32,1283,7.474,1.193,1.004,0.0,16.4,61.0
1784032892.32,1283,7.619,0.728,1.314,0.0,14.0,60.0
1784032892.422,1284,1.275,-0.883,-0.249,0.0,14.6,60.2
1784032892.422,1284,1.849,0.235,-0.211,0.0,17.0,69.8
1784032892.422,1284,3.141,0.498,0.164,0.0,20.3,72.1
1784032892.422,1284,7.473,1.193,1.013,0.0,16.3,61.1
1784032892.422,1284,7.617,0.971,1.163,0.0,14.0,59.8
1784032892.522,1285,1.278,-0.883,-0.228,0.0,14.8,60.1
1784032892.522,1285,1.849,0.235,-0.21,0.0,17.0,69.8
1784032892.522,1285,3.142,0.498,0.164,0.0,20.5,72.0
1784032892.522,1285,7.477,1.193,0.983,0.0,16.6,60.8
1784032892.522,1285,7.62,0.728,1.307,0.0,13.7,60.1
1784032892.625,1286,1.279,-0.883,-0.226,0.0,13.8,61.1
1784032892.625,1286,1.85,0.235,-0.207,0.0,16.8,70.0
1784032892.625,1286,3.141,0.498,0.165,0.0,20.5,72.0
1784032892.625,1286,7.48,1.193,0.956,0.0,16.7,60.7
1784032892.625,1286,7.615,0.971,1.176,0.0,13.9,60.0
1784032892.728,1287,1.277,-0.883,-0.236,0.0,14.3,60.8
1784032892.728,1287,1.858,0.176,-0.19,0.0,16.4,70.4
1784032892.728,1287,3.141,0.498,0.166,0.0,20.4,72.1
1784032892.728,1287,7.474,1.193,1.007,0.0,17.2,60.2
1784032892.728,1287,7.6,0.971,1.265,0.0,14.3,59.6
1784032892.832,1288,1.278,-0.883,-0.231,0.0,14.9,60.1
1784032892.832,1288,1.849,0.235,-0.212,0.0,16.6,70.2
1784032892.832,1288,3.141,0.498,0.164,0.0,20.3,72.1
1784032892.832,1288,7.47,1.193,1.035,0.0,16.7,60.7
1784032892.832,1288,7.607,0.728,1.382,0.0,14.7,59.4
1784032892.933,1289,1.272,-0.883,-0.26,0.0,14.2,60.6
1784032892.933,1289,1.848,0.235,-0.223,0.0,16.8,70.0
1784032892.933,1289,3.142,0.498,0.164,0.0,20.3,72.2
1784032892.933,1289,7.469,1.193,1.042,0.0,16.6,60.7
1784032892.933,1289,7.61,0.971,1.208,0.0,14.2,59.9
1784032893.034,1290,1.271,-0.883,-0.266,0.0,13.5,61.3
1784032893.034,1290,1.847,0.235,-0.227,0.0,17.0,69.8
1784032893.034,1290,3.141,0.498,0.165,0.0,20.4,72.1
1784032893.034,1290,7.475,1.193,1.001,0.0,16.6,60.8
1784032893.034,1290,7.59,0.971,1.328,0.0,14.3,59.9
1784032893.135,1291,1.274,-0.883,-0.252,0.0,13.5,61.3
1784032893.135,1291,1.847,0.235,-0.227,0.0,16.7,70.1
1784032893.135,1291,3.142,0.498,0.164,0.0,20.4,72.1
1784032893.135,1291,7.476,1.193,0.991,0.0,16.9,60.6
1784032893.135,1291,7.577,1.213,1.195,0.0,14.5,59.7
1784032893.236,1292,1.276,-0.883,-0.239,0.0,14.5,60.4
1784032893.236,1292,1.849,0.235,-0.218,0.0,16.7,70.1
1784032893.236,1292,3.141,0.498,0.165,0.0,20.4,72.1
1784032893.236,1292,7.471,1.193,1.03,0.0,16.8,60.7
1784032893.236,1292,7.605,0.971,1.235,0.0,14.5,59.6
1784032893.338,1293,1.277,-0.883,-0.236,0.0,14.2,60.6
1784032893.338,1293,1.85,0.235,-0.207,0.0,17.0,69.7
1784032893.338,1293,3.141,0.498,0.167,0.0,20.4,72.1
1784032893.338,1293,7.47,1.193,1.032,0.0,17.1,60.4
1784032893.338,1293,7.615,0.971,1.175,0.0,14.2,59.7
1784032893.441,1294,1.278,-0.883,-0.229,0.0,14.6,60.4
1784032893.441,1294,1.85,0.235,-0.203,0.0,16.9,69.8
1784032893.441,1294,3.141,0.498,0.166,0.0,20.4,72.0
1784032893.441,1294,7.477,1.193,0.982,0.0,16.7,60.9
1784032893.441,1294,7.652,0.728,1.105,0.0,13.8,60.0
1784032893.542,1295,1.273,-0.883,-0.255,0.0,14.0,60.9
1784032893.542,1295,1.851,0.235,-0.199,0.0,16.7,70.1
1784032893.542,1295,3.141,0.498,0.165,0.0,20.4,72.1
1784032893.542,1295,7.472,1.193,1.023,0.0,17.2,60.4
1784032893.542,1295,7.649,0.971,0.928,0.0,13.9,59.8
1784032893.643,1296,1.273,-0.883,-0.257,0.0,14.6,60.3
1784032893.643,1296,1.851,0.235,-0.198,0.0,16.7,70.0
1784032893.643,1296,3.141,0.498,0.164,0.0,20.4,72.1
1784032893.643,1296,7.481,1.193,0.954,0.0,16.6,61.1
1784032893.643,1296,7.663,0.971,0.801,0.0,14.1,59.9
1784032893.744,1297,1.274,-0.883,-0.252,0.0,14.3,60.7
1784032893.744,1297,1.85,0.235,-0.201,0.0,16.7,70.0
1784032893.744,1297,3.141,0.498,0.165,0.0,20.4,72.1
1784032893.744,1297,7.476,1.193,0.987,0.0,17.3,60.3
1784032893.744,1297,7.657,0.971,0.86,0.0,14.7,59.7
1784032893.795,1298,1.276,-0.883,-0.24,0.0,13.5,61.4
1784032893.795,1298,1.85,0.235,-0.207,0.0,16.9,69.9
1784032893.795,1298,3.141,0.498,0.165,0.0,20.4,72.0
1784032893.795,1298,7.474,1.193,1.004,0.0,17.1,60.6
1784032893.795,1298,7.649,0.971,0.931,0.0,14.5,60.1
1784032893.948,1299,0.52,0.142,0.177,0.0,11.3,63.7
1784032893.948,1299,1.272,-0.883,-0.263,0.0,13.7,61.1
1784032893.948,1299,1.849,0.235,-0.211,0.0,16.9,69.8
1784032893.948,1299,3.141,0.498,0.166,0.0,20.5,72.0
1784032893.948,1299,7.473,1.193,1.011,0.0,17.2,60.4
1784032893.948,1299,7.602,1.213,1.022,0.0,14.6,60.2
1784032894.049,1300,1.272,-0.883,-0.261,0.0,13.4,61.4
1784032894.049,1300,1.548,-0.691,0.15,0.0,12.7,63.0
1784032894.049,1300,0.932,-1.17,-0.811,0.0,12.7,63.0
1784032894.049,1300,1.849,0.235,-0.217,0.0,16.8,70.0
1784032894.049,1300,3.141,0.498,0.164,0.0,20.5,72.0
1784032894.049,1300,7.465,1.193,1.072,0.0,16.5,61.1
1784032894.049,1300,7.605,1.213,0.999,0.0,14.6,60.3
1784032894.1,1301,0.516,0.142,0.187,0.0,11.4,63.5
1784032894.1,1301,1.273,-0.883,-0.258,0.0,14.5,60.5
1784032894.1,1301,1.848,0.235,-0.221,0.0,16.6,70.1
1784032894.1,1301,3.141,0.498,0.164,0.0,20.4,72.1
1784032894.1,1301,7.472,1.193,1.022,0.0,16.9,60.7
1784032894.1,1301,7.606,1.213,0.996,0.0,14.9,60.0
1784032894.2,1302,1.277,-0.883,-0.237,0.0,14.7,60.3
1784032894.2,1302,1.848,0.235,-0.223,0.0,16.5,70.2
1784032894.2,1302,3.141,0.498,0.166,0.0,20.4,72.1
1784032894.2,1302,7.476,1.193,0.992,0.0,16.3,61.3
1784032894.2,1302,7.602,1.213,1.022,0.0,14.4,60.4
1784032894.351,1303,1.274,-0.883,-0.25,0.0,14.7,60.4
1784032894.351,1303,1.849,0.235,-0.216,0.0,16.7,70.1
1784032894.351,1303,3.141,0.498,0.165,0.0,20.3,72.2
1784032894.351,1303,7.472,1.193,1.02,0.0,16.7,60.9
1784032894.351,1303,7.599,1.213,1.047,0.0,15.0,60.0
1784032894.401,1304,1.277,-0.883,-0.237,0.0,14.6,60.6
1784032894.401,1304,1.849,0.235,-0.217,0.0,16.9,69.9
1784032894.401,1304,3.141,0.498,0.165,0.0,20.4,72.1
1784032894.401,1304,7.461,1.193,1.095,0.0,16.8,60.8
1784032894.401,1304,7.604,1.213,1.006,0.0,15.0,60.0
1784032894.506,1305,1.274,-0.883,-0.251,0.0,15.0,60.2
1784032894.506,1305,1.849,0.235,-0.211,0.0,16.7,70.0
1784032894.506,1305,3.142,0.498,0.164,0.0,20.4,72.1
1784032894.506,1305,7.48,1.193,0.958,0.0,16.7,60.9
1784032894.506,1305,7.595,1.213,1.074,0.0,14.8,60.0
1784032894.607,1306,1.275,-0.883,-0.248,0.0,14.9,60.2
1784032894.607,1306,1.849,0.235,-0.216,0.0,16.8,70.0
1784032894.607,1306,3.141,0.498,0.166,0.0,20.3,72.2
1784032894.607,1306,7.472,1.193,1.019,0.0,16.9,60.7
1784032894.607,1306,7.6,1.213,1.04,0.0,15.6,59.6
1784032894.709,1307,1.275,-0.883,-0.249,0.0,13.8,61.2
1784032894.709,1307,1.848,0.235,-0.222,0.0,16.7,70.1
1784032894.709,1307,3.141,0.498,0.165,0.0,20.3,72.1
1784032894.709,1307,7.468,1.193,1.045,0.0,17.1,60.4
1784032894.709,1307,7.595,1.213,1.077,0.0,15.0,60.1
1784032894.81,1308,1.273,-0.883,-0.256,0.0,14.0,60.7
1784032894.81,1308,1.849,0.235,-0.218,0.0,17.0,69.7
1784032894.81,1308,3.141,0.498,0.166,0.0,20.4,72.0
1784032894.81,1308,7.473,1.193,1.014,0.0,17.0,60.6
1784032894.81,1308,7.589,1.213,1.116,0.0,14.9,60.2
1784032894.913,1309,1.276,-0.883,-0.241,0.0,14.3,60.5
1784032894.913,1309,1.849,0.235,-0.216,0.0,16.9,69.8
1784032894.913,1309,3.141,0.498,0.165,0.0,20.5,72.0
1784032894.913,1309,7.478,1.193,0.974,0.0,17.3,60.3
1784032894.913,1309,7.599,1.213,1.045,0.0,15.4,59.5
1784032895.015,1310,1.278,-0.883,-0.231,0.0,14.1,60.6
1784032895.015,1310,1.849,0.235,-0.218,0.0,16.9,69.9
1784032895.015,1310,3.141,0.498,0.165,0.0,20.5,72.0
1784032895.015,1310,7.469,1.193,1.043,0.0,16.8,60.8
1784032895.015,1310,7.59,1.213,1.112,0.0,14.9,60.0
1784032895.117,1311,1.275,-0.883,-0.244,0.0,14.3,60.5
1784032895.117,1311,1.849,0.235,-0.212,0.0,16.8,70.0
1784032895.117,1311,3.141,0.498,0.168,0.0,20.4,72.1
1784032895.117,1311,7.468,1.193,1.049,0.0,16.7,60.9
1784032895.117,1311,7.6,1.213,1.04,0.0,14.9,60.1
1784032895.218,1312,1.279,-0.883,-0.226,0.0,14.5,60.3
1784032895.218,1312,1.849,0.235,-0.215,0.0,16.9,69.9
1784032895.218,1312,3.141,0.498,0.165,0.0,20.4,72.1
1784032895.218,1312,7.479,1.193,0.969,0.0,16.7,60.9
1784032895.218,1312,7.589,1.213,1.116,0.0,15.0,60.1
1784032895.319,1313,1.277,-0.883,-0.237,0.0,14.0,61.0
1784032895.319,1313,1.849,0.235,-0.218,0.0,16.7,70.1
1784032895.319,1313,3.142,0.498,0.163,0.0,20.4,72.0
1784032895.319,1313,7.478,1.193,0.977,0.0,16.6,61.0
1784032895.319,1313,7.565,1.213,1.265,0.0,15.0,60.1
1784032895.419,1314,1.28,-0.883,-0.22,0.0,14.4,60.7
1784032895.419,1314,1.849,0.235,-0.217,0.0,16.8,70.1
1784032895.419,1314,3.142,0.498,0.164,0.0,20.3,72.2
1784032895.419,1314,7.472,1.193,1.021,0.0,16.8,60.9
1784032895.419,1314,7.577,1.213,1.193,0.0,15.1,59.9
1784032895.52,1315,1.276,-0.883,-0.24,0.0,15.1,59.9
1784032895.52,1315,1.548,-0.691,0.14,0.0,13.3,62.4
1784032895.52,1315,1.081,-1.117,-0.693,0.0,13.3,62.4
1784032895.52,1315,1.848,0.235,-0.219,0.0,16.8,70.0
1784032895.52,1315,3.142,0.498,0.164,0.0,20.3,72.1
1784032895.52,1315,7.478,1.193,0.976,0.0,16.7,60.9
1784032895.52,1315,7.573,1.213,1.22,0.0,15.1,59.9
1784032895.622,1316,1.277,-0.883,-0.234,0.0,14.1,61.0
1784032895.622,1316,1.526,-0.744,0.111,0.0,12.7,62.9
1784032895.622,1316,1.079,-1.117,-0.696,0.0,12.7,62.9
1784032895.622,1316,1.849,0.235,-0.216,0.0,16.9,69.8
1784032895.622,1316,3.142,0.498,0.164,0.0,20.3,72.2
1784032895.622,1316,7.479,1.193,0.97,0.0,16.6,61.0
1784032895.622,1316,7.578,1.213,1.185,0.0,15.1,59.8
1784032895.724,1317,1.275,-0.883,-0.247,0.0,14.3,60.8
1784032895.724,1317,1.548,-0.691,0.149,0.0,12.8,62.9
1784032895.724,1317,0.925,-1.17,-0.819,0.0,12.8,62.9
1784032895.724,1317,1.849,0.235,-0.216,0.0,16.8,69.9
1784032895.724,1317,3.141,0.498,0.165,0.0,20.3,72.2
1784032895.724,1317,7.476,1.193,0.991,0.0,16.7,60.9
1784032895.724,1317,7.564,1.213,1.273,0.0,14.7,60.1
1784032895.826,1318,1.275,-0.883,-0.247,0.0,14.2,60.9
1784032895.826,1318,1.849,0.235,-0.214,0.0,16.8,70.0
1784032895.826,1318,3.141,0.498,0.166,0.0,20.4,72.1
1784032895.826,1318,7.477,1.193,0.983,0.0,16.6,61.0
1784032895.826,1318,7.557,1.213,1.315,0.0,14.6,60.3
1784032895.928,1319,1.277,-0.883,-0.234,0.0,14.1,61.0
1784032895.928,1319,1.849,0.235,-0.217,0.0,16.7,70.1
1784032895.928,1319,3.141,0.498,0.164,0.0,20.4,72.1
1784032895.928,1319,7.472,1.193,1.017,0.0,16.6,61.1
1784032895.928,1319,7.559,1.213,1.303,0.0,14.7,60.1
1784032896.03,1320,1.275,-0.883,-0.244,0.0,14.0,61.0
1784032896.03,1320,1.549,-0.691,0.138,0.0,12.8,62.8
1784032896.03,1320,1.083,-1.117,-0.689,0.0,12.8,62.8
1784032896.03,1320,1.849,0.235,-0.218,0.0,16.8,70.0
1784032896.03,1320,3.141,0.498,0.166,0.0,20.3,72.2
1784032896.03,1320,7.465,1.193,1.073,0.0,16.8,60.8
1784032896.03,1320,7.563,1.213,1.282,0.0,14.7,60.1
1784032896.131,1321,1.274,-0.883,-0.251,0.0,14.1,60.9
1784032896.131,1321,1.849,0.235,-0.214,0.0,16.8,70.0
1784032896.131,1321,3.141,0.498,0.167,0.0,20.3,72.1
1784032896.131,1321,7.463,1.193,1.086,0.0,17.0,60.6
1784032896.131,1321,7.565,1.213,1.266,0.0,14.5,60.2
1784032896.233,1322,1.277,-0.883,-0.235,0.0,14.3,60.7
1784032896.233,1322,1.849,0.235,-0.216,0.0,16.8,70.0
1784032896.233,1322,3.141,0.498,0.165,0.0,20.3,72.2
1784032896.233,1322,7.462,1.193,1.088,0.0,16.7,60.9
1784032896.233,1322,7.553,1.213,1.336,0.0,14.5,60.3
1784032896.337,1323,1.275,-0.883,-0.247,0.0,14.5,60.6
1784032896.337,1323,1.549,-0.691,0.134,0.0,13.2,62.4
1784032896.337,1323,0.928,-1.17,-0.815,0.0,13.2,62.4
1784032896.337,1323,1.849,0.235,-0.217,0.0,16.8,69.9
1784032896.337,1323,3.142,0.498,0.164,0.0,20.3,72.1
1784032896.337,1323,7.463,1.193,1.086,0.0,16.6,61.0
1784032896.337,1323,7.562,1.213,1.287,0.0,14.2,60.4
1784032896.439,1324,1.271,-0.883,-0.266,0.0,14.9,60.3
1784032896.439,1324,1.525,-0.744,0.125,0.0,13.6,62.0
1784032896.439,1324,0.941,-1.17,-0.801,0.0,13.6,62.0
1784032896.439,1324,1.849,0.235,-0.215,0.0,17.0,69.8
1784032896.439,1324,3.141,0.498,0.166,0.0,20.4,72.1
1784032896.439,1324,7.465,1.193,1.072,0.0,16.8,60.7
1784032896.439,1324,7.561,1.213,1.29,0.0,14.3,60.2
1784032896.542,1325,1.274,-0.883,-0.254,0.0,14.3,60.7
1784032896.542,1325,1.525,-0.744,0.12,0.0,13.1,62.7
1784032896.542,1325,1.086,-1.117,-0.685,0.0,13.1,62.7
1784032896.542,1325,1.849,0.235,-0.217,0.0,16.8,69.9
1784032896.542,1325,3.141,0.498,0.167,0.0,20.3,72.2
1784032896.542,1325,7.471,1.193,1.027,0.0,16.6,61.0
1784032896.542,1325,7.552,1.213,1.342,0.0,13.6,60.7
1784032896.643,1326,1.275,-0.883,-0.248,0.0,14.8,60.4
1784032896.643,1326,1.849,0.235,-0.212,0.0,16.7,70.1
1784032896.643,1326,3.142,0.498,0.164,0.0,20.2,72.2
1784032896.643,1326,7.475,1.193,0.994,0.0,16.7,60.9
1784032896.643,1326,7.553,1.213,1.336,0.0,13.5,60.7
1784032896.643,1326,7.566,0.728,1.59,0.0,13.5,60.7
1784032896.745,1327,1.272,-0.883,-0.263,0.0,14.4,60.7
1784032896.745,1327,1.849,0.235,-0.21,0.0,16.7,70.0
1784032896.745,1327,3.141,0.498,0.165,0.0,20.3,72.2
1784032896.745,1327,7.481,1.193,0.95,0.0,16.7,60.8
1784032896.745,1327,7.561,1.213,1.29,0.0,13.5,60.6
1784032896.745,1327,7.574,0.728,1.554,0.0,13.5,60.6
1784032896.796,1328,0.519,0.142,0.178,0.0,11.8,63.2
1784032896.796,1328,1.274,-0.883,-0.253,0.0,14.6,60.4
1784032896.796,1328,1.85,0.235,-0.207,0.0,16.7,70.1
1784032896.796,1328,3.142,0.498,0.163,0.0,20.3,72.2
1784032896.796,1328,7.481,1.193,0.953,0.0,17.3,60.3
1784032896.796,1328,7.579,0.728,1.527,0.0,13.3,60.5
1784032896.948,1329,0.521,0.142,0.174,0.0,11.2,63.7
1784032896.948,1329,1.274,-0.883,-0.25,0.0,14.2,60.8
1784032896.948,1329,1.849,0.235,-0.211,0.0,16.8,70.0
1784032896.948,1329,3.141,0.498,0.165,0.0,20.3,72.2
1784032896.948,1329,7.478,1.193,0.974,0.0,17.3,60.3
1784032896.948,1329,7.608,0.728,1.379,0.0,13.5,60.2
1784032897.049,1330,1.275,-0.883,-0.249,0.0,14.0,61.0
1784032897.049,1330,1.85,0.235,-0.208,0.0,16.7,70.1
1784032897.049,1330,3.141,0.498,0.164,0.0,20.4,72.1
1784032897.049,1330,7.476,1.193,0.989,0.0,16.9,60.6
1784032897.049,1330,7.608,0.971,1.219,0.0,13.8,59.9
1784032897.1,1331,1.275,-0.883,-0.246,0.0,14.4,60.7
1784032897.1,1331,1.85,0.235,-0.207,0.0,16.8,70.0
1784032897.1,1331,3.141,0.498,0.165,0.0,20.3,72.1
1784032897.1,1331,7.467,1.193,1.058,0.0,16.8,60.8
1784032897.1,1331,7.632,0.728,1.239,0.0,13.8,59.9
1784032897.202,1332,0.517,0.142,0.184,0.0,11.6,63.4
1784032897.202,1332,1.275,-0.883,-0.249,0.0,14.9,60.1
1784032897.202,1332,1.849,0.235,-0.21,0.0,16.8,70.0
1784032897.202,1332,3.142,0.498,0.164,0.0,20.4,72.1
1784032897.202,1332,7.475,1.193,1.0,0.0,17.2,60.3
1784032897.202,1332,7.622,0.728,1.3,0.0,14.5,59.3
1784032897.353,1333,0.517,0.142,0.185,0.0,11.6,63.4
1784032897.353,1333,1.274,-0.883,-0.251,0.0,14.4,60.6
1784032897.353,1333,1.85,0.235,-0.206,0.0,16.8,69.9
1784032897.353,1333,3.141,0.498,0.167,0.0,20.4,72.1
1784032897.353,1333,7.472,1.193,1.016,0.0,16.9,60.7
1784032897.353,1333,7.6,0.728,1.418,0.0,14.3,59.4
1784032897.404,1334,0.519,0.142,0.178,0.0,11.9,63.1
1784032897.404,1334,1.276,-0.883,-0.239,0.0,14.5,60.5
1784032897.404,1334,1.849,0.235,-0.211,0.0,17.0,69.8
1784032897.404,1334,3.141,0.498,0.166,0.0,20.5,72.0
1784032897.404,1334,7.464,1.193,1.076,0.0,16.8,60.8
1784032897.404,1334,7.601,0.728,1.417,0.0,13.7,60.1
1784032897.506,1335,1.275,-0.883,-0.244,0.0,14.4,60.5
1784032897.506,1335,1.849,0.235,-0.216,0.0,16.9,69.9
1784032897.506,1335,3.142,0.498,0.163,0.0,20.4,72.0
1784032897.506,1335,7.468,1.193,1.051,0.0,16.7,60.9
1784032897.506,1335,7.564,1.213,1.275,0.0,13.9,60.0
1784032897.506,1335,7.579,0.728,1.527,0.0,13.9,60.0
1784032897.607,1336,1.27,-0.883,-0.273,0.0,13.7,61.0
1784032897.607,1336,1.549,-0.691,0.133,0.0,13.2,62.5
1784032897.607,1336,0.916,-1.17,-0.829,0.0,13.2,62.5
1784032897.607,1336,1.858,0.176,-0.194,0.0,16.9,69.9
1784032897.607,1336,3.155,0.398,0.168,0.0,20.4,72.1
1784032897.607,1336,7.481,1.193,0.953,0.0,16.3,61.2
1784032897.607,1336,7.569,0.971,1.442,0.0,13.5,60.6
1784032897.709,1337,0.519,0.142,0.18,0.0,12.0,63.0
1784032897.709,1337,1.274,-0.883,-0.252,0.0,14.6,60.4
1784032897.709,1337,1.549,-0.691,0.129,0.0,13.3,62.5
1784032897.709,1337,1.068,-1.117,-0.713,0.0,13.3,62.5
1784032897.709,1337,1.849,0.235,-0.217,0.0,16.8,69.9
1784032897.709,1337,3.141,0.498,0.167,0.0,20.3,72.2
1784032897.709,1337,7.472,1.193,1.02,0.0,16.6,60.9
1784032897.709,1337,7.565,0.971,1.461,0.0,13.7,60.3
1784032897.811,1338,1.271,-0.883,-0.266,0.0,15.1,59.9
1784032897.811,1338,1.526,-0.744,0.117,0.0,13.4,62.3
1784032897.811,1338,1.071,-1.117,-0.708,0.0,13.4,62.3
1784032897.811,1338,1.849,0.235,-0.215,0.0,16.9,69.9
1784032897.811,1338,3.142,0.498,0.164,0.0,20.3,72.1
1784032897.811,1338,7.474,1.193,1.003,0.0,16.7,60.8
1784032897.811,1338,7.539,1.213,1.416,0.0,13.8,60.2
1784032897.913,1339,1.267,-0.883,-0.285,0.0,14.2,60.3
1784032897.913,1339,1.858,0.176,-0.189,0.0,17.0,69.8
1784032897.913,1339,3.155,0.398,0.169,0.0,20.3,72.2
1784032897.913,1339,7.473,1.193,1.016,0.0,17.6,59.9
1784032897.913,1339,7.56,0.971,1.486,0.0,14.7,59.2
1784032898.015,1340,1.272,-0.883,-0.259,0.0,14.1,60.8
1784032898.015,1340,1.851,0.235,-0.199,0.0,16.9,69.9
1784032898.015,1340,3.141,0.498,0.166,0.0,20.3,72.1
1784032898.015,1340,7.474,1.193,1.006,0.0,17.5,60.1
1784032898.015,1340,7.563,1.213,1.281,0.0,14.4,59.6
1784032898.119,1341,1.273,-0.883,-0.258,0.0,13.7,61.2
1784032898.119,1341,1.85,0.235,-0.205,0.0,17.0,69.8
1784032898.119,1341,3.142,0.498,0.16,0.0,20.4,72.1
1784032898.119,1341,7.475,1.193,0.998,0.0,17.1,60.5
1784032898.119,1341,7.567,1.213,1.256,0.0,14.0,60.0
1784032898.22,1342,1.272,-0.883,-0.261,0.0,14.0,60.8
1784032898.22,1342,1.85,0.235,-0.207,0.0,16.8,69.9
1784032898.22,1342,3.141,0.498,0.168,0.0,20.3,72.2
1784032898.22,1342,7.48,1.193,0.956,0.0,17.2,60.3
1784032898.22,1342,7.557,0.971,1.501,0.0,14.1,60.0
1784032898.321,1343,1.278,-0.883,-0.228,0.0,14.2,60.9
1784032898.321,1343,1.858,0.176,-0.191,0.0,16.9,69.9
1784032898.321,1343,3.142,0.498,0.164,0.0,20.3,72.1
1784032898.321,1343,7.477,1.193,0.981,0.0,17.3,60.3
1784032898.321,1343,7.559,0.971,1.493,0.0,14.5,59.5
1784032898.422,1344,1.277,-0.883,-0.238,0.0,14.0,60.9
1784032898.422,1344,1.851,0.235,-0.195,0.0,16.9,69.9
1784032898.422,1344,3.142,0.498,0.163,0.0,20.4,72.0
1784032898.422,1344,7.468,1.193,1.047,0.0,17.4,60.2
1784032898.422,1344,7.563,1.213,1.278,0.0,14.3,59.6
1784032898.422,1344,7.58,0.728,1.523,0.0,14.3,59.6
1784032898.524,1345,1.276,-0.883,-0.243,0.0,14.1,60.7
1784032898.524,1345,1.526,-0.744,0.109,0.0,12.9,62.6
1784032898.524,1345,0.913,-1.17,-0.832,0.0,12.9,62.6
1784032898.524,1345,1.851,0.235,-0.198,0.0,16.8,69.9
1784032898.524,1345,3.142,0.498,0.162,0.0,20.4,72.0
1784032898.524,1345,7.471,1.193,1.029,0.0,17.1,60.4
1784032898.524,1345,7.581,0.728,1.519,0.0,14.2,59.6
1784032898.625,1346,1.279,-0.883,-0.225,0.0,14.6,60.2
1784032898.625,1346,1.85,0.235,-0.202,0.0,17.1,69.7
1784032898.625,1346,3.141,0.498,0.166,0.0,20.4,72.0
1784032898.625,1346,7.468,1.193,1.046,0.0,17.2,60.4
1784032898.625,1346,7.587,0.728,1.491,0.0,13.8,59.7
1784032898.728,1347,0.517,0.142,0.187,0.0,11.6,63.5
1784032898.728,1347,1.278,-0.883,-0.232,0.0,14.2,60.7
1784032898.728,1347,1.85,0.235,-0.201,0.0,17.0,69.8
1784032898.728,1347,3.142,0.498,0.163,0.0,20.6,71.8
1784032898.728,1347,7.478,1.193,0.971,0.0,17.4,60.1
1784032898.728,1347,7.598,0.728,1.433,0.0,14.1,59.4
1784032898.83,1348,1.278,-0.883,-0.228,0.0,14.2,60.7
1784032898.83,1348,1.85,0.235,-0.205,0.0,16.9,69.8
1784032898.83,1348,3.142,0.498,0.164,0.0,20.6,71.9
1784032898.83,1348,7.482,1.193,0.941,0.0,17.6,60.0
1784032898.83,1348,7.599,0.728,1.425,0.0,13.9,59.7
1784032898.932,1349,1.278,-0.883,-0.23,0.0,14.3,60.6
1784032898.932,1349,1.85,0.235,-0.202,0.0,17.0,69.8
1784032898.932,1349,3.141,0.498,0.165,0.0,20.6,71.9
1784032898.932,1349,7.48,1.193,0.961,0.0,17.3,60.3
1784032898.932,1349,7.604,0.728,1.401,0.0,14.1,59.5
1784032899.032,1350,1.279,-0.883,-0.223,0.0,13.9,61.1
1784032899.032,1350,1.851,0.235,-0.199,0.0,16.9,69.8
1784032899.032,1350,3.141,0.498,0.164,0.0,20.5,72.0
1784032899.032,1350,7.472,1.193,1.018,0.0,17.2,60.4
1784032899.032,1350,7.594,0.728,1.455,0.0,13.8,59.8
1784032899.134,1351,1.273,-0.883,-0.258,0.0,14.0,60.8
1784032899.134,1351,1.85,0.235,-0.202,0.0,16.8,70.0
1784032899.134,1351,3.141,0.498,0.166,0.0,20.3,72.2
1784032899.134,1351,7.477,1.193,0.983,0.0,17.2,60.3
1784032899.134,1351,7.591,0.728,1.467,0.0,14.1,59.5
1784032899.236,1352,1.276,-0.883,-0.24,0.0,14.0,60.8
1784032899.236,1352,1.85,0.235,-0.202,0.0,16.8,69.9
1784032899.236,1352,3.141,0.498,0.165,0.0,20.5,72.0
1784032899.236,1352,7.474,1.193,1.003,0.0,17.0,60.5
1784032899.236,1352,7.583,0.728,1.51,0.0,14.2,59.6
1784032899.338,1353,1.278,-0.883,-0.233,0.0,14.3,60.5
1784032899.338,1353,1.848,0.235,-0.22,0.0,16.8,70.0
1784032899.338,1353,3.142,0.498,0.162,0.0,20.5,72.0
1784032899.338,1353,7.475,1.193,0.996,0.0,17.0,60.5
1784032899.338,1353,7.579,0.728,1.531,0.0,14.3,59.6
1784032899.439,1354,0.52,0.142,0.177,0.0,11.8,63.2
1784032899.439,1354,1.271,-0.883,-0.267,0.0,14.5,60.1
1784032899.439,1354,1.848,0.235,-0.222,0.0,16.8,70.0
1784032899.439,1354,3.141,0.498,0.164,0.0,20.3,72.1
1784032899.439,1354,7.476,1.193,0.988,0.0,17.2,60.3
1784032899.439,1354,7.571,0.971,1.429,0.0,14.4,59.5
1784032899.54,1355,0.518,0.142,0.182,0.0,12.0,63.0
1784032899.54,1355,1.274,-0.883,-0.254,0.0,14.9,59.8
1784032899.54,1355,1.849,0.235,-0.213,0.0,16.7,70.1
1784032899.54,1355,3.141,0.498,0.168,0.0,20.4,72.0
1784032899.54,1355,7.468,1.193,1.051,0.0,17.0,60.6
1784032899.54,1355,7.598,0.728,1.431,0.0,13.8,59.9
1784032899.642,1356,0.521,0.142,0.173,0.0,11.8,63.2
1784032899.642,1356,1.278,-0.883,-0.228,0.0,14.6,60.3
1784032899.642,1356,1.849,0.235,-0.215,0.0,16.8,70.0
1784032899.642,1356,3.141,0.498,0.164,0.0,20.5,72.0
1784032899.642,1356,7.471,1.193,1.024,0.0,17.1,60.5
1784032899.642,1356,7.591,0.728,1.47,0.0,14.1,59.5
1784032899.743,1357,0.519,0.142,0.18,0.0,11.7,63.3
1784032899.743,1357,1.275,-0.883,-0.244,0.0,14.4,60.5
1784032899.743,1357,1.548,-0.691,0.146,0.0,13.2,62.5
1784032899.743,1357,1.078,-1.117,-0.697,0.0,13.2,62.5
1784032899.743,1357,1.849,0.235,-0.214,0.0,16.9,69.9
1784032899.743,1357,3.141,0.498,0.164,0.0,20.4,72.1
1784032899.743,1357,7.475,1.193,0.995,0.0,16.9,60.7
1784032899.743,1357,7.586,0.971,1.348,0.0,13.9,59.8
1784032899.795,1358,0.519,0.142,0.18,0.0,11.4,63.6
1784032899.795,1358,1.277,-0.883,-0.235,0.0,14.4,60.7
1784032899.795,1358,1.549,-0.691,0.137,0.0,13.1,62.6
1784032899.795,1358,1.085,-1.117,-0.686,0.0,13.1,62.6
1784032899.795,1358,1.85,0.235,-0.208,0.0,16.8,69.9
1784032899.795,1358,3.141,0.498,0.165,0.0,20.3,72.1
1784032899.795,1358,7.477,1.193,0.979,0.0,17.1,60.4
1784032899.795,1358,7.612,0.728,1.354,0.0,13.8,59.7
1784032899.948,1359,0.519,0.142,0.178,0.0,11.8,63.2
1784032899.948,1359,1.276,-0.883,-0.242,0.0,14.4,60.7
1784032899.948,1359,1.85,0.235,-0.203,0.0,16.8,70.0
1784032899.948,1359,3.142,0.498,0.163,0.0,20.5,72.0
1784032899.948,1359,7.472,1.193,1.022,0.0,16.8,60.8
1784032899.948,1359,7.618,0.728,1.324,0.0,13.5,60.0
1784032900.049,1360,0.518,0.142,0.181,0.0,11.3,63.7
1784032900.049,1360,1.272,-0.883,-0.261,0.0,14.7,60.4
1784032900.049,1360,1.85,0.235,-0.208,0.0,16.8,69.9
1784032900.049,1360,3.141,0.498,0.166,0.0,20.4,72.0
1784032900.049,1360,7.475,1.193,0.996,0.0,17.0,60.6
1784032900.049,1360,7.638,0.728,1.202,0.0,13.7,59.9
1784032900.101,1361,1.272,-0.883,-0.263,0.0,15.2,59.9
1784032900.101,1361,1.849,0.235,-0.21,0.0,16.9,69.9
1784032900.101,1361,3.141,0.498,0.164,0.0,20.4,72.0
1784032900.101,1361,7.468,1.193,1.046,0.0,17.1,60.5
1784032900.101,1361,7.659,0.728,1.061,0.0,13.7,59.8
1784032900.205,1362,1.272,-0.883,-0.26,0.0,13.8,61.0
1784032900.205,1362,1.85,0.235,-0.208,0.0,16.8,70.0
1784032900.205,1362,3.141,0.498,0.166,0.0,20.3,72.2
1784032900.205,1362,7.47,1.193,1.038,0.0,16.4,61.2
1784032900.205,1362,7.682,0.728,0.876,0.0,13.1,60.4
1784032900.306,1363,1.274,-0.883,-0.253,0.0,14.4,60.4
1784032900.306,1363,1.85,0.235,-0.209,0.0,16.7,70.1
1784032900.306,1363,3.141,0.498,0.166,0.0,20.4,72.1
1784032900.306,1363,7.468,1.193,1.052,0.0,16.7,60.9
1784032900.306,1363,7.698,0.728,0.723,0.0,13.2,60.4
1784032900.407,1364,0.521,0.142,0.174,0.0,11.9,63.0
1784032900.407,1364,1.274,-0.883,-0.251,0.0,14.7,60.0
1784032900.407,1364,1.85,0.235,-0.209,0.0,16.9,69.9
1784032900.407,1364,3.142,0.498,0.164,0.0,20.3,72.1
1784032900.407,1364,7.461,1.193,1.094,0.0,16.6,61.0
1784032900.407,1364,7.675,0.971,0.684,0.0,13.5,60.4
1784032900.509,1365,0.52,0.142,0.178,0.0,12.0,62.9
1784032900.509,1365,1.271,-0.883,-0.268,0.0,14.9,60.2
1784032900.509,1365,1.849,0.235,-0.21,0.0,16.8,70.1
1784032900.509,1365,3.141,0.498,0.166,0.0,20.4,72.1
1784032900.509,1365,7.464,1.193,1.075,0.0,16.7,60.8
1784032900.509,1365,7.675,0.971,0.681,0.0,14.3,60.0
1784032900.611,1366,1.275,-0.883,-0.247,0.0,14.2,61.0
1784032900.611,1366,1.848,0.235,-0.222,0.0,16.8,70.0
1784032900.611,1366,3.141,0.498,0.164,0.0,20.4,72.0
1784032900.611,1366,7.472,1.193,1.022,0.0,16.9,60.7
1784032900.611,1366,7.657,0.971,0.859,0.0,14.5,60.0
1784032900.713,1367,1.277,-0.883,-0.234,0.0,13.6,61.2
1784032900.713,1367,1.527,-0.744,0.103,0.0,12.4,63.3
1784032900.713,1367,0.938,-1.17,-0.805,0.0,12.4,63.3
1784032900.713,1367,1.85,0.235,-0.204,0.0,16.6,70.2
1784032900.713,1367,3.141,0.498,0.164,0.0,20.5,72.0
1784032900.713,1367,7.472,1.193,1.022,0.0,16.6,60.9
1784032900.713,1367,7.614,1.213,0.931,0.0,15.0,59.9
1784032900.815,1368,0.519,0.142,0.179,0.0,11.3,63.7
1784032900.815,1368,1.275,-0.883,-0.246,0.0,14.3,60.6
1784032900.815,1368,1.847,0.235,-0.232,0.0,16.7,70.1
1784032900.815,1368,3.141,0.498,0.165,0.0,20.4,72.1
1784032900.815,1368,7.467,1.193,1.052,0.0,16.6,60.9
1784032900.815,1368,7.591,1.213,1.103,0.0,14.8,60.2
1784032900.917,1369,1.276,-0.883,-0.241,0.0,14.6,60.3
1784032900.917,1369,1.851,0.235,-0.2,0.0,16.8,70.0
1784032900.917,1369,3.141,0.498,0.166,0.0,20.3,72.1
1784032900.917,1369,7.461,1.193,1.094,0.0,16.9,60.7
1784032900.917,1369,7.583,1.213,1.155,0.0,15.1,59.9
1784032901.018,1370,1.273,-0.883,-0.255,0.0,14.2,60.9
1784032901.018,1370,1.849,0.235,-0.21,0.0,16.8,70.0
1784032901.018,1370,3.142,0.498,0.164,0.0,20.4,72.1
1784032901.018,1370,7.463,1.193,1.08,0.0,16.7,60.9
1784032901.018,1370,7.57,1.213,1.241,0.0,14.8,60.0
1784032901.12,1371,1.278,-0.883,-0.229,0.0,14.2,60.8
1784032901.12,1371,1.526,-0.744,0.114,0.0,13.3,62.4
1784032901.12,1371,1.077,-1.117,-0.698,0.0,13.3,62.4
1784032901.12,1371,1.85,0.235,-0.201,0.0,16.8,69.9
1784032901.12,1371,3.141,0.498,0.164,0.0,20.3,72.1
1784032901.12,1371,7.47,1.193,1.036,0.0,16.1,61.5
1784032901.12,1371,7.559,1.213,1.304,0.0,14.1,60.7
1784032901.221,1372,1.281,-0.883,-0.215,0.0,13.9,61.1
1784032901.221,1372,1.526,-0.744,0.109,0.0,12.2,63.5
1784032901.221,1372,0.914,-1.17,-0.831,0.0,12.2,63.5
1784032901.221,1372,1.851,0.235,-0.2,0.0,16.5,70.2
1784032901.221,1372,3.141,0.498,0.166,0.0,20.3,72.1
1784032901.221,1372,7.47,1.193,1.031,0.0,16.7,60.8
1784032901.221,1372,7.562,1.213,1.289,0.0,14.5,60.1
1784032901.322,1373,1.28,-0.883,-0.219,0.0,14.4,60.6
1784032901.322,1373,1.526,-0.744,0.11,0.0,13.1,62.5
1784032901.322,1373,0.918,-1.17,-0.828,0.0,13.1,62.5
1784032901.322,1373,1.852,0.235,-0.188,0.0,16.5,70.1
1784032901.322,1373,3.141,0.498,0.164,0.0,20.4,72.1
1784032901.322,1373,7.47,1.193,1.031,0.0,16.6,61.0
1784032901.322,1373,7.564,1.213,1.273,0.0,14.2,60.5
1784032901.425,1374,0.517,0.142,0.186,0.0,12.3,62.6
1784032901.425,1374,1.278,-0.883,-0.229,0.0,14.5,60.4
1784032901.425,1374,1.847,0.235,-0.228,0.0,17.0,69.7
1784032901.425,1374,3.142,0.498,0.163,0.0,20.4,72.0
1784032901.425,1374,7.47,1.193,1.037,0.0,16.8,60.7
1784032901.425,1374,7.562,1.213,1.286,0.0,14.6,60.1
1784032901.527,1375,0.519,0.142,0.181,0.0,11.5,63.5
1784032901.527,1375,1.269,-0.883,-0.278,0.0,14.3,60.7
1784032901.527,1375,1.848,0.235,-0.22,0.0,16.7,70.1
1784032901.527,1375,3.142,0.498,0.164,0.0,20.4,72.1
1784032901.527,1375,7.479,1.193,0.965,0.0,16.8,60.7
1784032901.527,1375,7.558,1.213,1.309,0.0,15.0,59.8
1784032901.628,1376,1.275,-0.883,-0.248,0.0,13.9,61.0
1784032901.628,1376,1.849,0.235,-0.211,0.0,16.8,70.0
1784032901.628,1376,3.141,0.498,0.167,0.0,20.3,72.1
1784032901.628,1376,7.482,1.193,0.945,0.0,17.0,60.6
1784032901.628,1376,7.554,1.213,1.332,0.0,14.5,60.2
1784032901.73,1377,1.278,-0.883,-0.228,0.0,13.8,61.2
1784032901.73,1377,1.858,0.176,-0.192,0.0,16.8,70.0
1784032901.73,1377,3.141,0.498,0.166,0.0,20.4,72.0
1784032901.73,1377,7.475,1.193,0.996,0.0,16.8,60.8
1784032901.73,1377,7.551,1.213,1.349,0.0,14.5,60.2
1784032901.832,1378,0.52,0.142,0.177,0.0,11.6,63.3
1784032901.832,1378,1.27,-0.883,-0.27,0.0,14.3,60.4
1784032901.832,1378,1.848,0.235,-0.22,0.0,17.0,69.7
1784032901.832,1378,3.142,0.498,0.162,0.0,20.4,72.0
1784032901.832,1378,7.477,1.193,0.98,0.0,16.5,61.0
1784032901.832,1378,7.553,1.213,1.338,0.0,14.6,60.3
1784032901.934,1379,1.272,-0.883,-0.259,0.0,13.9,60.9
1784032901.934,1379,1.858,0.176,-0.192,0.0,17.2,69.6
1784032901.934,1379,3.141,0.498,0.169,0.0,20.3,72.2
1784032901.934,1379,7.465,1.193,1.07,0.0,16.7,60.7
1784032901.934,1379,7.555,1.213,1.325,0.0,15.1,59.8
1784032902.034,1380,1.281,-0.883,-0.215,0.0,14.5,60.5
1784032902.034,1380,1.858,0.176,-0.189,0.0,16.9,69.9
1784032902.034,1380,3.142,0.498,0.163,0.0,20.4,72.0
1784032902.034,1380,7.471,1.193,1.024,0.0,16.9,60.6
1784032902.034,1380,7.569,1.213,1.245,0.0,15.0,60.0
1784032902.135,1381,1.274,-0.883,-0.25,0.0,15.0,59.9
1784032902.135,1381,1.85,0.235,-0.204,0.0,16.8,70.0
1784032902.135,1381,3.142,0.498,0.159,0.0,20.6,71.8
1784032902.135,1381,7.473,1.193,1.015,0.0,17.1,60.4
1784032902.135,1381,7.565,1.213,1.27,0.0,15.3,59.8
1784032902.236,1382,1.273,-0.883,-0.259,0.0,13.6,61.2
1784032902.236,1382,1.857,0.176,-0.197,0.0,16.8,70.0
1784032902.236,1382,3.155,0.398,0.169,0.0,20.3,72.1
1784032902.236,1382,7.464,1.193,1.075,0.0,16.7,60.7
1784032902.236,1382,7.556,1.213,1.319,0.0,14.7,60.1
1784032902.338,1383,1.277,-0.883,-0.238,0.0,13.8,61.1
1784032902.338,1383,1.85,0.235,-0.208,0.0,16.8,70.0
1784032902.338,1383,3.141,0.498,0.167,0.0,20.6,71.9
1784032902.338,1383,7.467,1.193,1.054,0.0,16.7,60.7
1784032902.338,1383,7.567,1.213,1.258,0.0,14.9,60.1
1784032902.439,1384,0.52,0.142,0.178,0.0,11.8,63.3
1784032902.439,1384,1.285,-0.883,-0.19,0.0,14.5,60.5
1784032902.439,1384,1.858,0.176,-0.186,0.0,17.0,69.8
1784032902.439,1384,3.142,0.498,0.161,0.0,20.6,71.8
1784032902.439,1384,7.473,1.193,1.014,0.0,16.8,60.6
1784032902.439,1384,7.564,1.213,1.274,0.0,14.9,60.0
1784032902.542,1385,1.274,-0.883,-0.252,0.0,14.5,60.3
1784032902.542,1385,1.858,0.176,-0.194,0.0,16.7,70.1
1784032902.542,1385,3.155,0.398,0.168,0.0,20.3,72.2
1784032902.542,1385,7.482,1.193,0.945,0.0,17.1,60.2
1784032902.542,1385,7.571,1.213,1.235,0.0,15.3,59.7
1784032902.643,1386,1.278,-0.883,-0.232,0.0,14.1,60.7
1784032902.643,1386,1.847,0.235,-0.229,0.0,16.9,69.9
1784032902.643,1386,3.141,0.498,0.169,0.0,20.3,72.2
1784032902.643,1386,7.467,1.193,1.057,0.0,16.5,60.8
1784032902.643,1386,7.569,1.213,1.243,0.0,15.7,59.4
1784032902.744,1387,1.286,-0.883,-0.181,0.0,14.4,60.7
1784032902.744,1387,1.858,0.176,-0.192,0.0,17.2,69.7
1784032902.744,1387,3.142,0.498,0.161,0.0,20.6,71.9
1784032902.744,1387,7.474,1.193,1.008,0.0,16.2,61.1
1784032902.744,1387,7.544,1.456,1.133,0.0,15.2,60.2
1784032902.796,1388,1.277,-0.883,-0.234,0.0,14.1,60.7
1784032902.796,1388,1.847,0.235,-0.227,0.0,17.1,69.7
1784032902.796,1388,3.142,0.498,0.162,0.0,20.3,72.1
1784032902.796,1388,7.475,1.193,0.998,0.0,16.7,60.7
1784032902.796,1388,7.581,1.213,1.17,0.0,15.4,60.0
1784032902.949,1389,1.274,-0.883,-0.252,0.0,13.8,61.0
1784032902.949,1389,1.849,0.235,-0.211,0.0,16.9,69.9
1784032902.949,1389,3.141,0.498,0.168,0.0,20.3,72.2
1784032902.949,1389,7.473,1.193,1.014,0.0,16.7,60.7
1784032902.949,1389,7.576,1.213,1.203,0.0,15.6,59.9
1784032903.05,1390,1.282,-0.883,-0.208,0.0,14.2,60.8
1784032903.05,1390,1.859,0.176,-0.183,0.0,17.0,69.8
1784032903.05,1390,3.142,0.498,0.163,0.0,20.5,71.9
1784032903.05,1390,7.476,1.193,0.99,0.0,16.6,60.8
1784032903.05,1390,7.586,1.213,1.134,0.0,15.3,60.1
1784032903.102,1391,0.521,0.142,0.174,0.0,11.6,63.4
1784032903.102,1391,1.279,-0.883,-0.222,0.0,13.8,61.1
1784032903.102,1391,1.846,0.235,-0.235,0.0,16.9,69.9
1784032903.102,1391,3.142,0.498,0.161,0.0,20.4,72.0
1784032903.102,1391,7.469,1.193,1.044,0.0,16.5,61.0
1784032903.102,1391,7.578,1.213,1.187,0.0,15.0,60.3
1784032903.204,1392,1.275,-0.883,-0.246,0.0,14.2,60.6
1784032903.204,1392,1.548,-0.691,0.142,0.0,13.1,62.6
1784032903.204,1392,0.917,-1.17,-0.828,0.0,13.1,62.6
1784032903.204,1392,1.851,0.235,-0.199,0.0,17.1,69.7
1784032903.204,1392,3.141,0.498,0.17,0.0,20.2,72.3
1784032903.204,1392,7.467,1.193,1.056,0.0,16.7,60.9
1784032903.204,1392,7.58,1.213,1.175,0.0,14.8,60.5
1784032903.304,1393,1.277,-0.883,-0.235,0.0,14.7,60.5
1784032903.304,1393,1.857,0.176,-0.201,0.0,16.8,70.0
1784032903.304,1393,3.142,0.498,0.164,0.0,20.6,71.9
1784032903.304,1393,7.459,1.193,1.11,0.0,16.7,60.9
1784032903.304,1393,7.6,1.213,1.035,0.0,14.7,60.4
1784032903.406,1394,1.273,-0.883,-0.257,0.0,14.6,60.6
1784032903.406,1394,1.849,0.235,-0.217,0.0,17.0,69.8
1784032903.406,1394,3.142,0.498,0.16,0.0,20.3,72.1
1784032903.406,1394,7.465,1.193,1.07,0.0,16.9,60.7
1784032903.406,1394,7.61,1.213,0.958,0.0,15.0,60.0
1784032903.507,1395,1.276,-0.883,-0.241,0.0,15.0,60.0
1784032903.507,1395,1.527,-0.744,0.104,0.0,13.5,62.2
1784032903.507,1395,0.899,-1.17,-0.847,0.0,13.5,62.2
1784032903.507,1395,1.849,0.235,-0.21,0.0,17.0,69.9
1784032903.507,1395,3.141,0.498,0.167,0.0,20.2,72.3
1784032903.507,1395,7.466,1.193,1.061,0.0,17.1,60.5
1784032903.507,1395,7.658,0.971,0.846,0.0,14.9,60.0
1784032903.608,1396,1.281,-0.883,-0.212,0.0,14.6,60.5
1784032903.608,1396,1.858,0.176,-0.189,0.0,16.9,69.9
1784032903.608,1396,3.142,0.498,0.164,0.0,20.4,72.0
1784032903.608,1396,7.474,1.193,1.003,0.0,17.1,60.3
1784032903.608,1396,7.626,1.213,0.825,0.0,15.1,59.7
1784032903.71,1397,0.52,0.142,0.175,0.0,11.5,63.5
1784032903.71,1397,1.28,-0.883,-0.222,0.0,14.4,60.7
1784032903.71,1397,1.858,0.176,-0.187,0.0,16.7,70.1
1784032903.71,1397,3.142,0.498,0.162,0.0,20.4,72.1
1784032903.71,1397,7.478,1.193,0.978,0.0,17.1,60.3
1784032903.71,1397,7.665,0.971,0.781,0.0,14.8,59.7
1784032903.81,1398,1.278,-0.883,-0.228,0.0,13.5,61.3
1784032903.81,1398,1.85,0.235,-0.209,0.0,16.7,70.1
1784032903.81,1398,3.141,0.498,0.166,0.0,20.2,72.2
1784032903.81,1398,7.48,1.193,0.957,0.0,16.8,60.6
1784032903.81,1398,7.699,0.728,0.711,0.0,14.2,59.7
1784032903.911,1399,0.518,0.142,0.183,0.0,11.6,63.5
1784032903.911,1399,1.284,-0.883,-0.195,0.0,13.9,61.1
1784032903.911,1399,1.858,0.176,-0.194,0.0,16.8,70.0
1784032903.911,1399,3.142,0.498,0.164,0.0,20.5,72.0
1784032903.911,1399,7.475,1.193,0.994,0.0,16.8,60.7
1784032903.911,1399,7.678,0.971,0.648,0.0,14.0,59.4
1784032904.012,1400,1.284,-0.883,-0.197,0.0,14.1,61.1
1784032904.012,1400,1.858,0.176,-0.19,0.0,16.9,69.9
1784032904.012,1400,3.142,0.498,0.163,0.0,20.4,72.1
1784032904.012,1400,7.473,1.193,1.015,0.0,17.0,60.6
1784032904.012,1400,7.664,0.971,0.79,0.0,14.0,59.6
1784032904.112,1401,1.279,-0.883,-0.224,0.0,13.8,61.2
1784032904.112,1401,1.549,-0.691,0.139,0.0,12.9,62.8
1784032904.112,1401,0.93,-1.17,-0.813,0.0,12.9,62.8
1784032904.112,1401,1.849,0.235,-0.218,0.0,16.7,70.1
1784032904.112,1401,3.141,0.498,0.167,0.0,20.2,72.3
1784032904.112,1401,7.473,1.193,1.015,0.0,17.5,60.2
1784032904.112,1401,7.666,0.728,1.006,0.0,14.0,59.6
1784032904.214,1402,1.285,-0.883,-0.186,0.0,14.8,60.4
1784032904.214,1402,1.85,0.235,-0.209,0.0,16.8,69.9
1784032904.214,1402,3.141,0.498,0.166,0.0,20.3,72.1
1784032904.214,1402,7.464,1.193,1.075,0.0,17.3,60.3
1784032904.214,1402,7.624,0.971,1.115,0.0,14.1,59.7
1784032904.317,1403,1.28,-0.883,-0.218,0.0,14.2,60.9
1784032904.317,1403,1.857,0.176,-0.197,0.0,16.7,70.1
1784032904.317,1403,3.142,0.498,0.161,0.0,20.3,72.1
1784032904.317,1403,7.471,1.193,1.03,0.0,17.4,60.3
1784032904.317,1403,7.609,0.971,1.213,0.0,14.5,59.4
1784032904.418,1404,1.274,-0.883,-0.25,0.0,14.2,60.6
1784032904.418,1404,1.848,0.235,-0.222,0.0,16.7,70.1
1784032904.418,1404,3.141,0.498,0.168,0.0,20.2,72.3
1784032904.418,1404,7.471,1.193,1.025,0.0,16.8,60.9
1784032904.418,1404,7.564,0.971,1.465,0.0,14.1,59.8
1784032904.519,1405,1.28,-0.883,-0.217,0.0,14.1,61.0
1784032904.519,1405,1.858,0.176,-0.187,0.0,16.9,69.9
1784032904.519,1405,3.141,0.498,0.165,0.0,20.4,72.1
1784032904.519,1405,7.465,1.193,1.072,0.0,17.2,60.6
1784032904.519,1405,7.566,0.971,1.456,0.0,14.5,59.5
1784032904.62,1406,1.281,-0.883,-0.214,0.0,14.8,60.1
1784032904.62,1406,1.848,0.235,-0.221,0.0,16.8,70.0
1784032904.62,1406,3.142,0.498,0.16,0.0,20.4,72.0
1784032904.62,1406,7.469,1.193,1.04,0.0,17.0,60.7
1784032904.62,1406,7.55,1.213,1.354,0.0,14.0,60.1
1784032904.721,1407,1.276,-0.883,-0.241,0.0,13.4,61.4
1784032904.721,1407,1.849,0.235,-0.216,0.0,16.5,70.2
1784032904.721,1407,3.141,0.498,0.167,0.0,20.2,72.2
1784032904.721,1407,7.463,1.193,1.08,0.0,17.1,60.6
1784032904.721,1407,7.557,1.213,1.314,0.0,14.4,59.7
1784032904.822,1408,1.28,-0.883,-0.218,0.0,13.7,61.4
1784032904.822,1408,1.849,0.235,-0.213,0.0,16.6,70.2
1784032904.822,1408,3.141,0.498,0.164,0.0,20.5,72.0
1784032904.822,1408,7.463,1.193,1.084,0.0,17.2,60.4
1784032904.822,1408,7.58,0.971,1.384,0.0,14.5,59.4
1784032904.924,1409,1.275,-0.883,-0.245,0.0,14.1,60.9
1784032904.924,1409,1.849,0.235,-0.218,0.0,16.4,70.3
1784032904.924,1409,3.142,0.498,0.16,0.0,20.5,71.9
1784032904.924,1409,7.47,1.193,1.036,0.0,16.9,60.9
1784032904.924,1409,7.598,0.728,1.434,0.0,14.1,59.7
1784032905.026,1410,1.274,-0.883,-0.253,0.0,13.8,60.8
1784032905.026,1410,1.857,0.176,-0.198,0.0,16.6,70.2
1784032905.026,1410,3.155,0.398,0.171,0.0,20.2,72.2
1784032905.026,1410,7.475,1.193,1.001,0.0,16.9,60.8
1784032905.026,1410,7.578,0.971,1.395,0.0,13.8,60.1
1784032905.127,1411,1.278,-0.883,-0.228,0.0,14.6,60.5
1784032905.127,1411,1.858,0.176,-0.191,0.0,16.5,70.3
1784032905.127,1411,3.141,0.498,0.166,0.0,20.6,71.9
1784032905.127,1411,7.468,1.193,1.052,0.0,16.6,61.1
1784032905.127,1411,7.586,0.971,1.347,0.0,13.9,59.7
1784032905.234,1412,0.517,0.142,0.186,0.0,11.6,63.5
1784032905.234,1412,1.283,-0.883,-0.2,0.0,14.8,60.4
1784032905.234,1412,1.548,-0.691,0.146,0.0,13.2,62.5
1784032905.234,1412,0.963,-1.17,-0.774,0.0,13.2,62.5
1784032905.234,1412,1.849,0.235,-0.211,0.0,16.6,70.1
1784032905.234,1412,3.142,0.498,0.16,0.0,20.6,71.8
1784032905.234,1412,7.477,1.193,0.978,0.0,17.0,60.7
1784032905.234,1412,7.618,0.728,1.323,0.0,14.1,59.5
1784032905.336,1413,1.276,-0.883,-0.239,0.0,13.6,61.1
1784032905.336,1413,1.848,0.235,-0.221,0.0,16.9,69.8
1784032905.336,1413,3.141,0.498,0.166,0.0,20.3,72.2
1784032905.336,1413,7.466,1.193,1.063,0.0,16.8,60.8
1784032905.336,1413,7.618,0.971,1.157,0.0,13.7,59.9
1784032905.437,1414,1.274,-0.883,-0.252,0.0,14.2,60.8
1784032905.437,1414,1.849,0.235,-0.212,0.0,17.0,69.8
1784032905.437,1414,3.141,0.498,0.165,0.0,20.5,72.0
1784032905.437,1414,7.473,1.193,1.009,0.0,17.0,60.7
1784032905.437,1414,7.66,0.728,1.051,0.0,13.3,60.3
1784032905.539,1415,1.273,-0.883,-0.257,0.0,14.1,60.9
1784032905.539,1415,1.849,0.235,-0.218,0.0,16.8,70.0
1784032905.539,1415,3.141,0.498,0.165,0.0,20.5,72.0
1784032905.539,1415,7.479,1.193,0.968,0.0,17.0,60.6
1784032905.539,1415,7.67,0.971,0.735,0.0,13.7,60.0
1784032905.64,1416,1.267,-0.883,-0.284,0.0,13.5,61.0
1784032905.64,1416,1.856,0.176,-0.209,0.0,16.9,69.9
1784032905.64,1416,3.155,0.398,0.169,0.0,20.3,72.2
1784032905.64,1416,7.479,1.193,0.964,0.0,17.2,60.5
1784032905.64,1416,7.666,0.971,0.777,0.0,14.4,59.7
1784032905.745,1417,1.261,-0.883,-0.312,0.0,14.2,60.7
1784032905.745,1417,1.855,0.176,-0.216,0.0,16.8,70.0
1784032905.745,1417,3.141,0.498,0.168,0.0,20.5,71.9
1784032905.745,1417,7.475,1.193,1.001,0.0,17.1,60.6
1784032905.745,1417,7.609,1.213,0.969,0.0,15.2,59.6
1784032905.796,1418,1.272,-0.883,-0.263,0.0,14.0,60.8
1784032905.796,1418,1.855,0.176,-0.214,0.0,17.0,69.8
1784032905.796,1418,3.14,0.498,0.183,0.0,20.0,72.3
1784032905.796,1418,7.47,1.193,1.036,0.0,17.3,60.3
1784032905.796,1418,7.568,1.213,1.252,0.0,15.5,59.5
1784032905.948,1419,1.307,-0.834,-0.248,0.0,14.7,60.8
1784032905.948,1419,1.555,-0.691,0.005,0.0,13.5,62.2
1784032905.948,1419,1.254,-1.117,-0.273,0.0,13.5,62.2
1784032905.948,1419,1.85,0.235,-0.202,0.0,17.0,69.8
1784032905.948,1419,3.141,0.498,0.167,0.0,20.1,72.3
1784032905.948,1419,7.456,1.193,1.133,0.0,17.7,60.1
1784032905.948,1419,7.561,1.213,1.29,0.0,15.6,59.3
1784032906.048,1420,1.279,-0.883,-0.226,0.0,14.7,60.6
1784032906.048,1420,1.53,-0.744,-0.021,0.0,13.2,62.6
1784032906.048,1420,1.258,-1.117,-0.258,0.0,13.2,62.6
1784032906.048,1420,1.858,0.176,-0.193,0.0,16.8,70.0
1784032906.048,1420,3.142,0.498,0.164,0.0,20.3,72.0
1784032906.048,1420,7.472,1.193,1.023,0.0,17.3,60.5
1784032906.048,1420,7.579,1.213,1.183,0.0,14.8,59.8
1784032906.099,1421,1.282,-0.883,-0.204,0.0,14.6,60.7
1784032906.099,1421,1.577,-0.638,0.007,0.0,12.7,62.8
1784032906.099,1421,1.269,-1.117,-0.197,0.0,12.7,62.8
1784032906.099,1421,1.856,0.176,-0.206,0.0,16.6,70.1
1784032906.099,1421,3.141,0.498,0.165,0.0,20.6,71.8
1784032906.099,1421,7.475,1.193,0.997,0.0,17.1,60.7
1784032906.099,1421,7.58,1.213,1.175,0.0,14.3,60.4
1784032906.2,1422,1.27,-0.883,-0.271,0.0,14.8,60.7
1784032906.2,1422,1.849,0.235,-0.216,0.0,16.8,70.0
1784032906.2,1422,3.141,0.498,0.171,0.0,20.3,72.1
1784032906.2,1422,7.459,1.193,1.109,0.0,16.7,60.7
1784032906.2,1422,7.558,1.213,1.307,0.0,14.7,60.1
1784032906.352,1423,1.27,-0.834,-0.396,0.0,14.7,61.0
1784032906.352,1423,1.851,0.235,-0.194,0.0,16.7,70.3
1784032906.352,1423,3.141,0.498,0.177,0.0,19.8,72.5
1784032906.352,1423,7.462,1.193,1.087,0.0,17.5,59.9
1784032906.352,1423,7.576,1.213,1.2,0.0,14.9,59.7
1784032906.404,1424,1.273,-0.834,-0.388,0.0,14.6,61.2
1784032906.404,1424,1.85,0.235,-0.204,0.0,16.8,70.2
1784032906.404,1424,3.142,0.498,0.157,0.0,19.6,72.7
1784032906.404,1424,7.478,1.193,0.974,0.0,17.6,59.8
1784032906.404,1424,7.607,0.971,1.226,0.0,15.1,59.3
1784032906.505,1425,1.284,-0.834,-0.349,0.0,14.8,61.1
1784032906.505,1425,1.851,0.235,-0.198,0.0,16.6,70.3
1784032906.505,1425,3.141,0.498,0.17,0.0,19.8,72.5
1784032906.505,1425,7.46,1.193,1.102,0.0,17.3,60.0
1784032906.505,1425,7.584,1.213,1.146,0.0,14.9,59.6
1784032906.607,1426,1.249,-0.883,-0.357,0.0,13.7,61.1
1784032906.607,1426,1.857,0.176,-0.197,0.0,17.0,70.1
1784032906.607,1426,3.141,0.498,0.174,0.0,19.5,72.8
1784032906.607,1426,7.465,1.193,1.067,0.0,16.9,60.4
1784032906.607,1426,7.586,1.213,1.132,0.0,14.5,59.9
1784032906.709,1427,1.279,-0.834,-0.366,0.0,15.0,60.8
1784032906.709,1427,1.848,0.235,-0.218,0.0,16.8,70.1
1784032906.709,1427,3.142,0.498,0.154,0.0,20.0,72.3
1784032906.709,1427,7.473,1.193,1.009,0.0,16.8,60.5
1784032906.709,1427,7.615,0.971,1.175,0.0,14.2,60.0
1784032906.811,1428,1.289,-0.834,-0.328,0.0,14.3,61.4
1784032906.811,1428,1.713,0.327,-0.052,0.0,11.6,64.0
1784032906.811,1428,1.858,0.176,-0.189,0.0,17.0,69.8
1784032906.811,1428,3.141,0.498,0.174,0.0,20.1,72.3
1784032906.811,1428,7.458,1.193,1.12,0.0,17.2,60.3
1784032906.811,1428,7.585,0.971,1.352,0.0,14.4,59.6
1784032906.912,1429,1.238,-0.883,-0.391,0.0,14.6,60.8
1784032906.912,1429,1.85,0.235,-0.207,0.0,16.8,70.3
1784032906.912,1429,3.141,0.498,0.172,0.0,19.6,72.8
1784032906.912,1429,7.475,1.193,0.999,0.0,17.0,60.7
1784032906.912,1429,7.622,0.971,1.126,0.0,13.9,60.0
1784032907.013,1430,1.276,-0.834,-0.376,0.0,14.5,61.4
1784032907.013,1430,1.849,0.235,-0.216,0.0,16.5,70.5
1784032907.013,1430,3.142,0.498,0.162,0.0,19.8,72.6
1784032907.013,1430,7.484,1.193,0.931,0.0,17.9,60.0
1784032907.013,1430,7.61,0.971,1.207,0.0,14.1,60.0
1784032907.115,1431,1.284,-0.834,-0.348,0.0,15.1,60.7
1784032907.115,1431,1.714,0.327,-0.044,0.0,11.5,64.2
1784032907.115,1431,1.575,-0.709,-0.249,0.0,11.5,64.2
1784032907.115,1431,1.85,0.235,-0.204,0.0,16.9,70.1
1784032907.115,1431,3.141,0.498,0.168,0.0,19.9,72.4
1784032907.115,1431,7.462,1.193,1.093,0.0,17.8,60.1
1784032907.115,1431,7.604,0.971,1.244,0.0,14.0,60.0
1784032907.217,1432,0.481,0.142,0.265,0.0,11.6,63.1
1784032907.217,1432,1.272,-0.834,-0.39,0.0,14.6,61.2
1784032907.217,1432,1.85,0.235,-0.203,0.0,16.5,70.5
1784032907.217,1432,3.141,0.498,0.171,0.0,19.8,72.5
1784032907.217,1432,7.467,1.193,1.057,0.0,17.4,60.6
1784032907.217,1432,7.61,0.971,1.209,0.0,14.6,59.5
1784032907.318,1433,1.271,-0.834,-0.395,0.0,14.9,61.0
1784032907.318,1433,1.85,0.235,-0.208,0.0,16.6,70.5
1784032907.318,1433,3.141,0.498,0.167,0.0,19.8,72.6
1784032907.318,1433,7.465,1.193,1.069,0.0,18.1,59.8
1784032907.318,1433,7.617,0.971,1.163,0.0,14.8,59.2
1784032907.421,1434,1.273,-0.834,-0.388,0.0,14.6,61.4
1784032907.421,1434,1.85,0.235,-0.202,0.0,16.6,70.4
1784032907.421,1434,3.142,0.498,0.162,0.0,19.9,72.5
1784032907.421,1434,7.473,1.193,1.014,0.0,18.1,59.9
1784032907.421,1434,7.612,0.971,1.192,0.0,14.8,59.5
1784032907.522,1435,1.273,-0.834,-0.388,0.0,14.8,61.1
1784032907.522,1435,1.851,0.235,-0.198,0.0,16.9,70.1
1784032907.522,1435,3.141,0.498,0.174,0.0,20.1,72.3
1784032907.522,1435,7.475,1.193,1.0,0.0,18.1,60.0
1784032907.522,1435,7.609,0.971,1.214,0.0,14.6,59.7
1784032907.623,1436,1.245,-0.883,-0.368,0.0,13.5,61.7
1784032907.623,1436,1.858,0.176,-0.195,0.0,16.6,70.4
1784032907.623,1436,3.141,0.498,0.168,0.0,19.7,72.7
1784032907.623,1436,7.475,1.193,1.001,0.0,18.0,60.2
1784032907.623,1436,7.606,0.971,1.233,0.0,14.5,59.6
1784032907.724,1437,1.273,-0.834,-0.388,0.0,14.6,61.2
1784032907.724,1437,1.85,0.235,-0.209,0.0,16.6,70.4
1784032907.724,1437,3.142,0.498,0.159,0.0,19.7,72.6
1784032907.724,1437,7.474,1.193,1.006,0.0,17.7,60.6
1784032907.724,1437,7.601,0.971,1.263,0.0,14.0,60.0
1784032907.826,1438,0.479,0.142,0.269,0.0,11.6,63.0
1784032907.826,1438,1.274,-0.834,-0.384,0.0,15.0,61.0
1784032907.826,1438,1.851,0.235,-0.198,0.0,16.5,70.5
1784032907.826,1438,3.141,0.498,0.174,0.0,19.9,72.4
1784032907.826,1438,7.474,1.193,1.008,0.0,18.3,59.9
1784032907.826,1438,7.605,0.971,1.237,0.0,14.4,59.6
1784032907.931,1439,0.483,0.142,0.261,0.0,11.3,63.3
1784032907.931,1439,1.242,-0.883,-0.38,0.0,13.8,61.1
1784032907.931,1439,1.849,0.235,-0.21,0.0,17.0,70.1
1784032907.931,1439,3.141,0.498,0.171,0.0,19.6,72.8
1784032907.931,1439,7.475,1.193,0.999,0.0,18.3,59.9
1784032907.931,1439,7.625,0.971,1.108,0.0,14.6,59.4
1784032908.034,1440,1.238,-0.883,-0.392,0.0,14.3,61.2
1784032908.034,1440,1.857,0.176,-0.204,0.0,16.6,70.5
1784032908.034,1440,3.142,0.498,0.161,0.0,19.6,72.7
1784032908.034,1440,7.442,1.432,0.925,0.0,18.3,59.9
1784032908.034,1440,7.607,0.971,1.224,0.0,15.0,59.0
1784032908.135,1441,0.474,0.142,0.278,0.0,11.2,63.4
1784032908.135,1441,1.279,-0.834,-0.367,0.0,15.3,60.7
1784032908.135,1441,1.85,0.235,-0.204,0.0,16.5,70.5
1784032908.135,1441,3.141,0.498,0.17,0.0,19.9,72.5
1784032908.135,1441,7.47,1.193,1.036,0.0,17.6,60.5
1784032908.236,1442,1.277,-0.834,-0.374,0.0,15.0,61.0
1784032908.236,1442,1.85,0.235,-0.206,0.0,16.5,70.5
1784032908.236,1442,3.142,0.498,0.161,0.0,20.0,72.3
1784032908.236,1442,7.48,1.193,0.962,0.0,17.9,60.2
1784032908.236,1442,7.598,1.213,1.055,0.0,14.5,59.6
1784032908.337,1443,1.282,-0.883,-0.204,0.0,14.3,60.8
1784032908.337,1443,1.555,-0.691,0.022,0.0,12.9,62.6
1784032908.337,1443,1.265,-1.117,-0.218,0.0,12.9,62.6
1784032908.337,1443,1.848,0.235,-0.22,0.0,16.8,70.0
1784032908.337,1443,3.142,0.498,0.16,0.0,20.4,72.0
1784032908.337,1443,6.41,1.227,0.484,0.0,11.2,61.2
1784032908.337,1443,7.473,1.193,1.011,0.0,17.4,60.5
1784032908.439,1444,1.282,-0.883,-0.208,0.0,14.7,60.5
1784032908.439,1444,1.555,-0.691,0.029,0.0,13.0,62.5
1784032908.439,1444,1.241,-1.117,-0.33,0.0,13.0,62.5
1784032908.439,1444,1.848,0.235,-0.219,0.0,16.7,70.1
1784032908.439,1444,3.141,0.498,0.17,0.0,20.4,72.0
1784032908.439,1444,7.461,1.193,1.098,0.0,17.4,60.5
1784032908.541,1445,1.281,-0.883,-0.216,0.0,14.8,60.4
1784032908.541,1445,1.577,-0.638,-0.016,0.0,13.1,62.6
1784032908.541,1445,1.253,-1.117,-0.278,0.0,13.1,62.6
1784032908.541,1445,1.859,0.176,-0.185,0.0,16.4,70.3
1784032908.541,1445,3.141,0.498,0.164,0.0,20.2,72.2
1784032908.541,1445,6.4,1.227,0.598,0.0,12.3,60.4
1784032908.541,1445,7.474,1.193,1.006,0.0,17.4,60.4
1784032908.642,1446,1.288,-0.883,-0.169,0.0,14.2,61.0
1784032908.642,1446,1.555,-0.691,0.016,0.0,13.0,62.7
1784032908.642,1446,1.245,-1.117,-0.314,0.0,13.0,62.7
1784032908.642,1446,1.856,0.176,-0.211,0.0,16.5,70.3
1784032908.642,1446,3.141,0.498,0.169,0.0,20.4,72.0
1784032908.642,1446,6.411,1.227,0.471,0.0,12.0,60.8
1784032908.642,1446,7.466,1.193,1.059,0.0,17.5,60.3
1784032908.744,1447,1.286,-0.883,-0.178,0.0,14.7,60.5
1784032908.744,1447,1.554,-0.691,0.031,0.0,13.1,62.4
1784032908.744,1447,1.25,-1.117,-0.295,0.0,13.1,62.4
1784032908.744,1447,1.85,0.235,-0.209,0.0,16.5,70.3
1784032908.744,1447,3.141,0.498,0.166,0.0,20.5,71.9
1784032908.744,1447,6.413,1.227,0.438,0.0,11.3,60.7
1784032908.744,1447,7.463,1.193,1.083,0.0,17.5,60.4
1784032908.796,1448,1.283,-0.883,-0.202,0.0,14.7,60.6
1784032908.796,1448,1.577,-0.638,0.011,0.0,13.5,62.2
1784032908.796,1448,1.267,-1.117,-0.205,0.0,13.5,62.2
1784032908.796,1448,1.848,0.235,-0.221,0.0,16.7,70.1
1784032908.796,1448,3.141,0.498,0.172,0.0,20.7,71.6
1784032908.796,1448,6.391,1.227,0.687,0.0,12.3,60.6
1784032908.796,1448,7.434,1.432,0.99,0.0,17.3,60.6
1784032908.948,1449,1.293,-0.834,-0.316,0.0,14.8,60.9
1784032908.948,1449,1.553,-0.691,-0.07,0.0,12.7,62.7
1784032908.948,1449,1.269,-1.117,-0.192,0.0,12.7,62.7
1784032908.948,1449,1.86,0.176,-0.174,0.0,16.7,70.2
1784032908.948,1449,3.155,0.398,0.174,0.0,19.9,72.4
1784032908.948,1449,6.367,1.227,0.883,0.0,12.1,60.5
1784032908.948,1449,7.464,1.193,1.078,0.0,17.8,60.2
1784032909.049,1450,1.273,-0.834,-0.386,0.0,14.8,61.1
1784032909.049,1450,1.849,0.235,-0.21,0.0,16.6,70.4
1784032909.049,1450,3.141,0.498,0.167,0.0,19.8,72.6
1784032909.049,1450,6.301,1.227,1.275,0.0,12.8,59.6
1784032909.049,1450,7.47,1.193,1.036,0.0,18.3,59.7
1784032909.1,1451,1.259,-0.834,-0.43,0.0,14.9,61.1
1784032909.1,1451,1.85,0.235,-0.207,0.0,16.4,70.7
1784032909.1,1451,3.141,0.498,0.169,0.0,19.9,72.5
1784032909.1,1451,6.181,1.227,1.766,0.0,11.5,60.4
1784032909.1,1451,7.472,1.193,1.022,0.0,18.3,59.8
1784032909.201,1452,1.238,-0.883,-0.392,0.0,15.4,60.4
1784032909.201,1452,1.857,0.176,-0.201,0.0,16.5,70.5
1784032909.201,1452,3.141,0.498,0.165,0.0,19.5,72.8
1784032909.201,1452,6.193,1.227,1.724,0.0,11.8,60.2
1784032909.201,1452,7.437,1.432,0.966,0.0,18.1,60.0
1784032909.353,1453,1.238,-0.883,-0.391,0.0,14.3,61.4
1784032909.353,1453,1.851,0.235,-0.195,0.0,16.5,70.5
1784032909.353,1453,3.141,0.498,0.166,0.0,19.6,72.7
1784032909.353,1453,7.475,1.193,1.0,0.0,18.0,60.0
1784032909.406,1454,1.232,-0.883,-0.412,0.0,14.4,61.1
1784032909.406,1454,1.857,0.176,-0.2,0.0,16.7,70.4
1784032909.406,1454,3.141,0.498,0.168,0.0,19.8,72.6
1784032909.406,1454,6.132,1.227,1.929,0.0,11.7,60.1
1784032909.406,1454,7.476,1.193,0.987,0.0,18.1,59.9
1784032909.509,1455,1.236,-0.883,-0.399,0.0,14.1,61.4
1784032909.509,1455,1.858,0.176,-0.19,0.0,16.7,70.4
1784032909.509,1455,3.141,0.498,0.164,0.0,19.4,72.9
1784032909.509,1455,6.145,1.227,1.888,0.0,11.6,60.5
1784032909.509,1455,7.475,1.193,0.998,0.0,18.2,59.7
1784032909.611,1456,1.277,-0.834,-0.376,0.0,15.1,60.8
1784032909.611,1456,1.859,0.176,-0.182,0.0,16.5,70.5
1784032909.611,1456,3.142,0.498,0.161,0.0,19.8,72.5
1784032909.611,1456,6.257,1.432,1.278,0.0,11.9,60.6
1784032909.611,1456,7.471,1.193,1.03,0.0,17.6,60.1
1784032909.714,1457,1.277,-0.883,-0.235,0.0,14.6,60.6
1784032909.714,1457,1.577,-0.638,0.045,0.0,13.1,62.5
1784032909.714,1457,1.232,-1.117,-0.361,0.0,13.1,62.5
1784032909.714,1457,1.845,0.235,-0.247,0.0,16.7,70.1
1784032909.714,1457,3.142,0.498,0.158,0.0,20.2,72.1
1784032909.714,1457,6.441,1.023,0.539,0.0,11.6,60.8
1784032909.714,1457,7.476,1.193,0.99,0.0,17.2,60.4
1784032909.815,1458,1.283,-0.883,-0.2,0.0,13.7,61.4
1784032909.815,1458,1.554,-0.691,0.033,0.0,12.4,63.0
1784032909.815,1458,1.278,-1.117,-0.125,0.0,12.4,63.0
1784032909.815,1458,1.857,0.176,-0.202,0.0,16.4,70.3
1784032909.815,1458,3.141,0.498,0.181,0.0,20.4,71.9
1784032909.815,1458,7.462,1.193,1.089,0.0,17.5,60.3
1784032909.917,1459,1.282,-0.834,-0.355,0.0,14.8,61.2
1784032909.917,1459,1.714,0.327,-0.033,0.0,11.4,64.4
1784032909.917,1459,1.851,0.235,-0.196,0.0,16.5,70.5
1784032909.917,1459,3.141,0.498,0.171,0.0,20.0,72.4
1784032909.917,1459,6.248,1.227,1.51,0.0,12.3,60.1
1784032909.917,1459,7.468,1.193,1.046,0.0,18.0,59.8
1784032910.019,1460,0.478,0.142,0.27,0.0,11.8,62.9
1784032910.019,1460,1.292,-0.834,-0.32,0.0,15.8,60.0
1784032910.019,1460,1.553,-0.691,-0.064,0.0,13.6,62.0
1784032910.019,1460,1.263,-1.117,-0.23,0.0,13.6,62.0
1784032910.019,1460,1.849,0.235,-0.213,0.0,16.7,70.1
1784032910.019,1460,3.156,0.398,0.16,0.0,20.0,72.3
1784032910.019,1460,6.283,1.432,1.14,0.0,11.4,60.8
1784032910.019,1460,7.468,1.193,1.05,0.0,17.7,60.2
1784032910.12,1461,1.28,-0.883,-0.216,0.0,14.6,60.6
1784032910.12,1461,1.577,-0.638,0.01,0.0,13.0,62.5
1784032910.12,1461,1.234,-1.17,-0.055,0.0,13.0,62.5
1784032910.12,1461,1.858,0.176,-0.191,0.0,16.6,70.1
1784032910.12,1461,3.141,0.498,0.168,0.0,20.6,71.8
1784032910.12,1461,6.413,1.227,0.448,0.0,11.6,60.8
1784032910.12,1461,7.465,1.193,1.068,0.0,17.6,60.3
1784032910.222,1462,0.481,0.142,0.265,0.0,11.2,63.4
1784032910.222,1462,1.279,-0.834,-0.368,0.0,14.9,61.1
1784032910.222,1462,1.851,0.235,-0.197,0.0,16.8,70.2
1784032910.222,1462,3.141,0.498,0.172,0.0,20.0,72.4
1784032910.222,1462,7.469,1.193,1.044,0.0,17.7,60.2
1784032910.324,1463,0.475,0.142,0.276,0.0,11.6,63.3
1784032910.324,1463,1.281,-0.834,-0.361,0.0,15.5,60.4
1784032910.324,1463,1.714,0.327,-0.033,0.0,11.8,63.9
1784032910.324,1463,1.59,-0.709,-0.117,0.0,11.8,63.9
1784032910.324,1463,1.85,0.235,-0.203,0.0,16.8,70.2
1784032910.324,1463,3.142,0.498,0.157,0.0,20.0,72.4
1784032910.324,1463,6.19,1.432,1.569,0.0,11.9,60.3
1784032910.324,1463,7.476,1.193,0.992,0.0,17.7,60.4
1784032910.425,1464,1.297,-0.834,-0.297,0.0,15.0,60.6
1784032910.425,1464,1.576,-0.638,-0.065,0.0,12.9,62.4
1784032910.425,1464,1.275,-1.117,-0.153,0.0,12.9,62.4
1784032910.425,1464,1.858,0.176,-0.191,0.0,16.9,70.0
1784032910.425,1464,3.142,0.498,0.163,0.0,20.1,72.2
1784032910.425,1464,6.4,1.227,0.6,0.0,12.1,60.8
1784032910.425,1464,7.466,1.193,1.063,0.0,17.5,60.4
1784032910.425,1464,7.585,1.213,1.142,0.0,14.4,59.9
1784032910.526,1465,1.281,-0.834,-0.358,0.0,15.5,60.6
1784032910.526,1465,1.85,0.235,-0.201,0.0,16.5,70.5
1784032910.526,1465,3.141,0.498,0.168,0.0,19.8,72.5
1784032910.526,1465,6.339,1.227,1.07,0.0,11.5,60.5
1784032910.526,1465,7.472,1.193,1.017,0.0,17.6,60.3
1784032910.526,1465,7.584,0.971,1.359,0.0,14.9,59.3
1784032910.628,1466,1.278,-0.834,-0.371,0.0,14.9,61.1
1784032910.628,1466,1.849,0.235,-0.218,0.0,16.9,70.1
1784032910.628,1466,3.141,0.498,0.165,0.0,19.9,72.5
1784032910.628,1466,6.161,1.432,1.678,0.0,11.6,60.7
1784032910.628,1466,7.471,1.193,1.023,0.0,17.4,60.5
1784032910.628,1466,7.631,0.971,1.063,0.0,14.8,59.6
1784032910.728,1467,1.289,-0.834,-0.332,0.0,15.2,60.8
1784032910.728,1467,1.713,0.327,-0.057,0.0,11.4,64.2
1784032910.728,1467,1.849,0.235,-0.212,0.0,16.5,70.4
1784032910.728,1467,3.142,0.498,0.159,0.0,19.9,72.5
1784032910.728,1467,6.394,1.227,0.659,0.0,12.3,60.3
1784032910.728,1467,7.462,1.193,1.089,0.0,18.0,59.7
1784032910.728,1467,7.592,1.213,1.097,0.0,15.1,59.5
1784032910.829,1468,1.295,-0.834,-0.308,0.0,13.9,61.8
1784032910.829,1468,1.714,0.327,-0.047,0.0,11.6,64.1
1784032910.829,1468,1.851,0.235,-0.198,0.0,16.6,70.3
1784032910.829,1468,3.155,0.398,0.17,0.0,19.9,72.5
1784032910.829,1468,6.376,1.227,0.814,0.0,11.6,61.0
1784032910.829,1468,7.466,1.193,1.063,0.0,17.6,60.1
1784032910.829,1468,7.634,0.971,1.04,0.0,14.5,59.8
1784032910.93,1469,1.271,-0.834,-0.395,0.0,15.3,60.7
1784032910.93,1469,1.85,0.235,-0.203,0.0,16.8,70.3
1784032910.93,1469,3.141,0.498,0.168,0.0,19.8,72.6
1784032910.93,1469,6.196,1.432,1.547,0.0,11.8,60.4
1784032910.93,1469,7.468,1.193,1.049,0.0,17.7,60.0
1784032910.93,1469,7.647,0.971,0.947,0.0,15.2,59.1
1784032910.93,1469,0.603,0.851,0.096,0.162,18.7,49.1
1784032911.033,1470,1.251,-0.883,-0.347,0.0,15.3,60.7
1784032911.033,1470,1.85,0.235,-0.208,0.0,16.8,70.2
1784032911.033,1470,3.142,0.498,0.158,0.0,19.7,72.6
1784032911.033,1470,6.319,1.432,0.924,0.0,11.6,60.6
1784032911.033,1470,7.47,1.193,1.033,0.0,17.6,60.3
1784032911.033,1470,7.606,1.213,0.992,0.0,15.0,59.2
1784032911.033,1470,0.58,0.851,-0.189,0.162,16.5,50.7
1784032911.136,1471,1.285,-0.883,-0.188,0.0,14.6,60.8
1784032911.136,1471,1.554,-0.691,-0.04,0.0,12.6,62.7
1784032911.136,1471,1.275,-1.117,-0.149,0.0,12.6,62.7
1784032911.136,1471,1.85,0.235,-0.208,0.0,16.8,70.0
1784032911.136,1471,3.142,0.498,0.161,0.0,20.3,72.1
1784032911.136,1471,6.394,1.227,0.662,0.0,11.6,61.2
1784032911.136,1471,7.468,1.193,1.05,0.0,17.5,60.2
1784032911.136,1471,7.625,0.971,1.105,0.0,14.3,60.0
1784032911.237,1472,1.277,-0.883,-0.238,0.0,14.5,61.1
1784032911.237,1472,1.529,-0.744,-0.05,0.0,12.9,62.6
1784032911.237,1472,1.29,-1.063,-0.318,0.0,12.9,62.6
1784032911.237,1472,1.859,0.176,-0.183,0.0,16.9,70.0
1784032911.237,1472,3.141,0.498,0.164,0.0,20.1,72.3
1784032911.237,1472,6.317,1.432,0.932,0.0,12.3,60.5
1784032911.237,1472,7.471,1.193,1.025,0.0,17.1,60.6
1784032911.237,1472,7.602,1.213,1.021,0.0,14.7,59.7
1784032911.338,1473,1.285,-0.883,-0.188,0.0,12.7,62.5
1784032911.338,1473,1.555,-0.691,0.024,0.0,12.3,63.3
1784032911.338,1473,1.242,-1.117,-0.327,0.0,12.3,63.3
1784032911.338,1473,1.849,0.235,-0.217,0.0,16.9,69.9
1784032911.338,1473,3.142,0.498,0.151,0.0,20.3,72.0
1784032911.338,1473,6.407,1.227,0.518,0.0,11.9,60.7
1784032911.338,1473,7.5,0.954,1.065,0.0,17.0,60.5
1784032911.338,1473,7.599,1.213,1.042,0.0,15.0,59.5
1784032911.445,1474,1.294,-0.834,-0.309,0.0,12.5,61.9
1784032911.445,1474,1.856,0.176,-0.212,0.0,16.9,69.9
1784032911.445,1474,3.141,0.498,0.173,0.0,20.0,72.3
1784032911.445,1474,7.471,1.193,1.026,0.0,17.2,60.0
1784032911.445,1474,7.592,1.213,1.096,0.0,14.6,59.9
1784032911.496,1475,1.29,-0.883,-0.145,0.0,12.5,62.6
1784032911.496,1475,1.553,-0.691,0.079,0.0,12.5,63.2
1784032911.496,1475,1.099,-1.17,-0.565,0.0,12.5,63.2
1784032911.496,1475,1.859,0.176,-0.184,0.0,17.0,69.8
1784032911.496,1475,3.141,0.498,0.169,0.0,20.2,72.2
1784032911.496,1475,6.392,1.227,0.685,0.0,11.4,61.1
1784032911.496,1475,7.501,0.954,1.058,0.0,16.8,60.4
1784032911.496,1475,7.594,1.213,1.08,0.0,15.1,59.5
1784032911.648,1476,1.283,-0.883,-0.201,0.0,14.5,60.7
1784032911.648,1476,1.857,0.176,-0.197,0.0,16.9,69.8
1784032911.648,1476,3.142,0.498,0.149,0.0,20.6,71.8
1784032911.648,1476,6.393,1.227,0.676,0.0,11.4,61.0
1784032911.648,1476,7.474,1.193,1.008,0.0,17.2,60.4
1784032911.648,1476,7.611,0.971,1.199,0.0,14.5,59.9
1784032911.749,1477,1.279,-0.834,-0.367,0.0,13.3,62.1
1784032911.749,1477,1.708,0.273,-0.231,0.0,11.4,64.9
1784032911.749,1477,1.856,0.176,-0.209,0.0,16.4,70.4
1784032911.749,1477,3.141,0.498,0.169,0.0,20.2,72.2
1784032911.749,1477,7.474,1.193,1.002,0.0,16.7,60.7
1784032911.749,1477,7.591,1.213,1.104,0.0,14.5,60.1
1784032911.801,1478,1.263,-0.883,-0.304,0.0,12.8,62.2
1784032911.801,1478,1.713,0.273,-0.19,0.0,11.2,64.5
1784032911.801,1478,1.851,0.235,-0.199,0.0,16.8,70.0
1784032911.801,1478,3.141,0.498,0.17,0.0,20.4,72.0
1784032911.801,1478,7.479,1.193,0.968,0.0,17.1,60.4
1784032911.801,1478,7.63,0.971,1.075,0.0,14.7,59.7
1784032911.903,1479,1.282,-0.883,-0.21,0.0,12.7,62.4
1784032911.903,1479,1.713,0.273,-0.192,0.0,11.9,64.4
1784032911.903,1479,1.85,0.235,-0.206,0.0,16.8,70.0
1784032911.903,1479,3.142,0.498,0.153,0.0,20.7,71.8
1784032911.903,1479,3.417,-1.699,0.718,0.0,11.3,70.2
1784032911.903,1479,6.354,1.227,0.971,0.0,12.0,60.3
1784032911.903,1479,7.475,1.193,0.995,0.0,17.1,60.4
1784032911.903,1479,7.618,0.971,1.154,0.0,15.0,59.6
1784032912.004,1480,1.242,-0.883,-0.38,0.0,12.7,62.8
1784032912.004,1480,1.848,0.235,-0.22,0.0,16.1,70.7
1784032912.004,1480,3.142,0.498,0.158,0.0,20.5,71.9
1784032912.004,1480,7.478,1.193,0.974,0.0,17.0,60.6
1784032912.004,1480,7.635,0.971,1.033,0.0,14.4,60.0
1784032912.107,1481,1.265,-0.834,-0.413,0.0,13.2,62.3
1784032912.107,1481,1.712,0.273,-0.199,0.0,11.3,64.8
1784032912.107,1481,1.85,0.235,-0.207,0.0,16.4,70.4
1784032912.107,1481,3.141,0.498,0.171,0.0,20.4,72.0
1784032912.107,1481,7.478,1.193,0.977,0.0,17.4,60.0
1784032912.107,1481,7.607,0.971,1.223,0.0,14.5,59.9
1784032912.209,1482,1.292,-0.883,-0.135,0.0,13.8,61.4
1784032912.209,1482,1.713,0.273,-0.193,0.0,12.0,64.3
1784032912.209,1482,1.851,0.235,-0.199,0.0,17.0,69.8
1784032912.209,1482,3.141,0.498,0.165,0.0,20.5,71.9
1784032912.209,1482,6.336,1.432,0.797,0.0,11.8,60.5
1784032912.209,1482,7.468,1.193,1.048,0.0,17.2,60.1
1784032912.209,1482,7.59,1.213,1.109,0.0,14.8,59.6
1784032912.313,1483,1.289,-0.883,-0.154,0.0,14.3,61.0
1784032912.313,1483,1.858,0.176,-0.186,0.0,16.8,69.9
1784032912.313,1483,3.142,0.498,0.161,0.0,20.0,72.3
1784032912.313,1483,6.387,1.227,0.731,0.0,12.0,60.5
1784032912.313,1483,7.477,1.193,0.981,0.0,17.6,59.9
1784032912.313,1483,7.623,0.971,1.121,0.0,14.8,59.6
1784032912.415,1484,1.322,-0.834,-0.156,0.0,14.3,60.8
1784032912.415,1484,1.553,-0.691,0.07,0.0,13.1,62.6
1784032912.415,1484,1.182,-1.17,-0.361,0.0,13.1,62.6
1784032912.415,1484,1.848,0.235,-0.226,0.0,16.8,70.0
1784032912.415,1484,3.141,0.498,0.166,0.0,20.4,72.0
1784032912.415,1484,7.479,1.193,0.967,0.0,17.1,60.3
1784032912.415,1484,7.573,1.213,1.221,0.0,14.6,59.8
1784032912.517,1485,1.291,-0.883,-0.141,0.0,14.4,60.7
1784032912.517,1485,1.553,-0.691,0.083,0.0,13.3,62.4
1784032912.517,1485,1.23,-1.117,-0.37,0.0,13.3,62.4
1784032912.517,1485,1.849,0.235,-0.213,0.0,16.9,69.8
1784032912.517,1485,3.141,0.498,0.173,0.0,20.4,72.0
1784032912.517,1485,6.405,1.227,0.543,0.0,11.8,60.6
1784032912.517,1485,7.508,0.954,1.01,0.0,17.4,60.1
1784032912.517,1485,7.587,1.213,1.131,0.0,14.6,59.7
1784032912.618,1486,1.287,-0.883,-0.173,0.0,13.0,62.1
1784032912.618,1486,1.576,-0.638,0.061,0.0,12.0,63.7
1784032912.618,1486,1.225,-1.117,-0.384,0.0,12.0,63.7
1784032912.618,1486,1.858,0.176,-0.194,0.0,17.0,69.7
1784032912.618,1486,3.142,0.498,0.16,0.0,20.3,72.1
1784032912.618,1486,6.371,1.432,0.428,0.0,12.0,60.5
1784032912.618,1486,7.495,0.954,1.098,0.0,17.4,60.2
1784032912.618,1486,7.586,1.213,1.136,0.0,14.9,59.5
1784032912.719,1487,1.279,-0.883,-0.223,0.0,11.9,63.0
1784032912.719,1487,1.848,0.235,-0.224,0.0,16.9,69.8
1784032912.719,1487,3.141,0.498,0.165,0.0,20.2,72.1
1784032912.719,1487,7.48,1.193,0.959,0.0,17.5,59.9
1784032912.719,1487,7.608,0.971,1.216,0.0,14.4,59.9
1784032912.719,1487,3.342,1.507,0.562,-0.243,15.0,53.0
1784032912.82,1488,1.291,-0.883,-0.141,0.0,14.4,60.7
1784032912.82,1488,1.85,0.235,-0.204,0.0,16.9,69.9
1784032912.82,1488,3.141,0.498,0.17,0.0,20.2,72.1
1784032912.82,1488,6.409,1.227,0.499,0.0,11.7,60.7
1784032912.82,1488,7.474,1.193,1.007,0.0,17.1,60.4
1784032912.82,1488,7.593,1.213,1.09,0.0,13.8,60.5
1784032912.921,1489,1.291,-0.883,-0.143,0.0,14.3,60.8
1784032912.921,1489,1.858,0.176,-0.19,0.0,16.8,70.0
1784032912.921,1489,3.142,0.498,0.156,0.0,20.2,72.2
1784032912.921,1489,6.402,1.227,0.583,0.0,12.2,60.3
1784032912.921,1489,7.508,0.954,1.005,0.0,17.3,60.1
1784032912.921,1489,7.599,1.213,1.045,0.0,14.6,59.9
1784032913.023,1490,1.279,-0.883,-0.222,0.0,14.0,60.9
1784032913.023,1490,1.849,0.235,-0.216,0.0,17.0,69.8
1784032913.023,1490,3.141,0.498,0.169,0.0,20.2,72.2
1784032913.023,1490,7.475,1.193,1.001,0.0,16.9,60.7
1784032913.023,1490,7.633,0.971,1.053,0.0,14.1,60.3
1784032913.023,1490,1.248,0.507,-0.119,-0.649,15.7,50.5
1784032913.023,1490,3.507,-4.057,0.713,-0.487,15.8,51.1
1784032913.126,1491,1.289,-0.883,-0.156,0.0,14.1,61.1
1784032913.126,1491,1.859,0.176,-0.183,0.0,16.8,69.9
1784032913.126,1491,3.141,0.498,0.167,0.0,20.3,72.1
1784032913.126,1491,6.402,1.227,0.581,0.0,12.5,59.6
1784032913.126,1491,7.472,1.193,1.02,0.0,17.7,59.6
1784032913.126,1491,7.633,0.971,1.051,0.0,15.0,59.5
1784032913.227,1492,1.286,-0.883,-0.18,0.0,14.9,60.6
1784032913.227,1492,1.85,0.235,-0.202,0.0,17.1,69.7
1784032913.227,1492,3.142,0.498,0.163,0.0,20.2,72.1
1784032913.227,1492,6.355,1.227,0.968,0.0,12.8,59.9
1784032913.227,1492,7.461,1.193,1.1,0.0,18.1,59.4
1784032913.227,1492,7.608,1.213,0.974,0.0,15.3,59.0
1784032913.328,1493,1.291,-0.883,-0.14,0.0,14.2,61.0
1784032913.328,1493,1.858,0.176,-0.186,0.0,17.1,69.7
1784032913.328,1493,3.142,0.498,0.156,0.0,20.2,72.2
1784032913.328,1493,6.36,1.432,0.575,0.0,11.9,60.4
1784032913.328,1493,7.472,1.193,1.023,0.0,18.0,59.6
1784032913.328,1493,7.643,0.971,0.973,0.0,14.9,59.2
1784032913.43,1494,1.277,-0.883,-0.235,0.0,14.1,60.9
1784032913.43,1494,1.858,0.176,-0.194,0.0,17.0,69.8
1784032913.43,1494,3.142,0.498,0.151,0.0,20.8,71.6
1784032913.43,1494,6.382,1.227,0.773,0.0,12.3,59.8
1784032913.43,1494,7.47,1.193,1.031,0.0,17.3,60.2
1784032913.43,1494,7.645,0.971,0.959,0.0,13.5,60.7
1784032913.43,1494,0.538,0.847,-0.029,-0.487,27.9,47.9
1784032913.43,1494,5.461,1.827,1.007,-0.243,14.2,50.7
1784032913.53,1495,1.272,-0.883,-0.261,0.0,13.7,61.3
1784032913.53,1495,1.85,0.235,-0.209,0.0,17.0,69.9
1784032913.53,1495,2.011,0.384,0.109,0.0,11.7,70.7
1784032913.53,1495,1.425,-1.474,0.039,0.0,11.7,70.7
1784032913.53,1495,3.142,0.498,0.161,0.0,20.8,71.6
1784032913.53,1495,3.411,-1.699,0.747,0.0,11.3,70.3
1784032913.53,1495,6.395,1.227,0.654,0.0,12.3,59.9
1784032913.53,1495,7.468,1.193,1.05,0.0,17.8,59.7
1784032913.53,1495,7.635,0.971,1.034,0.0,13.6,60.3
1784032913.53,1495,5.491,1.827,0.832,-0.406,12.3,53.5
1784032913.53,1495,0.508,0.709,0.032,-0.325,27.5,47.7
1784032913.53,1495,0.569,0.886,-0.421,-0.325,14.7,53.2
1784032913.53,1495,0.586,0.75,0.125,-0.243,28.2,47.6
1784032913.631,1496,1.287,-0.883,-0.172,0.0,14.0,61.0
1784032913.631,1496,1.859,0.176,-0.184,0.0,17.0,69.9
1784032913.631,1496,3.142,0.498,0.159,0.0,20.4,72.0
1784032913.631,1496,3.41,-1.699,0.749,0.0,11.5,70.1
1784032913.631,1496,7.427,1.432,1.044,0.0,17.4,60.1
1784032913.631,1496,7.613,1.213,0.934,0.0,15.0,59.5
1784032913.631,1496,3.348,-3.927,0.884,-0.649,11.7,52.5
1784032913.631,1496,5.082,0.982,0.789,-0.649,11.7,52.5
1784032913.631,1496,0.512,0.596,0.265,-0.406,29.7,45.7
1784032913.631,1496,0.718,0.414,-0.015,-0.406,29.7,45.7
1784032913.731,1497,1.848,0.235,-0.221,0.0,17.0,69.7
1784032913.731,1497,3.142,0.498,0.155,0.0,20.6,71.8
1784032913.731,1497,3.404,-1.699,0.776,0.0,12.7,68.3
1784032913.731,1497,7.471,1.193,1.029,0.0,17.3,60.2
1784032913.731,1497,7.636,0.971,1.028,0.0,13.9,60.3
1784032913.731,1497,5.407,1.607,0.922,-0.649,11.2,52.4
1784032913.731,1497,0.533,0.744,0.037,-0.243,29.7,50.8
1784032913.731,1497,0.548,0.515,0.225,-0.162,22.4,55.1
1784032913.833,1498,0.507,0.709,0.041,0.0,15.3,65.4
1784032913.833,1498,1.849,0.235,-0.211,0.0,17.0,69.8
1784032913.833,1498,3.142,0.498,0.164,0.0,20.6,71.8
1784032913.833,1498,3.392,-1.699,0.829,0.0,12.5,68.4
1784032913.833,1498,7.47,1.193,1.037,0.0,18.0,59.7
1784032913.833,1498,7.605,1.213,0.998,0.0,15.3,59.0
1784032913.833,1498,0.465,0.589,0.232,0.081,15.0,64.4
1784032913.935,1499,1.858,0.176,-0.195,0.0,16.9,69.8
1784032913.935,1499,3.142,0.498,0.159,0.0,20.6,71.7
1784032913.935,1499,3.394,-1.699,0.819,0.0,12.3,68.6
1784032913.935,1499,7.471,1.193,1.027,0.0,17.7,60.0
1784032913.935,1499,7.6,1.213,1.04,0.0,14.6,59.8
1784032913.935,1499,0.41,0.663,0.097,-0.162,22.5,55.2
1784032913.935,1499,0.756,0.75,0.236,-0.162,16.0,53.1
1784032914.037,1500,1.848,0.235,-0.219,0.0,16.5,70.2
1784032914.037,1500,3.141,0.498,0.169,0.0,20.9,71.5
1784032914.037,1500,3.4,-1.699,0.794,0.0,13.4,67.8
1784032914.037,1500,7.47,1.193,1.037,0.0,18.1,59.5
1784032914.037,1500,7.631,0.971,1.066,0.0,15.2,59.1
1784032914.037,1500,0.775,0.687,0.154,-0.243,20.5,53.5
1784032914.037,1500,0.463,0.579,-0.007,-0.162,29.1,54.0
1784032914.14,1501,1.29,-0.883,-0.151,0.0,12.2,62.8
1784032914.14,1501,1.85,0.235,-0.207,0.0,16.9,69.8
1784032914.14,1501,3.142,0.498,0.163,0.0,20.5,71.9
1784032914.14,1501,3.395,-1.699,0.814,0.0,12.7,68.4
1784032914.14,1501,7.433,1.432,0.999,0.0,17.4,60.3
1784032914.14,1501,7.502,0.954,1.051,0.0,17.4,60.3
1784032914.14,1501,7.59,1.213,1.107,0.0,14.2,60.2
1784032914.14,1501,0.352,0.511,-0.208,-0.162,23.8,57.1
1784032914.14,1501,0.552,0.54,0.144,-0.162,28.5,54.0
1784032914.14,1501,0.718,0.69,0.123,-0.162,14.7,58.8
1784032914.242,1502,1.291,-0.883,-0.141,0.0,12.4,62.6
1784032914.242,1502,1.85,0.235,-0.204,0.0,16.8,70.0
1784032914.242,1502,3.141,0.498,0.167,0.0,21.0,71.4
1784032914.242,1502,3.395,-1.699,0.817,0.0,12.7,68.4
1784032914.242,1502,7.506,0.954,1.024,0.0,17.4,60.1
1784032914.242,1502,7.439,1.432,0.95,0.0,17.4,60.1
1784032914.242,1502,7.593,1.213,1.088,0.0,14.2,59.7
1784032914.242,1502,0.408,0.511,0.008,-0.243,31.5,52.3
1784032914.242,1502,0.55,0.487,0.102,-0.243,27.7,50.3
1784032914.242,1502,0.741,0.564,0.373,-0.162,13.8,58.5
1784032914.343,1503,1.287,-0.883,-0.169,0.0,12.8,62.3
1784032914.343,1503,1.554,-0.691,0.056,0.0,11.4,64.1
1784032914.343,1503,1.249,-1.117,-0.296,0.0,11.4,64.1
1784032914.343,1503,1.849,0.235,-0.215,0.0,16.7,70.1
1784032914.343,1503,3.141,0.498,0.171,0.0,21.2,71.1
1784032914.343,1503,3.396,-1.699,0.813,0.0,13.1,68.1
1784032914.343,1503,7.472,1.193,1.02,0.0,19.7,58.0
1784032914.343,1503,7.614,1.213,0.929,0.0,16.2,58.1
1784032914.343,1503,0.451,0.47,0.059,-0.568,28.2,45.3
1784032914.343,1503,0.486,0.44,0.346,-0.487,28.4,46.2
1784032914.343,1503,0.404,0.458,0.017,-0.325,34.4,49.8
1784032914.343,1503,0.837,0.533,0.147,-0.243,19.1,54.2
1784032914.445,1504,1.285,-0.883,-0.187,0.0,13.1,62.1
1784032914.445,1504,1.577,-0.638,0.015,0.0,12.4,63.0
1784032914.445,1504,1.236,-1.17,0.012,0.0,12.4,63.0
1784032914.445,1504,1.857,0.176,-0.196,0.0,16.8,69.9
1784032914.445,1504,3.141,0.498,0.165,0.0,21.4,70.9
1784032914.445,1504,3.395,-1.699,0.814,0.0,12.4,68.6
1784032914.445,1504,7.433,1.432,0.995,0.0,19.3,58.6
1784032914.445,1504,7.627,0.971,1.092,0.0,15.9,58.4
1784032914.445,1504,0.411,0.39,0.024,-0.487,39.5,47.0
1784032914.445,1504,0.859,0.47,0.218,-0.325,14.3,56.9
1784032914.496,1505,1.289,-0.883,-0.157,0.0,13.8,61.3
1784032914.496,1505,1.555,-0.691,-0.006,0.0,13.0,62.8
1784032914.496,1505,1.267,-1.117,-0.206,0.0,13.0,62.8
1784032914.496,1505,1.848,0.235,-0.219,0.0,16.6,70.2
1784032914.496,1505,3.14,0.498,0.183,0.0,21.2,70.9
1784032914.496,1505,3.401,-1.699,0.792,0.0,12.6,68.5
1784032914.496,1505,7.467,1.193,1.058,0.0,19.6,57.8
1784032914.496,1505,7.634,0.971,1.043,0.0,16.9,57.6
1784032914.496,1505,1.057,0.515,0.064,0.568,21.5,49.2
1784032914.496,1505,0.408,0.327,-0.02,-0.406,39.4,49.2
1784032914.496,1505,0.563,0.327,0.068,-0.406,31.0,53.2
1784032914.496,1505,3.476,2.029,0.517,-0.243,12.3,57.7
1784032914.496,1505,3.152,-2.409,0.85,-0.243,12.3,57.7
1784032914.648,1506,1.287,-0.883,-0.171,0.0,13.7,61.4
1784032914.648,1506,1.577,-0.638,-0.004,0.0,12.5,63.0
1784032914.648,1506,1.258,-1.117,-0.257,0.0,12.5,63.0
1784032914.648,1506,1.857,0.176,-0.197,0.0,16.9,69.8
1784032914.648,1506,3.141,0.498,0.173,0.0,21.8,70.6
1784032914.648,1506,3.257,0.622,0.025,0.0,12.5,72.3
1784032914.648,1506,3.404,-1.699,0.777,0.0,12.6,68.5
1784032914.648,1506,7.471,1.193,1.026,0.0,18.2,58.1
1784032914.648,1506,7.651,0.971,0.907,0.0,16.2,57.7
1784032914.648,1506,7.836,-0.744,1.047,0.0,11.3,60.3
1784032914.648,1506,0.799,0.744,0.308,-0.649,19.5,53.2
1784032914.648,1506,1.427,1.568,0.513,-0.568,14.2,55.5
1784032914.648,1506,0.47,0.284,0.141,-0.406,39.5,48.5
1784032914.648,1506,0.799,0.327,0.127,-0.406,21.8,56.8
1784032914.648,1506,0.374,0.3,-0.019,-0.325,20.8,69.6
1784032914.648,1506,1.622,-1.347,0.838,-0.325,11.7,61.8
1784032914.648,1506,1.503,0.798,-0.035,-0.162,14.0,56.6
1784032914.648,1506,1.502,-0.798,0.063,-0.162,14.0,56.6
1784032914.749,1507,1.288,-0.883,-0.167,0.0,13.0,61.9
1784032914.749,1507,1.707,0.327,-0.154,0.0,11.4,64.6
1784032914.749,1507,1.851,0.235,-0.2,0.0,17.0,69.9
1784032914.749,1507,3.145,0.498,0.079,0.0,22.9,70.3
1784032914.749,1507,3.274,0.518,0.076,0.0,13.1,72.2
1784032914.749,1507,3.405,-1.699,0.775,0.0,12.3,68.7
1784032914.749,1507,7.469,1.193,1.045,0.0,15.9,57.4
1784032914.749,1507,7.562,0.965,1.234,0.0,16.2,57.1
1784032914.749,1507,7.843,-0.744,0.992,0.0,11.2,60.2
1784032914.749,1507,0.765,0.172,-0.047,-0.568,20.2,52.7
1784032914.749,1507,0.613,0.225,0.041,-0.487,27.8,48.9
1784032914.749,1507,0.844,0.603,0.46,-0.487,16.7,53.0
1784032914.749,1507,0.522,0.213,-0.066,-0.406,29.5,48.3
1784032914.749,1507,0.386,0.285,0.01,-0.243,25.5,64.8
1784032914.801,1508,1.288,-0.883,-0.165,0.0,12.3,62.7
1784032914.801,1508,1.848,0.235,-0.22,0.0,19.8,69.9
1784032914.801,1508,3.145,0.498,0.053,0.0,22.8,70.6
1784032914.801,1508,3.468,-1.577,0.749,0.0,12.3,68.8
1784032914.801,1508,7.475,0.954,1.226,0.0,11.8,57.3
1784032914.801,1508,7.676,0.724,0.439,0.0,12.1,57.5
1784032914.801,1508,0.529,0.195,0.061,-0.406,36.6,49.7
1784032914.801,1508,0.755,0.589,0.423,-0.406,17.9,53.0
1784032914.801,1508,1.381,-1.738,-0.147,-0.406,17.4,57.4
1784032914.801,1508,0.735,0.627,0.272,-0.325,16.4,55.9
1784032914.801,1508,0.351,0.259,0.0,-0.162,24.3,68.6
1784032914.801,1508,1.355,-0.933,0.206,-0.081,11.6,62.5
1784032914.801,1508,3.617,1.613,0.284,-0.081,12.2,65.6
1784032914.902,1509,1.284,-0.883,-0.195,0.0,13.4,61.8
1784032914.902,1509,1.848,0.235,-0.223,0.0,15.8,69.9
1784032914.902,1509,3.118,0.498,0.415,0.0,16.7,70.5
1784032914.902,1509,3.483,-1.577,0.675,0.0,12.3,68.5
1784032914.902,1509,7.556,0.965,1.27,0.0,13.0,57.4
1784032914.902,1509,0.452,0.15,0.063,-0.325,21.3,64.2
1784032914.902,1509,0.525,0.213,-0.027,-0.243,19.6,58.0
1784032915.054,1510,3.124,0.202,0.791,0.0,14.1,70.9
1784032915.054,1510,3.427,-1.577,0.919,0.0,12.1,69.2
1784032915.054,1510,7.817,-0.993,0.978,0.0,12.6,58.2
1784032915.054,1510,0.724,0.116,0.109,-0.406,17.6,58.0
1784032915.054,1510,0.507,0.115,0.065,-0.325,31.9,51.8
1784032915.054,1510,0.364,0.205,0.126,-0.081,19.2,68.3
1784032915.054,1510,0.264,0.327,-0.116,-0.081,19.2,68.3
1784032915.106,1511,0.311,0.209,0.118,0.0,17.9,69.0
1784032915.106,1511,7.747,-0.74,1.341,0.0,13.2,57.2
1784032915.106,1511,0.519,0.065,0.023,-0.406,35.3,49.0
1784032915.106,1511,2.215,0.284,0.399,-0.406,17.1,56.0
1784032915.106,1511,0.45,0.12,0.115,-0.325,20.0,66.0
1784032915.106,1511,0.68,0.044,0.149,-0.325,21.7,58.5
1784032915.106,1511,0.342,0.245,0.116,-0.081,20.0,67.0
1784032915.208,1512,1.284,-0.883,-0.191,0.0,12.1,62.9
1784032915.208,1512,1.29,-1.063,-0.315,0.0,11.3,64.1
1784032915.208,1512,1.53,-0.744,-0.023,0.0,11.3,64.1
1784032915.208,1512,7.823,-0.744,1.138,0.0,14.6,57.0
1784032915.208,1512,2.188,0.209,0.347,-0.406,21.2,56.3
1784032915.208,1512,0.423,0.082,0.068,-0.325,19.4,71.2
1784032915.208,1512,0.676,-0.022,0.173,-0.325,18.1,60.8
1784032915.208,1512,0.325,0.221,0.006,-0.162,23.1,70.1
1784032915.311,1513,1.283,-0.883,-0.203,0.0,13.3,61.5
1784032915.311,1513,1.527,-0.744,-0.099,0.0,11.7,62.5
1784032915.311,1513,1.321,-1.01,-0.361,0.0,11.7,62.5
1784032915.311,1513,3.467,-1.577,0.753,0.0,12.1,68.7
1784032915.311,1513,2.314,-0.382,0.684,-0.406,11.7,61.4
1784032915.311,1513,0.635,-0.082,0.133,-0.325,17.1,64.1
1784032915.311,1513,0.339,0.184,0.075,-0.243,28.0,70.8
1784032915.311,1513,0.455,0.401,0.071,-0.162,11.4,64.3
1784032915.411,1514,1.264,-0.883,-0.298,0.0,11.6,63.3
1784032915.411,1514,1.467,-0.344,0.445,0.0,11.6,63.3
1784032915.411,1514,1.59,-0.585,0.158,0.0,11.3,62.6
1784032915.411,1514,1.361,-1.01,-0.153,0.0,11.3,62.6
1784032915.411,1514,3.413,-1.699,0.736,0.0,11.6,69.0
1784032915.411,1514,2.528,-0.483,-0.03,-0.487,12.5,58.9
1784032915.411,1514,0.334,0.184,0.093,-0.162,26.9,71.7
1784032915.411,1514,0.392,0.025,0.002,-0.162,26.9,71.7
1784032915.411,1514,0.742,0.436,0.141,-0.162,11.6,62.2
1784032915.513,1515,1.577,-0.638,-0.023,0.0,12.0,62.0
1784032915.513,1515,2.05,-0.534,-0.289,-0.325,21.3,55.8
1784032915.513,1515,0.548,-0.142,0.037,-0.162,14.1,66.6
1784032915.513,1515,0.329,0.109,0.041,-0.081,25.0,73.9
1784032915.615,1516,2.546,3.239,1.296,0.0,12.0,64.0
1784032915.615,1516,2.079,-0.867,0.524,-0.487,22.3,50.1
1784032915.615,1516,1.626,1.02,0.03,-0.243,15.4,54.2
1784032915.615,1516,0.532,-0.177,0.086,-0.162,20.3,62.7
1784032915.615,1516,0.336,0.065,0.069,-0.081,24.3,74.4
1784032915.615,1516,0.335,0.087,0.042,-0.081,24.3,74.4
1784032915.615,1516,0.595,0.225,0.154,-0.081,14.3,65.1
1784032915.718,1517,0.335,0.098,-0.015,0.0,22.8,75.3
1784032915.718,1517,0.723,0.285,0.289,0.081,13.8,64.1
1784032915.718,1517,0.688,0.368,0.089,0.162,15.6,62.3
1784032915.718,1517,0.48,-0.196,0.07,-0.081,21.8,65.3
1784032915.718,1517,1.992,-0.668,0.395,-0.081,12.5,68.4
1784032915.82,1518,0.373,0.123,-0.009,0.081,24.8,72.3
1784032915.82,1518,0.801,0.327,0.116,0.243,14.1,61.7
1784032915.82,1518,1.127,-0.554,0.155,-0.162,16.5,54.6
1784032915.82,1518,2.331,-0.855,-0.148,-0.162,11.6,59.0
1784032915.82,1518,0.485,-0.196,0.026,-0.081,15.0,69.0
1784032915.921,1519,0.377,0.11,0.015,0.081,27.9,70.7
1784032915.921,1519,4.952,-4.638,1.978,0.081,11.6,52.6
1784032915.921,1519,0.936,0.314,0.179,0.243,14.5,58.2
1784032916.022,1520,0.448,-0.262,0.068,0.0,21.5,68.3
1784032916.022,1520,2.67,3.239,1.017,0.0,11.7,64.0
1784032916.022,1520,0.38,0.098,0.022,0.162,25.4,72.2
1784032916.022,1520,0.85,-0.458,-0.406,0.162,12.8,60.6
1784032916.022,1520,0.912,0.251,0.336,0.243,11.3,61.4
1784032916.126,1521,0.45,-0.262,0.059,0.0,23.0,68.9
1784032916.126,1521,2.579,3.239,1.229,0.0,12.8,63.0
1784032916.126,1521,0.381,0.086,0.038,0.162,22.9,75.1
1784032916.126,1521,0.982,0.479,0.441,0.162,11.4,59.0
1784032916.126,1521,0.845,-0.699,0.429,0.162,11.4,59.0
1784032916.126,1521,1.013,0.319,0.399,0.243,13.9,56.8
1784032916.228,1522,0.426,0.095,-0.01,0.0,22.3,74.7
1784032916.228,1522,0.448,-0.262,0.07,0.0,21.2,73.4
1784032916.228,1522,2.325,3.374,1.366,0.0,12.2,63.6
1784032916.33,1523,0.374,0.098,0.066,0.0,16.5,77.3
1784032916.33,1523,2.385,3.374,1.258,0.0,11.2,64.8
1784032916.33,1523,0.445,-0.262,0.087,0.081,25.0,70.9
1784032916.431,1524,0.376,0.037,0.107,0.0,19.3,75.8
1784032916.431,1524,2.424,3.374,1.18,0.0,11.7,64.2
1784032916.431,1524,0.433,-0.278,0.095,0.081,23.5,70.4
1784032916.431,1524,0.423,0.068,0.08,-0.081,20.6,74.6
1784032916.532,1525,0.387,-0.037,0.055,0.0,19.5,74.0
1784032916.532,1525,2.368,3.374,1.29,0.0,12.3,63.5
1784032916.532,1525,0.417,-0.311,0.062,0.081,15.3,69.5
1784032916.634,1526,2.364,3.374,1.297,0.0,13.2,62.8
1784032916.634,1526,0.458,-0.301,0.144,0.081,18.2,67.2
1784032916.634,1526,1.096,-0.719,0.336,0.162,15.0,52.4
1784032916.634,1526,0.347,0.011,-0.035,-0.081,18.7,74.3
1784032916.735,1527,0.481,-0.301,0.003,0.0,13.5,72.5
1784032916.735,1527,0.375,0.086,-0.08,-0.081,17.2,74.4
1784032916.735,1527,0.383,-0.049,0.071,-0.081,17.2,74.4
1784032916.835,1528,0.493,-0.266,0.088,0.0,14.8,72.6
1784032916.835,1528,0.343,-0.065,-0.015,-0.081,16.8,76.4
1784032916.937,1529,0.481,-0.284,0.099,0.0,11.6,74.0
1784032916.937,1529,2.877,2.548,0.556,0.0,11.6,63.5
1784032916.937,1529,0.416,0.663,-0.071,0.081,18.4,66.0
1784032916.937,1529,1.142,0.344,-0.267,-0.243,20.2,54.1
1784032916.937,1529,0.377,-0.025,0.108,-0.081,19.2,75.2
1784032916.937,1529,0.345,0.11,-0.151,-0.081,19.2,75.2
1784032917.038,1530,0.421,0.663,-0.027,0.162,22.4,63.3
1784032917.038,1530,3.348,-1.489,-0.056,-0.243,11.7,57.7
1784032917.038,1530,0.341,0.076,-0.004,-0.081,17.9,76.9
1784032917.038,1530,0.486,-0.248,0.153,-0.081,13.0,72.7
1784032917.139,1531,0.685,0.66,-0.13,0.081,19.9,65.4
1784032917.139,1531,0.79,0.988,-0.018,0.162,12.4,57.1
1784032917.139,1531,1.204,0.316,-0.227,0.162,12.4,57.1
1784032917.139,1531,0.453,0.674,0.167,0.243,25.8,63.8
1784032917.139,1531,1.181,0.267,-0.164,0.243,14.2,56.3
1784032917.139,1531,3.638,-2.138,0.691,-0.325,14.1,54.1
1784032917.139,1531,1.576,-1.025,-0.819,-0.162,22.7,56.4
1784032917.139,1531,0.339,-0.076,0.037,-0.081,22.1,72.7
1784032917.24,1532,0.323,-0.022,0.13,0.0,17.1,74.9
1784032917.24,1532,2.949,1.723,0.461,0.0,11.6,64.8
1784032917.24,1532,0.969,0.567,0.159,0.081,15.8,63.6
1784032917.24,1532,1.212,0.153,-0.007,0.162,13.8,58.3
1784032917.24,1532,0.628,0.6,0.083,0.406,34.1,56.1
1784032917.24,1532,1.521,-1.346,0.281,-0.243,17.2,55.9
1784032917.24,1532,0.355,-0.16,-0.053,-0.081,21.0,70.9
1784032917.341,1533,0.389,0.037,0.035,0.0,16.2,75.6
1784032917.341,1533,1.241,0.237,-0.074,0.081,12.2,65.2
1784032917.341,1533,1.017,0.496,0.082,0.243,21.1,59.0
1784032917.341,1533,0.675,0.545,0.09,0.487,37.2,48.3
1784032917.341,1533,2.309,-0.855,0.35,0.487,13.8,55.9
1784032917.341,1533,0.626,0.72,-0.105,0.568,32.1,47.5
1784032917.442,1534,0.346,-0.044,-0.0,0.0,24.0,72.7
1784032917.442,1534,3.03,1.023,0.692,0.0,12.0,66.4
1784032917.442,1534,0.906,0.524,-0.034,0.162,15.3,67.9
1784032917.442,1534,0.325,-0.221,0.009,0.325,16.0,72.0
1784032917.442,1534,1.059,0.479,0.192,0.325,26.5,61.7
1784032917.442,1534,1.22,0.549,0.197,0.325,13.7,59.0
1784032917.442,1534,0.698,0.63,0.195,0.487,27.0,62.2
1784032917.543,1535,1.599,-0.382,-0.584,0.0,12.2,60.9
1784032917.543,1535,1.874,0.552,-0.192,0.0,15.1,67.6
1784032917.543,1535,3.148,0.398,0.269,0.0,18.2,68.2
1784032917.543,1535,6.382,1.023,1.027,0.0,16.4,55.6
1784032917.543,1535,7.472,1.193,1.019,0.0,17.1,55.4
1784032917.543,1535,7.481,1.456,1.491,0.0,14.0,53.4
1784032917.543,1535,7.714,1.234,1.153,0.0,12.7,52.4
1784032917.543,1535,0.343,-0.065,0.013,0.081,25.1,69.0
1784032917.543,1535,0.891,0.491,-0.247,0.162,11.9,70.2
1784032917.543,1535,1.269,0.465,0.057,0.162,14.2,64.2
1784032917.543,1535,1.079,0.42,0.389,0.243,25.6,63.2
1784032917.543,1535,0.729,0.69,-0.004,0.325,11.3,70.0
1784032917.644,1536,1.84,0.235,-0.278,0.0,19.1,68.2
1784032917.644,1536,3.143,0.498,0.123,0.0,21.7,70.3
1784032917.644,1536,3.283,0.414,0.205,0.0,14.8,69.2
1784032917.644,1536,6.362,1.227,0.922,0.0,14.8,57.1
1784032917.644,1536,7.497,1.2,1.149,0.0,22.7,54.8
1784032917.644,1536,0.839,0.533,0.14,0.081,15.2,67.3
1784032917.644,1536,1.185,0.395,0.2,0.081,18.3,66.6
1784032917.644,1536,0.877,0.524,0.229,0.162,22.2,59.8
1784032917.644,1536,0.772,0.596,0.235,0.243,16.9,64.6
1784032917.644,1536,0.388,-0.037,-0.047,0.325,18.1,68.9
1784032917.644,1536,0.36,-0.232,0.083,0.406,13.3,73.5
1784032917.644,1536,0.415,-0.0,-0.133,0.406,13.3,73.5
1784032917.644,1536,0.304,-0.164,0.049,0.568,22.5,66.0
1784032917.644,1536,0.909,0.029,-0.111,-0.406,24.9,51.5
1784032917.747,1537,1.178,0.395,0.237,0.0,16.0,70.8
1784032917.747,1537,1.851,0.176,-0.25,0.0,18.2,69.3
1784032917.747,1537,3.14,0.498,0.192,0.0,22.5,70.8
1784032917.747,1537,3.257,0.622,0.049,0.0,12.2,71.2
1784032917.747,1537,3.409,0.108,0.499,0.0,12.6,68.7
1784032917.747,1537,6.394,1.227,0.658,0.0,14.7,57.5
1784032917.747,1537,7.487,1.193,0.901,0.0,20.9,56.0
1784032917.747,1537,0.693,0.57,-0.341,0.081,15.0,69.8
1784032917.747,1537,0.412,-0.136,-0.047,0.406,21.5,69.0
1784032917.797,1538,1.148,0.514,0.138,0.0,14.0,70.6
1784032917.797,1538,1.851,0.235,-0.191,0.0,18.0,69.0
1784032917.797,1538,3.143,0.498,0.126,0.0,21.4,71.1
1784032917.797,1538,3.256,0.622,0.092,0.0,13.2,71.4
1784032917.797,1538,3.427,-0.0,0.367,0.0,11.9,68.9
1784032917.797,1538,6.392,1.227,0.681,0.0,13.7,59.1
1784032917.797,1538,7.498,0.954,1.079,0.0,20.7,56.4
1784032917.797,1538,0.798,0.596,0.122,0.081,15.6,71.8
1784032917.797,1538,0.973,0.477,-0.12,0.081,15.7,69.2
1784032917.797,1538,0.424,-0.195,0.113,0.243,17.7,69.9
1784032917.797,1538,0.383,-0.205,-0.043,0.325,21.1,68.9
1784032917.949,1539,0.327,-0.286,0.038,0.0,14.0,71.7
1784032917.949,1539,0.81,0.524,0.408,0.0,16.7,72.2
1784032917.949,1539,1.853,0.235,-0.181,0.0,17.8,69.4
1784032917.949,1539,3.144,0.498,0.117,0.0,21.4,70.5
1784032917.949,1539,3.274,0.518,-0.072,0.0,11.7,71.4
1784032917.949,1539,6.356,1.432,0.62,0.0,12.2,58.9
1784032917.949,1539,7.477,1.193,0.984,0.0,20.8,57.1
1784032917.949,1539,7.646,0.971,0.948,0.0,17.5,56.7
1784032917.949,1539,1.164,0.474,0.143,0.081,22.7,68.2
1784032917.949,1539,0.396,-0.27,0.016,0.243,20.8,68.3
1784032917.949,1539,1.214,-0.765,0.12,0.325,11.7,60.4
1784032918.049,1540,0.827,0.533,-0.197,0.0,17.0,68.9
1784032918.049,1540,1.854,0.235,-0.17,0.0,18.4,68.6
1784032918.049,1540,3.142,0.498,0.156,0.0,21.9,70.6
1784032918.049,1540,3.256,0.622,-0.079,0.0,12.8,71.5
1784032918.049,1540,6.329,1.432,0.849,0.0,12.4,58.9
1784032918.049,1540,7.45,1.193,1.167,0.0,20.2,57.0
1784032918.049,1540,7.598,1.213,1.055,0.0,17.6,56.9
1784032918.049,1540,0.889,0.458,-0.309,0.081,14.2,71.0
1784032918.049,1540,1.173,0.435,0.186,0.243,28.9,60.7
1784032918.049,1540,0.433,-0.294,-0.011,0.325,39.8,51.2
1784032918.049,1540,1.273,0.567,0.075,0.325,17.8,59.7
1784032918.049,1540,1.177,-0.742,0.112,0.325,17.8,59.7
1784032918.101,1541,0.924,0.491,-0.036,0.0,21.4,69.9
1784032918.101,1541,1.851,0.235,-0.2,0.0,17.8,69.3
1784032918.101,1541,2.0,0.449,-0.072,0.0,13.9,68.3
1784032918.101,1541,3.142,0.498,0.152,0.0,22.3,70.2
1784032918.101,1541,3.275,0.518,0.016,0.0,12.9,71.3
1784032918.101,1541,6.342,1.227,1.047,0.0,13.1,58.8
1784032918.101,1541,7.503,0.954,1.046,0.0,21.1,56.8
1784032918.101,1541,0.409,-0.327,-0.012,0.243,33.6,53.7
1784032918.101,1541,1.226,0.45,0.09,0.243,26.9,59.4
1784032918.101,1541,1.254,0.675,0.211,0.325,16.8,57.5
1784032918.101,1541,1.156,-0.855,0.08,0.325,16.8,57.5
1784032918.101,1541,0.558,-0.248,0.003,0.487,27.2,46.5
1784032918.201,1542,0.881,0.524,0.215,0.0,15.3,69.5
1784032918.201,1542,1.85,0.235,-0.204,0.0,18.2,68.9
1784032918.201,1542,2.001,0.449,-0.036,0.0,13.2,68.7
1784032918.201,1542,3.142,0.498,0.155,0.0,22.0,70.3
1784032918.201,1542,3.239,0.622,-0.341,0.0,12.7,71.2
1784032918.201,1542,6.382,1.227,0.768,0.0,12.8,59.5
1784032918.201,1542,7.462,1.193,1.092,0.0,19.5,57.8
1784032918.201,1542,7.609,1.213,0.972,0.0,16.5,57.5
1784032918.201,1542,0.322,-0.409,0.056,0.081,14.1,72.5
1784032918.201,1542,0.934,0.552,0.46,0.081,13.6,66.6
1784032918.201,1542,0.434,-0.354,0.09,0.243,32.5,53.7
1784032918.201,1542,1.177,-0.881,0.198,0.243,17.2,58.3
1784032918.201,1542,1.334,0.649,-0.021,0.243,17.2,58.3
1784032918.201,1542,1.317,-0.908,0.217,0.406,15.8,54.4
1784032918.201,1542,1.235,-0.675,-0.304,0.487,24.0,53.9
1784032918.352,1543,0.96,0.511,0.083,0.0,17.4,72.2
1784032918.352,1543,1.859,0.176,-0.184,0.0,16.0,71.2
1784032918.352,1543,2.011,0.384,0.118,0.0,12.5,68.7
1784032918.352,1543,3.142,0.498,0.147,0.0,21.7,70.8
1784032918.352,1543,3.272,0.518,-0.145,0.0,11.6,71.8
1784032918.352,1543,6.334,1.432,0.813,0.0,13.6,59.3
1784032918.352,1543,7.473,1.193,1.01,0.0,19.9,58.1
1784032918.352,1543,0.375,-0.425,0.003,0.162,26.6,60.1
1784032918.352,1543,1.207,0.491,0.128,0.162,23.5,63.6
1784032918.352,1543,0.341,-0.33,0.074,0.325,16.6,67.3
1784032918.352,1543,0.628,-0.348,0.188,0.406,12.2,57.8
1784032918.403,1544,0.93,0.511,0.25,0.0,15.8,72.6
1784032918.403,1544,1.852,0.235,-0.186,0.0,15.5,71.5
1784032918.403,1544,2.014,0.384,-0.039,0.0,11.4,70.6
1784032918.403,1544,3.142,0.498,0.155,0.0,21.6,70.6
1784032918.403,1544,3.252,0.518,0.391,0.0,13.0,71.6
1784032918.403,1544,6.383,1.227,0.762,0.0,13.1,60.2
1784032918.403,1544,7.479,1.193,0.966,0.0,20.4,57.5
1784032918.403,1544,7.598,0.971,1.28,0.0,16.0,57.4
1784032918.403,1544,1.27,0.465,0.019,0.081,13.7,71.8
1784032918.403,1544,0.35,-0.443,0.05,0.162,34.0,60.3
1784032918.403,1544,0.361,-0.376,0.046,0.325,30.2,52.0
1784032918.403,1544,0.54,-0.368,0.028,0.325,32.9,52.4
1784032918.506,1545,0.883,0.556,0.081,0.0,21.5,72.2
1784032918.506,1545,1.849,0.235,-0.217,0.0,15.8,71.2
1784032918.506,1545,2.001,0.449,-0.005,0.0,11.5,70.5
1784032918.506,1545,3.141,0.498,0.167,0.0,21.2,71.0
1784032918.506,1545,3.25,0.622,0.206,0.0,13.2,71.6
1784032918.506,1545,6.406,1.227,0.534,0.0,13.2,60.1
1784032918.506,1545,7.492,0.954,1.119,0.0,19.3,58.6
1784032918.506,1545,7.603,0.971,1.248,0.0,16.6,58.0
1784032918.506,1545,0.348,-0.443,-0.067,0.162,29.6,60.5
1784032918.506,1545,1.121,-0.654,-0.166,0.162,12.2,64.3
1784032918.506,1545,1.96,-1.134,-0.14,0.162,12.7,60.4
1784032918.506,1545,0.589,-0.371,0.058,0.325,28.7,51.8
1784032918.608,1546,0.906,0.524,0.034,0.0,21.5,71.4
1784032918.608,1546,1.859,0.176,-0.185,0.0,15.3,71.6
1784032918.608,1546,2.001,0.449,0.023,0.0,12.0,70.4
1784032918.608,1546,3.141,0.498,0.167,0.0,22.0,70.4
1784032918.608,1546,3.274,0.518,-0.074,0.0,13.5,71.3
1784032918.608,1546,6.401,1.227,0.595,0.0,13.1,59.9
1784032918.608,1546,7.419,1.432,1.098,0.0,19.6,57.7
1784032918.608,1546,7.488,0.954,1.143,0.0,19.6,57.7
1784032918.608,1546,0.354,-0.443,-0.002,0.162,28.2,60.1
1784032918.608,1546,2.647,-4.197,0.345,0.243,11.5,55.2
1784032918.608,1546,0.622,-0.394,0.088,0.325,30.1,51.1
1784032918.712,1547,0.893,0.524,0.156,0.0,19.2,71.1
1784032918.712,1547,1.856,0.235,-0.145,0.0,15.4,71.6
1784032918.712,1547,3.142,0.498,0.154,0.0,21.8,70.2
1784032918.712,1547,3.275,0.518,-0.052,0.0,12.9,71.1
1784032918.712,1547,6.397,1.227,0.631,0.0,13.8,59.8
1784032918.712,1547,7.507,0.954,1.011,0.0,20.1,57.8
1784032918.712,1547,7.596,1.213,1.068,0.0,15.9,57.9
1784032918.712,1547,0.381,-0.477,-0.018,0.162,27.7,59.9
1784032918.712,1547,0.437,-0.47,0.126,0.325,31.6,49.7
1784032918.712,1547,0.601,-0.417,0.121,0.325,30.9,49.8
1784032918.712,1547,1.261,0.465,0.151,-0.081,20.0,71.3
1784032918.814,1548,0.917,0.491,0.118,0.0,23.1,71.6
1784032918.814,1548,1.853,0.235,-0.173,0.0,15.3,71.8
1784032918.814,1548,3.142,0.498,0.155,0.0,21.0,71.0
1784032918.814,1548,6.353,1.227,0.981,0.0,12.6,59.5
1784032918.814,1548,7.463,1.193,1.082,0.0,19.7,57.9
1784032918.814,1548,0.352,-0.532,0.148,0.243,28.1,51.0
1784032918.814,1548,0.575,-0.464,0.066,0.325,27.3,48.7
1784032918.814,1548,0.528,0.417,0.312,0.325,27.3,48.7
1784032918.814,1548,1.173,0.435,0.189,-0.162,22.7,60.4
1784032918.914,1549,0.903,0.524,0.081,0.0,22.4,70.2
1784032918.914,1549,1.85,0.235,-0.209,0.0,15.7,70.9
1784032918.914,1549,3.144,0.498,0.12,0.0,22.8,70.3
1784032918.914,1549,6.358,1.227,0.947,0.0,11.9,58.7
1784032918.914,1549,7.507,0.954,1.012,0.0,21.2,56.9
1784032918.914,1549,7.585,1.456,0.814,0.0,16.2,57.0
1784032918.914,1549,0.409,-0.511,0.001,0.162,28.8,58.1
1784032918.914,1549,0.662,0.466,0.178,0.568,28.8,45.7
1784032918.914,1549,1.179,0.395,0.233,-0.162,19.4,58.3
1784032918.914,1549,1.345,0.45,0.249,-0.162,16.7,58.4
1784032919.015,1550,0.885,0.556,0.061,0.0,16.1,72.8
1784032919.015,1550,1.856,0.176,-0.211,0.0,14.4,72.0
1784032919.015,1550,3.144,0.498,0.094,0.0,20.6,71.3
1784032919.015,1550,6.341,1.432,0.755,0.0,13.3,58.7
1784032919.015,1550,7.467,1.193,1.056,0.0,18.9,57.7
1784032919.015,1550,0.756,0.627,0.207,0.243,13.0,63.2
1784032919.015,1550,0.558,0.654,0.148,-0.649,30.3,46.3
1784032919.117,1551,0.895,0.458,0.292,0.0,16.5,72.5
1784032919.117,1551,1.851,0.235,-0.194,0.0,14.8,72.2
1784032919.117,1551,3.141,0.498,0.176,0.0,22.0,70.9
1784032919.117,1551,3.251,0.622,-0.205,0.0,11.4,72.0
1784032919.117,1551,7.412,1.432,1.143,0.0,18.4,58.1
1784032919.117,1551,0.6,0.659,0.214,-0.649,29.0,47.1
1784032919.117,1551,0.983,0.294,0.207,-0.243,32.7,49.5
1784032919.218,1552,0.898,0.524,0.126,0.0,22.7,73.2
1784032919.218,1552,1.862,0.176,-0.142,0.0,13.9,72.7
1784032919.218,1552,3.144,0.498,0.115,0.0,20.5,70.9
1784032919.218,1552,7.455,1.193,1.136,0.0,20.6,57.9
1784032919.218,1552,7.622,0.971,1.125,0.0,15.6,58.1
1784032919.218,1552,0.854,0.439,0.292,0.568,34.0,47.2
1784032919.218,1552,1.151,0.382,0.145,-0.162,19.7,57.3
1784032919.319,1553,0.944,0.545,0.041,0.0,16.7,72.1
1784032919.319,1553,1.857,0.176,-0.204,0.0,14.5,72.1
1784032919.319,1553,1.952,0.439,-0.16,0.0,11.4,71.4
1784032919.319,1553,3.139,0.498,0.205,0.0,22.5,71.1
1784032919.319,1553,7.464,1.193,1.075,0.0,19.4,58.1
1784032919.319,1553,7.653,1.213,0.522,0.0,14.6,57.6
1784032919.422,1554,0.888,0.524,0.185,0.0,20.9,72.2
1784032919.422,1554,1.845,0.235,-0.243,0.0,14.8,71.7
1784032919.422,1554,1.925,0.502,-0.267,0.0,11.7,71.4
1784032919.422,1554,3.137,0.498,0.232,0.0,21.9,71.2
1784032919.422,1554,3.244,0.414,-0.546,0.0,12.7,72.2
1784032919.422,1554,7.453,1.193,1.149,0.0,19.1,58.2
1784032919.422,1554,7.68,0.971,0.616,0.0,16.0,58.5
1784032919.422,1554,0.485,-0.502,0.011,0.081,12.9,75.8
1784032919.523,1555,0.919,0.491,0.101,0.0,21.8,71.9
1784032919.523,1555,1.858,0.176,-0.189,0.0,14.4,71.9
1784032919.523,1555,3.139,0.498,0.203,0.0,21.8,70.5
1784032919.523,1555,7.411,1.432,1.15,0.0,18.7,58.4
1784032919.523,1555,7.486,0.954,1.16,0.0,18.7,58.4
1784032919.523,1555,7.604,1.213,1.005,0.0,15.3,58.0
1784032919.625,1556,0.919,0.491,0.102,0.0,20.3,73.5
1784032919.625,1556,1.85,0.235,-0.206,0.0,13.7,72.7
1784032919.625,1556,1.86,0.614,-0.137,0.0,12.0,72.0
1784032919.625,1556,3.138,0.498,0.215,0.0,21.7,70.9
1784032919.625,1556,3.252,0.414,-0.496,0.0,12.4,72.2
1784032919.625,1556,7.496,0.954,1.094,0.0,19.1,58.4
1784032919.625,1556,7.654,0.971,0.883,0.0,16.1,57.9
1784032919.727,1557,0.886,0.556,0.039,0.0,17.1,72.5
1784032919.727,1557,1.852,0.235,-0.19,0.0,14.4,72.2
1784032919.727,1557,1.865,0.614,-0.035,0.0,14.4,70.8
1784032919.727,1557,3.14,0.498,0.187,0.0,20.6,71.4
1784032919.727,1557,3.29,0.414,-0.033,0.0,12.4,72.2
1784032919.727,1557,7.495,0.954,1.102,0.0,18.2,59.2
1784032919.727,1557,7.622,0.971,1.131,0.0,14.3,59.0
1784032919.829,1558,0.925,0.491,0.013,0.0,16.2,74.6
1784032919.829,1558,1.854,0.176,-0.223,0.0,13.5,73.1
1784032919.829,1558,1.865,0.614,0.027,0.0,14.0,71.5
1784032919.829,1558,3.142,0.498,0.16,0.0,20.3,71.2
1784032919.829,1558,7.506,0.954,1.022,0.0,19.0,58.5
1784032919.829,1558,7.61,1.213,0.961,0.0,14.9,58.1
1784032919.931,1559,0.917,0.491,0.124,0.0,21.3,72.7
1784032919.931,1559,1.846,0.235,-0.239,0.0,14.0,72.7
1784032919.931,1559,1.864,0.614,-0.043,0.0,13.6,72.1
1784032919.931,1559,3.139,0.498,0.201,0.0,21.7,71.0
1784032919.931,1559,3.21,0.725,0.402,0.0,12.2,72.1
1784032919.931,1559,7.506,0.954,1.02,0.0,19.4,58.1
1784032919.931,1559,7.613,1.213,0.936,0.0,15.5,57.7
1784032920.033,1560,0.488,-0.556,0.053,0.0,12.2,77.7
1784032920.033,1560,0.91,0.491,0.167,0.0,21.1,72.3
1784032920.033,1560,1.851,0.235,-0.195,0.0,14.1,72.4
1784032920.033,1560,1.884,0.552,-0.017,0.0,13.8,72.1
1784032920.033,1560,3.142,0.498,0.15,0.0,21.3,70.8
1784032920.033,1560,3.257,0.622,0.027,0.0,14.6,72.1
1784032920.033,1560,7.499,0.954,1.074,0.0,19.5,57.8
1784032920.033,1560,7.612,1.213,0.946,0.0,15.3,58.0
1784032920.135,1561,0.92,0.491,0.093,0.0,19.0,72.9
1784032920.135,1561,1.854,0.235,-0.163,0.0,14.9,71.7
1784032920.135,1561,3.139,0.498,0.205,0.0,21.0,71.8
1784032920.135,1561,3.23,0.414,-0.622,0.0,13.0,72.7
1784032920.135,1561,7.501,0.954,1.059,0.0,19.6,58.1
1784032920.135,1561,7.656,0.971,0.871,0.0,15.8,57.8
1784032920.237,1562,0.886,0.47,0.033,0.0,14.4,74.4
1784032920.237,1562,1.853,0.235,-0.172,0.0,13.9,72.6
1784032920.237,1562,3.138,0.498,0.226,0.0,21.8,70.7
1784032920.237,1562,3.261,0.414,-0.434,0.0,12.9,72.0
1784032920.237,1562,7.499,0.954,1.068,0.0,19.3,58.3
1784032920.237,1562,7.633,0.971,1.05,0.0,15.2,58.5
1784032920.338,1563,0.91,0.491,0.167,0.0,19.2,72.2
1784032920.338,1563,1.85,0.235,-0.203,0.0,14.5,72.3
1784032920.338,1563,3.14,0.498,0.19,0.0,21.0,71.0
1784032920.338,1563,3.273,0.414,-0.331,0.0,12.5,72.1
1784032920.338,1563,7.468,1.193,1.05,0.0,19.1,58.4
1784032920.338,1563,7.613,1.213,0.942,0.0,15.2,58.3
1784032920.44,1564,0.875,0.524,0.237,0.0,18.9,73.6
1784032920.44,1564,1.852,0.235,-0.19,0.0,14.1,72.6
1784032920.44,1564,1.882,0.552,-0.09,0.0,13.7,71.8
1784032920.44,1564,3.143,0.498,0.139,0.0,21.1,71.1
1784032920.44,1564,3.257,0.518,-0.348,0.0,13.7,72.1
1784032920.44,1564,7.503,0.954,1.044,0.0,20.1,57.7
1784032920.44,1564,7.599,1.213,1.043,0.0,15.1,57.7
1784032920.541,1565,0.908,0.491,0.176,0.0,21.6,72.3
1784032920.541,1565,1.849,0.235,-0.215,0.0,15.4,71.4
1784032920.541,1565,1.864,0.614,-0.073,0.0,14.5,71.0
1784032920.541,1565,3.143,0.498,0.139,0.0,20.9,71.6
1784032920.541,1565,3.226,0.725,0.25,0.0,12.2,72.8
1784032920.541,1565,6.339,1.432,0.776,0.0,11.6,60.3
1784032920.541,1565,7.491,0.954,1.125,0.0,19.3,58.4
1784032920.541,1565,7.567,1.213,1.253,0.0,14.7,57.9
1784032920.646,1566,0.89,0.524,0.171,0.0,19.9,72.9
1784032920.646,1566,1.848,0.235,-0.221,0.0,14.1,72.6
1784032920.646,1566,3.14,0.498,0.187,0.0,21.0,71.5
1784032920.646,1566,3.253,0.414,-0.492,0.0,11.6,72.1
1784032920.646,1566,7.47,1.193,1.031,0.0,20.0,57.8
1784032920.646,1566,7.584,1.213,1.146,0.0,16.2,57.8
1784032920.747,1567,0.904,0.524,0.068,0.0,19.6,73.9
1784032920.747,1567,1.843,0.235,-0.259,0.0,14.3,72.4
1784032920.747,1567,1.843,0.675,-0.024,0.0,14.2,71.3
1784032920.747,1567,3.141,0.498,0.181,0.0,20.5,72.0
1784032920.747,1567,3.277,0.414,-0.291,0.0,11.9,73.0
1784032920.747,1567,6.396,1.227,0.647,0.0,11.6,61.0
1784032920.747,1567,7.51,0.954,0.995,0.0,19.1,58.7
1784032920.747,1567,7.639,1.213,0.7,0.0,14.7,59.2
1784032920.798,1568,0.918,0.491,0.114,0.0,19.7,74.6
1784032920.798,1568,1.852,0.235,-0.189,0.0,13.6,73.0
1784032920.798,1568,1.864,0.614,0.045,0.0,13.8,71.7
1784032920.798,1568,3.14,0.498,0.187,0.0,21.0,71.4
1784032920.798,1568,6.396,1.227,0.648,0.0,12.4,60.0
1784032920.798,1568,7.503,0.954,1.04,0.0,18.9,58.7
1784032920.798,1568,7.433,1.432,0.998,0.0,18.9,58.7
1784032920.798,1568,7.599,1.213,1.046,0.0,14.7,58.9
1784032920.899,1569,0.51,-0.533,0.078,0.0,13.4,77.8
1784032920.899,1569,0.864,0.502,-0.094,0.0,12.3,73.2
1784032920.899,1569,1.851,0.235,-0.196,0.0,13.6,72.7
1784032920.899,1569,1.856,0.614,-0.182,0.0,13.1,71.9
1784032920.899,1569,3.141,0.498,0.168,0.0,21.2,71.3
1784032920.899,1569,6.367,1.227,0.885,0.0,11.7,60.4
1784032920.899,1569,7.497,0.954,1.087,0.0,19.6,58.1
1784032920.899,1569,7.579,1.213,1.181,0.0,15.7,58.0
1784032921.053,1570,0.53,-0.51,0.097,0.0,12.7,77.8
1784032921.053,1570,0.907,0.524,-0.007,0.0,19.1,73.0
1784032921.053,1570,1.857,0.176,-0.201,0.0,14.2,72.1
1784032921.053,1570,1.931,0.502,-0.216,0.0,11.6,71.6
1784032921.053,1570,3.143,0.498,0.122,0.0,22.0,70.5
1784032921.053,1570,6.334,1.227,1.095,0.0,11.3,60.3
1784032921.053,1570,7.49,0.954,1.136,0.0,18.8,58.8
1784032921.053,1570,7.534,0.971,1.614,0.0,15.4,58.2
1784032921.104,1571,0.916,0.491,0.126,0.0,18.5,72.3
1784032921.104,1571,1.857,0.235,-0.129,0.0,13.9,72.9
1784032921.104,1571,3.14,0.498,0.183,0.0,20.3,72.1
1784032921.104,1571,7.505,0.954,1.029,0.0,19.4,58.1
1784032921.104,1571,7.524,1.213,1.491,0.0,16.0,57.8
1784032921.104,1571,1.182,0.316,0.322,-0.162,16.3,57.3
1784032921.206,1572,0.974,0.477,0.113,0.0,14.9,72.0
1784032921.206,1572,1.849,0.235,-0.214,0.0,15.1,71.9
1784032921.206,1572,3.142,0.498,0.161,0.0,21.4,70.8
1784032921.206,1572,6.373,1.227,0.843,0.0,11.3,59.9
1784032921.206,1572,7.461,1.193,1.098,0.0,20.2,57.3
1784032921.206,1572,7.536,0.971,1.603,0.0,15.6,58.1
1784032921.308,1573,0.907,0.524,0.013,0.0,18.6,70.4
1784032921.308,1573,1.848,0.235,-0.223,0.0,15.6,71.2
1784032921.308,1573,3.142,0.498,0.154,0.0,20.6,71.7
1784032921.308,1573,7.481,1.193,0.952,0.0,19.4,58.2
1784032921.308,1573,7.533,1.213,1.445,0.0,15.8,57.9
1784032921.41,1574,1.847,0.235,-0.233,0.0,14.7,72.0
1784032921.41,1574,3.141,0.498,0.174,0.0,20.7,71.4
1784032921.41,1574,3.233,0.725,0.118,0.0,11.3,72.3
1784032921.41,1574,7.508,0.954,1.007,0.0,19.0,58.6
1784032921.41,1574,7.587,1.213,1.13,0.0,14.4,59.0
1784032921.41,1574,0.958,0.461,0.395,-0.162,21.3,60.4
1784032921.41,1574,0.903,0.524,0.078,-0.081,19.6,69.6
1784032921.512,1575,1.848,0.235,-0.224,0.0,14.8,72.1
1784032921.512,1575,3.142,0.498,0.158,0.0,21.2,71.3
1784032921.512,1575,3.27,0.518,-0.173,0.0,12.4,72.3
1784032921.512,1575,6.405,1.227,0.546,0.0,12.3,59.8
1784032921.512,1575,7.501,0.954,1.057,0.0,18.9,58.8
1784032921.512,1575,7.618,1.213,0.9,0.0,15.7,58.5
1784032921.512,1575,0.865,0.491,0.328,0.081,16.4,69.8
1784032921.512,1575,1.071,0.368,0.326,0.162,18.0,59.2
1784032921.614,1576,0.819,0.564,-0.133,0.0,15.4,70.3
1784032921.614,1576,1.855,0.235,-0.157,0.0,14.8,71.9
1784032921.614,1576,3.142,0.498,0.154,0.0,21.1,71.2
1784032921.614,1576,3.271,0.414,-0.354,0.0,13.2,72.3
1784032921.614,1576,6.382,1.432,0.216,0.0,11.6,60.4
1784032921.614,1576,7.498,0.954,1.075,0.0,18.2,59.6
1784032921.614,1576,7.651,0.971,0.913,0.0,15.4,59.0
1784032921.614,1576,0.86,0.589,0.102,0.081,16.6,69.4
1784032921.614,1576,1.151,0.395,0.345,0.568,23.8,52.6
1784032921.715,1577,0.883,0.556,0.083,0.0,23.2,69.7
1784032921.715,1577,1.851,0.235,-0.198,0.0,16.1,70.7
1784032921.715,1577,3.142,0.498,0.159,0.0,20.5,71.8
1784032921.715,1577,3.25,0.414,-0.512,0.0,12.3,72.7
1784032921.715,1577,6.425,1.227,0.219,0.0,11.6,60.1
1784032921.715,1577,7.496,0.954,1.094,0.0,18.3,59.5
1784032921.715,1577,7.618,1.213,0.9,0.0,15.1,59.0
1784032921.817,1578,1.854,0.235,-0.164,0.0,15.0,71.7
1784032921.817,1578,3.141,0.498,0.178,0.0,21.1,71.2
1784032921.817,1578,3.254,0.518,-0.371,0.0,13.0,72.1
1784032921.817,1578,7.499,0.954,1.074,0.0,19.3,58.4
1784032921.817,1578,7.642,0.971,0.98,0.0,16.5,57.7
1784032921.817,1578,0.857,0.589,0.125,-0.081,19.7,69.1
1784032921.917,1579,0.867,0.556,-0.187,0.0,15.0,70.3
1784032921.917,1579,1.85,0.235,-0.207,0.0,16.2,70.6
1784032921.917,1579,3.143,0.498,0.14,0.0,21.1,71.3
1784032921.917,1579,3.25,0.622,-0.207,0.0,12.7,72.5
1784032921.917,1579,7.472,1.193,1.019,0.0,19.9,57.8
1784032921.917,1579,7.661,0.971,0.821,0.0,16.1,58.0
1784032922.019,1580,0.866,0.589,-0.006,0.0,14.3,70.1
1784032922.019,1580,1.85,0.235,-0.209,0.0,16.0,70.7
1784032922.019,1580,3.141,0.498,0.171,0.0,21.4,70.8
1784032922.019,1580,3.25,0.622,-0.21,0.0,12.5,71.8
1784032922.019,1580,6.413,1.227,0.442,0.0,12.8,58.9
1784032922.019,1580,7.466,1.193,1.059,0.0,18.6,59.2
1784032922.019,1580,7.633,1.213,0.754,0.0,15.2,58.8
1784032922.121,1581,1.851,0.235,-0.192,0.0,15.9,70.8
1784032922.121,1581,3.142,0.498,0.144,0.0,22.0,70.5
1784032922.121,1581,3.254,0.622,-0.141,0.0,13.1,71.8
1784032922.121,1581,3.365,-1.699,0.931,0.0,12.0,68.4
1784032922.121,1581,6.402,1.227,0.582,0.0,12.0,60.2
1784032922.121,1581,7.474,1.193,1.008,0.0,19.8,57.9
1784032922.121,1581,7.592,1.213,1.097,0.0,15.7,58.1
1784032922.121,1581,0.748,0.72,0.138,0.081,15.9,71.6
1784032922.226,1582,1.852,0.235,-0.186,0.0,14.9,71.8
1784032922.226,1582,3.14,0.498,0.19,0.0,21.4,70.8
1784032922.226,1582,3.251,0.622,-0.197,0.0,12.2,72.0
1784032922.226,1582,6.412,1.227,0.461,0.0,11.8,60.3
1784032922.226,1582,7.465,1.193,1.072,0.0,19.4,58.2
1784032922.226,1582,7.567,1.213,1.255,0.0,16.4,57.5
1784032922.226,1582,0.76,0.72,-0.026,0.081,17.6,69.9
1784032922.226,1582,0.809,0.429,0.034,0.568,22.3,47.1
1784032922.226,1582,0.902,0.524,-0.097,-0.081,16.8,69.7
1784032922.328,1583,1.852,0.235,-0.188,0.0,14.6,72.0
1784032922.328,1583,3.14,0.498,0.196,0.0,21.1,71.1
1784032922.328,1583,3.38,-1.699,0.877,0.0,11.8,69.0
1784032922.328,1583,6.421,1.227,0.298,0.0,12.3,60.1
1784032922.328,1583,7.467,1.193,1.053,0.0,19.8,57.7
1784032922.328,1583,7.583,1.213,1.157,0.0,15.9,58.0
1784032922.328,1583,0.776,0.687,0.149,0.081,22.5,68.3
1784032922.328,1583,0.885,0.736,0.248,0.162,21.4,55.9
1784032922.328,1583,0.397,-0.567,-0.09,-0.162,25.9,55.9
1784032922.429,1584,0.784,0.687,0.096,0.0,16.2,73.1
1784032922.429,1584,1.852,0.235,-0.184,0.0,14.7,72.0
1784032922.429,1584,3.142,0.498,0.155,0.0,21.6,70.8
1784032922.429,1584,3.289,0.414,-0.047,0.0,11.3,72.5
1784032922.429,1584,6.396,1.227,0.642,0.0,12.3,59.7
1784032922.429,1584,7.427,1.432,1.039,0.0,19.8,57.8
1784032922.429,1584,7.618,1.213,0.896,0.0,17.4,57.5
1784032922.429,1584,0.911,0.638,0.223,0.243,28.3,50.8
1784032922.429,1584,0.432,-0.491,-0.019,-0.162,25.3,58.5
1784032922.53,1585,0.787,0.687,0.066,0.0,18.5,72.3
1784032922.53,1585,1.849,0.235,-0.21,0.0,14.4,72.2
1784032922.53,1585,3.142,0.498,0.16,0.0,21.1,71.2
1784032922.53,1585,3.289,0.414,-0.052,0.0,11.6,72.3
1784032922.53,1585,3.386,-1.699,0.851,0.0,11.8,69.1
1784032922.53,1585,7.463,1.193,1.08,0.0,19.8,58.0
1784032922.53,1585,7.607,1.213,0.982,0.0,16.3,57.8
1784032922.53,1585,0.995,0.589,0.224,0.081,15.3,66.1
1784032922.53,1585,0.944,0.545,0.035,0.325,29.8,47.6
1784032922.633,1586,1.852,0.235,-0.189,0.0,14.8,71.9
1784032922.633,1586,3.142,0.498,0.155,0.0,21.0,71.3
1784032922.633,1586,3.272,0.414,-0.343,0.0,12.0,72.4
1784032922.633,1586,3.44,-1.577,0.87,0.0,11.6,69.7
1784032922.633,1586,6.357,1.227,0.954,0.0,11.4,60.0
1784032922.633,1586,7.502,0.954,1.048,0.0,19.4,58.3
1784032922.633,1586,7.586,1.213,1.139,0.0,15.4,58.5
1784032922.633,1586,0.689,0.753,0.236,0.081,16.5,67.7
1784032922.633,1586,0.992,0.649,0.297,0.081,15.5,66.6
1784032922.633,1586,0.963,0.511,0.038,0.325,30.0,48.3
1784032922.633,1586,1.047,0.573,0.263,0.325,22.7,50.6
1784032922.633,1586,0.491,-0.429,0.056,-0.162,21.3,58.4
1784032922.633,1586,0.677,-0.44,0.185,-0.162,22.6,57.6
1784032922.735,1587,0.789,0.687,0.036,0.0,18.8,71.1
1784032922.735,1587,1.854,0.235,-0.162,0.0,15.8,70.9
1784032922.735,1587,3.141,0.498,0.179,0.0,21.9,70.3
1784032922.735,1587,3.298,0.311,-0.155,0.0,12.3,71.5
1784032922.735,1587,3.434,-1.577,0.891,0.0,11.2,69.5
1784032922.735,1587,6.37,1.432,0.448,0.0,12.0,60.0
1784032922.735,1587,7.422,1.432,1.079,0.0,19.5,57.8
1784032922.735,1587,7.614,1.213,0.926,0.0,16.9,57.2
1784032922.735,1587,1.009,0.649,0.231,0.081,25.2,63.6
1784032922.735,1587,0.38,-0.477,-0.029,-0.162,23.5,59.9
1784032922.735,1587,1.295,-0.63,0.019,-0.162,12.2,62.6
1784032922.836,1588,0.79,0.687,0.012,0.0,20.9,69.8
1784032922.836,1588,1.012,0.649,0.218,0.0,17.3,68.3
1784032922.836,1588,1.851,0.235,-0.192,0.0,16.1,70.6
1784032922.836,1588,3.144,0.498,0.114,0.0,21.7,70.7
1784032922.836,1588,3.257,0.622,0.019,0.0,12.2,72.1
1784032922.836,1588,6.201,0.982,0.226,0.0,11.6,60.3
1784032922.836,1588,6.393,1.227,0.677,0.0,11.5,60.3
1784032922.836,1588,7.501,0.954,1.056,0.0,20.4,57.5
1784032922.836,1588,7.574,1.456,0.904,0.0,17.2,57.5
1784032922.836,1588,0.405,-0.567,0.043,-0.406,32.0,46.3
1784032922.836,1588,0.482,-0.773,0.099,-0.406,11.3,60.8
1784032922.836,1588,0.523,-0.596,0.241,-0.325,14.1,57.7
1784032922.836,1588,0.368,-0.458,0.166,-0.243,26.6,54.2
1784032922.836,1588,1.241,0.72,0.117,-0.243,12.5,60.5
1784032922.936,1589,1.019,0.589,0.049,0.0,16.6,66.4
1784032922.936,1589,1.85,0.235,-0.206,0.0,16.9,69.9
1784032922.936,1589,3.142,0.498,0.156,0.0,21.1,71.2
1784032922.936,1589,3.289,0.414,-0.044,0.0,11.6,72.0
1784032922.936,1589,6.406,1.227,0.536,0.0,11.8,60.1
1784032922.936,1589,7.488,0.954,1.146,0.0,19.9,57.9
1784032922.936,1589,7.627,1.213,0.818,0.0,17.3,57.6
1784032922.936,1589,0.402,-0.458,0.04,-0.487,39.9,46.8
1784032922.936,1589,1.167,0.634,0.255,-0.406,15.8,60.9
1784032922.936,1589,0.813,0.654,-0.082,-0.081,20.2,65.7
1784032922.936,1589,1.044,0.633,0.332,-0.081,14.5,67.4
1784032923.038,1590,0.709,0.75,0.354,0.0,12.9,68.3
1784032923.038,1590,0.848,0.725,0.497,0.0,12.6,66.8
1784032923.038,1590,1.85,0.235,-0.207,0.0,17.2,69.5
1784032923.038,1590,3.141,0.498,0.167,0.0,22.1,70.2
1784032923.038,1590,3.263,0.518,-0.278,0.0,12.6,71.5
1784032923.038,1590,6.414,1.227,0.434,0.0,12.1,60.0
1784032923.038,1590,7.464,1.193,1.078,0.0,20.1,57.8
1784032923.038,1590,0.475,-0.382,-0.045,-0.487,33.2,46.5
1784032923.038,1590,2.895,-4.041,0.16,-0.406,13.0,54.0
1784032923.038,1590,0.327,-0.409,-0.003,-0.325,33.8,51.2
1784032923.038,1590,0.978,0.532,-0.216,-0.243,16.7,63.4
1784032923.038,1590,0.998,0.626,0.015,-0.162,24.1,57.2
1784032923.038,1590,0.71,0.596,-0.384,-0.081,12.4,67.4
1784032923.038,1590,1.089,0.593,0.249,-0.081,14.8,66.8
1784032923.144,1591,1.851,0.235,-0.197,0.0,18.2,68.6
1784032923.144,1591,3.142,0.498,0.16,0.0,22.0,70.3
1784032923.144,1591,3.284,0.414,-0.192,0.0,11.9,71.6
1784032923.144,1591,6.2,0.982,0.256,0.0,12.4,59.3
1784032923.144,1591,6.422,1.227,0.286,0.0,12.9,59.5
1784032923.144,1591,7.492,0.954,1.122,0.0,20.6,57.0
1784032923.144,1591,7.622,1.213,0.865,0.0,17.5,57.0
1784032923.144,1591,0.54,-0.286,0.001,-0.487,30.7,49.4
1784032923.144,1591,1.146,-0.719,0.023,-0.406,15.8,58.1
1784032923.144,1591,1.228,0.549,0.142,-0.406,15.8,58.1
1784032923.144,1591,0.342,-0.393,0.052,-0.325,37.8,51.0
1784032923.144,1591,1.054,0.633,0.301,-0.243,19.4,60.8
1784032923.144,1591,1.575,-1.374,0.128,-0.243,15.2,60.3
1784032923.144,1591,0.757,0.72,0.067,-0.081,21.9,66.7
1784032923.144,1591,0.934,0.663,0.277,-0.081,16.5,65.3
1784032923.196,1592,1.85,0.235,-0.209,0.0,18.4,68.4
1784032923.196,1592,3.142,0.498,0.164,0.0,22.0,70.4
1784032923.196,1592,3.265,0.518,-0.253,0.0,12.6,71.4
1784032923.196,1592,6.399,1.227,0.61,0.0,12.0,59.7
1784032923.196,1592,7.492,0.954,1.12,0.0,19.6,57.9
1784032923.196,1592,0.518,-0.23,0.002,-0.487,35.7,47.7
1784032923.196,1592,0.342,-0.33,0.066,-0.325,18.7,68.4
1784032923.196,1592,0.936,0.663,0.268,-0.243,20.8,61.5
1784032923.196,1592,0.257,-0.405,0.014,-0.162,14.1,76.3
1784032923.196,1592,0.789,0.687,0.042,-0.081,23.8,66.3
1784032923.349,1593,0.733,0.659,-0.189,0.0,13.5,67.8
1784032923.349,1593,1.848,0.235,-0.221,0.0,18.6,68.2
1784032923.349,1593,1.996,0.449,0.134,0.0,12.8,68.9
1784032923.349,1593,3.14,0.498,0.188,0.0,21.7,70.5
1784032923.349,1593,3.287,0.414,-0.133,0.0,12.3,71.6
1784032923.349,1593,6.41,1.227,0.488,0.0,12.0,59.8
1784032923.349,1593,7.46,1.193,1.107,0.0,21.0,56.9
1784032923.349,1593,7.622,1.213,0.864,0.0,18.1,56.1
1784032923.349,1593,0.46,-0.245,-0.051,-0.325,41.4,51.8
1784032923.349,1593,0.837,0.622,0.097,-0.243,13.8,67.8
1784032923.349,1593,0.946,0.663,0.23,-0.243,22.6,63.3
1784032923.45,1594,1.857,0.235,-0.127,0.0,18.5,68.2
1784032923.45,1594,2.006,0.32,0.279,0.0,11.3,68.7
1784032923.45,1594,3.143,0.498,0.129,0.0,22.1,70.3
1784032923.45,1594,3.27,0.518,-0.184,0.0,12.4,71.2
1784032923.45,1594,6.408,1.227,0.505,0.0,13.1,59.6
1784032923.45,1594,7.505,0.954,1.027,0.0,20.1,58.0
1784032923.45,1594,7.635,1.213,0.74,0.0,16.4,57.2
1784032923.45,1594,7.863,-0.744,0.818,0.0,12.2,59.3
1784032923.45,1594,0.897,0.638,0.273,-0.243,17.7,65.2
1784032923.45,1594,0.37,-0.218,-0.078,-0.162,13.7,72.6
1784032923.45,1594,0.69,0.721,-0.104,-0.081,17.3,68.2
1784032923.502,1595,1.853,0.235,-0.179,0.0,18.3,68.5
1784032923.502,1595,2.005,0.384,0.192,0.0,12.8,68.7
1784032923.502,1595,3.141,0.498,0.166,0.0,22.3,70.1
1784032923.502,1595,3.231,0.414,-0.621,0.0,13.4,71.2
1784032923.502,1595,6.413,1.227,0.441,0.0,11.9,60.0
1784032923.502,1595,7.47,1.193,1.036,0.0,19.8,58.0
1784032923.502,1595,7.617,1.213,0.901,0.0,16.4,57.2
1784032923.502,1595,0.926,0.638,-0.15,-0.406,21.1,55.0
1784032923.502,1595,1.216,-0.592,-0.037,-0.243,12.3,59.4
1784032923.502,1595,0.896,0.736,-0.207,-0.162,18.1,63.6
1784032923.502,1595,0.288,-0.314,0.094,-0.081,17.9,73.5
1784032923.502,1595,0.749,0.72,0.13,-0.081,21.9,67.2
1784032923.604,1596,1.849,0.235,-0.211,0.0,18.9,67.9
1784032923.604,1596,2.013,0.32,0.22,0.0,13.2,68.3
1784032923.604,1596,3.141,0.498,0.173,0.0,22.1,70.2
1784032923.604,1596,3.269,0.414,-0.372,0.0,12.3,71.0
1784032923.604,1596,6.204,0.982,0.104,0.0,11.7,59.8
1784032923.604,1596,6.398,1.227,0.62,0.0,12.1,60.1
1784032923.604,1596,7.422,1.432,1.077,0.0,19.2,57.7
1784032923.604,1596,1.216,-0.45,-0.177,-0.325,15.7,58.1
1784032923.604,1596,0.744,0.6,-0.086,-0.243,14.2,70.1
1784032923.604,1596,0.919,0.736,0.021,-0.243,21.2,62.4
1784032923.604,1596,0.339,-0.273,-0.033,-0.162,14.7,72.4
1784032923.604,1596,0.656,0.721,0.237,-0.081,17.5,67.1
1784032923.707,1597,1.851,0.235,-0.193,0.0,20.8,65.9
1784032923.707,1597,2.001,0.449,0.013,0.0,11.3,69.3
1784032923.707,1597,3.139,0.498,0.202,0.0,22.1,70.1
1784032923.707,1597,3.246,0.518,-0.434,0.0,12.7,70.6
1784032923.707,1597,6.229,0.785,0.224,0.0,11.3,59.9
1784032923.707,1597,6.389,1.227,0.709,0.0,13.5,59.2
1784032923.707,1597,7.47,1.193,1.036,0.0,19.9,57.7
1784032923.707,1597,7.633,1.213,0.758,0.0,16.0,57.3
1784032923.707,1597,0.927,0.663,0.299,-0.243,15.2,60.2
1784032923.707,1597,1.082,-0.442,0.149,-0.243,15.2,60.2
1784032923.707,1597,0.802,0.654,0.16,-0.162,24.7,64.9
1784032923.707,1597,0.468,-0.105,0.013,-0.081,11.7,76.5
1784032923.707,1597,0.383,-0.27,-0.103,-0.081,11.7,76.5
1784032923.812,1598,0.392,-0.191,-0.019,0.0,22.0,70.4
1784032923.812,1598,1.841,0.235,-0.275,0.0,20.0,67.0
1784032923.812,1598,3.141,0.498,0.169,0.0,22.9,69.5
1784032923.812,1598,3.281,0.414,-0.238,0.0,12.9,71.1
1784032923.812,1598,6.221,0.785,0.383,0.0,12.0,59.1
1784032923.812,1598,6.408,1.227,0.514,0.0,12.7,60.0
1784032923.812,1598,7.502,0.954,1.05,0.0,21.8,56.2
1784032923.812,1598,7.62,1.213,0.883,0.0,17.4,56.1
1784032923.812,1598,7.842,-0.993,0.757,0.0,12.1,59.1
1784032923.812,1598,1.218,-0.316,-0.132,-0.325,14.7,58.8
1784032923.812,1598,0.75,0.659,0.104,-0.243,22.3,67.2
1784032923.812,1598,0.293,-0.314,0.079,-0.162,11.9,78.3
1784032923.913,1599,1.852,0.176,-0.245,0.0,22.5,64.6
1784032923.913,1599,3.14,0.498,0.183,0.0,22.7,69.7
1784032923.913,1599,3.274,0.518,-0.08,0.0,12.3,71.0
1784032923.913,1599,3.372,-0.0,0.455,0.0,12.6,69.4
1784032923.913,1599,3.151,1.276,-0.142,0.0,12.6,69.4
1784032923.913,1599,6.202,0.982,0.206,0.0,12.5,58.8
1784032923.913,1599,6.403,1.227,0.574,0.0,13.6,58.6
1784032923.913,1599,7.494,1.193,0.841,0.0,21.2,56.2
1784032923.913,1599,1.176,-0.267,-0.193,-0.487,24.6,58.5
1784032923.913,1599,0.716,0.63,0.111,-0.325,22.8,67.4
1784032923.913,1599,0.696,0.518,-0.095,-0.162,16.8,68.3
1784032923.913,1599,0.368,-0.232,0.03,-0.081,17.5,77.2
1784032923.913,1599,0.717,0.414,-0.037,-0.081,18.9,64.1
1784032924.016,1600,0.732,0.389,-0.008,0.0,11.6,62.6
1784032924.016,1600,0.714,-0.337,-0.252,0.0,11.6,62.6
1784032924.016,1600,1.841,0.235,-0.275,0.0,22.4,64.4
1784032924.016,1600,3.14,0.498,0.198,0.0,23.0,69.3
1784032924.016,1600,3.286,0.414,-0.156,0.0,13.8,69.7
1784032924.016,1600,3.381,0.323,0.585,0.0,11.8,68.3
1784032924.016,1600,6.179,0.982,0.568,0.0,12.2,59.1
1784032924.016,1600,6.367,1.227,0.884,0.0,14.5,58.8
1784032924.016,1600,7.488,1.193,0.892,0.0,22.3,55.2
1784032924.016,1600,7.616,0.971,1.169,0.0,19.7,54.5
1784032924.016,1600,0.728,0.753,-0.007,-0.568,32.8,49.3
1784032924.016,1600,0.691,0.601,0.033,-0.406,24.6,63.7
1784032924.016,1600,0.304,-0.479,0.004,-0.325,13.1,58.4
1784032924.016,1600,0.303,-0.245,0.048,-0.081,21.0,73.8
1784032924.016,1600,0.596,-0.394,0.199,-0.081,11.9,65.2
1784032924.118,1601,0.408,-0.15,0.042,0.0,23.3,70.1
1784032924.118,1601,1.851,0.176,-0.247,0.0,21.1,64.8
1784032924.118,1601,3.145,0.498,0.085,0.0,23.9,68.1
1784032924.118,1601,3.288,0.414,0.1,0.0,14.2,69.3
1784032924.118,1601,3.383,0.215,0.625,0.0,12.8,66.8
1784032924.118,1601,6.248,0.589,0.298,0.0,11.6,59.9
1784032924.118,1601,6.347,1.227,1.02,0.0,11.8,60.0
1784032924.118,1601,7.599,1.213,1.046,0.0,19.3,55.1
1784032924.118,1601,0.877,-0.0,0.391,-0.406,24.7,58.4
1784032924.118,1601,0.718,0.414,-0.016,-0.325,23.7,63.7
1784032924.219,1602,0.313,-0.233,-0.042,0.0,18.0,75.5
1784032924.219,1602,1.848,0.176,-0.274,0.0,19.9,68.1
1784032924.219,1602,3.152,0.398,0.222,0.0,24.5,68.6
1784032924.219,1602,3.29,0.414,0.024,0.0,15.2,67.9
1784032924.219,1602,6.374,1.227,0.83,0.0,13.4,59.6
1784032924.219,1602,7.498,1.193,0.803,0.0,22.6,55.8
1784032924.219,1602,7.586,1.213,1.135,0.0,19.0,55.1
1784032924.219,1602,0.625,0.544,-0.023,-0.243,30.9,57.9
1784032924.219,1602,5.694,0.725,0.851,-0.162,12.3,52.5
1784032924.321,1603,0.323,-0.221,0.028,0.0,13.2,80.8
1784032924.321,1603,0.343,-0.086,-0.17,0.0,13.2,80.8
1784032924.321,1603,1.861,0.176,-0.161,0.0,12.2,68.3
1784032924.321,1603,3.136,0.498,0.242,0.0,23.1,67.8
1784032924.321,1603,3.28,0.414,0.251,0.0,13.8,68.9
1784032924.321,1603,6.377,1.227,0.806,0.0,14.7,58.3
1784032924.321,1603,7.495,1.193,0.833,0.0,20.0,56.9
1784032924.321,1603,7.597,1.213,1.059,0.0,16.1,55.7
1784032924.321,1603,1.04,0.573,0.289,-0.649,27.8,49.1
1784032924.321,1603,1.089,0.829,0.275,-0.406,16.5,54.0
1784032924.321,1603,0.577,0.393,0.36,-0.325,30.3,51.0
1784032924.321,1603,0.623,0.544,0.058,-0.081,22.4,69.2
1784032924.422,1604,0.358,-0.16,-0.029,0.0,12.6,82.1
1784032924.422,1604,1.899,0.491,-0.084,0.0,13.2,68.5
1784032924.422,1604,1.998,0.449,0.11,0.0,11.9,69.9
1784032924.422,1604,3.139,0.398,0.359,0.0,20.7,68.5
1784032924.422,1604,3.245,0.106,1.021,0.0,12.0,68.0
1784032924.422,1604,3.151,1.17,-0.53,0.0,12.0,68.0
1784032924.422,1604,6.394,1.023,0.945,0.0,13.9,58.8
1784032924.422,1604,7.49,1.193,0.881,0.0,19.0,56.3
1784032924.422,1604,7.528,1.213,1.472,0.0,14.0,55.4
1784032924.422,1604,1.003,0.589,0.185,-0.406,16.9,54.5
1784032924.422,1604,0.646,0.518,0.031,-0.081,20.6,68.5
1784032924.524,1605,0.363,-0.147,0.025,0.0,16.9,83.0
1784032924.524,1605,0.569,0.596,0.093,0.0,19.0,70.1
1784032924.524,1605,3.142,0.498,0.146,0.0,21.4,67.9
1784032924.524,1605,3.147,0.106,1.291,0.0,13.9,68.2
1784032924.524,1605,3.031,1.276,-0.876,0.0,13.9,68.2
1784032924.524,1605,7.489,1.193,0.885,0.0,15.2,58.9
1784032924.524,1605,7.523,1.213,1.495,0.0,11.6,56.5
1784032924.524,1605,0.897,-0.614,-0.091,0.162,14.2,58.8
1784032924.626,1606,0.35,-0.135,0.117,0.0,13.6,83.3
1784032924.626,1606,0.583,0.57,0.152,0.0,23.0,69.6
1784032924.626,1606,1.857,0.3,-0.384,0.0,14.0,67.8
1784032924.626,1606,3.158,0.398,0.101,0.0,19.8,69.8
1784032924.626,1606,3.313,0.106,0.769,0.0,15.6,67.5
1784032924.626,1606,2.999,1.276,-0.979,0.0,15.6,67.5
1784032924.626,1606,7.476,1.193,0.988,0.0,18.0,58.0
1784032924.626,1606,7.573,0.971,1.421,0.0,13.3,56.7
1784032924.626,1606,0.329,-0.393,0.107,0.162,18.9,62.7
1784032924.626,1606,0.545,0.851,0.275,0.243,19.8,58.1
1784032924.728,1607,0.604,0.544,0.162,0.0,21.8,69.7
1784032924.728,1607,1.772,0.224,-0.096,0.0,12.9,66.8
1784032924.728,1607,1.849,0.176,-0.265,0.0,17.6,67.3
1784032924.728,1607,3.156,0.398,0.157,0.0,24.7,68.8
1784032924.728,1607,3.275,0.518,-0.009,0.0,14.0,69.4
1784032924.728,1607,3.117,0.106,1.362,0.0,12.9,67.7
1784032924.728,1607,3.139,1.276,-0.315,0.0,12.9,67.7
1784032924.728,1607,6.39,1.227,0.698,0.0,12.5,58.7
1784032924.728,1607,7.493,1.193,0.856,0.0,21.5,56.9
1784032924.728,1607,7.614,0.971,1.182,0.0,18.1,55.0
1784032924.728,1607,0.287,-0.425,0.103,0.243,25.5,55.1
1784032924.728,1607,0.538,0.847,-0.022,0.243,17.4,59.9
1784032924.829,1608,0.352,-0.172,0.021,0.0,11.6,83.5
1784032924.829,1608,0.617,0.544,0.103,0.0,24.5,68.6
1784032924.829,1608,1.847,0.235,-0.23,0.0,21.2,65.8
1784032924.829,1608,3.14,0.498,0.183,0.0,24.1,68.4
1784032924.829,1608,3.28,0.414,0.252,0.0,14.1,69.0
1784032924.829,1608,3.356,0.106,0.554,0.0,13.5,68.0
1784032924.829,1608,6.349,1.227,1.004,0.0,12.2,59.0
1784032924.829,1608,7.491,1.193,0.868,0.0,22.3,56.3
1784032924.829,1608,7.599,1.213,1.047,0.0,19.0,54.4
1784032924.829,1608,0.555,0.883,0.089,0.081,14.6,63.7
1784032924.829,1608,0.283,-0.479,0.111,0.162,11.3,65.5
1784032924.931,1609,0.39,-0.191,0.041,0.0,16.1,80.6
1784032924.931,1609,0.522,0.716,-0.233,0.0,13.1,65.6
1784032924.931,1609,1.846,0.176,-0.283,0.0,21.2,65.8
1784032924.931,1609,3.132,0.498,0.294,0.0,20.5,71.4
1784032924.931,1609,3.273,0.414,0.329,0.0,14.3,69.0
1784032924.931,1609,3.325,0.108,0.9,0.0,13.1,67.8
1784032924.931,1609,6.193,0.785,0.709,0.0,11.6,58.9
1784032924.931,1609,6.363,1.227,0.916,0.0,13.4,60.0
1784032924.931,1609,7.496,1.193,0.825,0.0,21.9,56.4
1784032924.931,1609,7.636,0.971,1.032,0.0,18.0,56.2
1784032924.931,1609,0.612,0.491,0.028,-0.081,23.8,67.4
1784032925.032,1610,0.391,-0.164,0.102,0.0,11.6,81.8
1784032925.032,1610,0.302,-0.286,-0.13,0.0,11.6,81.8
1784032925.032,1610,1.847,0.176,-0.28,0.0,20.6,67.1
1784032925.032,1610,3.143,0.398,0.326,0.0,21.7,70.9
1784032925.032,1610,3.273,0.518,0.11,0.0,13.8,70.1
1784032925.032,1610,6.204,0.982,0.128,0.0,11.3,59.7
1784032925.032,1610,6.347,1.227,1.016,0.0,14.0,59.1
1784032925.032,1610,7.498,1.193,0.804,0.0,21.0,56.3
1784032925.032,1610,0.325,-0.221,-0.002,0.081,19.1,75.9
1784032925.032,1610,4.603,-1.189,-0.103,0.243,21.2,53.6
1784032925.032,1610,0.584,0.815,-0.025,-0.162,17.0,57.9
1784032925.032,1610,0.613,0.491,-0.001,-0.081,24.6,66.9
1784032925.133,1611,1.848,0.176,-0.273,0.0,21.2,65.8
1784032925.133,1611,3.132,0.498,0.289,0.0,21.9,70.4
1784032925.133,1611,3.274,0.518,0.082,0.0,14.1,69.3
1784032925.133,1611,3.384,-0.0,0.654,0.0,12.7,67.5
1784032925.133,1611,6.205,0.982,0.099,0.0,11.2,59.8
1784032925.133,1611,6.385,1.227,0.747,0.0,13.8,59.5
1784032925.133,1611,7.493,1.193,0.85,0.0,20.0,57.2
1784032925.133,1611,0.305,-0.245,0.031,0.081,12.7,76.8
1784032925.133,1611,4.58,-1.04,0.746,0.162,15.0,55.4
1784032925.133,1611,0.609,0.851,0.041,-0.162,21.3,55.4
1784032925.133,1611,0.632,0.466,0.003,-0.081,24.1,67.9
1784032925.235,1612,0.613,0.417,-0.029,0.0,13.0,72.5
1784032925.235,1612,1.846,0.176,-0.287,0.0,19.9,67.2
1784032925.235,1612,3.135,0.498,0.26,0.0,22.9,69.4
1784032925.235,1612,3.275,0.518,0.044,0.0,13.0,70.9
1784032925.235,1612,3.437,-0.0,0.256,0.0,11.4,69.0
1784032925.235,1612,6.221,0.785,0.396,0.0,11.3,59.6
1784032925.235,1612,6.389,1.227,0.709,0.0,13.3,60.1
1784032925.235,1612,7.477,1.193,0.98,0.0,21.1,56.9
1784032925.235,1612,7.844,-0.993,0.731,0.0,11.9,59.0
1784032925.235,1612,0.948,-0.511,0.174,0.081,13.2,65.1
1784032925.235,1612,0.579,0.815,0.085,-0.243,22.2,53.1
1784032925.336,1613,0.618,0.466,0.132,0.0,19.4,69.9
1784032925.336,1613,0.571,0.815,0.128,0.0,11.5,66.7
1784032925.336,1613,1.846,0.235,-0.235,0.0,19.0,67.8
1784032925.336,1613,3.145,0.498,0.072,0.0,21.9,70.8
1784032925.336,1613,3.275,0.518,0.024,0.0,13.3,71.6
1784032925.336,1613,6.404,1.227,0.555,0.0,13.1,59.6
1784032925.336,1613,7.516,0.954,0.944,0.0,20.2,57.8
1784032925.336,1613,7.612,1.213,0.942,0.0,16.3,57.2
1784032925.336,1613,7.817,-0.993,0.976,0.0,11.3,59.5
1784032925.336,1613,0.695,0.573,0.17,0.081,12.3,64.9
1784032925.436,1614,0.687,0.518,0.146,0.0,14.3,68.6
1784032925.436,1614,1.856,0.235,-0.134,0.0,19.1,67.6
1784032925.436,1614,3.146,0.498,0.034,0.0,20.7,71.7
1784032925.436,1614,3.257,0.622,-0.005,0.0,11.6,71.8
1784032925.436,1614,6.377,1.023,1.059,0.0,11.5,60.2
1784032925.436,1614,6.31,1.432,0.981,0.0,11.5,60.2
1784032925.436,1614,7.51,0.954,0.993,0.0,20.8,57.1
1784032925.436,1614,7.628,1.213,0.802,0.0,16.1,57.0
1784032925.436,1614,0.578,0.464,0.039,-0.081,18.9,69.1
1784032925.539,1615,0.37,-0.232,0.009,0.0,11.4,80.7
1784032925.539,1615,0.54,0.564,0.083,0.0,16.5,69.9
1784032925.539,1615,1.853,0.235,-0.171,0.0,18.3,68.4
1784032925.539,1615,3.136,0.498,0.252,0.0,21.0,70.7
1784032925.539,1615,3.257,0.622,-0.008,0.0,12.3,71.2
1784032925.539,1615,2.884,-0.518,1.553,0.0,12.3,71.2
1784032925.539,1615,4.307,-1.95,-0.825,0.0,12.5,67.2
1784032925.539,1615,7.467,1.193,1.056,0.0,20.3,57.3
1784032925.641,1616,0.542,0.564,0.066,0.0,20.9,71.6
1784032925.641,1616,1.858,0.176,-0.19,0.0,19.0,67.8
1784032925.641,1616,2.012,0.32,0.231,0.0,11.3,69.5
1784032925.641,1616,3.134,0.498,0.272,0.0,21.3,70.9
1784032925.641,1616,3.251,0.622,-0.195,0.0,12.7,71.4
1784032925.641,1616,6.428,1.227,-0.008,0.0,11.6,59.3
1784032925.641,1616,7.48,1.193,0.961,0.0,19.4,58.0
1784032925.742,1617,0.553,0.54,0.138,0.0,22.8,70.0
1784032925.742,1617,1.846,0.235,-0.241,0.0,18.9,68.2
1784032925.742,1617,3.126,0.498,0.349,0.0,21.1,70.6
1784032925.742,1617,3.251,0.622,0.194,0.0,12.4,71.4
1784032925.742,1617,7.512,0.954,0.975,0.0,19.7,57.5
1784032925.844,1618,0.585,0.515,0.095,0.0,22.1,70.8
1784032925.844,1618,1.853,0.235,-0.172,0.0,18.5,68.5
1784032925.844,1618,3.145,0.498,0.064,0.0,21.7,70.4
1784032925.844,1618,3.289,0.414,0.05,0.0,11.3,71.3
1784032925.844,1618,2.943,-0.414,1.471,0.0,11.3,71.3
1784032925.844,1618,6.406,1.227,0.535,0.0,11.6,59.7
1784032925.844,1618,7.515,0.954,0.954,0.0,19.7,57.3
1784032925.945,1619,1.86,0.176,-0.175,0.0,18.2,68.4
1784032925.945,1619,2.012,0.384,0.096,0.0,11.5,69.7
1784032925.945,1619,3.138,0.498,0.221,0.0,21.9,71.1
1784032925.945,1619,6.428,1.227,-0.002,0.0,11.3,60.4
1784032925.945,1619,7.482,0.954,1.185,0.0,19.6,57.6
1784032926.047,1620,0.569,0.464,0.105,0.0,21.7,72.3
1784032926.047,1620,1.852,0.176,-0.24,0.0,17.9,68.6
1784032926.047,1620,3.137,0.498,0.241,0.0,22.7,70.3
1784032926.047,1620,3.257,0.622,-0.02,0.0,12.6,71.6
1784032926.047,1620,6.428,1.227,0.051,0.0,13.0,59.8
1784032926.047,1620,7.47,0.954,1.255,0.0,19.4,57.5
1784032926.047,1620,7.623,1.213,0.854,0.0,15.3,57.7
1784032926.148,1621,1.751,0.279,-0.237,0.0,11.4,67.1
1784032926.148,1621,1.553,-0.335,0.821,0.0,11.4,67.1
1784032926.148,1621,1.854,0.235,-0.164,0.0,18.5,68.5
1784032926.148,1621,3.133,0.498,0.287,0.0,22.2,69.9
1784032926.148,1621,6.422,1.227,0.291,0.0,14.1,59.1
1784032926.148,1621,7.512,0.954,0.974,0.0,19.6,57.4
1784032926.148,1621,7.886,-0.744,0.56,0.0,11.6,59.7
1784032926.148,1621,0.37,-0.232,0.001,0.081,20.4,70.8
1784032926.148,1621,0.561,0.414,-0.032,-0.081,16.4,71.8
1784032926.148,1621,0.559,0.54,0.115,-0.081,20.8,69.4
1784032926.199,1622,0.385,-0.205,-0.014,0.0,13.4,78.8
1784032926.199,1622,0.272,-0.341,0.006,0.0,13.4,78.8
1784032926.199,1622,1.847,0.176,-0.279,0.0,18.2,68.6
1784032926.199,1622,2.001,0.449,0.016,0.0,12.0,69.8
1784032926.199,1622,3.136,0.398,0.387,0.0,22.5,69.6
1784032926.199,1622,6.409,1.227,0.499,0.0,14.0,59.7
1784032926.199,1622,7.464,1.193,1.078,0.0,20.0,57.0
1784032926.199,1622,7.847,-0.744,0.963,0.0,11.7,59.7
1784032926.199,1622,0.536,0.51,-0.054,-0.081,19.3,70.7
1784032926.199,1622,0.509,0.709,-0.007,-0.081,14.5,67.8
1784032926.199,1622,0.577,0.654,0.025,-0.081,14.5,67.8
1784032926.301,1623,0.378,-0.218,-0.005,0.0,18.9,73.4
1784032926.301,1623,1.841,0.235,-0.273,0.0,18.8,68.3
1784032926.301,1623,1.985,0.513,-0.012,0.0,12.4,68.9
1784032926.301,1623,3.144,0.498,0.099,0.0,22.6,70.1
1784032926.301,1623,3.275,0.518,0.054,0.0,12.7,71.0
1784032926.301,1623,6.387,1.227,0.726,0.0,12.8,61.0
1784032926.301,1623,7.449,1.193,1.176,0.0,19.3,57.4
1784032926.301,1623,7.646,1.213,0.612,0.0,16.0,57.2
1784032926.301,1623,7.816,-0.744,1.186,0.0,11.3,60.1
1784032926.301,1623,0.554,0.487,0.077,-0.162,33.0,62.5
1784032926.301,1623,0.515,0.81,0.014,-0.162,13.3,64.3
1784032926.301,1623,0.873,0.709,-0.149,-0.162,11.9,60.4
1784032926.453,1624,0.331,-0.209,-0.031,0.0,14.3,74.1
1784032926.453,1624,1.857,0.176,-0.2,0.0,18.1,68.9
1784032926.453,1624,3.128,0.498,0.334,0.0,22.5,69.8
1784032926.453,1624,3.289,0.414,-0.088,0.0,12.7,70.6
1784032926.453,1624,6.396,1.227,0.647,0.0,13.1,59.7
1784032926.453,1624,7.467,1.193,1.057,0.0,20.8,56.7
1784032926.453,1624,7.638,1.213,0.705,0.0,15.5,57.1
1784032926.453,1624,7.841,-0.744,1.004,0.0,11.7,59.6
1784032926.453,1624,0.579,0.464,0.019,-0.243,34.3,54.2
1784032926.453,1624,0.544,0.436,0.027,-0.162,28.2,61.0
1784032926.503,1625,0.385,-0.205,-0.024,0.0,19.9,72.7
1784032926.503,1625,1.856,0.176,-0.207,0.0,18.0,68.4
1784032926.503,1625,1.985,0.513,-0.003,0.0,12.0,69.0
1784032926.503,1625,3.13,0.498,0.314,0.0,22.0,70.5
1784032926.503,1625,3.256,0.622,0.09,0.0,12.4,71.2
1784032926.503,1625,7.495,0.954,1.098,0.0,20.4,57.4
1784032926.503,1625,7.622,1.213,0.865,0.0,16.1,57.0
1784032926.503,1625,0.54,0.487,0.148,-0.243,34.0,56.6
1784032926.503,1625,1.21,-0.592,-0.126,-0.243,11.2,56.7
1784032926.503,1625,0.503,0.344,0.049,-0.162,22.1,61.9
1784032926.503,1625,1.06,-0.239,-0.1,-0.162,12.7,63.3
1784032926.503,1625,0.919,0.579,-0.097,-0.162,12.7,63.3
1784032926.605,1626,0.227,-0.341,0.151,0.0,19.5,73.0
1784032926.605,1626,0.37,-0.205,-0.108,0.0,19.5,73.0
1784032926.605,1626,1.852,0.235,-0.19,0.0,18.8,68.0
1784032926.605,1626,2.009,0.384,-0.148,0.0,12.9,68.3
1784032926.605,1626,3.136,0.498,0.243,0.0,22.4,70.1
1784032926.605,1626,3.275,0.518,-0.054,0.0,13.2,71.0
1784032926.605,1626,7.495,0.954,1.097,0.0,20.4,57.0
1784032926.605,1626,1.09,0.873,-0.016,-0.325,12.6,56.0
1784032926.605,1626,1.86,1.661,0.433,-0.243,12.0,56.6
1784032926.605,1626,0.527,0.458,0.012,-0.162,28.3,64.5
1784032926.708,1627,1.855,0.235,-0.152,0.0,18.4,68.3
1784032926.708,1627,2.025,0.32,-0.003,0.0,13.3,67.8
1784032926.708,1627,3.146,0.498,-0.036,0.0,23.2,70.0
1784032926.708,1627,3.257,0.518,-0.341,0.0,12.9,71.1
1784032926.708,1627,7.502,1.193,0.772,0.0,19.1,56.9
1784032926.708,1627,0.51,0.098,0.065,0.568,39.9,46.3
1784032926.708,1627,0.524,0.389,0.049,-0.081,21.0,71.8
1784032926.81,1628,0.36,-0.245,-0.028,0.0,12.1,80.1
1784032926.81,1628,1.853,0.235,-0.172,0.0,18.7,67.7
1784032926.81,1628,2.013,0.384,-0.054,0.0,12.8,67.7
1784032926.81,1628,3.142,0.498,0.163,0.0,21.6,70.2
1784032926.81,1628,3.256,0.622,-0.081,0.0,13.1,71.3
1784032926.81,1628,7.519,1.193,0.573,0.0,15.5,56.4
1784032926.81,1628,7.608,0.965,0.904,0.0,16.0,56.6
1784032926.81,1628,0.713,-0.337,-0.255,0.081,14.2,65.9
1784032926.81,1628,0.423,0.055,0.093,0.243,19.1,66.5
1784032926.81,1628,0.492,0.429,-0.037,-0.081,20.2,69.7
1784032926.912,1629,0.351,-0.259,-0.017,0.0,15.6,78.3
1784032926.912,1629,0.62,0.544,0.085,0.0,11.3,68.5
1784032926.912,1629,1.858,0.235,-0.107,0.0,18.6,68.0
1784032926.912,1629,2.012,0.384,0.102,0.0,11.8,69.3
1784032926.912,1629,3.146,0.498,-0.034,0.0,22.4,70.4
1784032926.912,1629,3.243,0.622,-0.303,0.0,11.7,71.4
1784032926.912,1629,7.455,1.193,1.137,0.0,12.1,56.7
1784032926.912,1629,7.637,0.965,0.618,0.0,13.2,56.8
1784032926.912,1629,0.793,0.716,-0.221,0.081,13.2,66.0
1784032926.912,1629,1.134,-0.514,-0.227,0.162,20.0,57.0
1784032926.912,1629,0.475,0.382,-0.039,-0.162,25.1,61.6
1784032926.912,1629,0.691,0.601,0.031,-0.162,13.2,63.9
1784032927.014,1630,0.351,-0.259,-0.003,0.0,20.4,74.2
1784032927.014,1630,1.85,0.235,-0.204,0.0,19.9,67.1
1784032927.014,1630,2.012,0.384,-0.086,0.0,11.9,69.7
1784032927.014,1630,3.146,0.498,0.014,0.0,21.4,70.6
1784032927.014,1630,3.241,0.622,-0.317,0.0,12.1,71.4
1784032927.014,1630,7.865,-0.744,0.802,0.0,11.2,59.9
1784032927.014,1630,6.749,2.732,0.258,0.162,12.2,50.0
1784032927.014,1630,0.469,0.382,0.084,-0.406,24.1,62.4
1784032927.014,1630,0.458,0.401,-0.048,-0.162,20.8,66.0
1784032927.014,1630,0.704,-0.344,-0.057,-0.162,16.4,65.6
1784032927.014,1630,0.564,0.515,-0.18,-0.162,16.4,65.6
1784032927.014,1630,0.668,0.601,-0.179,-0.081,14.8,64.2
1784032927.116,1631,0.358,-0.245,-0.043,0.0,21.0,73.1
1784032927.116,1631,1.848,0.235,-0.226,0.0,19.8,67.3
1784032927.116,1631,2.0,0.449,0.049,0.0,12.2,69.1
1784032927.116,1631,3.145,0.498,0.044,0.0,22.1,70.1
1784032927.116,1631,3.26,0.414,-0.441,0.0,11.6,71.1
1784032927.116,1631,0.475,0.382,0.04,-0.243,16.5,67.3
1784032927.116,1631,0.529,0.417,-0.31,-0.162,12.7,66.2
1784032927.116,1631,0.636,0.573,-0.17,-0.162,13.6,62.9
1784032927.116,1631,0.819,-0.3,0.005,-0.162,13.6,62.9
1784032927.217,1632,0.369,-0.218,-0.079,0.0,15.2,77.1
1784032927.217,1632,1.86,0.235,-0.067,0.0,20.7,67.7
1784032927.217,1632,1.985,0.513,0.056,0.0,13.1,68.6
1784032927.217,1632,3.137,0.498,-0.239,0.0,16.8,70.6
1784032927.217,1632,0.421,0.439,0.054,-0.162,17.2,68.6
1784032927.217,1632,0.578,0.464,0.039,-0.081,15.6,68.1
1784032927.319,1633,0.378,-0.205,0.077,0.0,12.2,79.7
1784032927.319,1633,0.576,0.464,-0.063,0.0,19.6,69.2
1784032927.319,1633,1.76,0.224,-0.231,0.0,12.1,67.0
1784032927.319,1633,1.861,0.235,-0.02,0.0,19.9,67.5
1784032927.319,1633,3.159,0.398,0.07,0.0,17.5,69.8
1784032927.319,1633,0.378,0.477,0.05,-0.162,20.4,68.8
1784032927.319,1633,0.42,0.439,0.06,-0.162,20.4,68.8
1784032927.422,1634,0.328,-0.286,0.025,0.0,16.7,76.1
1784032927.422,1634,1.766,0.279,-0.034,0.0,11.8,67.4
1784032927.422,1634,1.861,0.235,-0.023,0.0,19.1,68.1
1784032927.422,1634,2.011,0.384,-0.122,0.0,11.2,69.3
1784032927.422,1634,3.133,0.498,0.285,0.0,16.1,70.1
1784032927.422,1634,0.321,0.443,0.15,-0.162,20.2,70.1
1784032927.422,1634,0.709,-0.209,0.059,-0.081,18.7,66.7
1784032927.422,1634,0.576,0.464,-0.063,-0.081,18.7,66.7
1784032927.525,1635,0.534,0.51,-0.07,0.0,14.4,68.8
1784032927.525,1635,0.698,-0.185,0.169,0.0,14.4,68.8
1784032927.525,1635,1.764,0.279,0.091,0.0,14.3,66.6
1784032927.525,1635,1.851,0.235,-0.198,0.0,21.2,67.6
1784032927.525,1635,3.147,0.398,0.291,0.0,21.1,71.3
1784032927.525,1635,0.862,-0.42,-0.038,0.081,18.5,63.8
1784032927.525,1635,0.331,0.461,-0.006,-0.162,22.3,66.8
1784032927.626,1636,1.854,0.235,-0.163,0.0,20.4,68.6
1784032927.626,1636,3.159,0.398,0.07,0.0,21.6,71.2
1784032927.731,1637,0.347,-0.259,0.055,0.0,14.2,78.9
1784032927.731,1637,0.886,-0.36,-0.085,0.0,12.5,68.7
1784032927.731,1637,1.865,0.176,-0.104,0.0,17.6,69.7
1784032927.731,1637,3.146,0.498,0.033,0.0,22.5,71.6
1784032927.731,1637,3.232,0.518,-0.527,0.0,11.8,71.8
1784032927.731,1637,0.574,0.464,-0.074,-0.081,14.0,68.7
1784032927.832,1638,0.351,-0.259,0.001,0.0,15.5,75.1
1784032927.832,1638,1.742,0.224,-0.34,0.0,12.3,68.8
1784032927.832,1638,1.867,0.176,-0.053,0.0,19.6,68.9
1784032927.832,1638,3.158,0.398,0.117,0.0,21.7,72.1
1784032927.832,1638,3.44,-1.577,0.869,0.0,12.9,63.3
1784032927.832,1638,0.822,-0.372,-0.157,-0.081,16.5,65.1
1784032927.932,1639,1.858,0.235,-0.113,0.0,16.9,69.8
1784032927.932,1639,2.014,0.384,-0.037,0.0,11.9,69.9
1784032927.932,1639,3.152,0.398,-0.23,0.0,13.5,71.6
1784032927.932,1639,0.361,-0.245,-0.001,0.081,16.0,70.9
1784032927.932,1639,0.299,0.375,0.015,-0.162,11.8,72.5
1784032928.034,1640,0.34,-0.273,0.01,0.0,15.7,75.9
1784032928.034,1640,1.888,0.24,-0.249,0.0,14.6,68.7
1784032928.034,1640,2.023,0.32,-0.088,0.0,14.6,67.2
1784032928.034,1640,3.131,0.398,0.424,0.0,23.9,70.3
1784032928.034,1640,3.309,0.207,0.055,0.0,11.5,70.7
1784032928.034,1640,3.185,-1.56,1.471,0.0,12.7,63.4
1784032928.034,1640,6.28,0.802,1.026,0.0,12.9,58.1
1784032928.034,1640,7.347,0.96,2.015,0.0,17.4,56.4
1784032928.034,1640,0.242,0.098,0.013,0.243,16.0,69.7
1784032928.034,1640,0.236,0.191,0.031,0.406,16.2,62.1
1784032928.034,1640,0.603,0.394,0.178,-0.081,11.9,70.9
1784032928.034,1640,0.823,-0.401,-0.047,-0.081,14.5,68.2
1784032928.135,1641,0.344,-0.245,-0.107,0.0,13.8,77.0
1784032928.135,1641,1.845,0.235,-0.246,0.0,17.6,68.8
1784032928.135,1641,2.013,0.384,0.08,0.0,12.7,68.2
1784032928.135,1641,3.117,0.597,0.265,0.0,24.6,70.4
1784032928.135,1641,3.265,0.518,-0.256,0.0,13.5,71.4
1784032928.135,1641,3.263,-1.56,1.288,0.0,13.0,63.9
1784032928.135,1641,6.222,0.601,1.433,0.0,12.7,58.1
1784032928.135,1641,7.33,0.96,2.075,0.0,19.3,56.4
1784032928.135,1641,7.855,-0.744,0.892,0.0,11.3,60.4
1784032928.135,1641,0.387,0.354,0.216,0.081,11.2,69.4
1784032928.135,1641,0.259,0.153,0.051,0.162,12.6,71.7
1784032928.135,1641,0.825,-0.372,-0.143,-0.081,14.0,66.4
1784032928.236,1642,1.847,0.176,-0.277,0.0,18.3,68.7
1784032928.236,1642,2.006,0.384,0.18,0.0,12.3,69.0
1784032928.236,1642,3.109,0.498,0.478,0.0,22.4,70.6
1784032928.236,1642,3.429,-1.456,1.095,0.0,13.5,63.4
1784032928.236,1642,6.359,0.601,0.573,0.0,11.8,58.6
1784032928.236,1642,6.428,1.227,-0.058,0.0,11.6,57.4
1784032928.236,1642,7.442,1.193,1.22,0.0,19.3,57.8
1784032928.236,1642,0.355,-0.315,0.072,0.081,20.6,70.5
1784032928.236,1642,0.499,0.324,0.137,0.081,13.3,67.6
1784032928.236,1642,0.527,-0.305,0.051,0.081,13.3,67.6
1784032928.338,1643,1.847,0.176,-0.28,0.0,17.9,69.1
1784032928.338,1643,2.013,0.384,0.061,0.0,12.3,68.4
1784032928.338,1643,3.141,0.498,0.166,0.0,22.6,70.6
1784032928.338,1643,3.261,0.518,-0.3,0.0,12.3,72.2
1784032928.338,1643,3.378,-1.456,1.245,0.0,11.6,63.5
1784032928.338,1643,6.278,0.601,1.164,0.0,12.4,59.0
1784032928.338,1643,6.43,1.023,0.658,0.0,12.0,57.7
1784032928.338,1643,7.405,1.193,1.426,0.0,19.8,57.0
1784032928.338,1643,7.797,-0.993,1.13,0.0,11.2,60.6
1784032928.338,1643,0.277,-0.327,0.081,0.081,16.6,73.7
1784032928.338,1643,0.358,-0.205,-0.142,0.081,16.6,73.7
1784032928.338,1643,0.423,-0.225,-0.02,0.162,19.1,69.5
1784032928.338,1643,0.962,-0.663,0.154,0.162,12.3,59.5
1784032928.338,1643,0.27,0.218,0.033,-0.243,18.7,65.3
1784032928.338,1643,0.373,0.372,0.209,-0.162,13.1,62.8
1784032928.441,1644,1.854,0.176,-0.226,0.0,19.2,67.6
1784032928.441,1644,1.995,0.32,0.347,0.0,12.2,68.6
1784032928.441,1644,3.141,0.498,0.172,0.0,21.9,71.5
1784032928.441,1644,3.228,0.518,-0.553,0.0,12.0,72.5
1784032928.441,1644,3.366,-1.577,1.121,0.0,12.4,63.8
1784032928.441,1644,6.287,0.601,1.113,0.0,12.1,59.1
1784032928.441,1644,7.463,1.193,1.081,0.0,19.7,57.6
1784032928.441,1644,0.56,0.414,-0.048,0.081,17.1,65.3
1784032928.441,1644,2.758,-3.935,0.603,0.162,16.2,54.2
1784032928.441,1644,0.385,-0.205,0.018,0.243,21.1,69.3
1784032928.441,1644,3.041,-3.818,0.233,0.243,16.1,53.7
1784032928.441,1644,0.488,-0.18,0.057,0.325,30.7,51.7
1784032928.441,1644,0.242,0.251,0.016,-0.243,19.6,64.5
1784032928.441,1644,0.269,0.341,-0.041,-0.081,17.8,69.7
1784032928.544,1645,1.848,0.176,-0.271,0.0,20.0,66.8
1784032928.544,1645,2.006,0.384,0.184,0.0,12.3,68.1
1784032928.544,1645,3.132,0.498,0.295,0.0,22.1,71.2
1784032928.544,1645,3.208,0.414,-0.729,0.0,12.1,72.2
1784032928.544,1645,3.296,-1.577,1.313,0.0,12.1,63.7
1784032928.544,1645,7.45,1.193,1.168,0.0,19.5,58.7
1784032928.544,1645,7.601,0.971,1.261,0.0,15.0,58.8
1784032928.544,1645,0.411,-0.225,-0.105,0.243,22.7,70.4
1784032928.544,1645,0.85,-0.682,0.053,0.243,12.2,58.1
1784032928.544,1645,1.501,-1.767,-0.418,0.243,11.7,56.7
1784032928.544,1645,3.17,-3.665,0.63,0.243,12.9,53.0
1784032928.544,1645,1.035,-0.649,0.016,0.406,15.0,53.4
1784032928.544,1645,0.297,0.375,0.039,-0.081,14.9,70.1
1784032928.646,1646,1.851,0.235,-0.195,0.0,18.7,68.0
1784032928.646,1646,2.009,0.384,0.148,0.0,11.8,69.0
1784032928.646,1646,3.157,0.398,0.145,0.0,22.6,70.6
1784032928.646,1646,3.25,0.414,-0.509,0.0,12.7,71.7
1784032928.646,1646,6.314,0.601,0.949,0.0,11.4,59.0
1784032928.646,1646,6.435,1.023,0.61,0.0,12.0,57.6
1784032928.646,1646,7.454,1.193,1.144,0.0,19.9,58.1
1784032928.646,1646,0.299,-0.425,0.061,0.081,13.1,71.6
1784032928.646,1646,0.603,0.417,-0.112,0.081,14.6,64.5
1784032928.646,1646,0.383,-0.285,0.047,0.243,18.3,71.3
1784032928.646,1646,0.299,0.375,0.017,-0.081,19.9,69.2
1784032928.749,1647,1.853,0.176,-0.232,0.0,18.7,68.1
1784032928.749,1647,3.136,0.498,0.242,0.0,22.9,70.2
1784032928.749,1647,3.266,0.518,-0.239,0.0,13.2,71.7
1784032928.749,1647,6.329,0.601,0.847,0.0,12.5,58.0
1784032928.749,1647,7.428,1.193,1.3,0.0,18.6,57.9
1784032928.749,1647,0.6,0.349,0.072,0.081,12.8,66.9
1784032928.749,1647,0.34,-0.393,0.064,0.162,31.1,60.3
1784032928.749,1647,2.711,-3.97,0.874,0.243,13.2,52.6
1784032928.749,1647,0.442,-0.278,-0.034,0.325,37.4,50.7
1784032928.749,1647,0.5,-0.266,-0.036,0.406,38.7,49.0
1784032928.749,1647,0.278,0.39,0.033,-0.081,13.7,70.5
1784032928.851,1648,1.858,0.176,-0.19,0.0,18.7,68.2
1784032928.851,1648,3.143,0.498,0.14,0.0,22.4,70.8
1784032928.851,1648,3.207,0.414,-0.734,0.0,12.1,72.0
1784032928.851,1648,3.312,-1.577,1.273,0.0,15.1,63.3
1784032928.851,1648,6.241,0.601,1.347,0.0,11.9,58.8
1784032928.851,1648,7.455,0.96,1.569,0.0,17.4,57.3
1784032928.851,1648,0.327,-0.409,0.013,0.081,21.3,70.4
1784032928.851,1648,0.627,-0.394,-0.033,0.081,14.6,63.7
1784032928.851,1648,0.662,0.417,0.068,0.325,17.9,61.5
1784032928.851,1648,0.716,-0.319,0.051,0.325,17.9,61.5
1784032928.851,1648,0.552,-0.248,-0.083,0.406,27.6,48.4
1784032928.851,1648,0.539,0.286,-0.032,0.406,27.6,48.4
1784032928.901,1649,0.25,0.354,0.049,0.0,13.8,74.9
1784032928.901,1649,1.847,0.235,-0.227,0.0,19.1,67.7
1784032928.901,1649,3.133,0.498,0.285,0.0,22.3,71.0
1784032928.901,1649,3.257,0.622,0.027,0.0,12.0,71.9
1784032928.901,1649,3.329,-1.456,1.369,0.0,11.3,63.4
1784032928.901,1649,6.346,0.601,0.708,0.0,12.6,58.5
1784032928.901,1649,7.483,0.96,1.429,0.0,15.4,57.1
1784032928.901,1649,0.346,-0.393,0.021,0.081,15.9,73.9
1784032928.901,1649,0.416,-0.311,0.069,0.325,32.4,51.2
1784032928.901,1649,0.716,0.414,0.054,0.325,16.8,64.5
1784032928.901,1649,0.768,-0.311,0.008,0.325,16.8,64.5
1784032928.901,1649,0.506,-0.305,0.156,0.406,32.1,48.8
1784032928.901,1649,0.592,-0.266,-0.087,0.568,31.9,45.3
1784032929.002,1650,0.263,0.341,0.072,0.0,12.2,74.2
1784032929.002,1650,0.635,-0.348,-0.163,0.0,17.7,64.9
1784032929.002,1650,1.856,0.235,-0.135,0.0,18.8,67.7
1784032929.002,1650,3.137,0.498,0.241,0.0,21.2,71.8
1784032929.002,1650,6.237,0.601,1.368,0.0,11.7,58.3
1784032929.002,1650,7.585,0.96,0.714,0.0,16.1,57.9
1784032929.002,1650,0.757,-0.337,-0.003,0.325,15.3,62.0
1784032929.002,1650,0.692,0.44,0.12,0.325,15.3,62.0
1784032929.002,1650,0.535,-0.286,0.072,0.487,34.2,47.2
1784032929.002,1650,0.287,0.327,-0.03,-0.162,14.0,67.7
1784032929.154,1651,1.865,0.176,-0.102,0.0,19.8,67.1
1784032929.154,1651,3.132,0.498,0.291,0.0,22.2,71.0
1784032929.154,1651,3.227,0.622,-0.442,0.0,12.7,71.2
1784032929.154,1651,7.503,0.72,1.465,0.0,17.0,57.9
1784032929.154,1651,0.431,-0.294,0.043,0.487,33.3,46.6
1784032929.154,1651,0.577,-0.307,0.036,0.568,36.5,47.4
1784032929.154,1651,0.284,0.327,0.051,-0.081,22.8,68.1
1784032929.205,1652,1.837,0.235,-0.302,0.0,19.7,67.4
1784032929.205,1652,3.142,0.498,0.164,0.0,21.8,71.4
1784032929.205,1652,3.229,0.518,-0.546,0.0,12.2,71.9
1784032929.205,1652,2.967,-0.518,1.387,0.0,12.2,71.9
1784032929.205,1652,6.159,0.601,1.683,0.0,11.5,58.0
1784032929.205,1652,7.569,0.96,0.869,0.0,17.3,58.0
1784032929.205,1652,7.876,-0.496,0.875,0.0,11.4,60.0
1784032929.205,1652,0.469,-0.382,0.086,0.325,37.7,50.6
1784032929.205,1652,0.538,-0.348,0.133,0.568,41.8,45.5
1784032929.205,1652,0.253,0.294,-0.061,-0.243,17.8,68.8
1784032929.205,1652,0.217,0.368,0.089,-0.081,11.9,72.1
1784032929.307,1653,1.845,0.176,-0.292,0.0,19.8,67.2
1784032929.307,1653,3.136,0.498,0.251,0.0,21.3,71.6
1784032929.307,1653,3.242,0.518,-0.461,0.0,13.6,71.0
1784032929.307,1653,2.9,-0.414,1.552,0.0,13.6,71.0
1784032929.307,1653,3.382,-0.0,0.663,0.0,11.7,68.9
1784032929.307,1653,6.251,0.401,1.379,0.0,11.9,58.8
1784032929.307,1653,7.507,0.954,1.015,0.0,14.4,57.9
1784032929.307,1653,7.871,-0.744,0.738,0.0,11.4,59.5
1784032929.307,1653,0.595,-0.349,0.106,0.325,35.4,48.5
1784032929.307,1653,0.662,-0.324,0.077,0.406,37.2,47.1
1784032929.307,1653,0.285,0.27,-0.01,-0.325,20.3,65.7
1784032929.409,1654,1.852,0.176,-0.242,0.0,19.3,67.8
1784032929.409,1654,3.14,0.498,0.188,0.0,21.3,72.3
1784032929.409,1654,3.344,-0.0,0.835,0.0,14.2,67.5
1784032929.409,1654,6.367,0.401,0.653,0.0,11.2,58.7
1784032929.409,1654,7.845,-0.744,0.979,0.0,11.7,59.7
1784032929.409,1654,0.527,-0.267,-0.154,0.325,37.8,50.0
1784032929.409,1654,0.87,-0.286,-0.033,0.406,20.3,57.5
1784032929.409,1654,0.248,0.229,0.09,-0.487,19.8,64.1
1784032929.409,1654,1.991,0.886,0.099,-0.406,12.5,60.2
1784032929.409,1654,0.192,0.251,-0.149,-0.325,14.4,69.9
1784032929.51,1655,1.849,0.176,-0.266,0.0,20.1,66.9
1784032929.51,1655,3.142,0.498,0.156,0.0,21.4,71.6
1784032929.51,1655,3.273,0.518,-0.114,0.0,14.3,69.3
1784032929.51,1655,6.198,0.785,0.667,0.0,12.0,57.3
1784032929.51,1655,6.347,0.601,0.698,0.0,12.1,58.4
1784032929.51,1655,0.484,-0.284,0.086,0.081,22.5,65.9
1784032929.51,1655,1.44,-1.44,0.489,0.162,17.9,57.3
1784032929.51,1655,5.722,1.104,0.853,0.162,13.0,52.2
1784032929.51,1655,0.606,-0.245,-0.017,0.406,38.6,50.0
1784032929.51,1655,0.227,0.2,0.04,-0.487,18.2,68.5
1784032929.611,1656,1.84,0.176,-0.323,0.0,16.5,65.2
1784032929.611,1656,3.289,-0.311,0.28,0.0,12.3,67.0
1784032929.611,1656,3.403,-0.0,-0.021,0.0,13.6,65.8
1784032929.611,1656,2.227,-2.127,1.449,0.0,13.6,65.8
1784032929.611,1656,7.801,-0.496,1.396,0.0,12.7,57.6
1784032929.611,1656,0.526,-0.267,0.158,0.162,25.6,61.8
1784032929.611,1656,0.864,-0.125,0.496,0.243,19.4,56.5
1784032929.611,1656,0.644,-0.218,0.158,0.325,33.3,58.0
1784032929.611,1656,0.224,0.2,0.053,-0.487,21.8,69.3
1784032929.711,1657,0.682,-0.368,0.126,0.0,17.9,65.8
1784032929.711,1657,3.224,-0.207,0.746,0.0,14.5,62.1
1784032929.711,1657,0.529,-0.191,0.238,0.162,21.4,61.8
1784032929.711,1657,0.659,-0.218,0.074,0.243,29.8,54.3
1784032929.711,1657,0.203,0.155,0.056,-0.325,21.6,70.0
1784032929.814,1658,2.575,-2.127,0.652,0.0,14.3,62.9
1784032929.814,1658,3.983,-2.312,0.421,0.0,13.5,55.8
1784032929.814,1658,0.678,-0.232,0.192,0.162,25.2,56.8
1784032929.814,1658,0.552,-0.191,0.18,0.243,17.9,57.7
1784032929.814,1658,1.212,1.17,0.24,-0.325,17.1,53.3
1784032929.814,1658,1.43,0.829,0.131,-0.162,11.8,59.1
1784032929.915,1659,1.328,-0.834,0.085,0.0,13.0,63.2
1784032929.915,1659,2.685,3.374,-0.247,0.0,12.7,62.6
1784032930.018,1660,1.198,-1.117,-0.463,0.0,12.8,58.9
1784032930.018,1660,2.73,-1.914,0.68,0.0,15.6,63.3
1784032930.121,1661,0.534,-0.019,-0.296,0.0,11.6,65.5
1784032930.121,1661,1.053,-1.192,0.469,0.0,14.6,58.4
1784032930.121,1661,2.59,3.758,0.749,0.0,14.1,57.5
1784032930.121,1661,0.666,0.601,-0.184,-0.081,11.6,58.6
1784032930.222,1662,1.611,0.101,-0.007,0.0,11.5,61.4
1784032930.222,1662,1.286,0.757,-0.615,0.0,11.5,61.4
1784032930.222,1662,2.732,4.454,0.752,0.0,11.7,56.2
1784032930.222,1662,0.342,0.033,-0.064,-0.081,13.1,70.8
1784032930.222,1662,0.501,0.131,0.076,-0.081,12.0,66.0
1784032930.324,1663,2.82,4.454,0.278,0.0,14.4,57.5
1784032930.426,1664,1.652,-0.053,-0.405,0.0,12.0,59.7
1784032930.426,1664,2.815,4.454,0.327,0.0,15.0,55.8
1784032930.83,1668,1.58,-0.155,0.479,0.0,14.2,58.7
1784032931.034,1670,1.489,-0.049,0.496,0.0,12.6,60.1
1784032931.135,1671,1.549,-0.098,0.242,0.0,11.6,62.5
1784032931.135,1671,1.48,-1.166,-0.553,0.0,12.1,70.4
1784032931.237,1672,1.419,-0.098,0.667,0.0,12.3,60.4
1784032931.237,1672,1.318,-1.063,0.163,0.0,13.1,58.9
1784032931.339,1673,0.49,0.164,0.084,0.0,11.5,67.9
1784032931.339,1673,1.603,-0.151,-0.116,0.0,14.2,58.8
1784032931.339,1673,1.73,0.164,0.165,-0.081,16.1,55.3
1784032931.44,1674,0.338,0.372,-0.263,0.0,13.8,64.5
1784032931.44,1674,0.564,0.035,-0.046,0.0,13.8,64.5
1784032931.44,1674,0.67,0.153,0.121,0.0,12.7,62.3
1784032931.44,1674,0.408,-0.502,0.264,0.0,12.7,62.3
1784032931.44,1674,0.938,1.312,0.076,0.0,11.4,58.0
1784032931.44,1674,1.676,-0.41,0.736,-0.162,12.0,54.2
1784032931.44,1674,1.025,1.23,-0.798,-0.081,13.8,56.0
1784032931.542,1675,0.219,-0.115,0.085,0.0,15.4,72.7
1784032931.542,1675,0.259,-0.0,-0.04,0.0,15.4,72.7
1784032931.542,1675,1.111,-1.11,-0.373,0.081,12.0,56.9
1784032931.542,1675,0.923,0.972,0.178,0.325,14.9,49.0
1784032931.542,1675,0.851,0.982,0.158,0.406,14.6,48.4
1784032931.542,1675,0.995,1.243,0.461,-0.081,13.5,57.6
1784032931.542,1675,1.162,1.342,0.222,-0.081,12.1,57.5
1784032931.644,1676,1.658,-0.436,0.323,0.0,12.5,55.8
1784032931.644,1676,6.34,-4.766,1.238,0.0,14.0,55.0
1784032931.644,1676,6.465,-4.638,2.163,0.081,13.6,52.7
1784032931.644,1676,0.953,1.003,-0.182,0.243,18.2,49.1
1784032931.644,1676,0.952,1.08,-0.036,0.325,17.6,49.1
1784032931.644,1676,3.326,2.672,0.279,-0.162,18.6,56.8
1784032931.644,1676,2.684,3.613,1.064,-0.162,11.5,58.0
1784032931.644,1676,0.373,-0.45,0.294,-0.081,11.6,64.8
1784032931.746,1677,1.41,0.101,0.78,0.0,11.9,59.1
1784032931.746,1677,1.557,-0.218,0.758,0.081,16.4,56.4
1784032931.746,1677,0.775,1.134,0.25,0.325,20.2,48.9
1784032931.848,1678,0.672,0.153,0.109,0.081,13.0,62.0
1784032931.848,1678,0.603,-0.262,-0.235,0.081,13.0,62.0
1784032931.848,1678,1.603,-1.192,0.198,0.081,11.2,65.6
1784032931.848,1678,0.889,1.159,0.258,0.325,17.9,49.4
1784032931.898,1679,0.553,0.191,-0.174,0.081,11.3,64.9
1784032931.898,1679,3.22,2.672,0.877,0.081,11.4,60.7
1784032931.898,1679,0.814,1.288,0.097,0.325,17.2,53.3
1784032931.898,1679,1.253,-0.589,-0.742,-0.081,12.6,56.5
1784032931.999,1680,0.505,0.191,0.286,0.081,11.3,64.6
1784032931.999,1680,1.573,0.109,0.749,0.081,11.3,58.5
1784032931.999,1680,0.562,-0.143,-0.303,0.162,11.2,63.9
1784032931.999,1680,2.814,3.239,0.491,0.162,13.3,56.9
1784032931.999,1680,2.723,3.239,2.072,0.162,12.5,55.2
1784032931.999,1680,1.223,-1.568,0.27,-0.162,16.8,62.5
1784032931.999,1680,1.352,-0.196,0.775,-0.081,14.9,53.6
1784032932.152,1681,1.24,1.088,0.163,0.0,13.9,55.2
1784032932.152,1681,1.574,-0.878,-0.883,0.0,17.2,66.1
1784032932.152,1681,0.483,0.344,0.149,0.162,14.8,63.9
1784032932.152,1681,0.687,0.209,0.186,0.162,11.6,61.2
1784032932.152,1681,1.618,-0.057,0.859,0.162,12.3,55.0
1784032932.152,1681,0.802,-1.288,0.169,-0.568,18.1,48.6
1784032932.152,1681,0.807,-1.362,-0.316,-0.568,15.7,48.8
1784032932.204,1682,0.649,0.022,-0.257,0.081,12.3,61.4
1784032932.204,1682,0.485,0.436,0.248,0.081,12.3,61.4
1784032932.204,1682,1.178,-0.829,-0.821,0.081,11.4,58.4
1784032932.204,1682,1.489,-0.311,0.659,0.081,11.4,58.4
1784032932.204,1682,1.162,-1.534,-0.388,0.081,17.4,65.6
1784032932.204,1682,1.619,-0.982,0.519,0.081,17.4,65.6
1784032932.306,1683,0.539,0.307,0.209,0.0,12.7,65.8
1784032932.306,1683,1.463,-0.873,-0.381,0.0,11.9,61.1
1784032932.306,1683,0.934,1.418,-0.404,0.0,11.9,61.1
1784032932.407,1684,0.356,0.025,0.164,0.0,12.5,69.5
1784032932.407,1684,1.52,-0.818,-0.255,0.0,11.5,61.6
1784032932.407,1684,0.547,0.266,0.242,0.162,13.6,60.7
1784032932.407,1684,0.599,-0.123,-0.234,0.162,13.6,60.7
1784032932.509,1685,1.379,-0.957,-0.28,0.0,13.1,60.4
1784032932.509,1685,0.577,0.205,0.232,0.081,13.0,66.7
1784032932.509,1685,1.292,1.23,0.134,0.081,14.6,59.9
1784032932.509,1685,2.569,3.34,0.723,0.081,14.9,62.0
1784032932.509,1685,1.041,1.453,0.055,0.243,18.3,52.5
1784032932.61,1686,1.358,-1.01,-0.173,0.0,14.0,60.7
1784032932.61,1686,1.493,-0.053,0.814,0.0,14.0,60.7
1784032932.61,1686,0.968,0.393,0.067,0.162,11.8,55.0
1784032932.712,1687,1.426,-0.904,-0.209,0.0,12.6,60.3
1784032932.712,1687,2.287,3.474,0.991,0.0,11.7,63.1
1784032932.712,1687,0.53,0.195,0.057,0.081,12.8,66.0
1784032932.712,1687,0.251,0.041,0.061,0.162,23.8,73.8
1784032932.712,1687,0.424,0.095,0.037,0.243,11.9,68.0
1784032932.712,1687,0.504,0.21,0.274,0.325,14.5,60.0
1784032932.813,1688,0.179,0.284,0.098,0.0,12.0,68.3
1784032932.813,1688,0.548,0.142,-0.037,0.0,12.7,62.5
1784032932.813,1688,1.422,-0.904,-0.238,0.0,15.3,58.6
1784032932.813,1688,1.863,-0.117,-0.186,0.162,14.4,57.1
1784032932.813,1688,1.358,1.29,0.113,0.162,14.4,57.1
1784032932.813,1688,0.254,0.041,0.046,0.243,26.3,72.0
1784032932.813,1688,0.663,0.278,0.183,0.406,11.3,61.5
1784032932.813,1688,0.688,0.27,0.267,0.487,14.7,58.4
1784032932.913,1689,1.462,-0.851,-0.188,0.0,14.4,58.9
1784032932.913,1689,1.699,-0.982,0.053,0.0,15.1,67.3
1784032932.913,1689,0.981,-1.657,-0.385,0.0,15.1,67.3
1784032932.913,1689,0.287,0.067,0.08,0.325,24.2,72.8
1784032932.913,1689,0.474,0.213,-0.064,-0.649,28.9,51.3
1784032933.015,1690,1.46,-0.851,-0.197,0.0,14.9,58.9
1784032933.015,1690,5.785,6.577,0.422,0.0,11.3,52.8
1784032933.015,1690,0.374,-0.15,0.168,0.243,17.4,64.6
1784032933.015,1690,0.328,0.065,0.099,0.487,26.7,69.0
1784032933.122,1691,1.464,-0.429,-0.055,0.0,17.8,61.2
1784032933.122,1691,1.625,-0.92,0.606,0.0,11.5,71.7
1784032933.122,1691,6.597,5.755,0.517,0.0,12.1,53.0
1784032933.122,1691,0.377,0.049,0.1,0.487,23.8,70.3
1784032933.122,1691,0.784,0.401,0.253,-0.325,17.4,56.2
1784032933.224,1692,0.226,-0.131,0.015,0.081,21.7,69.0
1784032933.224,1692,0.472,-0.045,0.072,0.325,24.5,64.6
1784032933.224,1692,0.433,0.041,0.032,0.487,25.5,71.1
1784032933.224,1692,0.884,0.439,0.182,-0.243,15.5,56.9
1784032933.326,1693,1.45,-0.851,-0.265,0.0,12.6,59.5
1784032933.326,1693,0.251,-0.074,-0.004,0.081,18.8,71.3
1784032933.326,1693,0.346,-0.147,0.113,0.081,15.8,68.1
1784032933.326,1693,0.298,-0.057,0.032,0.162,19.2,71.4
1784032933.326,1693,0.455,0.045,0.146,0.243,15.7,68.9
1784032933.326,1693,4.363,-4.547,0.56,0.243,14.4,53.3
1784032933.326,1693,0.51,0.033,0.115,0.325,21.1,65.1
1784032933.326,1693,4.279,1.59,0.743,0.487,17.5,53.2
1784032933.326,1693,0.989,0.461,0.309,-0.649,13.5,58.4
1784032933.326,1693,0.231,-0.123,0.004,-0.162,15.4,62.8
1784032933.428,1694,0.328,-0.076,0.091,0.0,19.0,70.7
1784032933.428,1694,1.45,-0.477,-0.019,0.0,14.3,62.7
1784032933.428,1694,1.43,-0.92,-0.981,0.0,11.3,72.6
1784032933.428,1694,0.5,0.082,0.133,0.162,22.4,66.7
1784032933.428,1694,1.048,0.136,0.272,0.325,11.8,53.8
1784032933.428,1694,1.123,0.221,0.278,0.325,13.1,52.9
1784032933.428,1694,0.254,-0.049,0.037,-0.162,16.4,65.9
1784032933.529,1695,0.516,0.016,0.088,0.0,27.4,66.9
1784032933.529,1695,1.45,-0.477,-0.016,0.0,13.5,63.8
1784032933.529,1695,0.474,0.015,-0.072,0.243,25.4,64.3
1784032933.529,1695,0.386,0.012,0.071,-0.081,22.0,66.8
1784032933.631,1696,0.518,0.033,0.07,0.0,28.3,68.8
1784032933.631,1696,1.45,-0.477,-0.022,0.0,12.3,65.8
1784032933.631,1696,0.855,0.082,-0.153,0.243,15.5,59.2
1784032933.631,1696,0.34,-0.011,0.077,-0.325,22.5,60.3
1784032933.732,1697,0.517,0.049,0.065,0.0,23.1,75.1
1784032933.732,1697,0.915,-0.0,-0.044,0.081,16.8,65.2
1784032933.834,1698,0.516,0.016,0.088,0.0,25.5,68.8
1784032933.834,1698,1.433,-0.525,-0.052,0.0,11.4,65.8
1784032933.834,1698,0.478,-0.015,-0.041,0.081,23.6,70.3
1784032933.834,1698,0.898,-0.029,-0.181,0.162,15.7,61.0
1784032933.834,1698,4.357,3.518,0.566,0.487,15.1,50.3
1784032933.935,1699,0.52,-0.0,0.063,0.0,21.7,70.5
1784032933.935,1699,1.465,-0.429,-0.031,0.0,13.3,66.4
1784032933.935,1699,0.383,-0.012,0.085,0.325,17.6,67.8
1784032933.935,1699,4.648,3.19,0.618,0.325,15.1,50.8
1784032934.035,1700,1.45,-0.477,-0.054,0.0,13.8,66.2
1784032934.035,1700,0.251,0.057,0.046,0.568,24.2,58.6
1784032934.035,1700,0.901,-0.057,-0.158,-0.162,17.3,57.0
1784032934.035,1700,0.48,-0.015,0.007,-0.081,23.2,70.8
1784032934.136,1701,1.464,-0.429,-0.063,0.0,14.4,65.0
1784032934.136,1701,4.531,3.393,0.788,0.243,14.7,50.6
1784032934.136,1701,0.475,0.06,0.03,-0.081,14.5,69.3
1784032934.238,1702,0.478,-0.045,0.015,0.0,19.0,74.2
1784032934.238,1702,0.9,-0.057,-0.162,0.0,12.3,65.0
1784032934.238,1702,1.17,-1.631,-0.032,0.0,15.0,68.5
1784032934.238,1702,0.685,0.255,0.126,0.243,25.2,63.5
1784032934.238,1702,0.324,-0.109,0.069,0.325,13.5,76.5
1784032934.238,1702,0.643,0.262,0.07,0.406,19.8,63.2
1784032934.238,1702,0.318,-0.142,0.03,0.487,13.5,74.9
1784032934.339,1703,0.366,-0.098,0.102,0.0,13.4,74.9
1784032934.339,1703,1.763,0.859,-0.088,0.0,16.2,69.0
1784032934.339,1703,1.034,-1.657,-0.201,0.0,16.2,69.0
1784032934.339,1703,0.658,0.324,0.108,-0.243,27.3,63.6
1784032934.339,1703,0.508,-0.0,0.127,-0.081,20.1,73.1
1784032934.44,1704,1.448,-0.477,-0.093,0.0,12.9,66.2
1784032934.44,1704,1.765,0.859,0.014,0.0,12.6,72.7
1784032934.44,1704,1.036,-1.657,-0.195,0.0,12.6,72.7
1784032934.44,1704,2.92,1.194,0.434,0.0,11.8,71.9
1784032934.44,1704,0.34,-0.055,0.059,-0.162,17.4,73.5
1784032934.44,1704,0.478,-0.03,0.025,-0.081,22.7,67.3
1784032934.544,1705,0.916,-0.029,-0.009,0.0,13.4,64.3
1784032934.544,1705,1.448,-0.477,-0.078,0.0,13.8,65.6
1784032934.544,1705,0.384,0.049,0.068,0.243,13.9,65.1
1784032934.544,1705,0.519,-0.049,0.043,-0.081,25.6,67.7
1784032934.596,1706,1.449,-0.477,-0.068,0.0,12.4,66.7
1784032934.596,1706,0.563,0.266,0.201,0.243,25.7,55.4
1784032934.596,1706,0.478,-0.045,-0.013,-0.081,23.5,71.3
1784032934.747,1707,0.485,-0.033,0.196,0.0,18.6,72.3
1784032934.747,1707,1.447,-0.477,-0.098,0.0,11.3,67.6
1784032934.747,1707,0.577,0.245,0.186,-0.162,18.5,60.0
1784032934.747,1707,0.854,0.082,-0.161,-0.081,14.1,62.7
1784032934.848,1708,0.478,0.016,0.213,0.0,19.5,71.0
1784032934.848,1708,1.447,-0.477,-0.097,0.0,12.1,66.5
1784032934.848,1708,1.166,-1.631,0.098,0.0,11.4,73.2
1784032934.848,1708,0.408,0.014,-0.154,0.081,15.2,72.9
1784032934.848,1708,0.913,0.029,0.073,0.081,13.0,62.1
1784032934.9,1709,0.474,0.033,0.22,0.0,23.0,71.3
1784032934.9,1709,1.13,-1.595,-0.183,0.0,12.1,72.8
1784032934.9,1709,1.762,0.859,-0.112,0.0,12.1,72.8
1784032935.002,1710,0.474,-0.0,0.073,0.0,26.4,72.6
1784032935.002,1710,1.039,-1.657,-0.175,0.0,12.0,72.3
1784032935.002,1710,1.792,0.798,-0.073,0.0,12.0,72.3
1784032935.002,1710,0.544,0.266,0.248,0.406,28.9,51.2
1784032935.153,1711,1.037,-1.657,-0.189,0.0,12.5,71.7
1784032935.153,1711,0.678,0.232,0.191,0.243,20.4,57.5
1784032935.153,1711,0.754,0.285,0.195,0.325,20.3,55.3
1784032935.153,1711,0.47,0.015,0.097,-0.081,25.3,70.2
1784032935.203,1712,0.479,0.015,0.031,0.0,23.4,74.7
1784032935.203,1712,0.649,0.278,0.226,0.0,12.3,68.7
1784032935.203,1712,1.793,0.798,-0.061,0.0,11.6,72.2
1784032935.203,1712,1.034,-1.657,-0.201,0.0,11.6,72.2
1784032935.203,1712,4.758,3.059,1.08,0.325,16.9,49.2
1784032935.304,1713,0.479,-0.03,-0.01,0.0,20.5,73.4
1784032935.304,1713,1.764,0.859,-0.081,0.0,12.0,72.1
1784032935.304,1713,1.641,-0.92,-0.56,0.0,12.0,72.1
1784032935.304,1713,4.948,2.901,0.877,0.487,17.3,48.5
1784032935.304,1713,0.229,-0.262,0.03,-0.487,11.3,69.0
1784032935.304,1713,0.518,0.458,0.096,-0.406,23.2,59.7
1784032935.304,1713,0.631,0.348,0.175,-0.243,20.3,62.5
1784032935.457,1714,0.475,-0.0,0.07,0.0,24.7,73.8
1784032935.457,1714,1.036,-1.657,-0.193,0.0,13.3,71.1
1784032935.457,1714,1.507,-0.92,-0.858,0.0,13.3,71.1
1784032935.457,1714,6.58,2.46,1.359,0.0,11.3,58.9
1784032935.457,1714,4.954,-5.143,0.458,0.0,11.3,58.9
1784032935.457,1714,4.994,2.945,1.038,0.487,15.3,49.3
1784032935.457,1714,0.622,0.305,0.087,-0.243,24.8,63.3
1784032935.508,1715,0.46,0.015,0.136,0.0,22.0,75.2
1784032935.508,1715,2.94,1.194,0.274,0.0,13.0,70.3
1784032935.609,1716,0.455,-0.0,0.153,0.0,20.3,74.2
1784032935.609,1716,1.71,-0.92,-0.286,0.0,15.6,69.7
1784032935.609,1716,1.093,-1.595,-0.341,0.0,15.6,69.7
1784032935.609,1716,0.648,0.24,0.101,0.243,27.3,60.7
1784032935.609,1716,0.301,-0.164,0.068,0.325,17.3,74.4
1784032935.609,1716,0.586,0.371,0.077,0.406,24.5,60.9
1784032935.711,1717,0.464,0.015,0.123,0.0,21.3,73.5
1784032935.711,1717,1.697,0.982,0.111,0.0,15.1,69.3
1784032935.711,1717,0.671,0.278,0.15,0.243,26.9,63.2
1784032935.711,1717,0.324,-0.221,0.018,0.406,13.8,75.7
1784032935.711,1717,0.641,0.348,0.135,0.406,26.0,62.4
1784032935.711,1717,2.483,1.031,0.571,0.568,17.4,52.8
1784032935.812,1718,0.458,0.015,0.142,0.0,22.3,74.1
1784032935.812,1718,4.952,-5.143,0.478,0.0,12.5,56.7
1784032935.812,1718,6.497,2.907,0.73,0.0,12.5,56.7
1784032935.812,1718,0.578,-0.134,0.146,0.081,16.6,68.4
1784032935.812,1718,0.688,0.255,0.106,0.162,20.9,61.5
1784032935.812,1718,0.346,-0.184,0.024,0.243,12.3,72.9
1784032935.812,1718,0.367,-0.218,-0.09,0.487,22.7,60.4
1784032935.915,1719,0.48,0.015,-0.004,0.0,18.2,76.6
1784032935.915,1719,1.074,-1.693,-0.084,0.0,14.2,70.6
1784032935.915,1719,0.712,0.319,0.087,0.081,19.1,66.6
1784032936.018,1720,0.479,-0.015,0.021,0.0,21.4,77.5
1784032936.018,1720,0.727,0.294,0.033,0.0,14.0,70.2
1784032936.119,1721,0.446,0.045,0.171,0.0,13.3,77.4
1784032936.119,1721,0.408,-0.105,-0.23,0.0,13.3,77.4
1784032936.119,1721,1.167,-1.631,0.085,0.0,15.9,70.3
1784032936.119,1721,6.191,-3.621,1.003,0.0,13.9,57.9
1784032936.119,1721,0.702,0.344,0.079,-0.081,19.5,66.2
1784032936.222,1722,0.475,-0.03,0.064,0.0,19.0,77.6
1784032936.222,1722,4.448,-5.366,1.616,0.0,12.2,58.1
1784032936.222,1722,0.654,0.301,0.178,-0.081,17.2,65.3
1784032936.324,1723,0.479,-0.015,0.024,0.0,17.7,78.7
1784032936.324,1723,0.701,0.344,0.082,0.0,18.6,68.9
1784032936.324,1723,4.416,-5.366,1.702,0.0,12.0,57.4
1784032936.425,1724,0.472,-0.082,0.212,0.0,16.8,75.5
1784032936.425,1724,1.17,-1.631,0.007,0.0,14.5,70.1
1784032936.425,1724,4.62,-5.366,1.024,0.0,14.3,56.9
1784032936.425,1724,0.695,0.344,0.127,0.081,15.3,67.5
1784032936.526,1725,0.519,-0.065,-0.011,0.0,17.2,76.6
1784032936.526,1725,0.675,0.255,0.173,0.0,15.8,70.0
1784032936.526,1725,6.759,2.25,1.035,0.0,11.5,56.8
1784032936.526,1725,0.366,-0.135,0.043,-0.243,16.2,65.8
1784032936.628,1726,0.477,0.03,0.041,0.0,18.2,77.8
1784032936.628,1726,0.699,0.344,0.099,0.0,14.1,71.0
1784032936.628,1726,1.165,-1.631,-0.107,0.0,12.8,71.5
1784032936.628,1726,0.192,-0.172,0.046,-0.649,19.0,57.2
1784032936.628,1726,0.347,-0.074,0.167,-0.406,20.2,61.4
1784032936.628,1726,0.34,-0.196,-0.0,-0.406,20.2,61.4
1784032936.73,1727,0.65,0.255,0.249,0.0,11.3,70.3
1784032936.73,1727,0.768,0.311,0.036,0.0,13.6,68.6
1784032936.73,1727,0.33,-0.065,0.094,-0.243,15.0,69.4
1784032936.73,1727,0.452,-0.015,0.16,-0.081,16.7,75.7
1784032936.73,1727,0.915,-0.029,-0.023,-0.081,12.0,67.0
1784032936.832,1728,0.515,0.016,0.095,0.0,18.6,77.2
1784032936.832,1728,0.688,0.255,0.11,0.0,16.0,70.2
1784032936.832,1728,1.608,-0.982,-0.552,0.0,12.4,72.1
1784032936.832,1728,1.053,-1.657,-0.04,0.0,12.4,72.1
1784032936.832,1728,0.479,-0.015,0.024,-0.081,20.3,75.2
1784032936.934,1729,0.446,0.015,0.178,0.0,13.2,73.9
1784032936.934,1729,0.712,0.319,0.086,0.081,22.2,63.6
1784032937.035,1730,1.167,-1.631,0.087,0.0,14.4,69.1
1784032937.035,1730,0.692,0.255,0.08,0.081,18.1,63.1
1784032937.138,1731,1.169,-1.631,-0.057,0.0,15.4,68.1
1784032937.138,1731,0.78,0.3,0.252,0.081,11.9,62.1
1784032937.239,1732,0.988,-1.693,0.428,0.0,16.9,68.3
1784032937.34,1733,1.039,-1.657,-0.178,0.0,12.2,71.3
1784032937.34,1733,0.43,-0.041,-0.062,-0.081,16.1,66.9
1784032937.442,1734,0.435,-0.014,-0.03,0.0,18.9,72.7
1784032937.442,1734,1.052,-1.657,-0.067,0.0,13.0,71.8
1784032937.442,1734,1.473,-0.92,-0.915,0.0,13.0,71.8
1784032937.442,1734,0.809,-0.026,-0.18,-0.081,16.0,65.3
1784032937.543,1735,0.432,-0.014,-0.056,0.0,19.2,71.9
1784032937.543,1735,0.803,-0.052,-0.199,0.0,13.3,63.3
1784032937.594,1736,0.434,-0.041,0.027,0.0,19.5,70.9
1784032937.748,1737,0.434,-0.041,-0.018,0.0,17.7,71.0
1784032937.851,1738,1.52,-0.393,-0.029,0.0,15.3,64.0
1784032937.901,1739,0.717,0.389,0.147,0.0,16.9,64.1
1784032937.901,1739,1.463,-0.334,-0.283,0.0,12.8,64.7
1784032938.003,1740,0.735,0.363,0.124,0.0,18.7,66.4
1784032938.003,1740,1.008,-1.657,0.307,0.0,16.9,70.5
1784032938.105,1741,0.47,0.06,0.076,0.0,17.5,77.5
1784032938.105,1741,0.71,0.389,0.178,0.0,19.0,66.7
1784032938.105,1741,2.038,-1.636,0.147,0.0,12.9,68.5
1784032938.208,1742,0.433,0.041,-0.029,0.0,19.6,75.9
1784032938.208,1742,0.303,0.019,0.028,0.162,11.9,70.2
1784032938.309,1743,0.743,0.363,0.063,0.0,13.3,67.6
1784032938.309,1743,0.475,0.045,0.05,0.081,23.2,74.7
1784032938.309,1743,0.866,0.027,-0.102,0.162,18.4,62.0
1784032938.41,1744,0.459,0.075,0.117,0.0,23.6,73.9
1784032938.41,1744,0.336,-0.076,0.057,-0.162,17.8,64.8
1784032938.512,1745,0.479,-0.0,0.033,0.0,24.1,76.4
1784032938.512,1745,0.676,0.301,0.043,0.0,11.3,70.3
1784032938.512,1745,0.318,-0.142,0.024,0.487,18.5,67.7
1784032938.613,1746,0.473,0.045,0.069,0.0,24.2,74.3
1784032938.715,1747,0.474,0.03,0.065,0.0,25.1,74.9
1784032938.715,1747,1.047,-1.693,0.252,0.0,15.5,71.9
1784032938.817,1748,0.474,0.045,0.061,0.0,21.2,75.3
1784032938.817,1748,0.498,-0.147,0.063,0.325,45.1,50.9
1784032938.817,1748,0.548,-0.267,0.039,0.568,37.8,47.5
1784032938.92,1749,0.509,-0.082,0.093,0.081,21.4,72.8
1784032938.92,1749,0.594,-0.245,0.121,0.081,15.4,71.0
1784032938.92,1749,0.738,0.363,0.108,-0.081,22.7,63.9
1784032939.021,1750,0.479,0.015,0.032,0.0,23.5,74.1
1784032939.021,1750,0.741,0.363,0.083,-0.243,25.4,62.1
1784032939.021,1750,0.518,0.033,-0.066,-0.081,24.6,72.6
1784032939.021,1750,0.482,-0.164,0.123,-0.081,24.6,72.6
1784032939.021,1750,5.584,-4.472,-0.133,-0.081,12.1,54.3
1784032939.021,1750,6.148,3.578,0.773,-0.081,12.1,54.3
1784032939.123,1751,1.968,-1.718,0.165,0.0,12.5,69.9
1784032939.123,1751,0.628,0.394,-0.026,-0.568,28.9,58.0
1784032939.123,1751,0.643,0.348,0.124,-0.325,25.1,61.2
1784032939.123,1751,0.587,-0.286,0.04,-0.243,23.5,58.7
1784032939.123,1751,2.177,-0.068,0.113,-0.162,11.6,62.6
1784032939.123,1751,0.448,0.03,0.169,-0.081,22.4,73.3
1784032939.224,1752,0.594,0.349,0.113,-0.568,34.5,57.4
1784032939.224,1752,0.433,-0.027,-0.045,-0.081,15.3,73.1
1784032939.224,1752,0.481,0.049,0.2,-0.081,16.3,71.0
1784032939.326,1753,1.036,-1.657,0.191,0.0,21.1,65.9
1784032939.326,1753,0.546,0.348,0.098,-0.649,41.1,45.7
1784032939.326,1753,2.17,-0.0,0.224,-0.162,12.2,63.7
1784032939.326,1753,0.425,0.027,0.093,-0.081,21.2,74.4
1784032939.428,1754,1.939,-1.718,0.377,0.0,12.3,68.4
1784032939.428,1754,0.592,0.266,0.084,-0.406,29.2,56.1
1784032939.428,1754,0.828,-0.0,-0.031,-0.243,15.7,66.6
1784032939.428,1754,2.083,-0.267,0.401,-0.162,13.0,62.5
1784032939.428,1754,0.477,-0.045,0.026,-0.081,21.5,71.5
1784032939.53,1755,2.135,-2.795,0.654,0.162,15.9,56.9
1784032939.53,1755,1.412,0.278,0.361,-0.487,12.3,58.2
1784032939.53,1755,0.762,0.147,0.119,-0.243,11.9,64.4
1784032939.53,1755,2.597,0.177,1.126,-0.243,12.4,60.0
1784032939.53,1755,0.449,-0.09,0.145,-0.162,21.7,69.8
1784032939.631,1756,0.494,-0.147,0.092,0.0,22.0,66.9
1784032939.631,1756,1.856,-1.8,0.41,0.0,11.5,69.4
1784032939.631,1756,2.18,-2.761,0.338,0.243,15.2,56.3
1784032939.631,1756,0.387,0.012,0.065,-0.325,24.5,73.0
1784032939.631,1756,1.373,-2.021,0.465,-0.325,14.2,62.4
1784032939.631,1756,1.766,0.279,0.052,-0.243,11.4,59.6
1784032939.731,1757,6.458,-5.784,1.584,0.0,12.0,55.7
1784032939.731,1757,1.197,0.45,0.278,-0.649,12.1,60.0
1784032939.731,1757,1.537,0.6,0.567,-0.649,12.7,56.9
1784032939.731,1757,0.358,0.086,0.138,-0.243,22.3,71.2
1784032939.731,1757,0.496,-0.131,0.106,-0.081,21.9,69.9
1784032939.833,1758,1.959,-1.718,0.249,0.0,12.4,69.2
1784032939.833,1758,2.166,-2.863,0.735,0.325,22.1,49.5
1784032939.833,1758,0.852,0.699,0.415,-0.325,12.3,59.8
1784032939.833,1758,0.33,0.065,0.093,-0.162,16.6,75.0
1784032939.935,1759,1.488,-0.393,-0.316,0.0,14.4,63.3
1784032939.935,1759,1.063,-0.319,0.235,-0.487,15.0,57.3
1784032939.935,1759,0.503,-0.131,0.065,-0.243,27.0,66.2
1784032939.935,1759,0.284,0.086,0.071,-0.162,18.6,77.3
1784032940.036,1760,0.414,-0.123,-0.062,-0.406,18.7,68.2
1784032940.036,1760,0.469,-0.06,0.083,-0.243,19.0,70.3
1784032940.036,1760,0.278,0.086,0.092,-0.081,20.9,73.2
1784032940.137,1761,0.416,-0.123,0.05,-0.243,17.2,71.5
1784032940.137,1761,0.249,0.074,0.03,-0.162,15.2,77.0
1784032940.137,1761,0.425,-0.015,0.223,-0.162,20.5,68.3
1784032940.137,1761,0.421,-0.014,0.114,-0.081,21.1,67.6
1784032940.239,1762,0.42,-0.027,0.115,0.0,20.3,69.1
1784032940.239,1762,3.022,-3.599,0.971,0.162,12.5,52.1
1784032940.239,1762,0.713,0.337,0.256,-0.162,11.5,61.8
1784032940.239,1762,0.29,0.095,0.012,-0.081,19.5,74.9
1784032940.345,1763,0.272,0.134,0.04,0.0,17.6,74.4
1784032940.345,1763,0.462,-0.03,0.125,0.0,14.9,70.0
1784032940.345,1763,2.724,-3.935,0.74,0.162,12.9,51.8
1784032940.448,1764,0.418,-0.123,-0.016,0.081,20.9,67.6
1784032940.448,1764,2.978,-3.783,0.518,0.162,11.6,52.1
1784032940.448,1764,0.635,0.886,-0.03,-0.081,11.3,62.3
1784032940.55,1765,0.249,0.082,0.004,0.0,15.3,78.3
1784032940.55,1765,0.423,-0.095,0.044,0.0,15.6,73.3
1784032940.55,1765,0.4,0.027,0.172,0.0,15.6,73.3
1784032940.55,1765,0.994,-1.693,0.415,0.0,18.6,69.0
1784032940.601,1766,0.249,0.082,-0.005,0.0,19.2,76.9
1784032940.601,1766,1.637,-0.627,-0.977,0.0,19.8,68.1
1784032940.601,1766,0.419,-0.109,0.053,0.081,16.6,71.6
1784032940.753,1767,0.238,0.106,0.022,0.0,20.1,77.0
1784032940.753,1767,0.244,0.09,0.027,0.0,20.1,77.0
1784032940.753,1767,0.424,-0.068,0.076,0.081,22.6,70.4
1784032940.753,1767,1.127,-0.147,0.31,0.162,13.4,57.0
1784032940.858,1768,0.271,0.124,0.066,0.0,19.6,75.0
1784032940.858,1768,1.854,-0.552,-0.332,0.0,19.1,68.3
1784032940.858,1768,0.462,-0.0,0.131,0.081,17.7,71.6
1784032940.91,1769,4.31,-0.27,-0.065,0.0,11.5,64.6
1784032940.91,1769,0.271,0.124,0.068,0.081,18.1,75.9
1784032940.91,1769,0.451,-0.0,0.163,0.081,19.5,70.5
1784032940.91,1769,1.146,-0.147,0.23,0.162,11.8,57.5
1784032941.011,1770,1.859,-0.552,-0.307,0.0,19.8,68.0
1784032941.011,1770,0.278,0.124,0.027,0.081,19.1,76.7
1784032941.011,1770,0.478,-0.045,-0.001,0.081,21.1,71.4
1784032941.112,1771,1.875,-0.552,-0.181,0.0,18.6,68.0
1784032941.112,1771,4.317,-0.135,0.02,0.0,11.7,64.0
1784032941.112,1771,0.284,0.105,0.038,0.081,15.9,77.7
1784032941.112,1771,0.512,-0.049,0.1,0.081,21.1,71.2
1784032941.112,1771,8.421,0.267,1.465,0.081,13.1,54.4
1784032941.213,1772,1.861,-0.552,-0.295,0.0,19.3,67.2
1784032941.213,1772,0.314,0.131,0.076,0.162,18.7,73.9
1784032941.213,1772,0.497,-0.0,0.164,0.162,19.1,69.0
1784032941.314,1773,0.195,0.319,0.119,0.0,11.7,67.3
1784032941.314,1773,0.494,-0.131,-0.113,0.162,19.1,69.2
1784032941.314,1773,0.283,0.175,-0.105,0.243,16.1,73.3
1784032941.415,1774,0.514,-0.098,-0.019,0.243,27.1,62.8
1784032941.415,1774,1.648,0.335,0.61,0.243,13.5,57.7
1784032941.415,1774,0.368,0.11,0.082,0.325,25.5,70.5
1784032941.517,1775,1.864,-0.614,-0.066,0.0,19.3,66.7
1784032941.517,1775,0.375,0.098,0.065,0.325,27.3,71.4
1784032941.517,1775,0.505,-0.131,0.04,0.406,29.1,56.2
1784032941.517,1775,0.547,-0.106,0.104,0.487,30.2,54.9
1784032941.517,1775,0.589,-0.123,0.258,0.487,19.5,62.6
1784032941.617,1776,0.196,0.319,0.118,0.0,11.6,67.6
1784032941.617,1776,1.512,-0.393,-0.161,0.0,15.9,62.8
1784032941.617,1776,1.823,-0.614,-0.394,0.0,14.2,71.3
1784032941.617,1776,5.876,-3.534,1.714,0.162,16.4,52.6
1784032941.617,1776,6.444,2.871,0.429,0.162,16.4,52.6
1784032941.617,1776,0.352,0.061,0.163,0.243,16.7,72.0
1784032941.617,1776,0.395,0.177,0.057,0.325,16.2,71.9
1784032941.617,1776,0.418,0.123,-0.013,0.568,13.8,68.2
1784032941.72,1777,1.465,-0.429,-0.04,0.0,11.5,63.1
1784032941.72,1777,0.626,-0.123,0.145,0.162,20.7,64.0
1784032941.72,1777,6.191,3.334,1.063,0.162,13.2,54.4
1784032941.72,1777,0.413,0.082,0.114,0.243,23.3,74.1
1784032941.72,1777,0.769,-0.147,0.058,0.243,11.8,65.1
1784032941.72,1777,0.368,0.532,0.102,-0.649,35.8,50.6
1784032941.821,1778,1.52,-0.393,-0.05,0.0,17.3,62.9
1784032941.821,1778,0.401,0.15,0.217,0.081,19.6,71.1
1784032941.821,1778,0.461,-0.0,-0.133,0.081,19.6,71.1
1784032941.821,1778,0.583,-0.134,0.122,0.162,19.1,64.7
1784032941.821,1778,0.627,-0.123,0.14,0.243,26.9,58.6
1784032941.821,1778,0.579,0.371,0.121,0.568,34.8,46.7
1784032941.923,1779,0.474,0.06,-0.043,0.0,24.2,71.1
1784032941.923,1779,1.477,-0.382,-0.057,0.0,12.0,66.5
1784032941.923,1779,0.64,-0.082,0.112,0.162,21.0,62.0
1784032941.923,1779,0.767,-0.147,0.081,0.162,11.3,64.5
1784032942.025,1780,0.474,0.075,-0.007,0.0,21.7,72.6
1784032942.025,1780,1.488,-0.334,-0.074,0.0,11.5,67.2
1784032942.025,1780,3.82,-0.736,0.53,0.0,11.4,67.8
1784032942.025,1780,0.66,-0.109,0.199,0.162,19.0,64.7
1784032942.025,1780,3.414,0.447,0.972,0.243,12.3,56.8
1784032942.129,1781,1.503,-0.442,-0.116,0.0,12.6,66.7
1784032942.129,1781,0.445,0.165,0.07,0.081,29.4,66.6
1784032942.129,1781,0.51,0.248,-0.001,0.243,25.2,58.4
1784032942.129,1781,0.676,-0.022,0.174,-0.243,26.2,54.5
1784032942.129,1781,5.773,-3.556,2.145,-0.081,12.0,56.0
1784032942.129,1781,6.383,3.111,0.391,-0.081,12.0,56.0
1784032942.231,1782,0.468,0.105,-0.021,0.0,22.7,68.6
1784032942.231,1782,1.52,-0.393,-0.043,0.0,13.2,65.6
1784032942.231,1782,1.492,-0.491,-0.01,0.0,13.2,65.6
1784032942.231,1782,0.422,0.165,0.157,0.162,27.0,66.9
1784032942.231,1782,2.086,0.468,0.037,0.162,17.0,64.3
1784032942.231,1782,0.628,-0.02,0.183,-0.487,38.4,47.8
1784032942.231,1782,6.387,3.111,0.312,-0.081,11.2,55.2
1784032942.231,1782,6.074,-3.111,2.001,-0.081,11.2,55.2
1784032942.334,1783,0.462,0.12,0.046,0.0,15.2,71.1
1784032942.334,1783,0.563,0.038,0.235,0.0,12.0,68.0
1784032942.334,1783,1.507,-0.442,0.039,0.0,11.3,67.6
1784032942.334,1783,0.459,0.213,0.136,0.162,33.1,60.3
1784032942.334,1783,0.601,-0.0,0.109,-0.162,18.5,62.7
1784032942.334,1783,0.634,0.061,0.151,-0.081,19.1,62.6
1784032942.334,1783,0.726,0.046,0.143,-0.081,19.5,63.1
1784032942.334,1783,6.211,-3.334,0.938,-0.081,11.8,55.3
1784032942.334,1783,6.135,3.556,0.54,-0.081,11.8,55.3
1784032942.436,1784,0.641,0.082,0.103,0.0,18.6,66.7
1784032942.436,1784,0.728,0.07,0.125,0.0,12.9,66.0
1784032942.436,1784,1.506,-0.442,0.069,0.0,14.0,64.8
1784032942.436,1784,0.517,0.213,0.095,0.081,19.5,69.5
1784032942.436,1784,2.664,-3.374,-0.416,0.162,16.6,59.6
1784032942.436,1784,0.427,0.262,0.151,0.243,30.9,54.6
1784032942.436,1784,2.076,1.031,0.42,0.325,13.7,56.1
1784032942.436,1784,2.369,-2.814,0.741,0.325,12.7,56.4
1784032942.537,1785,0.396,0.255,-0.092,0.0,12.6,69.7
1784032942.537,1785,1.52,-0.393,0.053,0.0,15.1,63.7
1784032942.537,1785,0.494,0.266,0.084,0.081,19.3,67.5
1784032942.537,1785,2.714,-3.408,-0.229,0.081,11.2,63.0
1784032942.537,1785,2.319,-2.965,0.485,0.162,11.6,61.3
1784032942.537,1785,2.006,1.125,0.684,0.243,16.5,58.7
1784032942.537,1785,0.468,0.229,-0.049,-0.081,16.2,67.3
1784032942.537,1785,0.632,0.143,0.093,-0.081,22.2,63.6
1784032942.537,1785,0.769,0.123,0.099,-0.081,15.0,60.3
1784032942.641,1786,0.494,0.23,0.156,0.0,23.6,69.4
1784032942.641,1786,1.465,-0.429,0.029,0.0,12.4,66.3
1784032942.641,1786,1.348,0.048,-0.716,0.0,12.4,66.3
1784032942.641,1786,2.259,-2.965,0.715,0.162,15.0,59.0
1784032942.641,1786,0.672,0.153,0.112,-0.081,19.8,61.8
1784032942.742,1787,0.599,0.095,0.075,0.0,21.5,69.7
1784032942.742,1787,0.415,0.24,-0.023,0.081,15.9,68.7
1784032942.742,1787,0.462,0.266,0.193,-0.081,22.6,70.0
1784032942.843,1788,0.464,0.229,0.078,0.0,21.4,71.3
1784032942.843,1788,1.521,-0.393,0.017,0.0,13.4,66.0
1784032942.843,1788,0.58,0.095,0.165,-0.081,25.6,67.8
1784032942.843,1788,0.718,0.162,0.09,-0.081,13.5,65.7
1784032942.945,1789,0.413,0.24,-0.05,0.0,17.5,72.6
1784032942.945,1789,0.573,0.134,0.165,-0.081,21.4,69.2
1784032942.996,1790,0.453,0.262,-0.005,0.081,22.8,69.2
1784032942.996,1790,1.152,1.002,0.005,0.243,14.8,55.1
1784032942.996,1790,2.887,-4.041,0.264,0.243,15.0,52.5
1784032943.149,1791,0.468,0.284,0.148,0.0,21.3,69.7
1784032943.149,1791,0.532,0.089,-0.174,0.0,21.3,69.7
1784032943.149,1791,0.658,0.087,0.215,0.081,21.2,64.3
1784032943.149,1791,2.851,-4.041,0.528,0.243,15.2,51.4
1784032943.25,1792,0.453,0.245,0.093,0.0,21.2,69.9
1784032943.25,1792,1.476,-0.382,0.089,0.0,12.0,66.7
1784032943.25,1792,1.325,0.095,-0.753,0.0,12.0,66.7
1784032943.301,1793,0.452,0.262,0.03,0.0,23.6,72.5
1784032943.301,1793,1.48,-0.442,0.287,0.0,12.4,67.7
1784032943.301,1793,1.374,0.147,-0.746,0.0,12.4,67.7
1784032943.301,1793,0.667,0.093,0.31,0.081,13.2,65.2
1784032943.404,1794,0.467,0.301,0.112,0.0,24.3,68.8
1784032943.404,1794,1.531,-0.344,0.069,0.0,11.3,68.3
1784032943.506,1795,0.406,0.24,-0.088,0.0,16.5,73.5
1784032943.506,1795,0.462,0.248,0.216,0.0,21.3,69.5
1784032943.506,1795,0.622,0.143,0.143,0.0,19.5,67.5
1784032943.506,1795,1.507,-0.442,0.012,0.0,11.9,67.1
1784032943.506,1795,1.39,0.147,-0.717,0.0,11.9,67.1
1784032943.61,1796,0.409,0.24,-0.072,0.0,16.8,72.2
1784032943.61,1796,0.481,0.23,0.194,0.0,23.0,69.4
1784032943.61,1796,1.503,-0.442,0.117,0.0,11.7,67.3
1784032943.61,1796,1.383,-0.0,-0.745,0.0,11.7,67.3
1784032943.715,1797,0.483,0.248,0.163,0.0,24.8,69.2
1784032943.715,1797,1.521,-0.393,0.021,0.0,12.1,67.2
1784032943.817,1798,0.474,0.284,0.131,0.0,26.4,68.6
1784032943.817,1798,1.507,-0.442,-0.026,0.0,12.2,66.8
1784032943.917,1799,0.492,0.266,0.096,0.0,25.4,69.2
1784032944.02,1800,0.489,0.266,0.11,0.0,24.7,70.0
1784032944.122,1801,0.49,0.248,0.14,0.0,23.7,70.0
1784032944.122,1801,1.519,-0.393,0.066,0.0,13.5,65.6
1784032944.224,1802,0.461,0.266,0.196,0.0,22.5,70.2
1784032944.224,1802,1.465,-0.429,0.042,0.0,11.6,67.2
1784032944.326,1803,0.448,0.284,0.201,0.0,21.3,70.3
1784032944.326,1803,0.614,0.164,0.157,0.0,23.1,68.5
1784032944.427,1804,0.485,0.284,0.079,0.0,24.0,70.3
1784032944.427,1804,0.604,0.184,0.171,0.0,26.3,68.0
1784032944.427,1804,1.507,-0.442,0.041,0.0,13.5,65.4
1784032944.427,1804,1.365,0.147,-0.763,0.0,13.5,65.4
1784032944.528,1805,0.606,0.184,0.165,0.0,23.7,69.0
1784032944.629,1806,0.603,0.164,0.196,0.0,21.2,69.3
1784032944.731,1807,0.525,0.134,0.282,0.0,22.0,69.9
1784032944.731,1807,0.529,0.305,0.022,0.0,22.0,69.9
1784032944.832,1808,0.491,0.266,0.098,0.0,22.4,72.2
1784032944.934,1809,0.484,0.266,0.13,0.0,21.7,71.7
1784032944.934,1809,0.604,0.164,0.19,0.0,21.4,69.9
1784032945.036,1810,0.482,0.284,0.095,0.0,24.2,69.9
1784032945.036,1810,0.607,0.143,0.198,0.0,21.1,69.3
1784032945.137,1811,0.48,0.284,0.103,0.0,21.7,71.8
1784032945.241,1812,0.476,0.301,0.068,0.0,21.4,71.7
1784032945.241,1812,0.59,0.164,0.231,0.0,19.6,70.3
1784032945.345,1813,0.443,0.278,0.012,0.0,21.2,71.2
1784032945.345,1813,0.607,0.164,0.183,0.0,23.1,67.8
1784032945.345,1813,1.52,-0.393,-0.054,0.0,12.2,67.0
1784032945.396,1814,0.436,0.262,-0.126,0.0,16.1,71.2
1784032945.396,1814,0.602,0.164,0.198,0.0,20.9,68.4
1784032945.396,1814,1.478,-0.382,0.025,0.0,11.9,67.1
1784032945.552,1815,0.615,0.164,0.151,0.0,20.4,69.8
1784032945.552,1815,1.507,-0.442,-0.046,0.0,11.9,67.5
1784032945.653,1816,0.47,0.301,0.098,0.0,22.4,69.2
1784032945.653,1816,1.478,-0.382,0.019,0.0,12.3,66.3
1784032945.653,1816,1.32,0.095,-0.762,0.0,12.3,66.3
1784032945.705,1817,0.362,0.294,-0.237,0.0,19.1,68.6
1784032945.705,1817,1.521,-0.393,0.018,0.0,14.2,65.0
1784032945.705,1817,0.547,0.191,0.192,-0.081,23.8,66.5
1784032945.806,1818,0.424,0.294,-0.088,0.0,22.6,68.7
1784032945.806,1818,0.466,0.368,0.274,0.0,13.7,66.4
1784032945.806,1818,1.52,-0.393,-0.03,0.0,13.4,65.5
1784032945.806,1818,2.299,-2.965,0.573,0.162,18.3,54.7
1784032945.806,1818,0.522,0.124,0.185,-0.243,28.6,53.6
1784032945.806,1818,0.667,0.131,0.16,-0.243,27.7,53.5
1784032945.806,1818,0.547,0.134,0.237,-0.162,23.4,59.2
1784032945.806,1818,0.486,0.344,-0.136,-0.162,23.4,59.2
1784032945.91,1819,1.507,-0.442,0.041,0.0,14.2,64.6
1784032945.91,1819,3.437,-2.754,0.132,0.0,11.9,64.6
1784032945.91,1819,0.545,0.229,0.152,-0.162,28.5,59.6
1784032945.91,1819,0.473,0.301,0.087,-0.081,23.2,66.0
1784032946.012,1820,1.507,-0.442,0.029,0.0,13.9,65.2
1784032946.012,1820,0.604,0.205,0.147,-0.162,25.4,61.1
1784032946.012,1820,0.35,0.3,-0.133,-0.081,19.5,68.9
1784032946.115,1821,1.52,-0.393,0.059,0.0,13.9,65.1
1784032946.115,1821,0.372,0.285,-0.104,-0.081,19.4,70.3
1784032946.115,1821,0.585,0.266,0.122,-0.081,19.1,65.2
1784032946.217,1822,1.478,-0.382,0.007,0.0,15.4,63.4
1784032946.217,1822,1.639,-0.16,-0.426,0.0,12.0,64.7
1784032946.217,1822,0.501,0.248,0.094,-0.081,21.9,67.2
1784032946.318,1823,1.521,-0.393,0.014,0.0,14.6,64.5
1784032946.318,1823,0.362,0.315,-0.001,-0.081,15.3,71.6
1784032946.318,1823,0.533,0.248,0.167,-0.081,21.1,65.5
1784032946.42,1824,1.519,-0.393,0.072,0.0,14.5,64.3
1784032946.42,1824,1.645,-0.213,-0.381,0.0,11.2,66.0
1784032946.42,1824,0.79,0.736,0.47,-0.243,11.3,54.6
1784032946.42,1824,0.485,0.164,0.109,-0.162,22.6,60.3
1784032946.42,1824,0.379,0.36,0.035,-0.162,22.6,60.3
1784032946.42,1824,0.329,0.286,-0.007,-0.081,12.5,69.0
1784032946.42,1824,0.483,0.16,0.251,-0.081,19.4,63.7
1784032946.42,1824,0.416,0.372,-0.101,-0.081,19.4,63.7
1784032946.521,1825,1.505,-0.442,0.087,0.0,14.7,64.5
1784032946.521,1825,1.82,0.6,-0.115,0.0,11.5,73.8
1784032946.521,1825,3.031,1.11,0.083,0.0,11.9,73.8
1784032946.521,1825,0.469,0.213,0.096,-0.243,33.3,54.1
1784032946.521,1825,0.724,0.464,0.151,-0.243,11.7,56.6
1784032946.521,1825,0.36,0.315,0.036,-0.162,18.3,68.4
1784032946.521,1825,0.546,0.564,-0.015,-0.162,11.6,57.7
1784032946.521,1825,0.681,0.544,0.282,-0.162,13.0,55.8
1784032946.622,1826,0.179,0.284,0.096,0.0,11.2,67.9
1784032946.622,1826,0.538,0.177,0.037,0.0,11.7,62.7
1784032946.622,1826,1.521,-0.393,-0.025,0.0,15.5,63.7
1784032946.622,1826,1.797,0.66,-0.143,0.0,11.8,74.5
1784032946.622,1826,1.021,-1.62,0.137,0.0,11.8,74.5
1784032946.622,1826,2.875,2.73,0.212,0.081,12.0,66.0
1784032946.622,1826,2.412,-3.136,0.68,0.325,18.8,55.3
1784032946.622,1826,0.425,0.294,0.08,-0.325,36.0,51.0
1784032946.622,1826,0.314,0.3,-0.044,-0.162,19.0,65.1
1784032946.726,1827,0.348,0.42,0.275,0.0,12.0,64.0
1784032946.726,1827,1.521,-0.393,0.022,0.0,15.5,63.6
1784032946.726,1827,1.797,0.66,-0.145,0.0,13.5,73.8
1784032946.726,1827,2.861,1.393,0.129,0.0,21.4,73.6
1784032946.726,1827,6.977,3.119,0.744,0.0,13.2,58.1
1784032946.726,1827,0.395,0.294,0.177,-0.243,29.3,54.8
1784032946.726,1827,0.252,0.354,-0.037,-0.162,26.3,64.2
1784032946.827,1828,1.521,-0.393,0.021,0.0,15.1,64.0
1784032946.827,1828,1.768,0.72,-0.2,0.0,13.9,73.9
1784032946.827,1828,2.864,1.393,0.025,0.0,19.3,73.7
1784032946.827,1828,6.98,3.119,0.715,0.0,14.9,58.0
1784032946.827,1828,2.502,-3.17,0.395,0.243,14.6,56.9
1784032946.827,1828,0.364,0.3,0.089,-0.243,23.8,63.2
1784032946.933,1829,0.533,0.195,-0.01,0.0,11.3,63.3
1784032946.933,1829,1.507,-0.442,0.032,0.0,14.8,64.1
1784032946.933,1829,1.769,0.72,-0.197,0.0,14.9,73.3
1784032946.933,1829,2.907,1.294,0.141,0.0,19.9,73.5
1784032946.933,1829,6.951,3.119,0.958,0.0,15.7,58.1
1784032946.933,1829,3.821,-3.081,0.459,0.325,12.7,54.9
1784032946.933,1829,0.314,0.273,0.131,-0.162,21.9,63.0
1784032946.933,1829,0.207,0.331,0.04,-0.081,15.2,65.6
1784032947.034,1830,0.529,0.195,-0.058,0.0,11.5,63.5
1784032947.034,1830,1.521,-0.393,0.02,0.0,14.9,64.0
1784032947.034,1830,1.767,0.72,-0.212,0.0,14.4,73.9
1784032947.034,1830,2.863,1.393,0.089,0.0,19.4,73.8
1784032947.034,1830,6.945,3.119,0.999,0.0,17.1,57.7
1784032947.034,1830,6.898,3.398,1.085,0.0,13.7,58.6
1784032947.034,1830,2.546,-3.204,0.271,0.243,18.7,56.1
1784032947.034,1830,0.283,0.314,0.108,-0.162,25.1,61.6
1784032947.136,1831,0.361,0.401,0.286,0.0,11.4,63.5
1784032947.136,1831,1.521,-0.393,0.018,0.0,15.2,63.8
1784032947.136,1831,1.771,0.72,-0.174,0.0,14.3,73.9
1784032947.136,1831,2.862,1.393,0.095,0.0,19.6,74.0
1784032947.136,1831,6.936,3.119,1.062,0.0,17.8,58.7
1784032947.136,1831,0.226,0.354,0.116,-0.081,14.9,65.0
1784032947.24,1832,1.52,-0.393,0.033,0.0,16.1,62.7
1784032947.24,1832,1.669,-0.16,-0.291,0.0,11.6,64.7
1784032947.24,1832,1.772,0.72,-0.163,0.0,14.9,73.2
1784032947.24,1832,2.863,1.393,0.052,0.0,19.8,73.9
1784032947.24,1832,6.827,3.359,1.033,0.0,20.0,57.4
1784032947.341,1833,0.219,0.307,0.11,0.0,14.4,67.3
1784032947.341,1833,1.507,-0.442,0.04,0.0,15.1,63.8
1784032947.341,1833,1.764,0.72,-0.236,0.0,14.8,73.5
1784032947.341,1833,2.908,1.294,0.126,0.0,20.1,73.5
1784032947.341,1833,6.948,3.119,0.981,0.0,18.5,58.8
1784032947.341,1833,2.618,-3.34,0.521,0.243,13.4,53.4
1784032947.441,1834,0.522,0.195,-0.106,0.0,11.9,62.2
1784032947.441,1834,1.521,-0.393,0.006,0.0,16.5,62.4
1784032947.441,1834,1.663,-0.213,-0.291,0.0,11.5,64.7
1784032947.441,1834,1.668,-0.106,-0.319,0.0,11.5,64.7
1784032947.441,1834,1.77,0.72,-0.18,0.0,14.4,73.8
1784032947.441,1834,2.863,1.393,0.07,0.0,19.8,73.9
1784032947.441,1834,6.948,3.119,0.98,0.0,18.6,58.6
1784032947.542,1835,0.213,0.319,0.083,0.0,12.7,66.7
1784032947.542,1835,0.511,0.195,-0.152,0.0,12.2,62.6
1784032947.542,1835,1.521,-0.393,0.024,0.0,14.6,64.3
1784032947.542,1835,1.741,0.78,-0.213,0.0,13.9,74.3
1784032947.542,1835,2.862,1.393,0.103,0.0,19.8,73.9
1784032947.542,1835,5.749,3.068,0.607,0.0,11.4,60.1
1784032947.542,1835,6.944,3.119,1.004,0.0,18.1,58.9
1784032947.644,1836,0.494,0.195,-0.2,0.0,11.8,62.6
1784032947.644,1836,1.507,-0.442,0.032,0.0,14.6,64.2
1784032947.644,1836,1.772,0.72,-0.162,0.0,14.5,73.7
1784032947.644,1836,2.862,1.393,0.098,0.0,19.9,73.7
1784032947.644,1836,5.733,3.068,0.745,0.0,13.2,60.3
1784032947.644,1836,6.935,3.119,1.065,0.0,17.8,59.2
1784032947.644,1836,0.219,0.354,0.13,0.243,15.2,59.1
1784032947.644,1836,0.298,0.345,0.15,0.406,20.6,55.5
1784032947.745,1837,0.216,0.319,0.075,0.0,12.5,66.3
1784032947.745,1837,0.497,0.195,-0.191,0.0,11.8,62.3
1784032947.745,1837,1.521,-0.393,0.012,0.0,14.7,64.3
1784032947.745,1837,1.773,0.72,-0.151,0.0,13.9,74.3
1784032947.745,1837,2.907,1.294,0.131,0.0,19.4,74.3
1784032947.745,1837,5.765,3.088,0.796,0.0,11.5,60.2
1784032947.745,1837,6.948,3.119,0.975,0.0,17.7,59.4
1784032947.745,1837,0.275,0.36,0.159,0.243,19.5,58.8
1784032947.797,1838,0.217,0.319,0.074,0.0,12.9,66.0
1784032947.797,1838,0.522,0.195,-0.104,0.0,11.9,62.4
1784032947.797,1838,1.744,0.78,-0.187,0.0,14.4,73.9
1784032947.797,1838,2.863,1.393,0.085,0.0,19.7,74.0
1784032947.797,1838,6.827,3.359,1.036,0.0,18.0,59.3
1784032947.797,1838,0.366,0.408,0.147,0.162,16.4,59.7
1784032947.951,1839,0.179,0.284,0.096,0.0,11.7,67.3
1784032947.951,1839,1.507,-0.442,0.036,0.0,15.4,63.3
1784032947.951,1839,1.77,0.72,-0.185,0.0,14.4,73.8
1784032947.951,1839,2.862,1.393,0.097,0.0,20.1,73.6
1784032947.951,1839,5.765,3.068,0.425,0.0,11.7,60.4
1784032947.951,1839,6.947,3.119,0.986,0.0,17.9,59.1
1784032947.951,1839,0.479,0.57,0.365,0.162,12.4,53.4
1784032948.053,1840,0.217,0.319,0.073,0.0,12.1,66.8
1784032948.053,1840,0.537,0.177,-0.045,0.0,12.2,62.4
1784032948.053,1840,0.349,0.47,0.292,0.0,11.6,62.6
1784032948.053,1840,1.521,-0.393,0.02,0.0,15.2,63.7
1784032948.053,1840,1.77,0.72,-0.186,0.0,14.7,73.5
1784032948.053,1840,2.907,1.294,0.139,0.0,19.4,74.3
1784032948.053,1840,5.79,3.088,0.584,0.0,11.4,60.7
1784032948.053,1840,6.935,3.119,1.063,0.0,18.0,59.0
1784032948.104,1841,0.217,0.319,0.073,0.0,12.3,66.6
1784032948.104,1841,1.521,-0.393,0.009,0.0,14.5,64.4
1784032948.104,1841,1.743,0.78,-0.201,0.0,14.8,73.5
1784032948.104,1841,2.862,1.393,0.106,0.0,19.6,74.1
1784032948.104,1841,6.834,3.359,0.987,0.0,17.2,59.6
1784032948.207,1842,0.195,0.273,0.096,0.0,11.5,67.5
1784032948.207,1842,0.527,0.195,-0.075,0.0,12.0,62.4
1784032948.207,1842,1.507,-0.442,0.036,0.0,16.5,62.4
1784032948.207,1842,1.665,-0.16,-0.312,0.0,12.4,63.8
1784032948.207,1842,1.77,0.72,-0.185,0.0,15.3,73.0
1784032948.207,1842,2.907,1.294,0.134,0.0,19.8,73.9
1784032948.207,1842,5.766,3.088,0.784,0.0,11.8,60.4
1784032948.207,1842,6.924,3.119,1.133,0.0,17.2,59.7
1784032948.207,1842,0.78,0.382,0.087,0.162,12.1,52.6
1784032948.309,1843,0.218,0.319,0.07,0.0,12.3,66.6
1784032948.309,1843,1.521,-0.393,0.015,0.0,16.6,62.2
1784032948.309,1843,1.661,-0.106,-0.353,0.0,12.1,63.9
1784032948.309,1843,1.77,0.72,-0.181,0.0,15.0,73.3
1784032948.309,1843,2.863,1.393,0.085,0.0,19.5,74.2
1784032948.309,1843,5.786,3.088,0.622,0.0,11.4,60.5
1784032948.309,1843,6.94,3.119,1.034,0.0,18.0,58.8
1784032948.309,1843,0.374,0.589,0.021,0.162,18.2,55.7
1784032948.41,1844,0.218,0.319,0.07,0.0,11.3,67.5
1784032948.41,1844,1.521,-0.393,0.019,0.0,15.6,63.3
1784032948.41,1844,1.743,0.78,-0.196,0.0,14.8,73.5
1784032948.41,1844,2.862,1.393,0.106,0.0,19.5,74.2
1784032948.41,1844,6.832,3.359,1.0,0.0,17.6,59.2
1784032948.41,1844,0.403,0.491,0.158,0.081,12.7,61.3
1784032948.512,1845,1.507,-0.442,0.037,0.0,16.0,63.0
1784032948.512,1845,1.665,-0.16,-0.313,0.0,11.3,64.8
1784032948.512,1845,1.77,0.72,-0.181,0.0,15.0,73.3
1784032948.512,1845,2.908,1.294,0.116,0.0,19.8,73.9
1784032948.512,1845,5.76,3.068,0.496,0.0,11.2,60.5
1784032948.512,1845,6.935,3.119,1.066,0.0,17.9,59.1
1784032948.615,1846,1.507,-0.442,0.032,0.0,15.4,63.5
1784032948.615,1846,1.771,0.72,-0.172,0.0,14.7,73.6
1784032948.615,1846,2.908,1.294,0.12,0.0,19.7,74.0
1784032948.615,1846,6.945,3.119,1.002,0.0,17.8,59.2
1784032948.717,1847,1.521,-0.393,0.019,0.0,15.7,63.3
1784032948.717,1847,1.743,0.78,-0.199,0.0,14.8,73.5
1784032948.717,1847,2.863,1.393,0.075,0.0,19.3,74.4
1784032948.717,1847,5.643,3.294,0.838,0.0,11.3,60.3
1784032948.717,1847,6.939,3.119,1.041,0.0,17.8,59.1
1784032948.818,1848,1.507,-0.442,0.041,0.0,15.3,63.5
1784032948.818,1848,1.77,0.72,-0.185,0.0,14.9,73.3
1784032948.818,1848,2.908,1.294,0.108,0.0,19.5,74.2
1784032948.818,1848,5.759,3.088,0.835,0.0,11.4,60.3
1784032948.818,1848,6.928,3.119,1.111,0.0,17.1,59.8
1784032948.921,1849,1.507,-0.442,0.02,0.0,15.6,63.2
1784032948.921,1849,1.664,-0.16,-0.32,0.0,11.3,64.8
1784032948.921,1849,1.77,0.72,-0.183,0.0,15.1,73.1
1784032948.921,1849,2.908,1.294,0.118,0.0,20.0,73.7
1784032948.921,1849,6.93,3.119,1.097,0.0,17.5,59.4
1784032949.022,1850,1.521,-0.393,-0.007,0.0,15.8,63.1
1784032949.022,1850,1.773,0.72,-0.156,0.0,14.6,73.5
1784032949.022,1850,2.863,1.393,0.089,0.0,19.1,74.6
1784032949.022,1850,6.927,3.119,1.116,0.0,17.3,59.6
1784032949.022,1850,0.35,0.552,0.024,-0.081,12.4,61.2
1784032949.125,1851,1.52,-0.393,0.03,0.0,15.7,63.3
1784032949.125,1851,1.771,0.72,-0.173,0.0,14.8,73.5
1784032949.125,1851,2.862,1.393,0.1,0.0,19.4,74.3
1784032949.125,1851,6.93,3.119,1.099,0.0,18.0,58.8
1784032949.227,1852,1.465,-0.429,0.036,0.0,16.6,62.2
1784032949.227,1852,1.659,-0.16,-0.343,0.0,12.0,64.0
1784032949.227,1852,1.739,0.78,-0.229,0.0,15.2,72.9
1784032949.227,1852,2.863,1.393,0.081,0.0,20.2,73.5
1784032949.227,1852,5.712,3.068,0.887,0.0,11.3,60.9
1784032949.227,1852,6.931,3.119,1.09,0.0,17.3,59.6
1784032949.331,1853,0.404,-0.458,-0.013,0.0,12.7,63.9
1784032949.331,1853,1.769,0.72,-0.189,0.0,15.0,73.2
1784032949.331,1853,2.862,1.393,0.1,0.0,19.9,73.8
1784032949.331,1853,5.776,3.088,0.712,0.0,11.9,60.4
1784032949.331,1853,6.917,3.119,1.175,0.0,17.3,59.5
1784032949.432,1854,1.507,-0.442,0.028,0.0,14.8,64.1
1784032949.432,1854,1.771,0.72,-0.174,0.0,14.6,73.7
1784032949.432,1854,2.908,1.294,0.109,0.0,19.8,73.9
1784032949.432,1854,5.747,3.088,0.916,0.0,11.3,60.0
1784032949.432,1854,6.932,3.119,1.082,0.0,17.7,59.2
1784032949.534,1855,1.465,-0.429,0.041,0.0,15.7,63.1
1784032949.534,1855,1.739,0.78,-0.231,0.0,14.3,73.9
1784032949.534,1855,2.907,1.294,0.14,0.0,20.2,73.4
1784032949.534,1855,5.71,3.068,0.899,0.0,11.6,60.4
1784032949.534,1855,6.931,3.119,1.095,0.0,18.0,58.9
1784032949.636,1856,1.464,-0.429,0.062,0.0,15.1,63.6
1784032949.636,1856,1.772,0.72,-0.168,0.0,14.2,74.0
1784032949.636,1856,2.862,1.393,0.092,0.0,20.0,73.7
1784032949.636,1856,6.84,3.359,0.946,0.0,18.0,59.0
1784032949.737,1857,1.521,-0.393,0.011,0.0,14.5,64.5
1784032949.737,1857,1.77,0.72,-0.182,0.0,13.9,74.3
1784032949.737,1857,2.908,1.294,0.101,0.0,19.8,73.8
1784032949.737,1857,6.834,3.359,0.989,0.0,17.4,59.5
1784032949.84,1858,1.478,-0.382,0.043,0.0,15.1,63.6
1784032949.84,1858,1.771,0.72,-0.17,0.0,14.3,73.9
1784032949.84,1858,2.862,1.393,0.106,0.0,20.1,73.5
1784032949.84,1858,6.923,3.119,1.142,0.0,18.0,58.9
1784032949.941,1859,1.507,-0.442,0.025,0.0,14.5,64.2
1784032949.941,1859,1.739,0.78,-0.231,0.0,14.6,73.6
1784032949.941,1859,2.863,1.393,0.078,0.0,20.0,73.7
1784032949.941,1859,5.755,3.068,0.542,0.0,11.7,60.8
1784032949.941,1859,6.833,3.359,0.993,0.0,18.4,58.6
1784032950.043,1860,0.349,-0.439,-0.242,0.0,13.2,63.9
1784032950.043,1860,1.521,-0.393,0.017,0.0,13.7,65.1
1784032950.043,1860,1.768,0.72,-0.203,0.0,14.1,74.2
1784032950.043,1860,2.863,1.393,0.077,0.0,19.8,73.8
1784032950.043,1860,6.839,3.359,0.949,0.0,18.1,58.9
1784032950.145,1861,1.507,-0.442,0.036,0.0,14.0,64.8
1784032950.145,1861,1.769,0.72,-0.197,0.0,14.5,73.8
1784032950.145,1861,2.862,1.393,0.094,0.0,20.1,73.6
1784032950.145,1861,6.92,3.119,1.162,0.0,17.6,59.3
1784032950.196,1862,1.478,-0.382,0.032,0.0,15.6,63.2
1784032950.196,1862,1.744,0.78,-0.192,0.0,14.3,73.8
1784032950.196,1862,2.862,1.393,0.098,0.0,20.0,73.7
1784032950.196,1862,5.743,3.068,0.662,0.0,11.4,60.4
1784032950.196,1862,6.826,3.359,1.037,0.0,17.7,59.3
1784032950.196,1862,0.37,0.477,0.094,-0.081,14.7,61.1
1784032950.349,1863,1.52,-0.393,0.029,0.0,15.1,63.9
1784032950.349,1863,1.771,0.72,-0.179,0.0,14.8,73.5
1784032950.349,1863,2.863,1.393,0.077,0.0,19.7,74.0
1784032950.349,1863,6.935,3.119,1.067,0.0,18.2,58.9
1784032950.45,1864,0.322,0.458,0.244,0.0,11.6,63.7
1784032950.45,1864,0.37,-0.477,-0.094,0.0,11.6,63.7
1784032950.45,1864,1.465,-0.429,0.034,0.0,15.5,63.3
1784032950.45,1864,1.74,0.78,-0.223,0.0,14.7,73.4
1784032950.45,1864,2.863,1.393,0.09,0.0,20.2,73.5
1784032950.45,1864,5.728,3.068,0.782,0.0,12.4,60.6
1784032950.45,1864,6.815,3.359,1.11,0.0,17.7,59.3
1784032950.45,1864,0.268,0.442,0.085,-0.081,16.9,61.9
1784032950.501,1865,1.521,-0.393,-0.014,0.0,15.2,63.6
1784032950.501,1865,1.739,0.78,-0.228,0.0,14.5,73.5
1784032950.501,1865,2.863,1.393,0.082,0.0,20.5,73.2
1784032950.501,1865,5.848,2.863,0.655,0.0,11.9,61.1
1784032950.501,1865,6.934,3.119,1.07,0.0,17.1,59.9
1784032950.501,1865,0.36,0.439,0.225,-0.081,15.4,61.5
1784032950.604,1866,0.371,0.36,-0.083,0.0,15.4,63.3
1784032950.604,1866,1.521,-0.393,0.024,0.0,15.6,63.3
1784032950.604,1866,1.77,0.72,-0.181,0.0,14.8,73.5
1784032950.604,1866,2.863,1.393,0.068,0.0,19.3,74.4
1784032950.604,1866,6.938,3.119,1.05,0.0,17.0,59.9
1784032950.706,1867,0.277,0.425,-0.128,0.0,13.2,63.7
1784032950.706,1867,0.394,0.42,0.204,0.0,12.7,63.8
1784032950.706,1867,0.309,-0.477,-0.224,0.0,12.7,63.8
1784032950.706,1867,1.478,-0.382,0.043,0.0,15.1,63.7
1784032950.706,1867,1.77,0.72,-0.183,0.0,15.1,73.2
1784032950.706,1867,2.862,1.393,0.095,0.0,20.1,73.7
1784032950.706,1867,5.738,3.068,0.7,0.0,11.3,61.1
1784032950.706,1867,6.925,3.119,1.131,0.0,18.0,58.8
1784032950.809,1868,0.292,0.393,0.185,0.0,14.0,64.0
1784032950.809,1868,1.465,-0.429,0.028,0.0,14.9,63.8
1784032950.809,1868,1.74,0.78,-0.222,0.0,14.8,73.4
1784032950.809,1868,2.862,1.393,0.095,0.0,20.3,73.4
1784032950.809,1868,5.831,2.863,0.791,0.0,12.0,60.7
1784032950.809,1868,6.931,3.119,1.092,0.0,16.7,60.1
1784032950.911,1869,1.772,0.72,-0.163,0.0,14.6,73.6
1784032950.911,1869,2.862,1.393,0.108,0.0,19.9,73.8
1784032950.911,1869,5.764,3.068,0.436,0.0,11.8,60.9
1784032950.911,1869,6.938,3.119,1.048,0.0,17.9,59.0
1784032951.013,1870,1.507,-0.442,0.038,0.0,15.0,63.9
1784032951.013,1870,1.77,0.72,-0.188,0.0,15.0,73.4
1784032951.013,1870,2.907,1.294,0.141,0.0,19.8,73.9
1784032951.013,1870,5.734,3.068,0.733,0.0,12.1,60.7
1784032951.013,1870,6.934,3.119,1.075,0.0,17.1,59.9
1784032951.115,1871,0.412,0.439,0.102,0.0,12.7,63.7
1784032951.115,1871,0.384,-0.439,-0.181,0.0,12.7,63.7
1784032951.115,1871,1.521,-0.393,0.001,0.0,15.2,63.7
1784032951.115,1871,1.739,0.78,-0.227,0.0,14.7,73.4
1784032951.115,1871,2.862,1.393,0.097,0.0,20.3,73.4
1784032951.115,1871,5.823,2.863,0.852,0.0,12.3,60.6
1784032951.115,1871,6.933,3.119,1.079,0.0,17.6,59.4
1784032951.217,1872,0.279,0.442,-0.032,0.0,14.9,64.5
1784032951.217,1872,1.521,-0.393,0.014,0.0,14.7,64.2
1784032951.217,1872,1.744,0.78,-0.19,0.0,14.6,73.8
1784032951.217,1872,2.863,1.393,0.081,0.0,19.6,74.1
1784032951.217,1872,5.638,3.272,0.576,0.0,11.6,60.8
1784032951.217,1872,6.832,3.359,0.999,0.0,17.6,59.4
1784032951.318,1873,1.521,-0.393,0.019,0.0,14.9,63.9
1784032951.318,1873,1.77,0.72,-0.186,0.0,14.6,73.7
1784032951.318,1873,2.863,1.393,0.072,0.0,19.9,73.8
1784032951.318,1873,5.63,3.272,0.652,0.0,11.5,60.7
1784032951.318,1873,6.831,3.359,1.008,0.0,18.1,58.8
1784032951.42,1874,0.347,0.477,0.158,0.0,13.8,63.9
1784032951.42,1874,1.769,0.72,-0.191,0.0,14.4,73.7
1784032951.42,1874,2.863,1.393,0.073,0.0,20.2,73.5
1784032951.42,1874,5.718,3.068,0.853,0.0,11.8,60.5
1784032951.42,1874,6.927,3.119,1.119,0.0,17.8,59.2
1784032951.521,1875,1.464,-0.429,0.066,0.0,15.3,63.4
1784032951.521,1875,1.77,0.72,-0.189,0.0,14.5,73.8
1784032951.521,1875,2.863,1.393,0.084,0.0,19.6,74.0
1784032951.521,1875,6.938,3.119,1.044,0.0,17.6,59.3
1784032951.622,1876,1.506,-0.442,0.054,0.0,15.8,63.3
1784032951.622,1876,1.665,-0.106,-0.335,0.0,11.3,64.9
1784032951.622,1876,1.771,0.72,-0.178,0.0,14.8,73.6
1784032951.622,1876,2.863,1.393,0.084,0.0,19.3,74.3
1784032951.622,1876,6.929,3.119,1.103,0.0,18.2,58.8
1784032951.723,1877,1.52,-0.393,0.032,0.0,14.9,64.2
1784032951.723,1877,1.771,0.72,-0.173,0.0,14.3,73.9
1784032951.723,1877,2.863,1.393,0.085,0.0,20.0,73.6
1784032951.723,1877,5.762,3.068,0.465,0.0,11.4,61.1
1784032951.723,1877,6.936,3.119,1.057,0.0,17.9,59.0
1784032951.824,1878,1.521,-0.393,0.022,0.0,15.2,63.8
1784032951.824,1878,1.77,0.72,-0.18,0.0,14.6,73.7
1784032951.824,1878,2.863,1.393,0.066,0.0,19.5,74.2
1784032951.824,1878,5.767,3.068,0.405,0.0,11.3,60.7
1784032951.824,1878,6.933,3.119,1.081,0.0,18.0,58.9
1784032951.933,1879,0.392,-0.458,-0.097,0.0,12.4,63.0
1784032951.933,1879,1.521,-0.393,0.004,0.0,15.0,63.9
1784032951.933,1879,1.771,0.72,-0.17,0.0,14.9,73.4
1784032951.933,1879,2.863,1.393,0.078,0.0,19.3,74.4
1784032951.933,1879,6.928,3.119,1.109,0.0,18.1,58.8
1784032952.037,1880,0.362,0.42,0.256,0.0,12.4,63.9
1784032952.037,1880,1.465,-0.429,0.047,0.0,14.2,64.5
1784032952.037,1880,1.77,0.72,-0.189,0.0,15.0,73.2
1784032952.037,1880,2.908,1.294,0.113,0.0,19.7,74.0
1784032952.037,1880,5.745,3.068,0.645,0.0,12.4,60.2
1784032952.037,1880,6.92,3.119,1.161,0.0,17.9,58.9
1784032952.14,1881,0.218,0.319,0.071,0.0,11.3,67.3
1784032952.14,1881,1.521,-0.393,0.018,0.0,14.0,64.7
1784032952.14,1881,1.743,0.78,-0.194,0.0,14.8,73.5
1784032952.14,1881,2.863,1.393,0.072,0.0,19.6,74.1
1784032952.14,1881,5.653,3.272,0.41,0.0,11.7,60.6
1784032952.14,1881,6.928,3.119,1.112,0.0,17.6,59.3
1784032952.242,1882,1.52,-0.393,0.033,0.0,14.7,64.1
1784032952.242,1882,1.744,0.78,-0.192,0.0,14.4,73.8
1784032952.242,1882,2.863,1.393,0.08,0.0,19.2,74.4
1784032952.242,1882,6.928,3.119,1.112,0.0,17.5,59.5
1784032952.345,1883,1.521,-0.393,0.016,0.0,14.4,64.5
1784032952.345,1883,1.741,0.78,-0.214,0.0,14.3,73.9
1784032952.345,1883,2.862,1.393,0.102,0.0,19.7,74.0
1784032952.345,1883,5.632,3.272,0.633,0.0,11.3,60.8
1784032952.345,1883,6.924,3.119,1.138,0.0,17.4,59.5
1784032952.446,1884,1.521,-0.393,0.002,0.0,14.1,64.8
1784032952.446,1884,1.769,0.72,-0.189,0.0,14.4,74.0
1784032952.446,1884,2.862,1.393,0.093,0.0,19.8,73.9
1784032952.446,1884,5.757,3.068,0.527,0.0,11.4,60.7
1784032952.446,1884,6.934,3.119,1.072,0.0,17.1,59.8
1784032952.548,1885,0.284,0.36,0.253,0.0,14.3,64.1
1784032952.548,1885,1.521,-0.393,0.019,0.0,15.0,64.0
1784032952.548,1885,1.745,0.78,-0.178,0.0,14.2,74.0
1784032952.548,1885,2.863,1.393,0.078,0.0,19.4,74.3
1784032952.548,1885,6.827,3.359,1.032,0.0,17.1,59.9
1784032952.599,1886,1.507,-0.442,0.045,0.0,14.9,64.1
1784032952.599,1886,1.772,0.72,-0.166,0.0,14.2,74.1
1784032952.599,1886,2.863,1.393,0.086,0.0,19.3,74.4
1784032952.599,1886,6.931,3.119,1.091,0.0,17.8,59.2
1784032952.7,1887,0.319,0.458,0.248,0.0,12.7,63.7
1784032952.7,1887,0.394,-0.458,-0.089,0.0,12.7,63.7
1784032952.7,1887,1.478,-0.382,0.053,0.0,15.9,62.9
1784032952.7,1887,1.771,0.72,-0.175,0.0,14.5,73.8
1784032952.7,1887,2.862,1.393,0.091,0.0,19.7,74.0
1784032952.7,1887,5.772,3.088,0.741,0.0,11.8,60.0
1784032952.7,1887,6.938,3.119,1.047,0.0,17.6,59.3
1784032952.7,1887,6.906,3.398,1.036,0.0,12.6,60.2
1784032952.852,1888,0.409,-0.439,-0.116,0.0,11.8,63.5
1784032952.852,1888,1.507,-0.442,0.039,0.0,14.8,64.2
1784032952.852,1888,1.772,0.72,-0.162,0.0,14.6,73.8
1784032952.852,1888,2.908,1.294,0.114,0.0,19.4,74.3
1784032952.852,1888,6.929,3.119,1.103,0.0,17.6,59.3
1784032952.903,1889,0.314,0.443,0.163,0.0,13.5,64.2
1784032952.903,1889,1.521,-0.393,0.019,0.0,14.1,64.6
1784032952.903,1889,1.77,0.72,-0.185,0.0,14.6,73.7
1784032952.903,1889,2.908,1.294,0.12,0.0,20.0,73.6
1784032952.903,1889,6.913,3.119,1.198,0.0,17.5,59.5
1784032953.004,1890,1.52,-0.393,0.031,0.0,14.4,64.4
1784032953.004,1890,1.771,0.72,-0.174,0.0,14.6,73.8
1784032953.004,1890,2.907,1.294,0.132,0.0,19.8,73.8
1784032953.004,1890,5.763,3.068,0.453,0.0,11.3,60.4
1784032953.004,1890,6.929,3.119,1.103,0.0,17.8,59.2
1784032953.106,1891,1.521,-0.393,0.009,0.0,14.7,64.1
1784032953.106,1891,1.741,0.78,-0.216,0.0,14.7,73.6
1784032953.106,1891,2.863,1.393,0.079,0.0,19.4,74.3
1784032953.106,1891,6.933,3.119,1.077,0.0,17.5,59.5
1784032953.208,1892,0.401,0.458,0.049,0.0,12.0,64.9
1784032953.208,1892,0.335,-0.496,0.121,0.0,12.0,64.9
1784032953.208,1892,1.52,-0.393,0.031,0.0,14.5,64.3
1784032953.208,1892,1.771,0.72,-0.177,0.0,14.8,73.5
1784032953.208,1892,2.863,1.393,0.085,0.0,19.7,74.0
1784032953.208,1892,6.92,3.119,1.161,0.0,17.1,59.8
1784032953.309,1893,1.507,-0.442,0.019,0.0,15.3,63.4
1784032953.309,1893,1.665,-0.16,-0.315,0.0,11.4,65.2
1784032953.309,1893,1.771,0.72,-0.178,0.0,14.8,73.5
1784032953.309,1893,2.863,1.393,0.089,0.0,20.1,73.6
1784032953.309,1893,5.766,3.088,0.788,0.0,11.3,60.1
1784032953.309,1893,6.922,3.119,1.15,0.0,17.8,59.1
1784032953.411,1894,0.309,0.409,0.105,0.0,15.3,64.3
1784032953.411,1894,1.521,-0.393,0.024,0.0,15.2,63.7
1784032953.411,1894,1.77,0.72,-0.18,0.0,15.0,73.3
1784032953.411,1894,2.863,1.393,0.082,0.0,19.6,74.0
1784032953.411,1894,6.82,3.359,1.077,0.0,18.0,58.9
1784032953.515,1895,0.533,0.195,-0.009,0.0,13.1,63.7
1784032953.515,1895,1.521,-0.393,0.017,0.0,14.6,64.2
1784032953.515,1895,1.772,0.72,-0.168,0.0,14.5,73.8
1784032953.515,1895,2.908,1.294,0.123,0.0,19.7,73.9
1784032953.515,1895,5.787,3.088,0.617,0.0,11.7,59.8
1784032953.515,1895,6.922,3.119,1.15,0.0,18.4,58.5
1784032953.617,1896,0.473,0.195,-0.245,0.0,12.5,64.0
1784032953.617,1896,1.52,-0.393,0.029,0.0,15.6,63.4
1784032953.617,1896,1.77,0.72,-0.184,0.0,14.6,73.7
1784032953.617,1896,2.908,1.294,0.113,0.0,19.8,73.8
1784032953.617,1896,6.925,3.119,1.129,0.0,17.9,59.0
1784032953.719,1897,0.303,0.425,0.037,0.0,13.1,64.7
1784032953.719,1897,1.507,-0.442,0.034,0.0,15.0,63.8
1784032953.719,1897,1.772,0.72,-0.169,0.0,14.6,73.7
1784032953.719,1897,2.863,1.393,0.075,0.0,19.4,74.2
1784032953.719,1897,5.745,3.088,0.93,0.0,11.4,60.1
1784032953.719,1897,6.927,3.119,1.117,0.0,17.9,59.2
1784032953.821,1898,0.3,0.409,0.128,0.0,14.7,63.7
1784032953.821,1898,1.477,-0.382,0.06,0.0,15.5,63.2
1784032953.821,1898,1.772,0.72,-0.166,0.0,14.5,73.8
1784032953.821,1898,2.863,1.393,0.084,0.0,19.6,74.0
1784032953.821,1898,6.93,3.119,1.101,0.0,18.0,59.0
1784032953.923,1899,1.464,-0.429,0.069,0.0,15.3,63.4
1784032953.923,1899,1.77,0.72,-0.181,0.0,14.7,73.5
1784032953.923,1899,2.908,1.294,0.118,0.0,20.0,73.6
1784032953.923,1899,5.777,3.088,0.704,0.0,11.6,59.8
1784032953.923,1899,6.934,3.119,1.071,0.0,18.3,58.9
1784032954.025,1900,1.507,-0.442,0.033,0.0,14.3,64.5
1784032954.025,1900,1.771,0.72,-0.175,0.0,14.6,73.7
1784032954.025,1900,2.863,1.393,0.078,0.0,19.5,74.1
1784032954.025,1900,6.932,3.119,1.082,0.0,18.3,58.8
1784032954.126,1901,1.507,-0.442,0.036,0.0,14.6,64.2
1784032954.126,1901,1.77,0.72,-0.185,0.0,15.1,73.3
1784032954.126,1901,2.908,1.294,0.122,0.0,19.5,74.1
1784032954.126,1901,6.937,3.119,1.05,0.0,18.8,58.4
1784032954.227,1902,1.521,-0.393,0.021,0.0,14.6,64.2
1784032954.227,1902,1.741,0.78,-0.214,0.0,14.6,73.7
1784032954.227,1902,2.863,1.393,0.084,0.0,19.8,73.8
1784032954.227,1902,5.785,3.088,0.628,0.0,11.3,60.5
1784032954.227,1902,6.939,3.119,1.04,0.0,18.6,58.6
1784032954.329,1903,0.217,0.319,0.072,0.0,11.6,67.0
1784032954.329,1903,0.376,0.42,0.236,0.0,11.5,63.3
1784032954.329,1903,1.521,-0.393,0.012,0.0,13.5,65.2
1784032954.329,1903,1.771,0.72,-0.172,0.0,14.8,73.5
1784032954.329,1903,2.863,1.393,0.072,0.0,19.4,74.2
1784032954.329,1903,6.931,3.119,1.092,0.0,17.5,59.5
1784032954.431,1904,0.217,0.319,0.071,0.0,11.2,67.3
1784032954.431,1904,1.521,-0.393,0.014,0.0,13.5,65.4
1784032954.431,1904,1.771,0.72,-0.171,0.0,15.1,73.2
1784032954.431,1904,2.863,1.393,0.076,0.0,19.4,74.2
1784032954.431,1904,6.933,3.119,1.082,0.0,18.0,59.1
1784032954.534,1905,0.353,-0.458,-0.197,0.0,12.7,63.2
1784032954.534,1905,1.521,-0.393,0.016,0.0,14.0,64.9
1784032954.534,1905,1.743,0.78,-0.199,0.0,14.6,73.7
1784032954.534,1905,2.863,1.393,0.073,0.0,19.6,74.0
1784032954.534,1905,6.927,3.119,1.115,0.0,17.6,59.3
1784032954.635,1906,0.33,-0.458,-0.233,0.0,12.5,63.3
1784032954.635,1906,1.521,-0.393,0.022,0.0,13.3,65.6
1784032954.635,1906,1.77,0.72,-0.182,0.0,14.1,74.2
1784032954.635,1906,2.863,1.393,0.07,0.0,19.5,74.1
1784032954.635,1906,6.925,3.119,1.131,0.0,17.6,59.3
1784032954.737,1907,1.52,-0.393,0.028,0.0,13.2,65.7
1784032954.737,1907,1.743,0.78,-0.194,0.0,14.5,73.8
1784032954.737,1907,2.863,1.393,0.075,0.0,19.4,74.2
1784032954.737,1907,6.92,3.119,1.157,0.0,17.6,59.3
1784032954.838,1908,0.218,0.319,0.068,0.0,11.3,67.4
1784032954.838,1908,1.506,-0.442,0.052,0.0,13.6,65.2
1784032954.838,1908,1.742,0.78,-0.209,0.0,14.6,73.7
1784032954.838,1908,2.863,1.393,0.074,0.0,19.6,74.0
1784032954.838,1908,5.774,3.088,0.727,0.0,11.9,60.0
1784032954.838,1908,6.925,3.119,1.131,0.0,18.0,59.0
1784032954.94,1909,0.218,0.319,0.07,0.0,11.3,67.5
1784032954.94,1909,0.362,0.401,0.285,0.0,12.9,63.4
1784032954.94,1909,1.507,-0.442,0.025,0.0,14.3,64.6
1784032954.94,1909,1.77,0.72,-0.181,0.0,15.0,73.3
1784032954.94,1909,2.863,1.393,0.072,0.0,19.5,74.1
1784032954.94,1909,6.918,3.119,1.169,0.0,17.7,59.3
1784032955.042,1910,1.507,-0.442,0.04,0.0,14.9,63.9
1784032955.042,1910,1.771,0.72,-0.177,0.0,14.7,73.6
1784032955.042,1910,2.863,1.393,0.073,0.0,19.4,74.2
1784032955.042,1910,6.922,3.119,1.148,0.0,17.7,59.3
1784032955.151,1911,0.446,0.09,-0.153,0.0,12.9,64.0
1784032955.151,1911,0.423,0.42,0.135,0.0,12.3,63.3
1784032955.151,1911,1.52,-0.393,0.033,0.0,15.9,63.1
1784032955.151,1911,1.668,-0.106,-0.318,0.0,11.6,64.8
1784032955.151,1911,1.743,0.78,-0.197,0.0,14.6,73.7
1784032955.151,1911,2.863,1.393,0.077,0.0,19.5,74.2
1784032955.151,1911,6.923,3.119,1.139,0.0,17.7,59.4
1784032955.252,1912,0.217,0.319,0.072,0.0,11.3,67.5
1784032955.252,1912,0.434,0.075,-0.191,0.0,13.4,63.9
1784032955.252,1912,1.507,-0.442,0.032,0.0,15.0,63.9
1784032955.252,1912,1.771,0.72,-0.17,0.0,14.5,73.8
1784032955.252,1912,2.908,1.294,0.11,0.0,19.5,74.2
1784032955.252,1912,6.925,3.119,1.126,0.0,18.2,58.9
1784032955.303,1913,0.408,0.09,-0.236,0.0,12.1,64.8
1784032955.303,1913,1.507,-0.442,0.039,0.0,13.7,65.3
1784032955.303,1913,1.771,0.72,-0.172,0.0,14.3,74.0
1784032955.303,1913,2.863,1.393,0.08,0.0,19.4,74.3
1784032955.303,1913,6.924,3.119,1.137,0.0,17.7,59.5
1784032955.404,1914,1.507,-0.442,0.046,0.0,14.1,64.9
1784032955.404,1914,1.772,0.72,-0.166,0.0,14.1,74.2
1784032955.404,1914,2.863,1.393,0.075,0.0,19.6,74.0
1784032955.404,1914,6.919,3.119,1.165,0.0,17.7,59.4
1784032955.506,1915,0.218,0.319,0.07,0.0,12.4,66.3
1784032955.506,1915,1.507,-0.442,0.035,0.0,14.7,64.3
1784032955.506,1915,1.77,0.72,-0.188,0.0,14.1,74.3
1784032955.506,1915,2.863,1.393,0.079,0.0,19.6,74.0
1784032955.506,1915,5.795,3.088,0.527,0.0,11.4,59.9
1784032955.506,1915,6.927,3.119,1.12,0.0,17.6,59.5
1784032955.608,1916,1.507,-0.442,0.042,0.0,15.6,63.3
1784032955.608,1916,1.769,0.72,-0.197,0.0,14.5,73.9
1784032955.608,1916,2.863,1.393,0.084,0.0,19.4,74.3
1784032955.608,1916,6.93,3.119,1.095,0.0,17.8,59.2
1784032955.608,1916,0.384,0.458,0.126,0.081,17.6,60.8
1784032955.71,1917,0.217,0.319,0.072,0.0,11.5,67.1
1784032955.71,1917,0.416,-0.439,-0.084,0.0,11.7,63.0
1784032955.71,1917,1.521,-0.393,0.014,0.0,15.3,63.7
1784032955.71,1917,1.772,0.72,-0.168,0.0,14.6,73.7
1784032955.71,1917,2.863,1.393,0.075,0.0,19.8,73.9
1784032955.71,1917,6.93,3.119,1.099,0.0,17.7,59.4
1784032955.71,1917,0.348,0.491,0.257,0.081,12.3,60.4
1784032955.815,1918,0.218,0.319,0.07,0.0,12.3,66.5
1784032955.815,1918,1.521,-0.393,0.018,0.0,15.2,63.7
1784032955.815,1918,1.665,-0.106,-0.333,0.0,11.3,65.1
1784032955.815,1918,1.743,0.78,-0.198,0.0,15.0,73.4
1784032955.815,1918,2.862,1.393,0.114,0.0,19.5,74.1
1784032955.815,1918,6.921,3.119,1.151,0.0,18.3,58.8
1784032955.919,1919,0.217,0.319,0.073,0.0,12.1,66.6
1784032955.919,1919,1.507,-0.442,0.039,0.0,15.5,63.4
1784032955.919,1919,1.772,0.72,-0.164,0.0,14.6,73.8
1784032955.919,1919,2.863,1.393,0.08,0.0,19.4,74.3
1784032955.919,1919,6.931,3.119,1.093,0.0,17.9,59.2
1784032956.02,1920,0.218,0.319,0.07,0.0,12.4,66.3
1784032956.02,1920,1.507,-0.442,0.029,0.0,15.0,63.9
1784032956.02,1920,1.771,0.72,-0.173,0.0,14.5,73.9
1784032956.02,1920,2.862,1.393,0.114,0.0,19.5,74.1
1784032956.02,1920,5.765,3.088,0.793,0.0,11.9,60.3
1784032956.02,1920,6.929,3.119,1.106,0.0,18.3,58.9
1784032956.02,1920,0.358,0.439,0.229,0.243,23.7,53.2
1784032956.122,1921,0.217,0.319,0.072,0.0,12.1,66.7
1784032956.122,1921,1.521,-0.393,0.026,0.0,15.1,63.9
1784032956.122,1921,1.742,0.78,-0.206,0.0,14.2,74.2
1784032956.122,1921,2.863,1.393,0.071,0.0,19.5,74.2
1784032956.122,1921,5.673,3.294,0.602,0.0,12.0,60.2
1784032956.122,1921,6.929,3.119,1.107,0.0,18.1,58.8
1784032956.122,1921,0.451,0.524,0.097,0.243,20.6,52.2
1784032956.223,1922,0.217,0.319,0.072,0.0,11.8,67.0
1784032956.223,1922,1.521,-0.393,0.019,0.0,15.0,64.1
1784032956.223,1922,1.772,0.72,-0.161,0.0,14.2,74.2
1784032956.223,1922,2.863,1.393,0.086,0.0,19.6,74.1
1784032956.223,1922,5.781,3.088,0.67,0.0,11.5,60.2
1784032956.223,1922,6.927,3.119,1.115,0.0,18.5,58.3
1784032956.223,1922,0.332,0.477,0.187,0.243,29.2,52.2
1784032956.223,1922,0.472,0.674,0.102,0.243,11.6,54.0
1784032956.324,1923,1.464,-0.429,0.058,0.0,15.6,63.3
1784032956.324,1923,1.742,0.78,-0.206,0.0,14.3,74.0
1784032956.324,1923,2.863,1.393,0.084,0.0,19.8,73.9
1784032956.324,1923,6.926,3.119,1.125,0.0,17.8,59.0
1784032956.324,1923,0.392,0.47,0.23,0.243,24.0,52.3
1784032956.324,1923,0.474,0.614,0.124,0.325,22.1,48.2
1784032956.426,1924,0.538,0.177,-0.019,0.0,11.7,63.8
1784032956.426,1924,1.464,-0.429,0.066,0.0,16.1,62.7
1784032956.426,1924,1.665,-0.106,-0.335,0.0,11.9,64.5
1784032956.426,1924,1.743,0.78,-0.194,0.0,15.1,73.2
1784032956.426,1924,2.863,1.393,0.082,0.0,19.6,74.0
1784032956.426,1924,5.785,3.088,0.629,0.0,11.4,60.0
1784032956.426,1924,6.927,3.119,1.114,0.0,18.7,58.2
1784032956.426,1924,0.386,0.491,0.197,0.162,17.6,57.4
1784032956.426,1924,0.421,0.663,-0.01,0.243,19.1,48.8
1784032956.529,1925,1.521,-0.393,0.023,0.0,14.2,64.8
1784032956.529,1925,1.771,0.72,-0.174,0.0,14.7,73.6
1784032956.529,1925,2.862,1.393,0.094,0.0,19.3,74.3
1784032956.529,1925,5.657,3.294,0.745,0.0,11.4,60.6
1784032956.529,1925,6.931,3.119,1.094,0.0,17.7,59.2
1784032956.631,1926,0.342,0.511,0.224,0.0,12.5,65.2
1784032956.631,1926,1.521,-0.393,0.014,0.0,14.5,64.4
1784032956.631,1926,1.771,0.72,-0.171,0.0,15.2,73.1
1784032956.631,1926,2.908,1.294,0.121,0.0,19.6,74.0
1784032956.631,1926,6.925,3.119,1.131,0.0,18.2,58.8
1784032956.734,1927,0.377,0.524,0.267,0.0,14.3,64.7
1784032956.734,1927,1.521,-0.393,0.008,0.0,14.5,64.4
1784032956.734,1927,1.742,0.78,-0.206,0.0,15.0,73.3
1784032956.734,1927,2.862,1.393,0.101,0.0,19.9,73.8
1784032956.734,1927,6.923,3.119,1.14,0.0,18.4,58.5
1784032956.837,1928,1.521,-0.393,0.015,0.0,13.0,65.8
1784032956.837,1928,1.771,0.72,-0.177,0.0,15.5,72.9
1784032956.837,1928,2.907,1.294,0.129,0.0,19.7,74.0
1784032956.837,1928,6.919,3.119,1.168,0.0,18.7,58.2
1784032956.939,1929,1.521,-0.393,-0.0,0.0,14.8,64.2
1784032956.939,1929,1.77,0.72,-0.182,0.0,15.1,73.1
1784032956.939,1929,2.862,1.393,0.115,0.0,20.0,73.6
1784032956.939,1929,5.747,3.068,0.625,0.0,11.2,61.0
1784032956.939,1929,6.924,3.119,1.135,0.0,18.7,58.2
1784032956.939,1929,1.488,-2.269,0.661,-0.243,11.2,58.6
1784032956.939,1929,0.402,0.545,0.168,-0.081,17.8,64.0
1784032957.041,1930,1.521,-0.393,0.003,0.0,15.6,63.5
1784032957.041,1930,1.66,-0.213,-0.309,0.0,11.3,64.9
1784032957.041,1930,1.665,-0.106,-0.336,0.0,11.3,64.9
1784032957.041,1930,1.772,0.72,-0.165,0.0,14.8,73.6
1784032957.041,1930,2.863,1.393,0.08,0.0,19.6,74.0
1784032957.041,1930,5.766,3.088,0.786,0.0,11.8,60.4
1784032957.041,1930,6.93,3.119,1.095,0.0,18.7,58.1
1784032957.041,1930,0.376,0.511,0.159,-0.162,26.7,56.2
1784032957.142,1931,0.219,0.319,0.066,0.0,12.5,66.5
1784032957.142,1931,1.521,-0.393,0.016,0.0,15.0,64.1
1784032957.142,1931,1.743,0.78,-0.194,0.0,15.0,73.4
1784032957.142,1931,2.863,1.393,0.071,0.0,19.8,73.9
1784032957.142,1931,5.649,3.294,0.801,0.0,11.6,60.6
1784032957.142,1931,6.935,3.119,1.066,0.0,19.0,58.3
1784032957.142,1931,0.316,0.461,0.097,-0.243,24.8,53.4
1784032957.142,1931,0.416,0.491,0.121,-0.162,20.0,58.3
1784032957.142,1931,0.472,0.533,0.207,-0.162,17.2,58.9
1784032957.244,1932,1.507,-0.442,0.034,0.0,14.2,64.7
1784032957.244,1932,1.768,0.72,-0.2,0.0,14.9,73.5
1784032957.244,1932,2.908,1.294,0.105,0.0,19.9,73.6
1784032957.244,1932,5.701,3.068,0.955,0.0,12.5,60.3
1784032957.244,1932,6.935,3.119,1.066,0.0,18.0,58.9
1784032957.244,1932,0.415,0.45,0.231,-0.243,31.0,54.2
1784032957.349,1933,0.538,0.177,-0.032,0.0,12.1,62.2
1784032957.349,1933,1.521,-0.393,0.017,0.0,15.1,63.9
1784032957.349,1933,1.742,0.78,-0.204,0.0,14.7,73.6
1784032957.349,1933,2.863,1.393,0.055,0.0,19.7,73.9
1784032957.349,1933,6.931,3.119,1.092,0.0,18.7,58.9
1784032957.349,1933,0.433,0.401,0.158,-0.162,27.2,57.6
1784032957.401,1934,1.521,-0.393,0.004,0.0,14.0,64.9
1784032957.401,1934,1.743,0.78,-0.195,0.0,15.2,73.3
1784032957.401,1934,2.862,1.393,0.106,0.0,19.6,74.1
1784032957.401,1934,6.836,3.359,0.971,0.0,17.0,58.1
1784032957.401,1934,1.149,1.309,-0.112,-0.243,11.4,56.8
1784032957.401,1934,1.704,-1.228,0.966,-0.243,15.3,62.5
1784032957.401,1934,0.291,0.375,-0.071,-0.162,15.6,67.8
1784032957.401,1934,0.426,0.401,0.176,-0.162,29.4,61.2
1784032957.505,1935,1.521,-0.393,0.017,0.0,14.2,64.7
1784032957.505,1935,1.741,0.78,-0.214,0.0,15.0,73.6
1784032957.505,1935,2.908,1.294,0.122,0.0,19.8,73.9
1784032957.505,1935,6.941,3.119,1.023,0.0,16.5,58.0
1784032957.505,1935,0.296,0.375,-0.043,-0.162,15.7,68.7
1784032957.505,1935,0.385,0.42,0.221,-0.162,18.9,62.4
1784032957.608,1936,0.496,0.248,0.118,0.0,17.1,64.7
1784032957.608,1936,1.521,-0.393,0.008,0.0,14.5,64.4
1784032957.608,1936,1.774,0.72,-0.143,0.0,14.6,73.1
1784032957.608,1936,2.863,1.393,0.088,0.0,19.3,73.6
1784032957.608,1936,6.969,3.119,0.819,0.0,16.5,57.3
1784032957.608,1936,0.441,0.382,0.182,-0.162,15.7,61.8
1784032957.608,1936,1.168,1.14,-0.292,-0.162,12.2,58.9
1784032957.608,1936,0.313,0.36,-0.052,-0.081,19.5,65.9
1784032957.709,1937,0.346,0.33,0.041,0.0,24.4,67.6
1784032957.709,1937,1.521,-0.393,0.023,0.0,14.1,64.8
1784032957.709,1937,1.771,0.72,-0.178,0.0,15.2,73.2
1784032957.709,1937,2.809,1.493,0.149,0.0,21.7,74.2
1784032957.709,1937,6.996,3.119,0.53,0.0,11.7,58.2
1784032957.709,1937,0.519,0.213,0.085,0.081,19.3,64.6
1784032957.709,1937,3.897,-2.875,0.024,-0.243,14.6,53.9
1784032957.709,1937,1.861,-1.091,0.325,-0.162,11.5,64.3
1784032957.709,1937,3.368,-0.993,1.852,-0.081,13.3,66.4
1784032957.812,1938,0.348,0.259,0.05,0.0,14.8,69.0
1784032957.812,1938,0.342,0.36,0.167,0.0,14.8,67.1
1784032957.812,1938,1.52,-0.393,0.029,0.0,11.6,67.2
1784032957.812,1938,2.504,-2.879,0.422,-0.243,13.6,54.4
1784032957.912,1939,0.31,0.33,0.16,0.0,15.3,69.3
1784032957.912,1939,1.507,-0.442,-0.008,0.0,11.8,67.5
1784032957.912,1939,0.507,0.213,0.137,0.081,15.4,68.0
1784032957.912,1939,0.653,0.24,0.055,0.081,16.9,65.1
1784032958.013,1940,0.383,0.285,0.049,0.0,19.5,71.0
1784032958.013,1940,0.566,0.21,0.092,0.0,19.2,67.8
1784032958.013,1940,1.505,-0.442,0.082,0.0,12.4,66.7
1784032958.013,1940,0.629,0.24,0.184,0.081,14.8,65.2
1784032958.115,1941,0.378,0.285,0.081,0.0,18.7,72.8
1784032958.115,1941,0.558,0.191,0.16,0.0,16.5,69.9
1784032958.115,1941,1.478,-0.382,0.048,0.0,11.7,67.3
1784032958.115,1941,3.806,-0.744,0.85,0.0,13.0,69.8
1784032958.217,1942,0.361,0.245,-0.001,0.0,21.8,72.3
1784032958.217,1942,0.532,0.191,0.232,0.0,20.1,68.0
1784032958.217,1942,1.501,-0.442,0.134,0.0,12.7,66.4
1784032958.319,1943,0.371,0.3,0.049,0.0,20.9,71.0
1784032958.319,1943,0.533,0.191,0.23,0.0,17.5,68.6
1784032958.319,1943,1.517,-0.393,-0.107,0.0,12.6,66.4
1784032958.424,1944,0.361,0.245,0.0,0.0,20.1,74.1
1784032958.424,1944,0.602,0.245,0.077,0.0,18.0,66.7
1784032958.424,1944,1.465,-0.429,0.02,0.0,14.4,64.5
1784032958.424,1944,1.641,-0.16,-0.419,0.0,12.2,65.1
1784032958.424,1944,3.826,-0.62,-0.858,0.0,11.3,69.9
1784032958.527,1945,0.346,0.245,-0.103,0.0,17.1,74.1
1784032958.527,1945,0.57,0.191,0.11,0.0,23.2,67.3
1784032958.527,1945,1.465,-0.429,0.018,0.0,13.2,65.7
1784032958.527,1945,3.758,-0.496,-1.18,0.0,11.5,70.2
1784032958.631,1946,1.52,-0.393,0.031,0.0,14.3,64.6
1784032958.631,1946,0.327,0.245,-0.153,0.081,16.1,72.5
1784032958.734,1947,0.666,0.175,0.114,0.0,16.8,64.7
1784032958.734,1947,0.393,0.27,0.057,0.081,27.0,70.9
1784032958.835,1948,0.416,0.311,0.068,0.0,26.2,69.6
1784032958.835,1948,1.507,-0.442,0.019,0.0,13.1,66.2
1784032958.936,1949,0.394,0.27,-0.044,0.0,23.4,70.2
1784032958.936,1949,1.521,-0.393,-0.004,0.0,12.9,66.4
1784032958.936,1949,0.582,0.153,0.105,0.081,19.5,66.0
1784032959.038,1950,1.465,-0.429,-0.03,0.0,12.8,66.4
1784032959.038,1950,0.561,0.115,0.212,0.081,17.6,66.6
1784032959.139,1951,0.416,0.24,0.007,0.0,24.2,71.3
1784032959.139,1951,0.576,0.134,0.155,0.0,22.7,67.7
1784032959.139,1951,1.519,-0.393,0.072,0.0,14.4,65.0
1784032959.139,1951,1.103,-1.841,0.394,-0.081,11.2,71.8
1784032959.243,1952,0.416,0.225,-0.083,0.0,19.3,71.0
1784032959.243,1952,0.548,0.191,0.19,0.0,21.1,67.5
1784032959.243,1952,1.515,-0.344,-0.234,0.0,15.1,63.9
1784032959.243,1952,1.494,-0.442,-0.2,0.0,15.1,63.9
1784032959.243,1952,1.637,-0.16,-0.436,0.0,11.8,64.7
1784032959.344,1953,1.514,-0.393,0.146,0.0,14.0,65.5
1784032959.344,1953,0.456,0.245,0.075,0.081,29.0,67.9
1784032959.344,1953,0.575,0.115,0.171,-0.081,24.3,63.3
1784032959.446,1954,0.58,0.095,0.166,0.0,19.0,65.6
1784032959.446,1954,1.468,-0.442,0.343,0.0,13.0,66.5
1784032959.446,1954,1.389,0.147,-0.719,0.0,13.0,66.5
1784032959.446,1954,0.467,0.229,0.058,0.162,35.2,60.4
1784032959.446,1954,0.943,0.603,0.187,0.487,17.8,49.0
1784032959.446,1954,2.3,-2.965,0.567,-0.162,15.1,56.6
1784032959.497,1955,1.515,-0.393,0.135,0.0,15.0,64.0
1784032959.497,1955,1.426,0.147,-0.641,0.0,15.0,64.0
1784032959.497,1955,0.595,0.076,0.116,0.081,25.1,62.4
1784032959.497,1955,0.478,0.213,-0.001,0.243,38.0,54.3
1784032959.497,1955,3.425,3.035,0.67,0.406,17.1,51.2
1784032959.497,1955,2.459,-2.847,0.508,-0.243,19.5,54.3
1784032959.649,1956,0.19,0.284,0.072,0.0,11.4,67.7
1784032959.649,1956,1.465,-0.429,0.036,0.0,14.2,64.0
1784032959.649,1956,0.719,0.023,0.179,0.243,23.8,59.2
1784032959.649,1956,6.207,3.334,0.965,0.243,12.0,53.0
1784032959.649,1956,6.274,-2.889,1.692,0.243,12.0,53.0
1784032959.649,1956,0.524,0.213,-0.041,0.325,38.6,51.0
1784032959.649,1956,0.803,0.109,0.324,0.325,16.1,57.7
1784032959.649,1956,0.773,0.627,-0.127,-0.649,17.7,49.4
1784032959.649,1956,2.423,-2.814,0.535,-0.325,24.7,52.4
1784032959.75,1957,1.531,-0.344,-0.071,0.0,14.5,64.4
1784032959.75,1957,6.149,-3.354,1.46,0.325,15.0,52.3
1784032959.75,1957,6.307,3.13,1.271,0.325,15.0,52.3
1784032959.75,1957,0.582,0.172,0.067,0.406,44.4,48.6
1784032959.75,1957,0.776,0.049,0.108,0.406,17.4,62.1
1784032959.75,1957,0.583,-0.72,0.252,0.406,12.2,58.9
1784032959.75,1957,5.101,-3.583,1.311,0.406,16.9,53.3
1784032959.75,1957,2.941,3.681,-0.05,-0.649,15.4,50.2
1784032959.802,1958,1.521,-0.393,0.008,0.0,12.4,66.9
1784032959.802,1958,0.628,0.164,0.084,0.325,46.0,49.8
1784032959.905,1959,1.521,-0.393,-0.027,0.0,13.0,67.0
1784032959.905,1959,0.591,0.153,-0.024,0.081,21.0,63.3
1784032959.905,1959,0.663,0.175,0.132,0.243,44.6,51.4
1784032959.905,1959,0.815,-0.026,0.152,0.243,27.4,58.4
1784032960.007,1960,1.532,-0.344,-0.04,0.0,14.2,65.7
1784032960.007,1960,4.972,-6.272,0.622,0.0,13.8,59.4
1784032960.007,1960,0.66,0.131,0.184,0.081,25.0,66.7
1784032960.007,1960,0.897,-0.057,0.178,0.162,11.3,60.7
1784032960.007,1960,0.59,0.153,-0.046,-0.081,18.0,64.8
1784032960.108,1961,0.593,0.134,-0.058,0.0,14.2,71.5
1784032960.108,1961,0.716,-0.046,0.187,0.0,16.2,67.7
1784032960.108,1961,1.776,-0.552,0.628,0.0,12.2,73.4
1784032960.108,1961,4.947,-6.272,0.796,0.0,12.0,60.2
1784032960.108,1961,0.696,0.023,0.256,0.162,22.3,53.2
1784032960.108,1961,0.686,0.087,0.099,-0.162,31.6,55.0
1784032960.108,1961,0.861,-0.027,0.139,-0.081,14.1,64.0
1784032960.209,1962,1.465,-0.429,0.014,0.0,13.1,65.1
1784032960.209,1962,2.848,1.513,0.139,0.0,12.6,71.6
1784032960.209,1962,0.775,-0.025,0.123,-0.325,34.9,49.2
1784032960.209,1962,1.413,0.27,-0.052,-0.325,15.3,54.8
1784032960.209,1962,0.635,0.082,0.137,-0.243,40.1,51.6
1784032960.209,1962,0.72,-0.046,0.171,-0.162,33.9,53.8
1784032960.209,1962,2.51,0.316,0.074,-0.162,12.0,63.3
1784032960.209,1962,0.645,0.102,-0.048,-0.081,16.8,69.5
1784032960.209,1962,0.805,-0.13,0.151,-0.081,16.7,63.8
1784032960.311,1963,1.462,-0.429,-0.095,0.0,13.8,65.3
1784032960.311,1963,1.857,-0.491,-0.407,0.0,14.4,71.7
1784032960.311,1963,2.857,1.393,0.199,0.0,15.2,71.7
1784032960.311,1963,5.835,2.863,0.764,0.0,11.4,60.3
1784032960.311,1963,4.748,-4.499,-0.193,0.0,11.4,60.3
1784032960.311,1963,1.411,0.225,0.18,-0.406,13.6,57.1
1784032960.311,1963,0.608,0.057,-0.02,-0.243,42.1,53.2
1784032960.311,1963,2.131,-2.795,0.667,-0.162,13.1,61.1
1784032960.413,1964,1.876,-0.552,0.176,0.0,19.2,67.2
1784032960.413,1964,2.862,1.393,0.093,0.0,17.1,71.8
1784032960.413,1964,5.72,3.068,0.836,0.0,11.2,60.3
1784032960.413,1964,6.726,3.599,0.88,0.0,12.6,60.0
1784032960.413,1964,1.395,0.18,0.308,-0.487,12.7,57.6
1784032960.413,1964,0.566,0.035,-0.01,-0.243,37.1,54.3
1784032960.413,1964,0.914,0.09,0.279,-0.243,16.2,60.9
1784032960.413,1964,2.112,-2.795,0.725,-0.162,15.8,60.8
1784032960.514,1965,0.202,0.273,0.082,0.0,13.7,68.5
1784032960.514,1965,1.764,0.859,-0.066,0.0,15.7,70.5
1784032960.514,1965,2.861,1.393,0.125,0.0,20.9,72.2
1784032960.514,1965,5.806,2.863,0.957,0.0,14.2,60.1
1784032960.514,1965,6.805,3.34,0.912,0.0,15.1,60.5
1784032960.514,1965,1.036,0.033,-0.15,-0.487,14.6,61.4
1784032960.514,1965,1.393,0.044,-0.078,-0.487,12.3,55.7
1784032960.514,1965,0.582,0.038,0.183,-0.243,35.0,60.3
1784032960.514,1965,0.914,0.029,-0.055,-0.243,15.5,60.0
1784032960.514,1965,2.262,-2.683,0.695,-0.162,12.5,62.5
1784032960.514,1965,3.86,-4.843,1.829,-0.081,11.4,58.5
1784032960.616,1966,1.475,-0.382,-0.108,0.0,14.2,64.3
1784032960.616,1966,1.737,0.78,-0.248,0.0,15.5,71.9
1784032960.616,1966,2.909,1.294,0.078,0.0,23.6,71.6
1784032960.616,1966,5.747,3.088,0.916,0.0,11.7,60.3
1784032960.616,1966,6.84,3.359,0.945,0.0,15.3,60.9
1784032960.616,1966,1.395,0.044,0.024,-0.406,15.5,55.3
1784032960.616,1966,0.566,0.018,-0.038,-0.243,37.2,57.9
1784032960.616,1966,0.685,0.131,0.028,-0.162,23.7,62.1
1784032960.616,1966,2.175,-2.65,0.856,-0.081,11.8,66.0
1784032960.718,1967,1.762,0.72,-0.253,0.0,20.9,69.6
1784032960.718,1967,2.858,1.393,0.186,0.0,20.5,71.8
1784032960.718,1967,5.727,3.088,1.033,0.0,13.3,59.3
1784032960.718,1967,6.669,3.579,1.004,0.0,12.4,60.9
1784032960.718,1967,0.362,-0.147,0.04,-0.487,14.8,65.7
1784032960.718,1967,0.954,-0.06,-0.085,-0.406,17.0,63.3
1784032960.718,1967,1.269,0.041,0.317,-0.325,14.4,57.1
1784032960.718,1967,0.521,-0.033,-0.041,-0.243,32.6,62.2
1784032960.718,1967,0.865,0.027,0.111,-0.162,12.2,62.0
1784032960.718,1967,5.196,-3.599,-3.444,-0.081,11.2,58.9
1784032960.823,1968,0.684,0.131,-0.051,0.0,13.4,64.9
1784032960.823,1968,1.767,0.72,-0.209,0.0,21.1,67.2
1784032960.823,1968,2.907,1.294,0.143,0.0,21.8,72.2
1784032960.823,1968,5.631,3.294,0.916,0.0,11.7,60.2
1784032960.823,1968,6.818,3.34,0.804,0.0,16.3,60.0
1784032960.823,1968,0.477,-0.045,-0.032,-0.081,17.2,73.6
1784032960.925,1969,1.633,0.727,-0.063,0.0,12.9,66.7
1784032960.925,1969,1.758,0.72,-0.277,0.0,21.0,67.2
1784032960.925,1969,2.908,1.294,0.107,0.0,22.1,72.5
1784032960.925,1969,6.736,3.599,0.799,0.0,14.9,60.8
1784032960.925,1969,0.508,-0.016,0.124,-0.081,22.7,75.3
1784032960.925,1969,0.903,-0.115,-0.104,-0.081,14.1,65.6
1784032961.028,1970,1.76,0.72,-0.265,0.0,21.7,67.4
1784032961.028,1970,2.903,1.294,0.207,0.0,20.4,72.6
1784032961.028,1970,5.769,3.088,0.766,0.0,11.8,60.3
1784032961.028,1970,6.812,3.359,1.128,0.0,15.6,59.5
1784032961.028,1970,0.506,-0.016,0.133,-0.081,23.4,72.8
1784032961.13,1971,1.657,0.671,-0.052,0.0,12.2,66.0
1784032961.13,1971,1.734,0.78,-0.267,0.0,19.8,68.0
1784032961.13,1971,2.863,1.393,0.063,0.0,20.3,73.7
1784032961.13,1971,5.613,3.294,1.021,0.0,11.5,60.3
1784032961.13,1971,6.839,3.359,0.951,0.0,16.5,59.9
1784032961.13,1971,0.478,-0.045,-0.004,-0.081,23.0,74.9
1784032961.233,1972,1.736,0.78,-0.251,0.0,20.5,68.0
1784032961.233,1972,2.861,1.393,0.119,0.0,21.7,72.2
1784032961.233,1972,5.739,3.088,0.964,0.0,11.8,60.3
1784032961.233,1972,6.835,3.359,0.981,0.0,16.9,59.6
1784032961.233,1972,0.476,-0.045,0.045,-0.081,22.0,75.7
1784032961.334,1973,0.417,-0.068,-0.109,0.0,11.4,78.1
1784032961.334,1973,0.491,-0.033,0.178,0.0,14.6,76.1
1784032961.334,1973,1.73,0.78,-0.289,0.0,20.2,67.8
1784032961.334,1973,2.864,1.393,0.042,0.0,21.7,72.2
1784032961.334,1973,5.675,3.088,1.286,0.0,12.6,59.6
1784032961.334,1973,6.851,3.359,0.864,0.0,16.8,59.8
1784032961.334,1973,0.907,-0.115,-0.06,-0.081,11.8,68.1
1784032961.436,1974,0.476,-0.045,0.037,0.0,18.3,75.7
1784032961.436,1974,1.744,0.78,-0.189,0.0,21.5,66.7
1784032961.436,1974,2.861,1.393,0.134,0.0,21.5,72.3
1784032961.436,1974,5.634,3.294,0.902,0.0,11.7,59.9
1784032961.436,1974,6.806,3.359,1.165,0.0,16.4,59.8
1784032961.539,1975,0.476,-0.045,0.042,0.0,22.6,75.9
1784032961.539,1975,1.74,0.78,-0.223,0.0,19.6,68.5
1784032961.539,1975,2.857,1.393,0.199,0.0,19.9,73.5
1784032961.539,1975,5.75,3.088,0.897,0.0,12.6,59.4
1784032961.539,1975,6.783,3.34,1.061,0.0,14.2,60.7
1784032961.641,1976,0.474,-0.06,0.041,0.0,23.8,76.0
1784032961.641,1976,1.721,0.78,-0.34,0.0,19.1,68.7
1784032961.641,1976,2.864,1.393,0.049,0.0,21.1,73.4
1784032961.641,1976,5.702,3.068,0.953,0.0,11.9,60.5
1784032961.641,1976,6.721,3.579,0.559,0.0,16.6,59.3
1784032961.641,1976,6.964,3.398,0.511,0.0,13.3,58.1
1784032961.641,1976,0.228,-0.106,0.071,0.162,15.4,67.3
1784032961.743,1977,0.476,-0.045,0.037,0.0,23.6,76.5
1784032961.743,1977,1.698,0.559,-0.064,0.0,14.2,66.9
1784032961.743,1977,1.781,0.66,-0.278,0.0,19.1,67.8
1784032961.743,1977,1.023,-1.62,-0.126,0.0,19.1,67.8
1784032961.743,1977,2.91,1.294,0.044,0.0,21.0,71.0
1784032961.743,1977,6.868,3.359,0.708,0.0,14.2,60.5
1784032961.743,1977,0.249,-0.124,0.125,0.162,17.6,68.6
1784032961.743,1977,0.23,-0.2,0.009,0.162,17.6,68.6
1784032961.845,1978,0.476,-0.045,0.036,0.0,22.8,75.4
1784032961.845,1978,1.007,-1.657,0.312,0.0,20.5,67.9
1784032961.845,1978,1.791,0.798,-0.106,0.0,20.5,67.9
1784032961.845,1978,2.909,1.294,0.075,0.0,23.4,70.8
1784032961.845,1978,6.864,3.359,0.753,0.0,15.9,60.7
1784032961.945,1979,0.479,-0.03,0.003,0.0,18.8,77.2
1784032961.945,1979,1.166,-1.631,0.092,0.0,16.8,69.5
1784032961.945,1979,1.722,1.003,-0.232,0.0,16.8,69.5
1784032961.945,1979,2.906,1.294,0.161,0.0,19.9,71.6
1784032961.945,1979,5.807,3.088,0.378,0.0,12.9,58.7
1784032961.945,1979,6.824,3.359,1.052,0.0,16.1,59.6
1784032962.047,1980,0.471,-0.045,0.081,0.0,19.9,75.7
1784032962.047,1980,1.779,0.66,-0.289,0.0,19.5,68.0
1784032962.047,1980,1.023,-1.62,-0.12,0.0,19.5,68.0
1784032962.047,1980,2.94,1.312,0.246,0.0,20.2,70.0
1784032962.047,1980,6.813,3.359,1.123,0.0,15.5,59.0
1784032962.15,1981,0.509,-0.016,0.121,0.0,16.8,75.0
1784032962.15,1981,1.753,0.72,-0.304,0.0,19.2,68.4
1784032962.15,1981,2.909,1.294,-0.094,0.0,20.0,71.1
1784032962.15,1981,6.863,3.359,0.755,0.0,14.4,59.0
1784032962.201,1982,0.432,-0.055,-0.031,0.0,16.3,76.1
1784032962.201,1982,0.51,-0.033,0.112,0.0,19.6,74.2
1784032962.201,1982,1.658,0.671,-0.007,0.0,11.3,68.2
1784032962.201,1982,2.91,1.294,0.005,0.0,22.5,70.6
1784032962.201,1982,3.104,1.26,0.251,0.0,11.3,71.2
1784032962.201,1982,6.896,3.359,0.349,0.0,15.0,59.1
1784032962.303,1983,0.494,-0.049,0.167,0.0,16.9,74.7
1784032962.303,1983,1.679,0.615,0.051,0.0,11.3,68.0
1784032962.303,1983,1.053,-1.657,0.051,0.0,18.3,69.2
1784032962.303,1983,1.815,0.736,-0.14,0.0,18.3,69.2
1784032962.303,1983,2.909,1.294,-0.075,0.0,20.5,70.9
1784032962.303,1983,5.862,2.863,0.513,0.0,11.5,58.8
1784032962.303,1983,6.875,3.359,0.639,0.0,13.7,59.6
1784032962.454,1984,0.514,-0.049,0.084,0.0,19.1,74.4
1784032962.454,1984,0.74,-0.0,0.053,0.0,11.6,71.4
1784032962.454,1984,1.746,0.72,-0.346,0.0,19.3,68.4
1784032962.454,1984,1.115,-1.56,0.095,0.0,19.3,68.4
1784032962.454,1984,2.951,1.194,-0.086,0.0,18.9,70.8
1784032962.454,1984,3.151,1.155,0.154,0.0,12.3,70.9
1784032962.454,1984,6.976,3.119,0.751,0.0,13.1,58.4
1784032962.506,1985,0.501,-0.049,0.145,0.0,16.7,75.7
1784032962.506,1985,0.71,-0.0,0.215,0.0,12.5,71.6
1784032962.506,1985,1.78,0.66,-0.286,0.0,21.0,67.5
1784032962.506,1985,2.952,1.194,-0.033,0.0,17.0,71.2
1784032962.608,1986,0.493,-0.033,0.172,0.0,17.4,75.2
1784032962.608,1986,1.751,0.72,-0.318,0.0,21.1,68.5
1784032962.608,1986,2.952,1.194,0.046,0.0,15.9,71.0
1784032962.608,1986,3.124,1.05,0.65,0.0,11.3,70.7
1784032962.711,1987,0.505,-0.033,0.134,0.0,20.5,75.9
1784032962.711,1987,1.789,0.66,-0.218,0.0,21.8,67.8
1784032962.711,1987,2.952,1.194,0.032,0.0,16.4,71.0
1784032962.711,1987,0.324,-0.033,0.127,0.162,15.1,68.4
1784032962.711,1987,0.316,-0.142,-0.042,0.162,15.1,68.4
1784032962.812,1988,0.519,-0.016,0.069,0.0,25.4,72.7
1784032962.812,1988,1.052,-1.657,0.053,0.0,19.3,68.4
1784032962.812,1988,1.864,0.614,-0.072,0.0,19.3,68.4
1784032962.812,1988,2.91,1.294,-0.028,0.0,17.5,71.1
1784032962.812,1988,5.761,3.068,0.477,0.0,11.2,58.5
1784032962.812,1988,1.014,-0.262,-0.008,0.162,12.4,56.6
1784032962.812,1988,0.274,-0.134,0.02,0.568,19.2,63.0
1784032962.912,1989,1.043,-1.657,0.149,0.0,18.1,69.3
1784032962.912,1989,1.816,0.736,-0.122,0.0,18.1,69.3
1784032962.912,1989,2.91,1.294,-0.035,0.0,19.9,69.8
1784032962.912,1989,6.98,3.119,0.716,0.0,11.3,59.1
1784032962.912,1989,0.513,-0.016,0.102,0.081,23.2,73.7
1784032962.912,1989,1.091,-0.0,0.312,0.162,12.4,58.6
1784032962.912,1989,0.3,-0.019,0.057,-0.487,25.7,59.2
1784032963.014,1990,1.757,0.72,-0.283,0.0,21.6,67.0
1784032963.014,1990,2.909,1.294,-0.096,0.0,16.7,70.7
1784032963.014,1990,0.516,-0.016,0.085,0.081,25.8,72.5
1784032963.014,1990,0.907,-0.029,-0.126,0.243,14.7,62.1
1784032963.114,1991,1.756,0.72,-0.287,0.0,22.3,67.7
1784032963.114,1991,2.91,1.294,-0.04,0.0,19.1,71.3
1784032963.114,1991,6.881,3.359,0.578,0.0,12.9,58.2
1784032963.114,1991,0.518,-0.0,0.077,0.162,35.5,60.8
1784032963.114,1991,0.903,-0.0,-0.156,0.243,11.6,64.3
1784032963.217,1992,1.658,0.671,0.018,0.0,14.1,66.6
1784032963.217,1992,1.725,0.78,-0.317,0.0,19.8,68.0
1784032963.217,1992,2.907,1.294,-0.14,0.0,21.1,72.0
1784032963.217,1992,6.97,3.119,0.806,0.0,14.9,59.0
1784032963.217,1992,2.22,-2.795,0.245,0.081,11.3,66.4
1784032963.217,1992,0.523,0.016,0.028,0.162,34.6,60.8
1784032963.217,1992,0.953,0.03,-0.107,0.325,11.7,63.6
1784032963.323,1993,1.634,0.727,-0.014,0.0,11.7,68.8
1784032963.323,1993,1.053,-1.657,0.044,0.0,16.8,70.7
1784032963.323,1993,2.904,1.294,-0.195,0.0,20.2,71.5
1784032963.323,1993,5.85,2.863,0.642,0.0,11.9,58.9
1784032963.323,1993,6.978,3.119,0.731,0.0,15.2,58.5
1784032963.323,1993,2.345,-2.683,0.314,0.081,14.3,67.0
1784032963.323,1993,0.567,0.018,0.017,0.162,32.7,61.1
1784032963.323,1993,0.585,-0.172,-0.03,0.406,33.5,48.1
1784032963.425,1994,1.49,-0.442,-0.23,0.0,15.0,65.9
1784032963.425,1994,1.053,-1.657,0.034,0.0,14.4,72.8
1784032963.425,1994,2.903,1.294,-0.201,0.0,15.9,71.3
1784032963.425,1994,2.213,-2.795,0.301,0.081,14.2,66.2
1784032963.425,1994,0.68,-0.131,0.089,0.162,27.7,59.1
1784032963.425,1994,0.886,0.172,-0.156,0.162,13.3,62.0
1784032963.425,1994,0.564,0.053,-0.029,0.243,37.1,54.7
1784032963.527,1995,1.479,-0.442,-0.292,0.0,14.1,65.2
1784032963.527,1995,1.052,-1.657,0.058,0.0,14.1,73.3
1784032963.527,1995,2.859,1.393,-0.167,0.0,14.6,71.0
1784032963.527,1995,0.599,0.057,0.103,0.243,41.7,53.6
1784032963.527,1995,0.729,-0.07,0.12,0.243,30.5,56.7
1784032963.527,1995,1.373,0.18,0.393,0.406,11.5,56.2
1784032963.63,1996,1.448,-0.429,-0.227,0.0,13.1,65.7
1784032963.63,1996,1.052,-1.657,0.057,0.0,13.2,74.1
1784032963.63,1996,4.481,-4.641,0.267,0.081,13.0,56.2
1784032963.63,1996,0.602,0.057,-0.086,0.162,32.6,59.4
1784032963.63,1996,0.681,-0.044,0.148,0.162,34.4,56.8
1784032963.733,1997,1.472,-0.54,-0.092,0.0,11.8,65.3
1784032963.733,1997,1.053,-1.657,0.031,0.0,13.9,73.5
1784032963.733,1997,0.648,0.082,0.047,0.162,34.9,58.1
1784032963.733,1997,0.848,0.27,-0.361,0.162,11.3,61.6
1784032963.834,1998,1.459,-0.429,-0.136,0.0,13.0,64.2
1784032963.834,1998,1.053,-1.657,0.032,0.0,14.8,72.7
1784032963.834,1998,5.277,-6.021,0.587,0.0,12.7,57.3
1784032963.834,1998,0.592,0.115,-0.095,0.081,20.3,70.5
1784032963.834,1998,1.027,-1.737,-0.705,0.081,13.3,70.4
1784032963.834,1998,2.506,0.316,0.159,0.243,12.0,57.2
1784032963.937,1999,1.511,-0.393,-0.173,0.0,15.0,63.8
1784032963.937,1999,1.672,-0.106,-0.297,0.0,11.6,64.8
1784032963.937,1999,1.053,-1.657,0.051,0.0,13.1,74.3
1784032963.937,1999,4.999,-6.272,0.345,0.0,12.0,58.6
1784032963.937,1999,0.641,0.123,-0.052,0.081,22.6,70.5
1784032963.937,1999,1.014,-1.603,-0.985,0.081,14.6,71.0
1784032963.937,1999,2.536,0.322,0.3,0.243,14.2,56.7
1784032964.039,2000,1.463,-0.429,-0.081,0.0,12.0,65.5
1784032964.039,2000,1.681,-0.106,-0.244,0.0,13.1,65.2
1784032964.039,2000,1.052,-1.657,0.053,0.0,12.7,74.8
1784032964.039,2000,0.642,0.123,-0.022,0.081,23.2,69.9
1784032964.039,2000,0.761,-0.025,0.192,0.162,36.1,56.3
1784032964.14,2001,1.498,-0.442,-0.168,0.0,14.8,64.1
1784032964.14,2001,1.687,-0.106,-0.197,0.0,13.8,63.9
1784032964.14,2001,1.054,-1.657,0.006,0.0,12.7,74.9
1784032964.14,2001,2.949,1.312,-0.092,0.0,11.9,71.8
1784032964.14,2001,0.633,0.143,-0.088,0.081,22.0,69.4
1784032964.14,2001,4.801,-4.237,0.83,0.081,11.4,57.5
1784032964.14,2001,6.222,1.614,0.613,0.081,11.4,57.5
1784032964.14,2001,0.736,0.07,0.058,0.162,38.2,54.0
1784032964.243,2002,1.488,-0.491,-0.107,0.0,13.8,64.2
1784032964.243,2002,1.693,-0.106,-0.137,0.0,12.2,65.4
1784032964.243,2002,1.054,-1.657,0.02,0.0,13.3,74.4
1784032964.243,2002,2.858,1.393,-0.19,0.0,14.0,71.0
1784032964.243,2002,5.297,-6.021,0.364,0.0,13.5,58.2
1784032964.243,2002,0.711,0.116,0.178,0.162,37.1,54.7
1784032964.243,2002,0.993,0.065,0.325,0.162,12.5,59.7
1784032964.243,2002,4.581,-4.469,1.141,0.162,13.8,55.8
1784032964.243,2002,6.339,1.422,0.225,0.162,13.8,55.8
1784032964.243,2002,0.637,0.102,-0.11,0.243,40.0,52.5
1784032964.345,2003,1.5,-0.442,-0.149,0.0,16.0,63.4
1784032964.345,2003,1.053,-1.657,0.046,0.0,14.2,73.4
1784032964.345,2003,2.902,1.294,-0.216,0.0,16.0,71.2
1784032964.345,2003,0.767,0.311,-0.047,0.081,15.6,63.6
1784032964.345,2003,0.677,0.065,-0.157,0.243,41.8,50.7
1784032964.345,2003,0.858,0.027,0.154,0.325,24.8,57.8
1784032964.345,2003,0.934,-0.06,0.214,0.487,17.4,57.0
1784032964.345,2003,1.335,0.211,-0.055,0.487,11.7,59.2
1784032964.446,2004,0.808,0.181,0.031,0.0,17.8,65.1
1784032964.446,2004,1.494,-0.442,-0.201,0.0,14.0,65.1
1784032964.446,2004,1.053,-1.657,0.033,0.0,14.2,73.5
1784032964.446,2004,2.907,1.294,-0.126,0.0,18.7,70.7
1784032964.446,2004,4.986,-6.272,0.504,0.0,12.3,58.5
1784032964.446,2004,0.76,0.172,0.101,0.081,21.1,64.4
1784032964.446,2004,0.736,0.093,0.021,0.243,45.8,49.3
1784032964.446,2004,1.041,0.098,0.063,0.243,15.7,58.6
1784032964.446,2004,0.864,-0.055,0.109,0.406,36.3,47.5
1784032964.446,2004,0.962,-0.031,0.283,0.487,15.8,55.4
1784032964.548,2005,1.49,-0.442,-0.228,0.0,14.3,64.3
1784032964.548,2005,1.054,-1.657,0.015,0.0,14.7,73.0
1784032964.548,2005,2.901,1.294,-0.226,0.0,17.8,71.0
1784032964.548,2005,6.885,3.359,0.521,0.0,12.0,59.7
1784032964.548,2005,4.977,-6.272,0.581,0.0,13.4,58.9
1784032964.548,2005,0.761,0.123,0.149,0.081,23.0,66.8
1784032964.548,2005,0.767,0.123,0.115,0.243,42.5,47.3
1784032964.548,2005,0.914,-0.057,0.038,0.243,31.6,53.0
1784032964.548,2005,0.733,0.093,-0.065,0.487,40.0,46.1
1784032964.598,2006,1.514,-0.393,-0.14,0.0,13.6,65.5
1784032964.598,2006,1.054,-1.657,0.018,0.0,14.3,73.4
1784032964.598,2006,2.905,1.294,-0.177,0.0,17.7,71.3
1784032964.598,2006,4.668,-6.522,0.331,0.0,12.6,59.0
1784032964.598,2006,4.742,-4.499,0.32,0.162,13.3,54.4
1784032964.598,2006,6.269,1.636,0.926,0.162,13.3,54.4
1784032964.598,2006,0.817,0.078,-0.114,0.487,42.2,47.2
1784032964.703,2007,1.517,-0.393,-0.103,0.0,13.4,64.7
1784032964.703,2007,1.054,-1.657,0.022,0.0,14.8,72.8
1784032964.703,2007,2.896,1.294,-0.285,0.0,17.7,70.9
1784032964.703,2007,4.978,-6.272,0.572,0.0,14.2,59.8
1784032964.703,2007,0.811,0.13,0.11,0.162,41.0,51.5
1784032964.703,2007,0.805,0.078,-0.18,-0.081,25.4,61.4
1784032964.854,2008,2.91,1.294,0.034,0.0,11.6,71.2
1784032964.854,2008,4.988,-6.272,0.483,0.0,15.4,59.4
1784032964.854,2008,0.812,0.13,0.103,0.081,23.0,69.6
1784032964.854,2008,2.773,-0.0,0.327,0.243,11.7,58.4
1784032964.854,2008,4.371,-4.735,1.37,-0.162,13.9,51.3
1784032964.854,2008,6.367,1.647,0.381,-0.162,13.9,51.3
1784032964.905,2009,0.808,0.104,-0.156,0.0,19.8,70.0
1784032964.905,2009,4.654,-6.522,0.488,0.0,15.9,59.4
1784032964.905,2009,0.86,0.315,-0.021,0.162,37.5,50.6
1784032965.008,2010,0.813,0.13,-0.098,0.0,21.7,67.1
1784032965.008,2010,4.658,-6.522,0.455,0.0,17.7,58.8
1784032965.008,2010,0.794,0.3,0.201,0.081,24.5,64.8
1784032965.008,2010,3.808,-0.368,0.882,0.081,14.4,66.1
1784032965.008,2010,3.34,-1.35,-1.561,0.081,14.4,66.1
1784032965.008,2010,0.761,0.259,0.201,0.162,36.2,52.0
1784032965.008,2010,0.889,0.36,-0.03,0.325,36.7,46.9
1784032965.008,2010,0.99,0.063,0.15,-0.081,11.8,67.2
1784032965.109,2011,0.97,0.22,0.132,0.0,13.5,68.1
1784032965.109,2011,1.52,-0.393,-0.058,0.0,11.3,67.7
1784032965.109,2011,4.656,-6.522,0.468,0.0,17.4,59.2
1784032965.109,2011,0.823,0.273,0.102,0.162,36.2,51.8
1784032965.109,2011,3.837,-0.372,0.951,0.162,17.8,56.1
1784032965.109,2011,0.789,0.327,0.179,0.406,42.7,47.3
1784032965.109,2011,5.201,-3.86,0.56,-0.243,15.7,51.8
1784032965.109,2011,1.008,0.196,0.205,-0.162,26.9,51.8
1784032965.21,2012,4.653,-6.522,0.502,0.0,17.1,60.1
1784032965.21,2012,0.845,0.229,0.27,0.081,22.6,65.9
1784032965.21,2012,0.74,0.363,-0.086,0.243,37.7,47.3
1784032965.21,2012,0.843,0.39,0.243,0.325,34.6,48.7
1784032965.21,2012,1.637,-1.693,0.046,0.487,13.8,59.3
1784032965.21,2012,0.871,0.556,-0.17,0.568,30.7,48.7
1784032965.21,2012,5.495,-3.453,0.377,-0.162,12.5,51.0
1784032965.311,2013,4.65,-6.522,0.532,0.0,16.7,60.5
1784032965.311,2013,0.775,0.458,0.172,0.162,40.1,51.5
1784032965.311,2013,5.066,-3.477,2.253,-0.162,12.3,50.5
1784032965.413,2014,0.783,0.458,0.129,0.0,23.3,66.1
1784032965.413,2014,4.64,-6.522,0.606,0.0,16.1,61.3
1784032965.413,2014,0.885,0.408,0.241,0.081,19.9,64.8
1784032965.514,2015,2.993,1.211,0.02,0.0,11.9,73.2
1784032965.514,2015,4.964,-6.272,0.683,0.0,15.9,61.6
1784032965.514,2015,0.701,0.518,-0.036,0.081,23.6,63.6
1784032965.514,2015,0.777,0.674,0.479,0.162,14.2,56.0
1784032965.514,2015,0.754,0.487,0.183,-0.081,21.7,64.6
1784032965.615,2016,0.655,0.63,0.117,0.0,16.8,67.4
1784032965.615,2016,1.507,-0.442,-0.03,0.0,11.9,67.1
1784032965.615,2016,2.908,1.294,-0.102,0.0,16.5,73.1
1784032965.615,2016,4.955,-6.272,0.746,0.0,15.6,62.4
1784032965.615,2016,0.897,0.524,0.134,-0.325,28.7,49.1
1784032965.615,2016,0.79,0.429,0.175,-0.243,37.9,46.7
1784032965.615,2016,0.658,0.573,-0.025,-0.081,19.7,64.7
1784032965.716,2017,0.6,0.627,0.092,0.0,17.3,66.7
1784032965.716,2017,1.492,-0.491,0.004,0.0,13.1,65.9
1784032965.716,2017,1.803,0.736,-0.252,0.0,13.5,75.3
1784032965.716,2017,2.951,1.194,-0.09,0.0,16.9,73.1
1784032965.716,2017,6.985,3.119,0.661,0.0,13.9,59.2
1784032965.716,2017,4.952,-6.272,0.768,0.0,16.1,62.7
1784032965.716,2017,0.895,0.524,0.143,-0.487,30.7,47.7
1784032965.716,2017,0.822,0.533,0.216,-0.406,32.1,46.9
1784032965.716,2017,0.765,0.487,0.133,-0.243,36.3,48.2
1784032965.716,2017,0.649,0.63,0.148,-0.081,17.9,65.6
1784032965.818,2018,0.522,0.654,-0.247,0.0,17.6,63.8
1784032965.818,2018,1.492,-0.491,-0.016,0.0,15.4,63.6
1784032965.818,2018,1.835,0.675,-0.181,0.0,13.3,75.1
1784032965.818,2018,2.908,1.294,-0.126,0.0,16.7,72.9
1784032965.818,2018,6.974,3.119,0.77,0.0,13.2,59.4
1784032965.818,2018,4.946,-6.272,0.803,0.0,16.0,63.0
1784032965.818,2018,0.6,0.627,-0.09,-0.243,23.2,47.8
1784032965.818,2018,0.756,0.659,0.032,-0.243,28.9,47.5
1784032965.92,2019,0.551,0.654,-0.17,0.0,17.9,64.3
1784032965.92,2019,1.492,-0.491,-0.014,0.0,14.7,64.2
1784032965.92,2019,1.833,0.675,-0.198,0.0,13.4,74.9
1784032965.92,2019,2.907,1.294,-0.13,0.0,16.8,73.0
1784032965.92,2019,6.973,3.119,0.78,0.0,13.5,59.4
1784032965.92,2019,4.627,-6.522,0.701,0.0,15.9,62.6
1784032965.92,2019,0.733,0.78,0.376,0.162,18.7,53.7
1784032965.92,2019,2.682,3.109,0.566,0.243,14.3,54.6
1784032965.92,2019,3.889,-1.425,-0.149,0.243,14.3,54.6
1784032965.92,2019,0.661,0.69,-0.092,-0.162,29.0,50.5
1784032966.025,2020,0.466,0.736,0.043,0.0,20.3,63.9
1784032966.025,2020,1.492,-0.491,-0.022,0.0,14.9,64.1
1784032966.025,2020,1.65,-0.16,-0.385,0.0,11.3,65.1
1784032966.025,2020,2.951,1.194,-0.082,0.0,16.5,73.2
1784032966.025,2020,2.861,1.393,-0.139,0.0,16.5,73.2
1784032966.025,2020,6.973,3.119,0.776,0.0,13.2,59.2
1784032966.025,2020,4.633,-6.522,0.662,0.0,16.7,62.6
1784032966.025,2020,0.626,0.92,0.386,0.162,18.7,56.2
1784032966.128,2021,1.507,-0.442,-0.016,0.0,12.0,66.8
1784032966.128,2021,2.951,1.194,-0.087,0.0,16.8,72.9
1784032966.128,2021,6.978,3.119,0.735,0.0,13.5,59.2
1784032966.128,2021,4.969,-6.272,0.651,0.0,16.0,62.9
1784032966.128,2021,0.467,0.736,-0.032,0.081,21.3,64.6
1784032966.229,2022,1.507,-0.442,-0.024,0.0,14.5,64.4
1784032966.229,2022,1.053,-1.657,0.034,0.0,13.3,75.0
1784032966.229,2022,2.908,1.294,-0.123,0.0,16.3,73.4
1784032966.229,2022,6.976,3.119,0.753,0.0,14.0,59.0
1784032966.229,2022,4.951,-6.272,0.773,0.0,14.8,62.6
1784032966.229,2022,0.618,0.72,0.145,0.243,26.6,48.0
1784032966.229,2022,0.653,0.818,0.015,0.325,22.6,49.2
1784032966.331,2023,1.507,-0.442,-0.028,0.0,14.8,64.2
1784032966.331,2023,2.951,1.194,-0.096,0.0,16.9,72.8
1784032966.331,2023,2.86,1.393,-0.151,0.0,16.9,72.8
1784032966.331,2023,6.98,3.119,0.715,0.0,13.9,59.2
1784032966.331,2023,4.63,-6.522,0.683,0.0,15.3,62.2
1784032966.331,2023,0.614,0.784,0.124,0.325,26.2,47.4
1784032966.434,2024,1.507,-0.442,-0.019,0.0,14.6,64.4
1784032966.434,2024,2.951,1.194,-0.085,0.0,16.6,73.1
1784032966.434,2024,2.86,1.393,-0.142,0.0,16.6,73.1
1784032966.434,2024,6.977,3.119,0.74,0.0,13.9,59.5
1784032966.434,2024,4.976,-6.272,0.588,0.0,15.4,63.0
1784032966.434,2024,0.605,0.851,0.078,0.243,24.4,48.6
1784032966.434,2024,2.87,3.042,0.648,0.243,14.4,54.1
1784032966.536,2025,1.507,-0.442,-0.012,0.0,13.2,65.8
1784032966.536,2025,1.66,-0.16,-0.34,0.0,11.2,65.1
1784032966.536,2025,2.952,1.194,-0.073,0.0,16.6,73.1
1784032966.536,2025,2.861,1.393,-0.131,0.0,16.6,73.1
1784032966.536,2025,6.975,3.119,0.765,0.0,14.0,59.4
1784032966.536,2025,4.973,-6.272,0.614,0.0,16.5,63.0
1784032966.536,2025,2.682,3.174,0.802,0.243,15.0,54.3
1784032966.536,2025,2.694,-3.408,0.396,0.325,15.6,50.9
1784032966.638,2026,1.507,-0.442,-0.022,0.0,13.9,65.2
1784032966.638,2026,2.951,1.194,-0.076,0.0,16.5,73.1
1784032966.638,2026,2.861,1.393,-0.135,0.0,16.5,73.1
1784032966.638,2026,6.875,3.359,0.638,0.0,13.6,60.0
1784032966.638,2026,4.574,-6.522,0.987,0.0,13.1,62.9
1784032966.74,2027,1.507,-0.442,-0.027,0.0,16.4,62.6
1784032966.74,2027,2.952,1.194,-0.075,0.0,16.5,73.1
1784032966.74,2027,2.861,1.393,-0.133,0.0,16.5,73.1
1784032966.74,2027,6.861,3.359,0.779,0.0,13.3,60.0
1784032966.74,2027,4.637,-6.522,0.628,0.0,15.8,62.7
1784032966.74,2027,0.671,0.851,-0.336,0.162,15.3,51.3
1784032966.74,2027,3.208,4.537,0.557,-0.649,12.9,50.3
1784032966.74,2027,3.271,4.644,0.632,-0.649,13.0,50.4
1784032966.841,2028,1.507,-0.442,-0.027,0.0,16.3,62.8
1784032966.841,2028,2.952,1.194,-0.069,0.0,16.5,73.2
1784032966.841,2028,2.861,1.393,-0.127,0.0,16.5,73.2
1784032966.841,2028,6.875,3.359,0.642,0.0,13.5,60.0
1784032966.841,2028,4.604,-6.522,0.839,0.0,13.1,63.0
1784032966.841,2028,4.614,3.166,0.603,0.568,11.4,51.2
1784032966.942,2029,1.507,-0.442,-0.023,0.0,16.7,62.6
1784032966.942,2029,1.658,-0.16,-0.349,0.0,11.8,64.4
1784032966.942,2029,2.952,1.194,-0.066,0.0,16.6,73.1
1784032966.942,2029,2.861,1.393,-0.123,0.0,16.6,73.1
1784032966.942,2029,6.873,3.359,0.658,0.0,13.0,60.5
1784032967.045,2030,1.507,-0.442,-0.02,0.0,16.6,62.6
1784032967.045,2030,1.655,-0.16,-0.361,0.0,12.0,64.1
1784032967.045,2030,2.952,1.194,-0.068,0.0,16.3,73.4
1784032967.045,2030,6.976,3.119,0.753,0.0,12.8,60.1
1784032967.149,2031,1.507,-0.442,-0.02,0.0,16.9,62.2
1784032967.149,2031,1.657,-0.16,-0.354,0.0,11.3,64.8
1784032967.149,2031,2.952,1.194,-0.065,0.0,16.4,73.3
1784032967.149,2031,2.861,1.393,-0.122,0.0,16.4,73.3
1784032967.149,2031,6.866,3.359,0.728,0.0,14.5,59.5
1784032967.252,2032,1.507,-0.442,-0.019,0.0,17.7,61.5
1784032967.252,2032,1.656,-0.16,-0.355,0.0,12.7,63.4
1784032967.252,2032,2.952,1.194,-0.058,0.0,16.4,73.2
1784032967.252,2032,6.977,3.119,0.74,0.0,13.3,60.1
1784032967.303,2033,1.507,-0.442,-0.02,0.0,17.0,62.2
1784032967.303,2033,1.655,-0.16,-0.363,0.0,12.0,64.2
1784032967.303,2033,2.952,1.194,-0.059,0.0,16.4,73.3
1784032967.303,2033,6.867,3.359,0.719,0.0,13.7,59.9
1784032967.405,2034,1.507,-0.442,-0.013,0.0,17.3,61.8
1784032967.405,2034,1.656,-0.16,-0.359,0.0,12.1,63.9
1784032967.405,2034,2.952,1.194,-0.053,0.0,16.5,73.2
1784032967.405,2034,2.862,1.393,-0.111,0.0,16.5,73.2
1784032967.405,2034,6.872,3.359,0.671,0.0,13.3,60.2
1784032967.507,2035,1.507,-0.442,-0.019,0.0,17.2,62.0
1784032967.507,2035,1.657,-0.16,-0.352,0.0,12.1,63.9
1784032967.507,2035,2.952,1.194,-0.057,0.0,16.5,73.1
1784032967.507,2035,6.982,3.119,0.694,0.0,13.4,60.1
1784032967.611,2036,1.507,-0.442,-0.006,0.0,17.4,61.8
1784032967.611,2036,1.656,-0.16,-0.356,0.0,12.2,63.9
1784032967.611,2036,2.952,1.194,-0.05,0.0,16.5,73.1
1784032967.611,2036,6.989,3.119,0.622,0.0,13.6,60.4
1784032967.712,2037,1.507,-0.442,-0.02,0.0,17.6,61.7
1784032967.712,2037,1.657,-0.16,-0.353,0.0,12.1,63.9
1784032967.712,2037,2.952,1.194,-0.05,0.0,16.5,73.1
1784032967.712,2037,2.862,1.393,-0.107,0.0,16.5,73.1
1784032967.712,2037,6.878,3.359,0.611,0.0,13.5,60.6
1784032967.712,2037,4.916,3.411,0.989,0.487,15.0,47.9
1784032967.813,2038,1.507,-0.442,-0.026,0.0,17.6,61.7
1784032967.813,2038,1.657,-0.16,-0.353,0.0,12.3,63.8
1784032967.813,2038,2.909,1.294,-0.08,0.0,16.5,73.2
1784032967.813,2038,6.874,3.359,0.651,0.0,13.7,60.0
1784032967.914,2039,1.507,-0.442,-0.033,0.0,17.6,61.8
1784032967.914,2039,1.663,-0.106,-0.343,0.0,12.2,63.7
1784032967.914,2039,2.909,1.294,-0.085,0.0,16.3,73.4
1784032967.914,2039,6.878,3.359,0.608,0.0,13.5,59.9
1784032968.016,2040,1.521,-0.393,-0.02,0.0,17.2,62.2
1784032968.016,2040,1.66,-0.16,-0.337,0.0,12.4,63.7
1784032968.016,2040,2.909,1.294,-0.074,0.0,16.2,73.5
1784032968.016,2040,6.87,3.359,0.697,0.0,13.8,59.8
1784032968.119,2041,1.507,-0.442,-0.02,0.0,17.5,61.8
1784032968.119,2041,1.657,-0.16,-0.351,0.0,12.5,63.7
1784032968.119,2041,2.909,1.294,-0.079,0.0,16.4,73.3
1784032968.119,2041,6.867,3.359,0.723,0.0,13.3,60.3
1784032968.221,2042,1.507,-0.442,-0.024,0.0,17.7,61.8
1784032968.221,2042,1.662,-0.106,-0.347,0.0,12.5,63.5
1784032968.221,2042,2.909,1.294,-0.081,0.0,16.6,73.1
1784032968.221,2042,6.873,3.359,0.664,0.0,13.7,59.8
1784032968.323,2043,1.521,-0.393,-0.012,0.0,17.7,61.7
1784032968.323,2043,1.656,-0.16,-0.355,0.0,12.7,63.4
1784032968.323,2043,2.909,1.294,-0.071,0.0,16.6,73.1
1784032968.323,2043,6.876,3.359,0.627,0.0,13.5,60.5
1784032968.425,2044,1.521,-0.393,-0.015,0.0,17.3,62.0
1784032968.425,2044,1.653,-0.16,-0.369,0.0,12.3,63.8
1784032968.425,2044,2.909,1.294,-0.082,0.0,16.4,73.3
1784032968.425,2044,6.868,3.359,0.712,0.0,14.0,59.7
1784032968.527,2045,1.521,-0.393,-0.024,0.0,17.3,62.2
1784032968.527,2045,1.663,-0.106,-0.345,0.0,12.3,63.7
1784032968.527,2045,2.909,1.294,-0.075,0.0,16.5,73.2
1784032968.527,2045,6.976,3.119,0.751,0.0,13.2,60.1
1784032968.629,2046,1.521,-0.393,-0.013,0.0,17.3,62.1
1784032968.629,2046,1.66,-0.16,-0.34,0.0,12.3,63.8
1784032968.629,2046,2.909,1.294,-0.074,0.0,16.4,73.3
1784032968.629,2046,6.875,3.359,0.644,0.0,13.8,60.0
1784032968.731,2047,1.507,-0.442,-0.009,0.0,17.2,62.1
1784032968.731,2047,1.652,-0.16,-0.373,0.0,12.5,63.7
1784032968.731,2047,2.952,1.194,-0.04,0.0,16.4,73.3
1784032968.731,2047,6.968,3.119,0.82,0.0,14.3,59.7
1784032968.834,2048,1.507,-0.442,-0.007,0.0,16.8,62.4
1784032968.834,2048,1.652,-0.16,-0.375,0.0,12.3,63.9
1784032968.834,2048,2.909,1.294,-0.068,0.0,16.5,73.3
1784032968.834,2048,6.873,3.359,0.658,0.0,13.2,60.3
1784032968.935,2049,1.507,-0.442,-0.022,0.0,17.5,61.9
1784032968.935,2049,1.657,-0.16,-0.351,0.0,12.6,63.6
1784032968.935,2049,2.909,1.294,-0.075,0.0,16.4,73.3
1784032968.935,2049,6.862,3.359,0.768,0.0,13.6,60.1
1784032969.036,2050,1.507,-0.442,-0.02,0.0,17.3,62.1
1784032969.036,2050,1.655,-0.16,-0.36,0.0,12.5,63.6
1784032969.036,2050,2.91,1.294,-0.061,0.0,16.5,73.2
1784032969.036,2050,6.977,3.119,0.747,0.0,13.7,60.2
1784032969.136,2051,1.507,-0.442,-0.011,0.0,17.1,62.2
1784032969.136,2051,1.655,-0.16,-0.362,0.0,12.5,63.6
1784032969.136,2051,2.909,1.294,-0.068,0.0,16.6,73.1
1784032969.136,2051,6.877,3.359,0.624,0.0,14.4,59.6
1784032969.239,2052,1.521,-0.393,-0.017,0.0,17.2,62.2
1784032969.239,2052,1.492,-0.491,-0.023,0.0,17.2,62.2
1784032969.239,2052,1.657,-0.16,-0.351,0.0,12.2,63.8
1784032969.239,2052,2.909,1.294,-0.065,0.0,16.3,73.4
1784032969.239,2052,6.867,3.359,0.723,0.0,14.0,59.7
1784032969.339,2053,1.507,-0.442,-0.013,0.0,17.4,62.0
1784032969.339,2053,1.654,-0.16,-0.365,0.0,12.5,63.6
1784032969.339,2053,2.952,1.194,-0.026,0.0,16.5,73.2
1784032969.339,2053,2.863,1.393,-0.086,0.0,16.5,73.2
1784032969.339,2053,6.873,3.359,0.666,0.0,13.1,60.1
1784032969.445,2054,1.507,-0.442,-0.014,0.0,17.4,62.0
1784032969.445,2054,1.654,-0.16,-0.365,0.0,12.4,63.7
1784032969.445,2054,2.952,1.194,-0.034,0.0,16.3,73.4
1784032969.445,2054,2.862,1.393,-0.094,0.0,16.3,73.4
1784032969.445,2054,6.972,3.119,0.792,0.0,13.4,59.7
1784032969.445,2054,4.96,-6.272,0.715,0.0,11.7,63.1
1784032969.547,2055,1.521,-0.393,-0.022,0.0,17.6,61.8
1784032969.547,2055,1.657,-0.16,-0.354,0.0,12.6,63.5
1784032969.547,2055,2.91,1.294,-0.059,0.0,16.5,73.2
1784032969.547,2055,6.864,3.359,0.745,0.0,13.4,59.8
1784032969.547,2055,4.966,-6.272,0.671,0.0,13.6,63.1
1784032969.648,2056,1.507,-0.442,-0.014,0.0,17.5,61.8
1784032969.648,2056,1.655,-0.16,-0.363,0.0,12.5,63.6
1784032969.648,2056,2.952,1.194,-0.025,0.0,16.5,73.2
1784032969.648,2056,2.863,1.393,-0.087,0.0,16.5,73.2
1784032969.648,2056,6.867,3.359,0.717,0.0,13.8,59.6
1784032969.648,2056,4.638,-6.522,0.625,0.0,14.9,63.1
1784032969.699,2057,1.507,-0.442,-0.017,0.0,17.6,61.7
1784032969.699,2057,1.655,-0.16,-0.36,0.0,12.7,63.5
1784032969.699,2057,2.91,1.294,-0.06,0.0,16.3,73.4
1784032969.699,2057,6.867,3.359,0.725,0.0,14.0,59.6
1784032969.699,2057,4.632,-6.522,0.665,0.0,14.5,62.9
1784032969.8,2058,1.507,-0.442,-0.012,0.0,17.2,62.2
1784032969.8,2058,1.657,-0.16,-0.354,0.0,12.4,63.6
1784032969.8,2058,2.91,1.294,-0.055,0.0,16.5,73.3
1784032969.8,2058,6.871,3.359,0.68,0.0,13.5,60.1
1784032969.8,2058,4.965,-6.272,0.676,0.0,13.6,63.4
1784032969.953,2059,1.507,-0.442,-0.015,0.0,16.9,62.5
1784032969.953,2059,1.656,-0.16,-0.356,0.0,12.3,63.8
1784032969.953,2059,2.91,1.294,-0.055,0.0,16.5,73.2
1784032969.953,2059,6.875,3.359,0.638,0.0,14.4,59.1
1784032969.953,2059,4.963,-6.272,0.696,0.0,12.7,63.2
1784032970.004,2060,1.507,-0.442,-0.015,0.0,17.8,61.6
1784032970.004,2060,1.655,-0.16,-0.36,0.0,12.8,63.3
1784032970.004,2060,2.91,1.294,-0.053,0.0,16.2,73.5
1784032970.004,2060,6.867,3.359,0.725,0.0,14.5,59.3
1784032970.004,2060,4.951,-6.272,0.772,0.0,12.7,63.1
1784032970.105,2061,1.507,-0.442,-0.02,0.0,17.5,61.9
1784032970.105,2061,1.657,-0.16,-0.352,0.0,12.4,63.6
1784032970.105,2061,2.952,1.194,-0.02,0.0,16.6,73.1
1784032970.105,2061,6.868,3.359,0.712,0.0,13.9,59.7
1784032970.105,2061,4.948,-6.272,0.792,0.0,13.1,62.8
1784032970.208,2062,1.521,-0.393,-0.025,0.0,17.6,61.9
1784032970.208,2062,1.656,-0.16,-0.356,0.0,12.5,63.6
1784032970.208,2062,2.91,1.294,-0.051,0.0,16.2,73.5
1784032970.208,2062,6.867,3.359,0.725,0.0,13.7,60.2
1784032970.208,2062,4.946,-6.272,0.803,0.0,12.5,63.2
1784032970.309,2063,1.507,-0.442,-0.011,0.0,17.9,61.6
1784032970.309,2063,1.656,-0.16,-0.358,0.0,12.9,63.2
1784032970.309,2063,2.952,1.194,-0.012,0.0,16.2,73.5
1784032970.309,2063,6.871,3.359,0.687,0.0,13.7,60.1
1784032970.309,2063,4.961,-6.272,0.705,0.0,12.7,63.3
1784032970.411,2064,1.507,-0.442,-0.017,0.0,17.7,61.7
1784032970.411,2064,1.657,-0.16,-0.35,0.0,12.6,63.4
1784032970.411,2064,2.91,1.294,-0.047,0.0,16.6,73.2
1784032970.411,2064,6.874,3.359,0.654,0.0,14.3,60.0
1784032970.411,2064,4.956,-6.272,0.739,0.0,12.7,63.2
1784032970.514,2065,1.521,-0.393,-0.019,0.0,17.7,61.8
1784032970.514,2065,1.658,-0.16,-0.349,0.0,12.7,63.5
1784032970.514,2065,2.91,1.294,-0.046,0.0,16.3,73.5
1784032970.514,2065,6.975,3.119,0.758,0.0,13.6,59.8
1784032970.514,2065,4.959,-6.272,0.723,0.0,12.6,63.3
1784032970.615,2066,0.477,0.124,0.281,0.0,12.3,63.2
1784032970.615,2066,1.507,-0.442,-0.011,0.0,17.8,61.6
1784032970.615,2066,1.654,-0.16,-0.365,0.0,12.8,63.3
1784032970.615,2066,2.952,1.194,-0.011,0.0,16.4,73.3
1784032970.615,2066,2.863,1.393,-0.071,0.0,16.4,73.3
1784032970.615,2066,6.866,3.359,0.729,0.0,14.0,59.7
1784032970.615,2066,4.952,-6.272,0.766,0.0,12.9,63.2
1784032970.717,2067,1.507,-0.442,-0.016,0.0,17.9,61.6
1784032970.717,2067,1.658,-0.16,-0.346,0.0,12.6,63.4
1784032970.717,2067,2.91,1.294,-0.045,0.0,16.3,73.4
1784032970.717,2067,6.872,3.359,0.671,0.0,14.3,59.7
1784032970.717,2067,4.95,-6.272,0.781,0.0,13.1,63.0
1784032970.818,2068,1.507,-0.442,-0.017,0.0,17.4,62.1
1784032970.818,2068,1.66,-0.16,-0.34,0.0,12.5,63.5
1784032970.818,2068,2.91,1.294,-0.041,0.0,16.3,73.4
1784032970.818,2068,6.864,3.359,0.753,0.0,14.3,59.9
1784032970.818,2068,4.947,-6.272,0.799,0.0,13.0,63.0
1784032970.919,2069,1.507,-0.442,-0.014,0.0,17.6,61.8
1784032970.919,2069,1.657,-0.16,-0.354,0.0,12.6,63.5
1784032970.919,2069,2.952,1.194,-0.008,0.0,16.3,73.4
1784032970.919,2069,6.866,3.359,0.735,0.0,13.3,60.2
1784032970.919,2069,4.952,-6.272,0.769,0.0,12.3,63.5
1784032970.919,2069,0.49,0.773,0.041,0.081,17.5,58.8
1784032971.02,2070,1.507,-0.442,-0.014,0.0,17.7,61.8
1784032971.02,2070,1.659,-0.16,-0.341,0.0,12.9,63.2
1784032971.02,2070,2.91,1.294,-0.044,0.0,16.2,73.5
1784032971.02,2070,6.866,3.359,0.73,0.0,14.8,59.0
1784032971.02,2070,4.61,-6.522,0.806,0.0,12.7,63.0
1784032971.121,2071,1.507,-0.442,-0.015,0.0,17.7,61.7
1784032971.121,2071,1.657,-0.16,-0.351,0.0,12.8,63.2
1784032971.121,2071,2.91,1.294,-0.039,0.0,16.5,73.3
1784032971.121,2071,6.861,3.359,0.777,0.0,13.7,60.1
1784032971.121,2071,4.952,-6.272,0.766,0.0,12.2,63.3
1784032971.223,2072,1.507,-0.442,-0.015,0.0,17.6,61.9
1784032971.223,2072,1.657,-0.16,-0.354,0.0,12.7,63.4
1784032971.223,2072,2.91,1.294,-0.044,0.0,16.1,73.7
1784032971.223,2072,6.976,3.119,0.751,0.0,13.8,60.0
1784032971.223,2072,4.956,-6.272,0.739,0.0,12.1,63.3
1784032971.325,2073,1.507,-0.442,-0.013,0.0,17.6,61.9
1784032971.325,2073,1.66,-0.16,-0.336,0.0,12.6,63.5
1784032971.325,2073,2.91,1.294,-0.04,0.0,16.3,73.5
1784032971.325,2073,6.868,3.359,0.713,0.0,14.0,60.0
1784032971.325,2073,4.951,-6.272,0.776,0.0,12.3,63.2
1784032971.427,2074,0.493,0.124,0.251,0.0,12.2,63.1
1784032971.427,2074,1.507,-0.442,-0.015,0.0,17.7,61.8
1784032971.427,2074,1.658,-0.16,-0.345,0.0,12.9,63.1
1784032971.427,2074,2.91,1.294,-0.037,0.0,16.3,73.5
1784032971.427,2074,6.866,3.359,0.734,0.0,14.2,59.7
1784032971.427,2074,4.956,-6.272,0.743,0.0,11.7,63.7
1784032971.529,2075,1.507,-0.442,-0.013,0.0,17.8,61.7
1784032971.529,2075,1.657,-0.16,-0.351,0.0,13.1,63.0
1784032971.529,2075,2.91,1.294,-0.036,0.0,16.3,73.5
1784032971.529,2075,6.868,3.359,0.71,0.0,14.1,60.0
1784032971.529,2075,4.639,-6.522,0.62,0.0,14.0,63.0
1784032971.529,2075,0.534,0.744,-0.014,-0.162,18.0,51.0
1784032971.63,2076,1.507,-0.442,-0.018,0.0,17.4,62.1
1784032971.63,2076,1.66,-0.16,-0.336,0.0,12.5,63.4
1784032971.63,2076,2.91,1.294,-0.037,0.0,16.3,73.5
1784032971.63,2076,6.981,3.119,0.704,0.0,13.3,60.0
1784032971.732,2077,1.507,-0.442,-0.017,0.0,17.1,62.4
1784032971.732,2077,1.657,-0.16,-0.351,0.0,12.8,63.0
1784032971.732,2077,2.91,1.294,-0.036,0.0,16.2,73.6
1784032971.732,2077,6.87,3.359,0.688,0.0,13.8,59.8
1784032971.833,2078,1.521,-0.393,-0.022,0.0,18.2,61.4
1784032971.833,2078,1.657,-0.16,-0.35,0.0,13.1,62.9
1784032971.833,2078,2.91,1.294,-0.035,0.0,16.2,73.6
1784032971.833,2078,6.867,3.359,0.725,0.0,13.8,59.9
1784032971.833,2078,0.659,0.63,-0.092,0.243,17.6,47.9
1784032971.935,2079,1.521,-0.393,-0.019,0.0,18.0,61.5
1784032971.935,2079,1.657,-0.16,-0.353,0.0,13.1,62.9
1784032971.935,2079,2.91,1.294,-0.03,0.0,16.4,73.4
1784032971.935,2079,6.868,3.359,0.708,0.0,13.5,60.3
1784032972.038,2080,1.521,-0.393,-0.014,0.0,17.6,62.0
1784032972.038,2080,1.657,-0.16,-0.352,0.0,12.3,63.6
1784032972.038,2080,2.91,1.294,-0.035,0.0,16.5,73.3
1784032972.038,2080,6.878,3.359,0.611,0.0,13.7,59.9
1784032972.144,2081,1.521,-0.393,-0.021,0.0,17.4,62.2
1784032972.144,2081,1.663,-0.106,-0.346,0.0,12.6,63.3
1784032972.144,2081,2.91,1.294,-0.034,0.0,16.2,73.5
1784032972.144,2081,6.867,3.359,0.721,0.0,13.7,60.0
1784032972.247,2082,1.521,-0.393,-0.017,0.0,16.5,63.2
1784032972.247,2082,1.664,-0.106,-0.339,0.0,12.2,63.7
1784032972.247,2082,2.91,1.294,-0.034,0.0,16.2,73.6
1784032972.247,2082,6.875,3.359,0.642,0.0,13.0,60.3
1784032972.348,2083,1.507,-0.442,-0.018,0.0,17.1,62.5
1784032972.348,2083,1.665,-0.106,-0.333,0.0,12.5,63.4
1784032972.348,2083,1.054,-1.657,0.021,0.0,13.3,74.9
1784032972.348,2083,2.91,1.294,-0.032,0.0,16.5,73.3
1784032972.348,2083,6.864,3.359,0.746,0.0,13.3,59.8
1784032972.399,2084,1.521,-0.393,-0.018,0.0,17.4,62.1
1784032972.399,2084,1.659,-0.16,-0.34,0.0,12.6,63.4
1784032972.399,2084,2.91,1.294,-0.029,0.0,16.3,73.5
1784032972.399,2084,6.853,3.359,0.843,0.0,14.1,59.8
1784032972.501,2085,1.507,-0.442,-0.016,0.0,17.5,62.1
1784032972.501,2085,1.663,-0.106,-0.343,0.0,12.9,63.0
1784032972.501,2085,1.054,-1.657,0.02,0.0,13.4,74.8
1784032972.501,2085,2.91,1.294,-0.031,0.0,16.5,73.3
1784032972.501,2085,6.864,3.359,0.745,0.0,13.7,60.0
1784032972.501,2085,0.49,0.622,0.245,-0.243,24.4,48.1
1784032972.654,2086,1.521,-0.393,-0.017,0.0,17.9,61.7
1784032972.654,2086,1.658,-0.16,-0.347,0.0,13.0,62.8
1784032972.654,2086,2.91,1.294,-0.025,0.0,16.2,73.6
1784032972.654,2086,6.86,3.359,0.788,0.0,13.4,60.3
1784032972.654,2086,0.458,0.622,0.302,0.243,22.7,47.4
1784032972.704,2087,1.521,-0.393,-0.023,0.0,17.5,62.0
1784032972.704,2087,1.666,-0.106,-0.329,0.0,12.7,63.1
1784032972.704,2087,2.91,1.294,-0.023,0.0,16.0,73.8
1784032972.704,2087,6.868,3.359,0.708,0.0,13.1,60.6
1784032972.805,2088,1.521,-0.393,-0.021,0.0,17.7,61.9
1784032972.805,2088,1.666,-0.106,-0.33,0.0,12.8,63.0
1784032972.805,2088,2.91,1.294,-0.028,0.0,16.2,73.6
1784032972.805,2088,6.865,3.359,0.743,0.0,14.3,59.5
1784032972.906,2089,1.521,-0.393,-0.015,0.0,18.1,61.5
1784032972.906,2089,1.666,-0.106,-0.327,0.0,13.1,62.8
1784032972.906,2089,1.053,-1.657,0.028,0.0,13.1,74.9
1784032972.906,2089,2.91,1.294,-0.025,0.0,16.2,73.6
1784032972.906,2089,6.864,3.359,0.75,0.0,13.0,60.0
1784032973.007,2090,1.521,-0.393,-0.013,0.0,17.9,61.7
1784032973.007,2090,1.662,-0.16,-0.327,0.0,12.9,63.0
1784032973.007,2090,1.053,-1.657,0.031,0.0,13.1,74.8
1784032973.007,2090,2.91,1.294,-0.021,0.0,16.2,73.5
1784032973.007,2090,6.865,3.359,0.741,0.0,13.3,60.3
1784032973.108,2091,1.521,-0.393,-0.021,0.0,17.7,61.8
1784032973.108,2091,1.664,-0.106,-0.338,0.0,12.7,63.2
1784032973.108,2091,2.91,1.294,-0.026,0.0,16.3,73.5
1784032973.108,2091,6.872,3.359,0.675,0.0,13.7,60.2
1784032973.21,2092,1.521,-0.393,-0.019,0.0,17.5,62.0
1784032973.21,2092,1.665,-0.106,-0.332,0.0,12.5,63.4
1784032973.21,2092,2.91,1.294,-0.019,0.0,16.4,73.4
1784032973.21,2092,6.867,3.359,0.724,0.0,13.3,60.2
1784032973.313,2093,1.521,-0.393,-0.018,0.0,17.4,62.2
1784032973.313,2093,1.66,-0.16,-0.338,0.0,12.7,63.1
1784032973.313,2093,2.91,1.294,-0.022,0.0,16.3,73.5
1784032973.313,2093,6.858,3.359,0.803,0.0,13.9,59.8
1784032973.414,2094,1.521,-0.393,-0.018,0.0,17.5,62.0
1784032973.414,2094,1.662,-0.106,-0.349,0.0,12.7,63.0
1784032973.414,2094,2.91,1.294,-0.018,0.0,16.0,73.8
1784032973.414,2094,6.864,3.359,0.746,0.0,13.1,60.7
1784032973.515,2095,1.521,-0.393,-0.017,0.0,17.9,61.7
1784032973.515,2095,1.666,-0.106,-0.33,0.0,12.9,62.8
1784032973.515,2095,1.054,-1.657,0.022,0.0,13.2,74.9
1784032973.515,2095,2.91,1.294,-0.02,0.0,16.1,73.7
1784032973.515,2095,6.866,3.359,0.73,0.0,13.8,60.6
1784032973.616,2096,1.521,-0.393,-0.021,0.0,17.3,62.3
1784032973.616,2096,1.667,-0.106,-0.325,0.0,12.7,63.3
1784032973.616,2096,1.053,-1.657,0.029,0.0,13.1,74.9
1784032973.616,2096,2.91,1.294,-0.017,0.0,16.2,73.6
1784032973.616,2096,6.866,3.359,0.735,0.0,13.8,60.3
1784032973.716,2097,1.521,-0.393,-0.02,0.0,18.3,61.2
1784032973.716,2097,1.661,-0.16,-0.335,0.0,13.1,62.6
1784032973.716,2097,2.91,1.294,-0.017,0.0,16.4,73.4
1784032973.716,2097,6.874,3.359,0.654,0.0,14.0,60.3
1784032973.817,2098,1.521,-0.393,-0.021,0.0,18.0,61.6
1784032973.817,2098,1.667,-0.106,-0.322,0.0,13.0,62.7
1784032973.817,2098,2.91,1.294,-0.017,0.0,16.3,73.6
1784032973.817,2098,6.865,3.359,0.738,0.0,14.2,60.1
1784032973.919,2099,1.507,-0.442,-0.015,0.0,18.0,61.4
1784032973.919,2099,1.661,-0.16,-0.331,0.0,12.9,62.9
1784032973.919,2099,2.91,1.294,-0.012,0.0,16.3,73.5
1784032973.919,2099,6.864,3.359,0.747,0.0,14.1,60.1
1784032974.02,2100,1.507,-0.442,-0.009,0.0,17.5,61.9
1784032974.02,2100,1.662,-0.16,-0.33,0.0,12.4,63.3
1784032974.02,2100,2.91,1.294,-0.016,0.0,16.4,73.4
1784032974.02,2100,6.873,3.359,0.658,0.0,13.3,60.1
1784032974.121,2101,1.521,-0.393,-0.015,0.0,17.7,61.9
1784032974.121,2101,1.66,-0.16,-0.336,0.0,12.5,63.2
1784032974.121,2101,2.91,1.294,-0.017,0.0,16.2,73.7
1784032974.121,2101,6.868,3.359,0.713,0.0,14.6,59.7
1784032974.223,2102,1.507,-0.442,-0.009,0.0,17.5,62.1
1784032974.223,2102,1.663,-0.16,-0.325,0.0,12.6,63.1
1784032974.223,2102,2.91,1.294,-0.017,0.0,16.4,73.5
1784032974.223,2102,6.873,3.359,0.666,0.0,14.4,59.9
1784032974.324,2103,1.507,-0.442,-0.011,0.0,17.6,61.9
1784032974.324,2103,1.66,-0.16,-0.336,0.0,12.8,62.9
1784032974.324,2103,2.91,1.294,-0.015,0.0,16.2,73.7
1784032974.324,2103,6.865,3.359,0.744,0.0,13.0,60.7
1784032974.324,2103,5.097,3.222,0.648,-0.162,13.4,49.1
1784032974.428,2104,1.507,-0.442,-0.013,0.0,17.4,62.1
1784032974.428,2104,1.661,-0.16,-0.334,0.0,12.6,63.2
1784032974.428,2104,2.91,1.294,-0.013,0.0,16.2,73.7
1784032974.428,2104,6.862,3.359,0.77,0.0,13.9,60.4
1784032974.531,2105,1.507,-0.442,-0.02,0.0,18.3,61.2
1784032974.531,2105,1.66,-0.16,-0.34,0.0,13.2,62.7
1784032974.531,2105,2.91,1.294,-0.013,0.0,16.3,73.5
1784032974.531,2105,6.866,3.359,0.732,0.0,14.5,59.5
1784032974.632,2106,1.507,-0.442,-0.016,0.0,17.5,62.0
1784032974.632,2106,1.66,-0.16,-0.337,0.0,12.2,63.7
1784032974.632,2106,2.91,1.294,-0.012,0.0,16.2,73.7
1784032974.632,2106,6.864,3.359,0.752,0.0,14.0,60.3
1784032974.733,2107,1.507,-0.442,-0.008,0.0,17.9,61.5
1784032974.733,2107,1.659,-0.16,-0.344,0.0,13.5,62.4
1784032974.733,2107,2.91,1.294,-0.008,0.0,16.2,73.7
1784032974.733,2107,6.866,3.359,0.726,0.0,13.4,60.6
1784032974.834,2108,1.507,-0.442,-0.016,0.0,17.5,62.0
1784032974.834,2108,1.66,-0.16,-0.338,0.0,13.1,62.9
1784032974.834,2108,2.91,1.294,-0.013,0.0,16.5,73.4
1784032974.834,2108,6.86,3.359,0.787,0.0,13.7,60.1
1784032974.935,2109,1.507,-0.442,-0.015,0.0,17.4,62.1
1784032974.935,2109,1.661,-0.16,-0.334,0.0,12.7,63.0
1784032974.935,2109,2.91,1.294,-0.012,0.0,16.5,73.4
1784032974.935,2109,6.863,3.359,0.762,0.0,13.4,60.4
1784032975.038,2110,1.507,-0.442,-0.011,0.0,16.7,62.9
1784032975.038,2110,1.665,-0.16,-0.315,0.0,12.5,63.6
1784032975.038,2110,2.91,1.294,-0.016,0.0,16.1,73.8
1784032975.038,2110,6.862,3.359,0.764,0.0,14.3,59.9
1784032975.14,2111,1.507,-0.442,-0.006,0.0,17.9,61.6
1784032975.14,2111,1.662,-0.16,-0.33,0.0,13.0,63.0
1784032975.14,2111,2.91,1.294,-0.012,0.0,16.1,73.8
1784032975.14,2111,6.864,3.359,0.75,0.0,13.8,60.3
1784032975.242,2112,0.227,0.307,0.091,0.0,11.4,66.6
1784032975.242,2112,1.507,-0.442,-0.011,0.0,17.6,61.9
1784032975.242,2112,1.66,-0.16,-0.338,0.0,12.9,63.0
1784032975.242,2112,2.91,1.294,-0.008,0.0,16.2,73.7
1784032975.242,2112,6.87,3.359,0.693,0.0,12.6,61.6
1784032975.345,2113,1.507,-0.442,-0.007,0.0,16.8,62.7
1784032975.345,2113,1.658,-0.16,-0.347,0.0,12.4,63.5
1784032975.345,2113,2.91,1.294,-0.009,0.0,16.3,73.5
1784032975.345,2113,6.87,3.359,0.695,0.0,13.3,60.6
1784032975.397,2114,1.521,-0.393,-0.012,0.0,17.3,62.2
1784032975.397,2114,1.666,-0.106,-0.327,0.0,12.6,63.3
1784032975.397,2114,2.91,1.294,-0.009,0.0,16.4,73.5
1784032975.397,2114,6.867,3.359,0.717,0.0,13.1,60.7
1784032975.548,2115,0.228,0.307,0.091,0.0,11.9,66.1
1784032975.548,2115,1.521,-0.393,-0.025,0.0,16.8,62.7
1784032975.548,2115,1.666,-0.106,-0.33,0.0,12.1,63.6
1784032975.548,2115,2.91,1.294,-0.008,0.0,16.1,73.8
1784032975.548,2115,6.866,3.359,0.734,0.0,13.3,60.6
1784032975.65,2116,1.521,-0.393,-0.026,0.0,17.7,61.9
1784032975.65,2116,1.667,-0.106,-0.325,0.0,12.9,62.7
1784032975.65,2116,1.054,-1.657,0.019,0.0,13.3,74.8
1784032975.65,2116,2.91,1.294,-0.011,0.0,16.6,73.3
1784032975.65,2116,6.873,3.359,0.665,0.0,13.8,60.2
1784032975.702,2117,1.521,-0.393,-0.027,0.0,17.5,62.1
1784032975.702,2117,1.666,-0.106,-0.331,0.0,12.3,63.3
1784032975.702,2117,1.054,-1.657,0.02,0.0,13.2,74.9
1784032975.702,2117,2.91,1.294,-0.013,0.0,16.4,73.5
1784032975.702,2117,6.87,3.359,0.695,0.0,13.1,60.9
1784032975.804,2118,1.507,-0.442,-0.021,0.0,17.4,62.3
1784032975.804,2118,1.666,-0.106,-0.331,0.0,12.4,63.3
1784032975.804,2118,1.054,-1.657,0.018,0.0,13.3,74.9
1784032975.804,2118,2.91,1.294,-0.013,0.0,16.2,73.7
1784032975.804,2118,6.969,3.119,0.811,0.0,12.7,61.2
1784032975.905,2119,1.507,-0.442,-0.014,0.0,17.6,62.1
1784032975.905,2119,1.668,-0.106,-0.321,0.0,12.7,63.1
1784032975.905,2119,1.054,-1.657,0.018,0.0,13.3,74.9
1784032975.905,2119,2.91,1.294,-0.009,0.0,16.1,73.8
1784032975.905,2119,6.966,3.119,0.836,0.0,14.1,60.0
1784032976.006,2120,1.507,-0.442,-0.02,0.0,17.4,62.2
1784032976.006,2120,1.669,-0.106,-0.316,0.0,12.4,63.3
1784032976.006,2120,1.054,-1.657,0.023,0.0,13.2,74.9
1784032976.006,2120,2.91,1.294,-0.012,0.0,16.3,73.6
1784032976.006,2120,6.975,3.119,0.758,0.0,13.5,60.6
1784032976.109,2121,1.507,-0.442,-0.015,0.0,17.6,62.1
1784032976.109,2121,1.667,-0.106,-0.324,0.0,12.8,63.0
1784032976.109,2121,1.054,-1.657,0.013,0.0,13.4,74.8
1784032976.109,2121,2.91,1.294,-0.01,0.0,16.3,73.6
1784032976.109,2121,6.966,3.119,0.836,0.0,13.2,60.8
1784032976.209,2122,1.507,-0.442,-0.014,0.0,17.4,62.2
1784032976.209,2122,1.668,-0.106,-0.32,0.0,12.5,63.1
1784032976.209,2122,1.054,-1.657,0.019,0.0,13.4,74.8
1784032976.209,2122,2.91,1.294,-0.01,0.0,16.2,73.7
1784032976.209,2122,6.969,3.119,0.811,0.0,13.9,59.9
1784032976.311,2123,0.229,0.307,0.089,0.0,11.2,66.8
1784032976.311,2123,1.507,-0.442,-0.016,0.0,17.2,62.4
1784032976.311,2123,1.667,-0.106,-0.324,0.0,12.3,63.3
1784032976.311,2123,1.054,-1.657,0.018,0.0,13.4,74.8
1784032976.311,2123,2.91,1.294,-0.01,0.0,16.3,73.6
1784032976.311,2123,6.986,3.119,0.65,0.0,13.3,60.4
1784032976.413,2124,1.507,-0.442,-0.017,0.0,16.7,63.0
1784032976.413,2124,1.667,-0.106,-0.326,0.0,12.4,63.2
1784032976.413,2124,1.054,-1.657,0.017,0.0,13.3,74.9
1784032976.413,2124,2.91,1.294,-0.007,0.0,16.4,73.5
1784032976.413,2124,6.967,3.119,0.831,0.0,13.1,60.6
1784032976.514,2125,1.521,-0.393,-0.02,0.0,17.8,61.8
1784032976.514,2125,1.668,-0.106,-0.319,0.0,13.2,62.5
1784032976.514,2125,2.91,1.294,-0.006,0.0,16.2,73.7
1784032976.514,2125,6.965,3.119,0.845,0.0,13.3,60.6
1784032976.616,2126,0.229,0.307,0.088,0.0,11.5,66.6
1784032976.616,2126,1.507,-0.442,-0.018,0.0,17.1,62.5
1784032976.616,2126,1.669,-0.106,-0.316,0.0,12.4,63.4
1784032976.616,2126,1.054,-1.657,0.017,0.0,13.4,74.8
1784032976.616,2126,2.91,1.294,-0.006,0.0,16.1,73.8
1784032976.616,2126,6.974,3.119,0.771,0.0,13.7,60.2
1784032976.717,2127,0.229,0.307,0.087,0.0,11.3,66.7
1784032976.717,2127,1.521,-0.393,-0.019,0.0,17.2,62.4
1784032976.717,2127,1.667,-0.106,-0.324,0.0,12.1,63.6
1784032976.717,2127,1.054,-1.657,0.02,0.0,13.3,74.8
1784032976.717,2127,2.91,1.294,0.001,0.0,16.4,73.5
1784032976.717,2127,6.971,3.119,0.794,0.0,13.5,60.3
1784032976.82,2128,1.52,-0.393,-0.028,0.0,17.3,62.3
1784032976.82,2128,1.667,-0.106,-0.324,0.0,12.7,63.0
1784032976.82,2128,2.91,1.294,-0.008,0.0,16.1,73.8
1784032976.82,2128,6.864,3.359,0.751,0.0,13.8,60.2
1784032976.922,2129,1.507,-0.442,-0.016,0.0,17.2,62.4
1784032976.922,2129,1.667,-0.106,-0.322,0.0,12.2,63.5
1784032976.922,2129,1.054,-1.657,0.018,0.0,13.3,74.8
1784032976.922,2129,2.91,1.294,-0.002,0.0,16.4,73.5
1784032976.922,2129,6.969,3.119,0.816,0.0,13.5,60.2
1784032977.023,2130,0.229,0.307,0.088,0.0,11.6,66.3
1784032977.023,2130,1.521,-0.393,-0.026,0.0,17.6,62.0
1784032977.023,2130,1.665,-0.106,-0.333,0.0,12.6,63.1
1784032977.023,2130,1.054,-1.657,0.023,0.0,13.2,74.9
1784032977.023,2130,2.91,1.294,-0.001,0.0,16.4,73.5
1784032977.023,2130,6.862,3.359,0.772,0.0,13.4,60.3
1784032977.124,2131,1.507,-0.442,-0.014,0.0,16.6,62.8
1784032977.124,2131,1.663,-0.16,-0.323,0.0,12.3,63.4
1784032977.124,2131,2.91,1.294,-0.004,0.0,16.3,73.6
1784032977.124,2131,6.855,3.359,0.828,0.0,14.2,59.6
1784032977.226,2132,1.507,-0.442,-0.005,0.0,16.5,62.9
1784032977.226,2132,1.665,-0.106,-0.334,0.0,12.6,63.3
1784032977.226,2132,2.91,1.294,-0.005,0.0,16.5,73.5
1784032977.226,2132,6.859,3.359,0.792,0.0,13.4,60.3
1784032977.329,2133,0.212,0.319,0.087,0.0,11.3,66.9
1784032977.329,2133,1.507,-0.442,-0.014,0.0,16.7,62.7
1784032977.329,2133,1.663,-0.16,-0.323,0.0,12.6,63.2
1784032977.329,2133,2.91,1.294,-0.007,0.0,16.5,73.4
1784032977.329,2133,6.864,3.359,0.752,0.0,12.8,60.7
1784032977.43,2134,0.231,0.307,0.082,0.0,11.3,66.7
1784032977.43,2134,1.521,-0.393,-0.023,0.0,17.2,62.4
1784032977.43,2134,1.669,-0.106,-0.316,0.0,12.5,63.2
1784032977.43,2134,2.91,1.294,-0.008,0.0,16.6,73.3
1784032977.43,2134,6.97,3.119,0.802,0.0,12.5,60.8
1784032977.531,2135,1.507,-0.442,-0.014,0.0,17.4,62.0
1784032977.531,2135,1.664,-0.16,-0.319,0.0,12.4,63.3
1784032977.531,2135,2.91,1.294,-0.005,0.0,16.5,73.4
1784032977.531,2135,6.857,3.359,0.807,0.0,13.5,59.9
1784032977.633,2136,1.521,-0.393,-0.024,0.0,17.5,62.0
1784032977.633,2136,1.668,-0.106,-0.319,0.0,12.6,63.2
1784032977.633,2136,2.91,1.294,-0.005,0.0,16.1,73.8
1784032977.633,2136,6.864,3.359,0.751,0.0,13.0,60.4
1784032977.735,2137,1.507,-0.442,-0.016,0.0,17.6,61.8
1784032977.735,2137,1.664,-0.16,-0.318,0.0,13.0,62.8
1784032977.735,2137,2.91,1.294,-0.002,0.0,16.2,73.7
1784032977.735,2137,6.859,3.359,0.798,0.0,13.5,60.3
1784032977.836,2138,0.211,0.319,0.089,0.0,11.5,66.6
1784032977.836,2138,1.507,-0.442,-0.012,0.0,17.5,62.0
1784032977.836,2138,1.662,-0.16,-0.328,0.0,12.6,63.2
1784032977.836,2138,2.91,1.294,-0.004,0.0,16.5,73.5
1784032977.836,2138,6.97,3.119,0.807,0.0,14.1,59.9
1784032977.937,2139,0.214,0.319,0.081,0.0,11.7,66.4
1784032977.937,2139,1.507,-0.442,-0.01,0.0,17.1,62.3
1784032977.937,2139,1.664,-0.16,-0.319,0.0,12.2,63.6
1784032977.937,2139,2.91,1.294,0.001,0.0,16.2,73.8
1784032977.937,2139,6.871,3.359,0.684,0.0,14.0,60.3
1784032978.039,2140,1.465,-0.429,0.012,0.0,14.9,64.4
1784032978.039,2140,1.661,-0.16,-0.333,0.0,12.5,63.5
1784032978.039,2140,1.799,0.736,-0.278,0.0,12.9,74.8
1784032978.039,2140,2.91,1.294,-0.009,0.0,16.5,73.5
1784032978.039,2140,6.855,3.359,0.829,0.0,13.7,60.3
1784032978.14,2141,1.507,-0.442,-0.01,0.0,17.8,61.8
1784032978.14,2141,1.664,-0.16,-0.316,0.0,12.6,63.3
1784032978.14,2141,2.91,1.294,-0.004,0.0,15.9,74.0
1784032978.14,2141,6.859,3.359,0.79,0.0,13.6,60.1
1784032978.244,2142,1.465,-0.429,0.019,0.0,16.4,63.1
1784032978.244,2142,1.662,-0.16,-0.329,0.0,13.0,62.9
1784032978.244,2142,1.795,0.736,-0.303,0.0,12.8,74.8
1784032978.244,2142,2.91,1.294,-0.003,0.0,16.8,73.2
1784032978.244,2142,6.874,3.359,0.656,0.0,13.3,60.2
1784032978.346,2143,1.507,-0.442,-0.015,0.0,17.4,62.1
1784032978.346,2143,1.664,-0.16,-0.32,0.0,12.8,63.3
1784032978.346,2143,1.797,0.736,-0.291,0.0,12.8,74.8
1784032978.346,2143,2.91,1.294,-0.011,0.0,16.4,73.5
1784032978.346,2143,6.856,3.359,0.817,0.0,13.5,60.5
1784032978.346,2143,2.699,-3.793,0.346,0.162,13.4,51.8
1784032978.397,2144,0.231,0.307,0.081,0.0,11.6,66.4
1784032978.397,2144,1.521,-0.393,-0.021,0.0,17.4,62.0
1784032978.397,2144,1.664,-0.16,-0.318,0.0,12.7,63.3
1784032978.397,2144,2.952,1.194,0.038,0.0,16.5,73.5
1784032978.397,2144,6.849,3.359,0.874,0.0,13.5,60.2
1784032978.549,2145,0.513,0.124,0.207,0.0,11.8,63.6
1784032978.549,2145,1.465,-0.429,0.013,0.0,16.5,63.1
1784032978.549,2145,1.666,-0.106,-0.331,0.0,11.8,64.0
1784032978.549,2145,1.789,0.736,-0.333,0.0,12.8,74.7
1784032978.549,2145,2.91,1.294,-0.007,0.0,16.7,73.3
1784032978.549,2145,6.858,3.359,0.803,0.0,13.9,60.1
1784032978.653,2146,0.2,0.273,0.087,0.0,11.6,67.4
1784032978.653,2146,1.465,-0.429,0.018,0.0,16.1,63.3
1784032978.653,2146,1.666,-0.16,-0.306,0.0,13.3,62.8
1784032978.653,2146,1.792,0.736,-0.318,0.0,13.0,74.6
1784032978.653,2146,2.91,1.294,-0.007,0.0,16.8,73.2
1784032978.653,2146,6.964,3.119,0.853,0.0,13.3,60.1
1784032978.706,2147,1.465,-0.429,0.017,0.0,16.9,62.6
1784032978.706,2147,1.665,-0.106,-0.335,0.0,13.4,62.6
1784032978.706,2147,1.793,0.736,-0.314,0.0,12.9,74.7
1784032978.706,2147,2.91,1.294,-0.006,0.0,16.8,73.2
1784032978.706,2147,6.858,3.359,0.802,0.0,13.5,60.4
1784032978.808,2148,0.23,0.307,0.084,0.0,11.6,66.3
1784032978.808,2148,1.465,-0.429,0.022,0.0,16.2,63.2
1784032978.808,2148,1.663,-0.16,-0.321,0.0,12.4,63.5
1784032978.808,2148,1.792,0.736,-0.315,0.0,12.9,74.7
1784032978.808,2148,2.91,1.294,-0.007,0.0,16.7,73.3
1784032978.808,2148,6.869,3.359,0.706,0.0,14.1,60.3
1784032978.909,2149,1.465,-0.429,0.024,0.0,16.3,63.2
1784032978.909,2149,1.663,-0.16,-0.321,0.0,12.7,63.4
1784032978.909,2149,1.793,0.736,-0.312,0.0,12.9,74.7
1784032978.909,2149,2.91,1.294,-0.005,0.0,16.3,73.8
1784032978.909,2149,6.851,3.359,0.863,0.0,14.1,60.3
1784032979.011,2150,1.465,-0.429,0.014,0.0,17.0,62.5
1784032979.011,2150,1.66,-0.16,-0.336,0.0,13.0,63.0
1784032979.011,2150,1.795,0.736,-0.301,0.0,12.9,74.7
1784032979.011,2150,2.91,1.294,-0.006,0.0,16.6,73.4
1784032979.011,2150,6.865,3.359,0.743,0.0,14.6,60.0
1784032979.112,2151,0.215,0.319,0.079,0.0,11.8,66.4
1784032979.112,2151,1.465,-0.429,0.019,0.0,17.3,62.1
1784032979.112,2151,1.663,-0.16,-0.321,0.0,12.7,63.3
1784032979.112,2151,1.799,0.736,-0.273,0.0,13.0,74.8
1784032979.112,2151,2.91,1.294,0.0,0.0,16.4,73.5
1784032979.112,2151,6.862,3.359,0.768,0.0,14.2,60.3
1784032979.112,2151,2.674,-3.793,0.507,-0.325,17.9,51.1
1784032979.215,2152,0.214,0.319,0.08,0.0,11.7,66.4
1784032979.215,2152,1.465,-0.429,0.016,0.0,17.9,61.8
1784032979.215,2152,1.667,-0.106,-0.326,0.0,12.8,63.2
1784032979.215,2152,1.788,0.736,-0.34,0.0,12.8,74.7
1784032979.215,2152,2.91,1.294,0.003,0.0,16.6,73.4
1784032979.215,2152,5.87,2.863,0.421,0.0,11.4,59.7
1784032979.215,2152,6.855,3.359,0.826,0.0,14.6,59.8
1784032979.316,2153,1.465,-0.429,0.009,0.0,17.8,61.8
1784032979.316,2153,1.664,-0.106,-0.339,0.0,12.8,63.1
1784032979.316,2153,1.789,0.736,-0.335,0.0,12.9,74.6
1784032979.316,2153,2.91,1.294,-0.011,0.0,16.6,73.4
1784032979.316,2153,6.864,3.359,0.745,0.0,14.9,59.5
1784032979.316,2153,2.63,-3.722,0.461,-0.649,15.2,50.3
1784032979.417,2154,0.215,0.319,0.079,0.0,12.0,66.3
1784032979.417,2154,1.465,-0.429,0.019,0.0,17.8,61.7
1784032979.417,2154,1.662,-0.16,-0.326,0.0,12.9,63.1
1784032979.417,2154,1.073,-1.693,0.09,0.0,12.8,74.8
1784032979.417,2154,2.91,1.294,0.004,0.0,16.6,73.5
1784032979.417,2154,6.861,3.359,0.778,0.0,13.7,60.3
1784032979.519,2155,1.465,-0.429,0.011,0.0,18.1,61.6
1784032979.519,2155,1.665,-0.106,-0.336,0.0,13.4,62.4
1784032979.519,2155,1.788,0.736,-0.342,0.0,13.0,74.5
1784032979.519,2155,2.91,1.294,-0.003,0.0,16.8,73.3
1784032979.519,2155,6.853,3.359,0.841,0.0,14.5,59.8
1784032979.621,2156,0.215,0.319,0.079,0.0,11.8,66.4
1784032979.621,2156,1.465,-0.429,0.013,0.0,17.1,62.4
1784032979.621,2156,1.664,-0.16,-0.318,0.0,12.5,63.4
1784032979.621,2156,1.793,0.736,-0.312,0.0,12.9,74.7
1784032979.621,2156,2.91,1.294,-0.006,0.0,16.6,73.4
1784032979.621,2156,6.85,3.359,0.866,0.0,14.4,59.7
1784032979.621,2156,0.342,0.579,-0.312,-0.406,19.2,46.4
1784032979.621,2156,0.584,0.278,0.362,-0.406,19.2,46.4
1784032979.621,2156,0.488,0.614,-0.05,-0.325,17.7,47.7
1784032979.621,2156,4.998,3.175,0.812,-0.162,13.8,50.7
1784032979.726,2157,1.465,-0.429,0.014,0.0,17.6,61.9
1784032979.726,2157,1.661,-0.16,-0.333,0.0,13.0,63.0
1784032979.726,2157,2.91,1.294,0.004,0.0,16.6,73.4
1784032979.726,2157,6.861,3.359,0.777,0.0,13.8,60.0
1784032979.828,2158,1.465,-0.429,0.012,0.0,17.0,62.5
1784032979.828,2158,1.664,-0.106,-0.337,0.0,11.9,64.0
1784032979.828,2158,1.792,0.736,-0.316,0.0,13.0,74.6
1784032979.828,2158,2.91,1.294,-0.002,0.0,16.6,73.4
1784032979.828,2158,6.85,3.359,0.869,0.0,13.2,60.0
1784032979.828,2158,0.718,1.141,0.11,-0.243,15.3,49.7
1784032979.929,2159,1.465,-0.429,0.011,0.0,17.1,62.4
1784032979.929,2159,1.662,-0.16,-0.326,0.0,12.8,63.3
1784032979.929,2159,2.91,1.294,-0.002,0.0,16.5,73.5
1784032979.929,2159,6.84,3.359,0.941,0.0,12.8,60.6
1784032979.929,2159,5.205,3.912,1.006,0.243,15.4,50.1
1784032979.929,2159,0.839,1.057,0.092,-0.162,16.7,52.4
1784032980.031,2160,1.465,-0.429,0.009,0.0,17.0,62.5
1784032980.031,2160,1.661,-0.16,-0.335,0.0,11.9,64.1
1784032980.031,2160,1.794,0.736,-0.307,0.0,12.9,74.7
1784032980.031,2160,2.91,1.294,0.002,0.0,16.6,73.4
1784032980.031,2160,6.845,3.359,0.909,0.0,13.7,59.6
1784032980.133,2161,1.465,-0.429,0.014,0.0,16.8,62.7
1784032980.133,2161,1.661,-0.16,-0.331,0.0,11.9,64.1
1784032980.133,2161,2.91,1.294,0.001,0.0,16.5,73.6
1784032980.133,2161,6.85,3.359,0.872,0.0,13.4,60.1
1784032980.235,2162,1.465,-0.429,0.019,0.0,17.3,62.1
1784032980.235,2162,1.66,-0.16,-0.34,0.0,12.2,63.8
1784032980.235,2162,2.91,1.294,0.003,0.0,16.5,73.6
1784032980.235,2162,6.85,3.359,0.865,0.0,13.0,60.4
1784032980.337,2163,1.465,-0.429,0.016,0.0,16.3,63.2
1784032980.337,2163,1.795,0.736,-0.303,0.0,12.8,74.8
1784032980.337,2163,2.91,1.294,-0.0,0.0,16.7,73.3
1784032980.337,2163,6.855,3.359,0.824,0.0,13.8,59.8
1784032980.438,2164,0.216,0.319,0.075,0.0,11.8,66.4
1784032980.438,2164,1.465,-0.429,0.02,0.0,17.1,62.4
1784032980.438,2164,1.662,-0.16,-0.327,0.0,12.0,63.9
1784032980.438,2164,1.796,0.736,-0.296,0.0,12.8,74.8
1784032980.438,2164,2.91,1.294,0.005,0.0,16.5,73.5
1784032980.438,2164,6.857,3.359,0.81,0.0,14.0,60.2
1784032980.54,2165,0.233,0.307,0.077,0.0,11.5,66.5
1784032980.54,2165,1.465,-0.429,0.018,0.0,16.1,63.4
1784032980.54,2165,1.794,0.736,-0.307,0.0,12.9,74.6
1784032980.54,2165,2.91,1.294,0.001,0.0,16.5,73.5
1784032980.54,2165,6.864,3.359,0.748,0.0,14.6,59.7
1784032980.54,2165,5.0,3.175,0.801,0.243,13.4,50.3
1784032980.642,2166,1.465,-0.429,0.012,0.0,17.1,62.3
1784032980.642,2166,1.668,-0.106,-0.318,0.0,12.6,63.3
1784032980.642,2166,1.798,0.736,-0.284,0.0,12.9,74.7
1784032980.642,2166,2.91,1.294,0.001,0.0,16.5,73.5
1784032980.642,2166,6.859,3.359,0.791,0.0,13.4,60.5
1784032980.642,2166,4.986,3.175,0.882,0.243,14.3,51.8
1784032980.743,2167,0.215,0.319,0.077,0.0,12.0,66.2
1784032980.743,2167,1.465,-0.429,0.018,0.0,15.9,63.5
1784032980.743,2167,1.798,0.736,-0.281,0.0,13.0,74.6
1784032980.743,2167,2.91,1.294,0.006,0.0,16.5,73.5
1784032980.743,2167,6.855,3.359,0.83,0.0,13.4,60.4
1784032980.743,2167,0.827,-0.052,0.005,0.406,20.2,45.5
1784032980.795,2168,1.465,-0.429,0.015,0.0,16.5,62.9
1784032980.795,2168,1.663,-0.16,-0.325,0.0,11.7,64.3
1784032980.795,2168,1.793,0.736,-0.315,0.0,12.8,74.8
1784032980.795,2168,2.91,1.294,0.001,0.0,16.7,73.4
1784032980.795,2168,6.854,3.359,0.837,0.0,14.2,59.8
1784032980.795,2168,4.902,3.387,0.868,0.243,11.6,52.1
1784032980.948,2169,0.214,0.319,0.08,0.0,11.8,66.3
1784032980.948,2169,1.465,-0.429,0.017,0.0,15.1,64.3
1784032980.948,2169,1.798,0.736,-0.283,0.0,12.8,74.9
1784032980.948,2169,2.91,1.294,0.005,0.0,16.5,73.5
1784032980.948,2169,6.847,3.359,0.89,0.0,13.6,60.3
1784032981.05,2170,0.232,0.307,0.078,0.0,11.3,66.7
1784032981.05,2170,1.465,-0.429,0.015,0.0,16.7,62.7
1784032981.05,2170,1.663,-0.16,-0.32,0.0,11.9,64.1
1784032981.05,2170,1.797,0.736,-0.286,0.0,12.8,74.9
1784032981.05,2170,2.91,1.294,0.008,0.0,16.5,73.5
1784032981.05,2170,6.859,3.359,0.797,0.0,14.3,59.6
1784032981.101,2171,1.465,-0.429,0.014,0.0,16.5,63.0
1784032981.101,2171,1.663,-0.16,-0.325,0.0,12.0,64.1
1784032981.101,2171,1.794,0.736,-0.308,0.0,12.8,74.8
1784032981.101,2171,2.91,1.294,-0.002,0.0,16.5,73.5
1784032981.101,2171,6.861,3.359,0.773,0.0,13.6,60.2
1784032981.207,2172,0.215,0.319,0.079,0.0,11.7,66.4
1784032981.207,2172,1.465,-0.429,0.021,0.0,16.1,63.4
1784032981.207,2172,1.668,-0.106,-0.316,0.0,11.3,64.7
1784032981.207,2172,2.91,1.294,0.003,0.0,16.5,73.5
1784032981.207,2172,6.849,3.359,0.872,0.0,13.8,60.2
1784032981.31,2173,1.465,-0.429,0.012,0.0,15.5,64.0
1784032981.31,2173,1.662,-0.16,-0.33,0.0,12.0,64.0
1784032981.31,2173,1.793,0.736,-0.312,0.0,12.8,74.7
1784032981.31,2173,2.91,1.294,0.004,0.0,16.6,73.4
1784032981.31,2173,6.857,3.359,0.808,0.0,14.1,59.6
1784032981.413,2174,1.465,-0.429,0.015,0.0,15.0,64.5
1784032981.413,2174,1.793,0.736,-0.313,0.0,12.8,74.8
1784032981.413,2174,2.91,1.294,-0.003,0.0,16.5,73.5
1784032981.413,2174,6.85,3.359,0.866,0.0,13.9,60.0
1784032981.517,2175,1.465,-0.429,0.015,0.0,15.7,63.8
1784032981.517,2175,2.91,1.294,0.004,0.0,16.2,73.8
1784032981.517,2175,6.865,3.359,0.745,0.0,13.5,60.5
1784032981.62,2176,1.465,-0.429,0.009,0.0,15.3,64.1
1784032981.62,2176,1.662,-0.16,-0.327,0.0,11.8,64.2
1784032981.62,2176,1.795,0.736,-0.303,0.0,13.0,74.6
1784032981.62,2176,2.91,1.294,-0.002,0.0,16.8,73.3
1784032981.62,2176,6.854,3.359,0.839,0.0,14.6,59.5
1784032981.722,2177,1.465,-0.429,0.016,0.0,15.1,64.3
1784032981.722,2177,1.795,0.736,-0.299,0.0,12.8,74.8
1784032981.722,2177,2.91,1.294,0.005,0.0,16.9,73.2
1784032981.722,2177,6.862,3.359,0.764,0.0,14.2,59.7
1784032981.826,2178,1.465,-0.429,0.018,0.0,13.9,65.6
1784032981.826,2178,1.794,0.736,-0.307,0.0,12.9,74.7
1784032981.826,2178,2.91,1.294,0.006,0.0,16.8,73.2
1784032981.826,2178,6.857,3.359,0.812,0.0,14.3,59.8
1784032981.928,2179,1.465,-0.429,0.014,0.0,15.9,63.5
1784032981.928,2179,1.666,-0.106,-0.33,0.0,11.9,64.2
1784032981.928,2179,1.795,0.736,-0.298,0.0,12.8,74.8
1784032981.928,2179,2.91,1.294,0.003,0.0,16.4,73.6
1784032981.928,2179,6.857,3.359,0.808,0.0,14.6,59.8
1784032982.029,2180,1.465,-0.429,0.011,0.0,16.2,63.3
1784032982.029,2180,1.668,-0.106,-0.317,0.0,11.9,64.1
1784032982.029,2180,1.795,0.736,-0.302,0.0,12.8,74.7
1784032982.029,2180,2.91,1.294,0.006,0.0,16.5,73.6
1784032982.029,2180,6.86,3.359,0.784,0.0,14.3,59.9
1784032982.13,2181,1.465,-0.429,0.021,0.0,15.6,63.9
1784032982.13,2181,1.663,-0.16,-0.322,0.0,11.8,64.2
1784032982.13,2181,1.793,0.736,-0.314,0.0,12.9,74.7
1784032982.13,2181,2.91,1.294,0.005,0.0,16.7,73.4
1784032982.13,2181,6.859,3.359,0.798,0.0,14.4,59.7
1784032982.232,2182,1.465,-0.429,0.021,0.0,15.4,64.0
1784032982.232,2182,1.667,-0.106,-0.324,0.0,11.5,64.6
1784032982.232,2182,2.91,1.294,-0.001,0.0,16.3,73.8
1784032982.232,2182,6.861,3.359,0.777,0.0,14.6,59.8
1784032982.334,2183,1.465,-0.429,0.015,0.0,14.9,64.6
1784032982.334,2183,1.794,0.736,-0.308,0.0,12.8,74.7
1784032982.334,2183,2.91,1.294,0.012,0.0,16.7,73.3
1784032982.334,2183,6.849,3.359,0.876,0.0,14.5,60.0
1784032982.436,2184,1.465,-0.429,0.016,0.0,14.3,65.2
1784032982.436,2184,1.793,0.736,-0.314,0.0,12.8,74.7
1784032982.436,2184,2.91,1.294,0.005,0.0,16.8,73.3
1784032982.436,2184,6.866,3.359,0.732,0.0,15.0,59.3
1784032982.538,2185,1.465,-0.429,0.013,0.0,14.3,65.2
1784032982.538,2185,1.073,-1.693,0.095,0.0,12.6,75.0
1784032982.538,2185,2.91,1.294,0.003,0.0,16.5,73.5
1784032982.538,2185,6.858,3.359,0.806,0.0,14.8,59.4
1784032982.641,2186,1.465,-0.429,0.018,0.0,15.5,64.0
1784032982.641,2186,1.662,-0.16,-0.328,0.0,11.3,64.7
1784032982.641,2186,1.794,0.736,-0.307,0.0,12.9,74.7
1784032982.641,2186,2.91,1.294,0.005,0.0,16.8,73.3
1784032982.641,2186,6.85,3.359,0.867,0.0,14.6,59.7
1784032982.744,2187,1.465,-0.429,0.014,0.0,14.1,65.4
1784032982.744,2187,1.794,0.736,-0.308,0.0,13.0,74.6
1784032982.744,2187,2.91,1.294,0.01,0.0,16.9,73.1
1784032982.744,2187,6.851,3.359,0.856,0.0,14.5,60.0
1784032982.846,2188,1.465,-0.429,0.012,0.0,14.1,65.4
1784032982.846,2188,1.663,-0.16,-0.325,0.0,11.3,64.8
1784032982.846,2188,1.794,0.736,-0.304,0.0,12.8,74.8
1784032982.846,2188,2.91,1.294,0.0,0.0,16.6,73.5
1784032982.846,2188,6.853,3.359,0.845,0.0,14.7,59.8
1784032982.897,2189,1.465,-0.429,0.013,0.0,15.0,64.5
1784032982.897,2189,1.795,0.736,-0.301,0.0,12.9,74.7
1784032982.897,2189,2.91,1.294,0.003,0.0,16.2,73.8
1784032982.897,2189,6.853,3.359,0.848,0.0,15.0,59.4
1784032983.0,2190,1.465,-0.429,0.01,0.0,14.8,64.7
1784032983.0,2190,1.794,0.736,-0.305,0.0,12.8,74.8
1784032983.0,2190,2.91,1.294,0.005,0.0,17.1,72.9
1784032983.0,2190,6.854,3.359,0.839,0.0,14.3,59.9
1784032983.151,2191,1.465,-0.429,0.015,0.0,14.6,64.9
1784032983.151,2191,1.794,0.736,-0.307,0.0,13.0,74.6
1784032983.151,2191,2.91,1.294,0.004,0.0,16.5,73.6
1784032983.151,2191,6.862,3.359,0.768,0.0,14.7,59.4
1784032983.202,2192,1.465,-0.429,0.026,0.0,14.9,64.6
1784032983.202,2192,2.91,1.294,0.013,0.0,16.4,73.7
1784032983.202,2192,6.859,3.359,0.792,0.0,14.6,59.6
1784032983.302,2193,1.465,-0.429,0.014,0.0,14.4,65.1
1784032983.302,2193,1.793,0.736,-0.312,0.0,12.8,74.8
1784032983.302,2193,2.91,1.294,0.006,0.0,16.9,73.1
1784032983.302,2193,6.859,3.359,0.791,0.0,14.5,59.7
1784032983.405,2194,1.465,-0.429,0.012,0.0,14.9,64.5
1784032983.405,2194,1.793,0.736,-0.31,0.0,12.9,74.7
1784032983.405,2194,2.91,1.294,0.008,0.0,16.8,73.3
1784032983.405,2194,6.86,3.359,0.787,0.0,14.5,59.7
1784032983.505,2195,1.465,-0.429,0.009,0.0,14.5,65.0
1784032983.505,2195,2.91,1.294,0.003,0.0,16.7,73.4
1784032983.505,2195,6.853,3.359,0.845,0.0,14.2,59.8
1784032983.607,2196,1.465,-0.429,0.015,0.0,14.4,65.1
1784032983.607,2196,2.91,1.294,0.008,0.0,16.9,73.2
1784032983.607,2196,6.861,3.359,0.774,0.0,14.3,59.7
1784032983.708,2197,1.465,-0.429,0.017,0.0,16.0,63.5
1784032983.708,2197,1.666,-0.16,-0.309,0.0,12.4,63.7
1784032983.708,2197,1.794,0.736,-0.305,0.0,12.7,74.9
1784032983.708,2197,2.91,1.294,0.004,0.0,16.7,73.4
1784032983.708,2197,6.855,3.359,0.828,0.0,14.0,59.9
1784032983.809,2198,1.465,-0.429,0.019,0.0,15.2,64.3
1784032983.809,2198,1.795,0.736,-0.301,0.0,12.8,74.8
1784032983.809,2198,2.91,1.294,0.001,0.0,16.4,73.7
1784032983.809,2198,6.858,3.359,0.8,0.0,14.3,59.7
1784032983.911,2199,1.465,-0.429,0.021,0.0,14.8,64.7
1784032983.911,2199,2.91,1.294,-0.001,0.0,16.3,73.8
1784032983.911,2199,6.859,3.359,0.791,0.0,14.2,60.1
1784032984.013,2200,1.465,-0.429,0.012,0.0,15.7,63.7
1784032984.013,2200,1.663,-0.16,-0.322,0.0,11.5,64.5
1784032984.013,2200,1.794,0.736,-0.307,0.0,12.9,74.6
1784032984.013,2200,2.91,1.294,0.004,0.0,16.4,73.7
1784032984.013,2200,6.856,3.359,0.818,0.0,14.1,60.2
1784032984.115,2201,1.465,-0.429,0.017,0.0,15.6,63.8
1784032984.115,2201,1.663,-0.16,-0.324,0.0,11.8,64.2
1784032984.115,2201,1.793,0.736,-0.314,0.0,12.9,74.7
1784032984.115,2201,2.91,1.294,0.006,0.0,16.5,73.6
1784032984.115,2201,6.853,3.359,0.842,0.0,14.4,59.9
1784032984.217,2202,1.465,-0.429,0.007,0.0,14.8,64.6
1784032984.217,2202,1.665,-0.16,-0.311,0.0,11.2,64.7
1784032984.217,2202,2.91,1.294,0.008,0.0,16.5,73.6
1784032984.217,2202,6.854,3.359,0.838,0.0,14.4,59.8
1784032984.319,2203,1.465,-0.429,0.007,0.0,15.2,64.3
1784032984.319,2203,1.794,0.736,-0.305,0.0,12.7,74.8
1784032984.319,2203,2.91,1.294,0.01,0.0,16.4,73.7
1784032984.319,2203,6.852,3.359,0.851,0.0,14.7,59.5
1784032984.422,2204,1.465,-0.429,0.011,0.0,15.3,64.2
1784032984.422,2204,1.793,0.736,-0.31,0.0,12.7,74.8
1784032984.422,2204,2.91,1.294,0.012,0.0,16.5,73.6
1784032984.422,2204,6.853,3.359,0.84,0.0,14.7,59.7
1784032984.524,2205,1.465,-0.429,0.013,0.0,16.1,63.4
1784032984.524,2205,1.666,-0.16,-0.308,0.0,11.2,64.8
1784032984.524,2205,1.794,0.736,-0.309,0.0,12.8,74.8
1784032984.524,2205,2.91,1.294,0.015,0.0,16.7,73.4
1784032984.524,2205,6.859,3.359,0.795,0.0,14.5,59.7
1784032984.627,2206,1.465,-0.429,0.02,0.0,15.0,64.5
1784032984.627,2206,1.794,0.736,-0.305,0.0,12.8,74.7
1784032984.627,2206,2.91,1.294,0.015,0.0,16.5,73.5
1784032984.627,2206,6.852,3.359,0.853,0.0,14.2,60.0
1784032984.729,2207,1.465,-0.429,0.015,0.0,16.0,63.4
1784032984.729,2207,1.662,-0.16,-0.328,0.0,11.6,64.4
1784032984.729,2207,1.794,0.736,-0.307,0.0,12.9,74.7
1784032984.729,2207,2.91,1.294,0.01,0.0,16.8,73.3
1784032984.729,2207,6.857,3.359,0.811,0.0,14.5,59.8
1784032984.83,2208,1.465,-0.429,0.012,0.0,16.3,63.1
1784032984.83,2208,1.666,-0.16,-0.309,0.0,11.7,64.4
1784032984.83,2208,1.794,0.736,-0.308,0.0,12.9,74.7
1784032984.83,2208,2.91,1.294,0.013,0.0,16.6,73.5
1784032984.83,2208,6.859,3.359,0.792,0.0,14.6,59.6
1784032984.932,2209,1.465,-0.429,0.013,0.0,15.9,63.6
1784032984.932,2209,1.664,-0.16,-0.316,0.0,11.5,64.5
1784032984.932,2209,1.794,0.736,-0.307,0.0,12.8,74.8
1784032984.932,2209,2.91,1.294,0.014,0.0,16.8,73.3
1784032984.932,2209,6.858,3.359,0.807,0.0,13.8,60.3
1784032985.034,2210,1.465,-0.429,0.016,0.0,15.4,64.1
1784032985.034,2210,1.663,-0.16,-0.321,0.0,11.2,64.8
1784032985.034,2210,1.794,0.736,-0.308,0.0,12.9,74.7
1784032985.034,2210,2.91,1.294,0.009,0.0,16.8,73.3
1784032985.034,2210,6.853,3.359,0.843,0.0,14.3,59.7
1784032985.136,2211,1.465,-0.429,0.014,0.0,15.7,63.7
1784032985.136,2211,1.663,-0.16,-0.325,0.0,11.4,64.7
1784032985.136,2211,1.793,0.736,-0.315,0.0,12.9,74.6
1784032985.136,2211,2.91,1.294,0.007,0.0,16.5,73.6
1784032985.136,2211,6.859,3.359,0.795,0.0,14.3,59.8
1784032985.238,2212,1.465,-0.429,0.019,0.0,15.7,63.7
1784032985.238,2212,1.664,-0.16,-0.32,0.0,11.2,64.8
1784032985.238,2212,1.794,0.736,-0.309,0.0,12.9,74.7
1784032985.238,2212,2.91,1.294,0.01,0.0,16.7,73.4
1784032985.238,2212,6.863,3.359,0.758,0.0,14.1,60.0
1784032985.339,2213,1.465,-0.429,0.017,0.0,14.4,65.0
1784032985.339,2213,2.91,1.294,0.015,0.0,16.6,73.5
1784032985.339,2213,6.857,3.359,0.81,0.0,14.0,60.0
1784032985.44,2214,1.465,-0.429,0.013,0.0,14.8,64.6
1784032985.44,2214,2.91,1.294,0.014,0.0,16.4,73.7
1784032985.44,2214,6.965,3.119,0.848,0.0,13.5,60.3
1784032985.543,2215,1.465,-0.429,0.02,0.0,15.3,64.2
1784032985.543,2215,2.91,1.294,0.015,0.0,16.2,73.9
1784032985.543,2215,6.853,3.359,0.845,0.0,13.7,60.0
1784032985.645,2216,1.465,-0.429,0.008,0.0,15.3,64.2
1784032985.645,2216,1.667,-0.106,-0.326,0.0,11.4,64.6
1784032985.645,2216,1.794,0.736,-0.307,0.0,12.9,74.7
1784032985.645,2216,2.91,1.294,0.008,0.0,16.5,73.6
1784032985.645,2216,6.855,3.359,0.83,0.0,13.7,59.9
1784032985.747,2217,1.465,-0.429,0.005,0.0,15.3,64.2
1784032985.747,2217,1.664,-0.16,-0.316,0.0,11.2,64.8
1784032985.747,2217,1.793,0.736,-0.313,0.0,12.9,74.7
1784032985.747,2217,2.91,1.294,0.008,0.0,16.5,73.6
1784032985.747,2217,6.853,3.359,0.843,0.0,14.6,59.1
1784032985.848,2218,1.465,-0.429,0.008,0.0,15.7,63.8
1784032985.848,2218,1.666,-0.16,-0.307,0.0,11.5,64.5
1784032985.848,2218,1.793,0.736,-0.312,0.0,12.9,74.6
1784032985.848,2218,2.91,1.294,0.011,0.0,16.5,73.6
1784032985.848,2218,6.852,3.359,0.853,0.0,14.1,59.8
1784032985.898,2219,1.465,-0.429,0.014,0.0,15.2,64.2
1784032985.898,2219,1.662,-0.16,-0.326,0.0,11.4,64.6
1784032985.898,2219,1.794,0.736,-0.309,0.0,12.9,74.7
1784032985.898,2219,2.91,1.294,0.011,0.0,16.3,73.8
1784032985.898,2219,6.849,3.359,0.874,0.0,13.5,60.4
1784032986.001,2220,1.465,-0.429,0.011,0.0,14.3,65.2
1784032986.001,2220,1.793,0.736,-0.313,0.0,12.9,74.7
1784032986.001,2220,2.91,1.294,0.01,0.0,16.3,73.8
1784032986.001,2220,6.849,3.359,0.876,0.0,13.7,60.1
1784032986.154,2221,1.465,-0.429,0.013,0.0,15.1,64.4
1784032986.154,2221,1.791,0.736,-0.323,0.0,12.8,74.7
1784032986.154,2221,2.91,1.294,0.015,0.0,16.3,73.9
1784032986.154,2221,6.853,3.359,0.841,0.0,14.3,59.6
1784032986.206,2222,1.465,-0.429,0.013,0.0,15.5,64.0
1784032986.206,2222,1.792,0.736,-0.319,0.0,12.7,74.8
1784032986.206,2222,2.91,1.294,0.014,0.0,16.6,73.6
1784032986.206,2222,6.855,3.359,0.824,0.0,13.9,60.0
1784032986.308,2223,1.465,-0.429,0.015,0.0,15.2,64.3
1784032986.308,2223,2.91,1.294,0.011,0.0,16.5,73.6
1784032986.308,2223,6.859,3.359,0.793,0.0,13.0,60.8
1784032986.409,2224,1.465,-0.429,0.011,0.0,14.7,64.7
1784032986.409,2224,1.664,-0.16,-0.318,0.0,11.6,64.4
1784032986.409,2224,1.792,0.736,-0.316,0.0,12.9,74.7
1784032986.409,2224,2.91,1.294,0.015,0.0,16.4,73.7
1784032986.409,2224,6.856,3.359,0.822,0.0,14.6,59.6
1784032986.51,2225,1.465,-0.429,0.018,0.0,15.6,63.9
1784032986.51,2225,1.663,-0.16,-0.321,0.0,11.6,64.5
1784032986.51,2225,1.792,0.736,-0.319,0.0,12.8,74.7
1784032986.51,2225,2.91,1.294,0.01,0.0,16.4,73.7
1784032986.51,2225,6.843,3.359,0.918,0.0,14.3,60.0
1784032986.612,2226,1.465,-0.429,0.017,0.0,15.7,63.8
1784032986.612,2226,1.794,0.736,-0.31,0.0,12.8,74.8
1784032986.612,2226,2.91,1.294,0.009,0.0,16.3,73.8
1784032986.612,2226,6.859,3.359,0.791,0.0,14.1,60.4
1784032986.714,2227,1.465,-0.429,0.011,0.0,15.0,64.5
1784032986.714,2227,2.91,1.294,0.006,0.0,16.3,73.8
1784032986.714,2227,6.856,3.359,0.822,0.0,14.6,59.9
1784032986.816,2228,1.465,-0.429,0.017,0.0,15.7,63.8
1784032986.816,2228,1.792,0.736,-0.316,0.0,12.8,74.7
1784032986.816,2228,2.91,1.294,0.009,0.0,16.5,73.6
1784032986.816,2228,6.854,3.359,0.837,0.0,13.9,60.6
1784032986.919,2229,1.465,-0.429,0.012,0.0,14.2,65.2
1784032986.919,2229,2.91,1.294,0.003,0.0,16.6,73.6
1784032986.919,2229,6.852,3.359,0.848,0.0,14.4,59.8
1784032987.022,2230,1.465,-0.429,0.01,0.0,15.7,63.8
1784032987.022,2230,1.663,-0.16,-0.322,0.0,11.4,64.6
1784032987.022,2230,1.793,0.736,-0.311,0.0,12.8,74.7
1784032987.022,2230,2.91,1.294,0.008,0.0,16.7,73.4
1784032987.022,2230,5.805,3.088,0.411,0.0,11.2,59.3
1784032987.022,2230,6.856,3.359,0.821,0.0,14.7,59.2
1784032987.124,2231,1.465,-0.429,0.013,0.0,16.1,63.4
1784032987.124,2231,1.663,-0.16,-0.321,0.0,11.9,64.1
1784032987.124,2231,1.792,0.736,-0.317,0.0,12.9,74.7
1784032987.124,2231,2.91,1.294,0.014,0.0,17.0,73.1
1784032987.124,2231,6.85,3.359,0.869,0.0,13.9,59.8
1784032987.225,2232,1.465,-0.429,0.009,0.0,15.9,63.5
1784032987.225,2232,1.662,-0.16,-0.328,0.0,12.0,64.0
1784032987.225,2232,2.91,1.294,0.01,0.0,16.8,73.3
1784032987.225,2232,6.853,3.359,0.843,0.0,14.1,59.6
1784032987.328,2233,1.465,-0.429,0.016,0.0,15.4,64.2
1784032987.328,2233,1.664,-0.16,-0.316,0.0,11.8,64.2
1784032987.328,2233,1.793,0.736,-0.315,0.0,12.9,74.6
1784032987.328,2233,2.91,1.294,0.007,0.0,16.6,73.5
1784032987.328,2233,6.862,3.359,0.77,0.0,13.9,59.7
1784032987.429,2234,1.465,-0.429,0.012,0.0,14.9,64.6
1784032987.429,2234,1.665,-0.16,-0.312,0.0,11.2,64.8
1784032987.429,2234,1.792,0.736,-0.319,0.0,12.9,74.7
1784032987.429,2234,2.91,1.294,0.007,0.0,16.9,73.2
1784032987.429,2234,6.859,3.359,0.795,0.0,13.6,60.1
1784032987.529,2235,1.465,-0.429,0.012,0.0,14.8,64.7
1784032987.529,2235,1.665,-0.16,-0.31,0.0,11.5,64.5
1784032987.529,2235,1.792,0.736,-0.318,0.0,12.9,74.7
1784032987.529,2235,2.91,1.294,0.018,0.0,16.5,73.7
1784032987.529,2235,6.958,3.119,0.905,0.0,13.9,59.5
1784032987.631,2236,1.465,-0.429,0.012,0.0,15.2,64.3
1784032987.631,2236,1.664,-0.16,-0.319,0.0,12.0,64.1
1784032987.631,2236,1.793,0.736,-0.314,0.0,12.7,74.9
1784032987.631,2236,2.91,1.294,0.005,0.0,16.6,73.5
1784032987.631,2236,6.961,3.119,0.879,0.0,13.8,59.9
1784032987.734,2237,1.465,-0.429,0.012,0.0,15.5,63.9
1784032987.734,2237,1.665,-0.16,-0.312,0.0,11.9,64.1
1784032987.734,2237,1.793,0.736,-0.314,0.0,13.0,74.6
1784032987.734,2237,2.91,1.294,0.016,0.0,16.7,73.4
1784032987.734,2237,6.857,3.359,0.811,0.0,14.5,59.3
1784032987.834,2238,1.465,-0.429,0.009,0.0,15.3,64.2
1784032987.834,2238,1.793,0.736,-0.313,0.0,12.7,74.8
1784032987.834,2238,2.91,1.294,0.017,0.0,16.7,73.4
1784032987.834,2238,6.862,3.359,0.769,0.0,13.5,60.3
1784032987.935,2239,1.465,-0.429,0.007,0.0,14.4,65.0
1784032987.935,2239,1.793,0.736,-0.31,0.0,12.7,74.9
1784032987.935,2239,2.91,1.294,0.018,0.0,16.8,73.3
1784032987.935,2239,6.869,3.359,0.704,0.0,13.8,60.0
1784032988.036,2240,1.465,-0.429,0.014,0.0,16.2,63.3
1784032988.036,2240,1.666,-0.16,-0.307,0.0,12.2,63.8
1784032988.036,2240,1.792,0.736,-0.321,0.0,12.8,74.7
1784032988.036,2240,2.91,1.294,0.015,0.0,16.9,73.3
1784032988.036,2240,6.863,3.359,0.76,0.0,14.1,59.6
1784032988.139,2241,1.465,-0.429,0.013,0.0,15.1,64.4
1784032988.139,2241,1.666,-0.16,-0.306,0.0,11.3,64.7
1784032988.139,2241,1.793,0.736,-0.315,0.0,13.0,74.6
1784032988.139,2241,2.91,1.294,0.018,0.0,16.7,73.5
1784032988.139,2241,6.965,3.119,0.85,0.0,14.0,59.6
1784032988.24,2242,1.465,-0.429,0.014,0.0,16.0,63.5
1784032988.24,2242,1.664,-0.16,-0.317,0.0,11.4,64.5
1784032988.24,2242,1.794,0.736,-0.308,0.0,12.8,74.8
1784032988.24,2242,2.91,1.294,0.012,0.0,16.7,73.4
1784032988.24,2242,6.866,3.359,0.728,0.0,13.6,59.8
1784032988.341,2243,1.465,-0.429,0.012,0.0,14.7,64.7
1784032988.341,2243,1.793,0.736,-0.311,0.0,12.9,74.6
1784032988.341,2243,2.91,1.294,0.015,0.0,16.9,73.2
1784032988.341,2243,6.967,3.119,0.835,0.0,13.2,60.1
1784032988.444,2244,1.465,-0.429,0.011,0.0,15.7,63.7
1784032988.444,2244,1.664,-0.16,-0.32,0.0,11.7,64.2
1784032988.444,2244,1.791,0.736,-0.324,0.0,13.1,74.5
1784032988.444,2244,2.91,1.294,0.01,0.0,16.8,73.4
1784032988.444,2244,6.96,3.119,0.887,0.0,13.3,60.1
1784032988.545,2245,1.465,-0.429,0.02,0.0,15.8,63.7
1784032988.545,2245,1.663,-0.16,-0.323,0.0,11.6,64.4
1784032988.545,2245,1.793,0.736,-0.314,0.0,12.9,74.6
1784032988.545,2245,2.91,1.294,0.014,0.0,16.9,73.2
1784032988.545,2245,6.961,3.119,0.877,0.0,13.5,59.9
1784032988.597,2246,1.465,-0.429,0.007,0.0,15.1,64.4
1784032988.597,2246,1.668,-0.106,-0.319,0.0,11.5,64.5
1784032988.597,2246,1.792,0.736,-0.318,0.0,13.0,74.6
1784032988.597,2246,2.91,1.294,0.016,0.0,16.6,73.6
1784032988.597,2246,6.852,3.359,0.852,0.0,13.4,60.3
1784032988.75,2247,1.465,-0.429,0.006,0.0,14.8,64.7
1784032988.75,2247,1.791,0.736,-0.322,0.0,12.9,74.7
1784032988.75,2247,2.91,1.294,0.011,0.0,16.6,73.5
1784032988.75,2247,6.859,3.359,0.795,0.0,13.5,60.3
1784032988.85,2248,1.465,-0.429,0.009,0.0,14.0,65.5
1784032988.85,2248,1.792,0.736,-0.319,0.0,12.8,74.7
1784032988.85,2248,2.91,1.294,0.01,0.0,16.8,73.4
1784032988.85,2248,6.86,3.359,0.786,0.0,13.8,60.3
1784032988.901,2249,1.465,-0.429,0.011,0.0,14.4,65.0
1784032988.901,2249,1.792,0.736,-0.32,0.0,12.9,74.6
1784032988.901,2249,2.91,1.294,0.014,0.0,16.7,73.4
1784032988.901,2249,6.858,3.359,0.804,0.0,14.4,59.9
1784032989.002,2250,1.465,-0.429,0.009,0.0,15.0,64.4
1784032989.002,2250,1.663,-0.16,-0.321,0.0,11.5,64.5
1784032989.002,2250,1.792,0.736,-0.316,0.0,12.9,74.6
1784032989.002,2250,2.91,1.294,0.012,0.0,16.7,73.4
1784032989.002,2250,6.85,3.359,0.864,0.0,15.0,59.4
1784032989.154,2251,1.465,-0.429,0.015,0.0,14.8,64.6
1784032989.154,2251,1.792,0.736,-0.321,0.0,12.8,74.7
1784032989.154,2251,2.91,1.294,0.018,0.0,17.0,73.1
1784032989.154,2251,5.786,3.088,0.617,0.0,11.4,58.9
1784032989.154,2251,6.853,3.359,0.841,0.0,14.7,59.6
1784032989.205,2252,1.465,-0.429,0.009,0.0,15.5,64.0
1784032989.205,2252,1.793,0.736,-0.311,0.0,12.9,74.6
1784032989.205,2252,2.91,1.294,0.02,0.0,16.8,73.4
1784032989.205,2252,6.844,3.359,0.917,0.0,15.0,59.2
1784032989.308,2253,1.465,-0.429,0.017,0.0,14.8,64.7
1784032989.308,2253,1.792,0.736,-0.318,0.0,12.9,74.7
1784032989.308,2253,2.91,1.294,0.018,0.0,16.6,73.6
1784032989.308,2253,6.845,3.359,0.907,0.0,14.1,59.9
1784032989.41,2254,1.465,-0.429,0.014,0.0,14.2,65.3
1784032989.41,2254,1.793,0.736,-0.313,0.0,12.9,74.7
1784032989.41,2254,2.91,1.294,0.017,0.0,16.7,73.5
1784032989.41,2254,6.856,3.359,0.818,0.0,14.0,60.0
1784032989.512,2255,1.465,-0.429,0.01,0.0,15.4,64.0
1784032989.512,2255,1.793,0.736,-0.313,0.0,12.9,74.7
1784032989.512,2255,2.91,1.294,0.021,0.0,17.1,73.1
1784032989.512,2255,6.857,3.359,0.81,0.0,13.5,60.5
1784032989.616,2256,1.465,-0.429,0.005,0.0,14.3,65.2
1784032989.616,2256,1.791,0.736,-0.325,0.0,13.1,74.5
1784032989.616,2256,2.91,1.294,0.014,0.0,17.1,73.1
1784032989.616,2256,6.857,3.359,0.809,0.0,13.5,60.7
1784032989.717,2257,1.465,-0.429,0.009,0.0,14.3,65.2
1784032989.717,2257,1.793,0.736,-0.311,0.0,12.9,74.6
1784032989.717,2257,2.91,1.294,0.018,0.0,16.8,73.4
1784032989.717,2257,6.86,3.359,0.782,0.0,14.2,60.1
1784032989.819,2258,1.465,-0.429,0.016,0.0,14.2,65.3
1784032989.819,2258,1.792,0.736,-0.319,0.0,12.9,74.6
1784032989.819,2258,2.91,1.294,0.014,0.0,16.8,73.3
1784032989.819,2258,6.853,3.359,0.847,0.0,14.6,59.9
1784032989.921,2259,1.465,-0.429,0.014,0.0,16.6,62.8
1784032989.921,2259,1.666,-0.16,-0.307,0.0,12.4,63.6
1784032989.921,2259,1.792,0.736,-0.32,0.0,12.8,74.8
1784032989.921,2259,2.91,1.294,0.014,0.0,17.1,73.1
1784032989.921,2259,6.85,3.359,0.87,0.0,14.2,60.4
1784032989.921,2259,0.816,1.023,0.045,0.162,17.2,48.1
1784032990.024,2260,1.465,-0.429,0.015,0.0,16.8,62.6
1784032990.024,2260,1.668,-0.106,-0.321,0.0,13.0,63.0
1784032990.024,2260,1.793,0.736,-0.315,0.0,12.8,74.7
1784032990.024,2260,2.91,1.294,0.011,0.0,16.9,73.2
1784032990.024,2260,6.85,3.359,0.87,0.0,14.6,60.0
1784032990.125,2261,1.465,-0.429,0.011,0.0,16.1,63.4
1784032990.125,2261,1.666,-0.16,-0.308,0.0,12.3,63.6
1784032990.125,2261,1.792,0.736,-0.318,0.0,12.8,74.7
1784032990.125,2261,2.91,1.294,0.014,0.0,16.8,73.4
1784032990.125,2261,6.858,3.359,0.802,0.0,15.3,59.3
1784032990.227,2262,1.465,-0.429,0.012,0.0,16.3,63.2
1784032990.227,2262,1.664,-0.16,-0.316,0.0,12.9,63.2
1784032990.227,2262,1.791,0.736,-0.323,0.0,12.9,74.7
1784032990.227,2262,2.91,1.294,0.013,0.0,16.7,73.5
1784032990.227,2262,6.86,3.359,0.788,0.0,14.7,59.6
1784032990.33,2263,1.465,-0.429,0.011,0.0,16.6,62.9
1784032990.33,2263,1.663,-0.16,-0.32,0.0,12.7,63.3
1784032990.33,2263,1.792,0.736,-0.319,0.0,12.9,74.6
1784032990.33,2263,2.91,1.294,0.015,0.0,16.8,73.3
1784032990.33,2263,6.863,3.359,0.757,0.0,14.0,60.6
1784032990.33,2263,0.92,0.972,-0.197,0.162,14.7,47.9
1784032990.432,2264,1.465,-0.429,0.006,0.0,17.1,62.4
1784032990.432,2264,1.665,-0.16,-0.312,0.0,12.5,63.4
1784032990.432,2264,1.79,0.736,-0.33,0.0,12.8,74.7
1784032990.432,2264,2.91,1.294,0.013,0.0,16.8,73.4
1784032990.432,2264,6.855,3.359,0.825,0.0,14.1,60.2
1784032990.534,2265,1.465,-0.429,0.009,0.0,17.1,62.3
1784032990.534,2265,1.662,-0.16,-0.326,0.0,12.9,63.0
1784032990.534,2265,1.791,0.736,-0.323,0.0,12.9,74.6
1784032990.534,2265,2.91,1.294,0.014,0.0,16.8,73.4
1784032990.534,2265,6.855,3.359,0.831,0.0,13.8,60.2
1784032990.635,2266,1.465,-0.429,0.011,0.0,17.3,62.2
1784032990.635,2266,1.662,-0.16,-0.33,0.0,13.1,62.9
1784032990.635,2266,1.79,0.736,-0.329,0.0,13.0,74.5
1784032990.635,2266,2.91,1.294,0.012,0.0,16.8,73.4
1784032990.635,2266,6.856,3.359,0.817,0.0,14.5,60.1
1784032990.736,2267,1.465,-0.429,0.011,0.0,17.3,62.2
1784032990.736,2267,1.663,-0.16,-0.321,0.0,12.8,63.2
1784032990.736,2267,1.79,0.736,-0.331,0.0,12.9,74.6
1784032990.736,2267,2.91,1.294,0.011,0.0,16.9,73.3
1784032990.736,2267,6.851,3.359,0.857,0.0,13.7,60.4
1784032990.839,2268,1.465,-0.429,0.008,0.0,17.2,62.3
1784032990.839,2268,1.662,-0.16,-0.326,0.0,12.7,63.2
1784032990.839,2268,1.789,0.736,-0.332,0.0,13.0,74.6
1784032990.839,2268,2.91,1.294,0.014,0.0,16.9,73.3
1784032990.839,2268,5.772,3.068,0.312,0.0,11.4,59.7
1784032990.839,2268,6.857,3.359,0.808,0.0,14.0,60.0
1784032990.839,2268,0.811,1.134,0.069,0.243,16.5,48.1
1784032990.942,2269,1.465,-0.429,0.008,0.0,17.2,62.2
1784032990.942,2269,1.664,-0.16,-0.319,0.0,12.9,63.0
1784032990.942,2269,1.791,0.736,-0.322,0.0,13.0,74.6
1784032990.942,2269,2.91,1.294,0.014,0.0,16.9,73.3
1784032990.942,2269,6.852,3.359,0.853,0.0,14.3,60.2
1784032990.942,2269,0.721,1.215,0.277,0.243,18.4,48.7
1784032990.995,2270,1.465,-0.429,0.011,0.0,17.2,62.3
1784032990.995,2270,1.666,-0.106,-0.332,0.0,12.9,63.0
1784032990.995,2270,1.79,0.736,-0.327,0.0,13.1,74.5
1784032990.995,2270,2.91,1.294,0.016,0.0,16.8,73.4
1784032990.995,2270,6.85,3.359,0.872,0.0,14.3,59.7
1784032991.149,2271,1.465,-0.429,0.007,0.0,17.2,62.3
1784032991.149,2271,1.663,-0.16,-0.325,0.0,12.8,63.0
1784032991.149,2271,2.91,1.294,0.012,0.0,16.8,73.5
1784032991.149,2271,6.855,3.359,0.827,0.0,14.7,59.5
1784032991.251,2272,1.465,-0.429,0.003,0.0,17.4,62.2
1784032991.251,2272,1.658,-0.16,-0.346,0.0,12.9,63.1
1784032991.251,2272,2.91,1.294,0.019,0.0,16.8,73.4
1784032991.251,2272,6.865,3.359,0.742,0.0,13.7,60.2
1784032991.302,2273,1.465,-0.429,0.007,0.0,16.7,62.7
1784032991.302,2273,1.663,-0.16,-0.323,0.0,12.7,63.3
1784032991.302,2273,1.79,0.736,-0.327,0.0,12.9,74.6
1784032991.302,2273,2.91,1.294,0.015,0.0,16.9,73.3
1784032991.302,2273,6.853,3.359,0.844,0.0,14.4,59.9
1784032991.404,2274,1.465,-0.429,0.012,0.0,17.0,62.4
1784032991.404,2274,1.664,-0.106,-0.338,0.0,12.6,63.3
1784032991.404,2274,1.789,0.736,-0.333,0.0,13.1,74.5
1784032991.404,2274,2.91,1.294,0.015,0.0,16.7,73.5
1784032991.404,2274,6.857,3.359,0.815,0.0,14.6,59.6
1784032991.506,2275,1.465,-0.429,0.008,0.0,16.9,62.5
1784032991.506,2275,1.667,-0.106,-0.323,0.0,12.6,63.3
1784032991.506,2275,1.796,0.736,-0.292,0.0,12.9,74.6
1784032991.506,2275,2.91,1.294,0.017,0.0,16.6,73.6
1784032991.506,2275,6.856,3.359,0.822,0.0,14.6,59.6
1784032991.607,2276,1.465,-0.429,0.01,0.0,17.3,62.2
1784032991.607,2276,1.66,-0.16,-0.335,0.0,12.7,63.2
1784032991.607,2276,1.79,0.736,-0.327,0.0,12.9,74.7
1784032991.607,2276,2.91,1.294,0.019,0.0,16.9,73.3
1784032991.607,2276,6.854,3.359,0.839,0.0,13.3,60.6
1784032991.708,2277,1.465,-0.429,0.009,0.0,16.9,62.5
1784032991.708,2277,1.667,-0.106,-0.324,0.0,12.5,63.3
1784032991.708,2277,1.789,0.736,-0.332,0.0,13.0,74.5
1784032991.708,2277,2.91,1.294,0.014,0.0,16.9,73.3
1784032991.708,2277,6.861,3.359,0.774,0.0,14.3,59.9
1784032991.809,2278,1.465,-0.429,0.01,0.0,17.1,62.4
1784032991.809,2278,1.662,-0.16,-0.327,0.0,12.8,63.1
1784032991.809,2278,2.91,1.294,0.018,0.0,16.7,73.5
1784032991.809,2278,6.853,3.359,0.845,0.0,13.8,60.4
1784032991.809,2278,5.037,3.175,0.519,0.162,13.0,51.6
1784032991.809,2278,0.394,0.663,0.149,0.406,19.8,46.5
1784032991.911,2279,1.465,-0.429,0.003,0.0,17.2,62.3
1784032991.911,2279,1.663,-0.16,-0.322,0.0,12.8,63.1
1784032991.911,2279,1.79,0.736,-0.33,0.0,12.9,74.6
1784032991.911,2279,2.91,1.294,0.017,0.0,17.0,73.2
1784032991.911,2279,6.849,3.359,0.873,0.0,14.0,60.2
1784032992.013,2280,1.465,-0.429,0.007,0.0,17.0,62.5
1784032992.013,2280,1.663,-0.16,-0.321,0.0,12.7,63.3
1784032992.013,2280,1.789,0.736,-0.334,0.0,12.8,74.7
1784032992.013,2280,2.91,1.294,0.017,0.0,17.1,73.1
1784032992.013,2280,6.858,3.359,0.804,0.0,14.0,60.4
1784032992.013,2280,0.896,-0.115,0.155,0.568,15.4,46.9
1784032992.115,2281,1.465,-0.429,0.007,0.0,17.1,62.2
1784032992.115,2281,1.663,-0.16,-0.324,0.0,13.0,63.0
1784032992.115,2281,2.91,1.294,0.014,0.0,16.8,73.4
1784032992.115,2281,6.859,3.359,0.796,0.0,14.2,60.2
1784032992.216,2282,1.465,-0.429,0.007,0.0,17.1,62.3
1784032992.216,2282,1.664,-0.16,-0.32,0.0,12.9,63.1
1784032992.216,2282,1.792,0.736,-0.318,0.0,12.9,74.6
1784032992.216,2282,2.91,1.294,0.02,0.0,16.9,73.3
1784032992.216,2282,6.867,3.359,0.721,0.0,14.1,60.2
1784032992.321,2283,1.465,-0.429,0.018,0.0,17.4,62.1
1784032992.321,2283,1.662,-0.16,-0.327,0.0,13.2,62.8
1784032992.321,2283,1.789,0.736,-0.336,0.0,13.0,74.5
1784032992.321,2283,2.91,1.294,0.02,0.0,16.9,73.3
1784032992.321,2283,6.871,3.359,0.687,0.0,14.9,59.9
1784032992.423,2284,1.465,-0.429,0.013,0.0,16.9,62.5
1784032992.423,2284,1.663,-0.16,-0.32,0.0,12.7,63.3
1784032992.423,2284,1.791,0.736,-0.323,0.0,12.9,74.6
1784032992.423,2284,2.91,1.294,0.014,0.0,16.9,73.3
1784032992.423,2284,6.866,3.359,0.732,0.0,14.2,60.2
1784032992.423,2284,2.912,-3.715,0.576,0.162,13.5,51.7
1784032992.525,2285,1.465,-0.429,0.009,0.0,16.2,63.3
1784032992.525,2285,1.667,-0.106,-0.322,0.0,13.1,63.0
1784032992.525,2285,1.794,0.736,-0.306,0.0,12.8,74.8
1784032992.525,2285,2.91,1.294,0.018,0.0,16.8,73.3
1784032992.525,2285,6.855,3.359,0.831,0.0,14.0,60.0
1784032992.627,2286,1.465,-0.429,0.014,0.0,14.7,64.7
1784032992.627,2286,1.665,-0.16,-0.315,0.0,12.6,63.5
1784032992.627,2286,1.792,0.736,-0.318,0.0,12.9,74.6
1784032992.627,2286,2.91,1.294,0.017,0.0,17.0,73.2
1784032992.627,2286,6.867,3.359,0.725,0.0,14.5,59.9
1784032992.627,2286,2.944,-3.749,0.552,0.162,13.0,50.9
1784032992.73,2287,1.465,-0.429,0.008,0.0,15.6,64.0
1784032992.73,2287,1.665,-0.16,-0.315,0.0,12.6,63.5
1784032992.73,2287,1.793,0.736,-0.315,0.0,12.7,74.8
1784032992.73,2287,2.91,1.294,0.02,0.0,16.4,73.8
1784032992.73,2287,6.854,3.359,0.839,0.0,13.8,60.7
1784032992.834,2288,1.465,-0.429,0.007,0.0,16.2,63.3
1784032992.834,2288,1.662,-0.16,-0.328,0.0,12.5,63.7
1784032992.834,2288,1.79,0.736,-0.331,0.0,12.9,74.6
1784032992.834,2288,2.91,1.294,0.019,0.0,16.8,73.5
1784032992.834,2288,6.959,3.119,0.894,0.0,13.5,60.4
1784032992.938,2289,1.465,-0.429,0.015,0.0,14.4,65.0
1784032992.938,2289,1.663,-0.16,-0.325,0.0,12.3,63.7
1784032992.938,2289,1.794,0.736,-0.306,0.0,13.0,74.6
1784032992.938,2289,2.91,1.294,0.016,0.0,16.6,73.5
1784032992.938,2289,6.859,3.359,0.797,0.0,14.3,59.7
1784032993.041,2290,1.465,-0.429,0.023,0.0,15.4,63.9
1784032993.041,2290,1.665,-0.16,-0.313,0.0,12.4,63.6
1784032993.041,2290,2.91,1.294,0.019,0.0,16.5,73.6
1784032993.041,2290,6.855,3.359,0.83,0.0,13.3,60.6
1784032993.142,2291,1.465,-0.429,0.008,0.0,16.9,62.4
1784032993.142,2291,1.666,-0.16,-0.309,0.0,12.9,63.1
1784032993.142,2291,1.796,0.736,-0.292,0.0,13.2,74.4
1784032993.142,2291,2.952,1.194,0.051,0.0,16.8,73.3
1784032993.142,2291,2.864,1.393,-0.007,0.0,16.8,73.3
1784032993.142,2291,6.858,3.359,0.801,0.0,13.7,60.4
1784032993.244,2292,1.465,-0.429,0.013,0.0,17.3,62.2
1784032993.244,2292,1.664,-0.16,-0.319,0.0,12.8,63.1
1784032993.244,2292,1.794,0.736,-0.309,0.0,13.0,74.6
1784032993.244,2292,2.91,1.294,0.021,0.0,16.8,73.4
1784032993.244,2292,6.86,3.359,0.781,0.0,13.4,60.6
1784032993.346,2293,1.465,-0.429,0.005,0.0,17.3,62.0
1784032993.346,2293,1.668,-0.106,-0.317,0.0,13.0,63.0
1784032993.346,2293,2.91,1.294,0.018,0.0,16.8,73.5
1784032993.346,2293,6.952,3.119,0.945,0.0,13.6,60.1
1784032993.397,2294,1.465,-0.429,0.021,0.0,17.0,62.4
1784032993.397,2294,1.667,-0.106,-0.322,0.0,12.6,63.3
1784032993.397,2294,1.796,0.736,-0.292,0.0,13.1,74.5
1784032993.397,2294,2.91,1.294,0.022,0.0,16.9,73.3
1784032993.397,2294,6.841,3.359,0.933,0.0,13.3,60.6
1784032993.549,2295,1.465,-0.429,0.019,0.0,17.0,62.4
1784032993.549,2295,1.663,-0.16,-0.322,0.0,13.1,63.0
1784032993.549,2295,1.793,0.736,-0.311,0.0,12.9,74.7
1784032993.549,2295,2.91,1.294,0.017,0.0,16.7,73.5
1784032993.549,2295,6.851,3.359,0.86,0.0,13.1,60.6
1784032993.65,2296,1.668,-0.106,-0.321,0.0,12.7,63.2
1784032993.65,2296,2.91,1.294,0.018,0.0,16.8,73.4
1784032993.65,2296,6.861,3.359,0.776,0.0,13.9,60.6
1784032993.701,2297,1.465,-0.429,0.012,0.0,16.8,62.6
1784032993.701,2297,1.665,-0.106,-0.333,0.0,12.7,63.3
1784032993.701,2297,2.952,1.194,0.054,0.0,16.7,73.5
1784032993.701,2297,2.864,1.393,-0.004,0.0,16.7,73.5
1784032993.701,2297,6.855,3.359,0.826,0.0,13.6,60.7
1784032993.802,2298,1.465,-0.429,0.019,0.0,17.0,62.5
1784032993.802,2298,1.668,-0.106,-0.32,0.0,12.6,63.4
1784032993.802,2298,1.795,0.736,-0.299,0.0,13.0,74.7
1784032993.802,2298,2.91,1.294,0.02,0.0,16.7,73.5
1784032993.802,2298,6.845,3.359,0.91,0.0,14.3,59.8
1784032993.802,2298,2.855,-3.272,0.417,-0.649,13.8,49.0
1784032993.953,2299,1.465,-0.429,-0.001,0.0,15.6,63.8
1784032993.953,2299,1.665,-0.106,-0.334,0.0,11.9,64.1
1784032993.953,2299,2.952,1.194,0.05,0.0,16.8,73.4
1784032993.953,2299,6.949,3.119,0.971,0.0,13.1,60.4
1784032994.005,2300,1.465,-0.429,0.0,0.0,15.8,63.6
1784032994.005,2300,1.665,-0.106,-0.332,0.0,11.7,64.3
1784032994.005,2300,2.952,1.194,0.054,0.0,16.8,73.4
1784032994.005,2300,6.944,3.119,1.004,0.0,13.2,60.2
1784032994.005,2300,4.858,3.083,0.755,-0.243,13.4,51.5
1784032994.106,2301,1.465,-0.429,0.012,0.0,15.5,63.9
1784032994.106,2301,1.665,-0.106,-0.332,0.0,11.6,64.3
1784032994.106,2301,1.794,0.736,-0.307,0.0,12.8,74.7
1784032994.106,2301,2.91,1.294,0.016,0.0,16.7,73.5
1784032994.106,2301,6.943,3.119,1.014,0.0,13.8,59.7
1784032994.106,2301,0.429,0.603,-0.055,-0.081,12.3,62.0
1784032994.208,2302,1.465,-0.429,-0.004,0.0,15.7,63.6
1784032994.208,2302,1.667,-0.106,-0.326,0.0,12.2,63.7
1784032994.208,2302,2.952,1.194,0.051,0.0,17.0,73.2
1784032994.208,2302,6.962,3.119,0.873,0.0,13.7,59.8
1784032994.208,2302,0.408,0.603,0.144,0.081,13.2,60.3
1784032994.208,2302,2.812,-3.239,0.503,-0.162,11.8,56.2
1784032994.312,2303,1.521,-0.393,-0.017,0.0,16.5,63.0
1784032994.312,2303,1.669,-0.106,-0.312,0.0,12.0,63.7
1784032994.312,2303,2.91,1.294,0.026,0.0,16.5,73.6
1784032994.312,2303,6.951,3.119,0.955,0.0,14.1,59.4
1784032994.414,2304,0.48,0.674,0.054,0.0,16.2,62.8
1784032994.414,2304,1.521,-0.393,-0.013,0.0,16.7,62.8
1784032994.414,2304,1.673,-0.106,-0.292,0.0,11.6,64.3
1784032994.414,2304,2.91,1.294,0.004,0.0,16.5,73.7
1784032994.414,2304,6.954,3.119,0.932,0.0,13.8,59.6
1784032994.521,2305,1.666,-0.106,-0.328,0.0,11.7,64.1
1784032994.521,2305,1.826,0.675,-0.256,0.0,13.0,74.8
1784032994.521,2305,2.952,1.194,0.047,0.0,16.7,73.5
1784032994.521,2305,6.949,3.119,0.972,0.0,13.8,59.5
1784032994.622,2306,1.521,-0.393,-0.027,0.0,16.8,62.9
1784032994.622,2306,1.667,-0.106,-0.323,0.0,11.8,63.9
1784032994.622,2306,1.834,0.675,-0.185,0.0,13.5,74.5
1784032994.622,2306,2.91,1.294,0.004,0.0,16.8,73.5
1784032994.622,2306,6.936,3.119,1.057,0.0,14.0,59.1
1784032994.622,2306,0.575,0.393,0.053,0.568,41.2,46.2
1784032994.723,2307,0.542,0.16,0.046,0.0,11.5,63.9
1784032994.723,2307,1.507,-0.442,-0.012,0.0,17.7,61.7
1784032994.723,2307,1.666,-0.16,-0.306,0.0,12.9,62.9
1784032994.723,2307,2.91,1.294,0.031,0.0,16.8,73.3
1784032994.723,2307,6.861,3.359,0.779,0.0,15.1,58.7
1784032994.825,2308,1.507,-0.442,-0.015,0.0,16.1,63.3
1784032994.825,2308,1.665,-0.16,-0.31,0.0,11.4,64.5
1784032994.825,2308,2.91,1.294,0.039,0.0,16.3,73.6
1784032994.825,2308,6.866,3.359,0.729,0.0,15.3,58.5
1784032994.825,2308,0.419,0.225,0.068,0.325,22.9,57.1
1784032994.825,2308,1.57,-1.56,0.5,0.568,14.4,54.2
1784032994.927,2309,1.507,-0.442,-0.024,0.0,15.2,64.3
1784032994.927,2309,0.293,0.245,0.09,-0.649,29.0,58.5
1784032995.029,2310,0.26,0.229,0.041,-0.406,20.2,63.6
1784032995.029,2310,0.292,0.048,0.076,-0.243,16.7,69.2
1784032995.13,2311,1.521,-0.393,-0.018,0.0,17.1,62.4
1784032995.13,2311,0.996,0.262,0.187,-0.243,11.8,53.9
1784032995.13,2311,0.255,0.008,0.058,-0.162,23.4,70.8
1784032995.231,2312,1.521,-0.393,-0.009,0.0,16.8,62.6
1784032995.231,2312,1.656,-0.106,-0.376,0.0,12.1,63.7
1784032995.231,2312,0.256,-0.0,0.056,-0.162,23.9,70.6
1784032995.231,2312,0.993,0.294,0.155,-0.162,12.8,58.6
1784032995.332,2313,0.24,0.057,0.089,0.0,21.1,75.6
1784032995.332,2313,1.507,-0.442,-0.047,0.0,16.3,63.3
1784032995.435,2314,0.253,0.041,0.053,0.0,19.8,75.3
1784032995.435,2314,1.52,-0.393,-0.038,0.0,15.2,64.6
1784032995.536,2315,1.507,-0.442,-0.041,0.0,17.0,62.4
1784032995.536,2315,1.663,-0.16,-0.323,0.0,12.3,63.5
1784032995.536,2315,2.904,1.294,0.196,0.0,20.5,73.5
1784032995.536,2315,0.221,0.098,0.099,0.243,20.2,67.3
1784032995.639,2316,1.52,-0.393,-0.033,0.0,16.8,63.1
1784032995.639,2316,1.667,-0.106,-0.324,0.0,11.8,64.1
1784032995.639,2316,1.838,0.675,-0.15,0.0,13.2,75.0
1784032995.639,2316,2.908,1.294,0.102,0.0,17.1,73.8
1784032995.639,2316,7.095,2.896,0.953,0.0,13.2,59.4
1784032995.74,2317,1.521,-0.393,-0.011,0.0,16.7,62.7
1784032995.74,2317,1.667,-0.106,-0.325,0.0,12.0,64.2
1784032995.74,2317,2.984,1.211,0.234,0.0,16.6,72.9
1784032995.841,2318,1.521,-0.393,-0.012,0.0,16.4,63.2
1784032995.841,2318,1.672,-0.106,-0.3,0.0,11.2,64.6
1784032995.841,2318,1.054,-1.657,0.019,0.0,13.5,74.6
1784032995.841,2318,1.834,0.675,-0.191,0.0,13.5,74.6
1784032995.841,2318,2.909,1.294,0.069,0.0,16.0,73.7
1784032995.841,2318,6.997,3.137,0.917,0.0,11.6,59.3
1784032995.841,2318,0.507,0.177,0.183,-0.243,14.1,51.6
1784032995.944,2319,1.507,-0.442,-0.024,0.0,16.5,63.2
1784032995.944,2319,1.657,-0.16,-0.354,0.0,12.0,64.0
1784032995.944,2319,2.907,1.294,0.14,0.0,16.3,73.5
1784032995.944,2319,6.967,3.137,1.121,0.0,13.5,58.6
1784032996.046,2320,0.186,0.172,0.065,0.0,11.6,74.8
1784032996.046,2320,1.521,-0.393,-0.009,0.0,16.5,62.8
1784032996.046,2320,1.674,-0.106,-0.287,0.0,12.1,63.9
1784032996.046,2320,2.896,1.294,0.286,0.0,18.6,73.7
1784032996.046,2320,7.007,3.137,0.833,0.0,13.6,59.8
1784032996.097,2321,1.521,-0.393,-0.02,0.0,16.7,62.9
1784032996.097,2321,1.675,-0.106,-0.278,0.0,12.0,63.8
1784032996.097,2321,2.9,1.294,0.244,0.0,18.4,73.6
1784032996.097,2321,6.992,3.137,0.947,0.0,13.7,59.3
1784032996.25,2322,1.507,-0.442,-0.011,0.0,17.0,62.4
1784032996.25,2322,1.682,-0.106,-0.234,0.0,11.9,63.3
1784032996.25,2322,2.986,1.211,0.21,0.0,16.5,72.9
1784032996.25,2322,6.884,3.378,0.912,0.0,12.2,59.3
1784032996.354,2323,1.521,-0.393,-0.005,0.0,16.6,62.8
1784032996.354,2323,1.672,-0.106,-0.298,0.0,11.6,64.1
1784032996.354,2323,2.984,1.211,0.233,0.0,16.4,73.1
1784032996.354,2323,7.019,3.137,0.728,0.0,11.6,59.7
1784032996.407,2324,1.521,-0.393,-0.022,0.0,17.3,62.3
1784032996.407,2324,1.682,-0.106,-0.233,0.0,12.3,63.5
1784032996.407,2324,2.904,1.294,0.195,0.0,18.2,73.8
1784032996.407,2324,6.922,3.378,0.552,0.0,12.6,59.6
1784032996.508,2325,1.465,-0.429,-0.001,0.0,15.5,63.7
1784032996.508,2325,1.661,-0.16,-0.332,0.0,11.8,64.1
1784032996.508,2325,1.826,0.675,-0.257,0.0,13.1,74.6
1784032996.508,2325,2.949,1.194,0.14,0.0,15.7,73.8
1784032996.508,2325,6.83,3.359,1.016,0.0,14.1,58.9
1784032996.609,2326,1.507,-0.442,-0.024,0.0,17.4,62.3
1784032996.609,2326,1.666,-0.16,-0.309,0.0,12.1,63.6
1784032996.609,2326,2.907,1.294,0.142,0.0,18.3,73.5
1784032996.609,2326,6.867,3.359,0.724,0.0,14.8,58.9
1784032996.714,2327,1.507,-0.442,-0.015,0.0,17.2,62.3
1784032996.714,2327,1.669,-0.106,-0.312,0.0,12.5,63.3
1784032996.714,2327,2.91,1.294,0.002,0.0,16.5,73.8
1784032996.714,2327,6.851,3.359,0.859,0.0,14.3,58.4
1784032996.714,2327,2.609,-3.443,0.87,0.243,12.7,54.0
1784032996.816,2328,1.507,-0.442,-0.015,0.0,16.9,62.4
1784032996.816,2328,1.661,-0.16,-0.331,0.0,12.4,63.4
1784032996.816,2328,2.91,1.294,0.006,0.0,16.7,73.5
1784032996.816,2328,6.849,3.359,0.879,0.0,13.7,59.6
1784032996.918,2329,0.274,-0.443,-0.224,0.0,12.5,63.1
1784032996.918,2329,1.521,-0.393,-0.01,0.0,16.8,62.7
1784032996.918,2329,1.671,-0.106,-0.303,0.0,11.8,63.8
1784032996.918,2329,2.91,1.294,0.02,0.0,16.6,73.6
1784032996.918,2329,6.949,3.119,0.968,0.0,13.7,59.5
1784032997.019,2330,1.507,-0.442,-0.005,0.0,17.3,62.2
1784032997.019,2330,1.67,-0.106,-0.306,0.0,12.3,63.5
1784032997.019,2330,2.91,1.294,0.025,0.0,16.8,73.5
1784032997.019,2330,6.963,3.119,0.863,0.0,13.9,59.7
1784032997.019,2330,0.178,0.248,0.009,0.406,15.8,57.0
1784032997.122,2331,1.507,-0.442,-0.009,0.0,16.5,62.8
1784032997.122,2331,1.666,-0.16,-0.308,0.0,11.7,64.1
1784032997.122,2331,2.91,1.294,0.022,0.0,16.8,73.4
1784032997.122,2331,6.95,3.119,0.965,0.0,14.0,59.7
1784032997.122,2331,0.185,0.294,0.031,0.406,17.4,53.9
1784032997.223,2332,0.273,-0.443,-0.225,0.0,12.5,63.1
1784032997.223,2332,1.521,-0.393,-0.015,0.0,17.2,62.3
1784032997.223,2332,1.669,-0.106,-0.313,0.0,12.3,63.4
1784032997.223,2332,2.91,1.294,0.021,0.0,16.7,73.5
1784032997.223,2332,6.95,3.119,0.966,0.0,14.2,59.3
1784032997.324,2333,1.521,-0.393,-0.01,0.0,17.4,62.0
1784032997.324,2333,1.672,-0.106,-0.297,0.0,12.2,63.5
1784032997.324,2333,2.91,1.294,0.026,0.0,16.8,73.5
1784032997.324,2333,6.943,3.119,1.015,0.0,13.3,60.0
1784032997.324,2333,2.813,-3.579,0.514,0.162,11.3,52.7
1784032997.427,2334,1.507,-0.442,-0.006,0.0,16.6,62.8
1784032997.427,2334,1.666,-0.16,-0.309,0.0,11.8,64.0
1784032997.427,2334,2.91,1.294,0.022,0.0,16.7,73.5
1784032997.427,2334,6.84,3.359,0.945,0.0,13.6,60.1
1784032997.531,2335,1.507,-0.442,-0.006,0.0,17.4,61.9
1784032997.531,2335,1.665,-0.16,-0.313,0.0,12.7,63.2
1784032997.531,2335,2.91,1.294,0.021,0.0,16.7,73.5
1784032997.531,2335,6.855,3.359,0.828,0.0,14.0,60.0
1784032997.632,2336,1.507,-0.442,-0.015,0.0,17.6,61.7
1784032997.632,2336,1.668,-0.16,-0.294,0.0,12.7,63.1
1784032997.632,2336,2.91,1.294,0.023,0.0,16.7,73.5
1784032997.632,2336,6.854,3.359,0.836,0.0,13.6,60.3
1784032997.734,2337,1.667,-0.16,-0.3,0.0,12.6,63.2
1784032997.734,2337,2.91,1.294,0.02,0.0,16.8,73.5
1784032997.734,2337,6.943,3.119,1.011,0.0,13.0,60.3
1784032997.836,2338,1.507,-0.442,-0.01,0.0,17.7,61.6
1784032997.836,2338,1.671,-0.106,-0.302,0.0,12.8,63.0
1784032997.836,2338,2.91,1.294,0.019,0.0,16.8,73.4
1784032997.836,2338,6.847,3.359,0.892,0.0,13.3,60.4
1784032997.937,2339,1.521,-0.393,-0.02,0.0,17.7,61.7
1784032997.937,2339,1.671,-0.106,-0.301,0.0,12.8,62.9
1784032997.937,2339,2.91,1.294,0.022,0.0,16.9,73.4
1784032997.937,2339,6.841,3.359,0.935,0.0,13.6,59.9
1784032997.937,2339,2.619,-3.651,0.063,-0.649,13.2,49.9
1784032997.937,2339,0.828,-0.026,0.02,-0.568,12.4,53.0
1784032998.04,2340,0.275,-0.443,-0.222,0.0,12.6,63.2
1784032998.04,2340,1.507,-0.442,-0.023,0.0,17.2,62.1
1784032998.04,2340,1.671,-0.106,-0.302,0.0,12.6,63.1
1784032998.04,2340,2.91,1.294,0.03,0.0,16.8,73.4
1784032998.04,2340,6.958,3.119,0.906,0.0,15.1,59.2
1784032998.04,2340,0.218,0.273,0.008,-0.649,15.6,64.5
1784032998.04,2340,0.239,0.181,0.056,-0.406,14.2,62.3
1784032998.142,2341,0.272,-0.443,-0.227,0.0,11.6,63.9
1784032998.142,2341,0.539,0.177,0.012,0.0,11.6,63.9
1784032998.142,2341,1.52,-0.393,-0.035,0.0,17.7,61.8
1784032998.142,2341,1.675,-0.106,-0.281,0.0,12.3,63.0
1784032998.142,2341,0.256,0.162,0.036,-0.325,24.8,62.5
1784032998.142,2341,0.244,0.181,0.03,-0.325,24.8,62.5
1784032998.142,2341,0.249,0.065,0.049,-0.081,12.4,69.7
1784032998.244,2342,0.246,0.082,0.039,0.0,21.8,72.2
1784032998.244,2342,1.52,-0.393,-0.052,0.0,17.3,62.4
1784032998.244,2342,1.643,-0.16,-0.413,0.0,12.0,63.6
1784032998.345,2343,0.281,0.36,0.147,0.0,11.8,66.6
1784032998.345,2343,0.458,0.075,-0.121,0.0,11.8,66.6
1784032998.345,2343,1.465,-0.429,0.018,0.0,15.7,63.7
1784032998.345,2343,1.346,0.048,-0.719,0.0,15.7,63.7
1784032998.345,2343,2.907,1.294,0.145,0.0,20.9,72.3
1784032998.345,2343,0.298,-0.01,0.065,0.081,22.7,71.3
1784032998.345,2343,0.287,0.095,-0.043,0.081,22.7,71.3
1784032998.448,2344,0.302,0.029,0.032,0.0,22.8,72.6
1784032998.448,2344,0.246,0.162,-0.081,0.0,22.8,72.6
1784032998.448,2344,1.479,-0.382,-0.001,0.0,15.8,63.4
1784032998.448,2344,1.811,0.736,-0.181,0.0,13.0,75.4
1784032998.448,2344,2.863,1.393,0.072,0.0,18.8,71.3
1784032998.448,2344,0.718,-0.023,0.185,0.081,11.6,60.2
1784032998.498,2345,1.478,-0.382,0.034,0.0,15.5,64.2
1784032998.498,2345,0.403,0.458,0.023,-0.162,20.4,57.9
1784032998.601,2346,1.465,-0.429,0.035,0.0,15.0,63.8
1784032998.601,2346,0.248,0.082,0.018,-0.081,21.8,71.6
1784032998.753,2347,1.477,-0.382,-0.057,0.0,16.6,62.5
1784032998.753,2347,0.903,0.524,-0.083,-0.243,12.2,54.1
1784032998.753,2347,0.304,0.019,-0.027,-0.081,17.9,72.6
1784032998.753,2347,0.385,0.311,0.171,-0.081,12.0,67.1
1784032998.804,2348,1.465,-0.429,-0.019,0.0,15.8,63.2
1784032998.804,2348,0.239,0.065,0.084,-0.081,16.0,74.9
1784032998.804,2348,0.215,0.147,-0.028,-0.081,16.0,74.9
1784032998.908,2349,1.464,-0.429,0.063,0.0,16.9,62.1
1784032998.908,2349,1.661,-0.106,-0.353,0.0,13.0,62.6
1784032998.908,2349,0.576,0.307,-0.044,0.162,13.1,57.8
1784032998.908,2349,0.281,0.442,-0.008,-0.081,23.3,62.5
1784032999.009,2350,1.674,-0.106,-0.286,0.0,12.0,63.7
1784032999.009,2350,0.264,0.153,-0.011,0.162,22.4,66.7
1784032999.009,2350,0.27,0.143,-0.004,0.406,26.2,57.6
1784032999.11,2351,0.383,0.294,-0.201,0.0,19.0,65.4
1784032999.11,2351,1.507,-0.442,0.0,0.0,17.0,62.4
1784032999.11,2351,1.674,-0.16,-0.26,0.0,11.9,63.5
1784032999.11,2351,1.925,-1.554,-0.248,0.162,13.5,59.7
1784032999.11,2351,0.208,0.155,0.033,0.325,20.8,67.5
1784032999.11,2351,0.314,0.153,-0.012,0.325,22.8,65.5
1784032999.11,2351,0.255,0.405,0.033,-0.081,20.9,63.7
1784032999.211,2352,0.285,0.375,-0.091,0.0,15.9,66.9
1784032999.211,2352,1.506,-0.442,0.051,0.0,16.6,62.7
1784032999.211,2352,1.656,-0.16,-0.356,0.0,11.5,63.9
1784032999.211,2352,0.966,-1.117,0.846,0.0,11.5,63.9
1784032999.211,2352,0.295,0.185,0.025,0.325,21.6,66.9
1784032999.313,2353,0.275,0.375,-0.12,0.0,17.4,66.1
1784032999.313,2353,1.465,-0.429,-0.003,0.0,15.7,63.4
1784032999.313,2353,0.352,0.496,0.054,0.081,15.2,62.9
1784032999.313,2353,0.311,0.153,0.04,0.325,18.1,68.2
1784032999.313,2353,0.638,0.284,0.006,0.325,14.2,60.3
1784032999.414,2354,1.52,-0.393,0.035,0.0,18.2,61.2
1784032999.414,2354,1.677,-0.16,-0.24,0.0,12.3,62.8
1784032999.414,2354,4.637,-6.664,1.168,0.0,11.3,58.1
1784032999.414,2354,7.892,0.769,2.098,0.0,11.3,58.1
1784032999.414,2354,0.346,0.376,0.112,0.081,19.3,66.4
1784032999.414,2354,0.475,0.51,-0.255,0.081,13.4,60.5
1784032999.414,2354,1.519,-1.47,0.322,0.162,19.0,60.4
1784032999.414,2354,0.392,0.191,0.014,0.243,20.8,67.8
1784032999.516,2355,1.67,-0.16,-0.284,0.0,11.6,63.8
1784032999.516,2355,0.389,0.47,0.235,0.081,16.4,61.8
1784032999.516,2355,0.423,0.372,0.067,0.162,17.9,64.3
1784032999.516,2355,1.621,-1.432,-0.285,0.162,16.5,61.1
1784032999.516,2355,2.908,-3.104,-0.751,0.162,15.8,56.9
1784032999.516,2355,0.423,0.225,0.026,0.243,18.5,67.8
1784032999.516,2355,0.588,0.301,-0.338,0.243,15.0,58.6
1784032999.516,2355,0.431,0.579,0.169,0.243,15.0,58.6
1784032999.516,2355,0.871,0.556,0.168,0.487,14.2,54.9
1784032999.619,2356,1.465,-0.429,0.003,0.0,16.3,63.0
1784032999.619,2356,1.663,-0.106,-0.344,0.0,11.9,63.8
1784032999.619,2356,0.41,0.42,0.17,0.162,21.3,61.1
1784032999.619,2356,0.385,0.205,0.008,0.243,18.1,68.4
1784032999.619,2356,0.367,0.36,-0.1,0.243,28.9,56.3
1784032999.619,2356,0.439,0.196,0.207,0.243,28.9,56.3
1784032999.619,2356,0.559,0.654,0.145,0.243,12.0,56.1
1784032999.619,2356,0.662,0.393,0.158,0.325,11.2,58.7
1784032999.619,2356,0.885,0.579,0.264,0.568,12.8,53.4
1784032999.619,2356,1.903,1.043,0.491,0.568,18.7,52.4
1784032999.722,2357,1.519,-0.393,-0.066,0.0,17.3,62.4
1784032999.722,2357,1.685,-0.106,-0.21,0.0,11.9,63.5
1784032999.722,2357,0.438,0.195,-0.009,0.243,19.3,69.1
1784032999.722,2357,0.634,0.344,-0.31,0.243,13.9,59.4
1784032999.722,2357,1.002,0.515,0.342,0.568,14.8,53.5
1784032999.823,2358,1.519,-0.393,-0.072,0.0,16.8,62.9
1784032999.823,2358,1.683,-0.16,-0.194,0.0,11.7,63.6
1784032999.823,2358,7.692,1.737,0.931,0.0,11.5,59.4
1784032999.823,2358,0.479,0.18,-0.109,0.081,20.2,64.2
1784032999.823,2358,0.473,0.382,0.059,0.243,32.7,55.9
1784032999.926,2359,0.484,0.196,-0.03,0.0,18.3,65.9
1784032999.926,2359,1.465,-0.429,0.015,0.0,15.7,63.5
1784032999.926,2359,1.664,-0.16,-0.315,0.0,11.5,64.1
1784032999.926,2359,0.527,0.305,-0.048,0.162,26.8,60.4
1784033000.029,2360,0.517,0.23,-0.036,0.0,18.7,66.8
1784033000.029,2360,1.518,-0.393,-0.092,0.0,14.2,65.3
1784033000.029,2360,4.938,-6.272,0.85,0.0,12.0,59.4
1784033000.029,2360,0.549,0.248,0.102,0.081,21.3,65.8
1784033000.029,2360,0.559,0.286,0.184,0.162,24.3,62.7
1784033000.029,2360,0.554,0.327,0.27,0.243,26.5,58.0
1784033000.029,2360,0.478,0.196,-0.086,-0.081,21.3,65.4
1784033000.132,2361,0.408,0.382,0.247,0.0,14.3,65.3
1784033000.132,2361,0.57,0.172,-0.137,0.0,14.3,65.3
1784033000.132,2361,1.519,-0.393,-0.078,0.0,14.2,65.0
1784033000.132,2361,4.943,-6.272,0.826,0.0,12.3,60.3
1784033000.132,2361,0.593,0.205,-0.187,0.081,13.4,65.0
1784033000.132,2361,0.475,0.324,0.206,0.162,19.6,60.4
1784033000.132,2361,0.603,0.348,0.257,0.162,20.9,59.4
1784033000.132,2361,0.453,0.229,0.128,-0.081,18.3,64.6
1784033000.235,2362,0.688,0.27,0.265,0.0,13.1,63.3
1784033000.235,2362,1.465,-0.429,-0.028,0.0,15.8,63.3
1784033000.235,2362,1.676,-0.16,-0.245,0.0,12.1,63.8
1784033000.235,2362,4.93,-6.272,0.895,0.0,13.1,59.6
1784033000.235,2362,0.609,0.301,0.297,0.081,15.5,62.4
1784033000.235,2362,0.478,0.213,0.021,-0.081,20.4,67.5
1784033000.337,2363,0.45,0.165,0.021,0.0,14.0,71.3
1784033000.337,2363,0.613,0.301,0.289,0.0,16.6,63.9
1784033000.337,2363,1.505,-0.442,-0.083,0.0,16.9,62.7
1784033000.337,2363,1.674,-0.106,-0.288,0.0,12.2,63.5
1784033000.337,2363,4.953,-6.272,0.758,0.0,13.2,59.8
1784033000.337,2363,1.471,-1.669,-0.047,-0.162,14.8,62.3
1784033000.441,2364,0.629,0.175,0.247,0.0,13.7,65.2
1784033000.441,2364,1.506,-0.442,0.07,0.0,15.6,63.7
1784033000.441,2364,1.652,-0.16,-0.373,0.0,11.9,64.1
1784033000.441,2364,4.898,-6.272,1.056,0.0,12.9,59.0
1784033000.441,2364,0.613,0.284,0.178,-0.243,18.5,52.8
1784033000.441,2364,1.271,-1.772,0.044,-0.243,14.7,61.8
1784033000.441,2364,2.543,-3.545,-0.009,-0.243,17.6,55.3
1784033000.441,2364,0.62,0.301,0.274,-0.162,16.0,56.7
1784033000.441,2364,0.685,0.466,0.011,-0.162,17.5,55.2
1784033000.441,2364,0.483,0.196,0.049,-0.081,23.2,67.4
1784033000.542,2365,1.507,-0.442,-0.013,0.0,15.0,64.4
1784033000.542,2365,1.666,-0.106,-0.331,0.0,12.4,64.3
1784033000.542,2365,4.575,-6.522,0.983,0.0,13.0,59.3
1784033000.542,2365,0.637,0.143,0.04,0.081,27.4,64.2
1784033000.542,2365,0.67,0.393,0.118,-0.243,19.3,54.3
1784033000.542,2365,1.592,0.151,0.223,-0.162,16.5,55.4
1784033000.542,2365,0.459,0.135,0.043,-0.081,20.5,67.9
1784033000.643,2366,0.464,0.075,0.099,0.0,18.5,70.0
1784033000.643,2366,0.603,0.057,0.078,0.0,20.4,67.6
1784033000.643,2366,1.465,-0.429,-0.03,0.0,12.4,66.3
1784033000.643,2366,4.944,-6.272,0.818,0.0,11.9,58.9
1784033000.643,2366,0.692,0.344,0.141,-0.162,16.3,58.1
1784033000.643,2366,0.64,0.196,0.197,-0.081,15.1,64.2
1784033000.745,2367,0.558,0.089,0.045,0.0,12.3,70.6
1784033000.745,2367,0.634,0.102,0.127,0.0,21.3,68.0
1784033000.745,2367,1.465,-0.429,-0.014,0.0,11.8,67.6
1784033000.745,2367,2.902,1.412,0.067,0.0,11.6,70.7
1784033000.745,2367,0.52,0.049,-0.03,0.162,24.9,61.0
1784033000.745,2367,0.478,0.045,-0.006,0.243,18.6,66.8
1784033000.847,2368,0.598,0.019,-0.123,0.0,16.3,72.1
1784033000.847,2368,2.91,1.294,-0.04,0.0,19.4,72.0
1784033000.847,2368,6.831,3.359,1.004,0.0,13.9,59.5
1784033000.847,2368,0.508,-0.016,0.125,0.162,18.3,60.8
1784033000.847,2368,0.519,-0.049,-0.051,0.406,37.5,48.8
1784033000.847,2368,0.76,0.196,-0.005,-0.081,19.4,65.8
1784033000.897,2369,0.696,0.044,0.038,0.0,21.0,69.7
1784033000.897,2369,1.656,0.671,-0.076,0.0,12.4,66.2
1784033000.897,2369,2.91,1.294,0.035,0.0,19.3,71.7
1784033000.897,2369,6.746,3.599,0.71,0.0,11.5,61.6
1784033000.897,2369,0.576,-0.038,0.2,0.081,18.5,70.2
1784033000.897,2369,0.81,-0.0,0.178,0.081,12.4,66.2
1784033000.897,2369,0.507,-0.065,0.112,0.243,25.1,55.1
1784033000.897,2369,0.596,-0.134,-0.005,0.487,39.0,47.5
1784033000.897,2369,0.764,0.172,-0.06,-0.081,20.1,64.1
1784033001.048,2370,0.651,-0.0,0.069,0.0,25.3,71.5
1784033001.048,2370,1.747,0.72,-0.341,0.0,21.8,67.8
1784033001.048,2370,2.863,1.393,-0.083,0.0,15.4,72.3
1784033001.048,2370,1.214,-0.0,-0.132,0.081,11.3,67.8
1784033001.048,2370,2.235,-2.618,0.58,-0.243,16.5,52.3
1784033001.149,2371,0.59,-0.038,-0.155,0.0,20.1,71.4
1784033001.149,2371,1.046,-1.657,0.13,0.0,18.4,69.4
1784033001.149,2371,1.798,0.736,-0.282,0.0,18.4,69.4
1784033001.149,2371,2.952,1.194,0.073,0.0,16.6,73.7
1784033001.149,2371,6.937,3.119,1.05,0.0,11.8,61.3
1784033001.2,2372,0.606,-0.038,-0.066,0.0,18.7,73.9
1784033001.2,2372,0.76,0.196,0.01,0.0,13.5,69.3
1784033001.2,2372,0.71,-0.098,-0.32,0.0,13.5,69.3
1784033001.2,2372,1.052,-1.657,0.069,0.0,19.0,68.9
1784033001.2,2372,1.809,0.736,-0.202,0.0,19.0,68.9
1784033001.2,2372,2.909,1.294,0.066,0.0,16.9,73.7
1784033001.2,2372,6.862,3.359,0.769,0.0,11.5,62.5
1784033001.2,2372,0.732,-0.116,0.011,-0.162,23.9,57.3
1784033001.301,2373,0.684,-0.0,0.139,0.0,24.0,73.1
1784033001.301,2373,1.054,-1.657,0.018,0.0,20.0,67.9
1784033001.301,2373,1.826,0.675,-0.253,0.0,20.0,67.9
1784033001.301,2373,2.91,1.294,0.033,0.0,16.7,73.5
1784033001.301,2373,6.833,3.359,0.995,0.0,12.1,62.0
1784033001.452,2374,0.687,0.022,0.123,0.0,25.0,73.4
1784033001.452,2374,1.792,0.736,-0.32,0.0,20.0,68.0
1784033001.452,2374,2.91,1.294,0.047,0.0,16.6,73.5
1784033001.452,2374,6.852,3.359,0.855,0.0,12.4,61.9
1784033001.452,2374,0.55,-0.124,-0.065,-0.162,24.1,60.6
1784033001.503,2375,0.681,-0.0,0.152,0.0,25.8,71.8
1784033001.503,2375,2.91,1.294,0.017,0.0,16.1,73.8
1784033001.604,2376,0.695,0.022,0.067,0.0,24.3,72.5
1784033001.604,2376,2.91,1.294,0.013,0.0,16.9,72.7
1784033001.604,2376,6.834,3.359,0.987,0.0,13.0,61.0
1784033001.706,2377,0.654,-0.02,-0.021,0.0,22.9,73.2
1784033001.706,2377,2.864,1.393,0.021,0.0,16.6,72.5
1784033001.706,2377,6.738,3.599,0.774,0.0,11.9,62.1
1784033001.809,2378,0.637,0.02,0.15,0.0,24.5,73.1
1784033001.809,2378,2.91,1.294,-0.003,0.0,17.5,71.8
1784033001.809,2378,6.724,3.599,0.888,0.0,12.5,61.2
1784033001.809,2378,0.567,-0.018,0.005,-0.162,25.6,60.5
1784033001.809,2378,1.178,-0.0,-0.002,-0.162,13.8,54.8
1784033001.91,2379,0.643,0.041,0.113,0.0,23.2,72.6
1784033001.91,2379,2.91,1.294,0.014,0.0,17.2,72.4
1784033002.012,2380,0.563,-0.053,-0.045,0.0,20.3,72.6
1784033002.012,2380,0.684,0.022,0.136,0.0,25.5,70.5
1784033002.012,2380,2.952,1.194,0.029,0.0,17.8,71.9
1784033002.012,2380,6.837,3.359,0.962,0.0,11.6,61.2
1784033002.115,2381,0.519,-0.065,0.016,0.0,15.2,76.5
1784033002.115,2381,0.689,0.022,0.108,0.0,22.4,71.6
1784033002.115,2381,2.91,1.294,0.034,0.0,17.1,72.9
1784033002.216,2382,0.556,-0.035,-0.104,0.0,14.0,74.4
1784033002.216,2382,0.69,-0.0,0.109,0.0,20.0,70.7
1784033002.216,2382,2.909,1.294,0.082,0.0,17.5,72.4
1784033002.216,2382,6.84,3.359,0.942,0.0,11.4,61.2
1784033002.318,2383,0.654,-0.02,-0.027,0.0,22.4,71.8
1784033002.318,2383,2.909,1.294,0.081,0.0,16.7,73.0
1784033002.418,2384,0.558,-0.071,0.075,0.0,13.1,73.9
1784033002.418,2384,0.65,0.061,0.042,0.0,17.5,71.6
1784033002.418,2384,2.95,1.194,0.126,0.0,16.7,72.8
1784033002.52,2385,0.687,-0.0,0.121,0.0,25.7,71.8
1784033002.52,2385,2.908,1.294,0.119,0.0,17.7,71.6
1784033002.621,2386,0.681,-0.0,0.154,0.0,22.6,69.5
1784033002.621,2386,1.656,0.671,-0.092,0.0,12.8,66.6
1784033002.621,2386,2.91,1.294,0.016,0.0,17.6,71.8
1784033002.621,2386,6.839,3.359,0.947,0.0,12.5,60.7
1784033002.621,2386,0.56,-0.071,-0.054,-0.243,24.9,54.4
1784033002.723,2387,1.501,-0.442,-0.142,0.0,15.2,65.8
1784033002.723,2387,1.735,0.72,-0.394,0.0,17.6,71.3
1784033002.723,2387,1.169,-1.631,0.051,0.0,14.5,73.6
1784033002.723,2387,2.909,1.294,0.077,0.0,16.7,73.1
1784033002.723,2387,6.84,3.359,0.943,0.0,15.4,59.0
1784033002.723,2387,0.522,-0.033,0.026,-0.243,32.2,54.9
1784033002.723,2387,0.641,-0.0,0.134,-0.081,22.3,70.8
1784033002.723,2387,0.771,0.147,-0.0,-0.081,16.6,67.0
1784033002.825,2388,1.465,-0.429,-0.036,0.0,12.2,65.8
1784033002.825,2388,1.657,0.671,-0.057,0.0,11.4,67.6
1784033002.825,2388,2.91,1.294,0.021,0.0,17.9,71.8
1784033002.825,2388,6.699,3.599,1.063,0.0,11.6,59.1
1784033002.825,2388,2.262,-2.65,0.59,0.406,19.9,51.5
1784033002.825,2388,0.473,-0.03,0.074,-0.325,17.5,68.2
1784033002.825,2388,0.676,-0.044,0.167,-0.325,17.5,60.9
1784033002.825,2388,0.651,-0.02,-0.066,-0.162,21.9,61.5
1784033002.927,2389,0.46,0.135,0.009,0.0,25.6,68.5
1784033002.927,2389,1.514,-0.393,-0.139,0.0,12.6,65.9
1784033002.927,2389,2.91,1.294,-0.011,0.0,16.2,71.4
1784033002.927,2389,5.729,3.088,1.024,0.0,11.6,59.5
1784033002.927,2389,6.84,3.359,0.942,0.0,12.9,59.7
1784033002.927,2389,2.224,-2.65,0.719,0.406,18.1,52.2
1784033002.927,2389,1.128,0.035,-0.119,-0.325,21.2,53.3
1784033002.927,2389,4.127,1.575,-1.213,-0.243,11.9,54.3
1784033002.927,2389,4.363,-0.0,1.395,-0.243,11.9,54.3
1784033002.927,2389,0.603,0.019,-0.098,-0.162,25.4,65.0
1784033003.028,2390,1.478,-0.382,-0.014,0.0,13.6,65.3
1784033003.028,2390,4.878,-6.272,1.147,0.0,11.4,59.4
1784033003.028,2390,0.456,0.15,-0.004,0.081,19.0,67.9
1784033003.028,2390,0.75,0.648,-0.456,0.162,11.2,57.4
1784033003.028,2390,2.217,-2.683,0.827,0.487,20.2,50.2
1784033003.028,2390,2.436,-3.722,1.094,-0.325,15.6,53.9
1784033003.028,2390,6.711,2.475,0.816,-0.325,12.1,51.8
1784033003.028,2390,5.107,-4.949,1.119,-0.325,12.1,51.8
1784033003.028,2390,0.622,0.02,0.203,-0.243,18.7,60.5
1784033003.028,2390,1.291,-2.135,0.422,-0.243,12.0,57.5
1784033003.028,2390,0.606,0.038,0.062,-0.162,20.8,61.9
1784033003.13,2391,1.504,-0.442,-0.103,0.0,14.0,65.3
1784033003.13,2391,4.856,-6.272,1.236,0.0,13.5,57.7
1784033003.13,2391,0.443,0.278,-0.017,0.081,20.5,66.3
1784033003.13,2391,4.248,0.675,0.399,0.162,11.4,57.8
1784033003.13,2391,3.118,-1.832,0.594,-0.568,19.0,50.7
1784033003.13,2391,5.209,-4.724,1.538,-0.325,13.3,52.6
1784033003.13,2391,6.268,3.374,1.07,-0.325,13.3,52.6
1784033003.13,2391,0.466,0.03,0.112,-0.162,17.7,65.9
1784033003.13,2391,0.598,0.115,0.049,-0.081,22.0,64.1
1784033003.231,2392,0.536,0.16,-0.096,0.0,19.9,65.7
1784033003.231,2392,1.507,-0.442,-0.025,0.0,14.2,65.0
1784033003.231,2392,4.898,-6.272,1.057,0.0,12.2,59.4
1784033003.231,2392,0.62,0.394,0.104,0.162,19.6,56.7
1784033003.231,2392,1.467,0.319,0.801,0.243,14.4,54.0
1784033003.231,2392,1.231,-1.737,0.194,0.325,20.4,60.6
1784033003.231,2392,2.069,0.534,0.045,0.325,20.4,60.6
1784033003.231,2392,2.307,-3.644,0.227,0.325,17.1,56.3
1784033003.333,2393,1.507,-0.442,-0.015,0.0,14.8,64.5
1784033003.333,2393,4.577,-6.522,0.977,0.0,12.7,59.4
1784033003.333,2393,0.429,0.294,-0.058,0.081,19.8,63.0
1784033003.333,2393,0.55,0.229,0.134,0.081,23.7,62.4
1784033003.333,2393,0.367,0.218,0.092,0.162,19.8,63.0
1784033003.333,2393,0.563,0.286,0.171,0.325,20.9,53.1
1784033003.333,2393,2.111,0.545,0.077,0.406,19.5,60.4
1784033003.333,2393,2.863,-3.272,0.361,0.406,19.8,57.3
1784033003.333,2393,3.239,-1.92,0.752,-0.325,25.7,50.4
1784033003.333,2393,0.801,0.207,0.043,-0.243,18.3,52.7
1784033003.434,2394,1.507,-0.442,-0.018,0.0,16.7,62.7
1784033003.434,2394,1.663,-0.16,-0.322,0.0,11.6,64.1
1784033003.434,2394,0.814,0.372,0.197,0.081,17.6,60.5
1784033003.434,2394,0.402,0.255,0.064,0.162,20.0,66.4
1784033003.434,2394,3.354,-1.003,1.963,0.243,17.0,59.2
1784033003.434,2394,0.523,0.371,0.277,0.325,16.4,53.7
1784033003.434,2394,1.822,-1.347,0.105,0.487,27.6,56.5
1784033003.434,2394,2.527,0.654,0.194,0.487,12.5,61.0
1784033003.434,2394,3.472,-2.781,-0.114,0.487,19.1,53.8
1784033003.536,2395,1.465,-0.429,-0.002,0.0,16.3,62.9
1784033003.536,2395,1.666,-0.16,-0.309,0.0,12.0,63.9
1784033003.536,2395,3.003,1.11,0.414,0.0,15.2,72.4
1784033003.536,2395,0.702,0.414,0.148,0.162,17.3,58.0
1784033003.536,2395,0.358,0.315,0.057,0.243,12.2,71.0
1784033003.536,2395,0.849,0.42,0.154,0.243,20.9,53.6
1784033003.536,2395,1.958,-1.228,-0.072,0.406,19.9,57.7
1784033003.637,2396,1.507,-0.442,-0.019,0.0,16.5,62.9
1784033003.637,2396,1.669,-0.16,-0.293,0.0,11.3,64.5
1784033003.637,2396,2.91,1.294,0.021,0.0,17.3,72.9
1784033003.637,2396,6.952,3.119,0.947,0.0,15.3,58.1
1784033003.637,2396,0.695,0.44,0.104,0.081,18.3,60.6
1784033003.637,2396,0.8,0.596,0.106,0.162,13.2,55.7
1784033003.637,2396,0.364,0.376,0.009,0.243,30.8,55.3
1784033003.637,2396,0.729,0.92,-0.097,0.243,12.1,56.4
1784033003.74,2397,1.507,-0.442,-0.011,0.0,16.7,62.6
1784033003.74,2397,1.669,-0.16,-0.289,0.0,11.6,64.1
1784033003.74,2397,1.798,0.736,-0.283,0.0,13.4,74.6
1784033003.74,2397,2.91,1.294,0.017,0.0,17.3,73.0
1784033003.74,2397,6.955,3.119,0.929,0.0,14.3,58.8
1784033003.74,2397,0.327,0.409,-0.002,0.081,16.4,65.8
1784033003.74,2397,0.879,1.125,0.188,-0.162,13.6,51.7
1784033003.841,2398,1.507,-0.442,-0.015,0.0,14.9,64.5
1784033003.841,2398,1.668,-0.16,-0.293,0.0,11.3,64.5
1784033003.841,2398,2.91,1.294,0.016,0.0,17.2,73.1
1784033003.841,2398,6.948,3.119,0.976,0.0,14.7,58.5
1784033003.841,2398,0.347,0.552,0.055,0.162,19.7,57.0
1784033003.841,2398,0.561,0.57,-0.219,-0.162,13.8,53.3
1784033003.942,2399,1.507,-0.442,-0.013,0.0,15.5,63.9
1784033003.942,2399,2.91,1.294,0.03,0.0,17.0,73.3
1784033003.942,2399,6.94,3.119,1.031,0.0,13.9,59.0
1784033003.942,2399,3.576,-2.116,0.802,-0.649,20.5,51.7
1784033004.045,2400,1.507,-0.442,-0.017,0.0,16.7,62.6
1784033004.045,2400,1.668,-0.16,-0.298,0.0,12.1,63.7
1784033004.045,2400,2.91,1.294,0.024,0.0,17.0,73.3
1784033004.045,2400,6.947,3.119,0.983,0.0,14.3,58.9
1784033004.045,2400,2.575,1.943,0.548,0.243,17.8,56.5
1784033004.045,2400,3.617,-2.138,0.791,-0.568,17.1,51.8
1784033004.045,2400,0.457,0.638,-0.019,-0.162,12.2,53.3
1784033004.146,2401,1.507,-0.442,-0.014,0.0,16.9,62.4
1784033004.146,2401,1.666,-0.16,-0.307,0.0,12.1,63.6
1784033004.146,2401,2.91,1.294,0.027,0.0,16.8,73.4
1784033004.146,2401,6.839,3.359,0.954,0.0,13.9,59.6
1784033004.146,2401,4.032,2.979,-0.202,-0.649,14.0,51.4
1784033004.196,2402,1.507,-0.442,-0.011,0.0,17.1,62.2
1784033004.196,2402,1.663,-0.16,-0.324,0.0,12.0,63.7
1784033004.196,2402,2.91,1.294,0.029,0.0,16.8,73.4
1784033004.196,2402,6.854,3.359,0.836,0.0,14.1,60.0
1784033004.196,2402,2.632,3.374,0.586,0.487,11.5,54.6
1784033004.196,2402,3.706,-2.341,0.449,-0.649,13.6,53.7
1784033004.35,2403,1.507,-0.442,-0.015,0.0,16.2,63.1
1784033004.35,2403,1.667,-0.16,-0.3,0.0,12.0,63.6
1784033004.35,2403,2.91,1.294,0.029,0.0,16.8,73.4
1784033004.35,2403,6.851,3.359,0.861,0.0,14.2,60.0
1784033004.35,2403,2.597,-3.511,1.06,0.487,12.2,54.3
1784033004.35,2403,4.596,1.931,1.284,0.487,14.4,53.7
1784033004.453,2404,1.507,-0.442,-0.001,0.0,17.4,61.9
1784033004.453,2404,1.666,-0.16,-0.307,0.0,12.0,63.6
1784033004.453,2404,2.91,1.294,0.037,0.0,16.8,73.5
1784033004.453,2404,6.846,3.359,0.901,0.0,13.7,60.3
1784033004.453,2404,2.794,-3.545,0.466,0.325,14.6,52.7
1784033004.453,2404,0.843,1.057,0.046,-0.243,17.5,47.6
1784033004.503,2405,1.507,-0.442,-0.012,0.0,17.2,62.1
1784033004.503,2405,1.666,-0.16,-0.307,0.0,11.9,63.8
1784033004.503,2405,2.91,1.294,0.029,0.0,16.9,73.3
1784033004.503,2405,6.861,3.359,0.776,0.0,14.0,60.2
1784033004.503,2405,3.044,-3.534,0.669,0.487,16.0,49.6
1784033004.603,2406,1.507,-0.442,-0.019,0.0,16.9,62.6
1784033004.603,2406,1.67,-0.106,-0.305,0.0,11.4,64.1
1784033004.603,2406,2.91,1.294,0.032,0.0,16.7,73.5
1784033004.603,2406,6.854,3.359,0.834,0.0,13.6,60.3
1784033004.603,2406,5.307,3.681,1.055,0.243,16.3,51.0
1784033004.706,2407,1.667,-0.16,-0.301,0.0,12.3,63.4
1784033004.706,2407,2.91,1.294,0.035,0.0,16.8,73.4
1784033004.706,2407,6.862,3.359,0.766,0.0,13.5,60.6
1784033004.808,2408,1.507,-0.442,-0.015,0.0,17.3,62.0
1784033004.808,2408,1.666,-0.16,-0.304,0.0,12.0,63.6
1784033004.808,2408,2.91,1.294,0.029,0.0,16.7,73.5
1784033004.808,2408,6.858,3.359,0.8,0.0,14.5,59.8
1784033004.91,2409,1.507,-0.442,-0.01,0.0,17.8,61.6
1784033004.91,2409,1.669,-0.16,-0.288,0.0,12.7,62.9
1784033004.91,2409,2.91,1.294,0.031,0.0,16.8,73.5
1784033004.91,2409,5.673,3.294,0.604,0.0,11.4,59.2
1784033004.91,2409,6.849,3.359,0.88,0.0,13.5,60.6
1784033005.011,2410,1.507,-0.442,-0.008,0.0,17.7,61.6
1784033005.011,2410,1.668,-0.16,-0.298,0.0,12.4,63.2
1784033005.011,2410,2.91,1.294,0.029,0.0,16.9,73.3
1784033005.011,2410,6.859,3.359,0.792,0.0,13.7,60.3
1784033005.114,2411,1.507,-0.442,-0.01,0.0,16.5,62.8
1784033005.114,2411,1.666,-0.16,-0.305,0.0,11.2,64.4
1784033005.114,2411,2.91,1.294,0.031,0.0,16.8,73.5
1784033005.114,2411,6.858,3.359,0.804,0.0,13.9,60.2
1784033005.216,2412,1.507,-0.442,-0.015,0.0,17.9,61.5
1784033005.216,2412,1.67,-0.16,-0.285,0.0,12.2,63.4
1784033005.216,2412,2.91,1.294,0.032,0.0,16.8,73.5
1784033005.216,2412,6.86,3.359,0.787,0.0,14.0,60.2
1784033005.216,2412,4.899,3.387,0.884,0.243,16.6,50.5
1784033005.216,2412,4.714,3.549,0.953,0.325,14.7,51.3
1784033005.216,2412,4.666,3.523,1.011,0.406,15.0,51.7
1784033005.319,2413,1.507,-0.442,-0.007,0.0,17.7,61.7
1784033005.319,2413,1.667,-0.16,-0.3,0.0,12.3,63.4
1784033005.319,2413,2.91,1.294,0.032,0.0,16.8,73.4
1784033005.319,2413,6.858,3.359,0.801,0.0,14.0,60.4
1784033005.427,2414,1.668,-0.16,-0.293,0.0,12.0,63.6
1784033005.427,2414,2.91,1.294,0.031,0.0,16.8,73.5
1784033005.427,2414,6.862,3.359,0.766,0.0,13.5,60.6
1784033005.529,2415,1.507,-0.442,-0.01,0.0,16.6,62.8
1784033005.529,2415,2.91,1.294,0.03,0.0,16.8,73.4
1784033005.529,2415,6.867,3.359,0.721,0.0,14.5,60.2
1784033005.63,2416,1.507,-0.442,-0.013,0.0,17.2,62.2
1784033005.63,2416,1.669,-0.16,-0.292,0.0,11.5,64.2
1784033005.63,2416,2.91,1.294,0.033,0.0,16.8,73.5
1784033005.63,2416,6.862,3.359,0.763,0.0,13.9,60.2
1784033005.731,2417,1.507,-0.442,-0.009,0.0,16.1,63.2
1784033005.731,2417,2.91,1.294,0.031,0.0,17.0,73.3
1784033005.731,2417,6.855,3.359,0.83,0.0,14.1,60.1
1784033005.834,2418,1.507,-0.442,-0.011,0.0,16.5,62.9
1784033005.834,2418,1.67,-0.16,-0.283,0.0,11.3,64.2
1784033005.834,2418,2.91,1.294,0.031,0.0,16.9,73.4
1784033005.834,2418,6.864,3.359,0.753,0.0,13.3,60.4
1784033005.935,2419,1.507,-0.442,-0.018,0.0,15.9,63.5
1784033005.935,2419,2.91,1.294,0.036,0.0,16.8,73.5
1784033005.935,2419,6.859,3.359,0.794,0.0,14.1,59.7
1784033006.036,2420,1.507,-0.442,-0.012,0.0,16.6,62.7
1784033006.036,2420,1.669,-0.16,-0.29,0.0,11.9,63.8
1784033006.036,2420,2.91,1.294,0.033,0.0,17.1,73.1
1784033006.036,2420,6.861,3.359,0.779,0.0,13.8,60.3
1784033006.136,2421,1.507,-0.442,-0.016,0.0,15.7,63.7
1784033006.136,2421,2.91,1.294,0.03,0.0,16.9,73.3
1784033006.136,2421,6.854,3.359,0.834,0.0,13.3,60.6
1784033006.239,2422,1.507,-0.442,-0.017,0.0,14.7,64.6
1784033006.239,2422,2.91,1.294,0.032,0.0,16.7,73.5
1784033006.239,2422,6.855,3.359,0.825,0.0,13.8,60.3
1784033006.342,2423,1.507,-0.442,-0.006,0.0,15.9,63.4
1784033006.342,2423,2.91,1.294,0.032,0.0,16.9,73.4
1784033006.342,2423,6.856,3.359,0.82,0.0,13.8,60.1
1784033006.444,2424,1.507,-0.442,-0.01,0.0,15.9,63.5
1784033006.444,2424,2.91,1.294,0.033,0.0,16.7,73.5
1784033006.444,2424,6.859,3.359,0.795,0.0,14.4,59.8
1784033006.545,2425,1.507,-0.442,-0.013,0.0,16.9,62.4
1784033006.545,2425,1.667,-0.16,-0.299,0.0,12.1,63.6
1784033006.545,2425,2.91,1.294,0.036,0.0,16.8,73.5
1784033006.545,2425,6.864,3.359,0.747,0.0,14.4,59.5
1784033006.597,2426,1.465,-0.429,0.015,0.0,15.9,63.3
1784033006.597,2426,1.669,-0.16,-0.293,0.0,11.4,64.2
1784033006.597,2426,2.91,1.294,0.044,0.0,16.8,73.7
1784033006.597,2426,6.852,3.359,0.849,0.0,14.2,60.5
1784033006.75,2427,0.263,-0.443,-0.237,0.0,12.7,63.5
1784033006.75,2427,1.52,-0.393,-0.03,0.0,15.1,64.1
1784033006.75,2427,1.798,0.736,-0.28,0.0,12.8,74.7
1784033006.75,2427,2.91,1.294,0.045,0.0,17.1,73.4
1784033006.75,2427,6.848,3.359,0.884,0.0,14.3,60.2
1784033006.853,2428,0.26,-0.443,-0.241,0.0,12.5,63.5
1784033006.853,2428,1.465,-0.429,0.025,0.0,16.3,63.0
1784033006.853,2428,1.671,-0.16,-0.277,0.0,12.0,63.5
1784033006.853,2428,2.91,1.294,0.038,0.0,16.9,73.6
1784033006.853,2428,6.858,3.359,0.801,0.0,14.9,59.7
1784033006.853,2428,4.718,3.601,1.245,-0.162,15.5,50.7
1784033006.904,2429,1.521,-0.393,-0.025,0.0,15.8,63.5
1784033006.904,2429,2.91,1.294,0.044,0.0,17.0,73.5
1784033006.904,2429,6.849,3.359,0.872,0.0,14.4,60.2
1784033006.904,2429,4.738,3.601,1.166,-0.162,15.9,51.8
1784033007.005,2430,0.271,-0.443,-0.228,0.0,12.2,63.6
1784033007.005,2430,1.465,-0.429,0.029,0.0,16.8,62.6
1784033007.005,2430,1.669,-0.16,-0.29,0.0,12.3,63.3
1784033007.005,2430,1.831,0.675,-0.218,0.0,12.8,74.7
1784033007.005,2430,2.91,1.294,0.049,0.0,17.2,73.3
1784033007.005,2430,5.658,3.294,0.733,0.0,11.4,59.2
1784033007.005,2430,6.852,3.359,0.853,0.0,14.2,60.4
1784033007.005,2430,0.886,1.014,-0.124,0.162,18.9,49.4
1784033007.005,2430,4.852,3.387,1.113,-0.162,17.3,51.0
1784033007.107,2431,0.264,-0.443,-0.236,0.0,12.0,63.6
1784033007.107,2431,1.465,-0.429,0.018,0.0,16.8,62.7
1784033007.107,2431,1.668,-0.16,-0.297,0.0,12.5,63.2
1784033007.107,2431,1.799,0.736,-0.277,0.0,12.8,74.6
1784033007.107,2431,2.952,1.194,0.071,0.0,17.2,73.4
1784033007.107,2431,5.915,2.882,0.335,0.0,11.8,59.5
1784033007.107,2431,6.846,3.359,0.901,0.0,14.1,60.0
1784033007.107,2431,1.011,0.96,-0.075,0.243,18.5,47.1
1784033007.107,2431,4.743,3.575,0.985,-0.162,13.9,52.0
1784033007.208,2432,0.267,-0.443,-0.233,0.0,12.4,63.1
1784033007.208,2432,1.465,-0.429,0.023,0.0,16.9,62.4
1784033007.208,2432,1.676,-0.16,-0.248,0.0,12.5,63.0
1784033007.208,2432,2.91,1.294,0.041,0.0,16.9,73.7
1784033007.208,2432,6.939,3.119,1.039,0.0,14.0,59.5
1784033007.31,2433,0.249,0.327,0.146,0.0,11.5,64.8
1784033007.31,2433,0.393,0.136,-0.133,0.0,11.5,64.8
1784033007.31,2433,0.273,-0.443,-0.225,0.0,11.8,64.0
1784033007.31,2433,0.471,0.142,0.282,0.0,11.8,64.0
1784033007.31,2433,1.465,-0.429,0.023,0.0,16.1,63.1
1784033007.31,2433,1.677,-0.106,-0.268,0.0,12.0,63.5
1784033007.31,2433,2.91,1.294,0.051,0.0,17.1,73.5
1784033007.31,2433,6.964,3.119,0.854,0.0,13.7,60.5
1784033007.31,2433,0.934,1.08,-0.185,0.243,19.1,48.1
1784033007.31,2433,4.681,3.549,1.103,-0.162,17.5,52.2
1784033007.412,2434,0.265,-0.443,-0.235,0.0,11.8,63.6
1784033007.412,2434,1.465,-0.429,0.028,0.0,16.4,63.0
1784033007.412,2434,1.671,-0.16,-0.28,0.0,12.3,63.4
1784033007.412,2434,2.91,1.294,0.049,0.0,17.0,73.5
1784033007.412,2434,6.847,3.359,0.89,0.0,15.5,60.2
1784033007.412,2434,4.871,3.362,0.834,-0.243,18.8,50.7
1784033007.514,2435,0.264,-0.443,-0.236,0.0,11.8,63.8
1784033007.514,2435,1.465,-0.429,0.032,0.0,16.6,62.7
1784033007.514,2435,1.674,-0.16,-0.258,0.0,12.7,63.0
1784033007.514,2435,2.91,1.294,0.043,0.0,16.9,73.6
1784033007.514,2435,6.945,3.119,0.996,0.0,13.5,60.9
1784033007.615,2436,0.247,0.327,0.15,0.0,11.9,64.3
1784033007.615,2436,0.392,0.136,-0.135,0.0,11.9,64.3
1784033007.615,2436,0.27,-0.443,-0.229,0.0,12.5,63.3
1784033007.615,2436,1.52,-0.393,-0.039,0.0,17.0,62.3
1784033007.615,2436,1.676,-0.16,-0.249,0.0,12.5,62.9
1784033007.615,2436,2.91,1.294,0.046,0.0,17.0,73.5
1784033007.615,2436,6.842,3.359,0.929,0.0,14.3,60.4
1784033007.716,2437,0.262,-0.443,-0.239,0.0,12.6,63.0
1784033007.716,2437,1.465,-0.429,0.024,0.0,17.6,61.6
1784033007.716,2437,1.676,-0.106,-0.274,0.0,13.0,62.6
1784033007.716,2437,2.91,1.294,0.05,0.0,16.8,73.7
1784033007.716,2437,6.839,3.359,0.95,0.0,14.6,60.4
1784033007.817,2438,0.265,-0.443,-0.234,0.0,12.1,63.6
1784033007.817,2438,1.465,-0.429,0.026,0.0,17.0,62.3
1784033007.817,2438,1.674,-0.16,-0.258,0.0,12.8,62.9
1784033007.817,2438,2.91,1.294,0.048,0.0,17.1,73.5
1784033007.817,2438,6.85,3.359,0.87,0.0,14.4,60.3
1784033007.817,2438,4.672,3.549,1.142,0.243,15.5,51.2
1784033007.817,2438,2.931,-3.886,1.024,0.568,15.7,48.9
1784033007.92,2439,0.266,-0.443,-0.234,0.0,12.3,63.4
1784033007.92,2439,1.52,-0.393,-0.044,0.0,17.3,62.0
1784033007.92,2439,1.674,-0.16,-0.261,0.0,12.5,62.9
1784033007.92,2439,2.91,1.294,0.042,0.0,17.0,73.6
1784033007.92,2439,6.86,3.359,0.786,0.0,14.8,59.8
1784033007.92,2439,4.774,3.575,0.822,0.243,16.9,50.7
1784033008.023,2440,0.262,-0.443,-0.238,0.0,11.9,63.7
1784033008.023,2440,1.52,-0.393,-0.036,0.0,17.5,61.9
1784033008.023,2440,1.676,-0.16,-0.247,0.0,12.9,62.6
1784033008.023,2440,2.91,1.294,0.05,0.0,16.9,73.6
1784033008.023,2440,6.84,3.359,0.945,0.0,13.8,60.7
1784033008.023,2440,4.739,3.575,1.007,0.243,17.4,50.4
1784033008.125,2441,0.262,-0.443,-0.238,0.0,12.5,63.2
1784033008.125,2441,1.465,-0.429,0.025,0.0,16.9,62.4
1784033008.125,2441,1.677,-0.106,-0.267,0.0,12.6,62.9
1784033008.125,2441,2.91,1.294,0.046,0.0,17.0,73.5
1784033008.125,2441,6.845,3.359,0.91,0.0,14.6,60.3
1784033008.229,2442,0.261,-0.443,-0.239,0.0,12.0,63.4
1784033008.229,2442,1.52,-0.393,-0.041,0.0,17.2,62.2
1784033008.229,2442,1.676,-0.16,-0.247,0.0,12.6,62.9
1784033008.229,2442,2.91,1.294,0.043,0.0,16.9,73.6
1784033008.229,2442,6.851,3.359,0.861,0.0,14.4,60.3
1784033008.229,2442,4.439,3.951,0.965,-0.162,12.5,50.0
1784033008.331,2443,0.268,-0.443,-0.232,0.0,11.9,63.8
1784033008.331,2443,1.521,-0.393,-0.027,0.0,17.5,61.8
1784033008.331,2443,1.675,-0.16,-0.256,0.0,12.9,62.6
1784033008.331,2443,2.91,1.294,0.048,0.0,16.9,73.6
1784033008.331,2443,6.846,3.359,0.899,0.0,14.6,60.1
1784033008.434,2444,0.262,-0.443,-0.238,0.0,12.6,63.1
1784033008.434,2444,1.465,-0.429,0.024,0.0,17.5,61.8
1784033008.434,2444,1.675,-0.106,-0.281,0.0,13.0,62.5
1784033008.434,2444,2.91,1.294,0.047,0.0,16.9,73.6
1784033008.434,2444,6.846,3.359,0.895,0.0,14.2,60.7
1784033008.537,2445,0.265,-0.443,-0.235,0.0,11.9,63.7
1784033008.537,2445,1.52,-0.393,-0.037,0.0,17.6,61.7
1784033008.537,2445,1.676,-0.16,-0.244,0.0,13.0,62.6
1784033008.537,2445,2.91,1.294,0.043,0.0,16.9,73.6
1784033008.537,2445,6.845,3.359,0.909,0.0,14.5,60.2
1784033008.537,2445,0.968,1.003,-0.078,-0.162,17.1,47.5
1784033008.639,2446,0.269,-0.443,-0.23,0.0,12.0,63.8
1784033008.639,2446,1.52,-0.393,-0.034,0.0,17.3,62.0
1784033008.639,2446,1.676,-0.16,-0.245,0.0,12.7,62.7
1784033008.639,2446,2.91,1.294,0.047,0.0,16.9,73.6
1784033008.639,2446,6.843,3.359,0.92,0.0,15.0,59.7
1784033008.639,2446,5.117,3.912,1.384,0.162,14.2,50.2
1784033008.741,2447,0.26,-0.443,-0.24,0.0,12.5,63.1
1784033008.741,2447,1.52,-0.393,-0.032,0.0,17.2,62.1
1784033008.741,2447,1.673,-0.16,-0.263,0.0,12.7,62.8
1784033008.741,2447,2.91,1.294,0.05,0.0,16.9,73.6
1784033008.741,2447,6.836,3.359,0.974,0.0,14.8,60.0
1784033008.842,2448,0.264,-0.443,-0.236,0.0,12.0,63.7
1784033008.842,2448,1.52,-0.393,-0.039,0.0,17.5,61.8
1784033008.842,2448,1.676,-0.16,-0.246,0.0,12.8,62.7
1784033008.842,2448,2.91,1.294,0.044,0.0,17.0,73.6
1784033008.842,2448,6.849,3.359,0.874,0.0,14.8,59.8
1784033008.842,2448,0.842,1.091,0.224,-0.162,18.0,48.2
1784033008.945,2449,0.266,-0.443,-0.234,0.0,12.0,63.5
1784033008.945,2449,1.52,-0.393,-0.037,0.0,16.6,62.6
1784033008.945,2449,1.675,-0.16,-0.253,0.0,12.1,63.3
1784033008.945,2449,2.91,1.294,0.046,0.0,16.9,73.6
1784033008.945,2449,6.838,3.359,0.958,0.0,14.4,60.1
1784033008.996,2450,0.263,-0.443,-0.237,0.0,12.3,63.3
1784033008.996,2450,1.52,-0.393,-0.033,0.0,17.6,61.7
1784033008.996,2450,1.674,-0.16,-0.258,0.0,13.1,62.5
1784033008.996,2450,2.91,1.294,0.051,0.0,16.9,73.6
1784033008.996,2450,6.83,3.359,1.012,0.0,14.2,60.3
1784033009.148,2451,0.265,-0.443,-0.235,0.0,11.9,63.8
1784033009.148,2451,1.52,-0.393,-0.038,0.0,17.6,61.7
1784033009.148,2451,1.676,-0.16,-0.248,0.0,13.1,62.4
1784033009.148,2451,2.91,1.294,0.042,0.0,17.0,73.6
1784033009.148,2451,6.85,3.359,0.866,0.0,14.0,60.2
1784033009.148,2451,0.904,0.972,0.26,-0.162,15.0,47.9
1784033009.148,2451,5.156,3.937,1.375,-0.162,12.6,50.5
1784033009.25,2452,0.263,-0.443,-0.237,0.0,12.1,63.6
1784033009.25,2452,1.52,-0.393,-0.051,0.0,17.6,61.8
1784033009.25,2452,1.676,-0.16,-0.248,0.0,12.9,62.5
1784033009.25,2452,2.91,1.294,0.043,0.0,17.0,73.6
1784033009.25,2452,6.843,3.359,0.924,0.0,13.7,60.5
1784033009.25,2452,5.217,3.886,0.713,-0.162,13.2,50.7
1784033009.304,2453,0.262,-0.443,-0.238,0.0,12.4,63.4
1784033009.304,2453,1.52,-0.393,-0.036,0.0,17.0,62.3
1784033009.304,2453,1.675,-0.16,-0.256,0.0,12.4,63.1
1784033009.304,2453,2.91,1.294,0.049,0.0,16.9,73.6
1784033009.304,2453,6.847,3.359,0.895,0.0,14.4,59.9
1784033009.408,2454,0.264,-0.443,-0.235,0.0,12.2,63.5
1784033009.408,2454,1.52,-0.393,-0.038,0.0,17.0,62.3
1784033009.408,2454,1.677,-0.16,-0.241,0.0,12.5,62.9
1784033009.408,2454,2.91,1.294,0.043,0.0,16.9,73.6
1784033009.408,2454,6.843,3.359,0.921,0.0,13.6,60.7
1784033009.408,2454,0.857,0.982,0.124,-0.162,14.0,47.9
1784033009.511,2455,0.264,-0.443,-0.235,0.0,12.1,63.6
1784033009.511,2455,1.52,-0.393,-0.046,0.0,14.8,64.5
1784033009.511,2455,2.91,1.294,0.048,0.0,17.0,73.6
1784033009.511,2455,6.85,3.359,0.872,0.0,14.4,60.0
1784033009.613,2456,0.265,-0.443,-0.235,0.0,12.1,63.6
1784033009.613,2456,1.52,-0.393,-0.029,0.0,15.7,63.7
1784033009.613,2456,2.91,1.294,0.048,0.0,16.9,73.6
1784033009.613,2456,6.843,3.359,0.921,0.0,14.0,60.2
1784033009.715,2457,0.262,-0.443,-0.238,0.0,12.2,63.5
1784033009.715,2457,1.52,-0.393,-0.044,0.0,14.6,64.7
1784033009.715,2457,2.91,1.294,0.046,0.0,17.0,73.6
1784033009.715,2457,6.844,3.359,0.913,0.0,14.0,60.3
1784033009.815,2458,0.265,-0.443,-0.234,0.0,11.8,63.9
1784033009.815,2458,1.52,-0.393,-0.047,0.0,16.7,62.6
1784033009.815,2458,1.674,-0.16,-0.26,0.0,12.1,63.3
1784033009.815,2458,2.91,1.294,0.045,0.0,17.0,73.6
1784033009.815,2458,6.853,3.359,0.843,0.0,15.1,59.2
1784033009.915,2459,0.263,-0.443,-0.237,0.0,12.1,63.6
1784033009.915,2459,1.52,-0.393,-0.043,0.0,15.8,63.5
1784033009.915,2459,2.91,1.294,0.048,0.0,16.9,73.6
1784033009.915,2459,6.845,3.359,0.904,0.0,14.7,59.7
1784033010.017,2460,0.258,-0.443,-0.242,0.0,12.3,63.4
1784033010.017,2460,1.52,-0.393,-0.033,0.0,16.4,62.9
1784033010.017,2460,1.675,-0.16,-0.254,0.0,11.9,63.6
1784033010.017,2460,2.91,1.294,0.048,0.0,16.9,73.7
1784033010.017,2460,6.841,3.359,0.933,0.0,14.0,60.4
1784033010.119,2461,0.267,-0.443,-0.233,0.0,12.2,63.6
1784033010.119,2461,1.52,-0.393,-0.041,0.0,16.3,63.0
1784033010.119,2461,1.676,-0.16,-0.245,0.0,11.8,63.6
1784033010.119,2461,2.91,1.294,0.042,0.0,17.0,73.6
1784033010.119,2461,6.856,3.359,0.822,0.0,14.7,59.6
1784033010.22,2462,0.264,-0.443,-0.236,0.0,12.1,63.5
1784033010.22,2462,1.52,-0.393,-0.046,0.0,16.3,63.0
1784033010.22,2462,1.674,-0.16,-0.257,0.0,11.7,63.7
1784033010.22,2462,2.91,1.294,0.046,0.0,17.0,73.6
1784033010.22,2462,6.844,3.359,0.915,0.0,14.6,59.9
1784033010.322,2463,0.263,-0.443,-0.238,0.0,12.2,63.5
1784033010.322,2463,1.52,-0.393,-0.035,0.0,16.7,62.6
1784033010.322,2463,1.674,-0.16,-0.26,0.0,11.9,63.6
1784033010.322,2463,2.91,1.294,0.048,0.0,16.8,73.7
1784033010.322,2463,6.852,3.359,0.851,0.0,14.7,59.7
1784033010.424,2464,0.262,-0.443,-0.238,0.0,12.1,63.6
1784033010.424,2464,1.52,-0.393,-0.046,0.0,16.2,63.1
1784033010.424,2464,1.674,-0.16,-0.26,0.0,11.5,63.9
1784033010.424,2464,2.91,1.294,0.046,0.0,17.0,73.6
1784033010.424,2464,6.851,3.359,0.863,0.0,14.6,59.9
1784033010.525,2465,0.263,-0.443,-0.237,0.0,12.1,63.6
1784033010.525,2465,1.52,-0.393,-0.035,0.0,16.1,63.2
1784033010.525,2465,1.676,-0.16,-0.247,0.0,11.5,63.8
1784033010.525,2465,2.91,1.294,0.048,0.0,16.9,73.7
1784033010.525,2465,6.854,3.359,0.833,0.0,14.6,60.0
1784033010.627,2466,0.262,-0.443,-0.238,0.0,12.2,63.5
1784033010.627,2466,1.52,-0.393,-0.032,0.0,16.2,63.0
1784033010.627,2466,1.674,-0.16,-0.258,0.0,11.7,63.7
1784033010.627,2466,2.91,1.294,0.042,0.0,16.9,73.6
1784033010.627,2466,6.844,3.359,0.913,0.0,14.7,60.0
1784033010.729,2467,0.263,-0.443,-0.237,0.0,12.4,63.3
1784033010.729,2467,1.52,-0.393,-0.044,0.0,15.0,64.2
1784033010.729,2467,2.91,1.294,0.045,0.0,17.0,73.6
1784033010.729,2467,6.856,3.359,0.82,0.0,14.7,59.9
1784033010.83,2468,0.266,-0.443,-0.234,0.0,12.3,63.5
1784033010.83,2468,1.52,-0.393,-0.033,0.0,16.1,63.1
1784033010.83,2468,1.675,-0.16,-0.254,0.0,11.2,64.1
1784033010.83,2468,2.91,1.294,0.049,0.0,17.0,73.5
1784033010.83,2468,6.855,3.359,0.828,0.0,14.6,60.1
1784033010.932,2469,0.261,-0.443,-0.239,0.0,12.5,63.1
1784033010.932,2469,1.52,-0.393,-0.038,0.0,16.0,63.3
1784033010.932,2469,1.674,-0.16,-0.257,0.0,11.2,64.1
1784033010.932,2469,2.91,1.294,0.046,0.0,16.9,73.7
1784033010.932,2469,6.846,3.359,0.896,0.0,14.1,60.5
1784033011.034,2470,0.266,-0.443,-0.233,0.0,12.2,63.5
1784033011.034,2470,1.52,-0.393,-0.042,0.0,16.9,62.3
1784033011.034,2470,1.676,-0.16,-0.244,0.0,12.0,63.3
1784033011.034,2470,2.91,1.294,0.048,0.0,17.0,73.5
1784033011.034,2470,6.852,3.359,0.856,0.0,14.5,60.0
1784033011.134,2471,0.262,-0.443,-0.238,0.0,12.2,63.4
1784033011.134,2471,1.52,-0.393,-0.045,0.0,15.8,63.5
1784033011.134,2471,2.91,1.294,0.047,0.0,16.9,73.7
1784033011.134,2471,6.855,3.359,0.826,0.0,15.0,59.7
1784033011.236,2472,0.26,-0.443,-0.24,0.0,12.6,63.1
1784033011.236,2472,1.52,-0.393,-0.04,0.0,15.9,63.4
1784033011.236,2472,2.91,1.294,0.047,0.0,17.0,73.6
1784033011.236,2472,6.846,3.359,0.901,0.0,14.5,60.1
1784033011.338,2473,0.27,-0.443,-0.229,0.0,11.8,63.9
1784033011.338,2473,0.471,0.142,0.283,0.0,11.8,63.9
1784033011.338,2473,1.52,-0.393,-0.04,0.0,15.2,64.1
1784033011.338,2473,2.91,1.294,0.043,0.0,17.0,73.6
1784033011.338,2473,6.853,3.359,0.841,0.0,13.9,60.5
1784033011.44,2474,0.26,-0.443,-0.241,0.0,12.4,63.2
1784033011.44,2474,1.52,-0.393,-0.046,0.0,15.9,63.4
1784033011.44,2474,2.91,1.294,0.046,0.0,16.9,73.6
1784033011.44,2474,6.833,3.359,0.99,0.0,14.2,60.4
1784033011.541,2475,0.262,-0.443,-0.238,0.0,12.3,63.4
1784033011.541,2475,1.52,-0.393,-0.043,0.0,16.7,62.6
1784033011.541,2475,1.676,-0.16,-0.249,0.0,12.0,63.4
1784033011.541,2475,2.91,1.294,0.049,0.0,16.9,73.6
1784033011.541,2475,6.858,3.359,0.805,0.0,14.7,60.0
1784033011.647,2476,0.267,-0.443,-0.233,0.0,11.9,63.8
1784033011.647,2476,1.52,-0.393,-0.051,0.0,16.0,63.3
1784033011.647,2476,1.674,-0.16,-0.258,0.0,11.3,64.0
1784033011.647,2476,2.91,1.294,0.045,0.0,17.0,73.6
1784033011.647,2476,6.855,3.359,0.83,0.0,14.8,59.9
1784033011.698,2477,0.26,-0.443,-0.241,0.0,12.6,63.1
1784033011.698,2477,1.52,-0.393,-0.055,0.0,16.2,63.0
1784033011.698,2477,1.674,-0.16,-0.263,0.0,11.7,63.7
1784033011.698,2477,2.91,1.294,0.05,0.0,17.0,73.6
1784033011.698,2477,6.84,3.359,0.946,0.0,15.4,59.4
1784033011.8,2478,0.266,-0.443,-0.233,0.0,12.1,63.6
1784033011.8,2478,1.52,-0.393,-0.046,0.0,15.7,63.5
1784033011.8,2478,2.91,1.294,0.047,0.0,17.0,73.5
1784033011.8,2478,6.849,3.359,0.876,0.0,15.1,59.5
1784033011.954,2479,0.259,-0.443,-0.241,0.0,12.2,63.5
1784033011.954,2479,1.52,-0.393,-0.046,0.0,16.0,63.3
1784033011.954,2479,2.91,1.294,0.048,0.0,17.0,73.6
1784033011.954,2479,6.848,3.359,0.886,0.0,15.1,59.8
1784033012.006,2480,0.263,-0.443,-0.237,0.0,12.1,63.6
1784033012.006,2480,1.52,-0.393,-0.048,0.0,17.4,61.9
1784033012.006,2480,1.675,-0.16,-0.254,0.0,12.6,62.7
1784033012.006,2480,2.91,1.294,0.049,0.0,17.0,73.6
1784033012.006,2480,6.842,3.359,0.928,0.0,14.5,60.3
1784033012.106,2481,0.266,-0.443,-0.233,0.0,12.1,63.6
1784033012.106,2481,1.52,-0.393,-0.043,0.0,17.2,62.0
1784033012.106,2481,1.676,-0.16,-0.248,0.0,12.5,62.9
1784033012.106,2481,2.91,1.294,0.045,0.0,16.9,73.6
1784033012.106,2481,6.851,3.359,0.858,0.0,15.1,59.7
1784033012.265,2482,0.261,-0.443,-0.239,0.0,12.4,63.3
1784033012.265,2482,1.52,-0.393,-0.05,0.0,16.9,62.3
1784033012.265,2482,1.674,-0.16,-0.262,0.0,12.3,63.0
1784033012.265,2482,2.91,1.294,0.047,0.0,16.9,73.6
1784033012.265,2482,6.835,3.359,0.981,0.0,15.1,59.7
1784033012.318,2483,0.265,-0.443,-0.235,0.0,12.1,63.7
1784033012.318,2483,1.52,-0.393,-0.035,0.0,16.6,62.6
1784033012.318,2483,1.675,-0.16,-0.255,0.0,11.8,63.5
1784033012.318,2483,2.91,1.294,0.044,0.0,16.9,73.6
1784033012.318,2483,6.86,3.359,0.789,0.0,14.5,60.3
1784033012.42,2484,0.262,-0.443,-0.238,0.0,12.1,63.7
1784033012.42,2484,1.52,-0.393,-0.04,0.0,16.8,62.4
1784033012.42,2484,1.675,-0.16,-0.255,0.0,12.1,63.3
1784033012.42,2484,2.91,1.294,0.044,0.0,16.9,73.6
1784033012.42,2484,6.859,3.359,0.798,0.0,14.3,60.4
1784033012.522,2485,0.263,-0.443,-0.237,0.0,12.5,63.3
1784033012.522,2485,1.52,-0.393,-0.043,0.0,15.7,63.5
1784033012.522,2485,2.91,1.294,0.049,0.0,16.9,73.7
1784033012.522,2485,6.84,3.359,0.947,0.0,14.2,60.5
1784033012.624,2486,0.263,-0.443,-0.237,0.0,12.0,63.7
1784033012.624,2486,1.52,-0.393,-0.036,0.0,16.1,63.1
1784033012.624,2486,1.674,-0.16,-0.261,0.0,11.7,63.6
1784033012.624,2486,2.91,1.294,0.045,0.0,16.9,73.6
1784033012.624,2486,6.842,3.359,0.932,0.0,15.2,59.6
1784033012.727,2487,0.261,-0.443,-0.239,0.0,12.4,63.3
1784033012.727,2487,1.52,-0.393,-0.054,0.0,16.2,63.1
1784033012.727,2487,1.673,-0.16,-0.268,0.0,11.4,64.0
1784033012.727,2487,2.91,1.294,0.048,0.0,16.9,73.6
1784033012.727,2487,6.855,3.359,0.826,0.0,15.0,59.8
1784033012.829,2488,0.263,-0.443,-0.237,0.0,12.3,63.5
1784033012.829,2488,1.52,-0.393,-0.044,0.0,16.5,62.7
1784033012.829,2488,1.673,-0.16,-0.264,0.0,12.0,63.3
1784033012.829,2488,2.91,1.294,0.044,0.0,17.0,73.6
1784033012.829,2488,6.845,3.359,0.906,0.0,14.9,60.1
1784033012.931,2489,0.266,-0.443,-0.233,0.0,12.0,63.7
1784033012.931,2489,1.52,-0.393,-0.052,0.0,16.8,62.4
1784033012.931,2489,1.674,-0.16,-0.26,0.0,12.2,63.1
1784033012.931,2489,2.91,1.294,0.046,0.0,17.0,73.6
1784033012.931,2489,6.849,3.359,0.88,0.0,15.3,59.5
1784033013.033,2490,0.263,-0.443,-0.237,0.0,12.5,63.3
1784033013.033,2490,1.52,-0.393,-0.049,0.0,16.7,62.5
1784033013.033,2490,1.674,-0.16,-0.26,0.0,11.8,63.5
1784033013.033,2490,2.91,1.294,0.048,0.0,17.0,73.6
1784033013.033,2490,6.844,3.359,0.914,0.0,15.7,59.1
1784033013.138,2491,0.262,-0.443,-0.238,0.0,12.1,63.6
1784033013.138,2491,1.52,-0.393,-0.041,0.0,16.3,63.0
1784033013.138,2491,1.673,-0.16,-0.268,0.0,11.4,63.9
1784033013.138,2491,2.91,1.294,0.045,0.0,16.9,73.6
1784033013.138,2491,6.854,3.359,0.839,0.0,14.5,60.3
1784033013.239,2492,0.264,-0.443,-0.236,0.0,12.2,63.7
1784033013.239,2492,1.52,-0.393,-0.032,0.0,16.5,62.8
1784033013.239,2492,1.674,-0.16,-0.258,0.0,11.8,63.6
1784033013.239,2492,2.91,1.294,0.047,0.0,17.0,73.6
1784033013.239,2492,6.859,3.359,0.797,0.0,14.6,60.1
1784033013.34,2493,0.261,-0.443,-0.239,0.0,12.3,63.5
1784033013.34,2493,1.52,-0.393,-0.038,0.0,16.7,62.5
1784033013.34,2493,1.673,-0.16,-0.267,0.0,12.3,63.1
1784033013.34,2493,2.91,1.294,0.048,0.0,16.9,73.7
1784033013.34,2493,6.846,3.359,0.901,0.0,14.4,60.4
1784033013.443,2494,0.262,-0.443,-0.239,0.0,12.2,63.6
1784033013.443,2494,1.52,-0.393,-0.046,0.0,16.9,62.3
1784033013.443,2494,1.674,-0.16,-0.261,0.0,12.3,63.0
1784033013.443,2494,2.91,1.294,0.042,0.0,17.0,73.6
1784033013.443,2494,6.851,3.359,0.862,0.0,13.7,60.9
1784033013.544,2495,0.257,-0.443,-0.243,0.0,12.3,63.6
1784033013.544,2495,1.52,-0.393,-0.05,0.0,17.4,61.8
1784033013.544,2495,1.673,-0.16,-0.269,0.0,12.9,62.4
1784033013.544,2495,2.91,1.294,0.043,0.0,17.0,73.5
1784033013.544,2495,6.851,3.359,0.863,0.0,15.2,59.6
1784033013.645,2496,0.26,-0.443,-0.241,0.0,12.4,63.5
1784033013.645,2496,1.52,-0.393,-0.029,0.0,16.6,62.6
1784033013.645,2496,1.674,-0.16,-0.26,0.0,12.2,63.3
1784033013.645,2496,2.91,1.294,0.046,0.0,17.0,73.6
1784033013.645,2496,6.845,3.359,0.903,0.0,14.2,60.6
1784033013.747,2497,0.257,-0.443,-0.244,0.0,12.5,63.4
1784033013.747,2497,1.52,-0.393,-0.047,0.0,16.6,62.6
1784033013.747,2497,1.673,-0.16,-0.265,0.0,11.7,63.6
1784033013.747,2497,2.91,1.294,0.041,0.0,17.0,73.6
1784033013.747,2497,6.846,3.359,0.899,0.0,14.7,60.2
1784033013.799,2498,0.262,-0.443,-0.238,0.0,12.3,63.6
1784033013.799,2498,1.52,-0.393,-0.048,0.0,16.7,62.5
1784033013.799,2498,1.674,-0.16,-0.26,0.0,12.0,63.3
1784033013.799,2498,2.91,1.294,0.046,0.0,17.1,73.5
1784033013.799,2498,6.855,3.359,0.826,0.0,14.8,60.1
1784033013.9,2499,0.26,-0.443,-0.241,0.0,12.6,63.3
1784033013.9,2499,1.52,-0.393,-0.046,0.0,16.1,63.0
1784033013.9,2499,1.674,-0.16,-0.261,0.0,11.7,63.7
1784033013.9,2499,2.91,1.294,0.044,0.0,17.0,73.6
1784033013.9,2499,6.85,3.359,0.869,0.0,14.6,60.1
1784033014.052,2500,0.257,-0.443,-0.243,0.0,12.8,63.0
1784033014.052,2500,1.52,-0.393,-0.043,0.0,16.4,62.8
1784033014.052,2500,1.673,-0.16,-0.264,0.0,11.6,63.8
1784033014.052,2500,2.91,1.294,0.048,0.0,16.9,73.7
1784033014.052,2500,6.959,3.119,0.897,0.0,14.7,60.0
1784033014.103,2501,0.265,-0.443,-0.234,0.0,12.2,63.7
1784033014.103,2501,1.52,-0.393,-0.051,0.0,16.0,63.2
1784033014.103,2501,1.674,-0.16,-0.262,0.0,11.6,63.6
1784033014.103,2501,2.91,1.294,0.041,0.0,17.1,73.5
1784033014.103,2501,6.857,3.359,0.813,0.0,14.4,60.2
1784033014.207,2502,1.52,-0.393,-0.044,0.0,15.8,63.4
1784033014.207,2502,2.91,1.294,0.046,0.0,17.0,73.6
1784033014.207,2502,6.852,3.359,0.855,0.0,14.8,60.0
1784033014.207,2502,3.582,-4.287,1.208,-0.649,12.4,49.9
1784033014.313,2503,0.258,-0.443,-0.242,0.0,12.4,63.4
1784033014.313,2503,1.52,-0.393,-0.038,0.0,16.1,63.1
1784033014.313,2503,2.91,1.294,0.047,0.0,16.9,73.7
1784033014.313,2503,6.855,3.359,0.829,0.0,14.7,60.0
1784033014.414,2504,0.262,-0.443,-0.239,0.0,12.2,63.6
1784033014.414,2504,1.52,-0.393,-0.049,0.0,16.4,62.7
1784033014.414,2504,1.674,-0.16,-0.261,0.0,11.9,63.4
1784033014.414,2504,2.91,1.294,0.042,0.0,17.0,73.6
1784033014.414,2504,6.855,3.359,0.826,0.0,14.4,60.3
1784033014.515,2505,0.259,-0.443,-0.242,0.0,12.5,63.4
1784033014.515,2505,1.52,-0.393,-0.046,0.0,16.3,62.9
1784033014.515,2505,1.674,-0.16,-0.258,0.0,11.8,63.5
1784033014.515,2505,2.91,1.294,0.045,0.0,16.9,73.6
1784033014.515,2505,6.847,3.359,0.894,0.0,14.1,60.7
1784033014.617,2506,0.258,-0.443,-0.243,0.0,12.4,63.5
1784033014.617,2506,1.52,-0.393,-0.042,0.0,16.7,62.5
1784033014.617,2506,1.674,-0.16,-0.258,0.0,12.0,63.3
1784033014.617,2506,2.91,1.294,0.046,0.0,16.9,73.6
1784033014.617,2506,6.85,3.359,0.869,0.0,14.1,60.6
1784033014.717,2507,0.26,-0.443,-0.24,0.0,12.3,63.5
1784033014.717,2507,1.52,-0.393,-0.053,0.0,15.8,63.3
1784033014.717,2507,2.91,1.294,0.044,0.0,17.0,73.6
1784033014.717,2507,6.858,3.359,0.8,0.0,14.3,60.5
1784033014.818,2508,0.26,-0.443,-0.24,0.0,12.3,63.6
1784033014.818,2508,1.52,-0.393,-0.048,0.0,16.0,63.2
1784033014.818,2508,1.675,-0.16,-0.255,0.0,11.4,63.9
1784033014.818,2508,2.91,1.294,0.046,0.0,17.0,73.6
1784033014.818,2508,6.853,3.359,0.847,0.0,14.2,60.6
1784033014.818,2508,1.013,0.96,0.049,0.487,16.9,47.7
1784033014.921,2509,0.258,-0.443,-0.242,0.0,12.3,63.6
1784033014.921,2509,1.52,-0.393,-0.039,0.0,16.4,62.7
1784033014.921,2509,1.675,-0.16,-0.254,0.0,11.7,63.6
1784033014.921,2509,2.91,1.294,0.042,0.0,17.0,73.6
1784033014.921,2509,6.849,3.359,0.878,0.0,14.4,60.3
1784033015.023,2510,0.257,-0.443,-0.243,0.0,12.3,63.5
1784033015.023,2510,1.52,-0.393,-0.05,0.0,16.9,62.3
1784033015.023,2510,1.674,-0.16,-0.262,0.0,12.1,63.1
1784033015.023,2510,2.91,1.294,0.044,0.0,17.0,73.6
1784033015.023,2510,6.854,3.359,0.833,0.0,14.4,60.4
1784033015.125,2511,0.264,-0.443,-0.236,0.0,12.2,63.6
1784033015.125,2511,1.52,-0.393,-0.051,0.0,16.5,62.6
1784033015.125,2511,1.674,-0.16,-0.259,0.0,12.0,63.3
1784033015.125,2511,2.91,1.294,0.046,0.0,17.1,73.5
1784033015.125,2511,6.856,3.359,0.821,0.0,13.8,60.8
1784033015.125,2511,0.774,0.883,-0.085,0.568,19.7,46.2
1784033015.125,2511,1.48,2.54,0.648,0.568,16.1,49.0
1784033015.228,2512,1.52,-0.393,-0.043,0.0,17.0,62.2
1784033015.228,2512,1.674,-0.16,-0.257,0.0,12.4,62.9
1784033015.228,2512,2.91,1.294,0.046,0.0,16.9,73.7
1784033015.228,2512,6.847,3.359,0.894,0.0,14.7,60.0
1784033015.33,2513,0.257,-0.443,-0.243,0.0,12.3,63.5
1784033015.33,2513,1.52,-0.393,-0.048,0.0,16.8,62.3
1784033015.33,2513,1.672,-0.16,-0.269,0.0,12.1,63.1
1784033015.33,2513,2.91,1.294,0.045,0.0,17.0,73.6
1784033015.33,2513,6.853,3.359,0.842,0.0,14.9,59.9
1784033015.432,2514,0.265,-0.443,-0.235,0.0,12.2,63.7
1784033015.432,2514,1.52,-0.393,-0.044,0.0,16.8,62.3
1784033015.432,2514,1.673,-0.16,-0.265,0.0,12.4,63.0
1784033015.432,2514,2.91,1.294,0.043,0.0,17.0,73.6
1784033015.432,2514,6.863,3.359,0.762,0.0,15.1,59.6
1784033015.534,2515,1.52,-0.393,-0.039,0.0,16.9,62.2
1784033015.534,2515,1.673,-0.16,-0.265,0.0,12.3,63.1
1784033015.534,2515,2.91,1.294,0.045,0.0,17.0,73.6
1784033015.534,2515,6.847,3.359,0.894,0.0,14.7,60.1
1784033015.636,2516,0.262,-0.443,-0.239,0.0,12.5,63.3
1784033015.636,2516,1.52,-0.393,-0.046,0.0,16.5,62.7
1784033015.636,2516,1.673,-0.16,-0.266,0.0,11.6,63.6
1784033015.636,2516,2.91,1.294,0.042,0.0,17.0,73.6
1784033015.636,2516,6.858,3.359,0.804,0.0,14.2,60.3
1784033015.738,2517,0.263,-0.443,-0.237,0.0,11.9,63.9
1784033015.738,2517,1.52,-0.393,-0.049,0.0,16.1,63.0
1784033015.738,2517,1.673,-0.16,-0.266,0.0,11.7,63.5
1784033015.738,2517,2.91,1.294,0.041,0.0,17.0,73.6
1784033015.738,2517,6.861,3.359,0.78,0.0,14.1,60.3
1784033015.846,2518,0.257,-0.443,-0.244,0.0,11.4,64.3
1784033015.846,2518,1.52,-0.393,-0.046,0.0,16.4,62.7
1784033015.846,2518,1.671,-0.16,-0.28,0.0,12.0,63.3
1784033015.846,2518,2.91,1.294,0.043,0.0,16.9,73.7
1784033015.846,2518,6.848,3.359,0.881,0.0,14.9,59.8
1784033015.896,2519,1.52,-0.393,-0.047,0.0,16.2,62.9
1784033015.896,2519,1.672,-0.16,-0.273,0.0,11.5,63.7
1784033015.896,2519,2.91,1.294,0.04,0.0,17.0,73.6
1784033015.896,2519,6.848,3.359,0.882,0.0,14.5,60.2
1784033016.048,2520,1.52,-0.393,-0.048,0.0,16.5,62.7
1784033016.048,2520,1.673,-0.16,-0.267,0.0,11.8,63.4
1784033016.048,2520,2.91,1.294,0.044,0.0,17.0,73.6
1784033016.048,2520,6.856,3.359,0.823,0.0,14.8,60.1
1784033016.149,2521,1.52,-0.393,-0.044,0.0,15.9,63.2
1784033016.149,2521,1.672,-0.16,-0.27,0.0,11.4,63.9
1784033016.149,2521,2.91,1.294,0.045,0.0,16.9,73.7
1784033016.149,2521,6.849,3.359,0.876,0.0,15.0,59.8
1784033016.201,2522,1.52,-0.393,-0.042,0.0,16.0,63.1
1784033016.201,2522,2.91,1.294,0.044,0.0,17.2,73.4
1784033016.201,2522,6.853,3.359,0.844,0.0,14.4,60.0
1784033016.352,2523,1.52,-0.393,-0.053,0.0,15.1,64.1
1784033016.352,2523,2.91,1.294,0.049,0.0,17.2,73.5
1784033016.352,2523,6.848,3.359,0.881,0.0,14.6,60.3
1784033016.454,2524,2.91,1.294,0.043,0.0,16.8,73.8
1784033016.454,2524,6.851,3.359,0.861,0.0,14.8,59.9
1784033016.505,2525,1.52,-0.393,-0.052,0.0,14.7,64.5
1784033016.505,2525,2.91,1.294,0.04,0.0,17.0,73.6
1784033016.505,2525,6.845,3.359,0.908,0.0,14.3,60.1
1784033016.607,2526,1.52,-0.393,-0.051,0.0,14.4,64.7
1784033016.607,2526,2.91,1.294,0.045,0.0,16.9,73.7
1784033016.607,2526,6.85,3.359,0.867,0.0,15.3,59.5
1784033016.71,2527,1.52,-0.393,-0.037,0.0,14.7,64.5
1784033016.71,2527,2.91,1.294,0.05,0.0,17.1,73.5
1784033016.71,2527,6.849,3.359,0.878,0.0,14.9,59.8
1784033016.812,2528,1.52,-0.393,-0.047,0.0,16.5,62.7
1784033016.812,2528,1.671,-0.16,-0.277,0.0,12.3,62.8
1784033016.812,2528,2.91,1.294,0.038,0.0,16.9,73.8
1784033016.812,2528,5.649,3.294,0.801,0.0,11.8,58.9
1784033016.812,2528,6.845,3.359,0.907,0.0,14.5,60.3
1784033016.913,2529,1.52,-0.393,-0.047,0.0,16.5,62.6
1784033016.913,2529,1.672,-0.16,-0.272,0.0,12.0,63.0
1784033016.913,2529,2.91,1.294,0.05,0.0,16.9,73.7
1784033016.913,2529,6.861,3.359,0.776,0.0,14.2,60.2
1784033016.913,2529,0.745,1.063,0.166,0.162,18.4,47.7
1784033017.015,2530,0.258,-0.443,-0.243,0.0,11.7,64.1
1784033017.015,2530,1.52,-0.393,-0.041,0.0,17.0,62.1
1784033017.015,2530,1.673,-0.16,-0.265,0.0,12.6,62.7
1784033017.015,2530,2.91,1.294,0.048,0.0,17.0,73.6
1784033017.015,2530,6.846,3.359,0.897,0.0,14.8,59.9
1784033017.117,2531,1.52,-0.393,-0.047,0.0,17.4,61.8
1784033017.117,2531,1.671,-0.16,-0.281,0.0,12.5,62.7
1784033017.117,2531,2.91,1.294,0.046,0.0,17.1,73.5
1784033017.117,2531,6.843,3.359,0.919,0.0,14.6,59.9
1784033017.117,2531,5.375,3.73,1.083,0.162,15.0,50.0
1784033017.117,2531,0.763,1.099,-0.198,0.243,18.7,47.9
1784033017.22,2532,0.26,-0.443,-0.24,0.0,12.3,63.5
1784033017.22,2532,1.52,-0.393,-0.041,0.0,17.2,61.9
1784033017.22,2532,1.673,-0.16,-0.269,0.0,12.4,62.7
1784033017.22,2532,2.91,1.294,0.044,0.0,17.1,73.5
1784033017.22,2532,6.858,3.359,0.802,0.0,14.6,59.8
1784033017.22,2532,0.466,0.736,0.05,-0.162,11.8,51.3
1784033017.322,2533,1.52,-0.393,-0.042,0.0,17.2,61.8
1784033017.322,2533,1.673,-0.16,-0.266,0.0,12.6,62.6
1784033017.322,2533,2.91,1.294,0.047,0.0,17.0,73.6
1784033017.322,2533,6.848,3.359,0.886,0.0,14.6,60.1
1784033017.424,2534,1.52,-0.393,-0.051,0.0,17.2,61.9
1784033017.424,2534,1.673,-0.16,-0.266,0.0,12.5,62.7
1784033017.424,2534,2.91,1.294,0.049,0.0,17.0,73.6
1784033017.424,2534,6.848,3.359,0.887,0.0,14.5,60.0
1784033017.424,2534,0.759,1.134,0.294,0.243,17.7,49.3
1784033017.525,2535,0.263,-0.443,-0.237,0.0,12.2,63.7
1784033017.525,2535,1.52,-0.393,-0.05,0.0,17.2,61.9
1784033017.525,2535,1.674,-0.16,-0.261,0.0,12.6,62.6
1784033017.525,2535,2.91,1.294,0.043,0.0,17.0,73.6
1784033017.525,2535,6.851,3.359,0.859,0.0,14.1,60.3
1784033017.525,2535,0.42,0.663,-0.04,-0.325,19.5,49.3
1784033017.628,2536,1.479,-0.382,0.002,0.0,16.7,62.5
1784033017.628,2536,1.668,-0.16,-0.295,0.0,12.4,62.6
1784033017.628,2536,2.952,1.194,0.067,0.0,17.0,73.6
1784033017.628,2536,6.839,3.359,0.95,0.0,14.6,59.9
1784033017.628,2536,0.998,1.035,0.077,0.162,15.1,48.8
1784033017.628,2536,0.397,0.626,0.028,-0.243,21.8,48.9
1784033017.73,2537,0.266,-0.443,-0.234,0.0,11.9,63.9
1784033017.73,2537,1.479,-0.382,-0.002,0.0,16.8,62.5
1784033017.73,2537,1.661,-0.16,-0.333,0.0,11.9,62.9
1784033017.73,2537,1.784,0.66,-0.256,0.0,13.8,72.8
1784033017.73,2537,2.91,1.294,0.039,0.0,17.3,73.3
1784033017.73,2537,6.94,3.119,1.033,0.0,15.3,59.0
1784033017.73,2537,0.354,0.589,-0.122,-0.243,20.1,50.7
1784033017.73,2537,0.508,0.709,-0.025,-0.162,13.2,51.2
1784033017.831,2538,0.261,-0.443,-0.239,0.0,13.1,63.3
1784033017.831,2538,1.67,-0.16,-0.286,0.0,11.5,63.4
1784033017.831,2538,2.91,1.294,0.045,0.0,17.1,73.4
1784033017.831,2538,6.846,3.359,0.897,0.0,13.9,60.2
1784033017.933,2539,1.52,-0.393,-0.041,0.0,17.6,61.6
1784033017.933,2539,1.667,-0.16,-0.301,0.0,12.7,62.6
1784033017.933,2539,1.053,-1.657,0.036,0.0,13.1,74.6
1784033017.933,2539,1.834,0.675,-0.193,0.0,13.1,74.6
1784033017.933,2539,2.91,1.294,0.043,0.0,16.9,73.7
1784033017.933,2539,6.939,3.119,1.039,0.0,13.4,60.4
1784033017.933,2539,0.397,0.511,-0.095,-0.325,23.0,49.2
1784033018.034,2540,1.465,-0.429,-0.005,0.0,16.2,62.9
1784033018.034,2540,1.835,0.675,-0.183,0.0,13.0,74.4
1784033018.034,2540,2.91,1.294,0.035,0.0,16.9,73.7
1784033018.034,2540,6.947,3.119,0.982,0.0,14.3,59.6
1784033018.136,2541,1.52,-0.393,-0.05,0.0,16.6,62.4
1784033018.136,2541,1.67,-0.16,-0.283,0.0,11.7,63.3
1784033018.136,2541,1.053,-1.657,0.032,0.0,13.2,74.3
1784033018.136,2541,1.835,0.675,-0.183,0.0,13.2,74.3
1784033018.136,2541,2.91,1.294,0.045,0.0,17.1,73.5
1784033018.136,2541,6.851,3.359,0.859,0.0,14.1,59.6
1784033018.238,2542,1.52,-0.393,-0.037,0.0,16.5,62.5
1784033018.238,2542,1.671,-0.16,-0.276,0.0,11.9,63.3
1784033018.238,2542,2.91,1.294,0.044,0.0,17.0,73.5
1784033018.238,2542,6.928,3.119,1.11,0.0,14.3,59.6
1784033018.238,2542,0.541,0.436,0.069,-0.162,27.0,52.8
1784033018.34,2543,1.465,-0.429,-0.003,0.0,16.1,62.9
1784033018.34,2543,1.671,-0.16,-0.275,0.0,11.9,63.2
1784033018.34,2543,2.91,1.294,0.035,0.0,17.2,73.4
1784033018.34,2543,6.847,3.359,0.89,0.0,14.6,59.2
1784033018.34,2543,0.506,0.248,0.066,-0.162,25.4,55.4
1784033018.441,2544,1.52,-0.393,-0.058,0.0,16.2,62.8
1784033018.441,2544,1.67,-0.16,-0.286,0.0,11.4,63.6
1784033018.441,2544,2.91,1.294,0.056,0.0,16.3,73.4
1784033018.441,2544,6.973,3.119,0.777,0.0,11.5,59.3
1784033018.543,2545,1.52,-0.393,-0.042,0.0,16.9,62.2
1784033018.543,2545,1.671,-0.16,-0.278,0.0,12.0,63.2
1784033018.543,2545,2.91,1.294,0.054,0.0,17.1,73.6
1784033018.644,2546,1.52,-0.393,-0.046,0.0,16.4,62.6
1784033018.644,2546,1.669,-0.16,-0.288,0.0,11.9,63.3
1784033018.644,2546,2.952,1.194,0.065,0.0,17.2,73.3
1784033018.644,2546,6.959,3.119,0.894,0.0,15.0,58.6
1784033018.644,2546,6.999,3.155,1.17,0.0,11.8,59.1
1784033018.644,2546,0.287,0.196,0.025,0.568,26.1,58.1
1784033018.745,2547,1.478,-0.382,0.014,0.0,16.2,62.8
1784033018.745,2547,1.673,-0.16,-0.267,0.0,11.9,63.1
1784033018.745,2547,2.91,1.294,0.018,0.0,17.0,73.5
1784033018.745,2547,6.938,3.119,1.046,0.0,15.3,58.6
1784033018.745,2547,0.313,0.345,0.116,0.243,20.4,54.9
1784033018.745,2547,0.272,0.218,-0.005,-0.325,27.3,56.8
1784033018.848,2548,1.52,-0.393,-0.03,0.0,16.3,62.8
1784033018.848,2548,1.674,-0.16,-0.257,0.0,11.8,63.4
1784033018.848,2548,2.909,1.294,0.093,0.0,17.7,73.3
1784033018.9,2549,1.52,-0.393,-0.048,0.0,16.4,62.5
1784033018.9,2549,1.672,-0.16,-0.271,0.0,11.7,63.4
1784033018.9,2549,2.91,1.294,0.02,0.0,17.1,73.4
1784033018.9,2549,6.813,3.359,1.122,0.0,12.8,59.2
1784033018.9,2549,0.334,-0.393,-0.09,0.081,12.0,63.2
1784033019.002,2550,1.52,-0.393,-0.058,0.0,16.2,62.8
1784033019.002,2550,1.673,-0.16,-0.263,0.0,11.8,63.3
1784033019.002,2550,1.053,-1.657,0.05,0.0,13.1,74.2
1784033019.002,2550,1.834,0.675,-0.189,0.0,13.1,74.2
1784033019.002,2550,2.91,1.294,0.013,0.0,17.0,73.6
1784033019.002,2550,6.843,3.359,0.92,0.0,13.2,59.0
1784033019.155,2551,1.478,-0.382,0.027,0.0,16.6,62.5
1784033019.155,2551,1.672,-0.16,-0.274,0.0,12.0,63.5
1784033019.155,2551,1.836,0.675,-0.164,0.0,13.0,74.6
1784033019.155,2551,2.91,1.294,0.01,0.0,17.0,73.6
1784033019.155,2551,0.287,0.153,0.127,0.243,17.2,59.3
1784033019.205,2552,0.277,0.442,0.049,0.0,11.7,64.6
1784033019.205,2552,1.465,-0.429,0.005,0.0,16.2,62.9
1784033019.205,2552,2.91,1.294,0.025,0.0,18.0,73.5
1784033019.205,2552,0.302,0.175,0.018,-0.081,16.2,66.7
1784033019.307,2553,1.478,-0.382,0.012,0.0,16.1,62.9
1784033019.307,2553,1.67,-0.16,-0.283,0.0,12.2,63.0
1784033019.307,2553,2.949,1.194,0.138,0.0,17.1,73.4
1784033019.307,2553,0.271,0.115,0.084,-0.325,22.5,61.8
1784033019.408,2554,1.52,-0.393,-0.039,0.0,16.7,62.4
1784033019.408,2554,1.675,-0.16,-0.254,0.0,11.2,63.4
1784033019.408,2554,2.91,1.294,0.019,0.0,17.0,73.5
1784033019.408,2554,0.38,0.21,0.204,0.081,16.7,62.8
1784033019.511,2555,0.246,-0.425,-0.284,0.0,11.8,64.7
1784033019.511,2555,1.478,-0.382,0.009,0.0,16.2,62.9
1784033019.511,2555,1.664,-0.16,-0.316,0.0,11.6,63.3
1784033019.511,2555,2.909,1.294,0.068,0.0,17.2,73.7
1784033019.511,2555,0.898,1.125,0.042,-0.243,16.7,49.7
1784033019.511,2555,0.81,1.134,0.084,-0.162,17.2,49.2
1784033019.613,2556,1.52,-0.393,-0.052,0.0,15.8,63.2
1784033019.613,2556,1.839,0.675,-0.134,0.0,13.0,74.2
1784033019.613,2556,2.91,1.294,0.052,0.0,16.4,73.5
1784033019.613,2556,6.857,3.359,0.81,0.0,12.2,59.0
1784033019.714,2557,1.52,-0.393,-0.041,0.0,17.2,61.9
1784033019.714,2557,1.677,-0.16,-0.237,0.0,12.6,62.3
1784033019.714,2557,2.91,1.294,-0.036,0.0,17.0,73.5
1784033019.714,2557,5.362,3.73,1.146,-0.162,11.5,50.7
1784033019.815,2558,1.478,-0.382,0.019,0.0,15.9,63.2
1784033019.815,2558,1.675,-0.16,-0.255,0.0,12.2,63.3
1784033019.815,2558,1.836,0.675,-0.168,0.0,13.1,74.6
1784033019.815,2558,2.91,1.294,0.033,0.0,17.2,73.4
1784033019.815,2558,0.232,0.282,0.143,0.243,17.5,60.4
1784033019.815,2558,0.308,0.131,0.098,0.325,16.8,61.1
1784033019.815,2558,5.188,3.912,1.086,-0.162,11.4,51.5
1784033019.915,2559,1.52,-0.393,-0.048,0.0,16.5,62.5
1784033019.915,2559,2.91,1.294,0.022,0.0,17.1,73.8
1784033019.915,2559,0.336,0.16,0.125,0.325,18.2,57.6
1784033019.915,2559,0.788,1.099,0.002,-0.162,11.5,50.6
1784033020.016,2560,0.318,0.245,0.171,0.0,11.7,68.1
1784033020.016,2560,0.376,-0.39,-0.168,0.0,11.5,65.8
1784033020.016,2560,1.52,-0.393,-0.05,0.0,16.2,62.8
1784033020.016,2560,2.91,1.294,0.033,0.0,17.1,73.6
1784033020.016,2560,6.837,3.359,0.965,0.0,12.0,59.2
1784033020.119,2561,0.262,-0.425,-0.269,0.0,12.1,64.2
1784033020.119,2561,1.478,-0.382,0.014,0.0,15.3,63.7
1784033020.119,2561,1.053,-1.657,0.028,0.0,13.1,74.4
1784033020.119,2561,1.831,0.675,-0.212,0.0,13.1,74.4
1784033020.119,2561,2.91,1.294,0.03,0.0,17.4,73.3
1784033020.119,2561,6.957,3.119,0.909,0.0,12.0,59.3
1784033020.119,2561,0.339,0.232,0.147,-0.081,12.0,64.9
1784033020.22,2562,1.52,-0.393,-0.054,0.0,15.1,63.9
1784033020.22,2562,2.91,1.294,0.061,0.0,17.0,73.3
1784033020.22,2562,6.953,3.119,0.945,0.0,11.3,59.0
1784033020.323,2563,1.52,-0.393,-0.059,0.0,16.8,62.3
1784033020.323,2563,2.91,1.294,0.035,0.0,16.8,73.7
1784033020.424,2564,0.25,0.282,0.11,0.0,13.1,68.4
1784033020.424,2564,1.52,-0.393,-0.039,0.0,16.3,62.7
1784033020.424,2564,1.677,-0.16,-0.24,0.0,11.7,64.0
1784033020.424,2564,2.91,1.294,0.01,0.0,17.2,73.2
1784033020.527,2565,1.671,-0.16,-0.277,0.0,11.9,62.9
1784033020.527,2565,1.836,0.675,-0.165,0.0,13.3,74.0
1784033020.527,2565,2.91,1.294,0.027,0.0,17.2,73.5
1784033020.527,2565,6.853,3.359,0.84,0.0,11.4,59.2
1784033020.628,2566,1.671,-0.16,-0.279,0.0,11.3,63.7
1784033020.628,2566,2.91,1.294,0.031,0.0,17.2,73.5
1784033020.628,2566,6.95,3.119,0.964,0.0,12.0,58.5
1784033020.628,2566,0.808,1.023,0.123,0.162,12.6,49.7
1784033020.628,2566,0.289,0.164,0.108,-0.243,11.9,57.7
1784033020.73,2567,1.478,-0.382,0.017,0.0,15.9,63.1
1784033020.73,2567,2.91,1.294,0.013,0.0,17.1,73.5
1784033020.73,2567,6.94,3.119,1.035,0.0,14.7,59.1
1784033020.73,2567,0.856,1.014,0.259,0.162,15.1,49.3
1784033020.73,2567,0.267,0.258,0.128,-0.325,12.9,56.0
1784033020.831,2568,1.669,-0.16,-0.289,0.0,12.2,63.0
1784033020.831,2568,1.054,-1.657,-0.017,0.0,13.2,74.2
1784033020.831,2568,2.91,1.294,0.042,0.0,17.0,73.7
1784033020.831,2568,6.821,3.359,1.071,0.0,15.8,58.4
1784033020.831,2568,6.974,3.155,1.313,0.0,12.0,58.9
1784033020.933,2569,1.52,-0.393,-0.044,0.0,17.5,61.5
1784033020.933,2569,1.672,-0.16,-0.273,0.0,12.8,62.6
1784033020.933,2569,1.83,0.675,-0.222,0.0,13.2,74.2
1784033020.933,2569,2.91,1.294,0.056,0.0,17.1,73.5
1784033020.933,2569,6.85,3.359,0.869,0.0,15.3,58.8
1784033021.035,2570,1.478,-0.382,0.014,0.0,16.0,63.1
1784033021.035,2570,1.666,-0.16,-0.305,0.0,11.3,63.9
1784033021.035,2570,1.054,-1.657,0.014,0.0,13.0,74.4
1784033021.035,2570,1.833,0.675,-0.202,0.0,13.0,74.4
1784033021.035,2570,2.91,1.294,0.053,0.0,17.2,73.3
1784033021.035,2570,6.954,3.119,0.931,0.0,15.1,59.1
1784033021.137,2571,1.478,-0.382,0.015,0.0,16.4,62.6
1784033021.137,2571,1.678,-0.16,-0.236,0.0,12.0,63.3
1784033021.137,2571,1.054,-1.657,0.023,0.0,13.0,74.5
1784033021.137,2571,1.83,0.675,-0.225,0.0,13.0,74.5
1784033021.137,2571,2.91,1.294,0.062,0.0,17.2,73.5
1784033021.137,2571,6.954,3.119,0.931,0.0,15.5,58.7
1784033021.137,2571,6.98,3.155,1.281,0.0,11.3,59.5
1784033021.239,2572,1.52,-0.393,-0.055,0.0,16.7,62.3
1784033021.239,2572,1.666,-0.16,-0.309,0.0,12.1,63.2
1784033021.239,2572,2.91,1.294,0.034,0.0,17.1,73.5
1784033021.239,2572,6.841,3.359,0.936,0.0,15.3,58.7
1784033021.239,2572,0.908,1.047,0.169,0.162,15.7,49.7
1784033021.34,2573,0.224,0.307,0.1,0.0,11.3,67.3
1784033021.34,2573,1.478,-0.382,0.02,0.0,16.0,63.0
1784033021.34,2573,1.678,-0.16,-0.235,0.0,11.3,63.7
1784033021.34,2573,2.91,1.294,0.049,0.0,16.9,73.7
1784033021.34,2573,6.843,3.359,0.922,0.0,15.2,58.8
1784033021.443,2574,1.465,-0.429,0.001,0.0,16.5,62.4
1784033021.443,2574,1.665,-0.16,-0.313,0.0,11.7,63.3
1784033021.443,2574,1.053,-1.657,0.043,0.0,13.0,74.4
1784033021.443,2574,1.82,0.675,-0.292,0.0,13.0,74.4
1784033021.443,2574,2.863,1.393,0.078,0.0,17.4,73.5
1784033021.443,2574,6.923,3.119,1.142,0.0,15.0,59.3
1784033021.544,2575,1.52,-0.393,-0.06,0.0,16.7,62.5
1784033021.544,2575,1.673,-0.16,-0.266,0.0,12.1,63.3
1784033021.544,2575,1.835,0.675,-0.18,0.0,12.9,74.6
1784033021.544,2575,2.905,1.294,0.169,0.0,17.3,73.3
1784033021.544,2575,6.963,3.119,0.868,0.0,15.6,58.4
1784033021.544,2575,0.244,0.307,0.021,-0.081,14.0,65.8
1784033021.596,2576,0.216,0.273,0.026,0.0,12.2,69.6
1784033021.596,2576,1.053,-1.657,0.042,0.0,13.0,74.6
1784033021.596,2576,2.91,1.294,0.028,0.0,17.4,73.3
1784033021.596,2576,6.832,3.359,1.002,0.0,15.3,59.0
1784033021.748,2577,0.325,-0.425,-0.187,0.0,11.9,64.8
1784033021.748,2577,1.478,-0.382,0.011,0.0,16.1,62.8
1784033021.748,2577,1.667,-0.16,-0.301,0.0,12.4,62.8
1784033021.748,2577,2.909,1.294,0.072,0.0,17.3,73.3
1784033021.748,2577,6.942,3.119,1.019,0.0,15.3,58.8
1784033021.748,2577,6.962,3.155,1.373,0.0,11.5,59.3
1784033021.748,2577,0.241,0.27,0.152,0.081,11.6,66.4
1784033021.849,2578,1.52,-0.393,-0.056,0.0,16.9,62.1
1784033021.849,2578,1.677,-0.16,-0.242,0.0,11.8,63.0
1784033021.849,2578,2.91,1.294,-0.037,0.0,17.8,73.3
1784033021.849,2578,6.852,3.359,0.849,0.0,15.7,58.8
1784033021.849,2578,7.004,3.155,1.141,0.0,11.2,59.4
1784033021.849,2578,0.258,0.294,0.029,0.325,18.9,60.1
1784033021.899,2579,1.52,-0.393,-0.044,0.0,16.1,62.8
1784033021.899,2579,1.667,-0.16,-0.302,0.0,11.7,63.5
1784033021.899,2579,1.831,0.675,-0.215,0.0,13.1,74.2
1784033021.899,2579,2.909,1.294,0.074,0.0,17.5,73.2
1784033021.899,2579,6.845,3.359,0.906,0.0,15.2,59.1
1784033021.899,2579,0.381,0.491,0.205,0.081,12.6,63.1
1784033022.0,2580,1.465,-0.429,0.01,0.0,15.8,63.2
1784033022.0,2580,1.673,-0.16,-0.268,0.0,11.8,63.3
1784033022.0,2580,1.805,0.736,-0.237,0.0,13.3,74.3
1784033022.0,2580,2.951,1.194,0.097,0.0,17.5,73.0
1784033022.0,2580,6.953,3.119,0.939,0.0,15.3,59.2
1784033022.0,2580,0.373,0.36,0.072,0.568,41.5,44.9
1784033022.152,2581,0.279,0.442,-0.036,0.0,19.6,65.3
1784033022.152,2581,1.465,-0.429,0.001,0.0,15.0,64.0
1784033022.152,2581,2.91,1.294,0.025,0.0,17.6,73.1
1784033022.152,2581,6.825,3.359,1.047,0.0,15.6,59.4
1784033022.152,2581,0.414,0.439,0.096,0.568,37.7,45.9
1784033022.203,2582,0.257,0.442,-0.113,0.0,17.9,65.8
1784033022.203,2582,1.668,-0.16,-0.295,0.0,11.4,63.7
1784033022.203,2582,1.838,0.675,-0.149,0.0,13.1,74.3
1784033022.203,2582,2.91,1.294,-0.018,0.0,17.5,73.6
1784033022.203,2582,6.826,3.359,1.041,0.0,14.6,59.6
1784033022.203,2582,0.452,0.458,0.27,0.162,20.0,57.7
1784033022.203,2582,0.504,0.48,0.053,0.568,35.0,45.7
1784033022.305,2583,1.478,-0.382,0.013,0.0,15.7,63.4
1784033022.305,2583,1.667,-0.16,-0.303,0.0,11.6,63.7
1784033022.305,2583,1.833,0.675,-0.197,0.0,12.8,74.6
1784033022.305,2583,2.91,1.294,-0.005,0.0,17.2,73.5
1784033022.305,2583,6.824,3.359,1.052,0.0,14.0,59.7
1784033022.305,2583,0.499,0.48,0.09,0.406,28.5,47.1
1784033022.406,2584,0.584,0.515,0.101,0.0,16.9,62.9
1784033022.406,2584,1.52,-0.393,-0.051,0.0,16.2,62.8
1784033022.406,2584,1.669,-0.16,-0.29,0.0,11.4,63.9
1784033022.406,2584,2.91,1.294,0.022,0.0,17.2,73.7
1784033022.406,2584,6.833,3.359,0.99,0.0,14.3,59.4
1784033022.406,2584,0.456,0.389,0.264,0.081,20.8,63.0
1784033022.507,2585,1.52,-0.393,-0.045,0.0,15.6,63.5
1784033022.507,2585,1.668,-0.16,-0.296,0.0,11.4,63.8
1784033022.507,2585,2.91,1.294,0.032,0.0,16.9,73.4
1784033022.507,2585,6.828,3.359,1.03,0.0,14.9,58.9
1784033022.507,2585,0.418,0.389,0.32,0.081,17.6,66.1
1784033022.507,2585,0.617,0.544,0.104,0.162,12.9,59.8
1784033022.612,2586,1.52,-0.393,-0.049,0.0,16.1,62.8
1784033022.612,2586,1.67,-0.16,-0.286,0.0,11.8,63.3
1784033022.612,2586,1.818,0.736,-0.083,0.0,13.6,74.3
1784033022.612,2586,2.91,1.294,0.009,0.0,17.3,73.3
1784033022.612,2586,6.836,3.359,0.975,0.0,14.9,59.2
1784033022.612,2586,0.463,0.389,0.252,0.081,18.0,65.1
1784033022.714,2587,1.52,-0.393,-0.042,0.0,14.9,64.0
1784033022.714,2587,2.951,1.194,0.082,0.0,16.4,73.9
1784033022.714,2587,6.843,3.359,0.921,0.0,14.6,59.5
1784033022.714,2587,0.278,0.425,-0.126,0.081,13.3,68.7
1784033022.714,2587,0.412,0.409,0.302,0.081,15.0,66.0
1784033022.817,2588,0.297,0.479,-0.068,0.0,16.7,69.6
1784033022.817,2588,1.52,-0.393,-0.046,0.0,14.9,64.2
1784033022.817,2588,1.81,0.736,-0.187,0.0,13.3,74.6
1784033022.817,2588,2.91,1.294,0.021,0.0,16.9,73.9
1784033022.817,2588,6.834,3.359,0.989,0.0,14.7,59.4
1784033022.817,2588,0.473,0.48,0.182,0.081,15.7,64.6
1784033022.817,2588,0.598,0.57,0.073,0.081,14.6,62.3
1784033022.918,2589,0.304,0.479,-0.018,0.0,18.4,68.7
1784033022.918,2589,1.52,-0.393,-0.05,0.0,14.9,63.9
1784033022.918,2589,2.952,1.194,0.059,0.0,17.1,73.5
1784033022.918,2589,6.824,3.359,1.051,0.0,14.8,59.3
1784033022.918,2589,0.535,0.393,0.217,0.081,15.2,63.4
1784033022.918,2589,2.486,-3.01,0.931,0.162,17.9,53.7
1784033023.019,2590,0.283,0.479,-0.113,0.0,16.5,68.2
1784033023.019,2590,0.431,0.436,0.334,0.0,13.7,66.0
1784033023.019,2590,1.465,-0.429,0.004,0.0,14.6,64.5
1784033023.019,2590,1.812,0.736,-0.167,0.0,13.2,74.4
1784033023.019,2590,2.91,1.294,0.013,0.0,17.3,73.1
1784033023.019,2590,6.838,3.359,0.961,0.0,14.9,59.5
1784033023.019,2590,2.453,-3.01,1.015,0.243,17.4,50.6
1784033023.12,2591,0.303,0.479,-0.025,0.0,17.9,67.1
1784033023.12,2591,2.91,1.294,0.033,0.0,17.2,73.5
1784033023.12,2591,6.844,3.359,0.915,0.0,15.3,59.0
1784033023.12,2591,0.482,0.458,0.212,-0.081,21.9,63.3
1784033023.223,2592,1.52,-0.393,-0.037,0.0,16.5,62.5
1784033023.223,2592,1.674,-0.16,-0.262,0.0,11.4,63.7
1784033023.223,2592,2.952,1.194,0.044,0.0,17.8,73.0
1784033023.223,2592,6.938,3.119,1.048,0.0,15.0,59.1
1784033023.223,2592,0.458,0.429,0.184,-0.081,21.1,62.3
1784033023.325,2593,0.393,0.47,0.23,0.0,17.5,65.7
1784033023.325,2593,1.053,-1.657,0.033,0.0,13.1,74.4
1784033023.325,2593,1.838,0.675,-0.147,0.0,13.1,74.4
1784033023.325,2593,2.952,1.194,0.074,0.0,17.0,73.7
1784033023.325,2593,6.941,3.119,1.023,0.0,14.2,59.4
1784033023.426,2594,1.671,-0.16,-0.276,0.0,12.1,63.0
1784033023.426,2594,2.91,1.294,0.041,0.0,17.2,73.5
1784033023.426,2594,6.94,3.119,1.035,0.0,14.7,59.1
1784033023.426,2594,0.374,0.511,0.164,0.081,18.4,62.2
1784033023.426,2594,0.467,0.709,-0.201,0.162,14.1,54.0
1784033023.527,2595,1.52,-0.393,-0.048,0.0,16.6,62.3
1784033023.527,2595,1.674,-0.16,-0.262,0.0,11.9,63.2
1784033023.527,2595,2.91,1.294,0.048,0.0,17.3,73.3
1784033023.527,2595,6.82,3.359,1.076,0.0,14.1,59.7
1784033023.527,2595,0.418,0.638,0.186,0.162,16.9,52.5
1784033023.527,2595,0.566,0.716,-0.079,0.243,12.5,53.3
1784033023.527,2595,4.885,3.083,0.552,0.243,15.6,50.4
1784033023.527,2595,0.525,0.627,-0.303,0.325,17.8,50.8
1784033023.629,2596,1.478,-0.382,0.016,0.0,16.8,62.3
1784033023.629,2596,1.673,-0.16,-0.265,0.0,12.6,62.7
1784033023.629,2596,2.91,1.294,0.038,0.0,17.1,73.6
1784033023.629,2596,6.937,3.119,1.05,0.0,14.9,59.3
1784033023.629,2596,4.83,3.106,1.096,0.162,13.2,50.1
1784033023.629,2596,0.604,0.687,-0.05,0.325,15.0,51.9
1784033023.629,2596,0.403,-0.511,0.069,-0.649,30.9,44.6
1784033023.731,2597,1.52,-0.393,-0.058,0.0,16.6,62.3
1784033023.731,2597,1.671,-0.16,-0.276,0.0,11.9,63.2
1784033023.731,2597,1.836,0.675,-0.166,0.0,13.2,74.3
1784033023.731,2597,2.91,1.294,0.044,0.0,17.1,73.5
1784033023.731,2597,6.842,3.359,0.93,0.0,14.3,60.3
1784033023.731,2597,1.87,-1.689,0.524,-0.649,15.6,50.4
1784033023.832,2598,1.465,-0.429,0.009,0.0,16.7,62.2
1784033023.832,2598,1.671,-0.16,-0.281,0.0,12.0,63.1
1784033023.832,2598,1.836,0.675,-0.169,0.0,13.2,74.4
1784033023.832,2598,2.91,1.294,0.049,0.0,17.1,73.5
1784033023.832,2598,6.862,3.359,0.77,0.0,14.9,59.7
1784033023.832,2598,3.736,-2.601,0.812,-0.649,13.1,50.7
1784033023.934,2599,1.465,-0.429,0.026,0.0,16.8,62.3
1784033023.934,2599,1.673,-0.16,-0.264,0.0,11.9,63.2
1784033023.934,2599,1.835,0.675,-0.183,0.0,13.1,74.5
1784033023.934,2599,2.91,1.294,0.046,0.0,17.1,73.6
1784033023.934,2599,6.943,3.119,1.013,0.0,14.6,59.4
1784033024.035,2600,1.672,-0.16,-0.274,0.0,12.1,62.9
1784033024.035,2600,1.836,0.675,-0.164,0.0,13.2,74.3
1784033024.035,2600,2.91,1.294,0.043,0.0,17.1,73.5
1784033024.035,2600,6.861,3.359,0.779,0.0,14.9,60.2
1784033024.136,2601,1.673,-0.16,-0.266,0.0,12.0,63.1
1784033024.136,2601,1.836,0.675,-0.171,0.0,13.2,74.4
1784033024.136,2601,2.91,1.294,0.044,0.0,17.1,73.6
1784033024.136,2601,6.849,3.359,0.872,0.0,15.1,59.8
1784033024.238,2602,1.465,-0.429,0.023,0.0,16.4,62.5
1784033024.238,2602,1.672,-0.16,-0.275,0.0,12.4,62.9
1784033024.238,2602,1.834,0.675,-0.186,0.0,13.3,74.2
1784033024.238,2602,2.91,1.294,0.044,0.0,17.0,73.7
1784033024.238,2602,6.86,3.359,0.784,0.0,15.3,60.0
1784033024.238,2602,1.003,0.031,0.001,0.243,15.8,47.6
1784033024.238,2602,2.897,-3.436,0.887,0.243,15.4,52.1
1784033024.341,2603,1.52,-0.393,-0.039,0.0,16.4,62.4
1784033024.341,2603,1.672,-0.16,-0.271,0.0,11.7,63.3
1784033024.341,2603,1.836,0.675,-0.172,0.0,13.3,74.3
1784033024.341,2603,2.91,1.294,0.039,0.0,17.1,73.6
1784033024.341,2603,6.853,3.359,0.842,0.0,14.5,60.0
1784033024.341,2603,2.754,-3.613,0.867,0.162,15.9,53.3
1784033024.443,2604,1.52,-0.393,-0.047,0.0,16.2,62.6
1784033024.443,2604,1.671,-0.106,-0.301,0.0,11.9,63.0
1784033024.443,2604,1.836,0.675,-0.165,0.0,13.4,74.2
1784033024.443,2604,2.91,1.294,0.048,0.0,16.9,73.8
1784033024.443,2604,6.857,3.359,0.813,0.0,14.6,60.1
1784033024.544,2605,1.478,-0.382,0.021,0.0,15.8,63.1
1784033024.544,2605,1.67,-0.16,-0.282,0.0,12.2,63.0
1784033024.544,2605,1.835,0.675,-0.18,0.0,13.2,74.4
1784033024.544,2605,2.91,1.294,0.047,0.0,17.2,73.5
1784033024.544,2605,6.848,3.359,0.884,0.0,15.7,59.4
1784033024.595,2606,1.465,-0.429,0.019,0.0,15.6,63.4
1784033024.595,2606,1.673,-0.16,-0.269,0.0,11.5,63.6
1784033024.595,2606,2.91,1.294,0.043,0.0,17.2,73.5
1784033024.595,2606,6.862,3.359,0.769,0.0,14.0,60.7
1784033024.747,2607,1.52,-0.393,-0.042,0.0,15.6,63.3
1784033024.747,2607,1.836,0.675,-0.167,0.0,13.3,74.2
1784033024.747,2607,2.91,1.294,0.04,0.0,17.2,73.4
1784033024.747,2607,6.853,3.359,0.842,0.0,14.5,60.3
1784033024.849,2608,1.52,-0.393,-0.046,0.0,16.5,62.4
1784033024.849,2608,1.672,-0.16,-0.274,0.0,11.9,63.3
1784033024.849,2608,2.91,1.294,0.047,0.0,17.2,73.5
1784033024.849,2608,6.852,3.359,0.848,0.0,15.2,59.8
1784033024.899,2609,1.52,-0.393,-0.043,0.0,16.7,62.2
1784033024.899,2609,1.675,-0.16,-0.255,0.0,12.4,62.8
1784033024.899,2609,2.91,1.294,0.043,0.0,17.1,73.5
1784033024.899,2609,6.849,3.359,0.872,0.0,14.9,60.2
1784033025.001,2610,1.52,-0.393,-0.046,0.0,16.6,62.3
1784033025.001,2610,1.674,-0.16,-0.261,0.0,11.9,63.1
1784033025.001,2610,1.836,0.675,-0.168,0.0,13.2,74.3
1784033025.001,2610,2.91,1.294,0.045,0.0,17.1,73.6
1784033025.001,2610,6.853,3.359,0.844,0.0,14.2,60.3
1784033025.001,2610,1.842,-2.164,-0.994,-0.243,12.7,53.8
1784033025.153,2611,1.52,-0.393,-0.042,0.0,16.7,62.2
1784033025.153,2611,1.674,-0.16,-0.261,0.0,12.0,63.1
1784033025.153,2611,1.835,0.675,-0.177,0.0,13.3,74.4
1784033025.153,2611,2.91,1.294,0.045,0.0,17.1,73.5
1784033025.153,2611,6.852,3.359,0.85,0.0,14.6,60.0
1784033025.204,2612,1.52,-0.393,-0.043,0.0,16.7,62.1
1784033025.204,2612,1.672,-0.16,-0.271,0.0,12.0,63.1
1784033025.204,2612,1.835,0.675,-0.176,0.0,13.2,74.4
1784033025.204,2612,2.91,1.294,0.046,0.0,17.0,73.6
1784033025.204,2612,6.854,3.359,0.832,0.0,15.6,59.7
1784033025.305,2613,1.52,-0.393,-0.039,0.0,16.6,62.2
1784033025.305,2613,1.671,-0.16,-0.278,0.0,12.1,63.1
1784033025.305,2613,1.836,0.675,-0.169,0.0,13.3,74.3
1784033025.305,2613,2.91,1.294,0.044,0.0,17.1,73.5
1784033025.305,2613,6.854,3.359,0.839,0.0,15.5,59.6
1784033025.305,2613,4.879,3.083,0.606,-0.162,11.7,51.8
1784033025.407,2614,1.52,-0.393,-0.042,0.0,16.7,62.2
1784033025.407,2614,1.672,-0.16,-0.273,0.0,12.1,63.0
1784033025.407,2614,1.835,0.675,-0.176,0.0,13.2,74.4
1784033025.407,2614,2.91,1.294,0.043,0.0,17.0,73.7
1784033025.407,2614,6.956,3.119,0.922,0.0,14.7,59.8
1784033025.407,2614,2.744,-3.545,0.7,-0.568,12.5,51.3
1784033025.507,2615,1.52,-0.393,-0.052,0.0,16.6,62.3
1784033025.507,2615,1.67,-0.16,-0.282,0.0,12.0,63.2
1784033025.507,2615,1.835,0.675,-0.179,0.0,13.2,74.4
1784033025.507,2615,2.952,1.194,0.072,0.0,17.0,73.7
1784033025.507,2615,6.851,3.359,0.861,0.0,14.8,59.9
1784033025.609,2616,1.52,-0.393,-0.051,0.0,16.1,62.7
1784033025.609,2616,1.671,-0.16,-0.279,0.0,11.9,63.3
1784033025.609,2616,1.836,0.675,-0.171,0.0,13.3,74.2
1784033025.609,2616,2.91,1.294,0.04,0.0,17.1,73.6
1784033025.609,2616,6.852,3.359,0.85,0.0,15.4,58.9
1784033025.609,2616,4.184,-2.847,0.045,-0.162,12.9,53.4
1784033025.711,2617,1.465,-0.429,0.002,0.0,16.0,63.0
1784033025.711,2617,1.671,-0.16,-0.275,0.0,11.9,63.2
1784033025.711,2617,2.91,1.294,0.04,0.0,17.2,73.4
1784033025.711,2617,6.839,3.359,0.951,0.0,14.7,59.6
1784033025.813,2618,1.465,-0.429,0.009,0.0,16.2,62.8
1784033025.813,2618,1.673,-0.16,-0.264,0.0,11.8,63.4
1784033025.813,2618,2.91,1.294,0.042,0.0,17.1,73.6
1784033025.813,2618,6.834,3.359,0.985,0.0,15.2,58.8
1784033025.914,2619,1.465,-0.429,-0.002,0.0,15.9,63.2
1784033025.914,2619,1.671,-0.16,-0.28,0.0,12.0,63.1
1784033025.914,2619,2.91,1.294,0.043,0.0,17.2,73.4
1784033025.914,2619,6.947,3.119,0.984,0.0,15.0,58.9
1784033025.914,2619,0.42,0.663,0.029,-0.081,12.1,59.7
1784033026.015,2620,1.465,-0.429,-0.004,0.0,15.6,63.4
1784033026.015,2620,1.67,-0.16,-0.285,0.0,11.6,63.5
1784033026.015,2620,2.91,1.294,0.046,0.0,17.2,73.5
1784033026.015,2620,6.839,3.359,0.954,0.0,14.8,59.4
1784033026.116,2621,1.465,-0.429,0.003,0.0,15.6,63.4
1784033026.116,2621,1.67,-0.16,-0.282,0.0,11.3,63.8
1784033026.116,2621,1.837,0.675,-0.157,0.0,13.2,74.3
1784033026.116,2621,2.91,1.294,0.047,0.0,17.1,73.6
1784033026.116,2621,6.945,3.119,0.998,0.0,15.1,58.8
1784033026.116,2621,6.937,3.155,1.497,0.0,11.4,59.6
1784033026.218,2622,1.465,-0.429,-0.008,0.0,16.0,62.9
1784033026.218,2622,1.67,-0.16,-0.283,0.0,11.7,63.5
1784033026.218,2622,1.834,0.675,-0.187,0.0,13.1,74.4
1784033026.218,2622,2.91,1.294,0.04,0.0,17.2,73.5
1784033026.218,2622,6.955,3.119,0.93,0.0,14.9,59.3
1784033026.322,2623,1.465,-0.429,0.005,0.0,15.8,63.2
1784033026.322,2623,1.669,-0.16,-0.288,0.0,11.7,63.4
1784033026.322,2623,1.835,0.675,-0.177,0.0,13.1,74.3
1784033026.322,2623,2.91,1.294,0.038,0.0,17.2,73.5
1784033026.322,2623,6.85,3.359,0.871,0.0,14.5,59.9
1784033026.422,2624,1.465,-0.429,0.01,0.0,16.0,63.0
1784033026.422,2624,1.671,-0.16,-0.281,0.0,11.3,63.8
1784033026.422,2624,1.835,0.675,-0.182,0.0,13.1,74.4
1784033026.422,2624,2.91,1.294,0.038,0.0,17.0,73.7
1784033026.422,2624,6.854,3.359,0.837,0.0,15.4,59.0
1784033026.525,2625,1.52,-0.393,-0.046,0.0,16.2,62.7
1784033026.525,2625,1.666,-0.16,-0.309,0.0,11.9,63.2
1784033026.525,2625,1.839,0.675,-0.126,0.0,13.3,74.2
1784033026.525,2625,2.91,1.294,0.04,0.0,16.9,73.8
1784033026.525,2625,6.851,3.359,0.859,0.0,14.3,60.0
1784033026.627,2626,1.465,-0.429,0.002,0.0,16.0,62.9
1784033026.627,2626,1.668,-0.16,-0.296,0.0,12.0,63.0
1784033026.627,2626,1.837,0.675,-0.151,0.0,13.3,74.2
1784033026.627,2626,2.91,1.294,0.04,0.0,17.1,73.6
1784033026.627,2626,6.852,3.359,0.851,0.0,15.2,59.1
1784033026.727,2627,1.465,-0.429,0.01,0.0,15.5,63.4
1784033026.727,2627,1.673,-0.16,-0.264,0.0,11.7,63.4
1784033026.727,2627,1.832,0.675,-0.205,0.0,13.1,74.5
1784033026.727,2627,2.91,1.294,0.038,0.0,16.9,73.7
1784033026.727,2627,6.839,3.359,0.954,0.0,14.5,59.7
1784033026.83,2628,1.52,-0.393,-0.051,0.0,16.4,62.5
1784033026.83,2628,1.675,-0.16,-0.254,0.0,11.9,63.2
1784033026.83,2628,1.837,0.675,-0.162,0.0,13.2,74.2
1784033026.83,2628,2.91,1.294,0.05,0.0,17.2,73.5
1784033026.83,2628,6.832,3.359,0.998,0.0,14.7,59.7
1784033026.931,2629,1.671,-0.16,-0.278,0.0,12.0,63.0
1784033026.931,2629,1.836,0.675,-0.168,0.0,13.4,74.0
1784033026.931,2629,2.91,1.294,0.045,0.0,17.1,73.6
1784033026.931,2629,6.853,3.359,0.842,0.0,14.6,59.7
1784033027.032,2630,1.465,-0.429,0.004,0.0,16.3,62.6
1784033027.032,2630,1.671,-0.16,-0.28,0.0,12.1,63.0
1784033027.032,2630,1.836,0.675,-0.167,0.0,13.4,74.2
1784033027.032,2630,2.91,1.294,0.046,0.0,17.0,73.7
1784033027.032,2630,6.857,3.359,0.812,0.0,15.4,59.1
1784033027.135,2631,1.465,-0.429,0.011,0.0,16.5,62.5
1784033027.135,2631,1.669,-0.16,-0.288,0.0,12.2,63.1
1784033027.135,2631,1.836,0.675,-0.173,0.0,13.1,74.4
1784033027.135,2631,2.91,1.294,0.046,0.0,17.1,73.6
1784033027.135,2631,6.843,3.359,0.924,0.0,14.8,59.7
1784033027.237,2632,1.52,-0.393,-0.041,0.0,16.6,62.3
1784033027.237,2632,1.671,-0.16,-0.28,0.0,11.8,63.2
1784033027.237,2632,1.837,0.675,-0.156,0.0,13.2,74.2
1784033027.237,2632,2.91,1.294,0.046,0.0,17.1,73.6
1784033027.237,2632,6.862,3.359,0.771,0.0,14.5,60.0
1784033027.337,2633,1.52,-0.393,-0.05,0.0,16.8,62.0
1784033027.337,2633,1.671,-0.16,-0.277,0.0,12.3,62.8
1784033027.337,2633,1.836,0.675,-0.163,0.0,13.2,74.2
1784033027.337,2633,2.91,1.294,0.049,0.0,17.1,73.6
1784033027.337,2633,6.845,3.359,0.907,0.0,14.8,59.7
1784033027.337,2633,0.516,0.682,-0.173,0.243,18.2,47.8
1784033027.438,2634,1.52,-0.393,-0.045,0.0,16.4,62.4
1784033027.438,2634,1.672,-0.16,-0.27,0.0,11.9,63.2
1784033027.438,2634,1.053,-1.657,0.03,0.0,13.4,74.2
1784033027.438,2634,1.835,0.675,-0.18,0.0,13.4,74.2
1784033027.438,2634,2.91,1.294,0.048,0.0,17.2,73.5
1784033027.438,2634,6.85,3.359,0.867,0.0,15.2,59.7
1784033027.54,2635,1.52,-0.393,-0.055,0.0,16.8,62.0
1784033027.54,2635,1.673,-0.16,-0.265,0.0,12.1,62.9
1784033027.54,2635,1.836,0.675,-0.172,0.0,13.2,74.3
1784033027.54,2635,2.91,1.294,0.046,0.0,17.1,73.6
1784033027.54,2635,6.855,3.359,0.829,0.0,15.1,60.0
1784033027.642,2636,1.52,-0.393,-0.047,0.0,16.9,61.9
1784033027.642,2636,1.671,-0.16,-0.276,0.0,12.2,62.8
1784033027.642,2636,1.053,-1.657,0.032,0.0,13.2,74.3
1784033027.642,2636,1.836,0.675,-0.167,0.0,13.2,74.3
1784033027.642,2636,2.91,1.294,0.049,0.0,17.1,73.6
1784033027.642,2636,6.853,3.359,0.841,0.0,16.0,59.5
1784033027.744,2637,1.52,-0.393,-0.047,0.0,16.5,62.4
1784033027.744,2637,1.669,-0.16,-0.287,0.0,12.0,63.0
1784033027.744,2637,1.836,0.675,-0.172,0.0,13.2,74.3
1784033027.744,2637,2.91,1.294,0.045,0.0,17.1,73.6
1784033027.744,2637,6.868,3.359,0.713,0.0,14.6,60.0
1784033027.844,2638,1.465,-0.429,0.014,0.0,15.7,63.3
1784033027.844,2638,1.668,-0.16,-0.295,0.0,11.5,63.5
1784033027.844,2638,1.837,0.675,-0.162,0.0,13.2,74.4
1784033027.844,2638,2.91,1.294,0.044,0.0,17.2,73.5
1784033027.844,2638,6.859,3.359,0.795,0.0,15.8,59.8
1784033027.896,2639,1.465,-0.429,0.016,0.0,15.7,63.3
1784033027.896,2639,1.836,0.675,-0.17,0.0,13.1,74.4
1784033027.896,2639,2.91,1.294,0.047,0.0,17.0,73.6
1784033027.896,2639,6.946,3.119,0.994,0.0,13.5,60.4
1784033028.049,2640,1.465,-0.429,0.011,0.0,13.8,65.1
1784033028.049,2640,1.837,0.675,-0.16,0.0,13.2,74.3
1784033028.049,2640,2.91,1.294,0.046,0.0,17.4,73.3
1784033028.049,2640,6.959,3.119,0.894,0.0,13.2,60.6
1784033028.151,2641,1.465,-0.429,0.007,0.0,14.6,64.4
1784033028.151,2641,1.836,0.675,-0.169,0.0,13.2,74.3
1784033028.151,2641,2.91,1.294,0.045,0.0,17.3,73.4
1784033028.151,2641,6.96,3.119,0.885,0.0,13.9,60.0
1784033028.201,2642,1.836,0.675,-0.168,0.0,13.3,74.2
1784033028.201,2642,2.91,1.294,0.044,0.0,17.2,73.5
1784033028.201,2642,6.952,3.119,0.949,0.0,14.1,59.8
1784033028.301,2643,1.465,-0.429,0.017,0.0,14.6,64.4
1784033028.301,2643,1.837,0.675,-0.162,0.0,13.3,74.2
1784033028.301,2643,2.91,1.294,0.046,0.0,17.2,73.5
1784033028.301,2643,6.847,3.359,0.889,0.0,14.7,59.6
1784033028.453,2644,1.52,-0.393,-0.057,0.0,16.2,62.6
1784033028.453,2644,1.672,-0.16,-0.273,0.0,11.6,63.3
1784033028.453,2644,1.837,0.675,-0.16,0.0,13.3,74.2
1784033028.453,2644,2.91,1.294,0.046,0.0,17.1,73.6
1784033028.453,2644,6.856,3.359,0.82,0.0,16.0,59.7
1784033028.504,2645,1.465,-0.429,0.012,0.0,16.3,62.8
1784033028.504,2645,1.673,-0.16,-0.266,0.0,11.9,63.0
1784033028.504,2645,1.836,0.675,-0.166,0.0,13.1,74.4
1784033028.504,2645,2.91,1.294,0.049,0.0,17.1,73.6
1784033028.504,2645,6.954,3.119,0.935,0.0,14.2,59.6
1784033028.605,2646,1.465,-0.429,0.016,0.0,16.3,62.7
1784033028.605,2646,1.671,-0.16,-0.279,0.0,11.7,63.2
1784033028.605,2646,1.836,0.675,-0.163,0.0,13.2,74.3
1784033028.605,2646,2.91,1.294,0.047,0.0,17.2,73.5
1784033028.605,2646,6.862,3.359,0.767,0.0,14.6,60.1
1784033028.709,2647,1.478,-0.382,0.023,0.0,16.4,62.6
1784033028.709,2647,1.673,-0.16,-0.265,0.0,11.7,63.2
1784033028.709,2647,1.837,0.675,-0.154,0.0,13.2,74.2
1784033028.709,2647,2.91,1.294,0.047,0.0,17.1,73.6
1784033028.709,2647,6.847,3.359,0.892,0.0,14.8,59.4
1784033028.709,2647,5.119,4.466,0.412,-0.162,11.4,49.8
1784033028.811,2648,1.52,-0.393,-0.034,0.0,16.2,62.6
1784033028.811,2648,1.673,-0.16,-0.268,0.0,11.5,63.5
1784033028.811,2648,1.836,0.675,-0.168,0.0,13.3,74.3
1784033028.811,2648,2.91,1.294,0.049,0.0,17.2,73.5
1784033028.811,2648,6.852,3.359,0.85,0.0,15.0,59.6
1784033028.912,2649,1.672,-0.16,-0.273,0.0,11.7,63.3
1784033028.912,2649,1.837,0.675,-0.161,0.0,13.3,74.2
1784033028.912,2649,2.91,1.294,0.046,0.0,17.0,73.7
1784033028.912,2649,6.952,3.119,0.946,0.0,15.2,59.1
1784033028.912,2649,2.866,-3.613,0.344,-0.649,11.7,50.5
1784033029.012,2650,1.465,-0.429,-0.001,0.0,16.3,62.7
1784033029.012,2650,1.67,-0.16,-0.284,0.0,11.7,63.3
1784033029.012,2650,2.91,1.294,0.048,0.0,17.1,73.6
1784033029.012,2650,6.849,3.359,0.878,0.0,15.1,59.6
1784033029.113,2651,1.465,-0.429,0.004,0.0,16.4,62.6
1784033029.113,2651,1.671,-0.16,-0.279,0.0,11.8,63.2
1784033029.113,2651,1.836,0.675,-0.17,0.0,13.2,74.3
1784033029.113,2651,2.91,1.294,0.047,0.0,17.2,73.5
1784033029.113,2651,6.953,3.119,0.94,0.0,14.4,59.4
1784033029.113,2651,2.593,-3.34,0.631,-0.568,16.2,51.5
1784033029.113,2651,4.763,3.289,0.821,-0.162,12.1,51.0
1784033029.216,2652,1.465,-0.429,-0.002,0.0,16.4,62.7
1784033029.216,2652,1.672,-0.16,-0.272,0.0,11.8,63.3
1784033029.216,2652,1.836,0.675,-0.166,0.0,13.1,74.3
1784033029.216,2652,2.91,1.294,0.044,0.0,17.2,73.5
1784033029.216,2652,6.83,3.359,1.014,0.0,15.4,58.5
1784033029.216,2652,0.535,0.368,0.081,0.568,28.8,45.9
1784033029.319,2653,1.465,-0.429,0.001,0.0,16.2,62.9
1784033029.319,2653,1.671,-0.16,-0.275,0.0,11.4,63.5
1784033029.319,2653,2.91,1.294,0.04,0.0,17.6,73.2
1784033029.319,2653,6.841,3.359,0.935,0.0,15.0,59.2
1784033029.319,2653,0.513,0.324,0.067,0.406,40.9,48.7
1784033029.421,2654,1.465,-0.429,0.004,0.0,16.2,62.9
1784033029.421,2654,1.671,-0.16,-0.277,0.0,11.4,63.7
1784033029.421,2654,2.91,1.294,0.033,0.0,17.5,73.2
1784033029.421,2654,6.84,3.359,0.944,0.0,14.9,59.3
1784033029.522,2655,1.465,-0.429,0.011,0.0,16.0,63.1
1784033029.522,2655,1.669,-0.16,-0.29,0.0,11.7,63.2
1784033029.522,2655,1.047,-1.657,0.122,0.0,12.8,74.3
1784033029.522,2655,2.91,1.294,0.019,0.0,19.0,73.1
1784033029.522,2655,6.854,3.359,0.837,0.0,14.6,59.2
1784033029.522,2655,0.375,0.098,0.063,0.081,18.3,63.7
1784033029.522,2655,0.364,0.135,0.06,0.325,27.3,56.9
1784033029.522,2655,2.853,2.73,0.416,-0.243,14.3,55.0
1784033029.624,2656,7.796,1.497,0.853,0.0,11.2,60.2
1784033029.624,2656,0.25,0.24,0.044,-0.649,19.0,57.2
1784033029.624,2656,0.605,0.573,0.259,-0.162,11.9,54.8
1784033029.624,2656,0.258,0.405,0.002,-0.081,19.0,65.8
1784033029.624,2656,0.356,0.496,-0.019,-0.081,13.0,63.6
1784033029.724,2657,1.52,-0.393,-0.043,0.0,17.7,61.8
1784033029.724,2657,1.679,-0.16,-0.223,0.0,11.9,63.3
1784033029.724,2657,0.218,0.21,0.043,-0.162,14.8,66.7
1784033029.724,2657,0.231,0.39,0.158,-0.081,17.0,66.3
1784033029.826,2658,1.506,-0.442,-0.059,0.0,16.6,62.6
1784033029.826,2658,1.675,-0.16,-0.255,0.0,11.6,63.9
1784033029.826,2658,0.257,0.405,-0.023,-0.081,20.3,65.2
1784033029.928,2659,0.257,0.405,0.016,0.0,20.9,67.1
1784033029.928,2659,1.507,-0.442,-0.015,0.0,16.1,63.6
1784033029.928,2659,1.037,-1.657,0.188,0.0,14.0,74.3
1784033030.03,2660,0.251,0.405,0.057,0.0,15.1,66.7
1784033030.03,2660,1.532,-0.344,-0.033,0.0,14.2,63.1
1784033030.03,2660,1.412,0.098,-0.68,0.0,14.2,63.1
1784033030.03,2660,1.682,-0.16,-0.203,0.0,11.3,64.3
1784033030.131,2661,0.314,0.477,0.216,0.0,11.8,66.8
1784033030.131,2661,1.478,-0.382,-0.009,0.0,13.1,64.3
1784033030.131,2661,1.645,-0.213,-0.377,0.0,12.1,64.4
1784033030.232,2662,1.505,-0.239,-0.105,0.0,13.3,62.8
1784033030.232,2662,1.63,-0.106,-0.476,0.0,13.1,62.0
1784033030.232,2662,0.25,-0.065,0.041,0.406,21.0,61.7
1784033030.335,2663,1.473,-0.382,-0.123,0.0,14.0,62.6
1784033030.335,2663,1.413,0.048,0.576,0.0,14.0,62.6
1784033030.335,2663,1.647,-0.16,-0.395,0.0,13.1,62.8
1784033030.335,2663,0.285,0.33,0.2,0.081,17.6,65.4
1784033030.335,2663,0.232,0.082,0.089,0.243,21.4,67.9
1784033030.435,2664,1.507,-0.442,-0.005,0.0,15.7,62.7
1784033030.435,2664,0.296,0.067,0.036,0.243,20.6,67.6
1784033030.435,2664,0.575,0.266,0.163,0.243,15.0,57.6
1784033030.537,2665,1.515,-0.393,-0.131,0.0,15.5,63.5
1784033030.537,2665,0.314,0.153,-0.002,0.243,26.7,65.0
1784033030.639,2666,0.288,0.33,0.196,0.0,15.3,67.6
1784033030.639,2666,1.521,-0.393,0.015,0.0,16.4,62.7
1784033030.639,2666,1.658,-0.16,-0.346,0.0,11.5,63.0
1784033030.639,2666,3.04,1.009,0.402,0.0,13.0,71.8
1784033030.639,2666,0.302,0.175,-0.021,0.243,24.5,63.1
1784033030.741,2667,0.293,0.185,0.037,0.0,16.1,72.2
1784033030.741,2667,1.521,-0.393,-0.025,0.0,16.8,62.2
1784033030.741,2667,1.658,-0.16,-0.345,0.0,12.8,62.8
1784033030.741,2667,1.027,-1.693,0.325,0.0,11.6,75.2
1784033030.741,2667,3.006,1.11,0.391,0.0,15.0,73.4
1784033030.741,2667,6.947,2.879,1.552,0.0,11.3,60.2
1784033030.843,2668,0.206,0.262,0.104,0.0,12.2,71.3
1784033030.843,2668,0.284,0.153,-0.134,0.0,12.2,71.3
1784033030.843,2668,1.521,-0.393,0.01,0.0,16.8,62.2
1784033030.843,2668,1.637,-0.16,-0.437,0.0,13.1,62.5
1784033030.843,2668,1.644,0.671,-0.217,0.0,12.0,66.7
1784033030.843,2668,1.801,0.66,-0.072,0.0,14.5,72.6
1784033030.843,2668,1.025,-1.62,-0.106,0.0,14.5,72.6
1784033030.843,2668,2.862,1.393,0.114,0.0,21.8,73.7
1784033030.843,2668,6.84,3.359,0.942,0.0,17.6,59.6
1784033030.843,2668,0.427,0.372,0.025,-0.081,15.9,63.0
1784033030.945,2669,1.52,-0.393,-0.028,0.0,16.8,62.2
1784033030.945,2669,1.768,0.72,-0.205,0.0,14.5,72.9
1784033030.945,2669,2.862,1.393,0.101,0.0,20.1,73.6
1784033030.945,2669,6.952,3.119,0.95,0.0,17.8,58.4
1784033030.945,2669,0.263,0.196,0.119,-0.081,12.5,67.1
1784033031.047,2670,1.521,-0.393,-0.016,0.0,17.5,61.4
1784033031.047,2670,1.654,0.671,-0.12,0.0,12.7,66.5
1784033031.047,2670,1.773,0.72,-0.149,0.0,15.4,72.3
1784033031.047,2670,2.861,1.393,0.12,0.0,20.2,73.6
1784033031.047,2670,6.916,3.119,1.18,0.0,17.2,60.0
1784033031.047,2670,0.263,0.229,0.014,-0.081,20.2,65.9
1784033031.148,2671,1.521,-0.393,0.003,0.0,16.3,62.7
1784033031.148,2671,1.662,-0.16,-0.33,0.0,12.4,62.8
1784033031.148,2671,1.646,0.671,-0.203,0.0,12.1,66.8
1784033031.148,2671,1.776,0.72,-0.12,0.0,15.3,72.3
1784033031.148,2671,2.857,1.393,0.198,0.0,20.1,73.2
1784033031.148,2671,6.92,3.119,1.158,0.0,17.7,59.4
1784033031.148,2671,0.803,-0.207,-0.013,0.081,12.5,59.7
1784033031.148,2671,0.293,0.258,-0.046,-0.406,22.1,56.6
1784033031.148,2671,0.281,0.207,0.001,-0.243,18.7,59.9
1784033031.148,2671,0.248,0.24,0.05,-0.081,17.1,64.9
1784033031.199,2672,1.521,-0.393,0.008,0.0,16.2,62.6
1784033031.199,2672,1.658,-0.213,-0.318,0.0,12.1,62.7
1784033031.199,2672,0.228,0.2,0.037,-0.406,25.2,61.4
1784033031.302,2673,1.68,0.615,-0.023,0.0,12.9,65.5
1784033031.302,2673,1.77,0.72,-0.18,0.0,18.3,70.1
1784033031.302,2673,1.734,0.941,0.37,0.0,13.5,73.1
1784033031.302,2673,2.864,1.393,0.02,0.0,20.9,73.2
1784033031.302,2673,6.974,3.119,0.767,0.0,13.2,59.9
1784033031.302,2673,0.28,0.196,0.07,-0.325,23.2,57.5
1784033031.454,2674,1.521,-0.393,-0.018,0.0,16.2,62.7
1784033031.454,2674,1.668,-0.16,-0.297,0.0,12.1,63.1
1784033031.454,2674,1.657,0.671,-0.073,0.0,11.4,66.8
1784033031.454,2674,1.772,0.72,-0.161,0.0,15.7,72.6
1784033031.454,2674,2.863,1.393,0.078,0.0,19.8,74.0
1784033031.454,2674,6.965,3.119,0.847,0.0,11.7,60.0
1784033031.454,2674,0.193,0.21,0.109,-0.162,14.4,58.8
1784033031.506,2675,1.521,-0.393,0.004,0.0,17.3,61.5
1784033031.506,2675,1.657,0.671,-0.067,0.0,12.4,66.5
1784033031.506,2675,1.773,0.72,-0.154,0.0,15.5,72.3
1784033031.506,2675,2.859,1.393,0.173,0.0,19.6,74.1
1784033031.506,2675,6.936,3.119,1.058,0.0,15.9,59.4
1784033031.506,2675,0.222,0.172,0.12,-0.243,15.5,56.1
1784033031.609,2676,0.209,0.319,0.094,0.0,11.5,66.4
1784033031.609,2676,1.521,-0.393,-0.018,0.0,16.5,62.4
1784033031.609,2676,1.677,-0.16,-0.241,0.0,12.4,63.1
1784033031.609,2676,1.772,0.72,-0.161,0.0,15.5,72.7
1784033031.609,2676,2.86,1.393,0.142,0.0,19.9,73.7
1784033031.609,2676,6.836,3.359,0.975,0.0,12.8,59.7
1784033031.609,2676,6.895,3.398,1.109,0.0,11.5,59.8
1784033031.711,2677,0.2,0.331,0.065,0.0,14.3,68.1
1784033031.711,2677,1.521,-0.393,-0.015,0.0,16.1,62.8
1784033031.711,2677,1.65,0.671,-0.166,0.0,11.4,67.0
1784033031.711,2677,1.744,0.78,-0.189,0.0,15.6,72.5
1784033031.711,2677,2.86,1.393,0.149,0.0,19.8,74.1
1784033031.711,2677,6.961,3.119,0.88,0.0,15.6,59.9
1784033031.811,2678,0.215,0.319,0.078,0.0,12.0,68.2
1784033031.811,2678,1.507,-0.442,0.016,0.0,18.4,60.8
1784033031.811,2678,1.657,-0.16,-0.353,0.0,13.7,61.8
1784033031.811,2678,1.653,0.671,-0.136,0.0,12.4,66.4
1784033031.811,2678,1.747,0.78,-0.158,0.0,15.0,72.8
1784033031.811,2678,1.771,0.941,0.084,0.0,11.8,75.2
1784033031.811,2678,2.861,1.393,0.124,0.0,19.9,73.9
1784033031.811,2678,6.846,3.359,0.902,0.0,15.4,59.8
1784033031.912,2679,0.201,0.331,0.064,0.0,12.6,66.9
1784033031.912,2679,1.521,-0.393,-0.025,0.0,17.6,61.3
1784033031.912,2679,1.679,0.615,-0.064,0.0,11.8,66.8
1784033031.912,2679,1.743,0.78,-0.199,0.0,15.6,72.7
1784033031.912,2679,2.862,1.393,0.101,0.0,19.9,73.8
1784033031.912,2679,6.948,3.119,0.98,0.0,14.2,60.0
1784033032.014,2680,1.507,-0.442,-0.014,0.0,17.4,61.7
1784033032.014,2680,1.655,-0.16,-0.362,0.0,12.0,63.1
1784033032.014,2680,1.746,0.78,-0.172,0.0,14.9,72.9
1784033032.014,2680,2.862,1.393,0.093,0.0,20.0,73.8
1784033032.014,2680,6.959,3.119,0.9,0.0,13.3,60.1
1784033032.116,2681,1.465,-0.429,0.017,0.0,16.5,62.6
1784033032.116,2681,1.646,-0.16,-0.399,0.0,11.9,63.1
1784033032.116,2681,1.653,0.671,-0.134,0.0,11.6,67.3
1784033032.116,2681,1.774,0.72,-0.138,0.0,15.2,72.9
1784033032.116,2681,2.863,1.393,0.068,0.0,20.1,73.7
1784033032.116,2681,6.962,3.119,0.876,0.0,13.6,59.8
1784033032.217,2682,1.52,-0.393,-0.033,0.0,17.6,61.7
1784033032.217,2682,1.649,-0.16,-0.389,0.0,12.5,62.8
1784033032.217,2682,1.745,0.78,-0.182,0.0,15.1,73.1
1784033032.217,2682,2.91,1.294,0.049,0.0,18.7,73.7
1784033032.217,2682,7.002,2.879,1.283,0.0,16.1,58.8
1784033032.217,2682,0.189,0.239,0.022,0.325,16.3,62.1
1784033032.318,2683,1.521,-0.393,0.004,0.0,17.5,61.3
1784033032.318,2683,1.673,-0.16,-0.267,0.0,12.4,62.8
1784033032.318,2683,2.859,1.393,0.16,0.0,18.6,73.3
1784033032.318,2683,6.841,3.359,0.933,0.0,18.3,58.3
1784033032.318,2683,0.201,0.164,0.038,0.406,27.0,60.5
1784033032.421,2684,0.48,0.213,-0.216,0.0,11.9,63.4
1784033032.421,2684,1.521,-0.393,-0.005,0.0,17.4,61.4
1784033032.421,2684,1.655,0.671,-0.105,0.0,11.6,66.8
1784033032.421,2684,1.818,0.736,-0.083,0.0,14.0,74.4
1784033032.421,2684,2.862,1.393,0.1,0.0,20.4,73.5
1784033032.421,2684,6.928,3.119,1.109,0.0,18.4,59.0
1784033032.523,2685,1.521,-0.393,-0.015,0.0,17.4,61.8
1784033032.523,2685,1.663,-0.16,-0.32,0.0,12.5,63.0
1784033032.523,2685,1.771,0.72,-0.171,0.0,15.2,73.1
1784033032.523,2685,2.862,1.393,0.114,0.0,19.9,73.9
1784033032.523,2685,6.935,3.119,1.067,0.0,17.6,59.9
1784033032.523,2685,0.845,-0.218,0.024,0.243,15.0,53.3
1784033032.523,2685,2.419,-3.438,0.487,0.487,17.0,53.3
1784033032.523,2685,0.234,-0.368,0.008,-0.406,22.5,52.6
1784033032.624,2686,0.474,0.195,-0.242,0.0,11.4,63.4
1784033032.624,2686,1.521,-0.393,-0.004,0.0,17.6,61.1
1784033032.624,2686,1.671,-0.16,-0.278,0.0,12.8,62.5
1784033032.624,2686,1.655,0.671,-0.104,0.0,12.0,66.6
1784033032.624,2686,1.768,0.72,-0.202,0.0,15.5,72.8
1784033032.624,2686,2.861,1.393,0.121,0.0,20.1,73.7
1784033032.624,2686,6.929,3.119,1.102,0.0,17.2,60.2
1784033032.624,2686,4.086,-3.031,0.421,0.243,12.4,53.6
1784033032.624,2686,0.577,0.654,0.001,0.406,15.0,51.4
1784033032.624,2686,2.508,-3.509,0.224,0.487,17.4,51.7
1784033032.624,2686,2.624,-3.306,0.308,0.568,18.6,49.8
1784033032.726,2687,0.329,-0.425,-0.18,0.0,12.6,62.9
1784033032.726,2687,1.521,-0.393,-0.004,0.0,17.6,61.3
1784033032.726,2687,1.767,0.72,-0.207,0.0,15.4,73.0
1784033032.726,2687,2.907,1.294,0.142,0.0,19.8,73.9
1784033032.726,2687,6.93,3.119,1.098,0.0,17.6,59.9
1784033032.726,2687,2.486,-3.474,0.183,0.568,14.4,51.9
1784033032.829,2688,0.49,0.195,-0.208,0.0,11.8,63.1
1784033032.829,2688,1.521,-0.393,-0.012,0.0,18.1,61.0
1784033032.829,2688,1.77,0.72,-0.182,0.0,15.6,72.9
1784033032.829,2688,2.906,1.294,0.152,0.0,19.8,73.9
1784033032.829,2688,6.934,3.119,1.071,0.0,17.7,60.0
1784033032.829,2688,2.533,-3.545,0.226,0.487,17.7,52.8
1784033032.929,2689,0.476,0.195,-0.24,0.0,11.3,63.5
1784033032.929,2689,1.507,-0.442,0.028,0.0,17.6,61.0
1784033032.929,2689,1.673,-0.16,-0.268,0.0,13.1,62.2
1784033032.929,2689,1.679,0.615,-0.052,0.0,12.4,66.3
1784033032.929,2689,1.738,0.78,-0.238,0.0,15.8,72.5
1784033032.929,2689,2.861,1.393,0.12,0.0,20.2,73.6
1784033032.929,2689,6.933,3.119,1.078,0.0,16.3,60.9
1784033032.929,2689,2.539,-3.616,0.532,0.406,17.5,53.1
1784033033.03,2690,0.323,-0.425,-0.191,0.0,13.4,62.3
1784033033.03,2690,1.507,-0.442,0.022,0.0,17.5,61.3
1784033033.03,2690,1.671,-0.16,-0.279,0.0,12.7,62.7
1784033033.03,2690,1.657,0.671,-0.074,0.0,11.8,66.7
1784033033.03,2690,1.767,0.72,-0.211,0.0,15.7,72.6
1784033033.03,2690,2.862,1.393,0.108,0.0,19.9,73.8
1784033033.03,2690,6.841,3.359,0.936,0.0,16.7,60.6
1784033033.133,2691,0.473,0.195,-0.244,0.0,11.3,63.4
1784033033.133,2691,1.521,-0.393,-0.002,0.0,17.6,61.4
1784033033.133,2691,1.672,-0.16,-0.273,0.0,12.9,62.5
1784033033.133,2691,1.677,0.615,-0.097,0.0,11.6,66.7
1784033033.133,2691,1.769,0.72,-0.191,0.0,15.8,72.7
1784033033.133,2691,2.862,1.393,0.115,0.0,19.9,73.8
1784033033.133,2691,6.845,3.359,0.909,0.0,16.9,60.9
1784033033.133,2691,2.756,-3.511,0.521,0.243,14.0,53.1
1784033033.235,2692,0.483,0.195,-0.225,0.0,11.9,63.0
1784033033.235,2692,1.507,-0.442,0.029,0.0,17.5,61.2
1784033033.235,2692,1.673,-0.16,-0.266,0.0,12.7,62.7
1784033033.235,2692,1.679,0.615,-0.053,0.0,11.8,66.8
1784033033.235,2692,1.739,0.78,-0.23,0.0,15.8,72.6
1784033033.235,2692,2.861,1.393,0.118,0.0,20.0,73.7
1784033033.235,2692,6.836,3.359,0.97,0.0,16.7,60.8
1784033033.235,2692,2.583,-3.651,0.439,0.162,16.1,54.0
1784033033.337,2693,1.507,-0.442,0.026,0.0,17.6,61.2
1784033033.337,2693,1.672,-0.16,-0.274,0.0,12.7,62.6
1784033033.337,2693,1.657,0.671,-0.071,0.0,11.9,66.6
1784033033.337,2693,1.767,0.72,-0.209,0.0,15.6,72.7
1784033033.337,2693,2.862,1.393,0.107,0.0,19.9,73.9
1784033033.337,2693,5.876,2.882,0.751,0.0,12.2,60.7
1784033033.337,2693,6.838,3.359,0.961,0.0,16.9,60.7
1784033033.439,2694,1.521,-0.393,0.002,0.0,17.6,61.3
1784033033.439,2694,1.672,-0.16,-0.272,0.0,12.9,62.5
1784033033.439,2694,1.677,0.615,-0.099,0.0,11.6,66.7
1784033033.439,2694,1.77,0.72,-0.189,0.0,15.6,72.8
1784033033.439,2694,2.862,1.393,0.113,0.0,20.1,73.7
1784033033.439,2694,6.846,3.359,0.896,0.0,16.4,60.9
1784033033.541,2695,0.489,0.195,-0.211,0.0,11.9,63.1
1784033033.541,2695,1.521,-0.393,-0.0,0.0,17.2,61.6
1784033033.541,2695,1.673,-0.16,-0.268,0.0,12.7,62.7
1784033033.541,2695,1.678,0.615,-0.071,0.0,11.7,66.8
1784033033.541,2695,1.769,0.72,-0.197,0.0,15.9,72.6
1784033033.541,2695,2.906,1.294,0.15,0.0,19.9,73.8
1784033033.541,2695,5.746,3.088,0.919,0.0,11.3,60.7
1784033033.541,2695,6.945,3.119,0.999,0.0,17.3,60.4
1784033033.541,2695,4.344,-2.969,0.425,0.162,14.1,54.0
1784033033.642,2696,0.323,-0.425,-0.19,0.0,12.1,63.5
1784033033.642,2696,1.507,-0.442,0.023,0.0,16.8,61.9
1784033033.642,2696,1.675,-0.16,-0.256,0.0,12.6,62.8
1784033033.642,2696,1.679,0.615,-0.037,0.0,11.8,66.8
1784033033.642,2696,1.738,0.78,-0.238,0.0,15.8,72.6
1784033033.642,2696,2.862,1.393,0.114,0.0,19.8,74.0
1784033033.642,2696,6.941,3.119,1.027,0.0,17.6,60.1
1784033033.642,2696,2.637,-3.687,0.206,0.162,14.6,53.8
1784033033.744,2697,1.521,-0.393,-0.007,0.0,17.0,61.8
1784033033.744,2697,1.673,-0.16,-0.268,0.0,12.7,62.6
1784033033.744,2697,1.655,0.671,-0.108,0.0,11.7,66.8
1784033033.744,2697,1.768,0.72,-0.205,0.0,15.9,72.5
1784033033.744,2697,2.862,1.393,0.108,0.0,20.1,73.7
1784033033.744,2697,6.842,3.359,0.931,0.0,17.6,60.1
1784033033.744,2697,4.439,-2.805,0.549,0.243,15.2,54.0
1784033033.846,2698,0.504,0.195,-0.171,0.0,11.7,63.6
1784033033.846,2698,1.521,-0.393,-0.003,0.0,17.0,61.9
1784033033.846,2698,1.769,0.72,-0.19,0.0,15.7,72.8
1784033033.846,2698,2.862,1.393,0.113,0.0,19.8,74.0
1784033033.846,2698,5.764,3.088,0.804,0.0,11.4,60.3
1784033033.846,2698,6.84,3.359,0.943,0.0,17.2,60.5
1784033033.846,2698,4.314,-2.994,0.869,0.243,12.8,53.3
1784033033.846,2698,0.428,0.603,-0.062,-0.243,21.3,47.8
1784033033.947,2699,1.507,-0.442,0.029,0.0,16.6,62.1
1784033033.947,2699,1.674,-0.16,-0.259,0.0,12.3,63.1
1784033033.947,2699,1.738,0.78,-0.239,0.0,15.9,72.4
1784033033.947,2699,2.862,1.393,0.116,0.0,19.8,74.0
1784033033.947,2699,5.817,2.863,0.888,0.0,11.5,61.1
1784033033.947,2699,6.933,3.119,1.081,0.0,17.6,59.8
1784033033.947,2699,4.512,-2.92,1.155,0.162,11.5,52.4
1784033033.947,2699,4.977,3.175,0.936,0.243,11.8,52.5
1784033034.049,2700,1.521,-0.393,-0.004,0.0,17.9,61.0
1784033034.049,2700,1.677,0.615,-0.087,0.0,11.5,66.5
1784033034.049,2700,1.769,0.72,-0.194,0.0,15.8,72.7
1784033034.049,2700,2.907,1.294,0.137,0.0,19.9,73.8
1784033034.049,2700,5.76,3.088,0.83,0.0,11.4,60.9
1784033034.049,2700,6.847,3.359,0.889,0.0,17.3,60.3
1784033034.151,2701,0.398,0.626,0.021,0.0,12.1,62.1
1784033034.151,2701,1.507,-0.442,0.014,0.0,18.0,61.0
1784033034.151,2701,1.771,0.72,-0.175,0.0,15.5,72.9
1784033034.151,2701,2.862,1.393,0.114,0.0,20.1,73.7
1784033034.151,2701,6.84,3.359,0.941,0.0,17.1,60.6
1784033034.151,2701,4.317,-3.186,-0.089,0.081,11.3,59.6
1784033034.201,2702,1.507,-0.442,0.024,0.0,17.1,61.7
1784033034.201,2702,1.769,0.72,-0.197,0.0,15.7,72.7
1784033034.201,2702,2.862,1.393,0.111,0.0,20.0,73.8
1784033034.201,2702,6.843,3.359,0.925,0.0,17.6,59.9
1784033034.302,2703,1.521,-0.393,-0.009,0.0,17.3,61.7
1784033034.302,2703,1.771,0.72,-0.176,0.0,15.3,73.0
1784033034.302,2703,2.862,1.393,0.102,0.0,19.8,73.9
1784033034.302,2703,6.847,3.359,0.893,0.0,17.4,60.4
1784033034.454,2704,1.507,-0.442,0.028,0.0,17.3,61.5
1784033034.454,2704,1.671,-0.16,-0.275,0.0,13.1,62.6
1784033034.454,2704,1.679,0.615,-0.041,0.0,11.4,66.8
1784033034.454,2704,1.77,0.72,-0.185,0.0,15.9,72.5
1784033034.454,2704,2.861,1.393,0.122,0.0,20.0,73.8
1784033034.454,2704,6.837,3.359,0.966,0.0,17.4,60.2
1784033034.555,2705,0.36,-0.408,-0.162,0.0,12.1,63.6
1784033034.555,2705,1.465,-0.429,0.005,0.0,16.5,62.1
1784033034.555,2705,1.671,-0.16,-0.279,0.0,12.8,62.8
1784033034.555,2705,1.658,0.671,-0.008,0.0,11.6,66.9
1784033034.555,2705,1.699,0.559,0.044,0.0,11.6,66.9
1784033034.555,2705,1.767,0.72,-0.211,0.0,15.8,72.5
1784033034.555,2705,2.862,1.393,0.107,0.0,20.3,73.5
1784033034.555,2705,5.692,3.068,1.009,0.0,11.8,60.9
1784033034.555,2705,6.845,3.359,0.903,0.0,17.7,60.0
1784033034.607,2706,1.507,-0.442,0.014,0.0,16.7,62.1
1784033034.607,2706,1.768,0.72,-0.199,0.0,15.8,72.7
1784033034.607,2706,2.862,1.393,0.112,0.0,20.0,73.8
1784033034.607,2706,6.843,3.359,0.92,0.0,16.8,60.9
1784033034.712,2707,1.507,-0.442,0.025,0.0,17.4,61.3
1784033034.712,2707,1.672,-0.16,-0.271,0.0,13.1,62.2
1784033034.712,2707,1.68,0.615,-0.01,0.0,12.3,66.2
1784033034.712,2707,1.819,0.736,-0.067,0.0,14.2,74.1
1784033034.712,2707,2.906,1.294,0.151,0.0,20.2,73.6
1784033034.712,2707,6.939,3.119,1.04,0.0,17.5,60.2
1784033034.816,2708,0.482,0.106,0.279,0.0,12.8,62.8
1784033034.816,2708,1.671,-0.16,-0.278,0.0,12.7,62.8
1784033034.816,2708,1.658,0.671,-0.019,0.0,11.7,66.8
1784033034.816,2708,1.818,0.736,-0.084,0.0,14.2,74.2
1784033034.816,2708,2.862,1.393,0.112,0.0,19.9,73.9
1784033034.816,2708,5.816,2.863,0.897,0.0,11.6,61.1
1784033034.816,2708,6.85,3.359,0.871,0.0,17.7,60.0
1784033034.917,2709,0.527,0.177,-0.113,0.0,12.4,63.0
1784033034.917,2709,1.507,-0.442,0.024,0.0,17.1,61.7
1784033034.917,2709,1.68,0.615,-0.025,0.0,11.7,66.7
1784033034.917,2709,1.768,0.72,-0.202,0.0,15.9,72.6
1784033034.917,2709,2.862,1.393,0.107,0.0,19.9,73.9
1784033034.917,2709,5.726,3.068,0.792,0.0,11.6,60.7
1784033034.917,2709,6.949,3.119,0.967,0.0,17.4,60.2
1784033035.02,2710,0.53,0.177,-0.099,0.0,12.4,63.0
1784033035.02,2710,1.521,-0.393,-0.006,0.0,17.7,61.4
1784033035.02,2710,1.651,0.671,-0.149,0.0,11.5,67.1
1784033035.02,2710,1.772,0.72,-0.161,0.0,15.2,72.8
1784033035.02,2710,2.907,1.294,0.134,0.0,20.0,73.8
1784033035.02,2710,6.946,3.119,0.993,0.0,17.0,60.7
1784033035.121,2711,1.521,-0.393,-0.006,0.0,17.6,61.4
1784033035.121,2711,1.771,0.72,-0.179,0.0,15.6,72.8
1784033035.121,2711,2.861,1.393,0.128,0.0,19.9,73.8
1784033035.121,2711,6.847,3.359,0.889,0.0,17.1,60.5
1784033035.223,2712,0.533,0.124,0.149,0.0,11.5,64.2
1784033035.223,2712,1.507,-0.442,0.013,0.0,17.6,61.2
1784033035.223,2712,1.767,0.72,-0.208,0.0,15.7,72.6
1784033035.223,2712,2.862,1.393,0.104,0.0,20.1,73.7
1784033035.223,2712,5.714,3.068,0.876,0.0,11.5,60.9
1784033035.223,2712,6.853,3.359,0.847,0.0,17.7,60.0
1784033035.325,2713,0.543,0.142,0.08,0.0,12.0,63.5
1784033035.325,2713,0.456,-0.337,0.021,0.0,12.0,63.5
1784033035.325,2713,1.507,-0.442,0.011,0.0,17.2,61.7
1784033035.325,2713,1.532,-0.344,-0.037,0.0,17.2,61.7
1784033035.325,2713,1.654,0.671,-0.121,0.0,12.0,66.8
1784033035.325,2713,1.773,0.72,-0.149,0.0,15.2,72.5
1784033035.325,2713,1.737,1.003,-0.059,0.0,11.5,75.7
1784033035.325,2713,2.862,1.393,0.099,0.0,19.8,74.0
1784033035.325,2713,6.846,3.359,0.9,0.0,17.9,59.7
1784033035.428,2714,1.507,-0.442,0.031,0.0,17.2,61.8
1784033035.428,2714,1.667,-0.213,-0.268,0.0,13.2,62.3
1784033035.428,2714,1.654,0.671,-0.118,0.0,11.4,66.8
1784033035.428,2714,1.772,0.72,-0.166,0.0,15.7,72.7
1784033035.428,2714,2.861,1.393,0.139,0.0,19.9,73.8
1784033035.428,2714,6.833,3.359,0.996,0.0,17.7,59.9
1784033035.531,2715,0.492,0.106,0.261,0.0,11.2,64.4
1784033035.531,2715,0.386,-0.39,-0.144,0.0,11.2,64.4
1784033035.531,2715,1.521,-0.393,-0.015,0.0,16.5,62.1
1784033035.531,2715,1.655,-0.16,-0.36,0.0,12.5,63.0
1784033035.531,2715,1.658,0.671,-0.008,0.0,11.7,66.8
1784033035.531,2715,1.77,0.798,-0.289,0.0,13.5,74.0
1784033035.531,2715,2.862,1.393,0.114,0.0,20.6,73.2
1784033035.531,2715,5.676,3.068,1.098,0.0,11.3,61.2
1784033035.531,2715,6.844,3.359,0.917,0.0,17.6,60.0
1784033035.634,2716,1.521,-0.393,-0.028,0.0,17.4,61.6
1784033035.634,2716,1.65,0.671,-0.164,0.0,12.3,66.5
1784033035.634,2716,1.771,0.72,-0.178,0.0,15.2,72.6
1784033035.634,2716,2.863,1.393,0.078,0.0,19.6,74.1
1784033035.634,2716,5.808,3.088,0.362,0.0,11.4,60.5
1784033035.634,2716,6.842,3.359,0.93,0.0,18.2,59.3
1784033035.737,2717,1.521,-0.393,0.006,0.0,17.3,61.5
1784033035.737,2717,1.655,0.671,-0.11,0.0,12.0,66.7
1784033035.737,2717,1.69,1.003,-0.407,0.0,12.2,75.7
1784033035.737,2717,2.861,1.393,0.125,0.0,19.8,73.9
1784033035.737,2717,6.834,3.359,0.988,0.0,17.4,60.2
1784033035.839,2718,1.521,-0.393,0.004,0.0,17.3,61.7
1784033035.839,2718,1.769,0.72,-0.195,0.0,15.7,72.7
1784033035.839,2718,2.861,1.393,0.121,0.0,20.1,73.6
1784033035.839,2718,6.85,3.359,0.869,0.0,17.9,59.9
1784033035.941,2719,1.521,-0.393,-0.021,0.0,18.2,60.9
1784033035.941,2719,1.653,0.671,-0.129,0.0,12.6,66.3
1784033035.941,2719,1.747,0.78,-0.153,0.0,15.1,72.4
1784033035.941,2719,1.73,1.003,-0.17,0.0,11.5,75.8
1784033035.941,2719,2.862,1.393,0.097,0.0,19.8,74.0
1784033035.941,2719,5.814,3.088,0.26,0.0,11.4,61.1
1784033035.941,2719,6.853,3.359,0.845,0.0,17.6,60.2
1784033036.042,2720,0.493,0.177,-0.218,0.0,11.6,64.2
1784033036.042,2720,1.521,-0.393,-0.006,0.0,17.7,61.2
1784033036.042,2720,1.631,0.727,-0.11,0.0,12.6,66.3
1784033036.042,2720,0.983,-1.693,0.44,0.0,12.1,75.7
1784033036.042,2720,1.687,1.003,-0.419,0.0,12.1,75.7
1784033036.042,2720,2.861,1.393,0.119,0.0,19.9,73.9
1784033036.042,2720,6.837,3.359,0.962,0.0,17.5,60.2
1784033036.144,2721,1.521,-0.393,-0.002,0.0,17.9,61.3
1784033036.144,2721,1.652,0.671,-0.141,0.0,11.9,67.0
1784033036.144,2721,1.748,0.78,-0.147,0.0,14.7,72.8
1784033036.144,2721,1.715,1.003,-0.283,0.0,11.5,75.9
1784033036.144,2721,2.907,1.294,0.144,0.0,20.1,73.8
1784033036.144,2721,6.838,3.359,0.96,0.0,16.8,60.8
1784033036.245,2722,0.507,0.106,0.23,0.0,11.3,64.1
1784033036.245,2722,1.521,-0.393,-0.019,0.0,18.4,60.7
1784033036.245,2722,1.632,-0.213,-0.434,0.0,13.6,61.8
1784033036.245,2722,1.655,0.671,-0.097,0.0,12.4,66.6
1784033036.245,2722,1.748,0.78,-0.147,0.0,14.3,72.9
1784033036.245,2722,1.704,1.003,-0.341,0.0,11.6,76.0
1784033036.245,2722,2.907,1.294,0.145,0.0,20.2,73.7
1784033036.245,2722,5.806,3.088,0.39,0.0,11.3,61.6
1784033036.245,2722,6.842,3.359,0.927,0.0,17.5,60.4
1784033036.296,2723,1.478,-0.382,0.027,0.0,17.3,61.8
1784033036.296,2723,1.631,-0.213,-0.436,0.0,13.7,61.5
1784033036.296,2723,1.656,0.671,-0.093,0.0,12.6,66.2
1784033036.296,2723,1.687,0.92,-0.4,0.0,14.4,74.0
1784033036.296,2723,2.907,1.294,0.129,0.0,20.8,73.1
1784033036.296,2723,6.852,3.359,0.852,0.0,17.3,60.6
1784033036.449,2724,0.517,0.16,-0.169,0.0,11.5,64.4
1784033036.449,2724,1.521,-0.393,-0.011,0.0,17.7,61.3
1784033036.449,2724,1.63,0.727,-0.115,0.0,12.3,66.6
1784033036.449,2724,1.655,0.982,-0.39,0.0,14.3,74.2
1784033036.449,2724,2.861,1.393,0.12,0.0,20.8,73.1
1784033036.449,2724,6.937,3.119,1.052,0.0,17.2,60.7
1784033036.55,2725,0.504,0.089,0.245,0.0,12.2,63.2
1784033036.55,2725,0.292,-0.443,-0.2,0.0,12.2,63.2
1784033036.55,2725,1.521,-0.393,-0.005,0.0,18.0,61.0
1784033036.55,2725,1.657,-0.16,-0.354,0.0,13.8,61.9
1784033036.55,2725,1.655,0.671,-0.11,0.0,12.2,66.5
1784033036.55,2725,1.746,0.78,-0.169,0.0,15.1,72.9
1784033036.55,2725,2.861,1.393,0.126,0.0,19.7,74.1
1784033036.55,2725,5.782,3.088,0.657,0.0,12.0,60.5
1784033036.55,2725,6.829,3.359,1.019,0.0,17.8,59.8
1784033036.652,2726,1.465,-0.429,0.02,0.0,15.8,62.8
1784033036.652,2726,1.665,-0.16,-0.312,0.0,12.8,62.6
1784033036.652,2726,1.679,0.615,0.047,0.0,12.0,66.7
1784033036.652,2726,1.738,0.78,-0.238,0.0,16.3,72.1
1784033036.652,2726,2.861,1.393,0.122,0.0,20.4,73.5
1784033036.652,2726,5.68,3.068,1.077,0.0,11.3,61.3
1784033036.652,2726,6.939,3.119,1.041,0.0,18.1,59.6
1784033036.703,2727,1.521,-0.393,-0.002,0.0,17.6,61.3
1784033036.703,2727,1.674,-0.16,-0.259,0.0,13.1,62.4
1784033036.703,2727,1.68,0.615,-0.018,0.0,11.8,66.6
1784033036.703,2727,1.737,0.78,-0.241,0.0,15.7,72.7
1784033036.703,2727,2.862,1.393,0.101,0.0,20.1,73.6
1784033036.703,2727,5.73,3.068,0.766,0.0,11.4,60.7
1784033036.703,2727,6.943,3.119,1.011,0.0,17.9,59.7
1784033036.855,2728,0.529,0.124,0.162,0.0,11.5,64.3
1784033036.855,2728,1.521,-0.393,0.009,0.0,17.7,61.2
1784033036.855,2728,1.671,-0.16,-0.28,0.0,13.1,62.6
1784033036.855,2728,1.679,0.615,-0.063,0.0,11.4,66.6
1784033036.855,2728,1.77,0.72,-0.184,0.0,15.7,72.8
1784033036.855,2728,2.862,1.393,0.115,0.0,19.8,74.1
1784033036.855,2728,5.779,3.088,0.687,0.0,12.1,60.3
1784033036.855,2728,6.836,3.359,0.973,0.0,17.5,60.1
1784033036.956,2729,0.495,0.177,-0.212,0.0,11.7,63.5
1784033036.956,2729,1.521,-0.393,-0.001,0.0,17.0,61.6
1784033036.956,2729,1.667,-0.106,-0.322,0.0,12.7,62.6
1784033036.956,2729,1.68,0.615,-0.003,0.0,12.2,66.7
1784033036.956,2729,1.632,0.727,-0.093,0.0,12.2,66.7
1784033036.956,2729,1.817,0.736,-0.097,0.0,14.5,73.9
1784033036.956,2729,2.862,1.393,0.116,0.0,20.1,73.7
1784033036.956,2729,5.788,2.863,1.063,0.0,11.4,61.0
1784033036.956,2729,6.934,3.119,1.072,0.0,17.6,60.1
1784033037.009,2730,0.543,0.16,0.035,0.0,12.5,63.4
1784033037.009,2730,1.507,-0.442,0.033,0.0,16.1,62.7
1784033037.009,2730,1.769,0.72,-0.197,0.0,15.7,72.8
1784033037.009,2730,2.907,1.294,0.138,0.0,19.8,74.0
1784033037.009,2730,6.845,3.359,0.906,0.0,17.4,60.3
1784033037.113,2731,1.507,-0.442,0.032,0.0,15.3,63.3
1784033037.113,2731,1.679,0.615,-0.051,0.0,11.2,66.9
1784033037.113,2731,1.77,0.72,-0.189,0.0,15.7,72.7
1784033037.113,2731,2.906,1.294,0.152,0.0,20.2,73.6
1784033037.113,2731,6.934,3.119,1.072,0.0,17.2,60.2
1784033037.113,2731,4.848,3.083,0.813,-0.649,11.8,49.8
1784033037.215,2732,1.478,-0.382,-0.017,0.0,15.1,63.6
1784033037.215,2732,1.666,-0.16,-0.305,0.0,12.9,62.6
1784033037.215,2732,1.657,0.671,-0.075,0.0,12.1,66.7
1784033037.215,2732,1.699,0.559,0.018,0.0,12.1,66.7
1784033037.215,2732,1.768,0.72,-0.207,0.0,16.0,72.3
1784033037.215,2732,2.862,1.393,0.113,0.0,20.2,73.7
1784033037.215,2732,6.832,3.359,0.999,0.0,16.9,60.5
1784033037.317,2733,1.507,-0.442,0.025,0.0,15.9,63.1
1784033037.317,2733,1.67,-0.16,-0.284,0.0,12.0,63.6
1784033037.317,2733,1.769,0.72,-0.19,0.0,15.5,73.0
1784033037.317,2733,2.907,1.294,0.139,0.0,20.0,73.9
1784033037.317,2733,6.835,3.359,0.978,0.0,17.4,60.2
1784033037.417,2734,1.465,-0.429,0.017,0.0,15.1,63.6
1784033037.417,2734,1.672,-0.16,-0.272,0.0,12.9,62.6
1784033037.417,2734,1.679,0.615,-0.053,0.0,12.1,66.6
1784033037.417,2734,1.769,0.72,-0.192,0.0,15.9,72.7
1784033037.417,2734,2.862,1.393,0.115,0.0,19.9,73.9
1784033037.417,2734,6.83,3.359,1.015,0.0,16.8,60.5
1784033037.519,2735,1.507,-0.442,0.027,0.0,15.0,63.6
1784033037.519,2735,1.673,-0.16,-0.269,0.0,12.7,62.9
1784033037.519,2735,1.68,0.615,-0.026,0.0,11.4,67.1
1784033037.519,2735,1.769,0.72,-0.197,0.0,15.7,72.8
1784033037.519,2735,2.862,1.393,0.106,0.0,20.0,73.8
1784033037.519,2735,6.843,3.359,0.92,0.0,17.5,60.2
1784033037.622,2736,0.541,0.142,0.095,0.0,11.2,64.6
1784033037.622,2736,1.507,-0.442,0.023,0.0,17.1,61.8
1784033037.622,2736,1.671,-0.16,-0.277,0.0,13.2,62.4
1784033037.622,2736,1.769,0.72,-0.194,0.0,15.7,72.8
1784033037.622,2736,2.907,1.294,0.144,0.0,19.9,73.9
1784033037.622,2736,6.83,3.359,1.013,0.0,16.8,60.4
1784033037.723,2737,1.521,-0.393,0.002,0.0,16.4,62.3
1784033037.723,2737,1.671,-0.16,-0.281,0.0,12.8,62.8
1784033037.723,2737,1.679,0.615,-0.053,0.0,11.8,66.8
1784033037.723,2737,1.739,0.78,-0.228,0.0,16.0,72.5
1784033037.723,2737,2.862,1.393,0.112,0.0,20.4,73.5
1784033037.723,2737,6.937,3.119,1.052,0.0,16.8,60.8
1784033037.824,2738,0.537,0.177,-0.046,0.0,13.2,62.6
1784033037.824,2738,1.507,-0.442,0.025,0.0,16.3,62.4
1784033037.824,2738,1.769,0.72,-0.19,0.0,15.7,72.7
1784033037.824,2738,2.907,1.294,0.142,0.0,20.0,73.8
1784033037.824,2738,6.932,3.119,1.086,0.0,16.9,60.5
1784033037.926,2739,1.521,-0.393,0.007,0.0,15.3,63.5
1784033037.926,2739,1.672,-0.16,-0.269,0.0,12.2,63.5
1784033037.926,2739,1.74,0.78,-0.218,0.0,15.9,72.6
1784033037.926,2739,2.862,1.393,0.116,0.0,19.8,74.0
1784033037.926,2739,6.937,3.119,1.055,0.0,17.4,60.1
1784033038.028,2740,1.521,-0.393,-0.004,0.0,14.9,63.8
1784033038.028,2740,1.671,-0.16,-0.28,0.0,12.2,63.3
1784033038.028,2740,1.679,0.615,-0.046,0.0,11.4,67.2
1784033038.028,2740,1.77,0.72,-0.181,0.0,16.0,72.6
1784033038.028,2740,2.862,1.393,0.104,0.0,20.2,73.7
1784033038.028,2740,6.842,3.359,0.93,0.0,17.1,60.3
1784033038.131,2741,1.521,-0.393,0.005,0.0,15.7,63.0
1784033038.131,2741,1.671,-0.16,-0.278,0.0,12.1,63.6
1784033038.131,2741,1.769,0.72,-0.196,0.0,15.5,72.9
1784033038.131,2741,2.907,1.294,0.143,0.0,20.1,73.7
1784033038.131,2741,6.936,3.119,1.06,0.0,17.2,60.2
1784033038.233,2742,1.465,-0.429,0.0,0.0,15.5,63.2
1784033038.233,2742,1.672,-0.16,-0.27,0.0,13.1,62.5
1784033038.233,2742,1.679,0.615,-0.032,0.0,12.2,66.5
1784033038.233,2742,1.767,0.72,-0.214,0.0,15.7,72.7
1784033038.233,2742,2.906,1.294,0.155,0.0,20.2,73.6
1784033038.233,2742,6.935,3.119,1.067,0.0,16.7,60.7
1784033038.334,2743,1.507,-0.442,0.018,0.0,16.1,62.8
1784033038.334,2743,1.672,-0.16,-0.273,0.0,12.3,63.3
1784033038.334,2743,1.77,0.72,-0.188,0.0,15.6,72.9
1784033038.334,2743,2.862,1.393,0.113,0.0,20.2,73.7
1784033038.334,2743,6.828,3.359,1.025,0.0,17.6,59.9
1784033038.435,2744,1.507,-0.442,0.019,0.0,16.1,62.8
1784033038.435,2744,1.67,-0.16,-0.285,0.0,12.6,63.1
1784033038.435,2744,1.771,0.72,-0.172,0.0,15.7,72.9
1784033038.435,2744,2.907,1.294,0.146,0.0,19.8,74.1
1784033038.435,2744,6.842,3.359,0.932,0.0,17.2,60.3
1784033038.537,2745,1.521,-0.393,0.004,0.0,15.3,63.3
1784033038.537,2745,1.671,-0.16,-0.278,0.0,12.1,63.5
1784033038.537,2745,1.767,0.72,-0.215,0.0,15.9,72.6
1784033038.537,2745,2.907,1.294,0.143,0.0,20.1,73.7
1784033038.537,2745,6.935,3.119,1.064,0.0,17.3,60.2
1784033038.639,2746,1.507,-0.442,0.028,0.0,16.3,62.3
1784033038.639,2746,1.77,0.72,-0.181,0.0,15.7,72.8
1784033038.639,2746,2.907,1.294,0.141,0.0,20.1,73.7
1784033038.639,2746,6.838,3.359,0.955,0.0,18.0,59.5
1784033038.741,2747,1.507,-0.442,0.029,0.0,14.2,64.5
1784033038.741,2747,1.67,-0.16,-0.285,0.0,11.8,63.8
1784033038.741,2747,1.77,0.72,-0.185,0.0,15.7,72.8
1784033038.741,2747,2.862,1.393,0.117,0.0,20.4,73.5
1784033038.741,2747,6.842,3.359,0.93,0.0,17.2,60.2
1784033038.842,2748,1.521,-0.393,0.001,0.0,15.5,63.1
1784033038.842,2748,1.672,-0.16,-0.27,0.0,12.5,63.2
1784033038.842,2748,1.68,0.615,-0.019,0.0,11.3,67.1
1784033038.842,2748,1.771,0.72,-0.177,0.0,15.9,72.6
1784033038.842,2748,2.862,1.393,0.108,0.0,19.9,73.8
1784033038.842,2748,6.836,3.359,0.974,0.0,18.6,59.1
1784033038.944,2749,1.507,-0.442,0.02,0.0,14.6,64.2
1784033038.944,2749,1.77,0.72,-0.182,0.0,15.6,72.9
1784033038.944,2749,2.862,1.393,0.105,0.0,20.2,73.7
1784033038.944,2749,6.833,3.359,0.99,0.0,17.6,59.9
1784033039.044,2750,1.507,-0.442,0.026,0.0,15.3,63.6
1784033039.044,2750,1.671,-0.16,-0.281,0.0,11.9,63.8
1784033039.044,2750,1.769,0.72,-0.198,0.0,15.6,72.8
1784033039.044,2750,2.862,1.393,0.113,0.0,20.3,73.5
1784033039.044,2750,6.839,3.359,0.95,0.0,16.5,60.8
1784033039.044,2750,0.317,0.515,0.082,0.243,16.0,52.3
1784033039.146,2751,1.465,-0.429,0.003,0.0,12.9,65.8
1784033039.146,2751,1.738,0.78,-0.235,0.0,15.7,72.7
1784033039.146,2751,2.862,1.393,0.114,0.0,19.8,74.0
1784033039.146,2751,6.942,3.119,1.019,0.0,17.4,60.0
1784033039.253,2752,1.507,-0.442,0.022,0.0,14.6,64.3
1784033039.253,2752,1.671,-0.16,-0.276,0.0,11.4,64.1
1784033039.253,2752,1.771,0.72,-0.179,0.0,15.6,72.9
1784033039.253,2752,2.862,1.393,0.112,0.0,19.8,74.0
1784033039.253,2752,6.84,3.359,0.946,0.0,17.7,59.7
1784033039.305,2753,1.507,-0.442,0.026,0.0,14.6,64.2
1784033039.305,2753,1.672,-0.16,-0.274,0.0,11.6,64.0
1784033039.305,2753,1.768,0.72,-0.201,0.0,15.5,73.0
1784033039.305,2753,2.906,1.294,0.153,0.0,20.1,73.7
1784033039.305,2753,6.827,3.359,1.036,0.0,16.6,60.7
1784033039.406,2754,1.507,-0.442,0.029,0.0,15.1,63.7
1784033039.406,2754,1.77,0.72,-0.186,0.0,15.7,72.8
1784033039.406,2754,2.862,1.393,0.11,0.0,20.2,73.6
1784033039.406,2754,6.835,3.359,0.976,0.0,16.9,60.6
1784033039.507,2755,1.507,-0.442,0.022,0.0,14.1,64.5
1784033039.507,2755,1.768,0.72,-0.199,0.0,16.1,72.4
1784033039.507,2755,2.862,1.393,0.11,0.0,19.7,74.1
1784033039.507,2755,6.84,3.359,0.946,0.0,17.6,59.7
1784033039.61,2756,1.507,-0.442,0.018,0.0,14.0,64.8
1784033039.61,2756,1.671,-0.16,-0.276,0.0,11.5,64.1
1784033039.61,2756,1.772,0.72,-0.167,0.0,15.7,72.8
1784033039.61,2756,2.907,1.294,0.144,0.0,20.1,73.7
1784033039.61,2756,6.947,3.119,0.985,0.0,16.9,60.4
1784033039.71,2757,1.507,-0.442,0.029,0.0,15.2,63.5
1784033039.71,2757,1.673,-0.16,-0.266,0.0,12.0,63.6
1784033039.71,2757,1.768,0.72,-0.2,0.0,15.7,72.8
1784033039.71,2757,2.862,1.393,0.109,0.0,20.2,73.6
1784033039.71,2757,6.839,3.359,0.949,0.0,16.9,60.5
1784033039.812,2758,1.521,-0.393,-0.004,0.0,15.8,62.9
1784033039.812,2758,1.674,-0.16,-0.262,0.0,12.0,63.7
1784033039.812,2758,1.769,0.72,-0.19,0.0,15.7,72.8
1784033039.812,2758,2.862,1.393,0.112,0.0,20.0,73.8
1784033039.812,2758,6.827,3.359,1.033,0.0,17.9,59.4
1784033039.914,2759,1.507,-0.442,0.018,0.0,15.3,63.6
1784033039.914,2759,1.77,0.72,-0.186,0.0,15.6,72.9
1784033039.914,2759,2.907,1.294,0.139,0.0,20.0,73.8
1784033039.914,2759,6.94,3.119,1.033,0.0,16.4,61.0
1784033040.016,2760,1.507,-0.442,0.026,0.0,15.9,63.0
1784033040.016,2760,1.769,0.72,-0.192,0.0,15.7,72.7
1784033040.016,2760,2.862,1.393,0.117,0.0,20.2,73.6
1784033040.016,2760,6.839,3.359,0.952,0.0,17.0,60.4
1784033040.118,2761,1.521,-0.393,-0.004,0.0,16.1,62.6
1784033040.118,2761,1.679,0.615,-0.035,0.0,11.4,67.1
1784033040.118,2761,1.74,0.78,-0.226,0.0,15.9,72.5
1784033040.118,2761,2.861,1.393,0.119,0.0,20.2,73.6
1784033040.118,2761,6.937,3.119,1.055,0.0,16.9,60.3
1784033040.22,2762,1.507,-0.442,0.014,0.0,15.3,63.4
1784033040.22,2762,1.769,0.72,-0.191,0.0,15.9,72.6
1784033040.22,2762,2.907,1.294,0.146,0.0,20.0,73.8
1784033040.22,2762,6.94,3.119,1.036,0.0,17.4,60.2
1784033040.321,2763,1.507,-0.442,0.014,0.0,16.0,62.7
1784033040.321,2763,1.673,-0.16,-0.263,0.0,12.0,63.5
1784033040.321,2763,1.769,0.72,-0.189,0.0,15.7,72.7
1784033040.321,2763,2.906,1.294,0.148,0.0,20.2,73.6
1784033040.321,2763,6.936,3.119,1.062,0.0,16.8,60.5
1784033040.423,2764,1.507,-0.442,0.019,0.0,15.7,63.0
1784033040.423,2764,1.673,-0.16,-0.269,0.0,12.4,63.2
1784033040.423,2764,1.769,0.72,-0.196,0.0,15.8,72.7
1784033040.423,2764,2.862,1.393,0.11,0.0,20.2,73.7
1784033040.423,2764,6.835,3.359,0.982,0.0,17.6,59.9
1784033040.423,2764,2.632,-3.408,0.699,0.243,16.6,52.0
1784033040.524,2765,1.507,-0.442,0.017,0.0,16.1,62.9
1784033040.524,2765,1.77,0.72,-0.189,0.0,15.7,72.8
1784033040.524,2765,2.907,1.294,0.144,0.0,20.1,73.7
1784033040.524,2765,6.836,3.359,0.969,0.0,16.7,60.8
1784033040.626,2766,1.507,-0.442,0.026,0.0,15.7,63.1
1784033040.626,2766,1.671,-0.16,-0.278,0.0,12.5,63.1
1784033040.626,2766,1.769,0.72,-0.192,0.0,15.8,72.7
1784033040.626,2766,2.862,1.393,0.111,0.0,20.1,73.8
1784033040.626,2766,6.835,3.359,0.982,0.0,17.1,60.6
1784033040.729,2767,1.507,-0.442,0.021,0.0,16.0,62.8
1784033040.729,2767,1.672,-0.16,-0.275,0.0,12.1,63.5
1784033040.729,2767,1.768,0.72,-0.204,0.0,15.7,72.7
1784033040.729,2767,2.862,1.393,0.11,0.0,20.1,73.7
1784033040.729,2767,6.835,3.359,0.98,0.0,16.6,60.4
1784033040.83,2768,1.521,-0.393,-0.004,0.0,16.2,62.6
1784033040.83,2768,1.769,0.72,-0.191,0.0,15.6,72.9
1784033040.83,2768,2.907,1.294,0.144,0.0,20.0,73.8
1784033040.83,2768,6.849,3.359,0.879,0.0,17.5,60.2
1784033040.931,2769,1.507,-0.442,0.009,0.0,16.6,62.3
1784033040.931,2769,1.674,-0.16,-0.262,0.0,13.5,62.2
1784033040.931,2769,1.679,0.615,-0.045,0.0,12.1,66.3
1784033040.931,2769,1.77,0.72,-0.187,0.0,15.8,72.6
1784033040.931,2769,2.862,1.393,0.115,0.0,19.8,74.1
1784033040.931,2769,6.841,3.359,0.934,0.0,17.0,60.5
1784033041.035,2770,1.507,-0.442,0.022,0.0,16.9,61.9
1784033041.035,2770,1.67,-0.16,-0.283,0.0,13.0,62.6
1784033041.035,2770,1.679,0.615,-0.048,0.0,11.7,66.7
1784033041.035,2770,1.769,0.72,-0.198,0.0,15.8,72.7
1784033041.035,2770,2.862,1.393,0.112,0.0,19.6,74.2
1784033041.035,2770,6.843,3.359,0.919,0.0,17.3,60.3
1784033041.137,2771,1.507,-0.442,0.013,0.0,16.8,61.9
1784033041.137,2771,1.678,0.615,-0.07,0.0,11.3,66.8
1784033041.137,2771,1.77,0.72,-0.188,0.0,15.8,72.7
1784033041.137,2771,2.907,1.294,0.146,0.0,20.0,73.8
1784033041.137,2771,6.846,3.359,0.901,0.0,17.7,59.9
1784033041.137,2771,4.784,3.036,0.75,0.162,17.5,50.7
1784033041.137,2771,0.626,0.818,-0.187,-0.162,17.4,52.8
1784033041.239,2772,1.507,-0.442,0.015,0.0,17.2,61.4
1784033041.239,2772,1.679,0.615,-0.059,0.0,11.6,66.6
1784033041.239,2772,1.769,0.72,-0.193,0.0,15.9,72.6
1784033041.239,2772,2.907,1.294,0.146,0.0,20.0,73.8
1784033041.239,2772,6.831,3.359,1.01,0.0,16.7,60.5
1784033041.239,2772,1.416,-2.216,1.063,-0.243,11.9,58.0
1784033041.341,2773,0.537,0.177,-0.045,0.0,12.9,62.6
1784033041.341,2773,1.507,-0.442,0.026,0.0,17.0,61.6
1784033041.341,2773,1.672,-0.16,-0.274,0.0,13.1,62.6
1784033041.341,2773,1.679,0.615,-0.033,0.0,11.3,66.7
1784033041.341,2773,1.769,0.72,-0.197,0.0,15.9,72.6
1784033041.341,2773,2.862,1.393,0.112,0.0,20.1,73.7
1784033041.341,2773,6.831,3.359,1.006,0.0,16.9,60.5
1784033041.341,2773,4.967,2.879,0.447,0.243,13.7,50.4
1784033041.341,2773,1.564,-2.181,0.769,-0.243,11.4,58.1
1784033041.447,2774,0.526,0.177,-0.117,0.0,12.2,62.9
1784033041.447,2774,1.507,-0.442,0.023,0.0,17.3,61.5
1784033041.447,2774,1.672,-0.16,-0.273,0.0,12.9,62.6
1784033041.447,2774,1.699,0.559,-0.016,0.0,11.7,66.7
1784033041.447,2774,1.768,0.72,-0.199,0.0,15.7,72.7
1784033041.447,2774,2.862,1.393,0.107,0.0,20.1,73.7
1784033041.447,2774,6.83,3.359,1.01,0.0,17.0,60.3
1784033041.447,2774,4.897,2.901,1.128,0.325,16.4,49.0
1784033041.447,2774,0.632,0.72,-0.056,-0.325,16.4,52.0
1784033041.549,2775,0.508,0.195,-0.16,0.0,12.0,62.9
1784033041.549,2775,1.521,-0.393,0.002,0.0,17.4,61.5
1784033041.549,2775,1.678,0.615,-0.071,0.0,11.5,66.6
1784033041.549,2775,1.77,0.72,-0.184,0.0,15.8,72.7
1784033041.549,2775,2.907,1.294,0.146,0.0,20.1,73.7
1784033041.549,2775,6.942,3.119,1.022,0.0,16.7,60.6
1784033041.549,2775,2.556,-3.58,0.256,-0.243,12.1,54.4
1784033041.651,2776,0.535,0.177,-0.067,0.0,12.7,62.7
1784033041.651,2776,1.507,-0.442,0.024,0.0,16.5,62.2
1784033041.651,2776,1.768,0.72,-0.201,0.0,15.9,72.5
1784033041.651,2776,2.862,1.393,0.116,0.0,20.2,73.7
1784033041.651,2776,6.834,3.359,0.989,0.0,17.0,60.4
1784033041.651,2776,0.602,0.66,0.352,-0.243,15.2,50.6
1784033041.754,2777,0.528,0.177,-0.105,0.0,12.2,62.8
1784033041.754,2777,1.507,-0.442,0.014,0.0,17.9,60.9
1784033041.754,2777,1.671,-0.16,-0.281,0.0,13.6,62.1
1784033041.754,2777,1.679,0.615,-0.031,0.0,12.0,66.4
1784033041.754,2777,1.768,0.72,-0.204,0.0,15.8,72.7
1784033041.754,2777,2.862,1.393,0.108,0.0,20.2,73.6
1784033041.754,2777,6.835,3.359,0.98,0.0,17.5,60.0
1784033041.754,2777,0.606,0.687,-0.013,-0.243,14.9,52.7
1784033041.807,2778,1.521,-0.393,-0.003,0.0,17.3,61.5
1784033041.807,2778,1.77,0.72,-0.184,0.0,15.6,72.9
1784033041.807,2778,2.907,1.294,0.146,0.0,20.1,73.7
1784033041.807,2778,6.938,3.119,1.046,0.0,17.0,60.3
1784033041.909,2779,0.536,0.177,-0.054,0.0,11.5,64.4
1784033041.909,2779,1.507,-0.442,0.021,0.0,17.2,61.6
1784033041.909,2779,1.655,0.671,-0.102,0.0,11.6,66.9
1784033041.909,2779,1.769,0.72,-0.192,0.0,15.7,72.7
1784033041.909,2779,2.862,1.393,0.104,0.0,20.4,73.5
1784033041.909,2779,6.935,3.119,1.068,0.0,16.9,60.3
1784033042.011,2780,1.507,-0.442,0.015,0.0,16.9,61.8
1784033042.011,2780,1.769,0.72,-0.195,0.0,15.7,72.7
1784033042.011,2780,2.862,1.393,0.114,0.0,19.9,73.8
1784033042.011,2780,6.947,3.119,0.985,0.0,17.8,59.6
1784033042.112,2781,1.521,-0.393,-0.006,0.0,16.8,62.0
1784033042.112,2781,1.672,-0.16,-0.269,0.0,12.4,63.2
1784033042.112,2781,1.771,0.72,-0.174,0.0,15.6,72.9
1784033042.112,2781,2.863,1.393,0.089,0.0,20.0,73.8
1784033042.112,2781,6.836,3.359,0.972,0.0,17.4,60.1
1784033042.213,2782,1.521,-0.393,-0.001,0.0,17.7,61.1
1784033042.213,2782,1.67,-0.16,-0.282,0.0,12.9,62.6
1784033042.213,2782,1.77,0.72,-0.185,0.0,15.6,72.9
1784033042.213,2782,2.861,1.393,0.119,0.0,20.1,73.7
1784033042.213,2782,6.834,3.359,0.984,0.0,17.5,59.9
1784033042.314,2783,1.478,-0.382,-0.02,0.0,15.5,63.1
1784033042.314,2783,1.67,-0.16,-0.283,0.0,12.2,63.3
1784033042.314,2783,1.679,0.615,0.044,0.0,11.3,67.1
1784033042.314,2783,1.768,0.72,-0.206,0.0,16.0,72.4
1784033042.314,2783,2.862,1.393,0.111,0.0,20.4,73.5
1784033042.314,2783,6.935,3.119,1.068,0.0,17.3,60.0
1784033042.415,2784,1.507,-0.442,0.019,0.0,16.9,61.8
1784033042.415,2784,1.768,0.72,-0.202,0.0,15.8,72.7
1784033042.415,2784,2.908,1.294,0.12,0.0,20.2,73.6
1784033042.415,2784,6.926,3.119,1.125,0.0,17.6,59.7
1784033042.415,2784,0.316,0.461,-0.098,-0.162,17.7,55.7
1784033042.516,2785,1.521,-0.393,-0.004,0.0,17.3,61.6
1784033042.516,2785,1.668,-0.16,-0.297,0.0,12.6,62.9
1784033042.516,2785,1.77,0.72,-0.181,0.0,15.6,72.8
1784033042.516,2785,2.862,1.393,0.114,0.0,20.0,73.8
1784033042.516,2785,6.835,3.359,0.978,0.0,17.2,60.1
1784033042.618,2786,0.515,0.195,-0.136,0.0,13.4,64.2
1784033042.618,2786,1.465,-0.429,0.004,0.0,15.7,63.0
1784033042.618,2786,1.672,-0.16,-0.273,0.0,12.5,63.0
1784033042.618,2786,1.68,0.615,-0.019,0.0,11.6,66.9
1784033042.618,2786,1.74,0.78,-0.224,0.0,15.9,72.5
1784033042.618,2786,2.862,1.393,0.112,0.0,20.2,73.6
1784033042.618,2786,6.935,3.119,1.068,0.0,17.4,60.1
1784033042.719,2787,0.409,-0.372,-0.126,0.0,11.9,63.7
1784033042.719,2787,1.507,-0.442,0.022,0.0,16.9,61.9
1784033042.719,2787,1.768,0.72,-0.2,0.0,15.7,72.8
1784033042.719,2787,2.862,1.393,0.111,0.0,20.1,73.8
1784033042.719,2787,5.762,3.068,0.467,0.0,11.6,61.0
1784033042.719,2787,6.929,3.119,1.107,0.0,17.0,60.1
1784033042.821,2788,1.521,-0.393,-0.005,0.0,17.1,61.7
1784033042.821,2788,1.67,-0.16,-0.282,0.0,12.8,62.7
1784033042.821,2788,1.677,0.615,-0.091,0.0,11.6,66.8
1784033042.821,2788,1.77,0.72,-0.187,0.0,15.8,72.7
1784033042.821,2788,2.861,1.393,0.119,0.0,20.0,73.8
1784033042.821,2788,6.833,3.359,0.99,0.0,17.2,60.2
1784033042.923,2789,0.511,0.195,-0.151,0.0,12.6,63.3
1784033042.923,2789,1.507,-0.442,0.021,0.0,17.1,61.7
1784033042.923,2789,1.679,0.615,-0.037,0.0,11.3,66.9
1784033042.923,2789,1.769,0.72,-0.191,0.0,15.8,72.7
1784033042.923,2789,2.861,1.393,0.119,0.0,20.0,73.9
1784033042.923,2789,6.839,3.359,0.951,0.0,17.1,60.4
1784033043.023,2790,0.499,0.071,0.26,0.0,12.4,62.8
1784033043.023,2790,0.375,-0.408,-0.122,0.0,12.4,62.8
1784033043.023,2790,1.507,-0.442,0.023,0.0,17.2,61.6
1784033043.023,2790,1.667,-0.213,-0.265,0.0,12.8,62.8
1784033043.023,2790,1.769,0.72,-0.191,0.0,15.7,72.7
1784033043.023,2790,2.862,1.393,0.109,0.0,20.0,73.9
1784033043.023,2790,5.712,3.068,0.889,0.0,11.4,61.1
1784033043.023,2790,6.833,3.359,0.991,0.0,17.0,60.1
1784033043.126,2791,0.486,0.195,-0.217,0.0,11.2,63.9
1784033043.126,2791,1.521,-0.393,0.004,0.0,17.4,61.4
1784033043.126,2791,1.669,-0.16,-0.293,0.0,12.7,62.7
1784033043.126,2791,1.678,0.615,-0.078,0.0,11.6,66.9
1784033043.126,2791,1.769,0.72,-0.192,0.0,15.7,72.8
1784033043.126,2791,2.906,1.294,0.151,0.0,20.2,73.7
1784033043.126,2791,6.941,3.119,1.023,0.0,17.2,60.3
1784033043.228,2792,0.538,0.177,-0.027,0.0,12.2,63.6
1784033043.228,2792,1.507,-0.442,0.021,0.0,16.8,62.1
1784033043.228,2792,1.77,0.72,-0.187,0.0,15.6,72.9
1784033043.228,2792,2.906,1.294,0.149,0.0,19.9,73.9
1784033043.228,2792,6.93,3.119,1.1,0.0,16.9,60.5
1784033043.329,2793,0.535,0.177,-0.067,0.0,12.0,63.8
1784033043.329,2793,1.507,-0.442,0.027,0.0,17.0,61.8
1784033043.329,2793,1.68,0.615,-0.018,0.0,11.5,66.7
1784033043.329,2793,1.769,0.72,-0.197,0.0,16.1,72.4
1784033043.329,2793,2.862,1.393,0.116,0.0,20.1,73.7
1784033043.329,2793,6.937,3.119,1.056,0.0,16.6,60.3
1784033043.329,2793,5.248,4.015,1.437,-0.162,12.4,50.4
1784033043.43,2794,1.521,-0.393,-0.004,0.0,16.7,62.1
1784033043.43,2794,1.668,-0.16,-0.297,0.0,12.6,63.0
1784033043.43,2794,1.771,0.72,-0.179,0.0,15.9,72.6
1784033043.43,2794,2.907,1.294,0.147,0.0,20.0,73.8
1784033043.43,2794,6.934,3.119,1.069,0.0,16.6,60.5
1784033043.533,2795,0.542,0.16,0.045,0.0,12.6,63.0
1784033043.533,2795,1.521,-0.393,0.005,0.0,17.0,61.8
1784033043.533,2795,1.77,0.72,-0.186,0.0,15.8,72.7
1784033043.533,2795,2.906,1.294,0.151,0.0,20.0,73.8
1784033043.533,2795,6.85,3.359,0.865,0.0,17.1,60.2
1784033043.634,2796,1.521,-0.393,-0.002,0.0,16.8,62.0
1784033043.634,2796,1.669,-0.16,-0.29,0.0,12.9,62.7
1784033043.634,2796,1.68,0.615,-0.021,0.0,11.4,66.9
1784033043.634,2796,1.739,0.78,-0.232,0.0,15.9,72.6
1784033043.634,2796,2.862,1.393,0.116,0.0,20.1,73.7
1784033043.634,2796,5.714,3.068,0.877,0.0,11.6,60.9
1784033043.634,2796,6.939,3.119,1.036,0.0,17.1,60.3
1784033043.735,2797,0.529,0.177,-0.103,0.0,12.0,63.1
1784033043.735,2797,1.521,-0.393,0.009,0.0,16.8,61.9
1784033043.735,2797,1.77,0.72,-0.186,0.0,15.7,72.8
1784033043.735,2797,2.862,1.393,0.111,0.0,20.2,73.6
1784033043.735,2797,6.948,3.119,0.979,0.0,17.5,60.1
1784033043.836,2798,1.521,-0.393,0.009,0.0,17.5,61.3
1784033043.836,2798,1.77,0.72,-0.187,0.0,15.8,72.7
1784033043.836,2798,2.906,1.294,0.153,0.0,20.0,73.8
1784033043.836,2798,6.939,3.119,1.042,0.0,16.9,60.5
1784033043.938,2799,0.534,0.177,-0.068,0.0,12.3,63.1
1784033043.938,2799,1.521,-0.393,0.01,0.0,16.8,61.9
1784033043.938,2799,1.671,-0.16,-0.281,0.0,12.8,62.7
1784033043.938,2799,1.68,0.615,-0.011,0.0,11.7,66.8
1784033043.938,2799,1.739,0.78,-0.226,0.0,15.9,72.6
1784033043.938,2799,2.862,1.393,0.115,0.0,20.1,73.7
1784033043.938,2799,6.945,3.119,0.996,0.0,16.7,60.7
1784033044.039,2800,0.532,0.177,-0.087,0.0,12.1,63.2
1784033044.039,2800,1.521,-0.393,-0.002,0.0,17.3,61.6
1784033044.039,2800,1.77,0.72,-0.182,0.0,15.9,72.6
1784033044.039,2800,2.907,1.294,0.146,0.0,20.0,73.8
1784033044.039,2800,6.845,3.359,0.909,0.0,16.3,61.2
1784033044.14,2801,1.507,-0.442,0.031,0.0,16.9,61.9
1784033044.14,2801,1.672,-0.16,-0.274,0.0,13.0,62.5
1784033044.14,2801,1.679,0.615,-0.043,0.0,11.7,66.6
1784033044.14,2801,1.768,0.72,-0.201,0.0,15.9,72.6
1784033044.14,2801,2.861,1.393,0.12,0.0,20.2,73.6
1784033044.14,2801,6.837,3.359,0.967,0.0,16.8,60.7
1784033044.241,2802,0.537,0.177,-0.042,0.0,12.5,63.1
1784033044.241,2802,1.521,-0.393,-0.002,0.0,17.1,61.6
1784033044.241,2802,1.67,-0.16,-0.284,0.0,12.7,62.9
1784033044.241,2802,1.68,0.615,-0.021,0.0,11.4,66.9
1784033044.241,2802,1.739,0.78,-0.228,0.0,15.7,72.8
1784033044.241,2802,2.862,1.393,0.116,0.0,20.2,73.6
1784033044.241,2802,6.944,3.119,1.005,0.0,16.7,61.0
1784033044.344,2803,1.507,-0.442,0.025,0.0,17.2,61.5
1784033044.344,2803,1.679,0.615,-0.04,0.0,11.3,66.9
1784033044.344,2803,1.769,0.72,-0.19,0.0,15.6,72.9
1784033044.344,2803,2.862,1.393,0.115,0.0,20.0,73.8
1784033044.344,2803,6.847,3.359,0.892,0.0,16.9,60.7
1784033044.344,2803,0.727,-0.07,-0.132,0.081,12.2,58.4
1784033044.445,2804,0.525,0.177,-0.121,0.0,11.9,63.3
1784033044.445,2804,1.507,-0.442,0.02,0.0,17.0,61.8
1784033044.445,2804,1.67,-0.16,-0.282,0.0,12.8,62.7
1784033044.445,2804,1.657,0.671,-0.071,0.0,11.6,66.8
1784033044.445,2804,1.77,0.72,-0.183,0.0,15.9,72.6
1784033044.445,2804,2.862,1.393,0.116,0.0,20.0,73.8
1784033044.445,2804,5.731,3.068,0.759,0.0,11.4,61.2
1784033044.445,2804,6.841,3.359,0.934,0.0,16.8,60.7
1784033044.445,2804,4.056,-3.031,0.645,-0.162,12.1,51.8
1784033044.547,2805,0.538,0.177,-0.029,0.0,11.9,63.5
1784033044.547,2805,1.465,-0.429,0.014,0.0,16.5,62.2
1784033044.547,2805,1.669,-0.16,-0.288,0.0,13.0,62.6
1784033044.547,2805,1.68,0.615,-0.015,0.0,11.7,66.7
1784033044.547,2805,1.74,0.78,-0.225,0.0,16.0,72.5
1784033044.547,2805,2.862,1.393,0.112,0.0,20.0,73.8
1784033044.547,2805,5.83,2.863,0.798,0.0,11.3,61.4
1784033044.547,2805,6.947,3.119,0.986,0.0,17.5,60.1
1784033044.648,2806,1.507,-0.442,0.021,0.0,17.1,61.6
1784033044.648,2806,1.679,0.615,-0.039,0.0,11.7,66.7
1784033044.648,2806,1.768,0.72,-0.206,0.0,15.9,72.6
1784033044.648,2806,2.862,1.393,0.112,0.0,20.0,73.8
1784033044.648,2806,6.846,3.359,0.903,0.0,16.7,60.7
1784033044.75,2807,0.529,0.177,-0.104,0.0,11.8,63.3
1784033044.75,2807,1.507,-0.442,0.02,0.0,17.3,61.5
1784033044.75,2807,1.67,-0.16,-0.285,0.0,13.0,62.6
1784033044.75,2807,1.679,0.615,-0.065,0.0,11.6,66.6
1784033044.75,2807,1.77,0.72,-0.187,0.0,15.8,72.7
1784033044.75,2807,2.906,1.294,0.15,0.0,20.0,73.8
1784033044.75,2807,6.848,3.359,0.882,0.0,17.1,60.3
1784033044.75,2807,0.621,0.72,0.131,-0.162,11.4,51.4
1784033044.85,2808,0.537,0.177,-0.048,0.0,11.6,63.7
1784033044.85,2808,1.465,-0.429,-0.001,0.0,16.1,62.5
1784033044.85,2808,1.671,-0.16,-0.277,0.0,12.8,62.8
1784033044.85,2808,1.68,0.615,-0.012,0.0,11.6,66.9
1784033044.85,2808,1.739,0.78,-0.23,0.0,15.6,72.8
1784033044.85,2808,2.862,1.393,0.116,0.0,20.2,73.6
1784033044.85,2808,6.938,3.119,1.046,0.0,17.6,59.8
1784033044.85,2808,2.608,-3.408,0.784,-0.406,16.7,52.1
1784033044.85,2808,0.586,0.627,0.157,-0.243,12.7,52.2
1784033044.85,2808,0.478,0.81,-0.192,-0.162,11.8,51.6
1784033044.952,2809,1.521,-0.393,0.004,0.0,16.9,61.8
1784033044.952,2809,1.67,-0.16,-0.284,0.0,12.7,63.0
1784033044.952,2809,1.68,0.615,-0.03,0.0,11.4,66.9
1784033044.952,2809,1.768,0.72,-0.201,0.0,15.6,72.9
1784033044.952,2809,2.862,1.393,0.113,0.0,20.2,73.6
1784033044.952,2809,6.836,3.359,0.971,0.0,17.0,60.2
1784033044.952,2809,0.318,0.532,0.21,-0.081,14.8,61.1
1784033045.002,2810,1.507,-0.442,0.023,0.0,16.8,62.1
1784033045.002,2810,1.769,0.72,-0.194,0.0,15.6,72.9
1784033045.002,2810,2.906,1.294,0.152,0.0,20.1,73.7
1784033045.002,2810,6.933,3.119,1.082,0.0,17.5,59.9
1784033045.002,2810,0.419,0.589,0.307,0.325,23.0,46.5
1784033045.105,2811,0.405,0.47,0.208,0.0,15.2,63.3
1784033045.105,2811,1.521,-0.393,-0.002,0.0,16.9,61.8
1784033045.105,2811,1.672,-0.16,-0.271,0.0,12.4,63.3
1784033045.105,2811,1.679,0.615,-0.036,0.0,11.5,67.1
1784033045.105,2811,1.741,0.78,-0.214,0.0,15.5,73.0
1784033045.105,2811,2.861,1.393,0.128,0.0,20.3,73.5
1784033045.105,2811,6.842,3.359,0.926,0.0,17.2,60.0
1784033045.105,2811,0.409,0.245,0.216,-0.243,18.2,54.1
1784033045.21,2812,1.679,0.615,-0.044,0.0,11.4,66.9
1784033045.21,2812,1.768,0.72,-0.206,0.0,15.6,72.9
1784033045.21,2812,2.861,1.393,0.123,0.0,20.2,73.5
1784033045.21,2812,6.832,3.359,0.997,0.0,17.2,59.9
1784033045.21,2812,0.321,0.376,0.171,-0.243,23.6,54.2
1784033045.21,2812,0.396,0.524,0.238,-0.081,15.7,61.2
1784033045.322,2813,1.507,-0.442,0.018,0.0,16.7,62.0
1784033045.322,2813,1.671,-0.16,-0.278,0.0,12.9,62.8
1784033045.322,2813,1.679,0.615,-0.043,0.0,11.5,66.8
1784033045.322,2813,1.772,0.72,-0.16,0.0,15.7,72.7
1784033045.322,2813,2.908,1.294,0.117,0.0,20.1,73.7
1784033045.322,2813,6.932,3.119,1.084,0.0,17.7,59.5
1784033045.322,2813,1.012,1.418,-0.107,-0.243,18.7,50.5
