t,frame,x,y,z,doppler,snr_db
1783972886.374,1,0.535,-0.92,-0.504,0.0,12.4
1783972886.374,1,1.09,0.442,0.074,0.0,12.4
1783972886.374,1,7.345,-1.898,0.283,0.0,13.6
1783972886.374,1,6.863,1.186,3.021,0.0,13.6
1783972886.374,1,7.45,-1.952,1.294,0.0,14.8
1783972886.432,2,0.86,0.638,0.375,0.0,11.4
1783972886.432,2,3.903,6.332,0.996,0.0,13.3
1783972886.432,2,7.47,0.469,0.544,0.0,13.3
1783972886.432,2,7.386,-1.909,0.307,0.0,14.9
1783972886.432,2,7.419,-2.196,1.059,0.0,12.8
1783972886.548,3,1.106,0.405,-0.005,0.0,11.8
1783972886.548,3,7.346,-1.898,0.249,0.0,16.8
1783972886.548,3,6.678,0.949,3.484,0.0,16.8
1783972886.548,3,7.429,-2.196,0.989,0.0,13.6
1783972886.548,3,0.743,-0.13,-0.345,0.162,13.2
1783972886.657,4,1.119,0.368,0.032,0.0,11.6
1783972886.657,4,3.951,6.332,0.785,0.0,12.7
1783972886.657,4,7.395,0.235,1.256,0.0,12.7
1783972886.657,4,7.308,-1.898,0.785,0.0,14.2
1783972886.657,4,7.532,0.949,0.0,0.0,14.2
1783972886.657,4,7.432,-2.196,0.965,0.0,12.9
1783972886.657,4,0.814,-0.155,0.021,0.162,12.5
1783972886.773,5,0.802,0.674,0.435,0.0,12.0
1783972886.773,5,3.95,6.332,0.79,0.0,12.3
1783972886.773,5,7.489,0.469,0.013,0.0,12.3
1783972886.773,5,7.267,0.954,2.137,0.0,11.5
1783972886.773,5,7.365,-1.67,-1.124,0.0,11.5
1783972886.773,5,7.47,-2.196,0.604,0.0,13.4
1783972886.773,5,6.83,0.244,3.779,0.0,13.4
1783972886.773,5,0.683,0.518,-0.164,0.162,12.4
1783972886.88,6,1.106,0.405,0.026,0.0,12.0
1783972886.88,6,3.906,6.332,0.981,0.0,12.6
1783972886.88,6,7.387,0.469,1.237,0.0,12.6
1783972886.88,6,7.544,0.954,0.683,0.0,12.1
1783972886.88,6,7.524,-1.952,0.749,0.0,15.1
1783972886.945,7,1.119,0.368,0.029,0.0,11.3
1783972886.945,7,4.008,6.332,0.394,0.0,12.3
1783972886.945,7,7.275,-1.92,1.531,0.0,15.0
1783972886.945,7,7.234,0.72,-2.473,0.0,15.0
1783972886.945,7,7.439,-1.941,1.097,0.0,14.3
1783972886.945,7,7.779,0.736,0.782,0.0,11.8
1783972887.046,8,1.106,0.405,-0.008,0.0,11.6
1783972887.046,8,7.304,-1.898,0.827,0.0,15.4
1783972887.046,8,7.006,1.186,-2.671,0.0,15.4
1783972887.046,8,7.445,-1.952,1.32,0.0,13.9
1783972887.148,9,0.837,0.674,0.365,0.0,11.4
1783972887.148,9,7.294,-1.898,0.91,0.0,14.4
1783972887.148,9,7.305,0.949,-1.836,0.0,14.4
1783972887.148,9,7.609,0.72,-0.736,0.0,13.0
1783972887.148,9,7.283,-1.92,1.496,0.0,13.0
1783972887.148,9,7.401,-1.952,1.549,0.0,14.5
1783972887.148,9,7.746,0.976,0.198,0.0,14.5
1783972887.249,10,0.521,-0.886,-0.479,0.0,11.9
1783972887.249,10,0.786,0.674,0.464,0.0,11.9
1783972887.249,10,7.264,-1.898,1.12,0.0,14.1
1783972887.249,10,7.473,0.949,-0.94,0.0,14.1
1783972887.249,10,7.315,-2.184,1.423,0.0,16.8
1783972887.351,11,3.978,6.332,0.63,0.0,11.8
1783972887.351,11,6.994,-2.111,1.717,0.0,11.8
1783972887.351,11,7.268,-2.147,0.928,0.0,12.6
1783972887.351,11,7.541,1.193,-0.023,0.0,12.6
1783972887.351,11,7.214,-2.184,1.87,0.0,14.2
1783972887.451,12,0.808,0.674,0.424,0.0,11.5
1783972887.451,12,3.897,6.332,1.016,0.0,12.6
1783972887.451,12,7.201,-1.909,1.674,0.0,13.0
1783972887.451,12,7.53,0.954,-0.823,0.0,13.0
1783972887.451,12,7.342,-1.941,1.621,0.0,16.1
1783972887.451,12,8.438,-0.532,0.944,0.0,11.7
1783972887.553,13,1.118,0.368,0.037,0.0,12.1
1783972887.553,13,4.348,6.097,0.48,0.0,11.9
1783972887.553,13,7.269,-1.661,1.423,0.0,12.6
1783972887.553,13,7.289,0.949,-1.898,0.0,12.6
1783972887.553,13,7.258,-2.196,1.867,0.0,12.7
1783972887.553,13,7.739,0.976,0.387,0.0,12.7
1783972887.653,14,0.823,0.674,0.394,0.0,12.2
1783972887.653,14,7.343,-1.909,0.852,0.0,16.7
1783972887.653,14,7.18,1.193,-2.305,0.0,16.7
1783972887.653,14,6.811,-2.44,2.939,0.0,12.2
1783972887.653,14,7.797,0.244,-0.361,0.0,12.2
1783972887.754,15,0.532,-0.92,-0.508,0.0,11.8
1783972887.754,15,1.119,0.368,0.008,0.0,11.8
1783972887.754,15,3.959,6.332,0.742,0.0,12.7
1783972887.754,15,7.34,-1.909,0.883,0.0,16.4
1783972887.754,15,7.012,0.954,-2.866,0.0,16.4
1783972887.856,16,0.765,0.674,0.498,0.0,12.4
1783972887.856,16,7.385,-1.909,0.344,0.0,16.2
1783972887.856,16,6.752,0.954,3.433,0.0,16.2
1783972887.957,17,4.329,6.097,0.632,0.0,12.2
1783972887.957,17,7.291,-1.898,0.932,0.0,14.4
1783972887.957,17,7.328,0.949,-1.742,0.0,14.4
1783972887.957,17,7.467,-1.952,1.194,0.0,12.0
1783972888.058,18,7.454,-1.941,0.989,0.0,13.4
1783972888.159,19,1.104,0.405,-0.071,0.0,12.1
1783972888.159,19,7.211,-2.123,0.676,0.0,12.9
1783972888.159,19,7.201,-2.172,1.748,0.0,12.9
1783972888.159,19,7.68,0.724,-0.348,0.0,12.9
1783972888.26,20,0.764,0.674,0.499,0.0,11.6
1783972888.26,20,3.95,6.332,0.79,0.0,11.2
1783972888.26,20,7.265,-1.876,0.114,0.0,11.2
1783972888.26,20,7.376,-2.172,0.713,0.0,11.6
1783972888.26,20,6.984,0.483,3.259,0.0,11.6
1783972888.362,21,0.823,0.674,0.394,0.0,12.7
1783972888.362,21,7.333,-1.898,0.51,0.0,14.4
1783972888.362,21,7.302,-2.44,1.308,0.0,13.6
1783972888.463,22,7.389,-1.909,0.221,0.0,13.5
1783972888.463,22,7.44,-1.941,1.087,0.0,12.0
1783972888.563,23,7.337,-1.898,0.441,0.0,18.6
1783972888.664,24,1.119,0.368,-0.002,0.0,12.0
1783972888.664,24,4.323,6.097,0.673,0.0,12.1
1783972888.664,24,7.324,-1.92,1.281,0.0,14.7
1783972888.766,25,1.119,0.368,-0.022,0.0,12.6
1783972888.766,25,3.956,6.332,0.757,0.0,13.1
1783972888.766,25,7.513,-1.699,0.99,0.0,14.9
1783972888.867,26,0.956,0.626,0.286,0.0,12.1
1783972888.867,26,4.31,6.097,0.751,0.0,13.1
1783972888.867,26,7.36,-1.92,1.05,0.0,14.8
1783972888.968,27,1.105,0.405,0.046,0.0,11.7
1783972888.968,27,4.32,6.097,0.692,0.0,13.9
1783972888.968,27,7.337,-0.704,1.407,0.0,13.9
1783972888.968,27,7.775,0.732,0.014,0.0,12.0
1783972888.968,27,6.812,-1.952,3.282,0.0,12.0
1783972889.068,28,0.536,-0.92,-0.503,0.0,11.7
1783972889.068,28,1.119,0.368,0.03,0.0,11.7
1783972889.068,28,4.307,6.097,0.764,0.0,12.7
1783972889.169,29,0.978,0.626,0.198,0.0,11.4
1783972889.169,29,7.111,-2.372,1.199,0.0,15.0
1783972889.169,29,7.542,-1.952,0.54,0.0,13.8
1783972889.27,30,0.793,0.674,0.453,0.0,12.0
1783972889.27,30,4.326,6.097,0.653,0.0,12.0
1783972889.27,30,7.362,-2.16,-0.323,0.0,13.3
1783972889.27,30,7.148,0.48,2.763,0.0,13.3
1783972889.371,31,1.106,0.405,-0.014,0.0,11.9
1783972889.371,31,7.247,-2.16,1.335,0.0,15.6
1783972889.471,32,0.77,0.674,0.49,0.0,12.4
1783972889.471,32,4.334,6.097,0.591,0.0,12.5
1783972889.471,32,7.305,-2.16,0.966,0.0,15.8
1783972889.572,33,0.552,-0.92,-0.485,0.0,11.8
1783972889.572,33,1.106,0.405,0.036,0.0,11.8
1783972889.572,33,7.296,-1.887,0.422,0.0,13.8
1783972889.572,33,7.257,-2.4,0.733,0.0,15.1
1783972889.572,33,7.476,-1.952,1.136,0.0,12.4
1783972889.673,34,1.092,0.442,-0.013,0.0,12.1
1783972889.673,34,4.26,6.097,0.993,0.0,13.7
1783972889.673,34,7.356,-1.407,0.478,0.0,13.7
1783972889.673,34,7.337,-2.16,0.678,0.0,16.5
1783972889.673,34,8.437,-1.063,0.267,0.0,11.9
1783972889.773,35,0.531,-0.92,-0.508,0.0,11.9
1783972889.773,35,0.967,0.626,0.246,0.0,11.9
1783972889.773,35,3.982,6.332,0.607,0.0,11.8
1783972889.773,35,7.032,0.704,2.523,0.0,11.8
1783972889.773,35,7.389,-2.172,0.57,0.0,12.7
1783972889.773,35,8.439,-0.798,0.728,0.0,11.5
1783972889.873,36,0.798,0.674,0.443,0.0,12.0
1783972889.873,36,4.309,6.097,0.753,0.0,12.9
1783972889.873,36,7.468,-1.699,1.286,0.0,13.3
1783972889.974,37,1.119,0.368,-0.014,0.0,12.1
1783972889.974,37,3.974,6.332,0.656,0.0,13.5
1783972889.974,37,6.674,0.704,3.358,0.0,13.5
1783972889.974,37,7.728,0.736,1.186,0.0,11.9
1783972889.974,37,7.49,-2.209,-0.831,0.0,11.9
1783972890.074,38,4.235,6.097,1.097,0.0,13.2
1783972890.074,38,7.166,0.477,2.592,0.0,11.4
1783972890.074,38,7.251,-2.386,-0.13,0.0,11.4
1783972890.074,38,7.161,-2.196,2.21,0.0,11.3
1783972890.176,39,0.78,0.709,0.419,0.0,12.0
1783972890.176,39,4.31,6.097,0.752,0.0,13.3
1783972890.176,39,7.345,-2.16,0.596,0.0,12.7
1783972890.176,39,7.429,0.72,1.805,0.0,12.7
1783972890.277,40,1.118,0.368,0.035,0.0,11.4
1783972890.277,40,4.353,6.097,0.438,0.0,15.1
1783972890.277,40,6.697,0.704,3.312,0.0,15.1
1783972890.277,40,7.165,-2.16,1.72,0.0,13.5
1783972890.277,40,7.633,0.72,-0.425,0.0,13.5
1783972890.378,41,4.34,6.097,0.548,0.0,13.1
1783972890.378,41,7.322,-1.642,0.071,0.0,13.1
1783972890.378,41,7.242,-1.92,1.684,0.0,16.0
1783972890.378,41,7.468,0.72,-1.636,0.0,16.0
1783972890.479,42,1.075,0.479,0.057,0.0,11.5
1783972890.479,42,7.242,-2.123,0.13,0.0,14.5
1783972890.479,42,7.247,-2.16,1.332,0.0,16.7
1783972890.479,42,7.065,0.72,-2.919,0.0,16.7
1783972890.53,43,0.812,0.674,0.417,0.0,12.3
1783972890.53,43,3.923,6.332,0.912,0.0,11.6
1783972890.53,43,7.278,-2.16,1.154,0.0,14.3
1783972890.53,43,7.43,-2.184,0.582,0.0,11.4
1783972890.681,44,0.855,0.674,0.319,0.0,11.6
1783972890.681,44,3.985,6.332,0.586,0.0,12.2
1783972890.681,44,6.994,-2.111,1.717,0.0,12.2
1783972890.681,44,8.464,-0.798,0.321,0.0,11.9
1783972890.782,45,3.913,6.332,0.956,0.0,12.3
1783972890.782,45,7.396,0.235,1.248,0.0,12.3
1783972890.782,45,7.714,0.728,-0.528,0.0,13.0
1783972890.782,45,6.692,-1.941,3.43,0.0,13.0
1783972890.833,46,1.09,0.442,0.062,0.0,12.7
1783972890.833,46,7.286,-1.898,0.97,0.0,16.3
1783972890.935,47,0.813,0.674,0.415,0.0,11.4
1783972890.935,47,7.433,1.67,-0.498,0.0,13.7
1783972890.935,47,7.31,-1.909,1.104,0.0,13.7
1783972890.935,47,7.766,0.732,0.384,0.0,12.8
1783972891.086,48,0.845,0.674,0.344,0.0,11.6
1783972891.086,48,4.321,6.097,0.682,0.0,12.0
1783972891.086,48,7.476,1.432,0.59,0.0,12.9
1783972891.086,48,6.982,-2.625,1.628,0.0,12.9
1783972891.086,48,7.626,-0.244,1.664,0.0,12.1
1783972891.136,49,1.116,0.368,0.086,0.0,11.9
1783972891.136,49,7.29,-1.887,0.513,0.0,14.0
1783972891.136,49,7.289,-2.16,1.08,0.0,16.7
1783972891.136,49,7.79,0.488,0.271,0.0,12.1
1783972891.136,49,7.197,-1.708,2.506,0.0,12.1
1783972891.237,50,7.206,-2.123,0.734,0.0,13.5
1783972891.237,50,7.305,-2.16,0.966,0.0,14.9
1783972891.237,50,7.369,1.68,-1.357,0.0,14.9
1783972891.237,50,7.774,0.732,-0.125,0.0,11.5
1783972891.237,50,7.016,-2.196,2.635,0.0,11.5
1783972891.338,51,0.997,0.589,0.218,0.0,11.9
1783972891.338,51,4.346,6.097,0.501,0.0,13.3
1783972891.338,51,7.281,-2.16,1.134,0.0,16.3
1783972891.338,51,6.998,0.72,-3.076,0.0,16.3
1783972891.438,52,0.825,0.674,0.39,0.0,11.7
1783972891.438,52,3.962,6.332,0.725,0.0,12.8
1783972891.438,52,7.312,0.469,1.62,0.0,12.8
1783972891.438,52,7.437,-1.941,1.107,0.0,14.0
1783972891.539,53,0.793,0.674,0.452,0.0,11.4
1783972891.539,53,4.357,6.097,0.396,0.0,12.0
1783972891.539,53,7.422,0.469,1.004,0.0,12.0
1783972891.539,53,7.385,-1.909,0.345,0.0,12.5
1783972891.539,53,7.201,1.193,2.24,0.0,12.5
1783972891.539,53,7.371,-2.196,1.354,0.0,13.4
1783972891.64,54,1.116,0.368,0.077,0.0,12.1
1783972891.64,54,3.996,6.332,0.502,0.0,12.9
1783972891.64,54,7.347,0.469,1.452,0.0,12.9
1783972891.64,54,7.289,-2.147,0.74,0.0,15.9
1783972891.742,55,1.075,0.479,0.058,0.0,11.3
1783972891.742,55,4.349,6.097,0.472,0.0,13.7
1783972891.742,55,6.767,0.469,3.209,0.0,13.7
1783972891.742,55,7.404,-1.68,1.147,0.0,11.9
1783972891.742,55,8.419,-0.798,0.928,0.0,11.2
1783972891.848,56,0.823,0.638,0.45,0.0,11.4
1783972891.848,56,4.314,6.097,0.724,0.0,13.4
1783972891.848,56,6.9,0.469,2.911,0.0,13.4
1783972891.848,56,7.21,-2.16,1.52,0.0,15.7
1783972891.848,56,7.447,0.72,-1.729,0.0,15.7
1783972891.848,56,8.585,-1.928,0.508,0.0,11.6
1783972891.95,57,1.118,0.368,0.052,0.0,11.9
1783972891.95,57,7.284,-1.887,0.593,0.0,15.8
1783972891.95,57,7.394,-1.92,0.781,0.0,12.8
1783972892.054,58,0.461,0.267,0.298,0.0,12.0
1783972892.054,58,1.092,0.442,0.01,0.0,11.6
1783972892.054,58,7.369,-1.92,0.99,0.0,14.8
1783972892.155,59,0.47,0.267,0.285,0.0,12.6
1783972892.155,59,1.106,0.405,-0.028,0.0,12.7
1783972892.155,59,4.326,6.097,0.651,0.0,11.4
1783972892.155,59,7.368,0.469,1.342,0.0,11.4
1783972892.155,59,7.229,-2.386,0.583,0.0,12.7
1783972892.256,60,0.462,0.267,0.297,0.0,12.3
1783972892.256,60,1.119,0.368,-0.022,0.0,11.9
1783972892.256,60,8.43,-1.063,0.43,0.0,11.7
1783972892.357,61,3.967,6.332,0.699,0.0,12.4
1783972892.357,61,7.459,0.469,0.674,0.0,12.4
1783972892.357,61,7.431,-1.92,0.227,0.0,14.3
1783972892.458,62,7.449,-1.67,-0.1,0.0,16.7
1783972892.458,62,6.9,0.954,3.127,0.0,16.7
1783972892.458,62,7.505,-1.699,1.048,0.0,11.5
1783972892.559,63,1.104,0.405,-0.067,0.0,12.3
1783972892.559,63,3.88,6.332,1.081,0.0,13.4
1783972892.559,63,7.43,0.469,0.938,0.0,13.4
1783972892.559,63,7.469,-1.941,0.873,0.0,15.6
1783972892.659,64,1.017,0.354,0.357,0.0,13.6
1783972892.659,64,7.339,-1.909,0.891,0.0,14.8
1783972892.76,65,0.777,-0.815,-0.136,0.0,12.7
1783972892.76,65,1.066,0.354,0.158,0.0,12.7
1783972892.76,65,7.284,-1.179,1.586,0.0,12.1
1783972892.76,65,6.9,1.415,-2.713,0.0,12.1
1783972892.76,65,7.424,-1.68,1.013,0.0,15.5
1783972892.76,65,7.579,1.2,0.281,0.0,15.5
1783972892.861,66,0.731,-0.815,-0.295,0.0,14.6
1783972892.861,66,7.414,-1.931,0.966,0.0,14.2
1783972892.962,67,0.727,-0.815,-0.305,0.0,13.2
1783972892.962,67,7.241,-1.415,1.593,0.0,12.7
1783972892.962,67,4.698,5.897,0.361,0.0,12.7
1783972892.962,67,7.447,-1.2,1.439,0.0,14.2
1783972892.962,67,7.474,-1.952,1.149,0.0,11.5
1783972893.063,68,0.744,-0.851,-0.1,0.0,13.5
1783972893.063,68,7.496,-1.432,0.232,0.0,14.6
1783972893.063,68,6.606,1.432,3.55,0.0,14.6
1783972893.164,69,7.292,-1.651,1.033,0.0,16.3
1783972893.164,69,7.525,-1.44,0.518,0.0,17.8
1783972893.266,70,7.293,-1.651,1.029,0.0,15.4
1783972893.266,70,7.649,0.965,0.441,0.0,13.0
1783972893.367,71,3.633,6.097,-2.437,0.0,11.5
1783972893.367,71,7.322,1.407,0.846,0.0,11.5
1783972893.367,71,7.412,-1.67,0.757,0.0,15.3
1783972893.367,71,7.516,1.193,0.615,0.0,15.3
1783972893.367,71,7.566,-1.699,0.423,0.0,13.1
1783972893.467,72,7.249,-1.909,1.451,0.0,15.5
1783972893.467,72,7.465,1.193,-1.072,0.0,15.5
1783972893.568,73,7.356,-1.67,1.182,0.0,16.0
1783972893.568,73,7.33,1.193,-1.774,0.0,16.0
1783972893.669,74,0.728,-0.851,-0.181,0.0,12.0
1783972893.669,74,7.43,-1.432,1.021,0.0,15.7
1783972893.669,74,7.3,1.193,-1.894,0.0,15.7
1783972893.669,74,7.328,-1.456,2.119,0.0,12.6
1783972893.669,74,7.495,1.213,-1.631,0.0,12.6
1783972893.77,75,7.428,-1.423,0.655,0.0,15.1
1783972893.77,75,7.276,1.423,-1.632,0.0,15.1
1783972893.872,76,7.453,-1.423,0.222,0.0,15.5
1783972893.972,77,7.482,-1.432,0.518,0.0,16.5
1783972893.972,77,7.628,-1.456,-0.019,0.0,12.6
1783972894.073,78,7.498,-1.432,-0.159,0.0,15.0
1783972894.073,78,7.493,-1.699,1.13,0.0,14.2
1783972894.174,79,7.087,-1.661,2.155,0.0,12.6
1783972894.174,79,7.328,1.661,-1.081,0.0,12.6
1783972894.174,79,6.93,-1.448,3.085,0.0,12.5
1783972894.174,79,7.662,0.965,-0.039,0.0,12.5
1783972894.275,80,7.538,-1.44,0.25,0.0,15.2
1783972894.275,80,7.436,-1.456,1.701,0.0,13.3
1783972894.376,81,7.441,1.67,0.361,0.0,13.0
1783972894.376,81,7.627,-1.456,0.139,0.0,12.0
1783972894.376,81,7.59,1.213,1.105,0.0,12.0
1783972894.477,82,7.423,-1.423,0.711,0.0,15.9
1783972894.477,82,7.075,1.423,-2.356,0.0,15.9
1783972894.578,83,7.498,-1.432,0.172,0.0,17.5
1783972894.578,83,7.607,1.207,0.554,0.0,13.2
1783972894.678,84,7.499,-1.432,-0.065,0.0,15.8
1783972894.678,84,7.441,1.432,0.934,0.0,15.8
1783972894.678,84,8.425,0.266,1.149,0.0,12.1
1783972894.729,85,7.497,-1.186,-0.131,0.0,12.1
1783972894.729,85,7.386,1.661,0.567,0.0,12.1
1783972894.729,85,7.59,-1.456,0.765,0.0,16.7
1783972894.879,86,7.459,1.432,-0.782,0.0,14.2
1783972894.879,86,7.456,-1.432,0.805,0.0,14.2
1783972894.879,86,7.67,-1.213,-0.096,0.0,13.1
1783972894.879,86,6.827,1.213,3.497,0.0,13.1
1783972894.879,86,8.473,0.266,0.722,0.0,12.1
1783972894.98,87,7.466,1.432,0.711,0.0,14.8
1783972894.98,87,7.545,1.207,1.115,0.0,12.7
1783972894.98,87,7.546,-1.448,-0.77,0.0,12.7
1783972895.03,88,7.444,1.432,0.911,0.0,14.8
1783972895.03,88,7.499,-1.432,0.081,0.0,14.8
1783972895.03,88,7.628,-1.456,0.095,0.0,12.4
1783972895.03,88,8.487,0.266,0.53,0.0,11.5
1783972895.181,89,7.403,-1.179,0.882,0.0,14.0
1783972895.181,89,7.583,-1.2,-0.124,0.0,15.8
1783972895.284,90,7.584,-1.2,0.059,0.0,14.4
1783972895.284,90,7.562,-1.708,0.94,0.0,14.6
1783972895.334,91,7.526,-1.44,0.497,0.0,17.6
1783972895.436,92,7.497,1.213,1.624,0.0,13.6
1783972895.436,92,7.539,-1.456,-1.163,0.0,13.6
1783972895.587,93,7.421,1.448,1.569,0.0,13.5
1783972895.587,93,7.548,-1.448,-0.753,0.0,13.5
1783972895.638,94,7.392,1.423,0.979,0.0,12.0
1783972895.638,94,7.456,-1.423,-0.066,0.0,12.0
1783972895.638,94,7.628,-1.456,0.096,0.0,17.1
1783972895.638,94,7.225,1.456,2.447,0.0,17.1
1783972895.739,95,7.359,-1.651,0.298,0.0,12.2
1783972895.739,95,7.534,1.689,0.125,0.0,12.9
1783972895.739,95,7.612,-1.207,0.483,0.0,12.9
1783972895.84,96,7.472,-1.464,1.735,0.0,14.1
1783972895.84,96,7.597,1.22,-1.336,0.0,14.1
1783972895.941,97,7.404,-1.415,0.377,0.0,13.0
1783972895.941,97,7.486,1.448,1.226,0.0,16.6
1783972895.941,97,7.414,-1.448,-1.604,0.0,16.6
1783972895.941,97,7.599,-1.718,0.988,0.0,11.2
1783972895.941,97,8.463,-0.0,0.87,0.0,11.4
1783972896.042,98,7.503,1.448,1.113,0.0,13.4
1783972896.042,98,7.595,1.963,0.37,0.0,11.6
1783972896.042,98,7.592,-1.963,0.421,0.0,11.6
1783972896.142,99,7.378,1.432,1.343,0.0,14.8
1783972896.142,99,7.458,-1.432,-0.793,0.0,14.8
1783972896.142,99,7.577,-1.456,0.884,0.0,11.3
1783972896.243,100,7.473,-1.186,0.613,0.0,15.5
1783972896.243,100,7.528,-1.44,0.46,0.0,13.1
1783972896.243,100,7.057,1.44,2.662,0.0,13.1
1783972896.344,101,7.335,1.67,1.305,0.0,13.3
1783972896.344,101,7.464,-1.193,-1.077,0.0,13.3
1783972896.445,102,7.403,-1.415,0.398,0.0,11.6
1783972896.545,103,7.37,-1.415,0.809,0.0,11.6
1783972896.545,103,7.442,1.67,0.346,0.0,14.0
1783972896.545,103,7.193,-1.67,1.94,0.0,14.0
1783972896.646,104,7.325,-1.407,0.82,0.0,11.9
1783972896.646,104,6.655,2.58,-2.316,0.0,11.9
1783972896.646,104,7.305,-1.68,1.664,0.0,14.5
1783972896.646,104,7.239,2.16,1.377,0.0,14.5
1783972896.747,105,7.039,-1.173,2.322,0.0,11.2
1783972896.747,105,7.047,1.876,-1.769,0.0,11.2
1783972896.747,105,7.41,1.67,0.77,0.0,14.6
1783972896.747,105,7.176,-1.67,2.002,0.0,14.6
1783972896.85,106,7.479,-1.432,-0.562,0.0,14.4
1783972896.85,106,7.187,1.432,2.144,0.0,14.4
1783972896.951,107,7.085,1.432,2.459,0.0,13.9
1783972896.951,107,7.528,-1.193,-0.448,0.0,13.9
1783972896.951,107,7.59,-1.456,0.76,0.0,15.0
1783972897.053,108,7.321,1.67,1.379,0.0,12.5
1783972897.053,108,7.497,-1.213,1.623,0.0,11.3
1783972897.053,108,7.405,1.213,-2.001,0.0,11.3
1783972897.153,109,7.39,1.432,1.276,0.0,13.9
1783972897.356,111,7.481,1.432,0.528,0.0,15.3
1783972897.356,111,7.491,-1.432,-0.362,0.0,15.3
1783972897.356,111,7.485,1.448,1.228,0.0,13.2
1783972897.457,112,7.579,1.718,1.13,0.0,11.6
1783972897.559,113,7.257,-1.407,1.293,0.0,11.5
1783972897.559,113,6.862,2.111,-2.183,0.0,11.5
1783972897.559,113,7.588,-1.456,0.777,0.0,13.3
1783972897.659,114,7.567,-1.472,1.496,0.0,12.2
1783972897.761,115,7.203,-1.173,1.749,0.0,13.1
1783972897.761,115,7.009,1.642,-2.12,0.0,13.1
1783972897.761,115,7.389,-1.432,1.281,0.0,15.2
1783972897.862,116,7.294,-1.44,1.921,0.0,13.7
1783972897.862,116,7.432,1.92,-0.203,0.0,13.7
1783972897.962,117,7.504,1.689,0.688,0.0,14.4
1783972898.063,118,7.388,-1.179,0.997,0.0,11.4
1783972898.063,118,7.433,1.931,0.808,0.0,12.8
1783972898.063,118,7.347,-1.689,1.673,0.0,12.8
1783972898.164,119,7.428,1.689,1.27,0.0,13.0
1783972898.265,120,7.384,-1.415,0.66,0.0,13.9
1783972898.366,121,7.472,-1.193,1.021,0.0,13.2
1783972898.568,123,7.361,1.67,1.149,0.0,13.5
1783972898.568,123,7.476,-1.193,-0.993,0.0,13.5
1783972898.568,123,7.645,1.718,0.522,0.0,11.5
1783972898.67,124,7.454,1.689,1.106,0.0,11.8
1783972898.67,124,7.196,-1.448,2.398,0.0,11.8
1783972898.77,125,7.526,1.193,0.48,0.0,13.6
1783972898.77,125,7.498,-1.432,0.175,0.0,13.6
1783972898.77,125,7.591,-1.213,1.099,0.0,12.3
1783972898.871,126,7.32,-1.642,0.187,0.0,12.3
1783972898.871,126,7.476,-1.186,0.576,0.0,13.3
1783972898.871,126,7.441,1.423,0.492,0.0,13.3
1783972898.972,127,7.214,1.67,1.859,0.0,12.3
1783972898.972,127,7.513,-1.193,-0.651,0.0,12.3
1783972898.972,127,7.641,-1.213,0.672,0.0,13.9
1783972899.073,128,7.492,-1.432,0.34,0.0,13.5
1783972899.073,128,7.63,-1.213,0.792,0.0,15.1
1783972899.174,129,7.498,1.432,0.152,0.0,14.7
1783972899.174,129,7.524,-1.193,0.506,0.0,14.7
1783972899.174,129,7.591,-1.464,1.106,0.0,12.0
1783972899.275,130,7.359,-1.407,-0.414,0.0,11.8
1783972899.275,130,7.256,1.876,0.378,0.0,11.8
1783972899.275,130,7.494,1.432,0.295,0.0,14.9
1783972899.275,130,7.611,-0.971,1.198,0.0,13.2
1783972899.376,131,7.409,-1.415,0.261,0.0,11.7
1783972899.376,131,7.487,-1.456,1.462,0.0,14.8
1783972899.376,131,7.756,1.481,0.126,0.0,11.5
1783972899.376,131,6.847,-1.481,3.646,0.0,11.5
1783972899.478,132,7.494,-1.186,0.258,0.0,13.1
1783972899.478,132,7.597,-1.213,1.06,0.0,18.6
1783972899.528,133,7.449,1.67,0.13,0.0,14.1
1783972899.528,133,7.218,-1.193,2.184,0.0,14.1
1783972899.528,133,7.754,1.481,-0.195,0.0,11.8
1783972899.679,134,7.434,1.67,0.484,0.0,12.3
1783972899.679,134,7.168,-1.67,2.03,0.0,12.3
1783972899.78,135,7.446,-1.423,0.405,0.0,15.1
1783972899.78,135,7.555,-1.464,1.33,0.0,12.8
1783972899.831,136,7.541,-1.193,-0.004,0.0,15.9
1783972899.831,136,7.23,1.432,1.994,0.0,15.9
1783972899.831,136,7.67,-1.213,0.1,0.0,14.2
1783972899.933,137,7.609,-1.456,0.543,0.0,18.1
1783972899.933,137,8.475,-0.0,0.747,0.0,11.6
1783972900.086,138,7.538,-1.193,0.22,0.0,12.2
1783972900.086,138,7.628,-1.213,0.805,0.0,16.4
1783972900.136,139,7.518,-1.193,0.598,0.0,15.8
1783972900.136,139,7.581,-1.456,0.849,0.0,14.7
1783972900.136,139,7.344,2.184,1.269,0.0,14.7
1783972900.237,140,7.429,-1.186,1.013,0.0,12.4
1783972900.237,140,7.009,1.423,-2.546,0.0,12.4
1783972900.237,140,7.43,-1.708,1.693,0.0,13.5
1783972900.237,140,7.571,1.708,0.866,0.0,13.5
1783972900.338,141,7.455,-1.179,0.052,0.0,12.2
1783972900.338,141,7.362,1.67,1.141,0.0,11.9
1783972900.338,141,7.625,1.718,0.759,0.0,12.8
1783972900.44,142,7.541,-1.44,0.131,0.0,12.8
1783972900.44,142,7.552,1.464,1.344,0.0,12.3
1783972900.542,143,7.541,-1.44,0.167,0.0,15.4
1783972900.642,144,7.603,-0.971,1.249,0.0,15.1
1783972900.743,145,7.509,1.2,1.067,0.0,15.3
1783972900.743,145,7.546,-1.699,0.699,0.0,17.9
1783972900.843,146,7.368,1.2,1.797,0.0,17.6
1783972900.843,146,7.383,1.68,1.278,0.0,17.6
1783972900.843,146,7.575,-1.699,-0.211,0.0,16.4
1783972900.843,146,7.483,1.456,1.483,0.0,16.4
1783972900.944,147,7.505,1.689,0.678,0.0,16.3
1783972901.045,148,7.411,-1.423,0.826,0.0,13.1
1783972901.045,148,7.536,-1.44,-0.317,0.0,13.5
1783972901.045,148,7.331,1.44,1.771,0.0,13.5
1783972901.045,148,7.513,-1.456,1.322,0.0,15.0
1783972901.045,148,8.484,-0.0,0.639,0.0,11.7
1783972901.146,149,7.406,-1.415,0.346,0.0,13.1
1783972901.146,149,7.453,-1.432,0.833,0.0,15.0
1783972901.146,149,7.671,1.464,-0.018,0.0,11.4
1783972901.146,149,7.017,-0.732,3.348,0.0,11.4
1783972901.248,150,7.494,-1.432,0.3,0.0,17.5
1783972901.248,150,6.904,1.432,2.929,0.0,17.5
1783972901.248,150,7.377,0.976,2.369,0.0,11.6
1783972901.248,150,7.505,-1.708,-1.322,0.0,11.6
1783972901.358,151,7.437,-1.432,0.968,0.0,14.2
1783972901.358,151,7.535,-1.456,1.186,0.0,13.8
1783972901.459,152,7.406,-1.423,0.865,0.0,12.2
1783972901.459,152,7.559,-1.456,1.023,0.0,13.8
1783972901.459,152,7.66,1.718,0.198,0.0,11.2
1783972901.559,153,7.57,-1.448,0.485,0.0,16.7
1783972901.559,153,7.576,1.448,0.376,0.0,16.7
1783972901.66,154,7.569,-1.456,0.947,0.0,17.1
1783972901.66,154,7.59,1.456,-0.762,0.0,17.1
1783972901.761,155,7.535,1.213,1.437,0.0,16.1
1783972901.761,155,7.627,-1.456,-0.129,0.0,16.1
1783972901.862,156,7.374,-1.44,1.584,0.0,16.9
1783972901.862,156,7.407,1.92,-0.644,0.0,16.9
1783972901.862,156,7.619,-1.213,0.886,0.0,12.0
1783972901.964,157,7.456,-1.423,0.077,0.0,11.9
1783972901.964,157,7.407,1.423,0.859,0.0,11.9
1783972901.964,157,7.487,1.68,0.285,0.0,12.1
1783972902.065,158,7.497,1.432,-0.208,0.0,15.7
1783972902.065,158,7.526,-1.193,0.485,0.0,15.7
1783972902.065,158,7.586,-1.456,0.799,0.0,14.7
1783972902.166,159,7.495,1.432,-0.253,0.0,13.7
1783972902.166,159,7.017,-1.432,2.648,0.0,13.7
1783972902.166,159,7.67,-1.213,0.024,0.0,14.7
1783972902.166,159,6.8,1.213,3.549,0.0,14.7
1783972902.267,160,7.359,-1.415,0.903,0.0,12.7
1783972902.267,160,7.415,-1.44,1.38,0.0,15.3
1783972902.367,161,7.406,1.67,0.807,0.0,13.6
1783972902.367,161,7.426,-1.448,1.544,0.0,12.5
1783972902.367,161,7.389,2.172,0.571,0.0,12.5
1783972902.468,162,7.383,-1.415,0.677,0.0,13.8
1783972902.468,162,7.415,-1.448,1.598,0.0,16.7
1783972902.569,163,7.361,1.207,1.997,0.0,14.8
1783972902.569,163,7.584,-1.448,-0.115,0.0,14.8
1783972902.67,164,7.411,-1.67,0.766,0.0,17.0
1783972902.67,164,7.247,2.386,0.293,0.0,17.0
1783972902.772,165,7.358,-1.456,2.013,0.0,13.7
1783972902.772,165,7.625,1.456,-0.224,0.0,13.7
1783972902.873,166,7.396,-1.415,0.521,0.0,15.4
1783972902.873,166,7.366,-1.448,1.812,0.0,15.6
1783972902.974,167,7.601,-1.456,0.649,0.0,17.0
1783972903.076,168,7.525,-1.44,0.512,0.0,16.5
1783972903.076,168,7.688,-0.971,0.509,0.0,13.3
1783972903.176,169,7.517,1.689,0.525,0.0,14.1
1783972903.276,170,7.453,-1.423,0.233,0.0,11.3
1783972903.276,170,7.56,-1.448,0.621,0.0,12.6
1783972903.276,170,7.331,1.689,1.741,0.0,12.6
1783972903.377,171,7.491,1.448,1.193,0.0,13.3
1783972903.377,171,7.584,-1.448,0.144,0.0,13.3
1783972903.428,172,6.801,1.642,2.714,0.0,11.2
1783972903.428,172,7.236,-1.642,1.123,0.0,11.2
1783972903.428,172,7.496,-1.186,0.162,0.0,11.9
1783972903.428,172,7.302,1.456,2.208,0.0,15.5
1783972903.428,172,7.594,-1.213,-1.078,0.0,15.5
1783972903.579,173,7.221,1.699,2.299,0.0,13.0
1783972903.68,174,7.644,-1.213,0.638,0.0,15.6
1783972903.73,175,7.515,-1.44,0.64,0.0,15.8
1783972903.881,176,7.503,-1.448,1.116,0.0,14.0
1783972903.881,176,7.417,1.689,1.331,0.0,14.0
1783972903.881,176,7.712,-1.22,0.168,0.0,13.3
1783972903.881,176,6.916,1.464,3.319,0.0,13.3
1783972903.982,177,7.385,-1.432,1.305,0.0,14.6
1783972903.982,177,7.317,1.432,-1.644,0.0,14.6
1783972904.033,178,7.465,-1.432,0.721,0.0,15.4
1783972904.033,178,7.705,-0.971,-0.08,0.0,11.9
1783972904.033,178,7.171,0.971,2.819,0.0,11.9
1783972904.134,179,7.625,-1.456,0.228,0.0,13.1
1783972904.134,179,7.685,1.472,0.667,0.0,11.4
1783972904.134,179,7.555,-1.472,-1.556,0.0,11.4
1783972904.134,179,8.363,-0.532,1.471,0.0,12.0
1783972904.285,180,7.499,-1.44,0.806,0.0,14.7
1783972904.335,181,7.6,-1.207,0.651,0.0,13.9
1783972904.335,181,7.486,-1.689,0.857,0.0,13.9
1783972904.436,182,7.418,1.67,0.692,0.0,14.9
1783972904.436,182,7.545,-1.456,1.122,0.0,14.2
1783972904.587,183,7.481,1.432,0.525,0.0,15.1
1783972904.587,183,7.359,-1.952,1.737,0.0,11.6
1783972904.637,184,7.539,1.464,1.418,0.0,14.1
1783972904.637,184,7.551,-1.464,-1.35,0.0,14.1
1783972904.737,185,7.541,-1.193,0.04,0.0,13.1
1783972904.838,186,7.669,-1.213,0.148,0.0,16.3
1783972904.838,186,8.437,0.266,1.063,0.0,11.6
1783972904.94,187,7.4,-1.415,0.452,0.0,11.8
1783972904.94,187,7.517,1.456,1.297,0.0,15.3
1783972904.94,187,7.61,-1.456,-0.528,0.0,15.3
1783972905.041,188,7.389,-1.415,0.603,0.0,14.0
1783972905.041,188,7.486,1.689,0.86,0.0,15.4
1783972905.041,188,7.441,2.209,1.196,0.0,11.5
1783972905.041,188,7.508,-1.718,1.534,0.0,11.5
1783972905.142,189,7.447,-1.423,0.391,0.0,14.7
1783972905.142,189,7.591,1.456,0.754,0.0,14.2
1783972905.243,190,7.447,-1.456,1.651,0.0,12.8
1783972905.243,190,7.602,1.213,-1.025,0.0,12.8
1783972905.344,191,7.424,1.432,1.065,0.0,14.2
1783972905.445,192,7.415,1.67,0.719,0.0,15.5
1783972905.445,192,7.39,-1.213,2.055,0.0,15.0
1783972905.545,193,7.387,-1.415,0.633,0.0,12.3
1783972905.545,193,7.14,1.2,2.558,0.0,12.6
1783972905.545,193,7.467,-1.44,-1.065,0.0,12.6
1783972905.545,193,7.537,-1.456,1.175,0.0,13.4
1783972905.545,193,7.616,1.718,0.85,0.0,11.4
1783972905.646,194,7.527,1.448,0.939,0.0,15.1
1783972905.747,195,7.339,-1.415,1.048,0.0,13.3
1783972905.747,195,7.359,1.651,-0.295,0.0,13.3
1783972905.747,195,7.305,-1.44,1.879,0.0,15.3
1783972905.847,196,7.321,1.642,-0.153,0.0,12.0
1783972905.847,196,7.292,-1.407,-1.074,0.0,12.0
1783972905.847,196,7.642,1.974,0.252,0.0,11.9
1783972905.948,197,7.491,-1.44,0.882,0.0,16.0
1783972906.049,198,7.494,1.448,1.175,0.0,16.5
1783972906.15,199,7.168,1.642,-1.493,0.0,11.7
1783972906.15,199,3.982,6.097,1.812,0.0,11.7
1783972906.15,199,7.383,1.432,1.316,0.0,13.3
1783972906.15,199,7.627,-1.456,0.115,0.0,14.7
1783972906.15,199,7.059,1.456,2.892,0.0,14.7
1783972906.251,200,7.344,1.432,1.518,0.0,11.4
1783972906.251,200,7.371,-1.432,1.384,0.0,11.4
1783972906.251,200,7.575,-1.456,0.899,0.0,18.7
1783972906.351,201,7.433,-1.423,0.597,0.0,13.0
1783972906.351,201,7.164,1.423,-2.069,0.0,13.0
1783972906.452,202,7.433,1.432,1.0,0.0,14.1
1783972906.452,202,7.279,-1.432,-1.805,0.0,14.1
1783972906.553,203,7.261,1.876,0.256,0.0,11.3
1783972906.553,203,7.318,-1.642,0.258,0.0,11.3
1783972906.553,203,7.484,-1.432,0.489,0.0,16.3
1783972906.553,203,7.458,1.432,-0.79,0.0,16.3
1783972906.654,204,7.516,-1.456,1.302,0.0,16.5
1783972906.654,204,7.659,1.718,-0.25,0.0,14.9
1783972906.654,204,6.863,-1.227,3.614,0.0,14.9
1783972906.754,205,7.235,-1.423,1.803,0.0,12.4
1783972906.754,205,7.2,1.661,-1.74,0.0,12.4
1783972906.855,206,7.459,-1.456,1.599,0.0,12.8
1783972906.855,206,7.38,2.184,1.04,0.0,12.8
1783972906.955,207,7.427,1.68,0.99,0.0,11.9
1783972906.955,207,6.719,-1.2,-3.519,0.0,11.9
1783972907.056,208,7.397,-1.423,0.939,0.0,15.8
1783972907.056,208,7.54,-1.213,1.407,0.0,15.0
1783972907.157,209,7.374,-1.415,0.765,0.0,15.0
1783972907.157,209,7.24,1.432,1.957,0.0,14.5
1783972907.157,209,7.519,-1.193,-0.581,0.0,14.5
1783972907.257,210,7.459,1.432,0.777,0.0,16.3
1783972907.257,210,7.205,1.699,2.347,0.0,15.3
1783972907.358,211,7.475,1.44,1.008,0.0,14.1
1783972907.358,211,7.668,-1.213,-0.197,0.0,13.1
1783972907.358,211,6.792,1.456,3.473,0.0,13.1
1783972907.458,212,7.602,-1.456,0.627,0.0,16.3
1783972907.458,212,7.122,1.699,2.589,0.0,16.3
1783972907.56,213,7.615,-1.472,1.234,0.0,12.3
1783972907.56,213,7.756,1.227,0.058,0.0,12.3
1783972907.661,214,7.486,-1.186,0.431,0.0,13.8
1783972907.661,214,7.574,-1.699,0.236,0.0,15.4
1783972907.863,216,7.434,-1.423,0.583,0.0,13.3
1783972907.863,216,7.67,-1.464,-0.103,0.0,11.4
1783972907.963,217,7.418,-1.179,0.745,0.0,13.5
1783972907.963,217,7.542,1.44,0.009,0.0,13.0
1783972907.963,217,6.765,-1.44,3.335,0.0,13.0
1783972908.064,218,7.175,-1.173,1.86,0.0,12.3
1783972908.064,218,6.795,1.642,-2.728,0.0,12.3
1783972908.064,218,7.653,-1.464,0.529,0.0,13.4
1783972908.064,218,8.498,-0.0,0.405,0.0,11.6
1783972908.165,219,7.505,-1.456,1.368,0.0,15.4
1783972908.269,220,7.439,-1.179,0.482,0.0,15.0
1783972908.269,220,7.495,-1.44,0.845,0.0,16.5
1783972908.37,221,7.337,-1.179,1.323,0.0,13.1
1783972908.37,221,7.428,-1.68,0.984,0.0,17.0
1783972908.476,222,7.648,1.718,0.475,0.0,13.1
1783972908.476,222,8.459,-0.0,0.912,0.0,12.5
1783972908.578,223,7.604,-1.464,1.012,0.0,13.5
1783972908.578,223,8.275,0.802,2.003,0.0,11.3
1783972908.578,223,8.203,-2.405,0.221,0.0,11.3
1783972908.679,224,6.885,1.642,2.493,0.0,12.3
1783972908.679,224,7.391,-1.173,0.563,0.0,12.3
1783972908.679,224,7.584,-1.2,0.089,0.0,13.7
1783972908.679,224,7.628,-1.456,-0.061,0.0,11.9
1783972908.679,224,6.934,1.456,3.18,0.0,11.9
1783972908.78,225,7.613,-1.456,-0.482,0.0,16.1
1783972908.831,226,7.544,-1.448,0.793,0.0,15.4
1783972908.831,226,7.704,1.727,0.165,0.0,13.3
1783972908.932,227,7.619,-1.207,0.349,0.0,15.5
1783972909.084,228,7.374,-1.173,-0.752,0.0,11.8
1783972909.084,228,7.522,-1.699,0.921,0.0,16.5
1783972909.084,228,8.464,-0.0,0.861,0.0,12.0
1783972909.134,229,7.499,1.432,-0.126,0.0,15.5
1783972909.134,229,7.172,-1.432,2.192,0.0,15.5
1783972909.235,230,6.997,1.456,3.039,0.0,12.8
1783972909.235,230,7.628,-1.456,-0.019,0.0,12.8
1783972909.39,231,6.871,1.876,-2.362,0.0,11.4
1783972909.39,231,7.499,-1.44,0.807,0.0,14.9
1783972909.441,232,7.03,1.876,1.835,0.0,11.2
1783972909.441,232,6.585,-1.173,3.403,0.0,11.2
1783972909.441,232,7.171,-1.68,2.173,0.0,11.6
1783972909.441,232,7.525,1.44,0.52,0.0,11.6
1783972909.441,232,7.665,-1.213,-0.294,0.0,12.2
1783972909.542,233,6.985,1.642,2.197,0.0,11.8
1783972909.542,233,7.073,-0.938,2.325,0.0,11.8
1783972909.542,233,7.456,-1.44,1.141,0.0,17.0
1783972909.642,234,7.483,-1.432,0.5,0.0,16.7
1783972909.743,235,7.311,1.407,0.938,0.0,12.4
1783972909.743,235,7.381,-1.423,1.064,0.0,12.8
1783972909.743,235,7.605,-1.456,0.589,0.0,14.2
1783972909.844,236,7.394,-1.415,0.539,0.0,12.6
1783972909.844,236,7.456,1.448,1.395,0.0,14.4
1783972909.946,237,7.542,-1.44,0.116,0.0,15.7
1783972909.946,237,6.623,1.2,3.696,0.0,15.7
1783972909.946,237,6.822,1.213,3.507,0.0,13.4
1783972909.946,237,7.551,-1.456,-1.083,0.0,13.4
1783972910.047,238,7.622,-1.213,0.862,0.0,12.8
1783972910.148,239,7.531,-1.193,0.401,0.0,15.1
1783972910.148,239,7.49,1.432,0.379,0.0,15.1
1783972910.148,239,7.539,-1.456,1.165,0.0,17.6
1783972910.249,240,7.359,1.67,1.162,0.0,16.5
1783972910.249,240,7.282,-1.909,1.274,0.0,16.5
1783972910.349,241,7.196,2.111,-0.278,0.0,11.3
1783972910.349,241,7.404,1.432,1.192,0.0,18.3
1783972910.349,241,7.493,-1.432,-0.308,0.0,18.3
1783972910.45,242,7.474,-1.44,1.015,0.0,17.2
1783972910.551,243,7.399,-1.179,0.912,0.0,14.4
1783972910.551,243,7.627,-1.456,-0.102,0.0,16.1
1783972910.551,243,8.46,-0.266,0.862,0.0,12.5
1783972910.653,244,7.452,-1.423,0.265,0.0,15.0
1783972910.653,244,8.426,-0.793,0.088,0.0,11.8
1783972910.753,245,7.454,-1.423,-0.201,0.0,15.3
1783972910.753,245,6.782,1.423,3.1,0.0,15.3
1783972910.753,245,7.433,-1.44,1.278,0.0,14.6
1783972910.753,245,7.54,1.44,0.198,0.0,14.6
1783972910.855,246,7.497,1.432,0.178,0.0,16.2
1783972910.855,246,7.569,1.448,0.502,0.0,13.2
1783972910.855,246,7.014,-1.689,2.753,0.0,13.2
1783972910.955,247,7.387,-1.67,0.966,0.0,15.4
1783972910.955,247,7.288,1.67,1.545,0.0,15.4
1783972911.056,248,7.39,-1.67,0.945,0.0,15.5
1783972911.056,248,7.269,1.909,1.346,0.0,15.5
1783972911.156,249,7.62,-1.456,0.358,0.0,13.8
1783972911.156,249,7.305,1.456,2.198,0.0,13.8
1783972911.258,250,7.383,-1.415,0.678,0.0,13.7
1783972911.258,250,7.366,1.44,1.624,0.0,15.5
1783972911.258,250,7.236,-1.44,-2.127,0.0,15.5
1783972911.359,251,7.451,-1.179,0.242,0.0,16.1
1783972911.359,251,7.537,1.44,-0.299,0.0,16.4
1783972911.359,251,7.359,-1.44,1.655,0.0,16.4
1783972911.359,251,7.668,-1.213,0.18,0.0,13.6
1783972911.459,252,7.447,-1.423,-0.386,0.0,14.9
1783972911.459,252,7.249,1.423,1.746,0.0,14.9
1783972911.459,252,7.632,-1.213,0.769,0.0,13.2
1783972911.56,253,7.429,-1.44,1.305,0.0,16.1
1783972911.661,254,7.406,-1.44,1.431,0.0,15.7
1783972911.661,254,7.664,-1.464,0.328,0.0,16.0
1783972911.762,255,7.472,-1.44,1.026,0.0,16.0
1783972911.762,255,7.448,1.44,-1.19,0.0,16.0
1783972911.762,255,7.788,0.488,-0.305,0.0,13.9
1783972911.762,255,7.439,-1.464,1.871,0.0,13.9
1783972911.862,256,7.338,-1.432,1.55,0.0,15.2
1783972911.862,256,7.434,1.432,-0.991,0.0,15.2
1783972911.862,256,7.464,-1.456,1.573,0.0,16.2
1783972911.862,256,7.139,1.456,-2.687,0.0,16.2
1783972911.963,257,7.436,-1.423,0.553,0.0,14.7
1783972911.963,257,7.084,1.423,-2.33,0.0,14.7
1783972911.963,257,7.617,-1.456,0.41,0.0,15.0
1783972912.065,258,7.442,-1.179,0.446,0.0,14.6
1783972912.065,258,7.615,-1.456,0.449,0.0,14.2
1783972912.065,258,0.811,0.164,-0.278,0.162,12.8
1783972912.065,258,0.508,-0.709,0.03,0.162,12.8
1783972912.165,259,7.399,-1.415,0.462,0.0,12.8
1783972912.165,259,7.382,1.432,1.32,0.0,14.6
1783972912.165,259,7.616,-1.456,0.424,0.0,14.0
1783972912.266,260,7.625,-1.456,0.232,0.0,13.4
1783972912.266,260,7.077,1.456,2.847,0.0,13.4
1783972912.266,260,0.887,0.229,0.004,0.081,11.4
1783972912.367,261,7.061,1.423,2.397,0.0,11.9
1783972912.367,261,7.483,-1.186,-0.484,0.0,11.9
1783972912.467,262,7.401,-1.415,0.432,0.0,13.8
1783972912.568,263,7.449,-1.423,0.348,0.0,14.2
1783972912.568,263,7.606,-1.456,0.575,0.0,14.1
1783972912.568,263,7.572,1.213,-1.224,0.0,14.1
1783972912.669,264,7.576,1.448,0.377,0.0,13.7
1783972912.77,265,7.254,1.423,1.726,0.0,11.7
1783972912.77,265,7.438,-1.423,0.525,0.0,11.7
1783972912.77,265,6.837,1.207,3.382,0.0,12.6
1783972912.77,265,7.519,-1.448,-1.004,0.0,12.6
1783972912.77,265,7.705,1.727,-0.042,0.0,11.4
1783972912.77,265,6.932,-1.234,3.576,0.0,11.4
1783972912.874,266,7.623,1.718,0.783,0.0,13.6
1783972912.975,267,7.45,1.67,-0.003,0.0,13.3
1783972912.975,267,7.387,-1.432,1.296,0.0,13.3
1783972912.975,267,7.571,-1.464,1.233,0.0,12.9
1783972913.076,268,7.314,1.432,1.66,0.0,12.5
1783972913.076,268,7.566,-0.954,-0.362,0.0,12.5
1783972913.076,268,7.628,-1.456,0.06,0.0,14.6
1783972913.076,268,6.943,1.213,3.261,0.0,14.6
1783972913.176,269,7.403,-1.415,0.401,0.0,11.8
1783972913.176,269,7.062,1.207,2.882,0.0,13.3
1783972913.176,269,7.583,-1.448,0.183,0.0,13.3
1783972913.176,269,8.471,0.532,-0.579,0.0,11.2
1783972913.176,269,7.853,-2.393,2.232,0.0,11.2
1783972913.377,271,7.585,-1.456,0.808,0.0,17.3
1783972913.377,271,7.055,1.456,-2.901,0.0,17.3
1783972913.377,271,7.705,1.727,0.041,0.0,11.5
1783972913.478,272,7.454,-1.448,1.405,0.0,16.0
1783972913.478,272,7.503,1.448,-1.117,0.0,16.0
1783972913.478,272,7.587,1.963,0.501,0.0,12.6
1783972913.579,273,7.485,1.432,0.469,0.0,16.5
1783972913.579,273,7.546,-1.456,1.116,0.0,14.7
1783972913.629,274,7.366,-1.407,0.278,0.0,12.1
1783972913.629,274,6.542,2.58,-2.618,0.0,12.1
1783972913.629,274,7.489,1.432,0.396,0.0,12.6
1783972913.629,274,7.564,1.448,0.571,0.0,11.9
1783972913.781,275,7.469,-1.432,0.674,0.0,14.2
1783972913.882,276,7.444,1.67,0.29,0.0,11.2
1783972913.933,277,7.308,1.432,1.684,0.0,12.7
1783972913.933,277,7.497,-1.432,-0.208,0.0,12.7
1783972913.933,277,7.669,-1.213,0.139,0.0,12.3
1783972913.933,277,6.645,1.456,3.746,0.0,12.3
1783972914.034,278,7.424,1.67,0.626,0.0,14.7
1783972914.034,278,7.605,-1.456,0.592,0.0,13.7
1783972914.186,279,7.579,-1.213,1.182,0.0,16.7
1783972914.186,279,6.897,1.456,-3.26,0.0,16.7
1783972914.236,280,7.481,1.432,0.529,0.0,15.2
1783972914.236,280,7.608,-1.456,0.555,0.0,15.1
1783972914.236,280,7.694,1.472,0.553,0.0,11.2
1783972914.336,281,7.372,-1.699,1.753,0.0,13.1
1783972914.336,281,7.565,1.456,-0.978,0.0,13.1
1783972914.487,282,7.456,1.448,1.396,0.0,11.7
1783972914.487,282,7.579,1.472,1.437,0.0,11.7
1783972914.487,282,7.744,-1.227,-0.443,0.0,11.7
1783972914.538,283,7.424,1.67,0.625,0.0,13.5
1783972914.638,284,7.428,1.67,0.573,0.0,16.0
1783972914.74,285,7.498,1.432,0.165,0.0,15.4
1783972914.74,285,7.352,-1.432,1.481,0.0,15.4
1783972914.74,285,7.569,-1.456,0.951,0.0,13.8
1783972914.84,286,7.358,-1.407,-0.435,0.0,13.5
1783972914.84,286,7.278,1.407,1.165,0.0,13.5
1783972914.84,286,7.451,1.193,1.16,0.0,14.5
1783972914.84,286,7.326,-1.432,1.604,0.0,14.5
1783972914.942,287,7.616,-1.456,0.432,0.0,15.1
1783972914.942,287,7.642,1.974,0.248,0.0,11.6
1783972914.942,287,8.368,0.532,1.442,0.0,11.3
1783972915.043,288,7.38,1.67,1.016,0.0,13.7
1783972915.043,288,7.551,1.456,-1.083,0.0,14.6
1783972915.043,288,7.515,-1.456,1.308,0.0,14.6
1783972915.043,288,8.475,0.266,0.694,0.0,12.7
1783972915.143,289,7.347,-1.407,-0.599,0.0,11.6
1783972915.143,289,7.143,1.173,1.98,0.0,11.6
1783972915.143,289,7.431,-1.432,1.009,0.0,14.3
1783972915.143,289,7.461,1.432,-0.761,0.0,14.3
1783972915.143,289,7.614,-1.708,0.301,0.0,11.4
1783972915.244,290,7.406,-1.415,0.344,0.0,13.4
1783972915.244,290,7.542,-1.44,0.036,0.0,14.8
1783972915.244,290,7.51,1.44,0.699,0.0,14.8
1783972915.344,291,7.462,-1.708,1.544,0.0,13.8
1783972915.344,291,7.593,1.464,-1.092,0.0,13.8
1783972915.444,292,7.423,-1.423,0.705,0.0,14.0
1783972915.444,292,7.125,1.898,1.806,0.0,14.0
1783972915.545,293,7.454,-1.423,0.188,0.0,14.6
1783972915.545,293,7.398,1.661,-0.373,0.0,14.6
1783972915.646,294,7.499,1.432,0.107,0.0,15.4
1783972915.646,294,7.497,-1.432,0.194,0.0,15.4
1783972915.747,295,7.353,-1.423,1.238,0.0,14.0
1783972915.747,295,7.369,1.661,-0.752,0.0,14.0
1783972915.747,295,7.526,-1.2,0.935,0.0,12.2
1783972915.747,295,6.921,1.44,-2.998,0.0,12.2
1783972915.848,296,7.31,1.423,1.47,0.0,14.0
1783972915.848,296,7.343,-1.423,-1.299,0.0,14.0
1783972915.848,296,7.551,-1.456,1.085,0.0,14.9
1783972915.949,297,7.468,-1.186,-0.677,0.0,12.3
1783972915.949,297,7.398,-1.661,-0.369,0.0,12.3
1783972915.949,297,7.42,1.699,1.537,0.0,11.2
1783972915.949,297,7.638,-1.213,-0.711,0.0,11.2
1783972916.05,298,7.491,1.432,0.349,0.0,13.6
1783972916.05,298,7.485,-1.432,-0.475,0.0,13.6
1783972916.05,298,7.582,-1.464,1.168,0.0,12.1
1783972916.15,299,7.497,1.432,0.19,0.0,14.0
1783972916.15,299,7.485,-1.432,0.463,0.0,14.0
1783972916.15,299,7.596,1.456,0.695,0.0,12.5
1783972916.15,299,7.416,-1.941,1.241,0.0,12.5
1783972916.15,299,8.494,-0.0,0.475,0.0,12.6
1783972916.251,300,7.498,1.432,0.159,0.0,15.2
1783972916.251,300,7.593,-1.456,0.736,0.0,17.6
1783972916.352,301,7.613,-1.456,0.473,0.0,17.0
1783972916.453,302,7.598,-1.456,0.677,0.0,14.4
1783972916.554,303,7.454,-1.423,-0.213,0.0,12.6
1783972916.554,303,7.045,1.423,2.442,0.0,12.6
1783972916.554,303,7.646,-1.213,0.617,0.0,14.8
1783972916.655,304,7.456,-1.423,0.105,0.0,14.3
1783972916.655,304,6.883,1.423,2.868,0.0,14.3
1783972916.655,304,7.587,-1.456,0.792,0.0,16.0
1783972916.756,305,7.498,-1.186,-0.018,0.0,15.8
1783972916.756,305,6.502,1.423,3.651,0.0,15.8
1783972916.756,305,7.552,-1.456,1.078,0.0,14.1
1783972916.857,306,7.422,1.432,1.077,0.0,16.5
1783972916.857,306,7.277,-1.432,-1.814,0.0,16.5
1783972916.957,307,7.498,-1.186,-0.043,0.0,12.8
1783972916.957,307,7.296,1.423,1.541,0.0,12.8
1783972916.957,307,7.621,-1.456,0.332,0.0,14.7
1783972916.957,307,8.489,-0.0,0.558,0.0,11.2
1783972917.058,308,7.44,-1.432,0.944,0.0,13.3
1783972917.058,308,7.296,1.67,-1.507,0.0,13.3
1783972917.058,308,7.381,1.213,2.087,0.0,12.1
1783972917.058,308,7.505,-0.971,-1.744,0.0,12.1
1783972917.158,309,7.438,-1.67,0.426,0.0,14.7
1783972917.158,309,7.601,-1.456,0.646,0.0,13.4
1783972917.258,310,7.598,-1.464,1.054,0.0,11.5
1783972917.258,310,7.304,2.44,-1.295,0.0,11.5
1783972917.258,310,8.459,-0.264,0.147,0.0,11.2
1783972917.359,311,7.432,-1.186,0.996,0.0,13.3
1783972917.359,311,7.557,-1.708,0.983,0.0,14.0
1783972917.459,312,7.498,-1.186,0.008,0.0,15.4
1783972917.459,312,7.011,1.423,2.54,0.0,15.4
1783972917.559,313,7.497,-1.186,0.132,0.0,15.7
1783972917.559,313,6.964,1.423,2.665,0.0,15.7
1783972917.559,313,7.517,-1.213,1.529,0.0,12.0
1783972917.661,314,7.459,-1.186,0.762,0.0,15.6
1783972917.661,314,7.354,1.423,-1.233,0.0,15.6
1783972917.661,314,7.665,-1.472,0.867,0.0,11.8
1783972917.761,315,7.127,-1.173,2.035,0.0,11.5
1783972917.761,315,7.371,1.407,0.029,0.0,11.5
1783972917.761,315,7.435,-1.423,0.568,0.0,11.9
1783972917.761,315,7.243,1.423,-1.773,0.0,11.9
1783972917.761,315,7.604,-1.456,0.602,0.0,16.0
1783972917.862,316,7.377,1.67,1.043,0.0,13.7
1783972917.862,316,7.561,-1.456,1.008,0.0,14.7
1783972917.963,317,7.41,-1.415,0.231,0.0,13.6
1783972917.963,317,7.397,1.67,0.885,0.0,13.9
1783972917.963,317,7.58,-1.456,0.857,0.0,14.1
1783972917.963,317,7.546,1.456,1.114,0.0,14.1
1783972918.063,318,7.41,1.432,1.158,0.0,14.3
1783972918.063,318,7.495,-1.432,0.262,0.0,14.3
1783972918.163,319,7.407,-1.415,0.329,0.0,14.9
1783972918.163,319,7.451,1.432,0.849,0.0,15.5
1783972918.163,319,6.864,-1.432,3.021,0.0,15.5
1783972918.163,319,8.453,-0.0,0.962,0.0,11.4
1783972918.264,320,7.351,1.432,1.486,0.0,14.2
1783972918.264,320,7.257,-1.432,-1.892,0.0,14.2
1783972918.264,320,7.625,-1.456,0.221,0.0,15.6
1783972918.364,321,7.401,-1.661,0.308,0.0,14.1
1783972918.364,321,7.274,1.423,-1.639,0.0,14.1
1783972918.364,321,7.444,-1.464,1.853,0.0,11.9
1783972918.465,322,7.26,1.67,1.671,0.0,15.2
1783972918.465,322,7.477,-1.432,0.583,0.0,15.2
1783972918.465,322,7.554,-1.456,1.059,0.0,16.8
1783972918.565,323,7.411,1.67,0.767,0.0,14.0
1783972918.565,323,7.58,-1.456,0.855,0.0,15.5
1783972918.666,324,7.437,1.67,0.443,0.0,15.1
1783972918.666,324,7.524,-1.456,1.256,0.0,15.6
1783972918.767,325,7.416,-1.186,1.109,0.0,13.3
1783972918.767,325,7.334,1.423,-1.348,0.0,13.3
1783972918.767,325,7.604,-1.456,0.602,0.0,14.9
1783972918.868,326,7.454,-1.179,0.105,0.0,14.2
1783972918.868,326,7.312,-1.44,1.852,0.0,12.7
1783972918.868,326,7.483,1.44,-0.946,0.0,12.7
1783972918.868,326,7.567,-1.456,0.966,0.0,12.4
1783972918.969,327,7.237,1.432,1.966,0.0,15.6
1783972918.969,327,7.423,-1.193,-1.328,0.0,15.6
1783972919.07,328,7.496,-1.432,0.234,0.0,14.6
1783972919.07,328,7.356,1.432,1.461,0.0,14.6
1783972919.17,329,7.436,1.432,0.975,0.0,14.5
1783972919.17,329,7.354,-1.432,1.473,0.0,14.5
1783972919.17,329,7.621,-1.456,0.327,0.0,14.5
1783972919.271,330,7.418,-1.179,0.74,0.0,13.8
1783972919.271,330,7.397,1.67,0.885,0.0,16.1
1783972919.271,330,7.625,-1.456,0.214,0.0,14.9
1783972919.271,330,8.451,-0.0,0.976,0.0,12.6
1783972919.372,331,7.43,1.67,0.542,0.0,16.2
1783972919.372,331,7.599,-1.456,0.67,0.0,16.8
1783972919.472,332,7.531,-1.2,0.897,0.0,13.5
1783972919.472,332,7.069,2.4,1.798,0.0,13.5
1783972919.472,332,7.58,-1.456,0.855,0.0,14.1
1783972919.472,332,7.6,1.456,-0.654,0.0,14.1
1783972919.572,333,7.445,-1.423,0.427,0.0,13.1
1783972919.572,333,7.369,1.423,-1.142,0.0,13.1
1783972919.572,333,7.632,-1.464,0.77,0.0,14.9
1783972919.673,334,7.487,-1.699,1.171,0.0,13.6
1783972919.673,334,8.45,-0.264,0.417,0.0,11.3
1783972919.774,335,7.395,-1.661,0.424,0.0,15.1
1783972919.774,335,7.009,1.423,2.546,0.0,15.1
1783972919.774,335,7.629,-1.213,0.802,0.0,15.0
1783972919.774,335,8.428,-0.529,0.577,0.0,11.2
1783972919.874,336,7.334,1.432,1.565,0.0,11.6
1783972919.874,336,7.499,-1.432,-0.045,0.0,11.6
1783972919.874,336,7.615,-1.213,0.922,0.0,11.5
1783972919.874,336,0.335,0.044,0.088,-0.487,16.5
1783972919.976,337,7.454,-1.423,0.193,0.0,13.7
1783972919.976,337,6.924,1.423,2.768,0.0,13.7
1783972919.976,337,0.262,-0.095,-0.125,-0.243,15.9
1783972920.076,338,7.491,-1.186,-0.326,0.0,13.6
1783972920.076,338,6.892,1.423,2.847,0.0,13.6
1783972920.076,338,7.545,1.456,1.123,0.0,11.5
1783972920.076,338,7.651,-1.213,-0.551,0.0,11.5
1783972920.178,339,7.388,-1.415,0.621,0.0,13.5
1783972920.178,339,7.452,1.432,0.84,0.0,16.0
1783972920.178,339,7.628,-1.456,-0.029,0.0,14.3
1783972920.178,339,7.256,1.456,2.353,0.0,14.3
1783972920.231,340,7.455,1.432,0.818,0.0,16.5
1783972920.231,340,7.538,1.448,0.849,0.0,14.3
1783972920.381,341,0.981,0.567,0.05,0.0,12.8
1783972920.381,341,7.409,-1.415,0.281,0.0,12.5
1783972920.381,341,7.375,1.432,1.363,0.0,14.7
1783972920.381,341,7.585,0.965,1.079,0.0,11.9
1783972920.482,342,0.945,0.603,0.177,0.0,12.6
1783972920.482,342,7.386,-1.179,1.014,0.0,12.4
1783972920.482,342,7.409,1.432,1.161,0.0,12.8
1783972920.482,342,7.541,-1.193,0.089,0.0,12.8
1783972920.532,343,7.215,2.386,0.739,0.0,13.5
1783972920.532,343,7.434,-0.472,1.218,-0.081,14.8
1783972920.532,343,8.797,0.277,0.99,-0.081,11.7
1783972920.634,344,6.798,3.927,-0.197,0.081,11.8
1783972920.634,344,2.048,-2.352,0.991,-0.162,11.8
1783972920.634,344,7.456,0.949,1.069,-0.081,13.9
1783972920.634,344,7.514,0.728,1.822,-0.081,12.4
1783972920.634,344,8.5,-0.267,0.896,-0.081,11.4
1783972920.749,345,0.465,0.286,0.273,0.0,12.1
1783972920.749,345,2.541,-3.545,0.117,-0.162,11.7
1783972920.749,345,7.311,2.147,0.486,-0.081,19.2
1783972920.749,345,7.403,2.184,0.855,-0.081,15.6
1783972920.85,346,0.453,0.286,0.293,0.0,12.7
1783972920.85,346,0.575,-0.0,-0.206,0.0,12.7
1783972920.85,346,2.961,-3.136,0.659,-0.081,12.7
1783972920.85,346,7.133,2.625,0.73,-0.081,14.9
1783972920.956,347,0.935,0.638,0.077,0.0,12.7
1783972920.956,347,6.688,3.34,1.552,0.0,18.0
1783972920.956,347,5.422,5.613,0.281,0.0,14.3
1783972920.956,347,2.947,-3.136,0.717,-0.162,16.1
1783972921.057,348,0.414,0.284,0.265,0.0,12.6
1783972921.057,348,6.365,4.056,1.153,0.0,15.7
1783972921.057,348,2.432,-1.816,1.101,-0.162,15.5
1783972921.057,348,3.352,-2.727,0.601,-0.162,18.2
1783972921.057,348,2.562,-1.808,1.322,-0.081,11.8
1783972921.158,349,5.815,4.799,1.453,0.0,14.2
1783972921.158,349,7.207,4.52,-0.099,0.0,14.2
1783972921.158,349,2.541,-1.785,1.281,-0.243,12.8
1783972921.158,349,2.602,-1.614,1.023,-0.162,11.7
1783972921.158,349,2.457,-1.762,1.362,-0.162,13.7
1783972921.158,349,0.221,-0.262,0.068,-0.081,20.3
1783972921.158,349,3.501,-2.295,1.065,-0.081,13.2
1783972921.263,350,0.198,-0.284,0.046,0.0,15.3
1783972921.263,350,2.429,-1.614,1.384,0.0,13.7
1783972921.263,350,2.711,-1.616,1.386,0.0,12.7
1783972921.263,350,3.773,-2.025,0.566,0.0,14.2
1783972921.263,350,4.727,-2.367,1.15,0.0,11.2
1783972921.263,350,5.797,5.068,0.589,0.0,11.8
1783972921.363,351,0.184,-0.294,0.035,0.0,15.0
1783972921.363,351,2.584,-1.513,1.206,0.0,12.4
1783972921.363,351,2.706,-1.575,1.218,0.0,14.9
1783972921.363,351,3.826,-1.89,0.667,0.0,12.2
1783972921.363,351,7.366,4.254,0.139,0.0,12.1
1783972921.466,352,2.952,-1.4,1.097,0.0,11.7
1783972921.466,352,2.998,-1.677,0.998,0.0,13.6
1783972921.466,352,3.778,-2.025,0.531,0.0,12.7
1783972921.466,352,5.576,5.279,-0.051,0.0,11.4
1783972921.466,352,7.205,4.52,0.207,0.0,11.8
1783972921.567,353,5.013,5.792,0.979,0.081,11.9
1783972921.567,353,0.186,-0.294,0.021,-0.081,13.2
1783972921.567,353,2.885,-1.276,1.277,-0.081,16.3
1783972921.668,354,0.181,-0.294,0.049,0.0,14.0
1783972921.668,354,0.514,-0.851,-0.547,0.0,12.7
1783972921.668,354,3.155,-1.584,0.804,0.0,11.7
1783972921.668,354,5.245,-1.772,1.232,0.0,14.3
1783972921.668,354,4.476,6.239,-0.062,0.0,12.6
1783972921.768,355,0.2,-0.284,0.036,0.0,13.9
1783972921.768,355,0.34,-0.491,0.268,0.0,12.0
1783972921.768,355,3.016,-1.527,0.868,0.0,13.6
1783972921.768,355,4.047,-1.485,0.276,0.0,11.8
1783972921.768,355,5.198,-1.95,1.159,0.0,11.8
1783972921.768,355,6.195,5.879,0.426,0.0,11.9
1783972921.869,356,0.184,-0.294,0.036,0.0,13.3
1783972921.869,356,0.574,-0.851,-0.483,0.0,13.7
1783972921.869,356,4.056,-1.485,0.03,0.0,11.4
1783972921.869,356,4.502,6.31,0.48,0.0,11.4
1783972921.971,357,0.183,-0.294,0.041,0.0,14.4
1783972921.971,357,4.474,6.239,-0.152,0.0,12.5
1783972922.072,358,0.184,-0.294,0.033,0.0,13.6
1783972922.072,358,2.71,-1.312,1.167,0.0,11.9
1783972922.072,358,4.792,5.999,0.093,0.0,13.7
1783972922.172,359,0.184,-0.294,0.038,0.0,13.8
1783972922.172,359,3.181,-1.342,0.938,0.0,12.3
1783972922.172,359,4.056,-1.485,0.049,0.0,12.5
1783972922.172,359,5.23,-1.95,1.007,0.0,11.3
1783972922.172,359,4.09,6.552,0.805,0.0,12.7
1783972922.172,359,2.716,-1.211,1.256,0.081,11.2
1783972922.273,360,0.184,-0.294,0.033,0.0,13.3
1783972922.273,360,0.536,-0.851,-0.525,0.0,13.9
1783972922.273,360,4.052,-1.485,0.188,0.0,11.5
1783972922.273,360,3.141,-1.245,1.304,-0.081,11.8
1783972922.374,361,0.185,-0.294,0.027,0.0,13.3
1783972922.374,361,0.563,-0.886,-0.429,0.0,13.6
1783972922.374,361,3.124,-1.325,0.985,0.0,11.3
1783972922.374,361,4.097,-1.35,0.22,0.0,11.3
1783972922.374,361,5.03,-2.111,1.385,0.0,13.0
1783972922.374,361,4.847,6.067,-0.073,0.0,14.0
1783972922.476,362,0.183,-0.294,0.04,0.0,13.3
1783972922.476,362,2.581,-1.451,1.493,0.0,13.3
1783972922.577,363,0.538,-0.886,-0.46,0.0,13.7
1783972922.577,363,2.989,-1.565,1.19,0.0,11.9
1783972922.577,363,4.047,-1.485,0.268,0.0,11.9
1783972922.577,363,4.817,-2.348,0.29,0.0,11.6
1783972922.577,363,4.475,6.239,0.107,0.0,12.0
1783972922.577,363,2.666,-1.365,1.521,-0.081,12.5
1783972922.577,363,3.149,-0.21,-1.15,-0.081,12.5
1783972922.677,364,0.638,-0.851,-0.395,0.0,13.2
1783972922.677,364,2.981,-1.527,0.981,0.0,12.3
1783972922.677,364,5.113,-1.935,1.336,0.0,12.6
1783972922.677,364,4.754,6.067,0.946,0.0,12.0
1783972922.778,365,0.18,-0.294,0.052,0.0,13.1
1783972922.778,365,0.39,-0.439,0.169,0.0,12.1
1783972922.778,365,0.596,-0.886,-0.383,0.0,14.1
1783972922.778,365,2.868,-1.677,1.327,0.0,12.7
1783972922.778,365,3.168,-0.335,-1.627,0.0,12.7
1783972922.778,365,4.465,6.239,0.314,0.0,12.8
1783972922.778,365,4.782,5.857,1.952,0.0,11.6
1783972922.778,365,6.202,5.879,0.305,0.0,11.4
1783972922.878,366,0.191,-0.284,0.07,0.0,12.9
1783972922.878,366,0.36,-0.511,0.194,0.0,11.9
1783972922.878,366,0.513,-0.886,-0.488,0.0,14.3
1783972922.878,366,3.483,-1.423,0.5,0.0,12.0
1783972922.878,366,4.102,-1.35,0.107,0.0,11.4
1783972922.928,367,0.531,-0.886,-0.469,0.0,13.0
1783972922.928,367,3.173,-1.215,0.972,0.0,11.8
1783972923.079,368,5.626,6.413,0.579,0.0,12.2
1783972923.18,369,0.296,-0.479,0.069,0.0,19.1
1783972923.18,369,5.34,-1.418,1.283,0.0,12.5
1783972923.18,369,5.656,6.413,0.002,0.0,12.5
1783972923.18,369,3.501,-1.031,0.335,-0.081,14.6
1783972923.23,370,3.503,-0.559,0.461,0.0,11.4
1783972923.23,370,5.655,6.413,0.126,0.0,13.3
1783972923.381,371,0.301,-0.479,0.045,0.0,19.0
1783972923.381,371,0.605,-0.886,-0.368,0.0,12.7
1783972923.381,371,3.285,-1.091,0.449,0.0,16.8
1783972923.482,372,0.301,-0.479,0.044,0.0,20.2
1783972923.482,372,1.061,0.39,-0.098,0.0,12.3
1783972923.482,372,5.492,-1.418,0.024,0.0,11.5
1783972923.533,373,0.304,-0.479,0.021,0.0,21.5
1783972923.533,373,1.07,0.354,-0.127,0.0,12.6
1783972923.533,373,3.186,-1.077,0.754,0.0,12.3
1783972923.533,373,3.252,-1.245,0.995,0.0,12.3
1783972923.634,374,0.304,-0.479,0.014,0.0,21.7
1783972923.634,374,1.061,0.354,-0.187,0.0,12.3
1783972923.634,374,3.22,-1.342,0.795,0.0,13.2
1783972923.634,374,4.927,-0.627,0.71,0.0,11.4
1783972923.634,374,3.649,-0.586,0.65,0.081,12.0
1783972923.786,375,0.303,-0.479,0.024,0.0,20.9
1783972923.786,375,1.047,0.354,-0.253,0.0,12.4
1783972923.786,375,3.18,-1.2,0.794,0.0,13.1
1783972923.786,375,3.207,-1.185,0.435,-0.081,14.6
1783972923.837,376,0.304,-0.479,0.009,0.0,21.2
1783972923.837,376,3.246,-1.2,0.455,0.0,14.6
1783972923.837,376,3.614,-0.704,0.723,0.0,11.4
1783972923.837,376,5.556,-1.063,0.412,0.0,11.5
1783972923.837,376,3.521,-0.679,0.506,0.081,12.9
1783972923.937,377,0.318,-0.461,0.089,0.0,20.5
1783972923.937,377,3.11,-1.077,1.024,0.0,12.3
1783972923.937,377,5.012,-1.485,0.738,0.0,11.8
1783972923.937,377,3.54,-0.802,0.509,-0.081,13.1
1783972924.038,378,4.254,-0.675,0.328,0.0,13.6
1783972924.038,378,4.284,-0.405,0.371,0.0,13.6
1783972924.038,378,3.405,-1.006,0.436,-0.081,13.3
1783972924.138,379,0.298,-0.479,0.06,0.0,19.2
1783972924.138,379,3.142,-1.077,0.919,0.0,11.8
1783972924.138,379,4.27,-0.54,0.362,0.0,12.7
1783972924.239,380,0.298,-0.479,0.064,0.0,18.8
1783972924.239,380,0.657,-0.922,0.074,0.0,12.0
1783972924.239,380,3.227,-0.969,0.725,0.0,12.3
1783972924.239,380,3.601,-0.226,0.308,0.0,11.3
1783972924.34,381,0.301,-0.479,0.045,0.0,18.8
1783972924.34,381,3.286,-0.862,0.581,0.0,11.9
1783972924.34,381,5.582,-0.354,0.939,0.0,11.6
1783972924.441,382,3.119,-0.969,1.101,0.0,14.9
1783972924.441,382,5.577,-0.532,0.887,0.0,12.3
1783972924.543,383,2.95,-1.215,1.519,0.0,13.5
1783972924.543,383,3.575,-0.344,0.729,0.0,11.5
1783972924.543,383,5.579,-0.709,0.737,0.0,13.1
1783972924.644,384,0.432,-0.491,-0.018,0.0,12.2
1783972924.644,384,3.459,-0.671,0.617,0.0,12.1
1783972924.644,384,5.52,-0.886,0.954,0.0,13.1
1783972924.644,384,3.65,-0.704,0.508,0.081,11.4
1783972924.845,386,0.433,-0.491,0.012,0.0,12.7
1783972924.845,386,3.27,-0.969,0.498,0.0,11.3
1783972924.946,387,0.433,-0.491,0.014,0.0,13.6
1783972924.946,387,3.141,-1.077,0.923,0.0,13.3
1783972924.946,387,4.276,-0.54,0.287,0.0,12.0
1783972924.946,387,5.613,-0.709,0.401,0.0,11.5
1783972925.049,388,0.304,-0.479,0.019,0.0,20.8
1783972925.049,388,0.431,-0.491,0.042,0.0,14.3
1783972925.049,388,3.477,-0.783,-0.315,0.0,12.2
1783972925.049,388,4.273,-0.54,0.324,0.0,12.3
1783972925.149,389,0.304,-0.479,0.019,0.0,19.8
1783972925.149,389,0.43,-0.491,0.052,0.0,13.3
1783972925.149,389,3.508,-0.221,0.363,0.0,13.2
1783972925.149,389,3.588,-0.695,0.626,0.0,12.4
1783972925.149,389,4.27,-0.54,0.363,0.0,11.6
1783972925.149,389,5.024,-1.485,0.65,0.0,12.0
1783972925.25,390,0.304,-0.479,0.023,0.0,21.6
1783972925.25,390,0.433,-0.491,0.015,0.0,14.4
1783972925.25,390,0.381,-0.532,-0.014,0.0,14.4
1783972925.25,390,4.264,-0.54,0.43,0.0,12.1
1783972925.351,391,0.304,-0.479,0.016,0.0,20.5
1783972925.351,391,0.431,-0.491,0.04,0.0,14.9
1783972925.351,391,3.116,-1.2,1.016,0.0,12.2
1783972925.351,391,4.528,-1.189,0.834,0.162,15.0
1783972925.452,392,0.429,-0.491,0.055,0.0,14.2
1783972925.452,392,0.38,-0.532,0.032,0.0,14.2
1783972925.452,392,3.348,-0.0,-1.261,0.0,11.8
1783972925.554,393,0.433,-0.491,0.017,0.0,14.6
1783972925.554,393,3.311,-1.006,0.907,0.0,12.6
1783972925.554,393,4.264,-0.54,0.429,0.0,12.0
1783972925.554,393,0.327,0.098,0.194,0.243,15.5
1783972925.655,394,0.431,-0.491,0.037,0.0,14.7
1783972925.655,394,1.001,0.273,-0.337,0.0,11.5
1783972925.655,394,4.284,-0.405,0.377,0.0,11.6
1783972925.655,394,4.533,-1.189,0.809,-0.162,14.4
1783972925.755,395,0.407,-0.511,0.039,0.0,13.8
1783972925.755,395,0.977,0.239,-0.423,0.0,11.3
1783972925.755,395,4.255,-0.675,0.307,0.0,13.4
1783972925.755,395,5.264,-1.193,0.778,0.0,12.3
1783972925.755,395,4.565,-1.04,0.835,0.162,17.3
1783972925.755,395,0.479,0.03,0.006,0.568,17.5
1783972925.856,396,0.304,-0.479,0.016,0.0,20.3
1783972925.856,396,0.429,-0.491,0.059,0.0,14.8
1783972925.856,396,5.258,-1.014,0.771,0.0,12.1
1783972925.856,396,3.577,-0.687,0.407,0.081,14.3
1783972925.958,397,0.304,-0.479,0.014,0.0,20.6
1783972925.958,397,0.427,-0.491,0.068,0.0,14.4
1783972925.958,397,1.044,0.307,-0.077,0.0,11.3
1783972925.958,397,3.399,-0.764,0.214,0.0,12.1
1783972925.958,397,4.26,-0.675,0.235,0.0,12.8
1783972925.958,397,5.173,-1.352,0.826,0.0,12.8
1783972926.059,398,0.304,-0.479,0.015,0.0,21.1
1783972926.059,398,0.428,-0.491,0.066,0.0,15.2
1783972926.059,398,1.026,0.273,-0.25,0.0,11.4
1783972926.059,398,3.749,-0.593,-0.048,0.0,11.4
1783972926.059,398,4.258,-0.675,0.26,0.0,11.5
1783972926.16,399,0.304,-0.479,0.016,0.0,21.5
1783972926.16,399,0.428,-0.491,0.064,0.0,15.3
1783972926.16,399,1.031,0.273,-0.23,0.0,11.9
1783972926.16,399,3.278,-0.862,0.625,0.0,14.0
1783972926.16,399,5.347,-1.396,0.806,0.0,11.3
1783972926.262,400,0.304,-0.479,0.02,0.0,21.2
1783972926.262,400,0.43,-0.491,0.049,0.0,14.9
1783972926.262,400,4.276,-0.405,0.452,0.0,12.5
1783972926.262,400,5.278,-1.014,0.615,0.0,12.1
1783972926.363,401,0.304,-0.479,0.014,0.0,21.2
1783972926.363,401,0.426,-0.491,0.079,0.0,15.1
1783972926.363,401,3.276,-0.969,0.453,0.0,15.0
1783972926.363,401,3.498,-0.671,0.332,0.0,11.5
1783972926.363,401,4.273,-0.54,0.328,0.0,12.7
1783972926.363,401,5.136,-1.164,0.774,0.0,12.5
1783972926.363,401,0.653,0.185,0.298,0.162,13.9
1783972926.363,401,0.49,-0.556,0.021,0.162,13.9
1783972926.465,402,0.304,-0.479,0.02,0.0,21.0
1783972926.465,402,0.43,-0.491,0.051,0.0,14.8
1783972926.465,402,3.18,-0.969,0.911,0.0,16.2
1783972926.465,402,4.259,-0.675,0.252,0.0,13.6
1783972926.465,402,4.285,-0.405,0.364,0.0,13.6
1783972926.566,403,0.304,-0.479,0.02,0.0,21.4
1783972926.566,403,0.431,-0.491,0.044,0.0,15.0
1783972926.566,403,0.963,0.273,-0.434,0.0,11.5
1783972926.566,403,3.448,-0.905,0.634,0.0,12.4
1783972926.566,403,3.172,-0.957,0.775,-0.081,12.6
1783972926.667,404,0.304,-0.479,0.018,0.0,21.2
1783972926.667,404,0.43,-0.491,0.053,0.0,15.0
1783972926.667,404,1.006,0.273,-0.322,0.0,11.8
1783972926.667,404,5.119,-1.352,1.111,0.0,11.3
1783972926.768,405,0.431,-0.491,0.043,0.0,14.6
1783972926.768,405,4.271,-0.54,0.345,0.0,11.9
1783972926.87,406,0.304,-0.479,0.016,0.0,20.8
1783972926.87,406,0.428,-0.491,0.066,0.0,14.6
1783972926.972,407,0.43,-0.491,0.047,0.0,14.6
1783972926.972,407,4.284,-0.54,0.115,0.0,11.6
1783972927.073,408,0.304,-0.479,0.019,0.0,21.1
1783972927.073,408,0.43,-0.491,0.051,0.0,14.7
1783972927.073,408,3.379,-0.883,0.541,0.0,13.1
1783972927.073,408,5.059,-1.331,0.982,0.0,12.7
1783972927.175,409,0.431,-0.491,0.044,0.0,14.7
1783972927.175,409,3.301,-1.006,0.945,0.0,11.8
1783972927.175,409,4.273,-0.54,0.331,0.0,11.9
1783972927.175,409,5.469,-0.704,1.127,0.0,11.6
1783972927.276,410,0.431,-0.491,0.038,0.0,14.3
1783972927.276,410,4.258,-0.675,0.261,0.0,13.8
1783972927.276,410,5.036,-1.32,0.873,0.0,11.3
1783972927.276,410,5.172,-1.522,0.454,0.0,12.7
1783972927.276,410,5.22,-1.571,1.211,0.0,12.2
1783972927.276,410,3.49,-0.802,0.781,0.081,15.0
1783972927.376,411,0.431,-0.491,0.043,0.0,14.9
1783972927.376,411,0.959,0.273,-0.442,0.0,11.7
1783972927.376,411,3.57,-0.687,0.463,0.0,13.6
1783972927.376,411,4.271,-0.54,0.353,0.0,12.4
1783972927.477,412,0.43,-0.491,0.048,0.0,14.8
1783972927.477,412,3.558,-0.344,0.809,0.0,11.4
1783972927.477,412,4.275,-0.54,0.291,0.0,11.9
1783972927.578,413,0.431,-0.491,0.043,0.0,14.0
1783972927.681,414,0.304,-0.479,0.019,0.0,21.3
1783972927.681,414,0.43,-0.491,0.052,0.0,14.9
1783972927.681,414,3.344,-1.118,0.605,0.0,13.3
1783972927.681,414,4.282,-0.54,0.178,0.0,11.5
1783972927.732,415,0.304,-0.479,0.019,0.0,20.5
1783972927.732,415,0.429,-0.491,0.059,0.0,14.3
1783972927.732,415,1.002,0.273,-0.334,0.0,11.5
1783972927.732,415,3.213,-1.104,0.974,0.0,12.0
1783972927.732,415,3.615,-0.695,0.447,0.162,13.5
1783972927.833,416,0.431,-0.491,0.043,0.0,14.2
1783972927.833,416,3.095,-1.325,1.075,0.0,13.0
1783972927.833,416,4.269,-0.54,0.374,0.0,12.6
1783972927.999,417,0.43,-0.491,0.046,0.0,14.1
1783972927.999,417,4.282,-0.54,0.181,0.0,11.9
1783972928.049,418,0.304,-0.479,0.016,0.0,21.5
1783972928.049,418,0.427,-0.491,0.071,0.0,15.4
1783972928.049,418,4.281,-0.54,0.189,0.0,11.6
1783972928.049,418,3.876,-1.295,0.691,0.162,15.1
1783972928.165,419,0.304,-0.479,0.016,0.0,20.8
1783972928.165,419,0.427,-0.491,0.069,0.0,14.6
1783972928.165,419,3.135,-0.851,1.015,0.0,11.8
1783972928.165,419,5.191,-1.534,0.667,0.0,11.3
1783972928.165,419,3.635,-0.579,0.454,-0.162,17.1
1783972928.266,420,0.304,-0.479,0.017,0.0,20.6
1783972928.266,420,0.427,-0.491,0.07,0.0,14.4
1783972928.266,420,1.03,0.239,-0.266,0.0,11.7
1783972928.266,420,3.139,-1.077,0.931,0.0,12.1
1783972928.266,420,5.394,-1.055,1.211,0.0,12.0
1783972928.385,421,0.304,-0.479,0.015,0.0,21.1
1783972928.385,421,0.426,-0.491,0.074,0.0,14.7
1783972928.385,421,3.28,-0.11,-1.311,0.0,12.7
1783972928.385,421,3.569,-0.579,0.824,0.081,13.4
1783972928.385,421,3.773,-1.295,1.124,-0.243,15.1
1783972928.435,422,0.304,-0.479,0.019,0.0,21.5
1783972928.435,422,0.43,-0.491,0.053,0.0,15.3
1783972928.435,422,3.506,-0.442,-0.063,0.0,11.3
1783972928.435,422,4.275,-0.54,0.294,0.0,11.8
1783972928.435,422,5.184,-1.352,0.75,0.0,13.0
1783972928.435,422,3.582,-0.573,0.524,0.081,12.4
1783972928.435,422,3.477,-0.821,1.146,0.162,16.5
1783972928.546,423,0.431,-0.491,0.042,0.0,14.2
1783972928.546,423,3.2,-0.969,0.836,0.0,12.2
1783972928.546,423,3.487,-0.671,0.432,0.0,14.9
1783972928.546,423,5.224,-1.183,0.759,0.0,14.8
1783972928.651,424,4.263,-0.54,0.435,0.0,11.4
1783972928.651,424,3.131,-1.077,0.957,-0.081,17.7
1783972928.752,425,0.977,0.239,-0.421,0.0,12.3
1783972928.752,425,3.443,-0.783,0.578,0.0,12.7
1783972928.752,425,4.26,-0.675,0.223,0.0,12.6
1783972928.752,425,4.432,-0.851,0.471,0.162,16.6
1783972928.853,426,4.256,-0.675,0.3,0.0,11.4
1783972928.853,426,4.403,-0.993,0.462,-0.162,13.5
1783972928.955,427,3.0,-1.077,1.311,0.0,14.4
1783972928.955,427,3.225,-1.006,1.177,0.0,13.1
1783972928.955,427,5.069,-1.497,0.631,0.0,12.9
1783972929.062,428,3.197,-0.969,0.848,0.0,12.0
1783972929.062,428,3.075,-1.006,1.526,0.0,14.9
1783972929.062,428,5.178,-1.352,0.793,0.0,12.8
1783972929.163,429,2.951,-1.077,1.418,0.0,12.0
1783972929.163,429,3.124,-0.894,1.497,0.0,12.8
1783972929.163,429,4.268,-0.54,0.385,0.0,12.2
1783972929.163,429,5.265,-1.023,0.988,0.0,11.5
1783972929.163,429,5.562,-1.072,0.765,0.0,12.5
1783972929.268,430,3.204,-0.969,0.821,0.0,12.9
1783972929.369,431,3.197,-1.077,0.705,0.0,13.6
1783972929.369,431,4.262,-0.54,0.447,0.0,11.9
1783972929.369,431,5.035,-1.677,0.795,0.0,11.3
1783972929.57,433,3.148,-1.077,0.9,0.0,12.6
1783972929.57,433,2.994,0.108,-1.704,0.0,12.6
1783972929.57,433,5.546,-0.886,0.792,0.0,12.4
1783972929.671,434,3.198,-0.969,0.844,0.0,12.3
1783972929.671,434,4.271,-0.54,0.355,0.0,12.5
1783972929.771,435,4.258,-0.54,0.479,0.0,11.6
1783972929.771,435,3.158,-1.006,1.347,0.081,12.7
1783972929.872,436,0.43,-0.491,0.046,0.0,14.9
1783972929.872,436,3.43,-0.894,0.485,0.0,13.3
1783972929.872,436,4.277,-0.54,0.261,0.0,12.5
1783972929.872,436,3.591,-0.695,0.614,0.243,17.1
1783972929.973,437,0.303,-0.479,0.025,0.0,20.7
1783972929.973,437,0.43,-0.491,0.051,0.0,14.1
1783972929.973,437,4.278,-0.54,0.254,0.0,11.7
1783972929.973,437,3.413,-0.783,0.734,-0.081,12.8
1783972930.073,438,0.302,-0.479,0.037,0.0,20.4
1783972930.073,438,0.413,-0.491,0.13,0.0,14.6
1783972930.073,438,0.601,-0.886,-0.374,0.0,12.2
1783972930.073,438,1.07,0.354,0.129,0.0,12.2
1783972930.175,439,0.304,-0.479,0.016,0.0,21.2
1783972930.175,439,0.421,-0.491,0.102,0.0,14.7
1783972930.175,439,4.264,-0.54,0.43,0.0,12.7
1783972930.175,439,5.47,-1.241,0.841,0.0,13.3
1783972930.276,440,0.303,-0.479,0.033,0.0,20.7
1783972930.276,440,0.413,-0.491,0.128,0.0,14.9
1783972930.276,440,0.539,-0.886,-0.459,0.0,11.5
1783972930.276,440,1.068,0.319,0.213,0.0,11.5
1783972930.276,440,3.216,-0.982,0.935,0.0,12.1
1783972930.276,440,4.248,-0.54,0.562,0.0,13.8
1783972930.276,440,5.106,-1.509,0.669,0.0,11.4
1783972930.276,440,3.463,-0.458,1.107,-0.162,11.7
1783972930.276,440,3.01,-1.832,-1.006,-0.162,11.7
1783972930.377,441,0.304,-0.479,0.015,0.0,21.3
1783972930.377,441,0.422,-0.491,0.096,0.0,14.9
1783972930.377,441,4.293,-0.405,0.254,0.0,11.9
1783972930.377,441,3.163,-0.969,0.966,0.162,19.0
1783972930.478,442,0.304,-0.479,0.016,0.0,20.6
1783972930.478,442,0.423,-0.491,0.09,0.0,14.2
1783972930.478,442,1.05,0.273,-0.112,0.0,11.3
1783972930.478,442,3.178,-0.982,1.059,0.0,13.3
1783972930.478,442,4.278,-0.54,0.257,0.0,11.4
1783972930.478,442,5.257,-1.193,0.829,0.0,13.1
1783972930.478,442,3.845,-1.571,0.543,-0.243,16.1
1783972930.58,443,0.303,-0.479,0.034,0.0,20.6
1783972930.58,443,0.415,-0.491,0.124,0.0,14.8
1783972930.58,443,3.661,-0.352,0.742,0.0,13.7
1783972930.58,443,3.634,-0.586,0.729,0.0,13.7
1783972930.58,443,4.253,-0.675,0.332,0.0,13.8
1783972930.58,443,3.277,-0.982,0.692,-0.081,11.4
1783972930.681,444,0.303,-0.479,0.027,0.0,20.8
1783972930.681,444,0.416,-0.491,0.12,0.0,14.9
1783972930.681,444,3.3,-0.862,0.496,0.0,11.7
1783972930.681,444,4.273,-0.54,0.331,0.0,12.3
1783972930.681,444,3.485,-0.783,-0.197,-0.081,11.9
1783972930.732,445,0.3,-0.479,0.05,0.0,20.6
1783972930.732,445,0.412,-0.491,0.132,0.0,14.5
1783972930.732,445,0.582,-0.886,-0.403,0.0,12.2
1783972930.732,445,1.07,0.354,0.127,0.0,12.2
1783972930.732,445,3.164,-0.957,0.807,0.0,13.9
1783972930.732,445,3.532,-0.679,0.419,0.0,13.3
1783972930.732,445,4.493,-1.325,0.507,0.081,12.1
1783972930.833,446,0.304,-0.479,0.021,0.0,20.9
1783972930.833,446,0.419,-0.491,0.11,0.0,14.8
1783972930.833,446,3.153,-1.453,0.863,0.0,11.5
1783972930.833,446,5.062,-1.522,1.154,0.0,11.4
1783972930.833,446,5.511,-0.357,1.471,0.0,11.2
1783972930.985,447,0.304,-0.479,0.015,0.0,21.3
1783972930.985,447,0.423,-0.491,0.093,0.0,15.0
1783972930.985,447,3.388,-0.994,0.155,0.0,12.2
1783972930.985,447,4.275,-0.54,0.302,0.0,14.3
1783972930.985,447,0.54,-0.886,0.458,0.568,15.7
1783972931.035,448,0.304,-0.479,0.016,0.0,21.2
1783972931.035,448,0.425,-0.491,0.083,0.0,15.0
1783972931.035,448,4.278,-0.54,0.253,0.0,13.1
1783972931.035,448,5.59,-0.714,0.953,0.0,12.3
1783972931.035,448,3.222,-0.969,0.746,-0.081,15.5
1783972931.137,449,3.047,-0.982,1.391,0.0,11.8
1783972931.137,449,3.437,-1.132,0.143,0.0,11.5
1783972931.288,450,3.31,-0.862,0.424,0.0,13.0
1783972931.288,450,3.447,-0.894,0.345,0.0,15.5
1783972931.288,450,4.254,-0.675,0.326,0.0,13.6
1783972931.338,451,3.508,-0.221,0.368,0.0,12.3
1783972931.338,451,3.444,-0.905,0.656,0.081,13.9
1783972931.338,451,3.264,-0.957,0.088,-0.081,12.3
1783972931.439,452,3.317,-1.006,0.885,0.0,12.3
1783972931.439,452,4.281,-0.54,0.2,0.0,12.1
1783972931.54,453,3.006,-1.104,1.495,0.0,13.6
1783972931.54,453,3.365,-0.916,1.126,-0.243,15.0
1783972931.54,453,4.56,-1.189,0.64,-0.081,11.6
1783972931.641,454,3.506,-0.905,0.04,0.0,12.2
1783972931.743,455,5.546,-0.886,0.789,0.0,13.4
1783972931.743,455,3.623,-0.695,0.379,-0.162,13.9
1783972931.843,456,3.43,-0.663,0.535,0.0,12.2
1783972931.843,456,3.578,-0.458,0.647,0.0,11.8
1783972931.843,456,4.261,-0.675,0.206,0.0,12.6
1783972931.843,456,5.552,-0.886,0.75,0.0,13.1
1783972931.843,456,3.598,-0.579,0.688,-0.081,13.7
1783972931.945,457,3.155,-0.969,0.993,0.0,12.7
1783972931.945,457,4.272,-0.54,0.332,0.0,12.2
1783972931.945,457,5.238,-1.363,0.665,0.0,11.8
1783972931.945,457,5.537,-0.886,0.853,0.0,12.7
1783972932.046,458,2.825,-1.325,1.659,0.0,12.6
1783972932.046,458,3.453,-0.11,-0.743,0.0,12.6
1783972932.046,458,4.243,-0.675,0.441,0.0,13.4
1783972932.147,459,3.1,-0.862,1.234,0.0,12.7
1783972932.147,459,3.249,-1.118,0.998,0.0,11.3
1783972932.247,460,3.394,-0.545,0.604,0.0,12.8
1783972932.247,460,4.251,-0.675,0.362,0.0,11.3
1783972932.247,460,3.574,-0.573,0.574,-0.081,17.6
1783972932.247,460,5.146,-1.342,0.72,-0.081,12.0
1783972932.349,461,3.26,-1.091,0.604,0.0,11.7
1783972932.349,461,4.261,-0.54,0.458,0.0,12.6
1783972932.349,461,5.111,-1.352,1.147,0.0,14.4
1783972932.349,461,3.927,-1.166,0.631,-0.162,11.5
1783972932.449,462,3.101,-1.091,1.173,0.0,13.0
1783972932.449,462,4.275,-0.54,0.296,0.0,12.3
1783972932.449,462,3.614,-0.695,0.455,-0.243,20.4
1783972932.55,463,4.487,-1.325,0.557,0.0,11.6
1783972932.55,463,5.111,-1.509,0.629,0.081,11.6
1783972932.652,464,3.326,-0.894,0.967,0.0,13.3
1783972932.652,464,4.27,-0.54,0.367,0.0,11.5
1783972932.652,464,5.399,-0.341,0.693,0.0,11.8
1783972932.652,464,4.845,-1.691,1.713,0.081,11.4
1783972932.652,464,5.38,0.169,-0.541,0.081,11.4
1783972932.652,464,3.59,-0.811,0.453,0.162,17.1
1783972932.752,465,0.304,-0.479,0.022,0.0,21.1
1783972932.752,465,0.429,-0.491,0.054,0.0,15.0
1783972932.752,465,3.444,-1.018,-0.46,0.0,11.9
1783972932.752,465,4.273,-0.54,0.331,0.0,12.7
1783972932.752,465,5.332,-0.682,0.919,0.0,13.4
1783972932.854,466,0.431,-0.491,0.041,0.0,15.3
1783972932.854,466,4.266,-0.54,0.408,0.0,12.4
1783972932.854,466,4.929,-1.485,1.172,0.0,12.2
1783972932.854,466,5.297,-0.852,0.98,0.0,13.7
1783972932.956,467,0.304,-0.479,0.017,0.0,21.1
1783972932.956,467,0.424,-0.491,0.085,0.0,14.9
1783972932.956,467,1.028,0.273,-0.24,0.0,11.6
1783972932.956,467,3.178,-0.957,0.75,0.081,15.3
1783972933.057,468,0.297,-0.479,0.066,0.0,20.1
1783972933.057,468,0.413,-0.491,0.128,0.0,14.0
1783972933.057,468,0.63,-0.851,-0.407,0.0,13.2
1783972933.057,468,1.074,0.354,0.088,0.0,13.2
1783972933.057,468,3.386,-0.442,0.912,0.0,11.2
1783972933.057,468,4.277,-0.54,0.263,0.0,14.1
1783972933.158,469,0.303,-0.479,0.024,0.0,21.0
1783972933.158,469,0.418,-0.491,0.113,0.0,15.0
1783972933.158,469,1.039,0.307,-0.13,0.0,11.5
1783972933.158,469,3.594,-0.695,0.593,0.0,12.3
1783972933.158,469,4.279,-0.54,0.235,0.0,12.3
1783972933.26,470,0.301,-0.479,0.043,0.0,20.3
1783972933.26,470,0.415,-0.491,0.125,0.0,14.5
1783972933.26,470,0.554,-0.851,-0.506,0.0,12.3
1783972933.26,470,1.06,0.39,0.101,0.0,12.3
1783972933.26,470,4.262,-0.675,0.199,0.0,12.5
1783972933.26,470,3.846,-1.295,0.843,0.162,14.4
1783972933.26,470,3.137,-0.969,1.049,-0.081,11.4
1783972933.36,471,0.3,-0.479,0.051,0.0,20.5
1783972933.36,471,0.414,-0.491,0.126,0.0,14.5
1783972933.36,471,0.598,-0.851,-0.453,0.0,12.0
1783972933.36,471,1.07,0.354,0.13,0.0,12.0
1783972933.36,471,3.309,-1.091,0.207,0.0,13.1
1783972933.36,471,4.254,-0.675,0.319,0.0,12.4
1783972933.461,472,0.303,-0.479,0.031,0.0,21.0
1783972933.461,472,0.416,-0.491,0.12,0.0,15.1
1783972933.461,472,4.278,-0.54,0.245,0.0,12.6
1783972933.461,472,5.238,-1.014,0.894,0.0,14.8
1783972933.461,472,5.178,-1.352,0.791,0.0,14.8
1783972933.563,473,0.298,-0.479,0.06,0.0,20.1
1783972933.563,473,0.413,-0.491,0.129,0.0,14.2
1783972933.563,473,0.576,-0.851,-0.481,0.0,11.7
1783972933.563,473,1.073,0.354,0.099,0.0,11.7
1783972933.563,473,4.283,-0.54,0.145,0.0,12.7
1783972933.563,473,3.276,-0.969,0.455,0.081,14.6
1783972933.663,474,0.302,-0.479,0.04,0.0,20.5
1783972933.663,474,0.415,-0.491,0.124,0.0,14.6
1783972933.663,474,3.581,-0.453,0.296,0.0,13.3
1783972933.663,474,3.516,-0.679,0.537,0.0,13.3
1783972933.663,474,4.282,-0.54,0.157,0.0,13.1
1783972933.663,474,5.164,-1.342,0.579,0.0,12.1
1783972933.663,474,3.715,-0.469,0.236,0.081,11.6
1783972933.764,475,0.303,-0.479,0.026,0.0,20.8
1783972933.764,475,0.417,-0.491,0.115,0.0,15.1
1783972933.764,475,4.281,-0.54,0.202,0.0,11.3
1783972933.764,475,5.47,-1.241,0.839,0.0,11.4
1783972933.764,475,3.674,-0.704,0.294,0.162,15.2
1783972933.764,475,5.438,-0.17,0.371,-0.162,14.7
1783972933.865,476,0.302,-0.479,0.034,0.0,20.6
1783972933.865,476,0.415,-0.491,0.123,0.0,14.7
1783972933.865,476,3.595,-0.811,0.409,0.0,11.9
1783972933.865,476,4.278,-0.54,0.246,0.0,12.5
1783972933.865,476,4.994,-0.633,0.518,-0.162,12.5
1783972933.865,476,3.383,-1.006,0.585,-0.081,13.8
1783972933.966,477,0.3,-0.479,0.054,0.0,20.2
1783972933.966,477,0.413,-0.491,0.13,0.0,14.4
1783972933.966,477,2.981,-1.077,1.353,0.0,12.0
1783972933.966,477,3.663,-0.352,0.732,0.081,11.9
1783972933.966,477,4.955,-0.47,0.629,-0.162,16.9
1783972934.067,478,0.304,-0.479,0.017,0.0,21.0
1783972934.067,478,0.424,-0.491,0.086,0.0,14.9
1783972934.067,478,0.634,-0.988,0.471,0.0,13.8
1783972934.067,478,4.507,-1.189,0.941,0.243,19.5
1783972934.067,478,5.086,-1.331,0.833,-0.081,11.3
1783972934.168,479,0.303,-0.479,0.024,0.0,20.9
1783972934.168,479,0.418,-0.491,0.114,0.0,14.9
1783972934.168,479,0.629,-0.949,0.552,0.0,14.7
1783972934.168,479,4.254,-0.675,0.324,0.0,12.8
1783972934.168,479,5.091,-1.509,0.774,0.0,12.2
1783972934.27,480,0.304,-0.479,0.019,0.0,21.2
1783972934.27,480,0.42,-0.491,0.104,0.0,15.0
1783972934.27,480,0.695,-0.949,0.467,0.0,12.3
1783972934.27,480,3.436,-0.783,0.614,0.0,14.4
1783972934.27,480,4.277,-0.54,0.263,0.0,11.7
1783972934.27,480,5.206,-1.183,0.876,0.0,13.6
1783972934.371,481,0.304,-0.479,0.017,0.0,21.1
1783972934.371,481,0.425,-0.491,0.083,0.0,14.9
1783972934.371,481,0.553,-0.949,0.628,0.0,13.7
1783972934.371,481,3.293,-1.132,0.995,0.0,11.2
1783972934.371,481,4.275,-0.54,0.303,0.0,11.6
1783972934.473,482,0.431,-0.491,0.038,0.0,14.7
1783972934.473,482,3.61,-0.573,0.26,0.0,12.3
1783972934.473,482,4.274,-0.54,0.317,0.0,12.5
1783972934.575,483,3.47,-0.792,0.668,0.0,11.8
1783972934.677,484,4.275,-0.54,0.291,0.0,11.9
1783972934.677,484,5.049,-1.32,0.798,0.0,11.9
1783972934.778,485,0.723,-0.949,0.421,0.0,13.0
1783972934.778,485,3.199,-0.969,0.84,0.0,13.0
1783972934.778,485,5.654,-0.714,0.432,0.0,13.1
1783972934.778,485,3.478,-0.442,0.444,-0.081,15.2
1783972934.878,486,0.431,-0.491,0.043,0.0,14.7
1783972934.878,486,0.571,-0.949,0.612,0.0,14.8
1783972934.878,486,3.139,-0.969,1.042,0.0,14.3
1783972934.878,486,5.079,-1.509,0.849,0.0,14.6
1783972934.929,487,0.553,-0.949,0.628,0.0,11.6
1783972935.08,488,0.304,-0.479,0.018,0.0,21.0
1783972935.08,488,0.427,-0.491,0.072,0.0,14.6
1783972935.08,488,3.345,-1.118,0.599,0.0,12.8
1783972935.185,489,3.301,-1.118,0.806,0.0,14.2
1783972935.185,489,3.635,-0.458,-0.083,-0.081,12.6
1783972935.236,490,0.431,-0.491,0.04,0.0,15.0
1783972935.236,490,3.579,-0.687,0.385,0.0,11.7
1783972935.236,490,4.264,-0.54,0.426,0.0,12.7
1783972935.348,491,3.193,-0.957,0.683,0.0,14.9
1783972935.348,491,4.261,-0.54,0.461,0.0,11.5
1783972935.449,492,0.43,-0.491,0.052,0.0,15.1
1783972935.449,492,3.106,-1.077,1.034,0.0,14.1
1783972935.449,492,5.017,-1.497,0.958,0.0,12.7
1783972935.552,493,0.431,-0.491,0.043,0.0,14.7
1783972935.552,493,3.428,-1.006,0.195,0.0,13.8
1783972935.552,493,4.275,-0.54,0.293,0.0,11.6
1783972935.552,493,4.99,-1.663,0.814,0.0,11.6
1783972935.552,493,3.221,-0.969,0.754,0.081,12.1
1783972935.653,494,0.304,-0.479,0.023,0.0,21.1
1783972935.653,494,0.43,-0.491,0.052,0.0,14.9
1783972935.653,494,3.442,-0.783,0.58,0.0,12.6
1783972935.653,494,4.268,-0.54,0.387,0.0,12.0
1783972935.653,494,3.213,-0.969,0.785,0.081,11.8
1783972935.758,495,0.304,-0.479,0.02,0.0,21.0
1783972935.758,495,0.428,-0.491,0.062,0.0,15.2
1783972935.758,495,3.173,-1.077,0.807,0.0,12.5
1783972935.86,496,3.357,-1.104,-0.03,-0.081,12.2
1783972935.965,497,0.304,-0.479,0.017,0.0,21.1
1783972935.965,497,0.426,-0.491,0.076,0.0,15.4
1783972935.965,497,3.397,-0.905,0.869,0.0,14.0
1783972935.965,497,4.253,-0.675,0.341,0.0,12.5
1783972935.965,497,5.085,-1.509,0.812,0.0,13.8
1783972936.066,498,3.493,-0.671,0.384,0.0,12.1
1783972936.066,498,4.49,-1.325,0.535,0.0,11.4
1783972936.166,499,0.304,-0.479,0.02,0.0,21.2
1783972936.166,499,0.427,-0.491,0.07,0.0,15.2
1783972936.166,499,5.1,-1.331,0.74,0.0,11.7
1783972936.166,499,3.64,-0.579,0.409,0.081,12.5
1783972936.268,500,0.304,-0.479,0.017,0.0,21.1
1783972936.268,500,0.425,-0.491,0.083,0.0,15.1
1783972936.369,501,0.431,-0.491,0.039,0.0,15.0
1783972936.369,501,3.25,-0.957,0.323,0.0,11.6
1783972936.472,502,0.304,-0.479,0.018,0.0,21.2
1783972936.472,502,0.427,-0.491,0.072,0.0,15.2
1783972936.472,502,4.282,-0.54,0.176,0.0,12.3
1783972936.573,503,4.263,-0.54,0.437,0.0,13.6
1783972936.776,505,0.432,-0.491,0.033,0.0,14.7
1783972936.776,505,3.468,-0.671,0.565,0.0,12.8
1783972936.776,505,4.268,-0.54,0.382,0.0,12.8
1783972936.877,506,2.996,-1.077,1.32,0.0,11.4
1783972936.877,506,3.358,-0.671,1.036,0.0,13.2
1783972936.877,506,5.246,-1.014,0.847,0.0,11.9
1783972936.877,506,3.671,-0.464,0.241,0.081,11.5
1783972936.978,507,0.43,-0.491,0.05,0.0,14.9
1783972936.978,507,3.529,-0.11,-0.144,0.0,12.9
1783972936.978,507,5.28,-1.014,0.596,0.0,15.3
1783972937.028,508,3.107,-0.957,1.007,0.0,13.1
1783972937.028,508,3.548,-0.687,0.611,0.081,13.8
1783972937.028,508,4.57,-1.189,0.559,-0.162,14.9
1783972937.181,509,0.431,-0.491,0.038,0.0,15.0
1783972937.181,509,3.212,-0.969,0.791,0.0,13.5
1783972937.181,509,3.382,-1.118,0.336,0.0,15.0
1783972937.181,509,5.016,-1.497,0.965,0.0,12.7
1783972937.283,510,3.389,-0.663,0.749,0.0,13.4
1783972937.283,510,5.122,-1.374,1.446,0.0,11.3
1783972937.333,511,4.256,-0.675,0.294,0.0,12.8
1783972937.333,511,3.216,-0.969,0.774,-0.081,14.1
1783972937.434,512,3.41,-0.802,1.077,0.0,11.5
1783972937.434,512,4.276,-0.54,0.277,0.0,11.9
1783972937.434,512,4.992,-1.497,1.083,0.0,13.5
1783972937.585,513,3.465,-0.327,-0.258,0.0,14.2
1783972937.585,513,3.524,-0.687,0.736,0.0,12.2
1783972937.585,513,5.03,-1.32,0.909,0.0,13.0
1783972937.585,513,4.521,-1.189,0.873,-0.162,15.0
1783972937.636,514,4.277,-0.54,0.266,0.0,12.1
1783972937.636,514,5.277,-0.676,0.983,0.0,12.1
1783972937.636,514,3.488,-0.552,0.143,0.081,12.5
1783972937.736,515,3.131,-0.969,1.065,0.0,12.0
1783972937.94,517,5.004,-1.331,1.231,0.0,12.5
1783972937.94,517,3.674,-0.704,0.286,-0.081,12.5
1783972938.04,518,3.124,-1.077,0.981,0.0,13.9
1783972938.04,518,4.277,-0.405,0.449,0.0,11.6
1783972938.04,518,3.223,-1.104,0.938,0.081,12.8
1783972938.04,518,3.147,0.221,-1.592,0.081,12.8
1783972938.04,518,3.616,-0.458,0.378,0.081,12.5
1783972938.141,519,2.936,-1.2,1.457,0.0,12.3
1783972938.141,519,3.318,-0.0,-1.083,0.0,12.3
1783972938.141,519,3.655,-0.821,0.22,0.162,15.6
1783972938.242,520,3.114,-1.077,1.011,0.0,13.6
1783972938.242,520,3.079,0.108,-1.546,0.0,13.6
1783972938.242,520,3.351,-0.894,0.877,0.0,13.9
1783972938.242,520,3.557,-0.458,0.754,0.0,12.4
1783972938.242,520,4.277,-0.54,0.272,0.0,12.8
1783972938.242,520,5.148,-1.342,0.704,0.0,11.8
1783972938.242,520,3.868,-1.587,0.657,-0.162,11.6
1783972938.343,521,3.122,-0.744,1.13,0.0,11.3
1783972938.343,521,4.268,-0.54,0.381,0.0,14.4
1783972938.343,521,5.114,-1.342,0.921,0.0,11.9
1783972938.444,522,3.199,-0.927,1.631,0.0,13.6
1783972938.444,522,3.684,0.232,-0.352,0.0,13.6
1783972938.444,522,3.702,-0.593,0.595,0.0,11.5
1783972938.444,522,4.985,-1.485,0.903,0.0,12.8
1783972938.444,522,5.304,-0.845,0.647,0.0,15.1
1783972938.544,523,3.202,-0.862,0.939,0.0,16.5
1783972938.544,523,3.376,-1.031,0.987,0.0,12.1
1783972938.544,523,5.004,-1.497,1.024,0.0,11.9
1783972938.747,525,3.407,-0.894,0.623,0.0,17.2
1783972938.747,525,4.245,-0.675,0.423,0.0,11.9
1783972938.747,525,5.17,-1.183,1.067,0.0,12.1
1783972938.848,526,0.295,-0.479,0.075,0.0,19.2
1783972938.848,526,3.274,-0.982,0.706,0.0,14.6
1783972938.949,527,0.304,-0.479,-0.002,0.0,21.0
1783972938.949,527,3.48,-0.783,0.272,0.0,11.4
1783972938.949,527,5.019,-1.497,0.951,0.0,11.4
1783972939.049,528,3.471,-0.442,0.494,0.0,13.8
1783972939.049,528,5.392,-1.407,0.786,0.0,11.4
1783972939.151,529,0.304,-0.479,-0.005,0.0,21.1
1783972939.151,529,3.307,-1.26,0.954,0.0,13.4
1783972939.151,529,5.32,-1.407,1.179,0.0,11.8
1783972939.151,529,5.602,6.413,-0.777,-0.081,12.3
1783972939.252,530,2.803,-1.211,1.049,0.0,13.4
1783972939.252,530,3.107,-1.155,0.548,0.0,12.5
1783972939.252,530,3.129,-1.436,0.796,0.0,12.9
1783972939.252,530,5.043,-1.704,1.185,0.0,12.2
1783972939.252,530,3.018,-1.811,0.853,0.081,12.2
1783972939.252,530,4.79,5.999,-0.173,-0.162,12.0
1783972939.252,530,6.673,5.345,0.177,-0.162,11.6
1783972939.353,531,2.648,-1.808,1.139,0.081,17.7
1783972939.353,531,0.474,-0.533,0.203,0.162,15.5
1783972939.353,531,0.635,-0.72,0.008,0.162,12.9
1783972939.353,531,2.482,-1.917,0.766,0.162,12.0
1783972939.353,531,3.433,-2.565,0.544,0.162,14.9
1783972939.353,531,4.527,6.31,-0.023,-0.162,13.4
1783972939.353,531,5.914,4.319,2.309,-0.081,11.8
1783972939.353,531,7.886,3.19,0.127,-0.081,13.1
1783972939.454,532,0.842,0.709,0.274,0.0,14.1
1783972939.454,532,8.425,1.063,-0.52,0.0,12.1
1783972939.454,532,2.814,-3.239,0.496,0.081,14.9
1783972939.454,532,6.961,2.863,1.282,-0.081,14.9
1783972939.554,533,7.393,1.909,-0.009,0.0,14.4
1783972939.554,533,4.915,4.533,3.686,0.0,14.4
1783972939.656,534,7.387,1.909,-0.279,0.0,13.0
1783972939.656,534,6.456,4.393,-0.135,0.0,12.3
1783972939.758,535,0.366,-0.477,0.107,0.0,11.7
1783972939.758,535,2.318,-3.644,-0.027,0.0,13.2
1783972939.758,535,7.53,1.193,0.404,0.0,15.1
1783972939.758,535,6.845,3.661,-0.855,0.0,13.0
1783972939.758,535,7.329,1.22,2.405,0.0,13.0
1783972939.859,536,1.034,0.319,-0.341,0.0,13.5
1783972939.859,536,7.619,0.239,0.439,0.0,15.1
1783972939.959,537,7.604,-0.0,0.689,0.0,19.1
1783972939.959,537,8.258,1.851,0.137,0.0,11.3
1783972939.959,537,8.224,-1.322,-1.501,0.0,11.3
1783972940.061,538,7.547,-0.239,1.134,0.0,17.7
1783972940.061,538,6.364,2.386,-3.479,0.0,17.7
1783972940.061,538,7.679,-0.241,0.785,0.0,13.7
1783972940.166,539,6.986,2.098,1.566,0.0,11.6
1783972940.166,539,7.407,-0.466,0.763,0.0,11.6
1783972940.166,539,7.51,-0.716,1.175,0.0,16.7
1783972940.268,540,7.563,-0.954,0.42,0.0,17.0
1783972940.268,540,7.074,1.909,-2.148,0.0,17.0
1783972940.379,541,0.535,-0.922,-0.389,0.0,13.1
1783972940.379,541,0.778,0.603,0.565,0.0,13.1
1783972940.379,541,7.556,-0.954,0.543,0.0,16.8
1783972940.48,542,0.566,-0.922,-0.341,0.0,13.3
1783972940.48,542,0.962,0.567,0.198,0.0,13.3
1783972940.48,542,7.214,1.876,0.866,0.0,11.3
1783972940.48,542,7.471,-0.235,-0.667,0.0,11.3
1783972940.48,542,7.563,-0.954,0.433,0.0,13.8
1783972940.48,542,7.385,1.909,-0.34,0.0,13.8
1783972940.48,542,7.705,0.971,-0.027,0.0,13.8
1783972940.48,542,0.889,-0.24,0.27,0.081,12.1
1783972940.597,543,0.576,-0.922,-0.324,0.0,12.6
1783972940.597,543,0.907,0.603,0.318,0.0,12.6
1783972940.597,543,7.565,-0.954,-0.396,0.0,14.3
1783972940.597,543,7.021,1.67,2.492,0.0,14.3
1783972940.597,543,7.627,1.456,-0.154,0.0,12.7
1783972940.648,544,0.577,-0.922,-0.324,0.0,12.0
1783972940.648,544,0.862,0.638,0.369,0.0,12.0
1783972940.648,544,7.575,-0.954,-0.015,0.0,16.4
1783972940.648,544,7.393,1.909,-0.03,0.0,16.4
1783972940.648,544,7.669,0.971,-0.742,0.0,13.5
1783972940.753,545,7.455,-0.704,0.483,0.0,11.9
1783972940.753,545,7.26,1.876,-0.302,0.0,11.9
1783972940.753,545,7.571,-0.954,0.235,0.0,17.6
1783972940.753,545,7.363,1.909,0.661,0.0,17.6
1783972940.753,545,7.476,1.699,-1.241,0.0,13.4
1783972940.753,545,0.819,-0.086,0.401,0.081,11.6
1783972940.855,546,0.549,-0.922,-0.369,0.0,12.1
1783972940.855,546,0.858,0.638,0.38,0.0,12.1
1783972940.855,546,7.574,-0.954,-0.122,0.0,16.9
1783972940.855,546,6.54,1.909,3.446,0.0,16.9
1783972940.855,546,7.365,1.699,-1.782,0.0,13.5
1783972940.956,547,0.549,-0.922,-0.369,0.0,11.7
1783972940.956,547,0.858,0.638,0.379,0.0,11.7
1783972940.956,547,7.522,-0.949,0.386,0.0,17.1
1783972940.956,547,6.768,1.699,-3.408,0.0,12.2
1783972940.956,547,7.562,-1.213,1.286,0.0,12.2
1783972940.956,547,0.979,-0.0,0.218,0.243,16.4
1783972941.057,548,0.599,-0.886,-0.378,0.0,11.4
1783972941.057,548,0.866,0.638,0.361,0.0,11.4
1783972941.057,548,7.298,-1.407,1.032,0.0,12.0
1783972941.057,548,7.32,1.642,0.178,0.0,12.0
1783972941.057,548,7.66,-0.48,0.228,0.0,13.0
1783972941.057,548,6.589,2.16,3.3,0.0,13.0
1783972941.057,548,7.397,1.456,-1.864,0.0,12.0
1783972941.057,548,0.905,-0.0,0.433,0.243,16.4
1783972941.157,549,0.602,-0.886,-0.373,0.0,12.5
1783972941.157,549,0.849,0.638,0.399,0.0,12.5
1783972941.157,549,7.575,-0.954,-0.054,0.0,13.7
1783972941.157,549,6.718,1.909,3.086,0.0,13.7
1783972941.157,549,7.527,-0.971,1.648,0.0,13.2
1783972941.157,549,6.827,1.699,-3.289,0.0,13.2
1783972941.157,549,1.012,-0.0,0.269,0.406,18.0
1783972941.281,550,0.595,-0.886,-0.384,0.0,12.3
1783972941.281,550,0.858,0.638,0.379,0.0,12.3
1783972941.281,550,7.601,-0.716,-0.061,0.0,16.8
1783972941.281,550,6.385,1.909,3.726,0.0,16.8
1783972941.382,551,0.551,-0.922,-0.366,0.0,11.3
1783972941.382,551,0.898,0.603,0.342,0.0,11.3
1783972941.382,551,7.572,-0.954,0.204,0.0,13.6
1783972941.382,551,7.208,1.909,1.64,0.0,13.6
1783972941.382,551,1.072,-0.102,0.172,0.487,16.2
1783972941.488,552,0.563,-0.922,-0.347,0.0,11.8
1783972941.488,552,0.87,0.638,0.351,0.0,11.8
1783972941.488,552,7.559,-0.954,0.492,0.0,15.6
1783972941.488,552,7.623,0.971,-1.12,0.0,11.9
1783972941.539,553,0.557,-0.922,-0.356,0.0,12.3
1783972941.539,553,0.913,0.603,0.301,0.0,12.3
1783972941.539,553,7.549,-0.954,0.631,0.0,15.9
1783972941.539,553,7.084,1.909,-2.114,0.0,15.9
1783972941.539,553,7.544,1.699,-0.72,0.0,11.4
1783972941.539,553,7.724,-0.728,-0.348,0.0,11.4
1783972941.64,554,0.551,-0.922,-0.365,0.0,11.7
1783972941.64,554,0.889,0.638,0.299,0.0,11.7
1783972941.64,554,7.571,-0.954,0.247,0.0,17.2
1783972941.64,554,7.376,1.909,0.492,0.0,17.2
1783972941.64,554,7.64,1.213,-0.68,0.0,12.5
1783972941.741,555,0.565,-0.922,-0.344,0.0,11.9
1783972941.741,555,0.858,0.638,0.379,0.0,11.9
1783972941.741,555,7.574,-0.954,0.131,0.0,16.8
1783972941.741,555,7.266,1.909,1.361,0.0,16.8
1783972941.741,555,7.297,1.699,-2.043,0.0,14.6
1783972941.741,555,7.402,-1.213,2.011,0.0,14.6
1783972941.842,556,0.606,-0.886,-0.367,0.0,11.5
1783972941.842,556,0.903,0.603,0.329,0.0,11.5
1783972941.842,556,7.575,-0.954,-0.005,0.0,17.3
1783972941.842,556,6.692,1.909,3.141,0.0,17.3
1783972941.842,556,7.598,1.456,-0.677,0.0,14.0
1783972941.943,557,0.618,-0.886,-0.346,0.0,12.2
1783972941.943,557,0.896,0.603,0.347,0.0,12.2
1783972941.943,557,7.575,-0.954,-0.0,0.0,15.2
1783972941.943,557,6.671,1.909,3.187,0.0,15.2
1783972942.044,558,0.539,-0.922,-0.384,0.0,12.7
1783972942.044,558,0.895,0.603,0.349,0.0,12.7
1783972942.044,558,7.574,-0.954,0.119,0.0,12.9
1783972942.044,558,7.081,1.909,2.124,0.0,12.9
1783972942.044,558,7.467,1.699,-1.292,0.0,12.4
1783972942.145,559,0.536,-0.922,-0.387,0.0,12.1
1783972942.145,559,0.916,0.603,0.29,0.0,12.1
1783972942.145,559,7.431,-0.938,0.459,0.0,11.3
1783972942.145,559,7.016,2.58,-0.658,0.0,11.3
1783972942.145,559,7.575,-0.954,0.086,0.0,17.7
1783972942.145,559,7.561,1.952,0.054,0.0,11.9
1783972942.246,560,0.6,-0.886,-0.376,0.0,13.0
1783972942.246,560,0.918,0.603,0.284,0.0,13.0
1783972942.246,560,7.393,-0.938,0.882,0.0,12.0
1783972942.246,560,7.102,2.111,-1.191,0.0,12.0
1783972942.246,560,7.601,-0.716,0.047,0.0,17.5
1783972942.246,560,6.859,1.909,2.758,0.0,17.5
1783972942.246,560,7.556,1.952,0.284,0.0,12.2
1783972942.347,561,0.602,-0.886,-0.373,0.0,11.9
1783972942.347,561,0.868,0.638,0.354,0.0,11.9
1783972942.347,561,7.384,-1.173,0.638,0.0,11.9
1783972942.347,561,7.032,2.58,-0.455,0.0,11.9
1783972942.347,561,7.57,-0.954,-0.269,0.0,15.5
1783972942.347,561,6.939,1.909,2.551,0.0,15.5
1783972942.347,561,7.562,1.952,0.001,0.0,12.8
1783972942.449,562,0.594,-0.886,-0.385,0.0,12.1
1783972942.449,562,0.876,0.638,0.335,0.0,12.1
1783972942.449,562,7.574,-0.954,0.12,0.0,16.3
1783972942.449,562,7.117,1.909,2.001,0.0,16.3
1783972942.449,562,7.456,1.699,-1.353,0.0,11.8
1783972942.55,563,0.553,-0.922,-0.363,0.0,11.4
1783972942.55,563,0.902,0.603,0.333,0.0,11.4
1783972942.55,563,7.444,-0.704,0.638,0.0,12.5
1783972942.55,563,7.093,2.345,-0.706,0.0,12.5
1783972942.55,563,7.573,-0.954,-0.17,0.0,14.7
1783972942.55,563,7.011,1.909,2.344,0.0,14.7
1783972942.55,563,7.133,1.699,-2.558,0.0,12.3
1783972942.55,563,7.494,-0.971,1.792,0.0,12.3
1783972942.653,564,0.561,-0.922,-0.351,0.0,12.0
1783972942.653,564,0.876,0.638,0.335,0.0,12.0
1783972942.653,564,7.575,-0.954,0.092,0.0,15.6
1783972942.653,564,6.896,1.909,2.664,0.0,15.6
1783972942.653,564,7.402,1.456,-1.845,0.0,12.6
1783972942.756,565,7.566,-0.954,-0.369,0.0,15.3
1783972942.756,565,7.047,2.147,2.005,0.0,15.3
1783972942.857,566,7.575,-0.954,-0.09,0.0,15.9
1783972942.857,566,6.999,1.909,2.38,0.0,15.9
1783972942.857,566,7.499,1.699,-1.092,0.0,15.3
1783972942.959,567,7.425,-0.699,-0.183,0.0,12.5
1783972942.959,567,6.964,2.098,1.662,0.0,12.5
1783972942.959,567,7.556,-0.954,-0.535,0.0,14.2
1783972942.959,567,7.076,1.909,2.139,0.0,14.2
1783972942.959,567,7.576,1.456,-0.889,0.0,14.3
1783972943.06,568,7.196,1.909,1.692,0.0,15.1
1783972943.06,568,7.57,-0.954,-0.284,0.0,15.1
1783972943.06,568,7.534,1.699,-0.81,0.0,14.2
1783972943.16,569,7.575,-0.954,-0.0,0.0,14.2
1783972943.16,569,7.073,1.67,2.339,0.0,14.2
1783972943.16,569,7.493,1.456,-1.431,0.0,12.3
1783972943.261,570,7.573,-0.954,0.184,0.0,15.9
1783972943.261,570,7.225,1.909,1.564,0.0,15.9
1783972943.362,571,7.575,-0.954,0.065,0.0,16.7
1783972943.362,571,6.759,1.909,2.995,0.0,16.7
1783972943.362,571,6.923,1.699,-3.081,0.0,12.1
1783972943.563,573,7.573,-0.954,-0.169,0.0,15.9
1783972943.563,573,6.774,1.909,2.961,0.0,15.9
1783972943.664,574,7.566,-0.954,-0.377,0.0,16.0
1783972943.664,574,7.036,1.909,2.267,0.0,16.0
1783972943.766,575,7.179,1.909,1.763,0.0,14.8
1783972943.766,575,7.547,-0.954,-0.648,0.0,14.8
1783972943.766,575,7.511,1.456,-1.333,0.0,13.3
1783972943.867,576,7.185,1.909,1.741,0.0,15.0
1783972943.867,576,7.531,-1.193,-0.388,0.0,15.0
1783972943.867,576,7.143,1.689,-2.399,0.0,13.6
1783972943.867,576,7.189,-0.965,2.651,0.0,13.6
1783972943.969,577,7.558,-0.954,0.503,0.0,17.1
1783972943.969,577,7.619,-1.213,0.885,0.0,12.7
1783972944.071,578,7.573,-0.954,0.183,0.0,16.5
1783972944.071,578,6.977,2.147,2.236,0.0,16.5
1783972944.071,578,7.282,1.456,-2.272,0.0,11.3
1783972944.172,579,7.596,-0.716,0.288,0.0,17.0
1783972944.172,579,7.531,-1.193,0.393,0.0,17.0
1783972944.273,580,7.573,-0.954,-0.164,0.0,15.2
1783972944.273,580,6.824,1.909,2.844,0.0,15.2
1783972944.375,581,7.575,-0.954,-0.074,0.0,14.7
1783972944.375,581,6.937,1.909,2.556,0.0,14.7
1783972944.375,581,7.479,1.699,-1.22,0.0,12.4
1783972944.475,582,7.528,-0.949,0.254,0.0,16.1
1783972944.475,582,7.43,1.699,-1.487,0.0,12.9
1783972944.576,583,7.56,-0.954,0.476,0.0,15.5
1783972944.576,583,7.363,1.213,-2.151,0.0,11.8
1783972944.677,584,7.601,-0.716,0.104,0.0,17.7
1783972944.677,584,6.54,1.909,3.446,0.0,17.7
1783972944.677,584,7.447,1.456,-1.653,0.0,12.5
1783972944.777,585,7.568,-0.954,-0.328,0.0,15.2
1783972944.777,585,7.081,2.147,1.881,0.0,15.2
1783972944.777,585,7.304,1.699,-2.018,0.0,13.1
1783972944.777,585,7.272,-1.213,2.441,0.0,13.1
1783972944.878,586,7.575,-0.954,0.032,0.0,16.6
1783972944.878,586,6.62,1.909,3.289,0.0,16.6
1783972944.878,586,7.482,1.699,-1.202,0.0,14.4
1783972944.979,587,7.572,-0.954,0.23,0.0,17.3
1783972944.979,587,7.157,1.909,1.852,0.0,17.3
1783972944.979,587,7.363,1.456,-1.992,0.0,11.4
1783972945.092,588,7.574,-0.954,0.133,0.0,15.1
1783972945.092,588,6.691,1.909,3.143,0.0,15.1
1783972945.144,589,7.567,-0.954,0.349,0.0,14.9
1783972945.144,589,7.589,-0.965,1.057,0.0,13.9
1783972945.245,590,7.564,-0.954,0.404,0.0,16.2
1783972945.245,590,7.273,1.456,-2.299,0.0,12.5
1783972945.245,590,7.387,-1.213,2.067,0.0,12.5
1783972945.366,591,7.557,-0.712,-0.091,0.0,16.1
1783972945.366,591,6.332,1.898,3.732,0.0,16.1
1783972945.471,592,7.601,-0.716,0.102,0.0,16.7
1783972945.471,592,6.641,1.909,3.249,0.0,16.7
1783972945.471,592,6.621,1.213,-3.874,0.0,12.0
1783972945.471,592,7.45,-1.456,1.638,0.0,12.0
1783972945.572,593,7.57,-0.954,-0.274,0.0,14.9
1783972945.572,593,7.121,1.909,1.985,0.0,14.9
1783972945.572,593,7.286,1.456,-2.258,0.0,13.0
1783972945.572,593,7.361,-1.213,2.159,0.0,13.0
1783972945.676,594,7.115,1.909,2.006,0.0,14.5
1783972945.676,594,7.563,-0.954,-0.435,0.0,14.5
1783972945.676,594,7.268,1.456,-2.316,0.0,12.2
1783972945.676,594,7.309,-1.213,2.327,0.0,12.2
1783972945.777,595,7.575,-0.954,0.002,0.0,15.7
1783972945.777,595,6.982,1.909,2.428,0.0,15.7
1783972945.877,596,7.601,-0.716,-0.044,0.0,17.3
1783972945.877,596,6.64,1.909,3.25,0.0,17.3
1783972945.877,596,7.365,1.699,-1.785,0.0,12.3
1783972945.997,597,7.349,1.909,0.805,0.0,14.9
1783972945.997,597,7.508,-0.954,-1.008,0.0,14.9
1783972946.047,598,7.597,-0.716,-0.247,0.0,17.4
1783972946.047,598,6.929,1.909,2.577,0.0,17.4
1783972946.047,598,7.468,1.213,-1.751,0.0,13.0
1783972946.148,599,7.53,-0.949,-0.155,0.0,15.8
1783972946.148,599,6.723,2.135,2.805,0.0,15.8
1783972946.148,599,7.404,1.456,-1.837,0.0,12.2
1783972946.148,599,7.466,-1.213,1.761,0.0,12.2
1783972946.252,600,7.498,-1.193,0.804,0.0,14.1
1783972946.252,600,6.904,2.625,1.934,0.0,14.1
1783972946.252,600,6.688,1.456,-3.668,0.0,13.2
1783972946.252,600,7.518,-1.213,1.521,0.0,13.2
1783972946.352,601,7.393,-0.938,0.882,0.0,12.3
1783972946.352,601,7.013,2.111,-1.635,0.0,12.3
1783972946.352,601,7.549,-0.954,0.632,0.0,17.1
1783972946.352,601,7.572,-1.213,1.223,0.0,12.0
1783972946.465,602,7.531,-0.949,0.132,0.0,15.5
1783972946.465,602,7.197,1.898,1.491,0.0,15.5
1783972946.566,603,7.57,-0.954,0.278,0.0,16.8
1783972946.566,603,7.362,1.909,0.675,0.0,16.8
1783972946.668,604,7.575,-0.954,0.072,0.0,15.0
1783972946.668,604,7.255,1.67,1.694,0.0,15.0
1783972946.769,605,7.601,-0.716,0.03,0.0,16.0
1783972946.769,605,7.081,1.909,2.124,0.0,16.0
1783972946.87,606,0.599,-0.886,-0.378,0.0,11.5
1783972946.87,606,0.91,0.603,0.309,0.0,11.5
1783972946.87,606,7.575,-0.954,0.039,0.0,16.6
1783972946.87,606,6.616,1.909,3.299,0.0,16.6
1783972946.87,606,7.559,-1.213,1.306,0.0,11.4
1783972946.972,607,7.57,-0.954,0.267,0.0,15.8
1783972946.972,607,6.565,2.147,3.252,0.0,15.8
1783972947.073,608,0.6,-0.886,-0.375,0.0,11.4
1783972947.073,608,0.889,0.603,0.365,0.0,11.4
1783972947.073,608,7.574,-0.954,0.105,0.0,16.5
1783972947.073,608,6.556,1.909,3.416,0.0,16.5
1783972947.073,608,7.403,1.456,-1.838,0.0,13.0
1783972947.073,608,7.015,-1.456,2.998,0.0,13.0
1783972947.173,609,7.589,-0.716,-0.442,0.0,17.2
1783972947.173,609,6.806,1.909,2.886,0.0,17.2
1783972947.274,610,7.351,-0.704,1.333,0.0,11.6
1783972947.274,610,7.224,1.876,-0.776,0.0,11.6
1783972947.274,610,7.573,-0.954,-0.176,0.0,16.1
1783972947.274,610,7.158,1.67,2.066,0.0,16.1
1783972947.274,610,7.669,-0.0,-1.223,0.0,11.6
1783972947.375,611,0.619,-0.886,-0.344,0.0,11.7
1783972947.375,611,0.845,0.638,0.406,0.0,11.7
1783972947.375,611,7.561,-0.954,-0.471,0.0,12.9
1783972947.375,611,7.092,1.909,2.086,0.0,12.9
1783972947.375,611,7.531,1.699,-0.843,0.0,12.7
1783972947.475,612,0.623,-0.886,-0.336,0.0,12.1
1783972947.475,612,0.763,0.674,0.501,0.0,12.1
1783972947.475,612,7.56,-0.954,0.486,0.0,16.2
1783972947.475,612,7.418,1.67,-0.693,0.0,16.2
1783972947.576,613,7.573,-0.954,-0.187,0.0,13.2
1783972947.576,613,6.922,1.67,2.755,0.0,13.2
1783972947.576,613,7.54,1.456,-1.157,0.0,12.2
1783972947.678,614,0.622,-0.886,-0.339,0.0,11.3
1783972947.678,614,0.837,0.638,0.422,0.0,11.3
1783972947.678,614,7.569,-0.954,0.314,0.0,14.8
1783972947.678,614,7.142,2.147,1.634,0.0,14.8
1783972947.678,614,7.495,1.456,-1.417,0.0,13.4
1783972947.779,615,0.612,-0.886,-0.356,0.0,11.6
1783972947.779,615,0.887,0.603,0.369,0.0,11.6
1783972947.779,615,7.615,-0.477,0.273,0.0,14.7
1783972947.779,615,7.132,1.909,1.944,0.0,14.7
1783972947.779,615,7.48,1.456,-1.496,0.0,12.8
1783972947.83,616,0.557,-0.922,-0.357,0.0,11.3
1783972947.83,616,0.875,0.603,0.397,0.0,11.3
1783972947.83,616,7.558,-0.712,0.062,0.0,16.1
1783972947.83,616,6.707,2.135,2.844,0.0,16.1
1783972947.83,616,7.36,1.699,-1.804,0.0,12.6
1783972947.83,616,7.445,-0.971,1.984,0.0,12.6
1783972947.981,617,0.554,-0.922,-0.361,0.0,11.2
1783972947.981,617,0.821,0.638,0.454,0.0,11.2
1783972947.981,617,7.531,-0.949,0.104,0.0,15.7
1783972947.981,617,7.642,0.728,-1.177,0.0,13.4
1783972948.083,618,0.548,-0.922,-0.371,0.0,12.7
1783972948.083,618,0.88,0.638,0.325,0.0,12.7
1783972948.083,618,7.425,-0.938,0.55,0.0,12.7
1783972948.083,618,7.047,2.58,-0.002,0.0,12.7
1783972948.083,618,7.574,-0.954,-0.117,0.0,16.8
1783972948.083,618,7.221,1.909,1.584,0.0,16.8
1783972948.083,618,7.518,1.699,-0.947,0.0,14.3
1783972948.134,619,0.613,-0.886,-0.355,0.0,12.5
1783972948.134,619,0.849,0.638,0.398,0.0,12.5
1783972948.134,619,7.595,-0.716,0.321,0.0,17.2
1783972948.134,619,7.309,1.909,-1.11,0.0,17.2
1783972948.134,619,7.49,1.699,-1.149,0.0,13.2
1783972948.234,620,0.56,-0.922,-0.351,0.0,12.2
1783972948.234,620,0.9,0.638,0.263,0.0,12.2
1783972948.234,620,7.546,-0.954,-0.662,0.0,14.2
1783972948.234,620,7.28,1.909,1.285,0.0,14.2
1783972948.386,621,0.612,-0.886,-0.355,0.0,12.2
1783972948.386,621,0.854,0.638,0.389,0.0,12.2
1783972948.386,621,7.459,-0.704,0.427,0.0,11.8
1783972948.386,621,6.46,3.049,2.298,0.0,11.8
1783972948.386,621,7.435,1.92,0.035,0.0,14.7
1783972948.386,621,7.373,-0.96,1.92,0.0,14.7
1783972948.461,622,0.556,-0.922,-0.357,0.0,11.9
1783972948.461,622,0.909,0.603,0.312,0.0,11.9
1783972948.461,622,7.575,-0.954,-0.042,0.0,17.6
1783972948.461,622,7.068,1.909,2.165,0.0,17.6
1783972948.563,623,7.601,-0.716,-0.007,0.0,15.5
1783972948.563,623,7.539,-1.193,0.195,0.0,15.5
1783972948.665,624,7.53,-0.949,0.147,0.0,15.0
1783972948.665,624,7.216,1.898,-1.399,0.0,15.0
1783972948.665,624,7.456,1.699,-1.356,0.0,13.1
1783972948.766,625,0.559,-0.922,-0.353,0.0,11.2
1783972948.766,625,0.892,0.603,0.357,0.0,11.2
1783972948.766,625,7.575,-0.954,-0.05,0.0,13.3
1783972948.766,625,7.34,1.909,0.879,0.0,13.3
1783972948.766,625,7.415,1.213,-1.964,0.0,12.1
1783972948.766,625,7.393,-1.456,1.878,0.0,12.1
1783972948.867,626,0.604,-0.886,-0.369,0.0,11.9
1783972948.867,626,0.891,0.638,0.294,0.0,11.9
1783972948.867,626,7.568,-0.954,-0.324,0.0,15.8
1783972948.867,626,7.384,1.909,0.349,0.0,15.8
1783972948.967,627,7.422,1.92,0.431,0.0,15.6
1783972948.967,627,7.273,-0.96,-2.266,0.0,15.6
1783972949.067,628,0.63,-0.886,-0.324,0.0,13.0
1783972949.067,628,0.848,0.603,0.452,0.0,13.0
1783972949.067,628,7.237,1.909,1.507,0.0,15.8
1783972949.067,628,7.568,-0.954,-0.33,0.0,15.8
1783972949.168,629,0.682,-0.886,-0.189,0.0,12.9
1783972949.168,629,0.878,0.567,0.441,0.0,12.9
1783972949.168,629,7.563,-0.954,-0.435,0.0,13.7
1783972949.168,629,6.995,1.909,2.391,0.0,13.7
1783972949.168,629,7.245,1.699,-2.221,0.0,12.8
1783972949.27,630,0.674,-0.886,-0.217,0.0,11.3
1783972949.27,630,1.002,0.39,-0.362,0.0,11.3
1783972949.27,630,7.537,-0.954,-0.764,0.0,14.3
1783972949.27,630,7.177,1.909,1.773,0.0,14.3
1783972949.27,630,7.36,1.456,-2.006,0.0,13.9
1783972949.27,630,7.422,-1.213,1.936,0.0,13.9
1783972949.372,631,0.914,0.567,0.361,0.0,12.0
1783972949.372,631,0.54,-0.886,-0.458,0.0,12.0
1783972949.372,631,7.293,2.147,0.707,0.0,15.6
1783972949.372,631,7.469,1.699,-1.279,0.0,12.6
1783972949.473,632,7.53,-0.949,-0.161,0.0,16.6
1783972949.473,632,6.726,1.898,2.964,0.0,16.6
1783972949.473,632,7.41,1.92,0.609,0.0,15.1
1783972949.577,633,0.61,-0.886,-0.359,0.0,12.8
1783972949.577,633,1.074,0.354,-0.083,0.0,12.8
1783972949.577,633,7.573,-0.954,-0.189,0.0,15.7
1783972949.577,633,6.939,1.909,2.55,0.0,15.7
1783972949.577,633,7.469,1.689,0.994,0.0,12.5
1783972949.577,633,7.696,-0.483,-0.408,0.0,12.5
1783972949.629,634,7.615,1.207,0.441,0.0,12.9
1783972949.781,635,7.574,-0.954,0.107,0.0,14.1
1783972949.781,635,7.253,1.909,1.429,0.0,14.1
1783972949.883,636,0.625,-0.886,-0.334,0.0,12.1
1783972949.883,636,1.065,0.39,-0.021,0.0,12.1
1783972949.883,636,7.563,-0.954,0.426,0.0,16.3
1783972949.883,636,7.695,-0.483,-0.438,0.0,11.4
1783972949.883,636,6.886,2.413,2.528,0.0,11.4
1783972949.934,637,0.592,-0.922,-0.295,0.0,11.5
1783972949.934,637,0.882,0.638,0.319,0.0,11.5
1783972949.934,637,7.572,-0.954,0.228,0.0,16.1
1783972949.934,637,7.693,-0.483,0.474,0.0,12.1
1783972950.035,638,0.552,-0.922,-0.364,0.0,12.4
1783972950.035,638,0.852,0.638,0.391,0.0,12.4
1783972950.035,638,7.573,-0.954,0.178,0.0,16.7
1783972950.035,638,7.392,1.909,0.041,0.0,16.7
1783972950.187,639,7.553,-0.954,-0.585,0.0,14.5
1783972950.187,639,7.144,1.909,1.9,0.0,14.5
1783972950.187,639,7.406,1.689,1.391,0.0,11.9
1783972950.187,639,7.567,-0.724,-1.361,0.0,11.9
1783972950.238,640,7.572,-0.954,0.214,0.0,15.3
1783972950.238,640,1.049,0.633,-0.315,0.243,16.5
1783972950.34,641,0.549,-0.922,-0.369,0.0,11.7
1783972950.34,641,7.687,-0.724,-0.134,0.0,13.8
1783972950.34,641,6.994,1.689,2.805,0.0,13.8
1783972950.441,642,0.6,-0.886,-0.376,0.0,12.6
1783972950.441,642,0.923,0.603,0.266,0.0,12.6
1783972950.441,642,7.57,-0.954,0.291,0.0,17.7
1783972950.441,642,7.274,1.67,-1.61,0.0,17.7
1783972950.441,642,1.161,0.395,0.312,0.243,17.7
1783972950.542,643,0.553,-0.922,-0.363,0.0,12.3
1783972950.542,643,0.91,0.603,0.308,0.0,12.3
1783972950.542,643,7.587,-0.965,1.068,0.0,14.5
1783972950.542,643,7.388,1.931,-1.153,0.0,14.5
1783972950.648,644,0.89,0.638,0.296,0.0,11.8
1783972950.648,644,7.5,-0.724,1.69,0.0,15.1
1783972950.751,645,0.551,-0.922,-0.365,0.0,11.9
1783972950.751,645,0.884,0.638,0.313,0.0,11.9
1783972950.751,645,7.485,-0.954,1.163,0.0,12.9
1783972950.851,646,0.559,-0.922,-0.354,0.0,12.6
1783972950.851,646,0.915,0.603,0.294,0.0,12.6
1783972950.851,646,7.484,-0.724,1.761,0.0,14.1
1783972950.952,647,0.599,-0.886,-0.378,0.0,12.0
1783972950.952,647,0.868,0.638,0.356,0.0,12.0
1783972950.952,647,7.684,0.971,-0.573,0.0,12.8
1783972951.052,648,0.557,-0.922,-0.356,0.0,12.6
1783972951.052,648,0.874,0.638,0.341,0.0,12.6
1783972951.052,648,7.535,1.689,0.083,0.0,12.4
1783972951.052,648,7.629,-0.965,0.71,0.0,12.4
1783972951.154,649,0.588,-0.922,-0.302,0.0,11.6
1783972951.154,649,0.879,0.638,0.326,0.0,11.6
1783972951.154,649,7.574,-0.954,-0.111,0.0,15.3
1783972951.254,650,7.593,-0.716,-0.353,0.0,17.0
1783972951.254,650,6.779,1.909,2.949,0.0,17.0
1783972951.355,651,7.594,-0.716,-0.324,0.0,17.3
1783972951.355,651,6.721,1.909,3.078,0.0,17.3
1783972951.456,652,7.572,-0.954,-0.217,0.0,17.4
1783972951.456,652,6.484,1.909,3.551,0.0,17.4
1783972951.566,653,7.471,-0.704,-0.007,0.0,11.5
1783972951.566,653,6.607,2.345,2.676,0.0,11.5
1783972951.566,653,7.417,1.68,1.064,0.0,11.7
1783972951.566,653,7.552,1.952,-0.374,0.0,11.5
1783972951.566,653,6.814,-1.22,3.615,0.0,11.5
1783972951.668,654,0.597,-0.886,-0.38,0.0,11.9
1783972951.668,654,0.948,0.567,0.256,0.0,11.9
1783972951.668,654,7.604,-0.724,1.137,0.0,12.8
1783972951.668,654,6.984,1.931,-2.671,0.0,12.8
1783972951.668,654,7.416,2.44,-0.183,0.0,11.3
1783972951.668,654,7.544,-1.708,1.075,0.0,11.3
1783972951.771,655,0.535,-0.922,-0.389,0.0,12.5
1783972951.771,655,0.92,0.603,0.278,0.0,12.5
1783972951.771,655,7.524,1.952,0.753,0.0,12.2
1783972951.872,656,0.585,-0.922,-0.309,0.0,11.4
1783972951.872,656,0.828,0.638,0.44,0.0,11.4
1783972951.872,656,7.722,-0.485,0.669,0.0,12.2
1783972951.872,656,6.615,1.699,-3.696,0.0,12.2
1783972951.973,657,7.419,-0.704,0.881,0.0,13.6
1783972951.973,657,6.834,2.814,1.298,0.0,13.6
1783972952.075,658,0.544,-0.922,-0.376,0.0,11.5
1783972952.075,658,7.43,-0.704,0.786,0.0,11.6
1783972952.075,658,6.925,2.814,0.66,0.0,11.6
1783972952.075,658,7.477,-0.954,1.214,0.0,14.2
1783972952.075,658,7.05,1.67,-2.408,0.0,14.2
1783972952.075,658,7.507,2.209,-0.659,0.0,11.4
1783972952.075,658,7.445,-0.491,2.451,0.0,11.4
1783972952.175,659,0.572,-0.922,-0.331,0.0,11.7
1783972952.175,659,0.819,0.638,0.457,0.0,11.7
1783972952.175,659,7.575,-0.954,-0.06,0.0,17.2
1783972952.279,660,7.295,1.931,1.641,0.0,14.8
1783972952.279,660,7.662,-0.483,-0.835,0.0,14.8
1783972952.33,661,7.475,1.931,0.173,0.0,13.3
1783972952.482,662,7.307,1.909,1.124,0.0,15.3
1783972952.482,662,7.52,-0.716,-1.113,0.0,15.3
1783972952.482,662,7.627,1.456,0.144,0.0,12.7
1783972952.583,663,7.39,1.909,0.18,0.0,14.1
1783972952.633,664,0.63,-0.957,-0.273,0.0,12.5
1783972952.633,664,6.93,1.909,2.574,0.0,14.7
1783972952.633,664,7.543,-0.716,-0.943,0.0,14.7
1783972952.734,665,7.427,-0.699,-0.125,0.0,12.6
1783972952.734,665,6.348,1.865,3.448,0.0,12.6
1783972952.734,665,7.318,2.147,0.368,0.0,13.0
1783972952.734,665,7.597,-0.716,0.271,0.0,13.0
1783972952.734,665,7.628,1.456,0.014,0.0,14.2
1783972952.885,666,0.59,-0.92,-0.439,0.0,12.7
1783972952.885,666,1.136,0.294,-0.098,0.0,12.7
1783972952.885,666,7.268,2.135,0.49,0.0,11.2
1783972952.885,666,7.321,-1.423,1.419,0.0,11.2
1783972952.885,666,7.448,1.699,-1.398,0.0,11.7
1783972952.885,666,7.043,-0.971,3.124,0.0,11.7
1783972952.937,667,7.159,-1.213,2.754,0.0,13.1
1783972952.937,667,7.375,1.456,-1.951,0.0,13.1
1783972953.038,668,0.623,-0.886,-0.337,0.0,11.4
1783972953.038,668,0.838,0.638,0.422,0.0,11.4
1783972953.038,668,7.453,-1.423,0.229,0.0,11.4
1783972953.038,668,7.197,1.423,-1.951,0.0,11.4
1783972953.138,669,7.512,-0.949,0.547,0.0,16.8
1783972953.239,670,7.391,1.909,0.166,0.0,12.5
1783972953.239,670,7.53,-0.976,1.824,0.0,13.8
1783972953.34,671,7.468,-0.704,-0.222,0.0,13.5
1783972953.34,671,6.983,1.876,2.009,0.0,13.5
1783972953.34,671,7.343,1.699,-1.87,0.0,11.3
1783972953.34,671,7.215,-0.971,2.703,0.0,11.3
1783972953.441,672,7.574,-0.954,-0.15,0.0,13.1
1783972953.441,672,7.202,2.147,1.348,0.0,13.1
1783972953.441,672,7.565,1.699,-0.446,0.0,14.3
1783972953.558,673,7.171,1.909,1.797,0.0,14.4
1783972953.558,673,7.536,-1.193,-0.282,0.0,14.4
1783972953.558,673,7.501,1.941,-0.525,0.0,14.6
1783972953.659,674,7.368,-0.954,1.761,0.0,16.8
1783972953.659,674,7.368,1.909,-0.604,0.0,16.8
1783972953.659,674,7.556,1.699,0.574,0.0,14.5
1783972953.659,674,7.609,-0.728,-1.371,0.0,14.5
1783972953.761,675,7.555,-0.954,0.553,0.0,18.0
1783972953.761,675,7.306,1.909,-1.125,0.0,18.0
1783972953.761,675,7.625,1.456,-0.224,0.0,13.9
1783972953.761,675,7.266,-1.213,-2.457,0.0,13.9
1783972953.862,676,7.558,-0.954,0.505,0.0,17.2
1783972953.862,676,7.062,1.909,-2.184,0.0,17.2
1783972953.862,676,7.574,1.699,0.232,0.0,14.3
1783972953.862,676,7.342,-0.728,-2.424,0.0,14.3
1783972953.962,677,7.574,-0.954,0.154,0.0,13.5
1783972953.962,677,7.389,1.909,-0.234,0.0,13.5
1783972953.962,677,7.482,1.699,-1.204,0.0,12.2
1783972954.064,678,7.561,-0.954,0.469,0.0,15.1
1783972954.064,678,7.381,1.909,-0.416,0.0,15.1
1783972954.064,678,7.558,1.699,0.547,0.0,15.0
1783972954.064,678,7.523,-0.728,-1.783,0.0,15.0
1783972954.166,679,7.559,-0.954,0.498,0.0,17.4
1783972954.166,679,7.375,1.909,-0.505,0.0,17.4
1783972954.166,679,7.564,1.699,-0.464,0.0,13.4
1783972954.267,680,7.575,-0.716,0.633,0.0,17.7
1783972954.267,680,7.34,1.909,-0.881,0.0,17.7
1783972954.267,680,7.628,1.456,-0.053,0.0,12.9
1783972954.368,681,7.431,1.92,-0.23,0.0,14.3
1783972954.368,681,7.493,-0.72,1.516,0.0,14.3
1783972954.368,681,7.577,1.699,0.107,0.0,13.6
1783972954.368,681,7.182,-0.728,-2.864,0.0,13.6
1783972954.469,682,7.573,-0.716,0.657,0.0,16.5
1783972954.469,682,7.576,1.699,-0.169,0.0,16.8
1783972954.469,682,7.566,-0.971,1.456,0.0,16.8
1783972954.57,683,7.538,-0.954,0.749,0.0,12.0
1783972954.57,683,7.451,1.456,-1.633,0.0,12.2
1783972954.772,685,7.517,-0.954,0.935,0.0,14.8
1783972954.772,685,7.691,-0.483,0.502,0.0,12.7
1783972954.873,686,7.541,-1.193,-0.097,0.0,14.8
1783972954.873,686,7.349,1.456,-2.046,0.0,13.0
1783972954.873,686,7.306,-1.213,2.338,0.0,13.0
1783972954.975,687,7.6,-0.716,0.119,0.0,16.8
1783972954.975,687,7.52,-0.971,1.679,0.0,13.9
1783972954.975,687,7.155,1.941,-2.312,0.0,13.9
1783972955.076,688,7.573,-0.954,0.17,0.0,13.9
1783972955.076,688,6.914,1.909,2.617,0.0,13.9
1783972955.076,688,7.698,0.971,-0.333,0.0,14.7
1783972955.177,689,7.51,-0.954,0.99,0.0,14.1
1783972955.177,689,7.377,1.67,-1.041,0.0,14.1
1783972955.177,689,7.573,1.699,0.258,0.0,16.1
1783972955.177,689,7.106,-0.728,-3.046,0.0,16.1
1783972955.277,690,7.127,1.699,-2.573,0.0,14.0
1783972955.277,690,7.378,-0.971,2.222,0.0,14.0
1783972955.378,691,7.425,-0.699,-0.203,0.0,11.4
1783972955.378,691,7.036,1.865,1.635,0.0,11.4
1783972955.378,691,7.231,2.386,0.561,0.0,14.7
1783972955.378,691,7.373,-1.193,1.583,0.0,14.7
1783972955.378,691,7.268,1.699,-2.145,0.0,13.5
1783972955.378,691,7.505,-1.213,1.584,0.0,13.5
1783972955.479,692,0.569,-0.922,-0.337,0.0,11.3
1783972955.479,692,0.831,0.674,0.377,0.0,11.3
1783972955.479,692,7.389,-0.954,1.667,0.0,15.3
1783972955.479,692,7.361,1.909,-0.685,0.0,15.3
1783972955.479,692,7.667,0.728,-0.998,0.0,12.6
1783972955.581,693,7.564,-0.954,0.401,0.0,16.2
1783972955.581,693,7.391,1.909,0.167,0.0,16.2
1783972955.581,693,7.6,1.456,-0.657,0.0,12.8
1783972955.637,694,0.91,0.603,0.31,0.0,11.6
1783972955.637,694,7.573,-0.954,0.195,0.0,14.6
1783972955.637,694,6.817,1.909,2.861,0.0,14.6
1783972955.637,694,7.49,1.699,-1.148,0.0,15.7
1783972955.637,694,7.147,-1.213,2.785,0.0,15.7
1783972955.738,695,0.615,-0.886,-0.351,0.0,11.4
1783972955.738,695,0.821,0.638,0.453,0.0,11.4
1783972955.738,695,7.514,-0.712,0.811,0.0,18.2
1783972955.738,695,7.578,1.699,0.028,0.0,17.1
1783972955.844,696,7.534,-1.193,0.333,0.0,16.6
1783972955.844,696,7.049,2.625,1.311,0.0,16.6
1783972955.844,696,7.551,1.699,-0.632,0.0,16.1
1783972955.947,697,0.622,-0.886,-0.338,0.0,11.4
1783972955.947,697,0.726,0.674,0.553,0.0,11.4
1783972955.947,697,7.246,2.147,1.086,0.0,15.6
1783972955.947,697,7.245,1.67,1.737,0.0,15.6
1783972955.947,697,7.628,1.456,-0.094,0.0,15.9
1783972956.048,698,7.533,-0.954,0.794,0.0,17.3
1783972956.048,698,7.366,1.909,-0.621,0.0,17.3
1783972956.048,698,7.667,1.213,0.221,0.0,14.5
1783972956.157,699,7.324,-0.699,1.236,0.0,11.3
1783972956.157,699,7.085,2.331,-0.168,0.0,11.3
1783972956.157,699,7.478,-0.954,1.207,0.0,14.0
1783972956.157,699,7.268,2.147,-0.928,0.0,14.0
1783972956.157,699,7.565,1.699,-0.438,0.0,15.2
1783972956.259,700,7.488,-1.193,0.894,0.0,14.4
1783972956.259,700,7.762,0.243,-0.019,0.0,12.4
1783972956.376,701,0.545,-0.922,-0.374,0.0,11.8
1783972956.376,701,0.803,0.674,0.434,0.0,11.8
1783972956.376,701,7.56,-0.954,0.474,0.0,15.9
1783972956.376,701,7.757,-0.243,0.273,0.0,13.4
1783972956.477,702,7.53,1.699,-0.847,0.0,13.4
1783972956.477,702,7.653,-1.213,0.522,0.0,13.4
1783972956.528,703,7.577,-0.716,0.603,0.0,16.3
1783972956.528,703,7.561,1.456,-1.007,0.0,14.6
1783972956.689,704,0.603,-0.886,-0.371,0.0,11.8
1783972956.689,704,0.827,0.638,0.443,0.0,11.8
1783972956.689,704,7.558,1.699,-0.552,0.0,14.8
1783972956.74,705,7.575,-0.954,0.046,0.0,17.0
1783972956.74,705,7.129,1.909,1.958,0.0,17.0
1783972956.74,705,7.519,1.941,-0.096,0.0,16.5
1783972956.841,706,7.171,1.898,1.614,0.0,12.4
1783972956.841,706,7.47,-0.712,-1.147,0.0,12.4
1783972956.841,706,7.644,1.213,-0.634,0.0,15.0
1783972956.963,707,7.563,-0.954,0.432,0.0,14.0
1783972956.963,707,7.258,1.67,1.681,0.0,14.0
1783972956.963,707,7.601,1.456,-0.648,0.0,16.2
1783972957.063,708,7.567,-0.954,0.345,0.0,16.5
1783972957.063,708,7.411,1.456,-1.808,0.0,13.1
1783972957.063,708,7.579,-0.971,1.386,0.0,13.1
1783972957.191,709,7.468,1.931,0.359,0.0,12.7
1783972957.191,709,7.606,-0.724,-1.12,0.0,12.7
1783972957.241,710,7.388,1.92,0.837,0.0,15.7
1783972957.347,711,7.529,-0.949,0.21,0.0,16.0
1783972957.347,711,7.657,-0.724,-0.693,0.0,13.4
1783972957.347,711,7.145,1.931,2.203,0.0,13.4
1783972957.447,712,0.62,-0.886,-0.342,0.0,11.6
1783972957.447,712,0.879,0.603,0.389,0.0,11.6
1783972957.447,712,7.444,-0.938,0.147,0.0,14.2
1783972957.447,712,7.129,1.876,-1.405,0.0,14.2
1783972957.447,712,7.43,1.92,0.259,0.0,12.3
1783972957.447,712,7.619,-0.72,0.622,0.0,12.3
1783972957.56,713,7.574,-0.954,-0.099,0.0,15.3
1783972957.56,713,7.169,1.456,-2.608,0.0,13.5
1783972957.56,713,7.387,-1.213,2.066,0.0,13.5
1783972957.661,714,7.443,1.456,-1.668,0.0,15.2
1783972957.767,715,7.412,-0.704,0.936,0.0,12.9
1783972957.767,715,7.428,-0.954,1.486,0.0,16.3
1783972957.767,715,7.348,1.909,-0.811,0.0,16.3
1783972957.767,715,7.627,1.456,-0.126,0.0,15.6
1783972957.868,716,0.569,-0.922,-0.337,0.0,11.7
1783972957.868,716,0.83,0.638,0.438,0.0,11.7
1783972957.868,716,7.566,-0.954,-0.364,0.0,15.4
1783972957.868,716,7.065,1.909,2.178,0.0,15.4
1783972957.868,716,7.578,1.699,0.037,0.0,15.7
1783972957.97,717,0.538,-0.922,-0.384,0.0,11.7
1783972957.97,717,0.843,0.638,0.412,0.0,11.7
1783972957.97,717,7.447,-0.704,0.605,0.0,13.5
1783972957.97,717,7.095,2.345,-0.688,0.0,13.5
1783972957.97,717,7.527,-0.949,0.279,0.0,17.9
1783972958.071,718,0.605,-0.886,-0.368,0.0,12.0
1783972958.071,718,0.834,0.638,0.43,0.0,12.0
1783972958.071,718,7.52,-0.949,0.427,0.0,16.7
1783972958.172,719,6.92,1.876,2.215,0.0,12.4
1783972958.172,719,7.417,-0.938,-0.649,0.0,12.4
1783972958.172,719,7.565,-0.954,0.386,0.0,16.3
1783972958.172,719,7.391,1.909,-0.138,0.0,16.3
1783972958.273,720,0.6,-0.886,-0.376,0.0,12.0
1783972958.273,720,0.93,0.567,0.316,0.0,12.0
1783972958.273,720,7.428,-0.954,1.486,0.0,13.8
1783972958.273,720,7.324,2.147,0.206,0.0,13.8
1783972958.273,720,7.621,-0.971,1.137,0.0,11.8
1783972958.374,721,7.572,-0.954,0.227,0.0,19.2
1783972958.374,721,7.393,1.941,-1.375,0.0,14.7
1783972958.374,721,7.589,-0.728,1.477,0.0,14.7
1783972958.474,722,7.68,0.971,-0.619,0.0,14.5
1783972958.575,723,7.628,1.456,-0.002,0.0,16.2
1783972958.676,724,7.415,-0.699,0.437,0.0,12.4
1783972958.676,724,7.005,2.098,1.481,0.0,12.4
1783972958.676,724,7.586,-0.716,-0.487,0.0,14.7
1783972958.676,724,6.864,1.909,2.746,0.0,14.7
1783972958.676,724,7.578,1.699,-0.036,0.0,14.6
1783972958.777,725,7.427,-0.699,0.123,0.0,11.2
1783972958.777,725,6.925,2.098,1.818,0.0,11.2
1783972958.777,725,7.487,-0.949,0.817,0.0,12.9
1783972958.777,725,7.523,1.952,0.762,0.0,14.1
1783972958.878,726,7.321,2.147,0.301,0.0,13.7
1783972958.878,726,7.402,-0.716,1.728,0.0,13.7
1783972958.878,726,7.468,2.196,0.621,0.0,14.4
1783972958.929,727,7.524,1.952,0.755,0.0,15.5
1783972959.079,728,7.53,-0.949,0.177,0.0,13.1
1783972959.079,728,7.693,0.971,-0.427,0.0,14.0
1783972959.18,729,7.468,-0.704,0.2,0.0,11.4
1783972959.18,729,7.259,1.876,0.317,0.0,11.4
1783972959.18,729,7.328,1.92,1.255,0.0,11.3
1783972959.18,729,7.634,-0.72,0.406,0.0,11.3
1783972959.231,730,0.629,-0.886,-0.326,0.0,11.5
1783972959.231,730,0.825,0.638,0.446,0.0,11.5
1783972959.231,730,7.549,-0.712,-0.358,0.0,14.6
1783972959.231,730,6.538,2.135,3.214,0.0,14.6
1783972959.382,731,0.624,-0.886,-0.335,0.0,11.6
1783972959.382,731,0.847,0.638,0.402,0.0,11.6
1783972959.382,731,7.566,-0.954,0.375,0.0,14.6
1783972959.382,731,7.729,-0.728,0.187,0.0,13.8
1783972959.483,732,0.547,-0.922,-0.371,0.0,11.9
1783972959.483,732,0.851,0.638,0.393,0.0,11.9
1783972959.483,732,7.454,-0.704,0.498,0.0,12.5
1783972959.533,733,7.474,-0.943,0.473,0.0,12.9
1783972959.533,733,7.357,1.456,2.016,0.0,12.0
1783972959.634,734,7.532,-0.949,-0.006,0.0,12.4
1783972959.634,734,7.185,1.931,-2.07,0.0,13.1
1783972959.634,734,7.314,-0.724,2.371,0.0,13.1
1783972959.785,735,7.543,1.699,-0.722,0.0,17.3
1783972959.785,735,7.564,-1.213,1.275,0.0,17.3
1783972959.836,736,7.578,1.699,0.009,0.0,17.0
1783972959.936,737,7.411,-0.699,0.495,0.0,13.3
1783972959.936,737,7.103,2.098,0.894,0.0,13.3
1783972959.936,737,7.368,1.699,-1.769,0.0,12.2
1783972959.936,737,6.991,-1.213,3.156,0.0,12.2
1783972960.088,738,7.459,-0.704,0.423,0.0,12.9
1783972960.088,738,6.312,2.111,3.466,0.0,12.9
1783972960.088,738,7.574,-0.954,0.132,0.0,16.1
1783972960.139,739,7.4,-0.933,0.173,0.0,12.9
1783972960.139,739,7.002,1.865,1.777,0.0,12.9
1783972960.139,739,7.654,-0.724,0.73,0.0,15.3
1783972960.24,740,7.572,-0.954,0.208,0.0,16.6
1783972960.24,740,7.631,-0.724,0.933,0.0,14.4
1783972960.341,741,7.445,-0.938,-0.104,0.0,11.3
1783972960.341,741,6.938,2.111,1.929,0.0,11.3
1783972960.341,741,7.566,-0.716,0.738,0.0,14.7
1783972960.441,742,7.152,2.111,-0.841,0.0,11.8
1783972960.441,742,7.39,-0.704,1.095,0.0,11.8
1783972960.441,742,7.646,-0.965,0.489,0.0,13.9
1783972960.441,742,1.095,0.294,-0.32,0.243,19.7
1783972960.542,743,7.557,-0.954,0.519,0.0,17.2
1783972960.643,744,7.464,-0.704,0.32,0.0,12.3
1783972960.744,745,7.064,1.699,2.742,0.0,14.0
1783972960.744,745,7.62,-1.213,0.877,0.0,14.0
1783972960.845,746,7.471,-0.704,0.035,0.0,12.8
1783972960.946,747,7.712,-0.728,0.549,0.0,12.8
1783972961.047,748,7.438,-0.938,0.322,0.0,14.1
1783972961.047,748,6.651,3.049,1.668,0.0,14.1
1783972961.047,748,7.607,-0.724,1.114,0.0,13.3
1783972961.148,749,7.498,-0.949,0.718,0.0,13.5
1783972961.148,749,6.916,1.661,-2.654,0.0,13.5
1783972961.148,749,8.425,0.529,0.614,0.0,11.4
1783972961.148,749,7.979,-2.645,-0.986,0.0,11.4
1783972961.266,750,7.396,-0.699,0.682,0.0,13.7
1783972961.266,750,7.157,2.098,0.195,0.0,13.7
1783972961.266,750,7.517,-0.949,0.479,0.0,15.4
1783972961.266,750,6.403,1.931,-3.861,0.0,12.4
1783972961.266,750,7.645,-0.965,0.505,0.0,12.4
1783972961.385,751,7.575,-0.954,-0.07,0.0,12.9
1783972961.385,751,6.902,1.67,2.805,0.0,12.9
1783972961.385,751,7.475,1.931,0.189,0.0,11.6
1783972961.435,752,7.09,1.931,2.376,0.0,13.7
1783972961.435,752,7.682,-0.724,0.301,0.0,13.7
1783972961.435,752,7.606,1.464,-0.993,0.0,11.5
1783972961.598,753,7.574,-0.954,-0.107,0.0,15.2
1783972961.598,753,7.066,1.909,2.174,0.0,15.2
1783972961.598,753,7.505,1.699,1.046,0.0,14.6
1783972961.649,754,0.544,-0.922,-0.376,0.0,12.4
1783972961.649,754,0.892,0.638,0.29,0.0,12.4
1783972961.649,754,7.533,-0.712,0.609,0.0,14.3
1783972961.649,754,7.715,-0.728,0.504,0.0,15.0
1783972961.649,754,6.566,1.941,-3.665,0.0,15.0
1783972961.75,755,0.56,-0.922,-0.352,0.0,12.6
1783972961.75,755,0.866,0.638,0.361,0.0,12.6
1783972961.75,755,7.526,-0.949,-0.288,0.0,12.9
1783972961.75,755,7.04,2.172,-2.314,0.0,11.9
1783972961.75,755,7.332,-0.483,2.375,0.0,11.9
1783972961.852,756,0.547,-0.922,-0.372,0.0,11.9
1783972961.852,756,1.036,0.461,0.042,0.0,11.9
1783972961.852,756,7.7,-0.241,0.534,0.0,11.8
1783972961.852,756,7.651,-0.724,0.753,0.0,11.8
1783972961.852,756,7.445,2.196,0.856,0.0,13.3
1783972961.852,756,1.236,0.087,0.644,-0.243,12.9
1783972961.956,757,0.569,-0.922,-0.337,0.0,12.0
1783972961.956,757,0.902,0.603,0.332,0.0,12.0
1783972961.956,757,7.524,-0.949,0.349,0.0,17.5
1783972962.057,758,0.637,-0.886,-0.31,0.0,11.6
1783972962.057,758,0.931,0.567,0.313,0.0,11.6
1783972962.057,758,7.356,-0.933,0.828,0.0,13.2
1783972962.057,758,7.565,-0.716,0.741,0.0,16.1
1783972962.057,758,7.246,1.909,-1.466,0.0,16.1
1783972962.057,758,1.105,0.634,-0.453,-0.162,15.8
1783972962.165,759,0.546,-0.922,-0.372,0.0,11.6
1783972962.165,759,0.874,0.603,0.401,0.0,11.6
1783972962.165,759,7.369,-0.704,1.233,0.0,12.8
1783972962.165,759,7.053,2.345,-1.032,0.0,12.8
1783972962.165,759,7.256,-0.716,2.265,0.0,14.2
1783972962.165,759,7.324,2.147,-0.193,0.0,14.2
1783972962.266,760,7.33,-0.933,1.026,0.0,11.2
1783972962.266,760,7.566,-0.724,1.368,0.0,13.7
1783972962.266,760,8.433,0.264,0.678,0.0,11.9
1783972962.266,760,7.632,-2.909,-2.22,0.0,11.9
1783972962.379,761,0.636,-0.886,-0.311,0.0,12.2
1783972962.379,761,0.894,0.603,0.353,0.0,12.2
1783972962.379,761,7.556,1.699,0.579,0.0,15.0
1783972962.48,762,0.588,-0.886,-0.394,0.0,11.7
1783972962.48,762,0.854,0.603,0.44,0.0,11.7
1783972962.48,762,7.522,-0.949,0.38,0.0,14.0
1783972962.48,762,7.0,1.699,-2.903,0.0,15.1
1783972962.48,762,7.548,-1.213,1.365,0.0,15.1
1783972962.53,763,0.626,-0.886,-0.331,0.0,11.3
1783972962.53,763,0.972,0.532,0.243,0.0,11.3
1783972962.53,763,7.191,2.111,-0.377,0.0,11.9
1783972962.53,763,7.306,1.642,-0.49,0.0,11.9
1783972962.53,763,7.461,-1.193,1.096,0.0,12.8
1783972962.53,763,6.695,2.863,2.297,0.0,12.8
1783972962.636,764,0.589,-0.886,-0.393,0.0,12.2
1783972962.636,764,0.855,0.638,0.385,0.0,12.2
1783972962.636,764,7.567,-0.716,0.721,0.0,16.0
1783972962.788,765,0.638,-0.886,-0.306,0.0,11.7
1783972962.788,765,0.815,0.638,0.464,0.0,11.7
1783972962.788,765,7.56,-0.954,0.472,0.0,16.7
1783972962.838,766,0.609,-0.886,-0.362,0.0,12.2
1783972962.838,766,0.912,0.603,0.305,0.0,12.2
1783972962.838,766,7.213,1.898,1.414,0.0,12.3
1783972962.838,766,7.694,0.971,0.408,0.0,11.9
1783972962.94,767,0.572,-0.922,-0.332,0.0,11.4
1783972962.94,767,0.895,0.603,0.349,0.0,11.4
1783972962.94,767,7.44,-0.938,0.287,0.0,12.5
1783972962.94,767,6.655,3.049,-1.651,0.0,12.5
1783972962.94,767,7.411,-0.954,1.57,0.0,11.3
1783972962.94,767,7.327,2.147,0.058,0.0,11.3
1783972963.04,768,7.571,-0.954,0.259,0.0,16.1
1783972963.04,768,7.308,1.909,-1.113,0.0,16.1
1783972963.04,768,7.623,1.456,-0.28,0.0,13.8
1783972963.141,769,0.613,-0.886,-0.355,0.0,12.0
1783972963.141,769,0.868,0.709,0.175,0.0,12.0
1783972963.141,769,7.573,-0.954,0.161,0.0,14.9
1783972963.141,769,7.531,1.699,-0.842,0.0,14.9
1783972963.243,770,7.475,-0.954,1.229,0.0,15.4
1783972963.243,770,7.326,2.147,-0.098,0.0,15.4
1783972963.243,770,7.578,1.699,0.018,0.0,14.9
1783972963.343,771,0.604,-0.886,-0.369,0.0,12.1
1783972963.343,771,0.925,0.603,0.262,0.0,12.1
1783972963.343,771,7.512,-0.716,1.163,0.0,18.5
1783972963.343,771,7.253,2.386,0.027,0.0,18.5
1783972963.343,771,7.562,1.699,0.483,0.0,15.5
1783972963.444,772,0.667,-0.886,-0.238,0.0,12.7
1783972963.444,772,7.551,1.699,-0.633,0.0,15.3
1783972963.444,772,1.247,-0.158,0.147,-0.081,11.9
1783972963.444,772,1.195,-0.237,0.34,-0.081,11.9
1783972963.544,773,0.656,-0.886,-0.267,0.0,11.6
1783972963.544,773,0.921,0.603,0.276,0.0,11.6
1783972963.544,773,7.575,-0.954,0.071,0.0,15.0
1783972963.544,773,7.092,1.456,-2.809,0.0,11.2
1783972963.544,773,1.138,-0.229,0.379,-0.081,12.7
1783972963.544,773,1.172,0.115,-0.324,-0.081,12.7
1783972963.645,774,0.668,-0.851,-0.341,0.0,12.2
1783972963.645,774,0.957,0.603,0.087,0.0,12.2
1783972963.645,774,7.574,-0.954,0.138,0.0,12.7
1783972963.645,774,7.336,1.909,0.915,0.0,12.7
1783972963.645,774,7.653,-0.724,0.736,0.0,13.1
1783972963.746,775,0.579,-0.922,-0.319,0.0,12.7
1783972963.746,775,1.053,0.39,-0.158,0.0,12.7
1783972963.746,775,7.548,-0.954,0.636,0.0,17.8
1783972963.847,776,0.627,-0.886,-0.329,0.0,11.4
1783972963.847,776,1.071,0.354,-0.121,0.0,11.4
1783972963.847,776,7.564,-0.954,0.403,0.0,17.1
1783972963.847,776,7.687,-0.724,0.163,0.0,12.4
1783972963.948,777,0.607,-0.886,-0.365,0.0,11.8
1783972963.948,777,0.811,0.638,0.471,0.0,11.8
1783972963.948,777,7.497,-0.954,1.083,0.0,13.0
1783972963.948,777,7.229,1.67,-1.802,0.0,13.0
1783972963.948,777,7.389,-1.213,2.06,0.0,13.2
1783972963.948,777,7.182,1.456,-2.57,0.0,13.2
1783972964.049,778,0.552,-0.922,-0.363,0.0,11.9
1783972964.049,778,0.806,0.638,0.48,0.0,11.9
1783972964.049,778,7.559,-0.954,0.499,0.0,14.9
1783972964.049,778,7.38,1.909,-0.425,0.0,14.9
1783972964.049,778,7.479,1.941,-0.775,0.0,16.5
1783972964.15,779,7.532,-0.949,0.052,0.0,16.5
1783972964.15,779,7.247,1.898,1.229,0.0,16.5
1783972964.15,779,7.557,1.952,-0.254,0.0,12.0
1783972964.15,779,6.729,-0.976,3.842,0.0,12.0
1783972964.251,780,7.573,-0.954,-0.196,0.0,16.6
1783972964.251,780,6.943,1.67,2.703,0.0,16.6
1783972964.251,780,7.474,1.941,-0.823,0.0,15.3
1783972964.251,780,7.18,-1.213,2.699,0.0,15.3
1783972964.352,781,0.568,-0.92,-0.466,0.0,11.4
1783972964.352,781,1.056,0.368,-0.369,0.0,11.4
1783972964.352,781,7.545,1.456,-1.123,0.0,14.0
1783972964.352,781,7.204,-1.456,2.507,0.0,14.0
1783972964.453,782,0.669,-0.851,-0.341,0.0,12.1
1783972964.453,782,0.982,0.567,-0.005,0.0,12.1
1783972964.453,782,7.532,-0.949,0.039,0.0,15.0
1783972964.453,782,7.314,1.898,0.727,0.0,15.0
1783972964.453,782,7.512,1.699,-0.993,0.0,14.7
1783972964.453,782,7.049,-1.213,3.024,0.0,14.7
1783972964.554,783,0.648,-0.886,-0.286,0.0,11.9
1783972964.554,783,0.747,0.674,0.525,0.0,11.9
1783972964.554,783,7.38,-1.213,2.089,0.0,14.6
1783972964.554,783,7.441,1.699,-1.434,0.0,14.6
1783972964.655,784,0.617,-0.851,-0.427,0.0,12.3
1783972964.655,784,7.44,-0.938,0.281,0.0,12.2
1783972964.655,784,7.549,-0.954,-0.633,0.0,11.6
1783972964.655,784,6.847,1.909,2.788,0.0,11.6
1783972964.655,784,7.252,1.699,-2.198,0.0,13.7
1783972964.655,784,7.331,-1.213,2.257,0.0,13.7
1783972964.756,785,7.593,-0.716,0.362,0.0,17.5
1783972964.756,785,7.474,1.699,-1.248,0.0,13.4
1783972964.857,786,7.391,-1.173,0.563,0.0,14.9
1783972964.857,786,7.573,-0.954,-0.165,0.0,14.9
1783972964.857,786,7.373,1.909,0.537,0.0,14.9
1783972964.857,786,7.536,1.456,-1.184,0.0,14.4
1783972964.857,786,7.289,-1.213,2.388,0.0,14.4
1783972964.958,787,0.633,-0.851,-0.403,0.0,11.8
1783972964.958,787,7.573,-0.954,0.16,0.0,17.8
1783972964.958,787,6.858,1.909,2.759,0.0,17.8
1783972964.958,787,7.621,1.456,-0.326,0.0,16.1
1783972965.059,788,0.576,-0.886,-0.412,0.0,11.3
1783972965.059,788,1.013,0.496,0.119,0.0,11.3
1783972965.059,788,7.536,1.699,0.795,0.0,16.5
1783972965.16,789,0.703,-0.851,-0.263,0.0,12.0
1783972965.16,789,7.592,-0.716,0.37,0.0,17.4
1783972965.16,789,7.379,1.909,-0.441,0.0,17.4
1783972965.16,789,7.557,1.699,0.561,0.0,15.8
1783972965.261,790,0.957,0.368,-0.58,0.0,12.3
1783972965.261,790,7.601,-0.716,0.024,0.0,16.3
1783972965.261,790,7.356,1.909,0.73,0.0,16.3
1783972965.261,790,7.549,1.952,0.442,0.0,13.7
1783972965.261,790,0.664,-0.886,-0.245,0.081,14.2
1783972965.362,791,7.329,-0.938,1.313,0.0,11.6
1783972965.362,791,7.574,-0.954,-0.13,0.0,15.7
1783972965.362,791,7.035,2.147,2.047,0.0,15.7
1783972965.362,791,7.487,1.699,-1.168,0.0,14.9
1783972965.362,791,7.036,-1.213,3.054,0.0,14.9
1783972965.362,791,1.041,-0.258,0.487,0.162,12.4
1783972965.463,792,7.407,-0.704,0.974,0.0,12.1
1783972965.463,792,6.843,2.111,-2.244,0.0,12.1
1783972965.463,792,7.479,1.699,-1.22,0.0,14.5
1783972965.564,793,0.636,-0.886,-0.311,0.0,11.6
1783972965.564,793,7.612,-0.724,1.079,0.0,15.1
1783972965.564,793,7.204,1.931,-2.002,0.0,15.1
1783972965.665,794,0.624,-0.886,-0.336,0.0,11.8
1783972965.665,794,0.907,0.603,0.317,0.0,11.8
1783972965.665,794,7.424,-0.699,0.226,0.0,11.7
1783972965.665,794,6.961,2.098,1.675,0.0,11.7
1783972965.665,794,7.533,-0.716,1.019,0.0,15.6
1783972965.665,794,7.605,1.456,-0.596,0.0,15.7
1783972965.765,795,0.559,-0.922,-0.353,0.0,11.5
1783972965.765,795,0.871,0.603,0.406,0.0,11.5
1783972965.765,795,7.412,-1.173,0.072,0.0,14.4
1783972965.765,795,7.621,1.456,-0.333,0.0,14.4
1783972965.866,796,0.55,-0.922,-0.367,0.0,11.7
1783972965.866,796,0.883,0.603,0.38,0.0,11.7
1783972965.866,796,7.471,-0.704,-0.067,0.0,11.5
1783972965.866,796,7.478,1.699,-1.227,0.0,14.9
1783972965.967,797,0.551,-0.922,-0.366,0.0,12.0
1783972965.967,797,0.91,0.603,0.309,0.0,12.0
1783972965.967,797,7.47,-0.704,-0.108,0.0,11.3
1783972965.967,797,7.426,1.456,-1.744,0.0,13.9
1783972966.068,798,0.632,-0.886,-0.319,0.0,11.8
1783972966.068,798,0.777,0.674,0.479,0.0,11.8
1783972966.068,798,7.542,-0.712,0.496,0.0,14.6
1783972966.068,798,7.259,1.699,-2.176,0.0,12.9
1783972966.068,798,7.246,-0.971,2.619,0.0,12.9
1783972966.169,799,0.572,-0.922,-0.331,0.0,12.6
1783972966.169,799,0.856,0.638,0.382,0.0,12.6
1783972966.169,799,7.555,-0.954,0.557,0.0,15.9
1783972966.169,799,7.377,1.699,-1.732,0.0,14.6
1783972966.27,800,0.605,-0.886,-0.369,0.0,11.6
1783972966.27,800,0.891,0.603,0.361,0.0,11.6
1783972966.27,800,7.563,-0.954,0.436,0.0,15.7
1783972966.27,800,7.575,1.699,-0.21,0.0,16.0
1783972966.375,801,0.569,-0.922,-0.337,0.0,11.4
1783972966.375,801,0.838,0.638,0.421,0.0,11.4
1783972966.375,801,7.669,1.213,-0.135,0.0,15.2
1783972966.475,802,0.623,-0.886,-0.337,0.0,11.9
1783972966.475,802,0.834,0.638,0.43,0.0,11.9
1783972966.475,802,7.287,1.909,1.246,0.0,13.2
1783972966.576,803,7.458,-0.704,0.439,0.0,14.3
1783972966.576,803,6.848,1.876,-2.428,0.0,14.3
1783972966.576,803,7.409,-0.716,1.698,0.0,14.0
1783972966.576,803,7.321,1.909,-1.024,0.0,14.0
1783972966.576,803,7.563,1.699,-0.478,0.0,13.0
1783972966.693,804,0.623,-0.886,-0.336,0.0,11.4
1783972966.693,804,1.051,0.425,-0.032,0.0,11.4
1783972966.693,804,7.429,-0.938,0.485,0.0,13.8
1783972966.693,804,7.54,-0.716,0.962,0.0,12.9
1783972966.693,804,7.573,1.699,0.272,0.0,15.2
1783972966.693,804,1.283,-0.423,0.074,0.162,14.6
1783972966.743,805,7.471,-0.704,-0.085,0.0,13.0
1783972966.743,805,7.565,1.699,-0.442,0.0,15.9
1783972966.743,805,7.487,-1.213,1.668,0.0,15.9
1783972966.849,806,7.566,-0.954,0.376,0.0,15.0
1783972966.849,806,7.078,1.699,-2.707,0.0,15.2
1783972966.849,806,7.41,-1.213,1.981,0.0,15.2
1783972966.95,807,7.396,-0.704,1.06,0.0,12.9
1783972966.95,807,6.329,2.345,-3.279,0.0,12.9
1783972966.95,807,7.573,-0.716,0.659,0.0,15.2
1783972966.95,807,7.529,1.213,-1.464,0.0,14.6
1783972966.95,807,7.038,-1.456,2.942,0.0,14.6
1783972967.058,808,7.469,-0.704,0.194,0.0,13.6
1783972967.058,808,7.573,-0.954,0.187,0.0,14.7
1783972967.058,808,7.628,1.456,0.057,0.0,14.1
1783972967.174,809,7.44,-0.704,0.683,0.0,11.8
1783972967.174,809,7.493,-1.193,0.848,0.0,14.9
1783972967.174,809,7.617,1.456,-0.415,0.0,16.6
1783972967.275,810,7.406,-0.938,0.769,0.0,12.4
1783972967.275,810,6.332,1.642,-3.678,0.0,12.4
1783972967.275,810,7.553,-0.954,0.574,0.0,14.2
1783972967.275,810,7.563,1.699,-0.48,0.0,15.0
1783972967.376,811,7.504,1.699,-1.057,0.0,15.9
1783972967.477,812,7.424,-0.938,0.56,0.0,14.1
1783972967.477,812,6.618,2.111,-2.838,0.0,14.1
1783972967.477,812,7.425,1.456,-1.75,0.0,13.8
1783972967.577,813,7.435,-0.938,0.391,0.0,12.3
1783972967.637,814,7.428,-0.938,0.507,0.0,14.2
1783972967.637,814,7.293,2.147,0.707,0.0,12.1
1783972967.637,814,7.573,1.699,0.256,0.0,12.9
1783972967.637,814,7.662,-0.971,-0.81,0.0,12.9
1783972967.739,815,7.463,-0.704,0.341,0.0,13.3
1783972967.739,815,6.268,2.111,-3.546,0.0,13.3
1783972967.739,815,7.575,1.699,0.224,0.0,16.4
1783972967.739,815,7.119,-0.971,-2.946,0.0,16.4
1783972967.857,816,7.445,-0.938,0.042,0.0,11.5
1783972967.857,816,7.167,2.111,0.701,0.0,11.5
1783972967.857,816,7.417,1.699,-1.553,0.0,15.1
1783972967.857,816,7.085,-1.213,2.94,0.0,15.1
1783972967.96,817,7.355,1.699,-1.823,0.0,13.7
1783972967.96,817,6.939,-0.971,3.35,0.0,13.7
1783972968.067,818,7.551,-0.712,0.322,0.0,16.2
1783972968.067,818,7.519,1.699,-0.945,0.0,17.5
1783972968.067,818,7.491,-0.971,1.801,0.0,17.5
1783972968.168,819,7.321,2.147,0.285,0.0,12.3
1783972968.168,819,7.559,-0.716,-0.798,0.0,12.3
1783972968.168,819,7.609,1.456,-0.541,0.0,13.9
1783972968.269,820,7.393,-0.938,0.884,0.0,14.2
1783972968.269,820,6.366,1.876,-3.502,0.0,14.2
1783972968.269,820,7.501,-0.949,0.676,0.0,13.1
1783972968.269,820,7.274,1.898,-1.054,0.0,13.1
1783972968.269,820,7.45,1.699,-1.385,0.0,14.8
1783972968.269,820,6.805,-1.213,3.539,0.0,14.8
1783972968.369,821,7.431,-0.938,0.455,0.0,13.9
1783972968.369,821,7.444,1.941,-1.058,0.0,12.4
1783972968.369,821,7.691,-0.728,-0.789,0.0,12.4
1783972968.47,822,7.504,-0.949,0.65,0.0,13.1
1783972968.47,822,7.558,1.699,-0.543,0.0,15.6
1783972968.572,823,7.372,-1.173,0.769,0.0,13.7
1783972968.572,823,7.626,1.456,-0.195,0.0,15.0
1783972968.673,824,7.595,-0.716,0.302,0.0,14.3
1783972968.673,824,7.538,1.699,-0.774,0.0,16.4
1783972968.774,825,7.578,1.699,0.059,0.0,14.5
1783972968.875,826,7.575,-0.954,0.019,0.0,16.9
1783972968.875,826,7.568,1.699,0.395,0.0,18.3
1783972968.976,827,7.438,-0.938,0.328,0.0,14.1
1783972968.976,827,7.578,1.699,0.057,0.0,12.5
1783972968.976,827,6.981,-1.699,2.948,0.0,12.5
1783972969.078,828,7.349,2.196,1.469,0.0,11.3
1783972969.129,829,7.471,-0.704,-0.013,0.0,12.1
1783972969.129,829,6.491,2.345,2.947,0.0,12.1
1783972969.129,829,7.626,1.456,0.198,0.0,15.5
1783972969.279,830,7.553,-0.712,0.264,0.0,16.8
1783972969.279,830,7.522,1.952,0.777,0.0,14.8
1783972969.38,831,7.499,1.699,-1.094,0.0,17.2
1783972969.43,832,7.42,-0.699,0.335,0.0,12.0
1783972969.43,832,7.15,1.865,1.027,0.0,12.0
1783972969.43,832,7.544,-0.954,0.681,0.0,16.3
1783972969.43,832,7.466,1.699,-1.294,0.0,14.5
1783972969.581,833,7.424,-0.938,0.565,0.0,13.4
1783972969.581,833,7.485,-0.716,1.325,0.0,13.9
1783972969.581,833,1.296,-0.38,-0.072,-0.081,11.7
1783972969.682,834,7.441,-0.704,0.672,0.0,13.8
1783972969.682,834,7.357,1.699,-1.817,0.0,12.7
1783972969.682,834,7.428,-0.971,2.049,0.0,12.7
1783972969.732,835,7.52,-0.954,0.91,0.0,15.6
1783972969.732,835,7.574,1.699,-0.247,0.0,15.7
1783972969.833,836,0.535,-0.922,-0.389,0.0,11.4
1783972969.833,836,0.879,0.638,0.328,0.0,11.4
1783972969.833,836,7.552,-0.712,0.31,0.0,14.5
1783972969.833,836,7.607,1.456,-0.565,0.0,14.3
1783972969.985,837,7.423,-0.938,0.581,0.0,11.3
1783972969.985,837,7.567,-0.954,-0.359,0.0,15.4
1783972969.985,837,7.089,1.909,2.098,0.0,15.4
1783972969.985,837,7.559,1.952,-0.213,0.0,15.6
1783972970.035,838,0.629,-0.886,-0.324,0.0,11.8
1783972970.035,838,0.916,0.603,0.29,0.0,11.8
1783972970.035,838,7.426,-0.938,-0.529,0.0,11.6
1783972970.035,838,7.684,-0.724,0.257,0.0,16.1
1783972970.035,838,7.61,1.708,-0.389,0.0,14.6
1783972970.136,839,0.596,-0.886,-0.382,0.0,12.4
1783972970.136,839,0.868,0.638,0.354,0.0,12.4
1783972970.136,839,7.471,-0.704,0.012,0.0,11.7
1783972970.136,839,7.566,-0.954,0.379,0.0,13.6
1783972970.136,839,7.611,1.708,-0.368,0.0,13.7
1783972970.287,840,0.553,-0.922,-0.363,0.0,11.4
1783972970.287,840,0.926,0.603,0.256,0.0,11.4
1783972970.287,840,7.402,-0.933,0.083,0.0,11.8
1783972970.287,840,7.524,-0.954,0.878,0.0,16.0
1783972970.287,840,7.537,1.456,1.177,0.0,14.4
1783972970.287,840,7.67,-1.213,-0.087,0.0,14.4
1783972970.337,841,0.62,-0.886,-0.342,0.0,11.5
1783972970.337,841,0.886,0.638,0.308,0.0,11.5
1783972970.337,841,7.458,-0.704,0.442,0.0,11.9
1783972970.337,841,7.628,-0.965,0.719,0.0,13.9
1783972970.337,841,7.096,0.724,2.958,0.0,13.9
1783972970.337,841,1.23,-0.254,0.502,-0.325,13.1
1783972970.437,842,0.612,-0.886,-0.356,0.0,11.9
1783972970.437,842,0.882,0.638,0.319,0.0,11.9
1783972970.437,842,7.465,-0.704,0.3,0.0,11.7
1783972970.437,842,7.532,-0.949,0.045,0.0,14.1
1783972970.437,842,7.196,2.135,1.137,0.0,14.1
1783972970.539,843,0.565,-0.922,-0.343,0.0,11.8
1783972970.539,843,0.924,0.603,0.263,0.0,11.8
1783972970.539,843,7.435,-0.938,0.392,0.0,11.9
1783972970.539,843,6.106,2.345,3.679,0.0,11.9
1783972970.539,843,7.463,-1.432,0.741,0.0,12.5
1783972970.539,843,7.006,2.625,1.523,0.0,12.5
1783972970.64,844,0.634,-0.886,-0.315,0.0,11.3
1783972970.64,844,0.877,0.638,0.333,0.0,11.3
1783972970.64,844,7.422,-0.938,0.585,0.0,11.7
1783972970.64,844,7.504,-1.193,0.748,0.0,14.6
1783972970.64,844,6.977,2.625,1.651,0.0,14.6
1783972970.64,844,7.682,-0.483,0.627,0.0,14.4
1783972970.64,844,7.612,1.708,0.362,0.0,13.5
1783972970.64,844,1.108,0.191,-0.478,-0.243,15.7
1783972970.74,845,7.555,-0.712,0.215,0.0,15.8
1783972970.74,845,7.282,1.898,0.997,0.0,15.8
1783972970.74,845,7.628,1.456,0.022,0.0,13.6
1783972970.842,846,0.61,-0.922,-0.255,0.0,12.7
1783972970.842,846,7.454,-0.704,0.506,0.0,11.7
1783972970.842,846,7.464,-0.954,1.293,0.0,12.5
1783972970.842,846,7.591,1.213,-1.104,0.0,13.5
1783972970.943,847,0.638,-0.886,-0.307,0.0,11.8
1783972970.943,847,7.453,-0.954,1.353,0.0,15.0
1783972970.943,847,7.549,1.952,-0.44,0.0,15.0
1783972971.044,848,0.545,-0.922,-0.374,0.0,11.6
1783972971.044,848,0.853,0.638,0.389,0.0,11.6
1783972971.044,848,7.509,-0.949,0.58,0.0,14.2
1783972971.044,848,6.383,1.661,-3.759,0.0,14.2
1783972971.044,848,6.961,1.689,2.886,0.0,15.7
1783972971.044,848,7.678,-0.724,0.397,0.0,15.7
1783972971.145,849,0.547,-0.922,-0.371,0.0,12.0
1783972971.145,849,0.941,0.567,0.284,0.0,12.0
1783972971.145,849,7.52,-0.954,0.909,0.0,15.3
1783972971.145,849,7.525,2.209,0.419,0.0,12.5
1783972971.246,850,0.622,-0.886,-0.339,0.0,12.4
1783972971.246,850,0.996,0.532,0.106,0.0,12.4
1783972971.246,850,7.443,-0.938,0.183,0.0,12.7
1783972971.246,850,7.523,-0.72,1.362,0.0,14.5
1783972971.246,850,7.562,1.952,-0.006,0.0,14.8
1783972971.246,850,0.896,-0.458,-0.29,-0.081,11.3
1783972971.351,851,7.44,-0.938,0.273,0.0,14.5
1783972971.351,851,7.557,-0.712,-0.093,0.0,14.1
1783972971.351,851,0.967,-0.131,-0.38,-0.081,11.6
1783972971.452,852,0.638,-0.886,-0.308,0.0,12.3
1783972971.452,852,1.035,0.461,-0.06,0.0,12.3
1783972971.452,852,7.439,-0.938,0.311,0.0,14.7
1783972971.452,852,7.718,-0.241,-0.099,0.0,12.6
1783972971.571,853,7.468,-0.704,0.221,0.0,16.4
1783972971.672,854,0.615,-0.922,-0.243,0.0,13.8
1783972971.672,854,1.042,0.354,-0.276,0.0,13.8
1783972971.672,854,7.385,-0.933,0.507,0.0,11.8
1783972971.672,854,7.485,1.699,-1.185,0.0,14.2
1783972971.774,855,0.632,-0.851,-0.404,0.0,12.7
1783972971.774,855,1.033,0.461,0.09,0.0,12.7
1783972971.774,855,7.432,-0.938,0.452,0.0,14.2
1783972971.774,855,7.57,-0.954,0.291,0.0,12.8
1783972971.885,856,7.396,1.931,1.096,0.0,11.4
1783972971.935,857,0.542,-0.886,-0.455,0.0,14.2
1783972971.935,857,1.03,0.354,-0.318,0.0,14.2
1783972971.935,857,7.262,2.135,0.576,0.0,13.6
1783972971.935,857,7.529,-0.474,0.846,0.0,13.6
1783972972.087,858,1.018,0.354,-0.354,0.0,13.3
1783972972.087,858,7.098,2.359,1.009,0.0,11.6
1783972972.153,859,0.605,-0.92,-0.418,0.0,11.6
1783972972.153,859,7.344,-0.704,1.373,0.0,12.0
1783972972.153,859,7.119,2.345,0.365,0.0,12.0
1783972972.153,859,7.698,-0.483,0.38,0.0,13.4
1783972972.254,860,0.591,-0.886,-0.391,0.0,13.2
1783972972.254,860,0.981,0.354,-0.446,0.0,13.2
1783972972.254,860,7.518,-0.716,1.122,0.0,14.5
1783972972.254,860,7.577,1.213,-1.196,0.0,14.7
1783972972.354,861,0.596,-0.922,-0.286,0.0,13.1
1783972972.354,861,0.815,0.638,0.464,0.0,13.1
1783972972.354,861,7.35,-0.933,0.877,0.0,11.9
1783972972.354,861,7.323,2.16,0.816,0.0,14.1
1783972972.354,861,7.467,-0.72,-1.637,0.0,14.1
1783972972.465,862,0.635,-0.886,-0.312,0.0,12.5
1783972972.465,862,1.029,0.248,-0.408,0.0,12.5
1783972972.465,862,7.532,-0.949,-0.056,0.0,13.1
1783972972.567,863,0.578,-0.922,-0.32,0.0,12.9
1783972972.567,863,1.036,0.319,-0.333,0.0,12.9
1783972972.567,863,7.416,-0.938,0.66,0.0,12.9
1783972972.567,863,7.114,1.909,2.011,0.0,13.2
1783972972.567,863,7.549,-0.477,-1.038,0.0,13.2
1783972972.671,864,0.936,-0.205,0.522,0.0,11.8
1783972972.671,864,7.595,-0.96,0.594,0.0,16.6
1783972972.671,864,7.106,-0.728,3.047,0.0,12.5
1783972972.771,865,0.928,0.375,-0.434,0.0,15.3
1783972972.771,865,7.385,-0.933,0.503,0.0,13.6
1783972972.771,865,7.538,-0.712,0.547,0.0,12.6
1783972972.771,865,7.396,1.661,-0.405,0.0,12.6
1783972972.875,866,7.461,-0.704,0.392,0.0,12.3
1783972972.875,866,7.751,-0.485,-0.018,0.0,12.8
1783972972.976,867,0.975,0.307,-0.382,0.0,12.9
1783972972.976,867,0.533,-0.92,-0.507,0.0,12.0
1783972972.976,867,1.073,0.405,-0.27,0.0,12.0
1783972972.976,867,7.404,-0.938,0.782,0.0,13.6
1783972972.976,867,7.199,2.111,-0.177,0.0,13.6
1783972972.976,867,7.418,1.92,0.502,0.0,15.6
1783972973.078,868,6.935,2.345,1.648,0.0,12.6
1783972973.078,868,7.471,-0.704,0.044,0.0,12.6
1783972973.078,868,7.289,2.16,1.08,0.0,14.7
1783972973.178,869,0.546,-0.818,-0.472,0.0,13.2
1783972973.178,869,7.445,-0.938,0.064,0.0,14.2
1783972973.178,869,6.381,2.345,3.178,0.0,14.2
1783972973.178,869,7.465,-0.716,1.432,0.0,14.4
1783972973.178,869,7.278,2.147,-0.843,0.0,14.4
1783972973.279,870,0.599,-0.957,-0.337,0.0,11.4
1783972973.279,870,1.09,0.368,-0.254,0.0,11.4
1783972973.279,870,7.418,-0.699,0.37,0.0,11.8
1783972973.279,870,7.144,1.865,1.068,0.0,11.8
1783972973.279,870,7.48,-0.712,1.081,0.0,12.2
1783972973.279,870,6.99,2.847,0.813,0.0,12.2
1783972973.279,870,7.471,2.196,-0.59,0.0,11.9
1783972973.335,871,7.177,2.372,0.701,0.0,11.5
1783972973.335,871,7.319,-1.423,1.426,0.0,11.5
1783972973.335,871,7.56,-0.971,1.488,0.0,12.4
1783972973.437,872,0.617,-0.886,-0.347,0.0,12.0
1783972973.437,872,0.819,0.674,0.402,0.0,12.0
1783972973.437,872,7.508,-0.949,0.604,0.0,13.3
1783972973.437,872,7.381,1.92,-0.896,0.0,13.7
1783972973.437,872,7.165,-0.72,2.666,0.0,13.7
1783972973.538,873,0.607,-0.886,-0.365,0.0,11.6
1783972973.538,873,0.844,0.638,0.41,0.0,11.6
1783972973.538,873,7.436,-0.938,0.37,0.0,11.8
1783972973.64,874,0.872,0.638,0.346,0.0,12.0
1783972973.64,874,7.381,-0.485,-2.366,0.0,12.2
1783972973.64,874,6.989,2.184,2.586,0.0,12.2
1783972973.64,874,0.884,-0.524,0.201,0.325,17.3
1783972973.74,875,7.401,-0.933,0.117,0.0,11.5
1783972973.74,875,7.617,-0.96,-0.14,0.0,13.7
1783972973.74,875,7.015,1.92,2.462,0.0,13.7
1783972973.74,875,0.81,-0.614,0.396,0.406,21.3
1783972973.841,876,0.622,-0.886,-0.338,0.0,12.3
1783972973.841,876,0.851,0.638,0.394,0.0,12.3
1783972973.841,876,7.455,1.931,-0.578,0.0,11.6
1783972973.841,876,7.599,-0.965,0.98,0.0,11.6
1783972973.841,876,7.532,-0.712,0.627,-0.081,12.7
1783972973.942,877,0.54,-0.922,-0.381,0.0,11.4
1783972973.942,877,0.852,0.638,0.391,0.0,11.4
1783972973.942,877,7.43,-0.938,0.479,0.0,12.7
1783972974.043,878,0.549,-0.922,-0.369,0.0,12.7
1783972974.043,878,0.903,0.603,0.33,0.0,12.7
1783972974.043,878,7.391,-0.933,0.405,0.0,13.5
1783972974.043,878,7.158,1.865,0.975,0.0,13.5
1783972974.043,878,7.363,1.909,0.661,0.0,17.3
1783972974.143,879,0.569,-0.922,-0.337,0.0,11.7
1783972974.143,879,0.804,0.674,0.432,0.0,11.7
1783972974.143,879,6.811,2.427,2.835,0.0,13.2
1783972974.143,879,7.732,-0.728,-0.013,0.0,13.2
1783972974.244,880,0.659,-0.851,-0.359,0.0,11.6
1783972974.244,880,0.865,0.638,0.363,0.0,11.6
1783972974.244,880,7.45,-0.243,-2.179,0.0,13.5
1783972974.244,880,6.892,2.427,2.631,0.0,13.5
1783972974.244,880,7.498,-0.954,1.08,0.081,15.7
1783972974.347,881,0.557,-0.922,-0.356,0.0,12.3
1783972974.347,881,0.825,0.638,0.447,0.0,12.3
1783972974.347,881,7.472,-0.724,1.81,0.0,13.9
1783972974.347,881,7.434,1.931,-0.801,0.0,13.9
1783972974.447,882,7.143,2.098,0.48,0.0,11.3
1783972974.447,882,7.018,2.172,2.38,0.0,14.5
1783972974.447,882,7.508,-0.483,-1.74,0.0,14.5
1783972974.548,883,0.622,-0.886,-0.338,0.0,12.5
1783972974.548,883,0.851,0.638,0.395,0.0,12.5
1783972974.548,883,7.605,-0.724,1.13,0.0,13.8
1783972974.548,883,7.561,1.952,0.038,0.0,13.8
1783972974.649,884,0.538,-0.922,-0.384,0.0,11.7
1783972974.649,884,0.91,0.603,0.309,0.0,11.7
1783972974.649,884,7.422,-0.699,-0.297,0.0,12.2
1783972974.649,884,6.716,2.331,2.263,0.0,12.2
1783972974.649,884,7.519,-0.949,0.446,0.0,12.3
1783972974.649,884,7.492,2.196,0.199,0.0,11.9
1783972974.749,885,0.557,-0.922,-0.356,0.0,11.9
1783972974.749,885,0.844,0.638,0.409,0.0,11.9
1783972974.749,885,7.399,-0.938,0.829,0.0,12.3
1783972974.851,886,0.61,-0.886,-0.359,0.0,11.6
1783972974.851,886,0.836,0.674,0.366,0.0,11.6
1783972974.851,886,7.401,-0.933,0.107,0.0,12.2
1783972974.851,886,7.231,-0.954,2.256,0.0,13.1
1783972974.851,886,7.254,1.909,-1.426,0.0,13.1
1783972974.851,886,7.586,1.708,-0.721,0.0,11.4
1783972974.951,887,0.611,-0.886,-0.358,0.0,12.2
1783972974.951,887,0.815,0.674,0.412,0.0,12.2
1783972974.951,887,7.392,-0.933,0.389,0.0,11.7
1783972974.951,887,7.49,-0.472,0.799,0.0,11.6
1783972974.951,887,7.256,2.147,1.015,0.0,13.4
1783972974.951,887,7.593,0.728,-1.459,0.0,12.3
1783972975.052,888,0.561,-0.922,-0.35,0.0,12.1
1783972975.052,888,0.843,0.638,0.41,0.0,12.1
1783972975.052,888,7.374,-0.933,0.647,0.0,12.7
1783972975.052,888,7.39,1.909,0.186,0.0,14.3
1783972975.052,888,7.158,-1.432,2.238,0.0,14.3
1783972975.153,889,7.546,-0.712,0.432,0.0,15.5
1783972975.153,889,7.539,1.456,-1.162,0.0,13.0
1783972975.253,890,7.44,-0.704,0.678,0.0,15.2
1783972975.253,890,7.575,-0.954,0.01,0.0,14.5
1783972975.253,890,7.281,1.909,1.278,0.0,14.5
1783972975.354,891,0.557,-0.922,-0.357,0.0,11.7
1783972975.354,891,0.862,0.638,0.369,0.0,11.7
1783972975.354,891,7.533,-0.712,0.609,0.0,14.5
1783972975.354,891,7.322,2.16,0.83,0.0,12.3
1783972975.455,892,0.606,-0.886,-0.366,0.0,12.0
1783972975.455,892,0.838,0.638,0.421,0.0,12.0
1783972975.455,892,7.523,-0.949,0.364,0.0,11.3
1783972975.455,892,6.955,2.135,2.166,0.0,11.3
1783972975.556,893,7.507,-0.949,0.606,0.0,13.4
1783972975.556,893,7.707,-0.483,-0.071,0.0,13.8
1783972975.658,894,7.401,-0.933,0.108,0.0,11.9
1783972975.658,894,7.564,-0.954,-0.408,0.0,11.6
1783972975.658,894,7.393,1.909,0.0,0.0,11.6
1783972975.759,895,7.633,-0.483,1.069,0.0,13.0
1783972975.759,895,7.106,2.655,-1.448,0.0,13.0
1783972975.859,896,7.467,-0.704,-0.252,0.0,14.1
1783972975.859,896,6.572,2.111,2.944,0.0,14.1
1783972975.859,896,7.499,-0.96,1.345,0.0,15.3
1783972975.859,896,7.318,2.16,-0.863,0.0,15.3
1783972975.859,896,7.368,1.699,-1.772,0.0,12.1
1783972975.859,896,7.709,-0.728,0.591,0.0,12.1
1783972975.96,897,0.557,-0.922,-0.356,0.0,11.8
1783972975.96,897,0.849,0.638,0.398,0.0,11.8
1783972975.96,897,7.219,2.147,1.253,0.0,13.5
1783972975.96,897,7.387,-0.716,-1.791,0.0,13.5
1783972976.061,898,7.557,-0.965,1.265,0.0,16.5
1783972976.161,899,7.432,-0.938,0.443,0.0,15.0
1783972976.161,899,7.571,-0.954,0.256,0.0,15.0
1783972976.262,900,7.528,-0.949,0.237,0.0,13.2
1783972976.262,900,7.343,1.898,0.32,0.0,13.2
1783972976.262,900,7.13,2.172,2.02,0.0,14.7
1783972976.363,901,7.428,-0.699,-0.017,0.0,12.1
1783972976.363,901,7.274,2.147,0.879,0.0,12.9
1783972976.363,901,7.503,-1.193,0.755,0.0,12.9
1783972976.465,902,7.495,-0.712,0.973,0.0,13.8
1783972976.465,902,6.457,1.898,-3.513,0.0,13.8
1783972976.465,902,7.327,-0.965,2.241,0.0,12.1
1783972976.465,902,7.378,1.689,-1.533,0.0,12.1
1783972976.565,903,7.595,-0.72,0.871,0.0,13.5
1783972976.565,903,7.447,2.454,0.446,0.0,11.4
1783972976.665,904,7.366,1.909,0.63,0.0,14.5
1783972976.878,906,7.512,-0.474,0.99,0.0,12.9
1783972976.878,906,7.238,1.898,1.281,0.0,12.9
1783972976.878,906,7.64,-0.965,0.58,0.0,14.6
1783972976.928,907,7.645,-0.72,0.055,0.0,14.4
1783972976.928,907,7.688,-0.732,1.159,0.0,12.3
1783972976.928,907,6.959,1.952,-2.957,0.0,12.3
1783972976.928,907,7.433,-0.938,0.43,0.081,14.1
1783972977.042,908,7.489,-1.193,0.883,0.0,13.9
1783972977.042,908,7.45,2.209,1.134,0.0,11.9
1783972977.145,909,7.469,-0.704,-0.195,0.0,14.2
1783972977.249,910,7.366,-0.704,1.248,0.0,11.7
1783972977.249,910,7.116,2.345,0.424,0.0,11.7
1783972977.249,910,7.579,-0.72,1.004,0.0,17.8
1783972977.349,911,7.444,-0.938,0.113,0.0,11.6
1783972977.349,911,6.79,3.049,-0.956,0.0,11.6
1783972977.349,911,7.265,2.172,1.463,0.0,13.0
1783972977.349,911,7.499,2.209,0.752,0.0,11.6
1783972977.45,912,7.371,1.909,0.568,0.0,12.3
1783972977.45,912,7.237,-0.954,2.238,0.0,12.3
1783972977.551,913,7.278,2.4,0.488,0.0,12.4
1783972977.652,914,7.678,-0.724,0.39,0.0,12.4
1783972977.753,915,7.238,2.147,1.138,0.0,13.0
1783972977.753,915,7.541,-1.193,0.062,0.0,13.0
1783972977.753,915,7.196,1.708,2.508,0.0,12.4
1783972977.854,916,7.457,-0.704,0.461,0.0,11.3
1783972977.854,916,8.426,0.793,0.061,0.0,12.5
1783972977.854,916,8.026,-2.645,-0.474,0.0,12.5
1783972977.954,917,7.62,-0.724,1.025,0.0,15.2
1783972977.954,917,6.898,1.931,-2.884,0.0,15.2
1783972978.055,918,7.4,-0.933,0.154,0.0,13.5
1783972978.159,919,7.359,2.16,0.376,0.0,12.4
1783972978.159,919,7.611,1.708,-0.373,0.0,14.9
1783972978.26,920,7.428,-0.938,0.512,0.0,12.8
1783972978.26,920,7.308,-0.954,1.994,0.0,12.7
1783972978.26,920,7.5,1.432,0.021,0.0,12.7
1783972978.361,921,7.571,-0.474,0.299,0.0,14.3
1783972978.361,921,7.683,-0.724,0.278,0.0,14.6
1783972978.361,921,7.389,2.172,0.562,0.0,14.6
1783972978.463,922,7.645,-0.724,0.816,0.0,14.9
1783972978.463,922,7.451,2.454,0.356,0.0,11.4
1783972978.564,923,7.661,-0.965,-0.095,0.0,15.8
1783972978.664,924,7.469,-0.704,0.185,0.0,12.6
1783972978.664,924,7.647,-0.724,0.798,0.0,13.8
1783972978.765,925,7.396,-0.933,0.308,0.0,12.3
1783972978.765,925,7.518,-0.949,0.453,0.0,14.1
1783972978.765,925,6.987,1.898,-2.281,0.0,14.1
1783972978.765,925,7.394,2.184,0.93,0.0,12.5
1783972978.765,925,7.691,-0.728,-0.794,0.0,12.5
1783972978.967,927,6.903,2.172,2.695,0.0,14.9
1783972978.967,927,7.634,-0.724,-0.912,0.0,14.9
1783972979.068,928,7.415,-0.699,0.43,0.0,12.0
1783972979.169,929,7.724,-0.728,0.348,0.0,12.5
1783972979.371,931,7.399,-0.699,0.655,0.0,12.8
1783972979.371,931,7.374,1.448,1.776,0.0,12.6
1783972979.472,932,7.473,-0.943,0.481,0.0,12.6
1783972979.472,932,7.535,1.448,0.87,0.0,11.3
1783972979.472,932,7.536,2.209,-0.078,0.0,11.3
1783972979.573,933,7.463,-0.704,0.356,0.0,11.5
1783972979.573,933,7.461,-0.0,1.992,0.0,12.0
1783972979.573,933,7.473,1.931,-0.233,0.0,12.0
1783972979.675,934,0.619,-0.886,-0.344,0.0,11.3
1783972979.675,934,0.805,0.674,0.43,0.0,11.3
1783972979.675,934,7.423,-0.699,0.252,0.0,13.5
1783972979.675,934,7.522,-0.712,0.738,0.0,15.3
1783972979.675,934,7.546,-0.483,1.57,0.0,13.1
1783972979.775,935,7.429,-0.938,0.497,0.0,12.6
1783972979.775,935,7.694,-0.971,0.407,0.0,12.1
1783972979.876,936,0.628,-0.886,-0.327,0.0,12.2
1783972979.876,936,0.867,0.638,0.359,0.0,12.2
1783972979.876,936,7.688,-0.724,0.079,0.0,16.7
1783972979.876,936,7.231,2.172,1.623,0.0,16.7
1783972979.977,937,0.621,-0.886,-0.34,0.0,12.1
1783972979.977,937,0.794,0.674,0.451,0.0,12.1
1783972979.977,937,7.436,-0.938,0.369,0.0,15.3
1783972980.078,938,7.708,-0.728,-0.601,0.0,13.5
1783972980.179,939,0.552,-0.922,-0.364,0.0,12.0
1783972980.179,939,0.783,0.674,0.468,0.0,12.0
1783972980.179,939,7.44,-0.938,0.285,0.0,13.8
1783972980.179,939,7.638,-0.724,0.882,0.0,13.2
1783972980.229,940,7.552,-0.712,0.294,0.0,14.6
1783972980.229,940,7.457,1.941,0.964,0.0,12.8
1783972980.229,940,7.691,-0.728,0.79,0.0,12.8
1783972980.381,941,0.547,-0.922,-0.372,0.0,11.6
1783972980.381,941,0.847,0.638,0.403,0.0,11.6
1783972980.381,941,6.812,1.651,2.8,0.0,12.3
1783972980.381,941,7.504,-0.708,-0.39,0.0,12.3
1783972980.381,941,7.572,-0.72,1.051,0.0,13.7
1783972980.483,942,7.355,-0.938,1.158,0.0,12.7
1783972980.483,942,6.86,1.876,-2.394,0.0,12.7
1783972980.483,942,7.434,2.196,-0.945,0.0,11.8
1783972980.483,942,7.018,-0.976,3.283,0.0,11.8
1783972980.533,943,7.582,-0.96,0.74,0.0,15.7
1783972980.634,944,7.468,-0.704,0.198,0.0,13.6
1783972980.785,945,0.608,-0.886,-0.363,0.0,11.5
1783972980.785,945,0.909,0.603,0.311,0.0,11.5
1783972980.785,945,7.412,-1.173,-0.024,0.0,15.3
1783972980.836,946,7.481,-0.943,0.341,0.0,13.8
1783972980.836,946,6.258,1.887,-3.774,0.0,13.8
1783972980.836,946,7.658,-0.965,-0.251,0.0,13.4
1783972980.937,947,7.488,-0.943,-0.114,0.0,13.8
1783972980.937,947,6.637,1.415,3.305,0.0,13.8
1783972980.937,947,7.585,-0.724,1.256,0.0,15.0
1783972980.937,947,7.208,1.931,-1.989,0.0,15.0
1783972981.038,948,7.366,1.931,-1.287,0.0,15.1
1783972981.038,948,7.557,-0.965,1.263,0.0,15.1
1783972981.038,948,7.67,1.464,0.119,0.0,12.9
1783972981.139,949,7.297,2.172,1.29,0.0,16.0
1783972981.139,949,7.502,-0.724,1.684,0.0,16.0
1783972981.139,949,7.533,2.209,0.222,0.0,12.3
1783972981.24,950,7.592,-0.724,1.213,0.0,15.2
1783972981.341,951,0.56,-0.922,-0.352,0.0,11.5
1783972981.341,951,0.852,0.638,0.391,0.0,11.5
1783972981.341,951,7.471,-0.704,-0.018,0.0,11.6
1783972981.341,951,7.666,-0.241,0.898,0.0,11.7
1783972981.341,951,7.052,2.172,-2.279,0.0,11.7
1783972981.441,952,0.617,-0.886,-0.347,0.0,11.7
1783972981.441,952,0.74,0.674,0.534,0.0,11.7
1783972981.441,952,7.557,-0.712,0.127,0.0,14.4
1783972981.441,952,6.902,2.184,2.811,0.0,13.2
1783972981.441,952,7.639,-0.728,-1.194,0.0,13.2
1783972981.542,953,7.301,2.184,1.497,0.0,14.3
1783972981.542,953,6.78,-0.485,-3.756,0.0,14.3
1783972981.642,954,7.557,-0.477,0.981,0.0,11.8
1783972981.748,955,0.624,-0.886,-0.335,0.0,12.2
1783972981.748,955,0.841,0.638,0.414,0.0,12.2
1783972981.748,955,7.619,-0.971,1.146,0.0,13.1
1783972981.848,956,0.553,-0.922,-0.363,0.0,12.5
1783972981.848,956,0.815,0.638,0.465,0.0,12.5
1783972981.848,956,7.536,-0.712,0.572,0.0,12.0
1783972981.949,957,7.556,-0.712,0.185,0.0,13.0
1783972981.949,957,7.35,1.898,0.101,0.0,13.0
1783972981.949,957,7.471,1.931,-0.313,0.0,15.3
1783972981.949,957,7.652,-0.965,0.384,0.0,15.3
1783972982.051,958,7.6,-0.716,0.126,0.0,12.7
1783972982.051,958,6.572,2.147,3.239,0.0,12.7
1783972982.051,958,7.048,1.941,-2.62,0.0,15.7
1783972982.051,958,7.603,-0.971,1.248,0.0,15.7
1783972982.152,959,0.614,-0.886,-0.354,0.0,11.6
1783972982.152,959,0.806,0.638,0.48,0.0,11.6
1783972982.152,959,7.556,-0.712,-0.191,0.0,11.2
1783972982.152,959,6.948,1.699,-3.024,0.0,13.5
1783972982.152,959,7.391,-0.971,2.176,0.0,13.5
1783972982.255,960,0.625,-0.886,-0.333,0.0,11.8
1783972982.255,960,0.877,0.603,0.392,0.0,11.8
1783972982.255,960,7.557,-0.954,0.521,0.0,15.2
1783972982.255,960,7.549,1.699,-0.665,0.0,17.1
1783972982.255,960,8.421,0.529,0.674,0.0,11.7
1783972982.255,960,7.944,-2.645,-1.241,0.0,11.7
1783972982.356,961,0.628,-0.886,-0.327,0.0,11.5
1783972982.356,961,0.757,0.674,0.509,0.0,11.5
1783972982.356,961,7.6,-0.716,0.135,0.0,16.1
1783972982.356,961,6.776,1.699,-3.393,0.0,14.5
1783972982.356,961,7.565,-0.971,1.464,0.0,14.5
1783972982.46,962,0.539,-0.922,-0.382,0.0,11.9
1783972982.46,962,0.851,0.638,0.393,0.0,11.9
1783972982.46,962,7.482,1.941,-0.747,0.0,14.1
1783972982.56,963,0.635,-0.886,-0.313,0.0,11.8
1783972982.56,963,0.844,0.638,0.41,0.0,11.8
1783972982.56,963,7.531,-0.949,0.142,0.0,11.8
1783972982.56,963,6.721,1.661,3.114,0.0,11.8
1783972982.678,964,0.627,-0.886,-0.329,0.0,11.3
1783972982.678,964,0.777,0.674,0.479,0.0,11.3
1783972982.678,964,7.46,-0.943,0.654,0.0,13.6
1783972982.678,964,7.594,-0.965,1.016,0.0,11.7
1783972982.778,965,0.62,-0.886,-0.342,0.0,11.2
1783972982.778,965,7.376,-0.933,0.622,0.0,12.4
1783972982.778,965,6.311,1.865,-3.515,0.0,12.4
1783972982.778,965,7.524,-0.712,0.712,0.0,11.2
1783972982.883,966,7.588,-0.716,0.454,0.0,15.7
1783972982.883,966,6.79,1.909,-2.923,0.0,15.7
1783972982.883,966,7.559,1.699,-0.537,0.0,14.6
1783972982.933,967,7.536,1.699,-0.797,0.0,15.4
1783972983.048,968,7.444,1.456,1.666,0.0,14.4
1783972983.048,968,7.728,-0.728,-0.234,0.0,14.4
1783972983.048,968,8.439,0.529,0.377,0.0,11.2
1783972983.048,968,7.981,-2.645,-0.973,0.0,11.2
1783972983.149,969,7.444,-0.938,0.117,0.0,12.6
1783972983.149,969,7.506,1.456,-1.362,0.0,12.3
1783972983.259,970,7.235,1.909,1.52,0.0,13.1
1783972983.259,970,7.446,-0.954,-1.392,0.0,13.1
1783972983.259,970,7.593,1.456,-0.736,0.0,12.5
1783972983.36,971,0.611,-0.886,-0.358,0.0,11.8
1783972983.36,971,0.766,0.674,0.497,0.0,11.8
1783972983.36,971,7.495,-0.716,1.267,0.0,12.8
1783972983.36,971,7.265,1.909,-1.365,0.0,12.8
1783972983.36,971,7.572,1.699,0.291,0.0,12.2
1783972983.461,972,7.458,-0.704,0.44,0.0,13.5
1783972983.461,972,7.665,1.213,-0.299,0.0,13.3
1783972983.564,973,0.634,-0.886,-0.315,0.0,11.5
1783972983.564,973,0.766,0.674,0.496,0.0,11.5
1783972983.564,973,7.395,-0.933,-0.315,0.0,11.9
1783972983.564,973,6.811,2.098,2.205,0.0,11.9
1783972983.564,973,7.394,1.456,-1.874,0.0,14.6
1783972983.564,973,7.714,-0.485,0.751,0.0,14.6
1783972983.665,974,0.611,-0.886,-0.358,0.0,12.0
1783972983.665,974,0.766,0.674,0.496,0.0,12.0
1783972983.665,974,7.556,-0.712,0.161,0.0,17.0
1783972983.774,975,7.387,-0.938,0.931,0.0,12.5
1783972983.774,975,7.148,2.111,-0.875,0.0,12.5
1783972983.774,975,7.594,-0.716,-0.332,0.0,14.5
1783972983.774,975,6.675,2.147,3.022,0.0,14.5
1783972983.774,975,7.491,1.941,-0.647,0.0,12.0
1783972983.774,975,7.691,-0.971,0.465,0.0,12.0
1783972983.875,976,7.415,-0.704,0.911,0.0,14.3
1783972983.875,976,7.322,1.699,-1.951,0.0,12.8
1783972983.875,976,7.422,-0.971,2.069,0.0,12.8
1783972983.977,977,0.629,-0.886,-0.326,0.0,12.2
1783972983.977,977,0.828,0.638,0.441,0.0,12.2
1783972983.977,977,7.536,1.699,-0.797,0.0,13.5
1783972984.078,978,0.625,-0.886,-0.333,0.0,12.1
1783972984.078,978,0.76,0.674,0.505,0.0,12.1
1783972984.078,978,7.443,-0.938,0.165,0.0,13.2
1783972984.078,978,7.544,-0.724,1.483,0.0,14.6
1783972984.078,978,6.767,1.931,-3.18,0.0,14.6
1783972984.129,979,0.614,-0.886,-0.354,0.0,11.2
1783972984.129,979,0.774,0.674,0.483,0.0,11.2
1783972984.129,979,7.397,-0.933,0.284,0.0,13.9
1783972984.281,980,7.396,-0.938,0.858,0.0,13.8
1783972984.281,980,6.703,1.876,-2.805,0.0,13.8
1783972984.281,980,7.683,-0.724,0.278,0.0,14.2
1783972984.281,980,6.664,1.689,3.517,0.0,14.2
1783972984.382,981,7.129,1.909,1.955,0.0,12.8
1783972984.382,981,7.525,-0.716,-1.074,0.0,12.8
1783972984.382,981,7.498,1.699,-1.095,0.0,15.8
1783972984.433,982,7.519,-0.971,1.681,0.0,13.9
1783972984.433,982,6.933,1.456,-3.182,0.0,13.9
1783972984.534,983,7.417,-0.704,0.901,0.0,15.2
1783972984.534,983,6.299,2.111,-3.49,0.0,15.2
1783972984.534,983,7.569,-0.716,0.7,0.0,13.6
1783972984.534,983,7.406,1.699,-1.607,0.0,12.8
1783972984.534,983,7.263,-0.971,2.571,0.0,12.8
1783972984.685,984,7.415,-0.938,0.672,0.0,14.6
1783972984.685,984,7.498,1.699,-1.095,0.0,13.3
1783972984.735,985,7.376,-0.938,1.017,0.0,13.8
1783972984.735,985,6.752,2.111,-2.504,0.0,13.8
1783972984.836,986,7.343,-0.933,0.934,0.0,13.0
1783972984.836,986,7.122,2.098,-0.733,0.0,13.0
1783972984.836,986,7.522,-0.949,-0.376,0.0,16.8
1783972984.836,986,6.873,1.898,2.605,0.0,16.8
1783972984.987,987,7.327,2.147,-0.031,0.0,12.8
1783972984.987,987,7.564,-0.716,0.758,0.0,12.8
1783972985.038,988,7.436,-0.704,0.724,0.0,12.6
1783972985.038,988,7.01,2.58,-0.718,0.0,12.6
1783972985.038,988,7.546,-0.954,0.659,0.0,16.2
1783972985.038,988,6.836,1.909,-2.815,0.0,16.2
1783972985.038,988,7.365,1.699,-1.785,0.0,12.7
1783972985.038,988,7.452,-0.728,2.06,0.0,12.7
1783972985.139,989,7.467,-0.704,0.232,0.0,12.8
1783972985.139,989,7.268,1.407,1.227,0.0,12.8
1783972985.139,989,7.597,-0.716,0.247,0.0,15.9
1783972985.139,989,7.392,1.909,-0.049,0.0,15.9
1783972985.139,989,7.492,-0.971,1.798,0.0,13.4
1783972985.139,989,7.142,1.699,-2.533,0.0,13.4
1783972985.24,990,7.59,1.708,-0.678,0.0,14.2
1783972985.341,991,0.627,-0.886,-0.329,0.0,11.3
1783972985.341,991,0.758,0.674,0.509,0.0,11.3
1783972985.341,991,7.532,-0.949,0.03,0.0,14.7
1783972985.341,991,7.22,1.898,1.378,0.0,14.7
1783972985.341,991,7.69,0.971,-0.485,0.0,14.6
1783972985.442,992,7.486,-0.469,-0.229,0.0,11.8
1783972985.442,992,7.131,1.876,1.396,0.0,11.8
1783972985.442,992,7.585,1.213,-1.145,0.0,12.5
1783972985.544,993,0.616,-0.886,-0.35,0.0,11.9
1783972985.544,993,0.809,0.638,0.474,0.0,11.9
1783972985.544,993,7.381,-0.933,0.558,0.0,12.5
1783972985.544,993,6.919,2.565,1.099,0.0,12.5
1783972985.544,993,7.512,-0.949,0.541,0.0,16.7
1783972985.544,993,7.031,1.699,-2.826,0.0,12.6
1783972985.544,993,7.487,-0.971,1.819,0.0,12.6
1783972985.645,994,0.617,-0.886,-0.347,0.0,11.3
1783972985.645,994,0.839,0.638,0.42,0.0,11.3
1783972985.645,994,7.54,-0.954,0.734,0.0,16.8
1783972985.645,994,7.471,-0.971,1.884,0.0,16.3
1783972985.645,994,7.435,1.456,-1.704,0.0,16.3
1783972985.746,995,7.549,-0.954,0.632,0.0,13.5
1783972985.746,995,7.578,1.699,-0.045,0.0,15.8
1783972985.847,996,7.515,-0.949,0.502,0.0,17.1
1783972985.847,996,7.572,1.456,-0.925,0.0,14.5
1783972985.948,997,7.47,-0.704,0.142,0.0,12.9
1783972985.948,997,7.182,2.111,0.528,0.0,12.9
1783972985.948,997,7.502,1.456,-1.383,0.0,14.5
1783972985.948,997,7.235,-0.971,2.651,0.0,14.5
1783972986.048,998,7.471,-0.704,-0.059,0.0,13.3
1783972986.048,998,7.512,1.708,-1.283,0.0,12.7
1783972986.048,998,7.051,-0.976,3.212,0.0,12.7
1783972986.149,999,0.628,-0.886,-0.327,0.0,11.4
1783972986.149,999,0.744,0.674,0.528,0.0,11.4
1783972986.149,999,7.427,-0.938,0.526,0.0,12.9
1783972986.149,999,7.252,1.456,-2.367,0.0,12.4
1783972986.149,999,7.338,-1.213,2.233,0.0,12.4
1783972986.25,1000,7.569,-0.954,0.313,0.0,17.3
1783972986.25,1000,7.454,1.941,-0.991,0.0,13.6
1783972986.351,1001,7.51,-0.949,0.573,0.0,17.8
1783972986.351,1001,7.524,1.699,-0.903,0.0,14.5
1783972986.452,1002,0.617,-0.886,-0.347,0.0,11.3
1783972986.452,1002,0.834,0.638,0.428,0.0,11.3
1783972986.452,1002,7.45,-0.704,0.561,0.0,14.4
1783972986.452,1002,7.51,-0.949,0.57,0.0,17.2
1783972986.452,1002,7.465,1.699,-1.305,0.0,14.4
1783972986.452,1002,6.969,-1.213,3.204,0.0,14.4
1783972986.552,1003,0.632,-0.886,-0.32,0.0,11.4
1783972986.552,1003,0.782,0.638,0.518,0.0,11.4
1783972986.552,1003,7.435,-0.704,0.728,0.0,12.7
1783972986.552,1003,7.463,1.456,-1.577,0.0,14.0
1783972986.552,1003,7.148,-1.213,2.783,0.0,14.0
1783972986.654,1004,0.64,-0.886,-0.303,0.0,11.8
1783972986.654,1004,0.757,0.674,0.509,0.0,11.8
1783972986.654,1004,7.375,-0.938,1.019,0.0,12.6
1783972986.654,1004,6.976,1.876,-2.032,0.0,12.6
1783972986.654,1004,7.109,2.147,1.773,0.0,12.5
1783972986.654,1004,7.444,-0.716,-1.538,0.0,12.5
1783972986.755,1005,7.437,-0.704,0.717,0.0,15.5
1783972986.755,1005,7.464,1.699,-1.308,0.0,12.8
1783972986.755,1005,6.637,-1.213,3.846,0.0,12.8
1783972986.855,1006,7.39,-1.173,0.573,0.0,12.4
1783972986.855,1006,6.943,2.58,-1.204,0.0,12.4
1783972986.855,1006,7.522,-0.712,0.741,0.0,14.1
1783972986.855,1006,6.786,1.898,-2.825,0.0,14.1
1783972986.855,1006,7.612,1.456,-0.493,0.0,15.3
1783972986.957,1007,7.415,-0.938,0.67,0.0,11.6
1783972986.957,1007,7.529,-0.949,0.205,0.0,16.3
1783972986.957,1007,7.445,1.699,-1.411,0.0,16.1
1783972986.957,1007,7.177,-1.213,2.707,0.0,16.1
1783972987.059,1008,0.625,-0.886,-0.333,0.0,11.3
1783972987.059,1008,0.812,0.638,0.469,0.0,11.3
1783972987.059,1008,7.567,-0.954,0.359,0.0,17.5
1783972987.059,1008,7.306,1.909,-1.127,0.0,17.5
1783972987.059,1008,7.507,1.699,-1.034,0.0,13.4
1783972987.16,1009,0.622,-0.886,-0.338,0.0,11.3
1783972987.16,1009,0.763,0.674,0.5,0.0,11.3
1783972987.16,1009,7.598,-0.716,0.221,0.0,17.5
1783972987.16,1009,7.543,1.456,-1.139,0.0,12.7
1783972987.262,1010,7.431,-0.704,0.769,0.0,12.3
1783972987.262,1010,7.601,-0.716,-0.014,0.0,16.5
1783972987.262,1010,6.6,1.909,3.331,0.0,16.5
1783972987.262,1010,7.481,0.971,-1.842,0.0,11.3
1783972987.378,1011,0.547,-0.922,-0.371,0.0,12.0
1783972987.378,1011,0.766,0.674,0.496,0.0,12.0
1783972987.378,1011,7.435,-0.704,0.729,0.0,14.4
1783972987.378,1011,7.632,-0.965,0.674,0.0,15.1
1783972987.428,1012,7.375,-0.938,1.018,0.0,12.7
1783972987.428,1012,6.879,2.111,-2.128,0.0,12.7
1783972987.428,1012,7.576,-0.716,0.624,0.0,14.2
1783972987.428,1012,7.574,1.699,-0.226,0.0,14.8
1783972987.597,1013,0.615,-0.886,-0.351,0.0,12.6
1783972987.597,1013,0.758,0.674,0.509,0.0,12.6
1783972987.597,1013,7.278,2.147,0.844,0.0,11.6
1783972987.597,1013,7.603,1.456,-0.617,0.0,14.8
1783972987.647,1014,0.603,-0.886,-0.372,0.0,11.6
1783972987.647,1014,0.877,0.603,0.392,0.0,11.6
1783972987.647,1014,7.335,-0.699,1.169,0.0,12.3
1783972987.647,1014,7.016,2.098,-1.428,0.0,12.3
1783972987.647,1014,7.599,-0.716,-0.179,0.0,14.4
1783972987.647,1014,6.724,2.147,2.912,0.0,14.4
1783972987.647,1014,7.594,1.456,-0.719,0.0,15.4
1783972987.762,1015,0.603,-0.886,-0.371,0.0,11.6
1783972987.762,1015,0.766,0.674,0.496,0.0,11.6
1783972987.762,1015,7.412,-0.938,0.706,0.0,13.6
1783972987.762,1015,7.601,-0.716,-0.02,0.0,14.8
1783972987.762,1015,6.569,1.909,3.39,0.0,14.8
1783972987.762,1015,7.168,1.699,-2.458,0.0,12.7
1783972987.762,1015,7.475,-1.213,1.719,0.0,12.7
1783972987.867,1016,0.618,-0.886,-0.345,0.0,11.4
1783972987.867,1016,0.836,0.638,0.425,0.0,11.4
1783972987.867,1016,7.366,-0.938,1.087,0.0,11.3
1783972987.867,1016,7.128,2.111,-1.027,0.0,11.3
1783972987.867,1016,7.524,-0.949,0.341,0.0,19.1
1783972987.867,1016,7.567,0.971,-1.45,0.0,12.6
1783972987.968,1017,0.62,-0.886,-0.341,0.0,11.9
1783972987.968,1017,0.789,0.674,0.459,0.0,11.9
1783972987.968,1017,7.373,-0.704,1.207,0.0,12.3
1783972987.968,1017,6.953,2.111,-1.874,0.0,12.3
1783972987.968,1017,7.531,-0.949,0.124,0.0,12.1
1783972987.968,1017,6.835,1.898,2.704,0.0,12.1
1783972987.968,1017,7.579,1.213,-1.182,0.0,11.3
1783972987.968,1017,7.61,-1.456,0.523,0.0,11.3
1783972988.081,1018,0.554,-0.922,-0.361,0.0,11.9
1783972988.081,1018,0.844,0.638,0.409,0.0,11.9
1783972988.081,1018,7.588,-0.716,0.459,0.0,16.8
1783972988.182,1019,7.399,-1.173,0.436,0.0,12.5
1783972988.182,1019,7.588,-0.971,1.339,0.0,13.1
1783972988.283,1020,0.555,-0.922,-0.359,0.0,11.5
1783972988.283,1020,0.757,0.674,0.509,0.0,11.5
1783972988.283,1020,7.551,-0.954,0.599,0.0,17.4
1783972988.334,1021,7.544,-0.954,0.686,0.0,14.3
1783972988.334,1021,7.361,1.456,-2.002,0.0,14.5
1783972988.334,1021,7.288,-0.971,2.501,0.0,14.5
1783972988.435,1022,7.574,-0.954,0.135,0.0,16.9
1783972988.435,1022,7.31,1.456,-2.179,0.0,13.8
1783972988.435,1022,7.215,-1.213,2.605,0.0,13.8
1783972988.586,1023,7.408,-0.938,0.741,0.0,11.3
1783972988.586,1023,7.587,1.213,-1.126,0.0,12.8
1783972988.586,1023,7.651,-1.213,-0.552,0.0,12.8
1783972988.636,1024,7.622,1.456,-0.318,0.0,13.7
1783972988.636,1024,7.47,-1.213,-1.742,0.0,13.7
1783972988.744,1025,7.554,1.708,-1.007,0.0,12.9
1783972988.744,1025,7.541,-0.976,1.778,0.0,12.9
1783972988.845,1026,7.554,-0.712,0.248,0.0,14.3
1783972988.845,1026,7.681,0.971,0.602,0.0,13.3
1783972988.845,1026,7.644,-0.971,-0.965,0.0,13.3
1783972988.947,1027,7.575,-0.954,0.077,0.0,15.4
1783972988.947,1027,7.666,0.971,-0.772,0.0,13.0
1783972989.048,1028,7.557,-0.954,0.517,0.0,17.9
1783972989.048,1028,7.489,1.213,-1.659,0.0,12.9
1783972989.149,1029,7.53,-0.949,0.152,0.0,14.5
1783972989.149,1029,7.526,0.728,-1.773,0.0,13.0
1783972989.25,1030,7.523,-0.949,0.361,0.0,16.2
1783972989.25,1030,7.421,1.456,-1.764,0.0,14.0
1783972989.25,1030,7.151,-1.213,2.774,0.0,14.0
1783972989.351,1031,7.574,-0.954,0.124,0.0,16.4
1783972989.351,1031,7.517,1.456,-1.296,0.0,14.3
1783972989.452,1032,7.413,-0.938,0.69,0.0,12.1
1783972989.452,1032,7.575,-0.954,0.081,0.0,15.1
1783972989.452,1032,7.425,1.456,-1.748,0.0,13.1
1783972989.452,1032,7.025,-1.456,2.972,0.0,13.1
1783972989.554,1033,7.56,-0.954,0.485,0.0,16.9
1783972989.554,1033,7.469,1.952,-1.182,0.0,11.8
1783972989.554,1033,7.062,-0.976,3.188,0.0,11.8
1783972989.655,1034,0.622,-0.886,-0.338,0.0,11.4
1783972989.655,1034,0.756,0.674,0.512,0.0,11.4
1783972989.655,1034,7.564,-0.954,0.419,0.0,16.9
1783972989.655,1034,7.244,1.456,-2.391,0.0,12.1
1783972989.756,1035,7.565,-0.954,0.397,0.0,14.9
1783972989.756,1035,7.024,1.456,-2.974,0.0,12.0
1783972989.756,1035,6.967,-1.456,3.107,0.0,12.0
1783972989.857,1036,7.562,-0.954,0.441,0.0,15.9
1783972989.957,1037,7.563,-0.954,0.423,0.0,15.5
1783972989.957,1037,7.492,1.213,-1.647,0.0,13.3
1783972990.058,1038,7.55,-0.712,0.346,0.0,16.7
1783972990.058,1038,7.223,1.456,-2.453,0.0,12.8
1783972990.058,1038,7.27,-1.456,2.311,0.0,12.8
1783972990.16,1039,7.575,-0.954,-0.03,0.0,11.9
1783972990.16,1039,6.944,1.909,2.535,0.0,11.9
1783972990.16,1039,7.515,1.456,-1.309,0.0,14.2
1783972990.26,1040,7.548,-0.712,0.387,0.0,17.3
1783972990.26,1040,7.474,1.213,-1.724,0.0,13.1
1783972990.361,1041,7.57,-0.954,0.269,0.0,12.8
1783972990.361,1041,7.282,1.456,-2.273,0.0,12.3
1783972990.462,1042,7.585,-0.716,0.504,0.0,17.7
1783972990.563,1043,7.567,-0.954,0.348,0.0,14.8
1783972990.563,1043,7.561,1.952,-0.058,0.0,11.2
1783972990.663,1044,7.463,-0.704,-0.349,0.0,11.6
1783972990.663,1044,7.16,1.876,1.233,0.0,11.6
1783972990.663,1044,7.572,-0.954,0.217,0.0,16.5
1783972990.663,1044,7.455,1.456,-1.615,0.0,13.0
1783972990.764,1045,7.575,-0.954,0.097,0.0,14.8
1783972990.764,1045,7.354,1.456,-2.026,0.0,12.9
1783972990.764,1045,7.029,-1.456,2.964,0.0,12.9
1783972990.865,1046,7.518,-0.949,0.45,0.0,15.8
1783972990.865,1046,7.289,1.456,-2.251,0.0,12.3
1783972990.865,1046,6.873,-1.213,3.406,0.0,12.3
1783972990.966,1047,7.559,-0.954,0.501,0.0,13.4
1783972990.966,1047,7.351,1.456,-2.039,0.0,14.0
1783972990.966,1047,6.977,-1.213,3.187,0.0,14.0
1783972991.066,1048,0.594,-0.92,-0.433,0.0,11.9
1783972991.066,1048,1.076,0.405,-0.258,0.0,11.9
1783972991.066,1048,7.52,-0.949,0.425,0.0,18.6
1783972991.066,1048,7.549,1.456,-1.094,0.0,13.5
1783972991.168,1049,0.615,-0.886,-0.351,0.0,12.1
1783972991.168,1049,0.74,0.674,0.534,0.0,12.1
1783972991.168,1049,7.521,-0.949,0.407,0.0,15.2
1783972991.168,1049,7.511,1.456,-1.331,0.0,15.4
1783972991.168,1049,6.67,-1.213,3.787,0.0,15.4
1783972991.269,1050,7.401,-0.938,0.814,0.0,12.4
1783972991.269,1050,7.51,-0.949,0.579,0.0,16.2
1783972991.269,1050,7.617,1.456,-0.414,0.0,14.6
1783972991.371,1051,7.562,-0.954,0.453,0.0,12.6
1783972991.371,1051,7.552,1.952,0.384,0.0,12.5
1783972991.472,1052,0.611,-0.886,-0.358,0.0,11.3
1783972991.472,1052,0.774,0.674,0.484,0.0,11.3
1783972991.472,1052,7.428,-0.938,0.511,0.0,12.4
1783972991.472,1052,7.595,-0.716,0.305,0.0,13.2
1783972991.472,1052,7.557,1.952,-0.264,0.0,12.6
1783972991.572,1053,7.599,-0.716,0.207,0.0,14.6
1783972991.572,1053,7.546,1.699,-0.697,0.0,14.5
1783972991.674,1054,7.575,-0.954,-0.009,0.0,14.2
1783972991.674,1054,6.82,2.147,2.679,0.0,14.2
1783972991.674,1054,7.594,1.456,-0.721,0.0,14.6
1783972991.775,1055,0.635,-0.886,-0.313,0.0,11.5
1783972991.775,1055,0.749,0.674,0.522,0.0,11.5
1783972991.775,1055,7.415,-0.704,0.914,0.0,12.2
1783972991.775,1055,7.575,-0.954,0.041,0.0,12.5
1783972991.775,1055,7.166,2.147,1.528,0.0,12.5
1783972991.775,1055,7.57,1.699,-0.334,0.0,15.5
1783972991.875,1056,7.6,-0.716,-0.13,0.0,15.7
1783972991.875,1056,6.933,1.909,2.565,0.0,15.7
1783972991.875,1056,7.601,1.456,-0.648,0.0,17.3
1783972991.978,1057,0.628,-0.886,-0.327,0.0,11.6
1783972991.978,1057,0.756,0.674,0.512,0.0,11.6
1783972991.978,1057,7.587,-0.716,-0.467,0.0,15.3
1783972991.978,1057,6.952,1.909,2.515,0.0,15.3
1783972991.978,1057,7.421,1.699,-1.536,0.0,14.5
1783972991.978,1057,7.162,-1.213,2.745,0.0,14.5
1783972992.078,1058,0.625,-0.886,-0.332,0.0,11.6
1783972992.078,1058,0.758,0.674,0.509,0.0,11.6
1783972992.078,1058,7.14,1.909,1.914,0.0,15.5
1783972992.078,1058,7.535,-0.954,-0.775,0.0,15.5
1783972992.078,1058,7.538,1.456,-1.17,0.0,15.3
1783972992.179,1059,7.383,-0.938,0.963,0.0,12.1
1783972992.179,1059,7.136,1.876,-1.368,0.0,12.1
1783972992.179,1059,7.573,-0.954,-0.191,0.0,17.6
1783972992.179,1059,6.733,1.909,3.052,0.0,17.6
1783972992.179,1059,7.515,1.699,-0.977,0.0,14.7
1783972992.179,1059,6.83,-1.213,3.49,0.0,14.7
1783972992.23,1060,0.614,-0.886,-0.354,0.0,11.8
1783972992.23,1060,0.789,0.674,0.459,0.0,11.8
1783972992.23,1060,7.591,-0.716,-0.39,0.0,14.4
1783972992.23,1060,6.95,2.147,2.32,0.0,14.4
1783972992.23,1060,7.607,1.456,-0.563,0.0,16.3
1783972992.23,1060,7.047,-1.213,3.029,0.0,16.3
1783972992.383,1061,0.629,-0.886,-0.325,0.0,11.6
1783972992.383,1061,0.754,0.674,0.514,0.0,11.6
1783972992.383,1061,7.405,-0.704,0.991,0.0,15.1
1783972992.383,1061,6.751,1.876,-2.686,0.0,15.1
1783972992.383,1061,7.6,-0.716,-0.121,0.0,16.2
1783972992.383,1061,6.932,2.147,2.374,0.0,16.2
1783972992.383,1061,7.437,1.456,-1.698,0.0,12.2
1783972992.383,1061,7.152,-1.456,2.654,0.0,12.2
1783972992.488,1062,7.581,-0.716,-0.557,0.0,16.7
1783972992.488,1062,7.044,1.909,2.244,0.0,16.7
1783972992.488,1062,7.533,1.456,-1.199,0.0,14.3
1783972992.539,1063,0.624,-0.886,-0.335,0.0,11.6
1783972992.539,1063,0.729,0.674,0.55,0.0,11.6
1783972992.539,1063,7.587,-0.716,-0.46,0.0,15.4
1783972992.539,1063,6.938,1.909,2.552,0.0,15.4
1783972992.539,1063,7.614,1.456,-0.462,0.0,13.6
1783972992.64,1064,0.616,-0.92,-0.401,0.0,11.4
1783972992.64,1064,1.092,0.405,-0.177,0.0,11.4
1783972992.64,1064,7.359,-0.938,1.132,0.0,12.1
1783972992.64,1064,6.653,2.111,-2.756,0.0,12.1
1783972992.64,1064,7.118,1.909,1.995,0.0,16.2
1783972992.64,1064,7.541,-0.954,-0.717,0.0,16.2
1783972992.64,1064,7.427,1.456,-1.742,0.0,15.0
1783972992.741,1065,7.382,-1.173,0.671,0.0,12.5
1783972992.741,1065,7.168,1.876,-1.189,0.0,12.5
1783972992.741,1065,7.558,-0.712,0.051,0.0,17.1
1783972992.741,1065,6.506,2.135,3.279,0.0,17.1
1783972992.741,1065,7.541,1.699,-0.745,0.0,15.7
1783972992.843,1066,7.557,-0.712,0.09,0.0,17.4
1783972992.843,1066,6.64,2.135,2.997,0.0,17.4
1783972992.843,1066,7.627,1.456,-0.141,0.0,16.3
1783972992.945,1067,0.609,-0.886,-0.361,0.0,12.0
1783972992.945,1067,7.373,-0.938,1.036,0.0,11.2
1783972992.945,1067,7.144,1.876,-1.325,0.0,11.2
1783972992.945,1067,7.593,-0.716,0.352,0.0,16.8
1783972992.945,1067,7.579,-0.965,1.123,0.0,13.4
1783972993.046,1068,0.613,-0.886,-0.354,0.0,11.6
1783972993.046,1068,0.799,0.638,0.49,0.0,11.6
1783972993.046,1068,7.556,-0.712,0.168,0.0,16.5
1783972993.046,1068,7.463,1.456,-1.58,0.0,12.1
1783972993.161,1069,0.599,-0.886,-0.378,0.0,12.1
1783972993.161,1069,0.758,0.674,0.508,0.0,12.1
1783972993.161,1069,7.6,-0.716,-0.144,0.0,16.2
1783972993.161,1069,6.74,1.909,3.038,0.0,16.2
1783972993.161,1069,7.039,1.456,-2.939,0.0,12.2
1783972993.161,1069,7.426,-1.456,1.746,0.0,12.2
1783972993.261,1070,0.611,-0.886,-0.358,0.0,11.6
1783972993.261,1070,0.777,0.674,0.479,0.0,11.6
1783972993.261,1070,7.569,-0.954,-0.303,0.0,16.8
1783972993.261,1070,6.786,1.909,2.932,0.0,16.8
1783972993.261,1070,7.589,1.456,-0.771,0.0,13.3
1783972993.362,1071,0.623,-0.886,-0.336,0.0,12.0
1783972993.362,1071,0.725,0.674,0.554,0.0,12.0
1783972993.362,1071,7.151,1.699,-2.507,0.0,14.5
1783972993.362,1071,7.526,-0.971,1.65,0.0,14.5
1783972993.463,1072,0.618,-0.886,-0.345,0.0,11.6
1783972993.463,1072,0.761,0.674,0.504,0.0,11.6
1783972993.463,1072,7.38,-0.938,0.98,0.0,11.7
1783972993.463,1072,7.043,2.111,-1.502,0.0,11.7
1783972993.463,1072,7.188,2.147,1.422,0.0,14.9
1783972993.463,1072,7.6,-0.716,0.128,0.0,14.9
1783972993.463,1072,7.667,1.213,-0.217,0.0,12.3
1783972993.566,1073,0.612,-0.886,-0.356,0.0,11.6
1783972993.566,1073,0.766,0.674,0.497,0.0,11.6
1783972993.566,1073,7.573,-0.954,0.167,0.0,15.0
1783972993.566,1073,6.94,2.147,2.348,0.0,15.0
1783972993.566,1073,1.174,0.507,-0.439,-0.649,13.9
1783972993.667,1074,7.573,-0.954,0.19,0.0,15.5
1783972993.667,1074,6.459,1.909,3.596,0.0,15.5
1783972993.768,1075,0.614,-0.886,-0.354,0.0,11.8
1783972993.768,1075,0.774,0.674,0.484,0.0,11.8
1783972993.768,1075,7.535,-0.716,-1.001,0.0,14.2
1783972993.768,1075,7.053,1.909,2.215,0.0,14.2
1783972993.869,1076,0.557,-0.922,-0.357,0.0,11.5
1783972993.869,1076,0.76,0.674,0.505,0.0,11.5
1783972993.869,1076,7.575,-0.954,0.066,0.0,14.9
1783972993.869,1076,7.713,-0.243,0.875,0.0,11.3
1783972993.869,1076,6.388,2.184,-3.839,0.0,11.3
1783972993.979,1077,0.597,-0.886,-0.381,0.0,11.6
1783972993.979,1077,0.796,0.674,0.447,0.0,11.6
1783972993.979,1077,7.575,-0.954,0.094,0.0,17.0
1783972993.979,1077,7.628,-1.213,0.803,0.0,11.5
1783972994.03,1078,0.633,-0.886,-0.318,0.0,12.0
1783972994.03,1078,0.728,0.674,0.55,0.0,12.0
1783972994.03,1078,7.57,-0.954,-0.278,0.0,13.3
1783972994.03,1078,7.008,1.909,2.354,0.0,13.3
1783972994.187,1079,7.312,-0.704,1.534,0.0,12.1
1783972994.187,1079,6.961,2.111,-1.846,0.0,12.1
1783972994.187,1079,7.575,-0.954,-0.039,0.0,17.9
1783972994.187,1079,6.565,1.909,3.399,0.0,17.9
1783972994.187,1079,7.631,-0.971,1.066,0.0,14.6
1783972994.289,1080,0.617,-0.886,-0.347,0.0,11.2
1783972994.289,1080,0.769,0.674,0.492,0.0,11.2
1783972994.289,1080,7.567,-0.716,-0.727,0.0,18.3
1783972994.289,1080,6.848,1.909,2.785,0.0,18.3
1783972994.289,1080,7.485,-1.213,1.676,0.0,11.7
1783972994.34,1081,0.607,-0.886,-0.364,0.0,11.8
1783972994.34,1081,0.758,0.674,0.509,0.0,11.8
1783972994.34,1081,7.412,-0.704,0.935,0.0,13.6
1783972994.34,1081,6.916,2.814,-0.749,0.0,13.6
1783972994.34,1081,7.574,-0.716,-0.642,0.0,18.2
1783972994.34,1081,7.004,1.909,2.366,0.0,18.2
1783972994.34,1081,7.701,-0.728,0.683,0.0,12.3
1783972994.44,1082,0.63,-0.886,-0.324,0.0,11.5
1783972994.44,1082,0.778,0.674,0.478,0.0,11.5
1783972994.44,1082,7.575,-0.954,0.071,0.0,17.9
1783972994.44,1082,7.731,-0.728,0.112,0.0,12.4
1783972994.541,1083,0.598,-0.886,-0.379,0.0,11.3
1783972994.541,1083,7.575,-0.954,0.09,0.0,17.2
1783972994.641,1084,0.617,-0.886,-0.347,0.0,12.2
1783972994.641,1084,0.733,0.674,0.543,0.0,12.2
1783972994.641,1084,7.575,-0.954,0.047,0.0,15.9
1783972994.743,1085,7.64,-0.72,0.282,0.0,15.4
1783972994.743,1085,7.322,1.92,1.289,0.0,15.4
1783972994.843,1086,7.402,-0.933,0.078,0.0,11.6
1783972994.843,1086,7.568,-0.954,0.339,0.0,18.8
1783972994.945,1087,7.511,-0.949,0.562,0.0,15.6
1783972994.945,1087,7.057,1.898,-2.055,0.0,15.6
1783972994.945,1087,7.664,-0.241,0.918,0.0,12.0
1783972995.045,1088,0.618,-0.886,-0.346,0.0,11.6
1783972995.045,1088,0.768,0.674,0.493,0.0,11.6
1783972995.045,1088,7.501,-0.949,0.677,0.0,14.7
1783972995.045,1088,7.52,1.456,-1.28,0.0,14.6
1783972995.146,1089,0.604,-0.886,-0.37,0.0,12.2
1783972995.146,1089,0.715,0.674,0.567,0.0,12.2
1783972995.146,1089,7.575,-0.954,0.009,0.0,14.4
1783972995.146,1089,7.438,1.699,-1.448,0.0,14.8
1783972995.146,1089,7.235,-0.971,2.649,0.0,14.8
1783972995.248,1090,7.573,-0.954,0.173,0.0,16.3
1783972995.248,1090,6.512,1.67,3.619,0.0,16.3
1783972995.248,1090,7.344,1.699,-1.867,0.0,14.3
1783972995.248,1090,7.374,-1.213,2.113,0.0,14.3
1783972995.35,1091,7.326,-0.704,1.467,0.0,12.3
1783972995.35,1091,7.15,1.876,-1.294,0.0,12.3
1783972995.35,1091,7.575,-0.954,0.041,0.0,17.9
1783972995.35,1091,7.519,1.456,-1.287,0.0,14.1
1783972995.451,1092,0.61,-0.886,-0.359,0.0,11.9
1783972995.451,1092,7.531,-0.949,0.081,0.0,13.3
1783972995.451,1092,7.3,1.898,0.858,0.0,13.3
1783972995.451,1092,7.513,1.699,-0.987,0.0,16.2
1783972995.451,1092,6.761,-1.213,3.623,0.0,16.2
1783972995.552,1093,7.417,-0.938,0.643,0.0,13.8
1783972995.552,1093,7.524,1.456,-1.254,0.0,12.6
1783972995.654,1094,7.388,-0.938,0.924,0.0,14.6
1783972995.654,1094,7.578,1.699,-0.061,0.0,14.6
1783972995.755,1095,7.44,-0.704,0.686,0.0,12.8
1783972995.755,1095,7.388,-1.173,0.602,0.0,12.8
1783972995.755,1095,7.531,-0.949,0.116,0.0,15.0
1783972995.755,1095,6.956,1.898,2.375,0.0,15.0
1783972995.755,1095,7.565,1.699,-0.436,0.0,16.4
1783972995.856,1096,7.425,-0.704,0.83,0.0,11.8
1783972995.856,1096,6.853,2.111,-2.213,0.0,11.8
1783972995.856,1096,7.574,1.699,0.248,0.0,14.1
1783972995.957,1097,7.379,-0.938,0.994,0.0,13.3
1783972995.957,1097,7.239,2.386,0.441,0.0,13.2
1783972995.957,1097,7.486,-1.193,0.908,0.0,13.2
1783972995.957,1097,7.541,1.699,-0.745,0.0,15.5
1783972995.957,1097,7.208,-1.213,2.622,0.0,15.5
1783972996.059,1098,7.4,-0.938,0.817,0.0,11.8
1783972996.059,1098,7.032,2.111,-1.553,0.0,11.8
1783972996.059,1098,7.32,2.147,0.305,0.0,13.3
1783972996.059,1098,7.487,0.971,-1.821,0.0,11.4
1783972996.16,1099,7.291,2.147,0.721,0.0,14.6
1783972996.16,1099,7.649,0.728,-1.125,0.0,14.6
1783972996.262,1100,7.345,-0.699,1.108,0.0,11.5
1783972996.262,1100,7.139,2.098,-0.543,0.0,11.5
1783972996.262,1100,7.154,2.147,1.58,0.0,12.8
1783972996.262,1100,7.574,-0.716,-0.639,0.0,12.8
1783972996.262,1100,7.481,1.213,-1.696,0.0,13.8
1783972996.362,1101,7.565,-0.954,0.393,0.0,18.2
1783972996.362,1101,7.759,0.243,0.203,0.0,11.6
1783972996.463,1102,7.601,-0.716,-0.057,0.0,17.8
1783972996.463,1102,7.13,1.909,1.953,0.0,17.8
1783972996.463,1102,7.548,1.456,-1.104,0.0,13.5
1783972996.564,1103,7.529,-0.949,-0.199,0.0,14.5
1783972996.564,1103,6.798,1.898,2.796,0.0,14.5
1783972996.564,1103,7.591,1.213,-1.105,0.0,12.8
1783972996.665,1104,7.486,-0.954,1.158,0.0,15.7
1783972996.665,1104,7.16,2.625,0.372,0.0,15.7
1783972996.665,1104,7.688,0.971,0.517,0.0,12.8
1783972996.766,1105,7.442,-0.704,0.654,0.0,11.6
1783972996.766,1105,7.245,1.876,-0.552,0.0,11.6
1783972996.766,1105,7.283,2.147,0.798,0.0,14.0
1783972996.766,1105,7.339,-1.432,1.541,0.0,14.0
1783972996.766,1105,7.221,1.456,-2.458,0.0,11.5
1783972996.867,1106,7.421,-0.699,0.307,0.0,12.2
1783972996.867,1106,6.962,1.865,-1.926,0.0,12.2
1783972996.867,1106,6.997,2.386,1.91,0.0,15.3
1783972996.867,1106,7.147,1.909,1.888,0.0,15.3
1783972996.968,1107,0.6,-0.886,-0.376,0.0,11.3
1783972996.968,1107,0.768,0.674,0.494,0.0,11.3
1783972996.968,1107,7.374,-0.938,1.031,0.0,12.3
1783972996.968,1107,6.965,1.876,-2.069,0.0,12.3
1783972997.068,1108,7.574,-0.954,0.099,0.0,18.5
1783972997.068,1108,7.455,1.699,-1.358,0.0,13.1
1783972997.169,1109,7.318,-0.933,1.111,0.0,12.0
1783972997.169,1109,7.099,2.098,-0.931,0.0,12.0
1783972997.169,1109,7.667,-0.724,0.57,0.0,13.4
1783972997.271,1110,7.6,-0.716,0.128,0.0,15.6
1783972997.373,1111,7.549,-0.712,0.378,0.0,13.1
1783972997.373,1111,6.294,1.898,-3.796,0.0,13.1
1783972997.373,1111,7.557,-0.724,1.413,0.0,12.4
1783972997.373,1111,6.81,1.931,-3.086,0.0,12.4
1783972997.474,1112,7.555,-0.716,0.84,0.0,18.3
1783972997.474,1112,6.567,1.456,-3.881,0.0,12.1
1783972997.575,1113,7.572,1.699,-0.286,0.0,16.4
1783972997.677,1114,7.428,-0.699,0.015,0.0,11.2
1783972997.677,1114,7.384,-1.193,1.531,0.0,11.8
1783972997.677,1114,7.201,2.386,0.867,0.0,11.8
1783972997.677,1114,7.621,1.456,-0.32,0.0,15.2
1783972997.789,1115,7.366,-0.933,0.725,0.0,11.4
1783972997.789,1115,7.059,2.098,-1.192,0.0,11.4
1783972997.789,1115,7.573,-0.716,0.654,0.0,14.8
1783972997.789,1115,7.572,1.699,-0.298,0.0,14.6
1783972997.839,1116,7.375,-1.173,0.737,0.0,12.0
1783972997.839,1116,6.825,1.876,-2.494,0.0,12.0
1783972997.839,1116,7.561,-0.954,0.464,0.0,15.2
1783972997.839,1116,7.254,1.699,-2.193,0.0,13.0
1783972997.947,1117,7.478,-1.186,0.554,0.0,13.8
1783972997.947,1117,7.557,-1.213,1.312,0.0,12.4
1783972998.049,1118,7.569,-0.954,0.299,0.0,14.7
1783972998.049,1118,7.431,1.456,-1.722,0.0,14.6
1783972998.152,1119,7.521,-1.193,0.555,0.0,16.2
1783972998.152,1119,7.541,1.456,-1.148,0.0,13.8
1783972998.152,1119,8.355,0.264,1.327,0.0,11.6
1783972998.152,1119,7.692,-2.645,-2.338,0.0,11.6
1783972998.254,1120,7.426,-1.193,1.311,0.0,14.6
1783972998.254,1120,7.233,2.386,0.528,0.0,14.6
1783972998.254,1120,7.473,1.699,-1.254,0.0,13.1
1783972998.357,1121,7.437,1.67,0.444,0.0,14.0
1783972998.357,1121,7.06,-1.193,2.652,0.0,14.0
1783972998.357,1121,7.568,1.699,-0.382,0.0,13.3
1783972998.566,1123,7.5,-0.954,1.061,0.0,17.7
1783972998.566,1123,7.125,2.625,0.802,0.0,17.7
1783972998.667,1124,7.554,-0.954,-0.569,0.0,14.0
1783972998.667,1124,7.114,1.909,2.011,0.0,14.0
1783972998.667,1124,7.728,-0.728,-0.231,0.0,11.9
1783972998.783,1125,7.547,-0.954,-0.651,0.0,14.2
1783972998.783,1125,7.098,1.67,2.265,0.0,14.2
1783972998.783,1125,7.524,2.209,0.428,0.0,11.6
1783972998.834,1126,7.569,-0.954,-0.293,0.0,13.1
1783972998.834,1126,7.004,1.432,2.68,0.0,13.1
1783972998.834,1126,7.748,-0.488,0.85,0.0,11.3
1783972998.834,1126,7.492,2.196,0.166,0.0,11.3
1783972998.935,1127,7.558,-0.712,0.078,0.0,13.7
1783972998.935,1127,7.128,2.135,1.502,0.0,13.7
1783972999.086,1128,7.525,-0.954,0.868,0.0,16.1
1783972999.086,1128,7.581,-0.965,1.108,0.0,12.3
1783972999.137,1129,7.577,-0.96,0.797,0.0,13.5
1783972999.257,1130,7.37,-0.938,1.056,0.0,11.5
1783972999.257,1130,7.144,2.111,-0.908,0.0,11.5
1783972999.257,1130,7.504,-0.724,1.675,0.0,14.2
1783972999.359,1131,7.762,-0.243,0.036,0.0,11.8
1783972999.461,1132,7.242,1.909,1.482,0.0,13.2
1783972999.461,1132,7.525,-0.716,-1.072,0.0,13.2
1783972999.568,1133,7.374,1.909,0.526,0.0,14.7
1783972999.568,1133,7.357,-0.954,-1.805,0.0,14.7
1783972999.568,1133,7.765,-0.0,0.127,0.0,13.0
1783972999.669,1134,7.597,-0.716,-0.269,0.0,16.3
1783972999.669,1134,6.384,1.909,3.728,0.0,16.3
1783972999.669,1134,7.641,-0.728,1.178,0.0,14.3
1783972999.771,1135,7.466,-0.704,0.267,0.0,14.9
1783972999.771,1135,7.233,2.147,1.17,0.0,13.6
1783972999.771,1135,7.357,-0.954,-1.803,0.0,13.6
1783972999.771,1135,7.278,1.699,-2.109,0.0,13.2
1783972999.771,1135,7.438,-0.971,2.01,0.0,13.2
1783972999.872,1136,7.529,1.213,-1.466,0.0,14.6
1783972999.872,1136,7.579,-0.728,1.529,0.0,14.6
1783972999.973,1137,7.617,-0.971,1.161,0.0,13.9
1783972999.973,1137,6.553,1.699,-3.806,0.0,13.9
1783973000.074,1138,7.396,-0.933,0.29,0.0,11.6
1783973000.074,1138,6.998,2.098,1.512,0.0,11.6
1783973000.176,1139,7.467,-0.704,-0.255,0.0,12.8
1783973000.176,1139,7.019,1.876,1.876,0.0,12.8
1783973000.176,1139,7.505,-0.239,1.381,0.0,12.4
1783973000.176,1139,7.498,1.952,-0.977,0.0,11.6
1783973000.278,1140,7.415,-0.704,0.913,0.0,11.3
1783973000.278,1140,7.322,1.642,-0.114,0.0,11.3
1783973000.278,1140,7.154,2.147,1.58,0.0,12.0
1783973000.329,1141,7.388,-0.933,0.448,0.0,12.1
1783973000.329,1141,6.983,2.331,1.212,0.0,12.1
1783973000.329,1141,7.421,1.456,-1.766,0.0,12.1
1783973000.481,1142,7.162,1.909,1.833,0.0,11.4
1783973000.481,1142,7.578,-0.477,-0.795,0.0,11.4
1783973000.481,1142,7.169,1.699,-2.456,0.0,14.1
1783973000.481,1142,7.336,-1.213,2.24,0.0,14.1
1783973000.582,1143,7.4,-0.933,0.153,0.0,13.3
1783973000.582,1143,7.433,1.456,-1.714,0.0,12.9
1783973000.633,1144,7.379,-0.933,0.578,0.0,12.6
1783973000.633,1144,7.53,-0.712,0.646,0.0,12.0
1783973000.633,1144,7.486,1.699,-1.179,0.0,14.1
1783973000.734,1145,7.394,-0.933,0.346,0.0,11.3
1783973000.734,1145,7.084,2.098,1.036,0.0,11.3
1783973000.734,1145,7.527,1.699,-0.876,0.0,15.4
1783973000.885,1146,7.701,0.971,-0.243,0.0,14.5
1783973000.936,1147,7.538,-0.954,0.754,0.0,14.6
1783973000.936,1147,7.39,1.909,-0.2,0.0,14.6
1783973000.936,1147,7.62,1.708,0.049,0.0,13.8
1783973001.037,1148,7.411,-0.704,0.944,0.0,14.2
1783973001.037,1148,7.559,-0.954,0.501,0.0,16.5
1783973001.037,1148,7.62,1.708,0.069,0.0,13.8
1783973001.188,1149,7.512,-0.949,0.547,0.0,17.3
1783973001.188,1149,7.578,1.699,0.0,0.0,14.3
1783973001.239,1150,7.471,-0.704,0.04,0.0,12.1
1783973001.239,1150,7.523,-0.949,0.371,0.0,14.7
1783973001.239,1150,6.527,1.898,3.38,0.0,14.7
1783973001.239,1150,7.749,-0.0,-0.516,0.0,13.0
1783973001.339,1151,0.587,-0.886,-0.396,0.0,11.3
1783973001.339,1151,0.847,0.638,0.402,0.0,11.3
1783973001.339,1151,7.387,1.909,0.28,0.0,14.9
1783973001.339,1151,7.591,-0.716,0.388,0.0,14.9
1783973001.339,1151,7.629,1.213,-0.795,0.0,16.0
1783973001.44,1152,0.564,-0.922,-0.345,0.0,11.2
1783973001.44,1152,0.738,0.674,0.538,0.0,11.2
1783973001.44,1152,7.247,2.147,1.078,0.0,12.3
1783973001.44,1152,7.58,1.456,-0.854,0.0,14.1
1783973001.541,1153,7.466,-0.704,0.276,0.0,14.4
1783973001.541,1153,7.403,1.699,-1.619,0.0,13.5
1783973001.541,1153,7.362,-0.971,2.273,0.0,13.5
1783973001.643,1154,7.46,-0.949,1.041,0.0,11.8
1783973001.643,1154,7.214,1.661,-1.68,0.0,11.8
1783973001.643,1154,7.416,1.699,-1.56,0.0,13.8
1783973001.743,1155,7.454,-0.704,0.506,0.0,13.7
1783973001.743,1155,7.516,-0.954,0.942,0.0,15.4
1783973001.743,1155,6.756,1.931,-3.203,0.0,12.5
1783973001.743,1155,7.443,-0.724,1.926,0.0,12.5
1783973001.844,1156,0.598,-0.92,-0.428,0.0,11.4
1783973001.844,1156,1.072,0.405,-0.272,0.0,11.4
1783973001.844,1156,7.525,-0.949,0.315,0.0,14.7
1783973001.844,1156,7.619,1.456,-0.378,0.0,12.6
1783973001.844,1156,7.573,-1.456,0.919,0.0,12.6
1783973001.945,1157,0.606,-0.886,-0.366,0.0,11.7
1783973001.945,1157,0.728,0.674,0.551,0.0,11.7
1783973001.945,1157,7.573,-0.954,-0.192,0.0,14.1
1783973001.945,1157,6.931,2.147,2.376,0.0,14.1
1783973001.945,1157,7.551,1.699,-0.635,0.0,16.0
1783973002.046,1158,7.555,-0.712,0.204,0.0,14.7
1783973002.046,1158,7.621,1.456,-0.34,0.0,12.4
1783973002.147,1159,7.506,-0.954,1.02,0.0,15.0
1783973002.147,1159,6.886,1.931,2.912,0.0,12.7
1783973002.147,1159,7.651,-0.965,-0.402,0.0,12.7
1783973002.248,1160,7.443,-0.938,0.19,0.0,12.7
1783973002.248,1160,6.549,2.345,2.814,0.0,12.7
1783973002.248,1160,7.431,-0.716,1.601,0.0,15.7
1783973002.248,1160,7.315,1.909,-1.065,0.0,15.7
1783973002.348,1161,0.603,-0.886,-0.371,0.0,11.5
1783973002.348,1161,0.801,0.674,0.437,0.0,11.5
1783973002.348,1161,7.362,2.16,-0.311,0.0,13.8
1783973002.348,1161,7.285,-0.72,2.318,0.0,13.8
1783973002.449,1162,7.355,-0.704,1.313,0.0,13.0
1783973002.449,1162,7.198,2.111,-0.224,0.0,13.0
1783973002.449,1162,7.483,1.952,1.085,0.0,14.1
1783973002.449,1162,7.51,-0.488,-2.085,0.0,14.1
1783973002.55,1163,7.528,-0.949,0.225,0.0,15.7
1783973002.55,1163,7.339,1.92,1.19,0.0,13.5
1783973002.55,1163,7.209,-0.72,-2.545,0.0,13.5
1783973002.55,1163,7.414,2.196,1.093,0.0,12.9
1783973002.651,1164,7.6,-0.716,-0.123,0.0,16.0
1783973002.651,1164,7.229,2.147,1.195,0.0,16.0
1783973002.752,1165,7.558,-0.712,0.052,0.0,13.6
1783973002.853,1166,7.539,-0.954,0.738,0.0,17.7
1783973002.853,1166,7.731,-0.728,0.125,0.0,12.3
1783973002.954,1167,7.376,-0.949,1.524,0.0,13.3
1783973002.954,1167,7.409,1.689,-1.376,0.0,13.6
1783973002.954,1167,7.413,-0.965,1.935,0.0,13.6
1783973003.074,1168,7.445,-0.938,-0.016,0.0,14.2
1783973003.074,1168,6.593,2.111,2.896,0.0,14.2
1783973003.074,1168,7.479,1.68,-0.454,0.0,14.1
1783973003.074,1168,6.761,-0.96,3.512,0.0,14.1
1783973003.175,1169,7.14,2.111,0.936,0.0,12.1
1783973003.175,1169,7.419,-0.704,0.88,0.0,12.1
1783973003.298,1170,0.62,-0.886,-0.341,0.0,11.5
1783973003.298,1170,0.76,0.674,0.505,0.0,11.5
1783973003.298,1170,7.558,-1.213,1.31,0.0,13.1
1783973003.298,1170,6.743,1.699,-3.459,0.0,13.1
1783973003.35,1171,7.397,-0.704,1.048,0.0,13.3
1783973003.35,1171,6.934,2.111,-1.945,0.0,13.3
1783973003.35,1171,7.601,-0.716,0.085,0.0,14.7
1783973003.35,1171,6.529,2.386,3.158,0.0,14.7
1783973003.451,1172,0.568,-0.922,-0.339,0.0,11.3
1783973003.451,1172,0.738,0.674,0.538,0.0,11.3
1783973003.451,1172,7.616,-0.72,0.669,0.0,14.6
1783973003.555,1173,7.474,-0.712,1.121,0.0,15.8
1783973003.555,1173,7.653,-0.728,1.101,0.0,12.2
1783973003.656,1174,7.386,-0.704,1.127,0.0,13.9
1783973003.656,1174,7.092,2.111,-1.249,0.0,13.9
1783973003.656,1174,7.284,2.16,1.115,0.0,13.3
1783973003.758,1175,7.379,-0.938,0.99,0.0,13.2
1783973003.758,1175,6.948,2.111,-1.892,0.0,13.2
1783973003.758,1175,7.42,1.92,0.475,0.0,13.3
1783973003.758,1175,7.723,-0.485,0.656,0.0,11.3
1783973003.859,1176,7.374,-0.938,1.031,0.0,11.6
1783973003.859,1176,7.093,1.876,-1.575,0.0,11.6
1783973003.96,1177,7.402,-0.704,1.017,0.0,14.8
1783973003.96,1177,7.037,2.58,-0.38,0.0,14.8
1783973003.96,1177,7.349,1.898,-0.125,0.0,13.8
1783973003.96,1177,7.724,-0.728,-0.344,0.0,12.1
1783973004.165,1179,7.679,-0.483,0.66,0.0,14.1
1783973004.266,1180,7.441,-0.704,0.674,0.0,12.4
1783973004.266,1180,6.955,2.814,0.14,0.0,12.4
1783973004.266,1180,7.601,-0.716,0.072,0.0,17.2
1783973004.266,1180,7.61,-0.241,1.288,0.0,13.8
1783973004.366,1181,7.387,-0.938,0.93,0.0,12.0
1783973004.366,1181,7.027,2.111,-1.576,0.0,12.0
1783973004.467,1182,7.326,-0.704,1.467,0.0,12.4
1783973004.467,1182,6.856,1.876,-2.405,0.0,12.4
1783973004.467,1182,7.042,2.386,1.736,0.0,12.8
1783973004.467,1182,7.511,-1.193,0.673,0.0,12.8
1783973004.568,1183,7.546,-0.712,-0.431,0.0,12.5
1783973004.568,1183,7.048,1.898,2.086,0.0,12.5
1783973004.568,1183,7.635,-0.724,0.901,0.0,12.5
1783973004.668,1184,7.377,-0.938,1.008,0.0,12.7
1783973004.668,1184,7.067,2.111,-1.383,0.0,12.7
1783973004.668,1184,7.186,1.909,1.736,0.0,12.4
1783973004.668,1184,7.556,-0.954,-0.544,0.0,12.4
1783973004.77,1185,7.53,-0.949,0.171,0.0,14.5
1783973004.871,1186,7.425,-0.699,0.214,0.0,11.3
1783973004.871,1186,6.913,2.798,-0.205,0.0,11.3
1783973004.871,1186,7.534,-0.712,0.598,0.0,18.4
1783973004.871,1186,7.472,-0.724,1.811,0.0,14.4
1783973004.971,1187,7.316,-0.708,1.716,0.0,11.9
1783973004.971,1187,7.153,1.651,-1.756,0.0,11.9
1783973004.971,1187,7.585,1.448,-0.072,0.0,11.8
1783973005.073,1188,7.139,-0.954,2.532,0.0,12.7
1783973005.073,1188,7.358,1.909,-0.716,0.0,12.7
1783973005.073,1188,7.751,-0.485,0.038,0.0,13.1
1783973005.173,1189,7.61,-0.732,1.594,0.0,12.9
1783973005.173,1189,7.235,1.708,-2.394,0.0,12.9
1783973005.274,1190,7.272,1.699,-2.132,0.0,13.3
1783973005.274,1190,7.474,-0.971,1.873,0.0,13.3
1783973005.376,1191,7.435,-0.704,0.737,0.0,11.9
1783973005.376,1191,7.179,2.111,0.565,0.0,11.9
1783973005.376,1191,7.599,-0.716,0.194,0.0,14.5
1783973005.376,1191,6.911,1.699,-3.108,0.0,12.5
1783973005.376,1191,7.413,-1.213,1.97,0.0,12.5
1783973005.477,1192,0.601,-0.886,-0.375,0.0,11.5
1783973005.477,1192,0.777,0.674,0.479,0.0,11.5
1783973005.477,1192,7.525,-0.474,0.884,0.0,12.4
1783973005.477,1192,7.721,-0.243,-0.795,0.0,12.7
1783973005.578,1193,7.374,-0.933,0.647,0.0,12.3
1783973005.578,1193,7.061,2.331,0.602,0.0,12.3
1783973005.578,1193,7.625,-0.965,0.754,0.0,12.9
1783973005.578,1193,7.428,1.689,-1.264,0.0,12.9
1783973005.679,1194,0.608,-0.886,-0.363,0.0,11.3
1783973005.679,1194,0.784,0.674,0.467,0.0,11.3
1783973005.679,1194,7.613,-0.96,-0.284,0.0,14.5
1783973005.679,1194,6.855,1.68,3.026,0.0,14.5
1783973005.729,1195,7.572,-0.954,0.222,0.0,16.6
1783973005.729,1195,7.711,-0.728,0.57,0.0,11.7
1783973005.879,1196,7.551,-0.954,0.604,0.0,15.1
1783973005.98,1197,0.604,-0.886,-0.37,0.0,11.4
1783973005.98,1197,0.757,0.674,0.51,0.0,11.4
1783973005.98,1197,7.586,-0.716,0.478,0.0,15.3
1783973006.031,1198,7.36,-1.166,0.358,0.0,11.3
1783973006.031,1198,7.086,2.331,-0.118,0.0,11.3
1783973006.031,1198,7.65,-0.724,0.77,0.0,13.7
1783973006.284,1200,7.362,-1.166,0.321,0.0,11.3
1783973006.284,1200,7.006,2.565,-0.059,0.0,11.3
1783973006.284,1200,7.766,-0.0,-0.063,0.0,12.6
1783973006.334,1201,7.54,-1.193,-0.107,0.0,13.5
1783973006.334,1201,7.016,1.67,2.506,0.0,13.5
1783973006.334,1201,7.671,-0.241,0.859,0.0,13.0
1783973006.434,1202,7.225,1.876,0.769,0.0,11.4
1783973006.434,1202,7.417,-0.704,-0.894,0.0,11.4
1783973006.434,1202,7.569,-0.954,0.312,0.0,16.5
1783973006.434,1202,7.196,1.699,-2.375,0.0,14.4
1783973006.434,1202,7.524,-0.971,1.658,0.0,14.4
1783973006.586,1203,0.552,-0.922,-0.364,0.0,11.4
1783973006.586,1203,0.758,0.674,0.509,0.0,11.4
1783973006.586,1203,7.508,-0.954,1.008,0.0,15.9
1783973006.637,1204,0.622,-0.886,-0.338,0.0,11.3
1783973006.637,1204,7.53,-1.193,0.41,0.0,13.9
1783973006.637,1204,7.05,2.863,-0.629,0.0,13.9
1783973006.637,1204,6.733,2.172,-3.096,0.0,12.7
1783973006.637,1204,7.365,-0.483,2.27,0.0,12.7
1783973006.738,1205,7.539,-1.193,0.177,0.0,15.7
1783973006.738,1205,7.261,1.67,-1.669,0.0,15.7
1783973006.738,1205,7.431,1.213,-1.902,0.0,12.0
1783973006.838,1206,0.599,-0.886,-0.377,0.0,11.8
1783973006.838,1206,0.768,0.674,0.494,0.0,11.8
1783973006.838,1206,7.54,-1.193,-0.159,0.0,13.5
1783973006.838,1206,7.439,1.432,0.954,0.0,13.5
1783973006.838,1206,7.536,1.456,-1.18,0.0,13.8
1783973006.939,1207,0.612,-0.886,-0.356,0.0,11.3
1783973006.939,1207,0.715,0.674,0.567,0.0,11.3
1783973006.939,1207,7.565,-0.954,-0.387,0.0,13.3
1783973006.939,1207,7.399,1.699,-1.635,0.0,12.0
1783973007.04,1208,7.67,1.213,-0.044,0.0,14.6
1783973007.141,1209,7.575,-0.954,-0.069,0.0,15.1
1783973007.141,1209,6.984,1.67,2.594,0.0,15.1
1783973007.141,1209,8.446,0.264,0.477,0.0,12.1
1783973007.141,1209,8.02,-2.645,-0.561,0.0,12.1
1783973007.242,1210,7.557,1.448,0.653,0.0,16.0
1783973007.343,1211,0.749,0.674,0.522,0.0,11.7
1783973007.343,1211,7.425,-0.954,1.5,0.0,12.8
1783973007.343,1211,7.214,1.909,-1.615,0.0,12.8
1783973007.343,1211,7.488,1.456,-1.456,0.0,13.5
1783973007.444,1212,7.469,-0.954,1.263,0.0,14.7
1783973007.444,1212,7.231,1.909,-1.539,0.0,14.7
1783973007.444,1212,7.51,1.456,-1.34,0.0,14.3
1783973007.545,1213,7.466,-0.704,-0.263,0.0,11.8
1783973007.545,1213,7.028,1.876,1.844,0.0,11.8
1783973007.545,1213,7.575,-0.954,0.021,0.0,14.4
1783973007.545,1213,6.721,1.67,3.215,0.0,14.4
1783973007.545,1213,7.627,1.213,-0.813,0.0,12.3
1783973007.645,1214,7.564,1.213,-1.274,0.0,14.5
1783973007.746,1215,0.614,-0.886,-0.353,0.0,11.9
1783973007.746,1215,0.739,0.674,0.536,0.0,11.9
1783973007.746,1215,7.574,-0.954,-0.149,0.0,13.8
1783973007.746,1215,7.404,1.456,-1.837,0.0,13.1
1783973007.746,1215,7.037,-1.456,2.943,0.0,13.1
1783973007.847,1216,7.541,-1.193,-0.018,0.0,14.2
1783973007.847,1216,7.729,-0.243,-0.711,0.0,12.0
1783973007.947,1217,7.567,-0.954,0.36,0.0,16.0
1783973007.947,1217,7.602,0.971,-1.254,0.0,11.3
1783973008.048,1218,7.523,-0.954,0.887,0.0,13.6
1783973008.048,1218,7.463,1.213,-1.77,0.0,11.6
1783973008.148,1219,7.574,-0.954,0.154,0.0,15.2
1783973008.249,1220,7.575,-0.954,0.063,0.0,15.9
1783973008.349,1221,7.575,-0.954,-0.014,0.0,16.3
1783973008.45,1222,7.564,-0.954,0.413,0.0,17.0
1783973008.551,1223,7.46,-1.193,1.104,0.0,11.6
1783973008.551,1223,7.149,1.432,-2.268,0.0,11.6
1783973008.753,1225,7.54,-1.193,0.128,0.0,13.6
1783973008.854,1226,7.575,-0.954,0.061,0.0,15.3
1783973008.954,1227,0.619,-0.886,-0.344,0.0,12.0
1783973008.954,1227,0.724,0.674,0.556,0.0,12.0
1783973008.954,1227,7.541,-1.193,-0.082,0.0,15.1
1783973008.954,1227,7.669,1.213,-0.16,0.0,11.5
1783973009.055,1228,7.541,-1.193,-0.029,0.0,14.6
1783973009.055,1228,7.655,1.213,-0.493,0.0,11.6
1783973009.155,1229,7.56,-0.954,0.471,0.0,13.5
1783973009.155,1229,6.57,1.67,3.513,0.0,13.5
1783973009.155,1229,7.63,0.965,0.694,0.0,11.5
1783973009.256,1230,0.619,-0.886,-0.344,0.0,11.5
1783973009.256,1230,0.733,0.674,0.544,0.0,11.5
1783973009.256,1230,7.539,-1.193,0.187,0.0,15.1
1783973009.357,1231,0.606,-0.886,-0.367,0.0,11.8
1783973009.357,1231,0.749,0.674,0.522,0.0,11.8
1783973009.357,1231,7.552,-0.954,0.594,0.0,15.7
1783973009.472,1232,7.566,-0.954,0.363,0.0,14.8
1783973009.573,1233,0.612,-0.886,-0.356,0.0,12.7
1783973009.573,1233,0.766,0.674,0.496,0.0,12.7
1783973009.573,1233,7.505,-1.193,0.735,0.0,15.0
1783973009.573,1233,6.442,1.67,-3.742,0.0,15.0
1783973009.675,1234,7.494,-1.193,0.847,0.0,14.4
1783973009.675,1234,7.025,1.432,-2.626,0.0,14.4
1783973009.675,1234,7.697,-0.728,-0.735,0.0,12.9
1783973009.675,1234,7.572,1.699,-0.285,0.0,12.9
1783973009.777,1235,0.581,-0.92,-0.45,0.0,11.3
1783973009.777,1235,1.074,0.405,-0.265,0.0,11.3
1783973009.777,1235,7.457,-1.193,1.123,0.0,14.5
1783973009.883,1236,0.587,-0.886,-0.396,0.0,12.2
1783973009.883,1236,0.76,0.674,0.505,0.0,12.2
1783973009.883,1236,7.52,-1.193,0.57,0.0,14.3
1783973009.883,1236,7.803,-0.244,0.211,0.0,11.9
1783973009.883,1236,7.776,0.488,0.531,0.0,11.9
1783973009.934,1237,0.61,-0.886,-0.36,0.0,11.7
1783973009.934,1237,7.506,-1.193,0.725,0.0,13.8
1783973010.036,1238,0.59,-0.886,-0.391,0.0,11.6
1783973010.036,1238,0.829,0.674,0.382,0.0,11.6
1783973010.036,1238,7.199,2.111,0.183,0.0,11.3
1783973010.036,1238,7.409,-0.469,1.092,0.0,11.3
1783973010.036,1238,7.541,-1.193,-0.103,0.0,15.7
1783973010.19,1239,0.596,-0.886,-0.382,0.0,11.8
1783973010.19,1239,0.856,0.674,0.317,0.0,11.8
1783973010.19,1239,7.575,-0.954,-0.023,0.0,15.8
1783973010.19,1239,6.575,1.67,3.503,0.0,15.8
1783973010.19,1239,1.059,0.213,0.347,-0.162,13.1
1783973010.242,1240,0.606,-0.92,-0.416,0.0,11.6
1783973010.242,1240,1.095,0.368,-0.229,0.0,11.6
1783973010.242,1240,7.541,-1.193,-0.062,0.0,16.1
1783973010.242,1240,7.232,1.67,1.791,0.0,16.1
1783973010.343,1241,7.538,-1.193,0.23,0.0,15.3
1783973010.449,1242,1.053,0.39,0.162,0.0,12.3
1783973010.449,1242,7.519,-1.193,0.581,0.0,13.6
1783973010.449,1242,7.286,1.909,-1.25,0.0,13.6
1783973010.449,1242,7.667,1.464,0.25,0.0,12.7
1783973010.55,1243,0.666,-0.886,-0.24,0.0,11.7
1783973010.55,1243,7.536,-1.193,0.268,0.0,14.7
1783973010.55,1243,6.837,1.67,-2.96,0.0,14.7
1783973010.55,1243,7.615,1.708,-0.279,0.0,12.2
1783973010.652,1244,0.549,-0.886,-0.447,0.0,13.6
1783973010.652,1244,0.78,0.603,0.561,0.0,13.6
1783973010.652,1244,7.556,-0.954,0.536,0.0,15.3
1783973010.652,1244,7.295,1.67,-1.512,0.0,15.3
1783973010.753,1245,0.567,-0.886,-0.424,0.0,13.2
1783973010.753,1245,7.535,-1.193,0.301,0.0,15.7
1783973010.753,1245,6.516,1.67,-3.612,0.0,15.7
1783973010.855,1246,1.072,0.294,-0.389,0.0,12.3
1783973010.855,1246,7.528,-1.193,0.447,0.0,15.4
1783973010.955,1247,0.542,-0.883,-0.56,0.0,13.0
1783973010.955,1247,0.886,0.773,0.075,0.0,13.0
1783973010.955,1247,7.536,-1.193,0.281,0.0,14.7
1783973011.056,1248,0.634,-0.886,-0.315,0.0,12.0
1783973011.056,1248,7.559,-0.954,0.489,0.0,14.8
1783973011.158,1249,7.541,-1.193,0.084,0.0,14.9
1783973011.158,1249,7.807,-0.0,-0.185,0.0,11.7
1783973011.258,1250,0.553,-0.922,-0.363,0.0,12.1
1783973011.258,1250,0.801,0.674,0.438,0.0,12.1
1783973011.258,1250,7.531,-1.193,0.399,0.0,15.7
1783973011.36,1251,0.603,-0.886,-0.372,0.0,11.5
1783973011.36,1251,0.801,0.674,0.437,0.0,11.5
1783973011.36,1251,7.245,1.876,0.554,0.0,11.2
1783973011.36,1251,7.47,-0.704,-0.13,0.0,11.2
1783973011.36,1251,7.539,-1.193,0.186,0.0,15.6
1783973011.36,1251,7.499,0.971,-1.771,0.0,12.0
1783973011.36,1251,0.83,0.589,-0.247,0.162,11.5
1783973011.461,1252,0.593,-0.886,-0.387,0.0,11.6
1783973011.461,1252,0.811,0.674,0.418,0.0,11.6
1783973011.461,1252,7.083,2.331,0.225,0.0,11.3
1783973011.461,1252,7.376,-0.933,0.621,0.0,11.3
1783973011.461,1252,7.569,-0.954,0.302,0.0,16.5
1783973011.461,1252,7.704,1.22,-0.377,0.0,11.6
1783973011.461,1252,1.18,0.267,-0.171,0.162,15.1
1783973011.563,1253,0.598,-0.886,-0.379,0.0,11.9
1783973011.563,1253,0.866,0.638,0.361,0.0,11.9
1783973011.563,1253,7.536,-1.193,0.275,0.0,16.5
1783973011.563,1253,7.379,1.213,-2.095,0.0,13.4
1783973011.563,1253,1.243,0.237,-0.009,0.243,15.7
1783973011.663,1254,0.81,0.674,0.421,0.0,12.1
1783973011.663,1254,7.566,-0.954,0.368,0.0,15.9
1783973011.663,1254,7.392,1.456,-1.885,0.0,14.5
1783973011.763,1255,0.604,-0.886,-0.37,0.0,12.7
1783973011.763,1255,0.777,0.674,0.479,0.0,12.7
1783973011.763,1255,7.574,-0.954,0.14,0.0,16.1
1783973011.763,1255,7.398,1.456,-1.86,0.0,14.4
1783973011.763,1255,7.527,-0.971,1.645,0.0,14.4
1783973011.865,1256,0.587,-0.886,-0.396,0.0,11.6
1783973011.865,1256,0.85,0.638,0.395,0.0,11.6
1783973011.865,1256,7.535,-1.193,0.315,0.0,16.3
1783973011.865,1256,7.669,0.728,-0.985,0.0,13.1
1783973011.965,1257,7.554,-0.954,0.571,0.0,15.1
1783973011.965,1257,1.137,-0.435,0.345,-0.406,16.0
1783973012.066,1258,0.606,-0.886,-0.366,0.0,11.8
1783973012.066,1258,0.805,0.674,0.431,0.0,11.8
1783973012.066,1258,7.523,-1.193,0.525,0.0,14.2
1783973012.166,1259,0.562,-0.922,-0.349,0.0,11.9
1783973012.166,1259,7.548,-0.954,0.641,0.0,14.8
1783973012.166,1259,7.56,1.952,-0.129,0.0,11.3
1783973012.166,1259,7.589,-0.732,-1.689,0.0,11.3
1783973012.267,1260,0.601,-0.886,-0.375,0.0,11.6
1783973012.267,1260,0.767,0.674,0.495,0.0,11.6
1783973012.267,1260,7.553,-0.954,0.575,0.0,15.9
1783973012.367,1261,0.617,-0.886,-0.347,0.0,12.4
1783973012.367,1261,0.749,0.674,0.522,0.0,12.4
1783973012.367,1261,7.551,-0.954,0.607,0.0,16.6
1783973012.367,1261,6.523,1.67,-3.6,0.0,16.6
1783973012.367,1261,7.393,1.456,-1.88,0.0,12.2
1783973012.468,1262,7.565,-0.954,0.398,0.0,15.7
1783973012.468,1262,7.486,1.699,-1.177,0.0,13.1
1783973012.569,1263,7.499,-0.954,1.069,0.0,16.1
1783973012.569,1263,6.955,1.67,-2.671,0.0,16.1
1783973012.67,1264,0.63,-0.886,-0.323,0.0,11.8
1783973012.67,1264,0.738,0.674,0.538,0.0,11.8
1783973012.67,1264,7.499,-0.954,1.073,0.0,13.8
1783973012.771,1265,0.608,-0.886,-0.363,0.0,12.2
1783973012.771,1265,0.747,0.674,0.525,0.0,12.2
1783973012.771,1265,7.491,-1.193,0.866,0.0,13.2
1783973012.872,1266,0.598,-0.886,-0.38,0.0,12.5
1783973012.872,1266,0.749,0.674,0.522,0.0,12.5
1783973012.872,1266,7.174,1.876,1.153,0.0,12.1
1783973012.872,1266,7.468,-0.704,-0.218,0.0,12.1
1783973012.872,1266,7.529,-1.193,0.424,0.0,15.6
1783973012.973,1267,0.598,-0.886,-0.38,0.0,11.6
1783973012.973,1267,0.775,0.674,0.483,0.0,11.6
1783973012.973,1267,7.566,-0.954,0.369,0.0,16.0
1783973012.973,1267,7.429,1.699,-1.495,0.0,13.7
1783973013.074,1268,7.571,-0.954,0.259,0.0,16.0
1783973013.074,1268,6.853,1.456,-3.35,0.0,11.5
1783973013.074,1268,7.372,-1.213,2.119,0.0,11.5
1783973013.176,1269,0.588,-0.886,-0.394,0.0,11.4
1783973013.176,1269,0.758,0.674,0.509,0.0,11.4
1783973013.176,1269,7.575,-0.954,-0.01,0.0,16.4
1783973013.176,1269,6.703,1.67,3.251,0.0,16.4
1783973013.176,1269,7.283,1.456,-2.268,0.0,13.0
1783973013.277,1270,0.613,-0.886,-0.354,0.0,11.6
1783973013.277,1270,0.748,0.674,0.524,0.0,11.6
1783973013.277,1270,7.563,-0.954,0.426,0.0,15.5
1783973013.277,1270,7.296,1.456,-2.226,0.0,13.1
1783973013.377,1271,0.631,-0.886,-0.32,0.0,11.4
1783973013.377,1271,0.777,0.674,0.479,0.0,11.4
1783973013.377,1271,7.553,-0.954,0.578,0.0,14.8
1783973013.377,1271,7.419,1.456,-1.773,0.0,12.3
1783973013.477,1272,7.558,-0.954,0.514,0.0,15.0
1783973013.477,1272,7.521,1.456,-1.276,0.0,13.1
1783973013.578,1273,0.608,-0.886,-0.362,0.0,11.7
1783973013.578,1273,0.789,0.674,0.46,0.0,11.7
1783973013.578,1273,7.554,-0.954,0.562,0.0,15.0
1783973013.578,1273,7.163,1.909,-1.828,0.0,15.0
1783973013.578,1273,7.616,1.213,-0.913,0.0,13.2
1783973013.678,1274,7.532,-0.954,0.804,0.0,15.8
1783973013.678,1274,7.081,1.67,-2.316,0.0,15.8
1783973013.678,1274,7.62,1.708,0.035,0.0,13.0
1783973013.78,1275,7.574,-0.954,0.152,0.0,15.3
1783973013.78,1275,6.955,1.67,2.671,0.0,15.3
1783973013.78,1275,7.617,0.728,-1.326,0.0,12.6
1783973013.83,1276,7.575,-0.954,-0.01,0.0,13.7
1783973013.83,1276,7.376,1.456,-1.945,0.0,12.9
1783973013.83,1276,7.047,-1.456,2.921,0.0,12.9
1783973013.981,1277,7.564,-0.954,0.414,0.0,13.5
1783973013.981,1277,7.614,1.213,-0.931,0.0,13.8
1783973014.082,1278,7.571,-0.954,0.24,0.0,16.6
1783973014.082,1278,7.556,1.213,-1.32,0.0,12.4
1783973014.133,1279,7.568,-0.954,0.324,0.0,14.6
1783973014.133,1279,7.553,1.213,-1.335,0.0,12.9
1783973014.233,1280,0.605,-0.886,-0.368,0.0,11.3
1783973014.233,1280,0.74,0.674,0.534,0.0,11.3
1783973014.233,1280,7.598,-0.716,0.227,0.0,17.7
1783973014.233,1280,7.59,0.728,-1.471,0.0,12.8
1783973014.384,1281,7.554,-0.954,0.567,0.0,15.2
1783973014.384,1281,7.28,1.909,-1.284,0.0,15.2
1783973014.384,1281,7.557,1.213,-1.313,0.0,12.7
1783973014.436,1282,0.589,-0.886,-0.393,0.0,11.2
1783973014.436,1282,0.844,0.638,0.41,0.0,11.2
1783973014.436,1282,7.444,-0.954,1.403,0.0,12.8
1783973014.436,1282,7.352,1.909,-0.778,0.0,12.8
1783973014.436,1282,7.621,1.456,-0.333,0.0,14.0
1783973014.536,1283,7.574,-0.954,0.132,0.0,14.4
1783973014.536,1283,7.449,1.67,-0.143,0.0,14.4
1783973014.536,1283,7.552,1.952,0.383,0.0,13.4
1783973014.687,1284,7.567,-0.954,0.35,0.0,14.6
1783973014.687,1284,7.393,1.909,-0.011,0.0,14.6
1783973014.687,1284,7.628,1.456,-0.055,0.0,14.9
1783973014.737,1285,7.574,-0.954,0.147,0.0,13.6
1783973014.737,1285,6.98,1.909,2.436,0.0,13.6
1783973014.737,1285,7.61,1.456,-0.531,0.0,13.8
1783973014.838,1286,7.575,-0.954,-0.043,0.0,14.3
1783973014.838,1286,6.747,1.909,3.022,0.0,14.3
1783973014.838,1286,7.561,1.952,0.122,0.0,12.8
1783973014.938,1287,7.564,-0.954,0.413,0.0,15.6
1783973014.938,1287,7.387,1.909,-0.278,0.0,15.6
1783973014.938,1287,7.645,1.213,-0.619,0.0,14.8
1783973015.04,1288,7.586,-0.716,0.484,0.0,16.1
1783973015.04,1288,7.532,-1.193,0.366,0.0,16.1
1783973015.04,1288,7.595,1.456,-0.705,0.0,14.2
1783973015.14,1289,7.548,-0.954,0.637,0.0,14.0
1783973015.14,1289,7.389,1.909,-0.244,0.0,14.0
1783973015.14,1289,7.715,0.728,-0.515,0.0,13.8
1783973015.241,1290,7.564,-0.954,0.402,0.0,15.0
1783973015.241,1290,7.402,1.67,-0.845,0.0,15.0
1783973015.241,1290,7.662,1.464,0.368,0.0,13.3
1783973015.359,1291,7.575,-0.954,0.022,0.0,14.2
1783973015.359,1291,6.984,1.67,2.594,0.0,14.2
1783973015.359,1291,7.535,1.456,-1.192,0.0,13.4
1783973015.46,1292,7.575,-0.954,-0.055,0.0,15.6
1783973015.46,1292,6.713,1.909,3.097,0.0,15.6
1783973015.46,1292,7.632,0.971,-1.055,0.0,13.8
1783973015.56,1293,7.531,-0.949,0.096,0.0,16.9
1783973015.56,1293,7.615,1.708,0.28,0.0,11.5
1783973015.674,1294,7.556,-0.712,0.184,0.0,16.3
1783973015.674,1294,7.618,1.456,-0.39,0.0,15.4
1783973015.774,1295,7.53,-0.949,0.171,0.0,17.2
1783973015.774,1295,7.567,1.699,-0.412,0.0,15.2
1783973015.889,1296,7.387,1.909,0.278,0.0,16.6
1783973015.889,1296,7.575,-0.954,-0.081,0.0,16.6
1783973015.889,1296,7.6,1.456,-0.651,0.0,14.9
1783973015.94,1297,7.565,-0.954,-0.388,0.0,16.4
1783973015.94,1297,7.284,1.67,1.566,0.0,16.4
1783973015.94,1297,7.574,1.456,-0.911,0.0,14.8
1783973016.06,1298,7.574,-0.954,0.113,0.0,16.1
1783973016.06,1298,7.306,1.909,1.127,0.0,16.1
1783973016.06,1298,7.63,0.971,-1.071,0.0,14.7
1783973016.161,1299,7.571,-0.954,-0.261,0.0,15.8
1783973016.161,1299,6.875,1.909,2.717,0.0,15.8
1783973016.161,1299,7.519,1.456,-1.286,0.0,15.9
1783973016.272,1300,7.601,-0.716,0.082,0.0,15.9
1783973016.272,1300,6.371,1.909,3.749,0.0,15.9
1783973016.272,1300,7.496,1.456,-1.415,0.0,15.5
1783973016.373,1301,7.464,-0.704,0.327,0.0,12.3
1783973016.373,1301,7.555,-0.712,0.224,0.0,17.3
1783973016.474,1302,7.531,-0.949,0.118,0.0,14.3
1783973016.474,1302,7.512,1.464,-1.556,0.0,11.3
1783973016.575,1303,7.518,-0.949,0.45,0.0,14.3
1783973016.575,1303,7.453,1.464,-1.816,0.0,12.6
1783973016.575,1303,7.357,-0.976,2.432,0.0,12.6
1783973016.678,1304,0.568,-0.957,-0.386,0.0,11.5
1783973016.678,1304,1.089,0.405,-0.193,0.0,11.5
1783973016.678,1304,7.5,-1.432,-0.012,0.0,12.7
1783973016.678,1304,7.498,1.456,-1.401,0.0,15.4
1783973016.78,1305,7.537,-1.193,0.25,0.0,14.6
1783973016.78,1305,7.66,0.971,-0.832,0.0,13.9
1783973016.831,1306,7.564,-0.954,0.406,0.0,15.4
1783973016.831,1306,7.507,1.456,-1.353,0.0,14.5
1783973016.831,1306,7.131,-1.456,2.708,0.0,14.5
1783973016.982,1307,7.523,-0.949,0.363,0.0,16.1
1783973016.982,1307,7.623,1.456,-0.293,0.0,15.3
1783973017.083,1308,7.541,-0.954,0.718,0.0,13.4
1783973017.083,1308,7.515,1.699,-0.976,0.0,14.9
1783973017.134,1309,7.591,-0.716,0.402,0.0,16.2
1783973017.134,1309,7.599,1.708,-0.572,0.0,12.3
1783973017.235,1310,0.702,-0.92,-0.218,0.0,12.0
1783973017.235,1310,7.532,-0.949,0.035,0.0,14.4
1783973017.235,1310,6.574,1.898,3.287,0.0,14.4
1783973017.235,1310,7.398,1.699,-1.64,0.0,13.8
1783973017.235,1310,7.188,-1.213,2.678,0.0,13.8
1783973017.385,1311,7.575,-0.954,-0.02,0.0,13.5
1783973017.385,1311,7.493,1.456,-1.429,0.0,12.9
1783973017.436,1312,7.575,-0.954,-0.085,0.0,15.6
1783973017.436,1312,6.42,1.909,3.666,0.0,15.6
1783973017.436,1312,7.354,1.456,-2.028,0.0,13.7
1783973017.436,1312,6.979,-1.456,3.08,0.0,13.7
1783973017.537,1313,7.574,-0.954,0.153,0.0,16.3
1783973017.537,1313,6.427,1.909,3.653,0.0,16.3
1783973017.537,1313,7.329,1.213,-2.262,0.0,12.7
1783973017.537,1313,7.414,-1.456,1.793,0.0,12.7
1783973017.537,1313,8.459,0.264,0.149,0.0,11.4
1783973017.537,1313,7.405,-2.645,-3.132,0.0,11.4
1783973017.688,1314,7.532,-0.949,-0.035,0.0,15.5
1783973017.688,1314,6.539,1.898,3.358,0.0,15.5
1783973017.688,1314,7.528,1.456,-1.231,0.0,13.9
1783973017.688,1314,7.568,-1.213,1.249,0.0,13.9
1783973017.739,1315,7.374,-0.704,1.201,0.0,13.1
1783973017.739,1315,7.362,-1.173,0.859,0.0,13.1
1783973017.739,1315,7.541,-1.193,-0.054,0.0,13.6
1783973017.739,1315,7.135,2.147,1.664,0.0,13.6
1783973017.739,1315,7.618,1.456,-0.384,0.0,13.4
1783973017.84,1316,7.526,-1.193,0.477,0.0,15.5
1783973017.84,1316,7.128,2.147,1.694,0.0,15.5
1783973017.84,1316,7.625,1.456,-0.218,0.0,15.0
1783973017.941,1317,7.571,-0.954,0.264,0.0,13.0
1783973017.941,1317,6.994,2.147,2.183,0.0,13.0
1783973017.941,1317,7.388,1.213,-2.064,0.0,12.5
1783973018.042,1318,7.575,-0.954,0.065,0.0,15.8
1783973018.042,1318,6.758,1.67,3.136,0.0,15.8
1783973018.042,1318,7.525,0.971,-1.657,0.0,13.3
1783973018.142,1319,7.575,-0.954,0.096,0.0,17.1
1783973018.142,1319,7.581,1.213,-1.168,0.0,13.3
1783973018.245,1320,0.599,-0.886,-0.377,0.0,11.5
1783973018.245,1320,0.774,0.674,0.483,0.0,11.5
1783973018.245,1320,7.568,-0.954,-0.332,0.0,14.5
1783973018.245,1320,6.915,1.909,2.615,0.0,14.5
1783973018.345,1321,7.574,-0.954,-0.113,0.0,14.9
1783973018.345,1321,6.976,1.909,2.445,0.0,14.9
1783973018.345,1321,7.412,-0.724,2.041,0.0,11.7
1783973018.447,1322,7.598,-0.716,-0.214,0.0,15.8
1783973018.447,1322,7.012,1.909,2.341,0.0,15.8
1783973018.548,1323,7.567,-0.954,0.346,0.0,16.8
1783973018.548,1323,7.0,1.909,2.378,0.0,16.8
1783973018.548,1323,6.976,1.456,-3.086,0.0,12.8
1783973018.548,1323,7.321,-1.213,2.288,0.0,12.8
1783973018.65,1324,7.367,-0.938,1.077,0.0,11.9
1783973018.65,1324,7.22,2.147,1.248,0.0,13.4
1783973018.65,1324,7.541,-1.193,0.059,0.0,13.4
1783973018.65,1324,7.584,1.456,-0.82,0.0,13.5
1783973018.751,1325,7.358,-0.938,1.139,0.0,12.3
1783973018.751,1325,7.031,2.345,-1.176,0.0,12.3
1783973018.751,1325,7.575,-0.954,0.06,0.0,15.7
1783973018.751,1325,7.106,1.67,2.237,0.0,15.7
1783973018.751,1325,7.406,1.456,-1.83,0.0,13.8
1783973018.751,1325,7.138,-1.213,2.808,0.0,13.8
1783973018.853,1326,7.319,-0.938,1.365,0.0,12.2
1783973018.853,1326,6.986,1.876,-1.995,0.0,12.2
1783973018.853,1326,7.575,-0.954,-0.071,0.0,14.3
1783973018.853,1326,7.106,2.147,1.787,0.0,14.3
1783973018.853,1326,6.845,1.699,-3.251,0.0,11.6
1783973018.853,1326,7.296,-0.971,2.476,0.0,11.6
1783973018.953,1327,7.417,-0.938,0.643,0.0,11.5
1783973018.953,1327,7.554,-0.712,0.236,0.0,14.4
1783973018.953,1327,6.976,2.372,1.827,0.0,14.4
1783973018.953,1327,7.642,-0.724,0.841,0.0,13.5
1783973018.953,1327,7.411,2.172,-0.03,0.0,13.5
1783973019.054,1328,0.581,-0.92,-0.451,0.0,11.4
1783973019.054,1328,1.065,0.405,-0.301,0.0,11.4
1783973019.054,1328,7.293,-1.173,1.321,0.0,11.4
1783973019.054,1328,7.204,1.876,-0.943,0.0,11.4
1783973019.155,1329,7.571,-0.954,-0.258,0.0,16.3
1783973019.155,1329,6.791,1.909,2.922,0.0,16.3
1783973019.155,1329,7.106,1.456,-2.774,0.0,12.7
1783973019.155,1329,7.324,-1.213,2.28,0.0,12.7
1783973019.257,1330,7.567,-0.954,0.348,0.0,16.7
1783973019.257,1330,7.428,-1.213,1.912,0.0,11.8
1783973019.357,1331,0.544,-0.92,-0.495,0.0,11.7
1783973019.357,1331,1.109,0.368,-0.147,0.0,11.7
1783973019.357,1331,7.396,-0.938,0.852,0.0,12.2
1783973019.357,1331,7.238,1.876,-0.636,0.0,12.2
1783973019.357,1331,7.601,-0.716,0.09,0.0,14.3
1783973019.357,1331,6.807,1.67,3.027,0.0,14.3
1783973019.357,1331,7.614,-0.965,0.85,0.0,11.3
1783973019.459,1332,7.6,-0.716,0.147,0.0,16.8
1783973019.459,1332,6.647,1.909,3.236,0.0,16.8
1783973019.459,1332,7.649,-0.965,0.438,0.0,13.3
1783973019.459,1332,7.512,1.689,-0.595,0.0,13.3
1783973019.459,1332,1.157,-0.45,-0.414,-0.162,13.6
1783973019.56,1333,7.357,-0.704,1.303,0.0,12.8
1783973019.56,1333,7.152,2.111,-0.842,0.0,12.8
1783973019.661,1334,0.656,-0.851,-0.363,0.0,11.7
1783973019.661,1334,0.747,0.674,0.525,0.0,11.7
1783973019.661,1334,7.599,-0.716,0.176,0.0,14.4
1783973019.661,1334,1.202,0.368,0.364,-0.162,12.0
1783973019.762,1335,0.616,-0.886,-0.349,0.0,11.6
1783973019.762,1335,0.725,0.674,0.555,0.0,11.6
1783973019.762,1335,7.46,-0.704,0.41,0.0,11.2
1783973019.762,1335,7.32,1.642,-0.186,0.0,11.2
1783973019.762,1335,7.594,-0.716,0.332,0.0,14.8
1783973019.762,1335,7.465,1.456,-1.568,0.0,13.6
1783973019.762,1335,6.769,-1.456,3.516,0.0,13.6
1783973019.762,1335,1.164,-0.198,0.455,-0.162,15.4
1783973019.862,1336,0.663,-0.851,-0.352,0.0,11.5
1783973019.862,1336,0.738,0.674,0.538,0.0,11.5
1783973019.862,1336,7.565,-0.954,0.383,0.0,16.8
1783973019.862,1336,7.558,1.213,-1.309,0.0,13.6
1783973019.963,1337,7.415,-0.938,0.673,0.0,12.2
1783973019.963,1337,7.257,1.876,0.35,0.0,12.2
1783973019.963,1337,7.575,-0.954,0.003,0.0,16.9
1783973019.963,1337,6.501,1.909,3.519,0.0,16.9
1783973019.963,1337,7.209,1.456,-2.493,0.0,12.9
1783973019.963,1337,7.152,-1.456,2.652,0.0,12.9
1783973020.063,1338,7.378,-0.938,0.998,0.0,12.1
1783973020.063,1338,7.176,2.111,-0.597,0.0,12.1
1783973020.063,1338,7.575,-0.954,-0.077,0.0,17.4
1783973020.063,1338,6.633,1.909,3.264,0.0,17.4
1783973020.063,1338,7.549,1.952,-0.438,0.0,11.3
1783973020.165,1339,0.615,-0.92,-0.404,0.0,11.3
1783973020.165,1339,1.091,0.405,-0.181,0.0,11.3
1783973020.165,1339,7.595,-0.716,0.308,0.0,17.2
1783973020.165,1339,7.519,1.456,-1.284,0.0,15.0
1783973020.165,1339,1.05,-0.184,0.501,-0.243,14.9
1783973020.165,1339,1.006,0.221,-0.572,-0.243,14.9
1783973020.266,1340,0.595,-0.92,-0.432,0.0,11.5
1783973020.266,1340,7.55,-0.954,0.615,0.0,17.2
1783973020.266,1340,6.829,1.699,-3.284,0.0,13.4
1783973020.266,1340,7.31,-1.213,2.323,0.0,13.4
1783973020.367,1341,7.555,-0.716,0.843,0.0,17.1
1783973020.367,1341,7.435,1.699,-1.465,0.0,14.1
1783973020.468,1342,0.598,-0.886,-0.379,0.0,11.6
1783973020.468,1342,7.57,-0.954,0.269,0.0,15.6
1783973020.57,1343,0.492,-0.818,-0.528,0.0,12.2
1783973020.57,1343,7.542,-0.954,0.709,0.0,15.2
1783973020.57,1343,6.548,1.67,-3.553,0.0,15.2
1783973020.671,1344,7.55,-0.954,0.612,0.0,16.1
1783973020.671,1344,7.542,1.952,-0.544,0.0,11.6
1783973020.785,1345,0.667,-0.886,-0.239,0.0,12.7
1783973020.785,1345,7.531,1.952,-0.681,0.0,14.1
1783973020.835,1346,0.606,-0.886,-0.367,0.0,12.4
1783973020.835,1346,1.049,0.425,0.079,0.0,12.4
1783973020.835,1346,7.527,-0.954,0.854,0.0,16.8
1783973020.835,1346,6.841,1.909,-2.801,0.0,16.8
1783973020.835,1346,7.624,1.456,-0.244,0.0,14.7
1783973021.001,1347,1.059,0.39,-0.115,0.0,12.0
1783973021.001,1347,7.554,-0.954,0.57,0.0,16.3
1783973021.001,1347,7.553,1.952,-0.362,0.0,11.3
1783973021.052,1348,0.331,-0.496,-0.132,0.0,13.9
1783973021.052,1348,7.539,-1.193,0.167,0.0,15.3
1783973021.052,1348,7.576,1.456,-0.888,0.0,14.7
1783973021.159,1349,7.571,-0.954,0.263,0.0,13.1
1783973021.159,1349,7.581,1.213,-1.169,0.0,11.5
1783973021.261,1350,0.488,-0.818,-0.531,0.0,12.0
1783973021.261,1350,1.039,-0.17,0.284,0.0,12.0
1783973021.261,1350,7.545,-0.954,0.68,0.0,16.1
1783973021.261,1350,7.616,0.971,-1.171,0.0,12.7
1783973021.365,1351,0.622,-0.886,-0.338,0.0,12.4
1783973021.365,1351,0.903,0.567,0.387,0.0,12.4
1783973021.365,1351,7.565,-0.954,0.386,0.0,17.7
1783973021.365,1351,7.741,-0.0,-0.618,0.0,14.2
1783973021.466,1352,0.656,-0.886,-0.266,0.0,11.5
1783973021.466,1352,0.774,0.638,0.53,0.0,11.5
1783973021.466,1352,7.546,-0.954,0.663,0.0,15.9
1783973021.466,1352,7.615,0.485,-1.445,0.0,11.7
1783973021.577,1353,0.62,-0.886,-0.341,0.0,11.4
1783973021.577,1353,0.752,0.674,0.517,0.0,11.4
1783973021.577,1353,7.568,-0.954,0.321,0.0,16.3
1783973021.577,1353,7.716,0.485,-0.732,0.0,13.2
1783973021.577,1353,1.163,-0.191,-0.322,0.243,18.1
1783973021.678,1354,0.614,-0.886,-0.354,0.0,11.3
1783973021.678,1354,0.855,0.638,0.386,0.0,11.3
1783973021.678,1354,7.534,-0.954,0.784,0.0,15.2
1783973021.678,1354,7.554,1.952,0.327,0.0,13.5
1783973021.782,1355,0.622,-0.886,-0.338,0.0,11.2
1783973021.782,1355,0.817,0.638,0.46,0.0,11.2
1783973021.782,1355,7.568,-0.954,0.336,0.0,16.3
1783973021.782,1355,7.59,0.728,-1.475,0.0,13.3
1783973021.782,1355,0.865,-0.87,0.31,0.162,13.6
1783973021.883,1356,0.602,-0.886,-0.373,0.0,12.1
1783973021.883,1356,0.754,0.674,0.515,0.0,12.1
1783973021.883,1356,7.551,-0.954,0.608,0.0,16.4
1783973021.883,1356,7.635,0.243,-1.4,0.0,12.1
1783973021.933,1357,0.625,-0.886,-0.332,0.0,11.6
1783973021.933,1357,7.533,-0.954,0.797,0.0,12.5
1783973022.042,1358,0.597,-0.92,-0.43,0.0,11.3
1783973022.042,1358,1.098,0.331,-0.268,0.0,11.3
1783973022.042,1358,7.569,-0.954,0.312,0.0,13.5
1783973022.042,1358,6.532,1.67,3.583,0.0,13.5
1783973022.042,1358,7.595,1.708,-0.62,0.0,12.7
1783973022.042,1358,1.04,-0.405,-0.376,0.162,13.0
1783973022.143,1359,7.556,-0.954,0.544,0.0,16.6
1783973022.143,1359,7.614,0.971,-1.182,0.0,13.4
1783973022.245,1360,7.548,-0.954,0.639,0.0,16.0
1783973022.245,1360,7.689,0.971,-0.502,0.0,13.4
1783973022.346,1361,7.422,-0.704,-0.851,0.0,11.2
1783973022.346,1361,7.081,1.876,1.63,0.0,11.2
1783973022.346,1361,7.545,-0.954,0.676,0.0,14.9
1783973022.346,1361,7.535,1.952,0.636,0.0,12.0
1783973022.446,1362,7.564,-0.954,0.405,0.0,15.6
1783973022.446,1362,7.383,1.67,-1.0,0.0,15.6
1783973022.547,1363,7.57,-0.954,0.268,0.0,15.7
1783973022.547,1363,7.026,1.456,-2.97,0.0,11.6
1783973022.547,1363,7.164,-1.456,2.621,0.0,11.6
1783973022.648,1364,7.57,-0.954,0.288,0.0,15.1
1783973022.648,1364,7.594,0.728,-1.454,0.0,13.5
1783973022.648,1364,7.717,0.243,-0.837,0.0,13.5
1783973022.749,1365,7.541,-1.193,0.096,0.0,12.2
1783973022.749,1365,6.555,1.67,3.541,0.0,12.2
1783973022.85,1366,7.575,-0.954,0.005,0.0,14.9
1783973022.85,1366,6.875,1.67,2.871,0.0,14.9
1783973022.85,1366,7.73,-0.243,-0.71,0.0,12.7
1783973022.951,1367,7.573,-0.954,0.165,0.0,13.8
1783973022.951,1367,7.499,0.243,-2.004,0.0,12.2
1783973022.951,1367,7.317,-1.699,1.97,0.0,12.2
1783973023.053,1368,0.3,-0.515,-0.132,0.0,13.9
1783973023.053,1368,7.567,-0.954,0.345,0.0,15.4
1783973023.053,1368,7.526,0.971,-1.653,0.0,13.1
1783973023.153,1369,7.57,-0.954,0.275,0.0,14.7
1783973023.254,1370,7.575,-0.954,0.022,0.0,14.9
1783973023.254,1370,7.649,-0.0,-1.342,0.0,12.9
1783973023.356,1371,7.573,-0.954,0.198,0.0,15.5
1783973023.356,1371,7.518,-0.0,-1.947,0.0,13.7
1783973023.457,1372,7.1,2.098,0.916,0.0,11.5
1783973023.457,1372,7.534,-1.193,-0.324,0.0,14.2
1783973023.457,1372,6.558,1.67,3.535,0.0,14.2
1783973023.457,1372,7.269,2.44,1.483,0.0,12.8
1783973023.457,1372,7.757,0.488,-0.765,0.0,12.8
1783973023.558,1373,7.532,-1.193,-0.365,0.0,15.3
1783973023.558,1373,7.155,1.456,-2.645,0.0,13.2
1783973023.558,1373,6.937,-1.213,3.273,0.0,13.2
1783973023.66,1374,7.539,-1.193,-0.179,0.0,13.8
1783973023.66,1374,7.209,1.456,-2.494,0.0,12.4
1783973023.66,1374,7.006,-1.213,3.123,0.0,12.4
1783973023.76,1375,7.422,-0.938,0.594,0.0,12.5
1783973023.76,1375,7.528,-1.193,0.442,0.0,15.0
1783973023.76,1375,7.418,1.708,-1.745,0.0,12.3
1783973023.76,1375,7.249,-0.976,2.736,0.0,12.3
1783973023.861,1376,7.53,-0.949,0.17,0.0,14.4
1783973023.861,1376,7.488,1.708,-1.416,0.0,12.3
1783973023.861,1376,7.374,-0.976,2.378,0.0,12.3
1783973023.961,1377,7.54,-1.193,-0.15,0.0,13.0
1783973023.961,1377,6.688,1.67,3.282,0.0,13.0
1783973023.961,1377,7.635,0.976,-1.322,0.0,11.4
1783973023.961,1377,7.271,-1.464,2.446,0.0,11.4
1783973024.063,1378,7.575,-0.954,-0.084,0.0,14.7
1783973024.063,1378,7.479,1.213,-1.705,0.0,14.5
1783973024.163,1379,7.574,-0.954,0.134,0.0,15.4
1783973024.163,1379,7.381,1.456,-1.924,0.0,12.8
1783973024.264,1380,7.574,-0.954,0.108,0.0,16.1
1783973024.264,1380,7.52,1.213,-1.513,0.0,13.0
1783973024.365,1381,7.601,-0.716,-0.045,0.0,15.3
1783973024.365,1381,7.407,1.456,-1.826,0.0,12.7
1783973024.365,1381,6.831,-1.213,3.489,0.0,12.7
1783973024.466,1382,7.598,-0.716,-0.217,0.0,14.7
1783973024.466,1382,6.662,1.909,3.204,0.0,14.7
1783973024.466,1382,7.517,1.456,-1.297,0.0,13.1
1783973024.567,1383,7.575,-0.954,-0.067,0.0,14.9
1783973024.567,1383,6.526,1.909,3.473,0.0,14.9
1783973024.567,1383,7.433,1.699,-1.473,0.0,13.1
1783973024.567,1383,7.083,-1.213,2.944,0.0,13.1
1783973024.667,1384,0.586,-0.886,-0.398,0.0,12.3
1783973024.667,1384,7.57,-0.954,0.28,0.0,15.0
1783973024.667,1384,7.605,1.213,-1.004,0.0,12.4
1783973024.768,1385,7.488,-0.469,-0.166,0.0,12.2
1783973024.768,1385,7.11,1.642,1.753,0.0,12.2
1783973024.768,1385,7.559,-0.954,0.498,0.0,15.4
1783973024.768,1385,6.992,1.67,-2.572,0.0,15.4
1783973024.868,1386,0.569,-0.957,-0.384,0.0,12.0
1783973024.868,1386,7.444,-0.938,0.116,0.0,12.6
1783973024.868,1386,6.848,1.876,2.428,0.0,12.6
1783973024.868,1386,7.558,-0.954,0.503,0.0,13.3
1783973024.969,1387,0.591,-0.92,-0.438,0.0,12.5
1783973024.969,1387,7.563,-0.954,0.436,0.0,15.2
1783973024.969,1387,6.684,1.67,-3.291,0.0,15.2
1783973025.07,1388,7.445,-0.938,0.045,0.0,12.4
1783973025.07,1388,7.096,2.111,1.228,0.0,12.4
1783973025.07,1388,7.541,-1.193,-0.019,0.0,15.9
1783973025.171,1389,7.575,-0.954,0.022,0.0,15.0
1783973025.272,1390,7.57,-0.954,0.276,0.0,14.7
1783973025.272,1390,7.582,1.456,-0.837,0.0,14.4
1783973025.373,1391,0.597,-0.886,-0.381,0.0,12.0
1783973025.373,1391,1.05,0.425,0.053,0.0,12.0
1783973025.373,1391,7.568,-0.954,0.318,0.0,14.2
1783973025.373,1391,7.524,1.456,-1.257,0.0,12.7
1783973025.474,1392,7.571,-0.954,0.26,0.0,13.9
1783973025.474,1392,7.554,1.952,0.332,0.0,12.3
1783973025.575,1393,7.536,-1.193,0.274,0.0,15.4
1783973025.575,1393,7.561,1.952,-0.088,0.0,11.8
1783973025.682,1394,7.571,-0.954,0.265,0.0,15.5
1783973025.787,1395,7.574,-0.954,0.123,0.0,15.5
1783973025.787,1395,7.561,1.952,0.082,0.0,11.9
1783973025.838,1396,7.575,-0.954,-0.019,0.0,15.7
1783973025.838,1396,7.553,1.952,0.358,0.0,12.6
1783973025.938,1397,7.504,-0.949,0.645,0.0,16.8
1783973025.938,1397,7.551,1.952,0.392,0.0,11.6
1783973025.938,1397,1.211,0.153,0.057,-0.162,12.9
1783973026.04,1398,7.116,2.098,0.788,0.0,11.3
1783973026.04,1398,7.427,-0.699,-0.051,0.0,11.3
1783973026.04,1398,7.52,-0.949,0.42,0.0,18.1
1783973026.04,1398,7.387,1.699,-1.689,0.0,12.7
1783973026.04,1398,7.108,-1.213,2.883,0.0,12.7
1783973026.142,1399,7.574,-0.954,-0.098,0.0,15.6
1783973026.142,1399,6.65,1.193,3.556,0.0,15.6
1783973026.142,1399,7.51,1.213,-1.559,0.0,14.0
1783973026.142,1399,7.079,-1.699,2.705,0.0,14.0
1783973026.252,1400,0.627,-0.886,-0.329,0.0,11.2
1783973026.252,1400,0.724,0.674,0.556,0.0,11.2
1783973026.252,1400,7.541,-1.193,0.003,0.0,15.8
1783973026.252,1400,7.62,1.708,0.021,0.0,12.2
1783973026.354,1401,0.609,-0.92,-0.412,0.0,11.4
1783973026.354,1401,1.084,0.405,-0.221,0.0,11.4
1783973026.354,1401,7.575,-0.954,-0.089,0.0,16.0
1783973026.354,1401,7.632,-0.244,-1.639,0.0,12.4
1783973026.354,1401,7.52,1.952,0.794,0.0,12.4
1783973026.454,1402,0.598,-0.92,-0.428,0.0,11.6
1783973026.454,1402,7.57,-0.954,-0.291,0.0,14.2
1783973026.454,1402,6.562,1.67,3.528,0.0,14.2
1783973026.561,1403,0.602,-0.886,-0.373,0.0,11.7
1783973026.561,1403,0.758,0.674,0.508,0.0,11.7
1783973026.561,1403,7.572,-0.954,-0.209,0.0,14.1
1783973026.561,1403,6.526,1.67,3.594,0.0,14.1
1783973026.662,1404,7.573,-0.954,-0.198,0.0,13.9
1783973026.662,1404,6.89,1.909,2.68,0.0,13.9
1783973026.772,1405,7.537,-1.193,-0.246,0.0,14.3
1783973026.772,1405,7.037,1.67,2.447,0.0,14.3
1783973026.772,1405,7.304,-0.244,-2.752,0.0,11.5
1783973026.772,1405,7.464,1.952,1.213,0.0,11.5
1783973026.772,1405,0.796,-0.596,0.135,-0.081,11.2
1783973026.772,1405,0.898,-0.282,0.349,-0.081,11.2
1783973026.88,1406,0.563,-0.886,-0.429,0.0,12.1
1783973026.88,1406,0.781,0.638,0.52,0.0,12.1
1783973026.88,1406,7.575,-0.954,-0.038,0.0,16.9
1783973026.88,1406,6.552,1.67,3.546,0.0,16.9
1783973026.88,1406,0.958,-0.393,-0.155,-0.081,11.6
1783973026.981,1407,7.565,-0.954,-0.394,0.0,13.8
1783973026.981,1407,6.951,1.909,2.517,0.0,13.8
1783973026.981,1407,7.585,0.243,-1.647,0.0,13.8
1783973027.032,1408,7.574,-0.954,-0.121,0.0,14.0
1783973027.032,1408,6.721,1.67,3.214,0.0,14.0
1783973027.032,1408,7.685,-0.0,-1.388,0.0,12.2
1783973027.032,1408,7.126,2.44,2.063,0.0,12.2
1783973027.134,1409,0.673,-0.886,-0.22,0.0,11.8
1783973027.134,1409,1.045,0.39,-0.207,0.0,11.8
1783973027.134,1409,7.565,-0.954,-0.398,0.0,14.4
1783973027.134,1409,6.811,1.67,3.018,0.0,14.4
1783973027.285,1410,0.515,-0.852,-0.445,0.0,12.3
1783973027.285,1410,0.598,-0.92,-0.428,0.0,12.4
1783973027.285,1410,1.065,0.405,-0.3,0.0,12.4
1783973027.285,1410,7.471,-0.704,-0.075,0.0,12.2
1783973027.285,1410,6.829,1.876,2.481,0.0,12.2
1783973027.285,1410,7.49,-1.186,0.349,0.0,15.6
1783973027.335,1411,1.072,-0.17,-0.111,0.0,11.9
1783973027.335,1411,7.573,-0.954,-0.159,0.0,14.9
1783973027.335,1411,6.889,1.909,2.682,0.0,14.9
1783973027.335,1411,7.515,-0.0,-2.123,0.0,11.7
1783973027.335,1411,7.273,2.44,1.461,0.0,11.7
1783973027.436,1412,7.538,-1.193,-0.204,0.0,17.0
1783973027.436,1412,6.831,1.67,2.973,0.0,17.0
1783973027.436,1412,7.433,-0.724,1.965,0.0,14.5
1783973027.436,1412,6.954,1.931,-2.746,0.0,14.5
1783973027.587,1413,7.567,-0.954,-0.358,0.0,16.7
1783973027.587,1413,6.907,1.909,2.634,0.0,16.7
1783973027.637,1414,7.574,-0.954,-0.156,0.0,15.6
1783973027.637,1414,6.775,1.909,2.958,0.0,15.6
1783973027.738,1415,7.531,-0.949,0.088,0.0,15.8
1783973027.839,1416,7.575,-0.954,-0.068,0.0,15.5
1783973027.839,1416,6.659,1.67,3.34,0.0,15.5
1783973027.94,1417,7.575,-0.954,0.052,0.0,15.4
1783973027.94,1417,6.684,1.909,3.158,0.0,15.4
1783973027.94,1417,1.109,-0.213,0.105,0.162,14.5
1783973028.041,1418,7.575,-0.954,0.065,0.0,18.0
1783973028.041,1418,0.972,0.354,0.465,0.162,13.1
1783973028.041,1418,1.105,-0.106,0.234,0.162,13.1
1783973028.142,1419,0.601,-0.92,-0.424,0.0,11.3
1783973028.142,1419,1.08,0.405,-0.241,0.0,11.3
1783973028.142,1419,7.526,-0.949,0.303,0.0,17.6
1783973028.142,1419,7.733,-0.244,-1.065,0.0,12.0
1783973028.142,1419,7.069,2.44,2.248,0.0,12.0
1783973028.142,1419,1.046,0.229,0.588,0.162,13.7
1783973028.243,1420,0.578,-0.92,-0.455,0.0,11.4
1783973028.243,1420,1.07,0.405,-0.28,0.0,11.4
1783973028.243,1420,7.574,-0.954,-0.115,0.0,15.0
1783973028.243,1420,7.221,2.44,1.7,0.0,12.1
1783973028.243,1420,7.774,0.488,-0.564,0.0,12.1
1783973028.344,1421,7.574,-0.954,-0.135,0.0,14.7
1783973028.344,1421,7.4,-0.724,2.085,0.0,13.9
1783973028.344,1421,6.916,1.931,-2.843,0.0,13.9
1783973028.344,1421,7.697,0.976,-0.893,0.0,11.8
1783973028.344,1421,7.052,-1.708,2.887,0.0,11.8
1783973028.444,1422,7.572,-0.954,-0.215,0.0,15.8
1783973028.444,1422,6.591,1.67,3.473,0.0,15.8
1783973028.444,1422,7.718,0.976,-0.69,0.0,11.3
1783973028.444,1422,7.504,-1.22,1.784,0.0,11.3
1783973028.444,1422,0.87,-0.674,0.276,0.162,14.2
1783973028.545,1423,0.57,-0.92,-0.465,0.0,11.6
1783973028.545,1423,7.568,-0.954,-0.335,0.0,14.2
1783973028.545,1423,6.715,1.67,3.227,0.0,14.2
1783973028.545,1423,7.591,-0.0,-1.836,0.0,11.7
1783973028.545,1423,7.271,2.196,1.816,0.0,11.7
1783973028.645,1424,0.691,-0.851,-0.293,0.0,12.3
1783973028.645,1424,0.813,0.638,0.468,0.0,12.3
1783973028.645,1424,7.427,-0.699,-0.047,0.0,11.3
1783973028.645,1424,6.931,2.331,1.477,0.0,11.3
1783973028.645,1424,7.575,-0.954,0.073,0.0,16.5
1783973028.746,1425,7.575,-0.954,0.06,0.0,15.8
1783973028.746,1425,0.942,-0.589,0.391,0.081,14.4
1783973028.847,1426,7.43,-0.938,0.474,0.0,12.2
1783973028.847,1426,7.57,-0.954,0.283,0.0,17.4
1783973028.847,1426,7.585,1.456,-0.813,0.0,12.0
1783973028.847,1426,0.94,-0.626,0.335,0.162,14.6
1783973028.948,1427,0.642,-0.886,-0.299,0.0,12.2
1783973028.948,1427,0.781,0.674,0.472,0.0,12.2
1783973028.948,1427,7.601,-0.716,0.039,0.0,16.1
1783973029.049,1428,7.57,-0.954,0.291,0.0,15.7
1783973029.049,1428,7.672,-0.0,-1.46,0.0,11.6
1783973029.049,1428,7.326,2.196,1.577,0.0,11.6
1783973029.15,1429,0.58,-0.92,-0.452,0.0,11.3
1783973029.15,1429,1.075,0.405,-0.26,0.0,11.3
1783973029.15,1429,7.569,-0.954,0.316,0.0,16.6
1783973029.15,1429,7.748,0.488,-0.849,0.0,11.7
1783973029.15,1429,7.312,2.44,1.254,0.0,11.7
1783973029.25,1430,7.469,-0.704,-0.194,0.0,11.5
1783973029.25,1430,7.572,-0.954,0.204,0.0,17.1
1783973029.25,1430,7.738,-0.0,-1.051,0.0,12.0
1783973029.351,1431,0.567,-0.92,-0.469,0.0,11.6
1783973029.351,1431,1.087,0.368,-0.265,0.0,11.6
1783973029.351,1431,7.575,-0.954,0.066,0.0,13.9
1783973029.351,1431,7.767,0.488,-0.646,0.0,11.8
1783973029.452,1432,7.574,-0.954,0.157,0.0,16.5
1783973029.452,1432,7.676,0.976,-1.059,0.0,11.4
1783973029.452,1432,0.909,-0.345,0.25,-0.081,12.1
1783973029.452,1432,0.722,0.564,0.409,-0.081,12.1
1783973029.552,1433,0.589,-0.886,-0.393,0.0,11.6
1783973029.552,1433,0.859,0.638,0.376,0.0,11.6
1783973029.552,1433,7.44,-0.938,0.285,0.0,12.3
1783973029.552,1433,7.575,-0.954,0.072,0.0,17.5
1783973029.552,1433,0.888,-0.314,-0.345,-0.325,18.2
1783973029.552,1433,0.908,-0.3,0.083,-0.081,12.0
1783973029.653,1434,7.575,-0.954,0.024,0.0,16.3
1783973029.653,1434,7.684,1.22,-0.676,0.0,12.1
1783973029.754,1435,7.575,-0.954,-0.012,0.0,17.2
1783973029.754,1435,7.669,0.732,-1.281,0.0,12.6
1783973029.855,1436,7.574,-0.954,0.12,0.0,16.8
1783973029.855,1436,7.573,-0.0,-1.722,0.0,12.6
1783973029.956,1437,7.574,-0.954,0.127,0.0,17.6
1783973029.956,1437,7.557,1.952,0.266,0.0,11.4
1783973030.056,1438,0.937,0.477,-0.29,0.0,12.0
1783973030.056,1438,7.574,-0.954,0.115,0.0,16.2
1783973030.056,1438,7.603,1.708,-0.513,0.0,11.9
1783973030.157,1439,0.59,-0.957,-0.351,0.0,11.4
1783973030.157,1439,1.095,0.368,-0.232,0.0,11.4
1783973030.157,1439,7.575,-0.954,-0.04,0.0,16.4
1783973030.157,1439,7.706,0.976,-0.809,0.0,11.3
1783973030.157,1439,0.687,-0.573,0.198,0.081,11.6
1783973030.259,1440,0.609,-0.886,-0.361,0.0,11.9
1783973030.259,1440,1.036,0.461,-0.036,0.0,11.9
1783973030.259,1440,7.575,-0.954,0.047,0.0,17.0
1783973030.36,1441,0.65,-0.886,-0.281,0.0,11.4
1783973030.36,1441,0.98,0.496,0.283,0.0,11.4
1783973030.36,1441,7.574,-0.954,-0.133,0.0,17.0
1783973030.36,1441,6.387,1.909,3.722,0.0,17.0
1783973030.36,1441,7.81,-0.0,0.011,0.0,12.4
1783973030.461,1442,7.573,-0.954,0.163,0.0,16.3
1783973030.563,1443,7.575,-0.954,0.085,0.0,15.5
1783973030.563,1443,7.711,0.732,-0.999,0.0,11.7
1783973030.563,1443,0.588,-0.72,0.239,0.081,12.5
1783973030.664,1444,7.427,-0.699,-0.079,0.0,12.2
1783973030.664,1444,6.979,1.865,1.865,0.0,12.2
1783973030.664,1444,7.57,-0.954,0.288,0.0,16.5
1783973030.664,1444,7.427,1.456,-1.742,0.0,14.1
1783973030.766,1445,0.584,-0.92,-0.446,0.0,11.4
1783973030.766,1445,1.093,0.405,-0.173,0.0,11.4
1783973030.766,1445,7.572,-0.954,0.235,0.0,16.1
1783973030.766,1445,0.863,-0.286,-0.115,-0.406,18.0
1783973030.766,1445,0.807,-0.42,0.305,-0.325,17.0
1783973030.868,1446,7.575,-0.954,0.076,0.0,17.0
1783973030.868,1446,7.609,0.976,-1.462,0.0,12.3
1783973030.868,1446,0.73,-0.372,0.41,-0.487,15.9
1783973030.969,1447,0.627,-0.886,-0.33,0.0,11.6
1783973030.969,1447,0.744,0.674,0.529,0.0,11.6
1783973030.969,1447,7.575,-0.954,-0.007,0.0,16.1
1783973030.969,1447,7.627,1.22,-1.151,0.0,12.6
1783973030.969,1447,7.657,-0.732,1.347,0.0,12.6
1783973031.07,1448,0.618,-0.886,-0.346,0.0,11.5
1783973031.07,1448,7.541,-0.954,-0.721,0.0,13.1
1783973031.07,1448,7.17,1.432,2.2,0.0,13.1
1783973031.07,1448,7.645,1.22,-1.029,0.0,12.6
1783973031.07,1448,0.754,0.311,0.146,0.487,18.3
1783973031.172,1449,7.427,-0.938,0.517,0.0,11.4
1783973031.172,1449,7.571,-0.954,0.255,0.0,14.9
1783973031.172,1449,7.557,1.708,-0.978,0.0,12.1
1783973031.172,1449,6.728,-1.22,3.772,0.0,12.1
1783973031.172,1449,0.637,-0.139,0.354,-0.243,18.7
1783973031.273,1450,7.398,-0.938,0.839,0.0,11.5
1783973031.273,1450,7.2,2.111,-0.152,0.0,11.5
1783973031.273,1450,7.538,-0.712,0.55,0.0,15.3
1783973031.273,1450,7.67,-0.724,0.536,0.0,13.4
1783973031.273,1450,7.611,1.708,-0.368,0.0,11.2
1783973031.373,1451,7.404,-0.938,0.787,0.0,13.2
1783973031.373,1451,7.559,-0.716,0.8,0.0,14.5
1783973031.373,1451,7.634,1.464,-0.757,0.0,12.5
1783973031.373,1451,0.663,-0.218,0.017,0.243,13.9
1783973031.373,1451,0.601,0.262,-0.24,0.243,13.9
1783973031.474,1452,7.57,-0.954,0.281,0.0,17.1
1783973031.474,1452,7.537,1.464,-1.427,0.0,11.9
1783973031.474,1452,6.941,-1.464,3.267,0.0,11.9
1783973031.575,1453,7.591,-0.716,0.392,0.0,14.1
1783973031.575,1453,7.49,1.464,-1.655,0.0,11.6
1783973031.575,1453,7.676,-0.488,1.351,0.0,11.6
1783973031.575,1453,0.788,-0.181,-0.185,0.568,15.9
1783973031.675,1454,7.496,-1.193,-0.825,0.0,11.6
1783973031.675,1454,6.773,1.432,3.22,0.0,11.6
1783973031.675,1454,7.626,-0.732,1.517,0.0,12.3
1783973031.675,1454,7.402,1.464,-2.015,0.0,12.3
1783973031.675,1454,8.447,0.529,-0.014,0.0,11.5
1783973031.675,1454,7.695,-2.645,-2.331,0.0,11.5
1783973031.775,1455,7.571,-0.954,0.251,0.0,14.3
1783973031.775,1455,7.511,1.22,-1.757,0.0,11.6
1783973031.876,1456,0.602,-0.92,-0.422,0.0,11.2
1783973031.876,1456,1.091,0.405,-0.182,0.0,11.2
1783973031.876,1456,7.575,-0.954,0.086,0.0,14.6
1783973031.876,1456,0.959,-0.0,0.045,0.162,14.8
1783973031.876,1456,0.658,0.51,-0.478,0.162,14.8
1783973031.977,1457,7.359,-1.166,0.376,0.0,11.3
1783973031.977,1457,6.945,2.331,1.412,0.0,11.3
1783973031.977,1457,7.56,-0.954,0.475,0.0,17.2
1783973031.977,1457,7.574,1.456,-0.91,0.0,13.5
1783973032.088,1458,7.61,-0.965,0.891,0.0,14.9
1783973032.088,1458,7.646,1.464,-0.617,0.0,11.6
1783973032.139,1459,7.589,-0.716,0.441,0.0,17.3
1783973032.139,1459,0.835,0.27,0.39,-0.162,15.3
1783973032.139,1459,0.726,0.54,-0.321,-0.162,15.3
1783973032.24,1460,7.601,-0.716,0.038,0.0,14.6
1783973032.351,1461,7.573,-0.954,0.194,0.0,16.2
1783973032.451,1462,7.601,-0.716,0.067,0.0,14.0
1783973032.451,1462,7.489,1.213,-1.661,0.0,12.3
1783973032.564,1463,7.402,-0.938,0.799,0.0,13.3
1783973032.564,1463,7.525,-0.954,0.869,0.0,14.8
1783973032.564,1463,7.629,1.464,-0.8,0.0,11.6
1783973032.668,1464,7.528,-0.949,0.241,0.0,13.8
1783973032.77,1465,7.444,-0.704,0.64,0.0,11.9
1783973032.77,1465,7.556,-0.954,0.54,0.0,15.7
1783973032.77,1465,7.331,1.456,-2.107,0.0,13.0
1783973032.77,1465,6.969,-1.456,3.102,0.0,13.0
1783973032.876,1466,7.566,-0.954,0.371,0.0,16.5
1783973032.994,1467,7.362,-1.166,0.321,0.0,11.4
1783973032.994,1467,7.047,2.331,0.75,0.0,11.4
1783973032.994,1467,7.567,-0.954,0.345,0.0,17.3
1783973033.044,1468,0.589,-0.92,-0.44,0.0,11.3
1783973033.044,1468,1.064,0.405,-0.303,0.0,11.3
1783973033.044,1468,7.531,-0.949,0.097,0.0,16.4
1783973033.145,1469,0.606,-0.92,-0.417,0.0,11.4
1783973033.145,1469,1.091,0.405,-0.184,0.0,11.4
1783973033.145,1469,7.456,-0.704,0.475,0.0,12.5
1783973033.145,1469,7.574,-0.954,0.13,0.0,14.6
1783973033.145,1469,7.432,-0.971,2.032,0.0,12.0
1783973033.145,1469,6.574,1.699,-3.769,0.0,12.0
1783973033.248,1470,7.368,-1.166,0.118,0.0,11.7
1783973033.248,1470,6.985,2.565,0.545,0.0,11.7
1783973033.248,1470,6.951,1.456,-3.143,0.0,11.4
1783973033.248,1470,7.25,-1.213,2.504,0.0,11.4
1783973033.364,1471,7.549,-0.712,0.359,0.0,14.7
1783973033.364,1471,7.136,-1.213,2.814,0.0,12.3
1783973033.364,1471,7.069,1.699,-2.73,0.0,12.3
1783973033.466,1472,7.571,-0.954,0.256,0.0,17.0
1783973033.466,1472,7.15,1.456,-2.658,0.0,12.0
1783973033.466,1472,7.342,-1.213,2.221,0.0,12.0
1783973033.573,1473,7.573,-0.954,0.172,0.0,14.7
1783973033.674,1474,7.575,-0.954,-0.029,0.0,15.7
1783973033.775,1475,0.592,-0.92,-0.436,0.0,11.3
1783973033.775,1475,1.086,0.405,-0.208,0.0,11.3
1783973033.775,1475,7.573,-0.954,0.193,0.0,17.2
1783973033.879,1476,7.575,-0.954,0.029,0.0,15.6
1783973033.879,1476,7.361,1.456,-2.002,0.0,11.5
1783973033.879,1476,7.423,-0.971,2.066,0.0,11.5
1783973033.93,1477,0.589,-0.92,-0.44,0.0,11.4
1783973033.93,1477,1.083,0.368,-0.281,0.0,11.4
1783973033.93,1477,7.6,-0.716,-0.126,0.0,14.0
1783973033.93,1477,7.54,1.708,-1.104,0.0,11.6
1783973033.93,1477,7.201,-0.976,2.86,0.0,11.6
1783973034.081,1478,7.515,-0.949,0.504,0.0,18.2
1783973034.081,1478,7.497,-1.213,1.621,0.0,13.5
1783973034.081,1478,7.44,1.213,-1.865,0.0,13.5
1783973034.182,1479,7.536,-0.954,0.765,0.0,16.6
1783973034.232,1480,7.597,-0.724,1.181,0.0,13.7
1783973034.383,1481,7.402,-0.704,-1.013,0.0,11.2
1783973034.383,1481,6.994,1.876,1.968,0.0,11.2
1783973034.383,1481,7.38,-0.954,1.707,0.0,13.0
1783973034.383,1481,7.333,1.909,-0.94,0.0,13.0
1783973034.383,1481,7.596,1.464,-1.068,0.0,11.4
1783973034.484,1482,7.484,-0.954,1.169,0.0,14.6
1783973034.484,1482,7.713,0.728,-0.531,0.0,12.4
1783973034.535,1483,7.508,-0.954,1.009,0.0,14.4
1783973034.635,1484,7.574,-0.954,-0.144,0.0,12.8
1783973034.787,1485,7.491,-1.186,0.332,0.0,13.1
1783973034.839,1486,7.553,-0.954,0.572,0.0,15.0
1783973034.839,1486,7.555,1.952,-0.326,0.0,11.4
1783973034.939,1487,0.583,-0.92,-0.449,0.0,11.7
1783973034.939,1487,1.079,0.405,-0.245,0.0,11.7
1783973034.939,1487,7.485,-1.193,0.916,0.0,12.7
1783973034.939,1487,7.358,1.67,-1.165,0.0,12.7
1783973034.939,1487,7.569,1.456,-0.951,0.0,11.3
1783973035.04,1488,1.079,0.405,-0.246,0.0,11.6
1783973035.04,1488,7.483,-1.193,0.937,0.0,13.2
1783973035.04,1488,7.043,1.67,-2.428,0.0,13.2
1783973035.04,1488,7.514,1.952,-0.844,0.0,13.0
1783973035.141,1489,7.494,-0.954,1.108,0.0,14.4
1783973035.141,1489,7.614,1.708,-0.318,0.0,12.4
1783973035.242,1490,7.477,-1.193,0.986,0.0,14.3
1783973035.342,1491,7.502,-0.954,1.047,0.0,13.7
1783973035.342,1491,7.492,2.196,0.2,0.0,11.2
1783973035.443,1492,7.489,-1.193,0.882,0.0,13.0
1783973035.443,1492,7.053,1.432,-2.551,0.0,13.0
1783973035.546,1493,7.546,-0.954,0.659,0.0,14.3
1783973035.646,1494,7.566,-0.954,0.364,0.0,15.1
1783973035.646,1494,7.49,2.196,-0.253,0.0,11.4
1783973035.747,1495,7.529,-0.949,0.22,0.0,15.6
1783973035.747,1495,7.487,-0.965,1.629,0.0,15.3
1783973035.747,1495,7.494,2.196,0.046,0.0,12.6
1783973035.848,1496,7.521,-0.949,0.399,0.0,15.3
1783973035.848,1496,7.408,1.456,-1.818,0.0,13.3
1783973035.949,1497,7.572,-0.954,0.23,0.0,14.6
1783973035.949,1497,7.707,0.976,-0.796,0.0,11.4
1783973036.049,1498,7.57,-0.954,0.282,0.0,15.2
1783973036.15,1499,7.532,-0.954,0.808,0.0,12.7
1783973036.15,1499,7.371,1.67,-1.08,0.0,12.7
1783973036.251,1500,7.575,-0.954,-0.057,0.0,16.0
1783973036.251,1500,7.34,1.909,0.884,0.0,16.0
1783973036.251,1500,7.553,1.952,0.358,0.0,12.0
1783973036.352,1501,7.567,-0.954,-0.361,0.0,14.8
1783973036.352,1501,7.296,1.909,1.189,0.0,14.8
1783973036.352,1501,7.538,1.456,-1.169,0.0,15.0
1783973036.453,1502,7.574,-0.954,-0.147,0.0,13.7
1783973036.453,1502,6.873,1.67,2.875,0.0,13.7
1783973036.453,1502,7.62,1.708,-0.017,0.0,12.7
1783973036.555,1503,7.574,-0.954,-0.116,0.0,15.9
1783973036.555,1503,6.613,1.909,3.305,0.0,15.9
1783973036.555,1503,7.585,1.213,-1.144,0.0,15.1
1783973036.656,1504,7.574,-0.954,-0.138,0.0,15.9
1783973036.656,1504,6.926,1.909,2.585,0.0,15.9
1783973036.656,1504,7.509,1.456,-1.345,0.0,15.7
1783973036.656,1504,7.009,-1.456,3.01,0.0,15.7
1783973036.757,1505,7.573,-0.954,-0.179,0.0,12.7
1783973036.757,1505,7.245,1.909,1.467,0.0,12.7
1783973036.757,1505,7.584,0.971,-1.359,0.0,11.6
1783973036.857,1506,7.575,-0.954,0.039,0.0,12.6
1783973036.857,1506,7.45,1.67,0.046,0.0,12.6
1783973036.959,1507,7.575,-0.954,0.084,0.0,15.3
1783973036.959,1507,7.744,0.732,-0.693,0.0,11.2
1783973037.059,1508,7.575,-0.954,0.042,0.0,16.4
1783973037.059,1508,7.588,1.464,-1.129,0.0,12.3
1783973037.16,1509,7.344,-0.938,1.226,0.0,11.8
1783973037.16,1509,7.102,1.876,-1.533,0.0,11.8
1783973037.16,1509,7.569,-0.954,0.3,0.0,15.3
1783973037.16,1509,6.706,1.909,3.111,0.0,15.3
1783973037.16,1509,7.557,1.699,-0.561,0.0,14.0
1783973037.266,1510,7.574,-0.954,0.123,0.0,14.6
1783973037.266,1510,6.649,1.909,3.231,0.0,14.6
1783973037.266,1510,7.532,1.708,-1.16,0.0,12.2
1783973037.266,1510,7.104,-0.732,3.16,0.0,12.2
1783973037.367,1511,7.439,-0.704,0.695,0.0,11.9
1783973037.367,1511,7.402,-1.173,0.389,0.0,11.9
1783973037.367,1511,7.571,-0.954,0.252,0.0,16.5
1783973037.476,1512,7.528,-1.193,0.439,0.0,13.0
1783973037.476,1512,7.276,1.67,-1.6,0.0,13.0
1783973037.476,1512,7.608,1.213,-0.975,0.0,14.3
1783973037.576,1513,7.54,-0.954,0.73,0.0,14.6
1783973037.576,1513,7.795,-0.0,-0.472,0.0,12.3
1783973037.677,1514,7.562,-0.954,0.449,0.0,14.1
1783973037.677,1514,6.855,1.67,-2.917,0.0,14.1
1783973037.677,1514,7.809,-0.0,-0.12,0.0,11.6
1783973037.777,1515,7.573,-0.954,0.184,0.0,15.3
1783973037.777,1515,7.394,1.456,-1.875,0.0,11.9
1783973037.777,1515,7.336,-1.456,2.092,0.0,11.9
1783973037.828,1516,7.601,-0.716,0.0,0.0,15.4
1783973037.828,1516,6.511,2.147,3.36,0.0,15.4
1783973037.828,1516,7.42,1.213,-1.944,0.0,13.1
1783973037.828,1516,7.102,-1.213,2.897,0.0,13.1
1783973037.986,1517,7.601,-0.716,0.033,0.0,15.1
1783973037.986,1517,6.514,2.147,3.354,0.0,15.1
1783973037.986,1517,7.584,1.213,-1.151,0.0,12.8
1783973038.087,1518,7.573,-0.954,-0.194,0.0,15.3
1783973038.087,1518,6.844,1.67,2.943,0.0,15.3
1783973038.087,1518,7.574,1.456,-0.906,0.0,14.1
1783973038.137,1519,0.61,-0.92,-0.411,0.0,11.6
1783973038.137,1519,1.082,0.405,-0.229,0.0,11.6
1783973038.137,1519,7.572,-0.954,-0.208,0.0,16.3
1783973038.137,1519,7.188,1.909,1.726,0.0,16.3
1783973038.137,1519,7.576,1.456,-0.887,0.0,15.0
1783973038.241,1520,7.574,-0.954,0.107,0.0,16.3
1783973038.241,1520,7.328,1.909,0.974,0.0,16.3
1783973038.342,1521,7.57,-0.954,0.288,0.0,15.9
1783973038.342,1521,7.377,1.909,0.48,0.0,15.9
1783973038.443,1522,7.599,-0.716,0.2,0.0,17.9
1783973038.443,1522,6.891,1.909,2.675,0.0,17.9
1783973038.544,1523,7.573,-0.954,0.19,0.0,17.2
1783973038.544,1523,6.464,1.909,3.586,0.0,17.2
1783973038.645,1524,7.575,-0.954,0.09,0.0,14.2
1783973038.645,1524,7.55,1.456,-1.09,0.0,12.9
1783973038.645,1524,7.548,-0.971,1.547,0.0,12.9
1783973038.747,1525,7.601,-0.716,0.07,0.0,16.5
1783973038.747,1525,6.386,1.909,3.724,0.0,16.5
1783973038.853,1526,7.575,-0.954,-0.036,0.0,14.4
1783973038.853,1526,6.989,1.909,2.41,0.0,14.4
1783973038.853,1526,7.697,-0.483,-0.393,0.0,12.1
1783973038.955,1527,0.61,-0.92,-0.41,0.0,11.3
1783973038.955,1527,1.088,0.368,-0.26,0.0,11.3
1783973038.955,1527,7.568,-0.954,-0.324,0.0,15.3
1783973038.955,1527,6.913,1.909,2.619,0.0,15.3
1783973039.056,1528,7.408,-0.704,0.966,0.0,11.8
1783973039.056,1528,7.099,2.345,-0.641,0.0,11.8
1783973039.056,1528,7.572,-0.954,-0.233,0.0,15.8
1783973039.056,1528,6.738,1.909,3.042,0.0,15.8
1783973039.157,1529,7.574,-0.954,-0.105,0.0,12.4
1783973039.157,1529,7.369,1.909,0.595,0.0,12.4
1783973039.157,1529,7.548,0.728,-1.678,0.0,12.0
1783973039.257,1530,7.6,-0.716,0.12,0.0,15.0
1783973039.257,1530,6.718,1.909,3.086,0.0,15.0
1783973039.257,1530,7.167,1.456,-2.611,0.0,12.1
1783973039.257,1530,7.545,-1.213,1.384,0.0,12.1
1783973039.358,1531,0.593,-0.92,-0.435,0.0,11.6
1783973039.358,1531,1.044,0.405,-0.367,0.0,11.6
1783973039.358,1531,7.6,-0.716,0.129,0.0,13.7
1783973039.459,1532,7.574,-0.954,0.123,0.0,15.5
1783973039.56,1533,7.575,-0.954,-0.076,0.0,12.9
1783973039.56,1533,7.146,1.909,1.895,0.0,12.9
1783973039.66,1534,7.571,-0.954,-0.236,0.0,14.3
1783973039.66,1534,7.066,1.909,2.172,0.0,14.3
1783973039.66,1534,7.347,1.699,-1.855,0.0,11.9
1783973039.761,1535,7.567,-0.954,0.36,0.0,16.8
1783973039.761,1535,7.345,1.909,-0.839,0.0,16.8
1783973039.863,1536,7.574,-0.954,0.128,0.0,16.3
1783973039.965,1537,7.571,-0.954,0.237,0.0,17.6
1783973039.965,1537,7.202,1.941,-2.161,0.0,13.2
1783973039.965,1537,7.581,-0.728,1.521,0.0,13.2
1783973040.066,1538,7.571,-0.954,-0.238,0.0,15.9
1783973040.066,1538,6.768,1.909,2.975,0.0,15.9
1783973040.066,1538,7.161,1.699,-2.478,0.0,11.5
1783973040.066,1538,7.599,-0.971,1.275,0.0,11.5
1783973040.167,1539,7.59,-0.716,-0.408,0.0,15.2
1783973040.167,1539,6.962,1.909,2.487,0.0,15.2
1783973040.167,1539,7.693,-0.728,0.77,0.0,12.3
1783973040.167,1539,6.676,1.941,-3.46,0.0,12.3
1783973040.268,1540,7.564,-0.954,-0.416,0.0,15.1
1783973040.268,1540,7.001,1.909,2.375,0.0,15.1
1783973040.369,1541,7.574,-0.954,0.116,0.0,13.4
1783973040.369,1541,6.928,1.909,2.58,0.0,13.4
1783973040.469,1542,7.575,-0.954,-0.039,0.0,15.8
1783973040.469,1542,6.66,1.909,3.209,0.0,15.8
1783973040.469,1542,7.705,-0.728,0.64,0.0,12.4
1783973040.57,1543,7.317,-0.699,1.279,0.0,12.2
1783973040.57,1543,7.087,2.331,-0.037,0.0,12.2
1783973040.57,1543,7.58,-0.716,-0.564,0.0,17.0
1783973040.57,1543,6.703,2.147,2.958,0.0,17.0
1783973040.57,1543,7.664,-0.724,0.605,0.0,11.8
1783973040.672,1544,0.621,-0.92,-0.394,0.0,11.4
1783973040.672,1544,7.565,-0.954,0.389,0.0,15.5
1783973040.672,1544,6.956,1.909,2.504,0.0,15.5
1783973040.672,1544,7.73,-0.728,0.143,0.0,12.3
1783973040.772,1545,7.567,-0.954,0.353,0.0,16.5
1783973040.772,1545,7.048,2.386,1.712,0.0,16.5
1783973040.772,1545,7.685,-0.971,0.55,0.0,13.6
1783973040.874,1546,7.198,2.16,1.576,0.0,13.6
1783973040.874,1546,7.596,-0.72,-0.86,0.0,13.6
1783973040.974,1547,7.575,-0.954,-0.098,0.0,14.2
1783973040.974,1547,6.899,1.909,2.657,0.0,14.2
1783973040.974,1547,7.681,-0.724,0.333,0.0,11.5
1783973041.075,1548,7.64,-0.72,0.28,0.0,14.9
1783973041.075,1548,7.327,1.92,1.262,0.0,14.9
1783973041.175,1549,7.117,2.111,1.098,0.0,12.3
1783973041.175,1549,7.435,-0.938,-0.386,0.0,12.3
1783973041.175,1549,7.6,-0.716,0.137,0.0,16.9
1783973041.276,1550,7.433,1.92,-0.163,0.0,14.2
1783973041.276,1550,7.162,-0.96,2.597,0.0,14.2
1783973041.376,1551,7.339,2.16,0.659,0.0,15.5
1783973041.376,1551,7.645,-0.72,-0.036,0.0,15.5
1783973041.477,1552,7.551,-0.72,1.192,0.0,16.5
1783973041.477,1552,7.18,2.16,-1.655,0.0,16.5
1783973041.578,1553,7.399,-0.933,0.221,0.0,12.6
1783973041.578,1553,6.787,1.865,2.473,0.0,12.6
1783973041.578,1553,7.462,-0.949,1.025,0.0,13.5
1783973041.678,1554,0.593,-0.92,-0.435,0.0,11.3
1783973041.678,1554,7.575,-0.954,0.039,0.0,14.4
1783973041.879,1556,7.265,2.147,0.95,0.0,15.0
1783973041.879,1556,7.54,-0.724,1.504,0.0,14.5
1783973041.98,1557,0.609,-0.92,-0.411,0.0,11.2
1783973041.98,1557,1.075,0.405,-0.263,0.0,11.2
1783973041.98,1557,7.472,-0.716,1.395,0.0,14.1
1783973041.98,1557,7.205,-0.488,2.972,0.0,11.5
1783973041.98,1557,7.361,2.44,-0.921,0.0,11.5
1783973042.03,1558,0.598,-0.92,-0.428,0.0,11.9
1783973042.03,1558,1.085,0.405,-0.214,0.0,11.9
1783973042.03,1558,7.478,-0.943,0.39,0.0,15.4
1783973042.181,1559,7.471,-0.704,0.069,0.0,13.0
1783973042.181,1559,6.268,1.876,3.675,0.0,13.0
1783973042.181,1559,7.488,-0.949,0.808,0.0,12.7
1783973042.181,1559,6.739,1.898,-2.935,0.0,12.7
1783973042.181,1559,7.474,1.931,-0.213,0.0,12.0
1783973042.282,1560,7.344,1.92,1.156,0.0,15.2
1783973042.332,1561,7.268,2.16,1.216,0.0,17.2
1783973042.482,1562,7.343,-0.933,0.931,0.0,12.9
1783973042.482,1562,6.976,2.565,0.649,0.0,12.9
1783973042.482,1562,7.074,1.931,2.422,0.0,14.7
1783973042.482,1562,7.685,-0.724,0.219,0.0,14.7
1783973042.583,1563,7.527,-0.949,0.275,0.0,14.8
1783973042.583,1563,7.356,1.931,1.343,0.0,15.8
1783973042.583,1563,7.619,-0.965,-0.807,0.0,15.8
1783973042.634,1564,6.946,2.58,1.186,0.0,12.2
1783973042.634,1564,7.441,-0.938,0.258,0.0,12.2
1783973042.634,1564,7.617,-0.724,1.042,0.0,17.9
1783973042.634,1564,6.808,1.931,-3.092,0.0,17.9
1783973042.734,1565,7.231,1.689,-2.12,0.0,14.1
1783973042.734,1565,7.491,-0.724,1.729,0.0,14.1
1783973042.886,1566,6.783,2.565,1.754,0.0,11.8
1783973042.886,1566,7.369,-0.933,0.698,0.0,11.8
1783973042.886,1566,7.25,1.931,-1.827,0.0,13.7
1783973042.886,1566,7.086,-0.965,2.914,0.0,13.7
1783973042.937,1567,7.39,1.909,-0.196,0.0,16.2
1783973042.937,1567,6.966,-0.716,3.042,0.0,16.2
1783973042.937,1567,7.423,1.689,-1.294,0.0,14.3
1783973042.937,1567,7.166,-0.965,2.711,0.0,14.3
1783973042.937,1567,7.496,-1.22,1.821,0.0,12.2
1783973043.038,1568,7.52,-0.949,0.419,0.0,15.6
1783973043.038,1568,7.086,1.898,-1.954,0.0,15.6
1783973043.14,1569,0.636,-0.886,-0.31,0.0,11.4
1783973043.14,1569,7.327,1.909,0.984,0.0,14.7
1783973043.14,1569,7.456,-0.954,-1.337,0.0,14.7
1783973043.14,1569,7.339,-1.213,2.231,0.0,11.8
1783973043.14,1569,6.661,1.456,-3.718,0.0,11.8
1783973043.24,1570,7.499,-0.949,0.702,0.0,12.9
1783973043.341,1571,7.724,-0.728,0.347,0.0,14.6
1783973043.442,1572,7.129,1.865,1.166,0.0,11.4
1783973043.442,1572,7.405,-0.466,-0.778,0.0,11.4
1783973043.442,1572,7.793,-0.488,0.161,0.0,12.2
1783973043.543,1573,0.602,-0.92,-0.423,0.0,11.8
1783973043.543,1573,1.086,0.405,-0.212,0.0,11.8
1783973043.65,1574,7.443,-0.938,0.183,0.0,12.8
1783973043.65,1574,7.366,-0.954,1.767,0.0,12.2
1783973043.65,1574,7.555,1.456,-1.056,0.0,12.6
1783973043.751,1575,0.59,-0.92,-0.439,0.0,11.8
1783973043.751,1575,1.081,0.405,-0.233,0.0,11.8
1783973043.751,1575,7.439,-0.938,0.299,0.0,12.4
1783973043.751,1575,7.426,-0.954,1.494,0.0,13.8
1783973043.751,1575,7.305,2.147,-0.562,0.0,13.8
1783973043.751,1575,7.592,1.456,-0.742,0.0,13.6
1783973043.851,1576,0.678,-0.851,-0.321,0.0,11.6
1783973043.851,1576,0.757,0.674,0.51,0.0,11.6
1783973043.851,1576,7.574,1.699,0.252,0.0,14.2
1783973043.952,1577,7.503,-0.716,1.221,0.0,17.5
1783973043.952,1577,7.189,1.909,-1.722,0.0,17.5
1783973043.952,1577,7.548,1.699,0.67,0.0,16.8
1783973044.053,1578,7.456,-0.954,1.338,0.0,14.6
1783973044.053,1578,7.268,1.909,-1.35,0.0,14.6
1783973044.053,1578,7.67,1.213,0.106,0.0,15.6
1783973044.154,1579,7.437,-0.954,1.439,0.0,11.7
1783973044.154,1579,7.238,2.386,-0.464,0.0,11.7
1783973044.154,1579,7.703,0.971,0.162,0.0,15.1
1783973044.255,1580,7.704,0.971,-0.127,0.0,15.1
1783973044.356,1581,7.477,-0.954,1.216,0.0,13.5
1783973044.356,1581,7.388,1.909,-0.269,0.0,13.5
1783973044.466,1582,7.565,-0.954,0.397,0.0,14.8
1783973044.466,1582,7.387,1.909,-0.298,0.0,14.8
1783973044.466,1582,7.073,1.699,-2.719,0.0,14.2
1783973044.466,1582,7.389,-0.971,2.185,0.0,14.2
1783973044.567,1583,7.563,-0.954,0.436,0.0,16.2
1783973044.567,1583,7.346,1.909,-0.831,0.0,16.2
1783973044.567,1583,7.535,1.699,-0.808,0.0,16.6
1783973044.669,1584,7.577,-0.716,0.607,0.0,13.3
1783973044.669,1584,6.515,1.909,-3.494,0.0,13.3
1783973044.669,1584,7.578,1.699,-0.049,0.0,16.1
1783973044.77,1585,7.621,1.456,-0.34,0.0,15.2
1783973044.872,1586,7.57,-0.954,-0.284,0.0,13.2
1783973044.872,1586,7.323,1.909,1.011,0.0,13.2
1783973044.872,1586,7.618,1.708,0.207,0.0,12.2
1783973044.872,1586,7.267,-1.22,-2.587,0.0,12.2
1783973044.979,1587,0.605,-0.886,-0.368,0.0,11.7
1783973044.979,1587,0.786,0.638,0.512,0.0,11.7
1783973044.979,1587,7.573,-0.954,0.17,0.0,12.6
1783973044.979,1587,7.711,0.976,-0.76,0.0,11.6
1783973045.03,1588,7.581,-0.716,0.563,0.0,16.9
1783973045.03,1588,7.602,-0.965,0.956,0.0,15.5
1783973045.182,1589,7.53,-0.949,0.169,0.0,14.5
1783973045.182,1589,7.625,1.456,0.232,0.0,13.4
1783973045.182,1589,7.606,-0.728,-1.388,0.0,13.4
1783973045.282,1590,7.534,-0.954,0.784,0.0,15.8
1783973045.282,1590,7.593,1.456,-0.731,0.0,13.8
1783973045.332,1591,7.536,-1.193,0.287,0.0,14.4
1783973045.332,1591,7.58,0.971,-1.385,0.0,12.7
1783973045.434,1592,7.567,1.456,-0.966,0.0,13.2
1783973045.585,1593,7.526,-1.193,0.472,0.0,13.8
1783973045.585,1593,7.37,1.67,-1.091,0.0,13.8
1783973045.585,1593,7.607,1.456,-0.566,0.0,15.7
1783973045.635,1594,7.44,1.67,0.382,0.0,14.6
1783973045.635,1594,7.574,-0.954,-0.106,0.0,14.6
1783973045.736,1595,7.361,-0.704,1.276,0.0,12.7
1783973045.736,1595,7.012,1.876,-1.903,0.0,12.7
1783973045.736,1595,7.592,-0.716,0.375,0.0,16.7
1783973045.736,1595,7.274,1.456,-2.298,0.0,12.3
1783973045.736,1595,6.759,-1.213,3.626,0.0,12.3
1783973045.886,1596,0.603,-0.92,-0.42,0.0,12.6
1783973045.886,1596,1.066,0.405,-0.295,0.0,12.6
1783973045.886,1596,7.528,-0.712,0.677,0.0,14.6
1783973045.886,1596,7.386,1.456,-1.907,0.0,11.4
1783973045.937,1597,0.352,-0.496,-0.057,0.0,12.4
1783973045.937,1597,7.395,-0.938,0.866,0.0,13.5
1783973045.937,1597,7.601,1.456,-0.647,0.0,12.5
1783973045.937,1597,7.183,-0.728,-2.862,0.0,12.5
1783973046.038,1598,7.395,-0.938,0.866,0.0,12.1
1783973046.038,1598,7.324,-0.72,2.19,0.0,12.6
1783973046.038,1598,6.676,2.16,-3.12,0.0,12.6
1783973046.139,1599,7.081,2.331,0.287,0.0,11.7
1783973046.139,1599,7.243,-0.933,1.528,0.0,11.7
1783973046.139,1599,7.596,-0.716,0.289,0.0,16.2
1783973046.139,1599,7.084,1.699,-2.69,0.0,13.7
1783973046.139,1599,7.275,-0.971,2.537,0.0,13.7
1783973046.24,1600,0.352,-0.496,-0.05,0.0,13.0
1783973046.24,1600,7.141,2.111,0.928,0.0,11.6
1783973046.24,1600,7.426,-0.938,0.53,0.0,11.6
1783973046.24,1600,7.573,-0.954,0.172,0.0,16.3
1783973046.24,1600,7.103,1.67,2.249,0.0,16.3
1783973046.24,1600,7.787,-0.0,-0.595,0.0,13.1
1783973046.341,1601,7.555,-0.72,1.169,0.0,14.6
1783973046.341,1601,7.765,-0.0,-0.836,0.0,12.7
1783973046.442,1602,0.314,-0.515,-0.094,0.0,13.5
1783973046.442,1602,7.575,-0.954,-0.05,0.0,13.7
1783973046.442,1602,7.32,2.196,1.607,0.0,12.0
1783973046.442,1602,7.291,-0.488,-2.756,0.0,12.0
1783973046.543,1603,7.553,-0.712,0.27,0.0,16.3
1783973046.543,1603,7.088,-0.965,2.91,0.0,11.9
1783973046.543,1603,7.266,1.689,-1.996,0.0,11.9
1783973046.644,1604,0.346,-0.496,-0.085,0.0,13.0
1783973046.644,1604,7.519,1.941,0.071,0.0,14.5
1783973046.745,1605,0.334,-0.496,-0.123,0.0,12.9
1783973046.745,1605,7.282,-0.72,2.326,0.0,13.9
1783973046.745,1605,7.433,1.92,-0.178,0.0,13.9
1783973046.845,1606,0.475,0.267,0.275,0.0,13.7
1783973046.845,1606,0.597,-0.886,-0.381,0.0,11.2
1783973046.845,1606,7.538,-1.213,1.419,0.0,12.6
1783973046.845,1606,7.52,0.243,-1.924,0.0,12.6
1783973046.946,1607,0.605,-0.886,-0.368,0.0,12.0
1783973046.946,1607,0.746,0.709,0.477,0.0,12.0
1783973046.946,1607,7.551,-0.712,-0.335,0.0,13.0
1783973046.946,1607,6.365,1.898,3.677,0.0,13.0
1783973046.946,1607,0.732,-0.074,0.275,0.162,12.9
1783973046.946,1607,0.444,-0.515,0.392,0.162,12.9
1783973047.048,1608,0.308,-0.515,-0.111,0.0,13.4
1783973047.048,1608,7.594,-0.716,0.328,0.0,13.2
1783973047.048,1608,7.628,1.456,-0.006,0.0,14.6
1783973047.148,1609,0.356,-0.496,-0.008,0.0,12.7
1783973047.148,1609,7.555,-0.954,0.555,0.0,14.1
1783973047.148,1609,7.322,1.909,-1.021,0.0,14.1
1783973047.148,1609,7.635,0.243,-1.398,0.0,13.5
1783973047.249,1610,7.519,-0.239,1.302,0.0,11.8
1783973047.249,1610,7.563,1.456,-0.995,0.0,12.0
1783973047.349,1611,0.653,-0.851,-0.37,0.0,11.7
1783973047.349,1611,1.036,0.461,0.015,0.0,11.7
1783973047.349,1611,7.464,-0.704,0.333,0.0,12.1
1783973047.349,1611,7.186,1.642,-1.407,0.0,12.1
1783973047.349,1611,7.487,-0.716,1.316,0.0,16.3
1783973047.349,1611,8.195,-2.116,-0.103,0.0,11.4
1783973047.349,1611,8.287,1.058,-1.361,0.0,11.4
1783973047.452,1612,0.639,-0.851,-0.393,0.0,12.0
1783973047.452,1612,0.847,0.674,0.34,0.0,12.0
1783973047.452,1612,7.417,-0.704,0.9,0.0,12.8
1783973047.452,1612,6.414,1.876,-3.413,0.0,12.8
1783973047.452,1612,7.489,-0.954,1.137,0.0,15.7
1783973047.452,1612,7.669,1.213,0.156,0.0,12.7
1783973047.452,1612,7.723,0.485,-0.654,0.0,12.7
1783973047.552,1613,0.355,-0.496,-0.028,0.0,13.2
1783973047.552,1613,7.601,-0.716,0.1,0.0,14.5
1783973047.552,1613,6.732,1.909,3.054,0.0,14.5
1783973047.552,1613,7.625,1.456,-0.221,0.0,13.8
1783973047.653,1614,0.64,-0.851,-0.392,0.0,11.7
1783973047.653,1614,0.853,0.674,0.324,0.0,11.7
1783973047.653,1614,7.553,-0.72,1.179,0.0,13.9
1783973047.653,1614,7.625,1.456,0.217,0.0,14.5
1783973047.653,1614,6.823,-0.728,-3.638,0.0,14.5
1783973047.755,1615,0.595,-0.851,-0.457,0.0,11.6
1783973047.755,1615,0.896,0.674,0.172,0.0,11.6
1783973047.755,1615,7.434,-0.708,1.096,0.0,11.8
1783973047.755,1615,7.17,1.887,-1.413,0.0,11.8
1783973047.755,1615,7.486,-1.432,0.455,0.0,11.4
1783973047.755,1615,7.171,2.386,1.088,0.0,11.4
1783973047.755,1615,7.51,1.699,-1.012,0.0,14.2
1783973047.856,1616,0.642,-0.851,-0.389,0.0,11.3
1783973047.856,1616,0.857,0.674,0.313,0.0,11.3
1783973047.856,1616,7.419,-0.954,1.529,0.0,14.8
1783973047.856,1616,7.272,2.147,-0.893,0.0,14.8
1783973047.856,1616,7.626,1.456,-0.185,0.0,12.8
1783973047.956,1617,7.574,-0.954,-0.121,0.0,16.3
1783973047.956,1617,7.382,1.909,0.403,0.0,16.3
1783973047.956,1617,7.567,1.456,-0.961,0.0,12.1
1783973048.058,1618,7.38,-1.173,0.683,0.0,11.6
1783973048.058,1618,7.05,2.345,1.053,0.0,11.6
1783973048.058,1618,7.23,2.386,0.576,0.0,14.1
1783973048.058,1618,7.47,-1.432,0.669,0.0,14.1
1783973048.058,1618,7.623,1.456,-0.28,0.0,14.2
1783973048.158,1619,7.47,-0.954,1.257,0.0,15.1
1783973048.158,1619,7.313,2.147,0.456,0.0,15.1
1783973048.26,1620,0.293,-0.496,-0.202,0.0,14.2
1783973048.26,1620,7.53,-1.193,0.413,0.0,15.9
1783973048.26,1620,7.113,2.386,1.417,0.0,15.9
1783973048.26,1620,7.47,1.699,-1.275,0.0,14.6
1783973048.26,1620,6.817,-0.971,3.591,0.0,14.6
1783973048.36,1621,7.445,-0.938,-0.047,0.0,11.8
1783973048.36,1621,6.914,1.876,2.233,0.0,11.8
1783973048.36,1621,7.515,-0.72,1.404,0.0,14.6
1783973048.36,1621,7.013,1.92,-2.468,0.0,14.6
1783973048.36,1621,7.393,1.456,-1.88,0.0,12.5
1783973048.36,1621,7.388,-1.213,2.063,0.0,12.5
1783973048.461,1622,7.172,2.111,-0.649,0.0,11.4
1783973048.461,1622,7.418,-0.938,0.636,0.0,11.4
1783973048.461,1622,7.393,1.909,-0.02,0.0,13.5
1783973048.461,1622,7.343,-1.193,1.717,0.0,13.5
1783973048.461,1622,7.456,1.941,-0.973,0.0,14.7
1783973048.563,1623,7.413,-0.938,0.696,0.0,13.0
1783973048.563,1623,7.128,2.345,0.047,0.0,13.0
1783973048.563,1623,7.45,1.67,0.061,0.0,16.5
1783973048.563,1623,7.575,-0.954,-0.087,0.0,16.5
1783973048.563,1623,7.537,1.699,-0.781,0.0,15.8
1783973048.663,1624,7.4,-0.938,0.824,0.0,11.8
1783973048.663,1624,6.921,2.345,-1.707,0.0,11.8
1783973048.663,1624,7.223,2.386,0.656,0.0,14.1
1783973048.663,1624,7.317,1.909,1.053,0.0,14.1
1783973048.663,1624,7.564,1.699,-0.464,0.0,15.6
1783973048.764,1625,0.419,0.266,0.274,0.0,13.6
1783973048.764,1625,7.511,-0.954,0.987,0.0,14.4
1783973048.764,1625,7.044,2.625,1.335,0.0,14.4
1783973048.764,1625,7.519,1.699,-0.945,0.0,13.5
1783973048.866,1626,7.51,-0.954,0.993,0.0,16.9
1783973048.866,1626,7.575,1.699,-0.214,0.0,14.5
1783973048.967,1627,7.601,-0.716,-0.013,0.0,18.3
1783973048.967,1627,6.876,1.909,2.715,0.0,18.3
1783973048.967,1627,7.35,0.971,-2.313,0.0,12.4
1783973049.068,1628,7.571,-0.954,-0.265,0.0,14.2
1783973049.068,1628,6.927,1.67,2.742,0.0,14.2
1783973049.068,1628,7.631,0.971,-1.065,0.0,12.0
1783973049.168,1629,0.355,-0.496,-0.024,0.0,13.5
1783973049.168,1629,0.457,0.286,0.287,0.0,13.5
1783973049.168,1629,7.541,-1.193,0.101,0.0,16.8
1783973049.168,1629,7.558,1.456,-1.031,0.0,15.6
1783973049.269,1630,0.356,-0.496,0.017,0.0,13.1
1783973049.269,1630,0.456,0.286,0.288,0.0,13.1
1783973049.269,1630,7.314,-0.938,1.39,0.0,11.9
1783973049.269,1630,6.964,2.111,-1.834,0.0,11.9
1783973049.269,1630,7.57,-0.954,-0.28,0.0,15.8
1783973049.269,1630,6.826,1.67,2.985,0.0,15.8
1783973049.269,1630,7.721,-0.488,1.065,0.0,11.8
1783973049.371,1631,0.353,-0.496,0.045,0.0,13.1
1783973049.371,1631,0.457,0.286,0.287,0.0,13.1
1783973049.371,1631,7.357,-0.938,1.14,0.0,11.6
1783973049.371,1631,7.135,2.111,-0.976,0.0,11.6
1783973049.371,1631,7.145,1.909,1.898,0.0,14.4
1783973049.371,1631,7.559,-0.954,-0.498,0.0,14.4
1783973049.371,1631,7.589,1.213,-1.114,0.0,11.7
1783973049.472,1632,0.356,-0.496,0.002,0.0,12.7
1783973049.472,1632,7.596,-0.716,-0.294,0.0,17.1
1783973049.472,1632,6.902,1.909,2.649,0.0,17.1
1783973049.472,1632,7.482,1.456,-1.486,0.0,12.6
1783973049.574,1633,0.354,-0.496,0.036,0.0,12.7
1783973049.574,1633,0.466,0.286,0.271,0.0,12.7
1783973049.574,1633,7.574,-0.954,-0.15,0.0,17.7
1783973049.574,1633,6.619,1.67,3.419,0.0,17.7
1783973049.675,1634,0.354,-0.496,0.037,0.0,12.8
1783973049.675,1634,0.455,0.286,0.29,0.0,12.8
1783973049.675,1634,7.57,-0.954,-0.28,0.0,17.3
1783973049.675,1634,7.309,1.67,1.445,0.0,17.3
1783973049.675,1634,7.403,-1.213,2.006,0.0,13.9
1783973049.675,1634,7.146,1.456,-2.669,0.0,13.9
1783973049.776,1635,0.354,-0.496,0.037,0.0,12.8
1783973049.776,1635,0.464,0.286,0.275,0.0,12.8
1783973049.776,1635,7.525,-1.193,0.493,0.0,17.2
1783973049.776,1635,7.344,1.67,-1.254,0.0,17.2
1783973049.776,1635,7.726,0.488,-1.027,0.0,12.5
1783973049.877,1636,0.351,-0.496,0.059,0.0,13.2
1783973049.877,1636,0.458,0.286,0.286,0.0,13.2
1783973049.877,1636,7.551,-0.954,0.607,0.0,15.3
1783973049.877,1636,6.458,1.67,-3.715,0.0,15.3
1783973049.877,1636,7.521,-0.0,-1.936,0.0,14.1
1783973049.877,1636,7.391,2.184,0.955,0.0,14.1
1783973049.978,1637,0.355,-0.496,0.027,0.0,12.6
1783973049.978,1637,7.532,-0.954,0.808,0.0,17.3
1783973049.978,1637,7.556,1.952,-0.278,0.0,14.4
1783973050.079,1638,0.355,-0.496,0.023,0.0,12.5
1783973050.079,1638,0.449,0.286,0.3,0.0,12.5
1783973050.079,1638,7.538,1.456,-1.166,0.0,14.2
1783973050.079,1638,7.304,-1.213,2.344,0.0,14.2
1783973050.13,1639,0.356,-0.496,0.006,0.0,12.6
1783973050.13,1639,7.378,1.909,-0.459,0.0,15.0
1783973050.13,1639,7.272,-0.716,2.213,0.0,15.0
1783973050.281,1640,0.353,-0.496,0.049,0.0,12.7
1783973050.281,1640,0.466,0.286,0.273,0.0,12.7
1783973050.281,1640,7.431,-0.954,1.468,0.0,15.9
1783973050.281,1640,7.312,1.909,-1.087,0.0,15.9
1783973050.384,1641,0.356,-0.496,0.013,0.0,12.7
1783973050.384,1641,7.497,-0.954,1.088,0.0,16.2
1783973050.384,1641,7.252,1.909,-1.435,0.0,16.2
1783973050.384,1641,7.561,1.952,0.117,0.0,12.0
1783973050.434,1642,0.353,-0.496,0.045,0.0,12.9
1783973050.434,1642,7.461,-0.704,-0.387,0.0,11.3
1783973050.434,1642,7.198,1.876,0.994,0.0,11.3
1783973050.434,1642,7.555,-0.965,1.271,0.0,15.4
1783973050.535,1643,0.356,-0.496,0.011,0.0,12.8
1783973050.535,1643,7.564,1.456,-0.988,0.0,12.7
1783973050.686,1644,0.355,-0.496,0.033,0.0,12.3
1783973050.686,1644,0.449,0.286,0.299,0.0,12.3
1783973050.686,1644,7.525,-0.949,-0.318,0.0,13.2
1783973050.686,1644,6.609,1.898,3.217,0.0,13.2
1783973050.736,1645,0.356,-0.496,0.018,0.0,12.4
1783973050.736,1645,7.396,1.92,0.759,0.0,13.4
1783973050.736,1645,7.366,-1.2,1.805,0.0,13.4
1783973050.837,1646,0.356,-0.496,0.011,0.0,12.4
1783973050.837,1646,7.596,-0.96,0.581,0.0,15.8
1783973050.837,1646,7.427,1.92,-0.349,0.0,15.8
1783973050.939,1647,0.354,-0.496,0.043,0.0,13.2
1783973050.939,1647,0.459,0.286,0.283,0.0,13.2
1783973050.939,1647,7.646,-0.724,0.802,0.0,16.0
1783973050.939,1647,7.378,1.931,-1.211,0.0,16.0
1783973051.058,1648,0.356,-0.496,0.005,0.0,12.1
1783973051.058,1648,7.553,-0.954,0.572,0.0,15.6
1783973051.058,1648,7.17,2.386,1.09,0.0,15.6
1783973051.058,1648,7.55,1.699,-0.645,0.0,15.8
1783973051.16,1649,0.356,-0.496,0.008,0.0,13.2
1783973051.16,1649,7.541,-1.193,0.02,0.0,15.2
1783973051.16,1649,7.028,2.386,1.791,0.0,15.2
1783973051.16,1649,7.528,1.699,-0.872,0.0,16.8
1783973051.261,1650,0.355,-0.496,0.022,0.0,12.8
1783973051.261,1650,7.59,-0.716,-0.422,0.0,16.9
1783973051.261,1650,7.102,1.909,2.052,0.0,16.9
1783973051.261,1650,7.566,1.213,-1.262,0.0,12.6
1783973051.362,1651,0.356,-0.496,0.004,0.0,12.7
1783973051.362,1651,7.538,-0.954,0.749,0.0,17.2
1783973051.362,1651,7.361,1.909,-0.682,0.0,17.2
1783973051.463,1652,0.356,-0.496,0.01,0.0,12.5
1783973051.463,1652,0.623,-0.92,-0.391,0.0,11.2
1783973051.463,1652,1.086,0.368,-0.269,0.0,11.2
1783973051.463,1652,7.435,1.92,-0.051,0.0,13.1
1783973051.463,1652,7.126,-1.2,2.597,0.0,13.1
1783973051.569,1653,0.355,-0.496,0.024,0.0,12.7
1783973051.569,1653,7.547,-0.954,0.649,0.0,17.6
1783973051.569,1653,7.393,1.909,-0.005,0.0,17.6
1783973051.569,1653,7.174,2.44,1.887,0.0,11.2
1783973051.671,1654,0.356,-0.496,0.009,0.0,12.9
1783973051.671,1654,7.565,-0.954,-0.4,0.0,15.4
1783973051.671,1654,6.965,1.909,2.479,0.0,15.4
1783973051.772,1655,0.356,-0.496,0.01,0.0,12.4
1783973051.772,1655,7.336,2.16,0.699,0.0,13.0
1783973051.873,1656,0.356,-0.496,0.003,0.0,12.7
1783973051.873,1656,7.462,-0.954,1.302,0.0,16.5
1783973051.873,1656,7.249,2.386,0.223,0.0,16.5
1783973051.974,1657,0.356,-0.496,-0.003,0.0,12.7
1783973051.974,1657,7.443,-0.954,1.408,0.0,16.8
1783973051.974,1657,7.292,2.147,-0.717,0.0,16.8
1783973052.086,1658,0.354,-0.496,0.037,0.0,12.8
1783973052.086,1658,0.456,0.286,0.288,0.0,12.8
1783973052.086,1658,7.42,-0.954,1.527,0.0,15.8
1783973052.086,1658,7.235,2.386,0.51,0.0,15.8
1783973052.188,1659,0.355,-0.496,0.028,0.0,13.4
1783973052.188,1659,7.436,-1.193,1.258,0.0,15.5
1783973052.188,1659,7.175,2.386,1.059,0.0,15.5
1783973052.188,1659,7.254,2.196,1.882,0.0,11.5
1783973052.188,1659,7.764,-0.732,-0.425,0.0,11.5
1783973052.239,1660,0.356,-0.496,0.005,0.0,12.6
1783973052.239,1660,7.104,2.345,0.586,0.0,11.5
1783973052.239,1660,7.218,-0.469,2.0,0.0,11.5
1783973052.239,1660,7.483,-0.954,1.175,0.0,17.5
1783973052.239,1660,7.721,-0.485,0.673,0.0,14.7
1783973052.339,1661,0.355,-0.496,0.028,0.0,13.0
1783973052.339,1661,7.434,-0.704,0.748,0.0,12.7
1783973052.339,1661,6.548,2.814,2.348,0.0,12.7
1783973052.339,1661,7.601,-0.716,-0.013,0.0,17.5
1783973052.339,1661,6.674,2.147,3.022,0.0,17.5
1783973052.442,1662,0.356,-0.496,-0.012,0.0,13.1
1783973052.442,1662,7.321,2.16,0.839,0.0,15.8
1783973052.442,1662,7.552,1.952,0.378,0.0,12.1
1783973052.543,1663,0.356,-0.496,-0.019,0.0,13.1
1783973052.543,1663,0.641,-0.92,-0.361,0.0,11.3
1783973052.543,1663,1.055,0.405,-0.331,0.0,11.3
1783973052.543,1663,7.281,2.16,1.136,0.0,16.0
1783973052.543,1663,7.382,-0.72,-1.989,0.0,16.0
1783973052.644,1664,0.356,-0.496,0.011,0.0,13.2
1783973052.644,1664,7.412,-0.699,0.481,0.0,15.4
1783973052.644,1664,7.079,1.865,1.438,0.0,15.4
1783973052.644,1664,7.226,2.16,1.442,0.0,15.0
1783973052.745,1665,0.355,-0.496,-0.023,0.0,12.5
1783973052.745,1665,0.638,-0.92,-0.366,0.0,11.9
1783973052.745,1665,1.09,0.368,-0.251,0.0,11.9
1783973052.745,1665,7.424,-0.699,0.233,0.0,14.1
1783973052.745,1665,7.159,2.098,0.096,0.0,14.1
1783973052.745,1665,7.675,-0.244,-1.424,0.0,12.7
1783973052.745,1665,7.156,2.44,1.954,0.0,12.7
1783973052.845,1666,0.356,-0.496,0.005,0.0,12.9
1783973052.845,1666,7.525,-1.193,0.496,0.0,13.8
1783973052.845,1666,7.083,2.386,1.557,0.0,13.8
1783973052.845,1666,7.709,-0.728,-0.598,0.0,12.2
1783973052.946,1667,0.356,-0.496,-0.001,0.0,12.8
1783973052.946,1667,7.6,-0.716,-0.164,0.0,17.8
1783973052.946,1667,6.475,1.909,3.566,0.0,17.8
1783973053.047,1668,0.356,-0.496,-0.018,0.0,12.9
1783973053.047,1668,0.661,-0.92,-0.323,0.0,11.3
1783973053.047,1668,1.091,0.368,-0.248,0.0,11.3
1783973053.047,1668,7.636,-0.72,0.361,0.0,15.3
1783973053.047,1668,7.402,1.92,0.697,0.0,15.3
1783973053.148,1669,0.356,-0.496,0.005,0.0,12.9
1783973053.148,1669,7.561,-0.954,-0.458,0.0,15.0
1783973053.148,1669,7.196,1.909,1.693,0.0,15.0
1783973053.25,1670,0.356,-0.496,0.009,0.0,12.9
1783973053.25,1670,7.532,-0.949,0.03,0.0,17.2
1783973053.351,1671,0.356,-0.496,-0.003,0.0,12.7
1783973053.351,1671,7.526,-0.949,-0.286,0.0,15.0
1783973053.351,1671,7.424,1.92,0.409,0.0,13.8
1783973053.351,1671,7.766,-0.0,0.005,0.0,12.3
1783973053.351,1671,7.75,-0.485,-0.062,0.0,12.3
1783973053.452,1672,0.355,-0.496,0.03,0.0,13.2
1783973053.452,1672,0.456,0.286,0.289,0.0,13.2
1783973053.452,1672,7.494,-1.186,0.259,0.0,16.1
1783973053.452,1672,7.414,1.92,0.56,0.0,13.9
1783973053.552,1673,0.355,-0.496,0.021,0.0,12.6
1783973053.552,1673,7.432,1.92,0.217,0.0,15.1
1783973053.653,1674,0.356,-0.496,0.017,0.0,13.2
1783973053.653,1674,7.368,2.16,0.12,0.0,14.5
1783973053.754,1675,0.354,-0.496,0.039,0.0,12.5
1783973053.754,1675,0.457,0.286,0.287,0.0,12.5
1783973053.754,1675,7.401,-0.933,-0.103,0.0,12.4
1783973053.754,1675,6.78,2.331,2.064,0.0,12.4
1783973053.754,1675,7.546,1.456,-1.119,0.0,13.3
1783973053.857,1676,0.354,-0.496,0.035,0.0,13.1
1783973053.857,1676,0.452,0.286,0.294,0.0,13.1
1783973053.857,1676,7.426,1.92,0.372,0.0,15.2
1783973053.857,1676,7.325,2.44,1.172,0.0,11.5
1783973053.957,1677,0.354,-0.496,0.035,0.0,12.7
1783973053.957,1677,0.455,0.286,0.291,0.0,12.7
1783973053.957,1677,7.393,-0.704,1.077,0.0,12.8
1783973053.957,1677,6.548,3.049,2.035,0.0,12.8
1783973053.957,1677,7.435,1.92,-0.023,0.0,13.7
1783973054.058,1678,0.355,-0.496,0.024,0.0,12.2
1783973054.058,1678,7.516,1.689,0.54,0.0,15.0
1783973054.159,1679,0.356,-0.496,0.005,0.0,13.0
1783973054.159,1679,7.336,1.92,1.207,0.0,14.5
1783973054.159,1679,7.417,-0.96,-1.739,0.0,14.5
1783973054.259,1680,0.354,-0.496,0.041,0.0,12.4
1783973054.259,1680,0.463,0.286,0.277,0.0,12.4
1783973054.259,1680,7.658,-0.965,0.24,0.0,15.4
1783973054.259,1680,6.856,1.931,2.983,0.0,15.4
1783973054.36,1681,0.355,-0.496,0.025,0.0,12.5
1783973054.36,1681,7.474,1.931,-0.199,0.0,13.3
1783973054.36,1681,7.632,-0.965,0.675,0.0,13.3
1783973054.46,1682,0.355,-0.496,0.023,0.0,13.1
1783973054.46,1682,0.455,0.286,0.291,0.0,13.1
1783973054.46,1682,7.477,1.68,0.48,0.0,13.5
1783973054.46,1682,6.922,-1.2,-3.1,0.0,13.5
1783973054.46,1682,7.48,-1.22,1.886,0.0,11.6
1783973054.46,1682,7.403,2.44,0.479,0.0,11.6
1783973054.561,1683,0.352,-0.496,0.051,0.0,13.3
1783973054.561,1683,0.458,0.286,0.285,0.0,13.3
1783973054.561,1683,7.418,1.92,0.503,0.0,13.7
1783973054.561,1683,7.623,-0.72,-0.576,0.0,13.7
1783973054.662,1684,0.356,-0.496,0.016,0.0,12.4
1783973054.662,1684,7.476,1.931,0.151,0.0,14.7
1783973054.763,1685,0.355,-0.496,0.029,0.0,13.1
1783973054.763,1685,0.455,0.286,0.29,0.0,13.1
1783973054.763,1685,7.557,-0.712,0.126,0.0,15.3
1783973054.763,1685,7.413,1.92,0.564,0.0,15.1
1783973054.863,1686,0.354,-0.496,0.036,0.0,13.4
1783973054.863,1686,0.459,0.286,0.284,0.0,13.4
1783973054.863,1686,7.197,2.111,-0.252,0.0,11.5
1783973054.863,1686,7.313,-0.469,1.616,0.0,11.5
1783973054.863,1686,7.426,1.92,0.355,0.0,16.4
1783973054.863,1686,7.427,2.454,0.702,0.0,11.4
1783973054.863,1686,7.666,-0.982,1.391,0.0,11.4
1783973054.965,1687,0.356,-0.496,-0.006,0.0,12.3
1783973054.965,1687,7.398,1.931,1.081,0.0,13.7
1783973054.965,1687,7.633,-0.965,0.662,0.0,13.7
1783973055.066,1688,0.356,-0.496,0.002,0.0,12.7
1783973055.066,1688,7.507,-0.724,1.661,0.0,14.7
1783973055.066,1688,7.173,1.931,-2.111,0.0,14.7
1783973055.167,1689,0.356,-0.496,-0.002,0.0,12.7
1783973055.167,1689,0.648,-0.92,-0.348,0.0,11.5
1783973055.167,1689,1.062,0.405,-0.31,0.0,11.5
1783973055.167,1689,6.914,2.58,1.363,0.0,11.3
1783973055.167,1689,7.285,-0.938,1.537,0.0,11.3
1783973055.167,1689,7.617,-0.96,0.142,0.0,17.1
1783973055.167,1689,7.434,1.92,0.116,0.0,17.1
1783973055.268,1690,0.356,-0.496,-0.017,0.0,12.6
1783973055.268,1690,0.623,-0.92,-0.39,0.0,11.3
1783973055.268,1690,1.06,0.405,-0.315,0.0,11.3
1783973055.268,1690,7.275,1.92,1.531,0.0,14.2
1783973055.268,1690,7.567,-0.72,-1.091,0.0,14.2
1783973055.368,1691,0.356,-0.496,0.004,0.0,12.7
1783973055.368,1691,7.398,2.172,0.438,0.0,15.0
1783973055.469,1692,0.356,-0.496,0.002,0.0,12.8
1783973055.469,1692,7.597,-0.716,0.263,0.0,17.0
1783973055.469,1692,7.509,1.689,0.625,0.0,14.6
1783973055.57,1693,0.356,-0.496,-0.011,0.0,12.4
1783973055.57,1693,7.574,-0.954,0.155,0.0,15.0
1783973055.57,1693,7.386,1.909,0.316,0.0,15.0
1783973055.671,1694,0.356,-0.496,0.017,0.0,12.2
1783973055.671,1694,7.566,1.699,-0.42,0.0,14.3
1783973055.671,1694,7.581,-0.971,1.375,0.0,14.3
1783973055.772,1695,0.354,-0.496,0.034,0.0,12.6
1783973055.772,1695,0.456,0.286,0.288,0.0,12.6
1783973055.772,1695,7.424,1.92,0.409,0.0,16.8
1783973055.772,1695,7.618,-0.96,0.016,0.0,16.8
1783973055.772,1695,8.353,1.058,-0.864,0.0,11.4
1783973055.772,1695,8.193,-2.116,-0.178,0.0,11.4
1783973055.872,1696,0.356,-0.496,-0.007,0.0,12.4
1783973055.872,1696,7.552,-0.965,1.292,0.0,15.5
1783973055.872,1696,7.215,1.931,-1.962,0.0,15.5
1783973055.974,1697,0.354,-0.496,0.034,0.0,12.8
1783973055.974,1697,0.459,0.286,0.284,0.0,12.8
1783973055.974,1697,7.412,1.92,0.586,0.0,16.3
1783973055.974,1697,7.53,-0.96,-1.158,0.0,16.3
1783973056.075,1698,0.353,-0.496,0.048,0.0,13.1
1783973056.075,1698,0.461,0.286,0.28,0.0,13.1
1783973056.075,1698,7.613,-0.72,0.699,0.0,16.8
1783973056.075,1698,7.423,1.92,-0.426,0.0,16.8
1783973056.075,1698,7.488,2.196,-0.317,0.0,12.8
1783973056.075,1698,7.009,-0.732,3.366,0.0,12.8
1783973056.175,1699,0.355,-0.496,0.028,0.0,13.0
1783973056.175,1699,0.449,0.286,0.299,0.0,13.0
1783973056.175,1699,7.611,-0.96,0.333,0.0,16.1
1783973056.175,1699,7.432,1.92,0.197,0.0,16.1
1783973056.175,1699,7.271,2.685,0.958,0.0,12.0
1783973056.175,1699,7.358,-1.464,2.169,0.0,12.0
1783973056.276,1700,0.353,-0.496,0.049,0.0,13.0
1783973056.276,1700,0.462,0.286,0.279,0.0,13.0
1783973056.276,1700,7.614,-0.724,1.07,0.0,14.9
1783973056.377,1701,0.356,-0.496,0.003,0.0,13.3
1783973056.377,1701,0.461,0.286,0.28,0.0,13.3
1783973056.377,1701,7.566,-0.483,1.466,0.0,12.8
1783973056.377,1701,7.396,2.172,0.459,0.0,12.8
1783973056.478,1702,0.352,-0.496,0.05,0.0,13.1
1783973056.478,1702,0.462,0.286,0.278,0.0,13.1
1783973056.478,1702,7.531,-1.193,0.398,0.0,13.4
1783973056.478,1702,6.584,2.863,2.598,0.0,13.4
1783973056.58,1703,0.353,-0.496,0.047,0.0,12.8
1783973056.58,1703,0.462,0.286,0.278,0.0,12.8
1783973056.58,1703,7.575,-0.954,0.098,0.0,17.5
1783973056.58,1703,6.908,1.909,2.633,0.0,17.5
1783973056.58,1703,7.739,-0.485,-0.417,0.0,13.5
1783973056.68,1704,0.356,-0.496,-0.011,0.0,13.2
1783973056.68,1704,0.452,0.286,0.294,0.0,13.2
1783973056.68,1704,7.575,-0.954,0.032,0.0,16.3
1783973056.68,1704,6.673,1.909,3.182,0.0,16.3
1783973056.73,1705,0.356,-0.496,-0.012,0.0,13.8
1783973056.73,1705,7.57,-0.954,0.265,0.0,17.0
1783973056.73,1705,7.232,1.909,-1.531,0.0,17.0
1783973056.882,1706,0.351,-0.496,0.058,0.0,12.9
1783973056.882,1706,0.462,0.286,0.279,0.0,12.9
1783973056.882,1706,7.641,-0.724,0.855,0.0,15.0
1783973056.983,1707,0.354,-0.496,0.042,0.0,12.8
1783973056.983,1707,0.466,0.286,0.272,0.0,12.8
1783973056.983,1707,7.391,-0.72,1.952,0.0,12.4
1783973056.983,1707,7.351,2.16,-0.511,0.0,12.4
1783973056.983,1707,7.655,1.213,0.487,0.0,12.7
1783973057.034,1708,0.356,-0.496,0.004,0.0,13.1
1783973057.034,1708,7.488,-0.954,1.148,0.0,12.4
1783973057.034,1708,7.322,2.147,-0.274,0.0,12.4
1783973057.034,1708,7.496,1.456,-1.415,0.0,11.4
1783973057.135,1709,0.353,-0.496,0.049,0.0,13.2
1783973057.135,1709,0.46,0.286,0.282,0.0,13.2
1783973057.135,1709,7.55,-0.954,0.618,0.0,17.6
1783973057.287,1710,0.354,-0.496,-0.043,0.0,13.5
1783973057.287,1710,7.545,-0.954,0.67,0.0,17.5
1783973057.287,1710,7.684,-0.724,0.269,0.0,15.1
1783973057.337,1711,0.354,-0.496,-0.041,0.0,13.3
1783973057.337,1711,0.462,0.286,0.279,0.0,13.3
1783973057.337,1711,7.561,-0.954,0.455,0.0,16.9
1783973057.337,1711,7.078,1.909,-2.134,0.0,16.9
1783973057.337,1711,7.342,1.213,-2.222,0.0,12.7
1783973057.337,1711,7.365,-1.213,2.143,0.0,12.7
1783973057.438,1712,0.352,-0.496,0.051,0.0,12.2
1783973057.438,1712,0.464,0.286,0.276,0.0,12.2
1783973057.438,1712,7.572,-0.954,0.21,0.0,16.5
1783973057.438,1712,7.34,1.909,0.88,0.0,16.5
1783973057.438,1712,7.578,1.456,-0.874,0.0,14.5
1783973057.539,1713,0.353,-0.496,-0.044,0.0,12.5
1783973057.539,1713,7.581,-0.716,0.561,0.0,17.4
1783973057.539,1713,7.337,1.909,-0.905,0.0,17.4
1783973057.539,1713,7.624,1.456,-0.257,0.0,16.3
1783973057.64,1714,0.351,-0.496,0.061,0.0,12.3
1783973057.64,1714,0.469,0.286,0.267,0.0,12.3
1783973057.64,1714,7.436,-0.954,1.445,0.0,13.5
1783973057.64,1714,7.31,2.147,-0.497,0.0,13.5
1783973057.64,1714,7.577,1.699,-0.103,0.0,16.3
1783973057.741,1715,0.351,-0.496,0.062,0.0,12.3
1783973057.741,1715,0.47,0.286,0.265,0.0,12.3
1783973057.741,1715,7.651,1.213,-0.543,0.0,15.6
1783973057.741,1715,7.554,1.699,-0.605,0.0,15.6
1783973057.842,1716,0.352,-0.496,0.052,0.0,12.7
1783973057.842,1716,0.469,0.286,0.267,0.0,12.7
1783973057.842,1716,7.605,1.708,-0.488,0.0,11.4
1783973057.842,1716,7.7,1.22,-0.458,0.0,11.4
1783973057.986,1717,0.354,-0.496,0.039,0.0,12.7
1783973057.986,1717,0.451,0.286,0.296,0.0,12.7
1783973057.986,1717,7.575,-0.954,-0.07,0.0,16.2
1783973057.986,1717,7.006,1.909,2.36,0.0,16.2
1783973057.986,1717,7.363,1.456,-1.994,0.0,12.1
1783973058.037,1718,0.355,-0.496,0.027,0.0,13.5
1783973058.037,1718,0.459,0.286,0.283,0.0,13.5
1783973058.037,1718,7.601,-0.716,0.107,0.0,16.5
1783973058.037,1718,7.659,-0.483,0.864,0.0,15.5
1783973058.252,1719,7.55,-0.954,0.616,0.0,16.8
1783973058.252,1719,7.762,-0.243,-0.076,0.0,12.2
1783973058.252,1720,7.508,-1.193,0.709,0.0,15.7
1783973058.252,1720,7.691,-0.483,0.493,0.0,12.9
1783973058.433,1721,7.563,-0.954,0.42,0.0,12.1
1783973058.433,1721,7.025,2.386,1.802,0.0,12.1
1783973058.433,1721,7.54,1.456,-1.157,0.0,13.7
1783973058.543,1722,0.491,0.267,0.246,0.0,13.5
1783973058.543,1722,7.165,2.386,1.122,0.0,12.4
1783973058.543,1722,7.518,-1.193,0.589,0.0,12.4
1783973058.543,1722,7.567,1.456,-0.965,0.0,15.3
1783973058.594,1723,0.314,-0.477,-0.216,0.0,12.1
1783973058.594,1723,7.428,-0.954,1.488,0.0,14.3
1783973058.594,1723,7.254,1.909,-1.426,0.0,14.3
1783973058.594,1723,7.523,1.456,-1.261,0.0,14.4
1783973058.694,1724,0.345,-0.496,-0.088,0.0,12.9
1783973058.694,1724,7.497,-0.954,1.088,0.0,15.3
1783973058.694,1724,7.127,1.67,-2.169,0.0,15.3
1783973058.744,1725,0.336,-0.496,-0.118,0.0,13.4
1783973058.744,1725,7.563,-0.954,0.425,0.0,15.8
1783973058.744,1725,6.655,1.699,-3.624,0.0,13.8
1783973058.744,1725,7.626,-0.728,1.272,0.0,13.8
1783973058.906,1726,0.334,-0.496,-0.124,0.0,12.9
1783973058.906,1726,7.506,-1.193,0.731,0.0,15.6
1783973058.906,1726,7.232,1.456,-2.426,0.0,11.5
1783973059.007,1727,0.341,-0.496,-0.103,0.0,12.2
1783973059.007,1727,7.555,-0.954,0.549,0.0,16.9
1783973059.058,1728,0.331,-0.496,-0.131,0.0,12.4
1783973059.058,1728,7.574,-0.954,0.146,0.0,15.2
1783973059.058,1728,7.546,1.708,1.062,0.0,11.6
1783973059.058,1728,7.714,-0.976,-0.726,0.0,11.6
1783973059.224,1729,0.337,-0.496,-0.116,0.0,12.7
1783973059.224,1729,7.466,-0.954,1.284,0.0,11.6
1783973059.224,1729,7.448,0.954,-1.382,0.0,11.6
1783973059.224,1729,7.707,-0.483,-0.083,0.0,12.3
1783973059.302,1730,0.332,-0.496,-0.129,0.0,12.6
1783973059.302,1730,7.436,-0.954,1.444,0.0,15.6
1783973059.302,1730,7.159,1.67,-2.062,0.0,15.6
1783973059.302,1730,7.486,1.952,-1.066,0.0,12.3
1783973059.352,1731,0.33,-0.496,-0.133,0.0,13.1
1783973059.352,1731,7.524,-0.954,0.881,0.0,17.0
1783973059.352,1731,7.569,1.708,-0.887,0.0,13.2
1783973059.474,1732,0.337,-0.496,-0.114,0.0,12.6
1783973059.474,1732,7.535,-0.954,0.781,0.0,16.1
1783973059.474,1732,7.566,1.708,-0.91,0.0,12.9
1783973059.574,1733,0.334,-0.496,-0.123,0.0,12.8
1783973059.574,1733,7.515,-1.193,0.63,0.0,15.6
1783973059.574,1733,7.583,1.708,-0.754,0.0,12.7
1783973059.684,1734,0.344,-0.496,-0.092,0.0,11.9
1783973059.684,1734,7.48,-1.193,0.961,0.0,14.3
1783973059.684,1734,7.693,-0.483,0.464,0.0,13.7
1783973059.684,1734,7.551,1.952,-0.397,0.0,12.0
1783973059.735,1735,0.341,-0.496,-0.103,0.0,12.7
1783973059.735,1735,7.524,-1.193,0.516,0.0,15.8
1783973059.735,1735,7.679,-0.488,-1.334,0.0,12.4
1783973059.735,1735,7.643,1.464,0.65,0.0,12.4
1783973059.85,1736,0.343,-0.496,-0.096,0.0,11.9
1783973059.85,1736,7.548,-0.954,0.635,0.0,14.9
1783973059.85,1736,7.613,1.708,0.33,0.0,12.7
1783973059.985,1737,0.347,-0.496,-0.081,0.0,12.5
1783973059.985,1737,7.535,-0.954,0.782,0.0,15.8
1783973060.079,1738,0.345,-0.496,-0.087,0.0,12.8
1783973060.079,1738,7.456,-1.193,1.133,0.0,14.8
1783973060.079,1738,7.26,1.67,-1.674,0.0,14.8
1783973060.079,1738,7.588,1.456,-0.78,0.0,13.5
1783973060.225,1739,7.463,-0.954,1.298,0.0,15.2
1783973060.225,1739,7.198,1.67,-1.921,0.0,15.2
1783973060.225,1739,7.617,1.708,-0.242,0.0,14.4
1783973060.276,1740,0.321,-0.515,-0.064,0.0,12.7
1783973060.276,1740,7.448,-0.954,1.381,0.0,15.9
1783973060.276,1740,7.586,1.708,-0.722,0.0,12.0
1783973060.276,1740,6.822,-1.22,3.601,0.0,12.0
1783973060.415,1741,0.323,-0.515,-0.057,0.0,13.0
1783973060.415,1741,0.666,-0.851,-0.345,0.0,11.3
1783973060.415,1741,7.527,-0.954,0.856,0.0,15.2
1783973060.415,1741,7.594,1.708,-0.629,0.0,12.3
1783973060.415,1741,7.719,-0.976,0.673,0.0,12.3
1783973060.465,1742,0.323,-0.515,-0.058,0.0,12.9
1783973060.465,1742,7.507,-1.193,0.717,0.0,12.9
1783973060.465,1742,7.604,1.708,0.493,0.0,12.3
1783973060.465,1742,7.676,-0.488,-1.352,0.0,12.3
1783973060.579,1743,0.324,-0.515,-0.053,0.0,13.1
1783973060.579,1743,7.566,-0.954,0.367,0.0,14.7
1783973060.579,1743,7.379,1.699,-1.724,0.0,11.8
1783973060.63,1744,0.322,-0.515,-0.06,0.0,13.0
1783973060.63,1744,7.541,-1.193,0.01,0.0,14.7
1783973060.63,1744,7.535,-1.213,1.438,0.0,14.1
1783973060.782,1745,0.323,-0.515,-0.055,0.0,13.2
1783973060.782,1745,7.574,-0.954,0.137,0.0,14.4
1783973060.782,1745,6.971,1.456,-3.099,0.0,12.5
1783973060.782,1745,7.217,-1.456,2.472,0.0,12.5
1783973060.883,1746,7.575,-0.954,-0.029,0.0,13.6
1783973060.883,1746,7.24,1.456,-2.404,0.0,13.5
1783973060.883,1746,7.285,-1.456,2.263,0.0,13.5
1783973060.934,1747,7.523,-0.954,0.884,0.0,15.8
1783973061.035,1748,7.513,-1.193,0.651,0.0,14.3
1783973061.139,1749,7.433,-1.193,1.275,0.0,13.1
1783973061.139,1749,7.383,1.909,-0.371,0.0,13.1
1783973061.139,1749,7.586,1.708,0.72,0.0,12.6
1783973061.24,1750,7.564,-0.954,0.401,0.0,14.9
1783973061.24,1750,7.332,1.909,-0.945,0.0,14.9
1783973061.341,1751,7.532,-0.949,-0.037,0.0,15.0
1783973061.341,1751,7.242,1.898,1.254,0.0,15.0
1783973061.341,1751,7.365,1.213,-2.145,0.0,12.0
1783973061.443,1752,0.649,-0.851,-0.377,0.0,11.3
1783973061.443,1752,7.551,-0.712,0.316,0.0,15.0
1783973061.552,1753,0.323,-0.515,-0.054,0.0,13.6
1783973061.552,1753,7.526,-0.949,0.29,0.0,14.8
1783973061.552,1753,7.329,1.456,-2.117,0.0,12.1
1783973061.552,1753,7.145,-1.213,2.791,0.0,12.1
1783973061.667,1754,0.322,-0.515,-0.059,0.0,12.5
1783973061.667,1754,0.366,-0.477,-0.107,0.0,12.5
1783973061.667,1754,7.573,-0.954,0.195,0.0,14.2
1783973061.667,1754,6.485,1.909,3.549,0.0,14.2
1783973061.768,1755,0.323,-0.515,-0.056,0.0,12.2
1783973061.768,1755,7.575,-0.954,-0.073,0.0,14.4
1783973061.768,1755,6.973,1.67,2.623,0.0,14.4
1783973061.768,1755,7.692,0.976,-0.932,0.0,11.4
1783973061.87,1756,0.322,-0.515,-0.06,0.0,13.0
1783973061.87,1756,7.575,-0.954,0.03,0.0,15.8
1783973061.87,1756,6.659,1.67,-3.34,0.0,15.8
1783973061.87,1756,7.552,1.699,-0.626,0.0,13.9
1783973061.971,1757,0.322,-0.515,-0.061,0.0,13.2
1783973061.971,1757,7.55,-0.954,-0.618,0.0,14.1
1783973061.971,1757,7.237,1.909,1.511,0.0,14.1
1783973062.072,1758,0.322,-0.515,-0.063,0.0,13.5
1783973062.072,1758,7.47,-0.704,0.135,0.0,11.5
1783973062.072,1758,7.119,1.876,1.456,0.0,11.5
1783973062.072,1758,7.489,0.971,-1.812,0.0,12.8
1783973062.173,1759,0.322,-0.515,-0.061,0.0,13.2
1783973062.173,1759,7.414,-0.938,0.677,0.0,11.7
1783973062.173,1759,7.127,2.345,0.125,0.0,11.7
1783973062.173,1759,7.591,-0.716,0.404,0.0,15.6
1783973062.274,1760,0.364,-0.477,-0.113,0.0,12.9
1783973062.274,1760,7.567,-0.954,0.35,0.0,17.3
1783973062.375,1761,0.322,-0.515,-0.063,0.0,13.3
1783973062.375,1761,7.575,-0.954,-0.005,0.0,13.3
1783973062.375,1761,6.877,1.909,2.711,0.0,13.3
1783973062.5,1762,0.322,-0.515,-0.061,0.0,12.4
1783973062.5,1762,7.574,-0.954,0.128,0.0,15.2
1783973062.558,1763,0.322,-0.515,-0.062,0.0,12.9
1783973062.558,1763,0.614,-0.886,-0.352,0.0,11.2
1783973062.558,1763,7.54,-1.193,-0.139,0.0,15.3
1783973062.558,1763,7.49,0.485,-1.992,0.0,11.3
1783973062.66,1764,0.346,-0.496,-0.084,0.0,13.1
1783973062.66,1764,7.519,-0.949,0.432,0.0,17.2
1783973062.66,1764,7.243,1.456,-2.393,0.0,13.5
1783973062.66,1764,7.317,-0.971,2.414,0.0,13.5
1783973062.761,1765,0.347,-0.496,-0.08,0.0,13.1
1783973062.761,1765,7.459,-0.704,0.432,0.0,12.5
1783973062.761,1765,7.574,-0.954,0.14,0.0,16.0
1783973062.863,1766,0.323,-0.515,-0.054,0.0,12.8
1783973062.863,1766,7.575,-0.954,-0.084,0.0,15.7
1783973062.863,1766,6.71,1.909,3.102,0.0,15.7
1783973062.863,1766,7.5,0.971,-1.764,0.0,12.6
1783973062.967,1767,0.322,-0.515,-0.061,0.0,13.6
1783973062.967,1767,7.574,-0.954,-0.125,0.0,16.0
1783973062.967,1767,6.647,1.909,3.235,0.0,16.0
1783973062.967,1767,7.512,0.971,-1.714,0.0,12.2
1783973063.068,1768,7.573,-0.954,-0.179,0.0,16.7
1783973063.068,1768,6.91,1.909,2.628,0.0,16.7
1783973063.169,1769,7.568,-0.954,-0.325,0.0,13.8
1783973063.169,1769,7.221,1.909,1.582,0.0,13.8
1783973063.269,1770,0.323,-0.515,-0.057,0.0,12.8
1783973063.269,1770,7.468,-0.704,-0.223,0.0,12.5
1783973063.269,1770,6.865,2.111,2.176,0.0,12.5
1783973063.269,1770,7.573,-0.954,-0.199,0.0,16.4
1783973063.269,1770,7.335,1.909,0.923,0.0,16.4
1783973063.269,1770,7.537,1.952,0.607,0.0,12.4
1783973063.369,1771,0.323,-0.515,-0.053,0.0,13.6
1783973063.369,1771,7.54,-1.193,0.126,0.0,15.6
1783973063.369,1771,7.613,1.456,-0.484,0.0,12.8
1783973063.48,1772,0.322,-0.515,-0.062,0.0,13.0
1783973063.48,1772,7.538,-0.954,0.753,0.0,15.5
1783973063.581,1773,0.321,-0.515,-0.066,0.0,13.2
1783973063.581,1773,7.505,-1.193,0.735,0.0,14.6
1783973063.581,1773,7.463,1.952,-1.215,0.0,12.0
1783973063.631,1774,0.346,-0.496,-0.085,0.0,12.1
1783973063.631,1774,7.56,-0.954,0.482,0.0,16.9
1783973063.782,1775,0.321,-0.515,-0.066,0.0,12.8
1783973063.782,1775,7.572,-0.954,0.202,0.0,15.6
1783973063.884,1776,0.323,-0.515,-0.056,0.0,13.1
1783973063.884,1776,0.648,-0.851,-0.378,0.0,11.4
1783973063.884,1776,0.695,0.709,0.548,0.0,11.4
1783973063.884,1776,7.573,-0.954,0.163,0.0,15.8
1783973063.884,1776,7.101,1.213,-2.9,0.0,13.3
1783973063.935,1777,0.323,-0.515,-0.056,0.0,13.0
1783973063.935,1777,7.557,-0.954,0.529,0.0,16.5
1783973063.935,1777,6.986,1.456,-3.064,0.0,13.6
1783973063.935,1777,7.393,-1.213,2.045,0.0,13.6
1783973064.035,1778,0.322,-0.515,-0.061,0.0,12.6
1783973064.035,1778,7.53,-1.193,0.418,0.0,14.7
1783973064.035,1778,7.558,1.952,-0.223,0.0,12.0
1783973064.187,1779,7.471,-0.704,-0.082,0.0,11.6
1783973064.187,1779,7.041,1.876,1.794,0.0,11.6
1783973064.187,1779,7.516,-1.193,0.617,0.0,16.1
1783973064.237,1780,0.323,-0.515,-0.057,0.0,13.0
1783973064.237,1780,7.539,-0.954,0.743,0.0,15.3
1783973064.237,1780,7.748,-0.0,-0.526,0.0,12.2
1783973064.338,1781,0.322,-0.515,-0.061,0.0,13.0
1783973064.338,1781,0.674,-0.851,-0.33,0.0,11.7
1783973064.338,1781,0.692,0.709,0.553,0.0,11.7
1783973064.338,1781,7.571,-0.954,0.243,0.0,14.2
1783973064.338,1781,7.706,-0.241,0.441,0.0,12.4
1783973064.439,1782,7.532,-1.193,0.377,0.0,15.5
1783973064.542,1783,0.603,-0.886,-0.371,0.0,11.4
1783973064.542,1783,0.72,0.709,0.516,0.0,11.4
1783973064.542,1783,7.383,1.456,-1.917,0.0,14.0
1783973064.542,1783,7.583,-0.971,1.368,0.0,14.0
1783973064.643,1784,7.537,-1.193,0.253,0.0,13.7
1783973064.643,1784,7.397,1.456,-1.864,0.0,12.4
1783973064.744,1785,7.531,-1.193,0.402,0.0,14.6
1783973064.744,1785,7.41,1.456,-1.811,0.0,11.3
1783973064.845,1786,7.569,-0.954,0.303,0.0,17.1
1783973064.945,1787,7.465,-0.704,-0.296,0.0,12.2
1783973064.945,1787,7.099,1.642,1.793,0.0,12.2
1783973064.945,1787,7.528,-0.949,0.241,0.0,16.9
1783973065.047,1788,7.575,-0.954,-0.022,0.0,16.8
1783973065.047,1788,7.478,1.213,-1.706,0.0,13.9
1783973065.147,1789,0.585,-0.886,-0.4,0.0,11.2
1783973065.147,1789,7.57,-0.954,0.27,0.0,16.4
1783973065.147,1789,7.486,1.213,-1.674,0.0,12.5
1783973065.248,1790,7.54,-1.193,0.148,0.0,12.5
1783973065.35,1791,0.323,-0.515,-0.057,0.0,12.7
1783973065.35,1791,6.995,1.876,1.966,0.0,12.4
1783973065.35,1791,7.437,-0.704,-0.718,0.0,12.4
1783973065.35,1791,7.57,-0.954,0.28,0.0,14.5
1783973065.35,1791,7.603,-0.724,1.145,0.0,12.8
1783973065.35,1791,7.656,-0.0,-1.543,0.0,11.6
1783973065.35,1791,7.607,1.708,0.444,0.0,11.6
1783973065.451,1792,7.573,-0.954,0.168,0.0,15.5
1783973065.451,1792,7.565,0.971,-1.462,0.0,11.8
1783973065.552,1793,0.666,-0.851,-0.346,0.0,11.2
1783973065.552,1793,7.526,-0.949,0.301,0.0,16.9
1783973065.552,1793,7.412,0.971,-2.105,0.0,11.5
1783973065.653,1794,6.832,1.865,2.347,0.0,11.4
1783973065.653,1794,7.425,-0.699,-0.213,0.0,11.4
1783973065.653,1794,7.569,-0.954,0.296,0.0,16.3
1783973065.754,1795,7.557,-0.954,0.525,0.0,14.9
1783973065.754,1795,7.656,0.971,-0.865,0.0,13.1
1783973065.855,1796,7.509,-0.954,0.996,0.0,16.0
1783973065.855,1796,7.618,1.708,0.177,0.0,12.3
1783973065.855,1796,6.784,-0.976,-3.744,0.0,12.3
1783973065.956,1797,7.528,-0.954,0.845,0.0,15.7
1783973065.956,1797,7.612,1.708,-0.363,0.0,12.9
1783973066.058,1798,7.483,-1.193,0.934,0.0,14.5
1783973066.058,1798,7.612,1.708,-0.347,0.0,13.8
1783973066.158,1799,7.534,-0.954,0.791,0.0,15.3
1783973066.158,1799,7.659,1.213,-0.423,0.0,12.3
1783973066.258,1800,0.322,-0.515,-0.061,0.0,12.8
1783973066.258,1800,7.572,-0.954,0.23,0.0,16.1
1783973066.359,1801,7.565,-0.954,0.392,0.0,17.4
1783973066.459,1802,7.545,-0.954,0.674,0.0,15.1
1783973066.459,1802,7.555,1.952,-0.311,0.0,11.6
1783973066.56,1803,7.508,-1.193,0.707,0.0,15.4
1783973066.56,1803,7.721,-0.976,-0.65,0.0,12.9
1783973066.56,1803,7.556,1.952,-0.279,0.0,12.9
1783973066.661,1804,0.609,-0.886,-0.362,0.0,11.3
1783973066.661,1804,0.717,0.674,0.564,0.0,11.3
1783973066.661,1804,7.515,-0.954,0.949,0.0,13.7
1783973066.661,1804,7.718,-0.976,-0.69,0.0,12.8
1783973066.661,1804,7.556,1.952,-0.277,0.0,12.8
1783973066.763,1805,7.535,-0.954,0.782,0.0,15.2
1783973066.763,1805,7.474,1.456,-1.526,0.0,12.0
1783973066.864,1806,7.57,-0.954,0.284,0.0,17.0
1783973066.864,1806,7.547,-0.965,1.324,0.0,14.2
1783973066.966,1807,7.535,-1.193,0.318,0.0,13.9
1783973067.067,1808,7.537,-0.954,0.756,0.0,14.3
1783973067.067,1808,7.543,-0.0,-1.847,0.0,12.2
1783973067.168,1809,7.537,-0.954,0.76,0.0,14.6
1783973067.168,1809,7.423,1.699,-1.523,0.0,11.8
1783973067.269,1810,7.504,-0.954,1.039,0.0,14.7
1783973067.369,1811,7.486,-0.954,1.159,0.0,13.1
1783973067.369,1811,7.037,1.67,-2.446,0.0,13.1
1783973067.47,1812,7.569,-0.954,0.302,0.0,14.8
1783973067.47,1812,7.23,1.67,-1.796,0.0,14.8
1783973067.47,1812,7.493,2.196,-0.126,0.0,11.7
1783973067.57,1813,7.572,-0.954,0.208,0.0,16.8
1783973067.671,1814,7.545,-0.954,0.676,0.0,17.2
1783973067.671,1814,7.556,1.952,-0.296,0.0,11.8
1783973067.771,1815,7.525,-0.954,0.872,0.0,14.3
1783973067.771,1815,6.957,1.432,-2.8,0.0,14.3
1783973067.771,1815,7.599,1.708,-0.577,0.0,11.6
1783973067.872,1816,7.475,-0.954,1.225,0.0,13.9
1783973067.973,1817,7.423,-1.193,1.328,0.0,15.5
1783973067.973,1817,7.301,1.67,-1.483,0.0,15.5
1783973068.073,1818,7.51,-0.954,0.994,0.0,15.7
1783973068.073,1818,6.947,1.67,-2.691,0.0,15.7
1783973068.073,1818,7.552,1.952,-0.374,0.0,11.4
1783973068.174,1819,7.549,-0.954,0.629,0.0,16.1
1783973068.275,1820,7.557,-0.954,0.53,0.0,17.4
1783973068.275,1820,7.62,1.708,-0.076,0.0,11.3
1783973068.375,1821,7.193,1.876,-1.029,0.0,11.7
1783973068.375,1821,7.468,-0.704,0.225,0.0,11.7
1783973068.375,1821,7.552,1.952,0.382,0.0,12.0
1783973068.476,1822,7.487,-0.954,1.15,0.0,16.0
1783973068.577,1823,7.353,-1.193,1.676,0.0,14.1
1783973068.577,1823,7.327,1.432,-1.6,0.0,14.1
1783973068.778,1825,7.481,-0.954,1.189,0.0,15.3
1783973068.879,1826,7.536,-0.954,0.768,0.0,16.7
1783973068.879,1826,7.682,-0.724,0.313,0.0,15.3
1783973068.98,1827,0.464,0.267,0.295,0.0,13.2
1783973068.98,1827,7.481,-0.954,1.193,0.0,15.3
1783973068.98,1827,7.57,1.456,-0.944,0.0,12.2
1783973068.98,1827,7.042,-0.971,-3.126,0.0,12.2
1783973069.03,1828,7.509,-0.965,1.521,0.0,15.0
1783973069.182,1829,7.416,-1.193,1.368,0.0,14.1
1783973069.182,1829,7.63,0.728,-1.248,0.0,12.2
1783973069.283,1830,7.468,-1.193,1.045,0.0,14.2
1783973069.283,1830,7.3,1.909,-1.165,0.0,14.2
1783973069.283,1830,7.659,1.213,-0.423,0.0,13.1
1783973069.334,1831,7.513,-0.954,0.965,0.0,16.6
1783973069.434,1832,7.527,-0.954,0.851,0.0,16.0
1783973069.585,1833,7.553,-0.954,0.579,0.0,16.8
1783973069.585,1833,7.681,0.728,-0.881,0.0,12.2
1783973069.636,1834,7.44,-0.704,-0.686,0.0,11.2
1783973069.636,1834,7.131,1.876,1.396,0.0,11.2
1783973069.636,1834,7.51,-0.954,0.99,0.0,16.2
1783973069.636,1834,7.726,0.485,-0.624,0.0,12.4
1783973069.737,1835,0.626,-0.886,-0.331,0.0,11.2
1783973069.737,1835,7.534,-1.193,0.323,0.0,15.5
1783973069.737,1835,7.654,1.464,-0.504,0.0,12.0
1783973069.839,1836,7.688,-0.724,0.03,0.0,15.1
1783973069.94,1837,7.564,-0.954,0.415,0.0,18.0
1783973069.94,1837,7.595,1.708,-0.621,0.0,11.8
1783973070.04,1838,7.572,-0.954,0.22,0.0,15.2
1783973070.04,1838,7.486,1.699,-1.176,0.0,12.0
1783973070.141,1839,7.571,-0.954,0.248,0.0,15.6
1783973070.242,1840,7.567,-0.954,0.342,0.0,16.6
1783973070.343,1841,7.511,-1.193,0.675,0.0,13.9
1783973070.343,1841,7.535,1.952,-0.635,0.0,11.7
1783973070.444,1842,7.532,-0.954,0.807,0.0,16.1
1783973070.444,1842,7.609,1.708,-0.409,0.0,11.6
1783973070.544,1843,0.46,0.267,0.3,0.0,13.1
1783973070.544,1843,7.515,-1.193,0.632,0.0,14.5
1783973070.544,1843,6.879,1.67,-2.861,0.0,14.5
1783973070.645,1844,7.485,-0.469,-0.269,0.0,11.3
1783973070.645,1844,6.948,1.876,2.127,0.0,11.3
1783973070.645,1844,7.541,-1.193,-0.023,0.0,13.5
1783973070.645,1844,7.53,1.456,-1.22,0.0,12.5
1783973070.745,1845,7.54,-1.193,0.128,0.0,15.3
1783973070.846,1846,0.458,0.267,0.304,0.0,13.3
1783973070.846,1846,7.574,-0.954,0.144,0.0,16.6
1783973070.846,1846,7.765,-0.0,0.083,0.0,13.0
1783973070.948,1847,0.462,0.267,0.297,0.0,13.5
1783973070.948,1847,7.567,-0.954,0.343,0.0,16.5
1783973071.049,1848,0.46,0.267,0.3,0.0,14.7
1783973071.049,1848,7.566,-0.954,0.364,0.0,16.2
1783973071.049,1848,7.517,1.952,-0.823,0.0,11.7
1783973071.15,1849,0.466,0.267,0.291,0.0,13.9
1783973071.15,1849,7.538,-0.954,0.749,0.0,14.8
1783973071.15,1849,7.553,1.456,-1.069,0.0,12.4
1783973071.251,1850,7.53,-0.954,0.829,0.0,14.5
1783973071.251,1850,7.644,-0.732,-1.421,0.0,11.5
1783973071.251,1850,7.583,1.708,0.752,0.0,11.5
1783973071.352,1851,0.469,0.267,0.286,0.0,13.4
1783973071.352,1851,7.541,-0.954,0.723,0.0,14.1
1783973071.352,1851,7.627,-0.724,0.972,0.0,14.7
1783973071.453,1852,0.463,0.267,0.296,0.0,13.5
1783973071.453,1852,0.683,-0.851,-0.31,0.0,11.4
1783973071.453,1852,7.565,-0.954,0.389,0.0,16.8
1783973071.453,1852,7.663,-0.724,0.62,0.0,15.0
1783973071.453,1852,7.512,1.952,-0.865,0.0,12.1
1783973071.553,1853,0.466,0.267,0.291,0.0,13.5
1783973071.553,1853,7.541,-1.193,0.081,0.0,15.6
1783973071.553,1853,7.258,1.456,-2.349,0.0,13.5
1783973071.553,1853,7.504,-0.971,1.749,0.0,13.5
1783973071.654,1854,0.467,0.267,0.29,0.0,13.3
1783973071.654,1854,7.575,-0.954,0.073,0.0,16.2
1783973071.654,1854,7.008,1.699,-2.882,0.0,14.3
1783973071.654,1854,7.413,-1.213,1.97,0.0,14.3
1783973071.755,1855,0.467,0.267,0.29,0.0,13.6
1783973071.755,1855,7.57,-0.954,0.279,0.0,15.9
1783973071.755,1855,7.674,-0.483,0.711,0.0,14.0
1783973071.857,1856,0.47,0.267,0.284,0.0,13.9
1783973071.857,1856,7.572,-0.954,0.206,0.0,16.4
1783973071.857,1856,7.294,1.67,-1.515,0.0,16.4
1783973071.957,1857,0.47,0.267,0.284,0.0,14.7
1783973071.957,1857,7.554,-0.954,0.56,0.0,15.5
1783973071.957,1857,7.392,1.909,0.044,0.0,15.5
1783973072.059,1858,0.466,0.267,0.29,0.0,14.0
1783973072.059,1858,7.542,-0.954,0.708,0.0,16.2
1783973072.059,1858,7.392,1.909,-0.085,0.0,16.2
1783973072.16,1859,0.467,0.267,0.289,0.0,14.0
1783973072.16,1859,7.565,-0.954,-0.399,0.0,15.8
1783973072.16,1859,6.941,1.67,2.707,0.0,15.8
1783973072.261,1860,0.463,0.267,0.295,0.0,14.4
1783973072.261,1860,7.532,-0.949,0.032,0.0,16.9
1783973072.261,1860,6.423,1.898,3.574,0.0,16.9
1783973072.362,1861,0.458,0.267,0.303,0.0,13.3
1783973072.362,1861,0.63,-0.886,-0.323,0.0,11.5
1783973072.362,1861,7.523,-1.193,0.525,0.0,16.3
1783973072.362,1861,6.891,1.456,-3.272,0.0,11.8
1783973072.362,1861,7.402,-1.213,2.012,0.0,11.8
1783973072.462,1862,7.574,-0.954,0.115,0.0,15.5
1783973072.462,1862,6.963,1.909,2.484,0.0,15.5
1783973072.563,1863,7.562,-0.954,-0.446,0.0,15.0
1783973072.563,1863,6.773,1.67,3.103,0.0,15.0
1783973072.563,1863,7.301,1.941,-1.8,0.0,11.7
1783973072.664,1864,7.572,-0.954,-0.204,0.0,13.7
1783973072.664,1864,7.068,1.909,2.167,0.0,13.7
1783973072.664,1864,7.705,-0.243,-0.938,0.0,12.5
1783973072.764,1865,7.572,-0.954,-0.201,0.0,14.8
1783973072.764,1865,6.712,1.67,3.234,0.0,14.8
1783973072.865,1866,7.47,-0.704,0.123,0.0,11.5
1783973072.865,1866,7.066,1.876,1.693,0.0,11.5
1783973072.865,1866,7.575,-0.954,0.095,0.0,14.5
1783973072.865,1866,6.833,1.67,2.968,0.0,14.5
1783973072.965,1867,7.315,2.16,0.891,0.0,14.0
1783973072.965,1867,7.214,0.485,-2.834,0.0,11.8
1783973072.965,1867,7.666,-1.213,0.275,0.0,11.8
1783973073.067,1868,0.614,-0.886,-0.352,0.0,11.4
1783973073.067,1868,7.455,-0.704,0.487,0.0,11.8
1783973073.067,1868,7.575,-0.954,0.064,0.0,15.0
1783973073.067,1868,7.107,2.147,1.782,0.0,15.0
1783973073.067,1868,7.255,1.213,-2.49,0.0,11.2
1783973073.168,1869,7.531,-0.949,-0.099,0.0,16.1
1783973073.168,1869,6.871,2.135,2.421,0.0,16.1
1783973073.168,1869,7.443,1.213,-1.855,0.0,13.5
1783973073.269,1870,7.104,1.909,2.046,0.0,16.3
1783973073.269,1870,7.561,-0.954,-0.455,0.0,16.3
1783973073.269,1870,7.643,-0.0,-1.377,0.0,11.6
1783973073.37,1871,7.532,-0.949,0.056,0.0,15.4
1783973073.37,1871,7.178,1.92,1.937,0.0,13.8
1783973073.37,1871,7.591,-0.72,-0.903,0.0,13.8
1783973073.472,1872,7.463,-0.704,-0.34,0.0,11.5
1783973073.472,1872,7.119,1.876,1.453,0.0,11.5
1783973073.472,1872,7.575,-0.954,-0.034,0.0,15.5
1783973073.472,1872,7.376,1.909,0.487,0.0,15.5
1783973073.472,1872,7.735,-0.0,-0.69,0.0,11.6
1783973073.573,1873,7.541,-1.193,-0.104,0.0,15.0
1783973073.573,1873,7.368,1.909,0.599,0.0,15.0
1783973073.573,1873,7.675,-0.0,-1.187,0.0,12.9
1783973073.573,1873,7.365,2.427,0.427,0.0,12.9
1783973073.674,1874,7.561,-0.954,-0.46,0.0,15.4
1783973073.674,1874,7.252,1.909,1.437,0.0,15.4
1783973073.774,1875,7.569,-0.954,-0.316,0.0,15.3
1783973073.774,1875,7.212,1.67,1.867,0.0,15.3
1783973073.876,1876,7.362,1.909,0.668,0.0,15.9
1783973073.876,1876,7.575,-0.954,-0.093,0.0,15.9
1783973073.876,1876,7.678,-0.724,0.391,0.0,11.6
1783973073.977,1877,7.564,-0.954,-0.404,0.0,15.0
1783973073.977,1877,7.292,1.67,1.528,0.0,15.0
1783973073.977,1877,7.56,1.952,-0.139,0.0,11.8
1783973074.077,1878,7.203,1.876,0.952,0.0,11.7
1783973074.077,1878,7.488,-0.235,-0.427,0.0,11.7
1783973074.077,1878,7.57,-0.954,0.291,0.0,16.6
1783973074.077,1878,7.323,1.909,-1.011,0.0,16.6
1783973074.178,1879,7.575,-0.954,0.038,0.0,15.4
1783973074.28,1880,7.574,-0.954,0.156,0.0,14.4
1783973074.28,1880,7.705,-0.241,0.46,0.0,13.1
1783973074.38,1881,7.562,-0.954,0.441,0.0,15.1
1783973074.38,1881,7.721,-0.0,0.142,0.0,11.5
1783973074.431,1882,0.602,-0.886,-0.373,0.0,11.2
1783973074.431,1882,7.573,-0.954,0.198,0.0,15.6
1783973074.431,1882,7.617,1.456,-0.413,0.0,14.1
1783973074.583,1883,7.575,-0.954,-0.041,0.0,15.0
1783973074.583,1883,7.112,1.909,2.016,0.0,15.0
1783973074.583,1883,7.561,1.699,-0.5,0.0,12.4
1783973074.685,1884,7.57,-0.954,-0.273,0.0,16.0
1783973074.685,1884,6.784,1.67,3.08,0.0,16.0
1783973074.735,1885,7.575,-0.954,0.032,0.0,15.9
1783973074.735,1885,7.462,1.456,-1.586,0.0,13.7
1783973074.836,1886,7.573,-0.954,-0.186,0.0,16.1
1783973074.836,1886,7.704,-0.483,-0.233,0.0,14.3
1783973074.987,1887,7.615,-0.96,0.223,0.0,14.9
1783973074.987,1887,7.183,1.92,1.92,0.0,14.9
1783973074.987,1887,7.515,-0.485,-1.896,0.0,13.0
1783973074.987,1887,7.705,0.971,-0.063,0.0,13.0
1783973075.037,1888,7.452,1.699,-1.375,0.0,14.1
1783973075.138,1889,7.287,1.699,-2.078,0.0,14.9
1783973075.138,1889,7.252,-0.971,2.603,0.0,14.9
1783973075.238,1890,7.412,1.699,-1.574,0.0,15.1
1783973075.238,1890,7.065,-1.213,2.987,0.0,15.1
1783973075.34,1891,7.524,-0.954,0.88,0.0,16.7
1783973075.34,1891,7.379,1.909,-0.446,0.0,16.7
1783973075.34,1891,7.546,1.708,-1.065,0.0,14.1
1783973075.44,1892,7.54,-0.954,0.728,0.0,18.0
1783973075.44,1892,7.38,1.909,-0.431,0.0,18.0
1783973075.44,1892,7.683,-0.724,0.294,0.0,15.6
1783973075.44,1892,7.488,1.689,0.841,0.0,15.6
1783973075.541,1893,7.473,-0.954,1.242,0.0,16.8
1783973075.541,1893,7.199,1.909,-1.682,0.0,16.8
1783973075.541,1893,7.541,1.952,-0.556,0.0,13.1
1783973075.643,1894,7.386,-0.699,-0.788,0.0,11.6
1783973075.643,1894,7.027,1.865,1.673,0.0,11.6
1783973075.643,1894,7.351,2.16,0.505,0.0,14.5
1783973075.643,1894,7.481,-0.72,1.572,0.0,14.5
1783973075.643,1894,7.601,1.456,-0.644,0.0,12.2
1783973075.743,1895,7.347,1.699,-1.857,0.0,14.5
1783973075.743,1895,6.82,-1.213,3.51,0.0,14.5
1783973075.844,1896,7.431,-0.965,1.867,0.0,17.1
1783973075.844,1896,7.331,1.931,-1.469,0.0,17.1
1783973075.946,1897,7.406,-0.724,2.063,0.0,16.3
1783973075.946,1897,7.012,1.931,-2.595,0.0,16.3
1783973076.047,1898,7.32,1.699,-1.958,0.0,14.9
1783973076.047,1898,7.337,-0.728,2.44,0.0,14.9
1783973076.148,1899,7.254,1.699,-2.192,0.0,14.6
1783973076.148,1899,7.374,-0.971,2.232,0.0,14.6
1783973076.249,1900,7.431,1.699,-1.483,0.0,15.6
1783973076.249,1900,6.78,-0.971,3.661,0.0,15.6
1783973076.35,1901,7.372,1.931,-1.249,0.0,16.6
1783973076.35,1901,7.415,-0.724,2.032,0.0,16.6
1783973076.451,1902,7.406,1.931,-1.027,0.0,16.3
1783973076.451,1902,7.407,-0.965,1.958,0.0,16.3
1783973076.552,1903,7.364,1.699,-1.787,0.0,15.5
1783973076.552,1903,6.998,-0.971,3.225,0.0,15.5
1783973076.652,1904,7.354,1.456,-2.026,0.0,13.2
1783973076.652,1904,6.999,-1.213,3.138,0.0,13.2
1783973076.754,1905,0.642,-0.851,-0.389,0.0,11.3
1783973076.754,1905,7.414,-0.699,-0.453,0.0,11.4
1783973076.754,1905,6.909,1.865,2.107,0.0,11.4
1783973076.754,1905,7.453,1.456,-1.624,0.0,14.9
1783973076.754,1905,7.5,-0.728,1.878,0.0,14.9
1783973076.855,1906,7.422,-0.699,-0.296,0.0,11.4
1783973076.855,1906,6.799,2.098,2.242,0.0,11.4
1783973076.855,1906,7.538,1.456,-1.166,0.0,13.3
1783973076.956,1907,7.249,1.941,-1.997,0.0,14.5
1783973076.956,1907,7.367,-0.971,2.258,0.0,14.5
1783973077.058,1908,7.301,1.456,-2.211,0.0,14.3
1783973077.058,1908,7.354,-1.213,2.182,0.0,14.3
1783973077.158,1909,7.531,1.689,-0.241,0.0,14.2
1783973077.158,1909,7.582,-0.965,1.102,0.0,14.2
1783973077.158,1909,0.822,-0.055,-0.288,0.162,12.3
1783973077.259,1910,7.48,1.68,0.442,0.0,15.7
1783973077.259,1910,7.592,-0.96,-0.638,0.0,15.7
1783973077.361,1911,7.535,1.689,-0.094,0.0,15.5
1783973077.361,1911,7.651,-0.965,0.41,0.0,15.5
1783973077.461,1912,7.456,1.931,0.559,0.0,17.1
1783973077.461,1912,7.648,-0.965,0.46,0.0,17.1
1783973077.562,1913,7.264,1.92,1.583,0.0,15.4
1783973077.562,1913,7.541,-0.96,-1.083,0.0,15.4
1783973077.662,1914,7.275,1.68,1.791,0.0,16.2
1783973077.662,1914,7.526,-0.96,-1.181,0.0,16.2
1783973077.662,1914,7.702,-0.971,-0.2,0.0,15.2
1783973077.662,1914,7.321,1.456,2.143,0.0,15.2
1783973077.763,1915,7.328,1.931,1.487,0.0,13.6
1783973077.763,1915,7.626,-0.965,-0.743,0.0,13.6
1783973077.863,1916,0.462,0.267,0.297,0.0,14.6
1783973077.863,1916,7.662,-0.965,-0.028,0.0,15.7
1783973077.863,1916,6.543,1.931,3.618,0.0,15.7
1783973077.965,1917,7.632,-0.72,-0.448,0.0,15.8
1783973077.965,1917,7.278,1.68,1.783,0.0,15.8
1783973078.066,1918,0.458,0.267,0.303,0.0,13.5
1783973078.066,1918,7.536,-0.954,-0.768,0.0,14.3
1783973078.066,1918,7.178,1.909,1.768,0.0,14.3
1783973078.066,1918,7.616,-0.965,0.837,0.0,13.2
1783973078.167,1919,0.464,0.267,0.293,0.0,13.4
1783973078.167,1919,7.6,-0.716,-0.151,0.0,16.6
1783973078.167,1919,6.398,1.909,3.703,0.0,16.6
1783973078.167,1919,7.691,-0.483,0.506,0.0,14.6
1783973078.268,1920,0.457,0.267,0.305,0.0,13.3
1783973078.268,1920,7.575,-0.954,0.052,0.0,16.3
1783973078.369,1921,0.463,0.267,0.296,0.0,13.6
1783973078.369,1921,7.564,-0.954,-0.403,0.0,16.4
1783973078.369,1921,6.999,1.909,2.379,0.0,16.4
1783973078.472,1922,0.462,0.267,0.298,0.0,12.8
1783973078.472,1922,7.41,1.92,0.609,0.0,16.3
1783973078.472,1922,7.613,-0.96,-0.284,0.0,16.3
1783973078.573,1923,0.458,0.267,0.304,0.0,13.2
1783973078.573,1923,7.594,1.207,0.717,0.0,14.6
1783973078.675,1924,0.462,0.267,0.297,0.0,14.1
1783973078.675,1924,7.571,-0.954,-0.248,0.0,15.5
1783973078.675,1924,7.028,1.67,2.471,0.0,15.5
1783973078.675,1924,7.684,0.483,0.597,0.0,15.1
1783973078.675,1924,0.866,-0.143,-0.263,-0.162,17.4
1783973078.775,1925,0.458,0.267,0.302,0.0,14.5
1783973078.775,1925,7.236,2.147,1.15,0.0,14.2
1783973078.775,1925,7.505,-1.193,-0.742,0.0,14.2
1783973078.775,1925,7.38,1.456,-1.931,0.0,14.0
1783973078.876,1926,0.461,0.267,0.298,0.0,14.2
1783973078.876,1926,7.467,-0.954,1.273,0.0,17.2
1783973078.876,1926,7.249,2.386,-0.222,0.0,17.2
1783973078.876,1926,7.012,1.931,-2.596,0.0,14.2
1783973078.876,1926,7.119,-0.724,2.902,0.0,14.2
1783973078.876,1926,0.775,-0.258,-0.414,-0.162,12.9
1783973078.977,1927,0.457,0.267,0.304,0.0,14.4
1783973078.977,1927,7.622,1.207,-0.3,0.0,16.5
1783973079.18,1929,7.36,1.92,1.054,0.0,14.2
1783973079.18,1929,7.431,-0.96,-1.681,0.0,14.2
1783973079.231,1930,7.402,-0.933,-0.0,0.0,11.3
1783973079.231,1930,7.323,-0.724,2.342,0.0,11.8
1783973079.231,1930,7.032,2.172,-2.339,0.0,11.8
1783973079.382,1931,7.592,-0.96,0.635,0.0,12.3
1783973079.382,1931,7.435,1.92,-0.043,0.0,12.3
1783973079.382,1931,7.689,-0.976,0.959,0.0,11.9
1783973079.483,1932,7.504,-0.724,1.672,0.0,14.4
1783973079.534,1933,7.526,-0.949,0.286,0.0,15.7
1783973079.634,1934,7.574,-0.954,-0.142,0.0,15.9
1783973079.786,1935,0.469,0.267,0.286,0.0,13.2
1783973079.786,1935,7.567,-0.96,0.881,0.0,15.1
1783973079.786,1935,7.433,1.92,-0.179,0.0,15.1
1783973079.836,1936,0.459,0.267,0.301,0.0,12.8
1783973079.836,1936,7.461,-0.724,1.857,0.0,13.4
1783973079.836,1936,7.207,1.931,-1.992,0.0,13.4
1783973079.937,1937,7.603,-0.724,-1.142,0.0,13.3
1783973079.937,1937,7.266,1.689,1.996,0.0,13.3
1783973080.089,1938,0.46,0.267,0.3,0.0,13.2
1783973080.089,1938,7.655,-0.965,-0.33,0.0,12.1
1783973080.089,1938,7.25,1.689,2.054,0.0,12.1
1783973080.139,1939,7.614,-0.96,0.266,0.0,16.2
1783973080.139,1939,6.897,1.92,2.776,0.0,16.2
1783973080.24,1940,0.473,0.267,0.28,0.0,13.7
1783973080.24,1940,7.644,-0.724,0.828,0.0,15.3
1783973080.34,1941,0.476,0.267,0.275,0.0,13.8
1783973080.34,1941,7.587,-0.976,1.573,0.0,12.3
1783973080.442,1942,0.478,0.267,0.27,0.0,14.1
1783973080.442,1942,7.611,-0.965,0.88,0.0,14.7
1783973080.442,1942,7.318,1.689,-1.798,0.0,14.7
1783973080.442,1942,7.601,-0.976,1.504,0.0,12.2
1783973080.543,1943,0.48,0.267,0.266,0.0,13.6
1783973080.543,1943,7.607,-0.96,0.413,0.0,14.7
1783973080.543,1943,7.416,1.92,-0.531,0.0,14.7
1783973080.644,1944,0.483,0.267,0.262,0.0,14.2
1783973080.644,1944,7.571,-0.954,0.239,0.0,15.3
1783973080.644,1944,7.699,0.971,-0.296,0.0,13.0
1783973080.644,1944,7.365,-0.971,-2.265,0.0,13.0
1783973080.745,1945,0.481,0.267,0.266,0.0,14.2
1783973080.745,1945,7.552,-0.954,0.592,0.0,15.8
1783973080.845,1946,0.485,0.267,0.258,0.0,13.7
1783973080.845,1946,7.571,-0.954,0.26,0.0,14.7
1783973080.845,1946,7.7,0.971,-0.273,0.0,11.6
1783973080.946,1947,0.49,0.267,0.249,0.0,13.6
1783973080.946,1947,7.49,-0.954,1.133,0.0,12.7
1783973080.946,1947,7.152,1.67,-2.088,0.0,12.7
1783973080.946,1947,7.477,1.213,-1.711,0.0,11.7
1783973081.047,1948,0.484,0.267,0.26,0.0,13.6
1783973081.047,1948,7.618,-0.96,-0.099,0.0,13.5
1783973081.047,1948,6.532,1.68,3.671,0.0,13.5
1783973081.148,1949,0.468,0.267,0.288,0.0,13.7
1783973081.148,1949,7.573,-0.954,0.163,0.0,17.7
1783973081.148,1949,7.762,-0.243,0.013,0.0,12.9
1783973081.148,1949,6.65,1.941,-3.509,0.0,12.9
1783973081.249,1950,0.476,0.267,0.273,0.0,14.0
1783973081.249,1950,7.539,-1.193,0.185,0.0,16.6
1783973081.249,1950,7.757,-0.243,-0.295,0.0,11.6
1783973081.35,1951,0.464,0.267,0.294,0.0,14.7
1783973081.35,1951,7.574,-0.954,0.157,0.0,16.2
1783973081.35,1951,7.101,2.625,0.988,0.0,16.2
1783973081.451,1952,0.464,0.267,0.294,0.0,13.6
1783973081.451,1952,7.672,-0.724,0.494,0.0,12.5
1783973081.551,1953,0.46,0.267,0.3,0.0,13.4
1783973081.551,1953,7.571,-0.474,0.297,0.0,11.7
1783973081.551,1953,7.688,-0.724,0.087,0.0,14.1
1783973081.551,1953,6.746,1.931,3.225,0.0,14.1
1783973081.651,1954,0.469,0.267,0.286,0.0,13.4
1783973081.651,1954,7.448,-0.469,-0.782,0.0,12.5
1783973081.651,1954,7.163,1.642,1.518,0.0,12.5
1783973081.651,1954,7.537,1.699,-0.785,0.0,12.2
1783973081.651,1954,7.478,-1.213,1.706,0.0,12.2
1783973081.752,1955,0.468,0.267,0.288,0.0,13.2
1783973081.752,1955,7.573,-0.954,0.182,0.0,18.0
1783973081.853,1956,0.459,0.267,0.302,0.0,13.6
1783973081.853,1956,7.573,-0.954,0.187,0.0,16.3
1783973081.853,1956,7.546,1.708,-1.061,0.0,12.0
1783973081.954,1957,7.572,-0.954,-0.22,0.0,16.7
1783973081.954,1957,6.676,1.67,3.308,0.0,16.7
1783973081.954,1957,7.41,1.456,-1.809,0.0,15.8
1783973081.954,1957,7.357,-0.971,2.289,0.0,15.8
1783973082.054,1958,0.458,0.267,0.303,0.0,14.4
1783973082.054,1958,7.372,-0.954,1.74,0.0,15.7
1783973082.054,1958,7.321,1.909,-1.024,0.0,15.7
1783973082.054,1958,7.555,1.952,-0.312,0.0,13.5
1783973082.155,1959,0.476,0.267,0.275,0.0,13.4
1783973082.155,1959,7.199,2.386,0.879,0.0,13.1
1783973082.155,1959,7.45,-1.432,0.864,0.0,13.1
1783973082.155,1959,7.534,1.952,-0.646,0.0,14.4
1783973082.155,1959,7.204,-0.976,2.854,0.0,14.4
1783973082.257,1960,0.47,0.267,0.284,0.0,12.8
1783973082.257,1960,7.325,1.909,0.995,0.0,13.1
1783973082.257,1960,7.407,-1.432,1.175,0.0,13.1
1783973082.257,1960,7.442,1.952,-1.34,0.0,12.0
1783973082.257,1960,7.345,-0.976,2.467,0.0,12.0
1783973082.359,1961,0.478,0.267,0.271,0.0,13.4
1783973082.359,1961,7.522,-0.96,1.206,0.0,14.0
1783973082.359,1961,7.028,1.68,-2.597,0.0,14.0
1783973082.359,1961,7.549,0.971,-1.544,0.0,11.4
1783973082.461,1962,0.47,0.267,0.284,0.0,12.9
1783973082.461,1962,7.572,-0.954,0.219,0.0,17.4
1783973082.461,1962,7.697,0.971,-0.359,0.0,13.3
1783973082.562,1963,0.478,0.267,0.27,0.0,13.9
1783973082.562,1963,7.574,-0.954,0.107,0.0,14.9
1783973082.562,1963,7.525,1.213,-1.488,0.0,12.7
1783973082.662,1964,0.475,0.267,0.275,0.0,13.8
1783973082.662,1964,7.574,-0.954,-0.101,0.0,16.6
1783973082.662,1964,6.596,1.909,3.338,0.0,16.6
1783973082.662,1964,7.483,1.213,-1.684,0.0,12.9
1783973082.662,1964,7.21,-1.456,2.49,0.0,12.9
1783973082.763,1965,0.475,0.267,0.276,0.0,14.1
1783973082.763,1965,7.522,-0.954,0.897,0.0,18.3
1783973082.763,1965,7.382,1.909,-0.394,0.0,18.3
1783973082.763,1965,7.561,1.952,0.046,0.0,12.8
1783973082.865,1966,0.47,0.267,0.284,0.0,13.8
1783973082.865,1966,7.452,-0.954,1.362,0.0,16.5
1783973082.865,1966,7.273,2.147,-0.889,0.0,16.5
1783973082.865,1966,7.578,1.699,-0.013,0.0,15.7
1783973082.965,1967,0.469,0.267,0.286,0.0,13.5
1783973082.965,1967,7.507,-1.193,0.72,0.0,13.5
1783973082.965,1967,7.308,2.147,0.521,0.0,13.5
1783973082.965,1967,7.599,1.456,0.665,0.0,17.6
1783973083.066,1968,0.469,0.267,0.286,0.0,14.2
1783973083.066,1968,7.513,-1.193,0.648,0.0,14.8
1783973083.066,1968,7.601,1.708,0.546,0.0,14.4
1783973083.168,1969,0.466,0.267,0.291,0.0,14.1
1783973083.168,1969,7.563,-0.954,0.432,0.0,16.6
1783973083.168,1969,7.547,1.952,0.461,0.0,15.5
1783973083.268,1970,0.473,0.267,0.279,0.0,14.2
1783973083.268,1970,7.553,-0.954,0.582,0.0,16.8
1783973083.268,1970,7.26,1.67,-1.67,0.0,16.8
1783973083.268,1970,7.547,1.952,0.476,0.0,13.8
1783973083.369,1971,0.473,0.267,0.28,0.0,13.8
1783973083.369,1971,7.541,-1.193,-0.086,0.0,15.0
1783973083.369,1971,7.381,1.67,1.014,0.0,15.0
1783973083.369,1971,7.375,1.456,-1.947,0.0,14.9
1783973083.47,1972,0.48,0.267,0.267,0.0,13.9
1783973083.47,1972,7.557,-0.954,-0.524,0.0,14.0
1783973083.571,1973,0.477,0.267,0.272,0.0,14.2
1783973083.571,1973,7.575,-0.954,0.066,0.0,13.0
1783973083.571,1973,7.4,1.67,-0.859,0.0,13.0
1783973083.571,1973,7.62,-1.213,0.877,0.0,14.3
1783973083.671,1974,0.485,0.267,0.259,0.0,13.7
1783973083.671,1974,7.523,-0.949,0.371,0.0,15.7
1783973083.671,1974,7.627,1.456,-0.13,0.0,14.8
1783973083.772,1975,0.48,0.267,0.267,0.0,13.9
1783973083.772,1975,7.563,-0.954,-0.427,0.0,16.6
1783973083.772,1975,7.137,1.909,1.926,0.0,16.6
1783973083.772,1975,7.555,-0.724,1.423,0.0,15.9
1783973083.772,1975,6.995,1.689,-2.802,0.0,15.9
1783973083.772,1975,7.617,1.708,0.22,0.0,12.3
1783973083.873,1976,7.574,-0.954,0.103,0.0,16.2
1783973083.873,1976,7.252,1.909,1.435,0.0,16.2
1783973083.873,1976,7.577,1.699,-0.128,0.0,16.8
1783973083.974,1977,7.525,-0.954,0.868,0.0,13.4
1783973083.974,1977,7.549,1.952,0.439,0.0,14.3
1783973084.076,1978,7.554,-0.954,-0.572,0.0,15.0
1783973084.076,1978,7.398,1.67,0.876,0.0,15.0
1783973084.076,1978,7.531,1.952,0.675,0.0,15.6
1783973084.176,1979,7.574,-0.954,-0.135,0.0,14.0
1783973084.176,1979,7.12,2.386,1.379,0.0,14.0
1783973084.176,1979,7.67,1.464,-0.104,0.0,15.5
1783973084.276,1980,7.526,-0.954,0.863,0.0,15.4
1783973084.276,1980,7.026,2.863,0.858,0.0,15.4
1783973084.276,1980,7.667,-1.213,0.235,0.0,14.5
1783973084.377,1981,7.53,-0.954,0.822,0.0,15.5
1783973084.377,1981,8.444,0.529,-0.254,0.0,11.3
1783973084.377,1981,7.898,-2.645,-1.506,0.0,11.3
1783973084.478,1982,7.501,-1.193,0.782,0.0,15.6
1783973084.58,1983,0.461,0.267,0.299,0.0,14.3
1783973084.58,1983,7.519,-0.954,0.918,0.0,16.6
1783973084.58,1983,7.214,2.386,0.745,0.0,16.6
1783973084.68,1984,0.459,0.267,0.301,0.0,14.4
1783973084.68,1984,7.524,-1.193,0.507,0.0,15.3
1783973084.68,1984,7.111,2.386,1.427,0.0,15.3
1783973084.68,1984,7.188,2.413,1.461,0.0,12.7
1783973084.68,1984,7.674,-0.483,0.71,0.0,12.7
1783973084.781,1985,0.469,0.267,0.286,0.0,14.1
1783973084.781,1985,7.499,-1.193,0.8,0.0,16.5
1783973084.781,1985,7.246,1.941,-2.008,0.0,14.6
1783973084.781,1985,7.711,-0.728,0.559,0.0,14.6
1783973084.882,1986,0.458,0.267,0.302,0.0,14.1
1783973084.882,1986,7.498,-1.186,0.052,0.0,12.8
1783973084.882,1986,7.39,1.456,-1.891,0.0,12.0
1783973084.882,1986,7.588,-1.456,0.781,0.0,12.0
1783973084.933,1987,0.458,0.267,0.303,0.0,14.6
1783973084.933,1987,7.544,-0.954,0.687,0.0,18.5
1783973084.933,1987,7.367,1.931,1.279,0.0,12.9
1783973085.034,1988,0.469,0.267,0.286,0.0,14.3
1783973085.034,1988,7.404,-0.954,1.602,0.0,15.3
1783973085.034,1988,7.344,1.909,-0.846,0.0,15.3
1783973085.185,1989,6.854,2.111,2.21,0.0,11.3
1783973085.185,1989,7.468,-0.704,0.206,0.0,11.3
1783973085.185,1989,7.483,-0.954,1.18,0.0,17.2
1783973085.288,1990,7.412,-0.699,0.483,0.0,12.5
1783973085.288,1990,7.048,2.098,1.259,0.0,12.5
1783973085.288,1990,7.495,-0.949,0.74,0.0,16.5
1783973085.288,1990,7.732,-0.728,0.024,0.0,13.5
1783973085.339,1991,7.483,-1.186,0.481,0.0,12.7
1783973085.339,1991,7.732,-0.728,0.0,0.0,14.7
1783973085.439,1992,7.593,-0.716,0.357,0.0,18.2
1783973085.541,1993,7.575,-0.954,0.065,0.0,17.9
1783973085.641,1994,7.53,-0.949,0.165,0.0,13.9
1783973085.641,1994,7.56,1.952,0.13,0.0,15.5
1783973085.641,1994,8.418,0.264,0.838,0.0,11.2
1783973085.641,1994,7.636,-2.645,-2.518,0.0,11.2
1783973085.742,1995,7.535,1.689,-0.084,0.0,14.7
1783973085.742,1995,7.662,-0.965,0.055,0.0,14.7
1783973085.843,1996,0.46,0.267,0.3,0.0,14.4
1783973085.843,1996,7.527,-0.949,-0.275,0.0,12.8
1783973085.843,1996,7.206,1.898,1.452,0.0,12.8
1783973085.843,1996,7.449,1.689,-1.14,0.0,12.4
1783973085.843,1996,7.309,-0.965,2.297,0.0,12.4
1783973085.943,1997,7.507,-0.949,0.609,0.0,15.6
1783973085.943,1997,7.597,-0.965,0.996,0.0,15.9
1783973086.044,1998,7.555,-0.712,0.201,0.0,15.6
1783973086.044,1998,7.6,1.456,-0.654,0.0,15.9
1783973086.145,1999,0.477,0.267,0.272,0.0,14.2
1783973086.145,1999,7.489,-0.716,1.303,0.0,14.9
1783973086.145,1999,7.37,1.909,-0.571,0.0,14.9
1783973086.145,1999,7.57,1.699,-0.341,0.0,16.5
1783973086.145,1999,7.594,-1.213,1.083,0.0,16.5
1783973086.246,2000,7.545,-0.954,0.676,0.0,17.3
1783973086.246,2000,7.391,1.909,-0.168,0.0,17.3
1783973086.246,2000,7.66,1.213,0.408,0.0,16.5
1783973086.347,2001,0.463,0.267,0.296,0.0,14.3
1783973086.347,2001,7.561,-0.954,0.459,0.0,16.6
1783973086.347,2001,7.367,1.909,-0.614,0.0,16.6
1783973086.347,2001,7.573,1.699,-0.282,0.0,16.2
1783973086.447,2002,0.465,0.267,0.292,0.0,14.0
1783973086.447,2002,0.628,-0.886,-0.326,0.0,11.6
1783973086.447,2002,7.573,-0.954,0.192,0.0,16.1
1783973086.447,2002,7.702,0.971,-0.225,0.0,14.7
1783973086.548,2003,0.461,0.267,0.298,0.0,14.0
1783973086.548,2003,7.563,-0.716,0.762,0.0,14.6
1783973086.548,2003,7.578,1.699,-0.031,0.0,19.0
1783973086.648,2004,0.47,0.267,0.285,0.0,13.7
1783973086.648,2004,7.541,-0.954,0.721,0.0,17.3
1783973086.648,2004,7.575,1.699,0.193,0.0,16.4
1783973086.749,2005,0.489,0.267,0.25,0.0,14.0
1783973086.749,2005,7.345,1.909,-0.839,0.0,15.7
1783973086.749,2005,7.451,-0.716,1.502,0.0,15.7
1783973086.749,2005,7.661,1.213,-0.384,0.0,17.1
1783973086.85,2006,7.521,-0.712,0.745,0.0,19.5
1783973086.85,2006,7.564,1.699,-0.461,0.0,16.3
1783973086.95,2007,0.461,0.267,0.299,0.0,12.7
1783973086.95,2007,7.574,-0.48,1.17,0.0,15.1
1783973086.95,2007,7.112,2.16,-1.928,0.0,15.1
1783973086.95,2007,7.628,1.456,0.095,0.0,16.6
1783973087.051,2008,7.463,-0.704,0.342,0.0,12.0
1783973087.051,2008,7.569,1.699,-0.364,0.0,15.0
1783973087.151,2009,7.467,-0.704,0.248,0.0,14.1
1783973087.151,2009,7.575,1.699,-0.203,0.0,14.6
1783973087.252,2010,0.458,0.267,0.303,0.0,13.5
1783973087.252,2010,0.624,-0.886,-0.334,0.0,11.3
1783973087.252,2010,7.437,-0.704,0.718,0.0,11.5
1783973087.252,2010,6.503,3.049,2.176,0.0,11.5
1783973087.252,2010,7.601,-0.716,0.016,0.0,13.9
1783973087.252,2010,6.476,2.147,3.427,0.0,13.9
1783973087.252,2010,7.523,1.699,-0.908,0.0,14.8
1783973087.353,2011,0.477,0.267,0.273,0.0,13.5
1783973087.353,2011,0.634,-0.886,-0.316,0.0,11.3
1783973087.353,2011,7.575,-0.954,-0.019,0.0,17.1
1783973087.353,2011,7.327,1.909,0.984,0.0,17.1
1783973087.353,2011,7.503,0.971,-1.753,0.0,12.3
1783973087.453,2012,7.575,-0.954,-0.02,0.0,18.0
1783973087.453,2012,7.308,1.909,1.116,0.0,18.0
1783973087.453,2012,7.359,1.941,-1.547,0.0,11.5
1783973087.554,2013,0.644,-0.886,-0.294,0.0,11.8
1783973087.554,2013,7.532,-0.949,-0.037,0.0,16.7
1783973087.554,2013,7.481,1.941,-0.761,0.0,12.3
1783973087.655,2014,0.472,0.267,0.281,0.0,13.5
1783973087.655,2014,7.195,1.909,1.698,0.0,15.7
1783973087.655,2014,7.589,-0.716,-0.433,0.0,15.7
1783973087.655,2014,7.63,0.971,-1.072,0.0,12.4
1783973087.757,2015,0.466,0.267,0.291,0.0,13.8
1783973087.757,2015,7.453,-0.704,0.513,0.0,11.7
1783973087.757,2015,7.555,-0.712,-0.217,0.0,14.2
1783973087.757,2015,6.983,2.135,2.076,0.0,14.2
1783973087.757,2015,7.64,1.213,-0.689,0.0,14.2
1783973087.858,2016,0.478,0.267,0.271,0.0,13.9
1783973087.858,2016,7.532,-0.949,0.048,0.0,16.8
1783973087.858,2016,7.645,1.213,-0.619,0.0,13.2
1783973087.958,2017,0.479,0.267,0.27,0.0,13.6
1783973087.958,2017,7.76,-0.243,0.174,0.0,15.5
1783973088.06,2018,0.475,0.267,0.275,0.0,14.0
1783973088.06,2018,7.529,-0.949,0.198,0.0,12.8
1783973088.06,2018,7.517,1.699,-0.954,0.0,14.0
1783973088.06,2018,7.634,-1.213,0.751,0.0,14.0
1783973088.161,2019,0.477,0.267,0.271,0.0,14.8
1783973088.161,2019,7.453,-0.949,1.089,0.0,13.6
1783973088.161,2019,7.249,2.135,-0.728,0.0,13.6
1783973088.161,2019,7.467,1.699,-1.292,0.0,15.8
1783973088.161,2019,7.136,-1.213,2.814,0.0,15.8
1783973088.262,2020,0.473,0.267,0.279,0.0,13.0
1783973088.262,2020,7.177,1.931,-2.097,0.0,18.6
1783973088.262,2020,7.507,-0.724,1.661,0.0,18.6
1783973088.363,2021,0.475,0.267,0.275,0.0,14.0
1783973088.363,2021,7.469,-0.949,0.968,0.0,15.5
1783973088.363,2021,7.239,1.898,-1.276,0.0,15.5
1783973088.363,2021,7.485,1.708,-1.433,0.0,12.5
1783973088.363,2021,7.396,-0.976,2.31,0.0,12.5
1783973088.463,2022,0.476,0.267,0.274,0.0,13.2
1783973088.463,2022,0.625,-0.886,-0.333,0.0,12.2
1783973088.463,2022,7.569,-0.954,0.3,0.0,16.0
1783973088.463,2022,7.421,1.67,0.657,0.0,16.0
1783973088.463,2022,7.64,-0.965,0.58,0.0,14.4
1783973088.463,2022,6.624,2.172,3.323,0.0,14.4
1783973088.463,2022,7.459,2.454,0.13,0.0,12.3
1783973088.564,2023,0.479,0.267,0.268,0.0,14.4
1783973088.564,2023,7.572,-0.954,-0.211,0.0,16.9
1783973088.564,2023,7.308,1.909,1.114,0.0,16.9
1783973088.767,2025,0.471,0.267,0.282,0.0,13.8
1783973088.767,2025,7.642,-0.72,0.211,0.0,14.8
1783973088.767,2025,7.43,1.92,-0.254,0.0,14.8
1783973088.868,2026,0.467,0.267,0.29,0.0,13.8
1783973088.868,2026,0.604,-0.886,-0.369,0.0,11.4
1783973088.868,2026,0.759,0.674,0.507,0.0,11.4
1783973088.868,2026,7.657,-0.965,0.259,0.0,13.6
1783973088.968,2027,0.636,-0.886,-0.311,0.0,12.0
1783973088.968,2027,6.967,2.345,1.506,0.0,11.6
1783973088.968,2027,7.39,-0.469,1.218,0.0,11.6
1783973088.968,2027,7.454,-0.954,1.347,0.0,17.3
1783973088.968,2027,7.233,2.386,0.537,0.0,17.3
1783973088.968,2027,7.103,-1.213,2.895,0.0,11.3
1783973088.968,2027,7.145,1.699,-2.525,0.0,11.3
1783973089.07,2028,0.478,0.267,0.271,0.0,13.0
1783973089.07,2028,7.324,2.16,0.813,0.0,12.3
1783973089.171,2029,0.459,0.267,0.302,0.0,13.7
1783973089.171,2029,0.63,-0.886,-0.323,0.0,11.6
1783973089.171,2029,0.809,0.674,0.423,0.0,11.6
1783973089.171,2029,7.38,1.909,0.439,0.0,15.2
1783973089.171,2029,7.557,-0.954,-0.517,0.0,15.2
1783973089.171,2029,7.354,2.44,0.973,0.0,12.3
1783973089.171,2029,7.464,-1.464,1.77,0.0,12.3
1783973089.272,2030,7.423,-0.699,0.259,0.0,12.3
1783973089.272,2030,7.382,1.92,0.885,0.0,15.0
1783973089.272,2030,7.572,-0.72,-1.05,0.0,15.0
1783973089.374,2031,0.487,0.267,0.254,0.0,13.1
1783973089.374,2031,7.433,1.92,0.156,0.0,12.0
1783973089.474,2032,7.347,-0.971,2.322,0.0,12.6
1783973089.474,2032,6.942,1.941,-2.89,0.0,12.6
1783973089.575,2033,7.459,-0.704,0.424,0.0,13.8
1783973089.575,2033,7.46,2.196,0.712,0.0,12.7
1783973089.575,2033,7.143,-1.22,2.911,0.0,12.7
1783973089.676,2034,0.464,0.267,0.294,0.0,12.8
1783973089.676,2034,0.635,-0.886,-0.313,0.0,12.0
1783973089.676,2034,0.715,0.674,0.567,0.0,12.0
1783973089.676,2034,7.38,-0.938,0.983,0.0,14.7
1783973089.676,2034,6.756,1.876,-2.675,0.0,14.7
1783973089.777,2035,0.468,0.267,0.288,0.0,13.6
1783973089.777,2035,0.637,-0.886,-0.308,0.0,11.4
1783973089.777,2035,7.466,-0.704,0.264,0.0,14.4
1783973089.777,2035,7.201,1.876,-0.967,0.0,14.4
1783973089.777,2035,7.427,1.931,-0.868,0.0,13.5
1783973089.777,2035,7.442,-0.483,2.005,0.0,13.5
1783973089.879,2036,0.632,-0.886,-0.319,0.0,11.3
1783973089.879,2036,7.12,2.147,1.73,0.0,15.3
1783973089.879,2036,7.571,-0.954,-0.251,0.0,15.3
1783973089.981,2037,0.471,0.267,0.283,0.0,13.9
1783973089.981,2037,7.283,2.147,0.804,0.0,12.6
1783973089.981,2037,7.429,-1.432,1.026,0.0,12.6
1783973090.031,2038,0.473,0.267,0.28,0.0,14.0
1783973090.031,2038,7.474,-1.186,0.597,0.0,14.0
1783973090.031,2038,7.583,-0.965,1.098,0.0,12.7
1783973090.182,2039,0.465,0.267,0.293,0.0,13.7
1783973090.182,2039,7.511,-0.708,-0.219,0.0,13.4
1783973090.182,2039,7.068,1.887,1.858,0.0,13.4
1783973090.182,2039,7.361,2.172,-0.853,0.0,14.5
1783973090.182,2039,6.687,-0.724,3.793,0.0,14.5
1783973090.284,2040,0.475,0.267,0.275,0.0,13.2
1783973090.284,2040,0.564,-0.922,-0.345,0.0,11.2
1783973090.284,2040,0.804,0.674,0.432,0.0,11.2
1783973090.284,2040,7.389,-0.938,0.913,0.0,14.5
1783973090.284,2040,6.536,2.111,-3.023,0.0,14.5
1783973090.284,2040,8.443,0.529,0.268,0.0,11.4
1783973090.284,2040,7.97,-2.645,-1.058,0.0,11.4
1783973090.334,2041,0.471,0.267,0.282,0.0,13.5
1783973090.334,2041,7.381,-0.933,0.562,0.0,12.0
1783973090.334,2041,6.968,2.565,0.729,0.0,12.0
1783973090.436,2042,0.472,0.267,0.281,0.0,13.0
1783973090.436,2042,7.401,-0.938,0.814,0.0,12.5
1783973090.436,2042,6.829,2.814,1.327,0.0,12.5
1783973090.436,2042,7.688,-0.724,0.073,0.0,12.6
1783973090.436,2042,6.808,1.689,3.23,0.0,12.6
1783973090.586,2043,0.481,0.267,0.265,0.0,14.0
1783973090.586,2043,7.575,-0.954,-0.009,0.0,14.8
1783973090.586,2043,7.57,-0.724,1.341,0.0,11.6
1783973090.687,2044,0.464,0.267,0.294,0.0,14.0
1783973090.687,2044,0.638,-0.886,-0.306,0.0,11.2
1783973090.687,2044,7.575,-0.954,-0.059,0.0,14.7
1783973090.687,2044,7.608,1.213,-0.979,0.0,11.5
1783973090.687,2044,7.582,-1.456,0.834,0.0,11.5
1783973090.737,2045,0.463,0.267,0.295,0.0,14.1
1783973090.737,2045,7.627,1.207,0.04,0.0,16.2
1783973090.888,2046,0.472,0.267,0.281,0.0,12.9
1783973090.888,2046,7.657,0.965,0.261,0.0,14.9
1783973090.939,2047,0.473,0.267,0.28,0.0,14.2
1783973090.939,2047,7.575,-0.954,-0.057,0.0,17.0
1783973090.939,2047,6.661,1.67,3.337,0.0,17.0
1783973091.04,2048,0.462,0.267,0.297,0.0,13.7
1783973091.04,2048,0.609,-0.886,-0.361,0.0,11.2
1783973091.04,2048,7.4,-0.933,0.171,0.0,11.7
1783973091.04,2048,7.618,1.456,0.388,0.0,13.8
1783973091.04,2048,7.143,-0.728,-2.958,0.0,13.8
1783973091.141,2049,0.465,0.267,0.292,0.0,14.2
1783973091.141,2049,7.602,1.456,-0.627,0.0,15.4
1783973091.241,2050,0.467,0.267,0.289,0.0,13.5
1783973091.241,2050,7.625,1.456,-0.227,0.0,15.8
1783973091.341,2051,0.464,0.267,0.295,0.0,13.8
1783973091.341,2051,0.603,-0.886,-0.371,0.0,11.5
1783973091.341,2051,0.749,0.674,0.522,0.0,11.5
1783973091.341,2051,7.507,1.699,-1.032,0.0,15.0
1783973091.444,2052,0.465,0.267,0.292,0.0,13.4
1783973091.444,2052,7.483,-1.186,0.476,0.0,15.5
1783973091.444,2052,7.118,2.61,0.385,0.0,15.5
1783973091.444,2052,7.49,1.456,-1.443,0.0,13.0
1783973091.444,2052,6.756,-1.213,3.632,0.0,13.0
1783973091.545,2053,0.47,0.267,0.284,0.0,13.8
1783973091.545,2053,0.636,-0.886,-0.31,0.0,11.2
1783973091.545,2053,7.529,-0.949,-0.206,0.0,13.8
1783973091.545,2053,7.216,2.135,1.002,0.0,13.8
1783973091.545,2053,7.59,-0.724,1.225,0.0,16.9
1783973091.545,2053,7.46,1.931,0.502,0.0,16.9
1783973091.647,2054,0.476,0.267,0.274,0.0,13.9
1783973091.647,2054,0.618,-0.886,-0.346,0.0,11.3
1783973091.647,2054,7.531,-0.949,-0.091,0.0,14.9
1783973091.647,2054,6.593,1.661,3.376,0.0,14.9
1783973091.647,2054,7.475,1.931,-0.159,0.0,18.4
1783973091.647,2054,6.7,-0.965,3.716,0.0,18.4
1783973091.747,2055,0.476,0.267,0.274,0.0,14.4
1783973091.747,2055,7.555,1.699,-0.589,0.0,16.4
1783973091.849,2056,0.351,-0.496,0.059,0.0,14.1
1783973091.849,2056,0.492,0.267,0.244,0.0,14.1
1783973091.849,2056,7.569,-0.716,0.705,0.0,15.5
1783973091.849,2056,7.563,1.699,-0.466,0.0,15.5
1783973091.95,2057,0.457,0.267,0.305,0.0,12.0
1783973091.95,2057,7.489,1.456,-1.452,0.0,14.7
1783973091.95,2057,6.717,-1.213,3.705,0.0,14.7
1783973092.05,2058,0.506,0.248,0.067,0.0,14.0
1783973092.05,2058,0.63,-0.886,-0.323,0.0,12.4
1783973092.05,2058,7.18,-0.724,2.75,0.0,16.3
1783973092.05,2058,7.395,1.931,-1.103,0.0,16.3
1783973092.152,2059,0.307,-0.439,0.293,0.0,11.8
1783973092.152,2059,0.642,-0.886,-0.298,0.0,11.2
1783973092.152,2059,7.401,1.931,1.06,0.0,15.6
1783973092.152,2059,7.2,-0.724,-2.697,0.0,15.6
1783973092.253,2060,0.503,0.267,0.221,0.0,12.9
1783973092.253,2060,0.303,-0.439,0.297,0.0,12.9
1783973092.253,2060,7.526,-0.949,-0.294,0.0,11.2
1783973092.253,2060,6.942,1.661,2.585,0.0,11.2
1783973092.253,2060,7.629,-0.965,0.711,0.0,14.7
1783973092.253,2060,7.476,1.931,-0.115,0.0,14.7
1783973092.354,2061,0.338,-0.477,0.176,0.0,13.2
1783973092.354,2061,0.478,0.267,0.27,0.0,13.2
1783973092.354,2061,7.472,1.699,-1.26,0.0,13.3
1783973092.455,2062,0.635,-0.886,-0.313,0.0,12.1
1783973092.455,2062,7.575,-0.954,0.035,0.0,15.0
1783973092.556,2063,0.617,-0.886,-0.347,0.0,11.7
1783973092.556,2063,7.588,1.213,-1.12,0.0,12.8
1783973092.657,2064,7.594,1.456,-0.726,0.0,16.8
1783973092.758,2065,7.466,-0.704,-0.286,0.0,11.6
1783973092.758,2065,7.265,1.876,0.108,0.0,11.6
1783973092.758,2065,7.663,1.213,-0.341,0.0,14.2
1783973092.859,2066,7.66,0.965,0.139,0.0,13.8
1783973092.959,2067,0.634,-0.886,-0.315,0.0,12.1
1783973092.959,2067,7.497,-0.949,0.719,0.0,14.6
1783973092.959,2067,7.674,0.728,-0.939,0.0,13.4
1783973093.061,2068,7.528,-0.949,0.255,0.0,15.8
1783973093.061,2068,7.518,1.456,-1.29,0.0,14.1
1783973093.061,2068,6.802,-1.456,3.453,0.0,14.1
1783973093.162,2069,7.199,1.876,0.985,0.0,11.4
1783973093.162,2069,7.458,-0.704,0.436,0.0,11.4
1783973093.162,2069,7.502,-0.954,1.051,0.0,15.7
1783973093.162,2069,7.236,1.909,-1.513,0.0,15.7
1783973093.162,2069,7.561,1.952,-0.085,0.0,11.4
1783973093.263,2070,0.62,-0.886,-0.342,0.0,12.0
1783973093.263,2070,7.693,-0.483,-0.464,0.0,13.4
1783973093.263,2070,7.449,2.196,-0.823,0.0,12.4
1783973093.363,2071,0.681,-0.851,-0.315,0.0,11.3
1783973093.363,2071,7.443,-0.938,0.199,0.0,12.4
1783973093.363,2071,7.186,1.876,1.076,0.0,12.4
1783973093.363,2071,7.388,1.699,-1.686,0.0,12.8
1783973093.363,2071,7.055,-1.213,3.01,0.0,12.8
1783973093.464,2072,0.618,-0.886,-0.346,0.0,11.8
1783973093.464,2072,7.443,-0.938,0.193,0.0,16.5
1783973093.464,2072,7.532,-0.949,-0.067,0.0,13.6
1783973093.464,2072,6.702,1.898,3.018,0.0,13.6
1783973093.464,2072,7.658,-0.728,1.068,0.0,12.0
1783973093.565,2073,0.617,-0.886,-0.348,0.0,12.2
1783973093.565,2073,7.411,-0.965,1.944,0.0,15.1
1783973093.565,2073,6.877,1.931,-2.935,0.0,15.1
1783973093.667,2074,0.634,-0.886,-0.316,0.0,11.2
1783973093.667,2074,7.528,-0.949,0.225,0.0,15.1
1783973093.667,2074,7.436,-0.965,1.847,0.0,14.8
1783973093.667,2074,6.934,1.689,-2.95,0.0,14.8
1783973093.768,2075,0.626,-0.886,-0.331,0.0,11.9
1783973093.768,2075,7.487,-0.72,1.544,0.0,11.8
1783973093.87,2076,7.54,-0.724,1.502,0.0,15.7
1783973093.972,2077,7.637,-0.483,1.039,0.0,15.6
1783973094.073,2078,0.647,-0.886,-0.288,0.0,11.3
1783973094.073,2078,7.422,-0.699,0.277,0.0,12.5
1783973094.073,2078,7.156,2.098,0.208,0.0,12.5
1783973094.073,2078,7.549,-0.483,1.554,0.0,14.0
1783973094.073,2078,7.481,1.448,-1.256,0.0,14.0
1783973094.174,2079,7.382,-0.933,0.541,0.0,11.8
1783973094.174,2079,7.143,1.865,-1.079,0.0,11.8
1783973094.174,2079,7.535,-0.483,1.621,0.0,15.7
1783973094.275,2080,0.643,-0.886,-0.297,0.0,11.2
1783973094.275,2080,0.759,0.674,0.507,0.0,11.2
1783973094.275,2080,7.548,-0.724,1.462,0.0,14.8
1783973094.376,2081,0.637,-0.886,-0.31,0.0,11.7
1783973094.376,2081,7.556,-0.965,1.268,0.0,13.5
1783973094.477,2082,0.627,-0.886,-0.33,0.0,11.6
1783973094.477,2082,7.61,-0.96,0.368,0.0,17.7
1783973094.577,2083,7.685,-0.724,0.234,0.0,17.7
1783973094.577,2083,6.682,1.689,3.484,0.0,17.7
1783973094.677,2084,7.498,-0.965,1.574,0.0,18.0
1783973094.677,2084,6.651,1.931,-3.416,0.0,18.0
1783973094.778,2085,7.5,-0.724,1.689,0.0,15.9
1783973094.878,2086,0.625,-0.886,-0.333,0.0,12.0
1783973094.878,2086,7.627,-0.483,1.107,0.0,16.3
1783973094.98,2087,0.619,-0.886,-0.345,0.0,11.2
1783973094.98,2087,7.693,-0.483,0.463,0.0,14.9
1783973095.08,2088,7.343,-0.933,0.933,0.0,11.3
1783973095.08,2088,7.082,1.865,-1.425,0.0,11.3
1783973095.08,2088,7.65,-0.0,1.052,0.0,15.6
1783973095.181,2089,0.652,-0.886,-0.276,0.0,11.6
1783973095.181,2089,7.339,1.898,0.411,0.0,12.3
1783973095.181,2089,7.04,-0.712,-2.751,0.0,12.3
1783973095.181,2089,7.686,0.971,-0.548,0.0,13.2
1783973095.282,2090,0.634,-0.886,-0.315,0.0,11.4
1783973095.282,2090,7.461,-0.724,1.857,0.0,17.5
1783973095.282,2090,6.943,1.931,-2.774,0.0,17.5
1783973095.382,2091,0.609,-0.886,-0.362,0.0,11.3
1783973095.382,2091,7.492,-0.72,1.519,0.0,14.9
1783973095.382,2091,7.12,1.92,-2.141,0.0,14.9
1783973095.382,2091,7.448,1.699,-1.395,0.0,13.1
1783973095.433,2092,0.626,-0.886,-0.33,0.0,11.2
1783973095.433,2092,7.501,-0.971,1.763,0.0,15.6
1783973095.433,2092,7.319,1.699,-1.962,0.0,15.6
1783973095.535,2093,0.643,-0.886,-0.296,0.0,11.8
1783973095.687,2094,0.646,-0.886,-0.291,0.0,11.6
1783973095.687,2094,7.523,-0.976,1.854,0.0,12.3
1783973095.687,2094,7.419,1.708,-1.739,0.0,12.3
1783973095.737,2095,0.639,-0.886,-0.305,0.0,11.5
1783973095.737,2095,7.532,-0.954,0.808,0.0,12.0
1783973095.737,2095,7.436,1.67,-0.456,0.0,12.0
1783973095.837,2096,0.629,-0.886,-0.326,0.0,11.5
1783973095.837,2096,7.688,-0.724,0.083,0.0,15.1
1783973095.837,2096,7.123,1.689,2.458,0.0,15.1
1783973095.988,2097,7.677,-0.724,-0.418,0.0,15.0
1783973095.988,2097,7.087,1.689,2.561,0.0,15.0
1783973096.089,2098,0.636,-0.886,-0.312,0.0,12.1
1783973096.089,2098,7.565,-0.954,-0.39,0.0,17.6
1783973096.089,2098,7.026,2.147,2.077,0.0,17.6
1783973096.089,2098,7.547,1.699,-0.68,0.0,15.2
1783973096.14,2099,0.626,-0.886,-0.331,0.0,11.6
1783973096.14,2099,0.754,0.674,0.514,0.0,11.6
1783973096.14,2099,7.575,-0.954,0.003,0.0,18.9
1783973096.14,2099,7.02,1.909,2.318,0.0,18.9
1783973096.241,2100,0.638,-0.886,-0.308,0.0,12.1
1783973096.241,2100,7.474,-0.954,1.235,0.0,16.7
1783973096.241,2100,7.599,1.22,-1.323,0.0,11.4
1783973096.241,2100,7.197,-1.464,2.654,0.0,11.4
1783973096.341,2101,7.439,-0.469,-0.868,0.0,11.4
1783973096.341,2101,7.139,1.876,1.354,0.0,11.4
1783973096.341,2101,7.566,1.456,-0.97,0.0,13.3
1783973096.442,2102,7.613,1.456,0.474,0.0,15.1
1783973096.442,2102,7.592,-0.971,-1.313,0.0,15.1
1783973096.543,2103,0.619,-0.886,-0.343,0.0,12.3
1783973096.543,2103,0.751,0.674,0.519,0.0,12.3
1783973096.543,2103,7.531,-1.193,-0.391,0.0,16.7
1783973096.543,2103,6.907,1.67,2.792,0.0,16.7
1783973096.543,2103,7.536,1.456,-1.184,0.0,15.7
1783973096.644,2104,0.625,-0.886,-0.333,0.0,12.8
1783973096.644,2104,7.511,1.699,-1.004,0.0,14.4
1783973096.644,2104,7.508,-1.213,1.57,0.0,14.4
1783973096.745,2105,0.639,-0.886,-0.305,0.0,11.8
1783973096.745,2105,7.322,1.699,-1.954,0.0,13.8
1783973096.745,2105,7.283,-1.213,2.407,0.0,13.8
1783973096.845,2106,0.46,0.267,0.3,0.0,14.8
1783973096.845,2106,0.629,-0.886,-0.324,0.0,12.0
1783973096.845,2106,7.712,-0.0,0.395,0.0,16.5
1783973096.946,2107,7.567,-0.954,0.343,0.0,16.3
1783973096.946,2107,7.375,1.909,-0.505,0.0,16.3
1783973096.946,2107,7.633,1.213,0.76,0.0,14.5
1783973097.048,2108,0.459,0.267,0.302,0.0,14.5
1783973097.048,2108,0.638,-0.886,-0.307,0.0,11.5
1783973097.048,2108,7.399,-0.699,-0.656,0.0,11.4
1783973097.048,2108,6.898,1.865,2.144,0.0,11.4
1783973097.048,2108,7.473,1.931,-0.244,0.0,14.9
1783973097.048,2108,7.483,-0.965,1.644,0.0,14.9
1783973097.148,2109,0.457,0.267,0.305,0.0,15.0
1783973097.148,2109,7.47,-0.704,0.138,0.0,12.4
1783973097.148,2109,7.505,-0.724,1.671,0.0,13.1
1783973097.148,2109,7.362,1.931,-1.306,0.0,13.1
1783973097.249,2110,7.618,-0.96,0.063,0.0,15.1
1783973097.249,2110,7.279,1.92,1.514,0.0,15.1
1783973097.249,2110,7.627,1.456,-0.152,0.0,12.7
1783973097.249,2110,7.313,-1.213,-2.314,0.0,12.7
1783973097.35,2111,0.457,0.267,0.304,0.0,14.6
1783973097.35,2111,0.599,-0.886,-0.377,0.0,12.1
1783973097.35,2111,7.529,-0.949,0.208,0.0,15.7
1783973097.35,2111,7.618,1.708,0.17,0.0,11.8
1783973097.451,2112,0.619,-0.886,-0.345,0.0,12.1
1783973097.451,2112,7.528,-0.949,0.234,0.0,15.8
1783973097.451,2112,7.749,-0.485,0.162,0.0,13.1
1783973097.553,2113,0.647,-0.886,-0.288,0.0,11.4
1783973097.553,2113,7.601,1.708,0.539,0.0,12.1
1783973097.654,2114,0.457,0.267,0.305,0.0,14.9
1783973097.654,2114,7.425,-0.699,0.192,0.0,14.3
1783973097.654,2114,6.886,1.865,2.184,0.0,14.3
1783973097.654,2114,7.6,1.708,-0.554,0.0,11.2
1783973097.755,2115,7.471,-0.704,0.025,0.0,14.2
1783973097.755,2115,7.526,-0.712,0.692,0.0,11.9
1783973097.856,2116,0.631,-0.886,-0.322,0.0,11.9
1783973097.856,2116,7.507,-0.716,1.196,0.0,14.5
1783973097.957,2117,0.457,0.267,0.304,0.0,14.5
1783973097.957,2117,7.398,1.708,-1.829,0.0,11.7
1783973097.957,2117,7.023,-1.22,3.19,0.0,11.7
1783973098.058,2118,0.461,0.267,0.299,0.0,15.2
1783973098.058,2118,0.632,-0.886,-0.319,0.0,11.4
1783973098.058,2118,7.169,1.876,1.18,0.0,11.4
1783973098.058,2118,7.504,-0.0,-0.086,0.0,11.4
1783973098.058,2118,7.55,-0.954,0.611,0.0,17.5
1783973098.158,2119,0.645,-0.886,-0.292,0.0,12.2
1783973098.158,2119,7.464,-0.704,-0.323,0.0,13.6
1783973098.158,2119,7.548,-0.954,0.642,0.0,13.7
1783973098.158,2119,7.62,1.708,0.04,0.0,11.6
1783973098.259,2120,0.627,-0.886,-0.329,0.0,11.4
1783973098.259,2120,7.583,-0.965,1.095,0.0,13.8
1783973098.36,2121,0.616,-0.886,-0.35,0.0,11.9
1783973098.36,2121,7.447,-0.72,1.727,0.0,15.0
1783973098.36,2121,7.558,1.952,-0.238,0.0,13.5
1783973098.36,2121,7.02,-1.464,3.093,0.0,13.5
1783973098.461,2122,0.644,-0.886,-0.295,0.0,12.1
1783973098.461,2122,7.545,1.708,-1.071,0.0,12.9
1783973098.461,2122,0.781,-0.074,0.04,0.162,15.7
1783973098.562,2123,7.434,-0.724,1.96,0.0,12.9
1783973098.562,2123,7.427,1.952,-1.419,0.0,11.8
1783973098.562,2123,7.192,-0.976,2.883,0.0,11.8
1783973098.663,2124,0.608,-0.886,-0.362,0.0,12.0
1783973098.663,2124,7.484,1.708,-1.435,0.0,12.6
1783973098.663,2124,7.233,-1.22,2.681,0.0,12.6
1783973098.764,2125,0.632,-0.886,-0.319,0.0,12.0
1783973098.764,2125,0.739,0.674,0.536,0.0,12.0
1783973098.764,2125,7.431,-0.72,1.794,0.0,13.3
1783973098.764,2125,7.496,1.708,-1.37,0.0,12.7
1783973098.764,2125,6.864,-1.22,3.519,0.0,12.7
1783973098.864,2126,7.118,-0.976,3.061,0.0,13.1
1783973098.864,2126,7.527,1.952,-0.722,0.0,13.1
1783973098.966,2127,7.55,-0.954,0.615,0.0,16.1
1783973098.966,2127,7.247,-0.732,-2.817,0.0,11.6
1783973098.966,2127,7.339,2.196,1.516,0.0,11.6
1783973099.066,2128,0.457,0.267,0.305,0.0,15.1
1783973099.066,2128,0.625,-0.886,-0.333,0.0,11.4
1783973099.066,2128,7.569,-0.954,0.299,0.0,14.7
1783973099.066,2128,7.298,1.67,-1.5,0.0,14.7
1783973099.066,2128,7.407,2.196,1.139,0.0,11.4
1783973099.066,2128,7.104,-0.488,-3.207,0.0,11.4
1783973099.168,2129,7.549,-0.954,0.625,0.0,15.8
1783973099.27,2130,7.512,-0.954,0.973,0.0,14.9
1783973099.27,2130,6.907,1.67,-2.792,0.0,14.9
1783973099.27,2130,7.616,1.708,-0.272,0.0,11.8
1783973099.27,2130,7.273,-0.976,-2.671,0.0,11.8
1783973099.37,2131,0.462,0.267,0.297,0.0,15.0
1783973099.37,2131,7.423,-0.954,1.509,0.0,13.0
1783973099.37,2131,7.376,1.909,0.493,0.0,13.0
1783973099.37,2131,7.215,-0.976,2.824,0.0,14.1
1783973099.37,2131,7.471,1.952,-1.169,0.0,14.1
1783973099.471,2132,7.649,-0.724,0.773,0.0,14.6
1783973099.471,2132,6.767,-0.976,3.774,0.0,12.6
1783973099.471,2132,7.555,1.952,-0.314,0.0,12.6
1783973099.572,2133,7.416,-0.954,1.545,0.0,13.3
1783973099.572,2133,7.492,1.699,-1.137,0.0,14.6
1783973099.673,2134,0.63,-0.886,-0.323,0.0,11.9
1783973099.673,2134,7.529,-0.954,0.835,0.0,16.6
1783973099.673,2134,7.57,1.708,-0.877,0.0,12.0
1783973099.774,2135,0.613,-0.886,-0.354,0.0,11.4
1783973099.774,2135,7.563,-0.954,0.427,0.0,18.5
1783973099.876,2136,7.572,-0.954,0.227,0.0,14.6
1783973099.976,2137,0.626,-0.886,-0.332,0.0,12.3
1783973099.976,2137,7.564,-0.954,0.403,0.0,15.1
1783973099.976,2137,7.726,-0.0,-0.788,0.0,14.4
1783973100.077,2138,7.503,-1.193,0.755,0.0,13.2
1783973100.077,2138,7.364,1.432,-1.418,0.0,13.2
1783973100.077,2138,7.629,-0.488,-1.599,0.0,13.4
1783973100.077,2138,7.185,2.196,2.131,0.0,13.4
1783973100.178,2139,0.639,-0.886,-0.306,0.0,12.6
1783973100.178,2139,7.507,-1.193,0.718,0.0,11.3
1783973100.178,2139,7.659,-0.243,-1.264,0.0,12.7
1783973100.228,2140,0.624,-0.886,-0.335,0.0,11.3
1783973100.228,2140,7.514,-0.954,0.96,0.0,15.7
1783973100.228,2140,7.655,1.213,-0.485,0.0,13.5
1783973100.38,2141,0.636,-0.886,-0.312,0.0,11.9
1783973100.38,2141,7.56,-0.954,0.484,0.0,17.0
1783973100.38,2141,7.474,0.728,-1.981,0.0,12.5
1783973100.481,2142,7.575,-0.954,-0.062,0.0,16.3
1783973100.481,2142,7.198,2.427,1.614,0.0,11.4
1783973100.481,2142,6.743,-1.941,3.327,0.0,11.4
1783973100.531,2143,7.574,-0.954,0.139,0.0,15.6
1783973100.531,2143,7.413,1.456,-1.798,0.0,13.4
1783973100.531,2143,6.733,-1.213,3.675,0.0,13.4
1783973100.682,2144,7.12,2.098,0.748,0.0,11.2
1783973100.682,2144,7.568,-0.954,0.329,0.0,16.8
1783973100.682,2144,7.2,1.213,-2.646,0.0,11.9
1783973100.682,2144,7.025,-1.456,2.972,0.0,11.9
1783973100.782,2145,0.639,-0.886,-0.306,0.0,11.6
1783973100.782,2145,7.545,-0.954,0.672,0.0,17.5
1783973100.782,2145,7.638,-0.243,-1.382,0.0,11.7
1783973100.833,2146,0.637,-0.886,-0.308,0.0,11.6
1783973100.833,2146,7.455,-0.704,-0.487,0.0,12.7
1783973100.833,2146,6.978,1.876,2.025,0.0,12.7
1783973100.935,2147,0.636,-0.886,-0.311,0.0,12.1
1783973100.935,2147,7.456,-0.954,1.34,0.0,13.3
1783973100.935,2147,7.527,1.952,0.723,0.0,13.5
1783973101.086,2148,0.637,-0.886,-0.31,0.0,11.8
1783973101.086,2148,7.54,-1.193,0.155,0.0,13.6
1783973101.086,2148,7.294,2.44,1.355,0.0,11.3
1783973101.086,2148,7.4,-0.244,-2.483,0.0,11.3
1783973101.189,2149,7.43,-0.704,0.779,0.0,11.4
1783973101.189,2149,7.575,-0.954,0.013,0.0,16.2
1783973101.189,2149,6.86,1.432,3.03,0.0,16.2
1783973101.189,2149,7.629,-0.965,0.706,0.0,12.3
1783973101.239,2150,0.642,-0.886,-0.3,0.0,12.2
1783973101.239,2150,7.594,-0.716,0.345,0.0,16.5
1783973101.239,2150,7.087,2.147,1.859,0.0,16.5
1783973101.239,2150,7.611,1.708,0.373,0.0,12.7
1783973101.34,2151,0.649,-0.886,-0.283,0.0,12.8
1783973101.34,2151,7.331,-1.173,1.092,0.0,11.7
1783973101.34,2151,7.138,1.642,-1.634,0.0,11.7
1783973101.34,2151,7.194,2.147,1.389,0.0,13.7
1783973101.34,2151,7.571,-0.954,-0.245,0.0,13.7
1783973101.441,2152,0.633,-0.886,-0.318,0.0,11.6
1783973101.441,2152,7.565,-0.954,-0.395,0.0,16.2
1783973101.441,2152,6.963,1.909,2.484,0.0,16.2
1783973101.541,2153,0.641,-0.886,-0.301,0.0,11.7
1783973101.541,2153,7.541,-0.954,0.715,0.0,16.4
1783973101.541,2153,7.388,1.909,-0.248,0.0,16.4
1783973101.541,2153,7.559,1.699,0.534,0.0,14.3
1783973101.541,2153,7.48,-0.243,-2.073,0.0,14.3
1783973101.642,2154,0.636,-0.886,-0.312,0.0,12.1
1783973101.642,2154,7.46,-0.704,-0.412,0.0,12.5
1783973101.642,2154,7.114,1.876,1.478,0.0,12.5
1783973101.642,2154,7.517,-0.954,0.935,0.0,18.2
1783973101.642,2154,7.282,1.909,-1.273,0.0,18.2
1783973101.642,2154,7.574,1.699,-0.228,0.0,14.4
1783973101.793,2155,7.348,-1.166,0.551,0.0,11.2
1783973101.793,2155,6.914,2.565,1.133,0.0,11.2
1783973101.793,2155,7.557,-0.954,0.524,0.0,18.9
1783973101.793,2155,7.449,1.67,-0.154,0.0,18.9
1783973101.793,2155,7.578,1.699,0.07,0.0,14.4
1783973101.843,2156,7.355,-1.166,0.448,0.0,11.8
1783973101.843,2156,7.005,2.565,-0.091,0.0,11.8
1783973101.843,2156,7.564,-0.954,-0.418,0.0,15.8
1783973101.843,2156,7.187,2.147,1.426,0.0,15.8
1783973101.945,2157,0.613,-0.886,-0.355,0.0,12.0
1783973101.945,2157,7.413,-0.938,0.692,0.0,11.6
1783973101.945,2157,7.147,2.111,-0.884,0.0,11.6
1783973101.945,2157,7.589,-0.716,-0.433,0.0,16.9
1783973101.945,2157,6.966,2.147,2.27,0.0,16.9
1783973101.945,2157,7.556,1.699,-0.57,0.0,14.9
1783973102.047,2158,0.624,-0.886,-0.335,0.0,12.0
1783973102.047,2158,7.323,-0.938,1.342,0.0,12.0
1783973102.047,2158,7.107,2.111,-1.163,0.0,12.0
1783973102.047,2158,7.572,-0.954,-0.215,0.0,18.1
1783973102.047,2158,6.71,1.67,3.237,0.0,18.1
1783973102.047,2158,7.556,1.952,0.295,0.0,12.4
1783973102.148,2159,0.652,-0.886,-0.276,0.0,11.9
1783973102.148,2159,7.564,-0.954,-0.405,0.0,15.3
1783973102.148,2159,7.165,1.67,2.042,0.0,15.3
1783973102.148,2159,7.527,1.456,-1.238,0.0,13.4
1783973102.248,2160,7.535,-1.193,0.297,0.0,14.6
1783973102.248,2160,7.441,1.67,-0.374,0.0,14.6
1783973102.248,2160,7.805,-0.244,-0.118,0.0,12.1
1783973102.349,2161,7.557,-0.954,0.517,0.0,14.6
1783973102.349,2161,7.443,1.67,-0.318,0.0,14.6
1783973102.349,2161,7.602,1.456,-0.631,0.0,11.7
1783973102.45,2162,0.65,-0.886,-0.28,0.0,11.9
1783973102.45,2162,7.541,-1.193,0.046,0.0,14.6
1783973102.45,2162,7.374,1.432,-1.365,0.0,14.6
1783973102.551,2163,7.567,-0.954,-0.346,0.0,14.7
1783973102.551,2163,7.11,1.909,2.024,0.0,14.7
1783973102.652,2164,7.575,-0.954,0.017,0.0,15.5
1783973102.652,2164,6.849,1.909,2.782,0.0,15.5
1783973102.652,2164,7.598,1.464,-1.054,0.0,12.1
1783973102.752,2165,7.574,-0.954,0.152,0.0,15.1
1783973102.752,2165,6.71,1.67,3.238,0.0,15.1
1783973102.752,2165,7.5,1.456,-1.393,0.0,15.2
1783973102.752,2165,7.065,-1.213,2.987,0.0,15.2
1783973102.854,2166,7.574,-0.954,-0.1,0.0,16.8
1783973102.854,2166,7.114,1.909,2.009,0.0,16.8
1783973102.854,2166,7.498,1.456,-1.402,0.0,13.9
1783973102.854,2166,7.245,-1.699,2.222,0.0,13.9
1783973102.956,2167,7.558,-0.954,0.513,0.0,14.7
1783973102.956,2167,7.37,1.67,-1.087,0.0,14.7
1783973102.956,2167,7.547,1.213,-1.373,0.0,12.2
1783973103.057,2168,0.327,-0.515,-0.029,0.0,13.3
1783973103.057,2168,7.536,-0.954,0.765,0.0,13.5
1783973103.057,2168,7.272,1.67,-1.618,0.0,13.5
1783973103.057,2168,7.573,1.213,-1.222,0.0,11.6
1783973103.158,2169,0.343,-0.496,-0.096,0.0,13.6
1783973103.158,2169,7.565,-0.954,0.4,0.0,13.7
1783973103.158,2169,7.087,1.67,-2.297,0.0,13.7
1783973103.158,2169,7.802,-0.0,-0.331,0.0,11.9
1783973103.259,2170,0.324,-0.515,-0.048,0.0,13.3
1783973103.259,2170,7.57,-0.954,0.266,0.0,14.2
1783973103.259,2170,7.483,-1.213,1.687,0.0,13.2
1783973103.259,2170,6.777,1.456,-3.501,0.0,13.2
1783973103.36,2171,7.574,-0.954,-0.099,0.0,14.2
1783973103.36,2171,6.535,1.67,3.577,0.0,14.2
1783973103.36,2171,7.552,1.708,-1.016,0.0,13.5
1783973103.36,2171,6.987,-1.22,3.268,0.0,13.5
1783973103.462,2172,7.572,-0.954,-0.206,0.0,14.2
1783973103.462,2172,6.823,1.67,2.991,0.0,14.2
1783973103.462,2172,7.643,-0.724,0.837,0.0,14.4
1783973103.462,2172,7.499,1.708,-1.353,0.0,12.1
1783973103.462,2172,7.222,-1.22,2.71,0.0,12.1
1783973103.564,2173,0.669,-0.851,-0.341,0.0,11.7
1783973103.564,2173,7.554,-0.712,-0.235,0.0,16.7
1783973103.564,2173,6.903,1.898,2.526,0.0,16.7
1783973103.564,2173,7.409,1.456,-1.815,0.0,13.9
1783973103.564,2173,7.095,-1.213,2.914,0.0,13.9
1783973103.664,2174,0.327,-0.496,-0.142,0.0,13.5
1783973103.664,2174,0.672,-0.883,-0.395,0.0,11.5
1783973103.664,2174,1.09,0.405,-0.188,0.0,11.5
1783973103.664,2174,7.213,1.909,1.619,0.0,16.2
1783973103.664,2174,7.541,-0.954,-0.717,0.0,16.2
1783973103.664,2174,7.555,1.699,-0.584,0.0,15.6
1783973103.664,2174,7.271,-1.456,2.307,0.0,15.6
1783973103.765,2175,7.531,-0.949,0.138,0.0,14.6
1783973103.765,2175,7.261,1.898,1.143,0.0,14.6
1783973103.765,2175,7.594,1.213,-1.081,0.0,14.1
1783973103.866,2176,0.608,-0.886,-0.363,0.0,12.6
1783973103.866,2176,1.011,0.496,0.138,0.0,12.6
1783973103.866,2176,7.572,-0.954,-0.208,0.0,14.8
1783973103.866,2176,7.361,1.67,1.148,0.0,14.8
1783973103.866,2176,7.509,1.699,-1.022,0.0,14.2
1783973103.866,2176,6.914,-1.213,3.322,0.0,14.2
1783973103.967,2177,7.572,-0.954,-0.223,0.0,15.4
1783973103.967,2177,6.463,1.67,3.706,0.0,15.4
1783973103.967,2177,7.405,1.699,-1.61,0.0,14.3
1783973103.967,2177,7.143,-1.456,2.676,0.0,14.3
1783973104.067,2178,7.178,2.111,-0.573,0.0,12.1
1783973104.067,2178,7.29,-0.938,1.51,0.0,12.1
1783973104.067,2178,7.575,-0.954,0.037,0.0,15.8
1783973104.067,2178,6.679,1.909,3.168,0.0,15.8
1783973104.067,2178,7.275,1.456,-2.295,0.0,13.2
1783973104.067,2178,7.381,-1.213,2.089,0.0,13.2
1783973104.168,2179,7.574,-0.954,0.135,0.0,14.5
1783973104.168,2179,6.69,1.67,3.278,0.0,14.5
1783973104.168,2179,7.254,1.456,-2.36,0.0,12.9
1783973104.168,2179,7.302,-1.456,2.206,0.0,12.9
1783973104.269,2180,0.331,-0.496,-0.131,0.0,14.0
1783973104.269,2180,7.575,-0.954,-0.014,0.0,15.7
1783973104.269,2180,7.516,1.456,-1.304,0.0,14.6
1783973104.37,2181,0.616,-0.886,-0.349,0.0,12.0
1783973104.37,2181,0.766,0.674,0.497,0.0,12.0
1783973104.37,2181,7.601,-0.716,-0.116,0.0,16.8
1783973104.37,2181,6.845,2.147,2.614,0.0,16.8
1783973104.37,2181,7.614,1.456,-0.471,0.0,15.3
1783973104.471,2182,7.601,-0.716,-0.092,0.0,16.6
1783973104.471,2182,7.628,1.456,0.086,0.0,14.8
1783973104.573,2183,0.328,-0.496,-0.139,0.0,13.5
1783973104.573,2183,7.595,-0.716,-0.305,0.0,17.7
1783973104.573,2183,6.899,1.67,2.812,0.0,17.7
1783973104.573,2183,7.531,1.699,-0.838,0.0,16.5
1783973104.573,2183,6.737,-1.213,3.668,0.0,16.5
1783973104.673,2184,7.575,-0.954,-0.068,0.0,19.2
1783973104.673,2184,6.804,1.909,2.891,0.0,19.2
1783973104.673,2184,7.596,1.456,-0.694,0.0,15.5
1783973104.775,2185,7.565,-0.954,0.388,0.0,18.8
1783973104.775,2185,7.392,1.909,0.093,0.0,18.8
1783973104.775,2185,7.62,1.708,0.06,0.0,11.3
1783973104.875,2186,0.35,-0.496,-0.063,0.0,13.1
1783973104.875,2186,7.585,-0.716,0.495,0.0,17.7
1783973104.875,2186,6.331,1.909,-3.818,0.0,17.7
1783973104.875,2186,7.613,1.456,-0.474,0.0,15.2
1783973104.975,2187,7.337,-0.704,1.407,0.0,12.1
1783973104.975,2187,7.064,2.345,-0.955,0.0,12.1
1783973104.975,2187,7.599,-0.716,-0.209,0.0,17.3
1783973104.975,2187,6.704,1.909,3.115,0.0,17.3
1783973104.975,2187,7.513,1.456,-1.318,0.0,13.4
1783973105.076,2188,0.348,-0.496,-0.076,0.0,13.5
1783973105.076,2188,7.575,-0.954,0.091,0.0,17.3
1783973105.076,2188,6.903,2.147,2.456,0.0,17.3
1783973105.076,2188,7.489,1.699,-1.158,0.0,14.5
1783973105.188,2189,0.326,-0.515,-0.034,0.0,13.5
1783973105.188,2189,7.532,1.699,-0.837,0.0,16.8
1783973105.252,2190,0.346,-0.496,-0.083,0.0,13.5
1783973105.252,2190,7.573,-0.954,0.197,0.0,13.5
1783973105.252,2190,7.442,1.699,-1.428,0.0,15.0
1783973105.252,2190,6.911,-1.213,3.327,0.0,15.0
1783973105.364,2191,7.572,-0.954,0.227,0.0,16.0
1783973105.364,2191,7.564,1.699,-0.453,0.0,15.4
1783973105.48,2192,7.569,-0.954,-0.306,0.0,14.9
1783973105.48,2192,7.087,1.909,2.103,0.0,14.9
1783973105.48,2192,7.568,1.699,-0.383,0.0,15.9
1783973105.543,2193,7.575,-0.954,-0.08,0.0,12.1
1783973105.543,2193,7.116,1.67,2.207,0.0,12.1
1783973105.543,2193,7.492,1.456,-1.437,0.0,14.7
1783973105.669,2194,0.45,0.286,0.298,0.0,13.5
1783973105.669,2194,7.532,-0.949,0.014,0.0,13.9
1783973105.669,2194,6.749,1.898,2.913,0.0,13.9
1783973105.669,2194,7.512,1.699,-0.993,0.0,14.9
1783973105.779,2195,0.447,0.286,0.302,0.0,13.3
1783973105.779,2195,7.376,-0.933,0.617,0.0,13.3
1783973105.779,2195,6.992,2.565,0.434,0.0,13.3
1783973105.779,2195,7.523,-1.193,0.527,0.0,14.3
1783973105.779,2195,7.067,2.625,1.208,0.0,14.3
1783973105.779,2195,7.027,1.456,-2.969,0.0,12.0
1783973105.779,2195,7.503,-1.213,1.593,0.0,12.0
1783973105.882,2196,0.449,0.286,0.299,0.0,14.0
1783973105.882,2196,0.644,-0.886,-0.294,0.0,12.1
1783973105.882,2196,7.32,-0.933,1.099,0.0,11.8
1783973105.882,2196,7.083,2.331,-0.231,0.0,11.8
1783973105.882,2196,7.145,2.386,1.245,0.0,12.4
1783973105.882,2196,7.415,-1.432,1.126,0.0,12.4
1783973105.939,2197,7.487,-0.954,1.153,0.0,16.7
1783973105.939,2197,7.652,1.213,-0.53,0.0,15.8
1783973106.047,2198,7.52,-0.949,0.423,0.0,16.8
1783973106.047,2198,7.614,1.456,-0.459,0.0,14.7
1783973106.155,2199,7.406,-0.704,0.985,0.0,11.9
1783973106.155,2199,7.532,-0.949,0.036,0.0,11.8
1783973106.155,2199,7.121,2.135,1.536,0.0,11.8
1783973106.155,2199,7.551,1.699,-0.643,0.0,16.4
1783973106.269,2200,0.326,-0.515,-0.032,0.0,13.4
1783973106.269,2200,7.418,-0.704,0.892,0.0,12.9
1783973106.269,2200,7.575,-0.954,-0.065,0.0,16.1
1783973106.269,2200,6.957,1.909,2.5,0.0,16.1
1783973106.269,2200,7.619,1.456,-0.367,0.0,16.1
1783973106.269,2200,8.435,0.529,0.457,0.0,12.1
1783973106.269,2200,7.797,-2.645,-1.963,0.0,12.1
1783973106.381,2201,0.35,-0.496,-0.065,0.0,13.1
1783973106.381,2201,7.572,-0.954,0.232,0.0,16.8
1783973106.381,2201,7.596,1.456,-0.698,0.0,15.6
1783973106.489,2202,0.342,-0.496,-0.099,0.0,13.9
1783973106.489,2202,7.574,-0.954,0.127,0.0,16.7
1783973106.489,2202,6.806,1.909,2.886,0.0,16.7
1783973106.489,2202,7.576,1.699,-0.174,0.0,17.5
1783973106.546,2203,0.326,-0.515,-0.031,0.0,14.2
1783973106.546,2203,7.573,-0.954,0.197,0.0,15.3
1783973106.546,2203,7.626,1.456,-0.16,0.0,15.8
1783973106.672,2204,0.326,-0.515,-0.039,0.0,13.8
1783973106.672,2204,7.515,-0.949,0.497,0.0,14.6
1783973106.672,2204,7.603,1.456,-0.615,0.0,15.5
1783973106.787,2205,0.326,-0.515,-0.035,0.0,13.4
1783973106.787,2205,7.524,-0.949,0.342,0.0,16.3
1783973106.787,2205,7.569,1.699,-0.359,0.0,16.7
1783973106.898,2206,0.326,-0.515,-0.033,0.0,13.4
1783973106.898,2206,7.593,-0.716,0.355,0.0,16.7
1783973106.898,2206,7.498,1.941,0.562,0.0,15.7
1783973106.963,2207,0.348,-0.496,-0.075,0.0,13.6
1783973106.963,2207,7.453,-0.704,0.513,0.0,12.0
1783973106.963,2207,7.569,-0.954,0.3,0.0,17.1
1783973106.963,2207,7.628,1.456,-0.002,0.0,15.7
1783973107.069,2208,0.349,-0.496,-0.073,0.0,14.3
1783973107.069,2208,7.422,-0.938,0.585,0.0,12.8
1783973107.069,2208,6.483,2.111,-3.136,0.0,12.8
1783973107.069,2208,7.564,-0.954,0.414,0.0,17.0
1783973107.069,2208,7.612,1.456,-0.502,0.0,15.4
1783973107.176,2209,0.326,-0.515,-0.03,0.0,13.8
1783973107.176,2209,7.575,-0.954,0.034,0.0,14.9
1783973107.176,2209,6.7,1.909,3.124,0.0,14.9
1783973107.176,2209,7.577,1.699,-0.141,0.0,14.6
1783973107.282,2210,0.345,-0.496,-0.087,0.0,13.5
1783973107.282,2210,7.396,-0.938,0.853,0.0,12.4
1783973107.282,2210,7.573,-0.954,0.19,0.0,16.8
1783973107.282,2210,6.885,2.147,2.507,0.0,16.8
1783973107.282,2210,7.593,1.708,0.64,0.0,13.7
1783973107.339,2211,0.326,-0.515,-0.032,0.0,13.2
1783973107.339,2211,7.366,-0.938,1.083,0.0,12.1
1783973107.339,2211,6.85,2.111,-2.223,0.0,12.1
1783973107.339,2211,7.624,1.456,-0.244,0.0,16.4
1783973107.448,2212,0.326,-0.515,-0.037,0.0,13.1
1783973107.448,2212,7.594,-0.716,0.335,0.0,14.8
1783973107.448,2212,7.577,1.456,-0.88,0.0,14.2
1783973107.564,2213,0.325,-0.515,-0.043,0.0,13.4
1783973107.564,2213,7.585,-0.716,0.505,0.0,18.5
1783973107.564,2213,7.581,1.456,-0.849,0.0,14.6
1783973107.673,2214,7.575,-0.954,0.06,0.0,15.4
1783973107.673,2214,6.564,1.909,3.401,0.0,15.4
1783973107.673,2214,7.629,0.971,-1.082,0.0,13.6
1783973107.781,2215,0.319,-0.515,-0.075,0.0,13.4
1783973107.781,2215,7.574,-0.954,-0.131,0.0,15.4
1783973107.781,2215,6.867,2.147,2.554,0.0,15.4
1783973107.839,2216,7.577,1.699,0.132,0.0,16.4
1783973107.947,2217,7.575,1.699,0.205,0.0,17.3
1783973108.064,2218,7.406,-0.938,0.766,0.0,12.1
1783973108.064,2218,7.578,1.699,-0.031,0.0,16.2
1783973108.178,2219,0.445,0.286,0.305,0.0,14.2
1783973108.178,2219,7.529,1.699,-0.863,0.0,17.1
1783973108.178,2219,6.785,-0.971,3.651,0.0,17.1
1783973108.294,2220,0.322,-0.515,-0.064,0.0,13.7
1783973108.294,2220,7.367,-0.704,1.244,0.0,11.6
1783973108.294,2220,7.094,2.345,-0.7,0.0,11.6
1783973108.294,2220,7.601,-0.716,-0.057,0.0,15.4
1783973108.294,2220,6.57,1.909,3.388,0.0,15.4
1783973108.294,2220,7.544,1.213,-1.387,0.0,14.5
1783973108.345,2221,0.325,-0.515,-0.046,0.0,13.0
1783973108.345,2221,7.334,-0.938,1.28,0.0,12.7
1783973108.345,2221,7.596,-0.716,0.296,0.0,16.6
1783973108.345,2221,6.976,2.386,1.985,0.0,16.6
1783973108.345,2221,7.467,1.456,-1.559,0.0,13.8
1783973108.452,2222,0.326,-0.515,-0.034,0.0,12.9
1783973108.452,2222,7.572,-0.954,0.234,0.0,14.9
1783973108.452,2222,7.163,2.147,1.54,0.0,14.9
1783973108.452,2222,7.603,1.708,-0.517,0.0,11.2
1783973108.573,2223,0.345,-0.496,-0.086,0.0,13.5
1783973108.573,2223,7.572,-0.716,0.673,0.0,16.5
1783973108.573,2223,7.628,1.456,-0.018,0.0,16.3
1783973108.683,2224,7.385,-0.938,0.944,0.0,13.1
1783973108.683,2224,6.501,1.876,-3.244,0.0,13.1
1783973108.683,2224,7.601,-0.716,0.113,0.0,13.4
1783973108.683,2224,6.918,2.147,2.413,0.0,13.4
1783973108.683,2224,7.628,1.456,0.034,0.0,14.4
1783973108.734,2225,0.35,-0.496,-0.067,0.0,13.2
1783973108.734,2225,7.582,-0.716,0.541,0.0,15.3
1783973108.734,2225,7.521,1.699,-0.925,0.0,14.7
1783973108.845,2226,0.321,-0.515,-0.064,0.0,13.8
1783973108.845,2226,7.339,-0.704,1.397,0.0,12.1
1783973108.845,2226,6.879,2.111,-2.128,0.0,12.1
1783973108.845,2226,7.544,-0.954,0.683,0.0,12.9
1783973108.845,2226,6.531,2.386,3.153,0.0,12.9
1783973108.845,2226,7.55,1.699,-0.649,0.0,13.2
1783973108.845,2226,7.662,-1.213,0.369,0.0,13.2
1783973108.957,2227,0.319,-0.515,-0.074,0.0,13.7
1783973108.957,2227,7.507,-0.954,1.014,0.0,16.7
1783973108.957,2227,7.511,1.213,-1.558,0.0,12.1
1783973109.065,2228,0.349,-0.496,-0.072,0.0,13.9
1783973109.065,2228,7.35,-0.938,1.187,0.0,11.7
1783973109.065,2228,6.904,2.111,-2.048,0.0,11.7
1783973109.065,2228,7.549,-0.954,0.625,0.0,15.9
1783973109.065,2228,7.567,1.699,-0.4,0.0,13.7
1783973109.173,2229,0.318,-0.515,-0.081,0.0,14.0
1783973109.173,2229,7.599,-0.716,0.184,0.0,16.7
1783973109.173,2229,7.549,1.456,-1.096,0.0,14.7
1783973109.281,2230,0.319,-0.515,-0.076,0.0,13.4
1783973109.281,2230,7.425,-0.938,0.547,0.0,13.7
1783973109.281,2230,7.592,-0.716,0.377,0.0,15.2
1783973109.281,2230,7.48,1.456,-1.495,0.0,12.8
1783973109.281,2230,7.367,-1.456,1.981,0.0,12.8
1783973109.389,2231,7.601,-0.716,-0.078,0.0,14.6
1783973109.389,2231,7.492,1.699,-1.134,0.0,14.6
1783973109.389,2231,7.017,-1.213,3.099,0.0,14.6
1783973109.447,2232,7.596,-0.716,-0.289,0.0,16.2
1783973109.447,2232,6.726,1.909,3.069,0.0,16.2
1783973109.447,2232,7.342,1.456,-2.069,0.0,13.2
1783973109.447,2232,7.196,-1.213,2.655,0.0,13.2
1783973109.562,2233,7.44,-0.938,0.267,0.0,12.1
1783973109.562,2233,7.283,1.909,1.267,0.0,13.4
1783973109.562,2233,7.586,-0.716,-0.491,0.0,13.4
1783973109.562,2233,7.362,1.699,-1.796,0.0,13.1
1783973109.562,2233,7.263,-1.213,2.466,0.0,13.1
1783973109.68,2234,7.575,-0.954,-0.087,0.0,16.3
1783973109.68,2234,7.606,-0.971,1.233,0.0,13.3
1783973109.68,2234,7.508,0.971,-1.732,0.0,13.3
1783973109.747,2235,7.562,-0.954,0.445,0.0,15.4
1783973109.747,2235,7.678,0.728,-0.911,0.0,13.2
1783973109.865,2236,0.345,-0.496,-0.088,0.0,13.2
1783973109.865,2236,7.545,-0.954,0.674,0.0,17.7
1783973109.865,2236,6.869,1.909,-2.733,0.0,17.7
1783973109.934,2237,7.523,-0.949,0.356,0.0,17.2
1783973109.934,2237,7.716,0.485,-0.738,0.0,13.5
1783973110.051,2238,7.596,-0.716,-0.291,0.0,13.3
1783973110.051,2238,6.887,1.909,2.687,0.0,13.3
1783973110.051,2238,7.34,1.699,-1.882,0.0,13.3
1783973110.051,2238,7.235,-1.213,2.546,0.0,13.3
1783973110.164,2239,7.497,-0.235,0.242,0.0,11.3
1783973110.164,2239,7.183,2.147,1.444,0.0,13.5
1783973110.164,2239,7.554,-0.716,-0.848,0.0,13.5
1783973110.164,2239,7.394,1.699,-1.66,0.0,13.3
1783973110.164,2239,7.125,-1.213,2.841,0.0,13.3
1783973110.274,2240,7.575,-0.954,0.046,0.0,16.9
1783973110.274,2240,6.781,1.909,2.945,0.0,16.9
1783973110.274,2240,7.564,1.456,-0.99,0.0,13.4
1783973110.39,2241,7.571,-0.954,0.249,0.0,17.6
1783973110.39,2241,7.448,1.699,-1.396,0.0,14.3
1783973110.39,2241,7.285,-0.728,2.59,0.0,14.3
1783973110.449,2242,7.598,-0.716,0.228,0.0,14.9
1783973110.449,2242,7.671,1.464,-0.069,0.0,11.7
1783973110.567,2243,7.582,-0.716,0.547,0.0,16.7
1783973110.567,2243,7.615,1.708,-0.277,0.0,11.8
1783973110.679,2244,7.558,-0.954,0.513,0.0,16.9
1783973110.679,2244,7.539,1.456,-1.166,0.0,12.8
1783973110.782,2245,7.57,-0.954,0.29,0.0,17.1
1783973110.782,2245,7.211,1.699,-2.329,0.0,14.2
1783973110.782,2245,7.177,-1.213,2.708,0.0,14.2
1783973110.839,2246,7.566,-0.954,0.373,0.0,16.7
1783973110.839,2246,7.3,1.699,-2.033,0.0,14.4
1783973110.839,2246,6.915,-1.213,3.319,0.0,14.4
1783973110.964,2247,7.565,-0.954,0.39,0.0,16.5
1783973111.072,2248,7.605,1.708,-0.48,0.0,12.0
1783973111.19,2249,0.351,-0.496,-0.06,0.0,13.1
1783973111.19,2249,7.573,-0.954,0.177,0.0,16.2
1783973111.19,2249,7.409,1.456,-1.815,0.0,13.9
1783973111.256,2250,0.341,-0.496,-0.102,0.0,13.7
1783973111.256,2250,7.561,-0.954,0.461,0.0,16.7
1783973111.256,2250,7.611,1.708,-0.376,0.0,13.3
1783973111.371,2251,0.325,-0.515,-0.043,0.0,13.7
1783973111.371,2251,7.472,-0.469,-0.506,0.0,11.9
1783973111.371,2251,6.754,2.111,2.499,0.0,11.9
1783973111.371,2251,7.574,-0.954,0.121,0.0,15.3
1783973111.371,2251,7.62,1.708,0.053,0.0,11.7
1783973111.476,2252,0.35,-0.496,-0.068,0.0,12.5
1783973111.476,2252,7.574,-0.954,0.145,0.0,16.5
1783973111.589,2253,0.452,0.286,0.295,0.0,13.1
1783973111.589,2253,7.572,-0.954,0.209,0.0,14.4
1783973111.589,2253,7.549,1.952,-0.43,0.0,12.6
1783973111.654,2254,7.489,-1.186,0.365,0.0,15.9
1783973111.654,2254,7.558,1.952,-0.233,0.0,11.4
1783973111.763,2255,7.568,-0.954,0.324,0.0,14.7
1783973111.763,2255,7.093,1.67,2.278,0.0,14.7
1783973111.763,2255,7.43,1.213,-1.905,0.0,14.1
1783973111.873,2256,0.631,-0.886,-0.321,0.0,12.1
1783973111.873,2256,7.248,2.386,0.265,0.0,13.1
1783973111.873,2256,7.394,-0.954,1.648,0.0,13.1
1783973111.873,2256,7.62,1.456,-0.347,0.0,14.5
1783973111.933,2257,7.501,-0.716,1.23,0.0,13.4
1783973111.933,2257,7.614,1.708,-0.303,0.0,12.0
1783973112.056,2258,0.644,-0.92,-0.355,0.0,11.4
1783973112.056,2258,1.09,0.405,-0.19,0.0,11.4
1783973112.056,2258,7.372,-1.173,0.766,0.0,11.4
1783973112.056,2258,7.309,1.642,-0.44,0.0,11.4
1783973112.056,2258,7.471,-1.186,0.633,0.0,13.7
1783973112.056,2258,7.642,-0.965,0.546,0.0,15.4
1783973112.056,2258,7.615,1.708,-0.28,0.0,13.8
1783973112.168,2259,7.573,-0.954,-0.181,0.0,16.3
1783973112.168,2259,6.565,1.67,3.522,0.0,16.3
1783973112.168,2259,7.586,1.464,-1.142,0.0,13.3
1783973112.281,2260,7.575,-0.954,0.082,0.0,16.2
1783973112.339,2261,7.575,-0.954,0.096,0.0,16.5
1783973112.456,2262,0.619,-0.886,-0.343,0.0,11.6
1783973112.456,2262,7.575,-0.954,0.086,0.0,14.9
1783973112.456,2262,7.528,-0.965,1.423,0.0,11.5
1783973112.57,2263,0.668,-0.851,-0.342,0.0,11.3
1783973112.57,2263,7.434,-0.938,0.411,0.0,12.1
1783973112.57,2263,7.149,2.111,0.865,0.0,12.1
1783973112.57,2263,7.546,-0.72,1.225,0.0,13.4
1783973112.688,2264,7.422,-0.938,0.583,0.0,12.2
1783973112.688,2264,7.46,-0.72,1.669,0.0,13.2
1783973112.688,2264,7.56,1.456,-1.02,0.0,11.2
1783973112.743,2265,7.443,-0.965,1.819,0.0,11.9
1783973112.859,2266,7.54,-1.193,-0.107,0.0,14.5
1783973112.859,2266,7.228,-1.213,2.567,0.0,12.9
1783973112.859,2266,7.021,1.456,-2.983,0.0,12.9
1783973112.973,2267,7.143,2.111,0.911,0.0,11.3
1783973112.973,2267,7.316,-1.407,0.902,0.0,11.3
1783973112.973,2267,7.56,-0.954,0.48,0.0,19.0
1783973113.089,2268,7.575,-0.954,0.096,0.0,15.6
1783973113.089,2268,7.49,2.196,0.251,0.0,11.6
1783973113.196,2269,7.436,-0.938,0.379,0.0,12.6
1783973113.196,2269,7.223,1.876,0.791,0.0,12.6
1783973113.196,2269,7.573,-0.954,0.189,0.0,17.8
1783973113.196,2269,7.605,1.464,-1.006,0.0,12.0
1783973113.248,2270,0.673,-0.851,-0.332,0.0,11.6
1783973113.248,2270,7.427,-0.938,0.522,0.0,11.6
1783973113.248,2270,7.469,-0.954,1.265,0.0,12.4
1783973113.356,2271,7.417,-0.938,0.645,0.0,12.3
1783973113.356,2271,7.558,-0.712,0.055,0.0,13.6
1783973113.356,2271,6.817,2.372,2.352,0.0,13.6
1783973113.477,2272,7.471,-0.704,-0.087,0.0,12.4
1783973113.477,2272,7.142,1.876,1.338,0.0,12.4
1783973113.477,2272,7.255,1.909,1.42,0.0,14.4
1783973113.477,2272,7.551,-0.716,-0.872,0.0,14.4
1783973113.577,2273,7.437,-0.469,-0.882,0.0,12.6
1783973113.577,2273,7.143,2.111,0.911,0.0,12.6
1783973113.577,2273,7.387,1.909,0.293,0.0,13.8
1783973113.577,2273,7.284,-1.193,1.954,0.0,13.8
1783973113.577,2273,7.687,-0.488,-1.288,0.0,11.9
1783973113.577,2273,7.326,1.952,1.872,0.0,11.9
1783973113.678,2274,0.624,-0.886,-0.335,0.0,11.8
1783973113.678,2274,7.145,2.147,1.622,0.0,14.7
1783973113.678,2274,7.138,-0.971,2.901,0.0,13.7
1783973113.678,2274,7.503,1.699,-1.065,0.0,13.7
1783973113.779,2275,7.272,2.147,0.893,0.0,14.0
1783973113.879,2276,0.625,-0.886,-0.334,0.0,11.9
1783973113.879,2276,0.75,0.638,0.563,0.0,11.9
1783973113.879,2276,7.566,-0.954,0.375,0.0,17.4
1783973113.879,2276,7.352,1.909,-0.771,0.0,17.4
1783973113.879,2276,7.581,1.456,-0.848,0.0,12.5
1783973113.981,2277,0.623,-0.886,-0.337,0.0,11.3
1783973114.081,2278,7.393,-1.173,0.524,0.0,11.9
1783973114.081,2278,7.575,-0.954,-0.093,0.0,12.6
1783973114.081,2278,7.065,1.909,2.178,0.0,12.6
1783973114.081,2278,7.532,1.456,-1.205,0.0,14.4
1783973114.182,2279,7.529,-0.949,0.194,0.0,15.7
1783973114.182,2279,7.151,1.661,1.933,0.0,15.7
1783973114.182,2279,7.51,1.456,-1.34,0.0,13.8
1783973114.283,2280,7.113,1.876,1.482,0.0,11.9
1783973114.283,2280,7.46,-0.704,-0.404,0.0,11.9
1783973114.283,2280,7.449,-0.954,1.378,0.0,16.1
1783973114.283,2280,7.234,1.67,-1.78,0.0,16.1
1783973114.283,2280,7.667,0.485,-1.138,0.0,13.8
1783973114.384,2281,7.505,-1.193,0.743,0.0,15.0
1783973114.384,2281,7.238,1.67,-1.767,0.0,15.0
1783973114.384,2281,7.453,1.952,1.275,0.0,12.4
1783973114.384,2281,7.258,-0.488,-2.84,0.0,12.4
1783973114.434,2282,0.692,-0.851,-0.29,0.0,11.4
1783973114.434,2282,7.528,-0.949,0.225,0.0,15.3
1783973114.434,2282,7.741,0.976,-0.327,0.0,11.4
1783973114.586,2283,7.598,-0.716,0.218,0.0,13.9
1783973114.586,2283,7.627,1.456,-0.112,0.0,14.2
1783973114.688,2284,7.575,-0.954,-0.09,0.0,16.0
1783973114.688,2284,6.574,1.909,3.382,0.0,16.0
1783973114.688,2284,7.62,1.708,-0.086,0.0,11.6
1783973114.739,2285,7.575,-0.954,-0.035,0.0,17.0
1783973114.739,2285,7.62,1.708,0.111,0.0,11.5
1783973114.839,2286,0.635,-0.886,-0.313,0.0,12.3
1783973114.839,2286,7.534,-1.193,-0.33,0.0,12.9
1783973114.839,2286,6.854,1.67,2.921,0.0,12.9
1783973114.839,2286,7.603,1.708,0.521,0.0,12.9
1783973114.839,2286,7.45,-0.488,-2.29,0.0,12.9
1783973114.94,2287,7.575,-0.954,0.067,0.0,15.0
1783973114.94,2287,7.698,0.485,-0.903,0.0,13.6
1783973115.041,2288,7.514,-0.949,0.525,0.0,13.6
1783973115.041,2288,7.562,1.456,-1.002,0.0,11.9
1783973115.144,2289,7.462,-0.704,0.371,0.0,11.9
1783973115.144,2289,7.349,1.407,0.573,0.0,11.9
1783973115.144,2289,7.514,-0.712,0.812,0.0,13.8
1783973115.245,2290,7.354,-1.173,0.922,0.0,12.6
1783973115.245,2290,6.859,1.876,-2.398,0.0,12.6
1783973115.245,2290,7.147,2.147,1.612,0.0,13.4
1783973115.346,2291,7.37,-0.938,1.055,0.0,13.3
1783973115.346,2291,7.686,-0.483,-0.576,0.0,13.1
1783973115.446,2292,7.575,-0.954,-0.06,0.0,16.0
1783973115.446,2292,7.324,1.699,-1.945,0.0,14.3
1783973115.446,2292,7.15,-0.971,2.871,0.0,14.3
1783973115.547,2293,0.448,0.286,0.3,0.0,13.7
1783973115.547,2293,7.344,-1.173,0.999,0.0,11.8
1783973115.547,2293,7.181,2.111,-0.544,0.0,11.8
1783973115.547,2293,7.574,-0.954,0.132,0.0,16.2
1783973115.547,2293,7.451,1.456,-1.637,0.0,15.7
1783973115.547,2293,6.873,-1.213,3.406,0.0,15.7
1783973115.649,2294,7.688,-0.724,-0.1,0.0,15.3
1783973115.649,2294,7.527,1.708,-1.191,0.0,12.3
1783973115.649,2294,6.77,-1.22,3.697,0.0,12.3
1783973115.75,2295,7.645,-0.72,-0.013,0.0,14.7
1783973115.75,2295,7.233,1.92,1.722,0.0,14.7
1783973115.75,2295,7.503,1.699,-1.059,0.0,13.0
1783973115.851,2296,0.342,-0.496,-0.101,0.0,13.4
1783973115.851,2296,7.122,2.147,1.721,0.0,14.9
1783973115.851,2296,7.599,-0.716,-0.188,0.0,14.9
1783973115.851,2296,7.433,1.699,-1.473,0.0,13.6
1783973115.851,2296,7.101,-1.213,2.9,0.0,13.6
1783973115.951,2297,0.45,0.286,0.297,0.0,13.4
1783973115.951,2297,7.287,-0.938,1.527,0.0,11.4
1783973115.951,2297,7.125,1.876,-1.423,0.0,11.4
1783973115.951,2297,7.141,1.909,1.913,0.0,16.0
1783973115.951,2297,7.62,-0.477,-0.05,0.0,16.0
1783973115.951,2297,7.449,1.699,-1.392,0.0,13.8
1783973116.051,2298,0.326,-0.515,-0.032,0.0,13.4
1783973116.051,2298,0.641,-0.92,-0.361,0.0,11.9
1783973116.051,2298,1.089,0.405,-0.195,0.0,11.9
1783973116.051,2298,7.528,-0.949,0.237,0.0,18.9
1783973116.051,2298,7.625,1.456,-0.217,0.0,16.1
1783973116.152,2299,0.323,-0.515,-0.055,0.0,12.9
1783973116.152,2299,7.575,-0.954,0.086,0.0,15.5
1783973116.152,2299,7.23,1.909,1.541,0.0,15.5
1783973116.152,2299,7.624,1.456,-0.249,0.0,14.6
1783973116.253,2300,0.34,-0.496,-0.104,0.0,12.9
1783973116.253,2300,7.407,-1.173,0.268,0.0,11.3
1783973116.253,2300,7.194,2.111,0.312,0.0,11.3
1783973116.253,2300,7.572,-0.954,0.23,0.0,15.8
1783973116.253,2300,7.616,1.213,-0.916,0.0,15.1
1783973116.354,2301,0.348,-0.496,-0.073,0.0,13.2
1783973116.354,2301,7.574,-0.954,0.118,0.0,15.4
1783973116.354,2301,7.509,1.456,-1.344,0.0,13.7
1783973116.454,2302,7.312,-0.938,1.405,0.0,11.7
1783973116.454,2302,7.011,2.111,-1.642,0.0,11.7
1783973116.454,2302,7.53,-0.954,0.829,0.0,15.7
1783973116.454,2302,7.67,1.213,0.111,0.0,13.6
1783973116.555,2303,0.45,0.286,0.298,0.0,13.7
1783973116.555,2303,7.538,-0.954,0.751,0.0,15.3
1783973116.555,2303,7.51,1.952,-0.879,0.0,13.1
1783973116.657,2304,7.541,-0.716,0.953,0.0,15.3
1783973116.758,2305,7.571,-0.954,0.24,0.0,16.9
1783973116.758,2305,7.563,1.213,-1.281,0.0,13.8
1783973116.859,2306,0.609,-0.886,-0.361,0.0,12.4
1783973116.859,2306,7.589,-0.716,0.427,0.0,15.5
1783973116.859,2306,7.572,1.699,-0.306,0.0,13.9
1783973116.859,2306,7.245,-1.213,-2.519,0.0,13.9
1783973116.96,2307,7.423,-0.704,0.845,0.0,12.3
1783973116.96,2307,7.601,-0.716,-0.07,0.0,14.8
1783973116.96,2307,7.541,1.456,-1.152,0.0,13.4
1783973117.061,2308,0.317,-0.515,-0.082,0.0,13.7
1783973117.061,2308,7.441,-0.938,0.26,0.0,11.8
1783973117.061,2308,7.575,-0.954,-0.074,0.0,14.6
1783973117.061,2308,6.61,1.909,3.31,0.0,14.6
1783973117.061,2308,7.249,1.456,-2.376,0.0,13.2
1783973117.061,2308,7.277,-1.213,2.424,0.0,13.2
1783973117.162,2309,0.471,0.267,0.283,0.0,15.0
1783973117.162,2309,0.649,-0.92,-0.346,0.0,11.3
1783973117.162,2309,1.102,0.405,-0.093,0.0,11.3
1783973117.162,2309,7.574,-0.954,-0.102,0.0,16.1
1783973117.264,2310,0.3,-0.515,-0.131,0.0,13.4
1783973117.264,2310,7.571,-0.954,-0.235,0.0,14.5
1783973117.264,2310,6.651,1.909,3.227,0.0,14.5
1783973117.264,2310,7.751,-0.485,-0.046,0.0,12.2
1783973117.367,2311,7.531,-0.949,0.108,0.0,16.5
1783973117.367,2311,7.073,1.213,-2.967,0.0,11.9
1783973117.367,2311,7.11,-1.456,2.763,0.0,11.9
1783973117.468,2312,0.329,-0.496,-0.135,0.0,13.7
1783973117.468,2312,7.528,-0.949,0.248,0.0,16.2
1783973117.468,2312,7.545,1.456,-1.126,0.0,12.0
1783973117.468,2312,7.67,-1.213,-0.029,0.0,12.0
1783973117.569,2313,0.51,0.248,-0.015,0.0,14.0
1783973117.569,2313,7.497,-0.954,1.084,0.0,12.2
1783973117.569,2313,6.524,2.625,2.974,0.0,12.2
1783973117.569,2313,7.651,1.213,-0.549,0.0,14.3
1783973117.671,2314,0.301,-0.408,-0.255,0.0,14.3
1783973117.671,2314,0.644,-0.886,-0.293,0.0,11.8
1783973117.671,2314,7.55,-0.72,1.199,0.0,15.0
1783973117.671,2314,7.617,1.464,-0.91,0.0,12.4
1783973117.772,2315,7.469,-0.943,0.546,0.0,11.7
1783973117.772,2315,7.291,1.887,-0.496,0.0,11.7
1783973117.772,2315,7.448,1.708,-1.614,0.0,11.6
1783973117.772,2315,7.62,-0.244,1.692,0.0,11.6
1783973117.872,2316,0.691,-0.851,-0.293,0.0,12.6
1783973117.872,2316,7.495,-0.949,0.739,0.0,15.0
1783973117.872,2316,7.452,1.699,-1.374,0.0,14.6
1783973117.973,2317,0.51,0.248,-0.01,0.0,13.7
1783973117.973,2317,7.575,-0.954,0.036,0.0,15.1
1783973117.973,2317,6.684,1.909,3.159,0.0,15.1
1783973117.973,2317,7.552,1.699,-0.625,0.0,18.1
1783973117.973,2317,8.338,0.789,0.868,0.0,11.4
1783973118.074,2318,0.51,0.248,-0.014,0.0,13.3
1783973118.074,2318,7.515,1.699,-0.973,0.0,17.0
1783973118.175,2319,0.301,-0.408,-0.255,0.0,13.7
1783973118.175,2319,0.694,-0.851,-0.286,0.0,11.7
1783973118.175,2319,7.574,-0.954,0.157,0.0,15.1
1783973118.175,2319,6.711,1.67,3.236,0.0,15.1
1783973118.175,2319,7.604,1.456,-0.608,0.0,15.7
1783973118.277,2320,0.307,-0.408,-0.247,0.0,14.0
1783973118.277,2320,0.681,-0.851,-0.315,0.0,11.9
1783973118.277,2320,7.567,-0.954,0.36,0.0,15.4
1783973118.277,2320,7.612,1.456,-0.497,0.0,16.0
1783973118.378,2321,0.51,0.248,-0.006,0.0,13.6
1783973118.378,2321,7.573,-0.954,0.17,0.0,15.3
1783973118.378,2321,6.895,1.67,2.822,0.0,15.3
1783973118.378,2321,7.624,1.456,-0.244,0.0,16.7
1783973118.479,2322,0.33,-0.496,-0.135,0.0,13.5
1783973118.479,2322,7.575,-0.954,0.034,0.0,13.7
1783973118.479,2322,7.222,1.67,1.829,0.0,13.7
1783973118.479,2322,7.515,1.952,0.837,0.0,14.2
1783973118.479,2322,7.707,1.22,-0.308,0.0,14.2
1783973118.58,2323,0.307,-0.515,-0.114,0.0,12.9
1783973118.58,2323,7.55,-0.954,0.614,0.0,16.1
1783973118.58,2323,7.416,1.456,-1.785,0.0,14.9
1783973118.58,2323,7.439,-1.213,1.87,0.0,14.9
1783973118.681,2324,0.327,-0.496,-0.14,0.0,13.9
1783973118.681,2324,7.563,-0.954,0.432,0.0,13.4
1783973118.681,2324,7.286,1.909,1.25,0.0,13.4
1783973118.681,2324,7.345,1.213,-2.211,0.0,12.2
1783973118.782,2325,0.51,0.248,-0.005,0.0,13.3
1783973118.782,2325,7.517,-0.954,0.936,0.0,14.6
1783973118.782,2325,7.445,1.456,-1.661,0.0,13.5
1783973118.782,2325,7.052,-1.456,2.908,0.0,13.5
1783973118.884,2326,0.304,-0.515,-0.122,0.0,13.4
1783973118.884,2326,7.567,-0.954,0.358,0.0,12.3
1783973118.884,2326,6.981,1.909,2.432,0.0,12.3
1783973118.884,2326,7.509,1.213,-1.567,0.0,14.1
1783973118.884,2326,7.274,-1.213,2.434,0.0,14.1
1783973118.935,2327,0.33,-0.496,-0.135,0.0,13.9
1783973118.935,2327,7.575,-0.954,0.011,0.0,15.3
1783973118.935,2327,6.736,1.909,3.046,0.0,15.3
1783973118.935,2327,7.537,1.456,-1.178,0.0,13.8
1783973119.087,2328,0.307,-0.515,-0.115,0.0,13.0
1783973119.087,2328,7.589,-0.716,-0.438,0.0,15.0
1783973119.087,2328,6.854,1.909,2.771,0.0,15.0
1783973119.087,2328,7.582,1.456,-0.838,0.0,15.2
1783973119.188,2329,0.328,-0.496,-0.139,0.0,13.1
1783973119.188,2329,7.575,-0.954,0.074,0.0,17.4
1783973119.188,2329,7.575,1.456,-0.897,0.0,14.8
1783973119.239,2330,0.327,-0.496,-0.14,0.0,13.3
1783973119.239,2330,7.571,-0.954,-0.237,0.0,15.3
1783973119.239,2330,6.334,1.909,3.811,0.0,15.3
1783973119.239,2330,7.609,1.456,-0.542,0.0,16.3
1783973119.34,2331,0.51,0.248,-0.007,0.0,13.9
1783973119.34,2331,7.525,-0.949,0.317,0.0,17.1
1783973119.492,2332,0.51,0.248,-0.006,0.0,13.6
1783973119.492,2332,7.589,-0.716,0.442,0.0,13.5
1783973119.492,2332,7.608,1.708,-0.443,0.0,12.8
1783973119.542,2333,0.33,-0.496,-0.135,0.0,13.9
1783973119.542,2333,7.601,-0.716,0.063,0.0,12.1
1783973119.542,2333,6.966,2.147,2.271,0.0,12.1
1783973119.542,2333,7.621,1.456,0.323,0.0,14.2
1783973119.542,2333,7.56,-0.728,-1.619,0.0,14.2
1783973119.644,2334,0.329,-0.496,-0.135,0.0,14.1
1783973119.644,2334,0.676,-0.851,-0.325,0.0,12.0
1783973119.644,2334,7.556,-0.712,-0.171,0.0,13.4
1783973119.644,2334,6.94,2.135,2.216,0.0,13.4
1783973119.644,2334,7.637,1.464,-0.723,0.0,12.0
1783973119.744,2335,0.51,0.248,-0.005,0.0,13.4
1783973119.744,2335,7.531,-0.949,-0.095,0.0,15.1
1783973119.744,2335,7.47,1.699,-1.272,0.0,16.7
1783973119.744,2335,6.68,-0.971,3.84,0.0,16.7
1783973119.845,2336,0.51,0.248,-0.01,0.0,13.6
1783973119.845,2336,7.311,1.699,-1.994,0.0,16.5
1783973119.845,2336,7.109,-0.971,2.972,0.0,16.5
1783973119.946,2337,0.329,-0.496,-0.137,0.0,13.7
1783973119.946,2337,7.627,1.456,-0.149,0.0,15.5
1783973120.047,2338,0.306,-0.515,-0.118,0.0,13.2
1783973120.047,2338,7.397,-0.938,0.851,0.0,14.0
1783973120.047,2338,6.948,1.876,-2.127,0.0,14.0
1783973120.047,2338,7.341,-1.193,1.728,0.0,14.8
1783973120.047,2338,7.365,1.909,-0.637,0.0,14.8
1783973120.047,2338,7.615,1.456,-0.44,0.0,14.0
1783973120.148,2339,0.302,-0.515,-0.127,0.0,13.2
1783973120.148,2339,7.522,1.213,-1.5,0.0,13.1
1783973120.249,2340,7.399,-0.938,0.831,0.0,13.2
1783973120.249,2340,7.55,-0.716,0.882,0.0,13.3
1783973120.249,2340,7.561,1.699,-0.501,0.0,13.6
1783973120.35,2341,0.648,-0.886,-0.285,0.0,12.2
1783973120.35,2341,7.698,-0.483,0.371,0.0,15.3
1783973120.451,2342,0.642,-0.886,-0.298,0.0,11.9
1783973120.451,2342,7.518,-0.954,0.925,0.0,14.1
1783973120.552,2343,0.497,0.266,0.063,0.0,12.8
1783973120.552,2343,7.533,0.728,-1.74,0.0,12.6
1783973120.653,2344,7.419,-0.72,1.843,0.0,11.3
1783973120.653,2344,7.117,1.92,-2.151,0.0,11.3
1783973120.653,2344,7.512,1.456,-1.325,0.0,13.0
1783973120.753,2345,0.317,-0.515,-0.084,0.0,13.7
1783973120.753,2345,7.415,-0.938,0.675,0.0,14.0
1783973120.753,2345,7.532,1.213,-1.453,0.0,13.5
1783973120.854,2346,0.318,-0.515,-0.081,0.0,13.8
1783973120.854,2346,7.428,-0.699,-0.006,0.0,11.3
1783973120.854,2346,6.906,1.865,2.118,0.0,11.3
1783973120.854,2346,7.488,1.699,-1.163,0.0,13.3
1783973120.854,2346,7.008,-1.213,3.119,0.0,13.3
1783973120.955,2347,0.317,-0.515,-0.084,0.0,13.7
1783973120.955,2347,7.571,-0.954,0.235,0.0,16.7
1783973120.955,2347,7.604,1.213,-1.006,0.0,14.7
1783973121.056,2348,0.676,-0.883,-0.388,0.0,11.5
1783973121.056,2348,1.098,0.405,-0.132,0.0,11.5
1783973121.056,2348,7.6,-0.239,0.688,0.0,11.4
1783973121.056,2348,7.599,1.456,-0.666,0.0,16.9
1783973121.158,2349,0.615,-0.92,-0.403,0.0,12.5
1783973121.158,2349,1.085,0.405,-0.216,0.0,12.5
1783973121.158,2349,7.586,-0.716,0.491,0.0,17.0
1783973121.158,2349,7.503,1.699,-1.059,0.0,15.5
1783973121.258,2350,7.325,-0.938,1.332,0.0,13.0
1783973121.258,2350,6.67,1.876,-2.883,0.0,13.0
1783973121.258,2350,7.554,1.456,-1.062,0.0,14.9
1783973121.359,2351,0.649,-0.92,-0.345,0.0,11.5
1783973121.359,2351,1.093,0.405,-0.17,0.0,11.5
1783973121.359,2351,7.558,-0.712,0.075,0.0,13.2
1783973121.359,2351,7.275,1.898,1.048,0.0,13.2
1783973121.359,2351,7.559,1.456,-1.024,0.0,15.4
1783973121.46,2352,7.601,-0.716,0.07,0.0,17.4
1783973121.46,2352,6.422,1.909,3.662,0.0,17.4
1783973121.46,2352,7.603,1.456,-0.619,0.0,14.6
1783973121.561,2353,7.206,1.909,1.65,0.0,16.8
1783973121.561,2353,7.539,-0.954,-0.737,0.0,16.8
1783973121.561,2353,7.57,1.213,-1.237,0.0,14.7
1783973121.561,2353,7.306,-1.213,2.336,0.0,14.7
1783973121.662,2354,7.469,-0.704,0.17,0.0,12.1
1783973121.662,2354,7.108,1.642,1.76,0.0,12.1
1783973121.662,2354,7.575,-0.954,-0.091,0.0,16.8
1783973121.662,2354,6.8,1.67,3.045,0.0,16.8
1783973121.662,2354,7.676,0.971,-0.666,0.0,13.8
1783973121.762,2355,7.515,-0.949,0.501,0.0,14.6
1783973121.762,2355,7.474,1.456,-1.527,0.0,15.3
1783973121.762,2355,7.281,-1.213,2.412,0.0,15.3
1783973121.863,2356,7.423,-0.704,0.846,0.0,11.4
1783973121.863,2356,6.829,2.345,-2.046,0.0,11.4
1783973121.863,2356,7.518,1.456,-1.289,0.0,14.1
1783973121.963,2357,7.625,1.456,-0.235,0.0,15.8
1783973122.065,2358,0.628,-0.92,-0.382,0.0,11.9
1783973122.065,2358,1.099,0.405,-0.123,0.0,11.9
1783973122.065,2358,7.49,-0.954,1.136,0.0,12.6
1783973122.065,2358,7.469,1.699,-1.28,0.0,14.4
1783973122.167,2359,0.625,-0.886,-0.333,0.0,11.9
1783973122.167,2359,0.86,0.603,0.429,0.0,11.9
1783973122.167,2359,7.508,-0.949,0.595,0.0,13.2
1783973122.167,2359,7.565,0.971,-1.464,0.0,12.6
1783973122.167,2359,7.091,-1.456,-2.812,0.0,12.6
1783973122.268,2360,7.458,-0.704,0.441,0.0,14.4
1783973122.268,2360,7.525,-0.949,0.327,0.0,16.1
1783973122.268,2360,7.564,1.699,-0.451,0.0,14.8
1783973122.369,2361,7.532,-0.949,0.051,0.0,15.3
1783973122.369,2361,6.693,1.898,3.039,0.0,15.3
1783973122.369,2361,7.566,1.699,-0.424,0.0,15.7
1783973122.47,2362,0.669,-0.851,-0.339,0.0,12.1
1783973122.47,2362,0.751,0.674,0.519,0.0,12.1
1783973122.47,2362,7.585,-0.716,-0.496,0.0,15.4
1783973122.47,2362,7.041,1.909,2.252,0.0,15.4
1783973122.47,2362,7.675,0.971,-0.674,0.0,13.1
1783973122.57,2363,0.644,-0.886,-0.294,0.0,12.2
1783973122.57,2363,0.717,0.674,0.564,0.0,12.2
1783973122.57,2363,7.532,-0.949,-0.012,0.0,16.0
1783973122.57,2363,6.759,2.135,2.717,0.0,16.0
1783973122.57,2363,7.467,1.699,-1.293,0.0,14.8
1783973122.57,2363,7.011,-0.971,3.195,0.0,14.8
1783973122.671,2364,7.35,-0.933,0.876,0.0,11.6
1783973122.671,2364,7.076,2.331,-0.387,0.0,11.6
1783973122.671,2364,7.164,2.386,1.128,0.0,12.4
1783973122.671,2364,7.379,-1.193,1.556,0.0,12.4
1783973122.671,2364,7.57,1.699,-0.339,0.0,14.4
1783973122.671,2364,8.22,-2.127,-0.53,0.0,11.3
1783973122.772,2365,7.593,-0.716,0.361,0.0,14.3
1783973122.772,2365,7.576,1.699,-0.163,0.0,15.5
1783973122.873,2366,0.63,-0.92,-0.379,0.0,11.6
1783973122.873,2366,1.094,0.405,-0.164,0.0,11.6
1783973122.873,2366,7.423,-0.938,0.581,0.0,12.2
1783973122.873,2366,7.261,1.876,-0.274,0.0,12.2
1783973122.873,2366,7.376,-0.954,1.727,0.0,13.1
1783973122.873,2366,7.39,1.909,-0.197,0.0,13.1
1783973122.873,2366,7.577,1.456,-0.883,0.0,13.5
1783973122.973,2367,0.636,-0.92,-0.369,0.0,11.6
1783973122.973,2367,7.519,-0.949,0.446,0.0,16.2
1783973122.973,2367,7.347,1.213,-2.203,0.0,13.7
1783973123.075,2368,7.53,-0.949,0.181,0.0,13.5
1783973123.075,2368,6.826,2.135,2.544,0.0,13.5
1783973123.075,2368,7.609,-0.965,0.899,0.0,13.9
1783973123.176,2369,0.631,-0.886,-0.321,0.0,12.4
1783973123.176,2369,0.868,0.603,0.412,0.0,12.4
1783973123.176,2369,7.557,-0.712,0.131,0.0,18.4
1783973123.276,2370,7.595,-0.716,0.302,0.0,13.1
1783973123.276,2370,6.664,2.386,2.863,0.0,13.1
1783973123.276,2370,7.508,1.456,-1.349,0.0,15.9
1783973123.377,2371,0.59,-0.886,-0.392,0.0,11.2
1783973123.377,2371,0.86,0.603,0.429,0.0,11.2
1783973123.377,2371,7.532,-0.949,-0.051,0.0,15.4
1783973123.377,2371,6.625,2.135,3.03,0.0,15.4
1783973123.377,2371,7.445,1.699,-1.411,0.0,14.2
1783973123.377,2371,7.565,-1.213,1.269,0.0,14.2
1783973123.477,2372,7.55,-0.954,0.621,0.0,14.9
1783973123.477,2372,7.501,1.699,-1.076,0.0,13.9
1783973123.477,2372,7.548,-0.971,1.55,0.0,13.9
1783973123.579,2373,7.573,-0.954,0.187,0.0,16.6
1783973123.579,2373,7.391,1.699,-1.671,0.0,13.1
1783973123.679,2374,7.398,-0.699,0.66,0.0,12.2
1783973123.679,2374,7.152,2.098,-0.334,0.0,12.2
1783973123.679,2374,7.553,-0.954,0.582,0.0,17.0
1783973123.679,2374,7.651,0.965,-0.409,0.0,14.5
1783973123.679,2374,7.706,0.483,0.11,0.0,14.5
1783973123.78,2375,0.646,-0.886,-0.291,0.0,11.8
1783973123.78,2375,7.567,-0.954,0.35,0.0,15.5
1783973123.78,2375,7.513,1.699,-0.985,0.0,14.8
1783973123.78,2375,8.18,-2.116,-0.493,0.0,11.4
1783973123.78,2375,8.365,1.058,-0.744,0.0,11.4
1783973123.88,2376,0.631,-0.886,-0.321,0.0,11.3
1783973123.88,2376,0.865,0.603,0.419,0.0,11.3
1783973123.88,2376,7.518,-0.949,0.455,0.0,15.5
1783973123.88,2376,7.412,1.456,-1.802,0.0,13.4
1783973123.88,2376,7.329,-1.213,2.265,0.0,13.4
1783973123.983,2377,7.467,-0.704,0.238,0.0,13.6
1783973123.983,2377,7.616,1.456,-0.425,0.0,13.9
1783973124.083,2378,0.683,-0.883,-0.374,0.0,12.6
1783973124.083,2378,1.089,0.442,-0.085,0.0,12.6
1783973124.083,2378,7.469,-0.704,0.167,0.0,13.4
1783973124.083,2378,7.611,1.456,0.508,0.0,15.0
1783973124.185,2379,7.475,-0.943,0.458,0.0,13.9
1783973124.185,2379,7.621,1.456,-0.332,0.0,13.1
1783973124.286,2380,7.394,-1.432,1.257,0.0,12.1
1783973124.286,2380,7.377,1.909,0.485,0.0,12.1
1783973124.286,2380,7.587,-0.728,1.489,0.0,12.0
1783973124.336,2381,0.314,-0.515,-0.094,0.0,13.2
1783973124.487,2382,0.51,0.248,-0.01,0.0,13.3
1783973124.487,2382,0.685,-0.851,-0.306,0.0,12.4
1783973124.487,2382,7.575,-0.954,0.038,0.0,14.0
1783973124.588,2383,0.305,-0.515,-0.121,0.0,14.0
1783973124.588,2383,7.57,-0.954,0.266,0.0,16.4
1783973124.588,2383,7.693,-0.971,0.428,0.0,12.0
1783973124.639,2384,7.502,-0.949,0.672,0.0,13.1
1783973124.639,2384,6.599,3.084,2.137,0.0,13.1
1783973124.639,2384,7.576,1.699,0.166,0.0,14.3
1783973124.739,2385,0.323,-0.496,-0.15,0.0,13.7
1783973124.739,2385,7.508,1.699,-1.029,0.0,17.2
1783973124.89,2386,7.52,1.456,-1.279,0.0,15.0
1783973124.942,2387,0.328,-0.496,-0.14,0.0,13.3
1783973124.942,2387,7.507,-0.949,0.606,0.0,15.0
1783973124.942,2387,7.626,1.456,-0.195,0.0,13.7
1783973125.056,2388,0.51,0.248,-0.001,0.0,14.4
1783973125.056,2388,7.425,-0.699,0.212,0.0,11.6
1783973125.056,2388,7.055,2.098,1.217,0.0,11.6
1783973125.056,2388,7.564,-0.954,0.407,0.0,15.8
1783973125.056,2388,7.366,1.909,-0.63,0.0,15.8
1783973125.056,2388,7.668,1.213,0.203,0.0,13.4
1783973125.056,2388,7.196,-0.728,-2.827,0.0,13.4
1783973125.157,2389,0.51,0.248,-0.003,0.0,13.8
1783973125.157,2389,7.684,0.971,0.569,0.0,15.8
