t,frame,x,y,z,doppler,snr_db
1783974066.193,1,7.434,-0.938,0.406,0.0,16.1
1783974066.193,1,7.66,-0.48,0.235,0.0,14.0
1783974066.193,1,6.593,2.16,3.291,0.0,14.0
1783974066.193,1,7.648,1.213,-0.594,0.0,12.6
1783974066.297,2,7.44,-0.938,0.272,0.0,12.8
1783974066.297,2,7.651,-0.483,0.926,0.0,12.9
1783974066.297,2,7.544,1.952,0.517,0.0,12.6
1783974066.406,3,0.306,-0.515,-0.118,0.0,11.5
1783974066.406,3,7.546,-0.712,0.421,0.0,14.2
1783974066.406,3,7.616,1.708,-0.269,0.0,14.3
1783974066.464,4,7.553,-0.724,1.435,0.0,14.7
1783974066.464,4,7.643,1.464,-0.661,0.0,13.2
1783974066.58,5,0.664,-0.886,-0.247,0.0,12.7
1783974066.58,5,1.036,0.461,0.022,0.0,12.7
1783974066.58,5,7.307,-0.48,2.31,0.0,13.6
1783974066.58,5,6.947,2.16,-2.458,0.0,13.6
1783974066.58,5,7.695,0.976,-0.909,0.0,11.7
1783974066.697,6,7.621,-0.724,1.017,0.0,15.8
1783974066.697,6,7.57,-0.976,1.655,0.0,13.9
1783974066.697,6,6.954,1.708,-3.116,0.0,13.9
1783974066.812,7,0.305,-0.515,-0.119,0.0,11.5
1783974066.812,7,7.409,-1.173,0.212,0.0,15.2
1783974066.812,7,7.292,-0.954,2.052,0.0,13.6
1783974066.812,7,7.541,1.193,-0.01,0.0,13.6
1783974066.87,8,7.445,-0.938,0.053,0.0,13.1
1783974066.87,8,6.133,3.283,-2.814,0.0,13.1
1783974066.971,9,7.437,-0.704,0.71,0.0,11.5
1783974066.971,9,6.581,3.283,1.49,0.0,11.5
1783974066.971,9,7.636,-0.72,0.371,0.0,11.8
1783974067.072,10,7.443,-0.938,0.175,0.0,11.8
1783974067.072,10,7.027,2.58,0.527,0.0,11.8
1783974067.072,10,7.681,-0.724,0.332,0.0,14.7
1783974067.173,11,7.442,-0.704,0.656,0.0,13.8
1783974067.173,11,7.659,-0.965,0.194,0.0,12.7
1783974067.173,11,7.217,1.931,-1.954,0.0,12.7
1783974067.273,12,0.637,-0.886,-0.309,0.0,12.7
1783974067.273,12,1.028,0.461,-0.131,0.0,12.7
1783974067.273,12,7.6,-0.724,1.162,0.0,14.2
1783974067.374,13,0.626,-0.886,-0.331,0.0,11.5
1783974067.374,13,1.008,0.496,-0.154,0.0,11.5
1783974067.374,13,7.553,-0.712,-0.261,0.0,12.8
1783974067.475,14,7.531,-0.949,0.086,0.0,12.8
1783974067.576,15,7.62,-0.971,1.143,0.0,14.9
1783974067.576,15,6.671,1.699,-3.594,0.0,14.9
1783974067.677,16,1.007,-0.0,0.419,0.0,11.3
1783974067.677,16,7.445,-0.938,0.071,0.0,11.9
1783974067.677,16,7.25,1.876,-0.483,0.0,11.9
1783974067.778,17,7.464,-0.704,0.328,0.0,12.0
1783974067.778,17,7.173,1.876,-1.155,0.0,12.0
1783974067.778,17,7.395,1.67,0.902,0.0,12.0
1783974067.778,17,7.513,1.699,-0.992,0.0,13.7
1783974067.879,18,7.444,-0.704,0.634,0.0,13.6
1783974067.879,18,7.575,-0.954,-0.043,0.0,15.0
1783974067.879,18,6.57,1.67,3.513,0.0,15.0
1783974067.98,19,0.656,-0.886,-0.268,0.0,12.9
1783974067.98,19,0.872,0.532,-0.494,0.0,12.9
1783974067.98,19,7.379,-0.938,0.993,0.0,14.9
1783974067.98,19,7.659,0.971,-0.838,0.0,12.9
1783974068.081,20,0.653,-0.886,-0.274,0.0,11.6
1783974068.081,20,1.02,0.496,-0.004,0.0,11.6
1783974068.081,20,7.513,-0.949,0.54,0.0,16.4
1783974068.181,21,0.3,-0.515,-0.132,0.0,11.6
1783974068.181,21,7.424,-0.699,-0.226,0.0,11.7
1783974068.181,21,7.065,1.865,1.507,0.0,11.7
1783974068.181,21,7.559,1.952,-0.196,0.0,11.6
1783974068.283,22,0.673,-0.886,-0.221,0.0,11.3
1783974068.283,22,1.034,0.461,0.078,0.0,11.3
1783974068.283,22,7.496,-0.949,0.731,0.0,18.2
1783974068.283,22,7.61,1.708,-0.397,0.0,12.3
1783974068.384,23,0.299,-0.515,-0.135,0.0,11.8
1783974068.384,23,0.66,-0.886,-0.257,0.0,11.5
1783974068.384,23,7.573,-0.485,-1.651,0.0,14.2
1783974068.384,23,7.143,2.427,1.843,0.0,14.2
1783974068.484,24,7.408,-1.173,0.228,0.0,11.9
1783974068.484,24,7.648,0.971,-0.937,0.0,14.0
1783974068.586,25,0.299,-0.515,-0.135,0.0,12.2
1783974068.586,25,7.627,0.485,-1.377,0.0,12.7
1783974068.687,26,7.698,-0.0,-1.027,0.0,13.0
1783974068.789,27,0.648,-0.886,-0.284,0.0,12.0
1783974068.789,27,1.022,0.461,-0.173,0.0,12.0
1783974068.789,27,7.424,-0.699,0.247,0.0,11.2
1783974068.789,27,7.083,2.098,1.046,0.0,11.2
1783974068.789,27,7.4,-0.954,1.619,0.0,14.8
1783974068.789,27,7.299,1.909,-1.175,0.0,14.8
1783974068.789,27,7.725,-0.243,-0.76,0.0,12.8
1783974068.891,28,7.588,-0.239,0.811,0.0,14.9
1783974068.992,29,0.699,-0.851,-0.273,0.0,11.8
1783974068.992,29,1.008,0.496,-0.159,0.0,11.8
1783974068.992,29,7.377,-0.954,1.722,0.0,11.5
1783974068.992,29,7.306,1.67,-1.456,0.0,11.5
1783974069.093,30,7.564,-0.954,0.401,0.0,14.5
1783974069.093,30,7.357,1.67,-1.177,0.0,14.5
1783974069.194,31,0.645,-0.886,-0.292,0.0,11.9
1783974069.194,31,0.982,0.567,0.013,0.0,11.9
1783974069.194,31,7.712,-0.485,0.773,0.0,14.3
1783974069.296,32,7.563,-0.954,0.437,0.0,14.1
1783974069.296,32,7.526,1.699,-0.883,0.0,14.2
1783974069.397,33,7.559,-0.954,-0.497,0.0,14.5
1783974069.397,33,6.662,1.67,3.335,0.0,14.5
1783974069.397,33,7.481,1.213,-1.693,0.0,13.1
1783974069.397,33,7.076,-1.456,2.85,0.0,13.1
1783974069.497,34,7.573,-0.954,0.169,0.0,15.3
1783974069.497,34,7.236,1.67,1.773,0.0,15.3
1783974069.598,35,0.726,-0.851,-0.191,0.0,11.5
1783974069.598,35,1.035,0.461,-0.053,0.0,11.5
1783974069.598,35,7.566,-0.954,0.381,0.0,15.8
1783974069.598,35,7.292,1.909,1.213,0.0,15.8
1783974069.598,35,7.627,1.456,-0.141,0.0,12.4
1783974069.7,36,7.562,-0.954,0.452,0.0,15.2
1783974069.7,36,7.398,1.67,-0.88,0.0,15.2
1783974069.7,36,7.711,-0.488,-1.135,0.0,12.0
1783974069.7,36,6.991,2.196,2.701,0.0,12.0
1783974069.801,37,7.521,-1.193,-0.553,0.0,13.0
1783974069.801,37,7.415,1.67,0.719,0.0,13.0
1783974069.801,37,7.562,-0.965,1.232,0.0,15.0
1783974069.902,38,7.532,-0.949,0.011,0.0,15.6
1783974069.902,38,6.459,1.661,3.627,0.0,15.6
1783974069.902,38,7.563,-0.724,1.385,0.0,14.9
1783974070.002,39,0.3,-0.515,-0.133,0.0,11.7
1783974070.002,39,0.67,-0.886,-0.228,0.0,12.0
1783974070.002,39,7.575,-0.954,0.035,0.0,15.9
1783974070.002,39,7.518,1.213,-1.524,0.0,13.8
1783974070.103,40,0.635,-0.886,-0.313,0.0,12.4
1783974070.103,40,7.579,-0.716,0.584,0.0,17.3
1783974070.103,40,7.436,1.456,-1.703,0.0,13.2
1783974070.205,41,0.302,-0.515,-0.127,0.0,12.1
1783974070.205,41,0.604,-0.886,-0.369,0.0,12.4
1783974070.205,41,0.928,0.603,0.25,0.0,12.4
1783974070.205,41,7.6,-0.716,0.135,0.0,17.0
1783974070.205,41,7.331,1.213,-2.257,0.0,12.7
1783974070.205,41,6.941,-1.456,3.164,0.0,12.7
1783974070.305,42,7.539,-1.193,-0.199,0.0,13.3
1783974070.305,42,6.651,1.432,3.466,0.0,13.3
1783974070.305,42,7.497,1.699,-1.102,0.0,13.6
1783974070.406,43,0.632,-0.886,-0.32,0.0,11.9
1783974070.406,43,7.306,1.699,-2.011,0.0,13.5
1783974070.406,43,6.88,-1.213,3.392,0.0,13.5
1783974070.456,44,0.692,-0.851,-0.289,0.0,11.3
1783974070.456,44,1.017,0.496,0.076,0.0,11.3
1783974070.456,44,7.003,2.331,1.084,0.0,11.6
1783974070.456,44,7.367,-1.166,0.147,0.0,11.6
1783974070.456,44,7.566,-0.954,-0.382,0.0,13.5
1783974070.456,44,7.189,1.67,1.956,0.0,13.5
1783974070.456,44,7.488,1.213,-1.664,0.0,13.8
1783974070.456,44,7.423,-0.971,2.065,0.0,13.8
1783974070.608,45,0.656,-0.886,-0.266,0.0,11.5
1783974070.608,45,7.564,-0.954,0.407,0.0,14.0
1783974070.608,45,7.302,1.67,-1.479,0.0,14.0
1783974070.608,45,7.461,1.941,0.935,0.0,13.4
1783974070.608,45,7.029,-0.485,-3.267,0.0,13.4
1783974070.709,46,0.299,-0.515,-0.134,0.0,12.1
1783974070.709,46,7.548,-0.954,0.638,0.0,16.4
1783974070.759,47,0.718,-0.851,-0.216,0.0,11.8
1783974070.759,47,7.531,-0.949,0.138,0.0,15.3
1783974070.861,48,7.239,1.909,1.5,0.0,11.5
1783974070.861,48,6.983,2.67,2.103,0.0,12.2
1783974071.012,49,7.594,-0.716,-0.339,0.0,12.4
1783974071.012,49,7.125,1.909,1.969,0.0,12.4
1783974071.062,50,7.524,-1.193,0.503,0.0,14.0
1783974071.062,50,6.572,1.67,-3.508,0.0,14.0
1783974071.062,50,7.788,-0.488,0.301,0.0,11.4
1783974071.264,52,0.912,0.409,-0.438,0.0,11.8
1783974071.264,52,7.295,2.196,1.716,0.0,15.0
1783974071.264,52,7.403,-0.732,-2.376,0.0,15.0
1783974071.365,53,7.526,-0.954,0.86,0.0,17.2
1783974071.365,53,6.97,1.67,-2.632,0.0,17.2
1783974071.365,53,6.44,2.67,3.422,0.0,12.3
1783974071.365,53,7.184,0.243,-2.938,0.0,12.3
1783974071.466,54,7.192,1.909,1.711,0.0,14.6
1783974071.466,54,7.545,-0.954,-0.675,0.0,14.6
1783974071.466,54,7.517,1.941,0.175,0.0,14.3
1783974071.466,54,8.422,0.793,0.292,0.0,11.4
1783974071.466,54,7.874,-2.38,-1.993,0.0,11.4
1783974071.568,55,0.732,-0.851,-0.166,0.0,11.6
1783974071.568,55,1.029,0.461,0.124,0.0,11.6
1783974071.568,55,7.529,-0.949,0.193,0.0,15.0
1783974071.568,55,7.647,-0.483,-0.962,0.0,14.2
1783974071.568,55,6.929,2.172,2.628,0.0,14.2
1783974071.568,55,8.447,0.529,0.102,0.0,11.8
1783974071.568,55,7.729,-2.645,-2.216,0.0,11.8
1783974071.67,56,7.279,-0.704,1.684,0.0,12.3
1783974071.67,56,7.209,1.876,-0.909,0.0,12.3
1783974071.67,56,7.574,-0.954,-0.129,0.0,16.2
1783974071.67,56,6.556,1.67,3.538,0.0,16.2
1783974071.67,56,7.557,1.952,-0.264,0.0,11.2
1783974071.77,57,0.643,-0.886,-0.297,0.0,11.8
1783974071.77,57,0.96,0.603,0.042,0.0,11.8
1783974071.77,57,7.557,-0.954,-0.521,0.0,15.7
1783974071.77,57,7.372,1.67,1.076,0.0,15.7
1783974071.77,57,7.314,-0.976,2.558,0.0,12.8
1783974071.77,57,7.583,1.708,-0.755,0.0,12.8
1783974071.871,58,0.643,-0.886,-0.296,0.0,11.3
1783974071.871,58,1.033,0.461,-0.08,0.0,11.3
1783974071.871,58,7.365,-0.933,0.74,0.0,13.8
1783974071.871,58,7.541,-1.193,0.068,0.0,13.8
1783974071.871,58,7.412,1.67,-0.751,0.0,13.8
1783974071.972,59,7.575,-0.954,-0.062,0.0,15.2
1783974071.972,59,7.404,1.67,0.826,0.0,15.2
1783974071.972,59,7.651,-0.732,1.381,0.0,12.2
1783974072.073,60,7.531,-0.949,-0.132,0.0,15.1
1783974072.073,60,7.02,1.898,2.179,0.0,15.1
1783974072.073,60,7.575,1.699,-0.191,0.0,13.1
1783974072.173,61,7.571,-0.954,0.244,0.0,15.1
1783974072.275,62,0.665,-0.886,-0.243,0.0,12.0
1783974072.275,62,1.03,0.461,0.12,0.0,12.0
1783974072.275,62,7.558,-0.712,0.074,0.0,16.1
1783974072.275,62,7.568,1.699,0.379,0.0,13.1
1783974072.375,63,7.574,-0.954,0.154,0.0,17.0
1783974072.375,63,7.56,1.699,-0.513,0.0,15.9
1783974072.375,63,6.897,-1.213,3.357,0.0,15.9
1783974072.476,64,0.628,-0.886,-0.327,0.0,11.6
1783974072.476,64,1.013,0.496,-0.115,0.0,11.6
1783974072.476,64,7.445,1.67,0.282,0.0,14.6
1783974072.476,64,7.535,-1.193,-0.294,0.0,14.6
1783974072.476,64,7.49,1.699,-1.152,0.0,15.1
1783974072.476,64,6.628,-1.213,3.861,0.0,15.1
1783974072.577,65,0.674,-0.886,-0.217,0.0,12.3
1783974072.577,65,0.822,0.709,0.328,0.0,12.3
1783974072.577,65,7.15,-1.464,2.779,0.0,12.7
1783974072.678,66,7.569,-0.954,-0.317,0.0,15.0
1783974072.678,66,6.944,1.67,2.7,0.0,15.0
1783974072.678,66,7.12,-1.464,2.854,0.0,12.4
1783974072.678,66,7.604,1.708,0.507,0.0,12.4
1783974072.778,67,0.665,-0.886,-0.243,0.0,11.6
1783974072.778,67,7.574,-0.954,0.109,0.0,18.0
1783974072.778,67,7.502,1.952,0.948,0.0,13.2
1783974072.778,67,7.2,-1.22,2.768,0.0,13.2
1783974072.879,68,0.673,-0.886,-0.221,0.0,11.5
1783974072.879,68,0.9,0.603,0.338,0.0,11.5
1783974072.879,68,7.575,-0.954,-0.079,0.0,17.2
1783974072.879,68,6.9,1.909,2.653,0.0,17.2
1783974072.879,68,7.499,1.941,0.551,0.0,17.0
1783974072.98,69,7.573,-0.954,0.198,0.0,15.5
1783974072.98,69,7.545,1.952,0.499,0.0,13.0
1783974073.082,70,7.628,1.456,0.039,0.0,16.6
1783974073.183,71,7.48,-1.432,0.537,0.0,14.6
1783974073.183,71,7.069,2.625,1.2,0.0,14.6
1783974073.183,71,7.561,1.952,-0.061,0.0,12.9
1783974073.283,72,7.565,-0.954,0.397,0.0,17.1
1783974073.283,72,7.122,2.386,1.369,0.0,17.1
1783974073.283,72,7.543,1.699,-0.729,0.0,15.8
1783974073.384,73,7.575,-0.954,0.093,0.0,16.4
1783974073.384,73,6.676,1.909,3.176,0.0,16.4
1783974073.384,73,7.577,1.699,0.125,0.0,15.9
1783974073.485,74,7.575,-0.954,0.046,0.0,16.1
1783974073.485,74,6.552,1.909,3.423,0.0,16.1
1783974073.485,74,7.668,1.213,-0.183,0.0,16.3
1783974073.586,75,7.568,-0.954,0.337,0.0,14.1
1783974073.586,75,7.627,1.213,-0.818,0.0,17.3
1783974073.688,76,7.555,-0.954,0.55,0.0,15.0
1783974073.688,76,7.343,1.909,0.853,0.0,15.0
1783974073.688,76,7.548,1.952,0.448,0.0,15.9
1783974073.789,77,7.468,-0.704,0.2,0.0,11.5
1783974073.789,77,7.027,2.111,-1.576,0.0,11.5
1783974073.789,77,7.435,1.67,0.477,0.0,15.9
1783974073.789,77,7.541,-1.193,-0.074,0.0,15.9
1783974073.789,77,7.498,2.209,0.757,0.0,11.6
1783974073.891,78,0.983,0.409,-0.239,0.0,11.4
1783974073.891,78,7.559,-0.954,0.494,0.0,15.9
1783974073.891,78,7.596,1.456,-0.697,0.0,16.0
1783974073.993,79,7.565,-0.954,0.386,0.0,16.8
1783974073.993,79,7.627,1.456,0.156,0.0,16.3
1783974074.093,80,7.574,-0.954,0.154,0.0,18.4
1783974074.093,80,7.577,1.699,0.135,0.0,16.6
1783974074.194,81,7.532,-0.949,-0.024,0.0,15.3
1783974074.194,81,6.624,1.898,3.186,0.0,15.3
1783974074.194,81,7.688,1.22,-0.631,0.0,13.9
1783974074.194,81,7.155,-1.22,2.882,0.0,13.9
1783974074.294,82,7.51,-0.954,0.992,0.0,14.6
1783974074.294,82,7.527,1.699,-0.878,0.0,17.2
1783974074.395,83,7.377,-0.699,0.865,0.0,12.6
1783974074.395,83,7.224,1.865,0.031,0.0,12.6
1783974074.395,83,7.621,1.213,-0.869,0.0,14.7
1783974074.497,84,7.538,-1.193,-0.223,0.0,12.6
1783974074.497,84,7.08,1.67,2.32,0.0,12.6
1783974074.497,84,7.575,1.456,-0.897,0.0,15.2
1783974074.598,85,7.579,-0.716,0.586,0.0,16.6
1783974074.598,85,7.49,1.699,-1.151,0.0,13.5
1783974074.698,86,7.559,-0.716,0.799,0.0,14.9
1783974074.799,87,7.441,-0.938,0.243,0.0,11.8
1783974074.799,87,7.15,1.876,-1.291,0.0,11.8
1783974074.799,87,7.499,-0.716,1.243,0.0,13.1
1783974074.799,87,7.588,1.708,-0.698,0.0,13.2
1783974074.9,88,7.552,-0.716,0.867,0.0,17.9
1783974074.9,88,7.416,1.699,-1.558,0.0,15.3
1783974075.001,89,0.662,-0.886,-0.251,0.0,11.6
1783974075.001,89,0.68,0.709,0.567,0.0,11.6
1783974075.001,89,7.539,-1.193,0.163,0.0,15.4
1783974075.001,89,7.627,1.456,-0.149,0.0,15.7
1783974075.102,90,0.3,-0.515,-0.132,0.0,12.0
1783974075.102,90,0.655,-0.886,-0.269,0.0,11.6
1783974075.102,90,0.747,0.709,0.476,0.0,11.6
1783974075.102,90,7.504,-0.708,0.405,0.0,12.0
1783974075.102,90,7.542,1.699,-0.739,0.0,14.5
1783974075.203,91,0.305,-0.515,-0.12,0.0,11.5
1783974075.203,91,7.632,1.464,-0.777,0.0,14.5
1783974075.304,92,7.541,-1.193,0.082,0.0,13.7
1783974075.405,93,0.302,-0.515,-0.127,0.0,11.4
1783974075.405,93,7.507,-0.716,1.194,0.0,14.8
1783974075.405,93,7.571,1.699,-0.324,0.0,15.4
1783974075.507,94,7.612,0.971,-1.193,0.0,11.9
1783974075.557,95,7.409,-0.938,0.734,0.0,11.5
1783974075.557,95,7.53,-0.954,0.825,0.0,15.8
1783974075.557,95,7.501,1.456,-1.387,0.0,12.8
1783974075.557,95,7.572,-1.213,1.225,0.0,12.8
1783974075.709,96,7.571,-0.954,0.263,0.0,15.8
1783974075.709,96,7.331,0.728,-2.457,0.0,11.6
1783974075.81,97,7.543,-0.954,0.695,0.0,15.8
1783974075.81,97,7.294,1.909,-1.205,0.0,15.8
1783974075.81,97,7.607,1.456,-0.562,0.0,13.4
1783974075.86,98,0.31,-0.515,-0.106,0.0,11.8
1783974075.86,98,0.729,-0.851,-0.177,0.0,12.4
1783974075.86,98,1.019,0.496,-0.038,0.0,12.4
1783974075.86,98,7.575,-0.954,-0.033,0.0,15.5
1783974075.86,98,7.623,1.456,-0.29,0.0,16.2
1783974075.962,99,0.313,-0.515,-0.098,0.0,11.6
1783974075.962,99,0.286,-0.477,-0.252,0.0,11.6
1783974075.962,99,0.7,-0.851,-0.27,0.0,12.5
1783974075.962,99,1.002,0.496,-0.189,0.0,12.5
1783974075.962,99,7.575,-0.954,-0.023,0.0,17.1
1783974075.962,99,7.671,1.213,-0.017,0.0,15.0
1783974076.113,100,0.658,-0.886,-0.26,0.0,12.2
1783974076.113,100,1.007,0.496,-0.165,0.0,12.2
1783974076.113,100,7.249,2.147,1.062,0.0,13.8
1783974076.113,100,7.494,-1.432,-0.296,0.0,13.8
1783974076.113,100,7.444,1.699,-1.419,0.0,15.9
1783974076.113,100,7.447,-0.971,1.977,0.0,15.9
1783974076.164,101,0.301,-0.515,-0.129,0.0,11.2
1783974076.164,101,0.711,-0.851,-0.238,0.0,11.6
1783974076.164,101,0.985,0.496,-0.267,0.0,11.6
1783974076.164,101,7.405,-1.432,1.188,0.0,13.7
1783974076.164,101,7.071,2.625,1.189,0.0,13.7
1783974076.164,101,7.481,1.456,-1.489,0.0,16.7
1783974076.265,102,0.716,-0.851,-0.225,0.0,12.1
1783974076.265,102,1.019,0.461,-0.19,0.0,12.1
1783974076.265,102,7.496,-0.954,1.094,0.0,16.7
1783974076.265,102,7.224,2.386,0.641,0.0,16.7
1783974076.265,102,7.519,-1.213,1.517,0.0,12.3
1783974076.365,103,0.659,-0.886,-0.259,0.0,11.2
1783974076.365,103,1.021,0.461,-0.18,0.0,11.2
1783974076.365,103,7.519,-0.949,0.443,0.0,15.8
1783974076.365,103,7.612,-0.971,1.193,0.0,12.1
1783974076.467,104,0.632,-0.886,-0.32,0.0,11.7
1783974076.467,104,1.026,0.461,-0.149,0.0,11.7
1783974076.467,104,7.584,-0.716,0.516,0.0,14.8
1783974076.467,104,7.347,1.456,-2.053,0.0,13.4
1783974076.568,105,0.667,-0.886,-0.239,0.0,11.9
1783974076.568,105,1.02,0.496,-0.01,0.0,11.9
1783974076.568,105,7.575,-0.954,0.079,0.0,17.0
1783974076.568,105,7.762,-0.243,0.024,0.0,14.2
1783974076.669,106,0.732,-0.851,-0.164,0.0,11.6
1783974076.669,106,7.575,-0.954,-0.041,0.0,18.0
1783974076.669,106,7.324,1.909,1.004,0.0,18.0
1783974076.77,107,0.673,-0.886,-0.221,0.0,11.2
1783974076.77,107,7.593,-0.716,-0.364,0.0,18.0
1783974076.77,107,6.508,1.909,3.507,0.0,18.0
1783974076.77,107,7.704,0.971,-0.101,0.0,13.8
1783974076.872,108,0.31,-0.515,-0.107,0.0,11.6
1783974076.872,108,7.292,2.16,1.057,0.0,15.4
1783974076.872,108,7.65,1.213,-0.556,0.0,15.7
1783974076.973,109,0.635,-0.886,-0.314,0.0,12.5
1783974076.973,109,1.018,0.496,-0.062,0.0,12.5
1783974076.973,109,7.169,2.386,1.096,0.0,14.6
1783974076.973,109,7.317,-1.67,1.4,0.0,14.6
1783974076.973,109,7.628,1.456,-0.031,0.0,15.0
1783974077.074,110,7.706,-0.483,0.153,0.0,12.0
1783974077.175,111,7.693,0.728,-0.777,0.0,11.9
1783974077.275,112,0.706,-0.851,-0.255,0.0,12.5
1783974077.275,112,1.05,0.425,-0.054,0.0,12.5
1783974077.275,112,7.472,-0.72,1.617,0.0,14.0
1783974077.376,113,0.663,-0.886,-0.249,0.0,11.6
1783974077.376,113,0.912,0.567,0.365,0.0,11.6
1783974077.476,114,7.399,-0.933,-0.193,0.0,11.5
1783974077.476,114,7.049,1.865,1.579,0.0,11.5
1783974077.476,114,7.559,-0.477,0.963,0.0,12.3
1783974077.476,114,8.235,-2.127,-0.182,0.0,11.5
1783974077.577,115,7.4,-0.954,1.62,0.0,13.4
1783974077.577,115,7.252,2.386,0.107,0.0,13.4
1783974077.577,115,7.627,1.456,-0.138,0.0,15.9
1783974077.678,116,7.533,-0.954,0.799,0.0,17.0
1783974077.678,116,6.868,1.67,-2.887,0.0,17.0
1783974077.678,116,7.628,1.456,0.065,0.0,15.1
1783974077.779,117,7.571,-0.954,-0.248,0.0,15.8
1783974077.779,117,7.382,1.909,0.401,0.0,15.8
1783974077.779,117,7.678,0.728,-0.907,0.0,11.6
1783974077.879,118,7.648,-0.724,0.782,0.0,15.2
1783974077.98,119,7.439,-0.954,1.429,0.0,14.0
1783974078.081,120,0.643,-0.886,-0.296,0.0,12.1
1783974078.081,120,0.816,0.709,0.343,0.0,12.1
1783974078.081,120,7.485,-0.954,1.162,0.0,14.0
1783974078.181,121,0.715,-0.851,-0.226,0.0,11.8
1783974078.181,121,0.915,0.461,-0.488,0.0,11.8
1783974078.181,121,7.488,-0.954,1.145,0.0,16.8
1783974078.181,121,7.519,1.941,0.032,0.0,11.9
1783974078.282,122,7.455,-0.954,1.343,0.0,15.6
1783974078.384,123,7.704,-0.483,0.221,0.0,15.1
1783974078.485,124,7.557,-0.954,-0.521,0.0,14.1
1783974078.485,124,6.517,1.67,3.609,0.0,14.1
1783974078.485,124,7.598,1.456,-0.682,0.0,13.9
1783974078.586,125,7.531,-0.949,0.102,0.0,16.1
1783974078.586,125,7.508,1.456,-1.348,0.0,11.8
1783974078.586,125,6.755,-1.456,3.543,0.0,11.8
1783974078.686,126,7.455,-0.954,1.346,0.0,16.0
1783974078.686,126,7.249,1.909,-1.449,0.0,16.0
1783974078.686,126,7.73,-0.485,-0.561,0.0,14.1
1783974078.787,127,0.657,-0.886,-0.264,0.0,11.5
1783974078.787,127,0.907,0.567,0.377,0.0,11.5
1783974078.787,127,7.46,-1.193,1.104,0.0,17.0
1783974078.787,127,7.626,1.456,0.202,0.0,14.1
1783974078.787,127,6.908,-0.971,-3.413,0.0,14.1
1783974078.888,128,7.5,-0.724,1.689,0.0,13.1
1783974078.888,128,7.205,1.931,-1.998,0.0,13.1
1783974078.989,129,7.524,-0.954,0.881,0.0,14.7
1783974078.989,129,7.627,1.456,0.115,0.0,12.7
1783974078.989,129,7.061,-0.971,-3.083,0.0,12.7
1783974079.09,130,0.667,-0.886,-0.239,0.0,11.3
1783974079.09,130,1.02,0.496,0.024,0.0,11.3
1783974079.09,130,7.553,-0.954,0.584,0.0,19.3
1783974079.09,130,7.564,1.699,0.458,0.0,12.9
1783974079.09,130,7.215,-0.728,-2.779,0.0,12.9
1783974079.19,131,0.675,-0.886,-0.214,0.0,11.5
1783974079.19,131,1.013,0.496,0.117,0.0,11.5
1783974079.19,131,7.565,-0.954,0.397,0.0,15.7
1783974079.19,131,8.446,0.529,0.139,0.0,12.7
1783974079.19,131,7.828,-2.645,-1.835,0.0,12.7
1783974079.292,132,0.66,-0.886,-0.256,0.0,11.6
1783974079.292,132,1.028,0.461,-0.133,0.0,11.6
1783974079.292,132,7.571,-0.954,0.261,0.0,14.2
1783974079.292,132,7.388,1.67,0.957,0.0,14.2
1783974079.393,133,0.663,-0.886,-0.249,0.0,11.5
1783974079.393,133,7.575,-0.954,-0.051,0.0,16.2
1783974079.393,133,7.423,1.67,0.638,0.0,16.2
1783974079.393,133,7.504,1.941,0.482,0.0,13.3
1783974079.393,133,7.075,-1.941,2.547,0.0,13.3
1783974079.495,134,7.544,-0.954,0.685,0.0,17.0
1783974079.495,134,7.239,1.909,-1.498,0.0,17.0
1783974079.495,134,7.577,-0.243,-1.684,0.0,13.6
1783974079.596,135,7.497,-0.954,1.088,0.0,16.2
1783974079.596,135,7.282,1.909,-1.275,0.0,16.2
1783974079.596,135,7.5,1.699,1.08,0.0,14.3
1783974079.596,135,7.576,-0.243,-1.692,0.0,14.3
1783974079.697,136,7.479,-0.954,1.2,0.0,17.2
1783974079.697,136,7.061,1.67,-2.375,0.0,17.2
1783974079.697,136,7.487,1.941,0.692,0.0,11.7
1783974079.697,136,6.694,-0.728,-3.868,0.0,11.7
1783974079.798,137,7.551,-0.954,0.598,0.0,16.6
1783974079.798,137,7.401,1.67,-0.852,0.0,16.6
1783974079.798,137,7.514,1.941,0.292,0.0,12.3
1783974079.798,137,7.049,-0.243,-3.251,0.0,12.3
1783974079.899,138,7.575,-0.954,0.052,0.0,17.7
1783974079.899,138,6.815,1.909,2.865,0.0,17.7
1783974079.899,138,7.717,0.243,-0.837,0.0,13.5
1783974079.999,139,7.466,-0.704,0.266,0.0,11.6
1783974079.999,139,7.106,2.111,1.169,0.0,11.6
1783974079.999,139,7.558,-0.954,-0.51,0.0,16.1
1783974079.999,139,7.118,1.909,1.995,0.0,16.1
1783974079.999,139,7.377,1.699,-1.733,0.0,12.6
1783974079.999,139,7.143,-1.213,2.795,0.0,12.6
1783974080.101,140,7.569,-0.954,-0.299,0.0,15.0
1783974080.101,140,6.984,1.909,2.425,0.0,15.0
1783974080.101,140,7.619,1.456,-0.372,0.0,14.7
1783974080.203,141,7.566,-0.954,0.374,0.0,15.9
1783974080.203,141,7.498,1.213,-1.616,0.0,11.7
1783974080.203,141,6.953,-1.699,3.012,0.0,11.7
1783974080.304,142,0.709,-0.851,-0.246,0.0,12.1
1783974080.304,142,1.019,0.496,0.035,0.0,12.1
1783974080.304,142,7.494,-0.954,1.102,0.0,15.9
1783974080.304,142,6.705,1.67,-3.248,0.0,15.9
1783974080.304,142,7.506,1.952,0.914,0.0,11.5
1783974080.354,143,7.467,-0.954,1.274,0.0,15.4
1783974080.354,143,7.092,1.909,-2.088,0.0,15.4
1783974080.354,143,7.618,1.708,-0.2,0.0,12.0
1783974080.506,144,7.458,-0.954,1.324,0.0,15.0
1783974080.506,144,7.279,1.67,-1.586,0.0,15.0
1783974080.506,144,7.527,-0.485,-1.848,0.0,12.0
1783974080.506,144,8.447,0.264,0.472,0.0,12.9
1783974080.607,145,7.572,-0.954,-0.218,0.0,15.6
1783974080.607,145,7.444,1.67,0.312,0.0,15.6
1783974080.607,145,7.63,0.488,-1.594,0.0,11.8
1783974080.658,146,7.53,-0.949,0.179,0.0,16.0
1783974080.658,146,7.569,1.456,-0.946,0.0,12.5
1783974080.759,147,0.657,-0.886,-0.263,0.0,11.3
1783974080.759,147,7.574,-0.954,0.107,0.0,14.3
1783974080.759,147,7.071,1.67,2.347,0.0,14.3
1783974080.759,147,7.551,1.456,-1.079,0.0,13.4
1783974080.911,148,7.541,-1.193,0.036,0.0,16.4
1783974080.911,148,7.561,1.952,0.066,0.0,13.9
1783974080.961,149,0.68,-0.886,-0.197,0.0,11.9
1783974080.961,149,0.981,0.567,0.047,0.0,11.9
1783974080.961,149,7.568,-0.954,0.321,0.0,15.9
1783974080.961,149,7.486,2.196,0.35,0.0,13.1
1783974081.064,150,0.679,-0.886,-0.2,0.0,11.6
1783974081.064,150,0.945,0.567,0.269,0.0,11.6
1783974081.064,150,7.537,-0.954,0.76,0.0,15.4
1783974081.064,150,7.349,1.909,0.799,0.0,15.4
1783974081.064,150,7.696,-0.483,-0.414,0.0,14.4
1783974081.164,151,7.47,-1.193,1.036,0.0,14.5
1783974081.164,151,7.345,1.67,-1.245,0.0,14.5
1783974081.266,152,0.675,-0.851,-0.328,0.0,12.0
1783974081.266,152,1.036,0.461,-0.01,0.0,12.0
1783974081.266,152,7.515,-0.954,0.953,0.0,15.6
1783974081.367,153,7.562,-0.954,0.452,0.0,16.2
1783974081.367,153,7.737,-0.243,-0.629,0.0,14.1
1783974081.367,153,7.727,-0.728,-0.258,0.0,14.1
1783974081.468,154,0.644,-0.886,-0.295,0.0,12.1
1783974081.468,154,0.88,0.603,0.386,0.0,12.1
1783974081.468,154,7.495,-1.186,0.217,0.0,15.9
1783974081.468,154,7.42,-0.965,1.908,0.0,14.3
1783974081.569,155,7.571,-0.954,-0.264,0.0,15.8
1783974081.569,155,7.261,-0.965,2.445,0.0,12.2
1783974081.67,156,7.572,-0.954,-0.225,0.0,15.8
1783974081.67,156,6.415,1.67,3.789,0.0,15.8
1783974081.771,157,0.706,-0.851,-0.255,0.0,11.5
1783974081.771,157,1.012,0.461,-0.224,0.0,11.5
1783974081.771,157,7.57,-0.954,-0.282,0.0,15.8
1783974081.771,157,7.582,0.728,-1.514,0.0,13.3
1783974081.872,158,7.54,-1.193,-0.157,0.0,15.1
1783974081.872,158,6.975,1.67,2.618,0.0,15.1
1783974081.872,158,7.672,-0.243,-1.176,0.0,14.3
1783974081.973,159,7.513,-1.193,0.65,0.0,13.5
1783974081.973,159,7.365,1.67,-1.121,0.0,13.5
1783974081.973,159,7.513,1.952,0.852,0.0,12.6
1783974081.973,159,7.484,-0.488,-2.177,0.0,12.6
1783974082.075,160,7.49,-0.954,1.132,0.0,12.3
1783974082.075,160,7.162,1.432,-2.225,0.0,12.3
1783974082.075,160,7.191,-0.728,-2.84,0.0,11.6
1783974082.075,160,7.478,1.941,0.791,0.0,11.6
1783974082.175,161,7.575,-0.954,0.003,0.0,15.1
1783974082.175,161,6.42,1.67,3.78,0.0,15.1
1783974082.175,161,7.695,-0.244,-1.31,0.0,12.2
1783974082.175,161,7.314,2.196,1.636,0.0,12.2
1783974082.276,162,0.9,0.125,0.425,0.0,12.3
1783974082.276,162,7.568,-0.954,-0.327,0.0,15.7
1783974082.276,162,6.672,1.67,3.315,0.0,15.7
1783974082.276,162,7.266,-0.724,2.512,0.0,14.6
1783974082.276,162,7.028,1.931,-2.552,0.0,14.6
1783974082.377,163,0.892,0.125,0.443,0.0,12.3
1783974082.377,163,7.598,-0.716,0.227,0.0,14.0
1783974082.377,163,7.477,1.931,-0.014,0.0,12.9
1783974082.478,164,7.53,-0.949,0.177,0.0,15.4
1783974082.478,164,7.642,1.464,-0.671,0.0,11.3
1783974082.579,165,7.541,-1.193,0.095,0.0,15.9
1783974082.579,165,7.555,1.952,0.324,0.0,11.8
1783974082.579,165,7.438,-0.0,-2.38,0.0,11.8
1783974082.68,166,7.019,-0.732,-3.345,0.0,11.6
1783974082.68,166,7.561,1.952,0.063,0.0,11.6
1783974082.781,167,7.617,1.708,0.219,0.0,13.0
1783974082.883,168,7.661,1.464,-0.393,0.0,12.3
1783974082.983,169,0.716,-0.851,-0.226,0.0,11.7
1783974082.983,169,1.002,0.532,-0.016,0.0,11.7
1783974082.983,169,7.568,-0.954,-0.319,0.0,15.6
1783974082.983,169,6.745,1.432,3.278,0.0,15.6
1783974082.983,169,7.156,-1.213,2.763,0.0,14.3
1783974082.983,169,7.258,1.699,-2.177,0.0,14.3
1783974083.084,170,7.55,-0.712,0.338,0.0,15.5
1783974083.084,170,7.489,1.708,-1.408,0.0,11.2
1783974083.185,171,7.595,-0.716,0.305,0.0,13.9
1783974083.185,171,7.439,1.213,-1.871,0.0,11.2
1783974083.286,172,0.706,-0.851,-0.253,0.0,12.1
1783974083.286,172,0.879,0.709,0.104,0.0,12.1
1783974083.286,172,7.529,-0.949,0.22,0.0,17.6
1783974083.286,172,7.446,0.971,-1.979,0.0,12.7
1783974083.388,173,0.715,-0.851,-0.229,0.0,11.4
1783974083.388,173,7.496,-1.193,0.821,0.0,15.1
1783974083.388,173,7.236,1.67,-1.774,0.0,15.1
1783974083.388,173,7.711,1.22,0.183,0.0,11.4
1783974083.49,174,0.303,-0.515,-0.126,0.0,12.1
1783974083.49,174,7.638,-0.483,1.032,0.0,12.9
1783974083.49,174,7.699,1.22,0.477,0.0,11.8
1783974083.49,174,7.775,0.732,0.088,0.0,11.8
1783974083.592,175,0.665,-0.886,-0.243,0.0,11.6
1783974083.592,175,1.019,0.496,-0.045,0.0,11.6
1783974083.592,175,7.398,-1.193,1.464,0.0,13.6
1783974083.592,175,7.447,1.67,-0.201,0.0,13.6
1783974083.592,175,7.689,0.728,-0.808,0.0,13.2
1783974083.592,175,0.977,-0.188,-0.134,0.162,13.3
1783974083.693,176,0.65,-0.886,-0.281,0.0,11.2
1783974083.693,176,0.923,0.638,0.166,0.0,11.2
1783974083.693,176,7.538,-1.193,0.222,0.0,14.2
1783974083.693,176,7.357,1.67,-1.175,0.0,14.2
1783974083.693,176,7.536,-0.724,1.524,0.0,13.5
1783974083.693,176,7.784,0.488,-0.398,0.0,11.3
1783974083.793,177,0.708,-0.851,-0.25,0.0,11.3
1783974083.793,177,0.963,0.567,0.192,0.0,11.3
1783974083.793,177,7.539,-0.954,-0.739,0.0,13.3
1783974083.793,177,6.925,1.67,2.747,0.0,13.3
1783974083.793,177,7.548,-0.971,1.545,0.0,14.3
1783974083.895,178,7.564,-0.954,-0.41,0.0,15.8
1783974083.895,178,6.947,1.67,2.69,0.0,15.8
1783974083.895,178,7.359,-0.971,2.283,0.0,13.4
1783974083.895,178,7.008,1.456,-3.013,0.0,13.4
1783974083.996,179,0.655,-0.886,-0.27,0.0,11.6
1783974083.996,179,1.018,0.496,0.068,0.0,11.6
1783974083.996,179,7.562,-0.954,-0.453,0.0,15.1
1783974083.996,179,6.989,1.67,2.581,0.0,15.1
1783974083.996,179,0.852,-0.589,-0.155,0.487,16.0
1783974084.098,180,7.554,-0.954,-0.562,0.0,15.3
1783974084.098,180,7.202,1.67,1.908,0.0,15.3
1783974084.098,180,7.391,-0.971,2.177,0.0,13.8
1783974084.098,180,7.07,1.699,-2.727,0.0,13.8
1783974084.098,180,0.924,-0.511,-0.272,0.568,18.1
1783974084.2,181,0.725,-0.851,-0.193,0.0,11.4
1783974084.2,181,1.02,0.496,0.007,0.0,11.4
1783974084.2,181,7.541,-1.193,0.011,0.0,15.6
1783974084.2,181,7.444,1.67,-0.304,0.0,15.6
1783974084.2,181,7.81,-0.0,0.003,0.0,11.4
1783974084.2,181,1.02,-0.221,-0.546,-0.568,17.5
1783974084.301,182,0.508,0.248,0.043,0.0,13.3
1783974084.301,182,7.552,1.456,-1.078,0.0,13.5
1783974084.402,183,0.509,0.248,0.038,0.0,13.5
1783974084.402,183,0.728,-0.851,-0.18,0.0,11.5
1783974084.402,183,1.036,0.461,-0.014,0.0,11.5
1783974084.402,183,7.541,-1.193,0.078,0.0,13.7
1783974084.402,183,7.223,1.67,-1.825,0.0,13.7
1783974084.402,183,1.341,0.042,0.169,0.568,13.0
1783974084.503,184,0.507,0.248,0.052,0.0,13.8
1783974084.503,184,7.537,-1.193,-0.263,0.0,14.7
1783974084.503,184,7.444,1.67,0.305,0.0,14.7
1783974084.503,184,7.748,-0.485,0.203,0.0,12.8
1783974084.604,185,0.508,0.248,0.045,0.0,13.6
1783974084.604,185,7.529,-1.193,-0.43,0.0,14.5
1783974084.604,185,7.084,1.67,2.307,0.0,14.5
1783974084.604,185,7.591,-0.728,1.468,0.0,14.2
1783974084.604,185,6.95,1.456,-3.144,0.0,14.2
1783974084.704,186,7.567,-0.954,-0.345,0.0,16.6
1783974084.704,186,6.773,1.67,3.104,0.0,16.6
1783974084.704,186,7.4,1.456,-1.852,0.0,13.5
1783974084.704,186,7.231,-1.213,2.559,0.0,13.5
1783974084.805,187,7.575,-0.954,-0.051,0.0,16.8
1783974084.805,187,7.492,1.213,-1.645,0.0,14.4
1783974084.805,187,7.306,-1.213,2.337,0.0,14.4
1783974084.856,188,0.724,-0.851,-0.195,0.0,11.6
1783974084.856,188,1.02,0.496,0.018,0.0,11.6
1783974084.856,188,7.572,-0.954,-0.226,0.0,16.1
1783974084.856,188,7.289,1.67,1.543,0.0,16.1
1783974084.856,188,7.246,1.699,-2.217,0.0,13.9
1783974084.856,188,7.556,-0.971,1.506,0.0,13.9
1783974085.008,189,7.466,-0.954,1.283,0.0,14.8
1783974085.008,189,7.343,1.909,-0.851,0.0,14.8
1783974085.008,189,7.81,-0.0,0.016,0.0,11.6
1783974085.109,190,0.734,-0.851,-0.156,0.0,11.4
1783974085.109,190,0.882,0.603,0.381,0.0,11.4
1783974085.109,190,7.491,-0.954,1.124,0.0,13.4
1783974085.109,190,7.329,1.67,-1.338,0.0,13.4
1783974085.109,190,7.205,1.699,-2.346,0.0,14.0
1783974085.109,190,7.468,-0.971,1.896,0.0,14.0
1783974085.159,191,0.307,-0.515,-0.115,0.0,13.2
1783974085.159,191,0.646,-0.886,-0.29,0.0,12.3
1783974085.159,191,1.019,0.496,-0.037,0.0,12.3
1783974085.159,191,7.541,-1.193,-0.028,0.0,16.3
1783974085.159,191,7.449,1.67,-0.097,0.0,16.3
1783974085.159,191,7.481,-1.213,1.696,0.0,14.6
1783974085.159,191,7.297,1.456,-2.223,0.0,14.6
1783974085.26,192,0.308,-0.515,-0.113,0.0,13.2
1783974085.26,192,0.658,-0.886,-0.261,0.0,11.7
1783974085.26,192,0.975,0.567,0.118,0.0,11.7
1783974085.26,192,7.557,-0.954,-0.518,0.0,16.5
1783974085.26,192,6.963,1.909,2.484,0.0,16.5
1783974085.26,192,7.382,-1.213,2.085,0.0,14.0
1783974085.26,192,7.303,1.456,-2.204,0.0,14.0
1783974085.412,193,0.31,-0.515,-0.108,0.0,12.9
1783974085.412,193,0.653,-0.886,-0.274,0.0,11.6
1783974085.412,193,0.998,0.532,0.087,0.0,11.6
1783974085.412,193,7.531,-0.949,0.102,0.0,16.3
1783974085.412,193,7.172,1.456,-2.599,0.0,12.5
1783974085.412,193,7.115,-1.456,2.75,0.0,12.5
1783974085.463,194,0.312,-0.515,-0.101,0.0,13.3
1783974085.463,194,0.646,-0.886,-0.29,0.0,11.3
1783974085.463,194,0.912,0.603,0.304,0.0,11.3
1783974085.463,194,7.573,-0.954,0.17,0.0,16.2
1783974085.463,194,7.403,-0.724,2.075,0.0,13.2
1783974085.463,194,6.995,1.689,-2.801,0.0,13.2
1783974085.563,195,0.315,-0.515,-0.091,0.0,13.4
1783974085.563,195,0.294,-0.477,-0.243,0.0,13.4
1783974085.563,195,0.67,-0.886,-0.229,0.0,11.9
1783974085.563,195,0.904,0.603,0.325,0.0,11.9
1783974085.563,195,7.573,-0.954,-0.191,0.0,14.8
1783974085.563,195,6.84,1.67,2.952,0.0,14.8
1783974085.563,195,7.42,-1.213,1.945,0.0,13.7
1783974085.563,195,7.107,1.456,-2.771,0.0,13.7
1783974085.664,196,0.313,-0.515,-0.099,0.0,13.5
1783974085.664,196,0.667,-0.886,-0.237,0.0,11.7
1783974085.664,196,0.941,0.603,0.197,0.0,11.7
1783974085.664,196,7.487,1.68,0.297,0.0,14.0
1783974085.664,196,7.27,-1.2,2.162,0.0,14.0
1783974085.766,197,0.315,-0.515,-0.09,0.0,12.9
1783974085.766,197,0.305,-0.477,-0.228,0.0,12.9
1783974085.766,197,0.645,-0.886,-0.293,0.0,12.0
1783974085.766,197,0.983,0.532,0.193,0.0,12.0
1783974085.766,197,7.389,1.909,-0.231,0.0,15.0
1783974085.766,197,7.375,-1.193,1.575,0.0,15.0
1783974085.868,198,0.306,-0.515,-0.119,0.0,13.3
1783974085.868,198,0.664,-0.886,-0.245,0.0,12.0
1783974085.868,198,1.017,0.496,0.082,0.0,12.0
1783974085.868,198,7.571,-0.954,0.26,0.0,16.5
1783974085.868,198,7.389,1.909,0.224,0.0,16.5
1783974085.868,198,7.493,1.213,-1.64,0.0,12.5
1783974085.97,199,0.324,-0.515,-0.05,0.0,13.3
1783974085.97,199,0.345,-0.477,-0.163,0.0,13.3
1783974085.97,199,0.653,-0.886,-0.275,0.0,11.7
1783974085.97,199,7.566,-0.954,-0.381,0.0,15.1
1783974085.97,199,7.032,1.67,2.462,0.0,15.1
1783974085.97,199,7.009,1.699,-2.881,0.0,14.2
1783974085.97,199,7.483,-1.213,1.684,0.0,14.2
1783974086.072,200,0.318,-0.515,-0.081,0.0,13.3
1783974086.072,200,0.293,-0.477,-0.244,0.0,13.3
1783974086.072,200,0.646,-0.886,-0.29,0.0,11.3
1783974086.072,200,0.858,0.603,0.433,0.0,11.3
1783974086.072,200,7.601,-0.716,-0.035,0.0,15.7
1783974086.072,200,6.881,2.147,2.517,0.0,15.7
1783974086.072,200,7.402,0.971,-2.14,0.0,12.4
1783974086.072,200,6.96,-1.456,3.123,0.0,12.4
1783974086.174,201,0.315,-0.515,-0.091,0.0,13.5
1783974086.174,201,0.293,-0.477,-0.244,0.0,13.5
1783974086.174,201,0.653,-0.886,-0.274,0.0,12.1
1783974086.174,201,0.909,0.603,0.313,0.0,12.1
1783974086.174,201,7.601,-0.716,0.026,0.0,17.0
1783974086.275,202,0.317,-0.515,-0.084,0.0,13.1
1783974086.275,202,0.294,-0.477,-0.242,0.0,13.1
1783974086.275,202,0.659,-0.886,-0.26,0.0,12.4
1783974086.275,202,7.313,1.909,1.081,0.0,14.9
1783974086.275,202,7.503,-0.954,-1.044,0.0,14.9
1783974086.275,202,7.349,1.213,-2.198,0.0,11.4
1783974086.275,202,7.396,-1.456,1.868,0.0,11.4
1783974086.375,203,0.312,-0.477,-0.219,0.0,13.1
1783974086.375,203,0.317,-0.515,-0.083,0.0,13.1
1783974086.375,203,0.651,-0.886,-0.278,0.0,12.6
1783974086.375,203,0.934,0.567,0.306,0.0,12.6
1783974086.375,203,7.537,-1.193,-0.265,0.0,16.7
1783974086.375,203,7.418,1.67,0.686,0.0,16.7
1783974086.375,203,7.747,-0.485,0.236,0.0,14.7
1783974086.476,204,0.322,-0.515,-0.064,0.0,13.0
1783974086.476,204,0.331,-0.477,-0.189,0.0,13.0
1783974086.476,204,7.388,1.909,0.252,0.0,15.8
1783974086.476,204,7.568,-0.954,0.321,0.0,15.8
1783974086.476,204,7.71,-0.728,0.584,0.0,12.4
1783974086.577,205,0.317,-0.515,-0.083,0.0,13.1
1783974086.577,205,0.293,-0.477,-0.244,0.0,13.1
1783974086.577,205,0.655,-0.886,-0.27,0.0,12.1
1783974086.577,205,0.941,0.603,0.197,0.0,12.1
1783974086.577,205,7.574,-0.954,0.135,0.0,15.9
1783974086.577,205,7.448,1.67,-0.167,0.0,15.9
1783974086.577,205,7.41,1.213,-1.981,0.0,13.8
1783974086.577,205,7.683,-0.728,0.864,0.0,13.8
1783974086.677,206,0.321,-0.515,-0.067,0.0,13.1
1783974086.677,206,0.323,-0.477,-0.203,0.0,13.1
1783974086.677,206,7.575,-0.954,-0.0,0.0,15.1
1783974086.677,206,7.142,1.909,1.909,0.0,15.1
1783974086.677,206,7.581,0.971,-1.377,0.0,14.0
1783974086.677,206,1.357,0.045,-0.478,-0.162,13.8
1783974086.677,206,1.327,0.087,-0.426,-0.081,11.5
1783974086.779,207,0.319,-0.515,-0.074,0.0,13.3
1783974086.779,207,0.32,-0.477,-0.207,0.0,13.3
1783974086.779,207,7.575,-0.954,-0.067,0.0,16.0
1783974086.779,207,6.872,1.909,2.725,0.0,16.0
1783974086.779,207,7.653,-0.724,0.738,0.0,13.7
1783974086.879,208,0.312,-0.515,-0.1,0.0,13.1
1783974086.879,208,7.575,-0.954,-0.028,0.0,15.8
1783974086.879,208,7.215,1.909,1.611,0.0,15.8
1783974086.879,208,1.335,0.305,0.271,-0.081,13.0
1783974086.98,209,0.321,-0.515,-0.066,0.0,13.1
1783974086.98,209,0.33,-0.477,-0.191,0.0,13.1
1783974086.98,209,7.572,-0.954,-0.206,0.0,15.2
1783974086.98,209,6.897,1.67,2.816,0.0,15.2
1783974086.98,209,7.706,-0.483,-0.143,0.0,12.0
1783974087.08,210,0.313,-0.515,-0.098,0.0,13.2
1783974087.08,210,7.575,-0.954,0.047,0.0,17.3
1783974087.08,210,7.69,-0.483,0.519,0.0,13.7
1783974087.181,211,0.315,-0.515,-0.09,0.0,13.2
1783974087.181,211,0.282,-0.477,-0.256,0.0,13.2
1783974087.181,211,7.556,-0.954,0.539,0.0,16.6
1783974087.181,211,7.228,1.909,-1.551,0.0,16.6
1783974087.181,211,7.697,-0.483,0.389,0.0,13.7
1783974087.283,212,0.316,-0.515,-0.088,0.0,13.0
1783974087.283,212,0.292,-0.477,-0.245,0.0,13.0
1783974087.283,212,7.532,-1.193,0.373,0.0,15.5
1783974087.283,212,7.696,-0.241,0.584,0.0,12.0
1783974087.384,213,0.298,-0.515,-0.136,0.0,13.3
1783974087.384,213,7.442,-0.938,-0.236,0.0,12.1
1783974087.384,213,7.031,1.876,1.832,0.0,12.1
1783974087.384,213,7.451,-0.954,1.366,0.0,14.6
1783974087.384,213,7.248,1.67,-1.725,0.0,14.6
1783974087.384,213,7.345,1.699,-1.863,0.0,12.7
1783974087.485,214,0.31,-0.515,-0.107,0.0,13.4
1783974087.485,214,7.418,-1.193,1.357,0.0,13.8
1783974087.485,214,7.361,1.67,-1.15,0.0,13.8
1783974087.485,214,7.654,0.971,-0.884,0.0,12.2
1783974087.586,215,7.489,-0.954,1.137,0.0,15.3
1783974087.586,215,7.211,1.67,-1.874,0.0,15.3
1783974087.586,215,7.706,-0.241,0.445,0.0,13.8
1783974087.687,216,7.562,-0.954,0.448,0.0,17.3
1783974087.687,216,6.525,1.67,-3.596,0.0,17.3
1783974087.687,216,7.761,0.243,-0.111,0.0,14.5
1783974087.788,217,0.31,-0.515,-0.105,0.0,13.4
1783974087.788,217,7.537,-0.954,0.754,0.0,16.9
1783974087.788,217,7.682,-0.485,1.033,0.0,13.6
1783974087.889,218,7.512,-0.954,0.976,0.0,15.4
1783974087.889,218,7.749,0.485,-0.138,0.0,14.3
1783974087.99,219,0.311,-0.515,-0.105,0.0,12.8
1783974087.99,219,7.434,-0.954,1.456,0.0,11.9
1783974087.99,219,7.556,1.213,-1.32,0.0,11.3
1783974088.09,220,0.319,-0.515,-0.074,0.0,13.0
1783974088.09,220,0.314,-0.477,-0.216,0.0,13.0
1783974088.09,220,7.237,2.147,1.143,0.0,11.9
1783974088.09,220,7.379,-1.67,1.029,0.0,11.9
1783974088.09,220,7.644,1.213,-0.638,0.0,13.8
1783974088.191,221,0.313,-0.515,-0.099,0.0,13.2
1783974088.191,221,7.24,2.147,1.122,0.0,12.0
1783974088.191,221,7.222,-1.909,1.58,0.0,12.0
1783974088.191,221,7.654,1.213,-0.507,0.0,13.9
1783974088.291,222,7.519,-0.954,0.919,0.0,14.1
1783974088.291,222,6.788,1.67,-3.071,0.0,14.1
1783974088.291,222,7.575,1.699,-0.197,0.0,15.0
1783974088.392,223,0.317,-0.515,-0.082,0.0,13.0
1783974088.392,223,0.301,-0.477,-0.234,0.0,13.0
1783974088.392,223,7.567,-0.954,0.348,0.0,18.2
1783974088.392,223,7.566,1.456,-0.969,0.0,16.5
1783974088.494,224,0.319,-0.515,-0.075,0.0,13.4
1783974088.494,224,0.317,-0.477,-0.211,0.0,13.4
1783974088.494,224,7.571,-0.954,0.251,0.0,18.4
1783974088.494,224,7.555,1.952,0.315,0.0,14.3
1783974088.595,225,0.321,-0.515,-0.067,0.0,12.8
1783974088.595,225,0.333,-0.477,-0.186,0.0,12.8
1783974088.595,225,7.573,-0.954,-0.193,0.0,14.8
1783974088.595,225,7.093,1.67,2.279,0.0,14.8
1783974088.595,225,7.546,1.952,0.488,0.0,14.5
1783974088.696,226,7.542,-0.954,0.704,0.0,15.7
1783974088.696,226,7.382,1.909,-0.398,0.0,15.7
1783974088.696,226,7.578,1.699,-0.03,0.0,15.8
1783974088.797,227,0.32,-0.515,-0.073,0.0,13.2
1783974088.797,227,0.321,-0.477,-0.206,0.0,13.2
1783974088.797,227,7.49,-0.954,1.133,0.0,14.6
1783974088.797,227,7.3,1.67,-1.487,0.0,14.6
1783974088.797,227,7.668,1.213,0.207,0.0,14.8
1783974088.897,228,0.307,-0.515,-0.115,0.0,13.3
1783974088.897,228,7.525,-0.716,1.078,0.0,14.8
1783974088.897,228,7.385,1.909,-0.33,0.0,14.8
1783974088.897,228,7.619,1.456,-0.365,0.0,14.3
1783974088.999,229,0.304,-0.515,-0.123,0.0,13.1
1783974088.999,229,7.569,-0.954,0.294,0.0,16.8
1783974088.999,229,7.553,1.699,-0.611,0.0,16.6
1783974089.099,230,0.32,-0.515,-0.073,0.0,13.0
1783974089.099,230,0.307,-0.477,-0.226,0.0,13.0
1783974089.099,230,7.548,-0.954,-0.642,0.0,13.4
1783974089.099,230,7.15,2.147,1.598,0.0,13.4
1783974089.099,230,7.561,1.952,-0.101,0.0,12.7
1783974089.099,230,6.919,-1.22,3.409,0.0,12.7
1783974089.201,231,7.479,-1.193,0.966,0.0,14.8
1783974089.201,231,7.153,2.386,1.195,0.0,14.8
1783974089.201,231,7.628,1.456,-0.088,0.0,15.8
1783974089.303,232,0.315,-0.515,-0.091,0.0,13.2
1783974089.303,232,0.294,-0.477,-0.242,0.0,13.2
1783974089.303,232,7.241,2.147,1.119,0.0,14.3
1783974089.303,232,7.518,-1.193,0.596,0.0,14.3
1783974089.303,232,7.541,1.699,-0.75,0.0,16.4
1783974089.404,233,7.592,1.213,-1.095,0.0,14.5
1783974089.506,234,0.309,-0.515,-0.111,0.0,12.9
1783974089.506,234,7.597,-0.716,0.261,0.0,17.5
1783974089.506,234,7.382,1.909,0.394,0.0,17.5
1783974089.506,234,7.627,1.456,-0.136,0.0,17.1
1783974089.606,235,0.307,-0.515,-0.115,0.0,13.1
1783974089.606,235,7.583,-0.716,0.53,0.0,17.9
1783974089.606,235,7.371,1.909,-0.565,0.0,17.9
1783974089.606,235,7.626,1.456,-0.175,0.0,14.8
1783974089.657,236,7.286,1.909,1.249,0.0,17.9
1783974089.657,236,7.565,-0.954,-0.385,0.0,17.9
1783974089.657,236,7.644,1.213,-0.642,0.0,17.1
1783974089.808,237,0.302,-0.515,-0.128,0.0,13.3
1783974089.808,237,7.596,-0.716,-0.291,0.0,17.9
1783974089.808,237,6.673,1.909,3.182,0.0,17.9
1783974089.808,237,7.261,1.699,-2.169,0.0,15.4
1783974089.808,237,7.397,-0.971,2.158,0.0,15.4
1783974089.91,238,7.602,-0.965,0.952,0.0,17.8
1783974089.961,239,7.601,-0.716,-0.044,0.0,16.2
1783974089.961,239,6.407,1.909,3.687,0.0,16.2
1783974090.061,240,0.302,-0.515,-0.128,0.0,13.3
1783974090.061,240,7.572,-0.954,-0.208,0.0,14.2
1783974090.061,240,6.622,1.909,3.286,0.0,14.2
1783974090.061,240,7.035,1.941,-2.656,0.0,12.9
1783974090.061,240,7.501,-0.971,1.76,0.0,12.9
1783974090.213,241,0.299,-0.515,-0.134,0.0,13.4
1783974090.213,241,7.556,-0.954,-0.54,0.0,15.8
1783974090.213,241,6.99,1.909,2.406,0.0,15.8
1783974090.263,242,0.3,-0.515,-0.132,0.0,13.4
1783974090.263,242,7.308,1.909,1.112,0.0,16.0
1783974090.263,242,7.439,-0.954,-1.429,0.0,16.0
1783974090.365,243,0.302,-0.515,-0.128,0.0,13.1
1783974090.365,243,7.554,-0.954,-0.561,0.0,15.9
1783974090.365,243,7.081,1.909,2.125,0.0,15.9
1783974090.365,243,7.349,1.213,-2.198,0.0,11.9
1783974090.466,244,7.586,-0.716,-0.491,0.0,17.3
1783974090.466,244,6.874,1.909,2.719,0.0,17.3
1783974090.466,244,6.938,1.699,-3.047,0.0,13.1
1783974090.466,244,7.461,-1.213,1.78,0.0,13.1
1783974090.567,245,7.601,-0.716,-0.062,0.0,15.6
1783974090.567,245,6.725,2.147,2.909,0.0,15.6
1783974090.567,245,7.127,1.456,-2.719,0.0,13.0
1783974090.567,245,7.435,-1.213,1.886,0.0,13.0
1783974090.668,246,7.57,-0.954,0.279,0.0,16.2
1783974090.668,246,6.587,2.147,3.208,0.0,16.2
1783974090.668,246,7.091,1.456,-2.813,0.0,11.9
1783974090.668,246,7.413,-1.213,1.972,0.0,11.9
1783974090.768,247,7.601,-0.716,-0.007,0.0,17.8
1783974090.768,247,7.696,-0.483,0.41,0.0,16.0
1783974090.868,248,7.492,-1.186,0.299,0.0,16.0
1783974090.868,248,7.744,-0.485,-0.311,0.0,13.1
1783974090.969,249,7.66,-0.724,0.66,0.0,14.9
1783974090.969,249,7.11,2.172,2.09,0.0,14.9
1783974091.07,250,1.306,0.082,-0.013,0.0,11.2
1783974091.07,250,7.571,-0.954,0.261,0.0,16.4
1783974091.07,250,7.389,1.909,0.214,0.0,16.4
1783974091.07,250,7.749,0.485,-0.18,0.0,13.2
1783974091.17,251,7.572,-0.954,-0.205,0.0,16.3
1783974091.17,251,7.287,1.909,1.243,0.0,16.3
1783974091.17,251,7.558,0.971,-1.499,0.0,13.4
1783974091.271,252,7.572,-0.954,-0.213,0.0,13.9
1783974091.271,252,7.046,1.909,2.236,0.0,13.9
1783974091.271,252,7.761,-0.0,-0.286,0.0,13.6
1783974091.271,252,7.75,-0.485,0.113,0.0,13.6
1783974091.373,253,7.571,-0.954,-0.239,0.0,16.7
1783974091.373,253,7.099,1.909,2.062,0.0,16.7
1783974091.373,253,7.634,1.213,-0.743,0.0,12.6
1783974091.473,254,7.574,-0.954,0.107,0.0,17.1
1783974091.473,254,7.37,1.909,0.58,0.0,17.1
1783974091.473,254,7.67,1.213,-0.093,0.0,13.5
1783974091.574,255,7.555,-0.954,0.546,0.0,15.0
1783974091.574,255,7.388,1.909,-0.269,0.0,15.0
1783974091.574,255,7.721,0.728,-0.415,0.0,12.0
1783974091.675,256,7.554,-0.954,0.568,0.0,13.7
1783974091.675,256,7.392,1.909,0.043,0.0,13.7
1783974091.675,256,7.55,1.699,-0.65,0.0,15.2
1783974091.675,256,1.022,0.719,0.518,-0.081,11.5
1783974091.777,257,7.506,-0.954,1.017,0.0,14.8
1783974091.777,257,7.382,1.909,-0.386,0.0,14.8
1783974091.777,257,7.692,0.971,-0.45,0.0,13.9
1783974091.879,258,7.594,-0.716,0.329,0.0,15.9
1783974091.879,258,7.378,1.909,0.466,0.0,15.9
1783974091.879,258,7.727,0.728,0.27,0.0,14.1
1783974091.98,259,7.575,-0.954,-0.076,0.0,15.0
1783974091.98,259,7.233,1.909,1.528,0.0,15.0
1783974091.98,259,7.559,1.952,-0.189,0.0,13.9
1783974092.081,260,7.601,-0.716,-0.04,0.0,18.2
1783974092.081,260,6.701,1.909,3.121,0.0,18.2
1783974092.081,260,7.762,0.243,-0.021,0.0,16.0
1783974092.081,260,7.76,-0.243,0.18,0.0,16.0
1783974092.182,261,0.302,-0.515,-0.128,0.0,13.6
1783974092.182,261,7.575,-0.954,-0.022,0.0,16.1
1783974092.182,261,6.984,2.147,2.214,0.0,16.1
1783974092.182,261,7.649,1.213,-0.572,0.0,13.8
1783974092.283,262,7.556,-0.716,0.829,0.0,15.6
1783974092.283,262,7.375,1.909,-0.509,0.0,15.6
1783974092.283,262,7.666,0.971,-0.77,0.0,13.1
1783974092.385,263,7.541,-0.954,0.721,0.0,15.2
1783974092.385,263,7.391,1.909,-0.169,0.0,15.2
1783974092.385,263,7.577,1.699,-0.141,0.0,16.0
1783974092.486,264,7.55,1.699,-0.651,0.0,15.8
1783974092.588,265,7.529,-1.193,0.434,0.0,13.4
1783974092.588,265,7.091,1.67,-2.285,0.0,13.4
1783974092.588,265,7.443,1.213,-1.854,0.0,11.7
1783974092.689,266,7.573,-0.954,-0.158,0.0,15.7
1783974092.689,266,6.725,1.67,3.206,0.0,15.7
1783974092.689,266,7.594,-0.971,1.306,0.0,13.1
1783974092.79,267,7.573,-0.954,0.184,0.0,16.1
1783974092.79,267,7.268,1.699,-2.143,0.0,11.9
1783974092.79,267,7.596,-0.971,1.29,0.0,11.9
1783974092.891,268,7.565,-0.954,0.387,0.0,16.8
1783974092.891,268,7.53,-0.971,1.635,0.0,15.7
1783974092.891,268,6.439,1.941,-3.883,0.0,15.7
1783974092.992,269,7.529,-0.949,0.224,0.0,16.7
1783974092.992,269,7.482,1.699,-1.202,0.0,15.5
1783974093.094,270,6.817,1.456,-3.423,0.0,11.5
1783974093.094,270,7.491,-1.456,1.443,0.0,11.5
1783974093.195,271,7.328,1.898,-0.575,0.0,13.1
1783974093.195,271,7.526,-0.949,-0.301,0.0,13.1
1783974093.195,271,7.414,1.931,-0.971,0.0,11.5
1783974093.296,272,7.575,-0.954,0.082,0.0,16.9
1783974093.296,272,7.167,1.909,1.813,0.0,16.9
1783974093.296,272,7.225,1.931,-1.925,0.0,14.0
1783974093.296,272,7.343,-0.965,2.185,0.0,14.0
1783974093.396,273,7.48,-0.954,1.198,0.0,17.6
1783974093.396,273,7.327,2.147,-0.001,0.0,17.6
1783974093.497,274,7.241,-0.72,2.451,0.0,11.2
1783974093.497,274,7.387,1.92,-0.84,0.0,11.2
1783974093.598,275,7.453,-0.954,1.354,0.0,15.9
1783974093.598,275,7.242,2.386,0.387,0.0,15.9
1783974093.699,276,0.311,-0.515,-0.103,0.0,13.1
1783974093.699,276,7.532,-0.954,0.81,0.0,16.8
1783974093.699,276,7.62,1.456,-0.355,0.0,14.0
1783974093.8,277,0.31,-0.515,-0.107,0.0,13.4
1783974093.8,277,7.38,-0.933,0.566,0.0,11.7
1783974093.8,277,7.18,1.865,0.793,0.0,11.7
1783974093.8,277,7.01,1.699,-2.878,0.0,14.0
1783974093.8,277,7.58,-1.213,1.173,0.0,14.0
1783974093.902,278,0.317,-0.515,-0.084,0.0,13.2
1783974093.902,278,0.303,-0.477,-0.231,0.0,13.2
1783974093.902,278,7.553,-0.712,0.264,0.0,16.5
1783974093.902,278,7.454,1.456,-1.62,0.0,14.7
1783974093.902,278,7.497,-1.213,1.621,0.0,14.7
1783974094.003,279,0.305,-0.515,-0.12,0.0,13.2
1783974094.003,279,7.447,-0.704,0.597,0.0,12.5
1783974094.003,279,7.545,-0.712,0.445,0.0,12.0
1783974094.003,279,7.19,2.372,0.547,0.0,12.0
1783974094.003,279,7.6,1.708,-0.561,0.0,12.3
1783974094.104,280,0.303,-0.515,-0.125,0.0,13.5
1783974094.155,281,0.305,-0.515,-0.119,0.0,13.1
1783974094.155,281,7.536,-0.716,0.997,0.0,17.8
1783974094.155,281,7.61,1.456,-0.525,0.0,15.0
1783974094.307,282,7.573,-0.954,-0.161,0.0,14.6
1783974094.307,282,7.024,2.147,2.085,0.0,14.6
1783974094.307,282,7.407,1.699,-1.598,0.0,12.7
1783974094.307,282,7.191,-1.213,2.67,0.0,12.7
1783974094.408,283,7.619,-0.483,1.164,0.0,13.4
1783974094.459,284,7.52,-0.954,0.908,0.0,15.6
1783974094.459,284,7.053,2.184,-2.406,0.0,13.4
1783974094.459,284,7.689,-0.485,0.973,0.0,13.4
1783974094.56,285,7.593,-0.716,0.364,0.0,19.6
1783974094.56,285,7.571,1.456,-0.93,0.0,16.6
1783974094.712,286,7.482,-0.954,1.182,0.0,16.8
1783974094.712,286,7.577,1.456,-0.881,0.0,15.8
1783974094.763,287,7.594,-0.716,0.342,0.0,16.6
1783974094.763,287,7.544,-1.213,1.385,0.0,13.2
1783974094.865,288,7.526,-1.193,0.479,0.0,14.2
1783974094.865,288,7.614,-0.724,1.063,0.0,12.8
1783974094.966,289,7.575,-0.954,-0.084,0.0,15.4
1783974094.966,289,7.5,-1.432,-0.005,0.0,15.4
1783974094.966,289,7.11,2.172,2.089,0.0,13.8
1783974094.966,289,8.455,0.264,-0.28,0.0,11.6
1783974094.966,289,8.016,-2.645,-0.623,0.0,11.6
1783974095.067,290,7.4,2.172,-0.4,0.0,14.9
1783974095.067,290,7.422,-0.724,2.007,0.0,14.9
1783974095.169,291,7.526,-0.949,0.287,0.0,16.9
1783974095.169,291,7.668,-0.724,0.564,0.0,15.6
1783974095.269,292,7.437,-0.954,1.44,0.0,13.9
1783974095.269,292,7.182,1.909,-1.753,0.0,13.9
1783974095.37,293,8.459,0.264,-0.076,0.0,11.8
1783974095.37,293,8.026,-2.645,0.479,0.0,11.8
1783974095.471,294,7.558,-0.712,0.021,0.0,14.3
1783974095.471,294,6.722,2.135,2.808,0.0,14.3
1783974095.471,294,7.281,-1.464,2.414,0.0,11.3
1783974095.471,294,7.604,1.708,0.495,0.0,11.3
1783974095.572,295,7.495,-0.949,0.743,0.0,17.7
1783974095.673,296,7.571,-0.954,0.239,0.0,17.0
1783974095.673,296,7.731,-0.728,0.082,0.0,15.2
1783974095.773,297,7.601,-0.72,0.813,0.0,14.8
1783974095.875,298,7.549,-0.712,0.377,0.0,15.2
1783974095.875,298,7.33,1.898,-0.547,0.0,15.2
1783974095.875,298,7.582,1.456,-0.841,0.0,13.3
1783974095.976,299,7.621,1.456,0.325,0.0,15.3
1783974096.077,300,7.44,-0.938,-0.273,0.0,11.5
1783974096.077,300,7.045,2.111,1.493,0.0,11.5
1783974096.077,300,7.537,1.699,-0.788,0.0,14.4
1783974096.179,301,7.445,-0.938,-0.0,0.0,12.3
1783974096.179,301,7.181,1.876,1.107,0.0,12.3
1783974096.179,301,7.623,1.456,-0.272,0.0,16.0
1783974096.279,302,7.425,1.941,-1.186,0.0,16.8
1783974096.381,303,7.445,-0.938,-0.051,0.0,12.2
1783974096.381,303,6.836,3.049,-0.532,0.0,12.2
1783974096.381,303,7.589,-0.724,1.23,0.0,18.4
1783974096.381,303,6.803,1.931,-3.101,0.0,18.4
1783974096.482,304,7.432,-0.938,-0.444,0.0,13.2
1783974096.482,304,6.881,2.345,1.862,0.0,13.2
1783974096.482,304,7.496,-0.965,1.586,0.0,14.7
1783974096.583,305,7.416,-0.704,0.902,0.0,16.5
1783974096.583,305,7.649,-0.483,0.949,0.0,13.1
1783974096.583,305,8.134,-2.393,-0.702,0.0,11.3
1783974096.583,305,8.146,2.127,1.224,0.0,11.3
1783974096.684,306,7.158,1.898,1.672,0.0,13.3
1783974096.684,306,7.388,-0.949,-1.465,0.0,13.3
1783974096.786,307,7.385,-0.933,0.508,0.0,13.4
1783974096.786,307,7.391,1.909,0.171,0.0,15.6
1783974096.786,307,7.375,-0.716,1.843,0.0,15.6
1783974096.887,308,7.576,-0.716,-0.625,0.0,16.5
1783974096.887,308,6.944,1.909,2.535,0.0,16.5
1783974096.887,308,6.978,1.699,-2.956,0.0,11.7
1783974096.887,308,7.378,-0.971,2.219,0.0,11.7
1783974096.987,309,7.371,1.909,0.57,0.0,14.0
1783974096.987,309,7.305,-0.716,-2.1,0.0,14.0
1783974096.987,309,7.619,1.456,0.368,0.0,14.6
1783974097.087,310,0.49,0.266,0.103,0.0,13.1
1783974097.087,310,7.511,1.699,-1.006,0.0,17.1
1783974097.087,310,6.87,-1.213,3.412,0.0,17.1
1783974097.189,311,7.37,-0.716,1.861,0.0,13.6
1783974097.189,311,7.326,2.147,-0.078,0.0,13.6
1783974097.189,311,7.486,1.941,-0.71,0.0,14.6
1783974097.29,312,7.49,1.699,-1.149,0.0,13.4
1783974097.391,313,1.25,0.158,0.116,0.0,12.8
1783974097.391,313,7.596,-0.724,1.189,0.0,15.0
1783974097.491,314,7.579,-0.96,0.771,0.0,17.6
1783974097.592,315,7.757,-0.243,0.293,0.0,15.8
1783974097.694,316,1.185,0.04,0.443,0.0,11.3
1783974097.694,316,7.523,-0.949,0.37,0.0,16.7
1783974097.694,316,7.708,-0.241,0.398,0.0,16.2
1783974097.694,316,7.728,0.244,-1.099,0.0,12.4
1783974097.694,316,7.085,2.44,2.2,0.0,12.4
1783974097.795,317,1.235,0.158,-0.225,0.0,12.0
1783974097.795,317,7.468,-0.949,-0.977,0.0,11.6
1783974097.795,317,7.017,1.661,2.372,0.0,11.6
1783974097.795,317,7.675,0.728,-0.937,0.0,13.3
1783974097.896,318,1.24,0.158,-0.197,0.0,11.5
1783974097.896,318,7.406,-0.938,0.769,0.0,11.7
1783974097.896,318,7.669,1.213,-0.147,0.0,15.1
1783974097.996,319,1.254,0.119,-0.123,0.0,12.3
1783974097.996,319,7.291,1.909,1.219,0.0,13.0
1783974097.996,319,7.446,-0.716,-1.53,0.0,13.0
1783974097.996,319,7.628,0.971,-1.089,0.0,12.3
1783974098.098,320,1.256,0.119,0.091,0.0,11.9
1783974098.098,320,7.451,-0.704,0.542,0.0,13.1
1783974098.098,320,7.191,2.111,-0.381,0.0,13.1
1783974098.098,320,7.481,-0.712,1.073,0.0,11.9
1783974098.098,320,7.108,2.372,-1.216,0.0,11.9
1783974098.098,320,7.676,0.971,-0.666,0.0,14.3
1783974098.098,320,7.569,1.456,-0.948,0.0,14.3
1783974098.199,321,7.712,-0.241,0.312,0.0,12.9
1783974098.3,322,7.564,-0.954,0.413,0.0,15.3
1783974098.3,322,7.471,1.699,-1.269,0.0,15.3
1783974098.401,323,7.567,-0.954,0.358,0.0,16.7
1783974098.401,323,7.62,1.708,0.092,0.0,12.6
1783974098.502,324,7.335,1.909,0.925,0.0,13.6
1783974098.502,324,7.562,-0.954,-0.445,0.0,13.6
1783974098.502,324,7.239,1.456,-2.406,0.0,14.3
1783974098.502,324,7.37,-1.213,2.128,0.0,14.3
1783974098.603,325,7.275,1.909,1.313,0.0,14.3
1783974098.603,325,7.518,-0.954,-0.931,0.0,14.3
1783974098.603,325,7.452,1.699,-1.375,0.0,16.7
1783974098.603,325,6.934,-0.971,3.359,0.0,16.7
1783974098.654,326,7.513,-0.949,0.533,0.0,16.9
1783974098.654,326,7.51,1.699,-1.014,0.0,14.7
1783974098.806,327,7.565,-0.954,0.382,0.0,17.9
1783974098.806,327,7.645,0.728,-1.157,0.0,12.6
1783974098.906,328,7.506,-0.949,0.624,0.0,17.9
1783974098.906,328,7.519,1.699,-0.941,0.0,17.2
1783974098.906,328,7.246,-0.971,2.619,0.0,17.2
1783974098.957,329,7.567,-0.954,0.358,0.0,17.2
1783974098.957,329,7.607,1.456,-0.562,0.0,16.5
1783974099.108,330,7.44,-0.949,1.172,0.0,13.5
1783974099.108,330,7.481,1.952,1.102,0.0,13.4
1783974099.209,331,7.229,2.196,1.975,0.0,15.3
1783974099.209,331,7.162,-0.488,-3.075,0.0,15.3
1783974099.26,332,7.408,-0.971,-2.119,0.0,15.4
1783974099.26,332,7.439,1.941,1.093,0.0,15.4
1783974099.36,333,7.408,-1.173,0.249,0.0,11.5
1783974099.36,333,7.619,-0.477,0.125,0.0,13.1
1783974099.36,333,7.573,1.448,0.426,0.0,12.1
1783974099.511,334,7.453,-0.704,0.516,0.0,12.5
1783974099.511,334,7.498,-0.949,0.71,0.0,15.8
1783974099.511,334,7.623,1.456,-0.285,0.0,16.3
1783974099.561,335,7.524,-0.954,0.875,0.0,15.8
1783974099.561,335,7.561,1.699,-0.507,0.0,15.4
1783974099.561,335,7.618,-1.213,0.895,0.0,15.4
1783974099.662,336,7.092,1.909,2.087,0.0,14.5
1783974099.662,336,7.6,-0.477,-0.547,0.0,14.5
1783974099.662,336,7.138,1.699,-2.544,0.0,15.3
1783974099.662,336,7.522,-0.971,1.67,0.0,15.3
1783974099.814,337,0.301,-0.515,-0.13,0.0,13.4
1783974099.814,337,7.407,-0.704,0.977,0.0,13.1
1783974099.814,337,6.588,1.876,-3.064,0.0,13.1
1783974099.814,337,7.609,1.456,-0.547,0.0,15.5
1783974099.865,338,7.626,-0.483,1.112,0.0,17.8
1783974099.865,338,7.589,1.708,0.686,0.0,14.7
1783974099.966,339,0.313,-0.515,-0.099,0.0,13.2
1783974099.966,339,7.532,1.952,0.664,0.0,16.2
1783974100.067,340,0.32,-0.515,-0.073,0.0,13.3
1783974100.067,340,0.321,-0.477,-0.206,0.0,13.3
1783974100.067,340,7.566,-0.954,0.376,0.0,18.0
1783974100.067,340,7.381,2.44,0.739,0.0,15.0
1783974100.168,341,0.311,-0.515,-0.104,0.0,13.2
1783974100.168,341,7.64,-0.483,1.019,0.0,15.1
1783974100.269,342,0.319,-0.515,-0.074,0.0,13.2
1783974100.269,342,0.327,-0.477,-0.196,0.0,13.2
1783974100.269,342,7.509,-0.949,0.593,0.0,16.6
1783974100.269,342,7.529,1.952,0.704,0.0,14.2
1783974100.37,343,0.32,-0.515,-0.072,0.0,12.9
1783974100.37,343,0.314,-0.477,-0.216,0.0,12.9
1783974100.37,343,7.456,-0.704,0.468,0.0,12.0
1783974100.37,343,7.325,2.147,0.158,0.0,11.8
1783974100.37,343,7.532,1.952,0.665,0.0,15.0
1783974100.471,344,0.317,-0.515,-0.083,0.0,13.3
1783974100.471,344,0.32,-0.477,-0.207,0.0,13.3
1783974100.471,344,7.439,-0.938,0.312,0.0,11.9
1783974100.471,344,7.513,1.941,0.315,0.0,14.6
1783974100.571,345,0.304,-0.515,-0.122,0.0,13.4
1783974100.571,345,7.442,-0.938,0.235,0.0,13.5
1783974100.571,345,7.582,-0.72,0.981,0.0,14.8
1783974100.571,345,7.48,2.196,0.465,0.0,15.1
1783974100.672,346,0.3,-0.515,-0.132,0.0,13.3
1783974100.672,346,7.406,-1.173,0.293,0.0,13.1
1783974100.672,346,7.57,-0.72,1.069,0.0,15.5
1783974100.672,346,7.269,2.196,1.826,0.0,13.3
1783974100.672,346,7.146,-0.732,-3.065,0.0,13.3
1783974100.773,347,7.516,-0.949,0.489,0.0,12.7
1783974100.773,347,7.452,1.931,0.616,0.0,13.2
1783974100.773,347,7.614,-0.724,1.07,0.0,13.2
1783974100.875,348,0.309,-0.515,-0.108,0.0,13.2
1783974100.976,349,0.312,-0.515,-0.101,0.0,13.2
1783974100.976,349,7.445,-0.938,0.05,0.0,12.6
1783974100.976,349,7.281,1.952,2.042,0.0,13.5
1783974101.076,350,7.433,-0.938,0.436,0.0,13.7
1783974101.076,350,7.473,1.952,1.156,0.0,11.3
1783974101.177,351,0.313,-0.515,-0.096,0.0,13.3
1783974101.177,351,0.286,-0.477,-0.253,0.0,13.3
1783974101.177,351,7.473,1.931,0.251,0.0,16.4
1783974101.177,351,6.981,-0.965,-3.157,0.0,16.4
1783974101.177,351,7.328,2.196,1.572,0.0,14.6
1783974101.278,352,7.569,-0.954,0.293,0.0,15.5
1783974101.278,352,7.528,1.689,0.341,0.0,16.5
1783974101.278,352,7.467,-0.965,-1.717,0.0,16.5
1783974101.278,352,7.35,2.196,1.463,0.0,12.3
1783974101.38,353,0.304,-0.515,-0.124,0.0,13.1
1783974101.38,353,7.425,-0.938,0.544,0.0,13.6
1783974101.38,353,7.475,1.689,-0.947,0.0,14.3
1783974101.38,353,7.012,-1.207,3.003,0.0,14.3
1783974101.48,354,7.559,-0.954,0.498,0.0,16.5
1783974101.581,355,7.532,-0.949,-0.027,0.0,13.5
1783974101.581,355,6.866,1.898,2.625,0.0,13.5
1783974101.581,355,7.554,1.699,0.595,0.0,16.9
1783974101.581,355,7.074,-0.728,-3.121,0.0,16.9
1783974101.681,356,0.305,-0.515,-0.119,0.0,13.1
1783974101.681,356,7.575,-0.954,0.092,0.0,15.6
1783974101.681,356,7.563,1.699,0.466,0.0,16.3
1783974101.783,357,7.444,-0.704,0.631,0.0,13.0
1783974101.783,357,7.476,1.931,0.116,0.0,17.1
1783974101.783,357,7.646,-0.965,-0.485,0.0,17.1
1783974101.883,358,0.322,-0.515,-0.064,0.0,13.2
1783974101.883,358,0.338,-0.477,-0.176,0.0,13.2
1783974101.883,358,7.511,1.689,-0.605,0.0,17.1
1783974101.883,358,7.499,-1.207,1.391,0.0,17.1
1783974101.984,359,7.56,1.699,-0.523,0.0,13.2
1783974102.085,360,7.505,-0.712,-0.896,0.0,14.7
1783974102.085,360,7.084,1.898,1.961,0.0,14.7
1783974102.187,361,7.246,1.909,1.464,0.0,15.0
1783974102.187,361,7.452,-0.716,-1.498,0.0,15.0
1783974102.187,361,7.565,1.699,-0.444,0.0,14.5
1783974102.288,362,0.508,0.248,0.043,0.0,13.6
1783974102.288,362,7.524,-0.949,0.336,0.0,14.3
1783974102.288,362,7.339,1.898,-0.409,0.0,14.3
1783974102.288,362,7.619,1.708,-0.155,0.0,11.9
1783974102.288,362,7.723,0.976,-0.622,0.0,11.9
1783974102.39,363,7.55,-0.954,0.611,0.0,16.5
1783974102.39,363,7.561,1.952,-0.08,0.0,13.3
1783974102.49,364,7.389,-0.933,0.446,0.0,12.4
1783974102.49,364,7.192,1.865,-0.679,0.0,12.4
1783974102.49,364,7.679,-0.483,-0.66,0.0,14.5
1783974102.591,365,0.508,0.248,0.046,0.0,13.7
1783974102.591,365,7.462,-0.704,0.373,0.0,13.1
1783974102.591,365,7.061,1.876,1.714,0.0,13.1
1783974102.591,365,7.702,-0.483,-0.269,0.0,14.9
1783974102.692,366,7.674,-0.724,0.473,0.0,13.8
1783974102.792,367,7.651,1.213,-0.55,0.0,13.2
1783974102.893,368,7.58,-0.716,-0.567,0.0,11.9
1783974102.893,368,6.833,1.67,2.969,0.0,11.9
1783974102.893,368,7.658,-0.724,0.681,0.0,13.5
1783974103.096,370,7.601,-0.716,-0.102,0.0,13.0
1783974103.096,370,6.707,1.909,3.109,0.0,13.0
1783974103.096,370,7.502,1.456,-1.384,0.0,13.1
1783974103.197,371,7.598,-0.716,0.22,0.0,14.1
1783974103.197,371,6.926,1.909,2.585,0.0,14.1
1783974103.197,371,7.368,-0.976,2.398,0.0,12.0
1783974103.299,372,7.463,-0.724,1.849,0.0,13.3
1783974103.4,373,7.447,1.67,0.215,0.0,14.2
1783974103.501,374,7.494,-0.716,1.272,0.0,13.7
1783974103.501,374,7.065,1.909,-2.178,0.0,13.7
1783974103.501,374,7.54,1.952,0.57,0.0,11.8
1783974103.501,374,6.939,-1.464,3.271,0.0,11.8
1783974103.602,375,7.496,-0.949,0.734,0.0,14.9
1783974103.602,375,7.236,2.196,1.952,0.0,12.0
1783974103.704,376,7.536,-1.193,0.291,0.0,12.9
1783974103.704,376,7.515,1.689,-0.551,0.0,14.2
1783974103.754,377,7.569,-0.954,-0.294,0.0,14.1
1783974103.754,377,6.743,1.67,3.168,0.0,14.1
1783974103.754,377,7.492,1.941,-0.646,0.0,14.3
1783974103.906,378,1.101,0.761,0.195,0.0,12.0
1783974103.906,378,7.515,-0.954,-0.95,0.0,14.6
1783974103.906,378,7.166,1.67,2.036,0.0,14.6
1783974103.906,378,7.688,-0.724,-0.043,0.0,15.2
1783974103.906,378,7.29,1.931,1.661,0.0,15.2
1783974104.007,379,7.194,1.909,1.701,0.0,13.1
1783974104.007,379,7.452,-0.716,-1.498,0.0,13.1
1783974104.007,379,7.713,1.22,0.074,0.0,11.6
1783974104.057,380,7.447,-0.724,1.911,0.0,13.0
1783974104.057,380,6.909,1.931,-2.858,0.0,13.0
1783974104.209,381,7.575,-0.954,-0.0,0.0,14.9
1783974104.209,381,6.372,1.909,3.748,0.0,14.9
1783974104.209,381,7.362,1.689,-1.607,0.0,13.3
1783974104.209,381,7.17,-0.965,2.701,0.0,13.3
1783974104.311,382,7.525,-0.954,0.871,0.0,16.5
1783974104.311,382,6.999,1.909,-2.379,0.0,16.5
1783974104.311,382,7.546,1.699,0.697,0.0,12.5
1783974104.311,382,7.251,-0.485,-2.738,0.0,12.5
1783974104.362,383,7.534,1.952,-0.649,0.0,12.6
1783974104.464,384,7.552,1.952,-0.381,0.0,13.2
1783974104.565,385,7.392,1.909,-0.084,0.0,13.7
1783974104.565,385,7.399,-0.954,1.624,0.0,13.7
1783974104.565,385,7.671,0.971,-0.726,0.0,12.3
1783974104.565,385,1.097,0.079,0.626,-0.162,12.3
1783974104.666,386,7.597,-0.716,0.257,0.0,17.9
1783974104.666,386,7.264,1.909,1.37,0.0,17.9
1783974104.666,386,7.161,-1.213,2.75,0.0,12.5
1783974104.666,386,7.434,1.699,-1.472,0.0,12.5
1783974104.767,387,6.989,2.147,2.199,0.0,14.7
1783974104.767,387,7.565,-0.954,-0.385,0.0,14.7
1783974104.767,387,7.672,-0.724,-0.504,0.0,13.8
1783974104.767,387,7.294,1.931,1.643,0.0,13.8
1783974104.869,388,0.728,-0.851,-0.183,0.0,11.4
1783974104.869,388,1.033,0.461,-0.084,0.0,11.4
1783974104.869,388,7.434,1.67,0.488,0.0,13.3
1783974104.869,388,7.365,-1.432,1.416,0.0,13.3
1783974104.869,388,7.717,-0.241,-0.146,0.0,14.2
1783974104.97,389,0.491,0.266,0.099,0.0,13.1
1783974104.97,389,7.471,-0.954,1.255,0.0,14.3
1783974104.97,389,7.163,2.386,1.136,0.0,14.3
1783974104.97,389,7.514,1.699,0.98,0.0,14.8
1783974104.97,389,7.641,-0.243,-1.368,0.0,14.8
1783974105.071,390,7.137,1.909,1.927,0.0,15.9
1783974105.071,390,7.553,-0.954,-0.58,0.0,15.9
1783974105.173,391,7.572,-0.954,-0.229,0.0,16.8
1783974105.173,391,7.087,1.909,2.104,0.0,16.8
1783974105.173,391,7.139,-1.22,2.922,0.0,11.9
1783974105.173,391,6.112,3.173,3.684,0.0,11.9
1783974105.273,392,0.491,0.266,0.097,0.0,12.9
1783974105.273,392,7.64,-0.72,0.285,0.0,16.8
1783974105.273,392,7.435,1.92,-0.016,0.0,16.8
1783974105.273,392,7.636,1.213,-0.729,0.0,12.9
1783974105.375,393,7.567,-0.954,-0.345,0.0,15.9
1783974105.375,393,7.162,1.909,1.831,0.0,15.9
1783974105.375,393,7.265,-1.213,2.46,0.0,14.2
1783974105.375,393,7.387,1.213,-2.065,0.0,14.2
1783974105.375,393,0.932,0.511,-0.246,-0.081,15.4
1783974105.476,394,1.031,0.461,0.105,0.0,12.6
1783974105.476,394,0.527,-0.886,-0.473,0.0,12.6
1783974105.476,394,7.575,-0.954,0.065,0.0,15.8
1783974105.476,394,6.784,1.909,2.938,0.0,15.8
1783974105.476,394,7.587,1.456,-0.788,0.0,13.1
1783974105.577,395,7.529,-0.949,0.218,0.0,17.3
1783974105.577,395,7.57,1.699,-0.35,0.0,13.1
1783974105.678,396,0.665,-0.886,-0.245,0.0,12.0
1783974105.678,396,1.035,0.425,-0.186,0.0,12.0
1783974105.678,396,7.553,-0.954,-0.584,0.0,15.4
1783974105.678,396,7.332,1.909,0.946,0.0,15.4
1783974105.678,396,7.666,-0.724,-0.589,0.0,13.9
1783974105.678,396,7.344,1.931,1.403,0.0,13.9
1783974105.678,396,8.446,0.529,0.133,0.0,11.9
1783974105.678,396,8.005,-2.38,-1.375,0.0,11.9
1783974105.779,397,1.019,0.496,0.05,0.0,13.4
1783974105.779,397,0.774,-0.815,-0.153,0.0,13.4
1783974105.779,397,7.568,-0.954,-0.32,0.0,15.2
1783974105.779,397,7.431,1.67,0.537,0.0,15.2
1783974105.779,397,7.659,-0.724,-0.665,0.0,12.9
1783974105.779,397,7.473,1.931,-0.241,0.0,12.9
1783974105.88,398,0.972,0.477,-0.133,0.0,12.4
1783974105.88,398,7.401,1.67,0.857,0.0,13.2
1783974105.88,398,7.558,-0.954,-0.511,0.0,13.2
1783974105.88,398,7.534,1.699,-0.816,0.0,15.0
1783974105.98,399,0.797,0.709,-0.385,0.0,11.5
1783974105.98,399,7.558,-0.96,0.959,0.0,14.1
1783974105.98,399,7.362,1.708,-1.969,0.0,12.7
1783974105.98,399,7.412,-0.976,2.259,0.0,12.7
1783974106.082,400,0.551,-0.886,-0.445,0.0,11.7
1783974106.082,400,0.703,0.744,-0.489,0.0,11.7
1783974106.082,400,7.436,-0.938,0.374,0.0,11.9
1783974106.082,400,7.169,1.876,1.182,0.0,11.9
1783974106.082,400,7.572,-0.954,0.21,0.0,16.0
1783974106.082,400,7.379,1.456,-1.936,0.0,14.0
1783974106.082,400,6.993,-1.213,3.153,0.0,14.0
1783974106.183,401,0.749,-0.851,-0.042,0.0,12.4
1783974106.183,401,0.988,0.425,0.359,0.0,12.4
1783974106.183,401,7.573,-0.954,0.164,0.0,15.7
1783974106.183,401,7.628,1.213,-0.811,0.0,13.1
1783974106.284,402,7.573,-0.954,-0.162,0.0,14.3
1783974106.284,402,6.859,2.147,2.577,0.0,14.3
1783974106.284,402,7.575,1.699,0.208,0.0,15.2
1783974106.386,403,7.396,-0.938,0.857,0.0,11.2
1783974106.386,403,7.531,-0.949,0.095,0.0,15.8
1783974106.386,403,6.886,1.898,2.57,0.0,15.8
1783974106.386,403,7.563,1.699,0.473,0.0,15.4
1783974106.486,404,0.723,-0.92,-0.133,0.0,12.4
1783974106.486,404,0.933,0.515,0.502,0.0,12.4
1783974106.486,404,7.57,-0.954,0.283,0.0,16.8
1783974106.486,404,7.428,1.67,0.576,0.0,16.8
1783974106.486,404,7.59,-0.724,1.224,0.0,14.8
1783974106.486,404,7.466,1.931,-0.402,0.0,14.8
1783974106.587,405,0.66,-0.886,-0.257,0.0,11.5
1783974106.587,405,0.961,0.603,0.007,0.0,11.5
1783974106.587,405,7.486,-0.954,1.156,0.0,16.0
1783974106.587,405,6.978,1.67,-2.609,0.0,16.0
1783974106.688,406,7.467,-1.193,1.056,0.0,15.2
1783974106.688,406,7.125,1.67,-2.176,0.0,15.2
1783974106.688,406,7.176,2.427,1.711,0.0,14.0
1783974106.688,406,7.057,-1.699,2.76,0.0,14.0
1783974106.789,407,0.815,0.511,-0.514,0.0,11.6
1783974106.789,407,7.492,-0.954,1.116,0.0,16.5
1783974106.789,407,7.104,1.909,-2.044,0.0,16.5
1783974106.789,407,7.082,-1.699,2.696,0.0,13.8
1783974106.789,407,7.676,0.485,-1.074,0.0,13.8
1783974106.89,408,0.815,0.511,0.513,0.0,11.7
1783974106.89,408,7.391,-0.933,0.403,0.0,12.7
1783974106.89,408,6.973,2.331,1.264,0.0,12.7
1783974106.89,408,7.575,-0.954,0.032,0.0,16.9
1783974106.89,408,6.452,1.909,3.608,0.0,16.9
1783974106.991,409,7.372,-0.938,1.044,0.0,11.3
1783974106.991,409,7.575,-0.954,0.046,0.0,16.7
1783974106.991,409,6.975,-0.976,3.375,0.0,11.8
1783974106.991,409,7.535,1.952,-0.629,0.0,11.8
1783974107.092,410,7.596,-0.716,0.279,0.0,14.6
1783974107.092,410,7.688,-0.724,0.059,0.0,13.6
1783974107.193,411,1.0,0.532,-0.064,0.0,12.4
1783974107.193,411,0.733,-0.851,-0.16,0.0,12.4
1783974107.193,411,7.571,-0.954,0.258,0.0,15.7
1783974107.293,412,0.945,0.443,0.316,0.0,12.0
1783974107.293,412,7.6,-0.716,0.141,0.0,15.9
1783974107.293,412,6.803,1.909,2.893,0.0,15.9
1783974107.293,412,6.979,-0.971,-3.265,0.0,12.3
1783974107.293,412,7.545,1.699,-0.709,0.0,12.3
1783974107.394,413,7.574,-0.954,-0.106,0.0,16.7
1783974107.394,413,7.583,1.448,0.2,0.0,14.5
1783974107.495,414,0.686,-0.92,-0.264,0.0,11.5
1783974107.495,414,7.365,-0.699,0.964,0.0,11.6
1783974107.495,414,7.003,2.565,0.207,0.0,11.6
1783974107.495,414,7.529,-0.949,0.212,0.0,14.9
1783974107.495,414,7.696,-0.728,-0.742,0.0,14.2
1783974107.495,414,7.517,1.941,0.187,0.0,14.2
1783974107.596,415,0.9,0.674,-0.154,0.0,11.7
1783974107.596,415,0.581,-0.886,-0.404,0.0,11.7
1783974107.596,415,7.574,-0.954,0.146,0.0,13.7
1783974107.596,415,6.7,1.67,3.259,0.0,13.7
1783974107.697,416,0.725,-0.851,-0.192,0.0,12.0
1783974107.697,416,0.823,0.674,0.394,0.0,12.0
1783974107.697,416,7.574,-0.954,-0.154,0.0,15.3
1783974107.697,416,6.76,1.909,2.993,0.0,15.3
1783974107.697,416,7.558,1.456,-1.03,0.0,11.7
1783974107.798,417,0.801,0.603,0.531,0.0,11.5
1783974107.798,417,0.667,-0.886,-0.238,0.0,11.5
1783974107.798,417,7.575,-0.954,0.079,0.0,15.5
1783974107.798,417,7.499,1.699,-1.093,0.0,12.7
1783974107.898,418,0.971,0.477,0.139,0.0,12.8
1783974107.898,418,7.572,-0.954,-0.202,0.0,13.7
1783974107.898,418,7.131,1.67,2.156,0.0,13.7
1783974108.0,419,7.392,-0.933,0.387,0.0,12.6
1783974108.0,419,6.922,2.331,1.522,0.0,12.6
1783974108.0,419,7.564,-0.954,-0.414,0.0,14.2
1783974108.0,419,6.975,1.67,2.617,0.0,14.2
1783974108.0,419,7.596,-0.965,1.0,0.0,13.7
1783974108.0,419,7.031,1.931,-2.544,0.0,13.7
1783974108.1,420,7.571,-0.954,-0.242,0.0,14.2
1783974108.1,420,7.046,1.67,2.422,0.0,14.2
1783974108.1,420,7.313,-0.965,2.286,0.0,12.0
1783974108.1,420,7.026,1.931,-2.559,0.0,12.0
1783974108.2,421,1.015,0.515,0.305,0.0,11.7
1783974108.2,421,7.372,-0.933,0.663,0.0,11.5
1783974108.2,421,6.988,2.565,0.499,0.0,11.5
1783974108.2,421,7.575,-0.954,-0.049,0.0,15.9
1783974108.2,421,7.511,0.971,-1.72,0.0,11.2
1783974108.301,422,0.99,0.532,0.151,0.0,12.2
1783974108.301,422,0.732,-0.851,-0.164,0.0,12.2
1783974108.301,422,7.592,-0.716,-0.369,0.0,15.6
1783974108.301,422,6.97,1.67,2.632,0.0,15.6
1783974108.301,422,7.686,-0.724,0.191,0.0,16.3
1783974108.301,422,7.02,1.689,2.739,0.0,16.3
1783974108.402,423,0.938,0.638,-0.004,0.0,12.0
1783974108.402,423,0.981,0.567,0.052,0.0,12.0
1783974108.402,423,7.566,-0.954,0.372,0.0,17.6
1783974108.402,423,7.19,1.909,1.717,0.0,17.6
1783974108.402,423,7.661,-0.483,-0.84,0.0,15.6
1783974108.402,423,7.249,2.172,1.54,0.0,15.6
1783974108.402,423,7.62,1.708,0.056,0.0,12.0
1783974108.502,424,0.941,0.443,0.329,0.0,11.4
1783974108.502,424,7.371,-0.704,1.216,0.0,12.7
1783974108.502,424,7.034,1.876,-1.821,0.0,12.7
1783974108.502,424,7.573,-0.954,0.177,0.0,16.6
1783974108.502,424,7.691,-0.483,-0.503,0.0,13.5
1783974108.502,424,7.244,2.172,1.564,0.0,13.5
1783974108.603,425,7.553,-0.954,0.58,0.0,15.9
1783974108.603,425,7.633,-0.724,0.921,0.0,14.9
1783974108.603,425,7.532,1.952,-0.672,0.0,11.7
1783974108.705,426,0.723,-0.851,-0.199,0.0,13.9
1783974108.705,426,1.02,0.496,0.011,0.0,13.9
1783974108.705,426,7.571,-0.954,0.254,0.0,18.0
1783974108.705,426,7.543,1.708,-1.087,0.0,12.9
1783974108.705,426,7.063,-1.22,3.101,0.0,12.9
1783974108.806,427,7.527,-0.949,0.284,0.0,16.7
1783974108.806,427,7.643,1.464,-0.651,0.0,11.2
1783974108.857,428,7.529,-0.949,0.192,0.0,15.7
1783974108.857,428,7.122,1.898,-1.816,0.0,15.7
1783974108.857,428,7.601,1.456,-0.644,0.0,12.9
1783974109.009,429,0.508,0.248,0.042,0.0,12.1
1783974109.009,429,0.959,0.532,0.292,0.0,13.8
1783974109.009,429,0.784,-0.815,-0.082,0.0,13.8
1783974109.009,429,7.572,-0.954,-0.212,0.0,18.0
1783974109.009,429,6.893,1.909,2.671,0.0,18.0
1783974109.009,429,7.693,1.22,0.56,0.0,11.4
1783974109.009,429,7.775,0.732,0.06,0.0,11.4
1783974109.11,430,0.509,0.248,0.033,0.0,12.2
1783974109.11,430,1.011,0.496,0.135,0.0,11.4
1783974109.11,430,0.749,-0.851,-0.048,0.0,11.4
1783974109.11,430,7.572,-0.954,-0.227,0.0,14.6
1783974109.11,430,7.134,1.67,2.147,0.0,14.6
1783974109.11,430,7.553,1.952,0.362,0.0,12.5
1783974109.11,430,7.031,-1.464,3.067,0.0,12.5
1783974109.161,431,0.508,0.248,0.041,0.0,12.5
1783974109.161,431,0.706,-0.886,-0.06,0.0,11.7
1783974109.161,431,7.309,-0.699,1.323,0.0,11.6
1783974109.161,431,6.892,2.098,-1.939,0.0,11.6
1783974109.161,431,7.57,-0.954,-0.271,0.0,15.0
1783974109.161,431,7.182,1.909,1.753,0.0,15.0
1783974109.161,431,7.518,1.941,0.128,0.0,15.3
1783974109.161,431,7.616,-0.971,-1.169,0.0,15.3
1783974109.262,432,0.508,0.248,0.041,0.0,12.4
1783974109.262,432,0.997,0.496,-0.217,0.0,11.8
1783974109.262,432,0.724,-0.851,-0.197,0.0,11.8
1783974109.262,432,7.572,-0.954,-0.207,0.0,14.1
1783974109.262,432,7.227,1.909,1.557,0.0,14.1
1783974109.262,432,7.548,1.952,0.459,0.0,14.5
1783974109.413,433,0.508,0.248,0.042,0.0,13.2
1783974109.413,433,7.369,-0.699,0.93,0.0,13.6
1783974109.413,433,7.031,2.098,-1.352,0.0,13.6
1783974109.413,433,7.532,-1.193,0.371,0.0,14.2
1783974109.413,433,7.257,1.67,1.686,0.0,14.2
1783974109.413,433,7.496,1.941,0.596,0.0,14.3
1783974109.413,433,7.251,-0.728,-2.683,0.0,14.3
1783974109.464,434,0.49,0.266,0.103,0.0,12.2
1783974109.464,434,0.934,0.477,-0.3,0.0,14.4
1783974109.464,434,7.485,-0.954,1.165,0.0,16.6
1783974109.464,434,7.136,2.625,0.691,0.0,16.6
1783974109.464,434,7.36,1.456,-2.004,0.0,13.8
1783974109.464,434,7.342,-1.213,2.22,0.0,13.8
1783974109.565,435,0.491,0.266,0.101,0.0,12.1
1783974109.565,435,0.979,0.567,-0.077,0.0,13.4
1783974109.565,435,0.584,-0.886,-0.401,0.0,13.4
1783974109.565,435,7.55,-0.954,0.618,0.0,15.1
1783974109.565,435,7.156,2.386,1.182,0.0,15.1
1783974109.565,435,7.34,1.699,-1.882,0.0,12.8
1783974109.565,435,7.408,-1.213,1.99,0.0,12.8
1783974109.666,436,0.508,0.248,0.04,0.0,12.5
1783974109.666,436,1.01,0.461,-0.232,0.0,13.5
1783974109.666,436,7.347,-0.699,1.094,0.0,11.7
1783974109.666,436,7.149,2.098,-0.378,0.0,11.7
1783974109.666,436,7.57,-0.954,0.291,0.0,16.2
1783974109.666,436,7.071,2.147,1.918,0.0,16.2
1783974109.766,437,0.508,0.248,0.045,0.0,12.3
1783974109.766,437,1.025,0.461,-0.154,0.0,13.2
1783974109.766,437,7.35,-0.933,0.872,0.0,12.3
1783974109.766,437,7.081,1.865,-1.43,0.0,12.3
1783974109.766,437,7.569,-0.954,-0.304,0.0,16.9
1783974109.766,437,6.838,1.909,2.81,0.0,16.9
1783974109.766,437,7.315,1.456,-2.162,0.0,14.0
1783974109.766,437,7.219,-1.213,2.594,0.0,14.0
1783974109.766,437,8.444,0.529,0.251,0.0,11.6
1783974109.766,437,7.885,-2.645,-1.573,0.0,11.6
1783974109.867,438,0.508,0.248,0.043,0.0,12.7
1783974109.867,438,0.81,0.579,-0.445,0.0,11.9
1783974109.867,438,7.575,-0.954,-0.07,0.0,16.5
1783974109.867,438,6.704,1.67,3.25,0.0,16.5
1783974109.867,438,7.486,1.456,-1.468,0.0,14.8
1783974109.968,439,0.49,0.266,0.103,0.0,12.7
1783974109.968,439,0.704,-0.851,-0.26,0.0,13.0
1783974109.968,439,0.834,0.674,-0.37,0.0,13.0
1783974109.968,439,7.573,-0.954,-0.176,0.0,16.9
1783974109.968,439,7.066,1.67,2.363,0.0,16.9
1783974109.968,439,7.496,1.456,-1.413,0.0,14.9
1783974110.069,440,0.509,0.248,0.039,0.0,12.7
1783974110.069,440,7.533,-1.193,0.349,0.0,16.6
1783974110.069,440,7.037,1.909,2.266,0.0,16.6
1783974110.17,441,0.506,0.248,0.06,0.0,14.0
1783974110.17,441,1.002,0.425,0.318,0.0,12.3
1783974110.17,441,0.739,-0.851,-0.13,0.0,12.3
1783974110.17,441,7.569,-0.954,0.309,0.0,17.2
1783974110.17,441,7.117,2.147,1.739,0.0,17.2
1783974110.17,441,7.406,1.931,-1.026,0.0,14.2
1783974110.17,441,7.133,-0.965,2.796,0.0,14.2
1783974110.271,442,0.507,0.248,0.051,0.0,13.9
1783974110.271,442,7.569,-0.954,0.295,0.0,17.6
1783974110.271,442,7.513,-1.213,1.545,0.0,12.1
1783974110.372,443,0.508,0.248,0.05,0.0,13.6
1783974110.372,443,7.575,-0.954,-0.089,0.0,17.4
1783974110.372,443,6.815,1.67,3.011,0.0,17.4
1783974110.372,443,7.546,-1.213,1.375,0.0,11.8
1783974110.473,444,0.507,0.248,0.055,0.0,13.6
1783974110.473,444,0.711,-0.851,-0.24,0.0,12.1
1783974110.473,444,7.568,-0.954,-0.334,0.0,16.5
1783974110.473,444,7.027,1.909,2.296,0.0,16.5
1783974110.473,444,7.253,1.213,-2.495,0.0,12.0
1783974110.473,444,8.447,0.529,0.055,0.0,11.5
1783974110.473,444,7.816,-2.645,-1.883,0.0,11.5
1783974110.574,445,0.507,0.248,0.053,0.0,12.8
1783974110.574,445,0.999,0.409,0.155,0.0,12.8
1783974110.574,445,7.566,-0.954,-0.366,0.0,13.8
1783974110.574,445,7.11,1.909,2.024,0.0,13.8
1783974110.675,446,0.507,0.248,0.059,0.0,13.7
1783974110.675,446,7.379,-0.704,1.172,0.0,12.2
1783974110.675,446,6.958,2.58,-1.113,0.0,12.2
1783974110.675,446,7.399,1.92,0.729,0.0,15.6
1783974110.777,447,0.508,0.248,0.045,0.0,12.9
1783974110.777,447,0.636,-0.886,-0.311,0.0,12.8
1783974110.777,447,7.409,-0.704,0.962,0.0,12.8
1783974110.777,447,6.58,1.876,-3.081,0.0,12.8
1783974110.777,447,7.527,-0.954,0.851,0.0,16.8
1783974110.878,448,0.509,0.248,0.039,0.0,13.1
1783974110.878,448,0.749,-0.851,-0.051,0.0,11.7
1783974110.878,448,7.641,-0.724,0.855,0.0,12.4
1783974110.98,449,0.491,0.266,0.101,0.0,12.1
1783974110.98,449,0.669,-0.851,-0.341,0.0,12.4
1783974110.98,449,0.7,0.744,-0.493,0.0,12.4
1783974110.98,449,7.591,-0.965,1.039,0.0,13.5
1783974111.081,450,0.529,-0.886,-0.471,0.0,13.4
1783974111.081,450,7.557,-0.712,0.142,0.0,15.0
1783974111.081,450,6.507,2.135,3.275,0.0,15.0
1783974111.081,450,7.462,-0.965,1.736,0.0,13.1
1783974111.081,450,6.73,1.689,-3.39,0.0,13.1
1783974111.183,451,0.508,0.248,0.039,0.0,11.7
1783974111.183,451,0.677,-0.886,-0.208,0.0,11.6
1783974111.183,451,7.568,-0.954,-0.32,0.0,14.8
1783974111.183,451,6.777,1.909,2.953,0.0,14.8
1783974111.183,451,7.46,-0.965,1.747,0.0,13.3
1783974111.183,451,7.154,1.689,-2.367,0.0,13.3
1783974111.284,452,0.681,-0.886,-0.193,0.0,12.9
1783974111.284,452,7.574,-0.954,-0.132,0.0,16.5
1783974111.284,452,6.488,1.909,3.543,0.0,16.5
1783974111.384,453,0.916,0.443,0.392,0.0,14.3
1783974111.384,453,7.598,-0.716,-0.214,0.0,15.6
1783974111.384,453,6.929,1.909,2.577,0.0,15.6
1783974111.384,453,7.318,1.456,-2.154,0.0,13.5
1783974111.384,453,7.357,-1.213,2.172,0.0,13.5
1783974111.486,454,0.491,0.266,0.101,0.0,12.5
1783974111.486,454,7.383,-0.938,0.963,0.0,12.2
1783974111.486,454,6.767,1.876,-2.645,0.0,12.2
1783974111.486,454,6.893,2.386,2.256,0.0,14.6
1783974111.486,454,7.614,-0.477,0.315,0.0,14.6
1783974111.486,454,7.558,1.213,-1.309,0.0,11.5
1783974111.486,454,7.627,-1.456,-0.132,0.0,11.5
1783974111.586,455,0.667,-0.886,-0.238,0.0,12.9
1783974111.586,455,7.5,-0.954,1.064,0.0,13.4
1783974111.586,455,7.428,-1.432,1.032,0.0,13.4
1783974111.586,455,7.66,-0.724,0.653,0.0,12.7
1783974111.688,456,0.49,0.266,0.105,0.0,12.1
1783974111.688,456,0.863,0.443,0.498,0.0,11.8
1783974111.688,456,0.915,0.589,0.451,0.0,11.6
1783974111.688,456,1.135,0.147,-0.28,0.0,11.6
1783974111.688,456,7.474,-0.724,1.804,0.0,12.9
1783974111.688,456,7.348,1.931,-1.382,0.0,12.9
1783974111.789,457,0.508,0.248,0.05,0.0,12.6
1783974111.789,457,0.961,0.511,0.074,0.0,13.0
1783974111.789,457,7.53,-0.949,-0.17,0.0,14.5
1783974111.789,457,6.543,1.661,3.473,0.0,14.5
1783974111.789,457,7.498,-0.965,1.575,0.0,13.0
1783974111.789,457,6.839,1.931,-3.022,0.0,13.0
1783974111.89,458,0.491,0.266,0.101,0.0,12.5
1783974111.89,458,0.73,-0.851,-0.174,0.0,12.7
1783974111.89,458,7.265,1.909,1.365,0.0,15.0
1783974111.89,458,7.534,-0.716,-1.012,0.0,15.0
1783974111.89,458,7.662,1.213,-0.372,0.0,14.5
1783974111.991,459,0.508,0.248,0.048,0.0,12.7
1783974111.991,459,7.572,-0.954,-0.212,0.0,14.7
1783974111.991,459,7.607,1.213,-0.982,0.0,13.2
1783974112.092,460,0.49,0.266,0.105,0.0,11.6
1783974112.092,460,7.569,-0.954,-0.312,0.0,14.2
1783974112.092,460,7.075,1.67,2.334,0.0,14.2
1783974112.092,460,7.293,1.456,-2.236,0.0,12.8
1783974112.092,460,7.296,-1.213,2.366,0.0,12.8
1783974112.193,461,7.067,2.147,1.935,0.0,16.1
1783974112.193,461,7.597,-0.716,-0.244,0.0,16.1
1783974112.193,461,6.912,1.699,-3.107,0.0,11.5
1783974112.193,461,7.515,-0.971,1.7,0.0,11.5
1783974112.295,462,0.509,0.248,0.026,0.0,11.6
1783974112.295,462,7.21,2.386,0.782,0.0,13.5
1783974112.295,462,7.41,-1.432,1.153,0.0,13.5
1783974112.295,462,7.541,-1.213,1.403,0.0,13.5
1783974112.397,463,0.491,0.266,0.101,0.0,11.9
1783974112.397,463,0.957,0.409,-0.325,0.0,13.4
1783974112.397,463,7.601,-0.716,0.059,0.0,15.1
1783974112.397,463,7.223,1.456,-2.454,0.0,14.1
1783974112.397,463,6.972,-1.213,3.199,0.0,14.1
1783974112.497,464,0.937,0.477,0.288,0.0,13.0
1783974112.497,464,7.524,-0.949,0.339,0.0,15.7
1783974112.497,464,6.776,1.898,-2.848,0.0,15.7
1783974112.497,464,7.313,1.699,-1.987,0.0,14.7
1783974112.497,464,7.229,-1.213,2.566,0.0,14.7
1783974112.598,465,0.857,0.409,0.536,0.0,13.8
1783974112.598,465,7.596,-0.716,0.283,0.0,16.4
1783974112.598,465,7.235,1.909,1.52,0.0,16.4
1783974112.598,465,7.553,0.971,-1.525,0.0,13.2
1783974112.699,466,1.05,0.354,0.241,0.0,12.7
1783974112.699,466,0.743,-0.851,-0.107,0.0,12.7
1783974112.699,466,7.206,1.909,1.651,0.0,13.6
1783974112.699,466,7.514,-0.954,-0.958,0.0,13.6
1783974112.699,466,7.489,0.971,-1.811,0.0,11.7
1783974112.801,467,7.574,-0.954,-0.128,0.0,17.3
1783974112.801,467,6.452,1.909,3.609,0.0,17.3
1783974112.801,467,7.369,1.213,-2.129,0.0,12.7
1783974112.801,467,7.486,-1.213,1.674,0.0,12.7
1783974112.901,468,0.671,-0.886,-0.225,0.0,11.3
1783974112.901,468,1.079,0.319,0.141,0.0,11.3
1783974112.901,468,7.531,-0.949,0.078,0.0,16.7
1783974112.901,468,7.57,1.456,-0.942,0.0,16.6
1783974112.901,468,7.08,-1.456,2.84,0.0,16.6
1783974112.901,468,8.446,0.264,0.491,0.0,12.2
1783974112.901,468,7.974,-2.645,-1.028,0.0,12.2
1783974113.001,469,0.743,-0.851,-0.103,0.0,12.9
1783974113.001,469,7.599,-0.716,-0.186,0.0,14.9
1783974113.001,469,6.875,2.147,2.532,0.0,14.9
1783974113.001,469,7.61,1.456,-0.528,0.0,15.0
1783974113.102,470,1.002,0.319,-0.427,0.0,12.2
1783974113.102,470,0.701,-0.886,-0.097,0.0,12.2
1783974113.102,470,7.374,-0.699,0.89,0.0,11.5
1783974113.102,470,7.036,2.098,-1.325,0.0,11.5
1783974113.102,470,7.599,-0.716,-0.2,0.0,16.0
1783974113.102,470,6.891,1.909,2.677,0.0,16.0
1783974113.102,470,7.566,1.456,-0.974,0.0,14.9
1783974113.203,471,0.951,0.136,0.517,0.0,13.4
1783974113.203,471,7.531,-0.949,-0.141,0.0,19.3
1783974113.203,471,6.398,1.661,3.734,0.0,19.3
1783974113.203,471,7.534,0.971,-1.615,0.0,13.8
1783974113.305,472,7.553,-0.712,-0.264,0.0,14.2
1783974113.305,472,6.898,2.135,2.342,0.0,14.2
1783974113.305,472,7.57,-0.965,1.179,0.0,16.7
1783974113.355,473,0.942,0.545,-0.063,0.0,15.0
1783974113.355,473,7.601,-0.716,0.109,0.0,16.9
1783974113.355,473,6.698,1.909,3.128,0.0,16.9
1783974113.355,473,7.668,1.213,-0.18,0.0,16.8
1783974113.507,474,7.591,-0.716,0.406,0.0,18.4
1783974113.507,474,7.522,-0.965,1.458,0.0,15.1
1783974113.507,474,6.649,1.689,-3.545,0.0,15.1
1783974113.608,475,0.302,-0.515,-0.128,0.0,11.3
1783974113.608,475,0.54,-0.886,-0.458,0.0,13.4
1783974113.608,475,7.253,1.909,1.429,0.0,13.5
1783974113.608,475,7.646,1.464,-0.614,0.0,12.2
1783974113.608,475,6.991,-1.464,3.158,0.0,12.2
1783974113.66,476,0.819,0.579,-0.427,0.0,13.2
1783974113.66,476,7.417,-0.704,0.893,0.0,11.6
1783974113.66,476,7.02,2.345,-1.239,0.0,11.6
1783974113.66,476,7.193,2.147,1.396,0.0,15.1
1783974113.66,476,7.524,-0.716,-1.08,0.0,15.1
1783974113.66,476,7.402,1.699,-1.622,0.0,15.7
1783974113.66,476,7.316,-1.213,2.306,0.0,15.7
1783974113.762,477,0.972,0.477,-0.129,0.0,14.4
1783974113.762,477,7.283,2.147,0.802,0.0,14.3
1783974113.762,477,7.371,1.699,-1.757,0.0,14.0
1783974113.762,477,6.892,-0.971,3.444,0.0,14.0
1783974113.914,478,0.697,-0.886,-0.126,0.0,12.7
1783974113.914,478,0.902,0.674,0.142,0.0,12.7
1783974113.914,478,7.234,2.147,1.163,0.0,13.3
1783974113.914,478,7.555,1.456,-1.054,0.0,15.8
1783974113.914,478,6.802,-1.213,3.546,0.0,15.8
1783974113.964,479,0.871,0.375,0.539,0.0,14.2
1783974113.964,479,0.606,-0.784,-0.456,0.0,14.2
1783974113.964,479,7.413,-0.704,0.933,0.0,14.5
1783974113.964,479,7.57,1.456,-0.94,0.0,15.0
1783974113.964,479,6.841,-1.213,3.469,0.0,15.0
1783974114.065,480,0.629,-0.851,-0.409,0.0,12.1
1783974114.065,480,7.739,0.485,-0.417,0.0,16.1
1783974114.166,481,1.036,0.319,0.335,0.0,13.0
1783974114.166,481,1.017,0.496,0.08,0.0,13.0
1783974114.166,481,7.557,-0.712,0.145,0.0,16.3
1783974114.166,481,7.488,1.699,-1.166,0.0,14.4
1783974114.267,482,1.051,0.425,-0.013,0.0,11.7
1783974114.267,482,1.074,0.354,0.091,0.0,11.7
1783974114.267,482,7.532,-0.949,0.033,0.0,15.0
1783974114.267,482,7.625,-0.728,1.278,0.0,14.8
1783974114.267,482,6.999,1.699,-2.904,0.0,14.8
1783974114.368,483,7.574,-0.954,-0.141,0.0,16.5
1783974114.368,483,6.76,1.909,2.991,0.0,16.5
1783974114.368,483,7.0,1.699,-2.902,0.0,13.2
1783974114.368,483,7.317,-0.971,2.415,0.0,13.2
1783974114.469,484,0.706,-0.886,-0.059,0.0,13.1
1783974114.469,484,7.53,-0.949,-0.144,0.0,14.4
1783974114.469,484,7.447,1.699,-1.401,0.0,15.0
1783974114.469,484,7.371,-1.213,2.121,0.0,15.0
1783974114.57,485,0.564,-0.886,-0.428,0.0,13.1
1783974114.57,485,0.919,0.496,-0.443,0.0,13.1
1783974114.57,485,7.558,-0.712,0.031,0.0,14.9
1783974114.57,485,7.372,1.699,-1.755,0.0,15.8
1783974114.57,485,7.299,-1.213,2.357,0.0,15.8
1783974114.67,486,7.566,-0.954,-0.368,0.0,15.1
1783974114.67,486,7.047,1.909,2.235,0.0,15.1
1783974114.67,486,7.509,1.699,-1.022,0.0,17.3
1783974114.67,486,7.176,-1.213,2.709,0.0,17.3
1783974114.771,487,7.569,-0.954,0.315,0.0,15.6
1783974114.771,487,6.384,1.909,3.728,0.0,15.6
1783974114.771,487,7.519,1.941,0.094,0.0,17.8
1783974114.872,488,7.362,-0.933,0.764,0.0,13.3
1783974114.872,488,6.986,2.098,-1.567,0.0,13.3
1783974114.872,488,7.575,-0.954,0.066,0.0,17.0
1783974114.872,488,6.911,1.67,2.783,0.0,17.0
1783974114.872,488,7.54,1.456,-1.158,0.0,15.2
1783974114.973,489,7.378,-0.704,1.175,0.0,12.7
1783974114.973,489,6.932,2.345,-1.663,0.0,12.7
1783974114.973,489,7.269,1.909,1.346,0.0,16.3
1783974114.973,489,7.575,-0.954,0.027,0.0,16.3
1783974114.973,489,7.451,1.699,-1.379,0.0,14.8
1783974114.973,489,7.127,-1.213,2.836,0.0,14.8
1783974115.074,490,7.284,-0.933,1.316,0.0,12.3
1783974115.074,490,6.942,1.865,-1.999,0.0,12.3
1783974115.074,490,7.363,1.909,0.665,0.0,15.4
1783974115.074,490,7.488,1.213,-1.664,0.0,12.1
1783974115.074,490,0.933,0.511,-0.238,0.162,13.8
1783974115.174,491,0.921,0.443,0.381,0.0,11.3
1783974115.174,491,7.332,-0.704,1.436,0.0,12.0
1783974115.174,491,6.905,1.876,-2.263,0.0,12.0
1783974115.174,491,7.471,-0.954,1.252,0.0,16.6
1783974115.174,491,7.21,2.386,0.784,0.0,16.6
1783974115.174,491,7.615,1.456,-0.441,0.0,15.0
1783974115.275,492,7.629,-0.724,0.951,0.0,13.9
1783974115.275,492,7.35,1.931,-1.375,0.0,13.9
1783974115.275,492,1.097,0.405,0.144,0.162,13.1
1783974115.377,493,7.562,-0.954,0.445,0.0,16.8
1783974115.377,493,7.432,1.699,-1.479,0.0,14.0
1783974115.477,494,0.667,-0.886,-0.237,0.0,12.0
1783974115.477,494,0.875,0.709,-0.136,0.0,12.0
1783974115.477,494,7.575,-0.954,0.02,0.0,16.8
1783974115.477,494,6.873,1.909,2.722,0.0,16.8
1783974115.477,494,7.414,1.456,-1.795,0.0,13.3
1783974115.477,494,7.452,-1.456,1.631,0.0,13.3
1783974115.477,494,1.025,0.461,0.157,0.162,16.5
1783974115.579,495,0.73,-0.851,-0.173,0.0,11.4
1783974115.579,495,0.977,0.567,0.104,0.0,11.4
1783974115.579,495,7.601,-0.716,0.117,0.0,15.2
1783974115.579,495,6.847,2.386,2.393,0.0,15.2
1783974115.579,495,7.531,1.699,-0.843,0.0,17.1
1783974115.68,496,0.97,0.409,0.285,0.0,12.2
1783974115.68,496,7.489,1.941,-0.678,0.0,16.1
1783974115.68,496,1.041,0.552,-0.0,0.081,13.6
1783974115.781,497,0.688,-0.886,-0.167,0.0,11.2
1783974115.781,497,7.578,1.699,-0.005,0.0,16.5
1783974115.881,498,0.691,-0.886,-0.156,0.0,12.0
1783974115.881,498,1.05,0.425,0.058,0.0,12.0
1783974115.881,498,7.573,1.699,-0.281,0.0,17.5
1783974115.983,499,7.548,-0.954,0.637,0.0,17.2
1783974115.983,499,7.18,1.456,-2.577,0.0,13.1
1783974115.983,499,7.298,-1.213,2.36,0.0,13.1
1783974116.084,500,7.564,-0.954,0.413,0.0,15.5
1783974116.084,500,7.13,2.386,1.328,0.0,15.5
1783974116.084,500,7.253,1.456,-2.361,0.0,12.7
1783974116.084,500,7.217,-1.213,2.599,0.0,12.7
1783974116.184,501,0.673,-0.92,-0.297,0.0,11.6
1783974116.184,501,1.05,0.515,-0.139,0.0,11.6
1783974116.184,501,7.424,-0.704,0.839,0.0,13.2
1783974116.184,501,6.995,2.111,-1.709,0.0,13.2
1783974116.184,501,7.573,-0.954,0.166,0.0,15.8
1783974116.184,501,6.816,2.147,2.687,0.0,15.8
1783974116.184,501,7.54,1.456,-1.157,0.0,12.8
1783974116.184,501,7.622,-1.213,0.865,0.0,12.8
1783974116.286,502,7.439,-0.704,0.694,0.0,11.6
1783974116.286,502,6.93,2.111,-1.956,0.0,11.6
1783974116.286,502,7.089,2.147,1.853,0.0,12.0
1783974116.286,502,7.494,1.699,-1.122,0.0,15.2
1783974116.286,502,7.21,-1.213,2.618,0.0,15.2
1783974116.386,503,7.608,1.456,-0.549,0.0,15.8
1783974116.488,504,7.442,-0.938,0.217,0.0,13.5
1783974116.488,504,7.625,1.456,0.202,0.0,16.1
1783974116.589,505,7.412,-0.938,0.702,0.0,13.4
1783974116.589,505,6.483,1.876,-3.281,0.0,13.4
1783974116.589,505,7.511,1.699,-1.006,0.0,15.3
1783974116.692,506,7.125,2.386,1.353,0.0,14.2
1783974116.692,506,7.584,-0.716,-0.52,0.0,14.2
1783974116.692,506,7.621,1.456,-0.32,0.0,15.2
1783974116.692,506,7.585,-1.213,-1.145,0.0,15.2
1783974116.792,507,0.744,-0.851,-0.094,0.0,12.2
1783974116.792,507,0.9,0.461,-0.514,0.0,12.2
1783974116.792,507,7.545,1.456,-1.122,0.0,15.2
1783974116.893,508,1.019,0.496,-0.034,0.0,11.3
1783974116.893,508,0.718,-0.851,-0.218,0.0,11.3
1783974116.893,508,7.568,-0.954,-0.323,0.0,15.5
1783974116.893,508,6.896,2.147,2.475,0.0,15.5
1783974116.893,508,6.902,1.699,-3.129,0.0,15.8
1783974116.893,508,7.626,-0.971,1.102,0.0,15.8
1783974116.994,509,0.72,-0.851,-0.211,0.0,11.4
1783974116.994,509,7.558,-0.712,0.024,0.0,14.6
1783974116.994,509,7.542,-0.724,1.49,0.0,14.6
1783974117.094,510,1.074,0.479,-0.077,0.0,12.8
1783974117.094,510,7.571,-0.965,1.176,0.0,15.0
1783974117.094,510,7.612,1.708,-0.353,0.0,12.7
1783974117.094,510,7.247,-0.976,2.741,0.0,12.7
1783974117.196,511,0.691,-0.92,-0.252,0.0,12.0
1783974117.196,511,7.193,2.147,1.394,0.0,15.2
1783974117.196,511,7.619,1.708,-0.148,0.0,12.6
1783974117.297,512,7.385,-0.938,0.947,0.0,13.5
1783974117.297,512,7.073,1.876,-1.665,0.0,13.5
1783974117.297,512,7.284,2.147,0.787,0.0,15.0
1783974117.297,512,7.573,1.213,-1.221,0.0,13.1
1783974117.398,513,7.539,1.699,-0.763,0.0,14.0
1783974117.398,513,7.659,-0.971,0.843,0.0,14.0
1783974117.499,514,1.068,0.534,-0.257,0.0,12.4
1783974117.499,514,7.328,1.699,-1.928,0.0,14.6
1783974117.499,514,7.257,-1.213,2.483,0.0,14.6
1783974117.599,515,0.725,-0.851,-0.193,0.0,12.3
1783974117.599,515,0.976,0.567,0.109,0.0,12.3
1783974117.599,515,7.465,-0.704,0.3,0.0,11.6
1783974117.599,515,6.917,2.111,2.004,0.0,11.6
1783974117.599,515,7.414,1.699,-1.567,0.0,12.4
1783974117.599,515,7.246,-1.213,2.517,0.0,12.4
1783974117.7,516,7.6,-0.716,-0.169,0.0,14.2
1783974117.7,516,6.432,1.909,3.645,0.0,14.2
1783974117.7,516,7.616,1.708,-0.262,0.0,13.3
1783974117.801,517,0.661,-0.886,-0.253,0.0,11.6
1783974117.801,517,7.531,-0.949,0.117,0.0,13.5
1783974117.801,517,7.35,1.898,-0.083,0.0,13.5
1783974117.801,517,7.444,1.213,-1.848,0.0,12.7
1783974117.801,517,6.984,-1.456,3.069,0.0,12.7
1783974117.902,518,1.01,0.496,-0.144,0.0,14.8
1783974117.902,518,0.648,-0.886,-0.284,0.0,14.8
1783974117.902,518,7.6,-0.716,-0.129,0.0,15.2
1783974117.902,518,6.768,1.909,2.974,0.0,15.2
1783974117.902,518,7.52,1.699,-0.93,0.0,15.7
1783974117.902,518,7.33,-1.213,2.259,0.0,15.7
1783974118.003,519,1.039,0.479,0.28,0.0,11.4
1783974118.003,519,0.713,-0.92,-0.181,0.0,11.4
1783974118.003,519,7.339,-0.933,0.966,0.0,12.2
1783974118.003,519,7.026,1.865,-1.68,0.0,12.2
1783974118.003,519,7.583,-0.716,-0.524,0.0,16.0
1783974118.003,519,6.881,1.909,2.702,0.0,16.0
1783974118.003,519,7.626,1.456,-0.187,0.0,16.2
1783974118.103,520,7.346,-0.704,1.362,0.0,11.5
1783974118.103,520,6.802,1.876,-2.555,0.0,11.5
1783974118.103,520,7.601,-0.716,-0.071,0.0,14.2
1783974118.103,520,7.149,1.909,1.883,0.0,14.2
1783974118.103,520,7.627,1.456,-0.151,0.0,12.6
1783974118.205,521,7.556,-0.954,0.542,0.0,14.8
1783974118.205,521,7.556,1.699,-0.572,0.0,16.2
1783974118.306,522,0.508,0.248,0.045,0.0,12.9
1783974118.306,522,1.127,0.294,-0.176,0.0,12.6
1783974118.306,522,7.593,-0.716,0.367,0.0,14.6
1783974118.306,522,7.2,2.147,1.358,0.0,14.6
1783974118.306,522,7.705,0.971,-0.013,0.0,12.9
1783974118.407,523,0.491,0.266,0.097,0.0,13.3
1783974118.407,523,0.702,-0.851,-0.264,0.0,11.6
1783974118.407,523,7.618,-0.477,0.181,0.0,15.2
1783974118.407,523,7.118,2.386,1.389,0.0,15.2
1783974118.407,523,7.566,1.699,-0.429,0.0,12.7
1783974118.407,523,7.705,-0.971,0.052,0.0,12.7
1783974118.457,524,0.508,0.248,0.04,0.0,13.2
1783974118.457,524,7.335,-0.699,1.167,0.0,12.2
1783974118.457,524,7.554,-0.954,0.565,0.0,15.0
1783974118.457,524,7.468,1.456,-1.554,0.0,13.1
1783974118.457,524,7.175,-1.213,2.711,0.0,13.1
1783974118.609,525,0.491,0.266,0.101,0.0,13.1
1783974118.609,525,1.048,0.39,-0.19,0.0,12.8
1783974118.609,525,0.616,-0.886,-0.349,0.0,12.8
1783974118.609,525,7.601,-0.716,0.063,0.0,18.7
1783974118.609,525,7.574,-0.971,1.414,0.0,14.2
1783974118.609,525,7.48,1.699,-1.216,0.0,14.2
1783974118.71,526,0.508,0.248,0.045,0.0,12.9
1783974118.71,526,0.707,-0.851,-0.251,0.0,12.0
1783974118.71,526,1.036,0.461,-0.044,0.0,12.0
1783974118.71,526,7.598,1.708,-0.587,0.0,13.5
1783974118.761,527,0.491,0.266,0.099,0.0,12.9
1783974118.761,527,7.512,-0.72,1.417,0.0,13.5
1783974118.761,527,8.447,0.264,0.466,0.0,11.7
1783974118.761,527,7.948,-2.645,-1.212,0.0,11.7
1783974118.862,528,0.491,0.266,0.099,0.0,13.3
1783974118.862,528,1.099,0.074,-0.417,0.0,12.2
1783974118.862,528,7.518,-0.949,0.462,0.0,13.3
1783974118.862,528,7.141,2.372,1.007,0.0,13.3
1783974118.862,528,7.558,1.699,0.549,0.0,14.3
1783974118.862,528,7.113,-0.728,-3.03,0.0,14.3
1783974119.013,529,0.491,0.266,0.097,0.0,12.9
1783974119.013,529,7.557,-0.712,-0.112,0.0,16.0
1783974119.013,529,6.832,1.898,2.712,0.0,16.0
1783974119.013,529,7.524,1.699,-0.9,0.0,16.7
1783974119.013,529,7.291,-0.971,2.49,0.0,16.7
1783974119.064,530,0.489,0.266,0.108,0.0,12.9
1783974119.064,530,7.449,1.67,-0.153,0.0,14.6
1783974119.064,530,7.575,-0.954,0.061,0.0,14.6
1783974119.064,530,7.418,1.213,-1.951,0.0,12.4
1783974119.064,530,6.825,-1.699,3.293,0.0,12.4
1783974119.165,531,0.491,0.266,0.099,0.0,12.6
1783974119.165,531,7.505,-0.954,1.027,0.0,15.0
1783974119.165,531,7.104,1.67,-2.245,0.0,15.0
1783974119.165,531,7.43,1.941,-1.153,0.0,13.7
1783974119.165,531,6.672,-0.971,3.853,0.0,13.7
1783974119.266,532,0.49,0.266,0.103,0.0,12.6
1783974119.266,532,7.347,1.67,1.236,0.0,13.8
1783974119.266,532,7.575,-0.954,-0.064,0.0,13.8
1783974119.266,532,7.483,1.699,-1.195,0.0,13.1
1783974119.368,533,0.492,0.266,0.094,0.0,13.1
1783974119.368,533,1.114,0.331,-0.194,0.0,12.7
1783974119.368,533,0.694,-0.92,-0.242,0.0,12.7
1783974119.368,533,7.428,-0.938,0.509,0.0,12.5
1783974119.368,533,7.558,-0.712,0.066,0.0,17.8
1783974119.368,533,7.493,1.699,-1.128,0.0,11.9
1783974119.469,534,7.613,-0.477,-0.32,0.0,15.0
1783974119.469,534,6.663,2.147,3.047,0.0,15.0
1783974119.469,534,7.544,1.699,-0.714,0.0,15.7
1783974119.57,535,7.595,-0.716,-0.314,0.0,12.4
1783974119.57,535,7.076,1.909,2.141,0.0,12.4
1783974119.57,535,7.562,1.952,0.014,0.0,11.5
1783974119.67,536,7.606,-0.965,0.923,0.0,14.6
1783974119.771,537,0.491,0.266,0.097,0.0,12.4
1783974119.771,537,1.127,0.147,-0.31,0.0,11.6
1783974119.771,537,0.636,-0.883,-0.45,0.0,11.6
1783974119.771,537,7.526,-0.949,0.307,0.0,16.7
1783974119.771,537,7.383,1.699,-1.706,0.0,14.3
1783974119.771,537,7.058,-0.971,3.09,0.0,14.3
1783974119.872,538,0.491,0.266,0.099,0.0,13.1
1783974119.872,538,7.532,-0.949,0.033,0.0,15.8
1783974119.872,538,7.557,1.456,-1.04,0.0,13.7
1783974119.973,539,0.491,0.266,0.099,0.0,12.5
1783974119.973,539,1.091,0.442,0.052,0.0,12.9
1783974119.973,539,0.673,-0.92,-0.296,0.0,12.9
1783974119.973,539,7.441,-0.938,0.258,0.0,11.5
1783974119.973,539,6.954,2.345,1.565,0.0,11.5
1783974119.973,539,7.532,-0.949,0.064,0.0,15.4
1783974119.973,539,7.529,1.456,-1.227,0.0,14.9
1783974120.074,540,7.55,-0.712,0.336,0.0,15.1
1783974120.074,540,7.684,-0.724,-0.258,0.0,16.3
1783974120.074,540,6.958,1.931,2.737,0.0,16.3
1783974120.074,540,7.541,1.952,-0.551,0.0,13.1
1783974120.175,541,0.947,0.532,0.328,0.0,12.7
1783974120.175,541,0.713,-0.851,-0.234,0.0,12.7
1783974120.175,541,7.601,-0.716,0.022,0.0,15.3
1783974120.175,541,6.554,1.909,3.419,0.0,15.3
1783974120.276,542,0.508,0.248,0.041,0.0,12.8
1783974120.276,542,0.779,-0.815,-0.124,0.0,11.6
1783974120.276,542,7.591,-0.716,0.399,0.0,17.8
1783974120.276,542,7.569,1.699,0.362,0.0,15.0
1783974120.377,543,0.491,0.266,0.101,0.0,12.5
1783974120.377,543,0.977,0.496,0.295,0.0,13.1
1783974120.377,543,0.686,-0.851,-0.304,0.0,13.1
1783974120.377,543,7.359,-0.933,0.793,0.0,13.0
1783974120.377,543,7.579,1.456,-0.862,0.0,13.6
1783974120.477,544,0.509,0.248,0.032,0.0,13.0
1783974120.477,544,0.851,0.511,-0.451,0.0,11.2
1783974120.477,544,7.598,-0.716,0.218,0.0,19.1
1783974120.477,544,7.529,1.456,-1.226,0.0,15.0
1783974120.477,544,6.901,-1.456,3.251,0.0,15.0
1783974120.578,545,0.491,0.266,0.099,0.0,13.1
1783974120.578,545,0.743,-0.851,-0.108,0.0,11.3
1783974120.578,545,7.332,-0.933,1.015,0.0,11.4
1783974120.578,545,7.087,2.098,-1.013,0.0,11.4
1783974120.578,545,7.574,-0.954,0.126,0.0,15.9
1783974120.578,545,7.585,1.456,-0.809,0.0,14.7
1783974120.679,546,0.491,0.266,0.097,0.0,12.7
1783974120.679,546,7.308,-0.933,1.179,0.0,11.8
1783974120.679,546,7.126,2.098,-0.691,0.0,11.8
1783974120.679,546,7.572,-0.954,-0.211,0.0,15.9
1783974120.679,546,6.794,1.67,3.056,0.0,15.9
1783974120.679,546,7.625,1.456,-0.214,0.0,12.7
1783974120.78,547,0.509,0.248,0.034,0.0,12.6
1783974120.78,547,0.701,-0.883,-0.34,0.0,12.1
1783974120.78,547,7.575,-0.954,-0.085,0.0,15.0
1783974120.78,547,6.809,1.67,3.023,0.0,15.0
1783974120.78,547,7.479,1.213,-1.705,0.0,13.4
1783974120.78,547,6.937,-1.456,3.172,0.0,13.4
1783974120.881,548,0.509,0.248,0.037,0.0,12.7
1783974120.881,548,0.667,-0.886,-0.238,0.0,13.2
1783974120.881,548,1.014,0.496,0.109,0.0,13.2
1783974120.881,548,7.601,-0.716,-0.084,0.0,16.1
1783974120.881,548,6.999,1.909,2.381,0.0,16.1
1783974120.982,549,0.492,0.266,0.094,0.0,13.1
1783974120.982,549,7.329,-0.933,1.039,0.0,11.7
1783974120.982,549,7.018,1.865,-1.71,0.0,11.7
1783974120.982,549,7.571,-0.954,-0.258,0.0,15.3
1783974120.982,549,7.153,1.909,1.867,0.0,15.3
1783974120.982,549,7.413,2.184,0.764,0.0,12.7
1783974120.982,549,6.569,-2.184,3.52,0.0,12.7
1783974121.083,550,0.491,0.266,0.101,0.0,12.8
1783974121.083,550,7.557,-0.954,-0.529,0.0,17.6
1783974121.083,550,7.068,1.909,2.167,0.0,17.6
1783974121.083,550,7.495,1.699,-1.12,0.0,15.8
1783974121.083,550,7.321,-1.456,2.143,0.0,15.8
1783974121.184,551,0.492,0.266,0.095,0.0,13.0
1783974121.184,551,0.67,-0.886,-0.228,0.0,11.6
1783974121.184,551,1.043,0.425,-0.132,0.0,11.6
1783974121.184,551,7.382,-0.704,1.149,0.0,12.3
1783974121.184,551,7.011,2.111,-1.642,0.0,12.3
1783974121.184,551,7.592,-0.716,-0.37,0.0,16.9
1783974121.184,551,6.874,2.147,2.535,0.0,16.9
1783974121.285,552,7.03,2.147,2.065,0.0,14.1
1783974121.285,552,7.592,-0.716,-0.384,0.0,14.1
1783974121.285,552,7.374,1.456,-1.954,0.0,12.5
1783974121.285,552,7.229,-1.213,2.565,0.0,12.5
1783974121.385,553,0.491,0.266,0.099,0.0,13.3
1783974121.385,553,0.674,-0.886,-0.216,0.0,11.8
1783974121.385,553,1.034,0.461,0.066,0.0,11.8
1783974121.385,553,7.574,-0.954,-0.1,0.0,16.4
1783974121.385,553,7.097,1.909,2.071,0.0,16.4
1783974121.385,553,7.26,1.456,-2.341,0.0,13.5
1783974121.385,553,7.406,-1.213,1.998,0.0,13.5
1783974121.487,554,0.491,0.266,0.101,0.0,12.9
1783974121.487,554,7.569,-0.954,-0.31,0.0,16.3
1783974121.487,554,6.855,1.909,2.766,0.0,16.3
1783974121.587,555,0.491,0.266,0.097,0.0,13.0
1783974121.587,555,7.575,-0.954,0.026,0.0,17.8
1783974121.587,555,6.594,1.909,3.342,0.0,17.8
1783974121.587,555,7.577,1.708,-0.808,0.0,12.0
1783974121.688,556,0.508,0.248,0.041,0.0,13.3
1783974121.688,556,7.6,-0.716,-0.147,0.0,16.6
1783974121.688,556,6.391,1.909,3.716,0.0,16.6
1783974121.688,556,7.53,-1.207,1.212,0.0,13.0
1783974121.789,557,0.508,0.248,0.047,0.0,13.5
1783974121.789,557,7.574,-0.954,0.108,0.0,16.3
1783974121.789,557,6.988,2.147,2.202,0.0,16.3
1783974121.789,557,7.519,-0.965,1.47,0.0,13.3
1783974121.891,558,0.508,0.248,0.046,0.0,13.5
1783974121.891,558,7.599,-0.716,0.185,0.0,16.9
1783974121.891,558,6.73,2.147,2.896,0.0,16.9
1783974121.891,558,7.275,1.213,-2.43,0.0,13.2
1783974121.891,558,7.35,-1.456,2.04,0.0,13.2
1783974121.993,559,0.492,0.266,0.095,0.0,13.0
1783974121.993,559,7.601,-0.716,0.066,0.0,17.7
1783974121.993,559,6.36,1.909,3.769,0.0,17.7
1783974121.993,559,7.534,-0.724,1.534,0.0,13.9
1783974121.993,559,0.991,0.094,0.124,-0.243,15.0
1783974122.094,560,0.509,0.248,0.037,0.0,13.5
1783974122.094,560,7.572,-0.954,-0.217,0.0,15.9
1783974122.094,560,6.877,1.909,2.712,0.0,15.9
1783974122.094,560,7.361,1.456,-2.001,0.0,13.2
1783974122.094,560,7.352,-1.213,2.187,0.0,13.2
1783974122.094,560,0.935,0.164,0.441,-0.162,16.3
1783974122.195,561,0.509,0.248,0.036,0.0,13.3
1783974122.195,561,0.73,-0.851,-0.172,0.0,11.8
1783974122.195,561,1.005,0.496,0.176,0.0,11.8
1783974122.195,561,7.574,-0.954,0.121,0.0,15.7
1783974122.195,561,6.653,1.909,3.222,0.0,15.7
1783974122.195,561,7.436,1.456,-1.701,0.0,13.8
1783974122.195,561,0.958,0.282,0.095,-0.243,14.1
1783974122.297,562,0.509,0.248,0.037,0.0,13.7
1783974122.297,562,0.735,-0.851,-0.149,0.0,11.2
1783974122.297,562,1.016,0.496,0.087,0.0,11.2
1783974122.297,562,7.575,-0.954,0.023,0.0,16.5
1783974122.297,562,7.147,1.456,-2.667,0.0,13.2
1783974122.297,562,7.445,-1.213,1.846,0.0,13.2
1783974122.398,563,0.509,0.248,0.039,0.0,13.6
1783974122.398,563,7.59,-0.716,0.414,0.0,15.3
1783974122.398,563,7.203,1.699,-2.353,0.0,13.1
1783974122.398,563,7.207,-1.213,2.627,0.0,13.1
1783974122.398,563,0.743,-0.025,0.253,-0.243,15.2
1783974122.499,564,0.49,0.266,0.103,0.0,13.2
1783974122.499,564,7.436,-0.704,0.724,0.0,11.3
1783974122.499,564,7.238,1.876,-0.638,0.0,11.3
1783974122.499,564,7.429,1.456,-1.731,0.0,12.1
1783974122.499,564,0.948,-0.15,0.023,-0.162,14.9
1783974122.6,565,0.509,0.248,0.039,0.0,12.0
1783974122.6,565,7.529,-0.712,-0.661,0.0,12.5
1783974122.6,565,7.193,2.135,1.156,0.0,12.5
1783974122.6,565,7.584,1.708,-0.745,0.0,12.3
1783974122.702,566,7.498,-0.949,0.714,0.0,15.5
1783974122.702,566,7.491,1.213,-1.648,0.0,12.5
1783974122.702,566,7.316,-1.456,2.16,0.0,12.5
1783974122.803,567,7.535,-0.954,0.78,0.0,16.6
1783974122.803,567,7.167,1.909,-1.813,0.0,16.6
1783974122.803,567,7.575,1.699,-0.218,0.0,15.9
1783974122.904,568,7.512,-0.954,0.979,0.0,16.7
1783974122.904,568,7.139,1.909,-1.92,0.0,16.7
1783974122.904,568,7.578,1.699,0.055,0.0,15.2
1783974122.954,569,7.566,-0.954,0.376,0.0,16.6
1783974122.954,569,7.32,1.909,1.034,0.0,16.6
1783974122.954,569,7.573,1.699,-0.268,0.0,13.2
1783974123.105,570,7.556,-0.716,-0.833,0.0,15.3
1783974123.105,570,7.043,2.147,2.021,0.0,15.3
1783974123.105,570,7.588,1.213,-1.123,0.0,13.6
1783974123.105,570,7.42,-1.213,1.946,0.0,13.6
1783974123.207,571,7.599,-0.716,-0.209,0.0,16.7
1783974123.207,571,6.801,2.147,2.727,0.0,16.7
1783974123.207,571,7.466,1.456,-1.562,0.0,14.4
1783974123.207,571,7.254,-1.213,2.493,0.0,14.4
1783974123.257,572,7.557,-0.712,0.104,0.0,15.2
1783974123.257,572,7.484,1.213,-1.682,0.0,14.3
1783974123.257,572,7.543,-0.728,1.698,0.0,14.3
1783974123.409,573,7.699,-0.483,0.36,0.0,14.0
1783974123.56,575,7.507,-0.954,1.017,0.0,15.3
1783974123.56,575,7.343,1.909,-0.858,0.0,15.3
1783974123.56,575,7.717,-0.241,-0.128,0.0,11.8
1783974123.661,576,7.57,-0.954,0.27,0.0,16.0
1783974123.661,576,7.385,1.909,-0.334,0.0,16.0
1783974123.813,577,7.571,-0.954,0.248,0.0,16.6
1783974123.813,577,7.385,1.909,0.325,0.0,16.6
1783974123.813,577,7.703,0.728,-0.667,0.0,13.6
1783974123.863,578,0.739,-0.851,-0.131,0.0,12.7
1783974123.863,578,0.994,0.496,0.227,0.0,12.7
1783974123.863,578,7.572,-0.954,-0.218,0.0,14.7
1783974123.863,578,7.069,1.909,2.162,0.0,14.7
1783974123.863,578,7.59,1.456,-0.766,0.0,14.6
1783974123.965,579,7.6,-0.716,0.131,0.0,16.7
1783974123.965,579,7.268,1.909,1.35,0.0,16.7
1783974123.965,579,7.595,1.456,-0.71,0.0,14.4
1783974124.065,580,7.529,-0.954,0.837,0.0,15.4
1783974124.065,580,7.326,1.909,-0.992,0.0,15.4
1783974124.166,581,7.711,-0.241,-0.346,0.0,12.1
1783974124.266,582,7.575,-0.954,0.015,0.0,14.8
1783974124.266,582,7.449,1.67,-0.118,0.0,14.8
1783974124.266,582,7.349,-1.207,2.042,0.0,12.7
1783974124.266,582,7.471,1.448,-1.312,0.0,12.7
1783974124.367,583,7.575,-0.954,-0.053,0.0,15.9
1783974124.367,583,7.326,1.67,1.353,0.0,15.9
1783974124.468,584,7.574,-0.954,0.105,0.0,17.7
1783974124.468,584,7.343,1.456,-2.066,0.0,12.5
1783974124.569,585,0.69,-0.851,-0.294,0.0,12.0
1783974124.569,585,0.906,0.638,0.244,0.0,12.0
1783974124.569,585,7.572,-0.954,-0.207,0.0,13.8
1783974124.569,585,7.058,1.67,2.386,0.0,13.8
1783974124.569,585,7.553,1.456,-1.071,0.0,13.2
1783974124.67,586,7.57,-0.954,-0.281,0.0,16.3
1783974124.67,586,7.072,1.909,2.152,0.0,16.3
1783974124.67,586,7.58,1.456,-0.86,0.0,13.6
1783974124.771,587,7.575,-0.954,-0.093,0.0,16.2
1783974124.771,587,6.852,1.67,2.925,0.0,16.2
1783974124.771,587,7.603,0.971,-1.248,0.0,13.4
1783974124.872,588,0.716,-0.851,-0.223,0.0,11.2
1783974124.872,588,0.955,0.603,0.105,0.0,11.2
1783974124.872,588,7.569,-0.954,0.296,0.0,17.3
1783974124.872,588,7.45,1.67,-0.094,0.0,17.3
1783974124.872,588,7.687,-0.0,-1.105,0.0,13.1
1783974124.973,589,7.569,-0.954,0.292,0.0,15.2
1783974125.074,590,0.725,-0.851,-0.195,0.0,11.8
1783974125.074,590,1.019,0.496,-0.048,0.0,11.8
1783974125.074,590,7.489,-1.193,0.885,0.0,13.0
1783974125.074,590,7.541,1.952,0.555,0.0,11.5
1783974125.074,590,7.535,-0.732,-1.918,0.0,11.5
1783974125.176,591,7.527,-1.193,0.467,0.0,14.2
1783974125.176,591,7.558,1.952,-0.239,0.0,11.9
1783974125.277,592,7.535,-1.193,0.311,0.0,15.6
1783974125.378,593,0.951,0.477,0.24,0.0,11.9
1783974125.378,593,7.574,-0.954,-0.153,0.0,15.2
1783974125.479,594,7.557,-0.954,-0.528,0.0,15.3
1783974125.479,594,7.037,1.67,2.447,0.0,15.3
1783974125.479,594,7.484,-1.207,1.47,0.0,12.5
1783974125.58,595,7.569,-0.954,-0.297,0.0,15.6
1783974125.58,595,7.186,1.67,1.966,0.0,15.6
1783974125.58,595,7.55,1.456,-1.092,0.0,12.7
1783974125.58,595,7.186,-1.699,2.405,0.0,12.7
1783974125.682,596,0.474,-0.818,-0.543,0.0,12.2
1783974125.682,596,7.563,-0.954,0.427,0.0,16.3
1783974125.682,596,7.392,1.909,-0.095,0.0,16.3
1783974125.682,596,7.564,1.699,-0.453,0.0,12.1
1783974125.783,597,7.546,-0.954,0.669,0.0,16.2
1783974125.783,597,7.373,1.909,-0.536,0.0,16.2
1783974125.884,598,7.526,-0.954,0.862,0.0,15.3
1783974125.884,598,6.506,1.67,-3.63,0.0,15.3
1783974125.985,599,7.545,-0.954,0.676,0.0,17.2
1783974126.085,600,0.642,-0.886,-0.299,0.0,11.6
1783974126.085,600,1.01,0.496,0.144,0.0,11.6
1783974126.085,600,7.484,-1.193,0.928,0.0,14.9
1783974126.085,600,6.879,1.67,-2.861,0.0,14.9
1783974126.085,600,7.49,2.196,0.241,0.0,12.1
1783974126.187,601,7.511,-0.954,0.984,0.0,15.9
1783974126.187,601,7.301,1.67,-1.481,0.0,15.9
1783974126.187,601,7.529,1.952,0.706,0.0,11.7
1783974126.187,601,7.284,-0.732,-2.719,0.0,11.7
1783974126.287,602,7.501,-1.193,0.773,0.0,14.1
1783974126.287,602,7.315,1.67,-1.41,0.0,14.1
1783974126.388,603,7.512,-1.193,0.663,0.0,15.5
1783974126.388,603,7.198,1.67,-1.923,0.0,15.5
1783974126.489,604,7.537,-1.193,-0.267,0.0,14.6
1783974126.489,604,7.62,0.485,-1.42,0.0,14.1
1783974126.59,605,7.574,-0.954,0.113,0.0,16.5
1783974126.692,606,7.522,-0.949,0.382,0.0,16.9
1783974126.692,606,7.572,-0.724,1.332,0.0,14.7
1783974126.793,607,7.549,-0.954,0.633,0.0,15.5
1783974126.894,608,7.536,1.952,0.624,0.0,12.3
1783974126.894,608,7.205,-0.732,-2.923,0.0,12.3
1783974126.995,609,7.597,-0.488,-1.742,0.0,12.1
1783974126.995,609,7.472,1.952,1.161,0.0,12.1
1783974127.096,610,0.735,-0.851,-0.151,0.0,11.4
1783974127.096,610,7.57,-0.954,0.287,0.0,14.1
1783974127.096,610,7.428,1.67,0.573,0.0,14.1
1783974127.096,610,7.431,2.196,0.973,0.0,13.0
1783974127.096,610,7.441,-0.488,-2.32,0.0,13.0
1783974127.196,611,7.575,-0.954,-0.0,0.0,15.9
1783974127.196,611,7.487,-0.724,1.749,0.0,15.2
1783974127.196,611,6.66,1.931,-3.399,0.0,15.2
1783974127.196,611,7.556,1.952,0.293,0.0,11.8
1783974127.296,612,0.647,-0.886,-0.288,0.0,11.4
1783974127.296,612,7.575,-0.954,-0.032,0.0,16.5
1783974127.397,613,0.837,-0.172,-0.33,0.0,11.4
1783974127.397,613,7.541,-1.193,0.017,0.0,15.7
1783974127.397,613,7.367,-0.488,-2.546,0.0,11.9
1783974127.397,613,7.424,2.196,1.021,0.0,11.9
1783974127.397,613,0.767,-0.098,0.137,0.162,12.9
1783974127.397,613,0.768,-0.147,0.07,0.162,12.9
1783974127.498,614,0.897,-0.27,-0.209,0.0,12.4
1783974127.498,614,7.492,-0.954,1.119,0.0,12.3
1783974127.498,614,7.448,1.67,-0.189,0.0,12.3
1783974127.498,614,7.393,-0.243,-2.366,0.0,13.3
1783974127.498,614,7.466,1.941,0.893,0.0,13.3
1783974127.599,615,0.839,-0.27,-0.379,0.0,13.1
1783974127.599,615,7.535,-0.72,1.292,0.0,12.7
1783974127.7,616,0.869,-0.2,-0.212,0.0,12.2
1783974127.7,616,7.605,-0.488,-1.709,0.0,12.0
1783974127.7,616,7.51,1.708,1.291,0.0,12.0
1783974127.802,617,7.535,-1.193,0.318,0.0,15.4
1783974127.802,617,7.372,1.67,1.073,0.0,15.4
1783974127.903,618,0.855,-0.2,-0.26,0.0,11.9
1783974127.903,618,7.573,-0.954,-0.197,0.0,14.8
1783974127.903,618,6.569,1.67,3.515,0.0,14.8
1783974127.903,618,7.68,1.22,-0.723,0.0,11.3
1783974128.004,619,0.867,-0.172,-0.242,0.0,11.5
1783974128.004,619,7.541,-1.193,-0.055,0.0,16.7
1783974128.004,619,6.612,1.67,3.434,0.0,16.7
1783974128.054,620,7.575,-0.954,-0.068,0.0,16.9
1783974128.054,620,7.508,-0.244,-2.137,0.0,12.5
1783974128.054,620,7.398,2.196,1.2,0.0,12.5
1783974128.206,621,7.535,-1.193,0.315,0.0,15.7
1783974128.206,621,7.375,1.67,1.053,0.0,15.7
1783974128.206,621,7.311,-0.485,-2.573,0.0,13.5
1783974128.206,621,7.628,1.456,0.063,0.0,13.5
1783974128.307,622,0.873,-0.2,-0.191,0.0,11.6
1783974128.307,622,7.479,-1.193,0.969,0.0,12.4
1783974128.307,622,7.45,1.67,0.072,0.0,12.4
1783974128.307,622,7.461,2.209,1.064,0.0,11.3
1783974128.307,622,7.766,-0.736,-0.906,0.0,11.3
1783974128.358,623,7.523,-1.193,0.529,0.0,13.5
1783974128.358,623,7.444,1.67,-0.298,0.0,13.5
1783974128.358,623,7.631,-0.488,-1.586,0.0,12.3
1783974128.358,623,7.406,1.952,1.526,0.0,12.3
1783974128.509,624,0.902,-0.27,-0.189,0.0,12.5
1783974128.509,624,0.698,-0.851,-0.276,0.0,11.5
1783974128.509,624,0.927,0.532,-0.38,0.0,11.5
1783974128.509,624,7.536,-1.193,-0.279,0.0,13.7
1783974128.509,624,6.941,1.432,2.84,0.0,13.7
1783974128.509,624,7.134,-0.724,2.866,0.0,12.1
1783974128.509,624,7.098,1.931,-2.35,0.0,12.1
1783974128.509,624,7.504,-0.244,-2.149,0.0,12.1
1783974128.509,624,7.461,1.952,1.226,0.0,12.1
1783974128.61,625,0.881,-0.2,-0.151,0.0,12.1
1783974128.61,625,7.571,-0.954,-0.244,0.0,14.8
1783974128.61,625,6.486,1.67,3.666,0.0,14.8
1783974128.61,625,7.537,0.728,-1.726,0.0,13.4
1783974128.66,626,0.884,-0.2,-0.135,0.0,12.1
1783974128.66,626,7.575,-0.954,-0.013,0.0,14.9
1783974128.66,626,7.721,0.244,-1.144,0.0,11.4
1783974128.763,627,0.881,-0.2,-0.153,0.0,13.0
1783974128.763,627,0.807,0.086,0.425,0.0,13.0
1783974128.763,627,7.541,-1.193,-0.007,0.0,14.1
1783974128.763,627,7.204,1.67,1.901,0.0,14.1
1783974128.763,627,7.648,-0.244,-1.563,0.0,12.6
1783974128.763,627,7.459,1.952,1.243,0.0,12.6
1783974128.864,628,0.905,-0.115,-0.088,0.0,12.8
1783974128.864,628,7.556,-0.954,0.532,0.0,14.3
1783974128.864,628,7.45,1.67,-0.003,0.0,14.3
1783974128.864,628,7.597,-0.244,-1.792,0.0,13.1
1783974128.864,628,7.482,1.952,1.095,0.0,13.1
1783974128.965,629,0.9,-0.24,-0.231,0.0,12.2
1783974128.965,629,7.531,-1.193,0.391,0.0,14.7
1783974128.965,629,7.388,1.67,-0.96,0.0,14.7
1783974128.965,629,7.697,-0.0,-1.321,0.0,11.9
1783974129.067,630,0.724,-0.851,-0.196,0.0,12.0
1783974129.067,630,0.961,0.603,0.023,0.0,12.0
1783974129.067,630,7.54,-1.193,-0.154,0.0,15.7
1783974129.067,630,6.981,1.67,2.601,0.0,15.7
1783974129.067,630,7.643,0.485,-1.289,0.0,13.6
1783974129.169,631,0.869,-0.172,-0.233,0.0,11.8
1783974129.169,631,7.568,-0.954,0.326,0.0,14.9
1783974129.169,631,7.435,1.67,-0.472,0.0,14.9
1783974129.169,631,7.608,0.728,-1.38,0.0,12.9
1783974129.27,632,0.865,-0.172,-0.248,0.0,11.8
1783974129.27,632,7.54,-1.193,0.112,0.0,15.0
1783974129.27,632,7.401,1.67,0.852,0.0,15.0
1783974129.27,632,7.775,-0.0,-0.738,0.0,12.2
1783974129.371,633,7.54,-1.193,0.146,0.0,14.8
1783974129.371,633,7.437,1.67,-0.435,0.0,14.8
1783974129.371,633,7.665,0.485,-1.153,0.0,12.7
1783974129.371,633,7.751,-0.485,0.024,0.0,12.7
1783974129.473,634,0.889,-0.21,-0.294,0.0,12.8
1783974129.473,634,7.541,-1.193,-0.075,0.0,14.4
1783974129.473,634,7.062,1.67,2.374,0.0,14.4
1783974129.574,635,7.574,-0.954,-0.117,0.0,15.3
1783974129.574,635,7.7,1.22,-0.453,0.0,11.9
1783974129.676,636,0.811,-0.24,-0.454,0.0,11.3
1783974129.676,636,7.531,-1.193,-0.388,0.0,14.4
1783974129.676,636,6.773,1.432,3.221,0.0,14.4
1783974129.676,636,7.751,0.732,-0.616,0.0,13.2
1783974129.777,637,7.575,-0.954,-0.074,0.0,14.9
1783974129.777,637,7.745,0.732,-0.68,0.0,12.3
1783974129.878,638,7.541,-1.193,-0.054,0.0,13.8
1783974129.878,638,7.578,1.213,-1.19,0.0,13.8
1783974129.98,639,0.728,-0.851,-0.181,0.0,11.8
1783974129.98,639,0.901,0.603,0.334,0.0,11.8
1783974129.98,639,7.541,-1.193,-0.065,0.0,13.7
1783974129.98,639,7.425,1.67,0.613,0.0,13.7
1783974129.98,639,7.799,-0.0,-0.397,0.0,11.4
1783974130.08,640,0.733,-0.851,-0.161,0.0,11.4
1783974130.08,640,0.947,0.567,0.261,0.0,11.4
1783974130.08,640,7.54,-1.193,-0.139,0.0,14.6
1783974130.08,640,7.338,1.432,1.546,0.0,14.6
1783974130.08,640,7.735,-0.244,-1.05,0.0,11.2
1783974130.182,641,0.859,-0.229,-0.22,0.0,11.8
1783974130.182,641,0.635,0.659,0.055,0.0,11.8
1783974130.182,641,7.569,-0.954,-0.293,0.0,16.1
1783974130.182,641,6.82,1.67,2.999,0.0,16.1
1783974130.182,641,7.649,-0.0,-1.575,0.0,11.6
1783974130.283,642,0.868,-0.2,-0.212,0.0,11.3
1783974130.283,642,0.634,0.63,-0.203,0.0,11.3
1783974130.283,642,7.571,-0.954,-0.253,0.0,15.7
1783974130.283,642,7.404,-0.965,1.971,0.0,14.2
1783974130.283,642,6.818,1.931,-3.069,0.0,14.2
1783974130.384,643,0.865,-0.2,-0.225,0.0,11.6
1783974130.384,643,7.523,-1.193,-0.52,0.0,13.9
1783974130.384,643,6.683,1.67,3.292,0.0,13.9
1783974130.384,643,7.409,1.708,-1.782,0.0,12.2
1783974130.384,643,7.565,1.22,-1.506,0.0,12.2
1783974130.484,644,7.766,0.244,-0.789,0.0,11.9
1783974130.484,644,7.78,-0.244,-0.63,0.0,11.9
1783974130.585,645,7.54,-1.193,-0.118,0.0,14.8
1783974130.585,645,7.283,1.67,1.568,0.0,14.8
1783974130.686,646,7.54,-1.193,0.132,0.0,14.4
1783974130.686,646,7.447,1.432,0.89,0.0,14.4
1783974130.686,646,7.685,-0.244,-1.367,0.0,13.1
1783974130.686,646,7.585,1.708,0.735,0.0,13.1
1783974130.787,647,7.574,-0.954,0.157,0.0,14.7
1783974130.787,647,7.348,1.67,1.228,0.0,14.7
1783974130.887,648,7.575,-0.954,-0.07,0.0,15.4
1783974130.887,648,7.501,-0.724,1.687,0.0,14.6
1783974130.988,649,7.575,-0.954,0.051,0.0,15.1
1783974130.988,649,7.014,1.67,2.51,0.0,15.1
1783974130.988,649,7.7,0.732,-1.081,0.0,11.3
1783974131.089,650,7.57,-0.954,-0.272,0.0,15.2
1783974131.089,650,7.317,1.67,1.404,0.0,15.2
1783974131.089,650,7.287,1.699,-2.078,0.0,13.8
1783974131.089,650,7.436,-1.456,1.7,0.0,13.8
1783974131.19,651,0.909,-0.24,-0.195,0.0,11.5
1783974131.19,651,0.718,-0.851,-0.217,0.0,11.3
1783974131.19,651,0.934,0.603,0.225,0.0,11.3
1783974131.19,651,7.575,-0.954,-0.044,0.0,15.5
1783974131.19,651,7.448,1.67,0.155,0.0,15.5
1783974131.19,651,7.605,0.971,-1.236,0.0,13.6
1783974131.291,652,0.876,-0.172,-0.206,0.0,12.0
1783974131.291,652,7.446,1.67,0.252,0.0,16.2
1783974131.291,652,7.575,-0.954,0.089,0.0,16.2
1783974131.291,652,7.805,-0.244,0.083,0.0,12.3
1783974131.392,653,7.574,-0.954,0.14,0.0,15.9
1783974131.392,653,7.386,1.909,0.317,0.0,15.9
1783974131.392,653,7.732,-0.243,-0.682,0.0,13.4
1783974131.493,654,0.889,-0.2,-0.094,0.0,11.4
1783974131.493,654,7.525,-1.193,-0.488,0.0,15.7
1783974131.493,654,7.279,1.909,1.289,0.0,15.7
1783974131.493,654,7.796,-0.0,-0.452,0.0,11.6
1783974131.594,655,7.558,-0.954,-0.504,0.0,15.7
1783974131.594,655,7.224,1.909,1.569,0.0,15.7
1783974131.594,655,7.795,-0.0,-0.478,0.0,11.9
1783974131.695,656,7.572,-0.954,-0.23,0.0,17.4
1783974131.695,656,6.811,1.909,2.874,0.0,17.4
1783974131.695,656,7.408,1.213,-1.989,0.0,12.7
1783974131.795,657,7.571,-0.954,-0.255,0.0,17.0
1783974131.795,657,7.067,1.909,2.168,0.0,17.0
1783974131.795,657,7.703,-0.0,-0.983,0.0,13.3
1783974131.897,658,7.567,-0.954,-0.351,0.0,16.8
1783974131.897,658,7.275,1.909,1.311,0.0,16.8
1783974131.897,658,7.776,-0.0,-0.722,0.0,12.6
1783974131.997,659,7.268,1.909,1.352,0.0,16.5
1783974131.997,659,7.558,-0.954,-0.502,0.0,16.5
1783974131.997,659,7.77,0.244,-0.745,0.0,12.9
1783974132.099,660,7.234,1.67,1.779,0.0,14.8
1783974132.099,660,7.52,-1.193,-0.572,0.0,14.8
1783974132.099,660,7.476,0.971,-1.864,0.0,14.2
1783974132.099,660,7.545,-1.456,1.125,0.0,14.2
1783974132.199,661,7.575,-0.954,-0.048,0.0,16.9
1783974132.199,661,7.228,1.909,1.553,0.0,16.9
1783974132.199,661,7.548,0.971,-1.549,0.0,15.2
1783974132.3,662,7.575,-0.954,-0.071,0.0,17.3
1783974132.3,662,7.316,1.909,1.059,0.0,17.3
1783974132.3,662,7.432,1.213,-1.9,0.0,13.2
1783974132.401,663,7.575,-0.954,-0.07,0.0,16.3
1783974132.401,663,7.296,1.909,1.19,0.0,16.3
1783974132.502,664,7.569,-0.954,-0.302,0.0,16.7
1783974132.502,664,7.225,1.909,1.564,0.0,16.7
1783974132.502,664,7.627,-0.971,1.091,0.0,14.9
1783974132.502,664,7.451,0.971,-1.963,0.0,14.9
1783974132.603,665,7.564,-0.954,-0.403,0.0,14.5
1783974132.603,665,7.146,1.67,2.107,0.0,14.5
1783974132.603,665,7.226,1.456,-2.443,0.0,12.5
1783974132.603,665,7.37,-1.213,2.125,0.0,12.5
1783974132.704,666,7.578,-0.971,1.391,0.0,13.5
1783974132.704,666,7.441,0.971,-2.0,0.0,13.5
1783974132.805,667,7.555,-0.954,-0.548,0.0,16.1
1783974132.805,667,7.093,1.909,2.082,0.0,16.1
1783974132.855,668,7.178,1.909,1.767,0.0,16.0
1783974132.855,668,7.531,-0.954,-0.815,0.0,16.0
1783974133.007,669,7.54,-0.954,-0.726,0.0,15.8
1783974133.007,669,7.103,1.909,2.05,0.0,15.8
1783974133.007,669,7.716,-0.0,-0.883,0.0,13.1
1783974133.108,670,7.557,-0.954,-0.518,0.0,15.7
1783974133.108,670,7.176,1.909,1.775,0.0,15.7
1783974133.108,670,7.577,1.448,-0.355,0.0,13.6
1783974133.158,671,7.569,-0.954,-0.305,0.0,15.1
1783974133.158,671,7.293,1.909,1.211,0.0,15.1
1783974133.158,671,7.668,1.213,-0.208,0.0,14.2
1783974133.309,672,0.863,-0.229,-0.206,0.0,11.3
1783974133.309,672,7.668,1.213,-0.18,0.0,15.8
1783974133.411,673,0.864,-0.2,-0.231,0.0,11.7
1783974133.411,673,7.533,1.699,-0.82,0.0,15.7
1783974133.462,674,7.553,1.699,-0.612,0.0,15.8
1783974133.563,675,0.852,-0.27,-0.349,0.0,12.3
1783974133.563,675,7.569,-0.954,-0.312,0.0,16.2
1783974133.563,675,7.013,1.432,2.658,0.0,16.2
1783974133.563,675,7.55,1.699,-0.653,0.0,15.7
1783974133.664,676,0.856,-0.27,-0.341,0.0,12.5
1783974133.664,676,7.552,1.699,-0.63,0.0,17.1
1783974133.765,677,0.866,-0.24,-0.336,0.0,12.1
1783974133.765,677,0.733,-0.851,-0.16,0.0,11.3
1783974133.765,677,0.972,0.567,0.14,0.0,11.3
1783974133.765,677,7.574,-0.954,0.137,0.0,15.0
1783974133.765,677,7.621,1.456,-0.323,0.0,15.4
1783974133.867,678,0.839,-0.27,-0.379,0.0,11.7
1783974133.867,678,0.7,-0.851,-0.271,0.0,11.3
1783974133.867,678,0.973,0.496,-0.306,0.0,11.3
1783974133.867,678,7.499,1.689,0.743,0.0,16.5
1783974133.967,679,7.516,-0.954,0.942,0.0,16.2
1783974133.967,679,6.941,1.67,-2.706,0.0,16.2
1783974133.967,679,7.467,1.931,0.396,0.0,16.2
1783974133.967,679,7.4,-0.965,1.984,0.0,16.2
1783974134.068,680,7.479,-0.724,1.78,0.0,15.6
1783974134.068,680,7.476,1.931,-0.094,0.0,15.6
1783974134.169,681,7.455,-0.954,1.346,0.0,15.5
1783974134.169,681,7.159,1.67,-2.061,0.0,15.5
1783974134.169,681,7.536,1.699,-0.798,0.0,14.7
1783974134.27,682,7.525,-0.716,1.075,0.0,14.1
1783974134.27,682,7.317,1.909,-1.057,0.0,14.1
1783974134.27,682,7.509,1.699,-1.02,0.0,15.4
1783974134.371,683,7.374,1.699,-1.745,0.0,15.9
1783974134.371,683,7.112,-1.213,2.874,0.0,15.9
1783974134.472,684,7.48,1.699,-1.211,0.0,14.5
1783974134.472,684,6.873,-1.213,3.406,0.0,14.5
1783974134.573,685,7.013,-1.213,3.108,0.0,13.2
1783974134.573,685,7.475,1.699,-1.246,0.0,13.2
1783974134.674,686,7.303,-0.971,2.455,0.0,15.0
1783974134.674,686,7.349,1.699,-1.849,0.0,15.0
1783974134.775,687,0.897,-0.24,-0.242,0.0,11.8
1783974134.775,687,7.07,-1.213,2.976,0.0,12.0
1783974134.775,687,7.398,1.699,-1.64,0.0,12.0
1783974134.877,688,0.865,-0.24,-0.34,0.0,12.3
1783974134.877,688,7.427,-0.724,1.985,0.0,15.3
1783974134.978,689,0.804,-0.3,-0.431,0.0,11.2
1783974134.978,689,0.727,-0.784,-0.215,0.0,12.3
1783974134.978,689,7.322,-1.213,2.286,0.0,13.8
1783974134.978,689,6.969,1.456,-3.101,0.0,13.8
1783974135.079,690,0.839,-0.27,-0.38,0.0,12.6
1783974135.079,690,7.577,-0.965,1.135,0.0,13.8
1783974135.18,691,7.288,2.147,0.753,0.0,14.1
1783974135.18,691,7.296,-1.909,1.192,0.0,14.1
1783974135.28,692,0.893,-0.3,-0.185,0.0,12.3
1783974135.28,692,7.527,-0.971,1.647,0.0,13.0
1783974135.381,693,0.678,-0.886,-0.203,0.0,11.5
1783974135.381,693,0.892,0.674,0.192,0.0,11.5
1783974135.381,693,7.597,-0.716,-0.255,0.0,11.8
1783974135.381,693,6.969,1.909,2.466,0.0,11.8
1783974135.584,695,7.656,-0.965,0.295,0.0,11.4
1783974135.584,695,7.499,1.689,0.742,0.0,11.4
1783974135.684,696,7.563,-0.954,0.431,0.0,15.1
1783974135.684,696,7.44,1.67,-0.394,0.0,15.1
1783974135.785,697,7.573,-0.954,0.184,0.0,14.5
1783974135.785,697,6.458,1.67,3.715,0.0,14.5
1783974135.785,697,7.687,0.971,-0.532,0.0,12.2
1783974135.785,697,6.522,-1.699,-3.859,0.0,12.2
1783974135.886,698,7.539,0.965,1.363,0.0,14.2
1783974135.987,699,7.667,1.213,-0.245,0.0,11.6
1783974135.987,699,6.911,-1.213,-3.329,0.0,11.6
1783974136.089,700,7.717,-0.0,0.294,0.0,13.1
1783974136.19,701,7.601,-0.716,-0.099,0.0,16.4
1783974136.19,701,7.651,1.213,-0.547,0.0,13.0
1783974136.29,702,0.862,-0.2,-0.236,0.0,12.1
1783974136.29,702,0.665,-0.886,-0.242,0.0,11.4
1783974136.29,702,0.98,0.567,0.068,0.0,11.4
1783974136.29,702,7.566,-0.954,0.382,0.0,16.0
1783974136.29,702,7.529,1.448,-0.922,0.0,14.4
1783974136.29,702,6.693,-0.965,3.73,0.0,14.4
1783974136.391,703,0.859,-0.2,-0.246,0.0,11.6
1783974136.391,703,0.729,-0.851,-0.179,0.0,11.6
1783974136.391,703,1.007,0.496,0.164,0.0,11.6
1783974136.391,703,7.6,-0.716,0.136,0.0,15.8
1783974136.391,703,7.226,1.67,1.815,0.0,15.8
1783974136.391,703,7.339,1.456,-2.081,0.0,13.8
1783974136.391,703,7.129,-1.213,2.831,0.0,13.8
1783974136.492,704,0.897,-0.24,-0.241,0.0,13.1
1783974136.492,704,7.589,-0.716,-0.434,0.0,16.3
1783974136.492,704,7.181,1.67,1.986,0.0,16.3
1783974136.492,704,7.686,0.724,0.172,0.0,16.4
1783974136.592,705,0.897,-0.27,-0.209,0.0,12.1
1783974136.592,705,7.53,-0.954,-0.827,0.0,15.4
1783974136.592,705,7.181,1.909,1.756,0.0,15.4
1783974136.592,705,7.654,0.971,-0.887,0.0,12.5
1783974136.694,706,7.626,1.207,0.128,0.0,16.5
1783974136.794,707,7.498,1.689,-0.744,0.0,14.9
1783974136.894,708,7.472,1.931,-0.264,0.0,17.1
1783974136.894,708,6.954,-0.965,3.216,0.0,17.1
1783974136.894,708,8.295,-1.861,-0.325,0.0,11.3
1783974136.994,709,0.897,-0.27,-0.21,0.0,11.6
1783974136.994,709,7.532,1.689,-0.228,0.0,15.7
1783974136.994,709,7.652,-0.965,0.389,0.0,15.7
1783974137.095,710,0.887,-0.27,-0.25,0.0,12.4
1783974137.095,710,7.546,-0.712,0.423,0.0,15.7
1783974137.095,710,7.411,-1.213,1.979,0.0,13.6
1783974137.095,710,7.463,1.456,-1.581,0.0,13.6
1783974137.197,711,0.848,-0.3,-0.335,0.0,12.5
1783974137.197,711,7.683,0.728,-0.867,0.0,13.8
1783974137.299,712,0.865,-0.24,-0.341,0.0,12.8
1783974137.299,712,7.593,-0.716,-0.362,0.0,16.0
1783974137.299,712,7.032,1.909,2.281,0.0,16.0
1783974137.4,713,0.856,-0.24,-0.361,0.0,12.4
1783974137.4,713,0.649,-0.886,-0.284,0.0,11.3
1783974137.4,713,1.014,0.496,-0.113,0.0,11.3
1783974137.4,713,7.5,-1.193,-0.791,0.0,14.1
1783974137.4,713,7.203,1.67,1.904,0.0,14.1
1783974137.4,713,7.094,-0.724,2.963,0.0,11.5
1783974137.4,713,7.376,1.689,-1.543,0.0,11.5
1783974137.501,714,0.713,-0.851,-0.234,0.0,11.3
1783974137.501,714,7.154,1.67,2.08,0.0,14.2
1783974137.501,714,7.525,-0.954,-0.871,0.0,14.2
1783974137.501,714,7.751,-0.485,0.038,0.0,13.0
1783974137.601,715,7.531,-0.949,0.078,0.0,16.3
1783974137.601,715,7.412,1.213,-1.975,0.0,11.8
1783974137.601,715,7.089,-1.456,2.816,0.0,11.8
1783974137.702,716,7.59,-0.716,0.42,0.0,15.7
1783974137.702,716,7.099,2.386,1.484,0.0,15.7
1783974137.702,716,7.582,1.448,0.233,0.0,14.4
1783974137.803,717,7.582,1.448,-0.23,0.0,16.6
1783974137.904,718,7.575,-0.954,-0.056,0.0,17.2
1783974137.904,718,7.651,0.728,-1.117,0.0,14.2
1783974137.955,719,7.575,-0.954,-0.094,0.0,14.6
1783974138.107,720,7.532,-0.949,-0.01,0.0,16.8
1783974138.107,720,7.595,-0.728,1.449,0.0,12.8
1783974138.107,720,7.426,1.456,-1.744,0.0,12.8
1783974138.208,721,7.555,-0.954,-0.546,0.0,15.6
1783974138.208,721,6.947,1.909,2.526,0.0,15.6
1783974138.208,721,7.5,0.971,-1.767,0.0,12.7
1783974138.208,721,7.344,-1.213,2.213,0.0,12.7
1783974138.26,722,7.563,-0.954,-0.427,0.0,16.1
1783974138.26,722,6.796,1.67,3.052,0.0,16.1
1783974138.26,722,7.35,-1.213,2.195,0.0,12.8
1783974138.26,722,7.577,0.971,-1.4,0.0,12.8
1783974138.361,723,7.477,-0.469,-0.438,0.0,11.8
1783974138.361,723,6.846,1.876,2.434,0.0,11.8
1783974138.361,723,7.548,-0.954,-0.636,0.0,15.2
1783974138.361,723,7.104,1.67,2.243,0.0,15.2
1783974138.361,723,7.627,1.456,0.153,0.0,13.0
1783974138.512,724,0.884,-0.3,-0.225,0.0,12.1
1783974138.512,724,7.572,-0.954,-0.201,0.0,16.7
1783974138.512,724,7.595,-0.485,-1.548,0.0,11.7
1783974138.563,725,0.901,-0.3,-0.141,0.0,12.3
1783974138.563,725,0.958,0.477,0.212,0.0,11.3
1783974138.563,725,7.599,-0.716,-0.189,0.0,13.8
1783974138.563,725,7.722,-0.0,-0.006,0.0,12.5
1783974138.664,726,7.575,-0.954,-0.057,0.0,17.1
1783974138.664,726,7.711,-0.0,0.409,0.0,14.0
1783974138.764,727,0.843,-0.21,-0.409,0.0,11.6
1783974138.764,727,7.576,1.699,-0.144,0.0,15.3
1783974138.866,728,7.446,-0.954,1.395,0.0,15.6
1783974138.866,728,7.608,1.456,-0.558,0.0,13.5
1783974138.967,729,0.844,-0.24,-0.389,0.0,11.3
1783974138.967,729,7.558,1.699,-0.544,0.0,14.0
1783974139.068,730,0.816,-0.24,-0.445,0.0,11.5
1783974139.068,730,7.537,1.699,-0.783,0.0,15.0
1783974139.068,730,6.819,-1.213,3.513,0.0,15.0
1783974139.169,731,7.465,-0.954,1.286,0.0,15.6
1783974139.169,731,7.302,1.432,-1.712,0.0,15.6
1783974139.169,731,7.546,1.699,-0.698,0.0,14.8
1783974139.27,732,0.725,-0.851,-0.192,0.0,11.6
1783974139.27,732,0.903,0.603,0.329,0.0,11.6
1783974139.27,732,7.573,-0.954,0.197,0.0,15.5
1783974139.27,732,7.477,-1.207,-1.507,0.0,13.3
1783974139.27,732,7.523,1.689,0.422,0.0,13.3
1783974139.371,733,0.868,-0.24,-0.333,0.0,12.1
1783974139.371,733,0.733,-0.851,-0.16,0.0,11.6
1783974139.371,733,7.574,-0.954,0.125,0.0,17.1
1783974139.371,733,7.571,1.699,0.319,0.0,14.4
1783974139.371,733,7.069,-0.971,-3.066,0.0,14.4
1783974139.472,734,0.865,-0.24,-0.34,0.0,11.5
1783974139.472,734,7.595,1.207,0.703,0.0,14.7
1783974139.573,735,7.575,1.699,0.219,0.0,14.9
1783974139.673,736,0.88,0.03,0.382,0.0,11.9
1783974139.673,736,0.85,-0.27,-0.356,0.0,11.9
1783974139.673,736,7.528,1.689,-0.34,0.0,17.2
1783974139.773,737,7.583,1.448,-0.183,0.0,15.6
1783974139.875,738,7.555,1.448,0.677,0.0,16.1
1783974139.976,739,7.575,-0.954,-0.061,0.0,16.2
1783974139.976,739,7.627,1.456,-0.12,0.0,15.0
1783974140.076,740,7.623,1.456,-0.287,0.0,16.0
1783974140.076,740,8.423,0.529,0.642,0.0,11.3
1783974140.076,740,7.874,-2.645,-1.628,0.0,11.3
1783974140.177,741,7.568,1.699,0.391,0.0,18.2
1783974140.279,742,7.577,1.699,-0.131,0.0,16.2
1783974140.379,743,7.501,1.941,-0.525,0.0,16.1
1783974140.481,744,7.571,1.699,-0.327,0.0,15.9
1783974140.581,745,0.738,-0.851,-0.136,0.0,11.6
1783974140.581,745,1.015,0.496,-0.098,0.0,11.6
1783974140.581,745,7.284,-0.724,2.459,0.0,15.3
1783974140.581,745,7.422,1.689,-1.301,0.0,15.3
1783974140.683,746,0.855,-0.172,-0.282,0.0,11.6
1783974140.683,746,7.475,1.931,0.193,0.0,14.7
1783974140.784,747,0.843,-0.143,-0.329,0.0,11.5
1783974140.784,747,7.437,-0.483,2.021,0.0,13.5
1783974140.784,747,7.33,1.689,-1.747,0.0,13.5
1783974140.885,748,0.725,-0.851,-0.192,0.0,11.4
1783974140.885,748,0.976,0.567,-0.109,0.0,11.4
1783974140.885,748,7.588,-0.243,-1.634,0.0,13.0
1783974140.885,748,7.531,1.699,0.845,0.0,13.0
1783974140.986,749,7.574,-0.954,0.11,0.0,14.8
1783974140.986,749,7.57,-0.724,1.341,0.0,14.0
1783974141.087,750,0.886,-0.27,-0.251,0.0,11.4
1783974141.087,750,7.566,-0.954,-0.371,0.0,17.2
1783974141.087,750,6.539,1.67,3.571,0.0,17.2
1783974141.087,750,7.443,0.971,-1.991,0.0,14.9
1783974141.087,750,7.508,-1.213,1.57,0.0,14.9
1783974141.188,751,0.872,-0.3,-0.268,0.0,11.3
1783974141.188,751,7.575,-0.954,0.029,0.0,16.9
1783974141.188,751,6.441,1.67,3.744,0.0,16.9
1783974141.188,751,7.418,0.728,-2.179,0.0,13.1
1783974141.29,752,0.862,-0.3,-0.298,0.0,12.0
1783974141.29,752,7.53,-0.954,0.823,0.0,15.9
1783974141.29,752,7.027,1.909,-2.296,0.0,15.9
1783974141.29,752,7.678,-0.483,-0.672,0.0,13.5
1783974141.29,752,7.585,1.708,-0.738,0.0,11.5
1783974141.391,753,0.897,-0.27,-0.208,0.0,11.9
1783974141.391,753,7.443,-0.938,0.203,0.0,11.5
1783974141.391,753,7.192,1.642,1.378,0.0,11.5
1783974141.391,753,7.491,-0.96,1.39,0.0,16.0
1783974141.391,753,7.001,1.92,-2.503,0.0,16.0
1783974141.391,753,7.554,1.456,-1.065,0.0,13.5
1783974141.492,754,0.889,-0.24,-0.272,0.0,11.4
1783974141.492,754,7.39,-0.954,1.663,0.0,14.6
1783974141.492,754,7.294,1.909,-1.204,0.0,14.6
1783974141.492,754,7.493,1.708,-1.388,0.0,12.6
1783974141.594,755,7.574,-0.954,-0.156,0.0,14.2
1783974141.594,755,6.983,1.67,2.595,0.0,14.2
1783974141.594,755,7.703,-0.241,0.492,0.0,14.4
1783974141.594,755,7.546,1.952,-0.479,0.0,12.1
1783974141.594,755,0.85,-0.3,-0.329,0.081,12.5
1783974141.695,756,7.571,-0.954,-0.265,0.0,14.0
1783974141.695,756,6.898,1.67,2.815,0.0,14.0
1783974141.695,756,7.424,-0.965,1.896,0.0,16.1
1783974141.695,756,7.258,1.689,-2.024,0.0,16.1
1783974141.695,756,0.921,-0.24,-0.124,0.081,13.4
1783974141.796,757,0.729,-0.851,-0.179,0.0,11.2
1783974141.796,757,1.016,0.496,0.086,0.0,11.2
1783974141.796,757,7.563,-0.954,-0.429,0.0,13.5
1783974141.796,757,6.909,1.67,2.789,0.0,13.5
1783974141.796,757,7.271,-0.965,2.415,0.0,14.7
1783974141.897,758,7.561,-0.954,-0.469,0.0,14.5
1783974141.897,758,6.81,1.432,3.141,0.0,14.5
1783974141.897,758,7.483,-0.724,1.766,0.0,14.3
1783974141.997,759,0.723,-0.851,-0.2,0.0,12.1
1783974141.997,759,1.02,0.496,-0.029,0.0,12.1
1783974141.997,759,7.541,-1.193,0.062,0.0,14.6
1783974141.997,759,7.45,1.67,0.05,0.0,14.6
1783974141.997,759,7.582,1.448,-0.222,0.0,13.0
1783974141.997,759,7.653,0.965,0.368,0.0,13.0
1783974142.098,760,0.721,-0.851,-0.209,0.0,11.4
1783974142.098,760,1.02,0.496,0.018,0.0,11.4
1783974142.098,760,7.712,-0.241,0.328,0.0,13.2
1783974142.199,761,0.491,0.266,0.101,0.0,13.1
1783974142.199,761,0.73,-0.851,-0.173,0.0,11.8
1783974142.199,761,1.031,0.461,-0.105,0.0,11.8
1783974142.199,761,7.506,-1.193,0.729,0.0,12.7
1783974142.199,761,7.425,1.67,-0.609,0.0,12.7
1783974142.199,761,7.626,1.456,-0.181,0.0,11.9
1783974142.3,762,0.508,0.248,0.042,0.0,13.4
1783974142.3,762,7.575,-0.954,0.004,0.0,14.1
1783974142.3,762,6.806,1.67,3.03,0.0,14.1
1783974142.3,762,7.519,1.941,-0.04,0.0,14.1
1783974142.402,763,0.508,0.248,0.043,0.0,13.5
1783974142.402,763,7.54,-1.193,-0.156,0.0,13.4
1783974142.402,763,6.893,1.67,2.826,0.0,13.4
1783974142.402,763,7.51,1.941,-0.369,0.0,13.6
1783974142.503,764,0.508,0.248,0.047,0.0,13.4
1783974142.503,764,7.541,-1.193,0.059,0.0,15.5
1783974142.503,764,6.955,1.67,2.672,0.0,15.5
1783974142.503,764,7.663,0.724,0.619,0.0,12.8
1783974142.503,764,7.674,-0.0,0.86,0.0,12.8
1783974142.503,764,7.372,2.454,1.141,0.0,11.4
1783974142.605,765,0.508,0.248,0.048,0.0,13.6
1783974142.605,765,7.573,-0.954,0.172,0.0,15.8
1783974142.605,765,7.584,1.456,-0.821,0.0,13.7
1783974142.705,766,0.49,0.266,0.105,0.0,12.9
1783974142.705,766,7.575,-0.954,-0.093,0.0,16.4
1783974142.705,766,6.486,1.909,3.547,0.0,16.4
1783974142.705,766,7.704,-0.483,-0.208,0.0,15.3
1783974142.756,767,0.491,0.266,0.101,0.0,13.3
1783974142.756,767,7.575,-0.954,-0.044,0.0,16.7
1783974142.756,767,7.703,-0.0,0.547,0.0,14.3
1783974142.908,768,0.508,0.248,0.047,0.0,13.6
1783974142.908,768,7.572,-0.954,-0.227,0.0,16.3
1783974142.908,768,6.57,1.67,3.513,0.0,16.3
1783974142.908,768,7.489,-0.483,1.822,0.0,15.3
1783974142.908,768,7.398,1.689,-1.43,0.0,15.3
1783974143.008,769,0.493,0.266,0.09,0.0,13.5
1783974143.008,769,0.727,-0.851,-0.186,0.0,12.2
1783974143.008,769,1.036,0.461,0.007,0.0,12.2
1783974143.008,769,7.575,-0.954,-0.095,0.0,15.0
1783974143.008,769,6.544,1.67,3.561,0.0,15.0
1783974143.059,770,0.509,0.248,0.036,0.0,13.5
1783974143.059,770,7.574,-0.954,0.147,0.0,15.0
1783974143.059,770,7.42,1.67,0.664,0.0,15.0
1783974143.059,770,7.549,-0.488,-1.939,0.0,12.5
1783974143.059,770,7.539,1.952,0.589,0.0,12.5
1783974143.159,771,0.509,0.248,0.034,0.0,13.4
1783974143.159,771,0.728,-0.851,-0.181,0.0,11.7
1783974143.159,771,1.018,0.496,0.065,0.0,11.7
1783974143.159,771,7.626,1.456,-0.182,0.0,14.0
1783974143.31,772,0.508,0.248,0.042,0.0,13.2
1783974143.31,772,7.574,-0.954,-0.13,0.0,16.3
1783974143.31,772,7.624,1.456,-0.244,0.0,14.5
1783974143.36,773,0.509,0.248,0.034,0.0,13.4
1783974143.36,773,7.575,-0.954,-0.049,0.0,17.2
1783974143.36,773,7.597,1.456,-0.694,0.0,14.1
1783974143.462,774,0.509,0.248,0.038,0.0,13.0
1783974143.462,774,7.574,-0.954,0.132,0.0,17.4
1783974143.462,774,7.573,1.213,-1.218,0.0,13.7
1783974143.462,774,7.179,-1.213,2.702,0.0,13.7
1783974143.615,775,7.575,-0.954,-0.05,0.0,16.4
1783974143.615,775,7.519,-0.971,1.681,0.0,14.1
1783974143.615,775,7.36,1.456,-2.007,0.0,14.1
1783974143.666,776,0.509,0.248,0.035,0.0,13.4
1783974143.666,776,7.575,-0.954,0.072,0.0,14.7
1783974143.666,776,7.67,1.213,-0.052,0.0,11.6
1783974143.767,777,7.434,-0.954,1.458,0.0,12.0
1783974143.767,777,7.476,1.193,-0.988,0.0,12.0
1783974143.87,778,7.468,-0.704,0.221,0.0,12.6
1783974143.971,779,0.491,0.266,0.099,0.0,13.4
1783974143.971,779,7.378,-0.724,2.163,0.0,13.6
1783974143.971,779,6.82,1.931,-3.065,0.0,13.6
1783974144.072,780,7.518,-0.949,0.462,0.0,15.9
1783974144.072,780,7.483,-0.965,1.647,0.0,13.6
1783974144.072,780,6.795,1.689,-3.257,0.0,13.6
1783974144.173,781,0.508,0.248,0.04,0.0,13.5
1783974144.173,781,7.432,-0.954,1.465,0.0,15.2
1783974144.173,781,7.268,1.67,-1.635,0.0,15.2
1783974144.173,781,7.534,1.689,-0.139,0.0,13.4
1783974144.173,781,7.585,-0.724,-1.256,0.0,13.4
1783974144.275,782,0.493,0.266,0.09,0.0,13.4
1783974144.275,782,7.426,-0.938,0.539,0.0,11.6
1783974144.275,782,7.193,2.111,0.35,0.0,11.6
1783974144.275,782,7.473,-0.716,1.394,0.0,16.3
1783974144.275,782,7.34,1.456,-2.075,0.0,11.9
1783974144.275,782,6.835,-1.213,3.481,0.0,11.9
1783974144.376,783,0.508,0.248,0.04,0.0,13.1
1783974144.376,783,7.575,-0.954,0.048,0.0,16.1
1783974144.478,784,0.508,0.248,0.043,0.0,13.4
1783974144.478,784,7.504,-0.716,1.211,0.0,13.8
1783974144.478,784,7.244,1.952,-2.168,0.0,12.7
1783974144.478,784,7.289,-0.976,2.628,0.0,12.7
1783974144.579,785,0.509,0.248,0.038,0.0,13.5
1783974144.579,785,7.47,-0.704,-0.127,0.0,15.8
1783974144.681,786,0.509,0.248,0.038,0.0,13.3
1783974144.681,786,7.459,-0.954,1.322,0.0,11.9
1783974144.681,786,7.541,1.193,-0.006,0.0,11.9
1783974144.782,787,0.492,0.266,0.094,0.0,13.5
1783974144.782,787,7.535,-1.193,0.315,0.0,14.9
1783974144.782,787,7.697,-0.483,0.399,0.0,12.7
1783974144.882,788,0.491,0.266,0.097,0.0,13.2
1783974144.882,788,7.575,-0.954,-0.062,0.0,16.3
1783974144.982,789,0.508,0.248,0.04,0.0,13.4
1783974144.982,789,0.735,-0.851,-0.151,0.0,11.6
1783974144.982,789,0.949,0.567,0.254,0.0,11.6
1783974144.982,789,7.541,-1.193,-0.078,0.0,14.1
1783974145.083,790,0.491,0.266,0.101,0.0,13.5
1783974145.083,790,0.672,-0.886,-0.224,0.0,11.4
1783974145.083,790,1.02,0.496,0.024,0.0,11.4
1783974145.083,790,7.574,-0.954,0.135,0.0,13.7
1783974145.185,791,0.509,0.248,0.036,0.0,13.2
1783974145.185,791,7.535,-1.193,0.3,0.0,14.6
1783974145.185,791,7.403,1.67,-0.836,0.0,14.6
1783974145.185,791,7.633,-0.483,1.066,0.0,14.4
1783974145.285,792,0.492,0.266,0.095,0.0,13.5
1783974145.285,792,7.547,-0.954,0.647,0.0,15.5
1783974145.285,792,7.74,-0.732,-0.736,0.0,12.3
1783974145.285,792,7.515,1.708,1.262,0.0,12.3
1783974145.386,793,0.508,0.248,0.042,0.0,13.4
1783974145.386,793,0.725,-0.851,-0.192,0.0,12.1
1783974145.386,793,1.036,0.461,0.025,0.0,12.1
1783974145.386,793,7.544,-0.954,0.682,0.0,16.2
1783974145.386,793,7.06,1.67,-2.378,0.0,16.2
1783974145.386,793,7.731,-0.0,-0.74,0.0,12.2
1783974145.487,794,7.534,-1.193,0.34,0.0,14.2
1783974145.487,794,7.355,1.67,-1.187,0.0,14.2
1783974145.487,794,7.729,-0.728,0.221,0.0,13.9
1783974145.588,795,7.565,-0.954,0.388,0.0,17.8
1783974145.588,795,6.419,1.67,-3.782,0.0,17.8
1783974145.588,795,7.382,1.213,-2.084,0.0,12.5
1783974145.588,795,7.403,-1.213,2.006,0.0,12.5
1783974145.688,796,7.575,-0.954,-0.069,0.0,14.7
1783974145.688,796,6.448,1.67,3.733,0.0,14.7
1783974145.688,796,7.693,-0.483,0.475,0.0,11.6
1783974145.789,797,0.645,-0.886,-0.292,0.0,11.6
1783974145.789,797,7.574,-0.954,-0.129,0.0,15.5
1783974145.789,797,6.444,1.67,3.738,0.0,15.5
1783974145.789,797,7.746,-0.485,-0.278,0.0,13.5
1783974145.891,798,7.559,-0.954,-0.492,0.0,15.5
1783974145.891,798,7.097,1.67,2.267,0.0,15.5
1783974145.891,798,7.041,1.699,-2.8,0.0,14.2
1783974145.891,798,7.333,-1.213,2.25,0.0,14.2
1783974145.992,799,0.723,-0.851,-0.201,0.0,11.9
1783974145.992,799,1.018,0.496,0.063,0.0,11.9
1783974145.992,799,7.499,-1.193,-0.794,0.0,14.6
1783974145.992,799,7.231,1.432,1.988,0.0,14.6
1783974145.992,799,7.248,1.456,-2.377,0.0,13.0
1783974145.992,799,7.239,-1.213,2.536,0.0,13.0
1783974146.093,800,7.405,1.67,0.815,0.0,14.9
1783974146.093,800,7.492,-1.193,-0.86,0.0,14.9
1783974146.093,800,7.803,-0.244,-0.189,0.0,12.5
1783974146.193,801,0.637,-0.818,-0.339,0.0,11.6
1783974146.193,801,7.541,-1.193,-0.044,0.0,14.2
1783974146.193,801,7.438,1.67,-0.418,0.0,14.2
1783974146.193,801,7.793,-0.0,0.507,0.0,12.6
1783974146.193,801,7.76,-0.488,0.727,0.0,12.6
1783974146.193,801,0.75,-0.72,0.126,0.081,12.2
1783974146.295,802,7.544,-0.954,0.69,0.0,15.3
1783974146.295,802,7.392,1.909,-0.06,0.0,15.3
1783974146.295,802,7.784,-0.0,-0.637,0.0,11.9
1783974146.398,803,0.645,-0.852,0.218,0.0,12.0
1783974146.398,803,7.318,1.909,1.048,0.0,14.7
1783974146.398,803,7.522,-1.193,-0.544,0.0,14.7
1783974146.398,803,7.318,1.213,-2.298,0.0,11.7
1783974146.398,803,7.55,-1.456,1.088,0.0,11.7
1783974146.499,804,0.734,-0.851,-0.153,0.0,11.5
1783974146.499,804,0.898,0.603,0.341,0.0,11.5
1783974146.499,804,7.186,1.909,1.735,0.0,15.3
1783974146.499,804,7.53,-0.954,-0.827,0.0,15.3
1783974146.499,804,7.701,-0.728,0.683,0.0,13.8
1783974146.6,805,7.158,1.909,1.846,0.0,15.3
1783974146.6,805,7.538,-0.954,-0.744,0.0,15.3
1783974146.6,805,7.217,0.971,-2.7,0.0,11.7
1783974146.6,805,7.666,-0.971,0.779,0.0,11.7
1783974146.701,806,0.303,-0.515,-0.126,0.0,12.5
1783974146.701,806,0.636,-0.886,-0.311,0.0,11.7
1783974146.701,806,0.859,0.603,0.431,0.0,11.7
1783974146.701,806,7.216,1.67,1.855,0.0,15.2
1783974146.701,806,7.496,-0.954,-1.092,0.0,15.2
1783974146.701,806,7.521,-0.965,1.464,0.0,14.7
1783974146.701,806,6.671,1.931,-3.377,0.0,14.7
1783974146.701,806,0.887,-0.736,0.241,-0.162,14.8
1783974146.801,807,0.715,-0.851,-0.229,0.0,11.2
1783974146.801,807,1.016,0.496,0.089,0.0,11.2
1783974146.801,807,7.428,1.92,0.315,0.0,14.7
1783974146.903,808,0.724,-0.851,-0.197,0.0,11.5
1783974146.903,808,1.02,0.496,-0.003,0.0,11.5
1783974146.903,808,7.426,1.92,-0.359,0.0,13.3
1783974146.903,808,7.06,-0.72,2.932,0.0,13.3
1783974146.903,808,7.789,-0.488,-0.28,0.0,12.5
1783974147.003,809,0.712,-0.851,-0.238,0.0,11.8
1783974147.003,809,1.019,0.461,-0.192,0.0,11.8
1783974147.003,809,7.56,-0.954,-0.484,0.0,14.8
1783974147.003,809,7.067,1.67,2.359,0.0,14.8
1783974147.003,809,7.481,-0.965,1.653,0.0,13.4
1783974147.003,809,6.931,1.689,-2.957,0.0,13.4
1783974147.003,809,0.855,-0.579,0.35,-0.162,15.9
1783974147.104,810,7.453,-0.965,1.774,0.0,14.9
1783974147.104,810,7.193,1.931,-2.041,0.0,14.9
1783974147.104,810,0.852,-0.524,0.31,-0.162,16.7
1783974147.206,811,0.702,-0.851,-0.266,0.0,12.1
1783974147.206,811,1.007,0.461,-0.247,0.0,12.1
1783974147.206,811,7.579,-0.724,1.291,0.0,14.8
1783974147.206,811,7.324,1.931,-1.507,0.0,14.8
1783974147.206,811,0.883,-0.556,0.087,-0.081,13.1
1783974147.257,812,7.303,1.931,-1.603,0.0,13.7
1783974147.257,812,7.289,-0.965,2.361,0.0,13.7
1783974147.409,813,0.747,-0.851,-0.067,0.0,11.6
1783974147.409,813,1.035,0.425,-0.187,0.0,11.6
1783974147.51,814,0.644,-0.886,-0.294,0.0,12.0
1783974147.51,814,1.035,0.461,-0.048,0.0,12.0
1783974147.51,814,7.773,-0.732,-0.174,0.0,11.9
1783974147.56,815,7.573,-0.954,-0.191,0.0,14.9
1783974147.56,815,7.08,1.909,2.128,0.0,14.9
1783974147.56,815,7.54,-0.965,1.36,0.0,13.6
1783974147.56,815,6.608,1.931,-3.5,0.0,13.6
1783974147.56,815,7.613,-0.0,-1.741,0.0,11.6
1783974147.56,815,6.985,3.173,1.462,0.0,11.6
1783974147.661,816,7.538,-1.193,0.229,0.0,15.8
1783974147.661,816,7.209,2.147,1.31,0.0,15.8
1783974147.661,816,7.481,-0.724,1.774,0.0,13.6
1783974147.661,816,6.782,1.931,-3.148,0.0,13.6
1783974147.814,817,0.671,-0.886,-0.227,0.0,13.0
1783974147.814,817,0.751,0.674,0.518,0.0,13.0
1783974147.814,817,7.435,1.92,-0.004,0.0,14.2
1783974147.814,817,7.584,0.728,-1.502,0.0,11.9
1783974147.865,818,0.986,0.443,-0.148,0.0,11.3
1783974147.865,818,7.449,1.931,-0.644,0.0,15.6
1783974147.966,819,7.289,2.172,-1.335,0.0,12.4
1783974147.966,819,7.552,-0.483,1.541,0.0,12.4
1783974147.966,819,7.487,-0.732,-2.097,0.0,12.0
1783974147.966,819,7.467,1.952,1.195,0.0,12.0
1783974148.067,820,0.649,-0.886,-0.283,0.0,11.6
1783974148.067,820,0.782,0.603,0.558,0.0,11.6
1783974148.067,820,7.422,1.92,-0.431,0.0,14.3
1783974148.168,821,0.304,-0.515,-0.122,0.0,13.0
1783974148.168,821,7.512,-1.193,-0.659,0.0,14.0
1783974148.168,821,7.173,1.67,2.011,0.0,14.0
1783974148.168,821,7.731,-0.488,-0.989,0.0,12.6
1783974148.27,822,7.247,2.147,1.079,0.0,16.5
1783974148.27,822,7.5,-1.432,-0.031,0.0,16.5
1783974148.27,822,7.29,1.931,-1.664,0.0,13.0
1783974148.27,822,7.551,-0.724,1.445,0.0,13.0
1783974148.37,823,0.703,-0.851,-0.261,0.0,12.3
1783974148.37,823,1.036,0.461,-0.019,0.0,12.3
1783974148.37,823,7.498,1.689,-0.749,0.0,14.6
1783974148.473,824,7.22,2.147,1.249,0.0,16.7
1783974148.473,824,7.54,-1.193,-0.109,0.0,16.7
1783974148.473,824,7.596,-0.971,1.29,0.0,14.5
1783974148.473,824,6.842,1.456,-3.372,0.0,14.5
1783974148.574,825,0.734,-0.851,-0.156,0.0,11.5
1783974148.574,825,1.035,0.461,0.065,0.0,11.5
1783974148.574,825,7.446,1.931,-0.686,0.0,14.3
1783974148.675,826,0.623,-0.886,-0.337,0.0,11.3
1783974148.675,826,0.91,0.674,0.071,0.0,11.3
1783974148.675,826,7.552,-0.954,-0.595,0.0,13.1
1783974148.675,826,7.124,1.909,1.974,0.0,13.1
1783974148.675,826,7.748,-0.485,-0.208,0.0,13.9
1783974148.775,827,7.567,-0.954,-0.345,0.0,16.5
1783974148.775,827,7.361,1.909,0.687,0.0,16.5
1783974148.775,827,7.78,-0.488,-0.467,0.0,12.0
1783974148.876,828,0.664,-0.886,-0.247,0.0,12.1
1783974148.876,828,1.035,0.461,0.059,0.0,12.1
1783974148.876,828,7.557,-0.954,-0.523,0.0,15.3
1783974148.876,828,6.994,1.67,2.565,0.0,15.3
1783974148.876,828,7.734,-0.485,-0.515,0.0,13.6
1783974148.978,829,0.655,-0.886,-0.269,0.0,12.3
1783974148.978,829,0.86,0.674,0.307,0.0,12.3
1783974148.978,829,7.555,-0.954,-0.557,0.0,14.9
1783974148.978,829,7.104,1.909,2.045,0.0,14.9
1783974148.978,829,7.393,1.931,-1.12,0.0,14.4
1783974148.978,829,7.11,-0.965,2.854,0.0,14.4
1783974149.078,830,0.723,-0.851,-0.202,0.0,12.0
1783974149.078,830,1.019,0.496,-0.04,0.0,12.0
1783974149.078,830,7.55,-0.954,-0.616,0.0,16.1
1783974149.078,830,7.017,1.67,2.503,0.0,16.1
1783974149.078,830,7.688,0.243,-1.07,0.0,13.4
1783974149.179,831,7.547,-0.954,-0.656,0.0,14.8
1783974149.179,831,7.044,1.67,2.425,0.0,14.8
1783974149.28,832,7.574,-0.954,0.11,0.0,14.1
1783974149.28,832,7.457,-0.724,1.871,0.0,13.1
1783974149.28,832,7.373,1.689,-1.555,0.0,13.1
1783974149.28,832,7.765,-0.488,-0.673,0.0,11.4
1783974149.381,833,0.493,0.266,0.092,0.0,13.5
1783974149.381,833,7.575,-0.954,-0.057,0.0,15.8
1783974149.381,833,7.568,1.213,-1.252,0.0,11.3
1783974149.381,833,7.654,0.728,-1.097,0.0,11.3
1783974149.482,834,0.659,-0.886,-0.26,0.0,11.4
1783974149.482,834,1.035,0.461,0.05,0.0,11.4
1783974149.482,834,7.567,-0.954,-0.345,0.0,16.6
1783974149.482,834,6.89,1.67,2.834,0.0,16.6
1783974149.482,834,7.581,1.456,-0.846,0.0,13.0
1783974149.482,834,7.345,-1.456,2.059,0.0,13.0
1783974149.583,835,0.668,-0.886,-0.235,0.0,11.6
1783974149.583,835,1.018,0.496,0.063,0.0,11.6
1783974149.583,835,7.568,-0.954,-0.321,0.0,16.8
1783974149.583,835,6.864,1.67,2.896,0.0,16.8
1783974149.583,835,7.707,0.483,0.052,0.0,13.8
1783974149.583,835,0.794,0.057,0.454,-0.162,11.3
1783974149.686,836,0.682,-0.886,-0.192,0.0,11.6
1783974149.686,836,0.912,0.567,0.365,0.0,11.6
1783974149.686,836,7.573,-0.954,-0.17,0.0,16.8
1783974149.686,836,6.494,1.67,3.65,0.0,16.8
1783974149.686,836,7.734,-0.0,-0.705,0.0,12.9
1783974149.786,837,7.574,-0.954,-0.127,0.0,15.5
1783974149.888,838,7.255,1.876,0.392,0.0,11.2
1783974149.888,838,7.324,-0.704,-1.473,0.0,11.2
1783974149.888,838,7.572,-0.954,0.205,0.0,14.8
1783974149.888,838,6.659,1.67,-3.34,0.0,14.8
1783974149.888,838,7.681,-0.483,0.633,0.0,14.5
1783974149.989,839,0.719,-0.851,-0.213,0.0,11.3
1783974149.989,839,1.02,0.496,0.018,0.0,11.3
1783974149.989,839,7.566,-0.954,0.368,0.0,14.8
1783974150.09,840,0.298,-0.515,-0.136,0.0,13.1
1783974150.09,840,0.665,-0.886,-0.243,0.0,12.0
1783974150.09,840,0.954,0.567,0.234,0.0,12.0
1783974150.09,840,7.541,-1.193,0.011,0.0,16.0
1783974150.09,840,7.695,-0.241,0.601,0.0,13.3
1783974150.19,841,0.665,-0.886,-0.242,0.0,11.9
1783974150.19,841,1.019,0.496,0.033,0.0,11.9
1783974150.19,841,7.57,-0.954,0.28,0.0,16.8
1783974150.19,841,7.751,-0.485,0.058,0.0,13.5
1783974150.292,842,0.272,-0.425,-0.258,0.0,13.8
1783974150.292,842,7.575,-0.954,0.094,0.0,16.3
1783974150.292,842,7.69,-0.483,-0.508,0.0,12.8
1783974150.393,843,0.323,-0.515,-0.054,0.0,13.1
1783974150.393,843,7.562,-0.954,0.439,0.0,16.5
1783974150.393,843,7.683,-0.724,-0.294,0.0,14.9
1783974150.494,844,0.516,0.23,-0.048,0.0,14.6
1783974150.494,844,7.543,-0.954,0.702,0.0,15.9
1783974150.494,844,7.63,0.971,-1.073,0.0,12.0
1783974150.594,845,7.454,-0.954,1.347,0.0,13.1
1783974150.695,846,0.494,0.248,0.129,0.0,13.3
1783974150.695,846,7.432,-0.954,1.465,0.0,14.6
1783974150.695,846,7.154,1.67,-2.079,0.0,14.6
1783974150.695,846,7.584,1.708,-0.742,0.0,14.1
1783974150.797,847,0.315,-0.515,-0.091,0.0,12.9
1783974150.797,847,0.693,-0.851,-0.288,0.0,11.9
1783974150.797,847,7.496,-0.954,1.093,0.0,16.2
1783974150.797,847,7.054,1.67,-2.397,0.0,16.2
1783974150.797,847,7.626,1.456,0.186,0.0,14.1
1783974150.898,848,0.503,0.248,0.082,0.0,14.3
1783974150.898,848,7.574,-0.954,0.114,0.0,16.7
1783974150.898,848,6.465,1.67,3.703,0.0,16.7
1783974150.898,848,7.75,0.485,-0.097,0.0,14.6
1783974150.999,849,7.599,-0.716,0.177,0.0,17.1
1783974150.999,849,7.746,-0.0,-0.562,0.0,12.9
1783974151.1,850,0.5,0.248,0.1,0.0,14.3
1783974151.1,850,7.575,-0.954,0.08,0.0,17.1
1783974151.1,850,7.627,1.456,0.13,0.0,13.5
1783974151.1,850,0.861,-0.2,0.24,-0.162,11.3
1783974151.201,851,7.62,-0.724,1.025,0.0,15.4
1783974151.201,851,7.466,1.931,-0.415,0.0,15.4
1783974151.302,852,0.727,-0.851,-0.185,0.0,13.0
1783974151.302,852,7.645,-0.724,0.812,0.0,15.4
1783974151.302,852,7.466,1.931,-0.406,0.0,15.4
1783974151.302,852,0.5,-0.682,0.217,-0.162,12.7
1783974151.403,853,7.504,-0.954,1.038,0.0,17.6
1783974151.403,853,7.765,-0.732,-0.405,0.0,11.4
1783974151.403,853,7.594,1.708,0.634,0.0,11.4
1783974151.503,854,7.609,-0.724,1.104,0.0,14.1
1783974151.503,854,7.437,1.931,0.776,0.0,14.1
1783974151.604,855,0.5,0.248,0.099,0.0,14.1
1783974151.604,855,7.542,-0.954,0.713,0.0,15.0
1783974151.604,855,7.753,-0.243,-0.383,0.0,14.0
1783974151.704,856,0.716,-0.851,-0.223,0.0,12.4
1783974151.704,856,7.722,-0.0,0.049,0.0,12.3
1783974151.704,856,0.901,-0.27,0.192,-0.081,12.2
1783974151.704,856,0.854,0.39,-0.199,-0.081,12.2
1783974151.754,857,0.498,0.248,0.111,0.0,11.4
1783974151.754,857,7.568,-0.954,0.329,0.0,16.0
1783974151.754,857,7.603,1.456,-0.614,0.0,12.2
1783974151.906,858,7.536,-1.193,-0.275,0.0,14.5
1783974151.906,858,6.477,1.432,3.78,0.0,14.5
1783974151.906,858,7.54,1.213,-1.407,0.0,11.7
1783974152.007,859,7.571,-0.954,-0.247,0.0,15.0
1783974152.007,859,6.518,1.67,3.609,0.0,15.0
1783974152.007,859,7.606,0.971,-1.228,0.0,11.9
1783974152.007,859,7.65,-0.971,0.919,0.0,11.9
1783974152.058,860,0.732,-0.851,-0.166,0.0,12.0
1783974152.058,860,7.441,-0.724,1.936,0.0,15.7
1783974152.058,860,0.856,-0.229,0.232,-0.162,13.8
1783974152.209,861,7.575,-0.954,-0.046,0.0,16.2
1783974152.209,861,6.414,1.67,3.79,0.0,16.2
1783974152.209,861,7.423,1.456,-1.757,0.0,11.9
1783974152.209,861,7.384,-1.213,2.079,0.0,11.9
1783974152.311,862,7.574,-0.954,-0.153,0.0,14.8
1783974152.311,862,6.716,1.67,3.226,0.0,14.8
1783974152.311,862,7.625,-0.724,0.984,0.0,13.1
1783974152.361,863,0.712,-0.851,-0.237,0.0,11.6
1783974152.361,863,7.525,-0.949,0.322,0.0,16.7
1783974152.361,863,7.674,-0.241,0.83,0.0,14.1
1783974152.463,864,7.574,-0.954,-0.139,0.0,15.0
1783974152.463,864,7.766,-0.0,-0.062,0.0,12.1
1783974152.564,865,7.565,-0.954,-0.39,0.0,14.9
1783974152.564,865,6.704,1.67,3.251,0.0,14.9
1783974152.564,865,7.472,1.941,-0.84,0.0,14.0
1783974152.665,866,0.714,-0.851,-0.231,0.0,11.4
1783974152.665,866,7.575,-0.954,0.043,0.0,15.4
1783974152.665,866,7.659,0.965,-0.21,0.0,12.0
1783974152.766,867,0.74,-0.851,-0.125,0.0,12.2
1783974152.766,867,7.498,-1.186,-0.039,0.0,12.5
1783974152.766,867,6.592,1.661,3.379,0.0,12.5
1783974152.867,868,0.717,-0.851,-0.219,0.0,12.2
1783974152.867,868,7.589,-0.716,0.429,0.0,18.4
1783974152.867,868,7.014,-1.213,3.105,0.0,13.5
1783974152.867,868,7.227,1.699,-2.28,0.0,13.5
1783974152.968,869,0.712,-0.851,-0.236,0.0,11.8
1783974152.968,869,7.575,-0.954,0.063,0.0,16.3
1783974152.968,869,7.704,-0.0,-0.98,0.0,11.9
1783974152.968,869,7.748,-0.485,-0.211,0.0,11.9
1783974153.07,870,7.551,-0.96,1.011,0.0,14.8
1783974153.07,870,7.309,1.92,-1.36,0.0,14.8
1783974153.07,870,7.616,1.708,0.269,0.0,11.9
1783974153.172,871,0.71,-0.851,-0.244,0.0,12.2
1783974153.172,871,7.477,-0.954,1.216,0.0,14.6
1783974153.172,871,7.212,1.67,-1.87,0.0,14.6
1783974153.273,872,7.524,-0.949,0.345,0.0,16.4
1783974153.273,872,7.488,-0.728,1.925,0.0,13.5
1783974153.273,872,7.474,1.941,-0.824,0.0,13.5
1783974153.374,873,0.642,-0.886,-0.298,0.0,12.0
1783974153.374,873,7.46,-0.704,0.411,0.0,11.8
1783974153.374,873,7.228,1.876,-0.736,0.0,11.8
1783974153.374,873,7.51,-0.949,0.574,0.0,15.1
1783974153.475,874,0.303,-0.477,-0.231,0.0,11.2
1783974153.475,874,0.307,-0.515,-0.114,0.0,11.2
1783974153.475,874,0.66,-0.886,-0.257,0.0,11.3
1783974153.475,874,1.01,0.496,0.142,0.0,11.3
1783974153.475,874,7.206,1.876,0.928,0.0,11.2
1783974153.475,874,7.464,-0.235,-0.742,0.0,11.2
1783974153.475,874,7.558,-0.954,0.503,0.0,17.3
1783974153.475,874,7.517,1.941,-0.189,0.0,14.9
1783974153.475,874,0.914,0.057,0.027,0.081,11.7
1783974153.576,875,7.449,-0.716,1.513,0.0,12.0
1783974153.576,875,7.586,1.708,-0.727,0.0,13.6
1783974153.677,876,0.302,-0.515,-0.128,0.0,12.0
1783974153.677,876,0.723,-0.851,-0.201,0.0,12.7
1783974153.677,876,1.034,0.461,0.071,0.0,12.7
1783974153.677,876,7.558,-0.724,1.407,0.0,15.5
1783974153.777,877,0.51,0.248,-0.014,0.0,12.0
1783974153.777,877,7.356,-0.712,1.736,0.0,12.7
1783974153.777,877,7.08,1.898,-1.973,0.0,12.7
1783974153.777,877,7.289,-0.971,2.497,0.0,14.3
1783974153.777,877,7.379,1.456,-1.933,0.0,14.3
1783974153.878,878,7.635,1.213,-0.74,0.0,13.7
1783974153.979,879,0.51,0.248,0.005,0.0,12.2
1783974153.979,879,7.385,1.456,-1.912,0.0,14.1
1783974153.979,879,7.082,-1.456,2.835,0.0,14.1
1783974154.08,880,0.515,0.23,-0.057,0.0,12.9
1783974154.08,880,7.255,-0.971,2.595,0.0,14.5
1783974154.08,880,7.417,1.699,-1.552,0.0,14.5
1783974154.182,881,0.515,0.23,-0.058,0.0,12.4
1783974154.182,881,7.476,-0.716,1.375,0.0,12.2
1783974154.182,881,7.451,1.952,-1.289,0.0,12.3
1783974154.182,881,6.7,-0.976,3.892,0.0,12.3
1783974154.283,882,0.283,-0.425,-0.246,0.0,11.9
1783974154.383,883,0.515,0.23,-0.054,0.0,13.4
1783974154.383,883,6.975,2.098,1.614,0.0,11.3
1783974154.383,883,7.425,-0.699,-0.179,0.0,11.3
1783974154.383,883,7.688,-0.724,0.078,0.0,13.5
1783974154.484,884,0.332,-0.477,-0.188,0.0,11.7
1783974154.484,884,0.316,-0.515,-0.089,0.0,11.7
1783974154.484,884,0.645,-0.886,-0.293,0.0,12.9
1783974154.484,884,1.007,0.496,0.165,0.0,12.9
1783974154.484,884,7.484,-0.716,1.333,0.0,15.7
1783974154.484,884,7.521,-0.485,-1.873,0.0,13.0
1783974154.484,884,7.521,1.699,0.928,0.0,13.0
1783974154.584,885,0.51,0.248,-0.019,0.0,12.6
1783974154.584,885,7.452,-0.728,-2.061,0.0,13.1
1783974154.584,885,7.613,1.456,0.477,0.0,13.1
1783974154.686,886,0.328,-0.477,-0.195,0.0,12.0
1783974154.686,886,0.314,-0.515,-0.094,0.0,12.0
1783974154.686,886,0.66,-0.886,-0.257,0.0,12.2
1783974154.686,886,1.016,0.496,0.087,0.0,12.2
1783974154.686,886,7.538,-0.954,0.748,0.0,15.0
1783974154.787,887,7.531,-0.954,0.818,0.0,17.3
1783974154.787,887,7.576,0.485,-1.638,0.0,14.1
1783974154.888,888,0.276,-0.477,-0.263,0.0,12.8
1783974154.888,888,0.303,-0.515,-0.124,0.0,12.8
1783974154.888,888,0.71,-0.851,-0.242,0.0,11.2
1783974154.888,888,1.018,0.496,0.072,0.0,11.2
1783974154.888,888,7.529,-0.954,0.833,0.0,16.9
1783974154.888,888,7.521,-0.485,-1.873,0.0,13.3
1783974154.988,889,0.341,-0.477,-0.171,0.0,12.8
1783974154.988,889,0.317,-0.515,-0.082,0.0,12.8
1783974154.988,889,7.497,-0.954,1.083,0.0,15.3
1783974154.988,889,7.494,1.952,-1.006,0.0,12.2
1783974155.089,890,0.277,-0.477,-0.262,0.0,13.6
1783974155.089,890,0.302,-0.515,-0.127,0.0,13.6
1783974155.089,890,7.435,-0.954,1.448,0.0,13.3
1783974155.089,890,7.253,1.67,-1.705,0.0,13.3
1783974155.089,890,7.599,1.708,-0.569,0.0,12.9
1783974155.19,891,0.336,-0.477,-0.181,0.0,13.0
1783974155.19,891,0.315,-0.515,-0.089,0.0,13.0
1783974155.19,891,7.551,-0.954,0.604,0.0,17.6
1783974155.292,892,7.601,-0.716,0.021,0.0,17.5
1783974155.292,892,7.459,1.456,-1.597,0.0,12.5
1783974155.292,892,7.196,-1.456,2.53,0.0,12.5
1783974155.393,893,0.29,-0.477,-0.248,0.0,13.1
1783974155.393,893,0.304,-0.515,-0.122,0.0,13.1
1783974155.393,893,0.641,-0.886,-0.302,0.0,11.9
1783974155.393,893,1.012,0.496,0.127,0.0,11.9
1783974155.393,893,7.597,-0.716,-0.25,0.0,15.7
1783974155.393,893,6.354,1.909,3.778,0.0,15.7
1783974155.393,893,7.586,0.728,-1.494,0.0,13.0
1783974155.393,893,7.344,-1.456,2.062,0.0,13.0
1783974155.495,894,0.297,-0.477,-0.239,0.0,13.4
1783974155.495,894,0.307,-0.515,-0.115,0.0,13.4
1783974155.495,894,0.719,-0.851,-0.214,0.0,12.5
1783974155.495,894,0.998,0.496,0.213,0.0,12.5
1783974155.495,894,7.704,-0.483,-0.228,0.0,15.0
1783974155.495,894,6.545,2.172,3.475,0.0,15.0
1783974155.596,895,7.562,-0.954,0.439,0.0,17.6
1783974155.596,895,7.561,1.952,0.113,0.0,11.7
1783974155.697,896,0.319,-0.515,-0.076,0.0,12.8
1783974155.697,896,0.315,-0.477,-0.215,0.0,12.8
1783974155.697,896,7.493,-0.954,1.114,0.0,13.5
1783974155.697,896,7.405,-0.485,-2.288,0.0,11.6
1783974155.798,897,0.324,-0.515,-0.052,0.0,12.4
1783974155.798,897,0.656,-0.886,-0.267,0.0,12.0
1783974155.798,897,7.46,-0.954,1.316,0.0,14.4
1783974155.798,897,7.09,1.67,-2.288,0.0,14.4
1783974155.798,897,7.598,-0.485,-1.532,0.0,13.0
1783974155.798,897,7.491,1.699,1.145,0.0,13.0
1783974155.898,898,0.321,-0.515,-0.064,0.0,13.3
1783974155.898,898,0.328,-0.477,-0.195,0.0,13.3
1783974155.898,898,0.657,-0.886,-0.264,0.0,11.7
1783974155.898,898,0.96,0.603,0.041,0.0,11.7
1783974155.898,898,7.573,-0.954,0.191,0.0,14.0
1783974155.898,898,7.196,1.67,-1.931,0.0,14.0
1783974156.0,899,0.515,0.23,-0.06,0.0,14.1
1783974156.0,899,7.6,-0.716,-0.125,0.0,17.3
1783974156.0,899,6.618,1.67,3.422,0.0,17.3
1783974156.0,899,7.738,-0.0,-0.663,0.0,13.3
1783974156.1,900,0.51,0.248,-0.016,0.0,14.1
1783974156.1,900,7.558,-0.712,0.028,0.0,17.6
1783974156.1,900,7.359,-0.965,2.133,0.0,11.8
1783974156.204,901,0.322,-0.477,-0.204,0.0,12.6
1783974156.204,901,0.312,-0.515,-0.1,0.0,12.6
1783974156.204,901,0.726,-0.851,-0.19,0.0,11.8
1783974156.204,901,7.524,-0.949,0.35,0.0,17.9
1783974156.204,901,7.518,-0.724,1.608,0.0,14.1
1783974156.255,902,0.339,-0.477,-0.174,0.0,12.7
1783974156.255,902,0.318,-0.515,-0.081,0.0,12.7
1783974156.255,902,0.632,-0.886,-0.319,0.0,12.2
1783974156.255,902,7.485,-0.469,-0.264,0.0,12.4
1783974156.255,902,6.873,1.876,2.356,0.0,12.4
1783974156.255,902,7.558,-0.954,0.508,0.0,17.6
1783974156.255,902,6.973,1.67,-2.622,0.0,17.6
1783974156.255,902,7.652,-0.243,-1.302,0.0,14.1
1783974156.406,903,0.285,-0.477,-0.253,0.0,12.8
1783974156.406,903,0.306,-0.515,-0.117,0.0,12.8
1783974156.406,903,0.715,-0.851,-0.229,0.0,11.6
1783974156.406,903,1.006,0.496,0.171,0.0,11.6
1783974156.406,903,7.5,-1.193,0.79,0.0,15.6
1783974156.406,903,7.29,1.67,-1.535,0.0,15.6
1783974156.406,903,7.441,-0.243,-2.21,0.0,13.6
1783974156.406,903,7.533,1.699,0.82,0.0,13.6
1783974156.507,904,0.322,-0.477,-0.205,0.0,13.1
1783974156.507,904,0.313,-0.515,-0.097,0.0,13.1
1783974156.507,904,0.652,-0.886,-0.277,0.0,11.6
1783974156.507,904,1.013,0.496,0.123,0.0,11.6
1783974156.507,904,7.049,1.876,1.762,0.0,11.2
1783974156.507,904,7.47,-0.469,-0.541,0.0,11.2
1783974156.507,904,7.561,-0.954,0.458,0.0,15.0
1783974156.507,904,7.247,1.67,-1.726,0.0,15.0
1783974156.507,904,7.661,0.485,-1.176,0.0,13.9
1783974156.507,904,7.383,-1.456,1.918,0.0,13.9
1783974156.557,905,0.299,-0.477,-0.237,0.0,13.2
1783974156.557,905,0.308,-0.515,-0.111,0.0,13.2
1783974156.557,905,0.668,-0.886,-0.235,0.0,11.6
1783974156.557,905,1.001,0.496,0.196,0.0,11.6
1783974156.557,905,7.47,-0.704,-0.095,0.0,12.1
1783974156.557,905,7.132,1.876,1.387,0.0,12.1
1783974156.557,905,7.527,-0.949,0.283,0.0,16.1
1783974156.557,905,6.976,-1.456,3.086,0.0,12.8
1783974156.557,905,7.27,1.213,-2.445,0.0,12.8
1783974156.709,906,0.291,-0.477,-0.247,0.0,13.2
1783974156.709,906,0.308,-0.515,-0.113,0.0,13.2
1783974156.709,906,0.661,-0.886,-0.254,0.0,11.2
1783974156.709,906,7.516,-0.949,0.492,0.0,16.3
1783974156.709,906,7.087,-1.699,2.684,0.0,13.2
1783974156.709,906,7.446,0.728,-2.084,0.0,13.2
1783974156.81,907,0.281,-0.477,-0.258,0.0,13.2
1783974156.81,907,0.303,-0.515,-0.125,0.0,13.2
1783974156.81,907,0.664,-0.886,-0.247,0.0,11.5
1783974156.81,907,1.018,0.496,0.07,0.0,11.5
1783974156.81,907,7.539,-0.965,1.364,0.0,15.5
1783974156.861,908,7.573,-0.954,0.192,0.0,17.5
1783974156.962,909,0.661,-0.886,-0.255,0.0,11.5
1783974156.962,909,1.035,0.461,0.061,0.0,11.5
1783974156.962,909,7.528,-0.954,0.84,0.0,17.3
1783974156.962,909,7.161,1.909,-1.836,0.0,17.3
1783974156.962,909,7.335,-0.0,-2.55,0.0,13.6
1783974156.962,909,7.037,2.427,2.213,0.0,13.6
1783974157.112,910,0.514,0.23,-0.066,0.0,14.3
1783974157.112,910,7.535,-0.954,0.783,0.0,17.2
1783974157.112,910,6.422,1.67,-3.776,0.0,17.2
1783974157.112,910,7.491,-0.0,-2.05,0.0,13.7
1783974157.112,910,7.136,2.427,1.871,0.0,13.7
1783974157.163,911,7.551,-0.954,0.606,0.0,17.8
1783974157.163,911,7.439,-0.0,-2.23,0.0,12.5
1783974157.163,911,7.161,2.427,1.771,0.0,12.5
1783974157.264,912,0.322,-0.515,-0.062,0.0,12.6
1783974157.264,912,7.556,-0.954,0.542,0.0,18.0
1783974157.366,913,0.284,-0.425,-0.245,0.0,13.9
1783974157.366,913,7.566,-0.954,0.381,0.0,17.8
1783974157.467,914,0.265,-0.425,-0.265,0.0,13.8
1783974157.467,914,7.555,-0.954,0.558,0.0,16.3
1783974157.567,915,0.515,0.23,-0.055,0.0,14.2
1783974157.567,915,7.513,-1.193,0.648,0.0,16.1
1783974157.567,915,7.455,1.456,-1.614,0.0,12.0
1783974157.567,915,7.397,-1.456,1.863,0.0,12.0
1783974157.667,916,7.515,-1.193,0.634,0.0,16.2
1783974157.667,916,7.596,1.708,-0.611,0.0,12.4
1783974157.769,917,0.51,0.248,-0.02,0.0,14.2
1783974157.769,917,7.508,-0.954,1.004,0.0,16.3
1783974157.769,917,7.58,1.708,-0.783,0.0,11.3
1783974157.87,918,7.439,-0.938,-0.297,0.0,12.2
1783974157.87,918,7.031,1.876,1.834,0.0,12.2
1783974157.87,918,7.496,-0.954,1.089,0.0,13.7
1783974157.972,919,7.566,-0.954,0.375,0.0,17.4
1783974157.972,919,7.457,1.213,-1.797,0.0,12.1
1783974157.972,919,7.278,-1.699,2.111,0.0,12.1
1783974158.073,920,0.714,-0.851,-0.23,0.0,12.2
1783974158.073,920,1.017,0.496,0.075,0.0,12.2
1783974158.073,920,7.575,-0.954,0.067,0.0,17.9
1783974158.073,920,7.1,-1.213,2.902,0.0,13.1
1783974158.073,920,7.261,1.456,-2.34,0.0,13.1
1783974158.174,921,0.29,-0.477,-0.247,0.0,13.1
1783974158.174,921,0.308,-0.515,-0.113,0.0,13.1
1783974158.174,921,0.72,-0.851,-0.21,0.0,11.6
1783974158.174,921,1.012,0.496,0.13,0.0,11.6
1783974158.174,921,7.601,-0.716,-0.083,0.0,15.3
1783974158.174,921,7.516,1.456,-1.301,0.0,13.9
1783974158.174,921,6.789,-1.456,3.478,0.0,13.9
1783974158.275,922,0.306,-0.515,-0.118,0.0,13.3
1783974158.275,922,0.29,-0.477,-0.247,0.0,13.3
1783974158.275,922,7.525,-0.949,0.317,0.0,16.0
1783974158.275,922,7.527,1.699,-0.873,0.0,13.2
1783974158.375,923,0.304,-0.477,-0.23,0.0,13.1
1783974158.375,923,0.309,-0.515,-0.109,0.0,13.1
1783974158.375,923,0.707,-0.851,-0.25,0.0,12.3
1783974158.375,923,1.028,0.461,0.13,0.0,12.3
1783974158.375,923,7.572,-0.954,0.208,0.0,16.8
1783974158.477,924,0.663,-0.886,-0.25,0.0,11.5
1783974158.477,924,1.034,0.461,0.067,0.0,11.5
1783974158.477,924,7.533,-1.193,0.349,0.0,13.3
1783974158.477,924,7.482,1.432,0.517,0.0,13.3
1783974158.477,924,7.496,-0.485,-1.97,0.0,13.6
1783974158.477,924,7.669,1.213,-0.146,0.0,13.6
1783974158.578,925,7.613,1.456,-0.479,0.0,11.4
1783974158.679,926,0.313,-0.515,-0.097,0.0,13.0
1783974158.679,926,0.292,-0.477,-0.246,0.0,13.0
1783974158.679,926,0.658,-0.886,-0.261,0.0,11.3
1783974158.679,926,1.02,0.496,0.002,0.0,11.3
1783974158.679,926,7.541,-1.193,0.08,0.0,14.5
1783974158.679,926,7.498,1.432,-0.158,0.0,14.5
1783974158.679,926,7.674,0.485,-1.089,0.0,13.4
1783974158.78,927,0.508,0.248,0.041,0.0,13.3
1783974158.78,927,7.573,-0.954,-0.187,0.0,15.8
1783974158.78,927,7.487,1.456,-1.46,0.0,14.2
1783974158.881,928,7.193,-1.173,1.787,0.0,11.2
1783974158.881,928,7.116,2.345,-0.416,0.0,11.2
1783974158.881,928,7.523,-0.949,0.372,0.0,16.7
1783974158.881,928,7.166,-0.971,2.83,0.0,15.3
1783974158.881,928,7.31,1.941,-1.761,0.0,15.3
1783974158.981,929,0.508,0.248,0.04,0.0,13.5
1783974158.981,929,7.309,-0.938,1.418,0.0,11.6
1783974158.981,929,7.1,1.642,-1.789,0.0,11.6
1783974158.981,929,7.598,-0.716,-0.233,0.0,14.7
1783974158.981,929,6.763,1.67,3.125,0.0,14.7
1783974158.981,929,6.763,-0.971,3.692,0.0,12.9
1783974158.981,929,7.123,1.699,-2.586,0.0,12.9
1783974159.084,930,0.51,0.248,-0.0,0.0,14.1
1783974159.084,930,7.574,-0.954,-0.125,0.0,17.2
1783974159.084,930,6.411,1.67,3.796,0.0,17.2
1783974159.084,930,7.43,1.456,-1.726,0.0,14.1
1783974159.184,931,0.514,0.23,-0.067,0.0,13.9
1783974159.184,931,7.575,-0.954,-0.043,0.0,16.1
1783974159.184,931,7.094,1.67,2.276,0.0,16.1
1783974159.184,931,7.808,-0.0,-0.164,0.0,11.9
1783974159.285,932,0.51,0.248,0.006,0.0,14.0
1783974159.285,932,7.525,-1.193,0.499,0.0,14.8
1783974159.285,932,7.104,1.67,-2.245,0.0,14.8
1783974159.285,932,7.762,0.488,-0.71,0.0,11.2
1783974159.386,933,0.51,0.248,0.011,0.0,14.4
1783974159.386,933,7.541,-1.193,-0.012,0.0,16.5
1783974159.488,934,0.314,-0.443,-0.164,0.0,13.7
1783974159.488,934,7.575,-0.954,0.03,0.0,13.9
1783974159.488,934,6.439,1.67,3.748,0.0,13.9
1783974159.488,934,7.552,1.456,-1.073,0.0,13.5
1783974159.589,935,0.51,0.248,0.006,0.0,13.8
1783974159.589,935,7.575,-0.954,0.085,0.0,16.0
1783974159.589,935,7.072,1.432,2.496,0.0,16.0
1783974159.589,935,7.687,-0.724,0.12,0.0,14.9
1783974159.589,935,7.471,1.931,0.311,0.0,14.9
1783974159.689,936,0.516,0.23,-0.053,0.0,13.8
1783974159.689,936,7.574,-0.954,-0.12,0.0,15.1
1783974159.791,937,0.515,0.23,-0.058,0.0,13.7
1783974159.791,937,7.574,-0.954,-0.126,0.0,16.3
1783974159.791,937,7.481,0.971,-1.843,0.0,13.8
1783974159.791,937,7.264,-1.699,2.158,0.0,13.8
1783974159.892,938,0.51,0.248,0.004,0.0,14.0
1783974159.892,938,0.741,-0.851,-0.121,0.0,11.7
1783974159.892,938,1.019,0.496,0.038,0.0,11.7
1783974159.892,938,7.541,-1.193,-0.084,0.0,15.2
1783974159.892,938,7.644,-0.488,-1.525,0.0,13.4
1783974159.892,938,7.246,2.196,1.915,0.0,13.4
1783974159.993,939,0.515,0.23,-0.059,0.0,14.1
1783974159.993,939,7.538,-1.193,0.237,0.0,15.7
1783974159.993,939,7.684,-0.0,-1.397,0.0,11.4
1783974159.993,939,6.851,2.685,2.616,0.0,11.4
1783974160.094,940,0.515,0.23,-0.054,0.0,14.1
1783974160.094,940,7.575,-0.954,-0.085,0.0,16.2
1783974160.094,940,7.361,0.971,-2.278,0.0,13.5
1783974160.094,940,7.152,-1.456,2.652,0.0,13.5
1783974160.195,941,0.516,0.23,-0.051,0.0,14.0
1783974160.195,941,7.538,-1.193,-0.227,0.0,15.0
1783974160.195,941,6.46,1.432,3.81,0.0,15.0
1783974160.195,941,7.544,-0.724,1.481,0.0,16.1
1783974160.295,942,0.515,0.23,-0.055,0.0,14.3
1783974160.295,942,7.574,-0.954,-0.125,0.0,15.6
1783974160.295,942,7.538,1.456,-1.17,0.0,13.3
1783974160.396,943,0.516,0.23,-0.052,0.0,14.6
1783974160.396,943,7.575,-0.954,0.021,0.0,15.1
1783974160.396,943,7.608,-0.965,0.909,0.0,14.2
1783974160.496,944,0.515,0.23,-0.056,0.0,14.2
1783974160.496,944,7.575,-0.954,-0.033,0.0,15.3
1783974160.496,944,7.548,1.456,-1.101,0.0,12.5
1783974160.598,945,0.516,0.23,-0.053,0.0,14.0
1783974160.598,945,7.54,-1.193,0.106,0.0,17.7
1783974160.698,946,0.51,0.248,0.006,0.0,14.1
1783974160.698,946,7.575,-0.954,-0.016,0.0,17.7
1783974160.799,947,0.51,0.248,0.006,0.0,14.7
1783974160.799,947,7.57,-0.954,-0.267,0.0,17.9
1783974160.799,947,6.725,1.67,3.206,0.0,17.9
1783974160.799,947,7.191,2.427,1.647,0.0,11.8
1783974160.799,947,6.802,-1.941,3.205,0.0,11.8
1783974160.9,948,0.515,0.23,-0.057,0.0,14.4
1783974160.9,948,7.575,-0.954,0.028,0.0,17.9
1783974160.9,948,6.531,1.67,3.584,0.0,17.9
1783974160.9,948,7.369,2.184,1.114,0.0,13.1
1783974160.9,948,7.577,1.699,0.078,0.0,13.1
1783974161.002,949,0.319,-0.515,-0.075,0.0,13.1
1783974161.002,949,0.32,-0.477,-0.208,0.0,13.1
1783974161.002,949,0.655,-0.886,-0.27,0.0,11.2
1783974161.002,949,0.961,0.603,0.026,0.0,11.2
1783974161.002,949,7.529,-1.193,0.422,0.0,16.4
1783974161.102,950,0.309,-0.515,-0.11,0.0,13.2
1783974161.102,950,0.668,-0.886,-0.234,0.0,11.7
1783974161.102,950,1.034,0.461,-0.069,0.0,11.7
1783974161.102,950,7.567,-0.954,0.345,0.0,18.2
1783974161.102,950,6.521,2.67,3.266,0.0,12.6
1783974161.102,950,7.268,-0.0,-2.737,0.0,12.6
1783974161.204,951,0.722,-0.851,-0.205,0.0,11.2
1783974161.204,951,1.019,0.496,0.041,0.0,11.2
1783974161.204,951,7.468,-0.704,0.227,0.0,12.0
1783974161.204,951,7.539,-0.954,0.737,0.0,15.2
1783974161.204,951,6.872,1.67,-2.877,0.0,15.2
1783974161.305,952,0.32,-0.515,-0.069,0.0,12.9
1783974161.305,952,0.324,-0.477,-0.201,0.0,12.9
1783974161.305,952,0.66,-0.886,-0.257,0.0,11.9
1783974161.305,952,0.911,0.603,0.307,0.0,11.9
1783974161.305,952,7.575,-0.954,-0.021,0.0,16.8
1783974161.305,952,6.631,1.67,3.396,0.0,16.8
1783974161.305,952,7.606,-0.0,-1.566,0.0,13.4
1783974161.305,952,6.94,2.427,2.501,0.0,13.4
1783974161.356,953,0.729,-0.851,-0.18,0.0,11.4
1783974161.356,953,1.019,0.496,0.049,0.0,11.4
1783974161.356,953,7.551,-0.712,0.335,0.0,16.3
1783974161.356,953,7.405,2.184,0.84,0.0,12.5
1783974161.356,953,7.043,-1.456,2.929,0.0,12.5
1783974161.507,954,7.3,2.184,1.498,0.0,14.6
1783974161.608,955,0.311,-0.515,-0.104,0.0,12.3
1783974161.608,955,0.277,-0.477,-0.262,0.0,12.3
1783974161.608,955,0.662,-0.886,-0.251,0.0,12.7
1783974161.608,955,0.933,0.567,0.309,0.0,12.7
1783974161.608,955,7.55,-0.712,0.337,0.0,17.5
1783974161.608,955,7.338,-0.724,2.295,0.0,14.2
1783974161.608,955,7.351,1.931,-1.368,0.0,14.2
1783974161.658,956,0.706,-0.851,-0.254,0.0,12.7
1783974161.658,956,1.016,0.496,0.091,0.0,12.7
1783974161.658,956,7.574,-0.954,0.14,0.0,18.1
1783974161.81,957,0.3,-0.515,-0.133,0.0,11.3
1783974161.81,957,0.65,-0.886,-0.28,0.0,11.7
1783974161.81,957,0.943,0.603,0.188,0.0,11.7
1783974161.81,957,7.575,-0.954,-0.026,0.0,16.5
1783974161.81,957,6.701,1.909,3.122,0.0,16.5
1783974161.81,957,7.279,2.427,1.197,0.0,12.9
1783974161.81,957,7.504,-1.699,1.057,0.0,12.9
1783974161.91,958,7.574,-0.954,0.157,0.0,18.1
1783974161.91,958,6.339,1.909,3.804,0.0,18.1
1783974161.91,958,7.353,1.931,1.356,0.0,14.2
1783974161.961,959,7.556,-0.712,0.172,0.0,16.5
1783974161.961,959,7.657,-1.213,0.453,0.0,13.7
1783974161.961,959,6.985,2.67,2.095,0.0,13.7
1783974162.061,960,0.664,-0.886,-0.247,0.0,11.6
1783974162.061,960,1.036,0.461,-0.021,0.0,11.6
1783974162.061,960,7.489,-0.469,0.001,0.0,11.7
1783974162.061,960,7.441,-0.938,0.241,0.0,11.7
1783974162.061,960,7.529,-0.949,0.21,0.0,16.3
1783974162.061,960,7.502,-1.207,1.378,0.0,13.7
1783974162.061,960,7.317,2.172,1.177,0.0,13.7
1783974162.212,961,0.73,-0.851,-0.173,0.0,11.9
1783974162.212,961,1.006,0.496,0.169,0.0,11.9
1783974162.212,961,7.567,-0.954,-0.348,0.0,15.4
1783974162.212,961,6.909,1.909,2.631,0.0,15.4
1783974162.212,961,7.161,2.172,1.906,0.0,13.8
1783974162.212,961,7.671,-0.483,-0.749,0.0,13.8
1783974162.263,962,7.575,-0.954,0.01,0.0,16.8
1783974162.263,962,6.825,1.909,2.841,0.0,16.8
1783974162.263,962,7.355,1.689,1.638,0.0,13.1
1783974162.263,962,7.668,-0.724,-0.558,0.0,13.1
1783974162.364,963,7.575,-0.954,-0.055,0.0,16.9
1783974162.364,963,6.724,1.67,3.207,0.0,16.9
1783974162.364,963,7.542,1.448,0.812,0.0,14.7
1783974162.465,964,7.467,-0.704,0.258,0.0,11.3
1783974162.465,964,7.575,1.699,0.212,0.0,12.7
1783974162.566,965,0.671,-0.886,-0.225,0.0,11.4
1783974162.566,965,1.019,0.496,-0.041,0.0,11.4
1783974162.566,965,7.465,-0.704,0.307,0.0,11.3
1783974162.566,965,6.345,1.876,3.541,0.0,11.3
1783974162.566,965,7.575,-0.954,-0.094,0.0,16.4
1783974162.566,965,6.628,1.67,3.402,0.0,16.4
1783974162.566,965,7.524,1.448,0.965,0.0,13.0
1783974162.566,965,7.518,-1.689,-0.508,0.0,13.0
1783974162.668,966,0.662,-0.886,-0.252,0.0,11.2
1783974162.668,966,1.02,0.496,0.003,0.0,11.2
1783974162.668,966,7.573,-0.954,-0.197,0.0,15.6
1783974162.668,966,6.764,1.909,2.984,0.0,15.6
1783974162.668,966,7.335,-0.488,-2.636,0.0,12.5
1783974162.668,966,7.182,2.44,1.857,0.0,12.5
1783974162.668,966,0.847,-0.258,0.237,-0.162,13.3
1783974162.668,966,0.802,0.086,-0.434,-0.162,13.3
1783974162.769,967,7.481,-0.469,-0.353,0.0,11.3
1783974162.769,967,6.625,1.876,2.984,0.0,11.3
1783974162.769,967,7.532,-0.949,0.062,0.0,16.7
1783974162.769,967,6.497,1.898,3.438,0.0,16.7
1783974162.769,967,0.732,-0.259,-0.291,-0.162,14.5
1783974162.769,967,0.848,-0.229,0.262,-0.162,14.7
1783974162.87,968,7.574,-0.954,-0.109,0.0,16.0
1783974162.87,968,6.425,1.67,3.771,0.0,16.0
1783974162.87,968,6.823,2.912,2.297,0.0,12.6
1783974162.87,968,7.425,-0.0,-2.276,0.0,12.6
1783974162.87,968,0.696,-0.196,-0.305,-0.162,14.3
1783974162.87,968,0.87,-0.286,-0.024,-0.081,13.9
1783974162.87,968,0.701,0.573,-0.144,-0.081,13.9
1783974162.971,969,0.507,0.248,0.052,0.0,13.0
1783974162.971,969,7.566,-0.954,0.371,0.0,16.8
1783974163.072,970,0.641,-0.886,-0.301,0.0,11.6
1783974163.072,970,7.56,-0.954,0.477,0.0,16.6
1783974163.072,970,7.341,-0.485,-2.487,0.0,12.5
1783974163.072,970,6.939,2.427,2.504,0.0,12.5
1783974163.173,971,0.636,-0.886,-0.312,0.0,11.6
1783974163.173,971,7.563,-0.954,0.422,0.0,16.2
1783974163.173,971,6.792,1.67,3.062,0.0,16.2
1783974163.274,972,7.54,-0.954,0.726,0.0,16.5
1783974163.274,972,6.803,1.67,-3.038,0.0,16.5
1783974163.274,972,7.547,1.699,0.681,0.0,11.4
1783974163.274,972,6.961,-0.971,-3.302,0.0,11.4
1783974163.375,973,0.315,-0.515,-0.092,0.0,12.4
1783974163.375,973,0.292,-0.477,-0.245,0.0,12.4
1783974163.375,973,0.662,-0.886,-0.251,0.0,11.7
1783974163.375,973,7.483,-1.193,0.934,0.0,14.4
1783974163.375,973,7.577,1.699,0.141,0.0,12.7
1783974163.477,974,7.504,1.941,0.483,0.0,12.4
1783974163.578,975,0.316,-0.477,-0.214,0.0,11.8
1783974163.578,975,0.318,-0.515,-0.08,0.0,11.8
1783974163.578,975,0.662,-0.886,-0.252,0.0,12.0
1783974163.578,975,0.794,0.603,-0.541,0.0,12.0
1783974163.578,975,7.524,-1.193,0.51,0.0,13.5
1783974163.578,975,7.446,1.432,-0.896,0.0,13.5
1783974163.578,975,7.463,-0.244,-2.289,0.0,12.1
1783974163.578,975,7.255,2.44,1.551,0.0,12.1
1783974163.678,976,0.314,-0.515,-0.093,0.0,12.2
1783974163.678,976,0.289,-0.477,-0.249,0.0,12.2
1783974163.678,976,0.653,-0.886,-0.275,0.0,11.8
1783974163.678,976,0.961,0.603,0.02,0.0,11.8
1783974163.678,976,7.573,-0.954,0.165,0.0,13.6
1783974163.678,976,7.413,1.67,0.743,0.0,13.6
1783974163.678,976,7.321,-0.724,2.348,0.0,14.5
1783974163.78,977,0.316,-0.515,-0.088,0.0,13.0
1783974163.78,977,0.289,-0.477,-0.249,0.0,13.0
1783974163.78,977,0.642,-0.886,-0.298,0.0,11.2
1783974163.78,977,7.548,-0.954,-0.635,0.0,14.2
1783974163.78,977,7.206,1.67,1.89,0.0,14.2
1783974163.881,978,0.324,-0.515,-0.052,0.0,11.5
1783974163.881,978,0.647,-0.886,-0.287,0.0,12.3
1783974163.881,978,7.563,-0.954,-0.432,0.0,15.7
1783974163.881,978,6.804,1.67,3.034,0.0,15.7
1783974163.881,978,7.545,0.728,-1.69,0.0,13.8
1783974163.881,978,7.262,-1.941,1.949,0.0,13.8
1783974163.982,979,7.573,-0.954,-0.186,0.0,14.8
1783974163.982,979,6.834,1.67,2.967,0.0,14.8
1783974163.982,979,7.183,-0.724,2.74,0.0,12.9
1783974163.982,979,7.421,1.931,-0.917,0.0,12.9
1783974164.084,980,0.515,0.23,-0.056,0.0,13.4
1783974164.084,980,7.536,-0.954,0.772,0.0,15.7
1783974164.084,980,7.434,1.67,-0.485,0.0,15.7
1783974164.084,980,7.518,-0.243,-1.932,0.0,13.2
1783974164.084,980,7.664,-0.971,-0.795,0.0,13.2
1783974164.185,981,7.698,-0.732,-1.093,0.0,13.6
1783974164.185,981,7.076,2.196,2.468,0.0,13.6
1783974164.286,982,0.515,0.23,-0.056,0.0,13.7
1783974164.286,982,7.677,-0.488,-1.347,0.0,13.4
1783974164.286,982,7.368,1.952,1.701,0.0,13.4
1783974164.386,983,0.515,0.23,-0.058,0.0,12.3
1783974164.386,983,7.789,-0.488,-0.285,0.0,13.5
1783974164.487,984,0.51,0.248,-0.002,0.0,13.1
1783974164.487,984,7.502,-1.213,1.599,0.0,13.7
1783974164.487,984,7.597,0.971,-1.288,0.0,13.7
1783974164.588,985,0.51,0.248,-0.017,0.0,12.1
1783974164.588,985,7.571,-0.954,-0.243,0.0,14.7
1783974164.588,985,7.254,-1.213,2.494,0.0,13.7
1783974164.588,985,7.401,1.456,-1.846,0.0,13.7
1783974164.689,986,0.306,-0.515,-0.118,0.0,12.1
1783974164.689,986,0.285,-0.477,-0.253,0.0,12.1
1783974164.689,986,7.269,-0.965,2.42,0.0,14.9
1783974164.689,986,7.395,1.931,-1.106,0.0,14.9
1783974164.689,986,7.677,1.22,-0.752,0.0,12.5
1783974164.689,986,7.183,-1.464,2.693,0.0,12.5
1783974164.79,987,7.555,-0.954,-0.552,0.0,14.7
1783974164.79,987,6.981,1.67,2.601,0.0,14.7
1783974164.79,987,7.161,-1.213,2.748,0.0,13.0
1783974164.79,987,7.364,1.456,-1.991,0.0,13.0
1783974164.891,988,7.522,-1.193,-0.536,0.0,14.2
1783974164.891,988,7.193,-0.971,2.763,0.0,13.9
1783974164.891,988,7.246,1.699,-2.217,0.0,13.9
1783974164.993,989,7.015,-0.971,3.186,0.0,14.2
1783974164.993,989,7.306,1.699,-2.012,0.0,14.2
1783974165.094,990,0.267,-0.425,-0.264,0.0,12.5
1783974165.094,990,0.652,-0.886,-0.276,0.0,12.1
1783974165.094,990,7.407,-1.213,1.994,0.0,16.1
1783974165.094,990,7.244,1.456,-2.389,0.0,16.1
1783974165.195,991,0.515,0.23,-0.061,0.0,12.7
1783974165.195,991,7.805,-0.244,0.072,0.0,13.3
1783974165.296,992,0.51,0.248,0.006,0.0,12.2
1783974165.296,992,7.58,0.971,-1.381,0.0,14.2
1783974165.398,993,7.525,-1.193,-0.488,0.0,15.2
1783974165.398,993,7.215,1.67,1.855,0.0,15.2
1783974165.398,993,7.387,1.689,-1.486,0.0,14.3
1783974165.398,993,6.592,-1.207,3.836,0.0,14.3
1783974165.499,994,0.51,0.248,-0.004,0.0,12.3
1783974165.499,994,7.535,1.689,-0.037,0.0,16.8
1783974165.499,994,7.662,-0.965,-0.017,0.0,16.8
1783974165.6,995,7.515,1.689,-0.555,0.0,16.1
1783974165.701,996,7.503,-0.96,1.321,0.0,14.2
1783974165.701,996,7.45,1.68,-0.798,0.0,14.2
1783974165.701,996,7.487,1.699,-1.171,0.0,14.4
1783974165.701,996,7.614,-0.728,1.343,0.0,14.4
1783974165.801,997,0.653,-0.886,-0.273,0.0,11.6
1783974165.801,997,1.006,0.496,0.168,0.0,11.6
1783974165.801,997,7.653,1.213,-0.512,0.0,13.6
1783974165.902,998,0.648,-0.886,-0.285,0.0,11.9
1783974165.902,998,7.661,1.213,-0.386,0.0,12.7
1783974166.003,999,7.57,1.213,-1.238,0.0,12.9
1783974166.003,999,7.362,-1.456,1.998,0.0,12.9
1783974166.105,1000,0.509,0.248,-0.024,0.0,11.3
1783974166.105,1000,7.599,-0.716,0.201,0.0,17.0
1783974166.105,1000,7.565,1.456,-0.977,0.0,14.5
1783974166.156,1001,7.558,-0.712,0.04,0.0,13.7
1783974166.156,1001,7.555,1.456,-1.056,0.0,13.5
1783974166.307,1002,7.336,-0.933,0.984,0.0,11.8
1783974166.307,1002,7.296,-1.399,0.688,0.0,11.8
1783974166.307,1002,7.567,-0.954,0.344,0.0,16.0
1783974166.307,1002,6.946,-0.965,3.234,0.0,12.9
1783974166.307,1002,7.476,1.689,-0.942,0.0,12.9
1783974166.408,1003,7.532,-0.949,-0.0,0.0,12.4
1783974166.459,1004,7.466,0.971,-1.905,0.0,12.9
1783974166.56,1005,0.671,-0.886,-0.226,0.0,12.0
1783974166.56,1005,1.03,0.461,0.116,0.0,12.0
1783974166.56,1005,7.536,-1.193,-0.281,0.0,13.7
1783974166.56,1005,7.061,1.67,2.376,0.0,13.7
1783974166.56,1005,7.546,0.728,-1.684,0.0,12.4
1783974166.712,1006,7.573,-0.954,0.175,0.0,16.3
1783974166.712,1006,7.673,-0.0,-1.195,0.0,12.4
1783974166.764,1007,0.664,-0.886,-0.245,0.0,11.4
1783974166.764,1007,0.993,0.496,0.232,0.0,11.4
1783974166.764,1007,7.394,-0.938,0.872,0.0,12.4
1783974166.764,1007,7.565,-0.954,-0.4,0.0,15.0
1783974166.764,1007,6.862,1.909,2.751,0.0,15.0
1783974166.865,1008,7.412,1.92,0.581,0.0,13.5
1783974166.865,1008,7.46,2.196,0.715,0.0,13.2
1783974166.865,1008,7.678,0.488,-1.34,0.0,13.2
1783974166.967,1009,0.515,0.23,-0.06,0.0,13.9
1783974166.967,1009,7.571,-0.954,0.246,0.0,15.0
1783974166.967,1009,7.374,1.909,0.519,0.0,15.0
1783974166.967,1009,7.467,1.931,-0.394,0.0,11.6
1783974167.067,1010,0.508,0.248,0.048,0.0,14.3
1783974167.067,1010,7.519,1.941,0.064,0.0,13.2
1783974167.067,1010,7.627,1.456,-0.148,0.0,13.2
1783974167.067,1010,0.893,-0.24,0.256,0.325,17.6
1783974167.168,1011,7.478,2.196,-0.487,0.0,11.7
1783974167.269,1012,0.728,-0.851,-0.18,0.0,11.7
1783974167.269,1012,7.572,-0.954,-0.229,0.0,14.8
1783974167.269,1012,6.738,1.67,3.178,0.0,14.8
1783974167.269,1012,7.378,-1.213,2.097,0.0,12.8
1783974167.269,1012,6.928,1.699,-3.07,0.0,12.8
1783974167.269,1012,0.984,-0.262,0.243,-0.568,20.0
1783974167.37,1013,7.573,-0.954,-0.184,0.0,15.1
1783974167.37,1013,6.693,1.909,3.138,0.0,15.1
1783974167.37,1013,7.459,-0.724,1.864,0.0,14.6
1783974167.471,1014,0.322,-0.515,-0.062,0.0,12.9
1783974167.471,1014,7.573,-0.954,-0.197,0.0,15.3
1783974167.471,1014,6.628,1.67,3.402,0.0,15.3
1783974167.471,1014,0.94,-0.496,-0.397,-0.568,19.7
1783974167.573,1015,7.571,-0.954,0.258,0.0,16.0
1783974167.573,1015,7.347,1.909,0.824,0.0,16.0
1783974167.573,1015,7.514,1.941,0.274,0.0,12.9
1783974167.573,1015,7.144,-0.243,-3.036,0.0,12.9
1783974167.673,1016,0.318,-0.515,-0.079,0.0,13.0
1783974167.673,1016,0.316,-0.477,-0.214,0.0,13.0
1783974167.775,1017,0.304,-0.515,-0.122,0.0,13.4
1783974167.775,1017,0.713,-0.851,-0.233,0.0,11.9
1783974167.775,1017,1.016,0.496,0.091,0.0,11.9
1783974167.775,1017,7.529,1.952,-0.699,0.0,14.3
1783974167.775,1017,6.692,-0.976,3.905,0.0,14.3
1783974167.978,1019,0.316,-0.515,-0.088,0.0,13.6
1783974167.978,1019,0.307,-0.477,-0.227,0.0,13.6
1783974167.978,1019,0.655,-0.886,-0.269,0.0,12.1
1783974167.978,1019,0.961,0.603,0.023,0.0,12.1
1783974167.978,1019,7.537,-0.954,0.762,0.0,17.3
1783974167.978,1019,7.387,1.909,-0.29,0.0,17.3
1783974167.978,1019,7.54,1.952,-0.567,0.0,12.1
1783974168.079,1020,0.722,-0.851,-0.204,0.0,11.4
1783974168.079,1020,0.993,0.532,0.134,0.0,11.4
1783974168.079,1020,7.564,-0.954,0.405,0.0,18.4
1783974168.079,1020,7.608,-0.485,-1.478,0.0,13.3
1783974168.079,1020,7.232,2.184,1.798,0.0,13.3
1783974168.18,1021,0.3,-0.515,-0.131,0.0,13.9
1783974168.18,1021,7.552,-0.954,0.589,0.0,17.4
1783974168.18,1021,7.537,-0.485,-1.809,0.0,12.5
1783974168.18,1021,7.454,1.941,0.991,0.0,12.5
1783974168.28,1022,0.3,-0.515,-0.133,0.0,13.7
1783974168.28,1022,0.661,-0.886,-0.255,0.0,12.4
1783974168.28,1022,0.965,0.567,0.186,0.0,12.4
1783974168.28,1022,7.454,-0.954,1.352,0.0,14.2
1783974168.28,1022,7.41,1.67,-0.772,0.0,14.2
1783974168.28,1022,7.62,1.708,-0.021,0.0,11.3
1783974168.381,1023,0.669,-0.886,-0.232,0.0,11.8
1783974168.381,1023,1.02,0.496,0.0,0.0,11.8
1783974168.381,1023,7.669,-0.243,-1.196,0.0,13.2
1783974168.482,1024,0.3,-0.515,-0.131,0.0,13.8
1783974168.482,1024,7.492,-1.193,0.858,0.0,14.6
1783974168.482,1024,7.448,1.67,-0.17,0.0,14.6
1783974168.482,1024,6.896,-0.732,-3.59,0.0,11.9
1783974168.482,1024,7.487,1.952,1.059,0.0,11.9
1783974168.583,1025,0.718,-0.851,-0.219,0.0,11.3
1783974168.583,1025,1.02,0.496,-0.028,0.0,11.3
1783974168.583,1025,7.575,-0.954,0.032,0.0,14.5
1783974168.583,1025,6.797,1.67,3.049,0.0,14.5
1783974168.583,1025,7.616,1.708,-0.246,0.0,11.2
1783974168.685,1026,0.652,-0.886,-0.275,0.0,11.4
1783974168.685,1026,0.942,0.603,0.191,0.0,11.4
1783974168.685,1026,7.57,-0.954,0.274,0.0,15.3
1783974168.685,1026,7.519,-0.485,-1.881,0.0,12.7
1783974168.685,1026,7.405,1.941,1.308,0.0,12.7
1783974168.787,1027,0.304,-0.515,-0.122,0.0,13.6
1783974168.787,1027,0.657,-0.886,-0.264,0.0,11.5
1783974168.787,1027,0.903,0.603,0.329,0.0,11.5
1783974168.787,1027,7.55,-0.954,0.618,0.0,16.4
1783974168.787,1027,7.093,1.67,2.278,0.0,16.4
1783974168.787,1027,7.557,1.952,-0.257,0.0,11.7
1783974168.889,1028,0.664,-0.886,-0.246,0.0,12.0
1783974168.889,1028,1.02,0.496,0.015,0.0,12.0
1783974168.889,1028,7.541,-0.954,0.723,0.0,14.9
1783974168.889,1028,7.388,1.67,0.957,0.0,14.9
1783974168.889,1028,7.705,-0.483,-0.165,0.0,13.2
1783974168.99,1029,0.309,-0.515,-0.11,0.0,13.9
1783974168.99,1029,0.659,-0.886,-0.26,0.0,12.0
1783974168.99,1029,0.95,0.603,0.146,0.0,12.0
1783974168.99,1029,7.505,-0.954,1.029,0.0,15.2
1783974168.99,1029,7.208,1.909,-1.643,0.0,15.2
1783974168.99,1029,7.56,1.952,-0.172,0.0,11.8
1783974169.091,1030,0.312,-0.515,-0.101,0.0,13.7
1783974169.091,1030,0.276,-0.477,-0.263,0.0,13.7
1783974169.091,1030,0.654,-0.886,-0.272,0.0,12.0
1783974169.091,1030,0.96,0.603,0.034,0.0,12.0
1783974169.091,1030,7.425,-1.193,1.318,0.0,13.8
1783974169.091,1030,7.271,1.67,-1.624,0.0,13.8
1783974169.091,1030,7.166,-0.976,2.947,0.0,12.7
1783974169.091,1030,7.554,1.952,-0.339,0.0,12.7
1783974169.192,1031,0.662,-0.886,-0.252,0.0,12.4
1783974169.192,1031,1.014,0.496,0.113,0.0,12.4
1783974169.192,1031,7.476,-0.954,1.223,0.0,13.4
1783974169.192,1031,7.226,1.67,-1.814,0.0,13.4
1783974169.192,1031,7.56,1.952,-0.164,0.0,13.0
1783974169.293,1032,0.306,-0.515,-0.118,0.0,13.5
1783974169.293,1032,0.646,-0.886,-0.29,0.0,12.1
1783974169.293,1032,0.955,0.603,0.112,0.0,12.1
1783974169.293,1032,7.509,-0.954,1.0,0.0,14.0
1783974169.293,1032,7.311,1.67,-1.432,0.0,14.0
1783974169.293,1032,7.48,2.196,0.466,0.0,14.0
1783974169.393,1033,7.536,-0.954,0.766,0.0,15.9
1783974169.393,1033,7.54,-0.0,-1.857,0.0,12.0
1783974169.495,1034,0.651,-0.886,-0.278,0.0,11.9
1783974169.495,1034,0.91,0.603,0.31,0.0,11.9
1783974169.495,1034,7.557,-0.954,0.518,0.0,16.0
1783974169.495,1034,7.429,1.67,0.555,0.0,16.0
1783974169.596,1035,0.307,-0.515,-0.115,0.0,13.2
1783974169.596,1035,0.632,-0.886,-0.319,0.0,12.2
1783974169.596,1035,1.018,0.496,0.059,0.0,12.2
1783974169.596,1035,7.575,-0.954,0.064,0.0,16.0
1783974169.596,1035,7.403,1.213,-2.009,0.0,12.1
1783974169.596,1035,7.383,-1.699,1.707,0.0,12.1
1783974169.698,1036,7.574,-0.954,0.118,0.0,15.3
1783974169.698,1036,7.148,1.67,2.099,0.0,15.3
1783974169.798,1037,0.299,-0.515,-0.133,0.0,13.7
1783974169.798,1037,7.549,-0.954,0.631,0.0,15.4
1783974169.798,1037,6.436,1.67,-3.752,0.0,15.4
1783974169.798,1037,7.555,1.952,0.319,0.0,11.8
1783974169.798,1037,6.756,-0.488,-3.886,0.0,11.8
1783974169.9,1038,0.306,-0.515,-0.118,0.0,13.7
1783974169.9,1038,7.529,-1.193,0.435,0.0,15.4
1783974169.9,1038,7.403,1.67,-0.836,0.0,15.4
1783974169.9,1038,7.552,1.952,0.383,0.0,11.6
1783974170.001,1039,7.539,-1.193,0.184,0.0,14.2
1783974170.001,1039,7.328,1.67,1.343,0.0,14.2
1783974170.001,1039,7.554,1.952,0.343,0.0,11.3
1783974170.103,1040,0.3,-0.515,-0.133,0.0,13.4
1783974170.103,1040,7.557,-0.954,0.52,0.0,15.3
1783974170.103,1040,7.447,1.67,-0.225,0.0,15.3
1783974170.103,1040,7.21,0.971,-2.717,0.0,13.0
1783974170.103,1040,7.343,-1.456,2.067,0.0,13.0
1783974170.205,1041,0.302,-0.515,-0.128,0.0,13.3
1783974170.205,1041,7.534,-1.193,0.323,0.0,15.2
1783974170.205,1041,7.362,-0.965,2.123,0.0,12.1
1783974170.205,1041,6.914,1.931,-2.846,0.0,12.1
1783974170.205,1041,7.547,1.952,0.462,0.0,11.5
1783974170.307,1042,0.617,-0.886,-0.348,0.0,11.7
1783974170.307,1042,1.036,0.461,-0.012,0.0,11.7
1783974170.307,1042,7.565,-0.954,0.397,0.0,15.0
1783974170.307,1042,6.482,1.67,3.672,0.0,15.0
1783974170.307,1042,7.561,1.952,-0.111,0.0,11.3
1783974170.357,1043,0.306,-0.515,-0.116,0.0,13.9
1783974170.357,1043,0.595,-0.886,-0.384,0.0,11.7
1783974170.357,1043,0.895,0.674,0.177,0.0,11.7
1783974170.357,1043,7.551,-0.954,0.607,0.0,15.8
1783974170.357,1043,7.206,1.67,-1.892,0.0,15.8
1783974170.357,1043,7.531,1.952,0.68,0.0,12.3
1783974170.357,1043,7.382,-0.488,-2.5,0.0,12.3
1783974170.509,1044,0.302,-0.515,-0.127,0.0,13.5
1783974170.509,1044,7.545,-0.954,0.676,0.0,15.2
1783974170.509,1044,7.404,1.67,-0.827,0.0,15.2
1783974170.509,1044,7.52,1.699,-0.936,0.0,12.6
1783974170.61,1045,0.303,-0.515,-0.124,0.0,13.5
1783974170.61,1045,7.524,-1.193,0.508,0.0,13.9
1783974170.61,1045,7.447,1.67,0.211,0.0,13.9
1783974170.61,1045,7.526,1.952,0.737,0.0,13.1
1783974170.61,1045,7.413,-0.488,-2.407,0.0,13.1
1783974170.662,1046,0.301,-0.515,-0.13,0.0,13.4
1783974170.662,1046,7.541,-1.193,0.026,0.0,13.8
1783974170.662,1046,6.614,1.67,3.43,0.0,13.8
1783974170.662,1046,7.604,0.485,-1.502,0.0,13.6
1783974170.764,1047,7.569,-0.954,-0.298,0.0,14.1
1783974170.764,1047,6.66,1.67,3.339,0.0,14.1
1783974170.764,1047,7.652,1.464,-0.537,0.0,12.4
1783974170.915,1048,7.539,-1.193,-0.203,0.0,14.5
1783974170.915,1048,6.52,1.67,3.604,0.0,14.5
1783974170.966,1049,7.562,-0.954,-0.45,0.0,14.2
1783974170.966,1049,6.928,1.67,2.739,0.0,14.2
1783974170.966,1049,7.305,-0.965,2.309,0.0,12.3
1783974170.966,1049,6.81,1.931,-3.088,0.0,12.3
1783974171.067,1050,7.575,-0.954,-0.041,0.0,14.5
1783974171.067,1050,6.825,1.67,2.987,0.0,14.5
1783974171.067,1050,7.28,1.456,-2.278,0.0,12.9
1783974171.067,1050,7.291,-1.456,2.243,0.0,12.9
1783974171.168,1051,7.568,-0.954,0.337,0.0,15.2
1783974171.168,1051,7.363,1.67,1.136,0.0,15.2
1783974171.168,1051,7.458,1.952,1.247,0.0,12.0
1783974171.168,1051,7.359,-0.244,-2.603,0.0,12.0
1783974171.268,1052,7.573,-0.954,0.191,0.0,17.1
1783974171.369,1053,7.428,-0.699,-0.032,0.0,11.6
1783974171.369,1053,6.932,2.098,1.791,0.0,11.6
1783974171.369,1053,7.573,-0.954,-0.176,0.0,13.0
1783974171.369,1053,6.858,1.67,2.911,0.0,13.0
1783974171.471,1054,7.573,-0.954,-0.177,0.0,14.8
1783974171.471,1054,6.623,1.67,3.413,0.0,14.8
1783974171.471,1054,7.391,1.213,-2.051,0.0,12.4
1783974171.471,1054,7.5,-1.213,1.606,0.0,12.4
1783974171.572,1055,7.575,-0.954,-0.038,0.0,15.5
1783974171.572,1055,6.94,1.67,2.709,0.0,15.5
1783974171.572,1055,7.562,0.728,-1.61,0.0,13.3
1783974171.672,1056,7.573,-0.954,0.17,0.0,16.1
1783974171.672,1056,7.379,1.67,1.027,0.0,16.1
1783974171.672,1056,7.605,-0.724,1.126,0.0,13.7
1783974171.773,1057,7.574,-0.954,0.147,0.0,15.3
1783974171.773,1057,7.368,1.909,0.607,0.0,15.3
1783974171.773,1057,7.442,-0.488,-2.318,0.0,11.6
1783974171.773,1057,7.425,1.952,1.432,0.0,11.6
1783974171.875,1058,0.706,-0.851,-0.254,0.0,11.6
1783974171.875,1058,1.019,0.496,0.055,0.0,11.6
1783974171.875,1058,7.571,-0.954,0.258,0.0,16.1
1783974171.875,1058,7.398,1.67,0.879,0.0,16.1
1783974171.875,1058,7.724,-0.728,0.343,0.0,13.4
1783974171.976,1059,7.573,-0.954,-0.198,0.0,15.9
1783974171.976,1059,7.149,1.67,2.097,0.0,15.9
1783974171.976,1059,7.354,-1.456,2.028,0.0,13.0
1783974171.976,1059,7.391,1.213,-2.051,0.0,13.0
1783974172.078,1060,7.573,-0.954,-0.164,0.0,15.2
1783974172.078,1060,6.514,1.67,3.616,0.0,15.2
1783974172.178,1061,7.552,-0.954,-0.586,0.0,14.4
1783974172.178,1061,7.13,1.67,2.16,0.0,14.4
1783974172.178,1061,7.191,-0.724,2.72,0.0,12.9
1783974172.178,1061,6.444,1.931,-3.792,0.0,12.9
1783974172.279,1062,0.645,-0.886,-0.292,0.0,11.8
1783974172.279,1062,0.975,0.567,0.124,0.0,11.8
1783974172.279,1062,7.575,-0.954,-0.08,0.0,16.1
1783974172.279,1062,6.732,1.909,3.055,0.0,16.1
1783974172.279,1062,7.519,-0.965,1.47,0.0,13.0
1783974172.38,1063,0.664,-0.886,-0.247,0.0,11.6
1783974172.38,1063,1.02,0.496,0.0,0.0,11.6
1783974172.38,1063,7.574,-0.954,-0.134,0.0,15.8
1783974172.38,1063,7.081,1.67,2.315,0.0,15.8
1783974172.38,1063,7.644,-0.965,0.518,0.0,13.0
1783974172.481,1064,7.572,-0.954,0.21,0.0,17.2
1783974172.582,1065,7.572,-0.954,-0.232,0.0,15.7
1783974172.582,1065,6.534,1.67,3.58,0.0,15.7
1783974172.582,1065,7.503,-0.243,-1.988,0.0,11.6
1783974172.582,1065,6.847,2.67,2.511,0.0,11.6
1783974172.684,1066,7.575,-0.954,-0.044,0.0,15.5
1783974172.684,1066,7.339,0.243,-2.527,0.0,11.2
1783974172.684,1066,6.753,2.67,2.754,0.0,11.2
1783974172.786,1067,7.529,-0.949,0.203,0.0,15.1
1783974172.786,1067,7.696,-0.971,0.371,0.0,12.1
1783974172.786,1067,6.536,3.155,2.763,0.0,12.1
1783974172.887,1068,7.445,-0.938,0.091,0.0,12.0
1783974172.887,1068,6.859,1.876,2.398,0.0,12.0
1783974172.887,1068,7.573,-0.954,0.166,0.0,17.5
1783974172.887,1068,7.13,2.44,2.048,0.0,11.8
1783974172.887,1068,7.397,-0.488,-2.456,0.0,11.8
1783974172.988,1069,7.57,-0.954,0.28,0.0,15.4
1783974172.988,1069,7.221,1.67,1.835,0.0,15.4
1783974172.988,1069,7.025,2.427,2.252,0.0,12.6
1783974172.988,1069,7.409,-0.243,-2.313,0.0,12.6
1783974173.089,1070,7.574,-0.954,-0.144,0.0,14.0
1783974173.089,1070,7.359,1.67,1.16,0.0,14.0
1783974173.089,1070,7.487,-0.485,-2.004,0.0,12.8
1783974173.089,1070,6.479,2.67,3.348,0.0,12.8
1783974173.19,1071,7.574,-0.954,-0.157,0.0,15.0
1783974173.19,1071,6.705,1.67,3.247,0.0,15.0
1783974173.19,1071,7.55,-0.0,-1.816,0.0,12.0
1783974173.19,1071,6.576,2.912,2.931,0.0,12.0
1783974173.291,1072,7.575,-0.954,-0.0,0.0,15.5
1783974173.291,1072,6.92,1.193,2.998,0.0,15.5
1783974173.291,1072,7.726,-0.728,-0.296,0.0,13.1
1783974173.291,1072,6.543,2.912,3.002,0.0,13.1
1783974173.392,1073,7.566,-0.954,-0.372,0.0,14.2
1783974173.392,1073,6.856,1.67,2.915,0.0,14.2
1783974173.493,1074,0.723,-0.851,-0.2,0.0,11.6
1783974173.493,1074,1.013,0.496,0.117,0.0,11.6
1783974173.493,1074,7.487,-0.469,-0.211,0.0,11.7
1783974173.493,1074,6.753,2.111,2.502,0.0,11.7
1783974173.493,1074,7.531,-0.949,0.126,0.0,16.3
1783974173.594,1075,7.575,-0.954,-0.033,0.0,13.1
1783974173.594,1075,7.156,1.67,2.072,0.0,13.1
1783974173.594,1075,7.731,-0.728,-0.126,0.0,12.1
1783974173.594,1075,6.573,2.912,2.937,0.0,12.1
1783974173.696,1076,0.715,-0.851,-0.228,0.0,11.5
1783974173.696,1076,1.02,0.496,0.032,0.0,11.5
1783974173.696,1076,7.525,-1.193,0.501,0.0,13.1
1783974173.696,1076,7.45,1.67,-0.046,0.0,13.1
1783974173.696,1076,0.993,-0.742,0.642,-0.162,14.1
1783974173.797,1077,7.571,-0.954,0.24,0.0,14.9
1783974173.797,1077,1.116,-0.698,0.465,-0.162,17.8
1783974173.898,1078,0.669,-0.886,-0.233,0.0,11.3
1783974173.898,1078,1.018,0.496,0.059,0.0,11.3
1783974173.898,1078,7.573,-0.954,-0.179,0.0,14.7
1783974173.898,1078,6.626,1.432,3.513,0.0,14.7
1783974173.999,1079,0.668,-0.886,-0.234,0.0,12.0
1783974173.999,1079,0.974,0.567,0.127,0.0,12.0
1783974173.999,1079,7.522,-0.949,0.382,0.0,15.4
1783974173.999,1079,7.545,1.456,-1.127,0.0,13.0
1783974174.1,1080,7.369,-0.724,2.192,0.0,15.2
1783974174.1,1080,6.984,1.931,-2.67,0.0,15.2
1783974174.202,1081,0.671,-0.886,-0.225,0.0,11.9
1783974174.202,1081,1.02,0.496,0.003,0.0,11.9
1783974174.202,1081,7.391,-1.173,0.559,0.0,11.2
1783974174.202,1081,7.14,2.111,0.936,0.0,11.2
1783974174.202,1081,7.528,-0.949,0.244,0.0,14.7
1783974174.202,1081,7.452,-0.724,1.893,0.0,14.6
1783974174.303,1082,0.653,-0.886,-0.274,0.0,11.2
1783974174.303,1082,1.02,0.496,0.012,0.0,11.2
1783974174.303,1082,7.452,-0.704,0.53,0.0,11.7
1783974174.303,1082,7.039,1.876,1.8,0.0,11.7
1783974174.303,1082,7.558,-0.712,0.024,0.0,17.4
1783974174.403,1083,7.575,-0.954,-0.01,0.0,17.2
1783974174.403,1083,6.666,1.67,3.327,0.0,17.2
1783974174.403,1083,7.154,-0.965,2.744,0.0,13.3
1783974174.403,1083,7.427,1.931,-0.864,0.0,13.3
1783974174.503,1084,7.57,-0.954,-0.289,0.0,16.2
1783974174.503,1084,6.718,1.67,3.22,0.0,16.2
1783974174.503,1084,7.434,-1.456,1.708,0.0,13.7
1783974174.503,1084,7.502,0.485,-1.947,0.0,13.7
1783974174.604,1085,7.571,-0.954,-0.251,0.0,16.9
1783974174.604,1085,6.939,1.909,2.551,0.0,16.9
1783974174.705,1086,0.716,-0.851,-0.225,0.0,11.6
1783974174.705,1086,1.011,0.496,0.135,0.0,11.6
1783974174.705,1086,7.238,-0.699,1.666,0.0,12.0
1783974174.705,1086,7.237,-1.399,1.152,0.0,12.0
1783974174.705,1086,7.557,-0.954,-0.528,0.0,16.4
1783974174.705,1086,7.135,1.67,2.144,0.0,16.4
1783974174.705,1086,7.397,1.699,-1.646,0.0,12.1
1783974174.705,1086,7.346,-1.456,2.057,0.0,12.1
1783974174.805,1087,0.719,-0.851,-0.216,0.0,11.7
1783974174.805,1087,1.016,0.496,0.087,0.0,11.7
1783974174.805,1087,7.601,-0.716,-0.058,0.0,17.2
1783974174.805,1087,6.827,1.909,2.835,0.0,17.2
1783974174.805,1087,7.475,1.931,0.193,0.0,13.7
1783974174.855,1088,0.721,-0.851,-0.208,0.0,11.7
1783974174.855,1088,0.877,0.603,0.393,0.0,11.7
1783974174.855,1088,7.532,-0.949,0.009,0.0,16.8
1783974174.855,1088,6.713,1.898,2.995,0.0,16.8
1783974174.855,1088,7.523,1.689,-0.429,0.0,15.5
1783974174.855,1088,6.618,-0.965,3.861,0.0,15.5
1783974175.007,1089,0.722,-0.851,-0.204,0.0,12.3
1783974175.007,1089,1.001,0.532,0.047,0.0,12.3
1783974175.007,1089,7.57,-0.954,-0.277,0.0,15.6
1783974175.007,1089,7.153,1.432,2.255,0.0,15.6
1783974175.007,1089,7.528,1.689,-0.33,0.0,14.9
1783974175.007,1089,7.5,-0.965,1.566,0.0,14.9
1783974175.108,1090,0.722,-0.851,-0.205,0.0,12.5
1783974175.108,1090,1.02,0.496,0.015,0.0,12.5
1783974175.108,1090,7.571,1.213,-1.232,0.0,13.5
1783974175.108,1090,7.354,-1.213,2.182,0.0,13.5
1783974175.158,1091,0.717,-0.851,-0.22,0.0,11.6
1783974175.158,1091,1.02,0.496,-0.016,0.0,11.6
1783974175.158,1091,7.385,-1.173,0.627,0.0,12.1
1783974175.158,1091,7.575,-0.954,-0.088,0.0,16.7
1783974175.158,1091,6.916,1.432,2.9,0.0,16.7
1783974175.158,1091,7.497,1.689,-0.758,0.0,13.9
1783974175.26,1092,0.716,-0.851,-0.224,0.0,12.0
1783974175.26,1092,0.965,0.567,0.185,0.0,12.0
1783974175.26,1092,7.559,-0.954,-0.501,0.0,16.1
1783974175.26,1092,6.83,1.67,2.975,0.0,16.1
1783974175.26,1092,7.616,1.213,-0.909,0.0,15.8
1783974175.26,1092,7.501,-0.971,1.763,0.0,15.8
1783974175.411,1093,7.526,1.689,-0.376,0.0,15.4
1783974175.411,1093,6.862,-0.965,3.409,0.0,15.4
1783974175.462,1094,7.601,-0.716,-0.04,0.0,15.1
1783974175.462,1094,7.119,1.67,2.197,0.0,15.1
1783974175.462,1094,7.48,1.699,-1.213,0.0,13.7
1783974175.462,1094,6.981,-1.213,3.178,0.0,13.7
1783974175.563,1095,0.726,-0.851,-0.188,0.0,12.0
1783974175.563,1095,0.942,0.567,0.278,0.0,12.0
1783974175.563,1095,7.595,-0.716,0.315,0.0,14.0
1783974175.563,1095,7.455,1.931,-0.571,0.0,13.7
1783974175.563,1095,7.147,-0.965,2.76,0.0,13.7
1783974175.714,1096,7.594,-0.716,0.335,0.0,15.5
1783974175.714,1096,7.531,1.689,-0.264,0.0,14.0
1783974175.765,1097,7.573,-0.954,-0.175,0.0,15.7
1783974175.765,1097,6.458,1.67,3.715,0.0,15.7
1783974175.765,1097,7.626,1.456,-0.184,0.0,14.4
1783974175.866,1098,0.715,-0.851,-0.228,0.0,11.6
1783974175.866,1098,0.907,0.603,0.318,0.0,11.6
1783974175.866,1098,7.569,-0.954,-0.316,0.0,15.8
1783974175.866,1098,7.751,-0.485,0.035,0.0,14.1
1783974175.966,1099,7.571,-0.954,-0.255,0.0,16.1
1783974175.966,1099,6.615,1.67,3.427,0.0,16.1
1783974175.966,1099,7.678,-0.728,0.909,0.0,12.1
1783974176.067,1100,0.723,-0.851,-0.201,0.0,11.7
1783974176.067,1100,1.019,0.496,0.038,0.0,11.7
1783974176.067,1100,7.575,-0.954,-0.028,0.0,15.9
1783974176.067,1100,7.665,-0.728,1.015,0.0,12.3
1783974176.168,1101,0.726,-0.851,-0.188,0.0,11.6
1783974176.168,1101,1.013,0.496,0.117,0.0,11.6
1783974176.168,1101,7.573,-0.954,-0.199,0.0,14.3
1783974176.168,1101,6.521,1.67,3.603,0.0,14.3
1783974176.168,1101,7.496,-1.213,1.627,0.0,12.0
1783974176.168,1101,7.02,1.213,-3.09,0.0,12.0
1783974176.27,1102,0.719,-0.851,-0.213,0.0,12.0
1783974176.27,1102,1.02,0.496,0.032,0.0,12.0
1783974176.27,1102,7.575,-0.954,-0.091,0.0,16.9
1783974176.27,1102,7.681,-0.728,0.885,0.0,14.7
1783974176.371,1103,0.723,-0.851,-0.2,0.0,11.5
1783974176.371,1103,1.02,0.496,-0.011,0.0,11.5
1783974176.371,1103,7.554,-0.954,-0.572,0.0,16.0
1783974176.371,1103,6.495,1.432,3.75,0.0,16.0
1783974176.371,1103,7.506,1.689,-0.658,0.0,13.5
1783974176.471,1104,0.708,-0.851,-0.25,0.0,11.6
1783974176.471,1104,1.018,0.496,0.072,0.0,11.6
1783974176.471,1104,7.571,-0.954,-0.257,0.0,16.6
1783974176.471,1104,6.508,1.67,3.627,0.0,16.6
1783974176.471,1104,7.456,-1.213,1.803,0.0,13.2
1783974176.471,1104,7.271,1.213,-2.442,0.0,13.2
1783974176.572,1105,0.728,-0.851,-0.181,0.0,11.6
1783974176.572,1105,0.965,0.567,0.186,0.0,11.6
1783974176.572,1105,7.574,-0.954,-0.127,0.0,16.1
1783974176.572,1105,7.049,0.954,2.773,0.0,16.1
1783974176.572,1105,7.482,1.689,-0.893,0.0,12.7
1783974176.673,1106,7.575,-0.954,-0.014,0.0,15.4
1783974176.673,1106,6.633,1.67,3.393,0.0,15.4
1783974176.673,1106,7.455,1.699,-1.359,0.0,12.7
1783974176.673,1106,7.181,-1.213,2.695,0.0,12.7
1783974176.773,1107,7.575,-0.954,-0.077,0.0,15.6
1783974176.773,1107,7.416,1.213,-1.958,0.0,11.5
1783974176.773,1107,6.843,-1.699,3.254,0.0,11.5
1783974176.875,1108,0.728,-0.851,-0.181,0.0,11.3
1783974176.875,1108,1.018,0.496,0.072,0.0,11.3
1783974176.875,1108,7.574,-0.954,-0.131,0.0,16.0
1783974176.875,1108,6.543,1.67,3.563,0.0,16.0
1783974176.875,1108,7.721,-0.728,0.414,0.0,12.3
1783974176.976,1109,0.726,-0.851,-0.189,0.0,12.0
1783974176.976,1109,0.912,0.603,0.304,0.0,12.0
1783974176.976,1109,7.574,-0.954,-0.118,0.0,17.2
1783974177.077,1110,7.54,-1.193,-0.156,0.0,15.5
1783974177.077,1110,6.531,1.432,3.687,0.0,15.5
1783974177.077,1110,7.574,1.699,0.229,0.0,12.6
1783974177.077,1110,6.966,-0.971,-3.293,0.0,12.6
1783974177.178,1111,0.72,-0.851,-0.21,0.0,11.9
1783974177.178,1111,1.02,0.496,0.027,0.0,11.9
1783974177.178,1111,7.573,-0.954,-0.193,0.0,15.9
1783974177.178,1111,6.719,1.67,3.218,0.0,15.9
1783974177.178,1111,7.482,2.196,0.429,0.0,11.8
1783974177.178,1111,7.299,-0.0,-2.777,0.0,11.8
1783974177.279,1112,0.708,-0.851,-0.249,0.0,11.7
1783974177.279,1112,0.976,0.567,0.112,0.0,11.7
1783974177.279,1112,7.555,-0.954,-0.554,0.0,15.2
1783974177.279,1112,6.78,1.67,3.087,0.0,15.2
1783974177.279,1112,7.499,1.456,-1.4,0.0,12.8
1783974177.279,1112,7.477,-1.213,1.71,0.0,12.8
1783974177.38,1113,0.669,-0.886,-0.232,0.0,12.1
1783974177.38,1113,0.955,0.567,0.229,0.0,12.1
1783974177.38,1113,7.54,-1.193,0.128,0.0,17.0
1783974177.38,1113,7.511,1.941,-0.358,0.0,12.0
1783974177.481,1114,7.573,-0.954,-0.175,0.0,16.0
1783974177.481,1114,6.501,1.67,3.638,0.0,16.0
1783974177.481,1114,7.439,-0.485,-2.175,0.0,13.3
1783974177.481,1114,7.386,2.184,0.996,0.0,13.3
1783974177.581,1115,7.573,-0.954,0.195,0.0,16.3
1783974177.581,1115,7.492,1.941,0.639,0.0,12.0
1783974177.684,1116,0.72,-0.851,-0.212,0.0,11.5
1783974177.684,1116,1.012,0.496,0.128,0.0,11.5
1783974177.684,1116,7.552,-0.954,0.589,0.0,16.0
1783974177.684,1116,7.445,1.67,-0.277,0.0,16.0
1783974177.684,1116,7.388,-0.732,-2.424,0.0,11.5
1783974177.684,1116,7.452,1.952,1.284,0.0,11.5
1783974177.785,1117,0.727,-0.851,-0.187,0.0,11.4
1783974177.785,1117,1.018,0.496,0.063,0.0,11.4
1783974177.785,1117,7.527,-1.193,0.471,0.0,15.3
1783974177.785,1117,7.358,1.67,-1.17,0.0,15.3
1783974177.785,1117,8.426,0.793,-0.068,0.0,11.3
1783974177.785,1117,8.038,-2.645,-0.167,0.0,11.3
1783974177.885,1118,0.715,-0.851,-0.228,0.0,11.3
1783974177.885,1118,1.017,0.496,0.08,0.0,11.3
1783974177.885,1118,7.575,-0.954,0.022,0.0,15.2
1783974177.885,1118,6.804,1.67,3.036,0.0,15.2
1783974177.885,1118,7.453,-0.244,-2.319,0.0,12.7
1783974177.885,1118,7.292,2.44,1.365,0.0,12.7
1783974177.986,1119,7.574,-0.954,-0.152,0.0,16.1
1783974177.986,1119,6.805,1.67,3.032,0.0,16.1
1783974177.986,1119,7.379,2.44,0.761,0.0,11.7
1783974178.086,1120,0.719,-0.851,-0.213,0.0,11.2
1783974178.086,1120,1.02,0.496,0.007,0.0,11.2
1783974178.086,1120,7.574,-0.954,-0.148,0.0,16.5
1783974178.086,1120,6.593,1.67,3.469,0.0,16.5
1783974178.086,1120,7.533,1.689,0.197,0.0,14.0
1783974178.188,1121,7.575,-0.954,-0.014,0.0,15.2
1783974178.188,1121,6.822,1.67,2.994,0.0,15.2
1783974178.288,1122,7.561,-0.954,0.461,0.0,16.3
1783974178.288,1122,7.401,1.67,0.858,0.0,16.3
1783974178.39,1123,0.715,-0.851,-0.228,0.0,11.6
1783974178.39,1123,1.017,0.496,0.076,0.0,11.6
1783974178.39,1123,7.54,-0.954,0.729,0.0,16.7
1783974178.39,1123,7.376,1.909,-0.501,0.0,16.7
1783974178.491,1124,7.547,-0.954,0.655,0.0,15.8
1783974178.491,1124,7.321,1.67,-1.381,0.0,15.8
1783974178.592,1125,7.516,-1.193,0.613,0.0,14.9
1783974178.592,1125,7.417,1.67,-0.705,0.0,14.9
1783974178.592,1125,7.577,-0.244,-1.876,0.0,13.4
1783974178.592,1125,7.101,2.196,2.397,0.0,13.4
1783974178.693,1126,0.716,-0.851,-0.224,0.0,11.4
1783974178.693,1126,1.036,0.461,-0.028,0.0,11.4
1783974178.693,1126,7.573,-0.954,-0.165,0.0,16.4
1783974178.693,1126,6.735,1.67,3.185,0.0,16.4
1783974178.794,1127,7.571,-0.954,-0.254,0.0,16.1
1783974178.794,1127,6.788,1.432,3.188,0.0,16.1
1783974178.794,1127,7.378,-0.965,2.066,0.0,14.3
1783974178.794,1127,7.063,1.931,-2.453,0.0,14.3
1783974178.895,1128,7.541,-1.193,-0.082,0.0,16.2
1783974178.895,1128,6.92,1.67,2.76,0.0,16.2
1783974178.997,1129,0.718,-0.851,-0.217,0.0,11.6
1783974178.997,1129,1.018,0.496,0.068,0.0,11.6
1783974178.997,1129,7.573,-0.954,-0.199,0.0,15.7
1783974178.997,1129,6.909,1.909,2.631,0.0,15.7
1783974178.997,1129,7.482,2.196,0.435,0.0,12.1
1783974179.098,1130,0.722,-0.851,-0.205,0.0,11.6
1783974179.098,1130,1.014,0.496,0.114,0.0,11.6
1783974179.098,1130,7.51,1.941,-0.367,0.0,14.2
1783974179.2,1131,7.573,1.699,0.26,0.0,12.3
1783974179.2,1131,7.184,-0.971,-2.784,0.0,12.3
1783974179.301,1132,0.718,-0.851,-0.217,0.0,11.5
1783974179.301,1132,1.035,0.461,-0.049,0.0,11.5
1783974179.301,1132,7.568,-0.954,-0.331,0.0,15.0
1783974179.301,1132,7.321,1.909,1.024,0.0,15.0
1783974179.403,1133,7.573,-0.954,-0.193,0.0,14.6
1783974179.403,1133,6.939,1.67,2.712,0.0,14.6
1783974179.403,1133,7.29,-0.724,2.442,0.0,13.0
1783974179.403,1133,7.047,1.931,-2.499,0.0,13.0
1783974179.503,1134,0.657,-0.886,-0.265,0.0,11.5
1783974179.503,1134,1.018,0.496,0.056,0.0,11.5
1783974179.503,1134,7.526,-1.193,-0.486,0.0,12.7
1783974179.503,1134,6.65,1.432,3.467,0.0,12.7
1783974179.503,1134,7.364,-0.724,2.209,0.0,12.7
1783974179.503,1134,6.791,1.931,-3.128,0.0,12.7
1783974179.604,1135,0.663,-0.886,-0.25,0.0,11.7
1783974179.604,1135,0.965,0.567,0.186,0.0,11.7
1783974179.604,1135,7.539,-1.193,-0.185,0.0,14.4
1783974179.604,1135,6.866,1.432,3.016,0.0,14.4
1783974179.604,1135,7.468,-0.965,1.713,0.0,14.0
1783974179.604,1135,6.955,1.931,-2.744,0.0,14.0
1783974179.656,1136,0.719,-0.851,-0.213,0.0,11.5
1783974179.656,1136,1.019,0.496,0.052,0.0,11.5
1783974179.656,1136,7.573,-0.954,-0.187,0.0,16.1
1783974179.808,1137,7.538,-1.193,-0.208,0.0,13.9
1783974179.808,1137,6.696,1.67,3.267,0.0,13.9
1783974179.808,1137,7.607,1.708,0.444,0.0,11.5
1783974179.808,1137,7.604,-0.244,-1.765,0.0,11.5
1783974179.909,1138,0.716,-0.851,-0.224,0.0,11.3
1783974179.909,1138,7.534,-1.193,0.333,0.0,14.8
1783974179.909,1138,7.612,1.708,0.367,0.0,11.4
1783974179.909,1138,7.165,-0.488,-3.068,0.0,11.4
1783974179.909,1138,8.43,0.529,0.536,0.0,11.5
1783974179.909,1138,7.76,-2.645,-2.105,0.0,11.5
1783974179.96,1139,0.726,-0.851,-0.188,0.0,11.9
1783974179.96,1139,1.016,0.496,0.096,0.0,11.9
1783974179.96,1139,7.54,-1.193,-0.118,0.0,14.7
1783974179.96,1139,7.088,1.67,2.294,0.0,14.7
1783974179.96,1139,7.631,-0.0,-1.444,0.0,14.6
1783974179.96,1139,1.391,0.044,0.114,-0.325,11.9
1783974179.96,1139,0.976,0.829,-0.556,-0.325,11.9
1783974180.061,1140,7.526,-0.949,0.297,0.0,15.8
1783974180.061,1140,7.403,-0.724,2.075,0.0,14.6
1783974180.061,1140,6.719,1.931,-3.28,0.0,14.6
1783974180.061,1140,8.41,0.529,0.795,0.0,11.7
1783974180.061,1140,7.865,-2.645,-1.667,0.0,11.7
1783974180.061,1140,1.298,-0.0,0.515,-0.243,12.0
1783974180.211,1141,0.664,-0.886,-0.247,0.0,11.9
1783974180.211,1141,0.954,0.567,0.233,0.0,11.9
1783974180.211,1141,7.575,-0.954,0.087,0.0,15.1
1783974180.211,1141,6.533,1.67,3.58,0.0,15.1
1783974180.211,1141,7.451,1.213,-1.822,0.0,11.4
1783974180.211,1141,7.06,-1.699,2.752,0.0,11.4
1783974180.262,1142,0.719,-0.851,-0.213,0.0,12.0
1783974180.262,1142,1.018,0.496,0.066,0.0,12.0
1783974180.262,1142,7.571,-0.954,-0.235,0.0,16.4
1783974180.262,1142,6.678,1.67,3.303,0.0,16.4
1783974180.262,1142,7.428,1.213,-1.915,0.0,13.8
1783974180.262,1142,7.369,-1.456,1.971,0.0,13.8
1783974180.362,1143,7.565,-0.954,-0.384,0.0,15.6
1783974180.362,1143,7.239,1.67,1.761,0.0,15.6
1783974180.362,1143,7.525,1.456,-1.253,0.0,14.7
1783974180.362,1143,7.387,-1.456,1.902,0.0,14.7
1783974180.514,1144,7.574,-0.954,-0.112,0.0,16.3
1783974180.514,1144,7.286,1.909,1.25,0.0,16.3
1783974180.514,1144,7.615,-0.965,0.844,0.0,14.3
1783974180.565,1145,7.574,-0.954,-0.109,0.0,16.9
1783974180.565,1145,7.235,1.909,1.518,0.0,16.9
1783974180.565,1145,7.55,1.699,-0.645,0.0,13.5
1783974180.665,1146,7.569,-0.954,-0.298,0.0,15.2
1783974180.665,1146,6.993,1.909,2.398,0.0,15.2
1783974180.665,1146,7.429,1.931,-0.842,0.0,13.2
1783974180.665,1146,7.406,-0.724,2.063,0.0,13.2
1783974180.767,1147,7.572,-0.954,-0.207,0.0,16.5
1783974180.767,1147,6.874,1.909,2.719,0.0,16.5
1783974180.767,1147,7.157,1.699,-2.491,0.0,12.0
1783974180.767,1147,7.485,-1.213,1.678,0.0,12.0
1783974180.868,1148,7.572,-0.954,0.203,0.0,14.8
1783974180.868,1148,6.855,1.909,2.767,0.0,14.8
1783974180.868,1148,7.443,1.699,-1.423,0.0,14.0
1783974180.97,1149,7.573,-0.954,0.173,0.0,16.4
1783974180.97,1149,7.077,1.909,2.138,0.0,16.4
1783974180.97,1149,7.272,1.456,-2.303,0.0,12.5
1783974180.97,1149,7.346,-1.456,2.056,0.0,12.5
1783974181.072,1150,7.565,-0.954,0.385,0.0,17.0
1783974181.072,1150,7.067,1.67,2.358,0.0,17.0
1783974181.072,1150,7.448,1.699,-1.395,0.0,12.6
1783974181.072,1150,7.653,-1.213,0.519,0.0,12.6
1783974181.173,1151,7.573,-0.954,-0.175,0.0,16.7
1783974181.173,1151,6.93,1.909,2.575,0.0,16.7
1783974181.173,1151,7.477,1.931,0.081,0.0,15.9
1783974181.273,1152,7.566,-0.954,-0.362,0.0,14.7
1783974181.273,1152,7.114,1.909,2.011,0.0,14.7
1783974181.374,1153,7.6,-0.716,-0.158,0.0,15.8
1783974181.374,1153,6.83,2.147,2.652,0.0,15.8
1783974181.374,1153,7.689,-0.971,0.495,0.0,13.0
1783974181.374,1153,7.235,1.699,-2.252,0.0,13.0
1783974181.476,1154,7.568,-0.954,0.319,0.0,16.9
1783974181.476,1154,7.476,1.699,-1.236,0.0,14.8
1783974181.578,1155,7.273,1.909,1.323,0.0,16.0
1783974181.578,1155,7.453,-0.954,-1.356,0.0,16.0
1783974181.578,1155,7.644,-0.971,0.969,0.0,12.9
1783974181.578,1155,7.456,0.728,-2.046,0.0,12.9
1783974181.679,1156,7.211,1.909,1.626,0.0,16.4
1783974181.679,1156,7.573,-0.716,-0.659,0.0,16.4
1783974181.679,1156,7.671,-0.971,0.727,0.0,11.9
1783974181.781,1157,7.479,-1.193,-0.97,0.0,13.4
1783974181.781,1157,7.385,1.67,0.982,0.0,13.4
1783974181.781,1157,7.599,-1.213,1.043,0.0,11.6
1783974181.881,1158,7.452,-0.704,0.531,0.0,13.3
1783974181.881,1158,7.126,2.111,-1.035,0.0,13.3
1783974181.881,1158,6.849,1.456,-3.359,0.0,13.1
1783974181.881,1158,7.61,-0.971,1.204,0.0,13.1
1783974181.983,1159,7.565,-0.954,-0.388,0.0,14.9
1783974181.983,1159,6.944,1.909,2.536,0.0,14.9
1783974181.983,1159,7.353,1.456,-2.029,0.0,12.7
1783974182.084,1160,7.53,-0.949,0.166,0.0,15.7
1783974182.084,1160,7.076,1.699,-2.712,0.0,13.2
1783974182.084,1160,7.538,-0.971,1.597,0.0,13.2
1783974182.186,1161,7.445,-0.938,0.085,0.0,11.6
1783974182.186,1161,6.958,1.642,2.28,0.0,11.6
1783974182.186,1161,7.57,-0.954,-0.269,0.0,12.8
1783974182.186,1161,7.19,1.67,1.951,0.0,12.8
1783974182.186,1161,7.647,-0.728,1.14,0.0,12.8
1783974182.186,1161,6.798,1.456,-3.46,0.0,12.8
1783974182.289,1162,7.574,-0.954,-0.105,0.0,15.3
1783974182.289,1162,7.369,1.909,0.592,0.0,15.3
1783974182.289,1162,7.429,1.213,-1.91,0.0,13.2
1783974182.289,1162,7.591,-0.971,1.321,0.0,13.2
1783974182.389,1163,7.566,-0.954,-0.381,0.0,14.4
1783974182.389,1163,6.727,1.909,3.066,0.0,14.4
1783974182.389,1163,7.751,-0.485,-0.038,0.0,14.6
1783974182.49,1164,7.567,-0.954,-0.352,0.0,15.4
1783974182.49,1164,6.925,1.67,2.749,0.0,15.4
1783974182.49,1164,7.72,-0.728,0.419,0.0,13.0
1783974182.591,1165,7.537,-1.193,0.258,0.0,15.6
1783974182.591,1165,6.659,1.67,-3.34,0.0,15.6
1783974182.591,1165,7.515,-0.0,-1.96,0.0,11.7
1783974182.692,1166,7.537,-1.193,-0.259,0.0,13.7
1783974182.692,1166,6.995,1.67,2.563,0.0,13.7
1783974182.692,1166,7.741,-0.485,-0.388,0.0,14.4
1783974182.692,1166,7.676,-0.0,-1.18,0.0,14.4
1783974182.792,1167,7.575,-0.954,0.009,0.0,14.4
1783974182.792,1167,7.652,1.213,-0.53,0.0,12.9
1783974182.894,1168,7.575,-0.954,0.032,0.0,14.9
1783974182.894,1168,7.394,1.67,0.909,0.0,14.9
1783974182.995,1169,7.541,-1.193,-0.084,0.0,11.7
1783974182.995,1169,6.477,1.432,3.78,0.0,11.7
1783974183.095,1170,7.541,-1.193,0.044,0.0,14.7
1783974183.095,1170,7.323,1.67,1.37,0.0,14.7
1783974183.095,1170,7.555,1.699,0.588,0.0,14.4
1783974183.196,1171,7.557,-0.954,0.519,0.0,15.0
1783974183.196,1171,7.192,1.67,-1.945,0.0,15.0
1783974183.196,1171,7.577,1.699,-0.097,0.0,13.6
1783974183.298,1172,7.571,-0.954,0.237,0.0,17.1
1783974183.298,1172,7.293,1.67,1.521,0.0,17.1
1783974183.298,1172,7.346,1.689,1.676,0.0,14.3
1783974183.298,1172,7.577,-0.724,-1.301,0.0,14.3
1783974183.398,1173,7.564,-0.954,0.412,0.0,17.6
1783974183.398,1173,7.669,1.213,0.155,0.0,11.5
1783974183.398,1173,7.613,-0.485,-1.453,0.0,11.5
1783974183.499,1174,7.547,-0.954,0.656,0.0,16.6
1783974183.6,1175,0.673,-0.886,-0.222,0.0,11.3
1783974183.6,1175,1.018,0.496,0.068,0.0,11.3
1783974183.6,1175,7.613,1.456,-0.478,0.0,11.9
1783974183.701,1176,7.578,1.699,0.005,0.0,12.2
1783974183.802,1177,7.455,-0.954,1.346,0.0,14.6
1783974183.802,1177,7.301,1.67,-1.483,0.0,14.6
1783974183.802,1177,7.448,-0.976,2.137,0.0,11.8
1783974183.802,1177,7.483,1.708,-1.439,0.0,11.8
1783974183.903,1178,7.54,-1.193,0.16,0.0,15.2
1783974183.903,1178,7.437,1.67,-0.437,0.0,15.2
1783974183.903,1178,7.569,1.699,0.361,0.0,12.3
1783974184.004,1179,7.552,-0.954,0.595,0.0,15.7
1783974184.004,1179,7.081,1.67,-2.315,0.0,15.7
1783974184.004,1179,7.49,1.941,-0.658,0.0,13.2
1783974184.004,1179,7.558,-1.456,1.035,0.0,13.2
1783974184.105,1180,7.551,-0.954,0.602,0.0,16.1
1783974184.105,1180,6.853,1.67,-2.922,0.0,16.1
1783974184.105,1180,7.454,2.196,-0.774,0.0,11.9
1783974184.156,1181,7.452,-0.954,1.361,0.0,14.6
1783974184.156,1181,7.286,1.909,-1.251,0.0,14.6
1783974184.156,1181,7.561,1.952,0.125,0.0,12.5
1783974184.156,1181,7.31,-0.976,-2.568,0.0,12.5
1783974184.308,1182,0.656,-0.886,-0.266,0.0,11.8
1783974184.308,1182,1.02,0.496,0.028,0.0,11.8
1783974184.308,1182,7.523,1.952,-0.759,0.0,11.8
1783974184.308,1182,6.767,-0.976,3.774,0.0,11.8
1783974184.459,1184,0.723,-0.851,-0.2,0.0,11.4
1783974184.459,1184,1.017,0.496,0.073,0.0,11.4
1783974184.56,1185,0.717,-0.851,-0.22,0.0,11.5
1783974184.56,1185,0.971,0.567,0.15,0.0,11.5
1783974184.56,1185,7.541,-1.193,-0.063,0.0,14.6
1783974184.56,1185,7.434,1.67,-0.486,0.0,14.6
1783974184.56,1185,7.624,1.456,-0.252,0.0,12.1
1783974184.711,1186,7.572,-0.954,-0.234,0.0,14.4
1783974184.711,1186,6.833,1.67,2.969,0.0,14.4
1783974184.763,1187,7.575,-0.954,0.016,0.0,16.6
1783974184.763,1187,7.463,0.971,-1.916,0.0,11.5
1783974184.763,1187,7.487,-1.456,1.459,0.0,11.5
1783974184.863,1188,0.723,-0.851,-0.2,0.0,11.4
1783974184.863,1188,1.017,0.496,0.073,0.0,11.4
1783974184.863,1188,7.568,-0.954,0.339,0.0,15.5
1783974184.965,1189,0.722,-0.851,-0.204,0.0,11.4
1783974184.965,1189,0.879,0.603,0.389,0.0,11.4
1783974185.066,1190,0.65,-0.886,-0.281,0.0,11.2
1783974185.066,1190,1.036,0.461,0.018,0.0,11.2
1783974185.066,1190,7.423,1.689,1.294,0.0,14.1
1783974185.167,1191,0.725,-0.851,-0.194,0.0,11.8
1783974185.167,1191,1.012,0.496,0.131,0.0,11.8
1783974185.167,1191,7.544,-0.954,0.682,0.0,16.3
1783974185.167,1191,7.02,1.67,-2.494,0.0,16.3
1783974185.167,1191,7.534,1.708,-1.145,0.0,13.0
1783974185.268,1192,0.722,-0.851,-0.204,0.0,11.3
1783974185.268,1192,1.037,0.461,-0.003,0.0,11.3
1783974185.268,1192,7.57,-0.954,0.279,0.0,16.3
1783974185.268,1192,7.566,1.699,-0.425,0.0,12.1
1783974185.268,1192,0.777,-0.285,0.044,-0.243,14.7
1783974185.368,1193,0.664,-0.886,-0.245,0.0,11.4
1783974185.368,1193,1.036,0.461,0.03,0.0,11.4
1783974185.368,1193,7.574,-0.954,0.127,0.0,17.7
1783974185.368,1193,7.765,-0.0,-0.103,0.0,13.6
1783974185.47,1194,0.71,-0.851,-0.242,0.0,11.6
1783974185.47,1194,1.02,0.496,-0.023,0.0,11.6
1783974185.47,1194,7.541,-1.193,0.081,0.0,18.5
1783974185.47,1194,7.756,-0.0,-0.398,0.0,13.6
1783974185.571,1195,7.575,-0.954,-0.046,0.0,17.2
1783974185.571,1195,7.607,-0.724,-1.116,0.0,14.3
1783974185.571,1195,7.353,1.689,1.647,0.0,14.3
1783974185.672,1196,7.537,-1.193,0.245,0.0,16.8
1783974185.672,1196,7.204,1.909,1.659,0.0,16.8
1783974185.774,1197,0.662,-0.886,-0.252,0.0,11.8
1783974185.774,1197,0.973,0.532,0.241,0.0,11.8
1783974185.774,1197,7.563,-0.954,0.423,0.0,14.3
1783974185.774,1197,7.403,1.67,0.835,0.0,14.3
1783974185.774,1197,7.57,-0.243,-1.716,0.0,11.6
1783974185.874,1198,0.589,-0.886,-0.393,0.0,11.6
1783974185.874,1198,1.016,0.496,0.093,0.0,11.6
1783974185.874,1198,7.572,-0.954,0.202,0.0,14.7
1783974185.874,1198,7.408,1.67,-0.793,0.0,14.7
1783974185.874,1198,7.544,1.213,-1.39,0.0,12.9
1783974185.874,1198,7.63,-1.213,0.785,0.0,12.9
1783974185.975,1199,7.571,-0.954,-0.239,0.0,15.4
1783974185.975,1199,6.841,1.67,2.95,0.0,15.4
1783974186.076,1200,0.519,-0.886,-0.482,0.0,12.2
1783974186.076,1200,7.33,2.413,0.289,0.0,16.4
1783974186.177,1201,0.51,0.267,0.203,0.0,12.2
1783974186.177,1201,0.305,-0.496,-0.184,0.0,12.2
1783974186.177,1201,7.515,0.72,1.405,0.0,17.4
1783974186.177,1201,6.667,3.359,-1.796,0.0,17.4
1783974186.177,1201,6.318,3.73,1.354,0.081,11.5
1783974186.177,1201,6.982,3.398,-0.112,0.081,17.5
1783974186.177,1201,8.47,-0.798,0.021,-0.081,13.8
1783974186.279,1202,0.432,0.305,0.305,0.0,11.9
1783974186.279,1202,8.338,1.063,1.314,0.0,14.1
1783974186.279,1202,7.176,2.372,0.708,0.081,14.2
1783974186.279,1202,7.155,2.896,-0.221,0.081,14.8
1783974186.279,1202,6.435,4.126,1.371,0.162,13.5
1783974186.279,1202,6.933,5.129,0.496,0.162,13.5
1783974186.279,1202,0.342,-0.502,0.345,-0.325,14.4
1783974186.279,1202,0.541,-0.622,0.087,-0.325,12.7
1783974186.279,1202,2.395,-3.474,0.689,-0.325,15.3
1783974186.38,1203,5.074,5.857,0.966,0.081,15.1
1783974186.38,1203,0.388,-0.545,0.199,-0.162,21.8
1783974186.38,1203,7.29,2.978,1.019,-0.081,15.3
1783974186.481,1204,0.909,0.674,-0.087,0.0,12.6
1783974186.481,1204,0.349,-0.0,0.003,-0.243,20.0
1783974186.481,1204,6.851,3.702,1.31,-0.162,13.7
1783974186.481,1204,4.516,6.345,0.58,-0.081,13.7
1783974186.582,1205,0.436,0.305,0.3,0.0,11.4
1783974186.582,1205,0.961,0.603,-0.017,0.0,11.7
1783974186.582,1205,2.818,-1.616,1.153,-0.406,11.6
1783974186.582,1205,6.632,4.195,0.878,-0.243,15.5
1783974186.683,1206,0.911,0.674,-0.057,0.0,11.2
1783974186.683,1206,2.371,-1.636,1.552,-0.406,12.8
1783974186.683,1206,3.025,-0.409,-1.178,-0.406,12.8
1783974186.683,1206,2.721,-1.616,1.365,-0.406,15.3
1783974186.683,1206,3.758,-1.702,0.722,-0.406,15.5
1783974186.683,1206,4.527,5.931,1.4,-0.162,13.9
1783974186.784,1207,0.463,0.266,0.191,0.0,12.5
1783974186.784,1207,0.882,0.709,-0.078,0.0,12.1
1783974186.784,1207,2.381,-1.393,1.592,-0.406,18.3
1783974186.784,1207,3.915,-1.295,0.414,-0.406,16.6
1783974186.784,1207,4.495,-2.233,0.93,-0.406,12.4
1783974186.784,1207,2.61,-1.595,1.49,-0.325,11.7
1783974186.784,1207,5.534,6.315,0.632,-0.162,11.8
1783974186.885,1208,0.462,0.286,0.279,0.0,12.0
1783974186.885,1208,0.959,0.603,-0.066,0.0,11.5
1783974186.885,1208,3.895,-0.897,0.919,-0.406,18.2
1783974186.985,1209,0.976,0.567,-0.111,0.0,12.7
1783974186.985,1209,3.964,-0.634,0.588,-0.406,18.1
1783974187.087,1210,0.489,0.286,0.229,0.0,12.3
1783974187.087,1210,0.906,0.674,-0.115,0.0,11.5
1783974187.087,1210,3.995,-0.376,0.111,-0.406,18.4
1783974187.087,1210,4.658,-1.423,1.373,-0.406,14.9
1783974187.087,1210,4.601,6.452,0.507,-0.081,12.8
1783974187.087,1210,4.788,6.806,-0.958,-0.081,12.9
1783974187.187,1211,0.419,0.301,0.235,0.0,11.8
1783974187.187,1211,1.011,0.496,-0.137,0.0,11.7
1783974187.187,1211,3.675,-0.96,0.557,-0.406,12.1
1783974187.187,1211,3.936,-0.248,0.46,-0.325,15.3
1783974187.288,1212,0.957,0.603,-0.092,0.0,11.3
1783974187.288,1212,3.357,-0.105,0.045,-0.243,12.7
1783974187.288,1212,3.96,0.248,0.139,-0.243,11.3
1783974187.389,1213,3.242,0.315,0.823,0.0,15.7
1783974187.389,1213,1.353,-0.353,-0.806,-0.162,14.6
1783974187.49,1214,1.287,-2.025,-0.043,-0.081,12.3
1783974187.49,1214,3.816,0.859,0.349,-0.081,18.1
1783974187.49,1214,4.279,0.135,0.574,-0.081,12.1
1783974187.59,1215,3.821,0.859,0.285,-0.081,16.7
1783974187.691,1216,0.463,0.266,0.191,0.0,11.7
1783974187.691,1216,3.809,0.859,0.413,0.0,16.0
1783974187.792,1217,3.846,0.736,0.284,0.0,15.5
1783974187.893,1218,3.844,0.736,0.319,0.0,15.6
1783974187.994,1219,3.838,0.736,0.377,0.0,16.5
1783974188.095,1220,0.422,-0.439,-0.045,0.0,12.5
1783974188.095,1220,3.844,0.736,0.31,0.0,16.1
1783974188.196,1221,0.408,-0.439,0.118,0.0,11.9
1783974188.196,1221,3.848,0.736,0.258,0.0,16.3
1783974188.196,1221,5.191,0.832,0.832,0.0,12.0
1783974188.196,1221,3.595,0.232,0.88,0.162,14.3
1783974188.298,1222,3.845,0.736,0.306,0.0,15.4
1783974188.398,1223,3.839,0.736,0.367,0.0,14.0
1783974188.499,1224,0.371,-0.477,-0.087,0.0,11.4
1783974188.499,1224,0.327,-0.515,-0.029,0.0,11.4
1783974188.499,1224,3.82,0.859,0.29,0.0,14.3
1783974188.6,1225,0.328,-0.515,-0.011,0.0,12.8
1783974188.6,1225,0.377,-0.477,-0.058,0.0,12.8
1783974188.6,1225,3.847,0.736,0.281,0.0,17.2
1783974188.7,1226,0.328,-0.515,-0.013,0.0,12.8
1783974188.7,1226,3.842,0.736,0.334,0.0,18.0
1783974188.801,1227,0.328,-0.515,-0.011,0.0,12.8
1783974188.801,1227,3.85,0.736,0.233,0.0,17.8
1783974188.801,1227,0.614,-0.518,0.34,-0.649,20.4
1783974188.902,1228,0.328,-0.515,-0.009,0.0,13.1
1783974188.902,1228,0.377,-0.477,-0.058,0.0,13.1
1783974188.902,1228,3.848,0.736,0.264,0.0,17.7
1783974188.902,1228,5.153,0.665,1.157,0.0,11.2
1783974189.003,1229,3.845,0.736,0.303,0.0,15.5
1783974189.003,1229,0.466,-0.736,0.046,0.325,16.5
1783974189.104,1230,3.84,0.736,0.359,0.0,15.9
1783974189.205,1231,3.823,0.859,0.253,0.0,16.5
1783974189.205,1231,4.881,0.155,0.944,0.0,12.1
1783974189.256,1232,0.328,-0.515,-0.012,0.0,13.0
1783974189.256,1232,0.377,-0.477,-0.06,0.0,13.0
1783974189.256,1232,3.841,0.736,0.347,0.0,15.9
1783974189.256,1232,0.524,-0.851,0.313,-0.406,17.5
1783974189.408,1233,0.328,-0.515,-0.014,0.0,13.2
1783974189.408,1233,3.844,0.736,0.316,0.0,16.4
1783974189.508,1234,0.328,-0.515,-0.013,0.0,12.8
1783974189.508,1234,0.376,-0.477,-0.062,0.0,12.8
1783974189.508,1234,3.842,0.736,0.342,0.0,16.0
1783974189.508,1234,4.886,0.311,0.878,0.0,12.6
1783974189.559,1235,0.328,-0.515,-0.01,0.0,12.5
1783974189.559,1235,3.838,0.736,0.384,0.0,16.0
1783974189.559,1235,4.934,0.155,0.61,0.0,11.8
1783974189.559,1235,4.263,-0.0,0.696,0.162,18.4
1783974189.71,1236,0.328,-0.515,-0.013,0.0,11.9
1783974189.71,1236,3.844,0.736,0.313,0.0,17.8
1783974189.811,1237,0.328,-0.515,0.015,0.0,12.5
1783974189.811,1237,3.848,0.736,0.264,0.0,16.5
1783974189.811,1237,5.107,0.665,1.344,0.0,11.8
1783974189.811,1237,0.519,-0.682,0.166,-0.243,16.6
1783974189.811,1237,0.398,0.603,-0.169,-0.162,16.6
1783974189.811,1237,3.127,0.311,1.059,-0.081,12.1
1783974189.862,1238,3.845,0.736,0.308,0.0,17.7
1783974189.963,1239,3.843,0.736,0.327,0.0,15.0
1783974190.065,1240,3.846,0.736,0.296,0.0,17.2
1783974190.166,1241,3.847,0.736,0.273,0.0,17.0
1783974190.267,1242,3.849,0.736,0.25,0.0,16.0
1783974190.267,1242,4.263,0.135,0.681,-0.162,16.1
1783974190.368,1243,3.846,0.736,0.287,0.0,16.3
1783974190.469,1244,3.847,0.736,0.275,0.0,16.0
1783974190.57,1245,3.862,0.614,0.351,0.0,19.3
1783974190.67,1246,3.849,0.736,0.244,0.0,16.6
1783974190.67,1246,3.175,0.414,0.862,-0.081,13.1
1783974190.771,1247,3.847,0.736,0.279,0.0,17.3
1783974190.872,1248,3.848,0.736,0.258,0.0,17.4
1783974190.872,1248,4.798,0.154,1.123,0.0,11.7
1783974190.973,1249,3.851,0.736,0.216,0.0,15.0
1783974191.073,1250,3.851,0.736,0.221,0.0,17.2
1783974191.073,1250,4.874,0.311,0.941,0.0,12.9
1783974191.173,1251,3.82,0.859,0.3,0.0,15.9
1783974191.173,1251,5.124,0.832,1.176,0.0,12.2
1783974191.275,1252,3.845,0.736,0.306,0.0,16.4
1783974191.275,1252,4.859,0.155,1.053,0.0,12.5
1783974191.375,1253,3.852,0.736,0.185,0.0,16.0
1783974191.375,1253,5.197,0.665,0.936,0.0,12.1
1783974191.477,1254,0.381,-0.477,0.001,0.0,12.6
1783974191.477,1254,0.327,-0.515,0.021,0.0,12.6
1783974191.477,1254,3.849,0.736,0.253,0.0,18.1
1783974191.477,1254,5.22,0.665,0.802,0.0,11.5
1783974191.578,1255,0.326,-0.515,-0.03,0.0,12.9
1783974191.578,1255,0.369,-0.477,-0.096,0.0,12.9
1783974191.578,1255,3.844,0.736,0.321,0.0,16.7
1783974191.578,1255,5.125,0.665,1.274,0.0,11.8
1783974191.679,1256,0.328,-0.515,0.0,0.0,13.3
1783974191.679,1256,3.847,0.736,0.274,0.0,16.1
1783974191.781,1257,3.847,0.736,0.275,0.0,16.1
1783974191.882,1258,0.326,-0.515,-0.035,0.0,13.1
1783974191.882,1258,3.844,0.736,0.316,0.0,17.2
1783974191.983,1259,1.817,-2.061,0.058,0.0,13.8
1783974191.983,1259,3.845,0.736,0.303,0.0,17.4
1783974191.983,1259,0.401,-0.545,0.171,-0.162,19.3
1783974191.983,1259,0.285,-0.479,0.107,-0.081,17.2
1783974192.084,1260,3.111,0.303,0.81,0.0,14.7
1783974192.084,1260,3.843,0.736,0.323,0.0,16.0
1783974192.084,1260,5.202,0.665,0.912,0.0,13.1
1783974192.084,1260,0.453,-0.47,0.042,-0.162,25.1
1783974192.185,1261,3.197,0.205,0.669,0.0,12.2
1783974192.185,1261,3.849,0.736,0.246,0.0,15.9
1783974192.185,1261,5.184,0.665,1.006,0.0,13.4
1783974192.185,1261,0.37,-0.425,0.061,-0.081,21.0
1783974192.185,1261,0.395,-0.491,0.178,-0.081,23.9
1783974192.285,1262,3.084,0.29,0.008,0.0,11.6
1783974192.285,1262,3.846,0.736,0.287,0.0,13.4
1783974192.285,1262,0.476,-0.614,0.116,-0.243,19.5
1783974192.285,1262,2.654,-3.01,0.059,-0.162,11.7
1783974192.285,1262,3.85,1.129,0.102,-0.162,11.7
1783974192.285,1262,0.479,-0.429,0.121,-0.081,26.5
1783974192.387,1263,3.817,0.859,0.338,0.0,14.6
1783974192.387,1263,0.393,-0.408,0.031,-0.081,26.4
1783974192.487,1264,0.376,-0.36,-0.054,0.0,20.1
1783974192.487,1264,3.851,0.736,0.217,0.0,15.9
1783974192.487,1264,4.873,0.154,0.731,0.0,12.1
1783974192.487,1264,5.129,0.665,1.257,0.0,12.9
1783974192.487,1264,0.368,-0.425,0.075,0.081,20.4
1783974192.487,1264,0.57,-0.716,-0.043,0.162,16.9
1783974192.487,1264,0.252,-0.24,0.023,-0.649,12.8
1783974192.487,1264,0.212,-0.21,0.067,-0.568,12.7
1783974192.487,1264,0.491,-0.363,0.03,-0.081,25.2
1783974192.589,1265,0.562,-0.327,0.075,0.0,20.6
1783974192.589,1265,3.82,0.859,0.291,0.0,16.2
1783974192.589,1265,4.835,-0.0,0.705,0.0,11.3
1783974192.589,1265,0.397,-0.327,-0.098,0.081,21.7
1783974192.69,1266,3.85,0.736,0.239,0.0,14.1
1783974192.69,1266,5.178,0.665,1.036,0.0,12.4
1783974192.69,1266,0.469,-0.382,0.087,0.243,33.7
1783974192.69,1266,1.314,-1.843,-0.146,0.243,14.2
1783974192.69,1266,0.571,-0.284,0.285,0.487,29.0
1783974192.69,1266,0.521,-0.327,0.329,0.487,29.0
1783974192.792,1267,3.105,0.504,0.725,0.0,11.5
1783974192.792,1267,3.817,0.859,0.336,0.0,14.9
1783974192.792,1267,0.521,-0.389,0.076,0.487,39.2
1783974192.893,1268,3.845,0.736,0.304,0.0,16.4
1783974192.893,1268,0.567,-0.716,0.072,0.406,18.2
1783974192.893,1268,0.59,-0.371,0.035,0.487,42.2
1783974192.893,1268,0.804,-0.104,0.171,-0.649,23.5
1783974192.994,1269,0.352,-0.496,-0.055,0.0,13.1
1783974192.994,1269,3.836,0.736,0.401,0.0,16.8
1783974192.994,1269,0.629,-0.659,-0.1,0.325,21.1
1783974192.994,1269,1.268,-1.879,0.456,0.325,19.6
1783974192.994,1269,0.6,-0.417,0.128,0.487,45.1
1783974193.095,1270,0.351,-0.496,-0.06,0.0,13.1
1783974193.095,1270,3.842,0.736,0.339,0.0,16.3
1783974193.095,1270,4.817,0.311,1.2,0.0,12.1
1783974193.095,1270,1.382,-1.807,0.416,0.325,16.1
1783974193.095,1270,0.705,-0.63,0.167,0.406,28.4
1783974193.095,1270,0.679,-0.393,0.033,0.487,41.3
1783974193.095,1270,0.676,-0.544,0.294,0.568,24.7
1783974193.197,1271,0.351,-0.496,-0.059,0.0,12.7
1783974193.197,1271,3.836,0.736,0.398,0.0,15.7
1783974193.197,1271,0.783,-0.627,-0.011,0.243,33.1
1783974193.197,1271,0.749,-0.6,0.02,0.325,32.1
1783974193.197,1271,0.736,-0.363,0.119,0.406,43.1
1783974193.197,1271,0.782,-0.074,-0.007,-0.406,37.6
1783974193.298,1272,0.351,-0.496,-0.058,0.0,12.1
1783974193.298,1272,3.842,0.736,0.341,0.0,13.8
1783974193.298,1272,0.779,-0.596,-0.211,0.243,28.9
1783974193.298,1272,0.779,-0.458,-0.153,0.406,40.9
1783974193.298,1272,0.796,-0.354,0.05,0.568,42.0
1783974193.4,1273,3.828,0.859,0.174,0.0,16.0
1783974193.4,1273,5.158,0.832,1.015,0.0,12.7
1783974193.4,1273,0.774,-0.354,0.193,0.325,35.9
1783974193.4,1273,1.058,-0.239,0.119,-0.649,24.0
1783974193.4,1273,0.893,-0.057,0.196,-0.487,39.9
1783974193.4,1273,0.943,-0.22,-0.264,-0.487,42.3
1783974193.4,1273,0.954,-0.06,0.091,-0.406,42.0
1783974193.5,1274,0.352,-0.496,-0.057,0.0,12.1
1783974193.5,1274,3.822,0.859,0.266,0.0,17.7
1783974193.5,1274,0.916,-0.029,-0.003,-0.649,25.7
1783974193.5,1274,0.896,0.029,0.188,-0.406,30.5
1783974193.5,1274,1.042,-0.0,-0.1,-0.325,34.1
1783974193.602,1275,0.353,-0.496,-0.05,0.0,12.7
1783974193.602,1275,3.839,0.736,0.367,0.0,18.2
1783974193.602,1275,4.835,0.466,1.07,0.0,12.5
1783974193.602,1275,1.032,0.164,0.066,0.162,30.0
1783974193.602,1275,1.023,0.196,0.106,0.325,33.0
1783974193.602,1275,1.087,0.034,0.089,-0.406,40.6
1783974193.703,1276,0.351,-0.496,-0.058,0.0,13.3
1783974193.703,1276,3.842,0.736,0.342,0.0,16.4
1783974193.703,1276,1.367,2.246,0.416,0.568,16.3
1783974193.703,1276,1.162,0.074,0.181,-0.487,40.1
1783974193.703,1276,1.464,-0.191,0.391,-0.406,26.8
1783974193.703,1276,1.618,-0.155,0.325,-0.406,22.9
1783974193.703,1276,1.233,-0.119,-0.259,-0.325,34.6
1783974193.703,1276,1.46,-0.185,0.188,-0.081,20.5
1783974193.805,1277,0.351,-0.496,-0.058,0.0,13.5
1783974193.805,1277,1.296,-0.0,-0.387,0.0,23.9
1783974193.805,1277,3.838,0.736,0.384,0.0,18.3
1783974193.805,1277,1.252,0.119,0.14,-0.487,39.6
1783974193.805,1277,1.524,-0.095,-0.032,-0.487,22.9
1783974193.805,1277,1.477,-0.093,-0.099,-0.406,21.0
1783974193.805,1277,1.567,-0.202,0.329,-0.325,31.6
1783974193.906,1278,0.352,-0.496,-0.056,0.0,13.3
1783974193.906,1278,3.842,0.736,0.334,0.0,19.2
1783974193.906,1278,1.378,0.36,-0.209,-0.487,32.6
1783974193.906,1278,1.683,-0.106,0.225,-0.406,33.9
1783974193.906,1278,1.339,0.169,0.09,-0.325,38.7
1783974193.906,1278,1.497,0.393,0.266,-0.325,17.3
1783974194.006,1279,0.351,-0.496,-0.061,0.0,13.4
1783974194.006,1279,3.832,0.736,0.44,0.0,19.9
1783974194.006,1279,2.902,-0.183,0.298,-0.649,21.3
1783974194.006,1279,1.783,-0.056,0.138,-0.568,31.3
1783974194.006,1279,1.562,0.466,0.302,-0.487,27.4
1783974194.006,1279,1.505,0.239,0.096,-0.406,34.0
1783974194.006,1279,1.675,0.053,0.294,-0.406,26.2
1783974194.006,1279,1.463,0.232,0.085,-0.162,37.7
1783974194.057,1280,0.351,-0.496,-0.061,0.0,13.4
1783974194.057,1280,3.846,0.736,0.296,0.0,21.4
1783974194.057,1280,1.699,-0.382,0.121,0.568,24.2
1783974194.057,1280,2.913,0.183,-0.16,0.568,20.9
1783974194.057,1280,1.551,0.245,-0.032,-0.487,38.1
1783974194.057,1280,1.85,-0.0,0.312,-0.487,35.7
1783974194.209,1281,0.353,-0.496,-0.05,0.0,13.4
1783974194.209,1281,3.842,0.736,0.339,0.0,18.9
1783974194.209,1281,1.817,-0.48,0.393,0.568,32.0
1783974194.209,1281,1.586,0.303,-0.018,-0.649,37.9
1783974194.209,1281,1.623,0.559,0.504,-0.649,20.8
1783974194.311,1282,0.352,-0.496,-0.054,0.0,13.3
1783974194.311,1282,3.848,0.736,0.255,0.0,17.9
1783974194.311,1282,1.731,-0.164,0.144,0.325,31.1
1783974194.311,1282,1.9,-0.429,0.244,0.325,30.1
1783974194.311,1282,3.658,0.116,0.601,-0.649,12.4
1783974194.311,1282,1.604,0.425,-0.375,-0.406,32.3
1783974194.361,1283,0.351,-0.496,-0.058,0.0,13.6
1783974194.361,1283,3.84,0.736,0.36,0.0,19.1
1783974194.361,1283,1.89,-0.3,0.148,0.243,25.1
1783974194.361,1283,1.954,-0.376,0.259,0.325,26.3
1783974194.361,1283,1.733,-0.055,0.199,0.406,37.9
1783974194.361,1283,1.777,0.586,0.139,-0.568,32.1
1783974194.463,1284,0.352,-0.496,-0.055,0.0,13.3
1783974194.463,1284,3.845,0.736,0.308,0.0,18.7
1783974194.463,1284,1.999,-0.32,0.329,0.325,25.5
1783974194.463,1284,1.723,0.056,0.476,0.406,30.5
1783974194.463,1284,1.771,0.057,0.469,0.487,31.5
1783974194.463,1284,1.758,0.515,-0.009,-0.649,30.0
1783974194.565,1285,0.352,-0.496,-0.053,0.0,13.3
1783974194.565,1285,3.847,0.736,0.28,0.0,20.0
1783974194.565,1285,2.057,-0.327,0.221,0.243,23.5
1783974194.565,1285,2.067,-0.131,0.311,0.406,18.9
1783974194.565,1285,3.14,0.098,0.023,0.568,18.3
1783974194.666,1286,0.352,-0.496,-0.053,0.0,13.3
1783974194.666,1286,3.854,0.736,0.138,0.0,12.8
1783974194.666,1286,1.857,0.059,0.257,0.406,39.4
1783974194.666,1286,2.072,-0.196,0.23,0.406,29.0
1783974194.666,1286,3.162,0.299,-0.233,0.406,15.7
1783974194.766,1287,0.351,-0.496,-0.059,0.0,13.6
1783974194.766,1287,2.127,-0.2,0.076,0.325,28.8
1783974194.766,1287,1.906,-0.06,0.222,0.406,36.0
1783974194.766,1287,1.794,0.798,0.025,-0.325,31.5
1783974194.866,1288,0.351,-0.496,-0.06,0.0,13.8
1783974194.866,1288,1.902,0.06,0.252,0.243,32.0
1783974194.866,1288,2.047,0.128,0.003,0.243,28.3
1783974194.866,1288,2.109,-0.267,0.221,0.243,24.1
1783974194.966,1289,0.351,-0.496,-0.058,0.0,13.5
1783974194.966,1289,1.948,-0.0,0.248,0.081,24.9
1783974194.966,1289,2.044,0.064,-0.151,0.162,31.1
1783974194.966,1289,2.003,0.125,0.044,0.243,31.9
1783974194.966,1289,2.155,-0.273,0.2,0.243,27.2
1783974194.966,1289,2.003,-0.125,0.002,0.406,31.3
1783974194.966,1289,2.102,0.334,0.205,0.487,33.4
1783974195.067,1290,0.351,-0.496,-0.062,0.0,13.4
1783974195.067,1290,2.121,0.267,-0.006,0.0,14.2
1783974195.067,1290,1.945,-0.061,0.258,0.162,35.7
1783974195.067,1290,2.046,-0.128,-0.052,0.243,34.6
1783974195.067,1290,2.319,-0.221,0.355,0.243,18.6
1783974195.067,1290,2.147,0.341,0.185,0.325,32.7
1783974195.169,1291,0.352,-0.496,-0.052,0.0,13.1
1783974195.169,1291,3.831,0.859,-0.017,0.0,11.3
1783974195.169,1291,1.992,-0.0,0.242,0.162,34.6
1783974195.169,1291,2.189,-0.278,0.287,0.162,26.7
1783974195.169,1291,2.042,-0.064,0.181,0.243,32.3
1783974195.269,1292,0.351,-0.496,-0.057,0.0,13.6
1783974195.269,1292,3.853,0.736,0.18,0.0,20.8
1783974195.269,1292,2.066,0.262,0.216,0.081,14.2
1783974195.269,1292,1.957,-0.0,0.443,0.162,32.0
1783974195.269,1292,2.301,-0.0,0.229,0.162,24.5
1783974195.269,1292,2.132,-0.134,0.091,0.243,21.7
1783974195.371,1293,0.353,-0.496,-0.05,0.0,13.7
1783974195.371,1293,3.829,0.859,0.144,0.0,17.5
1783974195.371,1293,2.025,-0.0,0.325,0.162,35.1
1783974195.371,1293,2.165,-0.425,0.529,0.162,19.1
1783974195.371,1293,1.985,-0.251,0.154,-0.568,19.5
1783974195.471,1294,0.352,-0.496,-0.056,0.0,13.5
1783974195.471,1294,2.039,0.128,-0.175,0.0,20.6
1783974195.471,1294,3.82,0.859,0.293,0.0,15.5
1783974195.471,1294,2.126,-0.0,0.223,0.162,29.2
1783974195.471,1294,1.946,-0.245,0.088,-0.325,20.9
1783974195.572,1295,0.352,-0.496,-0.053,0.0,13.4
1783974195.572,1295,2.042,0.064,0.177,0.0,20.3
1783974195.572,1295,2.19,0.284,0.522,0.0,14.1
1783974195.572,1295,3.847,0.736,0.278,0.0,17.6
1783974195.572,1295,2.135,-0.067,0.078,0.162,25.0
1783974195.673,1296,0.352,-0.496,-0.056,0.0,13.6
1783974195.673,1296,2.1,0.354,0.782,0.0,12.0
1783974195.673,1296,3.849,0.736,0.24,0.0,16.8
1783974195.673,1296,2.067,0.065,0.333,-0.081,23.1
1783974195.774,1297,0.351,-0.496,-0.059,0.0,13.2
1783974195.774,1297,2.153,0.213,0.683,0.0,12.5
1783974195.774,1297,3.848,0.736,0.266,0.0,16.5
1783974195.774,1297,1.91,-0.06,0.182,-0.243,23.5
1783974195.774,1297,2.154,-0.139,0.54,-0.243,22.2
1783974195.774,1297,2.08,0.131,0.204,-0.081,26.3
1783974195.875,1298,0.351,-0.496,-0.061,0.0,13.7
1783974195.875,1298,2.155,0.341,-0.01,0.0,14.1
1783974195.875,1298,1.913,-0.06,0.145,-0.325,21.7
1783974195.875,1298,1.849,-0.0,0.316,-0.243,20.6
1783974195.875,1298,1.987,0.063,0.276,-0.243,33.9
1783974195.875,1298,2.046,0.128,0.033,-0.081,25.5
1783974195.875,1298,2.238,0.284,0.244,-0.081,17.0
1783974195.975,1299,0.351,-0.496,-0.062,0.0,13.4
1783974195.975,1299,3.343,0.21,0.26,0.162,15.4
1783974195.975,1299,1.992,0.063,0.236,-0.243,37.5
1783974195.975,1299,2.366,0.075,-0.395,-0.243,17.7
1783974195.975,1299,2.09,0.131,-0.048,-0.162,31.5
1783974195.975,1299,2.032,0.256,-0.103,-0.081,23.0
1783974195.975,1299,2.22,0.425,0.198,-0.081,14.8
1783974196.077,1300,0.352,-0.496,-0.056,0.0,13.4
1783974196.077,1300,2.174,0.496,0.415,0.081,12.1
1783974196.077,1300,1.925,0.125,0.553,-0.406,28.0
1783974196.077,1300,1.99,0.251,0.068,-0.162,32.2
1783974196.177,1301,0.351,-0.496,-0.058,0.0,13.6
1783974196.177,1301,4.285,0.273,0.773,0.406,18.0
1783974196.177,1301,1.787,0.172,0.366,-0.243,22.2
1783974196.177,1301,1.969,0.376,0.096,-0.162,31.3
1783974196.177,1301,2.175,0.567,0.306,-0.162,20.6
1783974196.278,1302,0.352,-0.496,-0.056,0.0,13.2
1783974196.278,1302,4.273,-0.0,0.629,0.0,13.8
1783974196.278,1302,1.903,0.12,-0.218,-0.649,28.7
1783974196.278,1302,1.95,0.184,-0.132,-0.568,28.4
1783974196.278,1302,1.876,0.36,0.189,-0.243,30.5
1783974196.278,1302,2.165,0.638,0.233,-0.243,24.2
1783974196.278,1302,2.005,0.384,0.195,-0.162,27.8
1783974196.379,1303,0.351,-0.496,-0.057,0.0,13.9
1783974196.379,1303,1.897,0.18,-0.232,-0.568,24.7
1783974196.379,1303,1.822,0.352,0.274,-0.325,30.6
1783974196.379,1303,1.935,0.439,0.3,-0.243,29.6
1783974196.379,1303,2.135,0.626,-0.049,-0.243,22.2
1783974196.379,1303,2.002,0.589,0.177,-0.081,13.3
1783974196.479,1304,0.351,-0.496,-0.058,0.0,13.7
1783974196.479,1304,4.939,0.311,0.493,0.0,11.3
1783974196.479,1304,1.813,0.469,0.118,-0.325,34.5
1783974196.479,1304,2.045,0.682,0.334,-0.243,30.5
1783974196.479,1304,1.962,0.577,0.152,-0.162,26.2
1783974196.58,1305,0.351,-0.496,-0.06,0.0,13.3
1783974196.58,1305,4.949,0.155,0.47,0.0,11.8
1783974196.58,1305,1.831,0.41,-0.003,-0.568,26.6
1783974196.58,1305,1.703,0.515,-0.439,-0.406,31.5
1783974196.58,1305,1.842,0.3,0.45,-0.406,23.8
1783974196.58,1305,1.894,0.627,0.219,-0.243,22.1
1783974196.58,1305,1.985,0.818,0.387,-0.243,29.0
1783974196.58,1305,1.749,-2.835,0.438,-0.162,19.6
1783974196.68,1306,0.352,-0.496,-0.054,0.0,13.5
1783974196.68,1306,1.717,0.503,0.008,-0.487,34.8
1783974196.68,1306,1.791,0.66,0.203,-0.406,17.0
1783974196.68,1306,1.958,0.802,0.304,-0.406,32.8
1783974196.68,1306,1.85,-2.73,0.642,-0.162,18.2
1783974196.68,1306,3.344,0.315,0.053,-0.162,18.2
1783974196.781,1307,0.351,-0.496,-0.058,0.0,13.4
1783974196.781,1307,3.852,0.736,0.187,0.0,19.1
1783974196.781,1307,1.757,0.335,0.018,-0.649,28.8
1783974196.781,1307,1.534,0.532,-0.508,-0.568,28.3
1783974196.781,1307,1.642,0.545,0.225,-0.406,35.5
1783974196.781,1307,1.887,0.851,0.316,-0.406,26.2
1783974196.781,1307,1.729,0.645,0.34,-0.325,22.6
1783974196.781,1307,2.063,-2.59,0.17,-0.162,19.1
1783974196.882,1308,0.351,-0.496,-0.057,0.0,13.4
1783974196.882,1308,3.849,0.736,0.252,0.0,16.7
1783974196.882,1308,1.674,0.744,0.024,-0.406,23.1
1783974196.882,1308,1.603,0.6,0.343,-0.325,32.0
1783974196.882,1308,1.723,0.84,0.101,-0.325,26.6
1783974196.882,1308,1.557,0.585,-0.357,-0.162,33.3
1783974196.882,1308,1.657,0.63,0.465,-0.162,17.7
1783974196.982,1309,0.35,-0.496,-0.064,0.0,13.2
1783974196.982,1309,3.826,0.859,0.203,0.0,17.1
1783974196.982,1309,1.694,0.9,0.066,-0.325,30.1
1783974196.982,1309,1.647,0.802,0.04,-0.243,25.7
1783974196.982,1309,1.537,0.622,-0.017,-0.162,37.0
1783974197.083,1310,0.352,-0.496,-0.056,0.0,13.2
1783974197.083,1310,3.843,0.736,0.325,0.0,15.0
1783974197.083,1310,2.181,-2.487,0.232,0.081,11.3
1783974197.083,1310,1.384,0.62,0.175,-0.243,25.9
1783974197.083,1310,1.624,0.938,0.043,-0.243,28.2
1783974197.083,1310,1.532,0.622,-0.122,-0.162,32.2
1783974197.184,1311,0.35,-0.496,-0.067,0.0,13.1
1783974197.184,1311,3.823,0.859,0.248,0.0,15.8
1783974197.184,1311,2.433,-2.31,-0.18,0.081,12.7
1783974197.184,1311,1.673,0.615,0.145,0.162,23.4
1783974197.184,1311,2.122,-2.421,0.237,0.162,13.1
1783974197.184,1311,1.35,0.668,0.251,-0.325,29.8
1783974197.184,1311,1.538,0.818,-0.1,-0.162,29.0
1783974197.184,1311,1.514,0.674,0.065,-0.081,25.6
1783974197.285,1312,0.351,-0.496,-0.06,0.0,13.6
1783974197.285,1312,1.529,0.622,0.159,0.0,21.8
1783974197.285,1312,3.863,0.614,0.349,0.0,15.6
1783974197.285,1312,4.76,0.458,1.007,0.0,13.9
1783974197.285,1312,2.247,-2.352,0.359,0.162,18.7
1783974197.285,1312,2.313,-2.415,0.327,0.162,17.9
1783974197.285,1312,1.336,0.716,0.187,-0.162,27.8
1783974197.387,1313,0.351,-0.496,-0.062,0.0,13.4
1783974197.387,1313,1.625,0.938,-0.014,0.0,13.1
1783974197.387,1313,3.853,0.736,0.174,0.0,15.7
1783974197.387,1313,1.462,0.777,0.084,0.081,26.9
1783974197.387,1313,1.625,0.615,-0.427,0.162,17.9
1783974197.387,1313,3.186,0.84,-0.654,0.162,12.1
1783974197.387,1313,1.322,0.764,0.015,0.325,30.2
1783974197.487,1314,0.352,-0.496,-0.053,0.0,13.5
1783974197.487,1314,1.589,0.997,0.027,0.0,13.8
1783974197.487,1314,3.849,0.736,0.243,0.0,15.2
1783974197.487,1314,1.482,0.725,0.166,0.081,28.2
1783974197.487,1314,1.655,0.671,0.108,0.081,20.4
1783974197.487,1314,2.452,-2.34,0.307,0.162,12.1
1783974197.487,1314,1.546,0.691,0.168,0.243,23.4
1783974197.487,1314,1.435,0.638,0.039,0.406,29.0
1783974197.588,1315,0.351,-0.496,-0.062,0.0,13.7
1783974197.588,1315,3.825,0.859,0.23,0.0,16.4
1783974197.588,1315,1.457,0.777,0.15,0.081,29.1
1783974197.588,1315,1.581,1.192,0.331,0.081,14.6
1783974197.689,1316,0.351,-0.496,-0.059,0.0,13.4
1783974197.689,1316,1.456,0.777,0.16,0.0,26.1
1783974197.689,1316,3.8,0.728,0.322,0.0,13.2
1783974197.689,1316,1.633,1.129,0.295,0.243,28.4
1783974197.689,1316,1.476,1.006,0.101,-0.081,17.7
1783974197.79,1317,0.351,-0.496,-0.059,0.0,13.4
1783974197.79,1317,1.487,0.725,0.108,0.0,23.5
1783974197.79,1317,3.828,0.859,0.153,0.0,15.0
1783974197.79,1317,1.603,1.192,0.197,0.081,21.9
1783974197.891,1318,0.351,-0.496,-0.059,0.0,13.4
1783974197.891,1318,1.393,0.829,0.349,0.0,19.1
1783974197.891,1318,1.635,1.218,0.223,0.0,17.6
1783974197.891,1318,3.862,0.614,0.357,0.0,17.1
1783974197.891,1318,1.496,0.605,0.034,-0.081,20.7
1783974197.891,1318,1.603,0.727,0.32,-0.081,16.1
1783974197.993,1319,0.351,-0.496,-0.06,0.0,13.7
1783974197.993,1319,1.454,0.777,0.175,0.0,23.0
1783974197.993,1319,1.536,0.973,0.224,0.0,14.1
1783974197.993,1319,3.842,0.736,0.341,0.0,17.1
1783974197.993,1319,4.776,-0.0,1.033,0.0,13.2
1783974197.993,1319,1.601,1.192,0.211,-0.162,30.8
1783974198.094,1320,0.352,-0.496,-0.054,0.0,13.5
1783974198.094,1320,1.349,0.881,0.391,0.0,18.1
1783974198.094,1320,3.852,0.736,0.202,0.0,15.0
1783974198.094,1320,1.59,1.192,0.283,-0.243,29.2
1783974198.094,1320,1.447,1.031,0.449,-0.081,14.1
1783974198.094,1320,1.577,0.458,-0.814,-0.081,14.1
1783974198.195,1321,0.352,-0.496,-0.054,0.0,13.4
1783974198.195,1321,1.449,0.656,-0.276,0.0,15.7
1783974198.195,1321,1.431,0.904,0.172,0.0,16.1
1783974198.195,1321,3.847,0.736,0.279,0.0,16.4
1783974198.195,1321,1.542,1.14,0.093,-0.487,25.7
1783974198.195,1321,1.614,1.104,0.169,-0.162,24.0
1783974198.195,1321,2.645,-2.154,0.491,-0.162,13.8
1783974198.195,1321,1.614,0.859,-0.123,-0.081,16.7
1783974198.296,1322,0.351,-0.496,-0.061,0.0,13.8
1783974198.296,1322,3.845,0.736,0.304,0.0,16.3
1783974198.296,1322,1.597,1.192,0.243,-0.406,19.2
1783974198.296,1322,1.585,1.08,0.073,-0.243,22.5
1783974198.296,1322,1.548,0.894,0.064,-0.162,18.3
1783974198.296,1322,2.629,-2.127,0.378,-0.162,13.1
1783974198.296,1322,1.449,0.777,0.209,-0.081,28.4
1783974198.397,1323,0.351,-0.496,-0.06,0.0,13.6
1783974198.397,1323,1.503,0.545,0.699,0.0,14.2
1783974198.397,1323,3.848,0.736,0.263,0.0,18.3
1783974198.397,1323,1.542,1.166,0.342,-0.406,19.7
1783974198.397,1323,1.515,1.031,0.031,-0.325,19.2
1783974198.397,1323,1.5,0.798,0.095,-0.162,29.0
1783974198.397,1323,1.513,0.555,0.094,-0.081,20.8
1783974198.499,1324,0.351,-0.496,-0.061,0.0,13.5
1783974198.499,1324,3.844,0.736,0.314,0.0,17.0
1783974198.499,1324,1.663,0.436,0.301,0.081,21.4
1783974198.499,1324,1.589,0.997,0.032,-0.487,24.7
1783974198.499,1324,1.503,0.798,0.037,-0.325,33.7
1783974198.499,1324,1.629,0.96,0.332,-0.325,18.5
1783974198.499,1324,1.512,0.674,0.099,-0.162,34.5
1783974198.6,1325,0.35,-0.496,-0.065,0.0,13.2
1783974198.6,1325,1.575,0.518,-0.012,0.0,21.7
1783974198.6,1325,3.849,0.736,0.243,0.0,19.8
1783974198.6,1325,4.839,0.154,0.929,0.0,15.4
1783974198.6,1325,1.507,0.95,-0.161,-0.568,26.6
1783974198.6,1325,1.532,0.997,0.422,-0.487,18.8
1783974198.6,1325,1.683,0.982,0.241,-0.487,17.7
1783974198.6,1325,1.534,0.622,0.093,-0.243,34.2
1783974198.701,1326,0.351,-0.496,-0.058,0.0,13.5
1783974198.701,1326,4.811,0.154,1.066,0.0,13.8
1783974198.701,1326,1.571,0.859,0.388,-0.406,30.4
1783974198.701,1326,3.174,0.414,0.864,-0.162,20.2
1783974198.701,1326,1.527,0.504,0.144,-0.081,30.4
1783974198.803,1327,0.351,-0.496,-0.062,0.0,13.5
1783974198.803,1327,0.388,-0.458,-0.114,0.0,13.5
1783974198.803,1327,1.763,0.279,0.114,0.325,29.0
1783974198.803,1327,1.472,0.491,0.244,-0.081,26.6
1783974198.904,1328,0.352,-0.496,-0.056,0.0,13.4
1783974198.904,1328,1.766,0.115,0.474,0.162,23.6
1783974198.904,1328,1.798,0.176,0.507,0.243,25.4
1783974198.904,1328,1.731,0.218,0.006,0.325,30.0
1783974198.904,1328,1.791,-2.588,0.491,-0.243,19.5
1783974198.904,1328,1.499,0.442,0.162,-0.162,39.7
1783974199.005,1329,0.352,-0.496,-0.056,0.0,13.4
1783974199.005,1329,1.754,0.115,0.517,0.0,14.4
1783974199.005,1329,3.69,-0.0,0.68,0.0,13.5
1783974199.005,1329,4.886,-0.0,0.654,0.0,11.8
1783974199.005,1329,1.737,0.164,-0.047,0.081,17.0
1783974199.005,1329,1.487,0.605,-0.172,-0.568,27.8
1783974199.005,1329,1.484,0.504,0.387,-0.406,29.4
1783974199.005,1329,1.463,0.382,0.212,-0.243,33.9
1783974199.106,1330,0.351,-0.496,-0.058,0.0,13.3
1783974199.106,1330,0.39,-0.458,-0.107,0.0,13.3
1783974199.106,1330,1.491,0.491,0.054,-0.568,29.7
1783974199.106,1330,1.644,-2.65,-0.373,-0.487,19.2
1783974199.106,1330,1.483,0.334,0.14,-0.325,37.0
1783974199.106,1330,1.816,0.115,0.215,-0.243,26.3
1783974199.106,1330,1.578,0.202,0.273,-0.162,29.9
1783974199.106,1330,2.119,0.142,0.797,-0.162,11.7
1783974199.106,1330,1.687,0.213,-0.049,-0.081,23.2
1783974199.207,1331,0.35,-0.496,-0.063,0.0,13.3
1783974199.207,1331,0.388,-0.458,-0.113,0.0,13.3
1783974199.207,1331,1.468,0.382,0.177,-0.487,28.7
1783974199.207,1331,1.635,-2.577,0.113,-0.487,18.8
1783974199.207,1331,3.033,0.191,0.3,-0.487,18.8
1783974199.207,1331,1.422,0.225,-0.002,-0.406,35.6
1783974199.207,1331,1.562,0.404,0.063,-0.406,20.1
1783974199.207,1331,1.453,0.278,0.107,-0.325,35.7
1783974199.207,1331,1.843,0.059,0.346,-0.325,27.4
1783974199.207,1331,1.31,0.393,0.28,-0.243,26.5
1783974199.207,1331,1.65,0.155,0.033,-0.243,18.9
1783974199.309,1332,0.351,-0.496,-0.059,0.0,13.4
1783974199.309,1332,4.529,-0.429,0.54,0.0,13.8
1783974199.309,1332,3.016,0.477,-0.021,-0.568,19.1
1783974199.309,1332,1.419,0.225,0.099,-0.487,41.2
1783974199.309,1332,1.803,-0.0,0.328,-0.487,19.6
1783974199.309,1332,1.563,0.147,-0.051,-0.406,22.9
1783974199.309,1332,1.307,0.338,0.074,-0.325,26.7
1783974199.309,1332,1.66,-0.106,0.36,-0.325,18.5
1783974199.309,1332,1.746,-0.0,0.389,-0.243,20.7
1783974199.41,1333,0.35,-0.496,-0.063,0.0,13.9
1783974199.41,1333,4.472,-0.284,0.711,0.0,11.3
1783974199.41,1333,1.28,0.245,-0.116,-0.568,32.4
1783974199.41,1333,1.374,0.175,0.173,-0.487,32.3
1783974199.41,1333,1.477,0.139,0.018,-0.487,27.7
1783974199.41,1333,1.655,-0.052,0.088,-0.325,21.6
1783974199.41,1333,1.784,0.42,-0.572,-0.243,13.6
1783974199.511,1334,0.352,-0.496,-0.055,0.0,13.5
1783974199.511,1334,1.192,0.267,-0.024,-0.649,23.8
1783974199.511,1334,1.353,0.262,0.225,-0.487,37.9
1783974199.511,1334,1.696,-0.106,-0.077,-0.487,18.5
1783974199.511,1334,1.284,-0.0,0.253,-0.406,30.3
1783974199.511,1334,1.525,-0.048,0.054,-0.325,22.2
1783974199.511,1334,1.611,-0.101,0.022,-0.325,24.2
1783974199.511,1334,1.737,-0.109,0.127,-0.325,14.9
1783974199.511,1334,1.286,0.123,-0.211,-0.243,33.4
1783974199.511,1334,1.731,-0.109,0.194,-0.162,16.9
1783974199.561,1335,0.351,-0.496,-0.06,0.0,13.5
1783974199.561,1335,1.153,0.221,0.1,-0.568,24.2
1783974199.561,1335,1.333,0.169,0.156,-0.487,28.2
1783974199.561,1335,1.52,-0.143,-0.028,-0.406,23.7
1783974199.561,1335,1.561,-0.147,0.1,-0.325,22.4
1783974199.561,1335,1.644,-0.207,0.052,-0.325,19.4
1783974199.561,1335,1.292,0.082,0.195,-0.243,38.3
1783974199.561,1335,1.289,0.123,0.19,-0.081,18.2
1783974199.561,1335,1.369,0.218,-0.164,-0.081,17.9
1783974199.714,1336,0.351,-0.496,-0.061,0.0,13.2
1783974199.714,1336,4.438,1.313,0.609,0.0,11.8
1783974199.714,1336,1.131,0.071,-0.042,-0.406,26.1
1783974199.714,1336,1.124,0.142,-0.046,-0.406,26.1
1783974199.714,1336,1.287,-0.0,0.236,-0.243,38.0
1783974199.714,1336,1.474,-0.139,0.087,-0.243,22.3
1783974199.765,1337,0.35,-0.496,-0.063,0.0,11.9
1783974199.765,1337,3.851,0.736,0.22,0.0,19.3
1783974199.765,1337,1.429,-0.135,0.113,-0.243,22.2
1783974199.765,1337,1.264,0.04,-0.04,-0.162,36.9
1783974199.765,1337,1.382,0.131,0.151,-0.162,20.5
1783974199.765,1337,1.123,-0.0,0.157,-0.081,14.1
1783974199.866,1338,3.837,0.736,0.395,0.0,17.7
1783974199.866,1338,1.084,-0.034,0.117,0.081,19.6
1783974199.866,1338,1.385,-0.175,-0.034,-0.162,26.4
1783974199.866,1338,1.212,0.175,-0.671,-0.162,26.4
1783974199.866,1338,1.554,-0.303,0.314,-0.162,23.0
1783974199.866,1338,1.216,-0.115,-0.033,-0.081,25.8
1783974199.967,1339,3.851,0.736,0.207,0.0,19.6
1783974199.967,1339,4.453,0.867,0.9,0.0,11.7
1783974199.967,1339,1.126,-0.035,0.136,0.081,13.1
1783974199.967,1339,3.029,-0.484,0.43,-0.649,15.0
1783974199.967,1339,1.418,-0.417,-0.126,-0.162,22.2
1783974199.967,1339,1.253,-0.079,0.156,-0.081,27.2
1783974199.967,1339,1.447,-0.353,0.623,-0.081,14.9
1783974200.068,1340,1.208,-0.153,0.095,0.0,23.5
1783974200.068,1340,1.394,-0.36,0.038,0.0,15.6
1783974200.068,1340,3.843,0.736,0.325,0.0,18.5
1783974200.068,1340,1.42,2.282,0.301,-0.243,23.7
1783974200.168,1341,1.129,-0.071,0.087,0.0,15.5
1783974200.168,1341,1.244,-0.198,0.121,0.0,23.5
1783974200.168,1341,1.509,-0.555,0.145,0.0,13.1
1783974200.168,1341,3.846,0.736,0.293,0.0,19.9
1783974200.168,1341,1.339,-0.085,0.171,0.162,25.4
1783974200.168,1341,1.244,-0.079,-0.217,-0.325,29.0
1783974200.168,1341,1.347,2.246,0.476,-0.162,22.2
1783974200.168,1341,1.382,-0.405,0.0,-0.081,23.1
1783974200.269,1342,3.857,0.736,0.047,0.0,18.1
1783974200.269,1342,1.418,-0.417,0.12,-0.162,26.6
1783974200.269,1342,1.469,-0.555,0.374,-0.162,21.3
1783974200.269,1342,1.391,2.246,0.327,-0.162,22.2
1783974200.269,1342,1.233,-0.237,0.156,-0.081,28.4
1783974200.269,1342,1.368,-0.175,0.216,-0.081,13.3
1783974200.371,1343,0.351,-0.496,-0.059,0.0,11.6
1783974200.371,1343,3.826,0.859,0.204,0.0,18.4
1783974200.371,1343,4.824,0.305,0.715,0.0,12.0
1783974200.371,1343,1.263,-0.079,-0.011,0.162,26.7
1783974200.371,1343,1.386,-0.638,0.374,-0.325,22.2
1783974200.371,1343,1.365,-0.45,-0.084,-0.243,26.9
1783974200.371,1343,1.131,-0.258,0.207,-0.162,32.6
1783974200.371,1343,1.45,-0.589,0.133,-0.162,22.2
1783974200.371,1343,1.249,-0.198,0.047,-0.081,24.5
1783974200.472,1344,1.079,-0.102,0.118,0.0,11.5
1783974200.472,1344,1.166,-0.147,-0.086,0.0,15.6
1783974200.472,1344,1.307,-0.041,0.048,0.0,15.4
1783974200.472,1344,3.848,0.736,0.269,0.0,19.4
1783974200.472,1344,4.843,0.153,0.635,0.0,13.0
1783974200.472,1344,1.394,-0.62,0.063,-0.406,30.1
1783974200.472,1344,1.17,-0.267,0.23,-0.162,36.5
1783974200.574,1345,0.351,-0.496,-0.059,0.0,11.5
1783974200.574,1345,0.388,-0.458,-0.114,0.0,11.5
1783974200.574,1345,3.857,0.736,0.024,0.0,18.5
1783974200.574,1345,4.833,0.153,0.703,0.0,11.6
1783974200.574,1345,1.345,-0.556,0.289,-0.487,32.5
1783974200.574,1345,1.141,-0.258,0.14,-0.325,39.5
1783974200.574,1345,1.182,-0.229,0.205,-0.243,39.1
1783974200.574,1345,1.219,-0.076,0.036,-0.081,23.2
1783974200.675,1346,0.351,-0.496,-0.062,0.0,13.5
1783974200.675,1346,3.844,0.736,0.311,0.0,18.0
1783974200.675,1346,5.186,0.825,0.541,0.0,11.6
1783974200.675,1346,1.281,-0.423,0.099,-0.487,33.1
1783974200.675,1346,1.145,-0.258,0.1,-0.406,43.1
1783974200.675,1346,1.085,-0.068,0.091,-0.162,29.0
1783974200.776,1347,0.351,-0.496,-0.059,0.0,13.2
1783974200.776,1347,3.845,0.736,0.308,0.0,18.2
1783974200.776,1347,1.224,-0.549,0.171,-0.649,23.2
1783974200.776,1347,1.059,-0.205,0.165,-0.568,42.5
1783974200.776,1347,1.161,-0.184,0.072,-0.487,34.5
1783974200.776,1347,1.126,-0.106,-0.085,-0.406,39.6
1783974200.776,1347,1.083,-0.102,-0.079,-0.325,38.3
1783974200.877,1348,0.351,-0.496,-0.061,0.0,13.1
1783974200.877,1348,1.395,2.091,0.553,0.0,11.5
1783974200.877,1348,3.849,0.736,0.252,0.0,18.0
1783974200.877,1348,0.936,-0.791,0.316,0.568,26.0
1783974200.877,1348,1.021,-0.164,0.166,-0.325,44.0
1783974200.977,1349,3.856,0.736,0.092,0.0,18.6
1783974200.977,1349,1.18,-0.435,0.142,-0.406,28.8
1783974200.977,1349,1.094,-0.284,-0.101,-0.243,34.8
1783974200.977,1349,1.042,-0.098,0.017,-0.081,27.9
1783974201.079,1350,1.039,-0.098,-0.09,0.0,22.0
1783974201.079,1350,3.849,0.736,0.241,0.0,18.1
1783974201.079,1350,0.992,-0.094,0.117,-0.162,40.4
1783974201.079,1350,1.16,-0.382,0.038,-0.162,27.7
1783974201.179,1351,0.945,-0.09,0.139,0.0,18.2
1783974201.179,1351,3.849,0.736,0.251,0.0,20.3
1783974201.179,1351,1.086,-0.068,0.074,0.081,21.0
1783974201.179,1351,1.423,0.139,0.396,-0.568,16.2
1783974201.179,1351,1.178,-0.435,0.156,-0.487,20.6
1783974201.179,1351,0.992,0.094,0.122,-0.243,40.2
1783974201.179,1351,1.022,-0.341,-0.172,-0.081,23.9
1783974201.281,1352,3.821,0.859,0.283,0.0,18.9
1783974201.281,1352,5.133,0.99,0.735,0.0,11.6
1783974201.281,1352,1.05,-0.273,-0.109,0.081,23.5
1783974201.281,1352,0.863,-0.027,-0.124,-0.406,23.6
1783974201.281,1352,0.999,0.063,0.076,-0.162,42.1
1783974201.382,1353,0.981,-0.157,0.141,0.0,24.1
1783974201.382,1353,3.847,0.736,0.275,0.0,19.9
1783974201.382,1353,0.788,-0.233,0.112,-0.325,23.4
1783974201.382,1353,2.271,-1.248,0.607,-0.243,14.4
1783974201.382,1353,0.934,0.06,0.214,-0.162,39.7
1783974201.382,1353,0.986,-0.443,0.148,-0.162,28.6
1783974201.483,1354,0.978,-0.327,0.179,0.0,20.7
1783974201.483,1354,3.82,0.859,0.292,0.0,18.6
1783974201.483,1354,0.982,-0.188,0.083,-0.081,23.4
1783974201.584,1355,0.974,-0.443,0.211,0.0,23.4
1783974201.584,1355,0.957,-0.068,-0.519,0.0,23.4
1783974201.584,1355,3.837,0.736,0.391,0.0,20.7
1783974201.685,1356,0.973,-0.36,0.145,0.0,23.0
1783974201.685,1356,3.835,0.736,0.415,0.0,20.2
1783974201.785,1357,3.832,0.736,0.439,0.0,19.7
1783974201.886,1358,1.01,-0.409,0.052,0.0,22.6
1783974201.886,1358,1.089,-0.034,0.059,0.0,22.6
1783974201.886,1358,3.83,0.736,0.459,0.0,20.0
1783974201.987,1359,0.892,-0.3,0.19,0.0,12.7
1783974201.987,1359,1.022,-0.239,-0.296,0.0,16.4
1783974201.987,1359,3.829,0.736,0.46,0.0,18.7
1783974202.089,1360,0.97,-0.188,0.175,0.0,19.4
1783974202.089,1360,3.801,0.859,0.484,0.0,18.0
1783974202.19,1361,1.034,-0.131,-0.105,0.0,23.1
1783974202.19,1361,3.807,0.859,0.431,0.0,18.0
1783974202.292,1362,1.018,-0.229,-0.092,0.0,22.5
1783974202.292,1362,3.842,0.736,0.344,0.0,17.9
1783974202.393,1363,0.893,-0.27,0.225,0.0,18.5
1783974202.393,1363,0.994,-0.327,-0.018,0.0,22.8
1783974202.393,1363,3.844,0.736,0.317,0.0,18.0
1783974202.494,1364,0.865,-0.3,0.288,0.0,17.1
1783974202.494,1364,1.024,-0.375,0.001,0.0,20.6
1783974202.494,1364,3.842,0.736,0.342,0.0,20.1
1783974202.595,1365,3.834,0.736,0.417,0.0,19.9
1783974202.595,1365,4.307,1.134,0.868,0.0,11.9
1783974202.595,1365,0.965,-0.157,0.226,0.081,25.6
1783974202.696,1366,3.848,0.736,0.256,0.0,19.1
1783974202.696,1366,0.982,-0.188,0.086,0.081,25.3
1783974202.797,1367,3.841,0.736,0.353,0.0,18.2
1783974202.797,1367,1.013,-0.375,0.154,0.081,24.7
1783974202.797,1367,0.991,-0.157,-0.001,0.162,38.8
1783974202.797,1367,1.171,-0.0,-0.128,0.162,24.4
1783974202.898,1368,0.349,-0.496,-0.069,0.0,13.0
1783974202.898,1368,3.815,0.859,0.359,0.0,19.5
1783974202.898,1368,1.035,-0.341,0.039,0.243,42.4
1783974202.898,1368,1.127,-0.458,-0.11,0.243,22.1
1783974202.898,1368,1.07,0.573,-0.138,0.243,22.1
1783974202.898,1368,1.029,-0.0,0.192,0.406,42.3
1783974202.999,1369,0.35,-0.496,-0.065,0.0,13.1
1783974202.999,1369,3.827,0.736,0.478,0.0,20.4
1783974202.999,1369,1.013,-0.425,0.283,0.325,43.5
1783974202.999,1369,1.093,-0.035,-0.301,0.325,43.5
1783974202.999,1369,2.047,-0.75,0.087,0.568,14.8
1783974203.099,1370,0.351,-0.496,-0.061,0.0,12.9
1783974203.099,1370,0.388,-0.458,-0.111,0.0,12.9
1783974203.099,1370,3.825,0.736,0.492,0.0,19.1
1783974203.099,1370,1.122,-0.071,0.151,0.325,43.8
1783974203.2,1371,0.351,-0.496,-0.059,0.0,13.3
1783974203.2,1371,3.846,0.736,0.292,0.0,19.0
1783974203.2,1371,1.204,-0.191,0.083,0.406,42.4
1783974203.2,1371,1.147,-0.184,0.193,0.568,40.1
1783974203.301,1372,0.35,-0.496,-0.065,0.0,13.5
1783974203.301,1372,0.387,-0.458,-0.116,0.0,13.5
1783974203.301,1372,3.83,0.736,0.453,0.0,18.8
1783974203.301,1372,1.151,-0.305,-0.274,0.406,34.1
1783974203.301,1372,1.083,-0.248,-0.229,0.487,28.0
1783974203.301,1372,1.218,0.198,0.279,-0.568,39.2
1783974203.301,1372,1.367,0.45,-0.028,-0.568,25.9
1783974203.402,1373,0.35,-0.496,-0.064,0.0,13.5
1783974203.402,1373,0.388,-0.458,-0.113,0.0,13.5
1783974203.402,1373,3.841,0.736,0.348,0.0,18.3
1783974203.402,1373,4.466,0.867,0.83,0.0,11.3
1783974203.402,1373,1.217,0.038,-0.097,0.568,24.7
1783974203.402,1373,1.677,0.436,-0.206,-0.649,13.4
1783974203.402,1373,1.38,-2.319,0.521,-0.568,18.2
1783974203.402,1373,1.282,0.245,0.096,-0.487,37.5
1783974203.402,1373,1.404,0.315,0.054,-0.406,25.2
1783974203.402,1373,1.471,-0.0,0.191,-0.243,26.3
1783974203.503,1374,0.351,-0.496,-0.061,0.0,13.6
1783974203.503,1374,3.82,0.859,0.297,0.0,19.4
1783974203.503,1374,1.37,0.262,0.049,-0.568,39.6
1783974203.503,1374,1.186,0.435,-0.064,-0.325,32.0
1783974203.604,1375,0.351,-0.496,-0.06,0.0,13.2
1783974203.604,1375,3.841,0.736,0.348,0.0,21.3
1783974203.604,1375,1.311,0.48,0.009,0.081,17.8
1783974203.604,1375,1.611,0.101,-0.015,0.568,28.7
1783974203.604,1375,1.416,0.18,0.188,-0.568,35.4
1783974203.604,1375,1.37,0.477,0.477,-0.325,33.9
1783974203.704,1376,0.35,-0.496,-0.065,0.0,13.5
1783974203.704,1376,0.457,0.267,0.305,0.0,13.5
1783974203.704,1376,3.868,0.614,0.289,0.0,17.4
1783974203.704,1376,1.488,0.334,0.077,-0.649,35.8
1783974203.704,1376,1.67,0.491,0.13,-0.487,25.1
1783974203.704,1376,1.526,0.518,0.391,-0.325,26.4
1783974203.806,1377,0.35,-0.496,-0.063,0.0,13.6
1783974203.806,1377,0.388,-0.458,-0.114,0.0,13.6
1783974203.806,1377,3.852,0.736,0.193,0.0,18.1
1783974203.806,1377,1.568,0.353,0.145,-0.649,39.0
1783974203.806,1377,1.808,0.172,0.245,-0.649,18.8
1783974203.908,1378,0.351,-0.496,-0.06,0.0,13.5
1783974203.908,1378,3.843,0.736,0.331,0.0,21.2
1783974203.908,1378,2.018,0.458,-0.32,-0.649,14.8
1783974203.908,1378,1.627,0.311,0.072,-0.487,41.2
1783974203.908,1378,1.807,0.675,0.368,-0.487,15.4
1783974203.908,1378,1.714,0.586,0.488,-0.325,26.1
1783974203.908,1378,1.778,0.168,-0.093,-0.081,19.5
1783974203.958,1379,0.351,-0.496,-0.06,0.0,13.3
1783974203.958,1379,3.844,0.736,0.312,0.0,20.6
1783974203.958,1379,1.895,-2.386,0.205,-0.649,15.9
1783974203.958,1379,1.933,0.641,0.24,-0.487,21.5
1783974203.958,1379,1.679,0.327,-0.346,-0.325,38.3
1783974204.06,1380,0.35,-0.496,-0.063,0.0,13.5
1783974204.06,1380,3.847,0.736,0.278,0.0,19.2
1783974204.06,1380,1.627,-2.577,0.196,-0.649,17.0
1783974204.06,1380,1.985,0.449,0.252,-0.487,21.5
1783974204.06,1380,1.619,-0.401,-0.759,-0.406,32.6
1783974204.06,1380,1.901,0.491,-0.023,-0.243,23.8
1783974204.212,1381,0.351,-0.496,-0.062,0.0,13.4
1783974204.212,1381,3.849,0.736,0.241,0.0,17.7
1783974204.212,1381,2.015,-2.522,-0.008,-0.649,15.8
1783974204.212,1381,1.876,0.3,0.275,-0.568,39.0
1783974204.212,1381,1.619,-2.614,0.379,-0.568,13.9
1783974204.262,1382,0.351,-0.496,-0.06,0.0,13.8
1783974204.262,1382,3.869,0.614,0.27,0.0,20.2
1783974204.262,1382,2.108,-0.134,0.331,0.568,24.8
1783974204.262,1382,2.173,-2.487,-0.297,-0.649,18.8
1783974204.262,1382,1.95,0.376,0.288,-0.568,37.0
1783974204.262,1382,2.226,0.213,0.384,-0.325,22.6
1783974204.363,1383,0.35,-0.496,-0.063,0.0,13.3
1783974204.363,1383,0.388,-0.458,-0.111,0.0,13.3
1783974204.363,1383,3.847,0.736,0.276,0.0,17.6
1783974204.363,1383,2.011,0.384,0.113,-0.649,33.9
1783974204.363,1383,2.113,0.695,0.045,-0.406,28.1
1783974204.464,1384,0.352,-0.496,-0.056,0.0,13.5
1783974204.464,1384,3.846,0.736,0.289,0.0,18.6
1783974204.464,1384,2.131,-0.134,-0.096,0.568,31.9
1783974204.464,1384,2.093,0.401,0.169,-0.568,30.7
1783974204.464,1384,2.265,0.589,0.274,-0.568,19.4
1783974204.464,1384,2.371,0.225,0.295,-0.406,27.1
1783974204.464,1384,2.134,0.626,0.06,-0.325,29.2
1783974204.464,1384,3.161,0.311,0.952,-0.081,14.5
1783974204.566,1385,0.35,-0.496,-0.065,0.0,13.5
1783974204.566,1385,3.85,0.736,0.231,0.0,16.9
1783974204.566,1385,2.349,0.458,0.49,-0.568,18.5
1783974204.566,1385,2.174,-2.727,0.148,-0.568,14.6
1783974204.566,1385,2.125,0.723,0.556,-0.487,29.4
1783974204.566,1385,2.088,-2.659,0.389,-0.487,17.6
1783974204.566,1385,2.455,0.311,-0.248,-0.406,21.3
1783974204.566,1385,2.149,0.487,0.313,-0.325,36.4
1783974204.667,1386,0.351,-0.496,-0.058,0.0,13.7
1783974204.667,1386,3.848,0.736,0.267,0.0,17.9
1783974204.667,1386,2.497,-2.603,0.321,-0.649,14.6
1783974204.667,1386,2.491,0.316,0.315,-0.568,24.6
1783974204.667,1386,2.392,-2.509,0.406,-0.568,16.8
1783974204.667,1386,2.271,0.434,0.057,-0.406,38.1
1783974204.768,1387,0.35,-0.496,-0.065,0.0,13.3
1783974204.768,1387,0.388,-0.458,-0.113,0.0,13.3
1783974204.768,1387,3.853,0.736,0.171,0.0,18.1
1783974204.768,1387,4.496,1.012,0.392,0.0,12.0
1783974204.768,1387,2.277,0.687,0.559,-0.568,31.9
1783974204.768,1387,2.669,0.423,0.115,-0.568,23.7
1783974204.768,1387,2.359,0.791,0.462,-0.487,26.8
1783974204.768,1387,2.436,0.818,0.5,-0.487,26.2
1783974204.869,1388,0.351,-0.496,-0.062,0.0,13.5
1783974204.869,1388,0.388,-0.458,-0.112,0.0,13.5
1783974204.869,1388,3.852,0.736,0.192,0.0,18.5
1783974204.869,1388,4.523,0.867,0.424,0.0,12.1
1783974204.869,1388,2.48,-0.0,0.185,0.568,32.5
1783974204.869,1388,2.72,-0.344,0.191,0.568,16.3
1783974204.869,1388,2.134,-2.761,-0.557,-0.649,14.2
1783974204.869,1388,2.412,0.804,0.402,-0.568,29.1
1783974204.969,1389,0.351,-0.496,-0.059,0.0,13.7
1783974204.969,1389,3.847,0.736,0.283,0.0,16.8
1783974204.969,1389,2.518,-0.0,0.248,0.487,32.5
1783974204.969,1389,2.702,0.175,0.683,0.568,17.9
1783974205.07,1390,0.35,-0.496,-0.067,0.0,13.2
1783974205.07,1390,0.387,-0.458,-0.116,0.0,13.2
1783974205.07,1390,3.846,0.736,0.288,0.0,17.7
1783974205.07,1390,2.609,0.164,-0.136,0.406,31.7
1783974205.07,1390,2.728,0.175,0.568,0.487,17.9
1783974205.07,1390,2.992,0.286,-0.543,0.487,13.5
1783974205.07,1390,2.552,-0.08,0.324,0.568,32.3
1783974205.172,1391,0.351,-0.496,-0.059,0.0,13.2
1783974205.172,1391,3.845,0.736,0.304,0.0,18.3
1783974205.172,1391,4.501,1.021,0.703,0.0,12.7
1783974205.172,1391,2.728,0.172,0.287,0.487,29.7
1783974205.172,1391,2.579,0.582,0.305,-0.568,32.0
1783974205.272,1392,0.351,-0.496,-0.057,0.0,13.4
1783974205.272,1392,0.388,-0.458,-0.111,0.0,13.4
1783974205.272,1392,3.82,0.859,0.291,0.0,17.2
1783974205.272,1392,2.698,0.086,0.52,0.568,26.7
1783974205.272,1392,2.766,0.62,0.07,-0.649,20.0
1783974205.272,1392,2.894,0.649,0.059,-0.649,16.6
1783974205.272,1392,2.636,0.592,0.138,-0.568,31.6
1783974205.272,1392,3.193,0.207,0.869,-0.081,11.9
1783974205.373,1393,0.351,-0.496,-0.061,0.0,13.7
1783974205.373,1393,0.388,-0.458,-0.113,0.0,13.7
1783974205.373,1393,3.85,0.736,0.233,0.0,18.5
1783974205.373,1393,2.757,-0.0,0.442,0.487,34.6
1783974205.373,1393,2.949,0.185,0.261,0.487,21.4
1783974205.475,1394,0.351,-0.496,-0.057,0.0,13.1
1783974205.475,1394,3.853,0.736,0.181,0.0,18.2
1783974205.475,1394,2.772,0.175,-0.288,0.243,29.6
1783974205.475,1394,2.827,-0.0,0.224,0.406,31.4
1783974205.475,1394,3.106,-0.196,0.427,0.487,18.4
1783974205.475,1394,3.027,-0.191,0.357,0.568,23.0
1783974205.576,1395,0.35,-0.496,-0.065,0.0,13.3
1783974205.576,1395,0.388,-0.458,-0.113,0.0,13.3
1783974205.576,1395,3.852,0.736,0.195,0.0,16.8
1783974205.576,1395,2.825,-0.0,0.248,0.243,31.0
1783974205.576,1395,3.034,-0.286,-0.199,0.243,17.7
1783974205.576,1395,3.071,-0.29,0.284,0.406,22.2
1783974205.576,1395,2.901,0.274,-0.237,0.487,26.3
1783974205.678,1396,0.35,-0.496,-0.065,0.0,13.3
1783974205.678,1396,0.387,-0.458,-0.116,0.0,13.3
1783974205.678,1396,3.848,0.736,0.26,0.0,15.2
1783974205.678,1396,2.799,0.089,0.446,0.162,23.9
1783974205.678,1396,2.986,0.282,0.26,0.243,21.1
1783974205.678,1396,3.061,-0.29,0.376,0.243,21.3
1783974205.678,1396,4.093,0.648,-0.09,0.243,16.1
1783974205.678,1396,2.821,0.266,-0.118,0.325,23.9
1783974205.678,1396,2.86,0.27,-0.198,0.568,25.4
1783974205.779,1397,0.351,-0.496,-0.059,0.0,13.3
1783974205.779,1397,3.849,0.736,0.244,0.0,17.1
1783974205.779,1397,2.918,0.093,0.525,0.081,13.1
1783974205.779,1397,3.114,-0.294,0.289,0.081,19.1
1783974205.779,1397,2.778,0.177,0.541,0.162,24.9
1783974205.779,1397,2.887,0.365,-0.274,0.325,26.8
1783974205.879,1398,0.351,-0.496,-0.062,0.0,13.5
1783974205.879,1398,3.847,0.736,0.277,0.0,14.6
1783974205.879,1398,3.008,0.094,-0.084,0.081,21.3
1783974205.879,1398,2.83,0.18,0.502,0.243,24.5
1783974205.879,1398,3.118,-0.196,0.323,-0.081,19.6
1783974205.981,1399,0.351,-0.496,-0.06,0.0,13.3
1783974205.981,1399,3.846,0.736,0.288,0.0,17.3
1783974205.981,1399,2.948,0.093,0.32,0.081,19.3
1783974205.981,1399,3.039,0.29,0.522,0.162,21.3
1783974205.981,1399,2.903,0.376,0.702,0.243,22.5
1783974205.981,1399,3.095,-0.1,0.743,-0.081,11.2
1783974206.082,1400,0.351,-0.496,-0.061,0.0,13.8
1783974206.082,1400,2.958,0.185,-0.139,0.0,18.4
1783974206.082,1400,3.821,0.859,0.282,0.0,16.9
1783974206.082,1400,2.999,0.286,0.501,0.081,17.4
1783974206.082,1400,3.093,-0.097,0.133,-0.162,20.6
1783974206.183,1401,0.351,-0.496,-0.062,0.0,13.7
1783974206.183,1401,0.388,-0.458,-0.112,0.0,13.7
1783974206.183,1401,2.903,0.274,0.208,0.0,15.0
1783974206.183,1401,3.192,-0.0,0.485,0.0,11.6
1783974206.183,1401,3.851,0.736,0.209,0.0,19.2
1783974206.183,1401,3.157,-0.1,0.411,0.081,12.9
1783974206.285,1402,0.35,-0.496,-0.065,0.0,13.5
1783974206.285,1402,2.927,0.185,-0.45,0.0,13.6
1783974206.285,1402,3.85,0.736,0.225,0.0,17.8
1783974206.386,1403,0.351,-0.496,-0.057,0.0,13.4
1783974206.386,1403,2.794,0.185,0.981,0.0,11.4
1783974206.386,1403,3.851,0.736,0.205,0.0,17.1
1783974206.386,1403,3.158,-0.0,0.414,0.081,11.3
1783974206.386,1403,2.909,0.274,-0.077,-0.162,26.3
1783974206.487,1404,0.351,-0.496,-0.061,0.0,13.8
1783974206.487,1404,3.85,0.736,0.239,0.0,16.9
1783974206.487,1404,3.17,-0.1,0.288,0.081,14.5
1783974206.487,1404,2.908,0.091,0.283,-0.081,19.5
1783974206.588,1405,0.35,-0.496,-0.063,0.0,13.4
1783974206.588,1405,0.388,-0.458,-0.113,0.0,13.4
1783974206.588,1405,3.789,0.728,0.435,0.0,16.3
1783974206.588,1405,4.558,1.04,0.87,0.081,12.0
1783974206.588,1405,3.109,-0.098,0.439,0.162,20.6
1783974206.588,1405,2.878,0.09,-0.009,-0.081,15.4
1783974206.588,1405,3.03,0.286,0.255,-0.081,14.0
1783974206.689,1406,0.351,-0.496,-0.062,0.0,13.4
1783974206.689,1406,2.867,-0.0,0.268,0.0,16.3
1783974206.689,1406,2.86,0.18,0.283,0.0,16.3
1783974206.689,1406,3.797,0.728,0.356,0.0,15.2
1783974206.689,1406,4.59,1.04,0.68,0.0,12.1
1783974206.689,1406,3.159,-0.199,0.356,0.162,31.8
1783974206.79,1407,0.351,-0.496,-0.062,0.0,13.2
1783974206.79,1407,3.795,0.728,0.384,0.0,14.3
1783974206.79,1407,3.158,-0.199,0.359,0.162,31.8
1783974206.79,1407,2.92,0.091,0.092,-0.081,22.9
1783974206.891,1408,0.352,-0.496,-0.055,0.0,13.5
1783974206.891,1408,0.39,-0.458,-0.106,0.0,13.5
1783974206.891,1408,2.897,0.091,0.378,0.0,16.1
1783974206.891,1408,3.851,0.736,0.213,0.0,16.3
1783974206.891,1408,3.145,-0.199,0.463,0.081,23.9
1783974206.991,1409,0.351,-0.496,-0.059,0.0,13.6
1783974206.991,1409,2.856,0.09,0.357,0.0,12.8
1783974206.991,1409,2.967,0.282,0.426,0.0,15.0
1783974206.991,1409,3.846,0.736,0.294,0.0,16.8
1783974206.991,1409,3.163,-0.199,0.311,-0.081,20.4
1783974207.094,1410,0.351,-0.496,-0.06,0.0,13.3
1783974207.094,1410,0.387,-0.458,-0.116,0.0,13.3
1783974207.094,1410,2.975,0.188,0.422,0.0,14.5
1783974207.094,1410,3.848,0.736,0.26,0.0,17.5
1783974207.094,1410,3.106,-0.098,0.456,-0.162,22.5
1783974207.195,1411,0.351,-0.496,-0.058,0.0,13.1
1783974207.195,1411,2.905,0.183,0.272,0.0,17.5
1783974207.195,1411,3.095,-0.196,0.5,0.0,15.3
1783974207.195,1411,3.844,0.736,0.313,0.0,18.7
1783974207.297,1412,0.351,-0.496,-0.059,0.0,13.5
1783974207.297,1412,2.901,0.183,0.31,0.0,16.1
1783974207.297,1412,3.812,0.859,0.388,0.0,15.8
1783974207.297,1412,3.123,-0.196,0.276,-0.081,17.4
1783974207.398,1413,0.35,-0.496,-0.063,0.0,13.3
1783974207.398,1413,2.874,0.09,0.156,0.0,15.2
1783974207.398,1413,3.845,0.736,0.3,0.0,18.2
1783974207.5,1414,0.351,-0.496,-0.062,0.0,13.5
1783974207.5,1414,2.913,0.183,0.163,0.0,15.2
1783974207.5,1414,3.816,0.859,0.347,0.0,15.9
1783974207.601,1415,0.351,-0.496,-0.059,0.0,13.3
1783974207.601,1415,2.86,0.18,0.284,0.0,14.3
1783974207.601,1415,3.853,0.736,0.164,0.0,16.1
1783974207.703,1416,0.351,-0.496,-0.062,0.0,13.2
1783974207.703,1416,2.858,0.18,0.298,0.0,19.3
1783974207.703,1416,2.971,0.282,0.393,0.0,12.7
1783974207.703,1416,3.858,0.614,0.401,0.0,15.9
1783974207.703,1416,3.164,-0.1,0.354,-0.081,16.8
1783974207.804,1417,0.351,-0.496,-0.062,0.0,13.5
1783974207.804,1417,0.387,-0.458,-0.116,0.0,13.5
1783974207.804,1417,2.868,0.18,0.177,0.0,19.2
1783974207.804,1417,3.825,0.859,0.23,0.0,17.4
1783974207.804,1417,3.866,0.614,0.308,0.0,17.4
1783974207.854,1418,0.351,-0.496,-0.058,0.0,13.3
1783974207.854,1418,2.832,0.089,0.125,0.0,12.0
1783974207.854,1418,3.856,0.736,0.089,0.0,17.2
1783974207.854,1418,3.099,-0.196,0.475,-0.162,17.8
1783974207.854,1418,2.754,0.091,0.977,-0.081,14.2
1783974207.854,1418,3.032,-0.0,0.367,-0.081,12.1
1783974207.854,1418,4.517,0.723,0.68,-0.081,13.3
1783974208.006,1419,0.35,-0.496,-0.063,0.0,13.4
1783974208.006,1419,0.388,-0.458,-0.114,0.0,13.4
1783974208.006,1419,3.827,0.859,0.193,0.0,14.5
1783974208.006,1419,2.83,0.177,0.055,-0.081,17.2
1783974208.006,1419,2.95,0.093,0.303,-0.081,21.7
1783974208.108,1420,0.351,-0.496,-0.061,0.0,13.4
1783974208.108,1420,3.85,0.736,0.238,0.0,13.2
1783974208.108,1420,2.867,0.18,0.204,-0.162,36.5
1783974208.159,1421,0.352,-0.496,-0.057,0.0,13.2
1783974208.159,1421,0.39,-0.458,-0.106,0.0,13.2
1783974208.159,1421,2.817,0.266,0.188,-0.162,35.2
1783974208.159,1421,3.016,-0.0,0.481,-0.162,15.5
1783974208.26,1422,0.351,-0.496,-0.059,0.0,13.5
1783974208.26,1422,0.387,-0.458,-0.116,0.0,13.5
1783974208.26,1422,4.96,-0.0,0.363,0.0,11.9
1783974208.26,1422,2.913,0.183,-0.157,0.081,17.8
1783974208.26,1422,2.115,-3.423,0.518,0.243,16.5
1783974208.26,1422,3.085,0.194,0.203,-0.325,23.8
1783974208.26,1422,2.809,0.45,0.447,-0.162,32.7
1783974208.412,1423,0.351,-0.496,-0.062,0.0,13.5
1783974208.412,1423,0.387,-0.458,-0.116,0.0,13.5
1783974208.412,1423,2.793,0.443,0.21,0.0,13.4
1783974208.412,1423,2.749,0.436,0.216,-0.081,18.2
1783974208.462,1424,0.351,-0.496,-0.061,0.0,13.4
1783974208.462,1424,0.387,-0.458,-0.115,0.0,13.4
1783974208.462,1424,2.798,0.443,0.125,0.0,20.0
1783974208.462,1424,4.958,-0.0,0.4,0.0,12.2
1783974208.462,1424,3.01,0.191,0.479,0.162,17.1
1783974208.562,1425,0.352,-0.496,-0.054,0.0,13.4
1783974208.562,1425,2.8,0.443,0.074,0.0,17.3
1783974208.562,1425,4.826,-0.0,1.202,0.0,13.1
1783974208.562,1425,3.045,0.191,0.13,0.081,14.6
1783974208.715,1426,0.35,-0.496,-0.065,0.0,13.3
1783974208.715,1426,0.387,-0.458,-0.116,0.0,13.3
1783974208.715,1426,2.778,0.443,0.358,0.0,18.7
1783974208.715,1426,3.077,0.294,-0.557,0.162,13.1
1783974208.715,1426,2.157,-3.46,-0.44,0.162,13.5
1783974208.766,1427,0.351,-0.496,-0.058,0.0,13.1
1783974208.766,1427,0.389,-0.458,-0.11,0.0,13.1
1783974208.766,1427,2.785,0.532,-0.063,0.0,16.9
1783974208.766,1427,2.874,0.457,0.281,0.0,14.5
1783974208.866,1428,0.351,-0.496,-0.06,0.0,13.2
1783974208.866,1428,2.781,0.532,0.157,0.0,15.8
1783974208.866,1428,4.825,-0.0,0.775,0.0,12.0
1783974208.866,1428,2.677,0.601,0.166,0.162,16.5
1783974208.866,1428,2.997,0.282,-0.016,0.162,14.1
1783974208.967,1429,0.351,-0.496,-0.062,0.0,13.0
1783974208.967,1429,0.389,-0.458,-0.11,0.0,13.0
1783974208.967,1429,2.825,0.54,0.146,0.0,20.0
1783974208.967,1429,3.03,0.095,0.373,-0.162,12.5
1783974209.068,1430,0.351,-0.496,-0.062,0.0,13.4
1783974209.068,1430,2.812,0.54,0.301,0.0,11.8
1783974209.068,1430,2.723,0.436,0.44,-0.081,15.7
1783974209.068,1430,2.87,0.274,0.485,-0.081,14.4
1783974209.169,1431,0.351,-0.496,-0.058,0.0,13.3
1783974209.169,1431,0.388,-0.458,-0.112,0.0,13.3
1783974209.169,1431,2.824,0.54,0.161,0.0,17.3
1783974209.169,1431,4.213,-0.0,0.95,0.0,11.6
1783974209.169,1431,4.857,0.154,0.832,0.0,14.2
1783974209.169,1431,2.998,0.286,0.51,-0.162,14.6
1783974209.169,1431,3.129,0.196,0.194,-0.162,14.8
1783974209.169,1431,2.77,0.532,-0.298,-0.081,21.5
1783974209.271,1432,0.351,-0.496,-0.062,0.0,13.1
1783974209.271,1432,0.387,-0.458,-0.115,0.0,13.1
1783974209.271,1432,2.691,0.81,0.627,0.0,13.0
1783974209.271,1432,1.787,-2.25,0.196,0.0,13.0
1783974209.271,1432,4.895,-0.0,0.879,0.0,14.0
1783974209.271,1432,4.275,0.135,0.6,0.081,11.9
1783974209.271,1432,3.004,0.188,0.017,-0.162,19.1
1783974209.271,1432,2.733,0.524,0.23,-0.081,20.5
1783974209.372,1433,0.351,-0.496,-0.061,0.0,13.3
1783974209.372,1433,0.389,-0.458,-0.11,0.0,13.3
1783974209.372,1433,2.77,0.63,0.473,0.0,17.9
1783974209.372,1433,2.78,0.532,0.174,-0.081,22.4
1783974209.473,1434,0.352,-0.496,-0.057,0.0,13.4
1783974209.473,1434,0.388,-0.458,-0.112,0.0,13.4
1783974209.473,1434,2.736,0.524,0.189,0.0,16.9
1783974209.473,1434,2.766,0.731,0.599,0.0,12.7
1783974209.473,1434,3.002,0.188,0.121,-0.162,19.7
1783974209.575,1435,0.35,-0.496,-0.064,0.0,13.3
1783974209.575,1435,0.387,-0.458,-0.116,0.0,13.3
1783974209.575,1435,2.743,0.524,-0.025,0.0,12.3
1783974209.575,1435,2.775,0.532,0.248,0.081,16.4
1783974209.575,1435,2.986,0.376,0.058,-0.162,19.9
1783974209.575,1435,2.8,0.443,0.074,-0.081,15.8
1783974209.575,1435,4.3,0.135,0.387,-0.081,12.8
1783974209.676,1436,0.351,-0.496,-0.061,0.0,13.2
1783974209.676,1436,0.388,-0.458,-0.114,0.0,13.2
1783974209.676,1436,2.758,0.62,-0.223,0.0,11.3
1783974209.676,1436,4.88,-0.0,0.698,0.0,11.6
1783974209.676,1436,2.693,0.611,0.411,0.162,26.9
1783974209.676,1436,2.791,0.731,0.47,0.243,28.8
1783974209.676,1436,2.993,0.282,0.157,-0.081,11.7
1783974209.776,1437,0.351,-0.496,-0.061,0.0,13.5
1783974209.776,1437,0.389,-0.458,-0.11,0.0,13.5
1783974209.776,1437,2.803,0.54,0.376,0.162,28.0
1783974209.879,1438,0.351,-0.496,-0.06,0.0,13.2
1783974209.879,1438,0.388,-0.458,-0.112,0.0,13.2
1783974209.879,1438,4.822,-0.0,0.788,0.0,12.0
1783974209.879,1438,2.798,0.36,0.579,0.081,13.6
1783974209.879,1438,2.948,0.564,0.226,0.081,12.6
1783974209.879,1438,2.807,0.63,0.119,0.243,34.3
1783974209.98,1439,0.351,-0.496,-0.059,0.0,13.4
1783974209.98,1439,4.934,-0.0,0.625,0.0,13.0
1783974209.98,1439,3.073,0.393,-0.522,0.243,14.3
1783974209.98,1439,2.793,0.63,0.304,0.325,30.6
1783974209.98,1439,2.906,0.753,0.226,0.325,23.3
1783974209.98,1439,2.441,-3.403,0.051,0.325,21.3
1783974210.082,1440,0.351,-0.496,-0.062,0.0,13.5
1783974210.082,1440,0.387,-0.458,-0.117,0.0,13.5
1783974210.082,1440,4.253,-0.0,0.974,0.0,11.3
1783974210.082,1440,2.798,0.54,0.416,0.081,20.0
1783974210.082,1440,2.83,0.731,-0.021,0.243,33.2
1783974210.082,1440,2.918,0.764,0.481,0.243,21.7
1783974210.183,1441,0.351,-0.496,-0.061,0.0,13.4
1783974210.183,1441,0.389,-0.458,-0.111,0.0,13.4
1783974210.183,1441,2.851,0.548,0.344,0.0,14.0
1783974210.183,1441,4.798,0.305,0.875,0.0,12.8
1783974210.183,1441,2.738,0.63,0.631,0.081,17.1
1783974210.183,1441,2.908,0.859,0.364,0.162,24.8
1783974210.183,1441,3.57,-4.057,0.245,0.243,13.5
1783974210.183,1441,2.889,0.649,0.183,0.325,28.0
1783974210.183,1441,3.037,0.484,0.375,-0.081,16.4
1783974210.284,1442,0.351,-0.496,-0.06,0.0,13.2
1783974210.284,1442,2.777,0.63,0.429,0.0,14.3
1783974210.284,1442,2.922,0.659,0.299,0.081,16.3
1783974210.284,1442,3.015,0.477,-0.099,-0.162,21.3
1783974210.284,1442,2.972,0.376,0.293,-0.081,14.5
1783974210.386,1443,0.351,-0.496,-0.062,0.0,13.2
1783974210.386,1443,0.388,-0.458,-0.111,0.0,13.2
1783974210.386,1443,2.861,0.548,0.243,0.0,12.7
1783974210.386,1443,4.832,0.153,0.71,0.0,11.3
1783974210.386,1443,2.892,0.753,0.362,0.081,18.3
1783974210.386,1443,2.241,-3.534,0.175,0.243,11.3
1783974210.386,1443,2.828,0.464,0.767,-0.162,24.4
1783974210.386,1443,2.795,0.54,0.435,-0.081,16.0
1783974210.487,1444,0.351,-0.496,-0.061,0.0,13.3
1783974210.487,1444,2.895,0.649,0.039,0.0,16.5
1783974210.588,1445,0.35,-0.496,-0.063,0.0,13.5
1783974210.588,1445,0.386,-0.458,-0.119,0.0,13.5
1783974210.588,1445,2.743,0.524,0.031,-0.406,20.6
1783974210.588,1445,2.852,0.639,-0.003,-0.243,28.5
1783974210.588,1445,2.923,0.764,0.449,-0.243,18.5
1783974210.588,1445,2.799,0.822,0.184,-0.081,19.0
1783974210.689,1446,0.35,-0.496,-0.063,0.0,13.3
1783974210.689,1446,3.841,0.736,0.355,0.0,16.1
1783974210.689,1446,4.834,0.154,0.958,0.0,14.5
1783974210.689,1446,2.744,0.81,0.324,-0.081,19.0
1783974210.689,1446,2.875,0.954,0.391,-0.081,16.0
1783974210.789,1447,0.35,-0.496,-0.063,0.0,13.5
1783974210.789,1447,0.388,-0.458,-0.113,0.0,13.5
1783974210.789,1447,3.843,0.736,0.325,0.0,15.9
1783974210.789,1447,4.749,0.153,1.14,0.0,11.5
1783974210.789,1447,2.763,0.81,-0.063,-0.162,25.5
1783974210.789,1447,2.834,0.834,0.269,-0.081,19.4
1783974210.889,1448,0.35,-0.496,-0.063,0.0,13.9
1783974210.889,1448,0.388,-0.458,-0.112,0.0,13.9
1783974210.889,1448,3.85,0.736,0.228,0.0,16.8
1783974210.889,1448,2.72,0.611,0.155,0.162,23.4
1783974210.889,1448,2.711,1.205,0.046,-0.406,19.9
1783974210.889,1448,2.867,1.162,0.156,-0.243,20.3
1783974210.889,1448,2.72,0.9,0.289,-0.162,31.7
1783974210.99,1449,0.351,-0.496,-0.058,0.0,13.6
1783974210.99,1449,3.843,0.736,0.329,0.0,16.6
1783974210.99,1449,2.721,0.611,0.139,0.243,23.9
1783974210.99,1449,2.671,0.99,0.42,-0.162,27.5
1783974210.99,1449,2.863,1.05,0.164,-0.162,16.2
1783974210.99,1449,2.941,0.614,1.297,-0.162,12.5
1783974211.092,1450,0.351,-0.496,-0.061,0.0,13.1
1783974211.092,1450,3.844,0.736,0.317,0.0,14.9
1783974211.092,1450,4.897,0.155,0.853,0.0,11.7
1783974211.092,1450,2.797,1.258,0.432,-0.406,16.7
1783974211.092,1450,2.543,0.886,0.888,-0.243,27.9
1783974211.092,1450,2.922,-3.042,0.348,-0.162,13.5
1783974211.092,1450,4.123,0.926,0.234,-0.162,13.5
1783974211.193,1451,0.352,-0.496,-0.057,0.0,13.3
1783974211.193,1451,0.39,-0.458,-0.106,0.0,13.3
1783974211.193,1451,3.842,0.736,0.337,0.0,15.1
1783974211.193,1451,2.607,0.785,-0.62,-0.406,30.9
1783974211.193,1451,2.726,0.9,0.227,-0.325,28.9
1783974211.294,1452,0.352,-0.496,-0.056,0.0,13.3
1783974211.294,1452,0.39,-0.458,-0.106,0.0,13.3
1783974211.294,1452,3.851,0.736,0.221,0.0,17.2
1783974211.294,1452,2.637,0.773,0.071,-0.487,31.5
1783974211.294,1452,2.737,1.005,0.211,-0.487,24.5
1783974211.395,1453,0.351,-0.496,-0.059,0.0,13.4
1783974211.395,1453,0.388,-0.458,-0.113,0.0,13.4
1783974211.395,1453,3.852,0.736,0.203,0.0,17.7
1783974211.395,1453,4.828,0.305,0.692,0.0,11.2
1783974211.395,1453,2.704,0.99,-0.001,-0.649,21.0
1783974211.395,1453,2.503,0.845,0.581,-0.568,31.5
1783974211.395,1453,2.636,0.798,0.678,-0.487,22.1
1783974211.395,1453,2.543,0.761,-0.521,-0.406,30.2
1783974211.496,1454,0.35,-0.496,-0.064,0.0,13.3
1783974211.496,1454,0.388,-0.458,-0.114,0.0,13.3
1783974211.496,1454,3.854,0.736,0.161,0.0,15.2
1783974211.496,1454,2.799,-2.916,0.348,-0.649,17.1
1783974211.496,1454,3.953,0.761,0.507,-0.649,17.1
1783974211.496,1454,2.54,0.749,0.267,-0.568,31.6
1783974211.496,1454,2.708,0.532,0.652,-0.487,19.2
1783974211.598,1455,0.351,-0.496,-0.057,0.0,13.5
1783974211.598,1455,4.844,-0.0,0.918,0.0,11.6
1783974211.598,1455,2.485,0.818,0.1,-0.649,27.7
1783974211.598,1455,2.459,0.724,0.231,-0.568,27.4
1783974211.598,1455,2.431,-3.102,0.484,-0.568,15.6
1783974211.598,1455,3.899,0.744,0.074,-0.568,15.6
1783974211.598,1455,2.532,0.654,0.12,-0.325,31.7
1783974211.699,1456,0.351,-0.496,-0.062,0.0,13.3
1783974211.699,1456,0.388,-0.458,-0.113,0.0,13.3
1783974211.699,1456,2.681,0.338,0.114,0.487,28.4
1783974211.699,1456,2.4,0.712,0.368,-0.406,37.6
1783974211.699,1456,2.489,0.644,0.135,-0.325,37.5
1783974211.799,1457,0.35,-0.496,-0.065,0.0,13.5
1783974211.799,1457,0.386,-0.458,-0.12,0.0,13.5
1783974211.799,1457,2.448,0.233,-0.372,0.487,29.4
1783974211.9,1458,0.351,-0.496,-0.06,0.0,13.5
1783974211.9,1458,0.387,-0.458,-0.116,0.0,13.5
1783974211.9,1458,2.346,0.221,0.009,0.487,26.2
1783974211.9,1458,2.506,0.316,0.152,0.568,24.9
1783974211.9,1458,2.332,0.687,0.238,-0.487,31.6
1783974212.002,1459,0.35,-0.496,-0.063,0.0,13.5
1783974212.002,1459,0.388,-0.458,-0.113,0.0,13.5
1783974212.002,1459,3.829,0.859,0.151,0.0,11.2
1783974212.002,1459,4.845,0.153,0.614,0.0,11.8
1783974212.002,1459,2.443,0.233,0.4,0.568,27.2
1783974212.002,1459,2.26,0.663,-0.055,-0.568,33.9
1783974212.103,1460,0.35,-0.496,-0.065,0.0,13.4
1783974212.103,1460,0.385,-0.458,-0.122,0.0,13.4
1783974212.103,1460,3.87,0.614,0.258,0.0,11.4
1783974212.103,1460,4.788,0.153,0.963,0.0,12.3
1783974212.103,1460,2.224,0.145,-0.618,0.406,27.9
1783974212.103,1460,2.31,0.072,0.067,0.568,31.4
1783974212.103,1460,2.669,-2.76,-0.051,-0.649,17.3
1783974212.103,1460,2.469,0.554,-0.054,-0.487,21.1
1783974212.203,1461,0.35,-0.496,-0.063,0.0,13.8
1783974212.203,1461,0.388,-0.458,-0.112,0.0,13.8
1783974212.203,1461,4.232,-0.0,0.864,0.0,12.6
1783974212.203,1461,4.89,0.311,0.855,0.0,13.8
1783974212.203,1461,2.26,0.071,0.18,0.487,37.9
1783974212.203,1461,2.454,0.389,0.107,-0.649,20.9
1783974212.203,1461,1.998,-3.203,0.398,-0.568,18.8
1783974212.304,1462,0.35,-0.496,-0.063,0.0,13.3
1783974212.304,1462,0.388,-0.458,-0.112,0.0,13.3
1783974212.304,1462,4.856,-0.0,0.542,0.0,12.5
1783974212.304,1462,2.176,0.068,0.131,0.406,32.1
1783974212.304,1462,2.468,-0.237,0.504,0.568,18.4
1783974212.404,1463,0.35,-0.496,-0.065,0.0,13.4
1783974212.404,1463,0.387,-0.458,-0.116,0.0,13.4
1783974212.404,1463,4.771,-0.0,1.055,0.0,12.1
1783974212.404,1463,4.991,0.314,0.403,0.0,11.2
1783974212.404,1463,2.055,0.134,0.575,0.568,29.5
1783974212.404,1463,2.284,-0.221,0.532,0.568,23.5
1783974212.404,1463,1.941,0.577,0.326,-0.649,32.4
1783974212.404,1463,1.971,0.449,0.343,-0.649,32.4
1783974212.505,1464,0.35,-0.496,-0.064,0.0,13.5
1783974212.505,1464,0.386,-0.458,-0.119,0.0,13.5
1783974212.505,1464,2.082,-0.196,-0.113,0.487,31.1
1783974212.505,1464,2.217,0.284,0.391,-0.649,22.3
1783974212.505,1464,1.926,0.564,0.036,-0.568,32.6
1783974212.505,1464,1.992,-2.836,0.414,-0.568,18.8
1783974212.606,1465,0.35,-0.496,-0.063,0.0,13.5
1783974212.606,1465,0.388,-0.458,-0.114,0.0,13.5
1783974212.606,1465,4.979,-0.0,0.62,0.0,13.8
1783974212.606,1465,1.829,0.115,-0.008,0.325,28.2
1783974212.606,1465,1.898,0.491,0.097,-0.649,37.1
1783974212.606,1465,2.099,0.205,0.557,-0.649,16.3
1783974212.606,1465,1.866,-2.765,0.673,-0.649,16.5
1783974212.657,1466,0.351,-0.496,-0.061,0.0,13.3
1783974212.657,1466,0.388,-0.458,-0.114,0.0,13.3
1783974212.657,1466,1.912,-0.0,0.609,0.568,20.3
1783974212.657,1466,2.066,-0.334,0.437,0.568,20.7
1783974212.657,1466,2.194,0.209,0.305,-0.649,17.9
1783974212.657,1466,1.754,-2.982,0.722,-0.649,14.2
1783974212.809,1467,0.35,-0.496,-0.066,0.0,13.2
1783974212.809,1467,0.386,-0.458,-0.119,0.0,13.2
1783974212.809,1467,4.923,-0.0,0.706,0.0,11.2
1783974212.809,1467,2.017,-0.393,0.404,0.568,23.3
1783974212.809,1467,1.585,0.466,0.137,-0.568,29.2
1783974212.91,1468,0.351,-0.496,-0.061,0.0,13.3
1783974212.91,1468,0.458,0.267,0.303,0.0,13.3
1783974212.91,1468,4.918,-0.155,0.723,0.0,12.5
1783974212.91,1468,1.648,-0.106,0.412,0.406,33.4
1783974212.91,1468,1.547,0.454,0.088,-0.568,30.1
1783974212.961,1469,0.351,-0.496,-0.059,0.0,13.1
1783974212.961,1469,0.387,-0.458,-0.115,0.0,13.1
1783974212.961,1469,1.839,-0.48,0.27,0.406,28.6
1783974212.961,1469,1.899,-0.439,0.48,0.568,24.0
1783974212.961,1469,1.591,0.252,0.104,-0.649,40.6
1783974213.062,1470,0.351,-0.496,-0.06,0.0,13.2
1783974213.062,1470,0.388,-0.458,-0.111,0.0,13.2
1783974213.062,1470,1.552,0.196,0.142,-0.649,39.8
1783974213.062,1470,2.232,0.072,0.601,-0.649,13.1
1783974213.062,1470,1.744,-0.055,0.021,-0.406,27.5
1783974213.214,1471,0.35,-0.496,-0.064,0.0,13.5
1783974213.214,1471,1.429,-0.135,-0.111,0.406,34.2
1783974213.214,1471,1.688,-0.503,0.31,0.487,25.6
1783974213.214,1471,1.405,0.315,-0.016,-0.649,35.1
1783974213.214,1471,1.461,0.139,0.214,-0.568,38.8
1783974213.214,1471,1.691,-0.106,0.155,-0.487,27.1
1783974213.265,1472,0.351,-0.496,-0.061,0.0,13.4
1783974213.265,1472,1.689,-0.559,0.184,0.406,24.0
1783974213.265,1472,1.428,0.09,0.156,-0.649,41.6
1783974213.265,1472,1.607,-0.0,0.156,-0.649,23.1
1783974213.366,1473,0.351,-0.496,-0.06,0.0,13.5
1783974213.366,1473,0.388,-0.458,-0.111,0.0,13.5
1783974213.366,1473,1.606,-0.151,0.067,-0.649,25.6
1783974213.366,1473,1.276,0.286,0.047,-0.487,30.8
1783974213.467,1474,0.351,-0.496,-0.062,0.0,13.2
1783974213.467,1474,0.387,-0.458,-0.117,0.0,13.2
1783974213.467,1474,1.194,-0.237,0.346,0.406,38.6
1783974213.467,1474,1.393,-0.51,0.016,0.487,31.6
1783974213.467,1474,2.846,0.36,0.254,-0.568,20.6
1783974213.568,1475,0.351,-0.496,-0.059,0.0,13.5
1783974213.568,1475,0.389,-0.458,-0.111,0.0,13.5
1783974213.568,1475,1.144,-0.221,0.173,0.487,42.7
1783974213.568,1475,1.353,-0.218,0.267,-0.649,22.8
1783974213.568,1475,1.48,-0.191,0.324,-0.649,21.4
1783974213.669,1476,0.351,-0.496,-0.062,0.0,13.4
1783974213.669,1476,0.388,-0.458,-0.111,0.0,13.4
1783974213.669,1476,1.195,-0.532,0.042,0.406,29.3
1783974213.669,1476,1.07,0.068,0.2,-0.649,38.2
1783974213.669,1476,1.199,0.229,0.054,-0.487,33.8
1783974213.771,1477,0.352,-0.496,-0.056,0.0,13.4
1783974213.771,1477,0.39,-0.458,-0.106,0.0,13.4
1783974213.771,1477,1.003,-0.375,-0.209,0.487,40.2
1783974213.771,1477,1.197,-0.153,0.188,-0.649,24.7
1783974213.771,1477,1.085,0.102,0.054,-0.568,46.4
1783974213.771,1477,1.35,-0.262,0.242,-0.406,21.9
1783974213.771,1477,1.31,-0.254,0.221,-0.325,23.3
1783974213.872,1478,0.351,-0.496,-0.061,0.0,13.4
1783974213.872,1478,0.388,-0.458,-0.111,0.0,13.4
1783974213.872,1478,1.918,-0.368,0.198,0.162,14.1
1783974213.872,1478,0.914,0.057,0.036,0.325,30.7
1783974213.872,1478,0.941,0.06,0.177,-0.649,41.2
1783974213.872,1478,1.066,0.205,0.111,-0.487,33.0
1783974213.872,1478,1.224,-0.254,0.516,-0.487,18.6
1783974213.872,1478,1.274,-0.286,0.087,-0.406,17.9
1783974213.872,1478,1.13,-0.331,0.002,-0.162,28.8
1783974213.974,1479,0.351,-0.496,-0.061,0.0,13.3
1783974213.974,1479,0.388,-0.458,-0.111,0.0,13.3
1783974213.974,1479,0.824,0.026,0.086,0.487,37.5
1783974213.974,1479,0.945,0.03,0.168,-0.649,43.1
1783974213.974,1479,0.892,0.029,0.207,-0.568,42.8
1783974213.974,1479,1.148,-0.153,0.388,-0.568,24.2
1783974213.974,1479,1.088,-0.319,0.02,-0.406,24.1
1783974214.075,1480,0.351,-0.496,-0.062,0.0,13.3
1783974214.075,1480,0.387,-0.458,-0.115,0.0,13.3
1783974214.075,1480,0.868,-0.0,0.089,-0.649,45.7
1783974214.075,1480,1.042,-0.307,0.102,-0.649,30.4
1783974214.176,1481,0.351,-0.496,-0.057,0.0,13.2
1783974214.176,1481,0.39,-0.458,-0.106,0.0,13.2
1783974214.176,1481,0.776,-0.025,0.121,-0.649,46.3
1783974214.176,1481,0.991,-0.341,0.303,-0.649,24.3
1783974214.176,1481,1.313,2.098,0.241,-0.487,16.8
1783974214.176,1481,0.681,0.153,-0.019,-0.406,38.8
1783974214.277,1482,0.351,-0.496,-0.06,0.0,13.6
1783974214.277,1482,0.634,-0.659,0.06,0.406,31.9
1783974214.277,1482,0.73,-0.046,0.121,-0.487,42.4
1783974214.277,1482,0.808,-0.181,-0.03,-0.487,35.0
1783974214.277,1482,0.929,-0.393,0.282,-0.487,19.1
1783974214.277,1482,0.89,-0.36,-0.002,-0.406,19.4
1783974214.277,1482,0.797,-0.354,0.012,-0.325,28.8
1783974214.379,1483,0.663,-0.196,-0.095,0.487,44.2
1783974214.379,1483,0.679,-0.153,0.049,-0.406,46.0
1783974214.379,1483,0.852,-0.439,0.298,-0.325,22.9
1783974214.379,1483,0.73,-0.389,-0.054,-0.243,36.7
1783974214.479,1484,0.652,0.02,-0.058,-0.568,42.8
1783974214.479,1484,0.655,-0.24,0.03,-0.325,40.5
1783974214.479,1484,0.866,-0.39,0.136,-0.325,21.7
1783974214.479,1484,0.73,-0.389,0.06,-0.243,27.1
1783974214.479,1484,0.802,-0.622,0.258,-0.243,19.8
1783974214.58,1485,3.847,0.736,0.27,0.0,19.9
1783974214.58,1485,4.504,0.875,0.859,0.0,11.4
1783974214.58,1485,0.56,0.053,0.071,-0.406,40.1
1783974214.58,1485,0.608,-0.019,0.056,-0.325,37.3
1783974214.58,1485,0.691,-0.368,0.059,-0.243,30.0
1783974214.68,1486,3.848,0.736,0.266,0.0,20.7
1783974214.68,1486,5.139,0.825,0.884,0.0,11.7
1783974214.68,1486,1.087,0.034,0.087,-0.568,15.2
1783974214.68,1486,0.574,-0.191,0.085,-0.406,41.1
1783974214.68,1486,0.52,-0.0,0.06,-0.325,42.1
1783974214.68,1486,0.604,-0.327,0.123,-0.325,26.9
1783974214.68,1486,0.69,-0.44,0.128,-0.325,26.7
1783974214.68,1486,0.671,-0.515,0.351,-0.325,22.7
1783974214.68,1486,1.984,-1.252,0.217,-0.243,23.7
1783974214.78,1487,3.848,0.736,0.262,0.0,21.7
1783974214.78,1487,4.494,1.021,0.746,0.0,12.4
1783974214.78,1487,0.549,-0.142,0.024,-0.487,46.8
1783974214.78,1487,2.015,-1.298,0.473,-0.406,20.4
1783974214.78,1487,0.612,-0.417,-0.03,-0.325,23.4
1783974214.78,1487,0.725,-0.436,0.214,-0.325,25.4
1783974214.78,1487,0.474,-0.015,0.073,-0.243,22.0
1783974214.88,1488,0.479,-0.0,0.027,0.0,18.3
1783974214.88,1488,0.514,-0.098,0.022,-0.487,43.2
1783974214.88,1488,0.534,-0.368,0.09,-0.406,28.1
1783974214.88,1488,0.633,-0.545,0.251,-0.162,25.2
1783974214.981,1489,0.491,-0.533,0.156,0.406,25.3
1783974214.981,1489,0.428,-0.041,-0.072,-0.406,20.8
1783974214.981,1489,1.702,-1.445,0.601,-0.162,14.1
1783974214.981,1489,1.324,-1.879,-0.254,-0.162,14.1
1783974215.082,1490,0.553,0.089,0.091,0.568,46.2
1783974215.082,1490,0.418,-0.123,0.028,-0.243,25.9
1783974215.082,1490,0.435,-0.47,0.133,-0.243,22.7
1783974215.182,1491,3.825,0.859,0.231,0.0,18.3
1783974215.182,1491,0.562,0.071,0.022,0.081,22.2
1783974215.182,1491,0.771,-0.074,-0.13,-0.406,20.5
1783974215.182,1491,1.787,-1.373,0.517,-0.243,14.8
1783974215.182,1491,0.374,-0.074,-0.092,-0.162,23.0
1783974215.182,1491,0.391,-0.408,0.053,-0.162,23.6
1783974215.284,1492,1.288,-2.025,-0.01,0.0,14.1
1783974215.284,1492,3.851,0.736,0.218,0.0,19.9
1783974215.284,1492,4.513,0.867,0.522,0.0,13.6
1783974215.284,1492,0.971,-0.251,-0.023,-0.325,11.5
1783974215.284,1492,0.679,-0.153,-0.053,-0.243,18.6
1783974215.284,1492,0.334,-0.098,-0.021,-0.081,20.2
1783974215.386,1493,3.843,0.736,0.329,0.0,19.9
1783974215.386,1493,4.48,0.875,0.977,0.0,12.5
1783974215.386,1493,0.765,-0.311,0.07,-0.243,19.0
1783974215.386,1493,0.942,-0.345,0.029,-0.243,13.0
1783974215.386,1493,0.612,-0.205,-0.111,-0.162,16.9
1783974215.386,1493,1.479,-1.702,0.253,-0.162,19.4
1783974215.386,1493,0.333,-0.087,-0.059,-0.081,21.6
1783974215.487,1494,3.828,0.859,0.172,0.0,20.6
1783974215.487,1494,0.323,-0.409,0.049,0.081,16.0
1783974215.487,1494,0.37,-0.511,0.173,0.081,15.2
1783974215.487,1494,0.693,-0.368,-0.021,-0.162,18.2
1783974215.487,1494,0.326,-0.12,-0.029,-0.081,20.1
1783974215.588,1495,0.322,-0.131,-0.029,0.0,23.1
1783974215.588,1495,1.288,-2.025,-0.015,0.0,16.1
1783974215.588,1495,3.859,0.614,0.39,0.0,18.6
1783974215.689,1496,0.429,-0.068,0.042,0.0,23.6
1783974215.689,1496,3.862,0.614,0.358,0.0,16.8
1783974215.689,1496,5.194,0.832,0.816,0.0,11.7
1783974215.689,1496,0.583,-0.286,-0.083,-0.081,11.4
1783974215.79,1497,3.853,0.736,0.163,0.0,17.8
1783974215.79,1497,0.382,-0.086,-0.03,0.081,26.2
1783974215.891,1498,0.3,-0.164,-0.07,0.0,19.8
1783974215.891,1498,3.844,0.736,0.311,0.0,16.4
1783974215.891,1498,5.243,-0.0,0.918,0.0,12.1
1783974215.891,1498,0.43,-0.068,-0.028,0.081,22.5
1783974215.991,1499,3.85,0.736,0.236,0.0,15.1
1783974215.991,1499,0.294,-0.185,-0.033,0.081,16.4
1783974215.991,1499,0.425,-0.095,0.028,-0.081,26.5
1783974216.092,1500,0.327,-0.515,0.026,0.0,12.4
1783974216.092,1500,3.85,0.736,0.237,0.0,15.5
1783974216.092,1500,0.322,-0.196,-0.109,0.081,21.2
1783974216.092,1500,0.372,-0.061,0.11,0.081,21.2
1783974216.193,1501,3.855,0.736,0.109,0.0,14.3
1783974216.193,1501,5.155,0.825,0.782,0.0,12.1
1783974216.193,1501,0.422,-0.109,0.019,0.162,23.9
1783974216.193,1501,0.572,-0.327,-0.229,0.162,13.1
1783974216.294,1502,3.841,0.736,0.347,0.0,14.6
1783974216.294,1502,4.707,-0.0,1.311,0.0,12.3
1783974216.294,1502,0.413,-0.136,0.037,0.162,25.5
1783974216.294,1502,0.753,-0.3,-0.324,0.243,12.6
1783974216.294,1502,0.645,-0.573,0.131,0.243,12.6
1783974216.394,1503,3.033,0.194,0.598,0.0,11.6
1783974216.394,1503,3.852,0.736,0.188,0.0,16.4
1783974216.394,1503,0.273,-0.327,0.094,0.081,20.8
1783974216.394,1503,0.412,-0.068,0.125,0.081,20.8
1783974216.394,1503,0.507,-0.131,0.0,0.081,21.5
1783974216.394,1503,0.617,-0.371,-0.177,0.243,15.7
1783974216.495,1504,0.468,-0.105,0.021,0.0,23.3
1783974216.495,1504,3.848,0.736,0.257,0.0,15.0
1783974216.495,1504,0.328,-0.209,-0.057,0.081,18.1
1783974216.595,1505,0.335,-0.196,-0.057,0.0,20.3
1783974216.595,1505,0.458,-0.105,0.098,0.0,22.1
1783974216.595,1505,3.853,0.736,0.168,0.0,16.9
1783974216.595,1505,4.789,0.153,0.96,0.0,13.0
1783974216.697,1506,3.851,0.736,0.217,0.0,16.8
1783974216.697,1506,5.204,0.665,0.901,0.0,11.6
1783974216.697,1506,0.332,-0.196,-0.072,-0.081,20.6
1783974216.697,1506,0.462,-0.105,0.077,-0.081,23.3
1783974216.798,1507,3.856,0.736,0.061,0.0,13.1
1783974216.798,1507,4.83,0.153,0.726,0.0,11.8
1783974216.798,1507,5.202,0.665,0.91,0.0,13.0
1783974216.798,1507,0.74,-0.147,0.219,-0.162,15.7
1783974216.798,1507,0.342,-0.184,-0.059,-0.081,21.6
1783974216.798,1507,0.454,-0.105,0.116,-0.081,24.0
1783974216.898,1508,0.341,-0.184,-0.066,0.0,24.0
1783974216.898,1508,0.457,-0.12,0.083,0.0,23.9
1783974216.898,1508,3.786,0.859,0.591,0.0,14.6
1783974216.898,1508,5.123,0.665,1.281,0.0,12.7
1783974216.999,1509,0.349,-0.172,-0.053,0.0,20.1
1783974216.999,1509,3.82,0.736,0.536,0.0,14.2
1783974216.999,1509,5.133,0.832,1.135,0.0,12.3
1783974216.999,1509,0.462,-0.105,0.079,0.081,24.9
1783974217.1,1510,0.351,-0.16,-0.075,0.0,19.3
1783974217.1,1510,0.504,-0.098,0.104,0.0,17.1
1783974217.1,1510,3.819,0.736,0.539,0.0,15.0
1783974217.1,1510,5.16,0.832,1.005,0.0,11.5
1783974217.2,1511,0.39,-0.458,-0.105,0.0,11.6
1783974217.2,1511,0.601,0.057,0.094,0.0,11.6
1783974217.2,1511,3.857,0.736,-0.031,0.0,15.5
1783974217.2,1511,0.361,-0.147,-0.043,-0.081,22.1
1783974217.2,1511,3.134,0.207,1.062,-0.081,15.2
1783974217.301,1512,3.821,0.736,0.528,0.0,15.0
1783974217.301,1512,5.161,0.665,1.118,0.0,11.5
1783974217.301,1512,0.596,-0.349,-0.103,-0.162,13.8
1783974217.301,1512,0.356,-0.16,-0.048,-0.081,21.7
1783974217.301,1512,0.459,-0.105,0.092,-0.081,23.4
1783974217.403,1513,0.344,-0.184,-0.043,0.0,19.0
1783974217.403,1513,0.34,-0.061,0.187,0.0,19.0
1783974217.403,1513,1.287,-2.025,0.05,0.0,13.9
1783974217.403,1513,3.857,0.736,-0.027,0.0,14.8
1783974217.403,1513,5.222,0.665,0.787,0.0,14.1
1783974217.403,1513,0.421,-0.082,0.078,-0.081,21.7
1783974217.504,1514,0.345,-0.184,-0.033,0.0,21.0
1783974217.504,1514,0.46,-0.09,0.103,0.0,19.7
1783974217.504,1514,3.824,0.736,0.5,0.0,18.0
1783974217.606,1515,0.331,-0.184,-0.103,0.0,19.3
1783974217.606,1515,3.857,0.736,-0.034,0.0,18.2
1783974217.606,1515,4.872,0.311,0.952,0.0,11.7
1783974217.606,1515,5.244,0.665,0.626,0.0,11.8
1783974217.606,1515,0.461,-0.105,0.08,0.081,25.3
1783974217.707,1516,0.331,-0.196,-0.076,0.0,21.9
1783974217.707,1516,3.846,0.736,0.292,0.0,16.1
1783974217.707,1516,5.143,0.832,1.091,0.0,11.6
1783974217.707,1516,0.46,-0.105,0.086,0.081,24.8
1783974217.809,1517,0.328,-0.172,-0.13,0.0,17.9
1783974217.809,1517,3.064,0.307,1.107,0.0,11.6
1783974217.809,1517,3.846,0.736,0.296,0.0,17.2
1783974217.809,1517,5.123,0.665,1.281,0.0,11.9
1783974217.809,1517,0.371,-0.589,-0.054,0.081,14.0
1783974217.809,1517,0.662,0.044,0.217,0.081,14.0
1783974217.809,1517,0.468,-0.105,0.014,-0.081,24.4
1783974217.861,1518,3.816,0.736,0.558,0.0,15.6
1783974217.861,1518,5.153,0.832,1.04,0.0,13.8
1783974217.861,1518,1.244,-1.2,0.242,0.162,13.7
1783974217.861,1518,0.556,-0.106,0.028,-0.325,19.3
1783974217.861,1518,0.459,-0.12,0.074,-0.162,28.5
1783974217.861,1518,0.596,-0.115,0.07,-0.162,17.9
1783974217.861,1518,0.318,-0.196,-0.12,-0.081,24.4
1783974218.013,1519,0.336,-0.196,-0.055,0.0,19.5
1783974218.013,1519,3.841,0.736,0.348,0.0,16.5
1783974218.013,1519,4.853,-0.0,0.867,0.0,11.8
1783974218.013,1519,5.154,0.665,1.153,0.0,14.4
1783974218.013,1519,0.462,-0.105,0.079,0.081,22.9
1783974218.063,1520,3.832,0.736,0.438,0.0,16.9
1783974218.063,1520,4.924,-0.0,0.962,0.0,12.3
1783974218.063,1520,5.182,0.832,0.886,0.0,11.9
1783974218.063,1520,0.34,-0.196,-0.008,0.081,21.2
1783974218.063,1520,0.461,-0.12,0.056,0.162,26.1
1783974218.163,1521,3.841,0.736,0.348,0.0,15.7
1783974218.163,1521,0.329,-0.196,-0.085,0.081,21.3
1783974218.163,1521,0.494,-0.131,0.112,0.081,23.4
1783974218.264,1522,0.453,-0.15,0.049,0.0,25.0
1783974218.264,1522,3.829,0.736,0.46,0.0,16.4
1783974218.366,1523,3.848,0.736,0.259,0.0,16.6
1783974218.366,1523,5.057,0.825,1.272,0.0,12.2
1783974218.366,1523,0.37,-0.232,0.006,0.081,23.2
1783974218.467,1524,3.839,0.736,0.37,0.0,16.0
1783974218.467,1524,5.134,1.164,0.785,0.0,11.9
1783974218.467,1524,0.438,-0.195,0.024,0.081,25.5
1783974218.467,1524,0.788,-0.687,0.056,0.162,14.7
1783974218.569,1525,3.113,0.299,0.605,0.0,11.4
1783974218.569,1525,3.855,0.736,0.133,0.0,15.3
1783974218.569,1525,0.375,-0.218,-0.045,0.081,20.4
1783974218.569,1525,0.876,-0.648,0.054,0.162,14.0
1783974218.671,1526,0.49,-0.18,0.036,0.0,24.6
1783974218.671,1526,3.855,0.736,0.12,0.0,15.4
1783974218.671,1526,4.999,0.665,1.701,0.0,11.7
1783974218.671,1526,0.36,-0.245,0.022,0.081,17.6
1783974218.671,1526,0.809,-0.181,0.008,0.081,11.5
1783974218.771,1527,3.831,0.736,0.446,0.0,17.5
1783974218.771,1527,0.35,-0.259,-0.029,0.081,19.1
1783974218.771,1527,0.476,-0.196,0.094,0.081,24.3
1783974218.873,1528,3.834,0.736,0.422,0.0,17.6
1783974218.873,1528,5.179,0.998,0.718,0.0,11.6
1783974218.873,1528,0.369,-0.232,-0.017,0.081,18.5
1783974218.873,1528,0.491,-0.18,0.024,0.162,27.9
1783974218.873,1528,0.459,-0.213,0.256,-0.162,25.7
1783974218.973,1529,0.712,-0.436,0.253,0.0,11.5
1783974218.973,1529,3.84,0.736,0.36,0.0,16.4
1783974218.973,1529,5.189,0.665,0.982,0.0,12.3
1783974218.973,1529,0.485,-0.196,0.006,0.243,31.7
1783974219.075,1530,3.848,0.736,0.268,0.0,17.9
1783974219.075,1530,4.867,0.784,0.933,0.0,11.6
1783974219.075,1530,0.584,-0.518,0.39,0.081,17.1
1783974219.075,1530,0.407,-0.255,-0.004,0.243,25.2
1783974219.175,1531,3.841,0.736,0.346,0.0,18.1
1783974219.175,1531,5.167,0.832,0.973,0.0,11.8
1783974219.175,1531,0.408,-0.511,0.009,0.081,15.6
1783974219.175,1531,0.66,-0.545,-0.168,0.081,13.4
1783974219.175,1531,0.745,-0.164,0.424,0.081,13.4
1783974219.175,1531,0.433,-0.294,0.011,0.162,27.7
1783974219.175,1531,0.55,-0.248,0.097,0.243,27.7
1783974219.175,1531,0.693,-0.344,0.136,0.243,20.7
1783974219.175,1531,0.983,-0.725,-0.029,0.406,18.1
1783974219.276,1532,3.822,0.859,0.265,0.0,15.0
1783974219.276,1532,0.423,-0.294,-0.093,0.081,18.2
1783974219.276,1532,0.707,-0.319,0.122,0.081,18.2
1783974219.276,1532,0.582,-0.266,0.138,0.162,22.2
1783974219.378,1533,1.286,-2.025,-0.061,0.0,13.9
1783974219.378,1533,3.855,0.736,0.122,0.0,16.9
1783974219.378,1533,0.647,-0.368,0.25,0.081,17.2
1783974219.378,1533,0.402,-0.663,-0.127,0.081,17.2
1783974219.378,1533,0.441,-0.262,-0.107,0.162,31.8
1783974219.378,1533,1.411,-1.772,0.121,0.162,13.1
1783974219.378,1533,0.78,-0.627,-0.067,0.406,14.3
1783974219.378,1533,0.754,-0.337,0.067,-0.162,21.8
1783974219.478,1534,3.818,0.859,0.323,0.0,17.6
1783974219.478,1534,0.456,-0.337,0.001,0.162,35.8
1783974219.478,1534,0.702,-0.54,0.369,0.162,17.3
1783974219.478,1534,0.657,-0.218,0.093,0.243,27.5
1783974219.478,1534,0.838,-0.622,-0.088,0.487,13.0
1783974219.478,1534,1.17,-0.676,-0.064,0.568,15.7
1783974219.478,1534,0.731,-0.27,0.098,-0.081,15.6
1783974219.579,1535,3.851,0.736,0.21,0.0,16.9
1783974219.579,1535,0.916,0.27,-0.097,0.162,13.1
1783974219.579,1535,0.479,-0.363,0.112,0.243,38.1
1783974219.579,1535,0.517,-0.153,-0.287,0.243,38.1
1783974219.579,1535,0.633,-0.164,0.022,0.325,40.5
1783974219.579,1535,1.349,-0.305,-0.188,-0.649,14.4
1783974219.681,1536,3.855,0.736,0.134,0.0,17.3
1783974219.681,1536,0.541,-0.564,0.071,0.243,27.2
1783974219.681,1536,0.548,-0.248,0.104,0.406,43.5
1783974219.782,1537,3.842,0.736,0.341,0.0,15.3
1783974219.782,1537,0.884,-0.47,-0.065,0.162,13.0
1783974219.782,1537,0.563,-0.54,0.09,0.406,31.4
1783974219.782,1537,0.536,-0.267,0.12,0.487,39.8
1783974219.782,1537,0.738,0.07,0.016,-0.649,37.7
1783974219.883,1538,0.351,-0.496,-0.059,0.0,13.3
1783974219.883,1538,0.389,-0.458,-0.11,0.0,13.3
1783974219.883,1538,3.817,0.859,0.328,0.0,16.3
1783974219.883,1538,0.624,-0.544,-0.049,0.568,30.8
1783974219.883,1538,0.843,-0.344,0.105,-0.649,23.1
1783974219.883,1538,0.636,-0.082,0.133,-0.568,40.5
1783974219.883,1538,0.822,0.104,0.016,-0.568,35.0
1783974219.985,1539,0.351,-0.496,-0.061,0.0,13.4
1783974219.985,1539,0.388,-0.458,-0.114,0.0,13.4
1783974219.985,1539,3.837,0.736,0.389,0.0,17.0
1783974219.985,1539,4.974,0.633,0.685,0.0,11.2
1783974219.985,1539,2.502,-4.112,1.564,0.0,11.2
1783974219.985,1539,0.808,-0.155,0.103,0.568,39.7
1783974219.985,1539,0.73,-0.023,0.131,-0.568,43.9
1783974220.086,1540,0.351,-0.496,-0.058,0.0,13.5
1783974220.086,1540,0.46,0.267,0.301,0.0,13.5
1783974220.086,1540,3.827,0.859,0.193,0.0,16.1
1783974220.086,1540,0.958,-0.06,0.003,0.487,40.4
1783974220.086,1540,0.823,-0.0,0.103,-0.649,45.9
1783974220.086,1540,1.187,-0.409,0.371,-0.649,13.5
1783974220.187,1541,0.351,-0.496,-0.058,0.0,13.6
1783974220.187,1541,0.388,-0.458,-0.111,0.0,13.6
1783974220.187,1541,3.811,0.859,0.394,0.0,17.9
1783974220.187,1541,0.88,-0.229,0.109,0.568,49.1
1783974220.289,1542,0.351,-0.496,-0.06,0.0,13.1
1783974220.289,1542,3.827,0.859,0.185,0.0,16.7
1783974220.289,1542,0.935,-0.18,0.12,0.568,46.9
1783974220.289,1542,1.064,-0.239,0.019,-0.487,33.3
1783974220.289,1542,1.821,0.115,-0.169,-0.406,16.5
1783974220.39,1543,0.351,-0.496,-0.06,0.0,13.3
1783974220.39,1543,0.388,-0.458,-0.113,0.0,13.3
1783974220.39,1543,3.844,0.736,0.311,0.0,18.7
1783974220.39,1543,1.379,-0.218,0.029,0.568,16.9
1783974220.39,1543,0.986,0.031,0.182,-0.649,38.5
1783974220.39,1543,1.169,-0.147,0.016,-0.487,34.2
1783974220.491,1544,0.352,-0.496,-0.057,0.0,13.2
1783974220.491,1544,0.389,-0.458,-0.11,0.0,13.2
1783974220.491,1544,3.856,0.736,0.065,0.0,18.8
1783974220.491,1544,1.099,0.213,-0.181,-0.568,29.8
1783974220.491,1544,1.28,0.245,0.119,-0.568,21.1
1783974220.491,1544,1.057,0.034,0.265,-0.406,38.8
1783974220.491,1544,1.132,0.035,0.066,-0.325,36.1
1783974220.491,1544,1.26,-0.119,0.001,-0.325,30.1
1783974220.592,1545,0.351,-0.496,-0.061,0.0,13.4
1783974220.592,1545,0.389,-0.458,-0.11,0.0,13.4
1783974220.592,1545,3.851,0.736,0.219,0.0,16.8
1783974220.592,1545,1.36,0.305,0.076,-0.568,25.5
1783974220.592,1545,1.186,-0.883,-0.529,-0.487,17.8
1783974220.592,1545,1.129,0.106,-0.017,-0.406,38.0
1783974220.693,1546,0.351,-0.496,-0.062,0.0,13.3
1783974220.693,1546,0.389,-0.458,-0.109,0.0,13.3
1783974220.693,1546,3.817,0.859,0.338,0.0,17.7
1783974220.693,1546,1.474,2.319,-0.055,0.487,18.7
1783974220.693,1546,1.431,-0.09,0.13,-0.649,25.3
1783974220.693,1546,1.595,-0.101,0.228,-0.649,13.8
1783974220.693,1546,1.21,0.076,0.148,-0.568,39.3
1783974220.693,1546,1.382,0.36,0.181,-0.487,26.9
1783974220.794,1547,0.351,-0.496,-0.059,0.0,13.3
1783974220.794,1547,0.39,-0.458,-0.107,0.0,13.3
1783974220.794,1547,3.839,0.736,0.374,0.0,17.3
1783974220.794,1547,1.458,-0.491,0.317,0.162,26.5
1783974220.794,1547,1.419,-0.417,0.11,0.487,24.6
1783974220.794,1547,1.594,-0.053,-0.592,0.487,14.0
1783974220.794,1547,1.287,-0.205,0.122,0.568,41.2
1783974220.894,1548,0.351,-0.496,-0.062,0.0,13.3
1783974220.894,1548,0.387,-0.458,-0.118,0.0,13.3
1783974220.894,1548,3.84,0.736,0.357,0.0,16.8
1783974220.894,1548,1.506,-0.442,0.052,0.325,28.3
1783974220.894,1548,1.385,-0.131,0.114,0.487,36.6
1783974220.995,1549,0.351,-0.496,-0.061,0.0,13.5
1783974220.995,1549,0.389,-0.458,-0.109,0.0,13.5
1783974220.995,1549,3.813,0.859,0.373,0.0,16.4
1783974220.995,1549,1.381,-0.131,0.161,0.406,38.5
1783974220.995,1549,1.464,0.429,0.064,-0.649,35.1
1783974221.096,1550,0.352,-0.496,-0.056,0.0,13.6
1783974221.096,1550,3.842,0.736,0.334,0.0,18.4
1783974221.096,1550,1.346,0.127,0.045,0.162,29.5
1783974221.096,1550,1.472,-0.093,0.159,0.406,37.0
1783974221.096,1550,1.573,0.05,0.358,0.487,23.6
1783974221.096,1550,1.435,0.371,-0.061,-0.649,37.6
1783974221.198,1551,0.35,-0.496,-0.065,0.0,13.4
1783974221.198,1551,0.387,-0.458,-0.115,0.0,13.4
1783974221.198,1551,3.825,0.859,0.219,0.0,17.4
1783974221.198,1551,1.515,-0.191,-0.026,0.325,37.1
1783974221.198,1551,1.432,-0.0,0.151,0.487,34.9
1783974221.198,1551,1.51,-0.095,0.209,0.487,34.7
1783974221.299,1552,0.35,-0.496,-0.066,0.0,13.4
1783974221.299,1552,3.827,0.859,0.19,0.0,14.2
1783974221.299,1552,1.562,-0.049,0.157,0.568,38.3
1783974221.299,1552,1.334,0.54,-0.03,-0.406,26.7
1783974221.4,1553,0.349,-0.496,-0.068,0.0,13.4
1783974221.4,1553,0.386,-0.458,-0.121,0.0,13.4
1783974221.4,1553,1.614,-0.0,0.043,0.487,38.4
1783974221.4,1553,1.41,0.687,0.079,-0.162,24.5
1783974221.501,1554,0.351,-0.496,-0.061,0.0,13.3
1783974221.501,1554,0.389,-0.458,-0.109,0.0,13.3
1783974221.501,1554,3.845,0.736,0.304,0.0,21.4
1783974221.501,1554,1.654,-0.104,-0.047,0.406,36.4
1783974221.501,1554,1.686,0.704,0.428,-0.649,28.9
1783974221.602,1555,0.351,-0.496,-0.059,0.0,13.3
1783974221.602,1555,3.839,0.736,0.372,0.0,16.6
1783974221.602,1555,1.686,0.053,0.221,0.243,39.4
1783974221.602,1555,1.864,0.176,0.115,0.243,17.0
1783974221.602,1555,1.902,0.123,0.471,0.325,21.2
1783974221.703,1556,0.351,-0.496,-0.059,0.0,13.0
1783974221.703,1556,0.388,-0.458,-0.113,0.0,13.0
1783974221.703,1556,3.847,0.736,0.273,0.0,17.9
1783974221.703,1556,1.901,0.307,0.384,0.081,23.2
1783974221.703,1556,1.743,-0.0,-0.082,0.162,38.1
1783974221.805,1557,0.35,-0.496,-0.063,0.0,13.5
1783974221.805,1557,0.389,-0.458,-0.111,0.0,13.5
1783974221.805,1557,3.841,0.736,0.354,0.0,19.1
1783974221.805,1557,1.693,0.053,0.161,0.081,27.7
1783974221.805,1557,1.862,0.24,0.401,0.081,14.4
1783974221.805,1557,1.817,-0.229,0.074,0.162,31.2
1783974221.805,1557,1.742,-0.055,-0.088,0.243,35.8
1783974221.905,1558,0.35,-0.496,-0.064,0.0,13.2
1783974221.905,1558,0.386,-0.458,-0.119,0.0,13.2
1783974221.905,1558,3.823,0.859,0.259,0.0,20.7
1783974221.905,1558,1.685,-0.0,0.234,0.081,25.0
1783974221.905,1558,2.006,0.063,-0.039,0.162,19.3
1783974221.905,1558,1.937,0.245,0.209,-0.081,18.3
1783974221.956,1559,0.35,-0.496,-0.066,0.0,13.5
1783974221.956,1559,0.387,-0.458,-0.117,0.0,13.5
1783974221.956,1559,1.84,0.293,0.219,0.0,17.1
1783974221.956,1559,3.826,0.859,0.2,0.0,18.0
1783974221.956,1559,1.724,0.109,0.248,0.081,29.0
1783974221.956,1559,2.132,0.067,0.148,0.162,14.7
1783974222.108,1560,0.352,-0.496,-0.055,0.0,13.6
1783974222.108,1560,3.855,0.736,0.121,0.0,15.1
1783974222.108,1560,1.679,0.053,0.27,0.081,23.4
1783974222.108,1560,1.95,-0.0,-0.226,0.081,11.8
1783974222.209,1561,0.351,-0.496,-0.06,0.0,13.4
1783974222.209,1561,0.388,-0.458,-0.112,0.0,13.4
1783974222.209,1561,1.683,0.106,0.228,0.0,18.4
1783974222.209,1561,4.487,1.178,0.824,0.0,11.7
1783974222.26,1562,0.352,-0.496,-0.057,0.0,13.6
1783974222.26,1562,0.391,-0.458,-0.104,0.0,13.6
1783974222.26,1562,1.732,-0.0,0.213,0.0,21.9
1783974222.26,1562,1.908,0.12,0.17,0.081,17.3
1783974222.362,1563,0.351,-0.496,-0.062,0.0,13.5
1783974222.362,1563,0.387,-0.458,-0.114,0.0,13.5
1783974222.362,1563,1.783,-0.0,0.14,0.0,22.9
1783974222.362,1563,1.958,0.123,0.062,0.0,12.7
1783974222.513,1564,0.351,-0.496,-0.062,0.0,13.4
1783974222.513,1564,1.77,0.112,0.236,0.0,22.0
1783974222.513,1564,1.913,0.184,0.402,0.0,14.0
1783974222.564,1565,0.352,-0.496,-0.056,0.0,13.5
1783974222.564,1565,0.389,-0.458,-0.109,0.0,13.5
1783974222.564,1565,1.787,0.056,0.048,0.0,25.3
1783974222.564,1565,1.923,0.123,0.378,0.0,14.1
1783974222.665,1566,0.351,-0.496,-0.06,0.0,13.1
1783974222.665,1566,0.39,-0.458,-0.107,0.0,13.1
1783974222.665,1566,1.741,-0.0,0.119,0.0,26.6
1783974222.665,1566,1.989,0.188,0.186,0.0,11.9
1783974222.766,1567,0.35,-0.496,-0.063,0.0,13.5
1783974222.766,1567,1.735,-0.0,0.186,0.0,26.3
1783974222.866,1568,0.35,-0.496,-0.063,0.0,13.3
1783974222.866,1568,0.387,-0.458,-0.115,0.0,13.3
1783974222.866,1568,1.788,0.056,0.022,0.0,25.5
1783974222.968,1569,0.351,-0.496,-0.061,0.0,13.1
1783974222.968,1569,0.389,-0.458,-0.11,0.0,13.1
1783974222.968,1569,1.73,0.055,0.224,0.0,31.2
1783974222.968,1569,1.845,-0.117,0.321,-0.243,24.0
1783974223.069,1570,0.351,-0.496,-0.061,0.0,13.3
1783974223.069,1570,0.388,-0.458,-0.113,0.0,13.3
1783974223.069,1570,1.731,-0.0,0.222,0.0,30.8
1783974223.069,1570,1.921,0.184,0.36,0.0,14.7
1783974223.069,1570,4.529,1.031,0.791,0.0,11.6
1783974223.17,1571,0.351,-0.496,-0.061,0.0,13.5
1783974223.17,1571,1.741,0.055,0.112,-0.081,31.4
1783974223.271,1572,0.351,-0.496,-0.06,0.0,13.3
1783974223.271,1572,1.851,0.293,0.075,0.0,16.2
1783974223.271,1572,3.828,0.859,0.168,0.0,12.0
1783974223.271,1572,1.684,-0.0,0.24,-0.081,29.1
1783974223.372,1573,0.351,-0.496,-0.061,0.0,13.4
1783974223.372,1573,3.827,0.859,0.176,0.0,16.8
1783974223.372,1573,1.722,0.055,0.281,-0.081,29.6
1783974223.372,1573,1.875,-0.059,0.032,-0.081,17.6
1783974223.473,1574,0.351,-0.496,-0.061,0.0,13.4
1783974223.473,1574,0.388,-0.458,-0.113,0.0,13.4
1783974223.473,1574,3.768,0.849,0.399,0.0,15.2
1783974223.473,1574,1.891,-0.18,0.276,-0.325,19.8
1783974223.473,1574,2.035,-0.065,-0.491,-0.162,15.1
1783974223.574,1575,0.351,-0.496,-0.059,0.0,13.3
1783974223.574,1575,0.39,-0.458,-0.107,0.0,13.3
1783974223.574,1575,1.82,0.41,0.193,0.0,12.6
1783974223.574,1575,3.786,0.728,0.46,0.0,15.9
1783974223.574,1575,4.469,1.167,0.677,0.0,11.6
1783974223.574,1575,1.812,0.42,0.473,0.081,14.9
1783974223.574,1575,2.065,-0.0,-0.348,-0.325,17.6
1783974223.574,1575,1.695,0.106,0.096,-0.081,32.4
1783974223.675,1576,0.351,-0.496,-0.059,0.0,13.5
1783974223.675,1576,1.81,0.286,-0.007,0.0,17.0
1783974223.675,1576,1.701,0.053,0.007,-0.162,42.8
1783974223.776,1577,0.352,-0.496,-0.056,0.0,13.5
1783974223.776,1577,0.39,-0.458,-0.107,0.0,13.5
1783974223.776,1577,1.825,-0.057,0.156,-0.243,30.1
1783974223.776,1577,1.742,0.109,0.002,-0.162,37.5
1783974223.776,1577,1.904,0.307,0.368,-0.081,13.3
1783974223.879,1578,0.351,-0.496,-0.057,0.0,13.4
1783974223.879,1578,0.389,-0.458,-0.11,0.0,13.4
1783974223.879,1578,4.471,1.012,0.613,0.0,11.9
1783974223.879,1578,1.957,0.314,0.319,-0.243,24.4
1783974223.879,1578,1.695,0.053,-0.137,-0.162,37.0
1783974223.879,1578,1.85,0.293,0.103,-0.081,14.9
1783974223.98,1579,0.35,-0.496,-0.066,0.0,13.5
1783974223.98,1579,0.388,-0.458,-0.113,0.0,13.5
1783974223.98,1579,1.644,-0.0,0.216,-0.325,32.6
1783974223.98,1579,1.927,0.439,0.347,-0.325,21.2
1783974223.98,1579,1.883,0.3,0.224,-0.243,22.7
1783974223.98,1579,1.737,-0.109,0.13,-0.162,29.9
1783974223.98,1579,1.779,0.401,0.178,-0.162,23.2
1783974223.98,1579,1.968,0.128,-0.562,-0.162,11.8
1783974223.98,1579,1.642,0.104,0.202,-0.081,27.2
1783974224.081,1580,0.351,-0.496,-0.061,0.0,13.1
1783974224.081,1580,0.388,-0.458,-0.112,0.0,13.1
1783974224.081,1580,1.592,0.05,0.26,-0.406,32.2
1783974224.081,1580,1.65,0.104,0.124,-0.243,38.0
1783974224.081,1580,1.745,0.335,-0.202,-0.243,25.4
1783974224.081,1580,1.902,0.307,-0.379,-0.243,13.2
1783974224.183,1581,0.351,-0.496,-0.061,0.0,13.2
1783974224.183,1581,1.611,0.05,0.09,-0.325,38.5
1783974224.183,1581,1.604,0.151,0.097,-0.325,38.5
1783974224.183,1581,1.82,0.352,0.288,-0.325,18.8
1783974224.183,1581,1.827,0.235,0.358,-0.325,18.8
1783974224.183,1581,1.748,0.335,0.18,-0.243,21.3
1783974224.183,1581,3.033,0.286,-0.221,-0.243,20.5
1783974224.284,1582,0.351,-0.496,-0.06,0.0,13.4
1783974224.284,1582,0.39,-0.458,-0.107,0.0,13.4
1783974224.284,1582,1.722,0.391,0.288,-0.487,23.6
1783974224.284,1582,1.493,0.196,0.448,-0.406,36.7
1783974224.284,1582,1.756,0.335,0.054,-0.325,19.3
1783974224.284,1582,2.995,0.188,-0.233,-0.325,15.3
1783974224.385,1583,0.351,-0.496,-0.057,0.0,13.3
1783974224.385,1583,0.39,-0.458,-0.104,0.0,13.3
1783974224.385,1583,3.779,0.728,0.517,0.0,11.3
1783974224.385,1583,1.55,0.147,0.209,-0.568,35.1
1783974224.385,1583,1.699,0.327,0.225,-0.568,25.8
1783974224.486,1584,0.351,-0.496,-0.06,0.0,13.6
1783974224.486,1584,0.388,-0.458,-0.113,0.0,13.6
1783974224.486,1584,3.788,0.728,0.442,0.0,17.2
1783974224.486,1584,1.526,0.048,0.045,-0.568,36.1
1783974224.486,1584,1.627,0.311,-0.071,-0.568,24.3
1783974224.486,1584,1.346,0.09,0.504,-0.487,33.5
1783974224.486,1584,2.921,0.091,-0.063,-0.487,15.4
1783974224.486,1584,1.917,0.06,-0.089,-0.406,14.9
1783974224.588,1585,0.351,-0.496,-0.057,0.0,13.4
1783974224.588,1585,0.389,-0.458,-0.111,0.0,13.4
1783974224.588,1585,3.819,0.859,0.308,0.0,16.8
1783974224.588,1585,1.424,0.09,0.194,-0.568,37.2
1783974224.588,1585,1.513,-0.191,0.084,-0.406,28.0
1783974224.588,1585,1.392,-0.044,0.091,-0.325,29.7
1783974224.69,1586,0.351,-0.496,-0.058,0.0,13.4
1783974224.69,1586,0.39,-0.458,-0.105,0.0,13.4
1783974224.69,1586,1.616,0.155,0.334,-0.568,17.1
1783974224.69,1586,1.346,-0.042,0.125,-0.487,40.3
1783974224.791,1587,0.351,-0.496,-0.06,0.0,13.5
1783974224.791,1587,0.389,-0.458,-0.11,0.0,13.5
1783974224.791,1587,1.418,0.225,-0.105,-0.649,29.8
1783974224.791,1587,1.351,0.042,0.043,-0.487,40.2
1783974224.791,1587,1.543,0.098,0.279,-0.487,23.2
1783974224.791,1587,1.457,-0.232,0.157,-0.325,26.7
1783974224.891,1588,0.351,-0.496,-0.057,0.0,13.4
1783974224.891,1588,4.479,1.021,0.828,0.0,11.5
1783974224.891,1588,1.42,0.225,0.069,-0.568,26.5
1783974224.891,1588,1.3,-0.041,0.146,-0.406,40.3
1783974224.992,1589,0.351,-0.496,-0.058,0.0,13.2
1783974224.992,1589,0.389,-0.458,-0.11,0.0,13.2
1783974224.992,1589,1.264,-0.04,0.036,-0.568,38.5
1783974224.992,1589,1.463,0.046,0.241,-0.487,17.6
1783974224.992,1589,1.207,-0.0,0.189,-0.406,38.0
1783974224.992,1589,1.335,-0.211,0.046,-0.406,29.8
1783974225.093,1590,0.352,-0.496,-0.056,0.0,13.3
1783974225.093,1590,0.39,-0.458,-0.105,0.0,13.3
1783974225.093,1590,1.103,-0.294,0.289,0.568,38.5
1783974225.093,1590,1.221,-0.038,0.003,-0.568,39.3
1783974225.195,1591,0.351,-0.496,-0.061,0.0,13.3
1783974225.195,1591,0.388,-0.458,-0.113,0.0,13.3
1783974225.195,1591,1.036,-0.307,0.147,0.568,43.5
1783974225.195,1591,1.237,-0.237,-0.115,-0.649,30.5
1783974225.195,1591,2.962,-0.47,0.262,-0.568,17.2
1783974225.297,1592,0.351,-0.496,-0.058,0.0,13.1
1783974225.297,1592,0.389,-0.458,-0.109,0.0,13.1
1783974225.297,1592,1.053,-0.479,-0.224,0.406,30.7
1783974225.297,1592,1.009,-0.262,0.099,0.487,41.9
1783974225.297,1592,1.304,-0.082,0.084,0.568,18.2
1783974225.297,1592,0.998,-0.098,0.3,-0.568,29.2
1783974225.397,1593,0.351,-0.496,-0.058,0.0,13.2
1783974225.397,1593,0.389,-0.458,-0.11,0.0,13.2
1783974225.397,1593,0.954,0.06,0.086,-0.649,46.1
1783974225.499,1594,0.352,-0.496,-0.056,0.0,11.5
1783974225.499,1594,1.028,-0.196,0.028,-0.649,31.5
1783974225.499,1594,0.891,0.057,0.204,-0.487,44.2
1783974225.499,1594,1.047,0.273,0.136,-0.406,21.2
1783974225.499,1594,1.361,0.093,0.581,-0.325,17.4
1783974225.6,1595,0.35,-0.496,-0.063,0.0,13.3
1783974225.6,1595,0.39,-0.458,-0.107,0.0,13.3
1783974225.6,1595,0.867,-0.055,0.079,-0.649,38.7
1783974225.6,1595,0.716,0.052,0.414,-0.568,37.8
1783974225.6,1595,0.915,0.029,0.035,-0.487,43.6
1783974225.6,1595,1.155,0.119,0.502,-0.243,14.3
1783974225.702,1596,0.351,-0.496,-0.061,0.0,13.4
1783974225.702,1596,0.388,-0.458,-0.112,0.0,13.4
1783974225.702,1596,1.508,-0.245,0.362,0.243,16.2
1783974225.702,1596,0.775,-0.0,0.128,-0.568,41.0
1783974225.702,1596,0.822,-0.104,-0.029,-0.406,41.1
1783974225.803,1597,0.352,-0.496,-0.056,0.0,13.3
1783974225.803,1597,0.39,-0.458,-0.106,0.0,13.3
1783974225.803,1597,0.724,0.046,0.155,-0.649,42.0
1783974225.803,1597,0.828,0.026,-0.037,-0.649,39.6
1783974225.803,1597,0.872,0.258,0.116,-0.568,30.8
1783974225.803,1597,0.887,-0.229,0.021,-0.568,30.8
1783974225.904,1598,0.351,-0.496,-0.058,0.0,13.5
1783974225.904,1598,0.698,-0.0,0.003,-0.649,50.6
1783974225.904,1598,0.814,0.245,0.197,-0.649,24.8
1783974225.904,1598,1.272,2.061,-0.319,-0.487,17.1
1783974226.005,1599,0.783,0.025,-0.05,0.568,30.1
1783974226.005,1599,0.651,-0.02,0.059,-0.649,49.5
1783974226.005,1599,1.182,-0.305,-0.052,-0.081,14.4
1783974226.106,1600,0.633,0.164,0.034,-0.649,41.0
1783974226.106,1600,0.566,-0.018,0.038,-0.568,39.5
1783974226.106,1600,0.639,-0.24,0.148,-0.406,31.6
1783974226.106,1600,0.667,-0.278,0.166,-0.325,28.7
1783974226.106,1600,0.598,-0.266,-0.002,-0.243,32.5
1783974226.106,1600,0.796,-0.3,0.196,-0.243,13.1
1783974226.157,1601,0.959,-0.188,-0.23,0.243,20.2
1783974226.157,1601,0.619,0.184,0.106,-0.487,40.8
1783974226.157,1601,0.522,-0.033,-0.028,-0.406,40.8
1783974226.157,1601,0.628,-0.305,0.0,-0.243,28.5
1783974226.308,1602,0.845,-0.086,-0.343,0.568,19.5
1783974226.308,1602,0.575,0.191,0.079,-0.406,38.3
1783974226.308,1602,0.506,-0.131,0.03,-0.243,32.9
1783974226.308,1602,0.726,-0.382,0.297,-0.243,19.6
1783974226.41,1603,0.435,-0.014,0.029,-0.325,24.5
1783974226.41,1603,0.483,-0.248,0.163,-0.243,27.9
1783974226.46,1604,2.002,-2.07,0.037,0.0,11.6
1783974226.46,1604,0.425,-0.0,-0.098,-0.406,32.6
1783974226.46,1604,0.484,-0.284,0.087,-0.325,29.1
1783974226.46,1604,1.842,-1.252,0.769,-0.162,14.2
1783974226.46,1604,0.583,-0.371,0.097,-0.081,15.6
1783974226.562,1605,0.671,-0.131,-0.139,0.568,35.6
1783974226.562,1605,0.383,-0.049,0.069,-0.406,25.3
1783974226.562,1605,2.114,-1.125,0.155,-0.325,24.3
1783974226.562,1605,0.448,-0.262,0.069,-0.243,34.2
1783974226.712,1606,1.288,-2.025,-0.033,0.0,16.1
1783974226.712,1606,0.53,-0.371,0.363,-0.568,27.0
1783974226.712,1606,0.338,-0.065,0.06,-0.325,21.5
1783974226.712,1606,0.414,0.136,-0.011,-0.243,25.0
1783974226.712,1606,0.442,-0.278,0.04,-0.243,25.6
1783974226.763,1607,1.97,-2.038,-0.069,0.0,12.4
1783974226.763,1607,0.606,-0.076,-0.02,-0.325,21.0
1783974226.763,1607,0.533,-0.305,0.331,-0.243,24.7
1783974226.763,1607,0.305,-0.01,0.014,-0.162,21.6
1783974226.863,1608,0.556,-0.305,0.29,0.0,16.9
1783974226.863,1608,2.08,-1.98,0.215,0.0,13.5
1783974226.863,1608,0.254,0.025,0.057,0.487,16.1
1783974226.863,1608,0.305,-0.019,0.009,-0.081,19.9
1783974226.964,1609,1.288,-2.025,0.033,0.0,17.7
1783974226.964,1609,2.091,-1.98,-0.043,0.0,12.5
1783974226.964,1609,0.331,0.209,0.038,0.243,23.8
1783974226.964,1609,2.067,-1.166,0.742,-0.162,12.4
1783974226.964,1609,0.303,-0.029,0.03,-0.081,24.3
1783974226.964,1609,1.751,-1.373,0.63,-0.081,15.2
1783974227.065,1610,0.298,-0.048,0.05,0.0,23.0
1783974227.065,1610,2.074,-1.98,0.268,0.0,11.6
1783974227.065,1610,0.351,0.172,0.038,-0.162,23.0
1783974227.065,1610,0.523,-0.033,-0.004,-0.081,13.8
1783974227.166,1611,0.301,-0.029,0.046,0.0,28.0
1783974227.166,1611,1.875,-1.944,0.141,0.0,12.7
1783974227.166,1611,0.352,0.172,0.032,-0.325,18.4
1783974227.166,1611,0.475,0.324,0.205,-0.325,18.4
1783974227.267,1612,0.26,-0.033,-0.01,0.0,18.6
1783974227.267,1612,0.522,-0.016,-0.04,0.0,15.3
1783974227.267,1612,0.34,-0.273,0.011,0.081,22.5
1783974227.267,1612,0.299,0.175,0.041,-0.568,25.7
1783974227.267,1612,2.173,-1.166,0.322,-0.162,11.8
1783974227.367,1613,0.26,-0.067,0.146,0.0,17.3
1783974227.367,1613,0.516,-0.082,0.033,0.0,20.0
1783974227.367,1613,0.291,-0.258,0.055,0.162,24.3
1783974227.367,1613,0.246,0.09,0.007,-0.406,21.6
1783974227.367,1613,1.831,-1.373,0.333,-0.162,19.2
1783974227.468,1614,0.256,-0.049,-0.019,0.0,20.6
1783974227.468,1614,0.51,-0.115,-0.037,0.0,22.0
1783974227.468,1614,0.435,-0.027,-0.027,-0.243,17.2
1783974227.468,1614,1.506,-1.662,0.561,-0.162,18.6
1783974227.468,1614,2.091,-1.606,0.605,-0.162,11.2
1783974227.57,1615,3.846,0.736,0.294,0.0,15.6
1783974227.57,1615,4.559,0.883,0.799,0.0,11.3
1783974227.57,1615,0.496,-0.164,-0.041,0.081,12.8
1783974227.57,1615,0.612,-0.327,0.078,0.081,13.9
1783974227.57,1615,0.276,-0.124,0.042,0.162,18.2
1783974227.57,1615,0.288,-0.479,-0.099,0.162,14.4
1783974227.57,1615,0.8,-0.429,0.126,0.162,12.7
1783974227.57,1615,0.43,0.068,0.034,-0.081,20.5
1783974227.67,1616,0.385,-0.439,-0.179,0.0,13.4
1783974227.67,1616,3.023,0.414,1.298,0.0,13.3
1783974227.67,1616,3.837,0.736,0.39,0.0,19.0
1783974227.67,1616,4.481,0.867,0.747,0.0,11.6
1783974227.67,1616,0.293,-0.086,-0.011,0.162,25.0
1783974227.771,1617,0.362,-0.477,-0.118,0.0,13.4
1783974227.771,1617,3.853,0.736,0.17,0.0,15.6
1783974227.771,1617,0.332,-0.098,-0.046,0.243,24.1
1783974227.771,1617,0.388,-0.061,-0.005,0.325,25.7
1783974227.873,1618,3.092,0.404,0.838,0.0,12.0
1783974227.873,1618,3.854,0.736,0.139,0.0,18.8
1783974227.873,1618,0.377,-0.11,0.014,0.325,26.6
1783974227.873,1618,0.494,-0.458,0.182,0.568,18.3
1783974227.973,1619,0.337,-0.458,-0.222,0.0,13.1
1783974227.973,1619,3.855,0.736,0.135,0.0,16.2
1783974227.973,1619,0.409,-0.15,0.022,0.406,29.7
1783974228.075,1620,3.854,0.736,0.151,0.0,16.6
1783974228.075,1620,4.844,0.155,1.116,0.0,11.9
1783974228.075,1620,0.466,-0.105,-0.041,0.243,25.8
1783974228.075,1620,0.639,-0.518,-0.105,0.406,17.6
1783974228.075,1620,0.489,-0.266,0.11,0.487,31.7
1783974228.176,1621,3.823,0.859,0.261,0.0,14.8
1783974228.176,1621,4.949,-0.0,0.496,0.0,13.8
1783974228.176,1621,0.376,-0.177,-0.132,0.325,24.3
1783974228.176,1621,0.503,-0.098,0.109,0.325,37.9
1783974228.278,1622,0.138,-0.221,-0.027,0.0,14.6
1783974228.278,1622,3.826,0.736,0.486,0.0,17.0
1783974228.278,1622,4.872,0.155,0.987,0.0,11.7
1783974228.278,1622,0.438,-0.195,-0.006,0.325,30.1
1783974228.278,1622,0.537,-0.327,0.181,0.406,18.7
1783974228.378,1623,3.843,0.736,0.329,0.0,16.0
1783974228.378,1623,4.816,-0.0,1.054,0.0,12.2
1783974228.378,1623,5.189,0.665,0.981,0.0,11.9
1783974228.378,1623,0.471,-0.229,-0.003,0.243,38.3
1783974228.378,1623,0.847,-0.45,0.044,0.487,18.2
1783974228.48,1624,0.168,-0.196,0.043,0.0,12.0
1783974228.48,1624,3.843,0.736,0.324,0.0,15.9
1783974228.48,1624,4.822,-0.0,0.788,0.0,11.5
1783974228.48,1624,5.196,0.832,0.798,0.0,12.2
1783974228.48,1624,0.483,-0.196,0.044,0.081,24.3
1783974228.48,1624,0.602,-0.076,-0.068,0.243,29.0
1783974228.583,1625,0.158,-0.205,0.042,0.0,11.3
1783974228.583,1625,3.855,0.736,0.136,0.0,18.2
1783974228.583,1625,4.811,-0.0,0.856,0.0,11.7
1783974228.583,1625,0.478,-0.213,0.021,0.081,28.7
1783974228.685,1626,3.837,0.736,0.396,0.0,16.4
1783974228.685,1626,0.526,-0.213,0.003,0.081,27.8
1783974228.786,1627,0.483,-0.196,0.05,0.0,27.8
1783974228.786,1627,3.831,0.859,0.046,0.0,17.0
1783974228.786,1627,4.819,-0.0,0.811,0.0,12.2
1783974228.786,1627,3.201,0.207,0.84,-0.081,13.3
1783974228.887,1628,0.651,-0.061,0.028,0.0,22.8
1783974228.887,1628,3.846,0.736,0.285,0.0,16.8
1783974228.887,1628,4.863,0.154,0.797,0.0,12.3
1783974228.887,1628,5.158,0.832,1.016,0.0,11.4
1783974228.887,1628,0.477,-0.213,0.031,-0.081,23.7
1783974228.989,1629,0.424,-0.195,0.111,0.0,16.9
1783974228.989,1629,0.506,-0.248,-0.064,0.0,21.2
1783974228.989,1629,0.652,-0.041,0.046,0.0,21.4
1783974228.989,1629,3.846,0.736,0.297,0.0,18.8
1783974228.989,1629,0.702,-0.518,-0.016,0.162,17.0
1783974229.09,1630,3.849,0.736,0.246,0.0,16.5
1783974229.09,1630,4.836,-0.0,0.958,0.0,12.6
1783974229.09,1630,0.428,-0.195,0.096,-0.081,17.2
1783974229.09,1630,0.647,-0.061,0.073,-0.081,24.3
1783974229.192,1631,0.426,-0.195,0.103,0.0,20.4
1783974229.192,1631,0.648,-0.061,0.07,0.0,22.6
1783974229.192,1631,3.853,0.736,0.172,0.0,16.1
1783974229.192,1631,3.1,0.414,1.102,-0.081,12.2
1783974229.293,1632,0.41,-0.21,0.134,0.0,19.2
1783974229.293,1632,0.604,-0.057,0.069,0.0,21.1
1783974229.293,1632,0.488,-0.363,-0.059,0.0,21.1
1783974229.293,1632,1.283,-1.843,0.32,0.0,12.1
1783974229.293,1632,3.852,0.736,0.2,0.0,16.4
1783974229.293,1632,4.834,0.155,1.161,0.0,12.8
1783974229.293,1632,5.175,0.832,0.927,0.0,11.8
1783974229.394,1633,0.413,-0.21,0.124,0.0,21.9
1783974229.394,1633,3.856,0.736,0.077,0.0,16.6
1783974229.394,1633,4.878,-0.0,0.971,0.0,11.4
1783974229.394,1633,3.162,0.414,0.909,0.081,12.0
1783974229.494,1634,0.412,-0.225,0.101,0.0,20.1
1783974229.494,1634,0.588,-0.095,0.135,0.0,22.8
1783974229.494,1634,0.488,-0.344,-0.129,0.0,22.8
1783974229.494,1634,3.847,0.736,0.279,0.0,16.3
1783974229.494,1634,5.128,1.164,0.827,0.0,12.2
1783974229.596,1635,0.387,-0.255,0.124,0.0,16.5
1783974229.596,1635,0.602,-0.076,0.071,0.0,23.3
1783974229.596,1635,0.521,-0.305,-0.094,0.0,23.3
1783974229.596,1635,3.837,0.736,0.395,0.0,15.8
1783974229.596,1635,5.156,0.998,0.864,0.0,12.3
1783974229.696,1636,0.39,-0.255,0.115,0.0,17.6
1783974229.696,1636,3.847,0.736,0.279,0.0,16.4
1783974229.696,1636,4.888,-0.0,0.642,0.0,13.3
1783974229.696,1636,0.649,-0.061,0.058,0.081,25.8
1783974229.797,1637,0.524,-0.213,-0.038,0.0,25.3
1783974229.797,1637,3.848,0.736,0.268,0.0,14.5
1783974229.797,1637,4.806,0.154,1.086,0.0,15.4
1783974229.899,1638,0.518,-0.23,-0.017,0.0,28.0
1783974229.899,1638,3.842,0.736,0.337,0.0,17.8
1783974229.899,1638,4.852,-0.154,0.86,0.0,12.4
1783974229.999,1639,0.47,-0.229,0.034,0.0,27.4
1783974229.999,1639,0.637,-0.102,0.111,0.0,23.7
1783974229.999,1639,3.847,0.736,0.278,0.0,15.3
1783974229.999,1639,4.758,-0.0,1.289,0.0,13.4
1783974230.1,1640,0.508,-0.248,-0.039,0.0,25.7
1783974230.1,1640,0.64,-0.102,0.092,0.0,25.0
1783974230.1,1640,3.093,0.311,1.153,0.0,12.3
1783974230.1,1640,3.847,0.736,0.278,0.0,16.3
1783974230.1,1640,4.892,-0.0,0.611,0.0,16.1
1783974230.201,1641,0.455,-0.245,0.084,0.0,24.8
1783974230.201,1641,3.828,0.859,0.169,0.0,16.1
1783974230.302,1642,0.445,-0.262,0.088,0.0,22.6
1783974230.302,1642,3.849,0.736,0.249,0.0,17.0
1783974230.302,1642,4.895,0.154,0.565,0.0,13.5
1783974230.404,1643,0.501,-0.266,-0.013,0.0,23.1
1783974230.404,1643,3.849,0.736,0.247,0.0,16.0
1783974230.404,1643,3.187,0.311,0.859,-0.081,13.3
1783974230.505,1644,0.459,-0.245,0.057,0.0,26.4
1783974230.505,1644,0.638,-0.102,0.105,0.0,22.1
1783974230.505,1644,3.838,0.736,0.38,0.0,16.0
1783974230.505,1644,4.851,-0.0,0.877,0.0,13.0
1783974230.606,1645,0.459,-0.245,0.06,0.0,25.2
1783974230.606,1645,3.848,0.736,0.267,0.0,16.3
1783974230.656,1646,0.456,-0.245,0.08,0.0,24.6
1783974230.656,1646,0.713,-0.116,0.169,0.0,11.5
1783974230.656,1646,3.83,0.736,0.453,0.0,15.9
1783974230.808,1647,0.5,-0.266,0.024,0.0,25.5
1783974230.808,1647,3.836,0.736,0.398,0.0,16.8
1783974230.808,1647,4.803,-0.0,1.112,0.0,12.0
1783974230.909,1648,0.5,-0.266,0.031,0.0,27.1
1783974230.909,1648,3.837,0.736,0.395,0.0,17.2
1783974230.959,1649,0.46,-0.245,0.05,0.0,26.2
1783974230.959,1649,3.849,0.614,0.48,0.0,16.3
1783974231.06,1650,0.509,-0.248,0.029,0.0,27.6
1783974231.06,1650,3.836,0.736,0.404,0.0,15.9
1783974231.06,1650,4.868,-0.0,0.778,0.0,12.4
1783974231.211,1651,0.51,-0.248,0.015,0.0,27.6
1783974231.211,1651,3.836,0.736,0.4,0.0,15.3
1783974231.262,1652,0.51,-0.248,0.011,0.0,27.6
1783974231.262,1652,3.245,0.104,0.672,0.0,12.6
1783974231.262,1652,3.842,0.736,0.334,0.0,15.8
1783974231.363,1653,0.51,-0.248,0.008,0.0,28.4
1783974231.363,1653,3.839,0.736,0.373,0.0,15.9
1783974231.363,1653,4.807,0.458,0.751,0.0,11.3
1783974231.363,1653,4.233,0.135,0.846,0.162,14.7
1783974231.515,1654,0.51,-0.248,0.014,0.0,28.1
1783974231.515,1654,3.824,0.736,0.504,0.0,16.2
1783974231.565,1655,0.51,-0.248,0.013,0.0,27.9
1783974231.565,1655,3.836,0.736,0.4,0.0,16.2
1783974231.565,1655,4.89,0.155,0.897,0.0,12.8
1783974231.666,1656,0.461,-0.245,0.036,0.0,28.7
1783974231.666,1656,3.255,0.104,0.624,0.0,11.6
1783974231.666,1656,3.816,0.859,0.349,0.0,15.8
1783974231.766,1657,0.459,-0.245,0.055,0.0,26.3
1783974231.766,1657,3.835,0.736,0.415,0.0,17.5
1783974231.766,1657,4.746,-0.0,1.334,0.0,12.1
1783974231.766,1657,0.807,-0.596,-0.033,-0.081,12.1
1783974231.867,1658,0.46,-0.245,0.048,0.0,27.3
1783974231.867,1658,3.844,0.736,0.322,0.0,15.9
1783974231.867,1658,4.832,0.311,1.138,0.0,11.3
1783974231.867,1658,0.924,-0.491,0.041,-0.081,13.8
1783974231.967,1659,3.834,0.736,0.422,0.0,16.7
1783974231.967,1659,0.462,-0.245,0.016,-0.081,29.8
1783974232.068,1660,3.85,0.736,0.238,0.0,16.1
1783974232.068,1660,4.848,0.154,0.882,0.0,12.3
1783974232.068,1660,0.169,-0.188,0.067,0.243,25.9
1783974232.068,1660,0.452,-0.262,0.039,-0.081,31.0
1783974232.17,1661,3.856,0.614,0.412,0.0,16.5
1783974232.17,1661,4.789,0.311,1.308,0.0,11.3
1783974232.17,1661,0.225,-0.2,0.049,0.162,28.5
1783974232.17,1661,0.861,-0.42,0.055,-0.162,11.7
1783974232.17,1661,0.474,-0.213,0.063,-0.081,23.3
1783974232.17,1661,0.693,-0.087,0.005,-0.081,13.8
1783974232.272,1662,0.446,-0.245,0.123,0.0,26.6
1783974232.272,1662,3.83,0.859,0.12,0.0,16.1
1783974232.272,1662,4.209,0.135,0.961,0.162,17.9
1783974232.272,1662,0.21,-0.21,0.072,-0.081,14.1
1783974232.373,1663,0.44,-0.278,0.059,0.0,25.9
1783974232.373,1663,3.854,0.736,0.145,0.0,15.8
1783974232.373,1663,5.056,0.998,1.331,0.0,12.7
1783974232.373,1663,0.595,-0.134,0.038,-0.081,24.8
1783974232.475,1664,3.821,0.859,0.279,0.0,15.9
1783974232.475,1664,4.923,0.155,0.69,0.0,13.0
1783974232.475,1664,5.115,0.832,1.215,0.0,11.2
1783974232.475,1664,0.422,-0.262,0.165,0.081,23.5
1783974232.475,1664,0.813,-0.48,0.172,0.081,17.5
1783974232.576,1665,3.138,0.098,-0.091,0.0,11.3
1783974232.576,1665,3.149,0.311,0.99,0.0,13.2
1783974232.576,1665,3.844,0.736,0.315,0.0,15.9
1783974232.576,1665,5.143,0.665,1.198,0.0,11.8
1783974232.576,1665,0.461,-0.245,0.034,0.081,26.6
1783974232.677,1666,3.093,0.299,0.699,0.0,11.9
1783974232.677,1666,3.838,0.736,0.385,0.0,15.8
1783974232.677,1666,4.485,0.723,0.866,0.0,11.4
1783974232.677,1666,0.459,-0.245,0.058,0.081,26.5
1783974232.677,1666,0.844,-0.45,-0.081,0.162,13.0
1783974232.778,1667,3.116,0.207,1.116,0.0,13.4
1783974232.778,1667,3.855,0.736,0.125,0.0,15.9
1783974232.778,1667,4.895,-0.0,0.88,0.0,11.5
1783974232.778,1667,0.345,-0.393,-0.031,0.081,22.2
1783974232.778,1667,0.757,-0.515,-0.012,0.162,12.6
1783974232.778,1667,0.905,-0.408,-0.148,0.243,17.2
1783974232.88,1668,3.19,0.202,0.456,0.0,12.3
1783974232.88,1668,3.821,0.736,0.525,0.0,15.5
1783974232.88,1668,5.124,0.665,1.28,0.0,11.5
1783974232.88,1668,0.43,-0.294,0.048,0.162,29.1
1783974232.981,1669,0.164,-0.258,0.001,0.0,14.2
1783974232.981,1669,3.85,0.736,0.236,0.0,15.7
1783974232.981,1669,4.868,0.155,1.008,0.0,13.3
1783974232.981,1669,0.375,-0.27,0.13,0.162,15.1
1783974232.981,1669,0.505,-0.344,-0.001,0.162,24.4
1783974232.981,1669,0.539,-0.172,0.231,0.162,24.4
1783974232.981,1669,0.606,-0.627,-0.033,0.325,15.3
1783974233.082,1670,0.164,-0.258,0.004,0.0,14.7
1783974233.082,1670,3.851,0.736,0.216,0.0,15.2
1783974233.082,1670,0.495,-0.266,0.075,0.162,28.8
1783974233.183,1671,0.164,-0.258,0.002,0.0,13.1
1783974233.183,1671,3.828,0.736,0.472,0.0,17.0
1783974233.183,1671,0.449,-0.262,0.066,0.081,18.2
1783974233.183,1671,3.175,0.207,0.935,0.081,12.8
1783974233.183,1671,0.643,-0.123,0.018,0.162,25.2
1783974233.183,1671,0.508,-0.389,0.14,0.162,25.2
1783974233.285,1672,3.819,0.859,0.313,0.0,17.5
1783974233.285,1672,0.5,-0.266,0.022,0.081,24.7
1783974233.285,1672,0.689,-0.109,0.014,0.081,24.0
1783974233.385,1673,3.83,0.859,0.09,0.0,16.1
1783974233.385,1673,0.455,-0.245,0.081,0.081,16.5
1783974233.385,1673,0.558,-0.248,0.014,0.081,26.8
1783974233.487,1674,0.461,-0.245,0.042,0.0,17.6
1783974233.487,1674,0.587,-0.286,-0.043,0.0,26.5
1783974233.487,1674,0.569,-0.102,0.307,0.0,26.5
1783974233.487,1674,3.851,0.736,0.22,0.0,18.8
1783974233.588,1675,0.507,-0.248,0.057,0.0,24.0
1783974233.588,1675,3.837,0.736,0.39,0.0,16.2
1783974233.689,1676,0.504,-0.248,0.08,0.0,22.3
1783974233.689,1676,0.683,-0.131,0.061,0.0,22.4
1783974233.689,1676,3.835,0.736,0.415,0.0,16.1
1783974233.689,1676,4.892,0.314,1.068,0.0,12.5
1783974233.79,1677,0.498,-0.248,0.108,0.0,21.3
1783974233.79,1677,0.665,-0.131,0.165,0.0,23.5
1783974233.79,1677,3.838,0.736,0.379,0.0,16.5
1783974233.892,1678,0.501,-0.248,0.095,0.0,21.4
1783974233.892,1678,0.689,-0.087,0.066,0.0,23.2
1783974233.892,1678,0.507,-0.48,-0.018,0.0,23.2
1783974233.892,1678,3.84,0.736,0.359,0.0,15.2
1783974233.992,1679,0.498,-0.248,0.111,0.0,20.4
1783974233.992,1679,0.686,-0.131,-0.013,0.0,24.1
1783974233.992,1679,3.844,0.736,0.317,0.0,17.6
1783974233.992,1679,4.84,0.154,0.923,0.0,13.3
1783974234.093,1680,0.456,-0.245,0.079,0.0,18.0
1783974234.093,1680,0.684,-0.131,0.053,0.0,23.9
1783974234.093,1680,0.569,-0.393,0.098,0.0,23.9
1783974234.093,1680,3.87,0.614,0.251,0.0,16.5
1783974234.093,1680,4.92,0.155,0.711,0.0,14.7
1783974234.194,1681,0.458,-0.245,0.067,0.0,16.7
1783974234.194,1681,0.686,-0.109,0.073,0.0,24.2
1783974234.194,1681,3.863,0.614,0.349,0.0,18.5
1783974234.194,1681,4.793,-0.0,0.949,0.0,12.9
1783974234.296,1682,0.458,-0.245,0.063,0.0,17.5
1783974234.296,1682,0.676,-0.087,0.151,0.0,23.8
1783974234.296,1682,0.52,-0.458,0.085,0.0,23.8
1783974234.296,1682,3.837,0.736,0.391,0.0,17.7
1783974234.397,1683,0.456,-0.245,0.075,0.0,16.8
1783974234.397,1683,0.487,-0.409,-0.155,0.0,24.0
1783974234.397,1683,0.594,-0.143,0.233,0.0,24.0
1783974234.397,1683,3.839,0.736,0.37,0.0,16.7
1783974234.397,1683,4.963,0.157,0.72,0.0,13.9
1783974234.497,1684,0.498,-0.266,0.058,0.0,18.9
1783974234.497,1684,0.685,-0.131,0.033,0.0,23.1
1783974234.497,1684,0.558,-0.414,0.065,0.0,23.1
1783974234.497,1684,3.834,0.736,0.419,0.0,17.5
1783974234.6,1685,0.539,-0.286,-0.013,0.0,24.4
1783974234.6,1685,3.797,0.859,0.509,0.0,17.9
1783974234.6,1685,4.817,0.154,1.037,0.0,12.0
1783974234.7,1686,0.555,-0.248,0.061,0.0,24.0
1783974234.7,1686,3.824,0.736,0.507,0.0,16.1
1783974234.802,1687,0.451,-0.245,0.104,0.0,13.7
1783974234.802,1687,0.537,-0.286,0.052,0.0,19.9
1783974234.802,1687,0.684,-0.131,0.047,0.0,20.8
1783974234.802,1687,3.825,0.736,0.499,0.0,16.2
1783974234.802,1687,4.901,0.314,1.025,0.0,11.6
1783974234.903,1688,0.509,-0.248,0.035,0.0,23.8
1783974234.903,1688,3.838,0.736,0.38,0.0,14.4
1783974235.004,1689,0.508,-0.248,0.044,0.0,22.4
1783974235.004,1689,3.85,0.736,0.234,0.0,16.0
1783974235.004,1689,4.92,-0.0,0.729,0.0,11.5
1783974235.105,1690,0.508,-0.248,0.05,0.0,25.0
1783974235.105,1690,0.508,-0.533,0.087,0.0,17.9
1783974235.105,1690,0.648,-0.255,0.256,0.0,17.9
1783974235.105,1690,3.848,0.736,0.263,0.0,16.8
1783974235.157,1691,0.501,-0.266,0.013,0.0,23.0
1783974235.157,1691,0.728,-0.139,0.018,0.0,19.4
1783974235.157,1691,3.85,0.736,0.239,0.0,15.9
1783974235.157,1691,3.152,0.205,0.855,0.081,12.7
1783974235.309,1692,0.446,-0.262,0.08,0.0,19.7
1783974235.309,1692,0.723,-0.139,-0.093,0.0,18.0
1783974235.309,1692,0.384,-0.603,-0.198,0.0,18.0
1783974235.309,1692,3.856,0.736,0.096,0.0,15.3
1783974235.309,1692,3.071,0.303,0.948,0.081,11.3
1783974235.411,1693,0.436,-0.278,0.08,0.0,18.9
1783974235.411,1693,0.718,-0.162,-0.092,0.0,19.2
1783974235.411,1693,3.855,0.736,0.11,0.0,15.4
1783974235.461,1694,0.448,-0.262,0.07,0.0,20.9
1783974235.461,1694,0.722,-0.139,-0.094,0.0,18.0
1783974235.461,1694,3.847,0.736,0.275,0.0,17.9
1783974235.461,1694,4.845,-0.0,1.303,0.0,11.6
1783974235.561,1695,0.438,-0.278,0.068,0.0,21.3
1783974235.561,1695,3.818,0.736,0.547,0.0,15.9
1783974235.713,1696,0.446,-0.262,0.079,0.0,21.9
1783974235.713,1696,0.724,-0.116,-0.112,0.0,17.0
1783974235.713,1696,3.827,0.736,0.48,0.0,15.2
1783974235.713,1696,4.837,-0.0,0.695,0.0,11.2
1783974235.763,1697,0.449,-0.262,0.066,0.0,21.4
1783974235.763,1697,0.713,-0.162,-0.125,0.0,15.0
1783974235.763,1697,3.825,0.736,0.493,0.0,16.6
1783974235.763,1697,3.082,0.207,1.205,-0.081,14.2
1783974235.864,1698,0.437,-0.278,0.078,0.0,19.7
1783974235.864,1698,3.842,0.736,0.337,0.0,15.7
1783974235.864,1698,4.928,-0.0,0.671,0.0,12.6
1783974235.965,1699,0.427,-0.278,0.119,0.0,18.0
1783974235.965,1699,0.54,-0.134,0.253,0.0,19.1
1783974235.965,1699,0.51,-0.324,-0.09,0.0,19.1
1783974235.965,1699,2.884,0.188,0.842,0.0,12.0
1783974235.965,1699,3.852,0.736,0.204,0.0,16.8
1783974236.066,1700,0.414,-0.294,0.127,0.0,16.9
1783974236.066,1700,0.613,-0.164,0.161,0.0,19.8
1783974236.066,1700,0.494,-0.389,-0.183,0.0,19.8
1783974236.066,1700,2.874,0.188,0.877,0.0,11.7
1783974236.066,1700,3.855,0.736,0.115,0.0,16.3
1783974236.167,1701,0.405,-0.294,0.154,0.0,16.1
1783974236.167,1701,0.561,-0.153,0.188,0.0,18.4
1783974236.167,1701,0.477,-0.344,-0.166,0.0,18.4
1783974236.167,1701,3.854,0.736,0.144,0.0,16.1
1783974236.268,1702,0.398,-0.294,0.171,0.0,17.6
1783974236.268,1702,0.567,-0.172,0.15,0.0,19.7
1783974236.268,1702,0.488,-0.344,-0.131,0.0,19.7
1783974236.268,1702,3.854,0.736,0.151,0.0,15.2
1783974236.368,1703,0.407,-0.294,0.147,0.0,19.0
1783974236.368,1703,3.856,0.736,0.103,0.0,14.7
1783974236.471,1704,0.429,-0.278,0.113,0.0,21.9
1783974236.471,1704,3.855,0.736,0.13,0.0,16.0
1783974236.471,1704,4.892,0.155,0.882,0.0,13.0
1783974236.572,1705,0.433,-0.278,0.098,0.0,21.0
1783974236.572,1705,3.856,0.736,0.065,0.0,16.4
1783974236.673,1706,0.442,-0.262,0.102,0.0,21.0
1783974236.673,1706,3.855,0.736,0.122,0.0,16.1
1783974236.773,1707,0.435,-0.278,0.088,0.0,21.0
1783974236.773,1707,3.856,0.736,0.071,0.0,15.8
1783974236.773,1707,3.096,0.414,1.113,0.081,11.5
1783974236.874,1708,0.436,-0.278,0.084,0.0,21.3
1783974236.874,1708,3.822,0.859,0.265,0.0,15.7
1783974236.975,1709,0.436,-0.278,0.082,0.0,19.9
1783974236.975,1709,0.565,-0.229,0.036,0.0,22.3
1783974236.975,1709,0.681,-0.153,0.025,0.0,22.8
1783974236.975,1709,3.837,0.736,0.395,0.0,15.6
1783974236.975,1709,4.789,0.308,1.13,0.0,13.5
1783974237.076,1710,0.422,-0.294,0.097,0.0,18.0
1783974237.076,1710,0.566,-0.229,0.017,0.0,22.3
1783974237.076,1710,0.681,-0.153,0.028,0.0,22.4
1783974237.076,1710,3.855,0.736,0.126,0.0,15.8
1783974237.177,1711,0.386,-0.311,0.168,0.0,16.3
1783974237.177,1711,0.562,-0.21,0.113,0.0,19.7
1783974237.177,1711,3.827,0.859,0.176,0.0,16.4
1783974237.177,1711,4.793,-0.0,0.953,0.0,12.5
1783974237.177,1711,4.251,-0.0,0.764,-0.081,12.1
1783974237.278,1712,0.396,-0.294,0.176,0.0,18.7
1783974237.278,1712,0.631,-0.164,0.062,0.0,21.0
1783974237.278,1712,0.489,-0.429,-0.067,0.0,21.0
1783974237.278,1712,3.853,0.736,0.177,0.0,17.3
1783974237.379,1713,0.392,-0.294,0.183,0.0,15.9
1783974237.379,1713,0.639,-0.143,-0.003,0.0,20.3
1783974237.379,1713,3.857,0.736,0.048,0.0,17.6
1783974237.481,1714,0.409,-0.294,0.142,0.0,17.1
1783974237.481,1714,0.632,-0.164,0.04,0.0,21.4
1783974237.481,1714,3.848,0.736,0.257,0.0,16.4
1783974237.582,1715,0.385,-0.27,0.095,0.0,14.0
1783974237.582,1715,0.633,-0.164,0.036,0.0,21.2
1783974237.582,1715,3.849,0.736,0.255,0.0,16.1
1783974237.683,1716,0.42,-0.294,0.104,0.0,15.8
1783974237.683,1716,0.632,-0.164,0.051,0.0,21.3
1783974237.683,1716,3.155,0.311,0.97,0.0,13.1
1783974237.683,1716,3.815,0.736,0.565,0.0,16.9
1783974237.683,1716,4.9,-0.0,0.546,0.0,14.3
1783974237.784,1717,0.438,-0.278,0.072,0.0,19.2
1783974237.784,1717,0.633,-0.164,0.03,0.0,22.9
1783974237.784,1717,3.812,0.736,0.587,0.0,16.6
1783974237.784,1717,4.786,0.308,1.14,0.0,14.1
1783974237.884,1718,0.436,-0.278,0.079,0.0,19.2
1783974237.884,1718,3.137,0.303,0.699,0.0,12.0
1783974237.884,1718,3.801,0.736,0.655,0.0,17.6
1783974237.986,1719,0.436,-0.278,0.083,0.0,19.6
1783974237.986,1719,3.806,0.736,0.625,0.0,15.9
1783974237.986,1719,4.728,0.155,1.535,0.0,11.6
1783974238.088,1720,0.446,-0.262,0.079,0.0,19.8
1783974238.088,1720,3.828,0.736,0.474,0.0,17.2
1783974238.088,1720,4.755,0.308,1.263,0.0,12.9
1783974238.189,1721,0.447,-0.262,0.079,0.0,20.3
1783974238.189,1721,3.796,0.859,0.517,0.0,16.7
1783974238.189,1721,4.881,0.155,0.942,0.0,13.7
1783974238.29,1722,0.445,-0.262,0.085,0.0,20.6
1783974238.29,1722,3.827,0.859,0.184,0.0,15.9
1783974238.391,1723,0.499,-0.266,0.042,0.0,22.7
1783974238.391,1723,3.851,0.736,0.218,0.0,16.6
1783974238.391,1723,4.783,0.305,0.951,0.0,14.0
1783974238.492,1724,0.497,-0.266,0.063,0.0,22.6
1783974238.492,1724,3.852,0.736,0.198,0.0,16.8
1783974238.492,1724,4.912,0.155,0.768,0.0,14.2
1783974238.492,1724,3.135,0.311,1.034,-0.081,12.7
1783974238.594,1725,0.499,-0.266,0.045,0.0,22.0
1783974238.594,1725,0.632,-0.164,0.043,0.0,21.3
1783974238.594,1725,3.857,0.736,0.052,0.0,15.7
1783974238.694,1726,0.498,-0.266,0.057,0.0,21.5
1783974238.694,1726,0.63,-0.164,0.065,0.0,21.0
1783974238.694,1726,3.857,0.736,-0.053,0.0,15.3
1783974238.694,1726,4.76,0.154,1.275,0.0,14.9
1783974238.795,1727,0.498,-0.266,0.053,0.0,21.3
1783974238.795,1727,0.637,-0.143,0.046,0.0,21.1
1783974238.795,1727,3.857,0.736,0.01,0.0,15.2
1783974238.795,1727,4.855,0.154,0.846,0.0,11.3
1783974238.897,1728,0.485,-0.284,0.077,0.0,20.2
1783974238.897,1728,0.63,-0.164,0.071,0.0,20.4
1783974238.897,1728,3.856,0.736,-0.073,0.0,15.9
1783974238.997,1729,0.498,-0.266,0.054,0.0,19.2
1783974238.997,1729,0.629,-0.164,0.077,0.0,20.4
1783974238.997,1729,3.854,0.736,-0.139,0.0,15.2
1783974239.098,1730,0.486,-0.284,0.068,0.0,20.5
1783974239.098,1730,0.626,-0.164,0.096,0.0,21.3
1783974239.098,1730,3.857,0.736,-0.011,0.0,15.0
1783974239.199,1731,0.626,-0.164,0.1,0.0,21.4
1783974239.199,1731,0.439,-0.409,-0.261,0.0,21.4
1783974239.199,1731,3.857,0.736,0.005,0.0,16.6
1783974239.3,1732,0.488,-0.284,0.058,0.0,20.4
1783974239.3,1732,0.624,-0.164,0.109,0.0,20.6
1783974239.3,1732,3.856,0.736,-0.073,0.0,15.6
1783974239.402,1733,0.486,-0.284,0.07,0.0,19.8
1783974239.402,1733,0.632,-0.143,0.092,0.0,19.9
1783974239.402,1733,3.831,0.859,0.075,0.0,14.3
1783974239.402,1733,4.741,0.305,1.143,0.0,12.9
1783974239.402,1733,4.948,-0.0,0.506,0.0,13.4
1783974239.402,1733,3.116,0.311,1.089,-0.162,16.1
1783974239.502,1734,0.435,-0.278,0.088,0.0,19.2
1783974239.502,1734,0.635,-0.143,0.066,0.0,20.2
1783974239.502,1734,0.525,-0.389,0.041,0.0,20.2
1783974239.502,1734,3.831,0.859,0.073,0.0,14.2
1783974239.603,1735,0.445,-0.262,0.086,0.0,19.9
1783974239.603,1735,0.643,-0.123,-0.003,0.0,20.1
1783974239.603,1735,0.518,-0.389,0.096,0.0,20.1
1783974239.603,1735,3.853,0.736,0.164,0.0,14.3
1783974239.603,1735,4.961,0.314,0.684,0.0,12.3
1783974239.704,1736,0.438,-0.278,0.069,0.0,20.7
1783974239.704,1736,0.643,-0.123,-0.01,0.0,21.5
1783974239.704,1736,0.474,-0.45,-0.03,0.0,21.5
1783974239.704,1736,3.854,0.736,0.147,0.0,16.6
1783974239.704,1736,5.033,0.66,1.449,0.0,11.6
1783974239.806,1737,0.439,-0.278,0.066,0.0,20.9
1783974239.806,1737,3.851,0.736,0.221,0.0,15.2
1783974239.806,1737,5.193,0.499,1.055,0.0,11.3
1783974239.907,1738,0.44,-0.278,0.058,0.0,19.9
1783974239.907,1738,3.847,0.736,0.27,0.0,15.0
1783974239.907,1738,3.184,0.205,0.728,-0.081,12.3
1783974239.958,1739,0.386,-0.27,0.093,0.0,13.9
1783974239.958,1739,0.566,-0.229,0.001,0.0,23.8
1783974239.958,1739,3.85,0.736,0.237,0.0,13.5
1783974239.958,1739,4.803,0.154,1.103,0.0,13.3
1783974240.11,1740,0.509,-0.248,0.028,0.0,23.5
1783974240.11,1740,3.856,0.614,0.414,0.0,15.9
1783974240.11,1740,3.081,0.202,0.944,0.162,14.4
1783974240.211,1741,0.5,-0.266,0.038,0.0,23.3
1783974240.211,1741,3.846,0.736,0.297,0.0,17.8
1783974240.261,1742,0.489,-0.284,0.041,0.0,23.5
1783974240.261,1742,3.839,0.736,0.368,0.0,17.1
1783974240.362,1743,0.49,-0.284,0.031,0.0,24.3
1783974240.362,1743,3.826,0.736,0.484,0.0,15.0
1783974240.362,1743,4.886,-0.0,0.659,0.0,14.8
1783974240.513,1744,0.491,-0.284,0.022,0.0,24.9
1783974240.513,1744,3.818,0.736,0.546,0.0,15.5
1783974240.563,1745,0.501,-0.266,0.009,0.0,25.2
1783974240.563,1745,3.829,0.736,0.46,0.0,15.4
1783974240.563,1745,4.775,-0.0,1.037,0.0,12.0
1783974240.664,1746,0.501,-0.266,-0.004,0.0,24.3
1783974240.664,1746,3.842,0.614,0.533,0.0,17.1
1783974240.664,1746,4.791,-0.0,1.162,0.0,13.2
1783974240.765,1747,0.501,-0.266,-0.005,0.0,23.9
1783974240.765,1747,3.778,0.728,0.521,0.0,15.3
1783974240.866,1748,0.558,-0.248,0.003,0.0,25.5
1783974240.866,1748,3.837,0.736,0.39,0.0,14.2
1783974240.967,1749,0.566,-0.229,0.026,0.0,25.4
1783974240.967,1749,3.855,0.614,0.422,0.0,15.7
1783974240.967,1749,4.84,0.308,0.885,0.0,14.0
1783974241.068,1750,0.558,-0.248,0.004,0.0,24.9
1783974241.068,1750,3.859,0.614,0.383,0.0,16.3
1783974241.168,1751,0.501,-0.266,-0.008,0.0,22.9
1783974241.168,1751,3.865,0.614,0.317,0.0,15.5
1783974241.168,1751,4.85,0.154,0.873,0.0,15.7
1783974241.269,1752,0.51,-0.248,-0.002,0.0,23.9
1783974241.269,1752,3.866,0.614,0.313,0.0,14.2
1783974241.269,1752,4.792,0.153,0.945,0.0,14.2
1783974241.369,1753,0.51,-0.248,-0.009,0.0,23.6
1783974241.369,1753,3.863,0.614,0.341,0.0,15.5
1783974241.369,1753,4.817,0.154,1.039,0.0,13.4
1783974241.472,1754,0.51,-0.248,0.005,0.0,23.2
1783974241.472,1754,3.864,0.614,0.336,0.0,16.1
1783974241.472,1754,4.798,-0.0,1.132,0.0,11.8
1783974241.573,1755,0.51,-0.248,0.006,0.0,25.5
1783974241.573,1755,0.683,-0.109,0.092,0.0,20.4
1783974241.573,1755,3.877,0.614,0.108,0.0,18.0
1783974241.688,1756,0.51,-0.248,0.014,0.0,24.1
1783974241.688,1756,0.682,-0.109,0.099,0.0,19.5
1783974241.688,1756,3.855,0.736,0.129,0.0,15.6
1783974241.688,1756,4.919,0.155,0.716,0.0,12.7
1783974241.805,1757,0.49,-0.284,0.031,0.0,26.0
1783974241.805,1757,3.857,0.736,-0.039,0.0,15.0
1783974241.805,1757,4.803,0.153,0.888,0.0,12.0
1783974241.864,1758,0.493,-0.266,0.088,0.0,24.0
1783974241.864,1758,3.854,0.736,-0.141,0.0,15.9
