t,frame,x,y,z,doppler,snr_db,noise_db
1784036670.067,1,1.323,0.908,-0.174,0.0,12.7,64.1
1784036670.067,1,1.711,-0.704,0.311,0.0,20.2,69.0
1784036670.067,1,3.496,-1.577,0.605,0.0,15.9,72.4
1784036670.067,1,7.331,-3.01,1.281,0.0,18.6,65.8
1784036670.179,2,1.359,0.858,-0.152,0.0,13.8,63.2
1784036670.179,2,1.712,-0.704,0.308,0.0,19.8,69.3
1784036670.179,2,3.407,-1.82,0.394,0.0,12.8,72.7
1784036670.179,2,7.33,-3.01,1.286,0.0,18.2,66.2
1784036670.239,3,1.358,0.858,-0.16,0.0,13.3,63.6
1784036670.239,3,1.711,-0.704,0.312,0.0,19.9,69.3
1784036670.239,3,3.344,-1.941,0.359,0.0,13.7,72.3
1784036670.239,3,7.33,-3.01,1.284,0.0,18.3,66.0
1784036670.366,4,1.328,0.908,-0.132,0.0,14.2,62.7
1784036670.366,4,1.711,-0.704,0.313,0.0,20.1,69.1
1784036670.366,4,3.381,-1.82,0.575,0.0,13.2,72.7
1784036670.366,4,7.326,-3.01,1.309,0.0,18.1,66.2
1784036670.427,5,1.362,0.858,-0.123,0.0,14.0,62.8
1784036670.427,5,1.711,-0.704,0.312,0.0,19.8,69.4
1784036670.427,5,3.438,-1.699,0.608,0.0,15.2,72.2
1784036670.427,5,7.327,-3.01,1.305,0.0,17.8,66.4
1784036670.537,6,1.33,0.908,-0.113,0.0,13.8,63.0
1784036670.537,6,1.711,-0.704,0.312,0.0,19.6,69.6
1784036670.537,6,3.491,-1.577,0.632,0.0,15.4,72.1
1784036670.537,6,7.324,-3.01,1.321,0.0,18.1,66.1
1784036670.651,7,1.33,0.908,-0.112,0.0,14.2,62.6
1784036670.651,7,1.711,-0.704,0.312,0.0,19.8,69.3
1784036670.651,7,3.393,-1.82,0.5,0.0,13.9,72.4
1784036670.651,7,7.328,-3.01,1.299,0.0,18.6,65.6
1784036670.766,8,1.363,0.858,-0.112,0.0,13.8,63.0
1784036670.766,8,1.711,-0.704,0.309,0.0,19.7,69.5
1784036670.766,8,3.397,-1.82,0.474,0.0,13.6,72.6
1784036670.766,8,7.326,-3.01,1.31,0.0,18.2,66.0
1784036670.877,9,1.332,0.908,-0.091,0.0,13.6,63.1
1784036670.877,9,1.711,-0.704,0.31,0.0,19.7,69.5
1784036670.877,9,3.394,-1.82,0.497,0.0,13.8,72.3
1784036670.877,9,7.324,-3.01,1.321,0.0,18.4,65.8
1784036670.987,10,0.53,0.153,0.263,0.0,11.3,65.2
1784036670.987,10,1.331,0.908,-0.104,0.0,13.8,62.9
1784036670.987,10,1.711,-0.704,0.311,0.0,19.8,69.3
1784036670.987,10,3.394,-1.82,0.494,0.0,14.2,72.5
1784036670.987,10,7.328,-3.01,1.298,0.0,18.3,65.9
1784036671.041,11,1.362,0.858,-0.121,0.0,13.5,63.4
1784036671.041,11,1.711,-0.704,0.31,0.0,19.9,69.3
1784036671.041,11,3.444,-1.699,0.573,0.0,14.4,72.6
1784036671.041,11,7.328,-3.01,1.299,0.0,18.2,65.9
1784036671.146,12,1.329,0.908,-0.119,0.0,13.8,63.0
1784036671.146,12,1.711,-0.704,0.313,0.0,20.0,69.2
1784036671.146,12,3.437,-1.699,0.615,0.0,14.9,72.3
1784036671.146,12,7.322,-3.01,1.332,0.0,18.2,65.9
1784036671.251,13,1.33,0.908,-0.116,0.0,13.6,63.2
1784036671.251,13,1.711,-0.704,0.313,0.0,19.9,69.3
1784036671.251,13,3.434,-1.699,0.632,0.0,15.1,72.0
1784036671.251,13,7.326,-3.01,1.306,0.0,17.7,66.4
1784036671.358,14,1.361,0.858,-0.13,0.0,14.1,62.8
1784036671.358,14,1.711,-0.704,0.312,0.0,19.7,69.5
1784036671.358,14,3.361,-1.82,0.686,0.0,14.1,72.4
1784036671.358,14,7.326,-3.01,1.306,0.0,17.8,66.3
1784036671.461,15,1.33,0.908,-0.113,0.0,14.3,62.5
1784036671.461,15,1.711,-0.704,0.313,0.0,19.9,69.3
1784036671.461,15,3.364,-1.82,0.667,0.0,13.5,72.5
1784036671.461,15,7.327,-3.01,1.301,0.0,18.1,66.0
1784036671.562,16,1.362,0.858,-0.122,0.0,13.7,63.1
1784036671.562,16,1.711,-0.704,0.314,0.0,19.7,69.5
1784036671.562,16,3.378,-1.82,0.597,0.0,13.2,72.6
1784036671.562,16,7.325,-3.01,1.311,0.0,18.2,66.0
1784036671.664,17,1.33,0.908,-0.11,0.0,13.7,63.1
1784036671.664,17,1.711,-0.704,0.313,0.0,19.8,69.4
1784036671.664,17,3.399,-1.82,0.462,0.0,13.4,72.6
1784036671.664,17,7.325,-3.01,1.316,0.0,18.2,66.0
1784036671.766,18,1.362,0.858,-0.122,0.0,14.0,62.8
1784036671.766,18,1.711,-0.704,0.313,0.0,19.6,69.5
1784036671.766,18,3.401,-1.82,0.442,0.0,13.4,72.7
1784036671.766,18,7.329,-3.01,1.29,0.0,17.9,66.3
1784036671.869,19,1.362,0.858,-0.12,0.0,13.7,63.0
1784036671.869,19,1.711,-0.704,0.311,0.0,19.7,69.5
1784036671.869,19,3.334,-1.941,0.435,0.0,13.3,72.6
1784036671.869,19,7.329,-3.01,1.289,0.0,18.0,66.2
1784036671.969,20,1.33,0.908,-0.115,0.0,13.1,63.7
1784036671.969,20,1.712,-0.704,0.309,0.0,19.8,69.4
1784036671.969,20,3.402,-1.82,0.439,0.0,13.3,72.5
1784036671.969,20,7.328,-3.01,1.299,0.0,18.0,66.1
1784036672.07,21,1.362,0.858,-0.128,0.0,14.0,62.9
1784036672.07,21,1.712,-0.704,0.308,0.0,19.7,69.4
1784036672.07,21,3.34,-1.941,0.387,0.0,13.4,72.2
1784036672.07,21,7.33,-3.01,1.288,0.0,18.2,66.0
1784036672.172,22,1.362,0.858,-0.124,0.0,13.0,63.9
1784036672.172,22,1.712,-0.704,0.307,0.0,19.8,69.3
1784036672.172,22,3.336,-1.941,0.423,0.0,12.8,72.6
1784036672.172,22,7.328,-3.01,1.295,0.0,17.9,66.2
1784036672.273,23,1.33,0.908,-0.115,0.0,13.9,62.9
1784036672.273,23,1.711,-0.704,0.31,0.0,20.2,69.0
1784036672.273,23,3.337,-1.941,0.414,0.0,13.0,72.6
1784036672.273,23,7.33,-3.01,1.284,0.0,18.3,65.9
1784036672.374,24,1.327,0.908,-0.14,0.0,13.5,63.4
1784036672.374,24,1.711,-0.704,0.311,0.0,19.9,69.3
1784036672.374,24,3.482,-1.577,0.681,0.0,14.2,72.7
1784036672.374,24,7.33,-3.01,1.285,0.0,18.2,65.9
1784036672.374,24,8.437,-0.545,2.158,0.0,11.5,64.5
1784036672.475,25,1.362,0.858,-0.128,0.0,13.8,63.1
1784036672.475,25,1.711,-0.704,0.312,0.0,19.9,69.3
1784036672.475,25,3.399,-1.82,0.456,0.0,12.5,73.1
1784036672.475,25,7.334,-3.01,1.26,0.0,18.0,66.1
1784036672.526,26,1.328,0.908,-0.132,0.0,13.2,63.6
1784036672.526,26,1.711,-0.704,0.311,0.0,19.9,69.2
1784036672.526,26,3.46,-1.699,0.47,0.0,13.5,73.2
1784036672.526,26,7.329,-3.01,1.291,0.0,18.2,66.0
1784036672.678,27,1.331,0.908,-0.102,0.0,13.3,63.5
1784036672.678,27,1.711,-0.704,0.312,0.0,20.1,69.1
1784036672.678,27,3.509,-1.577,0.526,0.0,15.5,72.5
1784036672.678,27,7.33,-3.01,1.288,0.0,18.5,65.7
1784036672.678,27,8.443,-0.545,2.137,0.0,11.6,64.2
1784036672.779,28,1.364,0.858,-0.095,0.0,12.7,64.1
1784036672.779,28,1.711,-0.704,0.312,0.0,19.6,69.5
1784036672.779,28,3.394,-1.82,0.493,0.0,13.0,73.5
1784036672.779,28,7.334,-3.01,1.262,0.0,18.4,65.8
1784036672.829,29,1.332,0.908,-0.087,0.0,13.8,63.0
1784036672.829,29,1.711,-0.704,0.312,0.0,19.8,69.4
1784036672.829,29,3.389,-1.82,0.531,0.0,14.4,72.4
1784036672.829,29,7.328,-3.01,1.299,0.0,18.3,66.0
1784036672.93,30,1.363,0.858,-0.114,0.0,13.8,63.0
1784036672.93,30,1.711,-0.704,0.31,0.0,20.0,69.2
1784036672.93,30,3.377,-1.82,0.6,0.0,13.4,72.7
1784036672.93,30,7.33,-3.01,1.285,0.0,18.5,65.7
1784036673.082,31,1.331,0.908,-0.105,0.0,13.1,63.7
1784036673.082,31,1.711,-0.704,0.311,0.0,19.6,69.6
1784036673.082,31,3.456,-1.699,0.498,0.0,13.6,73.3
1784036673.082,31,7.335,-3.01,1.258,0.0,18.4,65.7
1784036673.133,32,1.331,0.908,-0.101,0.0,14.0,62.8
1784036673.133,32,1.711,-0.704,0.314,0.0,19.9,69.3
1784036673.133,32,3.309,-1.941,0.599,0.0,12.9,72.8
1784036673.133,32,7.325,-3.01,1.311,0.0,17.7,66.3
1784036673.235,33,1.36,0.858,-0.14,0.0,13.1,63.8
1784036673.235,33,1.711,-0.704,0.311,0.0,19.7,69.4
1784036673.235,33,3.36,-1.82,0.687,0.0,13.8,72.8
1784036673.235,33,7.329,-3.01,1.289,0.0,18.0,66.0
1784036673.338,34,1.329,0.908,-0.127,0.0,13.1,63.8
1784036673.338,34,1.711,-0.704,0.313,0.0,19.6,69.6
1784036673.338,34,3.445,-1.699,0.566,0.0,14.6,72.3
1784036673.338,34,7.33,-3.01,1.286,0.0,18.1,65.9
1784036673.44,35,1.361,0.858,-0.138,0.0,13.9,63.0
1784036673.44,35,1.711,-0.704,0.312,0.0,20.0,69.2
1784036673.44,35,3.377,-1.82,0.603,0.0,14.5,72.0
1784036673.44,35,7.33,-3.01,1.283,0.0,18.2,65.8
1784036673.544,36,1.324,0.908,-0.168,0.0,14.0,63.0
1784036673.544,36,1.711,-0.704,0.312,0.0,19.8,69.4
1784036673.544,36,3.436,-1.699,0.619,0.0,14.2,72.7
1784036673.544,36,7.336,-3.01,1.251,0.0,18.3,65.8
1784036673.646,37,1.323,0.908,-0.173,0.0,14.1,62.8
1784036673.646,37,1.711,-0.704,0.313,0.0,20.1,69.1
1784036673.646,37,3.437,-1.699,0.614,0.0,14.7,72.2
1784036673.646,37,7.428,-2.76,1.287,0.0,18.3,65.8
1784036673.75,38,1.36,0.858,-0.147,0.0,13.7,63.1
1784036673.75,38,1.71,-0.704,0.316,0.0,20.1,69.1
1784036673.75,38,3.374,-1.82,0.617,0.0,14.5,72.4
1784036673.75,38,7.33,-3.01,1.287,0.0,18.2,66.0
1784036673.851,39,1.362,0.858,-0.127,0.0,13.7,63.1
1784036673.851,39,1.711,-0.704,0.313,0.0,19.9,69.3
1784036673.851,39,3.388,-1.82,0.535,0.0,13.5,73.0
1784036673.851,39,7.335,-3.01,1.255,0.0,18.3,65.9
1784036673.966,40,1.328,0.908,-0.138,0.0,13.2,63.7
1784036673.966,40,1.711,-0.704,0.313,0.0,19.8,69.4
1784036673.966,40,3.377,-1.82,0.599,0.0,14.5,72.5
1784036673.966,40,7.33,-3.01,1.288,0.0,18.3,65.9
1784036674.067,41,1.358,0.858,-0.159,0.0,12.9,64.0
1784036674.067,41,1.711,-0.704,0.31,0.0,19.9,69.3
1784036674.067,41,3.386,-1.82,0.549,0.0,13.3,73.5
1784036674.067,41,7.336,-3.01,1.253,0.0,18.7,65.5
1784036674.169,42,1.359,0.858,-0.156,0.0,12.6,64.4
1784036674.169,42,1.711,-0.704,0.312,0.0,19.8,69.4
1784036674.169,42,3.447,-1.699,0.556,0.0,13.8,72.8
1784036674.169,42,7.431,-2.76,1.266,0.0,18.6,65.6
1784036674.273,43,1.361,0.858,-0.138,0.0,12.8,64.1
1784036674.273,43,1.712,-0.704,0.309,0.0,19.8,69.3
1784036674.273,43,3.386,-1.82,0.55,0.0,14.7,72.7
1784036674.273,43,7.431,-2.76,1.267,0.0,18.6,65.6
1784036674.375,44,1.363,0.858,-0.116,0.0,12.5,64.3
1784036674.375,44,1.712,-0.704,0.307,0.0,20.0,69.2
1784036674.375,44,3.442,-1.699,0.588,0.0,13.3,73.6
1784036674.375,44,6.522,-2.716,1.595,0.0,11.4,63.8
1784036674.375,44,7.432,-2.76,1.264,0.0,19.0,65.2
1784036674.477,45,1.329,0.908,-0.123,0.0,13.5,63.4
1784036674.477,45,1.712,-0.704,0.309,0.0,19.8,69.4
1784036674.477,45,3.369,-1.82,0.643,0.0,12.7,73.2
1784036674.477,45,7.434,-2.76,1.25,0.0,18.7,65.6
1784036674.579,46,1.36,0.858,-0.144,0.0,13.1,63.8
1784036674.579,46,1.711,-0.704,0.311,0.0,20.1,69.1
1784036674.579,46,3.381,-1.82,0.576,0.0,13.3,73.4
1784036674.579,46,6.531,-2.716,1.557,0.0,11.4,63.9
1784036674.579,46,7.427,-2.76,1.292,0.0,18.9,65.3
1784036674.63,47,1.329,0.908,-0.128,0.0,12.6,64.3
1784036674.63,47,1.712,-0.704,0.307,0.0,19.8,69.3
1784036674.63,47,3.467,-1.699,0.414,0.0,12.6,74.1
1784036674.63,47,6.52,-2.716,1.603,0.0,11.4,63.8
1784036674.63,47,7.334,-3.01,1.265,0.0,19.0,65.2
1784036674.732,48,1.362,0.858,-0.124,0.0,13.4,63.5
1784036674.732,48,1.711,-0.704,0.309,0.0,20.0,69.2
1784036674.732,48,3.432,-1.699,0.645,0.0,12.6,73.5
1784036674.732,48,7.341,-3.01,1.221,0.0,18.8,65.4
1784036674.885,49,1.327,0.908,-0.141,0.0,12.3,64.6
1784036674.885,49,1.711,-0.704,0.31,0.0,19.7,69.5
1784036674.885,49,3.362,-1.82,0.679,0.0,13.3,73.1
1784036674.885,49,6.522,-2.716,1.595,0.0,11.4,63.6
1784036674.885,49,7.431,-2.76,1.268,0.0,19.1,65.1
1784036674.937,50,1.325,0.908,-0.158,0.0,12.2,64.6
1784036674.937,50,1.711,-0.704,0.309,0.0,20.0,69.2
1784036674.937,50,3.364,-1.82,0.671,0.0,13.1,73.5
1784036674.937,50,7.333,-3.01,1.269,0.0,18.6,65.6
1784036675.038,51,1.361,0.858,-0.133,0.0,12.7,64.1
1784036675.038,51,1.712,-0.704,0.308,0.0,20.0,69.2
1784036675.038,51,3.4,-1.82,0.452,0.0,12.2,73.9
1784036675.038,51,7.335,-3.01,1.254,0.0,19.0,65.3
1784036675.141,52,1.33,0.908,-0.11,0.0,13.2,63.6
1784036675.141,52,1.711,-0.704,0.311,0.0,19.9,69.3
1784036675.141,52,3.408,-1.82,0.389,0.0,11.9,73.9
1784036675.141,52,7.429,-2.76,1.278,0.0,18.6,65.4
1784036675.243,53,1.36,0.858,-0.147,0.0,13.5,63.2
1784036675.243,53,1.712,-0.704,0.306,0.0,20.3,68.9
1784036675.243,53,3.563,-1.456,0.515,0.0,15.3,73.2
1784036675.243,53,6.498,-2.716,1.689,0.0,11.2,63.9
1784036675.243,53,7.435,-2.76,1.246,0.0,18.7,65.4
1784036675.346,54,1.36,0.858,-0.141,0.0,13.9,62.9
1784036675.346,54,1.711,-0.704,0.312,0.0,20.0,69.1
1784036675.346,54,3.393,-1.82,0.501,0.0,12.5,73.6
1784036675.346,54,6.546,-2.716,1.494,0.0,11.6,63.7
1784036675.346,54,7.438,-2.76,1.229,0.0,18.9,65.3
1784036675.346,54,8.325,-0.545,2.556,0.0,11.2,64.7
1784036675.456,55,1.363,0.858,-0.108,0.0,13.0,63.9
1784036675.456,55,1.711,-0.704,0.313,0.0,20.1,69.0
1784036675.456,55,3.387,-1.82,0.541,0.0,13.5,73.3
1784036675.456,55,6.53,-2.716,1.559,0.0,11.2,63.8
1784036675.456,55,7.428,-2.76,1.285,0.0,19.1,65.3
1784036675.558,56,1.329,0.908,-0.126,0.0,13.8,63.0
1784036675.558,56,1.711,-0.704,0.311,0.0,20.1,69.1
1784036675.558,56,3.386,-1.82,0.548,0.0,13.2,73.2
1784036675.558,56,6.515,-2.716,1.622,0.0,11.4,63.8
1784036675.558,56,7.335,-3.01,1.255,0.0,18.7,65.3
1784036675.66,57,1.361,0.858,-0.13,0.0,13.6,63.3
1784036675.66,57,1.711,-0.704,0.312,0.0,20.1,69.1
1784036675.66,57,3.448,-1.699,0.55,0.0,13.6,72.9
1784036675.66,57,6.52,-2.716,1.602,0.0,11.8,63.8
1784036675.66,57,7.432,-2.76,1.264,0.0,18.7,65.3
1784036675.66,57,5.301,-2.176,0.911,0.162,15.1,55.3
1784036675.66,57,4.286,3.808,0.895,0.162,15.1,55.3
1784036675.66,57,3.721,-1.104,0.592,0.243,22.1,52.6
1784036675.66,57,3.842,-1.295,0.862,0.243,12.4,56.1
1784036675.763,58,1.328,0.908,-0.131,0.0,13.6,63.3
1784036675.763,58,1.712,-0.704,0.309,0.0,20.1,69.1
1784036675.763,58,3.385,-1.82,0.552,0.0,13.1,73.4
1784036675.763,58,6.515,-2.716,1.623,0.0,11.7,63.8
1784036675.763,58,7.437,-2.76,1.236,0.0,18.7,65.4
1784036675.763,58,3.774,-0.982,0.458,0.243,18.7,55.1
1784036675.763,58,3.827,-1.295,0.925,0.243,14.8,56.4
1784036675.763,58,4.324,-1.767,0.617,-0.162,17.3,50.8
1784036675.865,59,1.328,0.908,-0.134,0.0,13.2,63.7
1784036675.865,59,1.711,-0.704,0.31,0.0,20.1,69.1
1784036675.865,59,3.445,-1.699,0.567,0.0,12.9,73.4
1784036675.865,59,6.506,-2.716,1.659,0.0,11.7,63.6
1784036675.865,59,7.432,-2.76,1.261,0.0,18.6,65.2
1784036675.865,59,3.773,-1.117,0.531,0.243,20.8,53.0
1784036675.865,59,3.873,-1.309,0.911,0.243,18.1,55.2
1784036675.865,59,4.307,-1.751,0.419,-0.243,16.1,49.9
1784036675.966,60,1.361,0.858,-0.136,0.0,13.3,63.6
1784036675.966,60,1.711,-0.704,0.31,0.0,20.1,69.1
1784036675.966,60,3.451,-1.699,0.533,0.0,13.0,73.8
1784036675.966,60,6.524,-2.716,1.586,0.0,11.7,63.6
1784036675.966,60,7.334,-3.01,1.261,0.0,17.9,65.3
1784036675.966,60,3.927,-1.309,0.641,0.162,15.6,59.1
1784036675.966,60,4.297,-1.751,0.516,-0.162,14.8,51.5
1784036676.067,61,1.329,0.908,-0.12,0.0,13.7,63.2
1784036676.067,61,1.711,-0.704,0.31,0.0,20.1,69.1
1784036676.067,61,3.447,-1.699,0.559,0.0,13.3,73.2
1784036676.067,61,6.509,-2.716,1.646,0.0,11.6,63.5
1784036676.067,61,7.44,-2.76,1.215,0.0,18.1,65.2
1784036676.067,61,3.946,-1.322,0.77,0.162,20.2,56.8
1784036676.173,62,1.327,0.908,-0.138,0.0,12.5,64.2
1784036676.173,62,1.711,-0.704,0.31,0.0,19.9,69.3
1784036676.173,62,3.388,-1.82,0.532,0.0,12.5,73.9
1784036676.173,62,6.519,-2.716,1.604,0.0,11.8,63.8
1784036676.173,62,7.442,-2.76,1.203,0.0,18.2,65.3
1784036676.173,62,3.927,-1.322,0.86,0.081,12.0,65.8
1784036676.275,63,1.361,0.858,-0.133,0.0,13.4,63.4
1784036676.275,63,1.711,-0.704,0.313,0.0,20.0,69.1
1784036676.275,63,3.389,-1.82,0.529,0.0,13.3,73.6
1784036676.275,63,6.505,-2.716,1.662,0.0,11.6,63.9
1784036676.275,63,7.444,-2.76,1.191,0.0,17.7,65.5
1784036676.275,63,3.934,-1.322,0.826,0.162,20.5,55.2
1784036676.379,64,1.359,0.858,-0.153,0.0,13.1,63.7
1784036676.379,64,1.711,-0.704,0.311,0.0,20.0,69.2
1784036676.379,64,3.447,-1.699,0.557,0.0,13.0,73.5
1784036676.379,64,6.517,-2.716,1.612,0.0,11.8,63.9
1784036676.379,64,7.344,-3.01,1.202,0.0,17.7,65.5
1784036676.379,64,4.051,-1.336,0.287,0.081,13.2,65.2
1784036676.429,65,1.328,0.908,-0.133,0.0,14.2,62.5
1784036676.429,65,1.711,-0.704,0.313,0.0,19.8,69.3
1784036676.429,65,3.391,-1.82,0.513,0.0,14.0,72.7
1784036676.429,65,7.338,-3.01,1.237,0.0,17.3,65.9
1784036676.429,65,4.0,-1.47,0.349,0.081,14.2,65.0
1784036676.58,66,1.362,0.858,-0.12,0.0,14.6,62.3
1784036676.58,66,1.71,-0.704,0.315,0.0,20.5,68.7
1784036676.58,66,3.462,-1.699,0.457,0.0,14.4,72.7
1784036676.58,66,6.517,-2.716,1.615,0.0,11.6,63.9
1784036676.58,66,7.341,-3.01,1.22,0.0,18.0,65.6
1784036676.58,66,8.47,-0.545,2.026,0.0,11.4,64.0
1784036676.58,66,4.001,-1.47,0.341,0.081,11.5,67.0
1784036676.681,67,0.451,0.115,-0.239,0.0,11.4,67.5
1784036676.681,67,0.379,0.36,-0.033,0.0,11.4,67.5
1784036676.681,67,1.364,0.858,-0.098,0.0,13.9,62.9
1784036676.681,67,1.71,-0.704,0.316,0.0,20.1,69.1
1784036676.681,67,3.438,-1.699,0.612,0.0,12.5,73.8
1784036676.681,67,6.522,-2.716,1.595,0.0,11.9,63.6
1784036676.681,67,7.348,-3.01,1.177,0.0,18.5,65.3
1784036676.681,67,8.406,-0.545,2.276,0.0,11.5,64.1
1784036676.681,67,3.931,-1.47,0.819,0.081,11.9,66.0
1784036676.732,68,1.331,0.908,-0.098,0.0,14.5,62.4
1784036676.732,68,1.711,-0.704,0.312,0.0,20.6,68.6
1784036676.732,68,3.445,-1.699,0.572,0.0,12.9,73.7
1784036676.732,68,6.528,-2.716,1.571,0.0,11.8,63.8
1784036676.732,68,7.342,-3.01,1.213,0.0,18.6,65.4
1784036676.732,68,8.448,-0.545,2.114,0.0,12.1,63.6
1784036676.839,69,1.332,0.908,-0.091,0.0,13.2,63.7
1784036676.839,69,1.71,-0.704,0.315,0.0,20.1,69.1
1784036676.839,69,3.444,-1.699,0.575,0.0,13.1,73.3
1784036676.839,69,6.502,-2.716,1.674,0.0,11.6,63.6
1784036676.839,69,7.346,-3.01,1.191,0.0,18.8,65.2
1784036676.941,70,0.293,0.408,0.264,0.0,11.9,66.3
1784036676.941,70,1.361,0.858,-0.132,0.0,14.0,62.8
1784036676.941,70,1.71,-0.704,0.315,0.0,19.9,69.2
1784036676.941,70,3.45,-1.699,0.537,0.0,14.5,72.7
1784036676.941,70,6.506,-2.716,1.657,0.0,11.5,63.7
1784036676.941,70,7.346,-3.01,1.19,0.0,18.7,65.4
1784036676.941,70,8.446,-0.545,2.122,0.0,12.1,64.1
1784036677.043,71,1.33,0.908,-0.111,0.0,14.5,62.4
1784036677.043,71,1.71,-0.704,0.315,0.0,20.5,68.8
1784036677.043,71,3.442,-1.699,0.584,0.0,12.5,73.6
1784036677.043,71,6.539,-2.716,1.524,0.0,11.6,63.9
1784036677.043,71,7.34,-3.01,1.228,0.0,18.7,65.3
1784036677.145,72,0.345,0.439,0.248,0.0,12.2,66.0
1784036677.145,72,1.329,0.908,-0.118,0.0,12.9,63.9
1784036677.145,72,1.71,-0.704,0.317,0.0,20.1,69.1
1784036677.145,72,3.444,-1.699,0.577,0.0,11.9,74.3
1784036677.145,72,6.509,-2.716,1.648,0.0,11.5,63.8
1784036677.145,72,7.344,-3.01,1.206,0.0,18.8,65.4
1784036677.145,72,8.417,-0.545,2.235,0.0,11.6,64.7
1784036677.246,73,0.313,-0.443,-0.165,0.0,12.0,66.1
1784036677.246,73,1.362,0.858,-0.121,0.0,13.5,63.3
1784036677.246,73,1.71,-0.704,0.315,0.0,20.0,69.2
1784036677.246,73,3.453,-1.699,0.516,0.0,14.6,72.7
1784036677.246,73,6.511,-2.716,1.637,0.0,11.7,63.7
1784036677.246,73,7.342,-3.01,1.216,0.0,19.1,65.2
1784036677.246,73,8.42,-0.545,2.222,0.0,11.8,64.4
1784036677.352,74,0.513,0.065,-0.084,0.0,11.7,67.5
1784036677.352,74,1.331,0.908,-0.103,0.0,13.9,63.0
1784036677.352,74,1.71,-0.704,0.314,0.0,20.1,69.1
1784036677.352,74,3.452,-1.699,0.525,0.0,13.5,73.4
1784036677.352,74,6.519,-2.716,1.605,0.0,11.4,63.7
1784036677.352,74,7.345,-3.01,1.2,0.0,19.0,65.2
1784036677.352,74,8.42,-0.545,2.225,0.0,11.8,64.4
1784036677.46,75,0.277,0.442,0.049,0.0,12.4,67.9
1784036677.46,75,1.331,0.908,-0.098,0.0,13.6,63.3
1784036677.46,75,1.711,-0.704,0.312,0.0,20.4,68.8
1784036677.46,75,3.452,-1.699,0.527,0.0,12.7,73.8
1784036677.46,75,7.344,-3.01,1.204,0.0,18.8,65.4
1784036677.46,75,8.4,-0.545,2.296,0.0,11.7,64.4
1784036677.563,76,0.315,0.443,0.161,0.0,12.5,67.1
1784036677.563,76,1.363,0.858,-0.116,0.0,14.1,62.8
1784036677.563,76,1.711,-0.704,0.313,0.0,20.2,69.0
1784036677.563,76,3.447,-1.699,0.555,0.0,13.0,73.7
1784036677.563,76,6.525,-2.716,1.582,0.0,11.5,63.6
1784036677.563,76,7.345,-3.01,1.198,0.0,19.0,65.2
1784036677.664,77,0.263,0.443,0.237,0.0,11.3,67.5
1784036677.664,77,1.331,0.908,-0.093,0.0,13.3,63.4
1784036677.664,77,1.711,-0.704,0.314,0.0,20.3,68.9
1784036677.664,77,3.449,-1.699,0.544,0.0,12.8,73.7
1784036677.664,77,6.513,-2.716,1.629,0.0,11.3,63.8
1784036677.664,77,7.348,-3.01,1.176,0.0,18.9,65.3
1784036677.766,78,1.364,0.858,-0.103,0.0,13.2,63.7
1784036677.766,78,1.71,-0.704,0.315,0.0,20.1,69.1
1784036677.766,78,3.451,-1.699,0.531,0.0,12.6,74.2
1784036677.766,78,6.522,-2.716,1.592,0.0,11.6,63.6
1784036677.766,78,7.35,-3.01,1.163,0.0,19.1,65.1
1784036677.867,79,1.364,0.858,-0.103,0.0,13.9,63.0
1784036677.867,79,1.71,-0.704,0.315,0.0,20.3,68.9
1784036677.867,79,3.45,-1.699,0.537,0.0,12.7,74.2
1784036677.867,79,6.527,-2.716,1.574,0.0,11.8,63.5
1784036677.867,79,7.346,-3.01,1.19,0.0,19.0,65.0
1784036677.969,80,1.331,0.908,-0.097,0.0,13.6,63.4
1784036677.969,80,1.71,-0.704,0.316,0.0,20.3,68.9
1784036677.969,80,3.51,-1.577,0.52,0.0,13.0,74.1
1784036677.969,80,6.535,-2.716,1.541,0.0,11.5,63.7
1784036677.969,80,7.345,-3.01,1.199,0.0,18.8,65.3
1784036677.969,80,8.429,-0.545,2.189,0.0,11.4,64.6
1784036678.07,81,0.513,0.098,0.04,0.0,11.5,67.5
1784036678.07,81,1.363,0.858,-0.107,0.0,14.4,62.5
1784036678.07,81,1.71,-0.704,0.315,0.0,20.2,69.0
1784036678.07,81,3.451,-1.699,0.528,0.0,13.2,73.9
1784036678.07,81,6.517,-2.716,1.615,0.0,11.7,63.7
1784036678.07,81,7.341,-3.01,1.219,0.0,18.9,65.3
1784036678.07,81,8.456,-0.545,2.082,0.0,11.6,64.3
1784036678.171,82,0.294,0.461,0.152,0.0,13.1,66.5
1784036678.171,82,0.293,-0.479,-0.084,0.0,13.1,66.5
1784036678.171,82,1.364,0.858,-0.101,0.0,14.7,62.2
1784036678.171,82,1.71,-0.704,0.315,0.0,20.2,69.0
1784036678.171,82,3.453,-1.699,0.518,0.0,12.9,74.2
1784036678.171,82,6.547,-2.716,1.488,0.0,11.7,63.7
1784036678.171,82,7.349,-3.01,1.173,0.0,18.9,65.2
1784036678.171,82,8.427,-0.545,2.196,0.0,11.3,64.7
1784036678.273,83,0.297,0.461,0.146,0.0,13.5,66.6
1784036678.273,83,0.304,-0.479,-0.019,0.0,13.5,66.6
1784036678.273,83,1.364,0.858,-0.105,0.0,14.3,62.6
1784036678.273,83,1.71,-0.704,0.315,0.0,20.3,68.9
1784036678.273,83,3.454,-1.699,0.514,0.0,13.2,74.1
1784036678.273,83,6.515,-2.716,1.622,0.0,11.6,63.6
1784036678.273,83,7.346,-3.01,1.192,0.0,18.9,65.2
1784036678.273,83,8.441,-0.545,2.142,0.0,11.6,64.4
1784036678.376,84,0.33,-0.461,-0.015,0.0,13.6,66.5
1784036678.376,84,1.331,0.908,-0.103,0.0,14.1,62.8
1784036678.376,84,1.711,-0.704,0.312,0.0,20.3,68.8
1784036678.376,84,3.454,-1.699,0.513,0.0,13.2,74.1
1784036678.376,84,6.527,-2.716,1.573,0.0,11.7,63.5
1784036678.376,84,7.345,-3.01,1.198,0.0,19.1,65.1
1784036678.376,84,8.448,-0.545,2.113,0.0,11.7,64.2
1784036678.477,85,1.363,0.858,-0.107,0.0,14.5,62.4
1784036678.477,85,1.711,-0.704,0.312,0.0,20.4,68.8
1784036678.477,85,3.452,-1.699,0.524,0.0,13.2,74.1
1784036678.477,85,6.526,-2.716,1.578,0.0,11.6,63.6
1784036678.477,85,7.345,-3.01,1.195,0.0,19.0,65.2
1784036678.477,85,8.441,-0.545,2.142,0.0,11.7,64.2
1784036678.528,86,0.369,0.42,0.247,0.0,12.4,66.4
1784036678.528,86,0.38,-0.477,-0.028,0.0,12.4,66.4
1784036678.528,86,1.331,0.908,-0.098,0.0,14.1,62.8
1784036678.528,86,1.711,-0.704,0.312,0.0,20.5,68.7
1784036678.528,86,3.457,-1.699,0.489,0.0,13.2,74.2
1784036678.528,86,6.515,-2.716,1.623,0.0,11.5,63.7
1784036678.528,86,7.343,-3.01,1.209,0.0,18.9,65.3
1784036678.528,86,8.431,-0.545,2.183,0.0,11.7,64.2
1784036678.681,87,0.337,0.42,0.288,0.0,13.1,66.3
1784036678.681,87,0.375,-0.477,-0.072,0.0,13.1,66.3
1784036678.681,87,1.331,0.908,-0.097,0.0,13.3,63.5
1784036678.681,87,1.711,-0.704,0.313,0.0,20.2,69.0
1784036678.681,87,3.451,-1.699,0.532,0.0,12.8,74.3
1784036678.681,87,6.492,-2.716,1.712,0.0,11.4,63.8
1784036678.681,87,7.346,-3.01,1.19,0.0,19.0,65.3
1784036678.681,87,8.43,-0.545,2.185,0.0,11.6,64.2
1784036678.782,88,0.335,0.42,0.291,0.0,13.7,65.7
1784036678.782,88,0.371,-0.477,-0.09,0.0,13.7,65.7
1784036678.782,88,1.363,0.858,-0.11,0.0,13.8,63.0
1784036678.782,88,1.711,-0.704,0.311,0.0,20.2,68.9
1784036678.782,88,3.45,-1.699,0.538,0.0,13.2,73.9
1784036678.782,88,6.512,-2.716,1.634,0.0,11.4,63.8
1784036678.782,88,7.344,-3.01,1.201,0.0,18.9,65.3
1784036678.782,88,8.447,-0.545,2.118,0.0,11.8,63.9
1784036678.833,89,1.331,0.908,-0.099,0.0,14.2,62.7
1784036678.833,89,1.711,-0.704,0.31,0.0,20.2,69.0
1784036678.833,89,3.454,-1.699,0.509,0.0,12.9,74.4
1784036678.833,89,6.517,-2.716,1.615,0.0,11.4,63.9
1784036678.833,89,7.344,-3.01,1.206,0.0,18.9,65.4
1784036678.833,89,8.44,-0.545,2.145,0.0,11.8,63.8
1784036678.934,90,1.364,0.858,-0.106,0.0,13.6,63.3
1784036678.934,90,1.711,-0.704,0.311,0.0,20.3,68.9
1784036678.934,90,3.455,-1.699,0.504,0.0,12.7,74.6
1784036678.934,90,6.515,-2.716,1.624,0.0,11.3,63.9
1784036678.934,90,7.346,-3.01,1.19,0.0,18.7,65.5
1784036679.037,91,1.363,0.858,-0.114,0.0,14.4,62.4
1784036679.037,91,1.711,-0.704,0.309,0.0,20.2,69.0
1784036679.037,91,3.454,-1.699,0.511,0.0,12.7,74.6
1784036679.037,91,6.539,-2.716,1.523,0.0,11.8,63.7
1784036679.037,91,7.349,-3.01,1.172,0.0,19.1,65.2
1784036679.037,91,8.443,-0.545,2.135,0.0,11.4,64.0
1784036679.14,92,1.363,0.858,-0.114,0.0,14.4,62.5
1784036679.14,92,1.711,-0.704,0.311,0.0,20.3,68.9
1784036679.14,92,3.456,-1.699,0.496,0.0,12.9,74.5
1784036679.14,92,6.531,-2.716,1.557,0.0,11.7,63.7
1784036679.14,92,7.351,-3.01,1.162,0.0,19.0,65.3
1784036679.243,93,1.33,0.908,-0.107,0.0,14.3,62.6
1784036679.243,93,1.711,-0.704,0.313,0.0,20.5,68.7
1784036679.243,93,3.457,-1.699,0.489,0.0,13.4,74.0
1784036679.243,93,6.524,-2.716,1.584,0.0,11.3,64.0
1784036679.243,93,7.352,-3.01,1.155,0.0,18.6,65.6
1784036679.243,93,8.481,-0.545,1.979,0.0,11.5,63.8
1784036679.344,94,1.362,0.858,-0.118,0.0,14.1,62.7
1784036679.344,94,1.71,-0.704,0.314,0.0,20.4,68.8
1784036679.344,94,3.455,-1.699,0.507,0.0,13.8,73.6
1784036679.344,94,6.526,-2.716,1.579,0.0,11.4,63.9
1784036679.344,94,7.349,-3.01,1.17,0.0,18.8,65.5
1784036679.344,94,8.477,-0.545,1.993,0.0,11.5,63.9
1784036679.446,95,0.289,0.408,0.268,0.0,11.4,67.2
1784036679.446,95,1.363,0.858,-0.11,0.0,13.5,63.3
1784036679.446,95,1.711,-0.704,0.314,0.0,20.2,69.0
1784036679.446,95,3.455,-1.699,0.502,0.0,13.7,73.8
1784036679.446,95,6.52,-2.716,1.602,0.0,11.3,64.0
1784036679.446,95,7.348,-3.01,1.176,0.0,18.7,65.6
1784036679.547,96,1.331,0.908,-0.099,0.0,14.2,62.7
1784036679.547,96,1.711,-0.704,0.312,0.0,19.8,69.4
1784036679.547,96,3.456,-1.699,0.501,0.0,13.4,74.1
1784036679.547,96,7.349,-3.01,1.17,0.0,18.6,65.8
1784036679.649,97,1.363,0.858,-0.107,0.0,14.6,62.3
1784036679.649,97,1.711,-0.704,0.314,0.0,20.3,68.9
1784036679.649,97,3.454,-1.699,0.509,0.0,13.1,74.2
1784036679.649,97,6.515,-2.716,1.623,0.0,11.6,64.0
1784036679.649,97,7.349,-3.01,1.173,0.0,18.9,65.5
1784036679.751,98,1.363,0.858,-0.109,0.0,14.5,62.3
1784036679.751,98,1.711,-0.704,0.313,0.0,20.1,69.1
1784036679.751,98,3.455,-1.699,0.502,0.0,14.3,73.1
1784036679.751,98,6.515,-2.716,1.622,0.0,11.8,63.6
1784036679.751,98,7.344,-3.01,1.205,0.0,19.3,65.2
1784036679.852,99,1.363,0.858,-0.117,0.0,13.9,63.0
1784036679.852,99,1.711,-0.704,0.313,0.0,20.0,69.2
1784036679.852,99,3.453,-1.699,0.518,0.0,13.0,74.3
1784036679.852,99,6.533,-2.716,1.549,0.0,11.7,63.8
1784036679.852,99,7.344,-3.01,1.202,0.0,18.9,65.5
1784036679.954,100,1.363,0.858,-0.108,0.0,13.8,63.1
1784036679.954,100,1.711,-0.704,0.313,0.0,20.1,69.1
1784036679.954,100,3.449,-1.699,0.547,0.0,13.0,74.3
1784036679.954,100,7.346,-3.01,1.19,0.0,18.7,65.6
1784036680.057,101,1.33,0.908,-0.111,0.0,14.8,62.1
1784036680.057,101,1.71,-0.704,0.316,0.0,20.5,68.7
1784036680.057,101,3.456,-1.699,0.496,0.0,14.2,73.3
1784036680.057,101,6.503,-2.716,1.669,0.0,11.4,64.1
1784036680.057,101,7.348,-3.01,1.179,0.0,18.7,65.6
1784036680.158,102,1.363,0.858,-0.112,0.0,14.5,62.4
1784036680.158,102,1.71,-0.704,0.317,0.0,20.3,68.9
1784036680.158,102,2.138,-0.709,0.272,0.0,11.3,74.2
1784036680.158,102,1.767,1.418,0.114,0.0,11.3,74.2
1784036680.158,102,3.451,-1.699,0.532,0.0,13.4,73.8
1784036680.158,102,6.519,-2.716,1.607,0.0,11.6,63.7
1784036680.158,102,7.349,-3.01,1.173,0.0,18.9,65.3
1784036680.261,103,1.364,0.858,-0.105,0.0,14.9,62.0
1784036680.261,103,1.71,-0.704,0.315,0.0,20.4,68.8
1784036680.261,103,3.454,-1.699,0.51,0.0,13.4,73.7
1784036680.261,103,6.527,-2.716,1.571,0.0,11.6,63.7
1784036680.261,103,7.345,-3.01,1.196,0.0,19.1,65.2
1784036680.366,104,1.362,0.858,-0.124,0.0,13.6,63.3
1784036680.366,104,1.71,-0.704,0.314,0.0,20.0,69.2
1784036680.366,104,3.457,-1.699,0.494,0.0,13.2,74.1
1784036680.366,104,6.527,-2.716,1.572,0.0,11.5,63.8
1784036680.366,104,7.349,-3.01,1.17,0.0,19.0,65.4
1784036680.468,105,1.363,0.858,-0.114,0.0,13.7,63.2
1784036680.468,105,1.71,-0.704,0.314,0.0,20.2,69.0
1784036680.468,105,3.456,-1.699,0.496,0.0,13.4,73.8
1784036680.468,105,6.511,-2.716,1.64,0.0,11.6,63.8
1784036680.468,105,7.347,-3.01,1.184,0.0,19.1,65.3
1784036680.573,106,1.363,0.858,-0.116,0.0,14.6,62.4
1784036680.573,106,1.711,-0.704,0.313,0.0,20.5,68.7
1784036680.573,106,3.453,-1.699,0.517,0.0,13.0,74.1
1784036680.573,106,6.513,-2.716,1.628,0.0,11.3,64.0
1784036680.573,106,7.347,-3.01,1.185,0.0,18.9,65.4
1784036680.626,107,1.33,0.908,-0.107,0.0,14.0,62.9
1784036680.626,107,1.71,-0.704,0.315,0.0,20.2,69.0
1784036680.626,107,3.456,-1.699,0.496,0.0,13.5,73.8
1784036680.626,107,6.525,-2.716,1.58,0.0,11.2,64.0
1784036680.626,107,7.349,-3.01,1.175,0.0,18.9,65.5
1784036680.778,108,1.362,0.858,-0.124,0.0,13.8,63.0
1784036680.778,108,1.711,-0.704,0.313,0.0,19.9,69.3
1784036680.778,108,3.452,-1.699,0.522,0.0,12.8,74.4
1784036680.778,108,6.523,-2.716,1.589,0.0,11.2,64.1
1784036680.778,108,7.348,-3.01,1.18,0.0,18.9,65.6
1784036680.778,108,8.445,-0.271,1.998,0.0,11.2,64.1
1784036680.88,109,1.33,0.908,-0.109,0.0,13.7,63.2
1784036680.88,109,1.711,-0.704,0.313,0.0,19.9,69.2
1784036680.88,109,3.453,-1.699,0.519,0.0,14.0,73.2
1784036680.88,109,6.526,-2.716,1.578,0.0,11.3,64.1
1784036680.88,109,7.347,-3.01,1.182,0.0,18.8,65.6
1784036680.932,110,1.363,0.858,-0.117,0.0,13.9,63.0
1784036680.932,110,1.71,-0.704,0.314,0.0,20.0,69.2
1784036680.932,110,3.512,-1.577,0.508,0.0,14.0,73.2
1784036680.932,110,7.347,-3.01,1.186,0.0,18.7,65.6
1784036681.035,111,1.363,0.858,-0.108,0.0,13.8,63.0
1784036681.035,111,1.711,-0.704,0.312,0.0,20.1,69.0
1784036681.035,111,3.451,-1.699,0.531,0.0,14.1,73.1
1784036681.035,111,6.511,-2.716,1.639,0.0,11.6,63.7
1784036681.035,111,7.344,-3.01,1.203,0.0,19.2,65.2
1784036681.141,112,1.362,0.858,-0.119,0.0,14.1,62.7
1784036681.141,112,1.711,-0.704,0.314,0.0,20.2,69.0
1784036681.141,112,3.456,-1.699,0.496,0.0,14.6,72.7
1784036681.141,112,6.537,-2.716,1.53,0.0,11.6,63.8
1784036681.141,112,7.35,-3.01,1.165,0.0,18.9,65.4
1784036681.244,113,1.329,0.908,-0.118,0.0,14.2,62.7
1784036681.244,113,1.71,-0.704,0.315,0.0,20.1,69.1
1784036681.244,113,3.454,-1.699,0.51,0.0,13.9,73.4
1784036681.244,113,6.542,-2.716,1.511,0.0,11.7,63.7
1784036681.244,113,7.35,-3.01,1.166,0.0,18.9,65.4
1784036681.346,114,0.287,0.443,0.207,0.0,11.3,67.2
1784036681.346,114,1.33,0.908,-0.111,0.0,14.1,62.8
1784036681.346,114,1.711,-0.704,0.313,0.0,20.3,68.9
1784036681.346,114,3.452,-1.699,0.525,0.0,14.3,72.9
1784036681.346,114,6.538,-2.716,1.527,0.0,11.8,63.7
1784036681.346,114,7.352,-3.01,1.151,0.0,19.0,65.3
1784036681.447,115,1.33,0.908,-0.111,0.0,14.5,62.4
1784036681.447,115,1.711,-0.704,0.314,0.0,20.1,69.1
1784036681.447,115,3.45,-1.699,0.539,0.0,13.9,73.1
1784036681.447,115,6.512,-2.716,1.635,0.0,11.4,63.9
1784036681.447,115,7.352,-3.01,1.15,0.0,18.8,65.5
1784036681.548,116,1.363,0.858,-0.114,0.0,13.8,63.1
1784036681.548,116,1.711,-0.704,0.312,0.0,20.4,68.9
1784036681.548,116,3.455,-1.699,0.507,0.0,14.3,72.9
1784036681.548,116,6.508,-2.716,1.648,0.0,11.5,63.8
1784036681.548,116,7.348,-3.01,1.177,0.0,18.8,65.5
1784036681.65,117,1.33,0.908,-0.11,0.0,14.2,62.6
1784036681.65,117,1.711,-0.704,0.312,0.0,20.9,68.4
1784036681.65,117,3.456,-1.699,0.499,0.0,14.0,73.1
1784036681.65,117,6.511,-2.716,1.637,0.0,11.4,63.9
1784036681.65,117,7.35,-3.01,1.163,0.0,18.9,65.4
1784036681.753,118,0.322,0.439,0.277,0.0,11.8,65.6
1784036681.753,118,0.356,-0.496,-0.013,0.0,11.8,65.6
1784036681.753,118,1.33,0.908,-0.113,0.0,14.0,62.9
1784036681.753,118,1.711,-0.704,0.313,0.0,20.1,69.1
1784036681.753,118,3.456,-1.699,0.5,0.0,13.5,73.8
1784036681.753,118,6.497,-2.716,1.691,0.0,11.4,63.9
1784036681.753,118,7.349,-3.01,1.174,0.0,19.0,65.3
1784036681.855,119,1.363,0.858,-0.111,0.0,13.9,62.9
1784036681.855,119,1.711,-0.704,0.312,0.0,19.8,69.4
1784036681.855,119,3.451,-1.699,0.53,0.0,13.4,73.8
1784036681.855,119,6.497,-2.716,1.691,0.0,11.6,63.5
1784036681.855,119,7.346,-3.01,1.192,0.0,19.2,65.0
1784036681.959,120,1.363,0.858,-0.109,0.0,13.5,63.3
1784036681.959,120,1.711,-0.704,0.31,0.0,20.0,69.2
1784036681.959,120,3.511,-1.577,0.514,0.0,14.2,73.1
1784036681.959,120,6.501,-2.716,1.677,0.0,11.3,63.8
1784036681.959,120,7.35,-3.01,1.168,0.0,19.0,65.2
1784036682.06,121,1.363,0.858,-0.111,0.0,13.7,63.1
1784036682.06,121,1.711,-0.704,0.314,0.0,20.0,69.2
1784036682.06,121,3.508,-1.577,0.529,0.0,14.3,72.8
1784036682.06,121,6.513,-2.716,1.631,0.0,11.5,63.7
1784036682.06,121,7.348,-3.01,1.177,0.0,19.2,65.1
1784036682.163,122,1.363,0.858,-0.112,0.0,14.2,62.6
1784036682.163,122,1.711,-0.704,0.313,0.0,20.1,69.1
1784036682.163,122,3.452,-1.699,0.525,0.0,14.6,72.6
1784036682.163,122,6.505,-2.716,1.661,0.0,11.7,63.5
1784036682.163,122,7.351,-3.01,1.162,0.0,19.3,64.9
1784036682.266,123,1.362,0.858,-0.127,0.0,13.9,62.9
1784036682.266,123,1.711,-0.704,0.313,0.0,20.1,69.0
1784036682.266,123,3.51,-1.577,0.517,0.0,14.2,72.9
1784036682.266,123,6.523,-2.716,1.589,0.0,11.4,63.6
1784036682.266,123,7.352,-3.01,1.155,0.0,19.1,65.1
1784036682.369,124,0.294,0.425,0.232,0.0,12.1,66.8
1784036682.369,124,1.362,0.858,-0.124,0.0,13.9,62.8
1784036682.369,124,1.711,-0.704,0.311,0.0,20.0,69.2
1784036682.369,124,3.452,-1.699,0.524,0.0,14.8,72.4
1784036682.369,124,7.355,-3.01,1.135,0.0,18.9,65.3
1784036682.472,125,0.299,0.425,0.227,0.0,11.3,66.8
1784036682.472,125,1.33,0.908,-0.112,0.0,13.8,63.0
1784036682.472,125,1.711,-0.704,0.313,0.0,20.0,69.3
1784036682.472,125,3.451,-1.699,0.53,0.0,14.6,72.6
1784036682.472,125,7.353,-3.01,1.146,0.0,18.9,65.3
1784036682.574,126,1.362,0.858,-0.122,0.0,14.1,62.8
1784036682.574,126,1.711,-0.704,0.312,0.0,20.0,69.2
1784036682.574,126,3.454,-1.699,0.511,0.0,13.5,73.6
1784036682.574,126,7.352,-3.01,1.154,0.0,18.8,65.4
1784036682.678,127,1.329,0.908,-0.122,0.0,14.4,62.5
1784036682.678,127,1.711,-0.704,0.313,0.0,20.2,69.0
1784036682.678,127,3.453,-1.699,0.515,0.0,12.7,74.6
1784036682.678,127,6.509,-2.716,1.646,0.0,11.3,63.7
1784036682.678,127,7.353,-3.01,1.146,0.0,19.0,65.2
1784036682.73,128,1.329,0.908,-0.118,0.0,14.0,62.9
1784036682.73,128,1.711,-0.704,0.313,0.0,20.2,69.0
1784036682.73,128,3.453,-1.699,0.517,0.0,13.7,73.5
1784036682.73,128,6.537,-2.716,1.531,0.0,11.4,63.8
1784036682.73,128,7.347,-3.01,1.186,0.0,18.9,65.3
1784036682.833,129,0.328,0.477,0.195,0.0,12.2,65.8
1784036682.833,129,1.331,0.908,-0.1,0.0,13.4,63.4
1784036682.833,129,1.711,-0.704,0.313,0.0,20.3,68.9
1784036682.833,129,3.453,-1.699,0.517,0.0,12.6,74.5
1784036682.833,129,6.515,-2.716,1.624,0.0,11.6,63.6
1784036682.833,129,7.345,-3.01,1.199,0.0,19.1,65.1
1784036682.985,130,0.322,0.496,0.151,0.0,12.6,65.3
1784036682.985,130,1.364,0.858,-0.102,0.0,13.2,63.6
1784036682.985,130,1.711,-0.704,0.313,0.0,20.3,68.9
1784036682.985,130,3.453,-1.699,0.515,0.0,13.1,74.2
1784036682.985,130,6.502,-2.716,1.672,0.0,11.3,64.0
1784036682.985,130,7.343,-3.01,1.208,0.0,18.7,65.5
1784036683.038,131,1.362,0.858,-0.12,0.0,13.4,63.4
1784036683.038,131,1.711,-0.704,0.314,0.0,20.1,69.1
1784036683.038,131,3.454,-1.699,0.509,0.0,13.5,73.7
1784036683.038,131,6.529,-2.716,1.566,0.0,11.2,63.9
1784036683.038,131,7.346,-3.01,1.191,0.0,18.8,65.5
1784036683.14,132,1.331,0.908,-0.103,0.0,14.4,62.4
1784036683.14,132,1.711,-0.704,0.313,0.0,20.2,69.0
1784036683.14,132,3.443,-1.699,0.578,0.0,12.8,74.3
1784036683.14,132,6.501,-2.716,1.677,0.0,11.3,63.8
1784036683.14,132,7.34,-3.01,1.229,0.0,19.1,65.4
1784036683.243,133,1.359,0.858,-0.152,0.0,13.6,63.3
1784036683.243,133,1.711,-0.704,0.31,0.0,19.8,69.4
1784036683.243,133,3.444,-1.699,0.574,0.0,11.7,74.9
1784036683.243,133,7.343,-3.01,1.207,0.0,18.6,65.7
1784036683.345,134,0.512,0.21,-0.259,0.0,12.0,65.7
1784036683.345,134,1.329,0.908,-0.123,0.0,14.6,62.3
1784036683.345,134,1.712,-0.704,0.307,0.0,20.0,69.2
1784036683.345,134,3.381,-1.82,0.576,0.0,11.2,74.6
1784036683.345,134,7.34,-3.01,1.226,0.0,18.2,65.9
1784036683.447,135,1.329,0.908,-0.123,0.0,14.0,62.8
1784036683.447,135,1.711,-0.704,0.31,0.0,20.3,68.9
1784036683.447,135,3.448,-1.699,0.549,0.0,12.7,74.5
1784036683.447,135,7.342,-3.01,1.216,0.0,18.3,65.5
1784036683.549,136,1.361,0.858,-0.139,0.0,12.8,64.1
1784036683.549,136,1.711,-0.704,0.312,0.0,19.8,69.3
1784036683.549,136,3.444,-1.699,0.573,0.0,11.9,74.6
1784036683.549,136,6.499,-2.716,1.683,0.0,11.3,63.9
1784036683.549,136,7.349,-3.01,1.171,0.0,18.4,65.3
1784036683.65,137,1.329,0.908,-0.121,0.0,13.5,63.2
1784036683.65,137,1.711,-0.704,0.309,0.0,19.7,69.5
1784036683.65,137,3.39,-1.82,0.522,0.0,12.2,74.1
1784036683.65,137,7.342,-3.01,1.218,0.0,17.6,65.9
1784036683.75,138,1.328,0.908,-0.135,0.0,14.7,62.2
1784036683.75,138,1.711,-0.704,0.31,0.0,20.2,69.0
1784036683.75,138,3.452,-1.699,0.526,0.0,12.8,74.6
1784036683.75,138,6.541,-2.716,1.514,0.0,11.2,64.1
1784036683.75,138,7.343,-3.01,1.208,0.0,17.9,65.5
1784036683.853,139,1.362,0.858,-0.125,0.0,13.4,63.5
1784036683.853,139,1.711,-0.704,0.309,0.0,19.8,69.4
1784036683.853,139,3.373,-1.82,0.622,0.0,11.9,74.3
1784036683.853,139,7.346,-3.01,1.191,0.0,17.7,65.7
1784036683.955,140,1.328,0.908,-0.136,0.0,13.8,63.0
1784036683.955,140,1.711,-0.704,0.311,0.0,19.6,69.6
1784036683.955,140,3.397,-1.82,0.476,0.0,15.0,72.2
1784036683.955,140,7.333,-3.01,1.268,0.0,17.9,65.9
1784036684.058,141,1.327,0.908,-0.138,0.0,14.2,62.6
1784036684.058,141,1.711,-0.704,0.31,0.0,19.7,69.5
1784036684.058,141,3.452,-1.699,0.526,0.0,14.2,73.0
1784036684.058,141,7.336,-3.01,1.252,0.0,17.9,65.9
1784036684.058,141,4.004,-1.336,0.683,-0.243,22.2,54.7
1784036684.158,142,1.328,0.908,-0.133,0.0,13.8,62.9
1784036684.158,142,1.711,-0.704,0.314,0.0,20.0,69.2
1784036684.158,142,3.384,-1.82,0.561,0.0,13.0,73.4
1784036684.158,142,6.519,-2.716,1.604,0.0,11.3,64.2
1784036684.158,142,7.332,-3.01,1.275,0.0,18.0,65.6
1784036684.158,142,3.912,-1.322,0.928,-0.325,18.7,51.9
1784036684.26,143,1.36,0.858,-0.142,0.0,14.1,62.7
1784036684.26,143,1.712,-0.704,0.308,0.0,19.8,69.4
1784036684.26,143,3.392,-1.82,0.509,0.0,14.1,72.9
1784036684.26,143,7.323,-3.01,1.325,0.0,17.6,66.2
1784036684.26,143,3.939,-1.455,0.527,-0.568,19.2,48.9
1784036684.26,143,3.906,-1.309,0.756,-0.406,22.4,51.3
1784036684.362,144,1.329,0.908,-0.123,0.0,14.7,62.1
1784036684.362,144,1.711,-0.704,0.311,0.0,19.8,69.3
1784036684.362,144,3.445,-1.699,0.572,0.0,14.0,72.6
1784036684.362,144,7.329,-3.01,1.291,0.0,18.0,66.1
1784036684.362,144,3.889,-1.166,0.834,-0.568,19.2,49.4
1784036684.362,144,3.814,-1.425,0.774,-0.568,19.2,49.4
1784036684.465,145,1.328,0.908,-0.13,0.0,14.5,62.4
1784036684.465,145,1.711,-0.704,0.312,0.0,19.7,69.5
1784036684.465,145,3.389,-1.82,0.531,0.0,14.0,72.9
1784036684.465,145,7.331,-3.01,1.281,0.0,18.1,65.7
1784036684.465,145,3.848,-1.282,0.606,-0.568,21.2,50.2
1784036684.567,146,1.361,0.858,-0.138,0.0,13.9,62.9
1784036684.567,146,1.712,-0.704,0.306,0.0,19.6,69.6
1784036684.567,146,3.385,-1.82,0.553,0.0,13.8,72.8
1784036684.567,146,7.325,-3.01,1.314,0.0,17.6,66.1
1784036684.567,146,3.812,-1.282,0.804,-0.649,16.2,52.3
1784036684.668,147,1.325,0.908,-0.158,0.0,13.1,63.8
1784036684.668,147,1.711,-0.704,0.311,0.0,19.8,69.3
1784036684.668,147,3.383,-1.82,0.563,0.0,13.4,73.2
1784036684.668,147,7.336,-3.01,1.251,0.0,18.0,65.6
1784036684.668,147,3.332,-2.132,0.681,0.568,24.0,51.9
1784036684.668,147,0.514,0.57,0.313,-0.487,19.4,50.5
1784036684.668,147,3.559,-0.927,0.478,-0.487,16.0,53.7
1784036684.668,147,4.272,-1.575,0.502,-0.162,13.5,55.8
1784036684.769,148,1.327,0.908,-0.144,0.0,13.2,63.7
1784036684.769,148,1.71,-0.704,0.314,0.0,19.9,69.3
1784036684.769,148,3.453,-1.699,0.521,0.0,13.6,73.3
1784036684.769,148,6.521,-2.716,1.598,0.0,11.9,63.7
1784036684.769,148,7.351,-3.01,1.162,0.0,18.4,65.2
1784036684.769,148,3.635,-0.949,0.54,-0.649,23.0,53.0
1784036684.87,149,1.359,0.858,-0.154,0.0,14.6,62.2
1784036684.87,149,1.71,-0.704,0.318,0.0,19.8,69.4
1784036684.87,149,3.384,-1.82,0.557,0.0,14.5,72.6
1784036684.87,149,7.342,-3.01,1.216,0.0,18.5,65.7
1784036684.87,149,3.203,-1.876,0.547,0.568,28.3,53.9
1784036684.87,149,3.48,-0.905,0.429,-0.568,17.4,51.5
1784036684.972,150,1.357,0.858,-0.17,0.0,12.9,63.9
1784036684.972,150,1.709,-0.704,0.321,0.0,19.8,69.3
1784036684.972,150,3.38,-1.82,0.582,0.0,12.9,73.4
1784036684.972,150,7.346,-3.01,1.193,0.0,19.0,65.6
1784036684.972,150,3.094,-1.811,0.509,0.568,22.7,51.5
1784036684.972,150,3.498,-0.916,0.595,-0.487,25.5,55.0
1784036684.972,150,3.971,3.869,0.968,-0.487,12.6,53.7
1784036684.972,150,1.244,1.737,0.075,-0.162,23.6,59.3
1784036685.074,151,1.359,0.858,-0.15,0.0,13.2,63.3
1784036685.074,151,1.709,-0.704,0.322,0.0,20.1,69.1
1784036685.074,151,3.451,-1.699,0.534,0.0,14.4,72.7
1784036685.074,151,7.347,-3.01,1.185,0.0,18.6,65.7
1784036685.074,151,3.447,-0.894,0.346,-0.487,24.2,53.7
1784036685.126,152,1.331,0.908,-0.101,0.0,13.2,63.8
1784036685.126,152,1.71,-0.704,0.317,0.0,19.7,69.4
1784036685.126,152,3.445,-1.699,0.568,0.0,14.4,72.7
1784036685.126,152,6.483,-2.716,1.747,0.0,11.5,63.9
1784036685.126,152,7.345,-3.01,1.199,0.0,19.0,65.4
1784036685.126,152,3.331,-0.873,0.569,-0.487,24.0,52.3
1784036685.126,152,1.207,1.702,0.183,-0.406,25.6,51.2
1784036685.126,152,3.448,-0.916,0.837,-0.406,21.8,57.9
1784036685.278,153,1.325,0.908,-0.16,0.0,13.5,63.7
1784036685.278,153,1.709,-0.704,0.32,0.0,19.6,69.6
1784036685.278,153,3.446,-1.699,0.566,0.0,13.8,72.5
1784036685.278,153,5.523,-2.307,1.419,0.0,11.4,64.3
1784036685.278,153,6.518,-2.49,1.941,0.0,12.2,63.3
1784036685.278,153,7.345,-3.01,1.198,0.0,19.7,64.8
1784036685.278,153,0.243,0.405,-0.085,0.162,14.0,59.6
1784036685.278,153,3.365,-0.764,0.526,-0.406,20.2,55.1
1784036685.278,153,1.698,1.756,0.049,-0.325,13.9,60.5
1784036685.278,153,2.423,-0.305,0.085,-0.325,13.9,60.5
1784036685.278,153,3.456,-0.905,0.593,-0.325,17.7,61.0
1784036685.278,153,1.344,1.538,0.183,-0.243,24.3,56.3
1784036685.278,153,1.881,-0.513,0.635,-0.243,24.3,56.3
1784036685.278,153,3.337,-0.646,0.573,-0.243,18.0,59.5
1784036685.278,153,3.642,3.951,1.16,-0.162,16.2,54.0
1784036685.379,154,1.36,0.858,-0.141,0.0,13.1,64.1
1784036685.379,154,1.709,-0.704,0.32,0.0,20.0,69.2
1784036685.379,154,3.391,-1.82,0.517,0.0,15.1,72.2
1784036685.379,154,6.521,-2.716,1.599,0.0,11.4,63.4
1784036685.379,154,7.346,-3.01,1.193,0.0,19.4,65.0
1784036685.379,154,1.345,1.538,0.178,-0.243,23.9,55.7
1784036685.379,154,3.346,-1.006,0.77,-0.243,16.8,62.5
1784036685.379,154,0.245,0.307,0.011,-0.081,13.3,68.1
1784036685.43,155,1.382,0.881,-0.25,0.0,14.2,62.8
1784036685.43,155,1.709,-0.704,0.321,0.0,20.8,68.4
1784036685.43,155,3.383,-1.82,0.566,0.0,15.7,71.3
1784036685.43,155,6.504,-2.716,1.666,0.0,11.4,63.6
1784036685.43,155,7.342,-3.01,1.215,0.0,19.4,65.1
1784036685.43,155,0.284,0.27,-0.026,0.081,15.3,68.5
1784036685.43,155,2.877,-1.68,0.435,0.568,23.7,51.0
1784036685.43,155,1.358,1.442,0.319,-0.325,27.7,52.3
1784036685.43,155,3.352,-1.006,0.743,-0.162,14.8,63.3
1784036685.537,156,1.708,-0.704,0.326,0.0,24.6,64.6
1784036685.537,156,3.383,-1.82,0.566,0.0,16.0,70.3
1784036685.537,156,5.485,-2.307,1.562,0.0,12.1,62.4
1784036685.537,156,6.502,-2.716,1.674,0.0,11.8,63.2
1784036685.537,156,7.349,-3.01,1.174,0.0,19.4,64.9
1784036685.537,156,3.237,-0.84,0.318,-0.649,27.8,51.9
1784036685.537,156,0.633,0.659,-0.07,-0.325,15.2,59.2
1784036685.537,156,1.576,1.166,0.116,-0.325,24.7,52.6
1784036685.537,156,1.582,-0.798,0.847,-0.325,24.7,52.6
1784036685.537,156,1.754,-0.78,0.014,-0.243,20.5,56.9
1784036685.537,156,0.259,0.294,-0.015,-0.081,17.2,70.3
1784036685.639,157,1.712,-0.704,0.308,0.0,25.4,63.7
1784036685.639,157,3.453,-1.699,0.516,0.0,17.3,70.1
1784036685.639,157,6.523,-2.716,1.589,0.0,12.1,63.6
1784036685.639,157,7.443,-2.76,1.198,0.0,19.2,65.2
1784036685.639,157,0.506,0.23,0.111,0.162,16.8,57.0
1784036685.639,157,3.347,-0.994,0.549,-0.325,16.8,62.7
1784036685.639,157,0.689,0.573,0.192,-0.243,15.1,59.2
1784036685.639,157,1.544,1.14,0.022,-0.243,17.8,56.2
1784036685.639,157,0.284,0.27,-0.02,-0.081,20.7,73.4
1784036685.742,158,0.251,0.229,0.079,0.0,17.6,75.2
1784036685.742,158,1.686,-0.762,0.308,0.0,23.7,65.7
1784036685.742,158,3.382,-1.82,0.571,0.0,15.6,70.9
1784036685.742,158,5.373,-2.499,1.652,0.0,12.0,62.8
1784036685.742,158,6.523,-2.49,1.924,0.0,11.3,63.9
1784036685.742,158,7.336,-3.01,1.251,0.0,18.7,65.2
1784036685.742,158,3.182,-0.829,0.428,-0.487,27.1,50.1
1784036685.742,158,0.707,0.491,0.142,-0.162,16.6,61.8
1784036685.742,158,3.608,-1.756,-0.108,-0.162,11.7,61.6
1784036685.742,158,0.525,0.177,0.12,-0.081,13.3,70.5
1784036685.845,159,1.695,-0.762,0.259,0.0,24.0,65.1
1784036685.845,159,3.388,-1.82,0.537,0.0,16.0,70.1
1784036685.845,159,5.454,-2.307,1.665,0.0,11.3,63.3
1784036685.845,159,7.344,-3.01,1.203,0.0,18.4,66.0
1784036685.845,159,0.294,0.258,0.036,0.081,21.1,73.5
1784036685.845,159,3.022,-0.785,0.344,-0.487,21.7,51.6
1784036685.845,159,3.136,-0.818,0.453,-0.487,25.4,51.4
1784036685.845,159,3.176,-1.077,0.797,-0.325,17.5,60.5
1784036685.845,159,0.488,0.147,0.12,-0.081,23.5,67.5
1784036685.845,159,1.544,1.14,0.054,-0.081,26.3,61.2
1784036685.947,160,0.547,0.106,0.104,0.0,22.2,70.0
1784036685.947,160,1.732,-0.704,0.153,0.0,25.6,63.6
1784036685.947,160,1.962,0.188,-0.376,0.0,11.6,66.5
1784036685.947,160,3.458,-1.699,0.481,0.0,17.9,69.8
1784036685.947,160,7.451,-2.76,1.144,0.0,17.8,66.2
1784036685.947,160,8.426,-0.273,2.25,0.0,11.6,63.3
1784036685.947,160,0.332,0.209,-0.019,0.081,24.9,74.8
1784036685.947,160,0.755,0.515,0.067,0.162,11.6,63.5
1784036685.947,160,1.838,1.603,0.146,0.162,14.7,65.4
1784036685.947,160,0.824,0.564,0.096,0.243,16.3,60.4
1784036685.947,160,3.432,-3.134,-2.503,-0.487,13.0,53.7
1784036685.947,160,2.984,-0.796,0.776,-0.406,28.5,51.3
1784036686.052,161,1.708,-0.645,0.43,0.0,24.7,64.9
1784036686.052,161,2.002,0.125,-0.071,0.0,14.5,67.3
1784036686.052,161,2.066,-0.425,-0.834,0.0,12.7,71.9
1784036686.052,161,3.427,-1.699,0.668,0.0,17.2,69.6
1784036686.052,161,7.303,-3.01,1.431,0.0,18.8,65.5
1784036686.052,161,0.537,0.106,0.148,0.081,23.8,68.1
1784036686.052,161,0.346,0.184,0.019,0.162,17.7,75.3
1784036686.052,161,0.646,0.278,0.236,0.243,12.2,66.7
1784036686.052,161,0.5,0.487,-0.251,0.243,12.2,66.7
1784036686.052,161,1.994,-1.222,0.708,0.243,17.0,65.0
1784036686.052,161,1.84,1.527,0.5,0.243,17.0,65.0
1784036686.052,161,1.045,0.515,0.173,0.325,11.7,58.7
1784036686.052,161,0.85,0.502,0.182,0.487,20.7,58.1
1784036686.052,161,2.954,-0.785,0.724,-0.649,28.6,51.4
1784036686.052,161,1.775,0.3,-0.668,-0.162,33.7,50.8
1784036686.154,162,1.615,-0.802,0.328,0.0,23.6,64.3
1784036686.154,162,1.961,-0.284,-1.105,0.0,12.1,71.3
1784036686.154,162,3.447,-1.699,0.553,0.0,16.9,69.4
1784036686.154,162,5.422,-2.499,1.482,0.0,11.8,63.6
1784036686.154,162,7.199,-2.7,1.599,0.0,11.6,64.3
1784036686.154,162,7.434,-2.76,1.25,0.0,18.8,65.2
1784036686.154,162,0.507,0.082,0.104,0.243,31.6,56.2
1784036686.154,162,0.388,0.15,0.131,0.325,18.7,73.8
1784036686.154,162,0.637,0.371,0.079,0.325,11.6,65.5
1784036686.154,162,0.688,0.093,0.262,0.325,11.6,65.5
1784036686.154,162,1.803,1.227,0.02,0.325,16.2,61.4
1784036686.154,162,1.913,-1.023,-0.234,0.325,16.2,61.4
1784036686.154,162,2.086,1.423,0.16,0.406,22.3,64.8
1784036686.154,162,0.379,0.285,0.076,0.487,16.5,66.4
1784036686.154,162,4.174,-1.702,0.516,0.568,16.5,54.5
1784036686.154,162,0.885,0.84,0.057,-0.649,15.4,54.2
1784036686.154,162,0.681,0.721,0.151,-0.487,24.8,54.4
1784036686.154,162,1.153,1.192,0.005,-0.487,15.1,52.4
1784036686.154,162,1.679,-0.821,0.166,-0.081,27.7,60.7
1784036686.259,163,1.714,-0.762,0.026,0.0,24.2,65.9
1784036686.259,163,2.125,-0.425,-0.67,0.0,13.8,70.9
1784036686.259,163,3.458,-1.699,0.483,0.0,16.8,69.7
1784036686.259,163,7.109,-3.19,0.981,0.0,12.6,63.6
1784036686.259,163,7.341,-3.01,1.22,0.0,19.1,64.8
1784036686.259,163,2.519,-1.599,0.401,0.162,14.9,61.6
1784036686.259,163,0.61,-0.019,0.021,0.406,28.4,57.3
1784036686.259,163,0.466,0.105,0.045,0.487,20.8,71.7
1784036686.259,163,5.264,-3.43,1.487,0.568,11.8,54.6
1784036686.362,164,1.693,-0.645,0.488,0.0,16.4,72.9
1784036686.362,164,3.4,-1.82,0.455,0.0,14.8,71.4
1784036686.362,164,6.573,-2.49,1.747,0.0,11.8,63.3
1784036686.362,164,7.323,-3.01,1.322,0.0,19.9,63.7
1784036686.362,164,2.233,-1.865,1.185,0.487,11.6,61.4
1784036686.362,164,0.606,0.019,0.077,0.568,43.2,46.2
1784036686.362,164,2.345,-0.245,-1.138,-0.649,18.8,62.3
1784036686.362,164,2.212,-1.391,0.159,-0.649,18.8,62.3
1784036686.362,164,0.46,0.213,0.131,-0.487,45.9,47.7
1784036686.362,164,2.606,-0.082,-0.232,-0.487,19.7,58.8
1784036686.362,164,2.381,-1.063,0.23,-0.487,19.7,58.8
1784036686.464,165,1.685,-0.704,0.432,0.0,24.9,66.9
1784036686.464,165,2.176,-0.638,0.081,0.0,13.8,70.8
1784036686.464,165,2.001,0.922,0.541,0.0,13.8,70.8
1784036686.464,165,3.455,-1.699,0.501,0.0,17.1,70.2
1784036686.464,165,7.164,-2.945,1.293,0.0,14.1,63.3
1784036686.464,165,7.324,-3.01,1.321,0.0,18.9,64.7
1784036686.464,165,0.732,-0.07,0.098,0.243,34.6,48.6
1784036686.464,165,0.601,0.076,0.081,0.568,48.3,45.3
1784036686.464,165,2.648,-0.886,0.494,-0.649,20.4,61.6
1784036686.464,165,2.75,-0.941,0.785,-0.649,13.7,58.0
1784036686.464,165,4.712,-0.594,0.245,-0.649,11.9,56.2
1784036686.464,165,1.952,0.72,-0.24,-0.568,26.4,54.6
1784036686.567,166,1.331,0.908,-0.104,0.0,12.0,63.4
1784036686.567,166,1.733,-0.704,0.145,0.0,22.2,69.0
1784036686.567,166,3.453,-1.699,0.519,0.0,17.0,70.7
1784036686.567,166,6.518,-2.716,1.61,0.0,15.2,62.2
1784036686.567,166,7.123,-2.945,1.502,0.0,11.6,63.4
1784036686.567,166,7.34,-3.01,1.227,0.0,17.5,63.5
1784036686.567,166,0.632,0.041,0.165,0.325,39.6,48.5
1784036686.567,166,0.648,0.082,-0.034,0.568,46.6,45.2
1784036686.567,166,1.144,0.42,-0.082,-0.406,18.1,60.1
1784036686.67,167,1.717,-0.704,0.279,0.0,22.1,69.4
1784036686.67,167,1.951,0.868,-0.089,0.0,12.8,73.2
1784036686.67,167,3.455,-1.699,0.505,0.0,16.1,71.2
1784036686.67,167,6.512,-2.716,1.633,0.0,13.7,61.9
1784036686.67,167,7.131,-2.945,1.465,0.0,12.6,63.2
1784036686.67,167,7.341,-3.01,1.223,0.0,16.9,63.3
1784036686.67,167,0.777,-0.098,0.064,0.243,39.6,48.1
1784036686.67,167,0.726,-0.046,0.143,0.325,40.6,46.6
1784036686.67,167,0.678,0.022,0.164,0.487,41.7,46.5
1784036686.67,167,0.883,0.115,0.216,0.487,15.9,62.3
1784036686.67,167,0.643,0.24,-0.128,-0.649,40.2,45.5
1784036686.67,167,0.642,0.393,0.225,-0.649,38.5,47.4
1784036686.67,167,2.522,-0.845,0.493,-0.325,28.9,52.1
1784036686.67,167,2.45,-0.9,0.206,-0.162,16.8,60.4
1784036686.772,168,0.86,-0.315,0.017,0.0,13.7,63.3
1784036686.772,168,1.323,0.908,-0.177,0.0,13.3,63.6
1784036686.772,168,1.74,-0.645,0.274,0.0,23.8,69.3
1784036686.772,168,3.382,-1.82,0.573,0.0,12.6,72.3
1784036686.772,168,5.416,-2.499,1.505,0.0,11.2,64.1
1784036686.772,168,6.537,-2.716,1.529,0.0,13.8,62.0
1784036686.772,168,7.011,-3.19,1.528,0.0,11.5,63.0
1784036686.772,168,7.34,-3.01,1.225,0.0,17.5,63.1
1784036686.772,168,0.724,-0.07,0.144,0.243,43.1,46.7
1784036686.772,168,0.77,-0.025,0.154,0.325,41.9,46.2
1784036686.772,168,0.722,0.363,0.184,-0.649,39.0,45.2
1784036686.772,168,1.598,0.372,0.45,-0.568,15.1,55.4
1784036686.772,168,1.322,0.436,-0.1,-0.325,20.5,55.4
1784036686.772,168,2.594,-0.761,0.088,-0.243,24.6,54.0
1784036686.874,169,1.333,0.908,-0.066,0.0,13.8,63.0
1784036686.874,169,1.719,-0.704,0.262,0.0,22.3,68.8
1784036686.874,169,3.458,-1.699,0.481,0.0,15.1,72.1
1784036686.874,169,6.54,-2.716,1.519,0.0,14.6,62.2
1784036686.874,169,7.148,-2.945,1.381,0.0,11.9,63.2
1784036686.874,169,7.346,-3.01,1.192,0.0,17.6,63.6
1784036686.874,169,0.731,-0.07,0.106,0.406,40.2,46.5
1784036686.874,169,0.826,0.026,0.071,0.487,43.0,47.0
1784036686.874,169,0.961,0.157,0.244,0.568,16.7,60.1
1784036686.874,169,2.472,-0.749,0.641,-0.325,26.3,54.9
1784036686.927,170,1.332,0.908,-0.09,0.0,12.6,64.3
1784036686.927,170,1.711,-0.704,0.313,0.0,21.7,69.2
1784036686.927,170,2.031,-0.851,0.546,0.0,12.5,71.6
1784036686.927,170,3.368,-1.82,0.649,0.0,14.1,71.6
1784036686.927,170,6.557,-2.49,1.805,0.0,14.6,62.5
1784036686.927,170,7.158,-2.945,1.327,0.0,12.9,63.6
1784036686.927,170,7.341,-3.01,1.219,0.0,19.6,64.0
1784036686.927,170,2.183,-0.825,0.559,0.487,12.2,60.0
1784036686.927,170,0.991,0.164,0.296,0.568,14.8,63.0
1784036686.927,170,2.46,-0.818,0.366,-0.325,26.9,56.5
1784036687.081,171,1.326,0.908,-0.151,0.0,14.2,62.8
1784036687.081,171,1.734,-0.645,0.309,0.0,22.8,68.6
1784036687.081,171,2.069,0.922,-0.128,0.0,12.8,71.2
1784036687.081,171,3.385,-1.82,0.553,0.0,14.8,72.0
1784036687.081,171,6.483,-2.716,1.745,0.0,12.5,62.7
1784036687.081,171,7.147,-2.945,1.388,0.0,13.3,63.8
1784036687.081,171,7.332,-3.01,1.272,0.0,20.2,64.3
1784036687.081,171,0.782,0.155,0.227,0.325,39.0,47.1
1784036687.081,171,0.886,-0.143,-0.183,0.325,36.6,49.3
1784036687.081,171,0.892,-0.0,0.21,0.487,39.8,45.6
1784036687.081,171,1.005,0.17,0.387,0.487,18.4,59.6
1784036687.081,171,1.218,0.082,0.471,0.568,12.3,60.1
1784036687.081,171,2.433,-0.804,0.248,-0.406,21.5,57.0
1784036687.184,172,1.327,0.908,-0.146,0.0,14.1,62.8
1784036687.184,172,1.696,-0.762,0.251,0.0,18.3,69.1
1784036687.184,172,1.994,-0.284,-1.045,0.0,12.2,71.8
1784036687.184,172,3.386,-1.82,0.547,0.0,14.0,71.8
1784036687.184,172,6.472,-2.716,1.784,0.0,12.3,62.6
1784036687.184,172,7.039,-3.19,1.395,0.0,11.3,63.5
1784036687.184,172,7.331,-3.01,1.282,0.0,19.5,63.8
1784036687.184,172,0.797,0.13,0.186,0.325,40.1,45.9
1784036687.184,172,0.932,-0.03,0.226,0.487,43.2,48.5
1784036687.184,172,1.21,-0.127,-0.591,0.487,12.2,61.5
1784036687.184,172,2.922,-0.564,0.45,0.487,13.8,62.8
1784036687.184,172,2.384,-0.633,0.563,-0.406,23.0,60.4
1784036687.289,173,1.327,0.908,-0.146,0.0,13.3,63.6
1784036687.289,173,1.747,-0.645,0.23,0.0,20.5,68.9
1784036687.289,173,1.953,-0.922,0.695,0.0,13.0,72.0
1784036687.289,173,3.394,-1.82,0.494,0.0,14.9,72.1
1784036687.289,173,6.523,-2.716,1.59,0.0,12.2,62.6
1784036687.289,173,7.143,-2.945,1.408,0.0,13.1,63.4
1784036687.289,173,7.327,-3.01,1.303,0.0,19.7,64.1
1784036687.289,173,0.811,0.052,0.166,0.243,36.1,47.3
1784036687.289,173,1.045,0.065,0.012,0.243,26.2,58.4
1784036687.289,173,2.663,-0.859,1.223,0.325,14.2,63.7
1784036687.289,173,0.932,-0.06,0.22,0.406,42.3,49.7
1784036687.289,173,1.371,-0.218,-0.149,0.406,12.3,60.6
1784036687.289,173,0.78,0.049,-0.08,0.568,31.5,46.4
1784036687.289,173,2.368,-0.699,0.293,-0.325,32.4,51.9
1784036687.341,174,1.329,0.908,-0.125,0.0,12.8,64.1
1784036687.341,174,1.667,-0.762,0.399,0.0,19.3,69.2
1784036687.341,174,2.039,0.993,0.051,0.0,12.2,71.7
1784036687.341,174,3.462,-1.699,0.451,0.0,14.9,72.0
1784036687.341,174,6.51,-2.716,1.641,0.0,12.3,62.9
1784036687.341,174,7.052,-3.19,1.329,0.0,13.2,63.4
1784036687.341,174,7.338,-3.01,1.24,0.0,19.5,64.3
1784036687.341,174,0.975,-0.031,0.237,0.162,39.8,51.7
1784036687.341,174,1.171,0.191,0.29,0.243,12.7,65.6
1784036687.341,174,4.704,-2.091,0.067,0.243,12.4,57.0
1784036687.341,174,0.852,0.027,0.186,0.325,34.8,46.7
1784036687.341,174,2.353,-0.611,0.249,-0.243,31.1,51.6
1784036687.341,174,2.444,-0.724,0.36,-0.243,27.8,52.9
1784036687.341,174,4.308,-1.95,0.82,-0.162,11.5,55.4
1784036687.341,174,3.195,3.449,0.961,-0.162,11.5,55.4
1784036687.442,175,1.732,-0.645,0.324,0.0,21.0,70.1
1784036687.442,175,1.657,-1.063,1.127,0.0,11.9,72.1
1784036687.442,175,3.452,-1.699,0.523,0.0,14.3,72.0
1784036687.442,175,6.578,-2.49,1.729,0.0,12.7,62.5
1784036687.442,175,7.131,-2.945,1.464,0.0,13.5,63.2
1784036687.442,175,7.341,-3.01,1.22,0.0,19.8,64.1
1784036687.442,175,1.04,0.065,0.099,0.081,18.9,68.0
1784036687.442,175,0.858,-0.0,0.16,0.325,35.8,46.2
1784036687.442,175,3.035,-0.785,0.198,0.325,19.7,57.5
1784036687.442,175,1.025,-0.164,-0.139,0.406,35.6,53.3
1784036687.442,175,2.355,-0.622,0.503,-0.162,21.2,59.2
1784036687.544,176,1.039,-0.0,0.13,0.0,20.1,70.8
1784036687.544,176,1.636,-0.744,0.357,0.0,14.0,71.3
1784036687.544,176,3.387,-1.82,0.544,0.0,15.1,71.8
1784036687.544,176,6.577,-2.716,1.347,0.0,12.3,62.7
1784036687.544,176,7.143,-2.945,1.406,0.0,12.5,64.0
1784036687.544,176,7.341,-3.01,1.221,0.0,19.3,64.2
1784036687.544,176,0.86,-0.027,0.148,0.162,37.6,51.3
1784036687.544,176,1.07,-0.205,-0.062,0.243,28.1,58.6
1784036687.544,176,1.1,-0.213,-0.179,0.487,31.3,49.4
1784036687.544,176,2.36,-0.622,0.478,-0.162,22.0,62.1
1784036687.645,177,1.736,-0.645,0.302,0.0,20.6,73.4
1784036687.645,177,2.135,-0.425,-0.64,0.0,12.2,73.1
1784036687.645,177,3.402,-1.82,0.44,0.0,14.1,72.5
1784036687.645,177,6.495,-2.716,1.702,0.0,12.2,63.0
1784036687.645,177,7.14,-2.945,1.422,0.0,11.9,64.4
1784036687.645,177,7.347,-3.01,1.185,0.0,19.3,64.3
1784036687.645,177,1.031,-0.0,0.185,0.081,20.7,68.2
1784036687.645,177,0.934,-0.03,0.219,-0.406,35.2,46.5
1784036687.645,177,0.897,-0.057,0.179,-0.325,35.0,46.4
1784036687.645,177,2.3,-0.687,0.456,-0.162,26.2,61.8
1784036687.645,177,0.843,-0.082,0.211,-0.081,11.7,70.0
1784036687.747,178,1.065,-0.034,0.235,0.0,14.4,71.5
1784036687.747,178,1.631,-0.821,0.432,0.0,11.5,74.5
1784036687.747,178,3.37,-1.82,0.64,0.0,15.1,71.6
1784036687.747,178,6.497,-2.716,1.694,0.0,12.8,62.4
1784036687.747,178,7.161,-2.945,1.314,0.0,12.8,63.6
1784036687.747,178,7.344,-3.01,1.202,0.0,19.9,63.7
1784036687.747,178,0.804,-0.13,0.152,-0.649,29.9,44.6
1784036687.747,178,2.293,-0.687,0.49,-0.162,14.9,64.8
1784036687.747,178,0.995,-0.0,0.129,-0.081,15.0,68.7
1784036687.85,179,1.001,0.031,0.067,0.0,14.9,72.0
1784036687.85,179,1.132,0.071,-0.025,0.0,15.1,72.3
1784036687.85,179,1.743,-0.645,0.257,0.0,20.1,72.9
1784036687.85,179,3.379,-1.82,0.589,0.0,13.6,72.4
1784036687.85,179,6.571,-2.49,1.755,0.0,12.9,62.2
1784036687.85,179,7.14,-2.945,1.419,0.0,13.1,63.6
1784036687.85,179,7.33,-3.01,1.287,0.0,20.5,63.8
1784036687.85,179,0.84,-0.258,0.259,0.243,24.5,48.3
1784036687.955,180,1.713,-0.645,0.411,0.0,18.9,72.6
1784036687.955,180,3.381,-1.82,0.579,0.0,14.0,72.4
1784036687.955,180,3.687,-1.365,0.552,0.0,11.5,72.4
1784036687.955,180,6.519,-2.716,1.604,0.0,13.5,62.4
1784036687.955,180,7.047,-3.19,1.354,0.0,11.5,63.6
1784036687.955,180,7.333,-3.01,1.269,0.0,19.9,63.6
1784036687.955,180,1.043,-0.033,0.091,-0.081,23.5,67.8
1784036688.056,181,1.706,-0.704,0.339,0.0,16.1,73.5
1784036688.056,181,2.252,-0.764,0.559,0.0,14.1,73.7
1784036688.056,181,3.445,-1.699,0.567,0.0,15.0,72.1
1784036688.056,181,6.539,-2.49,1.871,0.0,12.6,62.3
1784036688.056,181,7.047,-3.19,1.352,0.0,13.4,63.4
1784036688.056,181,7.334,-3.01,1.262,0.0,20.9,63.9
1784036688.056,181,0.835,-0.055,0.247,-0.649,25.9,45.8
1784036688.056,181,0.991,-0.094,0.124,-0.081,20.0,68.7
1784036688.157,182,1.737,-0.645,0.297,0.0,22.0,71.6
1784036688.157,182,2.269,-0.764,0.489,0.0,13.2,73.7
1784036688.157,182,3.382,-1.82,0.57,0.0,14.5,72.0
1784036688.157,182,6.473,-2.716,1.781,0.0,13.0,63.0
1784036688.157,182,7.153,-2.945,1.355,0.0,15.0,63.3
1784036688.157,182,7.354,-3.01,1.139,0.0,19.6,64.7
1784036688.157,182,0.853,0.055,0.178,-0.243,20.3,48.2
1784036688.157,182,0.807,0.052,0.183,-0.162,18.0,51.5
1784036688.157,182,0.994,-0.125,0.056,-0.081,21.4,69.4
1784036688.157,182,1.068,-0.068,0.21,-0.081,22.3,68.3
1784036688.26,183,1.744,-0.645,0.25,0.0,24.1,71.6
1784036688.26,183,3.45,-1.699,0.538,0.0,12.8,71.8
1784036688.26,183,6.51,-2.716,1.642,0.0,13.4,62.6
1784036688.26,183,7.051,-3.19,1.336,0.0,13.8,63.3
1784036688.26,183,7.346,-3.01,1.19,0.0,17.5,64.0
1784036688.26,183,7.053,-4.079,0.422,0.0,11.8,63.6
1784036688.26,183,0.813,0.026,0.162,-0.325,24.4,46.2
1784036688.26,183,0.761,0.025,0.191,-0.243,24.7,46.6
1784036688.26,183,0.996,-0.063,0.103,-0.081,23.5,69.3
1784036688.362,184,1.647,-0.762,0.477,0.0,18.3,72.3
1784036688.362,184,7.361,-3.01,1.096,0.0,17.4,61.5
1784036688.362,184,2.29,-0.933,0.266,0.162,15.5,59.6
1784036688.362,184,1.002,-0.031,-0.048,-0.081,21.0,68.7
1784036688.463,185,1.638,-0.802,-0.18,0.0,11.5,72.9
1784036688.463,185,3.4,-1.82,0.454,0.0,14.0,72.0
1784036688.463,185,6.448,-2.716,1.871,0.0,12.2,62.1
1784036688.463,185,7.373,-3.01,1.007,0.0,16.5,61.8
1784036688.463,185,1.042,-0.098,0.033,-0.081,22.2,68.4
1784036688.564,186,1.744,-0.645,0.248,0.0,23.7,71.9
1784036688.564,186,3.445,-1.699,0.568,0.0,15.4,72.5
1784036688.564,186,7.29,-3.261,0.816,0.0,14.2,60.9
1784036688.564,186,6.993,-4.057,0.697,0.0,12.2,60.6
1784036688.564,186,1.008,-0.164,0.23,-0.081,21.2,68.3
1784036688.669,187,1.683,-0.704,0.436,0.0,18.7,70.6
1784036688.669,187,3.398,-1.82,0.464,0.0,13.3,72.7
1784036688.669,187,7.041,-4.079,0.587,0.0,12.5,62.3
1784036688.669,187,1.103,-0.0,0.263,-0.243,24.7,53.3
1784036688.669,187,0.941,-0.15,0.114,-0.081,20.4,69.3
1784036688.776,188,1.652,-0.704,0.545,0.0,18.1,70.3
1784036688.776,188,7.133,-3.804,0.71,0.0,13.5,61.1
1784036688.776,188,2.174,-0.136,-0.112,-0.568,24.6,50.9
1784036688.776,188,0.995,-0.031,-0.127,-0.325,38.3,48.6
1784036688.776,188,2.952,-0.477,-0.623,-0.325,14.6,58.5
1784036688.776,188,0.932,-0.15,0.176,-0.162,38.1,51.4
1784036688.879,189,1.671,-0.762,0.381,0.0,19.5,70.9
1784036688.879,189,6.961,-4.057,0.966,0.0,15.9,61.5
1784036688.879,189,1.823,-0.115,-0.148,-0.568,23.9,51.7
1784036688.879,189,2.077,-0.131,-0.229,-0.568,24.8,55.7
1784036688.879,189,1.283,-0.0,-0.259,-0.325,14.8,61.8
1784036688.879,189,0.952,-0.06,-0.104,-0.243,45.2,49.2
1784036688.984,190,1.68,-0.762,0.339,0.0,19.0,70.0
1784036688.984,190,7.155,-3.804,0.439,0.0,12.9,60.4
1784036688.984,190,2.119,-0.134,-0.252,-0.406,16.3,59.5
1784036688.984,190,0.908,-0.115,-0.042,-0.162,38.7,51.3
1784036688.984,190,1.02,-0.033,0.236,-0.162,26.8,55.0
1784036688.984,190,2.817,-0.47,-0.95,-0.162,16.0,62.3
1784036689.035,191,1.707,-0.704,0.335,0.0,20.0,69.7
1784036689.035,191,3.455,-1.699,0.502,0.0,15.3,72.4
1784036689.035,191,0.718,-0.07,0.174,0.162,29.2,51.7
1784036689.035,191,2.286,-0.933,0.297,0.325,24.1,55.5
1784036689.035,191,1.059,-0.458,0.401,-0.325,14.1,60.9
1784036689.035,191,0.93,-0.12,0.205,-0.162,35.8,51.9
1784036689.035,191,1.035,-0.341,0.044,-0.081,12.3,69.2
1784036689.136,192,1.359,0.858,-0.154,0.0,12.2,64.7
1784036689.136,192,1.722,-0.704,0.24,0.0,22.3,69.2
1784036689.136,192,3.383,-1.82,0.566,0.0,14.9,72.3
1784036689.136,192,7.02,-4.057,0.338,0.0,12.5,60.9
1784036689.136,192,2.279,-0.933,0.346,0.406,24.0,52.9
1784036689.136,192,1.65,-0.104,-0.121,-0.487,17.9,56.5
1784036689.136,192,0.707,-0.162,0.153,-0.243,29.6,47.4
1784036689.136,192,2.764,-0.731,0.609,-0.243,14.8,62.2
1784036689.136,192,0.897,-0.172,0.076,-0.162,33.3,55.8
1784036689.239,193,1.359,0.858,-0.153,0.0,13.6,63.3
1784036689.239,193,1.675,-0.762,0.363,0.0,19.9,69.3
1784036689.239,193,3.444,-1.699,0.575,0.0,15.0,72.0
1784036689.239,193,7.167,-3.804,0.112,0.0,11.8,62.1
1784036689.239,193,2.387,-0.885,0.383,0.487,19.7,56.7
1784036689.239,193,0.907,-0.086,0.095,-0.406,32.8,53.7
1784036689.239,193,1.032,-0.461,-0.1,-0.243,13.8,59.2
1784036689.34,194,1.36,0.858,-0.144,0.0,13.3,63.7
1784036689.34,194,1.747,-0.645,0.23,0.0,16.6,69.3
1784036689.34,194,1.743,-0.993,1.06,0.0,11.3,72.4
1784036689.34,194,1.964,1.134,0.055,0.0,11.3,72.4
1784036689.34,194,3.395,-1.82,0.491,0.0,12.9,72.3
1784036689.34,194,7.301,-3.261,0.706,0.0,11.6,61.9
1784036689.34,194,2.384,-0.885,0.399,0.487,24.3,51.8
1784036689.34,194,0.638,-0.123,0.077,-0.649,34.8,44.8
1784036689.34,194,2.456,-0.761,0.841,-0.649,13.0,56.9
1784036689.34,194,0.827,-0.052,0.004,-0.568,36.8,50.7
1784036689.34,194,0.897,-0.172,0.078,-0.568,28.9,58.1
1784036689.34,194,0.843,-0.164,0.153,-0.487,37.0,49.9
1784036689.34,194,0.969,-0.393,0.054,-0.406,14.0,62.3
1784036689.446,195,1.327,0.908,-0.147,0.0,13.6,63.4
1784036689.446,195,1.744,-0.645,0.248,0.0,19.4,69.6
1784036689.446,195,3.39,-1.82,0.521,0.0,14.4,71.7
1784036689.446,195,3.638,3.509,0.711,0.0,11.8,61.6
1784036689.446,195,6.516,-2.716,1.618,0.0,13.0,61.9
1784036689.446,195,7.372,-3.01,1.018,0.0,15.0,62.2
1784036689.446,195,1.338,-0.393,-0.059,0.243,18.4,52.1
1784036689.446,195,0.78,-0.0,0.092,-0.649,38.7,46.6
1784036689.446,195,0.953,-0.314,0.007,-0.649,15.3,64.1
1784036689.446,195,1.129,-0.106,0.039,-0.649,13.4,60.4
1784036689.446,195,2.598,-0.62,0.954,-0.649,11.6,61.8
1784036689.446,195,0.641,-0.218,0.171,-0.568,37.7,46.2
1784036689.446,195,2.592,-0.25,0.549,-0.568,18.3,61.5
1784036689.547,196,1.33,0.908,-0.113,0.0,13.5,63.6
1784036689.547,196,1.717,-0.704,0.278,0.0,22.8,69.1
1784036689.547,196,1.746,-0.973,0.977,0.0,13.6,71.5
1784036689.547,196,3.399,-1.82,0.461,0.0,14.9,72.0
1784036689.547,196,6.464,-2.716,1.815,0.0,14.1,61.3
1784036689.547,196,7.322,-3.01,1.328,0.0,16.7,62.3
1784036689.547,196,0.785,-0.54,0.119,0.568,12.2,64.5
1784036689.547,196,1.51,-0.393,-0.18,0.568,18.3,55.3
1784036689.547,196,0.722,-0.0,0.17,-0.568,35.6,53.8
1784036689.547,196,4.425,-1.985,0.595,-0.568,13.9,53.2
1784036689.547,196,0.691,0.022,0.099,-0.487,35.0,53.8
1784036689.547,196,2.71,-0.258,0.38,-0.406,15.6,62.1
1784036689.65,197,1.321,0.908,-0.188,0.0,13.2,63.5
1784036689.65,197,1.728,-0.645,0.343,0.0,24.8,69.0
1784036689.65,197,1.754,-0.993,1.042,0.0,13.0,71.4
1784036689.65,197,3.377,-1.82,0.6,0.0,12.1,71.6
1784036689.65,197,5.406,-2.517,1.681,0.0,13.5,63.0
1784036689.65,197,6.488,-2.716,1.725,0.0,15.4,62.3
1784036689.65,197,7.03,-3.19,1.442,0.0,12.2,63.3
1784036689.65,197,7.325,-3.01,1.314,0.0,18.4,62.9
1784036689.65,197,0.645,-0.082,0.072,-0.649,25.2,59.2
1784036689.65,197,0.818,-0.3,0.04,-0.487,18.9,62.7
1784036689.65,197,2.836,-0.27,0.417,-0.487,15.9,59.3
1784036689.65,197,0.692,-0.0,0.092,-0.325,43.6,48.7
1784036689.753,198,1.353,0.858,-0.196,0.0,12.7,63.9
1784036689.753,198,1.729,-0.704,0.183,0.0,17.3,69.1
1784036689.753,198,2.001,1.063,0.113,0.0,12.5,71.3
1784036689.753,198,3.393,-1.82,0.501,0.0,14.9,71.4
1784036689.753,198,5.323,-2.517,1.928,0.0,12.3,62.8
1784036689.753,198,6.495,-2.716,1.7,0.0,13.8,62.3
1784036689.753,198,7.144,-2.945,1.403,0.0,13.4,62.9
1784036689.753,198,7.337,-3.01,1.242,0.0,18.5,63.1
1784036689.753,198,0.368,-0.095,-0.213,0.406,17.5,62.8
1784036689.753,198,0.331,-0.259,0.116,0.406,17.5,62.8
1784036689.753,198,0.76,-0.196,-0.019,-0.406,18.7,65.8
1784036689.753,198,1.209,0.153,-0.084,-0.406,12.4,62.5
1784036689.753,198,0.6,0.076,-0.085,-0.243,40.2,55.5
1784036689.856,199,1.362,0.858,-0.127,0.0,13.5,63.5
1784036689.856,199,1.712,-0.704,0.304,0.0,22.7,68.9
1784036689.856,199,1.965,0.802,-0.261,0.0,11.9,72.6
1784036689.856,199,1.963,1.134,0.085,0.0,12.6,71.2
1784036689.856,199,3.392,-1.82,0.509,0.0,15.3,71.5
1784036689.856,199,6.477,-2.716,1.767,0.0,13.1,63.4
1784036689.856,199,7.135,-2.945,1.446,0.0,14.5,63.9
1784036689.856,199,7.328,-3.01,1.298,0.0,19.7,63.7
1784036689.856,199,2.681,-0.798,0.47,0.325,23.3,52.8
1784036689.856,199,2.75,-0.927,0.616,0.487,23.2,55.1
1784036689.856,199,1.129,0.106,0.037,-0.406,12.2,63.7
1784036689.856,199,0.745,-0.196,0.15,-0.325,22.1,63.6
1784036689.856,199,0.598,0.095,-0.078,-0.162,35.5,62.5
1784036689.958,200,1.363,0.858,-0.114,0.0,13.5,63.5
1784036689.958,200,1.714,-0.704,0.295,0.0,19.1,69.3
1784036689.958,200,2.002,1.063,0.095,0.0,11.9,71.2
1784036689.958,200,3.38,-1.82,0.585,0.0,13.4,71.8
1784036689.958,200,6.515,-2.49,1.953,0.0,13.7,62.5
1784036689.958,200,7.135,-2.945,1.447,0.0,14.8,63.4
1784036689.958,200,7.439,-2.76,1.223,0.0,18.8,64.3
1784036689.958,200,2.767,-0.941,0.722,0.243,17.9,55.9
1784036689.958,200,1.125,0.142,-0.009,-0.325,12.3,63.8
1784036689.958,200,0.607,0.057,0.034,-0.162,32.9,63.2
1784036689.958,200,0.753,-0.196,0.104,-0.081,21.6,66.9
1784036690.062,201,0.745,-0.221,0.115,0.0,20.1,66.8
1784036690.062,201,1.68,-0.762,0.342,0.0,20.6,69.1
1784036690.062,201,3.383,-1.82,0.568,0.0,15.3,71.9
1784036690.062,201,7.034,-3.19,1.419,0.0,13.7,63.3
1784036690.062,201,7.229,-3.261,1.245,0.0,18.5,63.6
1784036690.062,201,2.697,-0.9,0.455,0.162,15.5,56.8
1784036690.062,201,2.768,-1.035,0.575,0.162,14.3,57.4
1784036690.062,201,2.218,-0.0,-0.476,-0.649,14.5,60.0
1784036690.062,201,1.077,0.17,0.029,-0.243,13.0,60.0
1784036690.062,201,0.578,-0.0,0.199,-0.081,16.4,73.6
1784036690.163,202,0.763,-0.172,0.067,0.0,22.9,65.2
1784036690.163,202,1.698,-0.762,0.236,0.0,20.0,68.9
1784036690.163,202,3.384,-1.82,0.559,0.0,15.6,70.1
1784036690.163,202,7.429,-3.01,0.445,0.0,15.6,62.3
1784036690.163,202,0.565,0.053,0.005,-0.162,23.8,71.8
1784036690.163,202,2.034,-0.0,0.261,-0.162,12.0,63.1
1784036690.265,203,1.364,0.858,-0.093,0.0,12.0,64.8
1784036690.265,203,1.711,-0.704,0.31,0.0,23.0,69.3
1784036690.265,203,2.099,-0.496,-0.704,0.0,11.3,72.5
1784036690.265,203,3.403,-1.82,0.431,0.0,16.9,70.4
1784036690.265,203,7.101,-3.783,0.64,0.0,12.1,61.3
1784036690.265,203,0.167,0.164,0.118,0.243,12.8,64.9
1784036690.265,203,0.26,-0.033,0.006,0.243,12.8,64.9
1784036690.265,203,0.387,-0.037,0.053,-0.649,12.8,63.2
1784036690.369,204,1.705,-0.762,0.177,0.0,21.5,69.3
1784036690.369,204,1.83,-1.063,0.816,0.0,12.3,72.7
1784036690.369,204,3.378,-1.82,0.597,0.0,14.1,70.6
1784036690.369,204,7.107,-3.512,1.267,0.0,13.3,62.0
1784036690.369,204,0.454,-0.135,0.076,0.568,18.3,65.4
1784036690.369,204,2.267,-1.309,0.031,0.568,15.6,54.5
1784036690.369,204,0.521,-0.0,0.055,-0.081,13.5,75.0
1784036690.369,204,0.486,0.18,-0.076,-0.081,13.5,75.0
1784036690.47,205,0.518,0.033,0.069,0.0,18.7,75.0
1784036690.47,205,1.7,-0.762,0.223,0.0,21.2,70.7
1784036690.47,205,3.416,-1.68,0.502,0.0,13.6,70.4
1784036690.47,205,5.456,-2.499,1.352,0.0,12.6,63.8
1784036690.47,205,6.595,-2.716,1.259,0.0,11.3,61.3
1784036690.47,205,7.103,-3.19,1.022,0.0,11.6,63.0
1784036690.47,205,7.262,-3.261,1.038,0.0,18.1,62.6
1784036690.47,205,2.416,-0.9,0.453,0.162,15.6,59.9
1784036690.47,205,2.867,-1.05,0.086,-0.162,12.0,58.1
1784036690.47,205,0.724,-0.162,-0.013,-0.081,11.5,68.4
1784036690.573,206,0.561,0.018,0.083,0.0,14.9,74.2
1784036690.573,206,1.719,-0.704,0.264,0.0,21.0,69.1
1784036690.573,206,3.39,-1.82,0.523,0.0,16.5,68.6
1784036690.573,206,5.396,-2.499,1.574,0.0,12.8,62.6
1784036690.573,206,6.632,-2.49,1.507,0.0,13.9,61.9
1784036690.573,206,7.308,-2.7,0.988,0.0,14.9,62.7
1784036690.573,206,7.381,-3.01,0.949,0.0,20.6,63.5
1784036690.573,206,1.786,1.445,0.263,0.243,15.3,56.8
1784036690.573,206,1.995,-1.012,0.587,0.243,15.3,56.8
1784036690.573,206,0.511,-0.082,0.077,-0.081,14.6,71.9
1784036690.675,207,0.505,-0.033,-0.134,0.0,12.8,73.7
1784036690.675,207,0.445,0.164,0.222,0.0,12.8,73.7
1784036690.675,207,0.641,-0.041,0.127,0.0,13.9,71.1
1784036690.675,207,1.653,-0.821,0.337,0.0,19.5,69.3
1784036690.675,207,3.384,-1.82,0.557,0.0,17.0,68.7
1784036690.675,207,5.493,-2.307,1.532,0.0,12.4,63.0
1784036690.675,207,6.512,-2.49,1.961,0.0,13.4,63.1
1784036690.675,207,7.263,-2.7,1.275,0.0,14.8,63.7
1784036690.675,207,7.466,-2.76,1.041,0.0,21.0,63.9
1784036690.675,207,0.515,0.213,-0.106,0.081,13.5,73.2
1784036690.675,207,1.608,-1.066,0.552,0.243,13.9,55.1
1784036690.675,207,1.761,-1.228,0.859,0.243,12.5,61.2
1784036690.675,207,0.503,-0.115,0.087,-0.243,28.7,57.9
1784036690.675,207,0.451,-0.105,0.125,-0.162,22.1,64.6
1784036690.779,208,1.753,-0.645,0.175,0.0,21.4,68.6
1784036690.779,208,3.441,-1.699,0.59,0.0,15.7,70.6
1784036690.779,208,7.401,-3.01,0.777,0.0,15.7,62.9
1784036690.779,208,0.585,0.019,0.173,0.081,18.5,69.7
1784036690.779,208,0.249,0.074,0.036,0.487,19.0,67.8
1784036690.779,208,0.441,-0.135,0.132,-0.243,14.6,59.4
1784036690.779,208,0.512,-0.033,-0.105,-0.081,17.3,67.0
1784036690.882,209,0.76,-0.196,-0.031,0.0,15.5,65.5
1784036690.882,209,1.325,0.908,-0.158,0.0,11.5,65.1
1784036690.882,209,1.68,-0.821,0.15,0.0,21.4,69.1
1784036690.882,209,3.336,-1.82,0.798,0.0,14.5,70.5
1784036690.882,209,6.551,-2.716,1.471,0.0,12.8,62.6
1784036690.882,209,7.178,-2.945,1.214,0.0,14.3,63.3
1784036690.882,209,7.363,-3.01,1.077,0.0,20.3,64.2
1784036690.882,209,0.605,-0.038,0.075,0.081,15.2,71.1
1784036690.882,209,0.282,0.185,0.088,-0.568,15.5,69.3
1784036690.882,209,0.355,0.147,0.079,-0.487,16.4,68.0
1784036690.882,209,2.108,-1.125,0.22,-0.487,18.9,57.2
1784036690.882,209,2.739,-0.927,0.665,-0.325,25.5,57.5
1784036690.882,209,2.709,-0.9,0.376,-0.162,18.6,56.5
1784036690.882,209,3.91,3.19,0.769,-0.162,15.2,53.6
1784036690.882,209,4.774,-1.595,0.847,-0.162,15.2,53.6
1784036690.936,210,1.33,0.908,-0.114,0.0,12.5,64.0
1784036690.936,210,1.674,-0.762,0.37,0.0,20.9,68.7
1784036690.936,210,2.036,-0.487,-0.755,0.0,12.3,71.6
1784036690.936,210,1.495,-1.252,1.072,0.0,12.3,71.6
1784036690.936,210,3.442,-1.699,0.588,0.0,16.8,69.9
1784036690.936,210,6.516,-2.716,1.617,0.0,12.7,61.6
1784036690.936,210,7.174,-2.945,1.236,0.0,15.6,62.2
1784036690.936,210,7.344,-3.01,1.2,0.0,20.8,63.3
1784036690.936,210,0.754,-0.196,-0.1,0.081,15.7,66.3
1784036690.936,210,0.555,0.035,0.109,0.162,33.6,60.1
1784036690.936,210,2.296,-0.9,-0.879,0.243,12.5,60.8
1784036690.936,210,1.33,0.042,0.244,0.325,12.8,59.6
1784036690.936,210,0.384,0.205,0.029,-0.406,23.0,64.2
1784036690.936,210,2.773,-0.913,0.135,-0.325,17.4,58.7
1784036691.038,211,1.331,0.908,0.098,0.0,11.3,63.9
1784036691.038,211,1.664,-0.762,0.411,0.0,20.4,69.0
1784036691.038,211,2.131,-0.425,-0.651,0.0,13.0,70.6
1784036691.038,211,3.383,-1.82,0.567,0.0,18.0,68.0
1784036691.038,211,5.497,-2.291,1.358,0.0,11.7,62.3
1784036691.038,211,7.185,-2.945,1.173,0.0,14.6,63.5
1784036691.038,211,7.474,-2.76,0.983,0.0,19.7,64.0
1784036691.038,211,0.736,-0.221,0.163,0.162,19.7,62.3
1784036691.038,211,0.594,-0.095,0.106,0.243,37.0,52.5
1784036691.038,211,2.364,-1.183,-0.571,0.243,14.9,61.9
1784036691.038,211,0.38,0.36,0.018,-0.487,33.6,48.3
1784036691.038,211,2.674,-0.9,0.574,-0.487,19.5,58.7
1784036691.146,212,1.668,-0.762,0.394,0.0,21.0,67.9
1784036691.146,212,1.988,0.886,-0.15,0.0,15.0,70.9
1784036691.146,212,3.302,-1.941,0.637,0.0,16.4,69.8
1784036691.146,212,5.5,-2.291,1.345,0.0,12.3,62.6
1784036691.146,212,6.606,-2.49,1.616,0.0,12.9,62.3
1784036691.146,212,7.198,-2.945,1.087,0.0,14.4,63.0
1784036691.146,212,7.379,-3.01,0.962,0.0,19.5,63.6
1784036691.146,212,0.646,0.02,0.104,0.406,45.2,48.8
1784036691.146,212,0.921,0.09,0.255,0.406,11.7,62.0
1784036691.146,212,0.423,0.439,-0.033,-0.568,39.0,46.4
1784036691.247,213,1.297,0.958,0.066,0.0,12.0,63.0
1784036691.247,213,1.71,-0.704,0.316,0.0,20.1,68.8
1784036691.247,213,1.641,-0.821,0.389,0.0,20.1,68.8
1784036691.247,213,1.961,0.954,-0.046,0.0,14.8,70.3
1784036691.247,213,3.303,-1.941,0.633,0.0,17.2,69.1
1784036691.247,213,5.471,-2.291,1.459,0.0,11.9,62.4
1784036691.247,213,6.622,-2.49,1.552,0.0,14.6,62.2
1784036691.247,213,7.293,-2.7,1.094,0.0,13.5,63.1
1784036691.247,213,7.081,-3.19,1.162,0.0,13.5,63.1
1784036691.247,213,7.385,-3.01,0.919,0.0,19.0,64.0
1784036691.247,213,0.64,0.082,-0.109,0.487,42.8,48.0
1784036691.247,213,0.604,-0.044,0.348,0.568,41.9,46.8
1784036691.247,213,0.652,0.196,-0.154,0.568,41.9,46.8
1784036691.247,213,2.271,-1.546,-0.075,0.568,17.0,62.3
1784036691.35,214,1.33,0.908,-0.111,0.0,12.7,64.4
1784036691.35,214,1.705,-0.704,0.342,0.0,21.2,69.6
1784036691.35,214,1.961,0.954,0.032,0.0,13.6,71.3
1784036691.35,214,2.124,-0.496,-0.622,0.0,13.1,70.9
1784036691.35,214,3.389,-1.82,0.531,0.0,15.9,70.8
1784036691.35,214,5.506,-2.291,1.322,0.0,11.6,63.0
1784036691.35,214,6.644,-2.49,1.454,0.0,14.6,62.2
1784036691.35,214,7.198,-2.945,1.09,0.0,11.7,63.0
1784036691.35,214,7.407,-3.01,0.724,0.0,17.1,63.7
1784036691.35,214,2.468,-0.832,0.546,-0.649,17.6,66.4
1784036691.35,214,0.748,0.172,0.165,-0.568,43.8,48.1
1784036691.35,214,1.116,0.368,-0.078,-0.568,13.7,58.1
1784036691.35,214,1.047,0.221,-0.492,-0.568,13.7,58.1
1784036691.35,214,2.142,-1.772,0.56,-0.568,18.9,62.4
1784036691.453,215,1.333,0.908,-0.063,0.0,13.1,63.3
1784036691.453,215,1.601,-0.821,0.531,0.0,17.1,70.5
1784036691.453,215,1.927,1.023,0.009,0.0,14.4,71.2
1784036691.453,215,3.284,-1.941,0.725,0.0,14.7,70.5
1784036691.453,215,5.455,-2.499,1.357,0.0,11.9,62.6
1784036691.453,215,6.646,-2.49,1.442,0.0,14.6,62.3
1784036691.453,215,7.288,-3.261,0.834,0.0,15.3,63.1
1784036691.453,215,0.911,-0.3,0.034,0.487,30.0,48.4
1784036691.453,215,2.656,-0.785,0.353,0.568,11.9,63.8
1784036691.453,215,0.809,0.181,0.007,-0.649,41.9,46.1
1784036691.453,215,2.368,-0.305,0.516,-0.649,12.2,59.0
1784036691.453,215,2.414,-0.818,0.597,-0.649,23.2,62.9
1784036691.554,216,1.33,0.908,-0.115,0.0,13.4,63.1
1784036691.554,216,1.743,-0.645,0.256,0.0,20.7,69.3
1784036691.554,216,1.927,1.023,0.022,0.0,13.2,71.8
1784036691.554,216,3.32,-1.941,0.533,0.0,14.6,70.6
1784036691.554,216,6.671,-2.49,1.322,0.0,14.3,62.5
1784036691.554,216,7.218,-2.945,0.945,0.0,13.2,63.3
1784036691.554,216,7.389,-3.01,0.887,0.0,16.4,63.4
1784036691.554,216,0.821,-0.136,0.261,0.487,43.2,47.3
1784036691.554,216,1.163,-0.079,-0.493,0.487,12.4,63.3
1784036691.554,216,2.686,-0.886,0.21,0.487,13.5,61.6
1784036691.554,216,0.827,0.026,-0.045,0.568,43.1,46.5
1784036691.554,216,0.986,0.409,0.224,-0.568,20.1,59.6
1784036691.554,216,2.381,-0.804,0.558,-0.487,24.3,56.1
1784036691.554,216,0.755,0.436,0.024,-0.243,37.4,47.0
1784036691.656,217,1.298,0.958,-0.059,0.0,13.2,63.4
1784036691.656,217,1.725,-0.704,0.218,0.0,22.7,69.3
1784036691.656,217,1.961,0.954,0.065,0.0,12.5,72.3
1784036691.656,217,1.994,-0.354,-1.022,0.0,12.1,72.0
1784036691.656,217,3.389,-1.82,0.529,0.0,14.7,71.3
1784036691.656,217,5.543,-2.291,1.154,0.0,12.1,62.1
1784036691.656,217,6.608,-2.49,1.607,0.0,12.3,61.9
1784036691.656,217,7.232,-2.945,0.833,0.0,12.9,62.9
1784036691.656,217,7.389,-3.01,0.884,0.0,18.3,63.6
1784036691.656,217,0.925,-0.09,0.241,0.406,41.2,46.9
1784036691.656,217,1.256,0.041,0.365,0.406,14.7,60.3
1784036691.656,217,2.733,-0.847,0.935,0.406,21.7,61.3
1784036691.656,217,0.915,-0.0,0.043,0.487,40.9,46.3
1784036691.656,217,1.098,0.074,0.421,0.568,13.3,62.3
1784036691.656,217,0.981,0.409,0.245,-0.649,25.3,50.8
1784036691.759,218,1.298,0.958,-0.037,0.0,13.3,63.3
1784036691.759,218,1.748,-0.645,0.222,0.0,20.5,69.4
1784036691.759,218,1.962,0.954,-0.002,0.0,13.2,71.3
1784036691.759,218,2.032,-0.354,-0.945,0.0,12.3,71.2
1784036691.759,218,3.323,-1.941,0.514,0.0,15.3,70.8
1784036691.759,218,5.434,-2.499,1.439,0.0,11.9,62.8
1784036691.759,218,6.595,-2.49,1.659,0.0,14.0,62.3
1784036691.759,218,7.394,-3.01,0.847,0.0,18.6,63.7
1784036691.759,218,1.045,-0.307,0.066,0.162,30.0,50.8
1784036691.759,218,0.947,-0.03,0.152,0.406,43.2,47.9
1784036691.759,218,1.13,0.11,0.315,0.406,15.9,63.5
1784036691.759,218,1.168,0.115,0.339,0.487,18.4,61.5
1784036691.759,218,2.298,-0.777,0.549,-0.325,29.0,58.8
1784036691.759,218,3.384,3.329,0.958,-0.243,13.7,54.3
1784036691.759,218,4.487,-1.816,0.148,-0.243,13.7,54.3
1784036691.861,219,1.297,0.958,-0.073,0.0,12.0,64.7
1784036691.861,219,1.648,-0.821,0.359,0.0,18.8,69.1
1784036691.861,219,1.921,1.023,-0.155,0.0,12.1,72.9
1784036691.861,219,3.386,-1.82,0.549,0.0,15.7,71.2
1784036691.861,219,6.617,-2.49,1.571,0.0,13.9,62.7
1784036691.861,219,7.208,-2.945,1.019,0.0,12.4,63.4
1784036691.861,219,7.377,-3.01,0.979,0.0,19.8,64.2
1784036691.861,219,0.991,-0.063,0.147,0.325,42.5,46.9
1784036691.861,219,1.196,0.076,0.237,0.406,15.6,62.0
1784036691.861,219,2.344,-0.699,0.449,-0.243,28.9,55.0
1784036691.861,219,2.687,-0.798,-0.432,-0.162,12.1,58.2
1784036691.861,219,3.435,3.299,0.588,-0.162,16.2,55.2
1784036691.861,219,4.341,-1.95,0.624,-0.162,16.2,55.2
1784036691.965,220,1.332,0.908,-0.091,0.0,11.8,64.8
1784036691.965,220,1.631,-0.879,0.292,0.0,18.2,69.4
1784036691.965,220,2.033,-0.425,-0.912,0.0,11.7,72.7
1784036691.965,220,3.31,-1.941,0.593,0.0,14.6,71.2
1784036691.965,220,3.725,-1.241,0.587,0.0,13.2,71.3
1784036691.965,220,6.626,-2.49,1.534,0.0,13.8,62.2
1784036691.965,220,7.098,-3.19,1.056,0.0,12.6,63.4
1784036691.965,220,7.365,-3.01,1.068,0.0,20.2,63.7
1784036691.965,220,1.009,-0.196,-0.201,0.162,36.5,49.5
1784036691.965,220,1.002,-0.031,0.044,0.325,38.6,47.0
1784036691.965,220,2.973,-0.47,-0.02,0.325,11.4,63.1
1784036691.965,220,1.036,0.065,-0.134,0.568,41.2,48.3
1784036691.965,220,2.311,-0.687,0.397,-0.162,29.9,59.2
1784036691.965,220,3.191,3.418,0.864,-0.162,16.6,54.1
1784036692.07,221,1.696,-0.704,0.385,0.0,20.0,69.4
1784036692.07,221,1.927,1.023,0.012,0.0,11.8,72.8
1784036692.07,221,1.998,-0.284,-1.036,0.0,12.2,71.9
1784036692.07,221,3.443,-1.699,0.578,0.0,15.5,71.1
1784036692.07,221,6.631,-2.49,1.512,0.0,12.6,62.7
1784036692.07,221,7.215,-2.945,0.973,0.0,12.2,63.6
1784036692.07,221,7.371,-3.01,1.023,0.0,19.2,64.3
1784036692.07,221,1.082,-0.136,0.026,0.243,44.4,48.5
1784036692.07,221,1.25,0.041,0.386,0.243,14.4,64.6
1784036692.07,221,2.979,-0.668,0.078,0.243,16.3,61.6
1784036692.07,221,3.043,-0.581,0.033,0.325,16.7,61.4
1784036692.07,221,6.014,2.22,-0.777,-0.487,19.8,48.8
1784036692.07,221,3.175,3.387,0.808,-0.243,15.5,53.5
1784036692.07,221,2.356,-0.611,0.215,-0.162,25.5,57.5
1784036692.07,221,2.204,-0.75,0.583,-0.081,14.0,68.5
1784036692.175,222,1.33,0.908,-0.109,0.0,12.5,64.2
1784036692.175,222,1.578,-0.821,0.596,0.0,19.7,69.3
1784036692.175,222,1.927,1.023,0.001,0.0,12.9,71.8
1784036692.175,222,3.385,-1.82,0.555,0.0,15.3,71.1
1784036692.175,222,6.622,-2.49,1.552,0.0,13.2,62.2
1784036692.175,222,7.202,-2.945,1.066,0.0,12.7,63.4
1784036692.175,222,7.365,-3.01,1.066,0.0,20.1,63.8
1784036692.175,222,1.279,0.123,0.249,0.325,20.3,61.9
1784036692.175,222,1.125,-0.142,0.046,0.406,42.9,47.1
1784036692.175,222,1.45,-0.0,0.311,0.406,14.4,60.0
1784036692.175,222,3.12,-0.597,0.23,0.406,18.5,62.2
1784036692.175,222,5.071,-0.982,0.858,0.406,11.9,56.4
1784036692.175,222,2.307,-0.6,0.276,-0.325,28.2,52.1
1784036692.175,222,2.324,-0.687,0.312,-0.243,25.4,52.7
1784036692.277,223,1.331,0.908,-0.103,0.0,11.5,65.2
1784036692.277,223,1.631,-0.879,0.291,0.0,17.3,69.4
1784036692.277,223,1.926,1.023,0.053,0.0,11.7,72.9
1784036692.277,223,2.136,-0.425,-0.634,0.0,14.0,71.6
1784036692.277,223,3.381,-1.82,0.575,0.0,14.9,71.5
1784036692.277,223,6.618,-2.49,1.567,0.0,13.3,62.2
1784036692.277,223,7.218,-2.945,0.949,0.0,12.6,62.7
1784036692.277,223,7.366,-3.01,1.06,0.0,19.9,63.8
1784036692.277,223,1.284,0.423,-0.027,0.325,12.1,63.5
1784036692.277,223,1.401,-0.0,0.488,0.325,12.3,60.7
1784036692.277,223,3.067,-1.009,-0.041,0.325,17.6,60.6
1784036692.277,223,1.172,-0.074,0.096,0.406,39.0,48.7
1784036692.277,223,4.82,-1.98,0.847,0.406,12.6,55.1
1784036692.277,223,2.3,-0.442,0.258,-0.243,26.7,55.7
1784036692.379,224,1.662,-0.821,0.288,0.0,17.5,71.0
1784036692.379,224,1.926,1.023,-0.041,0.0,11.8,73.0
1784036692.379,224,2.098,-0.496,-0.707,0.0,13.8,71.5
1784036692.379,224,3.373,-1.82,0.625,0.0,15.3,70.8
1784036692.379,224,6.641,-2.49,1.465,0.0,13.6,61.6
1784036692.379,224,7.37,-3.01,1.031,0.0,20.9,63.1
1784036692.379,224,1.312,0.211,0.25,0.162,26.7,57.6
1784036692.379,224,2.943,-0.202,-1.312,0.162,21.3,63.1
1784036692.379,224,1.126,-0.11,0.33,0.243,42.3,48.4
1784036692.379,224,2.827,3.436,1.09,-0.243,14.0,56.1
1784036692.379,224,4.325,-1.432,0.478,-0.243,14.0,56.1
1784036692.379,224,2.253,-0.534,0.78,-0.162,15.5,57.2
1784036692.379,224,2.271,-0.434,-0.043,-0.081,14.3,68.6
1784036692.43,225,1.601,-0.821,0.533,0.0,17.4,71.3
1784036692.43,225,1.924,1.023,-0.108,0.0,11.8,72.7
1784036692.43,225,3.353,-1.82,0.721,0.0,15.3,71.0
1784036692.43,225,6.643,-2.49,1.459,0.0,12.3,63.0
1784036692.43,225,7.363,-3.01,1.078,0.0,19.7,64.4
1784036692.43,225,1.183,-0.0,0.305,0.162,46.6,48.7
1784036692.43,225,1.36,0.175,0.263,0.162,21.5,62.1
1784036692.43,225,1.296,0.254,0.291,0.243,29.4,54.8
1784036692.43,225,2.216,-0.525,0.755,-0.162,18.0,59.5
1784036692.584,226,1.697,-0.762,0.245,0.0,14.9,74.8
1784036692.584,226,1.926,1.023,-0.047,0.0,11.9,72.6
1784036692.584,226,3.301,-1.941,0.643,0.0,15.1,71.2
1784036692.584,226,6.565,-2.49,1.775,0.0,12.7,62.5
1784036692.584,226,7.366,-3.01,1.063,0.0,20.4,63.7
1784036692.584,226,1.332,0.218,0.356,0.162,22.5,62.2
1784036692.584,226,2.257,-0.589,0.334,-0.243,21.5,54.1
1784036692.584,226,2.652,-0.524,0.701,-0.243,16.2,56.2
1784036692.584,226,2.82,3.436,1.11,-0.081,11.9,64.1
1784036692.584,226,4.318,-1.432,0.543,-0.081,11.9,64.1
1784036692.635,227,1.202,0.038,0.216,0.0,24.7,67.7
1784036692.635,227,1.705,-0.704,0.343,0.0,14.6,75.4
1784036692.635,227,1.927,1.023,-0.005,0.0,12.2,72.6
1784036692.635,227,2.073,-0.284,-0.878,0.0,13.7,71.3
1784036692.635,227,3.353,-1.82,0.72,0.0,13.7,72.4
1784036692.635,227,6.589,-2.49,1.684,0.0,13.0,61.8
1784036692.635,227,7.377,-3.01,0.981,0.0,21.0,63.0
1784036692.635,227,1.213,-0.115,-0.091,0.243,41.2,47.4
1784036692.635,227,2.237,-0.442,0.592,-0.162,22.7,63.4
1784036692.635,227,2.263,-0.434,0.199,-0.081,16.3,68.9
1784036692.739,228,1.142,0.037,0.286,0.0,18.2,68.6
1784036692.739,228,1.264,-0.0,0.064,0.0,19.1,66.1
1784036692.739,228,1.927,1.023,-0.041,0.0,11.4,73.3
1784036692.739,228,2.008,-0.284,-1.017,0.0,11.9,72.2
1784036692.739,228,3.384,-1.82,0.561,0.0,14.8,71.5
1784036692.739,228,6.619,-2.49,1.562,0.0,12.3,63.1
1784036692.739,228,7.366,-3.01,1.06,0.0,19.9,64.4
1784036692.739,228,1.216,-0.115,0.023,0.243,35.2,48.3
1784036692.739,228,2.668,-0.515,0.411,-0.162,13.3,61.9
1784036692.739,228,2.197,-0.442,0.727,-0.081,18.2,70.4
1784036692.844,229,1.162,-0.038,0.376,0.0,19.4,67.6
1784036692.844,229,1.398,0.135,0.317,0.0,11.6,72.1
1784036692.844,229,1.925,1.023,-0.082,0.0,12.3,72.6
1784036692.844,229,2.034,-0.354,-0.941,0.0,13.4,71.8
1784036692.844,229,3.288,-1.941,0.704,0.0,14.7,71.2
1784036692.844,229,6.584,-2.49,1.703,0.0,12.2,63.1
1784036692.844,229,7.365,-3.01,1.067,0.0,19.8,64.4
1784036692.844,229,2.24,-0.506,0.268,-0.081,18.6,69.7
1784036692.949,230,1.219,-0.038,0.064,0.0,21.9,67.5
1784036692.949,230,1.618,-0.821,0.478,0.0,13.6,74.6
1784036692.949,230,1.958,0.954,-0.118,0.0,11.4,73.1
1784036692.949,230,1.941,-0.354,-1.121,0.0,11.9,72.9
1784036692.949,230,1.62,-1.134,1.111,0.0,11.9,72.9
1784036692.949,230,3.384,-1.82,0.557,0.0,14.6,71.8
1784036692.949,230,6.602,-2.49,1.631,0.0,12.7,63.1
1784036692.949,230,7.36,-3.01,1.1,0.0,19.7,64.6
1784036692.949,230,1.403,0.135,0.292,-0.162,21.0,58.2
1784036693.052,231,1.163,-0.074,0.173,0.0,16.7,68.2
1784036693.052,231,1.205,-0.158,-0.352,0.0,18.1,66.3
1784036693.052,231,1.765,-0.586,0.249,0.0,17.5,74.8
1784036693.052,231,1.927,1.023,0.004,0.0,12.3,72.3
1784036693.052,231,2.245,-0.506,0.223,0.0,14.0,72.7
1784036693.052,231,3.385,-1.82,0.554,0.0,14.6,71.5
1784036693.052,231,6.581,-2.49,1.716,0.0,11.9,63.6
1784036693.052,231,7.367,-3.01,1.055,0.0,20.0,63.8
1784036693.052,231,1.363,0.175,0.249,-0.162,25.7,54.5
1784036693.154,232,1.176,-0.0,0.329,0.0,22.1,67.5
1784036693.154,232,1.673,-0.821,0.218,0.0,13.3,74.6
1784036693.154,232,3.367,-1.82,0.655,0.0,14.0,72.3
1784036693.154,232,6.673,-2.49,1.314,0.0,12.8,63.0
1784036693.154,232,7.359,-3.01,1.106,0.0,19.3,64.8
1784036693.154,232,5.638,-2.787,1.009,0.162,12.0,50.2
1784036693.154,232,5.395,3.384,-0.126,0.162,12.0,50.2
1784036693.259,233,1.138,-0.076,0.439,0.0,22.0,67.0
1784036693.259,233,1.361,0.087,0.298,0.0,14.1,69.9
1784036693.259,233,1.731,-0.645,0.327,0.0,13.2,78.1
1784036693.259,233,3.392,-1.82,0.506,0.0,14.7,71.5
1784036693.259,233,6.57,-2.49,1.758,0.0,12.2,63.3
1784036693.259,233,7.37,-3.01,1.029,0.0,19.0,64.9
1784036693.259,233,4.311,-1.432,0.596,0.325,16.6,50.9
1784036693.362,234,1.12,-0.0,0.365,0.0,20.0,68.2
1784036693.362,234,1.389,-0.879,0.904,0.0,12.5,75.7
1784036693.362,234,1.831,-0.41,-0.0,0.0,12.5,75.7
1784036693.362,234,1.926,1.023,-0.064,0.0,11.9,73.4
1784036693.362,234,2.193,-0.506,0.53,0.0,11.7,73.7
1784036693.362,234,3.447,-1.699,0.555,0.0,15.5,71.5
1784036693.362,234,6.625,-2.49,1.537,0.0,12.0,63.3
1784036693.362,234,7.193,-2.945,1.122,0.0,12.7,63.3
1784036693.362,234,7.367,-3.01,1.053,0.0,19.5,64.3
1784036693.463,235,1.13,-0.037,0.33,0.0,21.0,69.6
1784036693.463,235,1.961,0.954,-0.053,0.0,12.0,73.2
1784036693.463,235,2.172,-0.496,-0.429,0.0,12.7,72.7
1784036693.463,235,3.355,-1.82,0.713,0.0,15.0,71.5
1784036693.463,235,6.705,-2.49,1.137,0.0,11.3,64.1
1784036693.463,235,7.369,-3.01,1.041,0.0,18.8,65.2
1784036693.565,236,1.19,-0.038,0.272,0.0,25.4,67.0
1784036693.565,236,1.322,0.087,0.441,0.0,14.1,70.8
1784036693.565,236,1.927,1.023,0.031,0.0,11.8,73.1
1784036693.565,236,2.264,-0.434,0.181,0.0,14.0,72.7
1784036693.565,236,3.391,-1.82,0.513,0.0,15.3,71.2
1784036693.565,236,6.633,-2.49,1.501,0.0,11.5,64.1
1784036693.565,236,7.281,-2.7,1.169,0.0,11.5,64.3
1784036693.565,236,7.365,-3.01,1.068,0.0,19.9,64.2
1784036693.667,237,1.194,-0.076,0.246,0.0,22.9,67.1
1784036693.667,237,1.655,-0.879,0.087,0.0,11.4,75.2
1784036693.667,237,1.86,-0.235,-0.069,0.0,11.4,75.2
1784036693.667,237,2.245,-0.506,0.225,0.0,13.0,74.4
1784036693.667,237,3.373,-1.82,0.622,0.0,14.5,72.0
1784036693.667,237,7.367,-3.01,1.055,0.0,19.6,64.6
1784036693.667,237,4.475,-1.325,0.645,0.243,14.7,51.3
1784036693.769,238,1.213,-0.038,0.139,0.0,18.9,68.3
1784036693.769,238,1.354,0.131,0.314,0.0,14.0,69.7
1784036693.769,238,2.147,-0.578,0.634,0.0,12.5,75.3
1784036693.769,238,3.355,-1.82,0.713,0.0,14.8,71.6
1784036693.769,238,6.604,-2.49,1.623,0.0,12.3,62.7
1784036693.769,238,7.294,-2.7,1.084,0.0,13.0,63.1
1784036693.769,238,7.367,-3.01,1.049,0.0,19.8,64.3
1784036693.769,238,4.425,-1.486,0.908,0.162,12.0,54.0
1784036693.87,239,1.244,-0.158,0.169,0.0,20.0,66.4
1784036693.87,239,1.659,-0.821,0.304,0.0,11.8,75.6
1784036693.87,239,2.21,-0.506,0.454,0.0,14.2,73.5
1784036693.87,239,3.387,-1.82,0.544,0.0,15.5,71.6
1784036693.87,239,6.687,-2.49,1.238,0.0,11.6,63.6
1784036693.87,239,7.19,-2.945,1.143,0.0,12.0,64.1
1784036693.87,239,7.37,-3.01,1.034,0.0,19.5,64.5
1784036693.87,239,4.493,-1.337,0.797,0.162,12.9,53.5
1784036693.973,240,1.212,0.115,0.096,0.0,21.3,67.1
1784036693.973,240,1.605,-0.879,0.413,0.0,12.6,74.2
1784036693.973,240,2.237,-0.506,0.292,0.0,16.2,73.7
1784036693.973,240,3.35,-1.82,0.737,0.0,14.8,71.6
1784036693.973,240,6.697,-2.49,1.183,0.0,12.7,62.5
1784036693.973,240,7.194,-2.945,1.115,0.0,12.9,63.3
1784036693.973,240,7.377,-3.01,0.983,0.0,20.0,63.9
1784036694.076,241,1.212,0.153,-0.034,0.0,18.7,68.2
1784036694.076,241,2.246,-0.506,0.213,0.0,14.7,75.1
1784036694.076,241,3.371,-1.82,0.635,0.0,14.4,72.0
1784036694.076,241,6.609,-2.49,1.606,0.0,11.4,63.7
1784036694.076,241,7.196,-2.945,1.102,0.0,11.9,64.1
1784036694.076,241,7.37,-3.01,1.03,0.0,19.5,64.5
1784036694.128,242,1.221,-0.038,0.004,0.0,19.3,67.1
1784036694.128,242,2.098,-0.434,0.87,0.0,12.9,74.2
1784036694.128,242,3.387,-1.82,0.54,0.0,15.9,71.5
1784036694.128,242,7.367,-3.01,1.05,0.0,19.4,64.6
1784036694.28,243,1.084,-0.0,0.462,0.0,19.7,68.8
1784036694.28,243,2.233,-0.506,0.321,0.0,15.0,74.4
1784036694.28,243,3.361,-1.82,0.684,0.0,13.9,72.3
1784036694.28,243,6.682,-2.49,1.265,0.0,12.3,63.1
1784036694.28,243,7.173,-2.945,1.246,0.0,12.2,63.8
1784036694.28,243,7.362,-3.01,1.088,0.0,20.2,63.7
1784036694.383,244,1.155,-0.037,0.228,0.0,25.3,68.7
1784036694.383,244,1.302,0.042,0.363,0.0,14.2,69.5
1784036694.383,244,1.927,1.023,-0.0,0.0,11.5,73.6
1784036694.383,244,2.003,-0.567,0.901,0.0,12.7,73.1
1784036694.383,244,3.367,-1.82,0.655,0.0,13.8,72.5
1784036694.383,244,6.649,-2.49,1.428,0.0,12.3,62.8
1784036694.383,244,7.278,-2.7,1.191,0.0,12.7,63.3
1784036694.383,244,7.372,-3.01,1.021,0.0,19.6,64.3
1784036694.434,245,1.152,-0.037,0.243,0.0,25.1,68.3
1784036694.434,245,2.018,-0.284,-0.998,0.0,11.7,73.5
1784036694.434,245,3.362,-1.82,0.677,0.0,14.4,72.2
1784036694.434,245,7.367,-3.01,1.05,0.0,19.5,64.5
1784036694.537,246,1.144,-0.074,0.273,0.0,22.0,68.9
1784036694.537,246,1.708,-0.762,0.15,0.0,13.1,76.0
1784036694.537,246,2.195,-0.496,-0.286,0.0,13.4,72.9
1784036694.537,246,3.282,-1.941,0.733,0.0,14.6,71.1
1784036694.537,246,6.689,-2.49,1.229,0.0,12.6,62.8
1784036694.537,246,7.281,-2.7,1.174,0.0,11.9,64.1
1784036694.537,246,7.368,-3.01,1.046,0.0,20.0,64.0
1784036694.639,247,1.208,-0.076,0.167,0.0,24.9,67.0
1784036694.639,247,1.729,-0.704,0.191,0.0,14.8,75.1
1784036694.639,247,3.376,-1.82,0.604,0.0,14.1,72.1
1784036694.639,247,6.72,-2.49,1.047,0.0,11.6,63.6
1784036694.639,247,7.167,-2.945,1.28,0.0,11.2,64.7
1784036694.639,247,7.37,-3.01,1.031,0.0,19.2,64.8
1784036694.741,248,1.153,-0.037,0.239,0.0,19.2,68.9
1784036694.741,248,1.749,-0.645,0.215,0.0,17.0,74.3
1784036694.741,248,3.361,-1.82,0.683,0.0,14.2,71.4
1784036694.741,248,6.687,-2.49,1.241,0.0,12.1,63.0
1784036694.741,248,7.301,-2.7,1.037,0.0,11.8,64.1
1784036694.741,248,7.37,-3.01,1.035,0.0,19.4,64.5
1784036694.844,249,1.163,-0.074,0.174,0.0,18.8,68.6
1784036694.844,249,1.77,-0.586,0.207,0.0,17.5,75.2
1784036694.844,249,3.403,-1.82,0.43,0.0,14.0,72.3
1784036694.844,249,7.375,-3.01,0.994,0.0,19.5,64.3
1784036694.948,250,1.157,-0.0,0.221,0.0,21.7,68.2
1784036694.948,250,1.359,0.087,0.306,0.0,11.5,71.6
1784036694.948,250,1.77,-0.586,0.208,0.0,14.9,77.3
1784036694.948,250,2.108,-0.506,0.805,0.0,11.5,73.9
1784036694.948,250,3.384,-1.82,0.557,0.0,15.0,71.8
1784036694.948,250,6.669,-2.49,1.332,0.0,11.7,63.2
1784036694.948,250,7.198,-2.945,1.091,0.0,11.9,63.8
1784036694.948,250,7.368,-3.01,1.049,0.0,19.2,64.6
1784036695.049,251,1.219,-0.076,-0.007,0.0,20.5,67.8
1784036695.049,251,1.275,0.127,0.433,0.0,14.8,68.3
1784036695.049,251,1.656,-0.762,0.444,0.0,11.8,76.7
1784036695.049,251,2.098,-0.626,-0.396,0.0,12.2,73.1
1784036695.049,251,3.365,-1.82,0.666,0.0,14.3,72.0
1784036695.049,251,6.638,-2.49,1.482,0.0,12.3,63.1
1784036695.049,251,7.088,-3.19,1.117,0.0,11.8,64.0
1784036695.049,251,7.361,-3.01,1.092,0.0,19.4,64.4
1784036695.151,252,1.209,-0.076,0.159,0.0,23.4,67.2
1784036695.151,252,1.348,0.087,0.354,0.0,14.5,71.2
1784036695.151,252,1.927,1.023,0.002,0.0,11.6,73.4
1784036695.151,252,2.248,-0.506,0.191,0.0,14.2,72.3
1784036695.151,252,3.358,-1.82,0.7,0.0,15.0,71.1
1784036695.151,252,6.625,-2.49,1.537,0.0,12.4,63.0
1784036695.151,252,7.078,-3.19,1.179,0.0,11.6,64.2
1784036695.151,252,7.362,-3.01,1.087,0.0,19.6,64.1
1784036695.253,253,1.204,-0.038,0.202,0.0,24.3,67.1
1784036695.253,253,1.361,0.131,0.284,0.0,14.7,70.4
1784036695.253,253,2.213,-0.506,0.441,0.0,13.9,73.1
1784036695.253,253,3.386,-1.82,0.55,0.0,14.4,71.7
1784036695.253,253,6.598,-2.49,1.649,0.0,12.0,63.4
1784036695.253,253,7.374,-3.01,1.0,0.0,18.9,64.7
1784036695.356,254,1.208,-0.038,0.178,0.0,22.4,67.6
1784036695.356,254,1.335,0.131,0.388,0.0,13.8,71.1
1784036695.356,254,1.699,-0.704,0.37,0.0,12.5,77.6
1784036695.356,254,2.239,-0.506,0.282,0.0,15.2,74.3
1784036695.356,254,3.374,-1.82,0.616,0.0,14.5,71.7
1784036695.356,254,6.645,-2.49,1.447,0.0,13.2,62.7
1784036695.356,254,7.223,-2.945,0.913,0.0,11.7,63.9
1784036695.356,254,7.375,-3.01,0.997,0.0,19.7,64.0
1784036695.457,255,1.211,-0.038,0.153,0.0,22.4,67.2
1784036695.457,255,1.708,-0.704,0.325,0.0,16.0,74.8
1784036695.457,255,2.124,-0.506,0.761,0.0,12.3,74.7
1784036695.457,255,3.396,-1.82,0.481,0.0,15.4,71.6
1784036695.457,255,6.673,-2.49,1.312,0.0,13.2,62.6
1784036695.457,255,7.11,-3.19,0.97,0.0,12.5,63.0
1784036695.457,255,7.375,-3.01,0.992,0.0,19.8,64.1
1784036695.56,256,1.209,-0.038,0.172,0.0,24.4,67.8
1784036695.56,256,1.714,-0.704,0.294,0.0,15.9,75.0
1784036695.56,256,3.37,-1.82,0.637,0.0,15.1,71.1
1784036695.56,256,6.69,-2.49,1.221,0.0,13.0,62.9
1784036695.56,256,7.079,-3.19,1.173,0.0,11.8,63.8
1784036695.56,256,7.369,-3.01,1.042,0.0,19.6,64.2
1784036695.664,257,1.215,-0.076,0.1,0.0,25.6,67.3
1784036695.664,257,1.717,-0.704,0.276,0.0,14.7,76.0
1784036695.664,257,2.247,-0.506,0.206,0.0,12.7,73.2
1784036695.664,257,3.39,-1.82,0.525,0.0,15.4,71.0
1784036695.664,257,6.634,-2.49,1.5,0.0,12.4,63.5
1784036695.664,257,7.106,-3.19,1.002,0.0,11.2,64.4
1784036695.664,257,7.373,-3.01,1.007,0.0,19.2,64.5
1784036695.767,258,1.212,-0.153,0.017,0.0,23.1,67.0
1784036695.767,258,1.718,-0.704,0.272,0.0,15.0,74.9
1784036695.767,258,3.461,-1.699,0.459,0.0,16.0,71.2
1784036695.767,258,6.706,-2.49,1.135,0.0,11.3,64.2
1784036695.767,258,7.373,-3.01,1.012,0.0,19.2,64.5
1784036695.87,259,1.169,-0.037,0.144,0.0,22.7,69.2
1784036695.87,259,1.644,-0.821,0.378,0.0,11.8,75.9
1784036695.87,259,2.232,-0.578,0.178,0.0,14.3,73.9
1784036695.87,259,3.356,-1.82,0.709,0.0,15.0,71.0
1784036695.87,259,6.691,-2.49,1.217,0.0,12.5,62.6
1784036695.87,259,7.371,-3.01,1.027,0.0,19.5,64.1
1784036695.973,260,1.165,-0.037,0.169,0.0,22.7,68.4
1784036695.973,260,1.279,0.127,0.421,0.0,11.8,69.1
1784036695.973,260,2.235,-0.578,0.127,0.0,13.8,75.3
1784036695.973,260,3.36,-1.82,0.69,0.0,14.8,71.1
1784036695.973,260,6.637,-2.49,1.485,0.0,12.3,63.2
1784036695.973,260,7.194,-2.945,1.115,0.0,11.3,64.1
1784036695.973,260,7.363,-3.01,1.083,0.0,19.4,64.3
1784036696.075,261,1.2,-0.0,0.228,0.0,22.1,67.1
1784036696.075,261,1.799,-0.528,0.062,0.0,14.4,75.7
1784036696.075,261,2.2,-0.578,0.417,0.0,15.8,73.4
1784036696.075,261,3.363,-1.82,0.677,0.0,13.6,72.8
1784036696.075,261,6.643,-2.49,1.459,0.0,12.0,63.5
1784036696.075,261,7.184,-2.945,1.178,0.0,11.6,64.0
1784036696.075,261,7.36,-3.01,1.101,0.0,19.8,64.0
1784036696.177,262,1.216,-0.076,0.084,0.0,24.1,67.8
1784036696.177,262,1.776,-0.586,0.151,0.0,14.7,77.7
1784036696.177,262,1.955,0.954,-0.161,0.0,11.2,73.8
1784036696.177,262,2.227,-0.578,0.235,0.0,14.6,73.8
1784036696.177,262,3.376,-1.82,0.606,0.0,14.9,71.6
1784036696.177,262,6.693,-2.49,1.209,0.0,12.9,62.2
1784036696.177,262,7.174,-2.945,1.237,0.0,12.6,63.0
1784036696.177,262,7.361,-3.01,1.095,0.0,20.2,63.6
1784036696.228,263,1.219,-0.038,0.063,0.0,23.9,67.2
1784036696.228,263,1.752,-0.645,0.187,0.0,15.9,76.6
1784036696.228,263,1.943,1.043,-0.295,0.0,11.5,73.3
1784036696.228,263,2.208,-0.506,0.463,0.0,12.8,73.9
1784036696.228,263,3.399,-1.82,0.459,0.0,14.2,72.1
1784036696.228,263,6.656,-2.49,1.398,0.0,12.4,62.9
1784036696.228,263,7.171,-2.945,1.255,0.0,11.7,63.7
1784036696.228,263,7.36,-3.01,1.102,0.0,19.6,64.3
1784036696.38,264,1.22,-0.038,0.041,0.0,23.4,67.2
1784036696.38,264,1.751,-0.645,0.193,0.0,17.3,74.5
1784036696.38,264,3.454,-1.699,0.513,0.0,14.6,72.1
1784036696.38,264,6.679,-2.49,1.283,0.0,11.7,63.4
1784036696.38,264,7.368,-3.01,1.045,0.0,19.5,64.4
1784036696.482,265,1.173,-0.038,0.339,0.0,25.6,67.6
1784036696.482,265,1.754,-0.645,0.169,0.0,13.2,76.9
1784036696.482,265,2.093,-0.487,-0.576,0.0,11.9,72.9
1784036696.482,265,2.233,-0.515,0.545,0.0,12.5,73.7
1784036696.482,265,3.379,-1.82,0.59,0.0,13.6,72.5
1784036696.482,265,6.577,-2.49,1.73,0.0,12.5,62.6
1784036696.482,265,7.174,-2.945,1.24,0.0,11.7,63.8
1784036696.482,265,7.37,-3.01,1.032,0.0,19.9,63.8
1784036696.534,266,1.123,-0.0,0.159,0.0,12.0,69.9
1784036696.534,266,1.252,-0.0,-0.181,0.0,17.3,66.3
1784036696.534,266,1.749,-0.645,0.21,0.0,16.3,74.9
1784036696.534,266,2.111,-0.556,-0.431,0.0,11.4,74.0
1784036696.534,266,3.4,-1.82,0.45,0.0,15.0,71.5
1784036696.534,266,6.585,-2.49,1.702,0.0,11.5,63.9
1784036696.534,266,7.372,-3.01,1.02,0.0,19.6,64.1
1784036696.635,267,1.183,-0.115,0.281,0.0,22.5,67.7
1784036696.635,267,1.711,-0.704,0.313,0.0,15.1,75.4
1784036696.635,267,2.169,-0.496,-0.444,0.0,12.7,72.7
1784036696.635,267,3.441,-1.699,0.591,0.0,15.6,71.3
1784036696.635,267,6.628,-2.49,1.524,0.0,11.6,63.7
1784036696.635,267,7.371,-3.01,1.023,0.0,19.9,63.8
1784036696.736,268,1.207,-0.038,0.187,0.0,25.1,67.5
1784036696.736,268,1.714,-0.704,0.296,0.0,14.7,76.7
1784036696.736,268,2.189,-0.425,-0.418,0.0,13.3,72.9
1784036696.736,268,3.373,-1.82,0.624,0.0,13.6,72.7
1784036696.736,268,6.626,-2.49,1.534,0.0,12.8,62.6
1784036696.736,268,7.179,-2.945,1.211,0.0,11.6,63.8
1784036696.736,268,7.36,-3.01,1.099,0.0,20.0,63.9
1784036696.838,269,1.202,-0.0,0.216,0.0,21.1,67.3
1784036696.838,269,1.342,0.087,0.375,0.0,14.6,69.1
1784036696.838,269,1.925,1.023,-0.091,0.0,12.1,72.8
1784036696.838,269,3.378,-1.82,0.594,0.0,15.2,70.8
1784036696.838,269,6.469,-2.716,1.796,0.0,11.9,63.5
1784036696.838,269,7.362,-3.01,1.091,0.0,19.5,64.3
1784036696.94,270,1.206,-0.115,0.156,0.0,21.5,67.3
1784036696.94,270,1.74,-0.645,0.278,0.0,17.1,74.2
1784036696.94,270,2.064,-0.487,-0.675,0.0,13.3,71.9
1784036696.94,270,3.451,-1.699,0.533,0.0,16.5,70.6
1784036696.94,270,6.654,-2.49,1.408,0.0,11.9,63.5
1784036696.94,270,7.364,-3.01,1.076,0.0,20.1,63.9
1784036696.94,270,2.207,-0.506,0.467,0.162,22.6,63.7
1784036696.94,270,2.694,-0.524,0.514,0.325,16.6,56.3
1784036697.043,271,1.739,-0.645,0.28,0.0,17.1,73.1
1784036697.043,271,1.927,1.023,-0.031,0.0,12.7,72.2
1784036697.043,271,3.384,-1.82,0.561,0.0,14.6,71.8
1784036697.043,271,6.667,-2.49,1.341,0.0,13.0,62.4
1784036697.043,271,7.197,-2.945,1.095,0.0,12.6,63.1
1784036697.043,271,7.362,-3.01,1.091,0.0,19.7,64.0
1784036697.043,271,2.276,-0.442,0.418,0.243,25.3,56.6
1784036697.043,271,2.705,-0.62,0.584,0.487,24.2,52.1
1784036697.043,271,2.523,0.08,0.502,-0.162,12.5,59.7
1784036697.043,271,1.213,-0.0,0.144,-0.081,31.5,64.1
1784036697.043,271,3.187,-0.307,-0.675,-0.081,15.2,69.0
1784036697.146,272,1.694,-0.704,0.394,0.0,18.2,71.8
1784036697.146,272,2.043,-0.354,-0.921,0.0,14.0,71.0
1784036697.146,272,3.399,-1.82,0.457,0.0,16.0,70.4
1784036697.146,272,6.658,-2.49,1.386,0.0,13.5,61.7
1784036697.146,272,7.098,-3.19,1.058,0.0,11.4,63.3
1784036697.146,272,7.358,-3.01,1.117,0.0,21.0,63.2
1784036697.146,272,2.844,3.468,1.127,0.162,14.7,55.0
1784036697.146,272,4.293,-1.445,0.933,0.162,14.7,55.0
1784036697.146,272,2.265,-0.611,0.683,0.406,33.3,50.0
1784036697.146,272,2.815,0.089,0.335,-0.649,23.0,50.4
1784036697.146,272,2.738,0.18,0.873,-0.568,24.4,49.2
1784036697.146,272,1.106,-0.0,0.404,-0.162,40.1,49.5
1784036697.146,272,1.116,-0.074,0.369,-0.162,40.1,49.5
1784036697.146,272,1.384,0.131,0.125,-0.162,14.8,65.2
1784036697.146,272,5.035,-1.845,0.204,-0.162,11.6,56.6
1784036697.146,272,6.632,0.461,-3.189,-0.162,15.9,55.8
1784036697.25,273,1.667,-0.762,0.401,0.0,18.3,71.2
1784036697.25,273,1.961,0.954,-0.06,0.0,13.4,71.7
1784036697.25,273,2.046,-0.425,-0.884,0.0,13.6,71.0
1784036697.25,273,3.361,-1.82,0.685,0.0,15.3,71.2
1784036697.25,273,6.654,-2.49,1.407,0.0,13.2,62.1
1784036697.25,273,7.363,-3.01,1.078,0.0,20.6,63.7
1784036697.25,273,2.402,-0.389,0.513,0.487,35.2,51.6
1784036697.25,273,2.807,0.183,0.795,-0.325,16.5,58.1
1784036697.25,273,1.156,0.147,0.173,-0.162,40.1,51.5
1784036697.351,274,1.667,-0.762,0.399,0.0,14.0,75.1
1784036697.351,274,1.961,0.954,-0.048,0.0,12.5,72.3
1784036697.351,274,3.376,-1.82,0.605,0.0,15.2,71.1
1784036697.351,274,6.66,-2.49,1.378,0.0,13.1,62.2
1784036697.351,274,7.363,-3.01,1.079,0.0,20.4,63.5
1784036697.351,274,2.691,3.613,1.045,0.162,15.6,56.7
1784036697.351,274,2.464,0.237,0.523,-0.649,37.4,53.2
1784036697.351,274,4.554,-0.286,0.4,-0.649,15.0,56.1
1784036697.351,274,1.115,0.071,0.197,-0.325,39.0,47.5
1784036697.351,274,1.162,0.074,0.178,-0.162,30.3,52.5
1784036697.351,274,1.297,0.305,0.418,-0.081,14.1,69.0
1784036697.351,274,3.015,0.29,0.648,-0.081,13.9,67.6
1784036697.453,275,1.672,-0.762,0.379,0.0,15.6,73.4
1784036697.453,275,2.022,-0.417,-0.83,0.0,13.8,70.9
1784036697.453,275,3.387,-1.82,0.538,0.0,14.9,71.9
1784036697.453,275,6.687,-2.49,1.238,0.0,12.3,63.1
1784036697.453,275,7.361,-3.01,1.095,0.0,19.9,64.5
1784036697.453,275,1.139,0.294,-0.063,0.081,25.2,65.0
1784036697.453,275,1.879,-0.24,0.31,0.243,24.0,57.7
1784036697.453,275,2.569,0.245,0.439,-0.649,33.8,51.9
1784036697.453,275,2.612,0.507,0.487,-0.568,22.4,59.3
1784036697.453,275,1.125,0.11,0.332,-0.162,39.2,49.7
1784036697.555,276,1.667,-0.762,0.401,0.0,18.7,70.4
1784036697.555,276,2.119,-0.496,-0.64,0.0,12.5,71.4
1784036697.555,276,3.36,-1.82,0.69,0.0,14.1,71.8
1784036697.555,276,6.606,-2.49,1.618,0.0,12.7,63.0
1784036697.555,276,7.353,-3.01,1.147,0.0,19.8,64.2
1784036697.555,276,8.479,-0.0,1.109,0.0,14.5,61.3
1784036697.555,276,1.247,0.524,0.347,0.162,11.8,68.2
1784036697.555,276,1.102,0.405,-0.094,0.243,42.1,49.8
1784036697.555,276,2.641,-0.25,0.216,0.568,27.6,56.4
1784036697.555,276,2.346,0.082,1.159,-0.649,26.8,54.4
1784036697.555,276,2.738,0.62,0.401,-0.649,14.8,65.4
1784036697.555,276,4.644,-0.438,0.192,-0.649,14.8,56.7
1784036697.657,277,1.673,-0.762,0.372,0.0,18.5,70.5
1784036697.657,277,2.089,-0.425,-0.776,0.0,11.5,73.1
1784036697.657,277,3.362,-1.82,0.68,0.0,14.0,71.8
1784036697.657,277,6.665,-2.49,1.356,0.0,12.8,63.0
1784036697.657,277,7.352,-3.01,1.152,0.0,19.7,64.2
1784036697.657,277,1.204,0.611,0.354,0.162,18.2,59.6
1784036697.657,277,1.92,-0.123,0.391,0.162,20.6,63.4
1784036697.657,277,2.694,-0.258,0.483,0.487,23.5,57.9
1784036697.657,277,2.794,-0.089,0.479,0.487,20.2,60.0
1784036697.657,277,2.628,0.25,0.336,-0.649,19.6,58.6
1784036697.657,277,0.902,0.157,-0.412,-0.406,30.9,47.1
1784036697.657,277,1.04,0.273,0.183,-0.162,34.2,50.3
1784036697.758,278,1.672,-0.762,0.377,0.0,15.9,73.1
1784036697.758,278,3.382,-1.82,0.574,0.0,14.0,72.6
1784036697.758,278,6.678,-2.49,1.286,0.0,12.5,63.1
1784036697.758,278,7.357,-3.01,1.118,0.0,19.6,64.5
1784036697.758,278,1.097,0.534,0.059,0.162,21.1,51.6
1784036697.758,278,2.829,-0.09,0.53,0.325,17.9,60.4
1784036697.758,278,2.623,-0.429,0.7,0.568,31.3,55.7
1784036697.758,278,0.948,0.314,-0.099,-0.162,36.8,50.6
1784036697.861,279,0.945,0.477,0.262,0.0,12.3,68.3
1784036697.861,279,1.67,-0.762,0.386,0.0,19.9,69.1
1784036697.861,279,3.354,-1.82,0.715,0.0,13.8,72.0
1784036697.861,279,6.666,-2.49,1.351,0.0,12.5,63.0
1784036697.861,279,7.357,-3.01,1.12,0.0,19.8,64.3
1784036697.861,279,8.455,-0.271,1.953,0.0,14.4,60.6
1784036697.861,279,1.076,0.573,0.078,0.162,24.5,55.0
1784036697.861,279,2.952,-0.185,0.227,0.487,15.5,60.1
1784036697.861,279,4.697,-1.222,0.571,0.568,15.5,56.0
1784036697.861,279,2.783,0.72,0.175,-0.568,21.7,53.4
1784036697.861,279,0.947,0.36,0.266,-0.243,39.8,48.4
1784036697.861,279,1.108,0.695,-0.034,-0.243,13.4,62.1
1784036697.861,279,1.398,0.27,0.213,-0.243,11.6,60.2
1784036697.963,280,1.672,-0.762,0.378,0.0,22.7,66.4
1784036697.963,280,2.066,-0.354,-0.867,0.0,11.3,73.1
1784036697.963,280,3.377,-1.82,0.599,0.0,15.4,71.0
1784036697.963,280,6.662,-2.49,1.367,0.0,12.6,63.3
1784036697.963,280,7.36,-3.01,1.102,0.0,19.5,64.6
1784036697.963,280,8.543,-0.545,1.69,0.0,16.7,60.4
1784036697.963,280,1.991,0.589,0.276,0.325,21.8,52.5
1784036697.963,280,2.798,0.36,0.579,-0.568,36.2,50.7
1784036697.963,280,4.909,-0.308,0.34,-0.568,18.8,55.7
1784036697.963,280,1.126,0.294,0.182,-0.487,23.3,53.0
1784036697.963,280,0.995,0.751,0.216,-0.325,17.2,59.6
1784036697.963,280,0.913,0.408,0.086,-0.243,38.0,49.3
1784036697.963,280,0.929,0.545,0.173,-0.081,13.9,63.7
1784036698.065,281,1.673,-0.762,0.375,0.0,21.5,67.5
1784036698.065,281,2.098,-0.425,-0.751,0.0,11.6,73.3
1784036698.065,281,3.367,-1.82,0.653,0.0,15.4,70.7
1784036698.065,281,6.673,-2.49,1.315,0.0,12.6,63.2
1784036698.065,281,7.358,-3.01,1.112,0.0,19.8,64.3
1784036698.065,281,8.523,-0.273,1.848,0.0,17.0,61.0
1784036698.065,281,3.099,-2.435,1.135,0.243,15.5,62.7
1784036698.065,281,2.861,0.365,0.477,-0.487,32.5,53.2
1784036698.065,281,4.957,-0.155,0.375,-0.406,14.3,55.9
1784036698.065,281,0.862,0.47,0.207,-0.325,37.3,47.5
1784036698.167,282,1.672,-0.762,0.379,0.0,23.8,65.2
1784036698.167,282,2.018,-0.417,-0.839,0.0,11.3,73.5
1784036698.167,282,3.365,-1.82,0.663,0.0,15.7,70.5
1784036698.167,282,6.686,-2.49,1.246,0.0,12.3,63.4
1784036698.167,282,7.352,-3.01,1.15,0.0,19.4,64.5
1784036698.167,282,8.49,-0.273,1.995,0.0,16.1,61.1
1784036698.167,282,0.799,0.51,0.152,-0.325,39.6,46.7
1784036698.167,282,3.027,0.382,-0.133,-0.325,27.9,55.1
1784036698.167,282,5.087,-0.16,0.391,-0.243,15.3,55.2
1784036698.167,282,0.776,0.54,-0.167,-0.081,15.0,64.9
1784036698.27,283,1.673,-0.762,0.372,0.0,23.1,66.0
1784036698.27,283,2.063,-0.425,-0.842,0.0,11.7,73.1
1784036698.27,283,3.377,-1.82,0.598,0.0,15.2,71.3
1784036698.27,283,6.671,-2.49,1.323,0.0,12.8,62.8
1784036698.27,283,7.363,-3.01,1.082,0.0,19.9,64.1
1784036698.27,283,8.437,-0.545,2.16,0.0,14.1,62.1
1784036698.27,283,0.789,0.988,0.044,0.325,20.6,48.6
1784036698.27,283,2.188,-2.761,-0.28,-0.487,12.0,59.3
1784036698.27,283,2.65,-1.188,0.338,-0.406,20.1,57.9
1784036698.27,283,2.12,2.01,0.107,-0.406,20.1,57.9
1784036698.27,283,3.085,0.491,0.332,-0.325,25.3,61.4
1784036698.27,283,3.762,-3.569,0.25,-0.325,16.7,55.4
1784036698.27,283,0.719,0.544,0.163,-0.243,40.2,47.5
1784036698.384,284,1.673,-0.762,0.373,0.0,21.7,67.4
1784036698.384,284,3.363,-1.82,0.675,0.0,15.1,71.0
1784036698.384,284,6.653,-2.49,1.412,0.0,11.9,63.7
1784036698.384,284,7.361,-3.01,1.092,0.0,19.1,64.9
1784036698.384,284,8.418,-0.545,2.23,0.0,14.6,62.2
1784036698.384,284,0.761,1.063,0.049,0.325,26.0,48.1
1784036698.384,284,1.298,1.636,0.151,0.325,29.1,54.3
1784036698.384,284,3.213,0.303,0.087,-0.568,26.9,54.2
1784036698.384,284,3.267,0.414,0.39,-0.568,26.4,54.1
1784036698.384,284,2.246,-2.829,-0.253,-0.568,14.6,58.6
1784036698.384,284,3.313,-0.792,1.228,-0.568,14.6,58.6
1784036698.384,284,5.302,-0.166,0.439,-0.487,16.6,54.9
1784036698.384,284,5.226,-0.165,0.725,-0.406,17.2,54.3
1784036698.384,284,0.937,0.603,0.214,-0.243,13.0,57.0
1784036698.384,284,0.601,0.627,0.08,-0.162,29.4,51.6
1784036698.384,284,0.742,0.533,0.416,-0.081,11.8,62.4
1784036698.436,285,1.673,-0.762,0.376,0.0,19.2,69.8
1784036698.436,285,3.371,-1.82,0.631,0.0,15.2,70.8
1784036698.436,285,6.617,-2.49,1.57,0.0,12.1,63.5
1784036698.436,285,7.365,-3.01,1.067,0.0,19.2,64.8
1784036698.436,285,8.4,-0.273,2.347,0.0,13.6,63.3
1784036698.436,285,1.331,1.67,0.1,0.243,25.4,57.6
1784036698.436,285,3.282,0.414,0.229,-0.649,29.2,53.7
1784036698.436,285,0.814,0.654,0.076,-0.162,17.1,56.5
1784036698.436,285,0.571,0.654,0.081,-0.081,18.5,64.4
1784036698.536,286,1.323,0.908,-0.175,0.0,11.4,64.8
1784036698.536,286,1.673,-0.762,0.375,0.0,19.8,69.2
1784036698.536,286,2.055,-0.425,-0.863,0.0,11.3,73.1
1784036698.536,286,3.382,-1.82,0.571,0.0,15.1,71.5
1784036698.536,286,6.643,-2.49,1.458,0.0,11.6,63.5
1784036698.536,286,7.36,-3.01,1.098,0.0,19.4,64.7
1784036698.536,286,8.443,-0.545,2.135,0.0,14.0,62.7
1784036698.536,286,0.637,0.659,-0.017,0.081,13.3,62.2
1784036698.536,286,1.411,1.636,-0.303,0.243,24.0,56.3
1784036698.536,286,2.123,-0.477,0.152,0.243,24.0,56.3
1784036698.536,286,1.579,1.977,-0.026,0.243,11.4,62.0
1784036698.536,286,2.402,-0.712,0.355,0.243,11.4,62.0
1784036698.536,286,4.059,-1.19,0.131,0.243,11.8,59.6
1784036698.536,286,3.459,2.38,0.527,0.243,11.8,59.6
1784036698.536,286,5.432,-0.0,0.479,-0.487,18.7,52.1
1784036698.536,286,3.414,0.654,0.315,-0.325,25.2,50.4
1784036698.536,286,0.537,0.682,-0.091,-0.081,13.4,63.7
1784036698.64,287,1.671,-0.762,0.381,0.0,20.1,68.9
1784036698.64,287,3.351,-1.82,0.73,0.0,14.2,71.9
1784036698.64,287,6.661,-2.49,1.375,0.0,12.9,62.5
1784036698.64,287,7.367,-3.01,1.052,0.0,20.2,63.7
1784036698.64,287,8.385,-0.545,2.351,0.0,12.8,63.2
1784036698.64,287,0.53,0.744,-0.065,0.081,15.5,63.9
1784036698.64,287,0.501,0.544,0.375,0.162,30.8,50.2
1784036698.64,287,0.727,0.753,-0.043,0.243,24.7,54.0
1784036698.64,287,1.245,1.772,-0.258,0.243,18.4,57.8
1784036698.742,288,0.468,0.736,0.001,0.0,20.6,65.4
1784036698.742,288,1.309,0.908,-0.261,0.0,11.3,65.4
1784036698.742,288,1.671,-0.762,0.381,0.0,20.0,69.0
1784036698.742,288,3.376,-1.82,0.609,0.0,14.0,71.8
1784036698.742,288,6.603,-2.49,1.628,0.0,13.0,62.5
1784036698.742,288,7.374,-3.01,1.003,0.0,20.1,64.1
1784036698.742,288,8.471,-0.0,1.166,0.0,11.3,66.4
1784036698.742,288,2.148,-0.487,0.319,0.325,22.9,54.9
1784036698.742,288,1.194,1.877,0.011,0.325,22.9,54.9
1784036698.742,288,3.385,0.539,0.361,-0.649,28.7,50.2
1784036698.742,288,5.124,-0.811,0.215,-0.649,15.7,54.7
1784036698.843,289,1.321,0.908,-0.188,0.0,12.4,64.2
1784036698.843,289,1.671,-0.762,0.381,0.0,19.3,69.8
1784036698.843,289,3.387,-1.82,0.54,0.0,14.2,72.7
1784036698.843,289,6.664,-2.49,1.357,0.0,11.7,63.5
1784036698.843,289,7.356,-3.01,1.127,0.0,19.2,64.8
1784036698.843,289,8.248,-0.545,2.794,0.0,12.5,63.5
1784036698.843,289,0.474,0.654,0.329,0.325,27.1,46.9
1784036698.843,289,2.207,-0.496,0.179,0.406,24.8,53.0
1784036698.843,289,3.488,0.552,0.126,-0.487,28.9,51.5
1784036698.843,289,5.613,-0.0,0.417,-0.406,18.8,53.0
1784036698.946,290,1.328,0.908,-0.134,0.0,13.7,62.9
1784036698.946,290,1.672,-0.762,0.377,0.0,20.1,68.9
1784036698.946,290,3.368,-1.82,0.651,0.0,13.5,72.6
1784036698.946,290,6.657,-2.49,1.392,0.0,12.3,62.9
1784036698.946,290,7.365,-3.01,1.065,0.0,19.8,64.4
1784036698.946,290,8.26,-0.545,2.76,0.0,11.8,64.0
1784036698.946,290,2.188,-0.506,0.55,0.487,22.8,52.5
1784036698.946,290,3.581,0.453,0.287,-0.487,26.2,51.6
1784036699.048,291,1.327,0.908,-0.144,0.0,13.2,63.4
1784036699.048,291,1.671,-0.762,0.382,0.0,20.4,68.6
1784036699.048,291,3.369,-1.82,0.642,0.0,13.0,72.9
1784036699.048,291,6.678,-2.49,1.286,0.0,12.3,63.0
1784036699.048,291,7.37,-3.01,1.03,0.0,19.6,64.5
1784036699.048,291,8.337,-0.545,2.516,0.0,12.3,63.8
1784036699.048,291,1.443,2.319,0.307,0.406,14.7,55.3
1784036699.048,291,3.643,0.579,0.386,-0.568,22.8,52.8
1784036699.15,292,1.326,0.908,-0.149,0.0,12.5,64.0
1784036699.15,292,1.672,-0.762,0.376,0.0,19.6,69.3
1784036699.15,292,3.388,-1.82,0.533,0.0,14.9,72.3
1784036699.15,292,6.677,-2.49,1.292,0.0,11.5,63.6
1784036699.15,292,7.368,-3.01,1.048,0.0,19.2,65.0
1784036699.15,292,8.329,-0.273,2.586,0.0,13.1,64.0
1784036699.15,292,1.257,1.988,-0.134,0.243,16.3,55.9
1784036699.15,292,3.703,-0.469,0.38,0.568,20.3,54.0
1784036699.251,293,1.29,0.958,-0.154,0.0,13.2,63.4
1784036699.251,293,1.672,-0.762,0.378,0.0,20.2,68.7
1784036699.251,293,3.372,-1.82,0.626,0.0,13.5,72.9
1784036699.251,293,6.681,-2.49,1.275,0.0,11.7,63.5
1784036699.251,293,7.371,-3.01,1.026,0.0,19.3,64.8
1784036699.251,293,8.387,-0.273,2.393,0.0,13.2,63.7
1784036699.251,293,3.766,-0.474,0.033,0.487,21.9,52.4
1784036699.353,294,1.291,0.958,-0.147,0.0,12.9,63.8
1784036699.353,294,1.673,-0.762,0.374,0.0,19.7,69.2
1784036699.353,294,2.087,-0.425,-0.782,0.0,11.7,73.2
1784036699.353,294,3.373,-1.82,0.621,0.0,12.8,73.3
1784036699.353,294,6.659,-2.49,1.38,0.0,11.5,63.9
1784036699.353,294,7.38,-3.01,0.956,0.0,18.9,65.2
1784036699.353,294,8.48,-0.273,2.036,0.0,12.0,63.6
1784036699.353,294,3.928,-0.634,0.797,0.243,17.6,54.9
1784036699.353,294,5.744,-1.483,0.115,0.406,16.0,51.8
1784036699.353,294,0.512,0.81,0.057,-0.162,13.5,52.1
1784036699.457,295,1.324,0.908,-0.172,0.0,13.7,62.8
1784036699.457,295,1.673,-0.762,0.375,0.0,20.3,68.6
1784036699.457,295,3.386,-1.82,0.549,0.0,14.4,72.7
1784036699.457,295,6.656,-2.49,1.398,0.0,11.6,63.7
1784036699.457,295,7.384,-3.01,0.925,0.0,19.2,65.0
1784036699.56,296,1.325,0.908,-0.163,0.0,13.8,62.7
1784036699.56,296,1.673,-0.762,0.375,0.0,20.3,68.6
1784036699.56,296,3.369,-1.82,0.643,0.0,13.7,72.7
1784036699.56,296,7.373,-3.01,1.01,0.0,18.8,65.3
1784036699.56,296,3.797,-0.744,0.891,0.243,16.5,53.7
1784036699.56,296,0.566,0.815,-0.147,-0.162,18.8,51.7
1784036699.662,297,1.326,0.908,-0.153,0.0,13.1,63.5
1784036699.662,297,1.675,-0.762,0.365,0.0,19.7,69.2
1784036699.662,297,3.379,-1.82,0.587,0.0,13.1,73.3
1784036699.662,297,6.65,-2.49,1.428,0.0,12.0,63.5
1784036699.662,297,7.374,-3.01,1.001,0.0,19.4,64.8
1784036699.662,297,3.868,-0.769,1.126,0.162,23.9,57.6
1784036699.662,297,3.819,-0.744,0.789,0.243,19.6,55.3
1784036699.662,297,5.643,-1.881,0.932,0.243,12.3,54.0
1784036699.764,298,1.325,0.908,-0.163,0.0,11.5,64.9
1784036699.764,298,1.672,-0.762,0.376,0.0,19.7,69.2
1784036699.764,298,3.375,-1.82,0.613,0.0,13.6,72.7
1784036699.764,298,6.666,-2.49,1.346,0.0,11.5,64.0
1784036699.764,298,7.371,-3.01,1.027,0.0,19.1,65.1
1784036699.764,298,3.846,-0.62,0.766,0.243,19.5,54.4
1784036699.764,298,3.893,-0.777,1.191,0.243,18.0,57.6
1784036699.866,299,1.325,0.908,-0.164,0.0,12.5,63.9
1784036699.866,299,1.673,-0.762,0.375,0.0,20.2,68.8
1784036699.866,299,3.301,-1.941,0.641,0.0,12.7,73.2
1784036699.866,299,6.655,-2.49,1.403,0.0,12.2,63.2
1784036699.866,299,7.365,-3.01,1.064,0.0,19.8,64.5
1784036699.866,299,3.896,-0.753,0.602,0.325,23.0,52.2
1784036699.866,299,4.02,-0.654,0.976,0.325,20.7,57.2
1784036699.968,300,1.326,0.908,-0.153,0.0,13.5,62.9
1784036699.968,300,1.675,-0.762,0.363,0.0,19.8,69.1
1784036699.968,300,3.436,-1.699,0.619,0.0,13.4,73.1
1784036699.968,300,6.671,-2.49,1.326,0.0,11.5,63.8
1784036699.968,300,7.366,-3.01,1.062,0.0,19.3,65.1
1784036699.968,300,2.474,-0.474,0.242,0.243,12.0,55.9
1784036699.968,300,4.007,-0.785,0.932,0.325,21.4,55.2
1784036700.071,301,1.324,0.908,-0.17,0.0,13.0,63.4
1784036700.071,301,1.673,-0.762,0.374,0.0,20.2,68.7
1784036700.071,301,2.099,-0.425,-0.748,0.0,11.2,73.2
1784036700.071,301,3.362,-1.82,0.677,0.0,12.9,73.1
1784036700.071,301,6.677,-2.49,1.291,0.0,11.9,63.5
1784036700.071,301,7.364,-3.01,1.072,0.0,19.5,64.8
1784036700.071,301,4.081,-0.793,0.791,0.487,23.4,54.0
1784036700.172,302,1.324,0.908,-0.167,0.0,12.6,63.8
1784036700.172,302,1.673,-0.762,0.373,0.0,20.2,68.7
1784036700.172,302,2.024,-0.354,-0.962,0.0,11.3,73.2
1784036700.172,302,3.383,-1.82,0.564,0.0,14.4,72.2
1784036700.172,302,6.663,-2.49,1.363,0.0,11.6,63.7
1784036700.172,302,7.37,-3.01,1.032,0.0,19.4,65.0
1784036700.172,302,2.563,-0.08,0.222,0.243,18.7,55.5
1784036700.172,302,3.985,-0.641,0.725,0.406,20.9,52.7
1784036700.172,302,4.106,-0.802,0.882,0.406,14.3,58.6
1784036700.274,303,1.29,0.958,-0.156,0.0,12.2,64.3
1784036700.274,303,1.675,-0.762,0.365,0.0,19.4,69.5
1784036700.274,303,2.084,-0.556,-0.547,0.0,11.4,73.7
1784036700.274,303,3.36,-1.82,0.69,0.0,13.4,72.2
1784036700.274,303,7.363,-3.01,1.079,0.0,18.5,65.9
1784036700.274,303,1.427,2.127,0.54,0.162,11.4,59.9
1784036700.274,303,2.554,-0.573,0.036,0.162,11.4,59.9
1784036700.274,303,3.959,-0.634,0.624,0.325,22.2,52.1
1784036700.376,304,1.286,0.958,-0.186,0.0,13.1,63.3
1784036700.376,304,1.674,-0.762,0.367,0.0,20.5,68.4
1784036700.376,304,3.308,-1.941,0.605,0.0,12.1,73.7
1784036700.376,304,6.647,-2.49,1.439,0.0,12.8,62.6
1784036700.376,304,7.469,-2.76,1.019,0.0,20.2,64.1
1784036700.427,305,1.287,0.958,-0.174,0.0,13.3,63.2
1784036700.427,305,1.674,-0.762,0.367,0.0,20.0,68.9
1784036700.427,305,3.455,-1.699,0.503,0.0,12.1,74.4
1784036700.427,305,6.659,-2.49,1.382,0.0,11.6,63.7
1784036700.427,305,7.362,-3.01,1.09,0.0,19.3,65.0
1784036700.427,305,4.176,-0.81,0.75,-0.162,16.2,58.4
1784036700.531,306,1.324,0.908,-0.171,0.0,11.6,64.8
1784036700.531,306,1.674,-0.762,0.367,0.0,19.8,69.2
1784036700.531,306,2.102,-0.425,-0.741,0.0,11.8,73.4
1784036700.531,306,3.35,-1.82,0.736,0.0,12.8,73.1
1784036700.531,306,6.673,-2.49,1.315,0.0,11.2,64.0
1784036700.531,306,7.362,-3.01,1.086,0.0,19.0,65.2
1784036700.531,306,4.139,-0.935,0.527,-0.325,16.4,54.2
1784036700.531,306,4.16,-0.945,0.677,-0.243,13.4,58.5
1784036700.531,306,4.007,-0.785,0.934,-0.162,16.5,61.1
1784036700.531,306,5.751,-1.963,1.593,-0.162,12.2,53.7
1784036700.685,307,1.325,0.908,-0.156,0.0,12.5,64.0
1784036700.685,307,1.673,-0.762,0.375,0.0,19.8,69.1
1784036700.685,307,3.377,-1.82,0.599,0.0,13.0,72.9
1784036700.685,307,6.66,-2.49,1.377,0.0,11.6,64.1
1784036700.685,307,7.366,-3.01,1.062,0.0,19.1,65.3
1784036700.685,307,5.681,-1.755,1.89,-0.325,14.0,53.5
1784036700.685,307,2.533,-0.327,-0.576,-0.243,12.6,55.0
1784036700.685,307,1.605,1.963,0.65,-0.243,12.6,55.0
1784036700.736,308,1.325,0.908,-0.163,0.0,12.8,63.7
1784036700.736,308,1.675,-0.762,0.366,0.0,19.9,69.0
1784036700.736,308,3.449,-1.699,0.543,0.0,13.5,73.2
1784036700.736,308,6.668,-2.49,1.337,0.0,11.6,63.7
1784036700.736,308,7.362,-3.01,1.085,0.0,19.1,65.1
1784036700.736,308,1.733,2.181,0.19,-0.568,17.2,52.1
1784036700.736,308,2.651,-0.349,0.803,-0.568,17.2,52.1
1784036700.736,308,3.864,-0.769,1.14,-0.568,23.5,53.8
1784036700.736,308,5.808,-1.73,1.054,-0.568,15.1,51.8
1784036700.736,308,2.571,-0.08,0.087,-0.325,18.7,53.2
1784036700.838,309,1.291,0.958,-0.142,0.0,12.5,63.9
1784036700.838,309,1.674,-0.762,0.367,0.0,20.2,68.6
1784036700.838,309,3.29,-1.941,0.696,0.0,13.0,73.1
1784036700.838,309,6.67,-2.49,1.33,0.0,11.3,63.9
1784036700.838,309,7.37,-3.01,1.031,0.0,19.0,65.3
1784036700.838,309,3.451,-1.737,0.915,0.568,20.3,53.1
1784036700.838,309,1.586,2.233,0.231,-0.649,17.6,52.3
1784036700.838,309,2.676,-0.258,0.57,-0.649,17.6,52.3
1784036700.838,309,5.706,-1.718,1.339,-0.649,14.8,54.0
1784036700.838,309,1.376,2.172,0.12,-0.568,17.8,50.8
1784036700.838,309,3.911,-0.777,1.13,-0.568,21.9,56.3
1784036700.838,309,1.301,2.098,0.299,-0.487,18.1,51.9
1784036700.941,310,1.327,0.908,-0.139,0.0,12.0,64.3
1784036700.941,310,1.673,-0.762,0.372,0.0,20.1,68.8
1784036700.941,310,2.097,-0.425,-0.755,0.0,12.0,73.1
1784036700.941,310,3.369,-1.82,0.643,0.0,13.0,72.7
1784036700.941,310,6.684,-2.49,1.256,0.0,11.3,64.1
1784036700.941,310,7.369,-3.01,1.04,0.0,18.8,65.3
1784036700.941,310,3.861,-0.744,0.549,-0.568,20.6,52.8
1784036700.941,310,3.985,-0.641,0.726,-0.487,17.9,53.8
1784036700.941,310,5.651,-1.693,1.204,-0.487,14.0,53.0
1784036701.047,311,1.324,0.908,-0.167,0.0,11.9,64.4
1784036701.047,311,1.675,-0.762,0.366,0.0,20.2,68.7
1784036701.047,311,3.393,-1.82,0.5,0.0,13.9,73.2
1784036701.047,311,6.662,-2.49,1.367,0.0,11.8,63.6
1784036701.047,311,7.368,-3.01,1.047,0.0,19.2,65.0
1784036701.047,311,3.872,-0.634,1.033,-0.406,17.7,56.3
1784036701.047,311,3.858,-0.614,0.393,-0.325,19.6,57.5
1784036701.151,312,1.325,0.908,-0.162,0.0,13.5,62.8
1784036701.151,312,1.674,-0.762,0.371,0.0,20.0,68.8
1784036701.151,312,3.371,-1.82,0.635,0.0,13.9,72.7
1784036701.151,312,6.666,-2.49,1.347,0.0,11.9,63.3
1784036701.151,312,7.369,-3.01,1.038,0.0,19.6,64.7
1784036701.151,312,0.519,0.589,-0.002,0.568,19.9,45.7
1784036701.151,312,5.639,-1.868,0.662,-0.325,15.3,52.5
1784036701.151,312,3.799,-0.728,0.339,-0.243,19.0,57.9
1784036701.254,313,1.327,0.908,-0.141,0.0,13.4,63.0
1784036701.254,313,1.674,-0.762,0.37,0.0,20.2,68.7
1784036701.254,313,2.072,-0.425,-0.82,0.0,12.1,73.1
1784036701.254,313,3.377,-1.82,0.6,0.0,13.4,72.7
1784036701.254,313,6.66,-2.49,1.378,0.0,11.8,63.5
1784036701.254,313,7.374,-3.01,1.005,0.0,19.3,64.9
1784036701.254,313,2.35,-0.45,-0.176,-0.487,22.6,51.2
1784036701.254,313,1.269,2.061,0.332,-0.243,18.0,56.7
1784036701.254,313,3.782,-0.607,0.637,-0.243,20.0,58.0
1784036701.366,314,1.326,0.908,-0.148,0.0,12.2,64.1
1784036701.366,314,1.675,-0.762,0.363,0.0,19.8,69.1
1784036701.366,314,3.389,-1.82,0.531,0.0,13.8,73.1
1784036701.366,314,7.365,-3.01,1.066,0.0,18.6,65.6
1784036701.366,314,3.853,-0.753,0.835,-0.487,19.2,54.5
1784036701.366,314,3.758,-0.72,0.321,-0.406,22.4,54.3
1784036701.366,314,3.734,-0.62,1.197,-0.406,16.9,57.1
1784036701.366,314,2.352,-0.3,-0.37,-0.243,12.9,57.9
1784036701.366,314,3.872,-0.368,0.538,-0.243,19.1,58.4
1784036701.469,315,1.326,0.908,-0.15,0.0,13.0,63.3
1784036701.469,315,1.674,-0.762,0.369,0.0,20.1,68.8
1784036701.469,315,2.093,-0.626,-0.425,0.0,11.3,73.8
1784036701.469,315,3.358,-1.82,0.699,0.0,14.2,72.0
1784036701.469,315,6.656,-2.49,1.397,0.0,11.2,64.1
1784036701.469,315,7.371,-3.01,1.026,0.0,18.7,65.5
1784036701.469,315,3.687,-0.593,0.677,-0.487,23.6,52.7
1784036701.469,315,0.512,0.81,-0.055,-0.406,13.9,53.4
1784036701.571,316,1.324,0.908,-0.165,0.0,13.1,63.3
1784036701.571,316,1.675,-0.762,0.365,0.0,19.8,69.0
1784036701.571,316,3.386,-1.82,0.548,0.0,14.2,72.5
1784036701.571,316,7.367,-3.01,1.056,0.0,18.8,65.4
1784036701.571,316,8.492,-0.0,1.006,0.0,11.6,64.7
1784036701.571,316,3.641,-0.704,0.573,-0.649,27.7,49.9
1784036701.571,316,3.821,-0.744,0.781,-0.649,12.5,57.5
1784036701.571,316,3.786,-0.36,0.529,-0.487,18.4,57.7
1784036701.673,317,1.325,0.908,-0.164,0.0,13.1,63.2
1784036701.673,317,1.674,-0.762,0.369,0.0,20.2,68.8
1784036701.673,317,3.372,-1.82,0.63,0.0,14.5,71.5
1784036701.673,317,7.339,-3.01,1.235,0.0,18.1,66.1
1784036701.673,317,8.473,0.267,1.121,0.0,11.3,64.3
1784036701.673,317,3.248,-1.489,0.817,0.487,24.1,49.7
1784036701.673,317,4.888,-2.879,0.991,0.568,12.5,52.4
1784036701.673,317,1.18,1.914,0.299,-0.568,18.2,52.8
1784036701.673,317,3.609,-0.469,0.912,-0.568,20.6,55.8
1784036701.775,318,1.327,0.908,-0.146,0.0,12.8,63.5
1784036701.775,318,1.674,-0.762,0.368,0.0,20.3,68.6
1784036701.775,318,2.1,-0.425,-0.747,0.0,11.3,73.5
1784036701.775,318,3.363,-1.82,0.673,0.0,13.5,72.6
1784036701.775,318,6.662,-2.49,1.367,0.0,11.4,63.9
1784036701.775,318,7.338,-3.01,1.236,0.0,19.2,65.1
1784036701.775,318,3.607,-0.579,0.639,-0.487,22.4,57.8
1784036701.775,318,0.327,0.552,-0.128,-0.406,26.5,49.4
1784036701.775,318,1.234,1.737,-0.172,-0.406,20.0,55.0
1784036701.879,319,1.318,0.908,-0.208,0.0,12.8,63.7
1784036701.879,319,1.674,-0.762,0.369,0.0,19.6,69.3
1784036701.879,319,2.046,-0.425,-0.882,0.0,11.3,73.5
1784036701.879,319,3.383,-1.82,0.563,0.0,14.6,72.0
1784036701.879,319,6.683,-2.49,1.26,0.0,11.4,63.9
1784036701.879,319,7.341,-3.01,1.219,0.0,18.9,65.4
1784036701.879,319,3.634,-0.821,0.444,-0.649,15.3,57.1
1784036701.879,319,3.382,-0.663,0.783,-0.568,18.0,54.1
1784036701.879,319,5.217,-1.935,0.847,-0.568,15.2,53.8
1784036701.879,319,3.613,-0.573,0.225,-0.487,21.9,56.3
1784036701.982,320,1.324,0.908,-0.172,0.0,12.7,63.2
1784036701.982,320,1.674,-0.762,0.368,0.0,20.5,68.4
1784036701.982,320,2.073,-0.425,-0.819,0.0,11.9,73.2
1784036701.982,320,3.366,-1.82,0.661,0.0,14.2,71.9
1784036701.982,320,6.675,-2.49,1.304,0.0,11.6,63.5
1784036701.982,320,7.346,-3.01,1.189,0.0,19.3,64.9
1784036701.982,320,8.487,-0.0,1.048,0.0,11.5,64.3
1784036701.982,320,3.293,-0.646,0.788,-0.568,19.0,56.8
1784036701.982,320,5.177,-2.094,-0.064,-0.568,12.2,54.0
1784036701.982,320,3.558,-0.453,0.501,-0.487,23.9,56.5
1784036701.982,320,1.223,1.737,0.24,-0.325,22.6,56.4
1784036701.982,320,4.662,-2.145,1.237,-0.325,14.0,54.4
1784036701.982,320,0.473,0.614,0.127,-0.081,16.6,60.2
1784036702.036,321,1.347,0.858,-0.235,0.0,12.8,63.6
1784036702.036,321,1.675,-0.762,0.364,0.0,20.5,68.4
1784036702.036,321,2.096,-0.425,-0.756,0.0,11.9,72.9
1784036702.036,321,3.365,-1.82,0.663,0.0,14.2,71.9
1784036702.036,321,5.499,-2.307,1.51,0.0,11.4,63.7
1784036702.036,321,6.66,-2.49,1.38,0.0,12.0,63.3
1784036702.036,321,7.351,-3.01,1.156,0.0,19.2,64.9
1784036702.036,321,0.629,0.573,0.195,0.162,12.5,57.1
1784036702.036,321,2.35,-0.534,0.404,0.243,18.2,54.5
1784036702.036,321,1.691,1.756,0.164,0.243,18.2,54.5
1784036702.036,321,3.008,-1.811,0.889,0.568,18.9,54.6
1784036702.036,321,3.325,-0.646,0.639,-0.649,28.9,50.9
1784036702.036,321,3.455,-0.559,0.743,-0.568,20.7,57.0
1784036702.036,321,5.076,-1.546,1.435,-0.568,14.5,55.0
1784036702.036,321,4.784,-2.145,0.618,-0.487,12.7,55.1
1784036702.036,321,1.917,-0.513,0.518,-0.243,23.2,52.9
1784036702.137,322,1.302,0.908,-0.295,0.0,12.7,63.3
1784036702.137,322,1.677,-0.762,0.357,0.0,21.0,67.9
1784036702.137,322,2.075,-0.425,-0.813,0.0,12.0,73.1
1784036702.137,322,3.381,-1.82,0.575,0.0,14.9,71.4
1784036702.137,322,7.343,-3.01,1.211,0.0,18.8,65.6
1784036702.137,322,0.299,0.479,0.059,0.081,20.5,65.5
1784036702.137,322,0.381,0.477,0.016,0.243,20.3,58.6
1784036702.137,322,0.359,0.315,-0.044,0.325,15.8,67.1
1784036702.137,322,0.534,0.51,-0.067,0.406,12.2,60.3
1784036702.137,322,0.576,0.464,-0.057,0.406,12.2,60.3
1784036702.137,322,1.829,1.603,0.231,0.406,20.4,53.6
1784036702.137,322,2.239,-0.687,0.695,0.406,20.4,53.6
1784036702.137,322,2.939,-1.508,0.985,0.487,20.9,54.7
1784036702.137,322,2.952,-1.47,0.641,0.568,21.3,54.0
1784036702.137,322,4.292,-2.727,1.971,0.568,13.9,54.3
1784036702.137,322,1.48,1.288,0.062,-0.162,26.4,54.6
1784036702.242,323,1.679,-0.762,0.344,0.0,25.1,64.1
1784036702.242,323,2.085,-0.425,-0.786,0.0,12.2,72.8
1784036702.242,323,3.363,-1.82,0.676,0.0,14.9,71.2
1784036702.242,323,6.667,-2.49,1.344,0.0,11.8,63.4
1784036702.242,323,7.349,-3.01,1.172,0.0,19.5,64.8
1784036702.242,323,8.473,0.267,1.125,0.0,11.6,64.3
1784036702.242,323,0.381,0.477,0.004,0.325,40.5,53.8
1784036702.242,323,0.394,0.311,0.15,0.406,42.0,50.1
1784036702.242,323,2.862,-1.451,0.837,0.487,18.4,60.5
1784036702.242,323,2.033,-1.107,1.022,0.568,21.0,54.1
1784036702.242,323,1.807,1.74,0.331,0.568,21.0,54.1
1784036702.242,323,3.168,-1.292,0.414,0.568,18.3,59.5
1784036702.242,323,5.522,-2.265,2.788,0.568,11.4,53.7
1784036702.242,323,4.553,4.529,1.469,0.568,11.4,53.7
1784036702.242,323,1.325,1.505,-0.075,-0.162,24.3,54.4
1784036702.242,323,1.884,-0.627,0.293,-0.162,24.3,54.4
1784036702.343,324,1.676,-0.762,0.359,0.0,24.0,64.9
1784036702.343,324,2.108,-0.425,-0.721,0.0,12.1,73.0
1784036702.343,324,3.37,-1.82,0.636,0.0,15.4,70.6
1784036702.343,324,6.664,-2.49,1.359,0.0,12.1,63.0
1784036702.343,324,7.343,-3.01,1.208,0.0,19.9,64.4
1784036702.343,324,8.456,-0.0,1.27,0.0,13.0,62.6
1784036702.343,324,0.599,0.75,-0.001,0.487,15.5,58.6
1784036702.343,324,0.492,0.429,0.042,0.568,44.8,48.6
1784036702.343,324,0.874,-0.09,0.387,-0.649,13.4,59.7
1784036702.343,324,0.763,0.315,-0.399,-0.568,14.2,59.1
1784036702.343,324,1.394,1.442,0.054,-0.162,23.6,56.5
1784036702.446,325,1.675,-0.762,0.363,0.0,24.1,64.8
1784036702.446,325,2.061,-0.354,-0.88,0.0,11.9,72.9
1784036702.446,325,3.432,-1.699,0.642,0.0,14.7,71.5
1784036702.446,325,3.307,-1.941,0.611,0.0,14.7,71.5
1784036702.446,325,6.682,-2.49,1.269,0.0,11.8,63.7
1784036702.446,325,7.352,-3.01,1.153,0.0,19.1,65.1
1784036702.446,325,8.476,-0.0,1.134,0.0,12.2,63.7
1784036702.446,325,0.551,0.414,0.109,0.325,36.1,49.5
1784036702.446,325,0.637,0.371,0.083,0.487,40.4,46.7
1784036702.446,325,0.889,0.409,-0.481,0.487,13.3,57.6
1784036702.446,325,0.58,0.371,0.114,0.568,41.2,46.0
1784036702.446,325,1.957,1.86,0.165,0.568,19.7,58.6
1784036702.446,325,2.411,-1.099,0.546,0.568,19.7,58.6
1784036702.446,325,2.961,-1.227,0.66,0.568,16.4,61.3
1784036702.446,325,0.598,0.63,0.291,-0.649,11.5,59.9
1784036702.446,325,0.44,0.42,0.055,-0.568,43.4,45.9
1784036702.547,326,1.675,-0.762,0.366,0.0,22.2,66.8
1784036702.547,326,3.37,-1.82,0.636,0.0,15.3,70.8
1784036702.547,326,6.685,-2.49,1.25,0.0,11.4,64.3
1784036702.547,326,7.361,-3.01,1.096,0.0,18.4,65.7
1784036702.547,326,8.46,-0.0,1.248,0.0,13.7,62.3
1784036702.547,326,0.629,0.371,0.131,0.325,39.8,47.3
1784036702.547,326,0.758,0.72,0.054,0.325,16.0,60.5
1784036702.547,326,0.553,0.286,0.2,0.487,42.3,47.1
1784036702.547,326,2.492,-1.117,0.317,0.487,13.4,61.4
1784036702.547,326,0.806,0.596,0.048,0.568,15.0,58.3
1784036702.547,326,2.889,-0.573,0.806,-0.568,19.8,60.2
1784036702.653,327,1.665,-0.762,0.407,0.0,23.6,65.5
1784036702.653,327,2.046,-0.354,-0.914,0.0,11.8,73.0
1784036702.653,327,3.368,-1.82,0.647,0.0,14.9,71.4
1784036702.653,327,6.664,-2.49,1.359,0.0,11.5,64.0
1784036702.653,327,7.351,-3.01,1.161,0.0,18.7,65.4
1784036702.653,327,8.472,-0.0,1.163,0.0,13.4,62.3
1784036702.653,327,0.623,0.348,0.204,0.325,44.5,47.8
1784036702.653,327,0.93,0.545,0.165,0.325,19.3,60.8
1784036702.653,327,2.177,1.632,0.388,0.325,14.9,59.4
1784036702.653,327,2.933,-0.982,0.55,0.568,20.4,57.8
1784036702.653,327,2.912,-0.564,0.513,-0.568,29.6,51.9
1784036702.653,327,4.804,-1.582,0.193,-0.568,14.3,55.5
1784036702.763,328,1.68,-0.762,0.34,0.0,23.9,65.0
1784036702.763,328,3.36,-1.82,0.689,0.0,14.7,71.1
1784036702.763,328,5.519,-2.307,1.437,0.0,11.8,63.6
1784036702.763,328,6.652,-2.49,1.416,0.0,11.6,63.7
1784036702.763,328,7.36,-3.01,1.099,0.0,19.1,65.1
1784036702.763,328,8.469,-0.0,1.182,0.0,12.7,62.5
1784036702.763,328,0.861,0.502,-0.118,0.162,21.5,60.4
1784036702.763,328,2.325,2.415,0.223,0.162,14.0,61.4
1784036702.763,328,0.749,0.337,0.113,0.325,44.8,47.3
1784036702.763,328,1.041,0.142,-0.429,0.325,12.4,59.0
1784036702.763,328,0.963,0.375,0.348,0.406,11.6,57.9
1784036702.763,328,0.824,0.663,0.52,0.406,14.2,55.8
1784036702.763,328,1.077,0.221,-0.424,0.406,14.2,55.8
1784036702.763,328,2.327,1.595,0.285,0.406,23.8,53.5
1784036702.763,328,2.48,-1.241,0.596,0.406,23.8,53.5
1784036702.763,328,6.943,2.83,0.868,0.406,12.7,52.2
1784036702.763,328,2.821,-1.05,0.518,0.568,28.0,53.8
1784036702.763,328,2.846,-0.556,0.627,-0.649,21.6,54.3
1784036702.763,328,1.203,1.2,0.399,-0.568,16.6,50.5
1784036702.873,329,1.689,-0.762,0.296,0.0,21.9,66.9
1784036702.873,329,3.374,-1.82,0.615,0.0,15.4,71.0
1784036702.873,329,6.518,-2.716,1.609,0.0,11.5,64.0
1784036702.873,329,7.349,-3.01,1.174,0.0,18.8,65.3
1784036702.873,329,8.451,-0.0,1.307,0.0,13.6,62.2
1784036702.873,329,0.695,0.162,0.2,0.162,29.3,53.4
1784036702.873,329,0.763,0.311,0.088,0.325,42.2,46.6
1784036702.873,329,2.726,-0.548,0.902,-0.649,28.5,50.9
1784036702.873,329,2.916,-0.376,0.648,-0.649,24.9,54.3
1784036702.873,329,3.059,-0.687,-0.195,-0.568,11.5,60.2
1784036702.973,330,1.356,0.858,-0.181,0.0,15.7,63.6
1784036702.973,330,1.681,-0.762,0.334,0.0,18.5,70.3
1784036702.973,330,3.38,-1.82,0.586,0.0,14.9,71.7
1784036702.973,330,6.655,-2.49,1.402,0.0,11.2,63.7
1784036702.973,330,7.357,-3.01,1.122,0.0,18.9,65.1
1784036702.973,330,8.451,-0.0,1.305,0.0,13.7,62.4
1784036702.973,330,0.759,0.172,0.105,0.162,37.9,52.3
1784036702.973,330,0.807,0.502,0.323,0.243,15.2,62.3
1784036702.973,330,1.011,0.409,0.023,0.325,14.2,61.7
1784036702.973,330,0.803,0.327,0.095,0.406,37.3,47.7
1784036702.973,330,3.978,-2.443,1.443,0.487,16.4,55.1
1784036702.973,330,2.775,-0.913,0.089,0.568,26.0,55.8
1784036702.973,330,4.242,-0.81,0.084,-0.162,15.2,58.1
1784036703.081,331,1.324,0.908,-0.171,0.0,11.7,64.7
1784036703.081,331,1.681,-0.762,0.338,0.0,19.9,69.0
1784036703.081,331,2.127,-0.425,-0.664,0.0,12.8,71.8
1784036703.081,331,3.368,-1.82,0.65,0.0,14.8,71.5
1784036703.081,331,6.653,-2.49,1.412,0.0,11.4,63.7
1784036703.081,331,7.35,-3.01,1.167,0.0,18.6,65.1
1784036703.081,331,8.448,-0.0,1.327,0.0,13.2,62.9
1784036703.081,331,0.778,0.098,0.047,0.325,41.9,47.6
1784036703.081,331,0.858,0.229,0.224,0.325,37.9,50.4
1784036703.081,331,1.013,0.375,-0.149,0.325,17.9,63.5
1784036703.081,331,2.4,-1.183,0.398,0.406,22.1,56.1
1784036703.081,331,2.439,-1.117,0.6,0.487,21.8,56.2
1784036703.081,331,2.254,-1.145,0.679,0.568,12.7,56.7
1784036703.081,331,2.604,-0.975,0.559,0.568,21.7,58.8
1784036703.081,331,1.886,-0.12,0.337,-0.162,33.9,51.5
1784036703.188,332,1.681,-0.762,0.334,0.0,20.0,69.3
1784036703.188,332,1.927,1.023,0.032,0.0,13.3,71.5
1784036703.188,332,2.01,-0.425,-0.961,0.0,14.0,70.7
1784036703.188,332,3.387,-1.82,0.539,0.0,15.3,71.3
1784036703.188,332,6.672,-2.49,1.318,0.0,12.1,63.0
1784036703.188,332,7.366,-3.01,1.063,0.0,19.1,64.7
1784036703.188,332,0.922,0.09,0.252,0.243,40.2,47.6
1784036703.188,332,0.801,0.078,0.197,0.406,46.2,46.8
1784036703.188,332,2.588,-1.047,0.009,0.568,16.9,57.5
1784036703.188,332,2.464,-0.491,0.736,-0.649,23.6,54.7
1784036703.188,332,2.682,-0.429,0.422,-0.649,16.6,57.5
1784036703.188,332,2.424,-0.474,0.548,-0.568,18.2,53.9
1784036703.188,332,5.482,-2.446,0.46,-0.162,11.4,55.5
1784036703.238,333,1.673,-0.762,0.372,0.0,19.1,69.1
1784036703.238,333,1.927,1.023,0.028,0.0,12.7,71.6
1784036703.238,333,1.956,-0.354,-1.093,0.0,14.3,70.7
1784036703.238,333,3.386,-1.82,0.546,0.0,15.0,71.2
1784036703.238,333,6.644,-2.49,1.453,0.0,12.7,62.6
1784036703.238,333,7.371,-3.01,1.028,0.0,20.2,63.9
1784036703.238,333,0.864,0.027,0.122,0.243,41.1,48.1
1784036703.238,333,0.956,0.06,0.068,0.325,37.6,48.3
1784036703.238,333,1.182,0.305,0.035,0.406,14.2,60.2
1784036703.238,333,1.042,0.239,0.218,0.568,21.9,52.0
1784036703.238,333,2.388,-0.466,0.516,-0.406,25.9,52.4
1784036703.238,333,2.762,-0.72,0.383,-0.243,16.6,61.2
1784036703.34,334,0.854,-0.0,0.179,0.0,19.2,66.6
1784036703.34,334,1.65,-0.762,0.466,0.0,20.1,68.9
1784036703.34,334,2.098,-0.425,-0.75,0.0,13.6,71.6
1784036703.34,334,3.377,-1.82,0.601,0.0,14.4,71.6
1784036703.34,334,6.627,-2.49,1.527,0.0,12.3,62.5
1784036703.34,334,7.355,-3.01,1.131,0.0,20.1,63.8
1784036703.34,334,0.99,0.063,0.152,0.162,39.0,51.7
1784036703.34,334,2.374,-0.466,0.575,-0.568,30.0,52.9
1784036703.442,335,1.586,-0.821,0.576,0.0,19.4,69.2
1784036703.442,335,1.925,1.023,0.077,0.0,13.5,70.5
1784036703.442,335,2.007,-0.354,-0.996,0.0,15.2,69.9
1784036703.442,335,3.371,-1.82,0.635,0.0,15.6,71.0
1784036703.442,335,6.637,-2.49,1.486,0.0,12.5,62.8
1784036703.442,335,7.381,-3.01,0.953,0.0,19.8,64.3
1784036703.442,335,0.901,-0.0,0.168,0.162,39.1,51.0
1784036703.442,335,0.997,0.031,0.113,0.162,36.7,52.2
1784036703.442,335,1.036,0.033,-0.151,0.487,31.1,47.8
1784036703.442,335,1.155,0.221,0.07,0.487,19.5,51.9
1784036703.442,335,2.126,-0.993,0.681,0.568,27.1,52.4
1784036703.442,335,2.286,-1.046,0.555,0.568,25.1,54.4
1784036703.442,335,2.573,-0.773,0.582,-0.243,16.3,57.1
1784036703.442,335,1.195,-0.153,0.2,-0.162,23.2,51.6
1784036703.544,336,1.729,-0.645,0.34,0.0,19.8,70.2
1784036703.544,336,2.075,-0.425,-0.812,0.0,14.1,71.3
1784036703.544,336,3.377,-1.82,0.598,0.0,15.2,71.0
1784036703.544,336,6.645,-2.49,1.45,0.0,13.2,62.0
1784036703.544,336,7.368,-3.01,1.046,0.0,20.8,63.3
1784036703.544,336,1.006,0.065,0.282,0.243,27.0,50.8
1784036703.544,336,0.885,0.029,0.234,0.406,41.9,46.3
1784036703.544,336,1.081,0.136,0.044,0.568,26.9,48.9
1784036703.544,336,2.245,-0.442,0.563,-0.649,21.8,56.9
1784036703.544,336,4.143,-1.418,1.19,-0.487,21.5,55.5
1784036703.544,336,2.383,-0.458,0.282,-0.406,28.7,57.0
1784036703.544,336,1.225,-0.198,0.248,-0.162,18.6,55.7
1784036703.645,337,1.927,1.023,-0.013,0.0,11.7,73.1
1784036703.645,337,2.073,-0.496,-0.777,0.0,13.3,71.6
1784036703.645,337,3.367,-1.82,0.656,0.0,14.9,71.5
1784036703.645,337,6.645,-2.49,1.449,0.0,13.1,62.2
1784036703.645,337,7.368,-3.01,1.042,0.0,20.7,63.6
1784036703.645,337,1.25,-0.198,-0.001,0.081,14.4,67.4
1784036703.645,337,0.911,0.12,0.278,0.162,26.1,50.6
1784036703.645,337,3.039,-0.286,-0.09,0.162,16.0,60.6
1784036703.645,337,0.937,0.06,0.2,0.325,35.7,46.9
1784036703.645,337,1.061,-0.034,0.252,0.406,39.1,51.2
1784036703.645,337,2.3,-0.45,0.516,-0.649,26.5,57.6
1784036703.645,337,4.115,-1.391,0.969,-0.649,19.0,53.6
1784036703.645,337,1.822,-0.41,0.177,-0.081,19.9,67.3
1784036703.746,338,1.29,0.958,-0.152,0.0,13.0,63.4
1784036703.746,338,1.613,-0.879,0.38,0.0,18.2,68.6
1784036703.746,338,1.927,1.023,0.028,0.0,12.1,72.0
1784036703.746,338,3.368,-1.82,0.648,0.0,15.7,70.7
1784036703.746,338,6.636,-2.49,1.487,0.0,12.6,63.0
1784036703.746,338,7.377,-3.01,0.982,0.0,20.1,64.2
1784036703.746,338,1.377,-0.218,0.074,0.162,12.8,61.0
1784036703.746,338,1.231,-0.198,0.218,0.325,29.2,57.0
1784036703.746,338,1.435,-0.0,0.12,0.487,12.2,60.7
1784036703.746,338,3.11,-0.393,-0.204,0.487,14.5,60.2
1784036703.746,338,1.086,-0.035,0.325,0.568,43.2,49.1
1784036703.746,338,1.458,-0.191,0.412,0.568,13.0,59.0
1784036703.746,338,2.027,-1.012,0.465,0.568,20.5,58.5
1784036703.746,338,2.166,-2.018,1.288,-0.649,17.2,58.2
1784036703.746,338,0.939,0.36,0.293,-0.568,30.4,47.3
1784036703.849,339,1.326,0.908,-0.151,0.0,12.4,64.1
1784036703.849,339,1.473,-0.879,0.76,0.0,20.8,68.5
1784036703.849,339,1.793,-0.528,0.165,0.0,20.8,68.5
1784036703.849,339,3.356,-1.82,0.708,0.0,15.6,70.3
1784036703.849,339,6.623,-2.49,1.545,0.0,13.1,62.4
1784036703.849,339,7.37,-3.01,1.03,0.0,19.9,63.7
1784036703.849,339,4.572,-1.68,0.392,0.081,11.4,61.7
1784036703.849,339,1.121,-0.106,-0.137,0.406,38.5,47.8
1784036703.849,339,3.15,-0.706,-0.063,0.568,15.6,59.8
1784036703.849,339,1.15,0.267,0.312,-0.649,36.8,50.7
1784036703.849,339,2.064,-0.468,0.3,-0.649,15.9,59.7
1784036703.849,339,3.25,0.104,0.647,-0.649,16.7,60.4
1784036703.949,340,1.652,-0.879,-0.128,0.0,18.4,68.9
1784036703.949,340,1.74,-0.293,0.638,0.0,18.4,68.9
1784036703.949,340,1.927,1.023,-0.023,0.0,12.2,72.4
1784036703.949,340,3.376,-1.82,0.607,0.0,15.1,70.9
1784036703.949,340,6.642,-2.49,1.463,0.0,13.2,62.4
1784036703.949,340,7.088,-3.19,1.118,0.0,11.5,63.4
1784036703.949,340,7.362,-3.01,1.089,0.0,19.8,63.8
1784036703.949,340,1.237,-0.119,0.239,0.487,40.6,49.0
1784036704.051,341,1.766,-0.586,0.238,0.0,24.7,69.6
1784036704.051,341,1.923,1.023,-0.118,0.0,12.1,72.1
1784036704.051,341,2.083,-0.496,-0.75,0.0,13.3,72.2
1784036704.051,341,3.396,-1.82,0.482,0.0,15.7,70.7
1784036704.051,341,6.655,-2.49,1.403,0.0,13.4,62.6
1784036704.051,341,7.357,-3.01,1.124,0.0,20.1,63.8
1784036704.051,341,5.226,-0.998,0.163,0.325,12.3,56.0
1784036704.051,341,1.205,0.45,0.242,-0.568,43.5,48.7
1784036704.153,342,1.328,0.908,-0.135,0.0,11.6,65.2
1784036704.153,342,1.689,-0.704,0.416,0.0,21.5,71.2
1784036704.153,342,1.927,1.023,0.034,0.0,13.2,71.3
1784036704.153,342,2.095,-0.496,-0.716,0.0,13.7,71.2
1784036704.153,342,3.374,-1.82,0.617,0.0,15.6,70.7
1784036704.153,342,6.634,-2.49,1.498,0.0,13.7,62.0
1784036704.153,342,7.37,-3.01,1.035,0.0,20.2,63.3
1784036704.153,342,4.605,-1.527,0.581,0.081,11.6,63.0
1784036704.153,342,1.297,-0.123,0.124,0.243,44.0,48.2
1784036704.153,342,2.997,-0.957,1.297,0.243,16.0,60.8
1784036704.153,342,7.23,-1.642,1.162,0.243,13.4,53.5
1784036704.153,342,1.377,0.044,0.223,0.487,34.7,48.9
1784036704.255,343,1.662,-0.762,0.422,0.0,14.1,75.5
1784036704.255,343,2.096,-0.425,-0.756,0.0,13.6,71.8
1784036704.255,343,3.363,-1.82,0.676,0.0,15.5,70.8
1784036704.255,343,6.645,-2.49,1.451,0.0,12.5,63.2
1784036704.255,343,7.359,-3.01,1.106,0.0,19.3,64.1
1784036704.255,343,1.339,-0.169,0.089,0.162,37.5,49.2
1784036704.255,343,3.086,-0.969,1.191,0.162,16.7,60.6
1784036704.255,343,1.406,0.045,0.306,0.243,30.9,51.5
1784036704.357,344,1.723,-0.704,0.24,0.0,11.8,77.3
1784036704.357,344,2.111,-0.425,-0.714,0.0,14.1,72.0
1784036704.357,344,3.377,-1.82,0.598,0.0,14.8,71.6
1784036704.357,344,7.366,-3.01,1.059,0.0,18.5,65.0
1784036704.357,344,1.32,-0.127,0.266,0.081,27.3,61.0
1784036704.357,344,1.487,-0.048,0.343,0.162,22.1,57.4
1784036704.458,345,1.345,-0.131,0.352,0.0,23.2,64.4
1784036704.458,345,2.079,-0.425,-0.802,0.0,12.9,73.2
1784036704.458,345,3.373,-1.82,0.622,0.0,15.1,71.2
1784036704.458,345,6.626,-2.49,1.532,0.0,11.5,64.4
1784036704.458,345,7.28,-2.7,1.178,0.0,11.4,65.4
1784036704.458,345,7.373,-3.01,1.01,0.0,18.7,65.0
1784036704.458,345,1.827,-0.564,0.609,0.081,11.6,73.2
1784036704.458,345,1.334,-0.085,-0.205,0.243,37.8,47.6
1784036704.458,345,1.553,-0.353,-0.263,-0.243,19.3,56.6
1784036704.559,346,1.39,-0.131,-0.033,0.0,25.5,64.6
1784036704.559,346,2.082,-0.425,-0.795,0.0,13.5,72.0
1784036704.559,346,3.379,-1.82,0.589,0.0,15.7,70.6
1784036704.559,346,7.186,-2.945,1.167,0.0,11.4,65.4
1784036704.559,346,7.368,-3.01,1.048,0.0,18.5,65.5
1784036704.559,346,1.48,-0.048,0.372,0.081,16.0,63.4
1784036704.559,346,1.883,-0.641,0.498,0.081,12.1,73.6
1784036704.661,347,1.365,-0.175,0.236,0.0,25.5,64.4
1784036704.661,347,1.772,-0.586,0.187,0.0,11.6,80.9
1784036704.661,347,2.064,-0.417,-0.718,0.0,12.8,72.0
1784036704.661,347,3.353,-1.82,0.722,0.0,15.2,70.6
1784036704.661,347,7.187,-2.945,1.16,0.0,11.9,65.3
1784036704.661,347,7.362,-3.01,1.086,0.0,19.1,64.9
1784036704.764,348,1.346,-0.042,0.124,0.0,23.5,64.8
1784036704.764,348,1.958,0.954,-0.126,0.0,12.1,72.0
1784036704.764,348,1.94,-0.354,-1.122,0.0,11.8,72.1
1784036704.764,348,3.303,-1.941,0.63,0.0,15.2,71.3
1784036704.764,348,6.61,-2.49,1.6,0.0,11.8,63.6
1784036704.764,348,7.194,-2.945,1.115,0.0,11.8,64.4
1784036704.764,348,7.36,-3.01,1.102,0.0,19.5,64.8
1784036704.867,349,1.286,-0.211,0.362,0.0,21.3,64.8
1784036704.867,349,1.768,-0.586,0.221,0.0,11.6,79.3
1784036704.867,349,2.035,-0.556,-0.706,0.0,13.4,72.0
1784036704.867,349,1.998,-0.417,-0.886,0.0,13.4,72.0
1784036704.867,349,3.352,-1.82,0.727,0.0,14.7,70.8
1784036704.867,349,6.62,-2.49,1.56,0.0,11.3,64.2
1784036704.867,349,7.366,-3.01,1.061,0.0,18.8,65.0
1784036704.969,350,1.354,-0.087,0.33,0.0,23.5,64.4
1784036704.969,350,1.508,-0.0,0.238,0.0,18.7,66.8
1784036704.969,350,1.424,-1.321,1.085,0.0,11.7,73.0
1784036704.969,350,3.375,-1.82,0.61,0.0,14.6,71.2
1784036704.969,350,6.65,-2.49,1.425,0.0,11.6,63.9
1784036704.969,350,7.364,-3.01,1.072,0.0,19.3,64.8
1784036705.072,351,1.383,-0.087,0.173,0.0,25.7,64.3
1784036705.072,351,1.562,-0.049,0.153,0.0,13.1,68.4
1784036705.072,351,1.984,-0.425,-1.015,0.0,12.1,72.6
1784036705.072,351,3.378,-1.82,0.595,0.0,15.4,71.2
1784036705.072,351,7.379,-3.01,0.963,0.0,18.9,65.1
1784036705.172,352,1.335,-0.127,0.178,0.0,22.5,64.8
1784036705.172,352,3.372,-1.82,0.628,0.0,15.6,70.4
1784036705.172,352,3.737,-1.241,0.51,0.0,13.3,70.0
1784036705.172,352,7.36,-3.01,1.104,0.0,18.6,65.4
1784036705.273,353,1.355,-0.175,0.288,0.0,27.9,64.3
1784036705.273,353,1.917,1.023,0.193,0.0,11.4,73.2
1784036705.273,353,3.366,-1.82,0.659,0.0,15.0,71.1
1784036705.273,353,7.372,-3.01,1.017,0.0,18.5,65.5
1784036705.374,354,1.378,-0.044,0.217,0.0,25.5,64.0
1784036705.374,354,1.433,0.139,0.357,0.0,21.5,64.3
1784036705.374,354,1.989,-0.425,-1.004,0.0,12.1,72.5
1784036705.374,354,3.374,-1.82,0.616,0.0,15.8,70.2
1784036705.374,354,7.351,-3.01,1.156,0.0,18.5,65.5
1784036705.476,355,1.38,-0.087,0.189,0.0,23.0,64.2
1784036705.476,355,1.438,0.139,0.338,0.0,18.5,63.9
1784036705.476,355,1.927,1.023,0.004,0.0,12.0,72.4
1784036705.476,355,2.086,-0.425,-0.784,0.0,12.7,72.3
1784036705.476,355,3.369,-1.82,0.641,0.0,14.2,71.9
1784036705.476,355,6.615,-2.49,1.579,0.0,11.9,63.5
1784036705.476,355,7.356,-3.01,1.129,0.0,18.7,65.2
1784036705.476,355,4.704,-1.399,0.807,-0.162,11.4,54.3
1784036705.531,356,1.358,-0.044,0.321,0.0,18.8,64.2
1784036705.531,356,1.376,0.139,0.536,0.0,20.5,64.2
1784036705.531,356,1.749,-0.645,0.21,0.0,11.5,79.4
1784036705.531,356,2.065,-0.354,-0.869,0.0,11.5,73.1
1784036705.531,356,3.374,-1.82,0.615,0.0,14.1,72.0
1784036705.531,356,6.645,-2.49,1.45,0.0,11.7,63.5
1784036705.531,356,7.365,-3.01,1.069,0.0,18.7,65.4
1784036705.531,356,4.515,-1.5,0.63,-0.243,13.5,54.0
1784036705.634,357,1.343,-0.042,0.155,0.0,21.2,65.4
1784036705.634,357,1.472,-0.0,0.179,0.0,22.4,64.5
1784036705.634,357,2.104,-0.425,-0.735,0.0,12.0,72.8
1784036705.634,357,3.307,-1.941,0.608,0.0,14.2,71.8
1784036705.634,357,6.612,-2.49,1.593,0.0,11.5,63.6
1784036705.634,357,7.356,-3.01,1.126,0.0,18.3,65.7
1784036705.739,358,1.373,-0.087,0.237,0.0,24.5,64.2
1784036705.739,358,1.453,0.046,0.297,0.0,22.9,64.1
1784036705.739,358,3.377,-1.82,0.603,0.0,14.4,71.8
1784036705.739,358,6.583,-2.49,1.706,0.0,11.6,63.7
1784036705.739,358,7.354,-3.01,1.142,0.0,18.9,65.1
1784036705.842,359,1.371,-0.087,0.249,0.0,25.7,64.5
1784036705.842,359,1.485,0.048,0.354,0.0,17.2,67.5
1784036705.842,359,2.108,-0.425,-0.724,0.0,12.3,73.3
1784036705.842,359,3.38,-1.82,0.581,0.0,14.3,71.7
1784036705.842,359,7.355,-3.01,1.131,0.0,18.8,65.2
1784036705.842,359,4.465,-1.486,0.684,-0.325,12.2,56.1
1784036705.842,359,4.491,-1.5,0.784,-0.243,13.4,54.0
1784036705.945,360,1.367,-0.087,0.269,0.0,26.3,64.3
1784036705.945,360,1.489,0.048,0.334,0.0,17.7,67.1
1784036705.945,360,2.094,-0.417,-0.625,0.0,11.8,73.6
1784036705.945,360,3.378,-1.82,0.597,0.0,14.6,71.0
1784036705.945,360,6.545,-2.716,1.494,0.0,11.7,63.4
1784036705.945,360,7.345,-3.01,1.198,0.0,19.4,64.8
1784036705.945,360,4.398,-1.486,1.03,-0.325,13.8,54.8
1784036706.046,361,1.37,-0.087,0.253,0.0,25.1,64.4
1784036706.046,361,1.496,0.095,0.293,0.0,19.6,66.2
1784036706.046,361,1.927,1.023,0.012,0.0,11.6,72.7
1784036706.046,361,2.109,-0.425,-0.72,0.0,11.9,72.7
1784036706.046,361,3.391,-1.82,0.516,0.0,15.5,71.1
1784036706.046,361,6.619,-2.49,1.564,0.0,12.1,63.1
1784036706.046,361,7.348,-3.01,1.178,0.0,19.6,64.4
1784036706.046,361,4.379,-1.288,0.385,-0.325,13.2,55.0
1784036706.149,362,1.341,-0.131,0.364,0.0,22.2,64.6
1784036706.149,362,1.438,0.046,0.36,0.0,23.5,64.6
1784036706.149,362,2.147,-0.487,-0.322,0.0,12.3,72.9
1784036706.149,362,3.379,-1.82,0.589,0.0,14.6,71.5
1784036706.149,362,6.656,-2.49,1.396,0.0,11.2,63.6
1784036706.149,362,7.356,-3.01,1.13,0.0,19.6,64.4
1784036706.149,362,4.267,-1.325,1.496,-0.243,14.2,55.7
1784036706.251,363,1.406,-0.18,0.254,0.0,17.9,64.2
1784036706.251,363,1.479,0.143,0.352,0.0,18.2,65.4
1784036706.251,363,2.107,-0.425,-0.726,0.0,12.8,71.9
1784036706.251,363,3.296,-1.941,0.669,0.0,14.7,71.3
1784036706.251,363,7.359,-3.01,1.108,0.0,19.3,64.6
1784036706.251,363,4.377,-1.472,0.934,-0.243,15.3,53.7
1784036706.353,364,1.473,-0.093,0.144,0.0,21.0,64.2
1784036706.353,364,1.92,1.023,-0.16,0.0,13.1,72.1
1784036706.353,364,2.127,-0.477,0.089,0.0,13.1,72.1
1784036706.353,364,3.388,-1.82,0.534,0.0,15.8,70.8
1784036706.353,364,7.358,-3.01,1.117,0.0,19.2,64.9
1784036706.353,364,4.324,-1.313,1.172,-0.162,18.6,54.3
1784036706.454,365,1.436,-0.045,0.1,0.0,23.6,64.1
1784036706.454,365,1.556,-0.0,0.215,0.0,13.9,67.5
1784036706.454,365,3.366,-1.82,0.659,0.0,15.1,71.3
1784036706.454,365,7.361,-3.01,1.091,0.0,18.7,65.2
1784036706.556,366,1.386,-0.087,0.141,0.0,22.5,65.4
1784036706.556,366,1.957,0.954,-0.139,0.0,12.3,72.8
1784036706.556,366,3.313,-1.941,0.575,0.0,13.7,72.2
1784036706.556,366,7.365,-3.01,1.065,0.0,19.1,64.8
1784036706.658,367,1.341,-0.131,0.365,0.0,24.6,64.8
1784036706.658,367,3.443,-1.699,0.58,0.0,16.0,70.6
1784036706.658,367,7.36,-3.01,1.101,0.0,19.2,64.9
1784036706.759,368,1.305,-0.087,0.49,0.0,20.1,65.0
1784036706.759,368,1.927,1.023,-0.009,0.0,12.1,72.7
1784036706.759,368,3.308,-1.941,0.603,0.0,14.3,71.9
1784036706.759,368,6.521,-2.716,1.596,0.0,11.4,63.8
1784036706.759,368,7.371,-3.01,1.028,0.0,18.8,65.2
1784036706.86,369,1.482,-0.0,0.06,0.0,20.9,64.9
1784036706.86,369,3.353,-1.82,0.721,0.0,13.7,72.0
1784036706.86,369,7.376,-3.01,0.987,0.0,19.1,65.0
1784036706.961,370,1.322,0.254,0.131,0.0,14.6,65.3
1784036706.961,370,1.439,-0.0,-0.049,0.0,19.4,63.5
1784036706.961,370,1.886,-0.487,-1.075,0.0,12.4,71.8
1784036706.961,370,3.387,-1.82,0.54,0.0,15.7,70.9
1784036706.961,370,7.366,-3.01,1.059,0.0,18.9,65.1
1784036707.064,371,1.361,-0.131,-0.282,0.0,17.7,64.5
1784036707.064,371,1.479,-0.0,0.112,0.0,17.7,64.1
1784036707.064,371,3.358,-1.82,0.699,0.0,15.3,70.6
1784036707.064,371,7.465,-2.76,1.052,0.0,18.9,65.0
1784036707.165,372,1.329,-0.0,0.252,0.0,20.8,65.2
1784036707.165,372,1.519,0.048,0.144,0.0,13.3,65.9
1784036707.165,372,3.374,-1.82,0.618,0.0,14.7,71.3
1784036707.165,372,7.369,-3.01,1.038,0.0,19.1,65.0
1784036707.266,373,1.39,0.087,0.1,0.0,21.3,64.8
1784036707.266,373,1.446,-0.139,0.299,0.0,15.7,64.7
1784036707.266,373,1.927,1.023,0.001,0.0,12.1,72.6
1784036707.266,373,3.442,-1.699,0.586,0.0,15.6,70.7
1784036707.266,373,7.368,-3.01,1.047,0.0,19.1,65.2
1784036707.368,374,1.337,-0.042,0.197,0.0,23.5,65.1
1784036707.368,374,1.712,-0.704,0.308,0.0,11.8,79.0
1784036707.368,374,3.38,-1.82,0.584,0.0,15.0,70.9
1784036707.368,374,6.587,-2.716,1.3,0.0,12.0,63.3
1784036707.368,374,7.376,-3.01,0.99,0.0,19.7,64.6
1784036707.47,375,1.326,-0.042,0.264,0.0,21.2,65.0
1784036707.47,375,1.714,-0.704,0.296,0.0,11.2,78.5
1784036707.47,375,1.663,-0.821,0.284,0.0,11.2,78.5
1784036707.47,375,1.926,1.023,-0.043,0.0,12.4,72.3
1784036707.47,375,3.37,-1.82,0.639,0.0,15.5,70.8
1784036707.47,375,7.375,-3.01,0.996,0.0,19.1,65.1
1784036707.47,375,1.94,-0.513,0.424,0.162,22.6,56.1
1784036707.57,376,2.094,-0.417,-0.627,0.0,12.0,72.9
1784036707.57,376,3.353,-1.82,0.724,0.0,15.3,70.4
1784036707.57,376,3.741,-1.241,0.478,0.0,11.4,70.4
1784036707.57,376,6.643,-2.49,1.456,0.0,12.1,63.5
1784036707.57,376,7.361,-3.01,1.094,0.0,19.1,64.9
1784036707.57,376,1.971,-0.589,0.393,0.406,29.8,54.4
1784036707.57,376,1.328,0.042,0.253,-0.081,22.3,61.4
1784036707.672,377,3.365,-1.82,0.664,0.0,15.3,70.6
1784036707.672,377,6.688,-2.49,1.234,0.0,12.2,63.5
1784036707.672,377,7.214,-2.945,0.981,0.0,11.7,64.1
1784036707.672,377,7.377,-3.01,0.977,0.0,18.7,64.9
1784036707.672,377,1.873,-0.368,0.46,0.162,20.1,54.9
1784036707.672,377,1.991,-0.601,0.495,0.568,30.1,53.0
1784036707.672,377,1.351,-0.042,0.042,-0.081,28.7,61.1
1784036707.672,377,1.462,0.143,0.416,-0.081,16.1,64.8
1784036707.774,378,1.475,0.048,0.392,0.0,12.3,68.3
1784036707.774,378,1.731,-0.645,0.327,0.0,12.3,78.6
1784036707.774,378,2.011,-0.487,-0.819,0.0,13.8,72.0
1784036707.774,378,3.376,-1.82,0.606,0.0,14.9,71.1
1784036707.774,378,7.376,-3.01,0.985,0.0,19.1,64.6
1784036707.774,378,2.057,-0.477,0.549,0.325,28.1,54.5
1784036707.774,378,1.351,-0.0,-0.055,-0.081,27.0,61.6
1784036707.875,379,1.927,1.023,0.039,0.0,11.3,73.4
1784036707.875,379,3.39,-1.82,0.522,0.0,15.4,70.7
1784036707.875,379,6.647,-2.49,1.44,0.0,11.6,63.5
1784036707.875,379,7.215,-2.945,0.97,0.0,11.3,64.6
1784036707.875,379,7.377,-3.01,0.98,0.0,18.9,65.0
1784036707.875,379,2.109,-0.409,0.381,0.162,20.9,60.2
1784036707.875,379,1.505,-0.344,0.288,-0.162,15.2,61.3
1784036707.875,379,1.338,-0.0,0.2,-0.081,28.9,61.8
1784036707.932,380,1.473,0.143,0.376,0.0,15.0,66.3
1784036707.932,380,2.131,-0.425,-0.651,0.0,11.6,72.9
1784036707.932,380,2.154,-0.567,-0.432,0.0,11.6,72.9
1784036707.932,380,3.433,-1.699,0.639,0.0,13.5,72.3
1784036707.932,380,6.666,-2.49,1.351,0.0,12.0,63.4
1784036707.932,380,7.205,-2.945,1.043,0.0,11.3,64.7
1784036707.932,380,7.371,-3.01,1.022,0.0,18.7,65.1
1784036707.932,380,2.377,-0.389,0.618,0.325,18.1,53.9
1784036707.932,380,1.27,-0.041,0.313,-0.081,22.6,62.2
1784036708.035,381,1.686,-0.704,0.428,0.0,11.6,78.6
1784036708.035,381,1.926,1.023,0.056,0.0,12.4,72.0
1784036708.035,381,3.396,-1.82,0.482,0.0,16.1,70.1
1784036708.035,381,7.366,-3.01,1.057,0.0,19.4,64.6
1784036708.035,381,3.985,-1.47,0.494,0.162,11.4,58.0
1784036708.035,381,2.365,-0.534,0.304,0.243,12.1,57.3
1784036708.035,381,1.428,-0.18,-0.016,-0.243,28.3,50.7
1784036708.035,381,1.345,0.042,0.132,-0.081,30.5,61.7
1784036708.137,382,1.48,0.143,0.347,0.0,13.3,67.5
1784036708.137,382,1.927,1.023,-0.01,0.0,12.2,72.4
1784036708.137,382,2.17,-0.496,-0.44,0.0,12.8,71.8
1784036708.137,382,1.618,-1.134,1.115,0.0,12.8,71.8
1784036708.137,382,3.377,-1.82,0.6,0.0,14.9,71.2
1784036708.137,382,6.646,-2.49,1.444,0.0,12.2,63.6
1784036708.137,382,7.225,-2.945,0.897,0.0,11.7,64.4
1784036708.137,382,7.352,-3.01,1.15,0.0,19.3,65.1
1784036708.137,382,2.154,-0.354,0.618,0.162,20.7,61.1
1784036708.137,382,2.256,-0.611,0.713,0.243,11.4,57.7
1784036708.137,382,1.35,-0.218,-0.283,-0.406,38.1,49.5
1784036708.137,382,1.476,-0.139,0.037,-0.243,26.6,52.0
1784036708.137,382,1.315,-0.042,0.312,-0.081,27.1,61.4
1784036708.288,383,1.455,0.185,0.22,0.0,20.4,66.0
1784036708.288,383,1.927,1.023,0.02,0.0,12.0,72.6
1784036708.288,383,3.385,-1.82,0.55,0.0,15.3,70.6
1784036708.288,383,3.724,-1.117,0.803,0.0,12.0,70.3
1784036708.288,383,6.578,-2.716,1.345,0.0,11.6,63.7
1784036708.288,383,7.286,-2.7,1.14,0.0,11.6,64.6
1784036708.288,383,7.355,-3.01,1.133,0.0,19.3,64.9
1784036708.288,383,2.15,-0.354,0.632,0.162,24.9,59.2
1784036708.288,383,1.295,-0.169,-0.353,-0.325,38.6,48.5
1784036708.288,383,4.983,-2.216,-0.027,-0.162,13.1,56.7
1784036708.288,383,7.353,-0.933,0.849,-0.162,11.7,53.0
1784036708.288,383,1.284,-0.0,0.253,-0.081,28.0,61.8
1784036708.34,384,1.671,-0.762,0.384,0.0,12.4,76.3
1784036708.34,384,1.927,1.023,0.006,0.0,13.1,71.6
1784036708.34,384,3.38,-1.82,0.581,0.0,16.1,70.3
1784036708.34,384,6.652,-2.49,1.415,0.0,11.8,63.4
1784036708.34,384,7.186,-2.945,1.169,0.0,11.6,64.1
1784036708.34,384,7.353,-3.01,1.145,0.0,18.8,64.8
1784036708.34,384,2.138,-0.425,0.627,0.162,27.3,58.9
1784036708.34,384,2.438,-0.483,0.67,0.325,21.8,53.8
1784036708.34,384,1.276,-0.164,-0.244,-0.325,41.3,47.2
1784036708.34,384,1.424,-0.135,0.166,-0.243,25.5,53.2
1784036708.34,384,1.293,-0.041,0.201,-0.162,40.8,49.8
1784036708.34,384,1.464,0.185,0.146,-0.081,15.2,66.1
1784036708.441,385,1.663,-0.762,0.416,0.0,14.8,73.4
1784036708.441,385,1.926,1.023,-0.057,0.0,12.4,72.5
1784036708.441,385,3.37,-1.82,0.641,0.0,14.8,71.3
1784036708.441,385,6.627,-2.49,1.528,0.0,13.2,62.3
1784036708.441,385,7.129,-3.19,0.816,0.0,12.1,63.2
1784036708.441,385,7.372,-3.01,1.018,0.0,20.2,63.9
1784036708.441,385,2.176,-0.434,0.652,0.162,25.0,59.0
1784036708.441,385,1.256,-0.286,-0.231,-0.406,31.6,48.8
1784036708.441,385,1.575,-0.155,-0.492,-0.325,11.2,57.8
1784036708.441,385,1.388,-0.225,0.31,-0.243,22.5,56.1
1784036708.441,385,1.235,-0.0,0.276,-0.162,39.8,49.8
1784036708.441,385,1.488,0.143,0.312,-0.162,11.3,65.6
1784036708.441,385,1.376,0.175,0.162,-0.081,20.6,61.3
1784036708.542,386,1.293,0.958,-0.119,0.0,12.6,64.1
1784036708.542,386,1.681,-0.762,0.334,0.0,20.4,69.6
1784036708.542,386,1.925,1.023,-0.084,0.0,12.9,72.0
1784036708.542,386,3.375,-1.82,0.61,0.0,15.0,71.0
1784036708.542,386,6.654,-2.49,1.406,0.0,12.4,63.1
1784036708.542,386,7.149,-2.945,1.373,0.0,12.0,63.6
1784036708.542,386,7.363,-3.01,1.083,0.0,19.4,64.5
1784036708.542,386,1.232,-0.198,-0.207,-0.406,40.9,47.6
1784036708.542,386,1.381,0.18,0.364,-0.243,26.2,57.0
1784036708.542,386,1.657,0.052,0.034,-0.243,11.9,59.9
1784036708.542,386,3.279,-0.63,0.373,-0.243,16.1,61.7
1784036708.542,386,1.338,0.175,0.359,-0.162,30.6,52.5
1784036708.644,387,1.294,0.958,-0.113,0.0,13.3,63.3
1784036708.644,387,1.726,-0.645,0.354,0.0,21.3,68.9
1784036708.644,387,1.927,1.023,0.003,0.0,12.7,71.7
1784036708.644,387,3.379,-1.82,0.586,0.0,16.3,70.1
1784036708.644,387,6.665,-2.49,1.352,0.0,12.3,63.3
1784036708.644,387,7.186,-2.945,1.168,0.0,12.1,64.1
1784036708.644,387,7.361,-3.01,1.095,0.0,20.3,64.3
1784036708.644,387,2.208,-0.506,0.466,0.162,21.7,58.1
1784036708.644,387,2.268,-0.442,0.459,0.243,25.2,55.4
1784036708.644,387,3.884,-1.091,1.662,0.243,15.0,54.4
1784036708.644,387,2.215,-0.425,0.241,0.325,25.4,51.8
1784036708.644,387,1.213,-0.115,0.09,-0.406,43.9,48.1
1784036708.644,387,5.036,-1.845,0.192,-0.406,11.4,55.6
1784036708.644,387,1.337,0.131,0.381,-0.325,24.9,57.6
1784036708.746,388,1.292,0.958,-0.135,0.0,13.5,63.2
1784036708.746,388,1.639,-0.762,0.502,0.0,18.7,68.7
1784036708.746,388,1.925,1.023,-0.089,0.0,12.9,71.9
1784036708.746,388,3.368,-1.82,0.649,0.0,15.7,70.4
1784036708.746,388,3.735,-1.241,0.521,0.0,11.7,70.5
1784036708.746,388,6.625,-2.49,1.537,0.0,13.2,62.2
1784036708.746,388,7.19,-2.945,1.143,0.0,12.4,63.4
1784036708.746,388,7.359,-3.01,1.109,0.0,20.2,63.6
1784036708.746,388,3.874,-1.377,1.585,0.243,14.7,55.0
1784036708.746,388,1.166,-0.11,0.128,-0.487,44.0,48.7
1784036708.746,388,3.104,-0.716,0.749,-0.487,21.3,59.7
1784036708.746,388,1.338,0.131,0.376,-0.406,21.1,62.0
1784036708.849,389,1.292,0.958,-0.134,0.0,12.2,64.5
1784036708.849,389,1.709,-0.704,0.32,0.0,21.1,69.1
1784036708.849,389,1.927,1.023,-0.024,0.0,12.8,72.1
1784036708.849,389,2.063,-0.354,-0.876,0.0,13.3,71.2
1784036708.849,389,3.371,-1.82,0.633,0.0,15.0,71.3
1784036708.849,389,6.612,-2.49,1.591,0.0,13.8,62.8
1784036708.849,389,7.168,-2.945,1.273,0.0,11.9,63.9
1784036708.849,389,7.361,-3.01,1.095,0.0,20.2,64.2
1784036708.849,389,2.291,-0.6,0.384,0.243,29.8,54.0
1784036708.849,389,2.792,-0.0,0.499,-0.649,19.6,57.8
1784036708.849,389,1.311,0.127,0.308,-0.487,13.6,61.2
1784036708.849,389,1.435,-0.045,0.111,-0.487,13.2,59.1
1784036708.849,389,1.114,-0.071,0.204,-0.406,40.0,47.5
1784036708.849,389,1.334,0.169,0.142,-0.325,18.0,60.0
1784036708.952,390,1.292,0.958,-0.129,0.0,12.2,64.5
1784036708.952,390,1.765,-0.586,0.247,0.0,23.2,68.9
1784036708.952,390,1.713,-0.704,0.302,0.0,23.2,68.9
1784036708.952,390,1.927,1.023,-0.04,0.0,13.5,71.5
1784036708.952,390,1.99,-0.354,-1.029,0.0,13.4,70.8
1784036708.952,390,3.375,-1.82,0.612,0.0,15.3,70.9
1784036708.952,390,3.695,-1.365,0.499,0.0,12.1,71.0
1784036708.952,390,6.646,-2.49,1.444,0.0,13.4,62.0
1784036708.952,390,7.498,-2.76,0.78,0.0,17.7,63.2
1784036708.952,390,2.26,-0.675,0.441,0.243,32.8,54.5
1784036708.952,390,1.168,0.11,0.1,-0.568,32.2,50.1
1784036708.952,390,1.27,0.123,0.294,-0.487,18.1,59.6
1784036708.952,390,0.989,-0.063,0.158,-0.406,30.9,47.3
1784036708.952,390,1.231,0.119,0.266,-0.406,18.6,58.8
1784036708.952,390,1.057,-0.239,-0.124,-0.325,41.3,47.6
1784036709.056,391,1.327,0.908,-0.139,0.0,11.3,65.3
1784036709.056,391,1.709,-0.704,0.321,0.0,20.6,69.0
1784036709.056,391,1.926,1.023,-0.045,0.0,13.9,71.2
1784036709.056,391,3.385,-1.82,0.554,0.0,15.0,70.8
1784036709.056,391,6.638,-2.49,1.481,0.0,11.6,62.1
1784036709.056,391,7.442,-3.027,0.779,0.0,14.6,63.3
1784036709.056,391,2.303,-0.687,0.441,0.325,28.1,53.6
1784036709.056,391,1.116,0.142,0.146,-0.487,29.8,49.1
1784036709.056,391,1.272,0.123,0.282,-0.325,19.3,62.6
1784036709.056,391,1.037,-0.131,0.057,-0.243,38.9,48.0
1784036709.158,392,1.289,0.958,-0.162,0.0,13.7,63.1
1784036709.158,392,1.707,-0.704,0.331,0.0,20.8,68.9
1784036709.158,392,1.955,0.954,-0.157,0.0,13.3,71.4
1784036709.158,392,1.974,-0.284,-1.081,0.0,12.5,70.5
1784036709.158,392,3.371,-1.82,0.632,0.0,14.9,71.3
1784036709.158,392,6.551,-2.716,1.469,0.0,12.3,60.9
1784036709.158,392,7.351,-3.279,0.603,0.0,15.3,62.4
1784036709.158,392,2.341,-0.699,0.465,0.487,16.9,58.7
1784036709.158,392,0.959,-0.063,0.29,-0.406,41.6,47.0
1784036709.158,392,1.138,0.147,0.268,-0.406,22.4,56.9
1784036709.158,392,2.928,-0.774,0.651,-0.406,20.3,58.9
1784036709.263,393,1.291,0.958,-0.141,0.0,13.5,63.3
1784036709.263,393,1.632,-0.821,0.428,0.0,18.7,68.9
1784036709.263,393,1.926,1.023,-0.043,0.0,13.1,71.9
1784036709.263,393,3.318,-1.941,0.545,0.0,14.9,71.1
1784036709.263,393,7.36,-3.279,0.477,0.0,12.3,62.0
1784036709.263,393,2.361,-0.791,0.453,0.487,21.8,55.3
1784036709.263,393,0.948,-0.09,0.12,-0.568,45.4,45.8
1784036709.263,393,1.157,0.11,0.194,-0.487,20.1,63.6
1784036709.263,393,2.983,-0.573,0.315,-0.487,19.9,61.3
1784036709.263,393,1.028,0.164,0.117,-0.325,33.1,49.4
1784036709.365,394,1.292,0.958,-0.137,0.0,13.7,63.1
1784036709.365,394,1.686,-0.762,0.31,0.0,21.1,69.0
1784036709.365,394,1.926,1.023,-0.049,0.0,13.7,71.2
1784036709.365,394,3.366,-1.82,0.661,0.0,15.5,70.4
1784036709.365,394,7.168,-3.804,-0.078,0.0,11.6,61.6
1784036709.365,394,2.375,-0.804,0.583,0.568,28.8,54.3
1784036709.365,394,0.9,-0.057,0.159,-0.649,47.6,46.4
1784036709.365,394,1.183,-0.04,0.447,-0.649,12.6,62.0
1784036709.365,394,1.057,0.142,0.385,-0.568,16.6,63.0
1784036709.472,395,1.292,0.958,-0.133,0.0,13.5,63.3
1784036709.472,395,1.676,-0.762,0.361,0.0,21.4,68.9
1784036709.472,395,1.733,-0.645,0.316,0.0,21.4,68.9
1784036709.472,395,1.956,0.954,-0.145,0.0,13.7,70.9
1784036709.472,395,2.001,-0.354,-1.009,0.0,14.9,69.4
1784036709.472,395,3.373,-1.82,0.62,0.0,15.5,71.1
1784036709.472,395,6.604,-2.49,1.625,0.0,13.2,61.2
1784036709.472,395,7.469,-3.027,0.448,0.0,12.0,62.1
1784036709.472,395,7.202,-3.531,0.899,0.0,12.0,62.1
1784036709.472,395,0.86,-0.055,0.138,-0.568,43.1,46.8
1784036709.472,395,0.998,0.196,0.251,-0.568,20.8,62.1
1784036709.472,395,2.002,-1.53,-1.394,-0.568,11.6,63.8
1784036709.472,395,2.777,-0.54,-0.538,-0.568,11.6,63.8
1784036709.472,395,3.491,-0.331,0.439,-0.243,12.4,59.1
1784036709.575,396,1.291,0.958,-0.139,0.0,13.4,63.3
1784036709.575,396,1.72,-0.704,0.26,0.0,23.4,68.9
1784036709.575,396,1.957,0.954,-0.134,0.0,13.8,70.8
1784036709.575,396,1.867,-0.993,0.822,0.0,14.2,69.8
1784036709.575,396,3.305,-1.941,0.623,0.0,14.9,70.9
1784036709.575,396,5.446,-2.481,1.22,0.0,12.0,62.2
1784036709.575,396,6.571,-2.49,1.752,0.0,13.0,61.0
1784036709.575,396,7.293,-3.55,0.258,0.0,13.0,62.1
1784036709.575,396,2.454,-0.749,0.707,0.487,14.9,62.8
1784036709.575,396,0.808,-0.155,-0.1,-0.649,42.6,47.7
1784036709.575,396,0.982,0.157,0.136,-0.487,20.3,61.3
1784036709.575,396,1.01,0.196,0.192,-0.325,12.1,63.5
1784036709.575,396,0.77,0.074,-0.137,-0.243,38.2,48.2
1784036709.575,396,3.639,4.156,0.432,-0.243,12.6,54.1
1784036709.575,396,5.297,-1.385,0.852,-0.243,12.6,54.1
1784036709.678,397,1.323,0.908,-0.175,0.0,14.0,63.1
1784036709.678,397,1.733,-0.645,0.316,0.0,22.2,68.9
1784036709.678,397,1.926,1.023,-0.048,0.0,13.9,71.1
1784036709.678,397,3.372,-1.82,0.626,0.0,15.6,70.6
1784036709.678,397,6.6,-2.49,1.64,0.0,13.1,61.6
1784036709.678,397,2.499,-0.845,0.598,0.406,20.5,60.6
1784036709.678,397,0.721,-0.139,-0.101,-0.487,44.1,46.1
1784036709.678,397,1.115,-0.035,0.205,-0.325,12.0,62.2
1784036709.678,397,0.772,-0.0,0.143,-0.243,43.3,47.2
1784036709.78,398,1.29,0.958,-0.154,0.0,13.0,63.8
1784036709.78,398,1.706,-0.704,0.34,0.0,20.4,68.9
1784036709.78,398,1.961,0.954,0.019,0.0,14.3,70.8
1784036709.78,398,1.948,-0.354,-1.108,0.0,14.5,69.5
1784036709.78,398,3.356,-1.82,0.71,0.0,16.4,70.7
1784036709.78,398,5.471,-2.481,1.106,0.0,12.0,62.7
1784036709.78,398,6.61,-2.49,1.6,0.0,13.9,60.8
1784036709.78,398,5.707,0.907,-0.525,-0.325,19.4,52.7
1784036709.78,398,0.732,-0.07,0.098,-0.243,43.6,49.5
1784036709.78,398,2.387,-1.063,-1.102,-0.243,18.0,62.9
1784036709.78,398,0.781,0.074,-0.04,-0.162,39.2,53.1
1784036709.78,398,0.924,0.21,0.154,-0.162,14.3,65.8
1784036709.837,399,1.66,-0.96,-0.094,0.0,15.0,70.5
1784036709.837,399,1.959,0.954,-0.098,0.0,12.7,72.0
1784036709.837,399,3.302,-1.941,0.634,0.0,15.2,70.8
1784036709.837,399,5.448,-2.291,1.543,0.0,13.2,61.6
1784036709.837,399,6.609,-2.49,1.604,0.0,13.1,61.0
1784036709.837,399,7.37,-3.297,-0.816,0.0,11.5,62.1
1784036709.837,399,2.544,-0.873,0.749,0.162,21.0,55.8
1784036709.837,399,0.635,0.818,0.342,-0.487,18.1,57.1
1784036709.837,399,0.697,-0.0,0.034,-0.162,40.9,55.8
1784036709.939,400,0.934,0.18,0.131,0.0,12.4,65.3
1784036709.939,400,1.687,-0.762,0.304,0.0,21.9,69.3
1784036709.939,400,1.949,0.954,-0.218,0.0,12.5,72.4
1784036709.939,400,3.375,-1.82,0.613,0.0,16.3,69.8
1784036709.939,400,7.381,-3.297,-0.715,0.0,11.6,62.3
1784036709.939,400,0.78,0.233,0.155,0.162,27.6,54.2
1784036709.939,400,0.682,-0.131,-0.075,-0.243,40.9,51.4
1784036709.939,400,0.647,0.041,0.088,-0.081,21.4,72.1
1784036710.043,401,1.719,-0.704,0.261,0.0,21.4,70.5
1784036710.043,401,1.961,0.954,-0.062,0.0,12.0,73.2
1784036710.043,401,5.358,-2.499,1.701,0.0,12.2,62.4
1784036710.043,401,7.474,-3.043,-0.858,0.0,11.2,61.1
1784036710.043,401,0.914,0.18,0.23,0.081,12.9,63.5
1784036710.043,401,0.806,0.181,0.071,0.162,32.5,52.7
1784036710.043,401,0.668,-0.0,0.204,-0.081,20.2,72.8
1784036710.145,402,0.645,0.044,-0.263,0.0,18.6,75.0
1784036710.145,402,0.681,-0.153,-0.024,0.0,18.6,75.0
1784036710.145,402,1.721,-0.63,-0.014,0.0,17.3,71.0
1784036710.145,402,0.846,0.191,0.092,0.162,27.5,57.9
1784036710.145,402,1.407,-0.18,0.249,-0.243,11.5,60.6
1784036710.145,402,2.612,-0.601,0.61,-0.081,12.9,72.3
1784036710.249,403,1.766,-0.528,-0.349,0.0,12.5,71.9
1784036710.249,403,5.523,-2.307,1.422,0.0,14.0,62.8
1784036710.249,403,7.101,-3.512,1.297,0.0,12.3,59.9
1784036710.249,403,7.065,-4.079,-0.061,0.0,11.4,60.7
1784036710.249,403,0.632,-0.123,0.117,-0.081,15.0,77.4
1784036710.249,403,0.615,0.082,-0.209,-0.081,15.0,77.4
1784036710.349,404,1.613,-1.02,0.208,0.0,11.2,72.6
1784036710.349,404,1.691,-0.3,-0.858,0.0,11.2,72.6
1784036710.349,404,0.696,-0.044,0.026,-0.081,19.2,73.0
1784036710.349,404,0.879,0.086,0.245,-0.081,11.5,69.6
1784036710.451,405,1.956,0.954,-0.154,0.0,11.5,71.9
1784036710.451,405,0.818,0.13,0.025,-0.162,29.2,59.4
1784036710.451,405,0.695,-0.0,-0.066,-0.081,23.5,73.3
1784036710.554,406,0.663,-0.218,-0.02,0.0,17.7,72.7
1784036710.554,406,1.981,0.886,-0.224,0.0,12.8,70.2
1784036710.554,406,2.962,-1.575,0.183,-0.243,16.0,59.2
1784036710.554,406,0.813,0.104,0.126,-0.081,16.3,71.4
1784036710.657,407,0.819,0.104,0.074,0.0,17.4,72.0
1784036710.657,407,1.955,0.954,-0.155,0.0,11.9,70.9
1784036710.657,407,6.828,-4.311,0.807,0.0,13.4,59.4
1784036710.657,407,0.652,-0.041,0.034,0.081,20.2,75.8
1784036710.759,408,1.952,0.954,-0.197,0.0,12.3,70.8
1784036710.759,408,6.833,-4.311,0.756,0.0,12.6,59.4
1784036710.759,408,0.64,-0.0,-0.278,0.162,32.8,58.4
1784036710.759,408,0.635,-0.24,0.164,0.162,32.8,58.4
1784036710.759,408,0.797,0.13,0.188,0.162,23.3,63.6
1784036710.861,409,1.979,0.886,-0.24,0.0,12.2,70.9
1784036710.861,409,6.835,-4.311,0.738,0.0,11.7,59.5
1784036710.861,409,0.693,-0.0,-0.088,0.081,15.5,73.1
1784036710.861,409,0.822,0.104,0.01,0.081,17.0,70.8
1784036710.861,409,0.685,0.046,-0.28,0.162,32.7,56.0
1784036710.861,409,0.674,-0.209,0.228,0.162,32.7,56.0
1784036710.861,409,2.755,-1.592,0.135,-0.568,19.6,50.2
1784036710.861,409,1.771,-0.941,0.072,-0.162,25.5,54.2
1784036710.963,410,1.983,0.886,-0.206,0.0,13.5,70.0
1784036710.963,410,6.824,-4.311,0.838,0.0,12.1,60.2
1784036710.963,410,0.73,-0.023,-0.126,0.162,39.2,53.1
1784036710.963,410,0.643,-0.255,0.267,0.162,39.2,53.1
1784036710.963,410,2.443,-1.047,0.855,0.162,11.9,62.4
1784036710.963,410,1.679,-0.382,0.285,0.406,14.3,60.5
1784036710.963,410,2.754,-1.472,0.342,-0.568,22.2,53.0
1784036711.065,411,1.959,0.954,-0.109,0.0,13.3,70.6
1784036711.065,411,6.946,-4.057,1.071,0.0,12.2,59.3
1784036711.065,411,0.682,-0.109,0.101,0.162,28.8,55.5
1784036711.065,411,2.58,-0.773,0.547,0.243,12.0,61.8
1784036711.065,411,2.58,-1.26,-0.219,0.243,12.6,60.6
1784036711.065,411,0.783,-0.049,0.022,0.325,25.7,64.1
1784036711.167,412,1.962,0.954,-0.005,0.0,12.8,71.3
1784036711.167,412,3.472,-1.699,0.367,0.0,14.7,70.2
1784036711.167,412,5.421,-2.517,1.632,0.0,13.2,63.5
1784036711.167,412,6.393,-3.169,1.24,0.0,12.3,59.3
1784036711.167,412,6.964,-4.057,0.947,0.0,14.0,59.6
1784036711.167,412,0.357,-0.477,0.135,0.243,31.1,53.7
1784036711.167,412,0.674,-0.139,0.277,0.243,29.0,56.5
1784036711.167,412,0.894,0.057,0.192,0.243,13.5,69.3
1784036711.167,412,0.849,-0.344,-0.035,0.243,13.5,69.3
1784036711.167,412,2.563,-0.886,0.831,0.325,15.6,61.8
1784036711.167,412,0.782,-0.074,0.018,0.406,34.5,53.3
1784036711.167,412,1.654,-0.327,0.45,0.568,13.2,60.1
1784036711.167,412,2.45,-1.117,0.553,-0.243,22.2,51.8
1784036711.167,412,1.662,-0.96,0.008,-0.081,11.6,68.1
1784036711.269,413,1.697,-0.687,0.086,0.0,14.2,73.1
1784036711.269,413,1.959,0.954,-0.104,0.0,11.4,72.9
1784036711.269,413,3.409,-1.82,0.382,0.0,13.9,70.8
1784036711.269,413,6.331,-3.395,0.922,0.0,11.5,59.0
1784036711.269,413,7.233,-3.531,0.602,0.0,13.0,59.6
1784036711.269,413,0.331,-0.458,0.232,0.162,25.9,59.5
1784036711.269,413,0.983,0.063,0.19,0.325,12.9,69.3
1784036711.269,413,1.207,-0.153,0.107,0.325,11.4,65.0
1784036711.269,413,0.808,-0.155,0.1,0.406,41.7,50.4
1784036711.269,413,2.68,-0.54,0.903,0.406,18.6,61.9
1784036711.269,413,0.718,-0.0,0.187,0.487,37.2,45.5
1784036711.269,413,2.611,-1.527,0.421,-0.162,12.3,64.1
1784036711.269,413,2.511,-0.93,0.384,-0.081,12.7,71.6
1784036711.371,414,1.739,-0.704,-0.025,0.0,18.3,73.0
1784036711.371,414,1.925,1.023,-0.091,0.0,11.9,72.7
1784036711.371,414,1.706,-1.134,0.975,0.0,11.9,72.6
1784036711.371,414,3.482,-1.699,0.259,0.0,13.6,70.5
1784036711.371,414,7.359,-3.279,0.489,0.0,15.0,61.1
1784036711.371,414,0.369,-0.439,0.211,0.081,16.5,69.7
1784036711.371,414,0.815,-0.078,0.131,0.325,44.9,47.7
1784036711.371,414,2.734,-0.913,0.484,0.325,16.4,63.1
1784036711.371,414,0.773,-0.025,0.137,0.487,44.1,46.0
1784036711.371,414,1.883,0.18,0.325,-0.649,15.4,57.2
1784036711.472,415,1.709,-0.762,0.131,0.0,17.4,74.1
1784036711.472,415,1.952,0.954,-0.194,0.0,11.9,72.4
1784036711.472,415,3.345,-1.941,0.342,0.0,11.4,70.7
1784036711.472,415,7.341,-3.279,0.706,0.0,15.8,60.0
1784036711.472,415,0.841,-0.218,0.083,0.162,29.3,59.7
1784036711.472,415,0.941,-0.345,0.047,0.162,12.2,67.4
1784036711.472,415,2.761,-1.02,-0.372,0.243,15.3,63.1
1784036711.472,415,1.072,0.102,0.172,0.325,13.1,62.3
1784036711.472,415,2.852,-0.36,-0.169,0.325,19.5,59.4
1784036711.472,415,0.954,0.09,0.056,0.568,33.7,48.0
1784036711.573,416,1.673,-0.821,0.218,0.0,17.7,73.0
1784036711.573,416,1.958,0.954,-0.125,0.0,12.3,72.4
1784036711.573,416,3.351,-1.941,0.277,0.0,13.5,70.3
1784036711.573,416,7.48,-3.027,0.174,0.0,14.9,61.0
1784036711.573,416,7.237,-3.531,0.547,0.0,14.9,61.0
1784036711.573,416,0.849,-0.027,0.199,0.081,19.6,71.9
1784036711.573,416,1.09,0.106,0.295,0.406,23.3,57.5
1784036711.573,416,0.992,0.125,0.081,0.568,31.3,49.3
1784036711.675,417,1.706,-0.704,0.34,0.0,17.3,73.1
1784036711.675,417,1.956,0.954,-0.151,0.0,12.6,72.3
1784036711.675,417,3.411,-1.82,0.358,0.0,14.5,70.5
1784036711.675,417,7.359,-3.279,0.488,0.0,14.3,61.8
1784036711.675,417,0.853,-0.0,0.184,0.081,18.1,70.1
1784036711.675,417,1.137,0.147,0.272,0.162,20.1,60.2
1784036711.675,417,1.119,0.142,0.117,0.325,22.9,55.6
1784036711.675,417,1.025,0.196,-0.083,0.406,29.5,49.4
1784036711.675,417,0.855,-0.2,0.26,-0.081,17.2,71.1
1784036711.675,417,0.876,-0.143,0.229,-0.081,17.2,71.1
1784036711.779,418,1.696,-0.687,0.102,0.0,16.8,73.5
1784036711.779,418,1.962,0.954,-0.016,0.0,13.5,71.5
1784036711.779,418,1.665,-1.134,1.043,0.0,12.7,71.3
1784036711.779,418,3.405,-1.82,0.409,0.0,18.1,69.9
1784036711.779,418,5.426,-2.499,1.467,0.0,11.6,63.5
1784036711.779,418,7.48,-3.027,0.173,0.0,15.9,60.4
1784036711.779,418,1.142,0.11,0.268,0.081,17.5,66.5
1784036711.779,418,1.916,-0.184,0.387,-0.243,13.0,61.1
1784036711.779,418,0.322,-0.496,0.152,-0.162,22.4,60.5
1784036711.779,418,0.853,-0.027,0.182,-0.162,24.4,67.1
1784036711.779,418,2.927,-0.659,0.253,-0.162,15.1,64.1
1784036711.882,419,1.698,-0.687,-0.051,0.0,11.9,73.5
1784036711.882,419,1.96,0.954,-0.086,0.0,11.8,72.5
1784036711.882,419,3.395,-1.82,0.488,0.0,18.1,69.6
1784036711.882,419,5.501,-2.307,1.505,0.0,14.1,62.8
1784036711.882,419,7.109,-3.783,0.537,0.0,12.4,60.0
1784036711.882,419,2.026,-0.695,0.601,-0.649,13.1,57.8
1784036711.882,419,1.194,-0.229,-0.115,-0.325,11.5,60.6
1784036711.882,419,2.857,-0.457,-0.418,-0.325,17.7,60.7
1784036711.882,419,0.843,-0.082,0.209,-0.243,31.0,67.0
1784036711.882,419,1.156,0.11,0.197,-0.162,20.8,63.2
1784036711.882,419,2.584,-0.822,1.092,-0.162,13.0,62.8
1784036711.935,420,0.505,0.23,0.118,0.0,12.0,64.5
1784036711.935,420,0.526,-0.213,-0.015,0.0,12.0,64.5
1784036711.935,420,1.556,-0.96,-0.586,0.0,13.5,71.6
1784036711.935,420,1.957,0.954,-0.138,0.0,11.4,72.0
1784036711.935,420,3.402,-1.82,0.44,0.0,20.4,68.8
1784036711.935,420,6.988,-4.057,0.749,0.0,11.8,60.1
1784036711.935,420,2.694,-1.571,0.378,0.325,18.9,55.7
1784036711.935,420,0.821,-0.052,0.103,-0.406,27.8,56.0
1784036711.935,420,1.059,0.034,0.257,-0.406,17.6,63.7
1784036711.935,420,0.837,-0.245,-0.028,-0.162,22.9,68.5
1784036711.935,420,1.005,-0.184,0.586,-0.162,13.0,63.0
1784036711.935,420,2.82,-0.731,0.244,-0.162,12.2,62.3
1784036711.935,420,2.078,-1.644,-1.234,-0.162,12.2,62.3
1784036712.088,421,1.96,0.954,-0.08,0.0,11.3,71.2
1784036712.088,421,2.748,-1.592,0.24,0.325,22.4,52.5
1784036712.088,421,0.984,-0.188,-0.059,0.568,24.0,58.1
1784036712.088,421,0.801,-0.181,0.116,-0.162,23.8,69.9
1784036712.139,422,6.834,-4.311,0.75,0.0,11.4,58.1
1784036712.139,422,0.953,0.06,-0.1,-0.325,17.2,63.1
1784036712.139,422,0.737,-0.221,0.159,-0.081,25.7,71.1
1784036712.241,423,1.729,-0.704,0.189,-0.243,12.1,62.4
1784036712.241,423,0.769,-0.285,0.122,-0.081,22.7,71.0
1784036712.342,424,0.725,-0.139,0.068,0.0,14.5,75.2
1784036712.342,424,8.447,0.267,1.305,0.0,13.8,57.9
1784036712.342,424,0.952,-0.03,0.119,0.081,17.7,66.7
1784036712.452,425,0.676,-0.294,0.269,0.0,14.5,74.6
1784036712.452,425,8.494,-0.0,0.992,0.0,15.4,58.9
1784036712.555,426,0.746,-0.245,0.002,0.0,15.2,75.0
1784036712.555,426,7.062,-0.23,2.106,0.0,11.8,60.4
1784036712.555,426,8.478,-0.0,1.116,0.0,17.2,58.7
1784036712.658,427,0.718,-0.319,0.009,0.0,18.9,75.5
1784036712.658,427,7.111,-0.23,1.934,0.0,11.4,60.7
1784036712.658,427,8.471,-0.0,1.171,0.0,17.9,57.9
1784036712.761,428,0.731,-0.27,0.101,0.0,20.2,75.0
1784036712.761,428,7.047,-0.23,2.157,0.0,11.2,60.7
1784036712.761,428,8.479,-0.0,1.107,0.0,17.7,58.3
1784036712.863,429,0.699,-0.196,-0.298,0.0,11.9,75.8
1784036712.863,429,0.585,-0.466,0.239,0.0,11.9,75.8
1784036712.863,429,7.1,-0.23,1.974,0.0,11.5,60.9
1784036712.863,429,8.461,-0.0,1.242,0.0,18.3,58.1
1784036712.97,430,7.083,-0.23,2.034,0.0,12.7,60.8
1784036712.97,430,8.466,-0.0,1.206,0.0,17.1,59.6
1784036712.97,430,0.801,-0.207,-0.043,0.081,19.8,71.2
1784036712.97,430,0.958,-0.031,0.296,0.081,12.1,70.8
1784036713.072,431,7.095,-0.23,1.994,0.0,12.9,61.0
1784036713.072,431,8.465,-0.0,1.212,0.0,18.4,58.8
1784036713.072,431,0.724,-0.294,0.08,0.081,21.3,73.2
1784036713.072,431,0.702,-0.344,0.076,0.081,21.3,73.2
1784036713.072,431,0.982,-0.063,0.197,0.081,16.2,69.1
1784036713.175,432,7.152,-0.23,1.778,0.0,14.1,60.3
1784036713.175,432,8.462,-0.0,1.234,0.0,17.7,59.7
1784036713.175,432,0.711,-0.294,0.155,0.081,25.2,72.9
1784036713.175,432,0.993,-0.063,0.133,0.081,14.9,69.1
1784036713.278,433,0.708,-0.319,0.12,0.0,20.2,75.3
1784036713.278,433,0.993,-0.063,0.129,0.0,14.9,70.2
1784036713.278,433,7.138,-0.23,1.832,0.0,14.2,60.5
1784036713.278,433,8.467,-0.0,1.195,0.0,17.6,60.1
1784036713.328,434,0.717,-0.319,0.038,0.0,21.7,74.6
1784036713.328,434,0.996,-0.063,0.108,0.0,16.0,70.5
1784036713.328,434,7.145,-0.23,1.808,0.0,14.0,60.7
1784036713.328,434,8.473,-0.0,1.153,0.0,17.8,60.0
1784036713.434,435,0.705,-0.344,0.047,0.0,21.1,74.9
1784036713.434,435,1.0,-0.063,0.051,0.0,13.1,70.7
1784036713.434,435,7.146,-0.23,1.803,0.0,14.0,61.3
1784036713.434,435,8.461,-0.0,1.239,0.0,17.6,60.2
1784036713.535,436,0.715,-0.319,0.058,0.0,20.2,74.7
1784036713.535,436,0.988,-0.063,0.166,0.0,11.8,70.3
1784036713.535,436,7.181,-0.23,1.656,0.0,14.9,60.2
1784036713.535,436,8.461,-0.0,1.24,0.0,17.3,60.4
1784036713.638,437,7.148,-0.23,1.794,0.0,14.1,61.1
1784036713.638,437,8.458,-0.0,1.26,0.0,17.6,60.0
1784036713.638,437,0.995,-0.094,0.094,0.081,14.2,69.2
1784036713.74,438,8.444,-0.0,1.352,0.0,16.9,59.8
1784036713.74,438,0.688,-0.363,0.286,0.081,18.0,72.1
1784036713.74,438,0.969,-0.063,0.254,0.081,12.8,69.4
1784036713.844,439,0.97,-0.063,0.249,0.0,12.3,70.1
1784036713.844,439,8.473,-0.0,1.153,0.0,16.8,56.9
1784036713.844,439,0.781,-0.233,0.15,0.081,21.3,72.0
1784036713.946,440,1.001,-0.031,0.066,0.0,15.5,70.5
1784036713.946,440,0.767,-0.285,0.134,0.162,35.6,59.7
1784036714.049,441,0.995,-0.0,0.13,0.0,16.5,66.6
1784036714.049,441,3.385,-2.949,0.199,0.0,11.3,63.7
1784036714.049,441,1.06,-0.106,0.39,0.162,11.6,64.0
1784036714.049,441,0.845,-0.164,0.146,0.243,45.3,49.3
1784036714.049,441,1.122,-0.42,-0.241,0.243,13.1,62.3
1784036714.151,442,1.674,-0.744,-0.032,0.0,13.5,69.5
1784036714.151,442,3.357,-1.82,0.706,0.0,11.5,68.5
1784036714.151,442,3.477,-2.809,0.461,0.0,11.4,64.1
1784036714.151,442,1.029,0.065,0.184,0.162,15.9,64.1
1784036714.151,442,1.074,-0.037,0.482,0.243,15.2,62.8
1784036714.151,442,0.842,-0.218,0.073,0.325,42.6,47.5
1784036714.151,442,2.269,-1.227,0.443,-0.487,19.5,54.4
1784036714.252,443,1.637,-0.802,0.188,0.0,23.4,69.3
1784036714.252,443,1.992,0.886,0.083,0.0,12.4,71.1
1784036714.252,443,1.045,0.065,-0.009,0.325,27.3,53.9
1784036714.252,443,1.16,-0.0,0.203,0.325,18.7,63.7
1784036714.252,443,0.862,-0.082,0.11,0.406,39.8,47.0
1784036714.252,443,0.908,-0.15,0.272,0.487,39.4,48.0
1784036714.252,443,0.89,-0.172,0.134,0.568,40.4,48.0
1784036714.252,443,2.355,-0.87,0.317,-0.568,25.9,54.9
1784036714.353,444,1.271,0.958,-0.268,0.0,11.3,65.8
1784036714.353,444,1.721,-0.586,0.464,0.0,19.4,70.2
1784036714.353,444,6.64,-4.565,0.96,0.0,13.1,60.7
1784036714.353,444,1.181,0.076,0.301,0.325,18.0,60.9
1784036714.353,444,0.935,-0.125,0.342,0.487,43.5,47.6
1784036714.353,444,1.06,0.037,0.512,0.487,19.5,58.9
1784036714.353,444,1.25,0.158,0.113,0.487,13.8,64.0
1784036714.353,444,1.387,-0.087,0.138,0.568,12.0,60.4
1784036714.353,444,1.305,0.48,-0.129,0.568,12.0,60.4
1784036714.353,444,0.998,-0.031,-0.096,-0.649,41.5,47.1
1784036714.456,445,1.281,0.958,-0.213,0.0,11.8,65.5
1784036714.456,445,1.74,-0.573,-0.035,0.0,23.1,68.4
1784036714.456,445,1.993,0.886,-0.043,0.0,13.1,70.3
1784036714.456,445,3.389,-1.82,0.527,0.0,13.8,71.7
1784036714.456,445,6.973,-4.057,0.872,0.0,14.0,61.3
1784036714.456,445,1.085,-0.102,0.041,0.406,32.8,51.7
1784036714.456,445,1.248,0.079,0.192,0.406,18.9,62.1
1784036714.456,445,2.254,-0.687,0.646,-0.325,23.2,56.6
1784036714.557,446,1.315,0.908,-0.228,0.0,11.8,65.3
1784036714.557,446,1.698,-0.687,-0.048,0.0,19.7,68.8
1784036714.557,446,1.992,0.886,0.067,0.0,12.5,70.6
1784036714.557,446,1.855,-1.091,-0.36,0.0,12.5,70.6
1784036714.557,446,3.391,-1.82,0.512,0.0,14.6,70.6
1784036714.557,446,5.429,-2.499,1.457,0.0,12.9,63.5
1784036714.557,446,7.288,-3.261,0.831,0.0,13.1,61.3
1784036714.557,446,7.01,-4.079,0.882,0.0,13.4,62.0
1784036714.557,446,1.219,0.076,0.002,0.325,17.6,62.7
1784036714.557,446,1.24,-0.409,0.084,0.487,16.3,61.2
1784036714.557,446,2.194,-0.75,0.617,-0.325,23.2,55.0
1784036714.657,447,1.277,0.958,-0.237,0.0,11.7,65.6
1784036714.657,447,1.535,-0.997,0.413,0.0,16.5,70.0
1784036714.657,447,2.022,0.818,-0.014,0.0,11.8,70.9
1784036714.657,447,1.803,-1.227,-0.058,0.0,11.8,70.9
1784036714.657,447,3.44,-1.699,0.597,0.0,13.5,71.6
1784036714.657,447,5.567,-2.307,1.235,0.0,11.6,62.7
1784036714.657,447,6.599,-2.49,1.646,0.0,13.8,60.7
1784036714.657,447,7.162,-2.945,1.305,0.0,12.2,60.2
1784036714.657,447,7.385,-3.01,0.92,0.0,16.7,62.2
1784036714.657,447,1.243,0.158,0.178,0.162,17.1,63.6
1784036714.657,447,1.336,0.127,0.168,0.243,14.4,65.9
1784036714.657,447,1.067,-0.102,0.203,0.325,25.1,64.5
1784036714.657,447,1.296,-0.338,0.189,0.406,17.3,63.7
1784036714.657,447,1.092,-0.213,-0.219,0.487,32.9,53.1
1784036714.657,447,1.169,-0.147,-0.018,-0.568,29.8,50.7
1784036714.759,448,1.591,-0.469,-0.877,0.0,16.5,72.9
1784036714.759,448,1.397,-1.114,0.571,0.0,16.5,72.9
1784036714.759,448,1.937,-1.043,0.333,0.0,12.8,71.3
1784036714.759,448,3.369,-1.82,0.644,0.0,13.8,71.5
1784036714.759,448,6.606,-2.49,1.615,0.0,14.4,61.5
1784036714.759,448,7.155,-2.945,1.343,0.0,11.7,61.4
1784036714.759,448,7.507,-2.76,0.691,0.0,16.2,62.9
1784036714.759,448,1.261,0.164,0.309,0.162,22.2,59.4
1784036714.759,448,1.021,-0.142,0.472,0.325,22.8,64.2
1784036714.759,448,2.986,-0.896,0.653,0.406,17.4,60.7
1784036714.759,448,2.108,-1.792,-1.578,0.406,17.4,60.7
1784036714.759,448,1.139,-0.344,-0.276,0.487,19.8,62.2
1784036714.863,449,1.438,-1.088,0.324,0.0,18.2,70.4
1784036714.863,449,3.461,-1.699,0.464,0.0,13.5,71.2
1784036714.863,449,5.407,-2.481,1.382,0.0,12.0,62.6
1784036714.863,449,6.622,-2.49,1.551,0.0,14.1,61.2
1784036714.863,449,7.122,-2.945,1.511,0.0,13.7,61.0
1784036714.863,449,7.489,-2.76,0.866,0.0,17.1,62.9
1784036714.863,449,1.177,-0.0,0.05,0.325,26.7,58.4
1784036714.863,449,1.331,0.131,0.401,0.325,19.1,65.9
1784036714.863,449,3.18,-0.716,0.287,0.406,19.5,61.1
1784036714.863,449,4.955,-1.83,0.659,0.406,11.7,55.4
1784036714.863,449,1.207,-0.191,0.015,0.487,24.1,61.4
1784036714.965,450,1.528,-0.997,0.438,0.0,17.7,71.6
1784036714.965,450,2.146,-0.487,-0.331,0.0,12.3,71.7
1784036714.965,450,3.362,-1.82,0.68,0.0,12.2,72.3
1784036714.965,450,6.581,-2.49,1.716,0.0,13.4,61.7
1784036714.965,450,7.245,-2.7,1.375,0.0,15.4,61.5
1784036714.965,450,7.443,-2.76,1.196,0.0,20.1,63.6
1784036714.965,450,1.381,0.135,0.385,0.325,20.2,63.7
1784036714.965,450,1.394,0.045,0.356,0.325,20.2,63.7
1784036714.965,450,1.224,-0.04,0.317,0.487,28.6,60.4
1784036714.965,450,0.322,0.491,0.289,0.568,27.1,50.2
1784036714.965,450,3.165,-0.933,0.328,0.568,18.1,59.0
1784036714.965,450,2.152,-0.567,0.438,-0.487,22.4,54.4
1784036715.067,451,1.638,-0.879,0.249,0.0,20.3,71.1
1784036715.067,451,1.516,-1.252,1.042,0.0,13.2,72.6
1784036715.067,451,2.144,-0.487,-0.342,0.0,13.2,72.6
1784036715.067,451,3.389,-1.82,0.528,0.0,13.9,71.7
1784036715.067,451,6.633,-2.49,1.503,0.0,13.5,61.9
1784036715.067,451,7.26,-2.7,1.298,0.0,13.9,62.2
1784036715.067,451,7.464,-2.76,1.058,0.0,21.4,63.7
1784036715.067,451,1.416,0.09,0.244,0.406,18.7,63.5
1784036715.067,451,0.415,0.545,0.133,0.487,29.6,47.0
1784036715.067,451,1.212,-0.245,0.429,0.568,26.2,60.5
1784036715.067,451,1.244,0.205,-0.352,0.568,26.2,60.5
1784036715.067,451,3.24,-0.525,0.716,0.568,18.2,59.1
1784036715.168,452,1.278,0.958,-0.234,0.0,11.6,65.6
1784036715.168,452,1.61,-0.879,0.392,0.0,21.5,70.4
1784036715.168,452,2.133,-0.556,-0.3,0.0,12.6,72.3
1784036715.168,452,1.537,-1.252,1.011,0.0,12.6,72.3
1784036715.168,452,3.403,-1.82,0.429,0.0,13.9,72.0
1784036715.168,452,6.651,-2.49,1.419,0.0,13.0,61.7
1784036715.168,452,7.165,-2.945,1.289,0.0,12.5,62.1
1784036715.168,452,7.364,-3.01,1.071,0.0,20.1,63.1
1784036715.168,452,1.279,-0.041,-0.277,0.162,24.9,56.4
1784036715.168,452,0.463,0.564,0.29,0.325,19.5,55.1
1784036715.168,452,5.227,-1.352,0.349,0.325,11.4,56.3
1784036715.168,452,1.332,-0.169,0.16,0.406,28.2,58.8
1784036715.168,452,1.362,-0.393,0.676,0.406,13.4,65.4
1784036715.271,453,1.273,0.958,-0.259,0.0,11.9,65.5
1784036715.271,453,1.614,-0.879,0.377,0.0,20.1,70.8
1784036715.271,453,2.154,-0.556,-0.022,0.0,13.0,72.5
1784036715.271,453,1.453,-1.321,1.046,0.0,13.0,72.5
1784036715.271,453,3.374,-1.82,0.619,0.0,11.6,72.6
1784036715.271,453,6.677,-2.49,1.295,0.0,13.5,61.1
1784036715.271,453,7.162,-2.945,1.307,0.0,13.9,61.8
1784036715.271,453,7.47,-2.76,1.016,0.0,20.9,62.8
1784036715.271,453,1.49,-0.334,-0.032,0.081,11.9,63.4
1784036715.271,453,1.35,-0.085,0.005,0.243,31.9,57.7
1784036715.271,453,1.504,-0.393,0.224,0.243,13.6,66.5
1784036715.271,453,1.517,0.095,0.148,0.325,21.9,59.9
1784036715.376,454,1.575,-0.938,0.4,0.0,16.8,73.2
1784036715.376,454,1.542,-1.252,1.003,0.0,11.6,72.7
1784036715.376,454,2.12,-0.487,-0.468,0.0,11.6,72.7
1784036715.376,454,3.463,-1.699,0.45,0.0,13.3,72.4
1784036715.376,454,6.655,-2.49,1.399,0.0,13.0,61.8
1784036715.376,454,7.244,-2.7,1.38,0.0,12.7,62.1
1784036715.376,454,7.37,-3.01,1.03,0.0,19.9,63.3
1784036715.376,454,1.353,-0.131,0.32,0.162,35.7,55.2
1784036715.376,454,3.226,-0.754,0.95,0.162,13.6,62.8
1784036715.376,454,1.563,-0.049,0.152,0.243,22.8,62.0
1784036715.376,454,4.066,-1.363,0.801,0.325,18.8,55.8
1784036715.376,454,0.311,0.461,0.114,-0.243,15.7,52.7
1784036715.479,455,2.134,-0.626,0.06,0.0,12.4,72.8
1784036715.479,455,3.454,-1.699,0.514,0.0,12.5,72.8
1784036715.479,455,6.656,-2.49,1.398,0.0,13.3,61.6
1784036715.479,455,7.194,-2.945,1.113,0.0,13.2,61.9
1784036715.479,455,7.471,-2.76,1.006,0.0,20.1,63.1
1784036715.479,455,1.349,-0.218,0.288,0.081,26.2,64.0
1784036715.479,455,1.532,0.098,0.332,0.081,13.1,68.0
1784036715.479,455,1.351,0.042,-0.049,0.162,29.2,55.6
1784036715.479,455,1.467,0.095,0.413,0.162,22.1,58.0
1784036715.479,455,4.129,-1.377,0.687,0.243,14.5,54.7
1784036715.479,455,1.502,-0.454,0.38,0.325,28.6,51.4
1784036715.58,456,2.154,-0.556,-0.039,0.0,12.7,72.6
1784036715.58,456,3.382,-1.82,0.572,0.0,11.4,72.7
1784036715.58,456,6.668,-2.49,1.339,0.0,11.7,62.9
1784036715.58,456,7.468,-2.76,1.031,0.0,18.5,65.0
1784036715.58,456,1.38,-0.131,0.166,0.081,26.9,65.3
1784036715.58,456,1.561,-0.353,0.212,0.081,14.1,71.7
1784036715.681,457,1.688,-0.762,0.298,0.0,11.7,80.6
1784036715.681,457,1.605,-1.182,0.989,0.0,11.3,73.2
1784036715.681,457,2.133,-0.626,-0.087,0.0,11.3,73.2
1784036715.681,457,3.454,-1.699,0.513,0.0,13.3,72.4
1784036715.681,457,6.738,-2.263,1.387,0.0,11.6,63.1
1784036715.681,457,7.363,-3.01,1.083,0.0,18.9,64.8
1784036715.681,457,1.365,-0.087,0.28,0.081,21.6,64.7
1784036715.681,457,1.924,-0.705,-0.083,0.243,13.3,59.2
1784036715.681,457,1.575,-0.353,0.007,-0.162,34.0,51.0
1784036715.733,458,1.36,-0.087,0.302,0.0,19.8,68.0
1784036715.733,458,2.013,0.818,-0.192,0.0,11.5,73.5
1784036715.733,458,2.05,-0.614,0.422,0.0,11.5,73.5
1784036715.733,458,6.753,-2.263,1.313,0.0,11.8,62.9
1784036715.733,458,7.221,-2.945,0.926,0.0,11.8,63.1
1784036715.733,458,7.475,-2.76,0.977,0.0,18.8,65.0
1784036715.733,458,1.554,-0.404,0.165,-0.243,26.8,51.5
1784036715.834,459,1.418,-0.09,0.235,0.0,26.5,66.6
1784036715.834,459,2.133,-0.626,-0.097,0.0,13.2,73.0
1784036715.834,459,3.396,-1.82,0.484,0.0,13.0,72.5
1784036715.834,459,6.665,-2.49,1.354,0.0,11.7,62.8
1784036715.834,459,7.358,-3.01,1.117,0.0,19.4,64.8
1784036715.834,459,1.539,-0.353,0.337,-0.162,27.8,57.4
1784036715.936,460,1.566,-0.0,0.39,0.0,17.6,69.2
1784036715.936,460,1.682,-0.762,0.33,0.0,12.1,80.7
1784036715.936,460,3.431,-1.699,0.648,0.0,12.6,72.5
1784036715.936,460,7.48,-2.76,0.938,0.0,18.7,64.9
1784036715.936,460,1.22,-0.175,0.656,-0.081,19.9,63.7
1784036716.037,461,1.534,-0.0,0.336,0.0,16.3,69.4
1784036716.037,461,1.58,-1.252,0.943,0.0,12.9,72.4
1784036716.037,461,2.148,-0.556,-0.163,0.0,12.9,72.4
1784036716.037,461,3.396,-1.82,0.484,0.0,12.5,72.8
1784036716.037,461,7.475,-2.76,0.974,0.0,19.6,64.1
1784036716.037,461,1.332,-0.087,0.409,-0.081,23.9,64.1
1784036716.14,462,1.376,-0.0,0.423,0.0,19.1,67.0
1784036716.14,462,1.498,0.101,0.594,0.0,11.7,70.7
1784036716.14,462,1.557,-1.252,0.98,0.0,12.7,72.6
1784036716.14,462,2.13,-0.487,-0.42,0.0,12.7,72.6
1784036716.14,462,3.365,-1.82,0.663,0.0,13.1,71.9
1784036716.14,462,6.663,-2.49,1.363,0.0,11.9,63.0
1784036716.14,462,7.46,-2.76,1.086,0.0,19.2,64.8
1784036716.242,463,1.374,0.218,0.117,0.0,18.1,67.9
1784036716.242,463,1.456,-0.344,0.479,0.0,14.9,68.2
1784036716.242,463,1.553,0.196,-0.123,0.0,14.9,68.2
1784036716.242,463,2.143,-0.556,-0.221,0.0,12.1,73.0
1784036716.242,463,3.379,-1.82,0.587,0.0,11.4,73.0
1784036716.242,463,7.464,-2.76,1.054,0.0,18.2,65.3
1784036716.242,463,1.399,-0.315,0.133,0.243,26.8,50.4
1784036716.349,464,1.239,-0.18,0.71,0.0,20.4,67.1
1784036716.349,464,1.319,0.315,-0.483,0.0,20.4,67.1
1784036716.349,464,2.133,-0.626,0.095,0.0,13.0,72.6
1784036716.349,464,1.489,-1.252,1.081,0.0,13.0,72.6
1784036716.349,464,7.462,-2.76,1.07,0.0,19.0,64.9
1784036716.349,464,2.108,-0.626,0.341,-0.243,23.2,54.1
1784036716.45,465,1.394,-0.0,0.076,0.0,19.3,67.6
1784036716.45,465,3.384,-1.82,0.56,0.0,12.0,72.8
1784036716.45,465,7.469,-2.76,1.022,0.0,18.3,65.6
1784036716.45,465,1.483,-0.344,0.389,0.081,17.0,64.1
1784036716.45,465,1.554,-0.252,0.358,0.162,26.8,53.1
1784036716.553,466,1.395,0.044,0.013,0.0,21.8,68.0
1784036716.553,466,1.984,0.886,-0.193,0.0,12.3,72.6
1784036716.553,466,2.018,-0.614,0.558,0.0,12.3,72.6
1784036716.553,466,7.452,-2.76,1.14,0.0,17.8,66.1
1784036716.656,467,1.376,-0.0,0.236,0.0,25.0,68.0
1784036716.656,467,2.018,0.818,-0.136,0.0,12.0,72.9
1784036716.656,467,2.03,-0.614,0.512,0.0,12.0,72.9
1784036716.656,467,3.385,-1.82,0.553,0.0,11.7,72.6
1784036716.656,467,7.351,-3.01,1.156,0.0,18.6,65.6
1784036716.757,468,1.378,-0.0,0.225,0.0,25.9,67.8
1784036716.757,468,2.019,0.818,-0.116,0.0,11.3,73.5
1784036716.757,468,3.465,-1.699,0.432,0.0,13.2,72.9
1784036716.757,468,6.691,-2.49,1.218,0.0,11.5,63.6
1784036716.757,468,7.346,-3.01,1.192,0.0,18.1,66.1
1784036716.858,469,1.282,0.044,0.55,0.0,15.8,68.3
1784036716.858,469,1.547,-0.202,0.413,0.0,12.8,71.2
1784036716.858,469,2.015,0.818,-0.172,0.0,12.4,72.8
1784036716.858,469,1.977,-0.136,-0.911,0.0,12.4,72.8
1784036716.858,469,6.707,-2.49,1.125,0.0,11.2,63.5
1784036716.858,469,7.459,-2.76,1.091,0.0,18.7,65.2
1784036716.96,470,1.37,-0.044,0.267,0.0,22.5,67.7
1784036716.96,470,1.962,0.954,0.003,0.0,12.7,71.8
1784036716.96,470,2.033,-0.614,0.5,0.0,12.7,71.8
1784036716.96,470,2.195,-0.567,-0.082,0.0,12.8,71.7
1784036716.96,470,1.733,-1.134,0.927,0.0,12.8,71.7
1784036716.96,470,3.397,-1.82,0.478,0.0,12.4,72.5
1784036716.96,470,6.683,-2.49,1.262,0.0,11.3,63.0
1784036716.96,470,7.355,-3.01,1.135,0.0,19.1,64.9
1784036717.063,471,1.385,-0.044,0.169,0.0,20.6,68.5
1784036717.063,471,1.991,0.886,-0.088,0.0,11.2,73.2
1784036717.063,471,1.97,-0.614,0.708,0.0,11.2,73.2
1784036717.063,471,2.195,-0.567,-0.079,0.0,12.1,72.6
1784036717.063,471,1.748,-1.134,0.896,0.0,12.1,72.6
1784036717.063,471,3.437,-1.699,0.616,0.0,13.1,72.5
1784036717.063,471,7.363,-3.01,1.083,0.0,18.8,65.2
1784036717.165,472,1.348,-0.087,0.351,0.0,17.8,68.5
1784036717.165,472,1.466,-0.046,-0.221,0.0,15.4,67.1
1784036717.165,472,2.012,0.818,-0.206,0.0,12.0,73.2
1784036717.165,472,2.071,-0.545,0.414,0.0,12.0,73.2
1784036717.165,472,7.351,-3.01,1.159,0.0,19.4,64.5
1784036717.165,472,1.561,-0.303,0.28,0.081,15.7,68.7
1784036717.27,473,1.353,-0.087,0.335,0.0,25.1,67.8
1784036717.27,473,1.993,0.886,-0.042,0.0,11.7,72.8
1784036717.27,473,2.177,-0.638,-0.049,0.0,11.7,72.2
1784036717.27,473,3.418,-1.82,0.291,0.0,12.3,73.5
1784036717.27,473,6.686,-2.49,1.246,0.0,12.3,62.3
1784036717.27,473,7.477,-2.76,0.963,0.0,19.6,63.9
1784036717.372,474,1.351,-0.087,0.341,0.0,25.9,68.5
1784036717.372,474,2.017,0.818,-0.145,0.0,11.3,73.2
1784036717.372,474,7.373,-3.01,1.009,0.0,17.9,65.7
1784036717.48,475,1.308,-0.087,0.481,0.0,22.1,68.3
1784036717.48,475,1.547,-0.245,0.116,0.0,13.4,69.7
1784036717.48,475,1.989,0.886,-0.124,0.0,12.0,73.3
1784036717.48,475,2.078,-0.477,0.463,0.0,12.0,73.3
1784036717.48,475,3.408,-1.82,0.389,0.0,12.3,72.2
1784036717.48,475,6.688,-2.49,1.232,0.0,11.9,62.7
1784036717.48,475,7.373,-3.01,1.006,0.0,18.3,65.3
1784036717.53,476,1.308,-0.044,0.485,0.0,22.7,67.9
1784036717.53,476,2.018,0.818,-0.123,0.0,12.6,72.7
1784036717.53,476,2.154,-0.709,0.066,0.0,12.6,72.0
1784036717.53,476,3.42,-1.82,0.266,0.0,12.4,73.2
1784036717.53,476,7.366,-3.01,1.059,0.0,18.1,65.6
1784036717.633,477,1.331,-0.044,0.421,0.0,24.3,68.1
1784036717.633,477,1.989,0.886,-0.133,0.0,11.7,72.6
1784036717.633,477,2.008,-0.614,0.591,0.0,11.7,72.6
1784036717.633,477,7.349,-3.01,1.174,0.0,18.4,65.2
1784036717.735,478,1.342,-0.044,0.381,0.0,26.0,68.4
1784036717.735,478,2.014,0.818,-0.184,0.0,12.2,73.2
1784036717.735,478,2.091,-0.545,0.3,0.0,12.2,73.2
1784036717.735,478,3.406,-1.82,0.404,0.0,11.5,73.4
1784036717.735,478,7.347,-3.01,1.183,0.0,17.9,65.7
1784036717.836,479,1.347,-0.044,0.364,0.0,26.4,67.8
1784036717.836,479,1.537,-0.196,0.254,0.0,14.9,69.8
1784036717.836,479,7.358,-3.01,1.117,0.0,17.5,66.2
1784036717.937,480,1.351,-0.044,0.347,0.0,26.4,68.3
1784036717.937,480,1.546,-0.245,0.124,0.0,12.7,70.3
1784036717.937,480,2.004,0.818,-0.274,0.0,12.7,72.0
1784036717.937,480,2.005,-0.614,0.602,0.0,12.7,72.0
1784036717.937,480,7.348,-3.01,1.176,0.0,17.4,66.1
1784036718.04,481,1.356,-0.044,0.328,0.0,26.4,68.0
1784036718.04,481,1.568,0.098,0.004,0.0,12.6,69.7
1784036718.04,481,2.022,0.818,-0.054,0.0,11.7,73.0
1784036718.04,481,2.174,-0.638,0.124,0.0,11.7,72.5
1784036718.04,481,3.399,-1.82,0.456,0.0,12.0,72.4
1784036718.04,481,7.355,-3.01,1.132,0.0,17.4,66.1
1784036718.141,482,1.359,-0.044,0.318,0.0,26.3,67.9
1784036718.141,482,3.462,-1.699,0.453,0.0,11.9,73.3
1784036718.141,482,7.353,-3.01,1.145,0.0,17.7,65.7
1784036718.242,483,1.359,-0.044,0.319,0.0,25.7,68.5
1784036718.242,483,6.782,-2.263,1.156,0.0,11.7,62.9
1784036718.242,483,7.347,-3.01,1.182,0.0,18.2,65.4
1784036718.343,484,1.357,-0.0,0.327,0.0,27.0,67.7
1784036718.343,484,1.479,-0.393,0.352,0.0,11.9,70.9
1784036718.343,484,1.589,-0.879,0.471,0.0,11.2,79.9
1784036718.343,484,3.424,-1.699,0.685,0.0,12.0,72.7
1784036718.343,484,7.354,-3.01,1.141,0.0,18.5,65.2
1784036718.446,485,1.36,-0.0,0.315,0.0,26.2,68.3
1784036718.446,485,1.993,0.886,-0.031,0.0,11.6,73.5
1784036718.446,485,3.464,-1.699,0.442,0.0,11.9,73.6
1784036718.446,485,6.757,-2.263,1.293,0.0,11.7,62.4
1784036718.446,485,7.357,-3.01,1.123,0.0,18.0,65.7
1784036718.547,486,1.351,-0.044,0.351,0.0,26.7,68.0
1784036718.547,486,1.553,0.049,0.232,0.0,12.9,70.6
1784036718.547,486,3.381,-1.82,0.577,0.0,11.9,72.9
1784036718.547,486,7.469,-2.76,1.024,0.0,18.4,65.2
1784036718.649,487,1.339,-0.044,0.391,0.0,25.8,68.8
1784036718.649,487,1.537,-0.05,0.49,0.0,11.4,74.2
1784036718.649,487,1.635,-0.821,0.414,0.0,11.6,80.5
1784036718.649,487,1.99,0.886,-0.115,0.0,11.5,73.1
1784036718.649,487,3.454,-1.699,0.512,0.0,12.0,73.0
1784036718.649,487,7.463,-2.76,1.064,0.0,18.2,65.4
1784036718.75,488,1.335,-0.044,0.407,0.0,25.6,68.2
1784036718.75,488,1.632,-0.821,0.427,0.0,11.7,80.6
1784036718.75,488,1.991,0.886,-0.089,0.0,11.8,73.0
1784036718.75,488,3.438,-1.699,0.612,0.0,12.2,73.3
1784036718.75,488,7.367,-3.01,1.054,0.0,18.3,65.3
1784036718.852,489,1.334,-0.044,0.408,0.0,24.1,68.4
1784036718.852,489,1.678,-0.762,0.353,0.0,12.0,80.5
1784036718.852,489,2.011,0.818,-0.213,0.0,11.7,73.1
1784036718.852,489,3.43,-1.699,0.654,0.0,12.8,71.8
1784036718.852,489,7.361,-3.01,1.097,0.0,18.3,65.3
1784036718.953,490,1.34,-0.087,0.383,0.0,24.4,67.7
1784036718.953,490,1.712,-0.704,0.304,0.0,12.1,80.3
1784036718.953,490,1.989,0.886,-0.129,0.0,11.5,73.0
1784036718.953,490,3.412,-1.82,0.354,0.0,12.2,72.3
1784036718.953,490,7.364,-3.01,1.074,0.0,18.3,65.5
1784036719.053,491,1.364,-0.044,0.293,0.0,24.0,68.1
1784036719.053,491,1.685,-0.762,0.314,0.0,11.3,81.0
1784036719.053,491,2.015,0.818,-0.17,0.0,11.8,73.2
1784036719.053,491,2.167,-0.638,0.208,0.0,11.6,72.4
1784036719.053,491,3.465,-1.699,0.431,0.0,12.1,73.0
1784036719.053,491,3.602,-1.241,1.119,0.0,11.5,72.7
1784036719.053,491,6.681,-2.49,1.272,0.0,11.6,62.6
1784036719.053,491,7.374,-3.01,1.002,0.0,18.3,65.3
1784036719.155,492,1.371,-0.0,0.265,0.0,22.7,67.9
1784036719.155,492,1.728,-0.645,0.341,0.0,12.3,80.2
1784036719.155,492,1.68,-0.762,0.342,0.0,12.3,80.2
1784036719.155,492,3.418,-1.82,0.285,0.0,11.3,73.1
1784036719.155,492,6.699,-2.49,1.176,0.0,12.2,62.3
1784036719.155,492,7.373,-3.01,1.012,0.0,17.6,66.0
1784036719.256,493,1.401,-0.0,0.331,0.0,22.2,67.5
1784036719.256,493,1.574,-0.05,0.356,0.0,14.8,71.2
1784036719.256,493,1.726,-0.645,0.35,0.0,11.8,80.8
1784036719.256,493,2.016,0.818,-0.161,0.0,12.3,72.5
1784036719.256,493,7.367,-3.01,1.054,0.0,17.7,65.8
1784036719.359,494,1.414,-0.0,0.272,0.0,23.6,67.1
1784036719.359,494,1.598,0.202,0.111,0.0,11.3,70.6
1784036719.359,494,1.547,-0.353,0.296,0.0,11.3,70.6
1784036719.359,494,1.705,-0.704,0.343,0.0,11.9,80.7
1784036719.359,494,3.459,-1.699,0.478,0.0,11.7,73.0
1784036719.359,494,6.671,-2.49,1.324,0.0,11.8,62.6
1784036719.359,494,7.368,-3.01,1.047,0.0,17.6,65.8
1784036719.462,495,1.417,-0.0,0.254,0.0,23.5,67.3
1784036719.462,495,1.711,-0.704,0.312,0.0,11.6,80.7
1784036719.462,495,2.021,0.818,-0.083,0.0,11.7,73.3
1784036719.462,495,3.406,-1.82,0.402,0.0,11.2,73.6
1784036719.462,495,6.692,-2.49,1.215,0.0,11.5,62.5
1784036719.462,495,7.466,-2.76,1.04,0.0,18.6,64.9
1784036719.564,496,1.422,-0.045,0.219,0.0,24.3,67.1
1784036719.564,496,1.418,0.045,0.247,0.0,24.3,67.1
1784036719.564,496,1.486,-0.245,0.447,0.0,15.5,69.2
1784036719.564,496,1.687,-0.762,0.307,0.0,12.0,80.4
1784036719.564,496,1.993,0.886,-0.007,0.0,11.5,72.9
1784036719.564,496,7.455,-2.76,1.121,0.0,18.2,65.5
1784036719.669,497,1.419,-0.0,0.243,0.0,24.2,67.0
1784036719.669,497,1.521,-0.202,0.502,0.0,12.4,72.3
1784036719.669,497,1.598,0.202,-0.105,0.0,12.4,72.3
1784036719.669,497,1.683,-0.762,0.327,0.0,12.2,80.3
1784036719.669,497,3.411,-1.82,0.359,0.0,11.5,73.1
1784036719.669,497,7.474,-2.76,0.985,0.0,17.9,65.5
1784036719.771,498,1.413,-0.0,0.274,0.0,24.1,67.2
1784036719.771,498,1.513,-0.147,0.395,0.0,14.9,69.6
1784036719.771,498,1.68,-0.762,0.342,0.0,12.4,80.2
1784036719.771,498,1.992,0.886,-0.066,0.0,11.9,72.3
1784036719.771,498,3.41,-1.82,0.367,0.0,12.5,72.6
1784036719.771,498,7.46,-2.76,1.084,0.0,18.1,65.5
1784036719.875,499,1.407,-0.0,0.303,0.0,23.9,67.1
1784036719.875,499,1.533,-0.049,0.34,0.0,14.6,69.9
1784036719.875,499,1.708,-0.704,0.328,0.0,12.2,80.0
1784036719.875,499,3.338,-1.941,0.411,0.0,11.3,72.6
1784036719.875,499,7.462,-2.76,1.068,0.0,17.8,66.0
1784036719.926,500,1.397,-0.0,0.347,0.0,23.0,67.5
1784036719.926,500,1.561,-0.151,0.381,0.0,13.0,72.0
1784036719.926,500,1.709,-0.704,0.323,0.0,11.7,80.3
1784036719.926,500,2.019,0.818,-0.122,0.0,11.3,72.8
1784036719.926,500,3.409,-1.82,0.378,0.0,11.4,73.1
1784036719.926,500,7.465,-2.76,1.051,0.0,18.6,65.2
1784036720.031,501,1.391,0.045,0.368,0.0,23.1,67.2
1784036720.031,501,1.477,-0.245,0.473,0.0,14.7,69.0
1784036720.031,501,2.02,0.818,-0.103,0.0,11.2,72.8
1784036720.031,501,3.408,-1.82,0.388,0.0,11.7,73.0
1784036720.031,501,7.361,-3.01,1.096,0.0,18.8,65.1
1784036720.184,502,1.405,-0.0,0.314,0.0,23.9,67.7
1784036720.184,502,1.699,-0.762,0.231,0.0,12.0,79.9
1784036720.184,502,3.337,-1.941,0.413,0.0,11.6,72.2
1784036720.184,502,7.471,-2.76,1.007,0.0,19.2,64.8
1784036720.236,503,1.424,-0.045,0.208,0.0,26.6,67.8
1784036720.236,503,1.497,-0.147,0.452,0.0,13.9,70.1
1784036720.236,503,1.697,-0.762,0.241,0.0,11.6,80.1
1784036720.236,503,3.647,-1.117,1.102,0.0,11.5,72.2
1784036720.236,503,7.364,-3.01,1.073,0.0,19.4,64.8
1784036720.337,504,1.393,-0.0,0.087,0.0,25.6,67.9
1784036720.337,504,3.409,-1.82,0.375,0.0,12.1,73.2
1784036720.337,504,6.661,-2.49,1.371,0.0,11.5,63.2
1784036720.337,504,7.356,-3.01,1.128,0.0,18.9,65.3
1784036720.438,505,1.396,-0.0,0.02,0.0,20.7,68.8
1784036720.438,505,3.31,-1.941,0.592,0.0,11.4,72.6
1784036720.438,505,6.684,-2.49,1.256,0.0,11.4,63.0
1784036720.438,505,7.358,-3.01,1.116,0.0,18.4,65.6
1784036720.54,506,1.339,-0.042,0.187,0.0,17.8,69.7
1784036720.54,506,1.515,0.191,0.015,0.0,13.8,68.6
1784036720.54,506,1.416,-0.286,0.495,0.0,13.8,68.6
1784036720.54,506,1.676,-0.821,0.194,0.0,11.3,80.3
1784036720.54,506,2.022,0.818,0.006,0.0,11.7,72.7
1784036720.54,506,3.635,-1.241,1.004,0.0,11.2,72.6
1784036720.54,506,7.363,-3.01,1.083,0.0,18.6,65.3
1784036720.643,507,1.311,-0.085,0.323,0.0,13.5,69.0
1784036720.643,507,1.396,0.18,0.303,0.0,15.9,67.7
1784036720.643,507,0.721,-1.215,-0.279,0.0,15.9,67.7
1784036720.643,507,1.472,-0.294,0.463,0.0,11.4,70.5
1784036720.643,507,1.494,0.245,-0.419,0.0,11.4,70.5
1784036720.643,507,3.477,-1.699,0.321,0.0,11.7,73.5
1784036720.643,507,6.691,-2.49,1.217,0.0,11.3,63.1
1784036720.643,507,7.354,-3.01,1.142,0.0,18.7,64.9
1784036720.748,508,1.369,-0.044,0.268,0.0,20.5,68.3
1784036720.748,508,1.491,0.147,0.471,0.0,14.3,69.4
1784036720.748,508,2.018,0.818,-0.13,0.0,11.4,73.0
1784036720.748,508,6.674,-2.49,1.308,0.0,11.4,63.0
1784036720.748,508,7.463,-2.76,1.064,0.0,18.3,65.2
1784036720.85,509,1.369,-0.0,0.274,0.0,21.3,68.9
1784036720.85,509,6.667,-2.49,1.343,0.0,11.8,62.5
1784036720.85,509,7.463,-2.76,1.066,0.0,19.7,64.1
1784036720.951,510,1.389,-0.044,0.137,0.0,23.6,68.3
1784036720.951,510,1.514,-0.196,0.369,0.0,13.8,71.9
1784036720.951,510,3.481,-1.699,0.268,0.0,12.9,72.7
1784036720.951,510,6.711,-2.49,1.102,0.0,11.3,63.4
1784036720.951,510,7.359,-3.01,1.11,0.0,18.8,65.2
1784036721.054,511,1.392,-0.0,0.102,0.0,23.5,68.4
1784036721.054,511,3.404,-1.82,0.419,0.0,11.3,72.3
1784036721.054,511,6.669,-2.49,1.331,0.0,11.4,63.0
1784036721.054,511,7.457,-2.76,1.105,0.0,18.7,65.4
1784036721.157,512,1.396,-0.0,0.019,0.0,20.3,68.6
1784036721.157,512,2.098,-0.477,0.359,0.0,11.8,73.5
1784036721.157,512,1.987,0.886,-0.153,0.0,11.8,73.5
1784036721.157,512,7.457,-2.76,1.105,0.0,18.9,65.2
1784036721.26,513,1.374,-0.0,-0.248,0.0,20.3,68.0
1784036721.26,513,1.461,-0.0,0.577,0.0,11.4,71.6
1784036721.26,513,3.478,-1.699,0.313,0.0,13.0,72.4
1784036721.26,513,6.683,-2.49,1.261,0.0,11.3,63.3
1784036721.26,513,7.353,-3.01,1.15,0.0,18.6,65.3
1784036721.361,514,1.428,0.18,-0.008,0.0,18.7,67.9
1784036721.361,514,1.525,-0.294,0.236,0.0,12.2,71.1
1784036721.361,514,6.628,-2.49,1.526,0.0,11.3,62.9
1784036721.361,514,7.364,-3.01,1.075,0.0,18.6,65.4
1784036721.465,515,1.346,0.044,0.37,0.0,20.2,68.2
1784036721.465,515,1.517,-0.294,0.279,0.0,14.8,71.0
1784036721.465,515,1.686,-0.762,0.311,0.0,11.8,80.3
1784036721.465,515,3.402,-1.82,0.434,0.0,12.4,72.0
1784036721.465,515,6.764,-2.263,1.254,0.0,11.5,62.7
1784036721.465,515,7.458,-2.76,1.102,0.0,18.2,65.8
1784036721.565,516,1.345,-0.0,0.373,0.0,24.6,67.5
1784036721.565,516,1.519,-0.294,0.271,0.0,13.4,72.6
1784036721.565,516,3.469,-1.699,0.394,0.0,13.5,72.4
1784036721.565,516,6.613,-2.49,1.589,0.0,11.4,63.2
1784036721.565,516,7.36,-3.01,1.104,0.0,19.0,65.1
1784036721.673,517,1.352,-0.0,0.347,0.0,25.3,68.5
1784036721.673,517,2.153,-0.487,-0.279,0.0,13.0,72.4
1784036721.673,517,1.534,-1.252,1.015,0.0,13.0,72.4
1784036721.673,517,3.389,-1.82,0.531,0.0,12.4,72.2
1784036721.673,517,6.701,-2.49,1.16,0.0,11.4,62.9
1784036721.673,517,7.362,-3.01,1.086,0.0,18.1,66.0
1784036721.73,518,1.355,-0.0,0.335,0.0,26.0,67.9
1784036721.73,518,1.499,-0.286,0.036,0.0,13.6,70.3
1784036721.73,518,1.335,0.191,0.716,0.0,13.6,70.3
1784036721.73,518,2.185,-0.567,-0.223,0.0,11.6,73.0
1784036721.73,518,1.657,-1.276,0.878,0.0,11.6,73.0
1784036721.73,518,3.405,-1.82,0.411,0.0,12.6,73.1
1784036721.73,518,7.464,-2.76,1.058,0.0,18.7,65.4
1784036721.831,519,1.361,-0.0,0.311,0.0,24.5,68.3
1784036721.831,519,1.48,-0.286,0.245,0.0,14.6,70.1
1784036721.831,519,2.133,-0.626,-0.094,0.0,11.6,73.1
1784036721.831,519,1.591,-1.182,1.011,0.0,11.6,73.1
1784036721.831,519,3.4,-1.82,0.454,0.0,13.0,72.1
1784036721.831,519,7.361,-3.01,1.092,0.0,18.2,65.9
1784036721.982,520,1.32,-0.0,0.295,0.0,23.0,69.1
1784036721.982,520,1.49,-0.286,0.171,0.0,14.2,70.1
1784036721.982,520,2.016,0.818,-0.153,0.0,12.1,72.7
1784036721.982,520,2.078,-0.614,0.253,0.0,12.1,72.7
1784036721.982,520,3.448,-1.699,0.551,0.0,13.1,71.8
1784036721.982,520,6.688,-2.49,1.237,0.0,11.6,62.7
1784036721.982,520,7.357,-3.01,1.118,0.0,18.5,65.6
1784036722.034,521,1.334,-0.0,0.225,0.0,22.1,69.0
1784036722.034,521,2.013,0.818,-0.189,0.0,11.6,72.7
1784036722.034,521,2.084,-0.425,-0.788,0.0,11.9,71.7
1784036722.034,521,1.792,-1.205,0.695,0.0,11.9,71.7
1784036722.034,521,3.425,-1.699,0.679,0.0,13.5,72.3
1784036722.034,521,6.656,-2.49,1.397,0.0,11.6,62.4
1784036722.034,521,7.345,-3.01,1.195,0.0,19.2,64.9
1784036722.14,522,1.224,-0.087,0.666,0.0,20.0,68.8
1784036722.14,522,1.533,-0.098,0.328,0.0,13.3,72.8
1784036722.14,522,3.424,-1.699,0.686,0.0,12.4,72.6
1784036722.14,522,7.452,-2.76,1.14,0.0,19.4,64.8
1784036722.242,523,1.301,0.041,0.135,0.0,13.9,69.7
1784036722.242,523,1.26,-0.044,0.6,0.0,20.7,68.2
1784036722.242,523,1.485,-0.049,0.51,0.0,12.7,72.3
1784036722.242,523,3.452,-1.699,0.522,0.0,12.6,73.0
1784036722.242,523,7.446,-2.76,1.178,0.0,19.0,65.1
1784036722.346,524,1.343,0.044,0.378,0.0,21.6,68.1
1784036722.346,524,2.119,-0.626,-0.265,0.0,12.2,72.2
1784036722.346,524,1.531,-1.252,1.02,0.0,12.2,72.2
1784036722.346,524,3.402,-1.82,0.44,0.0,11.8,73.5
1784036722.346,524,3.653,-1.241,0.937,0.0,11.2,73.1
1784036722.346,524,7.347,-3.01,1.185,0.0,19.4,64.7
1784036722.447,525,1.376,-0.044,0.234,0.0,23.6,68.2
1784036722.447,525,2.114,-0.695,-0.022,0.0,11.8,72.7
1784036722.447,525,3.463,-1.699,0.447,0.0,11.3,73.2
1784036722.447,525,6.699,-2.49,1.173,0.0,11.9,63.2
1784036722.447,525,7.462,-2.76,1.068,0.0,19.0,65.0
1784036722.447,525,1.541,-0.294,0.082,-0.243,26.7,51.4
1784036722.552,526,1.378,-0.0,0.224,0.0,22.0,68.3
1784036722.552,526,3.456,-1.699,0.498,0.0,12.4,72.7
1784036722.552,526,6.747,-2.263,1.344,0.0,11.3,62.9
1784036722.552,526,7.452,-2.76,1.136,0.0,19.7,64.3
1784036722.656,527,1.61,-0.938,0.221,0.0,11.2,79.9
1784036722.656,527,3.46,-1.699,0.466,0.0,12.0,72.8
1784036722.656,527,6.697,-2.49,1.184,0.0,11.3,63.5
1784036722.656,527,7.459,-2.76,1.09,0.0,19.0,64.9
1784036722.656,527,1.531,0.101,0.503,0.081,12.2,67.5
1784036722.656,527,1.107,1.059,-0.507,0.081,12.2,67.5
1784036722.656,527,2.067,-0.409,0.563,0.162,20.6,64.5
1784036722.656,527,2.09,-0.273,0.561,0.162,20.6,64.5
1784036722.656,527,1.782,-0.586,-0.005,0.243,19.7,59.2
1784036722.656,527,1.329,-0.087,0.42,-0.081,24.2,64.4
1784036722.656,527,1.343,0.262,-0.278,-0.081,24.2,64.4
1784036722.761,528,3.393,-1.82,0.505,0.0,11.2,73.0
1784036722.761,528,6.683,-2.49,1.263,0.0,11.3,63.0
1784036722.761,528,7.452,-2.76,1.141,0.0,19.4,64.7
1784036722.761,528,1.552,0.151,0.417,0.081,17.8,66.1
1784036722.761,528,2.085,-0.401,0.252,0.162,13.4,68.1
1784036722.761,528,2.373,-0.389,0.633,0.243,19.0,59.0
1784036722.761,528,1.464,-0.232,0.044,-0.243,23.5,53.0
1784036722.761,528,1.314,-0.042,0.318,-0.081,25.3,65.5
1784036722.864,529,1.478,0.093,0.08,0.0,11.4,68.6
1784036722.864,529,1.627,-0.879,0.313,0.0,11.5,80.2
1784036722.864,529,3.45,-1.699,0.539,0.0,13.6,71.9
1784036722.864,529,6.686,-2.49,1.247,0.0,11.7,62.5
1784036722.864,529,7.338,-3.01,1.238,0.0,19.9,64.0
1784036722.864,529,1.522,0.147,0.359,0.081,12.7,67.2
1784036722.864,529,2.167,-0.417,0.288,0.081,15.0,69.9
1784036722.864,529,2.94,-0.564,-0.32,0.162,11.3,60.2
1784036722.864,529,2.289,-0.389,0.892,0.243,18.5,59.6
1784036722.864,529,1.324,-0.0,0.278,-0.081,25.6,64.9
1784036722.967,530,2.041,0.75,-0.179,0.0,12.1,73.2
1784036722.967,530,2.167,-0.136,-0.213,0.0,12.1,73.2
1784036722.967,530,2.151,-0.284,-0.663,0.0,12.9,71.9
1784036722.967,530,1.796,-1.134,0.797,0.0,12.9,71.9
1784036722.967,530,3.389,-1.82,0.527,0.0,11.6,72.6
1784036722.967,530,6.672,-2.49,1.318,0.0,12.1,62.7
1784036722.967,530,7.361,-3.01,1.095,0.0,19.6,64.3
1784036722.967,530,1.582,0.151,0.282,0.081,12.0,68.2
1784036722.967,530,2.155,-0.278,0.481,0.081,15.3,71.7
1784036722.967,530,2.402,-0.395,0.691,0.162,14.3,63.9
1784036722.967,530,2.397,-0.736,0.75,-0.406,15.3,54.4
1784036722.967,530,1.388,-0.0,0.147,-0.081,22.1,64.8
1784036723.069,531,1.343,-0.0,0.161,0.0,20.0,68.9
1784036723.069,531,3.396,-1.82,0.48,0.0,11.7,73.0
1784036723.069,531,6.794,-2.263,1.082,0.0,12.3,62.7
1784036723.069,531,7.168,-2.945,1.272,0.0,11.9,63.2
1784036723.069,531,7.464,-2.76,1.055,0.0,19.4,64.3
1784036723.069,531,2.387,-0.395,0.741,0.162,13.7,62.2
1784036723.069,531,1.18,-0.267,0.169,0.243,19.6,48.5
1784036723.069,531,1.131,-0.294,0.145,0.325,20.8,47.7
1784036723.069,531,0.908,-0.327,0.407,0.568,21.4,47.5
1784036723.175,532,1.251,-0.042,0.513,0.0,17.3,68.8
1784036723.175,532,3.406,-1.82,0.402,0.0,11.9,73.1
1784036723.175,532,6.718,-2.49,1.062,0.0,13.0,62.4
1784036723.175,532,7.367,-3.01,1.051,0.0,19.0,63.7
1784036723.175,532,1.201,-0.0,0.222,-0.487,30.1,48.4
1784036723.225,533,1.351,-0.042,0.033,0.0,22.0,69.5
1784036723.225,533,2.132,-0.626,0.126,0.0,11.7,73.5
1784036723.225,533,3.375,-1.82,0.612,0.0,11.3,73.0
1784036723.225,533,7.455,-2.76,1.12,0.0,19.1,64.8
1784036723.225,533,1.573,0.202,0.3,-0.081,12.6,73.7
1784036723.377,534,1.318,0.042,0.299,0.0,21.3,69.2
1784036723.377,534,2.185,-0.417,-0.029,0.0,12.4,73.0
1784036723.377,534,3.468,-1.699,0.407,0.0,11.5,73.3
1784036723.377,534,6.736,-2.263,1.401,0.0,11.3,63.3
1784036723.377,534,7.454,-2.76,1.128,0.0,18.3,65.0
1784036723.377,534,1.473,-0.286,0.283,0.406,32.4,49.1
1784036723.377,534,2.15,-0.556,0.132,-0.568,26.6,53.6
1784036723.377,534,1.531,0.245,0.25,-0.081,13.2,71.8
1784036723.481,535,1.324,0.042,0.27,0.0,23.2,68.8
1784036723.481,535,1.662,-0.821,0.291,0.0,11.2,80.5
1784036723.481,535,2.169,-0.487,-0.102,0.0,13.9,73.3
1784036723.481,535,3.395,-1.82,0.486,0.0,12.3,72.6
1784036723.481,535,6.696,-2.49,1.192,0.0,11.3,62.7
1784036723.481,535,7.454,-2.76,1.124,0.0,18.2,65.0
1784036723.481,535,1.437,-0.278,0.243,0.243,27.5,50.3
1784036723.481,535,2.427,-0.633,0.333,-0.406,18.7,52.8
1784036723.481,535,1.457,0.278,0.032,-0.243,29.3,49.8
1784036723.481,535,2.122,-0.477,0.166,-0.243,18.5,62.0
1784036723.481,535,1.534,0.196,0.276,-0.162,28.6,57.6
1784036723.585,536,1.349,-0.0,0.101,0.0,19.8,69.2
1784036723.585,536,2.134,-0.626,0.066,0.0,12.1,73.1
1784036723.585,536,6.667,-2.49,1.345,0.0,11.6,63.0
1784036723.585,536,7.464,-2.76,1.056,0.0,17.9,65.3
1784036723.585,536,1.53,-0.196,0.295,0.081,13.6,69.3
1784036723.585,536,2.421,-0.633,0.376,0.243,14.2,55.0
1784036723.585,536,1.413,0.225,-0.157,-0.243,30.1,49.0
1784036723.585,536,1.53,-0.245,0.255,-0.081,14.8,68.5
1784036723.635,537,1.338,0.085,0.176,0.0,22.5,69.4
1784036723.635,537,1.539,-1.321,0.915,0.0,12.0,72.3
1784036723.635,537,2.086,-0.765,-0.124,0.0,12.0,72.3
1784036723.635,537,3.397,-1.82,0.475,0.0,11.9,73.0
1784036723.635,537,7.466,-2.76,1.046,0.0,17.6,65.6
1784036723.635,537,2.133,-0.409,0.207,0.162,19.2,63.0
1784036723.635,537,2.477,-0.654,0.538,0.568,20.7,52.6
1784036723.635,537,1.467,0.286,0.313,-0.081,15.2,68.8
1784036723.635,537,1.502,-0.239,-0.136,-0.081,15.2,68.8
1784036723.736,538,1.343,-0.0,0.163,0.0,23.4,69.1
1784036723.736,538,3.438,-1.699,0.611,0.0,12.4,72.9
1784036723.736,538,6.707,-2.49,1.126,0.0,11.4,63.3
1784036723.736,538,7.483,-2.76,0.913,0.0,18.0,65.3
1784036723.736,538,2.585,-0.582,0.245,0.487,19.2,53.2
1784036723.839,539,1.321,-0.0,0.291,0.0,19.5,68.9
1784036723.839,539,1.991,0.886,-0.092,0.0,11.5,73.4
1784036723.839,539,3.46,-1.699,0.471,0.0,12.0,72.8
1784036723.839,539,7.36,-3.01,1.098,0.0,18.7,65.1
1784036723.839,539,1.343,-0.262,0.277,-0.243,28.3,48.6
1784036723.839,539,1.561,-0.098,0.14,-0.081,11.6,70.9
1784036723.947,540,1.323,0.085,0.268,0.0,21.8,69.8
1784036723.947,540,2.134,-0.209,0.596,0.0,12.3,72.7
1784036723.947,540,6.644,-2.49,1.451,0.0,11.5,63.0
1784036723.947,540,7.347,-3.01,1.181,0.0,18.9,65.0
1784036723.947,540,1.529,0.245,0.265,0.081,11.3,70.6
1784036723.947,540,1.456,0.278,-0.054,0.243,19.5,54.5
1784036723.947,540,1.503,-0.143,0.226,-0.081,15.3,68.9
1784036724.05,541,1.346,-0.0,0.128,0.0,23.1,68.7
1784036724.05,541,3.452,-1.699,0.522,0.0,12.2,72.8
1784036724.05,541,6.762,-2.263,1.267,0.0,12.4,62.6
1784036724.05,541,7.467,-2.76,1.039,0.0,17.8,65.6
1784036724.05,541,0.381,0.532,0.02,0.243,16.6,53.9
1784036724.05,541,1.455,0.278,-0.074,0.243,20.5,54.8
1784036724.153,542,1.313,0.042,0.322,0.0,22.2,69.6
1784036724.153,542,2.196,-0.567,-0.03,0.0,12.2,73.3
1784036724.153,542,1.642,-1.276,0.907,0.0,12.2,73.3
1784036724.153,542,3.427,-1.699,0.667,0.0,13.1,72.7
1784036724.153,542,6.756,-2.263,1.301,0.0,12.1,62.9
1784036724.153,542,7.473,-2.76,0.993,0.0,18.7,64.9
1784036724.254,543,1.337,0.085,0.185,0.0,21.4,69.9
1784036724.254,543,1.488,-0.191,0.283,0.0,14.1,72.2
1784036724.254,543,1.658,-0.821,0.309,0.0,11.3,81.2
1784036724.254,543,2.173,-0.417,0.231,0.0,12.5,73.3
1784036724.254,543,7.349,-3.01,1.169,0.0,18.7,65.1
1784036724.254,543,0.42,0.709,0.287,0.243,13.5,52.3
1784036724.356,544,1.391,-0.0,0.121,0.0,19.6,68.2
1784036724.356,544,1.459,-0.191,0.409,0.0,15.1,68.1
1784036724.356,544,1.999,-0.973,0.077,0.0,13.1,72.4
1784036724.356,544,3.452,-1.699,0.524,0.0,13.3,72.7
1784036724.356,544,6.667,-2.49,1.345,0.0,11.2,63.3
1784036724.356,544,7.458,-2.76,1.101,0.0,19.0,65.1
1784036724.46,545,1.387,-0.044,0.156,0.0,19.0,68.4
1784036724.46,545,1.581,0.303,-0.124,0.0,11.4,74.2
1784036724.46,545,3.463,-1.699,0.449,0.0,13.4,72.5
1784036724.46,545,7.371,-3.01,1.023,0.0,18.6,65.5
1784036724.561,546,1.346,0.127,0.032,0.0,15.3,69.9
1784036724.561,546,1.517,-0.143,0.103,0.0,14.6,70.8
1784036724.561,546,1.657,-0.821,0.318,0.0,11.8,80.0
1784036724.561,546,7.456,-2.76,1.11,0.0,19.2,64.8
1784036724.662,547,1.39,-0.044,0.128,0.0,21.1,68.9
1784036724.662,547,3.452,-1.699,0.527,0.0,13.0,72.8
1784036724.662,547,6.695,-2.49,1.194,0.0,11.5,62.9
1784036724.662,547,7.439,-2.76,1.218,0.0,18.9,65.2
1784036724.763,548,1.556,-1.182,1.064,0.0,12.7,72.6
1784036724.763,548,2.164,-0.487,-0.178,0.0,12.7,72.6
1784036724.763,548,3.384,-1.82,0.558,0.0,12.5,73.2
1784036724.763,548,6.7,-2.49,1.166,0.0,11.4,63.4
1784036724.763,548,7.443,-2.76,1.194,0.0,18.5,65.6
1784036724.763,548,1.393,-0.087,0.005,0.081,22.0,65.6
1784036724.763,548,1.486,-0.143,0.32,0.081,15.7,66.6
1784036724.864,549,1.354,0.087,0.33,0.0,21.1,68.7
1784036724.864,549,3.364,-1.82,0.669,0.0,11.6,73.4
1784036724.864,549,6.794,-2.263,1.08,0.0,11.7,63.2
1784036724.864,549,7.446,-2.76,1.175,0.0,18.7,65.4
1784036724.864,549,1.503,-0.191,0.188,0.081,18.2,66.8
1784036724.966,550,1.627,-0.879,0.313,0.0,11.3,79.8
1784036724.966,550,3.386,-1.82,0.545,0.0,12.4,73.1
1784036724.966,550,7.453,-2.76,1.131,0.0,18.8,65.4
1784036724.966,550,1.371,-0.131,0.229,0.081,19.4,65.6
1784036724.966,550,1.471,-0.196,0.513,0.081,13.8,69.1
1784036725.073,551,1.396,-0.0,0.035,0.0,18.4,69.0
1784036725.073,551,1.542,-1.252,1.004,0.0,11.9,73.0
1784036725.073,551,2.132,-0.626,-0.11,0.0,11.9,73.0
1784036725.073,551,3.39,-1.82,0.52,0.0,12.6,72.9
1784036725.073,551,7.445,-2.76,1.181,0.0,18.8,65.3
1784036725.073,551,1.495,-0.191,0.244,0.081,18.9,67.1
1784036725.173,552,2.152,-0.556,-0.092,0.0,12.5,72.6
1784036725.173,552,3.41,-1.82,0.368,0.0,11.8,73.4
1784036725.173,552,6.679,-2.49,1.281,0.0,11.8,62.8
1784036725.173,552,7.469,-2.76,1.025,0.0,20.0,64.3
1784036725.173,552,1.351,-0.0,0.353,0.081,25.9,64.5
1784036725.275,553,2.159,-0.487,-0.232,0.0,13.6,73.1
1784036725.275,553,3.392,-1.82,0.507,0.0,13.0,72.2
1784036725.275,553,6.694,-2.49,1.203,0.0,11.5,63.2
1784036725.275,553,7.454,-2.76,1.127,0.0,19.4,64.5
1784036725.275,553,1.316,-0.0,0.312,0.081,25.8,66.5
1784036725.275,553,1.542,-0.196,0.222,0.081,17.7,69.5
1784036725.327,554,1.556,-0.147,0.156,0.0,16.2,71.2
1784036725.327,554,2.17,-0.487,-0.081,0.0,14.7,72.3
1784036725.327,554,1.547,-1.252,0.995,0.0,14.7,72.3
1784036725.327,554,3.378,-1.82,0.596,0.0,12.5,73.1
1784036725.327,554,7.356,-3.01,1.125,0.0,17.6,66.1
1784036725.327,554,1.319,-0.0,0.301,0.081,23.1,66.5
1784036725.48,555,1.393,-0.0,0.095,0.0,26.2,68.6
1784036725.48,555,1.986,0.886,-0.176,0.0,11.4,73.8
1784036725.48,555,2.085,-0.477,0.43,0.0,11.4,73.8
1784036725.48,555,3.397,-1.82,0.478,0.0,12.6,72.5
1784036725.48,555,6.606,-2.49,1.618,0.0,11.6,62.9
1784036725.48,555,7.466,-2.76,1.042,0.0,18.4,65.2
1784036725.48,555,1.474,-0.344,0.42,0.081,14.2,68.7
1784036725.583,556,1.383,-0.044,0.183,0.0,24.0,68.8
1784036725.583,556,1.493,-0.191,-0.258,0.0,12.9,68.5
1784036725.583,556,1.746,-1.205,0.803,0.0,11.3,73.5
1784036725.583,556,7.371,-3.01,1.022,0.0,18.8,64.8
1784036725.583,556,1.575,-0.252,0.247,0.243,28.9,55.8
1784036725.583,556,1.45,-0.278,0.138,-0.243,25.3,49.4
1784036725.634,557,1.374,0.044,0.241,0.0,21.8,68.3
1784036725.634,557,1.514,0.147,0.39,0.0,13.3,70.7
1784036725.634,557,3.445,-1.699,0.568,0.0,13.1,72.7
1784036725.634,557,6.751,-2.263,1.325,0.0,11.3,63.1
1784036725.634,557,7.453,-2.76,1.129,0.0,19.1,64.6
1784036725.735,558,1.344,-0.0,0.379,0.0,23.5,68.5
1784036725.735,558,1.55,0.196,0.159,0.0,13.8,69.9
1784036725.735,558,3.449,-1.699,0.547,0.0,12.6,73.1
1784036725.735,558,7.467,-2.76,1.033,0.0,18.3,65.4
1784036725.735,558,1.284,-0.164,0.193,0.568,23.5,48.2
1784036725.735,558,2.335,-0.0,0.312,-0.649,16.3,50.6
1784036725.836,559,1.348,-0.044,0.36,0.0,22.5,67.9
1784036725.836,559,3.452,-1.699,0.527,0.0,12.3,73.1
1784036725.836,559,6.776,-2.263,1.191,0.0,12.3,62.3
1784036725.836,559,7.448,-2.76,1.165,0.0,18.3,65.2
1784036725.836,559,2.29,-0.45,0.559,0.243,17.2,55.5
1784036725.836,559,1.551,0.196,0.151,-0.081,12.8,66.4
1784036725.939,560,1.351,-0.0,0.353,0.0,23.3,69.3
1784036725.939,560,2.069,-0.409,0.557,0.0,14.3,74.7
1784036725.939,560,3.426,-1.699,0.674,0.0,12.0,73.5
1784036725.939,560,6.672,-2.49,1.316,0.0,11.7,62.7
1784036725.939,560,7.461,-2.76,1.078,0.0,19.8,63.8
1784036726.042,561,1.976,-0.273,0.884,0.0,12.8,73.8
1784036726.042,561,2.032,0.682,-0.405,0.0,12.8,73.8
1784036726.042,561,3.387,-1.82,0.54,0.0,12.0,73.2
1784036726.042,561,6.686,-2.49,1.248,0.0,11.6,62.8
1784036726.042,561,7.477,-2.76,0.962,0.0,18.3,65.3
1784036726.042,561,1.373,-0.044,0.249,-0.081,25.9,64.2
1784036726.042,561,1.509,0.191,0.137,-0.081,16.6,66.3
1784036726.143,562,1.417,0.18,-0.178,0.0,17.6,67.7
1784036726.143,562,1.509,0.098,0.423,0.0,12.7,70.5
1784036726.143,562,2.042,-0.209,-0.859,0.0,11.7,74.2
1784036726.143,562,1.813,-1.113,0.654,0.0,11.7,74.2
1784036726.143,562,3.402,-1.82,0.436,0.0,11.9,73.3
1784036726.143,562,6.721,-2.49,1.04,0.0,11.7,62.7
1784036726.143,562,7.472,-2.76,0.999,0.0,18.0,65.9
1784036726.245,563,1.391,-0.0,0.117,0.0,19.4,68.0
1784036726.245,563,2.168,-0.487,0.111,0.0,13.7,74.3
1784036726.245,563,3.405,-1.82,0.412,0.0,12.2,72.9
1784036726.245,563,6.679,-2.49,1.281,0.0,11.3,62.9
1784036726.245,563,7.365,-3.01,1.064,0.0,17.7,66.3
1784036726.346,564,1.337,-0.0,0.203,0.0,16.0,69.7
1784036726.346,564,1.431,0.135,0.083,0.0,17.3,67.6
1784036726.346,564,3.467,-1.699,0.414,0.0,12.3,73.4
1784036726.346,564,7.456,-2.76,1.109,0.0,19.8,64.4
1784036726.446,565,1.373,-0.0,0.253,0.0,21.7,68.9
1784036726.446,565,7.455,-2.76,1.119,0.0,18.5,65.6
1784036726.548,566,1.392,0.044,0.104,0.0,22.4,68.2
1784036726.548,566,2.184,-0.417,-0.081,0.0,11.9,74.4
1784036726.548,566,3.396,-1.82,0.48,0.0,11.3,73.6
1784036726.548,566,7.458,-2.76,1.101,0.0,18.3,65.7
1784036726.649,567,1.33,-0.042,0.241,0.0,16.2,69.4
1784036726.649,567,2.114,-0.341,0.419,0.0,13.8,74.4
1784036726.649,567,3.467,-1.699,0.415,0.0,12.9,72.7
1784036726.649,567,7.455,-2.76,1.119,0.0,19.6,64.5
1784036726.751,568,1.344,-0.0,0.379,0.0,21.8,69.5
1784036726.751,568,2.15,-0.556,0.133,0.0,11.6,74.4
1784036726.751,568,3.462,-1.699,0.455,0.0,11.8,73.9
1784036726.751,568,7.458,-2.76,1.097,0.0,18.7,65.4
1784036726.853,569,1.376,-0.0,0.234,0.0,23.7,68.7
1784036726.853,569,2.144,-0.487,0.342,0.0,14.8,72.6
1784036726.853,569,7.357,-3.01,1.123,0.0,18.8,65.3
1784036726.955,570,1.334,-0.042,0.218,0.0,24.4,69.1
1784036726.955,570,2.061,-0.205,0.685,0.0,11.7,74.5
1784036726.955,570,2.046,0.682,-0.326,0.0,11.7,74.5
1784036726.955,570,6.715,-2.49,1.079,0.0,12.0,62.9
1784036726.955,570,7.366,-3.01,1.059,0.0,19.9,64.1
1784036727.059,571,1.343,-0.042,0.151,0.0,20.0,69.4
1784036727.059,571,7.458,-2.76,1.099,0.0,18.6,65.3
1784036727.059,571,2.055,-0.477,0.556,0.081,14.6,71.1
1784036727.059,571,1.986,0.886,-0.17,0.081,14.6,71.1
1784036727.059,571,3.393,-1.82,0.5,-0.081,13.4,71.2
1784036727.162,572,1.428,0.18,0.025,0.0,16.0,68.4
1784036727.162,572,2.169,-0.487,-0.097,0.0,11.6,72.7
1784036727.162,572,6.648,-2.49,1.433,0.0,11.6,62.9
1784036727.162,572,7.337,-3.01,1.245,0.0,18.4,65.4
1784036727.162,572,2.359,-0.311,0.722,0.162,14.1,61.3
1784036727.162,572,1.308,-0.127,0.318,-0.081,16.8,66.9
1784036727.263,573,1.328,0.042,0.25,0.0,20.7,69.2
1784036727.263,573,6.694,-2.49,1.2,0.0,12.0,62.7
1784036727.263,573,7.345,-3.01,1.198,0.0,19.6,64.6
1784036727.263,573,2.099,-0.409,0.43,0.081,17.3,70.5
1784036727.263,573,2.374,-0.389,0.63,0.162,13.3,63.8
1784036727.364,574,1.52,0.196,0.345,0.0,13.1,72.4
1784036727.364,574,3.448,-1.699,0.549,0.0,11.5,73.0
1784036727.364,574,7.461,-2.76,1.08,0.0,19.1,64.7
1784036727.364,574,2.114,-0.409,0.349,0.162,21.1,63.0
1784036727.364,574,2.384,-0.466,0.531,0.162,13.5,61.7
1784036727.364,574,1.345,0.042,0.135,-0.081,26.2,65.1
1784036727.466,575,6.662,-2.49,1.367,0.0,11.5,63.1
1784036727.466,575,7.46,-2.76,1.088,0.0,18.9,64.9
1784036727.466,575,2.165,-0.487,0.162,0.243,24.6,56.9
1784036727.466,575,1.148,-0.147,0.219,-0.649,21.9,48.5
1784036727.466,575,1.389,-0.087,0.107,-0.243,33.6,49.4
1784036727.466,575,1.33,0.085,0.229,-0.081,21.4,65.5
1784036727.466,575,1.532,0.294,0.183,-0.081,14.5,71.6
1784036727.568,576,1.65,-0.821,0.351,0.0,14.9,76.8
1784036727.568,576,6.704,-2.49,1.142,0.0,12.5,62.1
1784036727.568,576,7.462,-2.76,1.07,0.0,18.8,65.2
1784036727.568,576,2.54,-0.333,0.72,0.243,12.1,58.4
1784036727.568,576,2.415,-0.402,0.796,0.325,15.4,56.3
1784036727.568,576,1.34,-0.127,-0.128,-0.406,37.7,48.2
1784036727.568,576,4.998,-2.233,0.506,-0.243,14.3,53.3
1784036727.568,576,1.329,0.042,0.249,-0.162,36.9,54.4
1784036727.568,576,1.139,-0.147,0.26,-0.081,11.5,68.0
1784036727.676,577,1.593,-0.938,0.319,0.0,14.1,76.6
1784036727.676,577,6.697,-2.49,1.186,0.0,11.9,62.6
1784036727.676,577,7.358,-3.01,1.116,0.0,19.7,64.4
1784036727.676,577,2.185,-0.348,0.235,0.162,22.6,59.4
1784036727.676,577,2.44,-0.402,0.714,0.325,18.9,55.3
1784036727.676,577,1.278,-0.082,-0.271,-0.406,34.1,48.7
1784036727.676,577,1.403,-0.225,-0.232,-0.406,22.4,52.8
1784036727.676,577,1.279,0.041,0.277,-0.162,38.8,52.5
1784036727.676,577,1.467,-0.191,0.379,-0.162,12.5,67.9
1784036727.676,577,1.449,0.382,-0.293,-0.162,12.5,67.9
1784036727.676,577,1.414,0.27,-0.034,-0.081,16.8,66.9
1784036727.777,578,1.626,-0.879,0.322,0.0,17.2,74.1
1784036727.777,578,2.217,-0.425,-0.227,0.0,12.9,72.7
1784036727.777,578,1.667,-1.205,0.957,0.0,12.9,72.7
1784036727.777,578,3.364,-1.82,0.671,0.0,11.7,73.2
1784036727.777,578,6.698,-2.49,1.182,0.0,11.9,62.7
1784036727.777,578,7.468,-2.76,1.028,0.0,19.5,64.4
1784036727.777,578,1.402,-0.139,0.465,-0.243,18.1,62.5
1784036727.777,578,1.274,0.041,0.297,-0.162,38.5,51.3
1784036727.777,578,1.537,0.294,0.131,-0.162,15.0,66.4
1784036727.777,578,5.056,-2.045,0.023,-0.162,11.6,57.0
1784036727.777,578,1.486,0.286,0.204,-0.081,12.4,69.6
1784036727.88,579,1.634,-0.879,0.275,0.0,18.4,72.4
1784036727.88,579,3.467,-1.699,0.41,0.0,12.4,72.8
1784036727.88,579,6.701,-2.49,1.159,0.0,12.2,62.5
1784036727.88,579,7.359,-3.01,1.109,0.0,20.0,63.8
1784036727.88,579,2.292,-0.221,0.498,0.243,23.0,56.4
1784036727.88,579,4.015,-1.363,1.026,0.243,12.3,56.5
1784036727.88,579,2.663,3.511,0.882,0.243,18.2,55.5
1784036727.88,579,4.257,-1.264,0.687,0.243,18.2,55.5
1784036727.88,579,2.558,-0.499,0.539,0.568,18.8,54.9
1784036727.88,579,1.063,-0.136,0.204,-0.406,25.9,47.9
1784036727.88,579,1.21,-0.076,-0.149,-0.406,40.3,48.9
1784036727.88,579,1.264,-0.0,0.05,-0.325,39.2,51.0
1784036727.88,579,1.384,-0.139,0.516,-0.325,19.4,63.3
1784036727.88,579,1.47,0.334,0.242,-0.162,16.5,67.3
1784036727.983,580,1.643,-0.879,0.215,0.0,19.6,71.1
1784036727.983,580,2.154,-0.556,0.027,0.0,12.1,72.7
1784036727.983,580,6.652,-2.49,1.415,0.0,11.5,62.6
1784036727.983,580,7.348,-3.01,1.179,0.0,19.5,64.2
1784036727.983,580,4.324,-1.276,0.511,0.243,17.2,54.9
1784036727.983,580,3.119,3.261,0.47,0.243,17.2,54.9
1784036727.983,580,2.239,-0.442,0.584,0.325,34.6,52.8
1784036727.983,580,4.089,-1.102,1.218,0.325,14.8,55.5
1784036727.983,580,2.664,0.258,0.626,-0.649,25.1,52.9
1784036727.983,580,1.043,-0.205,0.243,-0.487,25.5,48.9
1784036727.983,580,1.376,-0.18,0.384,-0.487,19.5,60.4
1784036727.983,580,1.19,0.119,0.414,-0.325,34.5,52.8
1784036727.983,580,1.474,0.286,0.276,-0.243,19.4,65.3
1784036727.983,580,1.371,0.262,0.013,-0.162,15.5,64.9
1784036728.086,581,1.272,0.958,-0.261,0.0,11.5,65.7
1784036728.086,581,1.629,-0.879,0.302,0.0,20.6,70.5
1784036728.086,581,3.456,-1.699,0.497,0.0,12.8,72.7
1784036728.086,581,6.685,-2.49,1.252,0.0,11.9,62.6
1784036728.086,581,7.361,-3.01,1.092,0.0,20.3,63.7
1784036728.086,581,2.349,-0.389,0.718,0.325,18.9,56.7
1784036728.086,581,2.283,-0.442,0.379,0.406,28.4,53.4
1784036728.086,581,0.995,-0.131,0.299,-0.568,29.3,47.9
1784036728.086,581,1.286,-0.175,0.515,-0.568,18.2,61.9
1784036728.086,581,1.218,0.038,0.089,-0.487,32.0,55.8
1784036728.086,581,2.769,0.27,0.742,-0.487,21.1,55.5
1784036728.086,581,3.145,-0.414,-0.964,-0.487,16.2,60.7
1784036728.086,581,1.429,0.278,0.284,-0.406,21.7,63.8
1784036728.086,581,5.047,-1.86,0.583,-0.406,12.7,56.3
1784036728.086,581,1.361,0.305,0.056,-0.243,16.8,61.1
1784036728.139,582,1.312,0.908,-0.243,0.0,12.3,65.1
1784036728.139,582,1.639,-0.879,0.242,0.0,21.3,69.9
1784036728.139,582,3.374,-1.82,0.617,0.0,12.0,72.7
1784036728.139,582,6.655,-2.49,1.403,0.0,12.3,61.8
1784036728.139,582,7.246,-2.685,1.128,0.0,11.4,62.8
1784036728.139,582,7.363,-3.01,1.084,0.0,20.6,63.5
1784036728.139,582,2.399,-0.466,0.458,0.406,33.2,51.9
1784036728.139,582,2.342,-0.458,0.525,0.487,30.7,54.5
1784036728.139,582,3.97,-1.391,1.452,0.487,17.0,55.4
1784036728.139,582,0.963,-0.094,0.266,-0.649,32.2,47.6
1784036728.139,582,1.162,0.037,0.19,-0.649,31.8,58.5
1784036728.139,582,1.009,-0.102,-0.402,-0.568,36.1,52.4
1784036728.139,582,6.972,-0.911,-1.909,-0.568,11.4,53.2
1784036728.139,582,1.381,0.27,0.306,-0.487,23.0,61.5
1784036728.139,582,1.308,0.296,-0.176,-0.406,20.8,59.4
1784036728.139,582,2.885,0.185,0.666,-0.325,16.9,58.1
1784036728.139,582,2.811,0.18,0.598,-0.162,14.7,59.3
1784036728.241,583,1.264,0.958,-0.299,0.0,11.6,65.6
1784036728.241,583,1.649,-0.879,0.168,0.0,21.2,69.7
1784036728.241,583,2.153,-0.556,-0.075,0.0,13.1,72.1
1784036728.241,583,1.53,-1.252,1.021,0.0,13.1,72.1
1784036728.241,583,3.386,-1.82,0.545,0.0,12.3,72.4
1784036728.241,583,6.665,-2.49,1.353,0.0,12.4,62.4
1784036728.241,583,7.25,-2.685,1.104,0.0,11.3,63.3
1784036728.241,583,7.461,-2.76,1.079,0.0,19.5,64.0
1784036728.241,583,4.082,-1.276,1.515,0.487,16.3,56.1
1784036728.241,583,0.805,-0.344,0.27,0.568,36.6,47.3
1784036728.241,583,1.101,-0.458,0.267,0.568,13.1,67.5
1784036728.241,583,2.325,-0.699,0.537,0.568,25.1,58.6
1784036728.241,583,1.085,0.034,0.111,-0.649,31.3,56.5
1784036728.241,583,1.322,0.305,0.33,-0.649,19.5,64.8
1784036728.241,583,2.38,-0.076,0.548,-0.649,23.2,60.2
1784036728.241,583,2.967,0.188,0.472,-0.162,13.1,60.3
1784036728.343,584,1.661,-0.821,0.293,0.0,21.0,70.5
1784036728.343,584,2.189,-0.567,0.184,0.0,11.4,72.9
1784036728.343,584,3.41,-1.82,0.368,0.0,12.9,72.6
1784036728.343,584,6.658,-2.49,1.387,0.0,13.6,61.6
1784036728.343,584,7.2,-2.945,1.078,0.0,11.7,61.8
1784036728.343,584,7.365,-3.01,1.067,0.0,20.6,63.1
1784036728.343,584,4.36,-1.459,0.807,0.406,15.8,55.5
1784036728.343,584,2.478,3.681,1.585,0.487,14.8,56.2
1784036728.343,584,2.411,-0.633,0.438,0.568,34.5,53.4
1784036728.343,584,6.851,-0.916,2.437,0.568,13.1,52.7
1784036728.343,584,0.786,-0.104,0.242,-0.649,31.0,45.3
1784036728.343,584,1.115,-0.177,0.111,-0.649,19.4,63.5
1784036728.343,584,3.003,-0.194,-0.735,-0.649,17.1,61.5
1784036728.343,584,0.945,-0.09,-0.143,-0.487,40.3,47.7
1784036728.444,585,1.308,0.908,-0.264,0.0,12.5,64.9
1784036728.444,585,1.609,-0.879,0.398,0.0,21.6,69.9
1784036728.444,585,1.964,-0.638,0.94,0.0,11.6,71.9
1784036728.444,585,3.339,-1.82,0.785,0.0,11.9,72.9
1784036728.444,585,6.652,-2.49,1.414,0.0,13.6,61.6
1784036728.444,585,7.171,-2.945,1.255,0.0,13.9,61.5
1784036728.444,585,7.361,-3.01,1.094,0.0,19.8,63.4
1784036728.444,585,2.479,-0.491,0.684,0.406,30.2,58.4
1784036728.444,585,0.778,-0.098,0.039,-0.649,31.4,46.3
1784036728.444,585,0.946,0.06,0.148,-0.487,40.6,51.0
1784036728.444,585,1.204,0.198,0.334,-0.487,16.2,65.6
1784036728.546,586,1.277,0.958,-0.236,0.0,11.7,65.7
1784036728.546,586,1.599,-0.879,0.434,0.0,21.5,70.0
1784036728.546,586,2.177,-0.567,0.297,0.0,13.8,71.8
1784036728.546,586,3.39,-1.82,0.522,0.0,13.0,71.9
1784036728.546,586,5.368,-2.481,1.527,0.0,11.7,62.4
1784036728.546,586,6.608,-2.49,1.608,0.0,14.4,61.5
1784036728.546,586,7.256,-2.685,1.068,0.0,12.5,62.8
1784036728.546,586,7.475,-2.76,0.978,0.0,20.2,63.3
1784036728.546,586,2.522,-0.573,0.407,0.406,33.4,58.1
1784036728.546,586,3.196,3.449,0.959,0.406,16.9,56.8
1784036728.546,586,0.946,0.15,-0.064,-0.568,36.3,56.3
1784036728.546,586,0.732,-0.116,0.027,-0.487,31.5,45.3
1784036728.546,586,0.91,0.029,0.103,-0.406,41.3,54.7
1784036728.546,586,0.969,0.294,0.266,-0.406,19.2,65.4
1784036728.649,587,1.666,-0.821,0.265,0.0,21.4,70.1
1784036728.649,587,1.989,0.886,-0.124,0.0,11.3,73.3
1784036728.649,587,3.514,-1.577,0.491,0.0,14.4,71.7
1784036728.649,587,6.718,-2.263,1.48,0.0,13.1,61.1
1784036728.649,587,7.278,-2.7,1.187,0.0,13.7,61.5
1784036728.649,587,7.472,-2.76,1.001,0.0,20.7,62.7
1784036728.649,587,3.02,3.599,0.979,0.325,14.2,57.4
1784036728.649,587,2.59,-0.507,0.595,0.406,31.2,56.0
1784036728.649,587,0.624,-0.123,0.153,-0.406,27.8,49.5
1784036728.649,587,0.868,0.027,0.086,-0.325,40.9,53.2
1784036728.753,588,1.272,0.958,-0.263,0.0,11.3,66.2
1784036728.753,588,1.671,-0.821,0.234,0.0,22.6,69.7
1784036728.753,588,2.085,-0.487,-0.605,0.0,15.3,70.9
1784036728.753,588,1.512,-1.252,1.048,0.0,15.3,70.9
1784036728.753,588,3.377,-1.82,0.602,0.0,13.1,71.9
1784036728.753,588,5.364,-2.481,1.542,0.0,11.5,62.2
1784036728.753,588,6.739,-2.263,1.383,0.0,13.6,60.9
1784036728.753,588,7.172,-2.945,1.251,0.0,12.5,61.5
1784036728.753,588,7.474,-2.76,0.984,0.0,21.3,62.4
1784036728.753,588,2.346,3.616,1.107,0.162,14.8,55.1
1784036728.753,588,3.281,3.481,0.754,0.325,16.1,57.3
1784036728.753,588,4.585,-1.362,0.757,0.325,16.1,57.3
1784036728.753,588,2.562,-0.665,0.278,0.406,28.3,54.6
1784036728.753,588,1.48,-0.093,0.017,-0.568,11.8,58.2
1784036728.753,588,0.814,0.155,-0.017,-0.406,33.7,54.7
1784036728.753,588,0.584,-0.115,0.137,-0.325,29.8,51.9
1784036728.753,588,0.849,-0.0,-0.201,-0.325,28.1,61.3
1784036728.854,589,1.672,-0.821,0.22,0.0,21.9,70.2
1784036728.854,589,2.089,-0.487,-0.593,0.0,13.5,71.7
1784036728.854,589,1.611,-1.252,0.888,0.0,13.5,71.7
1784036728.854,589,3.385,-1.82,0.554,0.0,14.1,71.6
1784036728.854,589,6.62,-2.49,1.559,0.0,13.1,61.7
1784036728.854,589,7.148,-2.945,1.381,0.0,13.3,61.5
1784036728.854,589,7.345,-3.01,1.198,0.0,20.8,63.2
1784036728.854,589,2.545,-0.773,0.693,0.406,27.2,54.4
1784036728.854,589,2.593,-0.761,0.11,0.487,25.2,56.9
1784036728.854,589,5.327,0.335,-0.557,0.487,14.4,54.2
1784036728.854,589,2.703,-0.524,0.465,0.568,23.6,58.9
1784036728.854,589,0.815,0.078,-0.127,-0.487,41.9,47.2
1784036728.854,589,0.991,0.294,0.168,-0.487,11.4,67.1
1784036728.854,589,0.899,-0.143,0.107,-0.325,25.6,58.7
1784036728.854,589,3.567,0.113,0.615,-0.243,17.8,58.9
1784036728.854,589,0.571,-0.095,0.193,-0.162,21.3,61.5
1784036728.956,590,1.605,-0.879,0.411,0.0,21.5,70.4
1784036728.956,590,3.462,-1.699,0.452,0.0,13.2,71.1
1784036728.956,590,5.451,-2.307,1.677,0.0,13.4,63.3
1784036728.956,590,6.499,-2.49,2.004,0.0,11.4,61.3
1784036728.956,590,7.217,-2.7,1.517,0.0,13.7,61.0
1784036728.956,590,7.378,-3.01,0.97,0.0,18.7,63.0
1784036728.956,590,2.487,3.616,0.737,0.243,19.8,54.6
1784036728.956,590,3.364,3.543,0.655,0.406,20.3,55.6
1784036728.956,590,4.566,-1.695,0.766,0.406,20.3,55.6
1784036728.956,590,2.63,-0.698,0.628,0.568,28.0,57.7
1784036728.956,590,0.716,0.139,-0.137,-0.568,43.8,45.0
1784036728.956,590,1.23,-0.0,-0.298,-0.487,13.5,61.1
1784036728.956,590,0.723,-1.028,-0.148,-0.487,13.5,61.1
1784036729.064,591,1.581,-0.938,0.375,0.0,19.6,70.8
1784036729.064,591,1.877,-1.134,0.581,0.0,12.6,72.3
1784036729.064,591,2.155,-0.354,-0.613,0.0,12.6,72.3
1784036729.064,591,3.382,-1.82,0.57,0.0,14.7,71.4
1784036729.064,591,5.48,-2.307,1.579,0.0,13.8,63.3
1784036729.064,591,7.24,-2.7,1.405,0.0,12.8,61.0
1784036729.064,591,7.388,-3.01,0.89,0.0,18.1,63.2
1784036729.064,591,2.358,3.865,0.698,0.243,15.2,54.0
1784036729.064,591,3.243,3.73,0.552,0.406,20.4,55.2
1784036729.064,591,1.249,-0.198,0.03,0.487,23.2,51.6
1784036729.064,591,2.721,-0.798,0.049,0.568,27.9,54.3
1784036729.064,591,2.874,-0.0,0.174,-0.649,26.7,56.4
1784036729.064,591,2.942,0.188,0.61,-0.568,17.0,60.2
1784036729.064,591,0.655,0.196,0.142,-0.487,43.2,47.5
1784036729.064,591,0.893,0.345,0.3,-0.406,12.0,66.8
1784036729.064,591,0.518,-0.124,0.194,-0.325,27.8,53.2
1784036729.166,592,1.635,-0.879,0.273,0.0,23.3,69.4
1784036729.166,592,3.372,-1.82,0.628,0.0,14.9,69.3
1784036729.166,592,7.217,-2.7,1.519,0.0,12.7,61.9
1784036729.166,592,7.471,-2.76,1.008,0.0,19.3,64.2
1784036729.166,592,3.164,3.763,1.0,0.406,21.7,52.6
1784036729.166,592,2.704,-0.81,0.571,0.487,28.7,50.3
1784036729.166,592,1.42,0.638,-0.209,-0.649,13.4,56.8
1784036729.166,592,2.944,0.29,0.92,-0.568,20.1,58.5
1784036729.166,592,0.653,0.041,-0.017,-0.406,42.2,51.5
1784036729.166,592,0.708,0.414,-0.118,-0.406,19.1,66.0
1784036729.166,592,0.644,0.262,-0.06,-0.243,38.3,53.2
1784036729.166,592,2.0,-1.477,0.069,-0.243,12.0,64.9
1784036729.166,592,2.149,1.243,-0.148,-0.243,12.0,64.9
1784036729.267,593,1.631,-0.879,0.294,0.0,24.3,67.1
1784036729.267,593,2.235,-0.354,-0.16,0.0,14.5,71.3
1784036729.267,593,1.628,-1.134,1.1,0.0,14.5,71.3
1784036729.267,593,2.939,-1.575,0.409,0.0,11.4,69.6
1784036729.267,593,3.388,-1.82,0.533,0.0,16.7,68.6
1784036729.267,593,7.392,-3.01,0.864,0.0,18.0,65.3
1784036729.267,593,2.805,-0.731,0.377,0.406,33.0,50.1
1784036729.267,593,3.015,-0.589,0.655,0.568,25.0,54.7
1784036729.267,593,4.865,-1.636,1.033,0.568,17.2,50.8
1784036729.267,593,0.654,-0.0,-0.029,-0.406,38.1,51.4
1784036729.267,593,0.531,0.195,0.039,-0.243,34.8,56.3
1784036729.267,593,0.663,0.417,-0.052,-0.243,19.8,63.3
1784036729.267,593,0.763,-0.025,0.185,-0.243,19.8,63.3
1784036729.267,593,0.594,0.266,-0.072,-0.162,31.8,60.2
1784036729.267,593,2.055,1.298,0.248,-0.162,14.8,63.4
1784036729.267,593,2.116,-1.222,0.024,-0.162,14.8,63.4
1784036729.376,594,1.569,-0.879,0.532,0.0,22.5,67.5
1784036729.376,594,1.72,-0.293,-0.69,0.0,22.5,67.5
1784036729.376,594,3.023,-1.347,0.201,0.0,11.7,69.6
1784036729.376,594,3.402,-1.82,0.438,0.0,16.6,67.6
1784036729.376,594,7.475,-2.76,0.979,0.0,18.0,65.7
1784036729.376,594,2.813,-0.834,0.441,0.325,31.9,51.0
1784036729.376,594,3.062,-0.491,0.499,0.325,13.5,58.2
1784036729.376,594,0.577,0.153,0.128,-0.162,31.8,62.2
1784036729.376,594,2.138,1.497,0.522,-0.162,11.6,63.0
1784036729.376,594,2.335,-1.248,-0.271,-0.162,11.6,63.0
1784036729.482,595,1.685,-0.821,-0.089,0.0,24.0,67.4
1784036729.482,595,2.227,-0.425,-0.075,0.0,13.5,73.1
1784036729.482,595,3.338,-1.82,0.789,0.0,13.3,69.7
1784036729.482,595,6.595,-2.49,1.661,0.0,13.1,62.8
1784036729.482,595,6.919,-2.945,2.265,0.0,11.6,63.2
1784036729.482,595,7.832,-0.0,0.579,0.0,11.6,63.2
1784036729.482,595,7.432,-2.76,1.261,0.0,20.2,64.2
1784036729.482,595,2.812,-0.834,0.447,0.243,30.6,54.2
1784036729.482,595,1.939,-1.747,0.521,-0.162,16.1,63.4
1784036729.482,595,0.569,0.191,0.114,-0.081,17.4,74.7
1784036729.482,595,0.593,0.44,0.063,-0.081,12.9,71.0
1784036729.585,596,1.61,-0.879,0.393,0.0,24.0,67.0
1784036729.585,596,2.222,-0.425,0.174,0.0,12.3,73.2
1784036729.585,596,3.368,-1.82,0.651,0.0,16.3,68.8
1784036729.585,596,6.708,-2.49,1.121,0.0,12.1,62.7
1784036729.585,596,7.709,-0.488,1.152,0.0,12.1,65.7
1784036729.585,596,7.619,-0.976,1.411,0.0,12.1,65.7
1784036729.585,596,7.441,-2.76,1.21,0.0,20.2,64.7
1784036729.585,596,0.573,0.21,0.016,-0.162,28.6,61.5
1784036729.585,596,0.524,0.195,0.097,-0.081,15.7,74.4
1784036729.638,597,1.631,-0.879,0.294,0.0,23.9,67.4
1784036729.638,597,3.465,-1.699,0.432,0.0,19.6,65.9
1784036729.638,597,5.465,-2.307,1.629,0.0,11.4,62.8
1784036729.638,597,6.636,-2.49,1.491,0.0,11.3,62.7
1784036729.638,597,7.467,-2.76,1.033,0.0,19.3,64.5
1784036729.638,597,8.498,-0.0,0.956,0.0,12.7,60.4
1784036729.638,597,0.583,0.417,0.19,0.081,12.9,67.1
1784036729.638,597,0.67,0.046,0.315,0.081,12.9,67.1
1784036729.638,597,2.876,-0.859,0.564,0.243,20.0,61.4
1784036729.638,597,0.535,0.16,0.098,-0.162,24.1,62.9
1784036729.638,597,0.371,-0.425,0.058,-0.162,24.1,62.9
1784036729.638,597,2.09,1.472,0.562,-0.162,12.0,64.7
1784036729.74,598,1.633,-0.879,0.282,0.0,23.4,67.8
1784036729.74,598,3.345,-1.82,0.758,0.0,14.5,69.4
1784036729.74,598,7.471,-2.76,1.004,0.0,19.5,64.3
1784036729.74,598,8.467,-0.0,1.195,0.0,16.9,60.0
1784036729.74,598,0.607,0.491,0.087,0.081,16.0,66.6
1784036729.74,598,2.908,-0.968,0.452,0.243,22.4,61.5
1784036729.74,598,4.12,-0.935,0.66,0.568,16.9,50.8
1784036729.74,598,0.509,0.115,0.038,-0.243,30.5,57.0
1784036729.74,598,0.577,-0.0,-0.202,-0.162,23.3,62.4
1784036729.841,599,0.519,0.589,-0.016,0.0,12.2,66.3
1784036729.841,599,0.389,-0.663,-0.163,0.0,12.2,66.3
1784036729.841,599,1.638,-0.821,0.402,0.0,24.6,66.9
1784036729.841,599,3.028,-1.347,-0.102,0.0,11.3,69.7
1784036729.841,599,3.406,-1.82,0.408,0.0,14.2,70.1
1784036729.841,599,6.687,-2.49,1.24,0.0,12.9,61.6
1784036729.841,599,7.364,-3.01,1.072,0.0,20.6,63.1
1784036729.841,599,8.468,-0.267,1.163,0.0,12.7,59.5
1784036729.841,599,4.535,-1.677,2.329,0.243,14.6,52.6
1784036729.841,599,3.121,-0.597,0.213,0.325,27.8,53.4
1784036729.841,599,2.957,-0.764,0.036,0.406,22.1,51.1
1784036729.841,599,0.551,-0.089,-0.099,-0.649,38.2,44.4
1784036729.841,599,4.342,-0.0,0.43,-0.649,18.2,52.5
1784036729.841,599,4.478,0.14,0.343,-0.649,15.7,54.2
1784036729.841,599,0.599,0.115,-0.041,-0.487,33.1,48.9
1784036729.841,599,0.84,0.218,-0.089,-0.406,12.9,65.2
1784036729.841,599,2.593,-0.592,0.493,-0.406,15.4,60.9
1784036729.841,599,0.563,0.035,0.055,-0.325,33.9,53.5
1784036729.841,599,2.112,1.367,-0.543,-0.325,13.8,64.6
1784036729.944,600,1.63,-0.879,0.299,0.0,24.8,66.2
1784036729.944,600,2.948,-1.47,0.661,0.0,11.7,70.1
1784036729.944,600,3.424,-1.82,0.196,0.0,15.2,67.9
1784036729.944,600,6.666,-2.49,1.351,0.0,14.3,60.6
1784036729.944,600,7.427,-2.76,1.294,0.0,21.5,62.3
1784036729.944,600,3.103,-0.697,0.168,0.325,22.4,57.3
1784036729.944,600,3.177,-0.622,0.717,0.325,22.5,58.1
1784036729.944,600,2.97,-0.871,0.114,0.487,11.6,63.9
1784036729.944,600,0.448,0.15,0.083,-0.406,16.6,70.9
1784036729.944,600,2.132,-1.243,0.307,-0.406,15.4,63.2
1784036729.944,600,0.57,0.54,-0.012,-0.162,15.8,62.6
1784036730.047,601,1.621,-0.762,0.558,0.0,26.0,65.0
1784036730.047,601,3.373,-1.82,0.625,0.0,16.8,68.2
1784036730.047,601,5.225,-2.481,1.961,0.0,11.5,62.3
1784036730.047,601,6.655,-2.49,1.402,0.0,13.6,61.9
1784036730.047,601,7.356,-3.01,1.128,0.0,20.2,63.3
1784036730.047,601,3.041,-0.796,0.512,0.406,25.3,59.1
1784036730.047,601,5.624,-2.986,-0.182,-0.487,15.4,53.6
1784036730.047,601,4.415,4.379,1.38,-0.487,15.4,53.6
1784036730.047,601,0.409,0.15,0.024,-0.406,14.6,72.8
1784036730.047,601,1.801,-1.227,-0.092,-0.406,22.3,58.1
1784036730.047,601,2.151,-1.243,0.109,-0.406,18.1,62.9
1784036730.047,601,1.986,1.477,0.242,-0.406,18.1,62.9
1784036730.15,602,1.652,-0.821,0.341,0.0,26.6,65.4
1784036730.15,602,3.392,-1.82,0.507,0.0,16.6,68.5
1784036730.15,602,6.68,-2.49,1.28,0.0,12.4,61.6
1784036730.15,602,7.252,-2.945,0.641,0.0,11.3,62.1
1784036730.15,602,7.38,-3.01,0.956,0.0,20.8,62.8
1784036730.15,602,3.146,-0.818,0.374,0.243,26.7,57.4
1784036730.15,602,3.08,-0.807,0.532,0.325,28.6,55.6
1784036730.15,602,0.293,-0.067,0.055,0.568,22.2,66.6
1784036730.15,602,0.317,0.3,-0.003,-0.325,11.6,72.6
1784036730.15,602,0.405,0.095,0.132,-0.325,11.6,72.6
1784036730.15,602,5.953,-2.659,0.563,-0.325,14.2,55.2
1784036730.252,603,1.645,-0.879,0.201,0.0,26.7,64.8
1784036730.252,603,3.378,-1.82,0.594,0.0,16.8,67.0
1784036730.252,603,5.545,-2.115,1.621,0.0,14.4,61.2
1784036730.252,603,6.571,-2.49,1.755,0.0,13.3,61.2
1784036730.252,603,7.01,-2.945,1.964,0.0,12.8,61.7
1784036730.252,603,7.337,-3.01,1.247,0.0,20.1,62.9
1784036730.252,603,4.808,-2.145,0.39,0.162,14.3,54.0
1784036730.252,603,0.569,0.818,0.443,0.243,22.8,51.3
1784036730.252,603,3.0,-1.009,0.637,0.243,31.0,55.5
1784036730.252,603,0.828,0.48,0.071,-0.406,13.8,61.9
1784036730.252,603,0.26,-0.0,0.028,-0.325,14.1,72.4
1784036730.252,603,1.858,-0.48,0.063,-0.243,16.7,61.7
1784036730.252,603,1.897,1.425,-0.36,-0.243,15.0,65.2
1784036730.252,603,1.669,-1.275,1.161,-0.243,15.0,65.2
1784036730.252,603,0.3,0.164,-0.07,-0.162,17.0,74.9
1784036730.353,604,1.64,-0.879,0.237,0.0,25.6,65.9
1784036730.353,604,3.428,-1.699,0.663,0.0,15.9,68.7
1784036730.353,604,5.322,-2.691,1.508,0.0,12.7,61.8
1784036730.353,604,6.638,-2.49,1.481,0.0,13.0,61.8
1784036730.353,604,7.166,-2.945,1.286,0.0,13.2,61.8
1784036730.353,604,7.45,-2.76,1.153,0.0,20.9,63.3
1784036730.353,604,3.01,-1.023,0.777,0.162,20.6,59.6
1784036730.353,604,4.664,-2.162,1.378,0.162,11.5,53.8
1784036730.353,604,0.672,0.518,0.202,-0.243,13.3,62.9
1784036730.353,604,0.76,0.596,-0.273,-0.243,11.5,61.1
1784036730.353,604,5.908,-2.175,0.618,-0.162,12.6,55.5
1784036730.353,604,4.505,4.349,0.9,-0.162,12.6,55.5
1784036730.353,604,0.301,0.175,-0.027,-0.081,20.9,75.6
1784036730.456,605,0.302,0.175,-0.008,0.0,16.1,77.0
1784036730.456,605,1.62,-0.821,0.471,0.0,25.8,66.0
1784036730.456,605,3.447,-1.699,0.557,0.0,17.1,67.6
1784036730.456,605,6.637,-2.49,1.483,0.0,14.8,61.8
1784036730.456,605,7.23,-2.7,1.455,0.0,13.6,62.4
1784036730.456,605,7.438,-2.76,1.227,0.0,21.6,63.4
1784036730.456,605,0.757,0.51,0.297,-0.081,11.8,65.4
1784036730.456,605,2.224,-0.9,0.057,-0.081,12.2,70.0
1784036730.456,605,1.741,1.65,-0.073,-0.081,12.2,70.0
1784036730.559,606,1.636,-0.879,0.261,0.0,23.1,66.1
1784036730.559,606,3.399,-1.699,0.801,0.0,15.4,68.4
1784036730.559,606,5.556,-2.307,1.286,0.0,13.6,62.0
1784036730.559,606,6.608,-2.263,1.913,0.0,11.3,61.0
1784036730.559,606,7.255,-2.945,0.6,0.0,11.8,61.4
1784036730.559,606,7.417,-3.01,0.605,0.0,17.3,62.2
1784036730.559,606,0.257,-0.033,0.037,-0.162,13.2,69.3
1784036730.662,607,1.612,-0.879,0.386,0.0,25.5,66.2
1784036730.662,607,3.413,-1.82,0.341,0.0,16.0,68.1
1784036730.662,607,6.598,-2.49,1.65,0.0,15.7,59.7
1784036730.662,607,7.125,-2.945,1.494,0.0,14.3,61.5
1784036730.662,607,7.486,-2.76,0.891,0.0,23.0,61.4
1784036730.662,607,8.411,-0.0,1.281,0.0,11.6,62.9
1784036730.662,607,0.278,0.185,-0.101,0.162,15.9,74.6
1784036730.662,607,1.902,1.527,0.143,0.162,13.0,65.5
1784036730.662,607,2.249,-0.916,-0.272,0.162,13.0,65.5
1784036730.662,607,6.067,-2.031,1.15,0.162,11.7,57.6
1784036730.662,607,4.314,4.469,1.918,0.162,11.7,57.6
1784036730.662,607,0.679,0.491,0.243,0.325,11.2,64.8
1784036730.765,608,1.649,-0.821,0.356,0.0,26.1,65.5
1784036730.765,608,3.379,-1.82,0.591,0.0,16.8,67.2
1784036730.765,608,7.473,-2.76,0.988,0.0,18.4,65.2
1784036730.765,608,0.294,0.185,-0.027,0.162,16.5,75.3
1784036730.765,608,1.824,1.603,0.265,0.162,17.8,64.3
1784036730.765,608,2.071,1.528,-0.016,0.162,12.3,63.1
1784036730.765,608,2.228,-1.287,0.063,0.162,12.3,63.1
1784036730.765,608,4.307,4.319,1.504,0.162,12.0,56.9
1784036730.765,608,5.791,-2.356,0.623,0.162,12.0,56.9
1784036730.765,608,0.413,0.136,0.037,0.406,14.8,68.6
1784036730.765,608,0.702,0.6,0.263,0.406,17.7,60.4
1784036730.765,608,3.102,-0.92,0.486,-0.162,21.3,55.3
1784036730.867,609,1.668,-0.821,0.254,0.0,26.4,65.3
1784036730.867,609,3.38,-1.82,0.585,0.0,16.8,66.9
1784036730.867,609,7.456,-2.76,1.111,0.0,18.3,65.9
1784036730.867,609,1.725,1.68,0.415,0.243,12.1,63.7
1784036730.867,609,2.209,-0.993,0.326,0.243,12.1,63.7
1784036730.867,609,0.46,0.135,0.01,0.406,13.9,66.8
1784036730.867,609,3.119,-0.92,0.367,-0.081,12.2,67.2
1784036730.969,610,1.667,-0.821,0.258,0.0,24.9,66.4
1784036730.969,610,3.423,-1.82,0.225,0.0,14.8,70.1
1784036730.969,610,7.479,-2.76,0.943,0.0,18.7,65.2
1784036730.969,610,0.34,0.196,0.001,0.081,14.5,75.4
1784036731.07,611,1.636,-0.879,0.264,0.0,25.3,66.3
1784036731.07,611,3.013,-1.47,0.218,0.0,11.3,70.0
1784036731.07,611,3.461,-1.699,0.459,0.0,14.3,69.7
1784036731.07,611,7.449,-2.76,1.156,0.0,18.5,65.2
1784036731.07,611,8.502,-0.267,0.875,0.0,11.2,64.1
1784036731.07,611,0.341,0.184,-0.061,0.081,12.4,76.0
1784036731.07,611,3.124,-0.807,0.102,-0.162,21.8,58.9
1784036731.175,612,1.624,-0.879,0.33,0.0,25.5,65.9
1784036731.175,612,3.383,-1.82,0.567,0.0,15.0,69.4
1784036731.175,612,7.492,-2.76,0.838,0.0,18.5,65.3
1784036731.175,612,8.486,-0.0,1.051,0.0,11.4,63.8
1784036731.175,612,1.875,1.632,-0.073,0.081,13.1,68.8
1784036731.175,612,2.098,-1.088,0.775,0.081,13.1,68.8
1784036731.175,612,1.894,-0.954,-0.51,0.162,13.0,61.3
1784036731.175,612,1.845,1.159,-0.116,0.162,13.0,61.3
1784036731.175,612,4.634,4.323,1.798,0.162,12.6,57.1
1784036731.175,612,0.708,0.92,0.198,-0.243,17.1,56.1
1784036731.175,612,3.338,-0.315,0.209,-0.243,13.1,57.8
1784036731.175,612,3.055,-0.908,0.517,-0.162,22.9,58.7
1784036731.277,613,0.373,0.285,0.099,0.0,15.7,73.4
1784036731.277,613,1.6,-0.879,0.432,0.0,25.3,66.3
1784036731.277,613,3.47,-1.699,0.386,0.0,15.1,69.8
1784036731.277,613,7.47,-2.76,1.016,0.0,18.6,65.2
1784036731.277,613,8.502,-0.0,0.921,0.0,12.4,63.1
1784036731.277,613,0.385,0.205,0.015,0.162,15.4,73.3
1784036731.277,613,2.076,-1.321,0.358,0.243,13.7,64.3
1784036731.277,613,5.512,-3.207,0.682,0.243,15.5,52.4
1784036731.277,613,5.718,-2.787,-0.341,0.325,16.3,50.7
1784036731.277,613,2.98,-0.995,0.522,-0.243,20.8,56.8
1784036731.382,614,1.634,-0.879,0.273,0.0,24.9,65.9
1784036731.382,614,2.982,-1.47,0.48,0.0,11.4,69.9
1784036731.382,614,3.451,-1.699,0.533,0.0,14.8,69.4
1784036731.382,614,7.472,-2.76,0.996,0.0,18.6,65.0
1784036731.382,614,8.506,-0.0,0.879,0.0,12.7,62.5
1784036731.382,614,0.383,0.177,0.109,0.162,17.2,73.2
1784036731.382,614,1.965,1.582,0.202,0.243,18.3,65.4
1784036731.382,614,5.15,3.808,0.33,0.325,16.8,52.6
1784036731.382,614,4.175,2.619,-0.106,0.568,16.9,52.2
1784036731.382,614,3.277,-0.638,0.662,-0.487,19.2,58.6
1784036731.382,614,2.968,-0.982,0.308,-0.243,22.8,57.7
1784036731.44,615,0.397,0.545,0.179,0.0,13.0,69.4
1784036731.44,615,1.502,-0.879,0.701,0.0,25.5,65.9
1784036731.44,615,2.953,-1.47,0.638,0.0,11.5,69.6
1784036731.44,615,3.361,-1.82,0.683,0.0,17.1,67.6
1784036731.44,615,5.487,-2.307,1.553,0.0,12.0,63.0
1784036731.44,615,7.462,-2.76,1.074,0.0,17.6,65.9
1784036731.44,615,0.439,0.165,0.103,0.162,21.8,71.1
1784036731.44,615,2.26,-1.107,0.264,0.243,16.6,63.1
1784036731.44,615,1.973,1.582,0.101,0.243,16.6,63.1
1784036731.44,615,1.09,0.442,0.072,0.568,18.4,58.6
1784036731.44,615,3.239,-0.622,0.343,-0.568,22.7,55.3
1784036731.44,615,3.065,-0.796,0.338,-0.487,26.6,51.7
1784036731.548,616,1.59,-0.879,0.469,0.0,24.2,66.8
1784036731.548,616,2.197,-0.567,0.016,0.0,11.5,72.7
1784036731.548,616,2.918,-1.575,0.54,0.0,13.1,68.7
1784036731.548,616,3.417,-1.82,0.3,0.0,17.9,67.0
1784036731.548,616,7.488,-2.76,0.869,0.0,18.5,63.6
1784036731.548,616,0.442,0.165,0.087,0.243,16.6,73.8
1784036731.548,616,2.192,-0.885,-1.019,0.243,15.5,62.4
1784036731.548,616,4.854,4.237,0.416,0.325,12.1,54.0
1784036731.548,616,5.932,-2.421,-0.805,0.325,12.1,54.0
1784036731.548,616,1.171,0.305,0.165,0.406,17.6,60.8
1784036731.548,616,3.096,3.954,0.63,-0.649,17.4,51.8
1784036731.548,616,3.191,-0.614,0.388,-0.487,29.1,51.8
1784036731.548,616,2.863,-0.968,0.679,-0.325,28.0,53.6
1784036731.548,616,4.187,-0.668,0.549,-0.162,19.1,58.9
1784036731.652,617,1.673,-0.744,0.057,0.0,27.5,68.1
1784036731.652,617,2.054,-0.695,-0.497,0.0,14.3,73.3
1784036731.652,617,3.006,-1.47,0.3,0.0,11.5,70.2
1784036731.652,617,3.416,-1.82,0.305,0.0,15.3,67.7
1784036731.652,617,7.446,-2.509,1.647,0.0,13.0,62.7
1784036731.652,617,0.514,0.065,-0.077,0.081,19.5,74.8
1784036731.652,617,5.163,3.86,0.841,0.162,11.6,55.2
1784036731.652,617,0.574,0.464,0.078,0.243,17.0,65.4
1784036731.652,617,1.162,0.344,0.153,0.325,16.8,62.6
1784036731.652,617,3.112,-0.706,0.493,-0.406,32.4,51.9
1784036731.652,617,2.966,-0.871,0.203,-0.325,23.6,54.0
1784036731.652,617,0.194,-0.147,0.095,-0.162,14.4,67.2
1784036731.652,617,4.116,-0.661,0.728,-0.162,16.2,60.5
1784036731.754,618,0.522,0.016,0.036,0.0,18.8,73.8
1784036731.754,618,1.666,-0.63,0.43,0.0,22.3,68.1
1784036731.754,618,0.579,0.44,0.146,0.162,15.5,64.5
1784036731.754,618,0.724,0.046,0.153,0.162,15.5,64.5
1784036731.754,618,4.938,0.638,1.126,0.162,12.1,55.4
1784036731.754,618,3.051,-0.796,0.45,-0.406,28.8,53.7
1784036731.754,618,2.891,-0.859,0.481,-0.162,19.1,63.8
1784036731.754,618,4.093,-0.661,0.849,-0.162,17.9,58.1
1784036731.856,619,0.524,-0.0,0.003,0.0,16.6,73.9
1784036731.856,619,1.662,-0.744,-0.2,0.0,19.5,68.6
1784036731.856,619,2.084,-0.851,-0.281,0.0,11.4,72.4
1784036731.856,619,3.357,-1.82,0.702,0.0,13.1,65.4
1784036731.856,619,7.092,-3.19,1.095,0.0,13.0,58.4
1784036731.856,619,7.36,-3.01,1.104,0.0,16.6,61.0
1784036731.856,619,0.44,0.344,-0.249,0.081,11.6,72.3
1784036731.856,619,3.059,-0.589,0.4,-0.243,21.8,57.9
1784036731.856,619,4.053,-0.661,1.022,-0.243,13.1,56.8
1784036731.856,619,4.008,-1.047,0.619,-0.162,13.1,56.6
1784036731.856,619,2.855,-0.954,0.514,-0.081,12.9,69.0
1784036731.957,620,0.521,0.033,0.042,0.0,17.8,74.8
1784036731.957,620,1.765,-0.586,0.247,0.0,23.5,68.4
1784036731.957,620,3.441,-1.699,0.595,0.0,19.0,66.5
1784036731.957,620,7.275,-2.945,0.261,0.0,13.5,60.0
1784036731.957,620,7.429,-3.01,0.431,0.0,18.2,62.1
1784036731.957,620,4.029,-0.641,0.418,-0.325,17.4,55.7
1784036731.957,620,2.858,-0.847,0.419,-0.081,12.1,70.8
1784036732.06,621,0.517,-0.033,0.074,0.0,18.6,73.5
1784036732.06,621,1.619,-0.821,0.476,0.0,25.1,68.5
1784036732.06,621,3.394,-1.82,0.492,0.0,18.9,68.2
1784036732.06,621,6.685,-2.49,1.25,0.0,12.5,61.2
1784036732.06,621,7.09,-3.173,0.813,0.0,11.7,62.5
1784036732.06,621,7.383,-3.01,0.938,0.0,18.6,62.6
1784036732.06,621,4.033,-0.648,0.704,-0.487,17.3,51.9
1784036732.06,621,3.947,-0.769,0.806,-0.406,14.5,54.5
1784036732.06,621,3.085,-0.589,0.059,-0.081,13.7,69.1
1784036732.162,622,0.518,0.049,0.054,0.0,23.0,75.4
1784036732.162,622,1.687,-0.762,0.306,0.0,24.7,68.3
1784036732.162,622,3.412,-1.82,0.352,0.0,19.9,67.1
1784036732.162,622,6.697,-2.49,1.183,0.0,13.5,61.2
1784036732.162,622,7.122,-3.19,0.882,0.0,14.1,60.9
1784036732.162,622,7.388,-3.01,0.895,0.0,19.2,61.9
1784036732.162,622,7.002,-4.079,0.948,0.0,12.0,59.9
1784036732.162,622,3.957,-0.641,0.868,-0.568,18.2,53.2
1784036732.264,623,0.524,-0.0,-0.006,0.0,20.4,74.5
1784036732.264,623,1.739,-0.704,-0.023,0.0,23.2,69.0
1784036732.264,623,3.401,-1.82,0.441,0.0,19.2,68.6
1784036732.264,623,6.665,-2.49,1.352,0.0,13.1,61.0
1784036732.264,623,7.398,-3.01,0.809,0.0,18.0,62.5
1784036732.264,623,1.325,0.603,0.288,-0.649,15.3,52.5
1784036732.264,623,3.992,-0.769,0.538,-0.649,15.7,53.0
1784036732.366,624,1.737,-0.645,0.297,0.0,21.2,68.6
1784036732.366,624,3.389,-1.82,0.527,0.0,19.5,67.8
1784036732.366,624,6.678,-2.49,1.289,0.0,14.8,62.3
1784036732.366,624,7.079,-3.19,1.176,0.0,13.6,62.8
1784036732.366,624,7.37,-3.01,1.035,0.0,17.2,63.5
1784036732.366,624,3.065,-0.589,0.357,0.081,13.7,69.1
1784036732.366,624,3.783,-0.744,0.949,-0.649,18.9,54.5
1784036732.366,624,0.464,0.164,0.18,-0.081,20.6,73.6
1784036732.366,624,1.19,0.153,0.231,-0.081,18.6,66.3
1784036732.47,625,0.524,-0.0,-0.003,0.0,17.4,75.3
1784036732.47,625,1.72,-0.704,0.255,0.0,22.2,68.4
1784036732.47,625,3.403,-1.82,0.43,0.0,20.2,67.8
1784036732.47,625,6.688,-2.49,1.237,0.0,13.2,63.2
1784036732.47,625,7.18,-2.945,1.201,0.0,11.8,63.2
1784036732.47,625,7.365,-3.01,1.064,0.0,16.5,63.5
1784036732.47,625,0.546,0.267,-0.057,-0.162,25.2,61.8
1784036732.47,625,0.607,0.417,0.09,-0.162,11.7,65.1
1784036732.47,625,1.238,0.237,0.11,-0.081,12.3,67.5
1784036732.47,625,5.081,0.479,0.089,-0.081,15.0,61.5
1784036732.583,626,1.756,-0.586,0.303,0.0,19.3,69.9
1784036732.583,626,3.31,-1.941,0.594,0.0,17.5,68.9
1784036732.583,626,5.413,-2.499,1.516,0.0,11.5,62.7
1784036732.583,626,6.666,-2.49,1.346,0.0,12.7,63.5
1784036732.583,626,7.366,-3.01,1.059,0.0,15.0,64.5
1784036732.583,626,0.458,0.06,0.131,-0.081,16.8,76.0
1784036732.583,626,1.156,0.184,0.128,-0.081,11.6,67.2
1784036732.634,627,0.476,0.045,-0.038,0.0,18.9,76.7
1784036732.634,627,1.585,-0.762,0.653,0.0,19.4,69.6
1784036732.634,627,3.353,-1.941,0.261,0.0,17.4,69.1
1784036732.634,627,5.527,-2.307,1.404,0.0,11.5,63.1
1784036732.634,627,6.682,-2.49,1.266,0.0,13.8,62.3
1784036732.634,627,7.377,-3.01,0.979,0.0,15.7,63.6
1784036732.786,628,0.461,0.03,0.128,0.0,18.7,77.5
1784036732.786,628,1.744,-0.645,0.25,0.0,20.0,71.1
1784036732.786,628,3.275,-1.941,0.761,0.0,15.3,68.7
1784036732.786,628,5.485,-2.307,1.561,0.0,13.1,61.6
1784036732.786,628,6.675,-2.49,1.302,0.0,13.4,62.9
1784036732.786,628,7.229,-3.261,1.247,0.0,14.9,64.0
1784036732.89,629,0.515,0.049,0.079,0.0,20.3,75.4
1784036732.89,629,1.652,-0.352,-0.816,0.0,18.6,69.3
1784036732.89,629,3.41,-1.82,0.372,0.0,20.1,68.1
1784036732.89,629,6.644,-2.49,1.452,0.0,13.7,61.8
1784036732.89,629,7.349,-3.01,1.174,0.0,15.8,63.1
1784036732.89,629,0.336,-0.044,0.082,0.243,21.3,69.2
1784036732.89,629,2.783,-1.035,0.497,-0.081,13.8,72.6
1784036732.943,630,0.521,0.033,0.039,0.0,20.6,75.3
1784036732.943,630,3.446,-1.699,0.563,0.0,14.2,68.7
1784036732.943,630,5.605,-2.517,0.792,0.0,11.3,61.8
1784036732.943,630,6.696,-2.49,1.188,0.0,11.5,61.0
1784036732.943,630,7.266,-3.261,1.008,0.0,12.8,61.7
1784036732.943,630,0.341,-0.065,0.04,0.243,14.5,72.8
1784036733.046,631,0.51,0.049,0.106,0.0,20.2,77.7
1784036733.046,631,3.462,-1.699,0.452,0.0,17.6,68.5
1784036733.046,631,7.1,-3.512,1.302,0.0,12.3,61.4
1784036733.046,631,7.207,-3.824,-0.01,0.0,11.8,61.4
1784036733.046,631,0.368,-0.135,0.03,0.325,12.3,71.4
1784036733.046,631,0.584,0.721,0.382,0.487,19.1,60.2
1784036733.046,631,0.549,0.348,0.078,-0.081,11.2,72.0
1784036733.148,632,0.468,0.105,-0.02,0.0,14.8,78.7
1784036733.148,632,1.587,-0.762,0.649,0.0,14.6,69.1
1784036733.148,632,3.394,-1.82,0.492,0.0,18.3,68.1
1784036733.148,632,7.143,-3.512,1.04,0.0,13.2,59.8
1784036733.148,632,0.425,-0.095,0.015,0.243,13.4,72.4
1784036733.148,632,0.587,0.371,0.069,-0.081,12.6,73.0
1784036733.249,633,0.504,0.065,0.125,0.0,20.7,77.1
1784036733.249,633,1.636,-0.762,0.51,0.0,13.4,70.1
1784036733.249,633,3.388,-1.82,0.533,0.0,12.9,68.6
1784036733.249,633,7.0,-3.763,1.135,0.0,12.9,58.9
1784036733.249,633,0.665,0.417,0.005,0.243,24.3,57.3
1784036733.249,633,0.383,0.567,0.138,0.406,30.4,48.6
1784036733.249,633,0.844,0.663,0.485,0.487,13.8,57.2
1784036733.249,633,1.594,1.662,0.206,-0.243,23.1,53.0
1784036733.35,634,0.488,0.049,0.183,0.0,14.7,77.1
1784036733.35,634,1.681,-0.821,0.136,0.0,15.9,69.7
1784036733.35,634,3.378,-1.82,0.594,0.0,16.4,66.0
1784036733.35,634,6.711,-3.722,2.04,0.0,11.2,60.2
1784036733.35,634,0.519,0.589,0.027,0.325,36.1,49.1
1784036733.35,634,0.398,0.567,0.083,0.406,33.3,47.8
1784036733.35,634,0.55,0.348,0.073,-0.081,14.7,74.6
1784036733.453,635,3.401,-1.82,0.443,0.0,17.5,65.2
1784036733.453,635,6.64,-3.722,2.261,0.0,11.3,59.0
1784036733.453,635,0.6,0.57,0.05,0.243,30.5,55.5
1784036733.453,635,0.425,0.603,0.081,0.487,42.1,45.9
1784036733.453,635,0.553,0.348,0.034,-0.162,13.8,68.6
1784036733.453,635,0.46,0.12,0.068,-0.081,18.8,75.3
1784036733.453,635,0.381,-0.18,0.229,-0.081,18.8,75.3
1784036733.554,636,0.47,0.015,0.097,0.0,20.4,75.3
1784036733.554,636,1.653,-0.879,-0.113,0.0,12.1,68.8
1784036733.554,636,1.447,-1.227,-0.506,0.0,11.2,68.2
1784036733.554,636,3.325,-1.941,0.505,0.0,14.1,65.5
1784036733.554,636,0.625,0.544,0.015,0.243,33.7,56.4
1784036733.554,636,0.542,0.564,0.065,0.325,38.3,51.3
1784036733.554,636,1.25,0.198,0.017,-0.162,12.5,59.3
1784036733.554,636,1.179,-0.04,-0.457,-0.162,12.5,59.3
1784036733.554,636,0.543,0.348,0.112,-0.081,13.1,73.5
1784036733.658,637,1.71,-0.762,0.127,0.0,13.2,69.4
1784036733.658,637,3.383,-1.82,0.563,0.0,17.6,66.1
1784036733.658,637,6.562,-3.97,2.057,0.0,11.2,59.0
1784036733.658,637,0.678,0.545,0.062,0.162,27.5,65.1
1784036733.658,637,0.477,-0.045,-0.035,-0.081,19.9,75.8
1784036733.76,638,0.475,-0.0,0.07,0.0,21.0,77.1
1784036733.76,638,1.671,-0.744,0.102,0.0,14.3,70.0
1784036733.76,638,3.411,-1.82,0.361,0.0,12.3,64.9
1784036733.76,638,6.834,-4.311,0.749,0.0,13.6,59.7
1784036733.76,638,0.623,0.544,0.054,0.243,27.9,60.3
1784036733.76,638,0.374,-0.11,0.048,-0.649,12.2,67.3
1784036733.76,638,1.673,-0.436,-0.237,-0.243,12.0,60.1
1784036733.863,639,0.474,0.045,0.057,0.0,20.2,76.4
1784036733.863,639,1.769,-0.586,0.212,0.0,19.4,69.2
1784036733.863,639,3.265,-1.941,0.806,0.0,16.3,67.6
1784036733.863,639,6.641,-2.49,1.466,0.0,16.4,61.6
1784036733.863,639,7.365,-3.01,1.068,0.0,15.8,63.0
1784036733.863,639,2.75,-1.113,0.064,-0.162,15.7,60.4
1784036733.965,640,0.476,-0.0,0.061,0.0,18.9,76.2
1784036733.965,640,1.731,-0.645,0.328,0.0,20.6,69.5
1784036733.965,640,3.35,-1.8,0.527,0.0,14.1,67.9
1784036733.965,640,3.677,-1.489,0.154,0.0,12.0,68.2
1784036733.965,640,6.658,-2.49,1.388,0.0,14.4,62.2
1784036733.965,640,7.368,-3.01,1.044,0.0,15.8,63.4
1784036734.067,641,0.476,-0.015,0.058,0.0,14.5,77.6
1784036734.067,641,1.674,-0.704,0.472,0.0,20.5,69.6
1784036734.067,641,3.468,-1.699,0.408,0.0,16.9,69.6
1784036734.067,641,6.699,-2.49,1.174,0.0,14.1,62.1
1784036734.067,641,7.204,-2.945,1.049,0.0,12.1,62.9
1784036734.067,641,7.358,-3.01,1.115,0.0,16.7,63.6
1784036734.067,641,0.502,0.344,0.059,-0.081,17.5,74.0
1784036734.167,642,0.469,-0.0,0.104,0.0,16.6,78.0
1784036734.167,642,0.439,0.15,-0.124,0.0,16.6,78.0
1784036734.167,642,1.68,-0.645,0.53,0.0,18.5,70.1
1784036734.167,642,3.462,-1.699,0.457,0.0,17.0,68.3
1784036734.167,642,6.675,-2.49,1.301,0.0,14.8,62.3
1784036734.167,642,7.182,-2.945,1.191,0.0,11.5,63.2
1784036734.167,642,7.372,-3.01,1.019,0.0,17.0,63.9
1784036734.269,643,0.509,0.049,0.111,0.0,18.3,76.3
1784036734.269,643,1.698,-0.645,0.47,0.0,17.7,69.7
1784036734.269,643,3.394,-1.82,0.497,0.0,15.3,69.3
1784036734.269,643,6.692,-2.49,1.211,0.0,14.6,62.2
1784036734.269,643,7.146,-2.945,1.389,0.0,12.3,62.9
1784036734.269,643,7.342,-3.01,1.217,0.0,16.8,63.7
1784036734.373,644,0.479,-0.03,0.014,0.0,15.5,76.8
1784036734.373,644,0.448,0.15,0.084,0.0,15.5,76.8
1784036734.373,644,1.689,-0.645,0.503,0.0,17.9,70.1
1784036734.373,644,3.4,-1.82,0.449,0.0,17.2,69.1
1784036734.373,644,6.706,-2.49,1.133,0.0,14.2,61.7
1784036734.373,644,7.201,-2.945,1.069,0.0,12.0,63.2
1784036734.373,644,7.364,-3.01,1.076,0.0,16.9,63.3
1784036734.373,644,0.5,0.344,0.067,0.081,17.2,73.3
1784036734.473,645,0.478,0.045,-0.005,0.0,15.6,77.9
1784036734.473,645,0.6,-0.115,-0.014,0.0,13.4,76.4
1784036734.473,645,1.705,-0.704,0.341,0.0,19.1,69.9
1784036734.473,645,3.405,-1.82,0.409,0.0,16.7,68.7
1784036734.473,645,6.715,-2.49,1.076,0.0,15.3,60.7
1784036734.473,645,7.195,-2.945,1.112,0.0,14.1,61.8
1784036734.473,645,7.39,-3.01,0.877,0.0,17.9,62.4
1784036734.473,645,2.436,-0.644,0.527,-0.649,20.8,50.6
1784036734.473,645,2.55,-0.761,0.483,-0.649,11.4,54.8
1784036734.473,645,1.824,-0.48,0.357,-0.243,24.2,49.4
1784036734.576,646,0.475,0.045,0.049,0.0,19.7,76.7
1784036734.576,646,1.631,-0.762,0.528,0.0,19.6,69.6
1784036734.576,646,3.379,-1.82,0.586,0.0,15.1,69.8
1784036734.576,646,6.691,-2.49,1.22,0.0,13.3,62.8
1784036734.576,646,7.189,-2.945,1.15,0.0,12.3,63.7
1784036734.576,646,7.381,-3.01,0.95,0.0,16.4,64.2
1784036734.576,646,2.257,-0.687,0.636,-0.568,29.5,51.6
1784036734.676,647,0.523,-0.016,-0.029,0.0,15.2,77.2
1784036734.676,647,1.659,-0.704,0.523,0.0,21.2,69.5
1784036734.676,647,3.383,-1.82,0.566,0.0,15.4,69.7
1784036734.676,647,6.678,-2.49,1.29,0.0,14.1,61.5
1784036734.676,647,7.211,-2.945,0.998,0.0,13.7,62.5
1784036734.676,647,7.5,-2.76,0.765,0.0,17.7,63.1
1784036734.676,647,0.5,0.344,0.071,0.081,13.6,74.4
1784036734.676,647,1.317,-0.36,0.458,0.243,15.1,57.6
1784036734.676,647,2.158,-0.825,0.65,-0.406,21.7,55.9
1784036734.784,648,0.477,0.03,0.047,0.0,18.1,77.6
1784036734.784,648,1.673,-0.762,0.372,0.0,18.2,72.4
1784036734.784,648,3.38,-1.82,0.585,0.0,17.6,67.9
1784036734.784,648,5.379,-2.517,1.765,0.0,14.8,61.7
1784036734.784,648,6.653,-2.49,1.411,0.0,12.3,61.8
1784036734.784,648,7.164,-2.945,1.297,0.0,11.9,62.6
1784036734.784,648,7.415,-3.01,0.637,0.0,14.5,62.9
1784036734.784,648,1.087,-0.248,0.206,0.081,13.2,68.4
1784036734.784,648,1.079,-0.284,0.206,0.243,31.9,55.2
1784036734.784,648,1.449,-0.185,0.259,0.243,12.2,59.8
1784036734.886,649,0.468,0.045,0.094,0.0,18.4,77.5
1784036734.886,649,0.595,-0.134,0.042,0.0,12.0,79.5
1784036734.886,649,1.008,-0.262,-0.112,0.0,11.6,74.4
1784036734.886,649,1.732,-0.704,0.155,0.0,16.0,74.0
1784036734.886,649,3.397,-1.82,0.472,0.0,14.9,67.5
1784036734.886,649,7.003,-4.057,0.591,0.0,14.1,60.2
1784036734.886,649,1.049,-0.368,0.389,0.081,12.1,70.3
1784036734.886,649,1.025,0.074,-0.576,0.081,12.1,70.3
1784036734.886,649,1.809,-1.047,0.133,-0.243,15.8,54.1
1784036734.937,650,0.463,0.045,0.119,0.0,18.7,78.9
1784036734.937,650,1.03,-0.307,0.188,0.0,15.2,75.8
1784036734.937,650,3.368,-1.82,0.647,0.0,15.4,65.3
1784036735.04,651,0.465,0.045,0.108,0.0,19.0,78.7
1784036735.04,651,0.966,-0.393,0.096,0.0,12.7,73.1
1784036735.04,651,2.838,2.372,0.852,0.0,11.3,65.3
1784036735.04,651,6.827,-4.311,0.811,0.0,12.6,56.4
1784036735.04,651,3.429,3.794,1.31,-0.487,13.3,52.2
1784036735.04,651,0.951,-0.314,0.059,-0.243,26.4,57.4
1784036735.04,651,1.03,-0.307,0.187,-0.243,30.0,53.7
1784036735.142,652,0.467,0.045,0.101,0.0,19.4,78.5
1784036735.142,652,0.989,-0.443,0.119,0.0,14.6,70.6
1784036735.142,652,1.12,-0.785,0.278,0.162,16.9,56.9
1784036735.142,652,0.998,-0.294,0.119,-0.325,30.8,52.1
1784036735.142,652,0.936,-0.458,-0.099,-0.162,22.2,63.4
1784036735.142,652,1.05,-0.479,0.239,-0.081,11.8,69.0
1784036735.244,653,0.47,0.045,0.087,0.0,18.7,79.4
1784036735.244,653,0.923,-0.579,0.039,0.081,11.6,67.7
1784036735.244,653,0.941,-0.458,0.041,-0.243,25.3,56.3
1784036735.244,653,0.831,-0.48,0.013,-0.081,12.4,71.2
1784036735.347,654,0.473,0.03,0.074,0.0,19.5,77.8
1784036735.347,654,0.599,-0.115,-0.038,0.0,14.2,77.0
1784036735.347,654,0.502,0.305,0.167,0.0,14.2,77.0
1784036735.347,654,1.675,-0.821,0.197,0.0,25.2,69.8
1784036735.347,654,3.754,-1.38,0.338,0.0,11.7,66.9
1784036735.347,654,5.449,-2.291,1.539,0.0,12.3,62.0
1784036735.347,654,5.952,-2.47,1.366,0.0,12.0,58.4
1784036735.347,654,6.584,-2.716,1.313,0.0,18.7,60.7
1784036735.347,654,7.087,-3.19,1.123,0.0,16.9,62.3
1784036735.347,654,7.382,-3.01,0.944,0.0,22.2,62.2
1784036735.347,654,0.886,-0.556,-0.046,0.081,17.9,66.9
1784036735.347,654,0.741,-0.6,0.112,0.243,26.2,56.4
1784036735.347,654,3.292,3.149,0.48,0.243,11.9,54.9
1784036735.45,655,0.468,0.045,0.098,0.0,19.3,78.6
1784036735.45,655,0.591,-0.134,0.08,0.0,12.5,77.5
1784036735.45,655,1.685,-0.821,-0.078,0.0,20.5,70.4
1784036735.45,655,3.759,-1.38,0.281,0.0,13.4,66.7
1784036735.45,655,6.607,-2.716,1.192,0.0,15.8,61.3
1784036735.45,655,7.373,-3.01,1.008,0.0,19.0,60.8
1784036735.45,655,0.721,-0.75,0.327,0.162,27.7,55.8
1784036735.553,656,0.472,0.045,0.073,0.0,18.7,77.1
1784036735.553,656,1.628,-0.762,0.537,0.0,24.5,69.6
1784036735.553,656,3.664,-1.489,0.35,0.0,12.2,66.1
1784036735.553,656,5.444,-2.499,1.401,0.0,11.8,62.7
1784036735.553,656,6.713,-2.49,1.09,0.0,16.6,59.8
1784036735.553,656,7.215,-2.945,0.969,0.0,14.2,61.3
1784036735.553,656,7.4,-3.01,0.793,0.0,20.1,60.7
1784036735.553,656,0.71,-0.75,-0.351,0.162,22.1,58.9
1784036735.655,657,0.456,0.075,0.128,0.0,19.2,76.0
1784036735.655,657,0.535,0.368,0.081,0.0,11.7,75.5
1784036735.655,657,1.639,-0.879,0.247,0.0,22.0,70.4
1784036735.655,657,3.678,-1.489,-0.122,0.0,12.5,68.0
1784036735.655,657,5.477,-2.307,1.588,0.0,11.4,62.8
1784036735.655,657,6.698,-2.49,1.179,0.0,15.8,61.3
1784036735.655,657,7.192,-2.945,1.13,0.0,13.6,61.7
1784036735.655,657,7.382,-3.01,0.943,0.0,17.8,62.2
1784036735.655,657,0.851,-0.682,0.028,0.162,20.8,66.4
1784036735.758,658,0.468,0.09,0.058,0.0,19.9,75.7
1784036735.758,658,0.512,0.324,0.074,0.0,12.0,75.9
1784036735.758,658,0.603,-0.095,-0.011,0.0,12.0,75.9
1784036735.758,658,1.705,-0.762,0.182,0.0,21.1,68.5
1784036735.758,658,3.467,-1.542,0.097,0.0,11.6,68.6
1784036735.758,658,2.973,2.254,0.699,0.0,11.6,68.6
1784036735.758,658,5.38,-2.481,1.485,0.0,11.6,63.3
1784036735.758,658,6.674,-2.49,1.308,0.0,15.6,60.9
1784036735.758,658,7.212,-2.945,0.996,0.0,14.8,60.4
1784036735.758,658,7.364,-3.01,1.072,0.0,19.4,61.2
1784036735.758,658,0.851,-0.648,0.215,0.162,17.7,65.5
1784036735.758,658,1.957,-1.156,0.425,-0.162,20.2,59.7
1784036735.862,659,0.516,0.033,0.084,0.0,20.3,74.5
1784036735.862,659,0.406,0.229,-0.239,0.0,20.3,74.5
1784036735.862,659,1.711,-0.528,0.56,0.0,19.1,71.7
1784036735.862,659,3.586,-1.595,0.114,0.0,13.3,67.8
1784036735.862,659,3.753,-1.38,0.345,0.0,11.8,68.1
1784036735.862,659,5.369,-2.481,1.523,0.0,12.7,63.1
1784036735.862,659,6.696,-2.49,1.191,0.0,15.8,60.9
1784036735.862,659,7.338,-2.7,0.736,0.0,15.1,60.4
1784036735.862,659,7.392,-3.01,0.862,0.0,20.6,60.8
1784036735.862,659,2.839,-0.847,0.535,0.081,12.2,73.2
1784036735.862,659,0.952,-0.764,0.055,0.162,12.2,65.4
1784036735.965,660,0.459,0.12,0.071,0.0,20.0,76.3
1784036735.965,660,1.703,-0.762,-0.197,0.0,20.3,71.0
1784036735.965,660,3.565,-1.456,0.498,0.0,12.6,66.3
1784036735.965,660,5.46,-2.291,1.5,0.0,14.1,61.5
1784036735.965,660,6.693,-2.49,1.208,0.0,14.5,61.2
1784036735.965,660,7.169,-2.945,1.265,0.0,13.8,61.3
1784036735.965,660,7.374,-3.01,1.005,0.0,19.3,61.1
1784036735.965,660,0.523,0.389,0.061,0.081,14.4,74.6
1784036735.965,660,0.912,-0.736,0.118,0.162,20.7,63.7
1784036735.965,660,2.783,-1.145,0.52,0.162,11.8,64.8
1784036735.965,660,3.45,3.064,0.71,-0.162,14.2,53.6
1784036736.068,661,0.45,0.03,0.165,0.0,19.9,75.5
1784036736.068,661,0.435,0.165,-0.118,0.0,19.9,75.5
1784036736.068,661,0.58,-0.095,-0.164,0.0,15.0,72.7
1784036736.068,661,0.509,0.324,0.094,0.0,15.0,72.7
1784036736.068,661,1.63,-0.821,0.436,0.0,18.7,72.1
1784036736.068,661,5.459,-2.291,1.505,0.0,13.6,60.9
1784036736.068,661,6.614,-2.716,1.153,0.0,15.0,61.2
1784036736.068,661,7.076,-3.19,1.195,0.0,12.6,61.4
1784036736.068,661,7.354,-3.01,1.141,0.0,19.7,60.8
1784036736.068,661,3.15,-0.706,0.036,0.081,12.1,69.2
1784036736.068,661,0.885,-0.674,0.224,0.162,15.2,66.6
1784036736.068,661,1.036,-0.777,-0.19,0.162,12.4,65.0
1784036736.068,661,0.898,-0.579,0.218,0.243,16.1,65.4
1784036736.068,661,0.977,-0.751,-0.286,0.243,13.2,63.6
1784036736.068,661,2.166,-1.166,0.368,-0.325,28.6,51.1
1784036736.172,662,0.552,0.348,0.056,0.0,13.2,71.7
1784036736.172,662,1.753,-0.645,0.176,0.0,15.9,72.0
1784036736.172,662,3.744,-1.38,0.433,0.0,11.6,66.4
1784036736.172,662,5.368,-2.481,1.527,0.0,11.7,62.2
1784036736.172,662,6.678,-2.49,1.287,0.0,15.2,60.8
1784036736.172,662,7.48,-2.76,0.941,0.0,17.1,61.6
1784036736.172,662,0.48,-0.015,0.003,0.081,16.8,73.1
1784036736.172,662,0.603,-0.095,0.008,0.081,15.2,74.2
1784036736.172,662,0.947,-0.699,-0.048,0.162,17.5,67.5
1784036736.172,662,0.938,-0.638,0.011,0.243,20.3,66.7
1784036736.275,663,0.535,0.368,0.084,0.0,18.1,69.7
1784036736.275,663,1.698,-0.762,0.238,0.0,16.5,72.6
1784036736.275,663,3.618,-1.472,0.399,0.0,16.8,66.2
1784036736.275,663,5.312,-2.499,1.84,0.0,12.6,61.3
1784036736.275,663,6.628,-2.716,1.068,0.0,16.3,60.4
1784036736.275,663,7.371,-3.01,1.022,0.0,18.2,61.1
1784036736.275,663,0.479,0.03,-0.004,0.081,23.2,75.0
1784036736.275,663,3.137,-0.706,0.289,0.081,12.3,68.5
1784036736.275,663,0.96,-0.725,0.211,0.162,19.9,66.6
1784036736.275,663,2.831,-1.162,0.481,0.243,15.9,62.8
1784036736.275,663,0.943,-0.567,0.275,0.325,14.9,65.2
1784036736.38,664,0.521,0.049,-0.016,0.0,20.3,75.8
1784036736.38,664,1.687,-0.762,0.306,0.0,19.5,72.9
1784036736.38,664,3.686,-1.35,0.089,0.0,15.0,65.2
1784036736.38,664,5.452,-2.307,1.673,0.0,12.7,62.5
1784036736.38,664,6.695,-2.49,1.196,0.0,16.0,61.0
1784036736.38,664,7.566,-2.775,0.446,0.0,13.4,61.3
1784036736.38,664,3.17,-0.716,0.381,0.081,14.5,68.2
1784036736.38,664,0.947,-0.751,0.373,0.162,19.2,63.2
1784036736.38,664,1.069,-0.761,0.327,0.243,18.6,62.0
1784036736.38,664,4.12,-1.252,1.124,0.243,11.5,54.9
1784036736.38,664,1.019,-0.589,0.047,0.325,18.9,62.7
1784036736.38,664,2.112,-1.05,0.441,-0.243,21.3,55.1
1784036736.486,665,1.739,-0.704,0.014,0.0,13.7,72.6
1784036736.486,665,3.607,-1.472,0.488,0.0,14.0,69.3
1784036736.486,665,5.447,-2.307,1.69,0.0,12.6,61.6
1784036736.486,665,6.701,-2.49,1.161,0.0,12.5,61.9
1784036736.486,665,7.667,-2.522,0.091,0.0,13.8,60.5
1784036736.486,665,1.006,-0.687,0.087,0.081,15.1,69.0
1784036736.486,665,2.857,-1.162,0.291,0.081,13.1,68.6
1784036736.486,665,1.046,-0.712,0.014,0.162,23.7,60.9
1784036736.486,665,4.077,-1.215,0.744,0.325,16.7,53.3
1784036736.486,665,2.047,-1.104,0.377,-0.243,16.2,55.9
1784036736.486,665,4.294,-1.575,0.267,-0.162,12.7,56.2
1784036736.486,665,0.471,0.045,-0.078,-0.081,19.0,75.3
1784036736.486,665,2.284,-1.126,-0.377,-0.081,14.1,68.5
1784036736.54,666,1.691,-0.762,0.282,0.0,18.1,72.7
1784036736.54,666,3.628,-1.472,0.302,0.0,15.2,65.8
1784036736.54,666,5.463,-2.307,1.636,0.0,14.5,60.6
1784036736.54,666,7.666,-2.522,-0.115,0.0,12.8,60.4
1784036736.54,666,1.057,-0.611,0.033,0.162,18.6,63.4
1784036736.54,666,2.826,-1.258,0.156,0.162,16.9,63.2
1784036736.54,666,3.161,-0.818,0.209,0.243,17.7,60.6
1784036736.54,666,0.523,0.389,0.064,-0.162,18.5,65.4
1784036736.54,666,5.013,0.479,-0.833,-0.162,17.5,56.4
1784036736.54,666,0.502,0.147,0.024,-0.081,15.8,74.5
1784036736.54,666,2.147,1.265,0.437,-0.081,12.3,68.9
1784036736.643,667,1.009,-0.751,0.138,0.0,18.5,70.2
1784036736.643,667,1.725,-0.645,0.357,0.0,15.3,74.1
1784036736.643,667,5.372,-2.499,1.656,0.0,14.6,61.1
1784036736.643,667,7.814,-2.018,-0.142,0.0,13.3,60.7
1784036736.643,667,2.917,-0.968,0.383,0.162,16.4,60.3
1784036736.643,667,2.903,-1.08,0.524,0.243,18.3,59.4
1784036736.643,667,3.168,-0.829,0.518,0.243,19.7,61.8
1784036736.643,667,5.051,0.479,-0.563,-0.243,19.3,55.0
1784036736.643,667,0.477,0.03,0.048,-0.081,21.3,74.7
1784036736.744,668,0.476,0.213,0.045,0.0,19.5,72.5
1784036736.744,668,0.49,0.033,-0.181,0.0,19.5,72.5
1784036736.744,668,5.464,-2.307,1.631,0.0,13.1,61.8
1784036736.744,668,3.187,-0.829,0.391,0.243,14.6,62.4
1784036736.744,668,2.871,-1.178,0.486,0.325,21.9,59.6
1784036736.744,668,4.564,3.654,0.017,-0.325,16.7,50.6
1784036736.744,668,0.388,0.191,-0.058,-0.243,20.4,64.9
1784036736.744,668,4.91,0.949,0.774,-0.162,14.2,57.8
1784036736.744,668,1.009,-0.687,-0.051,-0.081,16.8,68.8
1784036736.846,669,0.446,0.337,0.097,0.0,19.8,69.3
1784036736.846,669,1.725,-0.645,0.36,0.0,13.4,74.5
1784036736.846,669,3.573,-1.595,0.325,0.0,15.2,65.4
1784036736.846,669,5.509,-2.115,1.739,0.0,13.2,62.0
1784036736.846,669,6.759,-2.49,0.757,0.0,12.3,61.8
1784036736.846,669,7.582,-2.509,0.811,0.0,15.0,62.7
1784036736.846,669,0.444,0.47,0.099,0.162,25.5,58.6
1784036736.846,669,3.075,-0.796,0.233,0.325,16.5,58.9
1784036736.846,669,3.739,3.005,-1.613,-0.325,14.6,52.5
1784036736.846,669,1.115,0.331,0.186,-0.243,16.7,61.2
1784036736.846,669,3.982,2.979,-0.668,-0.243,12.1,54.6
1784036736.846,669,0.506,0.131,-0.033,-0.081,18.0,71.2
1784036736.846,669,0.42,0.311,-0.031,-0.081,18.0,71.2
1784036736.952,670,1.793,-0.469,0.289,0.0,14.4,72.5
1784036736.952,670,2.1,-0.348,-0.65,0.0,12.2,70.7
1784036736.952,670,3.716,-1.365,0.297,0.0,15.2,67.1
1784036736.952,670,5.398,-2.71,1.378,0.0,13.5,60.7
1784036736.952,670,6.73,-2.49,0.983,0.0,13.2,63.7
1784036736.952,670,7.532,-2.509,1.188,0.0,13.3,64.5
1784036736.952,670,0.429,0.491,0.059,0.243,15.3,63.0
1784036736.952,670,0.451,0.579,0.103,0.325,25.0,53.2
1784036736.952,670,3.288,-0.851,0.219,0.325,16.1,60.8
1784036736.952,670,3.059,-1.009,0.215,0.406,18.7,60.0
1784036736.952,670,4.653,1.725,0.74,-0.568,15.9,52.5
1784036736.952,670,0.56,-0.0,0.088,-0.406,31.7,51.2
1784036736.952,670,0.46,0.12,0.064,-0.162,23.5,70.7
1784036736.952,670,0.991,-0.687,0.197,-0.081,19.1,67.4
1784036737.057,671,1.652,-0.762,0.457,0.0,16.7,72.0
1784036737.057,671,5.481,-2.307,1.576,0.0,12.2,62.6
1784036737.057,671,6.71,-2.49,1.111,0.0,12.0,63.1
1784036737.057,671,7.476,-2.76,0.971,0.0,14.6,64.3
1784036737.057,671,8.428,-0.0,1.445,0.0,14.1,61.4
1784036737.057,671,3.717,-1.227,0.306,0.081,15.2,63.3
1784036737.057,671,0.37,0.589,0.061,0.325,28.8,51.4
1784036737.057,671,2.936,-1.125,0.906,0.487,21.2,59.4
1784036737.057,671,0.996,0.341,0.286,-0.649,15.5,60.5
1784036737.057,671,0.771,0.502,0.401,-0.568,11.6,62.7
1784036737.057,671,0.47,0.045,0.086,-0.487,20.8,66.2
1784036737.057,671,2.129,-1.265,0.519,-0.325,18.5,63.7
1784036737.057,671,0.372,0.205,0.1,-0.243,23.9,71.7
1784036737.057,671,0.391,0.27,0.065,-0.162,24.8,68.4
1784036737.057,671,5.809,-3.088,-0.348,-0.162,13.8,54.1
1784036737.057,671,1.005,-0.687,0.105,-0.081,19.6,66.9
1784036737.158,672,0.511,-0.213,0.124,0.0,12.8,63.4
1784036737.158,672,1.713,-0.762,0.068,0.0,18.4,71.6
1784036737.158,672,2.076,-0.213,-0.889,0.0,12.1,72.4
1784036737.158,672,3.708,-1.365,0.387,0.0,17.3,66.1
1784036737.158,672,5.525,-2.307,1.411,0.0,12.6,62.6
1784036737.158,672,6.788,-2.49,0.413,0.0,12.4,62.0
1784036737.158,672,7.128,-2.929,1.264,0.0,11.4,64.4
1784036737.158,672,7.574,-2.522,1.194,0.0,11.7,65.9
1784036737.158,672,8.455,-0.0,1.279,0.0,11.6,64.3
1784036737.158,672,3.262,-0.104,0.588,-0.649,17.1,63.3
1784036737.158,672,3.44,0.218,0.546,-0.568,21.9,58.7
1784036737.158,672,1.867,1.632,0.184,-0.406,21.4,64.7
1784036737.158,672,2.136,-1.01,0.775,-0.406,21.4,64.7
1784036737.158,672,0.34,0.184,0.068,-0.325,21.0,70.8
1784036737.158,672,0.515,0.436,0.179,-0.325,11.4,63.4
1784036737.158,672,1.934,-0.975,1.034,-0.243,18.9,64.2
1784036737.158,672,0.354,0.443,0.014,-0.162,16.6,64.8
1784036737.158,672,0.986,-0.712,0.351,-0.081,22.4,64.6
1784036737.259,673,0.576,0.191,-0.068,0.0,11.2,64.8
1784036737.259,673,0.329,-0.458,-0.235,0.0,11.2,64.8
1784036737.259,673,1.73,-0.704,0.179,0.0,19.9,70.2
1784036737.259,673,2.083,-0.765,0.167,0.0,11.3,73.5
1784036737.259,673,3.698,-1.365,0.475,0.0,15.9,66.0
1784036737.259,673,5.448,-2.517,1.539,0.0,12.7,62.2
1784036737.259,673,6.67,-2.716,0.763,0.0,14.7,61.9
1784036737.259,673,8.464,-0.0,1.217,0.0,11.5,64.3
1784036737.259,673,0.256,0.27,0.125,0.081,16.9,66.9
1784036737.259,673,1.491,1.2,0.152,0.162,15.7,66.0
1784036737.259,673,0.401,0.164,0.049,-0.487,14.2,69.7
1784036737.259,673,3.302,-0.21,0.582,-0.487,18.9,61.8
1784036737.259,673,3.574,0.112,0.119,-0.487,16.6,58.2
1784036737.259,673,0.968,-0.687,0.288,-0.081,18.2,68.1
1784036737.361,674,1.703,-0.762,0.199,0.0,19.9,70.7
1784036737.361,674,2.063,-0.834,0.004,0.0,11.6,73.3
1784036737.361,674,7.218,-3.512,-0.101,0.0,11.8,62.9
1784036737.361,674,8.484,-0.0,1.074,0.0,11.7,64.1
1784036737.361,674,3.737,-1.241,0.509,0.081,21.2,62.6
1784036737.361,674,1.498,1.2,-0.01,0.243,18.2,63.3
1784036737.361,674,1.683,-0.9,-0.211,0.243,18.2,63.3
1784036737.361,674,4.948,-0.0,1.065,0.243,13.6,54.7
1784036737.361,674,3.606,0.226,0.237,-0.568,13.7,59.5
1784036737.361,674,1.808,1.575,0.095,-0.487,21.1,58.8
1784036737.361,674,2.304,-0.6,-0.303,-0.487,21.1,58.8
1784036737.361,674,3.446,-0.109,0.544,-0.487,22.6,56.8
1784036737.361,674,0.939,-0.699,0.132,-0.162,21.0,64.0
1784036737.361,674,0.237,0.251,0.053,-0.081,20.9,66.8
1784036737.464,675,0.2,0.284,-0.037,0.0,11.6,69.0
1784036737.464,675,1.697,-0.762,0.241,0.0,17.6,73.2
1784036737.464,675,3.707,-1.365,0.394,0.0,12.8,68.6
1784036737.464,675,5.42,-2.73,1.449,0.0,13.9,62.1
1784036737.464,675,7.465,-2.76,1.051,0.0,16.2,62.8
1784036737.464,675,8.496,-0.0,0.97,0.0,12.1,63.7
1784036737.464,675,0.598,-0.153,-0.326,0.243,13.9,57.9
1784036737.464,675,0.38,0.502,-0.302,0.243,13.9,57.9
1784036737.464,675,3.769,3.92,0.413,0.325,15.9,54.7
1784036737.464,675,1.364,1.411,-0.051,0.487,24.6,58.1
1784036737.464,675,1.884,-0.552,0.029,0.487,24.6,58.1
1784036737.464,675,3.528,-0.0,0.204,-0.649,18.5,58.9
1784036737.464,675,3.506,-0.224,0.674,-0.487,24.0,57.0
1784036737.464,675,0.328,0.286,0.026,-0.243,11.7,61.7
1784036737.464,675,0.962,-0.663,0.155,-0.162,25.4,63.1
1784036737.565,676,1.696,-0.762,0.249,0.0,16.7,73.5
1784036737.565,676,8.483,-0.0,1.081,0.0,11.9,63.7
1784036737.565,676,4.161,-0.689,1.276,0.162,17.5,57.4
1784036737.565,676,3.96,3.749,-0.01,0.325,17.4,54.8
1784036737.565,676,3.575,-0.687,0.42,0.568,16.5,59.3
1784036737.565,676,3.572,-0.704,0.909,0.568,13.5,61.0
1784036737.565,676,3.514,-0.0,0.378,-0.568,15.7,56.9
1784036737.565,676,0.945,-0.663,0.236,-0.162,27.9,58.3
1784036737.565,676,1.079,-0.873,0.152,-0.162,12.5,63.3
1784036737.565,676,4.077,-0.397,1.063,-0.162,15.3,58.7
1784036737.565,676,0.307,0.409,0.111,-0.081,15.0,62.3
1784036737.668,677,1.691,-0.762,0.281,0.0,15.3,72.9
1784036737.668,677,3.723,-1.365,0.191,0.0,12.3,69.6
1784036737.668,677,6.631,-2.716,1.053,0.0,15.9,62.2
1784036737.668,677,7.082,-3.19,1.155,0.0,11.5,64.2
1784036737.668,677,7.668,0.245,1.676,0.0,11.5,64.2
1784036737.668,677,7.378,-3.01,0.975,0.0,19.2,63.7
1784036737.668,677,4.901,-2.251,1.272,0.406,16.9,54.3
1784036737.668,677,1.424,1.474,-0.065,0.487,20.3,54.3
1784036737.668,677,3.613,-0.0,0.616,-0.649,27.8,55.5
1784036737.668,677,0.955,-0.603,0.106,-0.162,33.7,54.1
1784036737.771,678,0.572,0.21,-0.036,0.0,12.4,62.3
1784036737.771,678,0.563,-0.229,0.059,0.0,12.4,62.3
1784036737.771,678,1.692,-0.762,0.277,0.0,17.8,73.0
1784036737.771,678,2.038,-0.834,0.316,0.0,12.8,74.1
1784036737.771,678,3.758,-1.241,0.318,0.0,11.2,69.2
1784036737.771,678,6.633,-2.716,1.04,0.0,14.1,63.3
1784036737.771,678,7.358,-3.01,1.111,0.0,20.2,64.7
1784036737.771,678,8.453,-0.0,1.29,0.0,11.9,63.9
1784036737.771,678,3.565,-0.927,0.428,0.568,23.8,57.0
1784036737.771,678,4.305,-0.273,0.653,-0.568,19.8,58.3
1784036737.771,678,0.932,-0.972,0.126,-0.243,17.6,61.0
1784036737.771,678,0.899,-0.614,0.076,-0.162,29.3,52.8
1784036737.874,679,1.692,-0.762,0.276,0.0,18.6,73.1
1784036737.874,679,2.085,-0.765,0.144,0.0,13.2,74.2
1784036737.874,679,6.638,-2.716,1.007,0.0,13.4,63.3
1784036737.874,679,7.35,-3.01,1.165,0.0,20.1,64.8
1784036737.874,679,8.475,-0.0,1.137,0.0,12.1,63.6
1784036737.874,679,0.324,-0.409,-0.044,-0.649,29.9,44.6
1784036737.874,679,3.819,0.24,0.318,-0.568,22.1,53.7
1784036737.874,679,0.982,-0.567,0.034,-0.162,34.6,51.4
1784036737.874,679,0.971,-0.751,0.307,-0.162,18.7,58.8
1784036737.874,679,1.237,-0.465,0.29,-0.162,11.5,64.0
1784036737.874,679,1.163,-0.549,0.418,-0.162,11.5,64.0
1784036737.975,680,1.69,-0.762,0.286,0.0,17.7,72.8
1784036737.975,680,2.058,-0.834,0.139,0.0,13.2,74.4
1784036737.975,680,6.628,-2.716,1.067,0.0,12.8,63.1
1784036737.975,680,7.44,-2.76,1.217,0.0,20.3,64.4
1784036737.975,680,8.502,-0.0,0.919,0.0,12.1,63.8
1784036737.975,680,3.971,4.108,-0.137,0.487,14.3,53.3
1784036737.975,680,3.878,0.121,0.164,-0.649,30.1,52.7
1784036737.975,680,0.899,-0.614,0.074,-0.243,33.0,51.5
1784036737.975,680,0.974,-0.845,0.407,-0.162,11.9,62.8
1784036738.079,681,0.506,0.248,-0.061,0.0,12.5,62.2
1784036738.079,681,0.529,-0.195,-0.062,0.0,12.5,62.2
1784036738.079,681,1.688,-0.762,0.301,0.0,16.4,73.0
1784036738.079,681,2.061,-0.834,0.089,0.0,13.2,73.9
1784036738.079,681,6.614,-2.716,1.152,0.0,11.9,63.1
1784036738.079,681,7.431,-2.76,1.266,0.0,19.0,64.7
1784036738.079,681,8.424,-0.0,1.467,0.0,12.1,63.7
1784036738.079,681,3.779,4.287,0.092,0.487,15.3,52.1
1784036738.079,681,3.918,-0.0,0.257,-0.649,22.4,54.3
1784036738.079,681,0.861,-0.941,0.295,-0.243,16.3,61.1
1784036738.079,681,0.93,-0.545,0.168,-0.162,37.3,49.6
1784036738.181,682,2.063,-0.834,-0.01,0.0,11.8,74.4
1784036738.181,682,1.922,1.113,0.136,0.0,11.8,74.4
1784036738.181,682,6.599,-2.716,1.239,0.0,11.6,62.5
1784036738.181,682,7.348,-3.01,1.179,0.0,18.1,64.8
1784036738.181,682,8.483,-0.0,1.082,0.0,11.3,64.5
1784036738.181,682,4.001,0.125,0.296,-0.568,21.9,53.3
1784036738.181,682,0.94,-0.699,0.125,-0.162,28.5,53.0
1784036738.181,682,1.032,-0.777,0.209,-0.162,12.9,63.0
1784036738.181,682,0.793,-0.654,0.199,-0.081,19.2,65.7
1784036738.283,683,1.695,-0.687,0.107,0.0,13.8,73.1
1784036738.283,683,2.089,-0.765,0.021,0.0,12.3,74.2
1784036738.283,683,6.61,-2.716,1.176,0.0,12.1,62.8
1784036738.283,683,7.448,-2.76,1.164,0.0,19.2,64.4
1784036738.283,683,8.466,-0.0,1.203,0.0,12.0,63.7
1784036738.283,683,0.488,0.709,0.142,0.487,23.2,46.2
1784036738.283,683,0.413,-0.603,-0.128,-0.649,23.4,45.6
1784036738.283,683,4.012,0.125,-0.012,-0.649,19.5,54.7
1784036738.283,683,4.048,0.127,0.241,-0.568,19.9,56.2
1784036738.283,683,0.831,-0.622,0.141,-0.081,22.8,65.7
1784036738.333,684,0.849,-0.533,-0.034,0.0,13.5,71.2
1784036738.333,684,1.715,-0.63,0.136,0.0,16.2,73.8
1784036738.333,684,2.06,-0.834,0.096,0.0,11.8,74.7
1784036738.333,684,6.626,-2.716,1.081,0.0,12.4,63.0
1784036738.333,684,7.449,-2.76,1.157,0.0,18.9,64.7
1784036738.333,684,8.483,-0.0,1.079,0.0,11.6,64.3
1784036738.333,684,0.924,-0.491,0.029,0.081,20.0,65.6
1784036738.333,684,0.444,0.699,-0.02,0.568,17.1,46.5
1784036738.333,684,1.561,2.011,0.379,0.568,16.9,54.4
1784036738.333,684,2.381,-0.804,0.558,0.568,16.9,54.4
1784036738.333,684,4.092,0.256,-0.1,-0.649,14.6,56.1
1784036738.333,684,0.885,-0.709,0.036,-0.162,33.6,50.5
1784036738.486,685,0.829,-0.622,0.149,0.0,20.5,69.5
1784036738.486,685,1.698,-0.687,0.048,0.0,16.6,73.5
1784036738.486,685,3.723,-1.365,0.202,0.0,12.0,69.1
1784036738.486,685,6.625,-2.716,1.086,0.0,13.7,63.2
1784036738.486,685,7.46,-2.76,1.083,0.0,19.2,64.7
1784036738.486,685,4.088,-0.648,0.214,0.487,17.8,57.1
1784036738.486,685,1.355,2.135,-0.086,0.568,16.1,55.4
1784036738.486,685,1.68,2.375,-0.285,0.568,12.5,56.4
1784036738.486,685,0.463,-0.709,-0.211,-0.649,23.2,45.2
1784036738.486,685,4.22,0.264,0.167,-0.649,16.7,56.2
1784036738.486,685,0.717,-1.028,-0.174,-0.162,16.4,55.5
1784036738.589,686,0.865,-0.589,0.039,0.0,14.1,69.7
1784036738.589,686,2.05,-0.834,0.23,0.0,12.0,74.7
1784036738.589,686,6.629,-2.716,1.067,0.0,14.3,62.7
1784036738.589,686,7.366,-3.01,1.06,0.0,20.1,64.4
1784036738.589,686,0.97,-0.626,0.236,0.081,17.3,62.7
1784036738.589,686,0.919,-0.491,0.106,0.162,32.2,50.2
1784036738.589,686,4.116,-0.654,0.416,0.243,14.0,55.4
1784036738.639,687,2.05,-0.834,0.227,0.0,12.2,74.4
1784036738.639,687,3.724,-1.365,0.182,0.0,11.6,69.7
1784036738.639,687,6.627,-2.716,1.077,0.0,15.4,62.7
1784036738.639,687,7.367,-3.01,1.056,0.0,20.1,64.1
1784036738.639,687,8.499,-0.0,0.94,0.0,11.8,63.9
1784036738.639,687,4.033,-0.654,0.919,0.162,12.7,58.8
1784036738.639,687,0.803,-0.654,0.151,-0.081,21.8,65.7
1784036738.741,688,0.956,-0.663,0.187,0.0,16.5,66.7
1784036738.741,688,1.683,-0.762,0.327,0.0,15.3,73.6
1784036738.741,688,2.001,-0.834,0.502,0.0,11.3,74.3
1784036738.741,688,3.758,-1.241,0.322,0.0,11.8,70.4
1784036738.741,688,6.62,-2.716,1.12,0.0,13.8,63.2
1784036738.741,688,7.363,-3.01,1.083,0.0,20.3,64.8
1784036738.741,688,0.978,-0.477,0.07,0.243,32.0,48.5
1784036738.741,688,4.15,-0.793,0.232,-0.325,20.6,52.1
1784036738.741,688,0.843,-0.622,-0.002,-0.081,22.8,65.7
1784036738.841,689,0.936,-0.687,0.378,0.0,12.9,68.7
1784036738.841,689,1.736,-0.704,0.103,0.0,15.5,73.8
1784036738.841,689,6.764,-2.49,0.711,0.0,11.8,63.1
1784036738.841,689,7.378,-3.01,0.973,0.0,20.5,65.2
1784036738.841,689,4.127,-0.654,0.279,-0.568,19.6,49.5
1784036738.841,689,0.789,-0.687,0.045,-0.081,26.0,65.8
1784036738.943,690,0.837,-0.622,0.098,0.0,20.8,69.6
1784036738.943,690,0.96,-0.589,0.345,0.0,13.3,67.8
1784036738.943,690,1.72,-0.704,0.258,0.0,14.6,73.8
1784036738.943,690,6.793,-2.49,0.339,0.0,12.0,63.4
1784036738.943,690,7.369,-3.01,1.04,0.0,20.0,65.2
1784036739.045,691,0.783,-0.627,-0.021,0.0,12.1,71.2
1784036739.045,691,0.914,-0.589,0.453,0.0,13.1,68.6
1784036739.045,691,1.69,-0.762,0.288,0.0,18.1,73.4
1784036739.045,691,3.717,-1.365,0.292,0.0,11.5,70.0
1784036739.045,691,6.591,-2.716,1.278,0.0,13.7,62.6
1784036739.045,691,7.475,-2.76,0.973,0.0,19.2,64.2
1784036739.045,691,0.925,-0.491,-0.005,-0.243,28.4,46.5
1784036739.045,691,0.989,-0.532,0.16,-0.162,26.3,50.3
1784036739.147,692,0.748,-0.72,0.135,0.0,20.0,69.5
1784036739.147,692,1.719,-0.704,0.263,0.0,16.9,74.1
1784036739.147,692,1.88,-1.063,0.695,0.0,11.5,73.6
1784036739.147,692,1.998,-0.922,0.554,0.0,11.5,73.6
1784036739.147,692,6.707,-2.49,1.125,0.0,13.4,62.8
1784036739.147,692,7.422,-2.76,1.32,0.0,18.9,64.6
1784036739.247,693,0.81,-0.654,0.112,0.0,22.0,69.6
1784036739.247,693,0.743,-0.72,0.16,0.0,22.0,69.6
1784036739.247,693,1.701,-0.762,0.216,0.0,18.7,73.8
1784036739.247,693,6.65,-2.716,0.927,0.0,13.2,62.7
1784036739.247,693,7.444,-2.76,1.188,0.0,19.9,64.1
1784036739.247,693,8.46,-0.0,1.244,0.0,11.5,64.2
1784036739.247,693,0.934,-0.626,0.352,0.081,15.4,65.4
1784036739.348,694,0.777,-0.687,0.143,0.0,24.3,69.6
1784036739.348,694,1.708,-0.762,0.145,0.0,16.6,74.3
1784036739.348,694,6.71,-2.49,1.11,0.0,11.5,63.1
1784036739.348,694,7.464,-2.76,1.061,0.0,19.5,64.7
1784036739.454,695,0.787,-0.687,0.07,0.0,22.0,69.6
1784036739.454,695,1.739,-0.704,0.001,0.0,13.8,73.7
1784036739.454,695,7.461,-2.76,1.081,0.0,19.2,65.0
1784036739.454,695,2.312,-1.126,0.121,-0.162,12.1,55.3
1784036739.56,696,0.717,-0.72,0.253,0.0,20.4,69.5
1784036739.56,696,0.964,-0.687,0.302,0.0,13.0,68.1
1784036739.56,696,6.76,-2.49,0.748,0.0,11.7,62.8
1784036739.56,696,7.462,-2.76,1.073,0.0,19.8,64.4
1784036739.661,697,0.807,-0.654,0.131,0.0,16.2,69.6
1784036739.661,697,3.661,-1.489,0.383,0.0,11.6,69.6
1784036739.661,697,6.736,-2.49,0.936,0.0,11.4,63.2
1784036739.661,697,7.358,-3.01,1.113,0.0,19.8,64.9
1784036739.661,697,0.978,-0.567,0.09,0.162,31.1,49.9
1784036739.661,697,4.466,-0.859,0.549,0.162,11.9,58.2
1784036739.763,698,0.753,-0.75,0.247,0.0,17.8,68.0
1784036739.763,698,0.936,-0.764,0.181,0.0,12.6,66.5
1784036739.763,698,1.67,-0.704,0.486,0.0,14.6,74.5
1784036739.763,698,3.672,-1.489,0.257,0.0,13.1,69.2
1784036739.763,698,6.609,-2.716,1.183,0.0,12.9,63.3
1784036739.763,698,7.361,-3.01,1.096,0.0,19.3,65.1
1784036739.865,699,0.776,-0.75,0.16,0.0,17.6,67.9
1784036739.865,699,1.673,-0.821,0.213,0.0,19.6,74.1
1784036739.865,699,3.722,-1.365,0.217,0.0,12.6,70.3
1784036739.865,699,6.673,-2.716,0.742,0.0,13.9,62.9
1784036739.865,699,7.455,-2.76,1.117,0.0,19.4,64.7
1784036739.865,699,4.557,-1.178,0.21,-0.162,13.2,51.6
1784036739.969,700,0.853,-0.648,0.206,0.0,16.8,68.0
1784036739.969,700,0.927,-0.764,0.223,0.0,18.1,68.2
1784036739.969,700,1.761,-0.645,-0.046,0.0,12.0,73.8
1784036739.969,700,6.662,-2.716,0.835,0.0,12.4,62.9
1784036739.969,700,7.356,-3.01,1.125,0.0,19.4,64.7
1784036739.969,700,8.501,-0.0,0.927,0.0,11.6,64.3
1784036740.073,701,0.789,-0.687,0.039,0.0,14.6,69.6
1784036740.073,701,0.932,-0.699,0.172,0.0,19.0,66.6
1784036740.073,701,1.692,-0.762,0.274,0.0,17.9,74.0
1784036740.073,701,3.766,-1.241,0.202,0.0,11.7,70.6
1784036740.073,701,6.621,-2.716,1.112,0.0,12.9,63.1
1784036740.073,701,7.441,-2.76,1.211,0.0,19.7,64.7
1784036740.175,702,0.832,-0.589,0.24,0.0,14.6,69.5
1784036740.175,702,1.682,-0.821,0.127,0.0,15.9,74.2
1784036740.175,702,6.722,-2.49,1.033,0.0,11.4,63.8
1784036740.175,702,7.356,-3.01,1.13,0.0,19.2,65.3
1784036740.175,702,4.176,-0.661,0.18,0.162,15.6,56.2
1784036740.175,702,4.375,-1.301,0.744,-0.162,14.1,54.3
1784036740.276,703,0.821,-0.716,0.054,0.0,18.0,68.1
1784036740.276,703,1.707,-0.704,0.333,0.0,14.0,74.0
1784036740.276,703,6.594,-2.716,1.265,0.0,12.6,63.4
1784036740.276,703,7.469,-2.76,1.019,0.0,19.5,64.9
1784036740.276,703,1.601,2.233,0.052,-0.162,13.5,57.0
1784036740.276,703,2.699,-0.258,0.454,-0.162,13.5,57.0
1784036740.276,703,4.4,-1.301,0.579,-0.162,17.1,55.8
1784036740.379,704,0.745,-0.72,0.154,0.0,20.0,69.6
1784036740.379,704,1.702,-0.704,0.357,0.0,15.5,74.8
1784036740.379,704,6.6,-2.716,1.229,0.0,13.4,62.8
1784036740.379,704,7.452,-2.76,1.137,0.0,19.9,64.5
1784036740.481,705,0.796,-0.654,0.186,0.0,20.1,69.6
1784036740.481,705,1.685,-0.762,0.314,0.0,16.3,74.4
1784036740.481,705,3.749,-1.241,0.412,0.0,12.4,70.1
1784036740.481,705,6.724,-2.49,1.024,0.0,12.3,63.4
1784036740.481,705,7.349,-3.01,1.173,0.0,19.3,64.9
1784036740.481,705,0.937,-0.638,0.048,0.243,27.1,47.9
1784036740.583,706,0.81,-0.654,0.107,0.0,16.1,69.5
1784036740.583,706,0.911,-0.802,0.14,0.0,13.8,68.0
1784036740.583,706,1.697,-0.762,0.244,0.0,16.7,73.5
1784036740.583,706,3.71,-1.365,0.373,0.0,12.0,70.5
1784036740.583,706,6.637,-2.716,1.011,0.0,12.6,63.2
1784036740.583,706,7.457,-2.76,1.102,0.0,19.6,64.7
1784036740.583,706,8.389,-0.271,2.219,0.0,11.6,64.1
1784036740.686,707,0.714,-0.784,0.255,0.0,18.1,68.7
1784036740.686,707,0.909,-0.802,0.154,0.0,15.7,69.0
1784036740.686,707,1.692,-0.762,0.274,0.0,17.0,73.5
1784036740.686,707,3.745,-1.241,0.444,0.0,12.0,70.4
1784036740.686,707,6.676,-2.716,0.714,0.0,12.7,63.6
1784036740.686,707,7.353,-3.01,1.145,0.0,19.1,64.8
1784036740.686,707,1.788,1.881,0.339,0.162,15.6,58.1
1784036740.686,707,4.292,-1.445,0.936,0.162,19.5,54.9
1784036740.686,707,4.089,-1.215,0.679,0.325,17.9,51.8
1784036740.739,708,0.824,-0.78,0.012,0.0,19.3,66.6
1784036740.739,708,1.704,-0.762,0.184,0.0,15.5,74.5
1784036740.739,708,3.708,-1.365,0.393,0.0,11.7,70.0
1784036740.739,708,6.73,-2.49,0.982,0.0,13.1,62.4
1784036740.739,708,7.368,-3.01,1.043,0.0,19.8,64.2
1784036740.739,708,0.551,0.78,0.097,0.243,29.3,48.2
1784036740.739,708,4.314,-1.59,0.501,0.243,18.5,53.4
1784036740.739,708,1.845,1.913,0.138,0.325,18.2,52.9
1784036740.739,708,2.566,-0.582,0.401,0.325,18.2,52.9
1784036740.739,708,4.09,-1.215,0.673,0.406,16.5,54.7
1784036740.841,709,0.916,-0.802,0.101,0.0,16.9,67.5
1784036740.841,709,1.754,-0.645,0.166,0.0,13.3,74.1
1784036740.841,709,3.713,-1.365,0.342,0.0,11.3,69.9
1784036740.841,709,6.671,-2.716,0.757,0.0,12.8,62.6
1784036740.841,709,7.376,-3.01,0.984,0.0,19.6,64.3
1784036740.841,709,0.789,-0.687,0.036,0.081,20.3,65.6
1784036740.841,709,4.427,-1.459,0.262,0.406,16.9,54.0
1784036740.841,709,4.138,-1.418,1.205,0.568,16.3,51.9
1784036741.048,711,0.941,-0.764,0.155,0.0,12.1,65.9
1784036741.048,711,1.705,-0.762,0.18,0.0,15.3,73.8
1784036741.048,711,3.72,-1.365,0.254,0.0,11.9,70.1
1784036741.048,711,6.695,-2.716,0.506,0.0,12.4,62.8
1784036741.048,711,7.472,-2.76,0.998,0.0,19.1,64.6
1784036741.048,711,0.797,-0.716,0.204,0.081,24.4,64.2
1784036741.048,711,4.493,-1.65,0.353,0.487,18.0,53.7
1784036741.048,711,4.647,-0.438,0.072,-0.568,17.9,51.2
1784036741.151,712,1.7,-0.762,0.221,0.0,20.6,73.9
1784036741.151,712,1.93,-0.993,0.662,0.0,11.5,74.9
1784036741.151,712,3.704,-1.365,0.423,0.0,11.9,70.1
1784036741.151,712,6.651,-2.49,1.422,0.0,12.4,63.1
1784036741.151,712,7.455,-2.76,1.118,0.0,18.3,65.0
1784036741.151,712,7.086,-2.999,-4.115,0.0,12.2,64.1
1784036741.151,712,0.835,-0.744,0.186,0.081,20.3,62.8
1784036741.151,712,0.721,-0.63,0.064,0.243,19.9,47.3
1784036741.151,712,4.432,-1.8,0.385,0.325,19.7,51.9
1784036741.151,712,4.521,-1.337,0.625,0.487,18.9,50.9
1784036741.151,712,2.892,-0.274,-0.328,-0.649,13.6,53.0
1784036741.151,712,4.615,-0.289,0.055,-0.649,17.2,51.3
1784036741.151,712,0.941,-0.511,0.209,-0.568,31.7,46.3
1784036741.255,713,0.883,-0.83,0.363,0.0,11.7,67.5
1784036741.255,713,1.695,-0.762,0.255,0.0,17.9,73.0
1784036741.255,713,6.709,-2.49,1.116,0.0,11.3,62.5
1784036741.255,713,7.364,-3.01,1.07,0.0,19.6,64.3
1784036741.255,713,8.416,-0.545,2.238,0.0,12.4,64.1
1784036741.255,713,0.788,-0.75,0.084,0.081,23.2,64.2
1784036741.255,713,4.392,-1.967,0.544,0.162,11.5,55.8
1784036741.255,713,0.657,-0.63,0.108,0.325,28.4,46.4
1784036741.255,713,4.413,-1.459,0.439,0.325,17.6,52.7
1784036741.255,713,4.548,-1.5,0.311,0.325,16.9,53.2
1784036741.255,713,0.592,-0.687,0.131,0.568,29.1,46.1
1784036741.357,714,0.72,-0.818,0.038,0.0,15.8,68.9
1784036741.357,714,1.728,-0.704,0.198,0.0,14.5,73.6
1784036741.357,714,6.77,-2.49,0.645,0.0,11.7,63.1
1784036741.357,714,7.465,-2.76,1.051,0.0,18.9,65.0
1784036741.357,714,8.528,-0.545,1.765,0.0,12.0,64.5
1784036741.357,714,0.911,-0.87,0.121,0.162,21.0,54.7
1784036741.357,714,4.598,-1.513,0.127,0.162,14.5,56.6
1784036741.357,714,4.372,-1.313,0.977,0.243,15.2,54.2
1784036741.357,714,0.716,-0.464,0.183,-0.243,31.0,47.8
1784036741.459,715,0.677,-0.852,-0.071,0.0,13.5,68.6
1784036741.459,715,1.712,-0.762,0.086,0.0,15.5,73.7
1784036741.459,715,6.73,-2.49,0.981,0.0,12.6,63.1
1784036741.459,715,7.454,-2.76,1.126,0.0,18.9,64.9
1784036741.561,716,0.705,-0.886,0.064,0.0,16.4,66.7
1784036741.561,716,0.779,-0.83,0.552,0.0,12.8,65.9
1784036741.561,716,1.684,-0.762,0.319,0.0,17.2,73.7
1784036741.561,716,6.627,-2.716,1.079,0.0,12.9,62.9
1784036741.561,716,7.455,-2.76,1.116,0.0,19.0,64.7
1784036741.561,716,8.499,-0.545,1.9,0.0,11.6,64.7
1784036741.561,716,0.624,-0.573,0.211,0.162,25.6,49.7
1784036741.665,717,0.756,-0.784,-0.065,0.0,14.1,68.3
1784036741.665,717,0.765,-0.916,0.259,0.0,12.6,65.3
1784036741.665,717,1.709,-0.762,0.13,0.0,16.1,73.7
1784036741.665,717,3.421,-1.82,0.248,0.0,12.2,73.4
1784036741.665,717,6.766,-2.49,0.689,0.0,13.0,61.8
1784036741.665,717,7.477,-2.76,0.963,0.0,19.9,63.7
1784036741.665,717,8.393,-0.545,2.322,0.0,11.5,64.8
1784036741.767,718,1.726,-0.704,0.214,0.0,14.9,73.6
1784036741.767,718,3.477,-1.699,0.322,0.0,14.6,72.7
1784036741.767,718,6.626,-2.49,1.534,0.0,12.5,62.4
1784036741.767,718,7.464,-2.76,1.056,0.0,19.6,64.3
1784036741.767,718,8.54,-0.545,1.706,0.0,11.7,64.6
1784036741.767,718,0.708,-0.6,0.246,0.162,19.1,50.7
1784036741.868,719,0.75,-0.851,0.035,0.0,20.2,66.7
1784036741.868,719,1.698,-0.762,0.238,0.0,15.6,73.5
1784036741.868,719,3.415,-1.82,0.325,0.0,16.5,72.8
1784036741.868,719,6.653,-2.49,1.413,0.0,12.8,62.3
1784036741.868,719,7.467,-2.76,1.033,0.0,19.6,64.2
1784036741.868,719,0.665,-0.601,0.191,0.325,17.4,47.5
1784036741.969,720,0.788,-0.815,0.038,0.0,17.3,66.6
1784036741.969,720,1.679,-0.821,0.168,0.0,16.0,74.0
1784036741.969,720,3.464,-1.699,0.442,0.0,17.9,72.7
1784036741.969,720,6.754,-2.49,0.796,0.0,12.9,62.6
1784036741.969,720,7.463,-2.76,1.065,0.0,19.5,64.2
1784036741.969,720,8.451,-0.545,2.103,0.0,11.7,64.7
1784036741.969,720,4.356,-1.325,1.211,-0.162,12.5,54.0
1784036742.07,721,0.814,-0.682,-0.251,0.0,12.6,68.0
1784036742.07,721,0.857,-0.791,0.491,0.0,12.2,65.9
1784036742.07,721,1.719,-0.704,0.261,0.0,15.3,73.4
1784036742.07,721,3.407,-1.82,0.397,0.0,18.7,72.4
1784036742.07,721,6.763,-2.49,0.719,0.0,13.1,62.7
1784036742.07,721,7.465,-2.76,1.049,0.0,19.3,64.4
1784036742.172,722,0.8,-0.716,-0.191,0.0,17.5,68.0
1784036742.172,722,1.719,-0.704,0.266,0.0,14.5,74.1
1784036742.172,722,3.41,-1.82,0.372,0.0,18.1,73.1
1784036742.172,722,6.767,-2.49,0.682,0.0,12.4,62.3
1784036742.172,722,7.468,-2.76,1.032,0.0,19.6,64.4
1784036742.172,722,8.478,-0.545,1.993,0.0,11.6,64.7
1784036742.172,722,4.517,-1.832,0.34,0.162,15.7,51.9
1784036742.275,723,0.758,-0.784,-0.026,0.0,18.8,67.9
1784036742.275,723,1.714,-0.704,0.295,0.0,15.4,73.4
1784036742.275,723,3.408,-1.82,0.389,0.0,17.5,73.0
1784036742.275,723,6.644,-2.7,0.629,0.0,12.3,61.7
1784036742.275,723,7.029,-3.19,1.444,0.0,11.8,63.7
1784036742.275,723,7.266,-2.7,1.261,0.0,11.8,63.7
1784036742.275,723,7.456,-2.76,1.111,0.0,19.4,64.0
1784036742.275,723,8.506,-0.545,1.868,0.0,11.7,64.5
1784036742.275,723,4.614,-1.695,0.381,0.162,15.8,52.1
1784036742.377,724,0.614,-0.852,0.294,0.0,14.7,68.1
1784036742.377,724,0.854,-0.81,0.055,0.0,11.6,65.2
1784036742.377,724,1.719,-0.704,0.263,0.0,14.1,74.2
1784036742.377,724,3.408,-1.82,0.383,0.0,18.3,72.8
1784036742.377,724,7.357,-3.01,1.12,0.0,18.3,65.2
1784036742.377,724,8.481,-0.545,1.98,0.0,11.5,65.0
1784036742.377,724,4.795,-1.947,0.41,0.162,13.2,51.5
1784036742.478,725,0.856,-0.744,-0.004,0.0,16.8,66.6
1784036742.478,725,1.709,-0.762,0.129,0.0,16.8,74.1
1784036742.478,725,3.408,-1.82,0.383,0.0,18.6,72.4
1784036742.478,725,6.799,-2.49,0.167,0.0,13.3,62.7
1784036742.478,725,7.47,-2.76,1.011,0.0,19.7,64.6
1784036742.478,725,4.599,-1.695,0.534,0.243,20.8,50.6
1784036742.478,725,2.16,-1.287,0.551,-0.243,15.3,53.3
1784036742.579,726,0.63,-0.886,0.087,0.0,18.3,68.0
1784036742.579,726,1.713,-0.762,0.063,0.0,17.5,74.0
1784036742.579,726,3.405,-1.82,0.412,0.0,18.0,72.0
1784036742.579,726,6.708,-2.716,0.268,0.0,13.0,62.8
1784036742.579,726,7.467,-2.76,1.037,0.0,19.2,64.5
1784036742.579,726,8.536,-0.545,1.724,0.0,11.8,64.8
1784036742.579,726,4.603,-1.695,0.5,0.243,14.7,50.2
1784036742.681,727,0.792,-0.75,0.028,0.0,17.7,68.0
1784036742.681,727,1.677,-0.762,0.355,0.0,14.6,73.5
1784036742.681,727,3.407,-1.82,0.394,0.0,19.4,72.2
1784036742.681,727,6.664,-2.716,0.817,0.0,12.3,63.2
1784036742.681,727,7.471,-2.76,1.005,0.0,18.3,65.0
1784036742.681,727,8.543,-0.545,1.689,0.0,12.0,64.6
1784036742.681,727,4.679,-1.554,0.651,0.162,17.0,54.2
1784036742.783,728,0.851,-0.81,0.085,0.0,14.6,65.6
1784036742.783,728,1.67,-0.821,0.237,0.0,17.9,73.4
1784036742.783,728,3.41,-1.82,0.372,0.0,19.4,72.0
1784036742.783,728,6.876,-2.263,0.209,0.0,12.0,63.0
1784036742.783,728,7.465,-2.76,1.049,0.0,18.4,64.8
1784036742.783,728,8.533,-0.545,1.738,0.0,12.0,64.4
1784036742.833,729,0.814,-0.78,-0.124,0.0,19.2,66.5
1784036742.833,729,1.701,-0.762,0.212,0.0,16.1,73.7
1784036742.833,729,3.41,-1.82,0.368,0.0,19.2,72.1
1784036742.833,729,6.745,-2.49,-0.869,0.0,13.3,62.6
1784036742.833,729,7.477,-2.76,0.964,0.0,19.2,64.3
1784036742.833,729,8.516,-0.545,1.822,0.0,11.6,64.5
1784036742.937,730,0.823,-0.716,-0.022,0.0,18.0,67.9
1784036742.937,730,0.916,-0.83,0.268,0.0,13.5,68.6
1784036742.937,730,1.702,-0.762,0.207,0.0,16.1,73.5
1784036742.937,730,3.406,-1.82,0.401,0.0,17.4,72.1
1784036742.937,730,6.764,-2.49,0.713,0.0,13.1,62.7
1784036742.937,730,7.373,-3.01,1.013,0.0,19.5,64.4
1784036742.937,730,8.473,-0.545,2.013,0.0,12.0,64.5
1784036743.089,731,0.822,-0.716,0.034,0.0,16.7,68.0
1784036743.089,731,0.916,-0.791,0.37,0.0,14.1,66.7
1784036743.089,731,1.671,-0.821,0.232,0.0,17.9,73.1
1784036743.089,731,3.407,-1.82,0.398,0.0,15.0,72.9
1784036743.089,731,6.461,-2.716,1.823,0.0,13.2,62.8
1784036743.089,731,7.354,-3.01,1.142,0.0,19.6,64.5
1784036743.089,731,4.421,-1.459,0.351,0.162,12.7,53.1
1784036743.139,732,1.001,-0.532,0.036,0.0,13.6,66.7
1784036743.139,732,1.723,-0.704,0.24,0.0,16.2,73.1
1784036743.139,732,3.468,-1.699,0.406,0.0,15.3,72.7
1784036743.139,732,6.766,-2.49,0.686,0.0,13.3,62.8
1784036743.139,732,7.455,-2.76,1.121,0.0,19.4,64.7
1784036743.139,732,0.967,-0.725,0.177,0.081,17.8,63.0
1784036743.243,733,0.757,-0.784,0.037,0.0,21.2,68.0
1784036743.243,733,1.706,-0.762,0.169,0.0,16.9,73.4
1784036743.243,733,3.41,-1.82,0.371,0.0,14.9,72.5
1784036743.243,733,6.71,-2.716,0.233,0.0,12.9,62.4
1784036743.243,733,7.458,-2.76,1.095,0.0,19.5,63.9
1784036743.243,733,8.494,-0.545,1.923,0.0,12.2,64.3
1784036743.243,733,0.965,-0.751,0.323,0.081,13.1,65.2
1784036743.243,733,4.471,-1.325,0.672,0.162,13.0,52.1
1784036743.345,734,0.73,-0.784,0.204,0.0,18.0,67.9
1784036743.345,734,1.72,-0.704,0.256,0.0,15.6,74.3
1784036743.345,734,3.416,-1.82,0.314,0.0,16.5,72.5
1784036743.345,734,6.733,-2.49,0.959,0.0,11.4,62.7
1784036743.345,734,7.471,-2.76,1.005,0.0,18.7,64.4
1784036743.345,734,8.591,-0.545,1.429,0.0,11.6,64.9
1784036743.345,734,4.384,-1.325,1.107,0.162,15.6,52.4
1784036743.345,734,4.543,-1.362,0.98,0.162,12.7,53.1
1784036743.446,735,0.812,-0.716,0.135,0.0,19.6,67.9
1784036743.446,735,0.754,-0.83,0.586,0.0,12.4,68.4
1784036743.446,735,1.705,-0.762,0.178,0.0,15.4,73.8
1784036743.446,735,3.419,-1.82,0.276,0.0,15.0,72.5
1784036743.446,735,6.615,-2.942,0.199,0.0,13.5,62.6
1784036743.446,735,7.484,-2.76,0.903,0.0,19.1,64.2
1784036743.446,735,8.518,-0.545,1.812,0.0,12.1,64.3
1784036743.446,735,4.501,-1.337,0.753,0.162,18.1,53.7
1784036743.446,735,0.956,-0.725,0.229,-0.325,28.5,48.3
1784036743.548,736,0.789,-0.75,0.066,0.0,21.1,68.1
1784036743.548,736,1.672,-0.821,0.227,0.0,19.0,73.3
1784036743.548,736,3.421,-1.82,0.245,0.0,12.4,73.5
1784036743.548,736,7.452,-2.76,1.138,0.0,15.0,63.9
1784036743.548,736,8.542,-0.545,1.697,0.0,12.0,64.3
1784036743.548,736,4.434,-1.486,0.866,0.162,14.2,53.8
1784036743.652,737,0.819,-0.716,0.076,0.0,19.7,67.9
1784036743.652,737,1.704,-0.762,0.188,0.0,17.0,73.4
1784036743.652,737,3.414,-1.82,0.331,0.0,12.5,72.6
1784036743.652,737,6.609,-2.716,1.183,0.0,12.8,63.1
1784036743.652,737,7.482,-2.76,0.921,0.0,18.6,64.8
1784036743.652,737,0.926,-0.764,0.226,-0.325,34.7,48.5
1784036743.754,738,0.607,-0.886,0.19,0.0,13.4,68.2
1784036743.754,738,0.865,-0.773,0.204,0.0,17.0,65.6
1784036743.754,738,1.724,-0.704,0.231,0.0,14.3,73.9
1784036743.754,738,3.75,-1.241,0.401,0.0,11.7,70.5
1784036743.754,738,6.597,-2.716,1.245,0.0,12.0,62.8
1784036743.754,738,7.377,-3.01,0.981,0.0,19.2,64.6
1784036743.754,738,8.551,-0.545,1.651,0.0,12.2,64.2
1784036743.754,738,0.845,-0.682,0.101,-0.162,32.7,50.1
1784036743.86,739,0.776,-0.75,0.157,0.0,18.6,67.8
1784036743.86,739,0.889,-0.736,0.234,0.0,18.7,65.7
1784036743.86,739,1.694,-0.762,0.261,0.0,16.1,74.2
1784036743.86,739,3.405,-1.82,0.412,0.0,11.8,72.7
1784036743.86,739,6.675,-2.716,0.723,0.0,12.7,63.1
1784036743.86,739,7.474,-2.76,0.987,0.0,19.4,64.7
1784036743.86,739,8.531,-0.545,1.75,0.0,12.1,64.1
1784036743.963,740,0.633,-0.886,0.057,0.0,13.6,67.9
1784036743.963,740,1.713,-0.704,0.301,0.0,14.4,73.9
1784036743.963,740,3.472,-1.699,0.368,0.0,14.1,72.2
1784036743.963,740,6.613,-2.49,1.588,0.0,12.5,63.4
1784036743.963,740,7.449,-2.76,1.161,0.0,19.0,65.0
1784036743.963,740,8.466,-0.545,2.043,0.0,12.6,64.0
1784036743.963,740,0.96,-0.603,0.033,0.162,27.0,49.5
1784036743.963,740,4.51,-1.337,0.699,-0.162,11.6,54.7
1784036743.963,740,4.622,-1.527,0.423,-0.162,15.7,54.4
1784036743.963,740,4.702,-1.554,0.46,-0.162,13.2,56.4
1784036743.963,740,0.883,-0.84,0.085,-0.081,18.6,62.0
1784036744.066,741,0.776,-0.687,0.149,0.0,19.0,69.6
1784036744.066,741,0.966,-0.725,0.18,0.0,16.8,67.5
1784036744.066,741,1.684,-0.762,0.318,0.0,15.3,74.4
1784036744.066,741,3.41,-1.82,0.37,0.0,14.0,72.2
1784036744.066,741,6.656,-2.716,0.882,0.0,12.6,63.3
1784036744.066,741,7.353,-3.01,1.144,0.0,19.2,65.1
1784036744.066,741,0.959,-0.603,0.06,0.325,27.1,48.1
1784036744.066,741,4.533,-1.374,1.202,-0.162,19.3,52.5
1784036744.168,742,0.787,-0.75,0.094,0.0,23.7,68.2
1784036744.168,742,1.725,-0.704,0.224,0.0,15.1,73.9
1784036744.168,742,3.475,-1.699,0.34,0.0,12.7,72.3
1784036744.168,742,6.652,-2.49,1.414,0.0,13.6,62.7
1784036744.168,742,7.458,-2.76,1.1,0.0,19.4,64.4
1784036744.168,742,0.952,-0.764,0.047,0.081,16.7,64.2
1784036744.168,742,4.543,-1.5,0.376,-0.325,13.9,52.3
1784036744.269,743,1.733,-0.704,0.141,0.0,13.8,74.0
1784036744.269,743,3.472,-1.699,0.372,0.0,13.1,72.7
1784036744.269,743,6.636,-2.716,1.021,0.0,13.4,63.0
1784036744.269,743,7.472,-2.76,1.002,0.0,19.2,64.6
1784036744.269,743,8.498,-0.545,1.902,0.0,11.8,64.4
1784036744.269,743,0.788,-0.75,0.082,0.081,25.0,63.9
1784036744.269,743,4.671,-1.541,0.331,-0.487,15.4,53.8
1784036744.269,743,0.941,-0.791,0.301,-0.081,17.4,62.4
1784036744.372,744,0.882,-0.709,-0.074,0.0,15.3,66.5
1784036744.372,744,1.684,-0.821,0.101,0.0,17.8,73.8
1784036744.372,744,3.409,-1.82,0.383,0.0,13.4,72.5
1784036744.372,744,6.729,-2.49,0.99,0.0,12.5,63.4
1784036744.372,744,7.477,-2.76,0.961,0.0,18.7,65.1
1784036744.372,744,0.842,-0.682,-0.128,0.081,18.9,64.3
1784036744.372,744,4.517,-1.513,0.871,-0.649,15.5,54.7
1784036744.372,744,4.415,-1.337,1.155,-0.568,18.7,52.0
1784036744.372,744,0.974,-0.791,0.161,-0.081,22.5,59.9
1784036744.474,745,0.895,-0.614,-0.112,0.0,11.7,67.9
1784036744.474,745,1.705,-0.762,0.177,0.0,16.2,73.4
1784036744.474,745,3.463,-1.699,0.445,0.0,13.7,72.8
1784036744.474,745,6.66,-2.716,0.845,0.0,12.9,62.8
1784036744.474,745,7.45,-2.76,1.149,0.0,19.5,64.6
1784036744.474,745,8.564,-0.273,1.65,0.0,12.0,63.9
1784036744.474,745,4.323,-1.276,0.517,-0.649,14.9,52.9
1784036744.474,745,4.395,-1.325,1.062,-0.649,23.9,53.7
1784036744.474,745,0.913,-0.802,0.125,-0.081,20.0,59.5
1784036744.576,746,0.781,-0.75,0.13,0.0,16.8,68.0
1784036744.576,746,1.705,-0.762,0.181,0.0,16.8,73.3
1784036744.576,746,3.413,-1.82,0.336,0.0,14.7,71.9
1784036744.576,746,6.643,-2.716,0.972,0.0,13.5,62.5
1784036744.576,746,7.453,-2.76,1.134,0.0,19.8,64.5
1784036744.576,746,0.757,-0.784,0.051,0.162,32.5,50.4
1784036744.576,746,4.331,-1.325,1.298,-0.649,14.5,53.6
1784036744.576,746,4.477,-1.486,0.602,-0.568,13.8,55.3
1784036744.576,746,4.367,-1.459,0.771,-0.487,19.2,52.9
1784036744.576,746,4.892,-1.098,0.192,-0.487,12.8,52.0
1784036744.576,746,0.909,-0.736,0.14,-0.081,23.5,60.9
1784036744.68,747,1.706,-0.762,0.169,0.0,17.1,73.5
1784036744.68,747,3.413,-1.82,0.344,0.0,16.0,72.3
1784036744.68,747,6.711,-2.49,1.103,0.0,12.2,62.7
1784036744.68,747,7.444,-2.76,1.187,0.0,20.5,64.4
1784036744.68,747,0.758,-0.784,-0.034,0.162,36.2,49.9
1784036744.68,747,2.126,-1.243,0.346,0.162,18.6,59.9
1784036744.68,747,4.403,-1.459,0.529,-0.406,21.2,52.5
1784036744.68,747,2.713,-0.9,0.352,-0.243,19.3,54.3
1784036744.68,747,1.84,2.16,0.491,-0.243,19.3,54.3
1784036744.68,747,0.871,-0.773,0.175,-0.081,23.7,60.7
1784036744.784,748,1.693,-0.762,0.269,0.0,16.4,73.7
1784036744.784,748,3.407,-1.82,0.392,0.0,17.0,72.0
1784036744.784,748,6.707,-2.49,1.126,0.0,11.6,63.7
1784036744.784,748,7.468,-2.76,1.028,0.0,19.2,65.0
1784036744.784,748,8.393,-0.545,2.322,0.0,12.0,64.0
1784036744.784,748,0.704,-0.886,-0.08,0.081,21.7,62.6
1784036744.784,748,4.31,-1.276,0.62,-0.243,18.4,53.5
1784036744.784,748,4.461,-1.313,0.414,-0.243,13.1,54.3
1784036744.784,748,4.757,-1.233,-0.394,-0.243,12.4,54.6
1784036744.784,748,1.878,2.16,0.316,-0.162,15.2,57.0
1784036744.784,748,2.585,-0.81,0.977,-0.162,15.2,57.0
1784036744.784,748,0.872,-0.773,0.174,-0.081,18.6,61.4
1784036744.885,749,1.705,-0.762,0.174,0.0,17.6,73.4
1784036744.885,749,3.405,-1.82,0.409,0.0,18.1,72.6
1784036744.885,749,6.71,-2.49,1.107,0.0,12.1,63.1
1784036744.885,749,7.474,-2.76,0.982,0.0,19.9,64.5
1784036744.885,749,8.389,-0.543,2.171,0.0,12.8,63.0
1784036744.885,749,0.731,-0.851,0.171,0.081,22.2,62.2
1784036744.885,749,4.338,-1.288,0.713,-0.243,20.6,54.2
1784036744.885,749,1.989,2.07,0.226,-0.162,13.6,58.6
1784036744.936,750,1.725,-0.704,0.22,0.0,15.7,73.5
1784036744.936,750,3.409,-1.82,0.375,0.0,19.0,72.1
1784036744.936,750,6.749,-2.49,0.843,0.0,12.7,62.9
1784036744.936,750,7.475,-2.76,0.977,0.0,19.6,64.5
1784036744.936,750,0.787,-0.815,0.046,0.081,24.9,62.4
1784036744.936,750,4.38,-0.993,0.65,-0.162,18.2,56.4
1784036745.038,751,0.673,-0.957,-0.136,0.0,18.3,64.7
1784036745.038,751,1.721,-0.704,0.248,0.0,15.2,73.5
1784036745.038,751,3.47,-1.699,0.385,0.0,18.1,72.2
1784036745.038,751,6.744,-2.49,0.88,0.0,12.0,63.1
1784036745.038,751,7.477,-2.76,0.959,0.0,19.5,64.7
1784036745.038,751,0.743,-0.883,0.236,0.243,29.3,47.8
1784036745.038,751,2.108,-1.344,0.388,-0.243,22.3,54.4
1784036745.038,751,4.347,-1.288,0.654,-0.243,20.2,53.3
1784036745.142,752,1.694,-0.762,0.261,0.0,15.7,73.8
1784036745.142,752,3.409,-1.82,0.378,0.0,18.3,72.4
1784036745.142,752,6.688,-2.49,1.236,0.0,12.5,62.5
1784036745.142,752,7.454,-2.76,1.128,0.0,20.3,64.4
1784036745.142,752,0.861,-0.84,0.215,0.243,34.2,48.1
1784036745.142,752,4.354,-1.276,-0.074,-0.243,12.7,53.9
1784036745.142,752,0.785,-0.815,0.071,-0.081,19.9,62.8
1784036745.245,753,1.705,-0.762,0.177,0.0,18.1,73.3
1784036745.245,753,3.413,-1.82,0.34,0.0,17.6,72.6
1784036745.245,753,6.621,-2.716,1.111,0.0,12.6,62.8
1784036745.245,753,7.471,-2.76,1.007,0.0,20.2,64.4
1784036745.245,753,0.907,-0.802,0.165,0.081,19.0,60.6
1784036745.245,753,0.952,-0.791,0.262,0.162,28.5,50.7
1784036745.245,753,0.939,-0.764,0.167,0.325,29.2,47.1
1784036745.245,753,2.091,-1.321,0.256,-0.243,17.2,54.5
1784036745.245,753,0.731,-0.851,0.168,-0.081,25.2,62.7
1784036745.346,754,0.823,-0.78,-0.02,0.0,16.1,66.7
1784036745.346,754,1.697,-0.762,0.243,0.0,16.8,73.4
1784036745.346,754,3.471,-1.699,0.376,0.0,18.7,72.1
1784036745.346,754,7.458,-2.76,1.096,0.0,20.0,64.5
1784036745.346,754,0.88,-0.87,0.263,0.081,25.1,61.5
1784036745.346,754,0.917,-0.802,0.098,0.243,32.8,47.9
1784036745.346,754,0.686,-0.886,0.176,-0.162,31.9,48.6
1784036745.447,755,0.943,-0.764,0.142,0.0,19.7,63.4
1784036745.447,755,1.719,-0.704,0.265,0.0,16.1,73.5
1784036745.447,755,3.412,-1.82,0.349,0.0,18.0,73.1
1784036745.447,755,6.708,-2.49,1.118,0.0,12.0,62.3
1784036745.447,755,7.478,-2.76,0.951,0.0,20.3,64.2
1784036745.447,755,0.819,-0.78,-0.09,0.081,15.5,62.9
1784036745.447,755,0.748,-0.851,-0.063,-0.162,28.3,48.4
1784036745.447,755,0.951,-0.791,0.268,-0.081,19.3,60.5
1784036745.55,756,1.704,-0.762,0.188,0.0,15.7,74.2
1784036745.55,756,3.41,-1.82,0.371,0.0,18.3,72.5
1784036745.55,756,6.708,-2.716,0.27,0.0,12.4,62.4
1784036745.55,756,7.476,-2.76,0.972,0.0,20.2,64.4
1784036745.55,756,0.68,-0.851,0.318,-0.081,15.5,62.9
1784036745.55,756,0.883,-0.83,0.363,-0.081,22.1,61.2
1784036745.651,757,0.938,-0.764,0.171,0.0,15.4,63.9
1784036745.651,757,1.699,-0.762,0.227,0.0,16.8,73.5
1784036745.651,757,3.407,-1.82,0.399,0.0,18.6,73.1
1784036745.651,757,6.774,-2.49,0.605,0.0,12.0,63.0
1784036745.651,757,7.358,-3.01,1.115,0.0,19.9,64.7
1784036745.651,757,0.596,-0.818,0.406,-0.081,12.1,64.1
1784036745.751,758,0.704,-0.815,-0.356,0.0,15.1,66.5
1784036745.751,758,0.684,0.886,0.182,0.0,15.1,66.5
1784036745.751,758,1.697,-0.762,0.241,0.0,14.8,74.7
1784036745.751,758,3.406,-1.82,0.405,0.0,19.6,72.1
1784036745.751,758,7.456,-2.76,1.112,0.0,19.7,64.8
1784036745.751,758,0.911,-0.87,0.123,-0.081,21.7,61.7
1784036745.751,758,0.983,-0.791,0.1,-0.081,21.7,61.7
1784036745.852,759,0.904,-0.87,0.162,0.0,16.6,64.9
1784036745.852,759,1.703,-0.762,0.198,0.0,16.4,73.7
1784036745.852,759,3.465,-1.699,0.426,0.0,18.8,72.3
1784036745.852,759,3.341,-1.941,0.385,0.0,18.8,72.3
1784036745.852,759,6.656,-2.716,0.881,0.0,12.8,63.0
1784036745.852,759,7.468,-2.76,1.025,0.0,19.5,64.9
1784036745.852,759,0.583,-0.92,0.049,-0.081,16.0,64.2
1784036745.957,760,0.824,-0.78,0.007,0.0,19.8,66.5
1784036745.957,760,1.704,-0.762,0.188,0.0,15.4,74.5
1784036745.957,760,3.406,-1.82,0.401,0.0,17.7,72.6
1784036745.957,760,6.604,-2.716,1.212,0.0,13.6,63.1
1784036745.957,760,7.461,-2.76,1.077,0.0,19.6,64.9
1784036746.059,761,1.703,-0.762,0.198,0.0,16.8,74.0
1784036746.059,761,3.409,-1.82,0.377,0.0,17.7,72.0
1784036746.059,761,6.643,-2.716,0.975,0.0,12.4,63.9
1784036746.059,761,7.473,-2.76,0.994,0.0,19.0,65.6
1784036746.059,761,0.757,-0.784,-0.044,-0.081,22.3,64.1
1784036746.059,761,0.936,-0.791,0.315,-0.081,18.9,64.1
1784036746.162,762,1.707,-0.762,0.157,0.0,17.6,73.6
1784036746.162,762,3.471,-1.699,0.378,0.0,15.4,72.2
1784036746.162,762,6.58,-2.942,0.704,0.0,13.7,63.3
1784036746.162,762,7.458,-2.76,1.1,0.0,19.8,64.8
1784036746.162,762,4.427,-1.145,0.27,0.162,17.1,56.3
1784036746.162,762,0.721,-0.818,-0.026,-0.081,23.9,64.4
1784036746.264,763,1.706,-0.762,0.167,0.0,16.0,74.0
1784036746.264,763,3.477,-1.699,0.322,0.0,12.9,71.6
1784036746.264,763,6.679,-2.716,0.683,0.0,12.4,63.1
1784036746.264,763,7.454,-2.76,1.129,0.0,19.9,64.7
1784036746.264,763,4.313,-1.123,0.573,0.162,19.0,56.5
1784036746.264,763,2.89,-0.091,-0.428,0.243,16.1,53.6
1784036746.264,763,4.732,4.123,0.286,0.243,15.4,49.7
1784036746.366,764,1.708,-0.762,0.142,0.0,17.4,73.3
1784036746.366,764,3.48,-1.699,0.282,0.0,14.8,71.2
1784036746.366,764,6.679,-2.716,0.68,0.0,12.9,63.6
1784036746.366,764,7.461,-2.76,1.075,0.0,19.0,65.3
1784036746.366,764,0.763,-0.736,0.513,0.081,16.1,60.4
1784036746.366,764,4.398,-0.993,0.509,0.162,20.3,55.9
1784036746.366,764,2.678,-0.927,0.878,0.243,15.4,54.4
1784036746.366,764,4.386,-1.301,0.678,0.243,21.2,52.6
1784036746.366,764,0.764,-0.687,0.2,-0.081,18.7,65.6
1784036746.366,764,0.941,-0.764,0.153,-0.081,20.1,63.5
1784036746.471,765,1.733,-0.704,0.148,0.0,15.6,73.3
1784036746.471,765,3.715,-1.365,0.316,0.0,11.6,70.1
1784036746.471,765,6.661,-2.49,1.374,0.0,12.4,63.4
1784036746.471,765,7.478,-2.76,0.949,0.0,19.8,64.8
1784036746.471,765,0.737,-0.764,0.606,0.081,17.1,60.3
1784036746.471,765,2.466,-1.035,1.383,0.243,15.6,54.0
1784036746.471,765,2.144,1.976,0.751,0.243,15.6,54.0
1784036746.471,765,4.4,-1.301,0.581,0.325,20.4,50.6
1784036746.471,765,0.912,-0.674,0.028,-0.081,23.6,62.8
1784036746.572,766,0.779,-0.75,0.146,0.0,20.9,68.0
1784036746.572,766,1.716,-0.704,0.28,0.0,16.4,73.5
1784036746.572,766,6.647,-2.716,0.944,0.0,13.7,62.5
1784036746.572,766,7.439,-2.76,1.219,0.0,20.6,64.0
1784036746.572,766,4.289,-1.264,-0.45,0.081,11.4,61.8
1784036746.572,766,4.393,-1.134,0.069,0.162,16.6,57.6
1784036746.572,766,4.407,-1.313,0.804,0.325,26.7,51.8
1784036746.572,766,0.964,-0.663,0.136,-0.081,22.4,62.3
1784036746.676,767,0.776,-0.75,0.16,0.0,13.9,68.1
1784036746.676,767,1.699,-0.762,0.224,0.0,16.5,73.1
1784036746.676,767,6.509,-2.942,1.194,0.0,12.6,63.7
1784036746.676,767,7.455,-2.76,1.12,0.0,19.2,65.1
1784036746.676,767,0.88,-0.818,0.519,0.081,11.9,65.3
1784036746.676,767,1.736,2.25,0.466,0.162,18.7,57.8
1784036746.676,767,2.74,-0.63,0.621,0.162,18.7,57.8
1784036746.676,767,4.219,-1.288,1.235,0.243,13.8,55.5
1784036746.676,767,4.59,-1.189,0.371,0.243,12.3,56.6
1784036746.676,767,4.264,-1.459,1.219,0.325,20.1,50.3
1784036746.676,767,0.982,-0.567,0.009,-0.162,26.8,49.1
1784036746.676,767,0.952,-0.663,0.204,-0.081,17.9,61.8
1784036746.777,768,0.807,-0.716,-0.163,0.0,17.3,68.1
1784036746.777,768,0.921,-0.764,0.248,0.0,19.1,66.3
1784036746.777,768,1.696,-0.762,0.249,0.0,17.0,73.4
1784036746.777,768,6.584,-2.716,1.312,0.0,12.6,63.0
1784036746.777,768,7.466,-2.76,1.043,0.0,19.5,64.6
1784036746.777,768,4.426,-1.301,0.32,0.162,14.8,57.1
1784036746.777,768,4.474,-1.325,0.658,0.162,11.6,58.5
1784036746.879,769,0.928,-0.699,0.194,0.0,21.3,66.4
1784036746.879,769,1.7,-0.762,0.217,0.0,14.5,73.8
1784036746.879,769,6.656,-2.716,0.879,0.0,12.6,63.5
1784036746.879,769,7.451,-2.76,1.144,0.0,19.1,65.0
1784036746.879,769,8.476,-0.0,1.129,0.0,11.4,64.4
1784036746.879,769,0.783,-0.687,0.102,0.081,17.4,65.7
1784036746.981,770,0.842,-0.682,0.126,0.0,19.4,67.9
1784036746.981,770,0.919,-0.802,0.075,0.0,16.9,65.2
1784036746.981,770,1.731,-0.704,0.17,0.0,15.0,73.7
1784036746.981,770,6.5,-2.942,1.245,0.0,13.0,63.1
1784036746.981,770,7.444,-2.76,1.19,0.0,19.7,64.7
1784036746.981,770,4.496,-1.337,0.782,0.081,13.1,61.7
1784036747.032,771,0.812,-0.716,0.132,0.0,20.6,68.0
1784036747.032,771,1.716,-0.704,0.283,0.0,15.7,73.7
1784036747.032,771,3.75,-1.241,0.397,0.0,11.4,70.3
1784036747.032,771,6.524,-2.942,1.112,0.0,13.5,63.0
1784036747.032,771,7.457,-2.76,1.108,0.0,19.8,64.7
1784036747.032,771,1.867,2.127,-0.179,-0.243,15.0,52.2
1784036747.184,772,0.653,-0.852,0.192,0.0,17.4,67.9
1784036747.184,772,1.69,-0.762,0.285,0.0,16.9,73.4
1784036747.184,772,6.623,-2.716,1.102,0.0,13.0,63.4
1784036747.184,772,7.461,-2.76,1.076,0.0,19.9,64.7
1784036747.184,772,0.943,-0.764,0.144,0.081,24.2,62.3
1784036747.184,772,4.45,-1.325,0.799,-0.243,16.0,55.9
1784036747.184,772,1.76,2.25,0.367,-0.162,15.8,57.7
1784036747.184,772,2.74,-0.72,0.515,-0.162,15.8,57.7
1784036747.184,772,4.441,-1.002,0.507,-0.162,20.1,55.3
1784036747.287,773,0.811,-0.654,0.105,0.0,14.4,69.6
1784036747.287,773,1.715,-0.704,0.286,0.0,16.1,73.2
1784036747.287,773,6.67,-2.716,0.77,0.0,12.9,63.2
1784036747.287,773,7.458,-2.76,1.1,0.0,19.7,64.9
1784036747.287,773,0.935,-0.764,0.187,0.081,23.6,62.6
1784036747.287,773,4.501,-1.325,0.433,-0.487,19.1,54.2
1784036747.287,773,4.407,-0.993,0.427,-0.325,17.7,53.9
1784036747.287,773,1.789,2.25,0.17,-0.162,11.5,59.4
1784036747.338,774,0.792,-0.75,0.003,0.0,19.5,67.8
1784036747.338,774,1.706,-0.762,0.166,0.0,17.5,73.6
1784036747.338,774,3.705,-1.365,0.415,0.0,11.3,70.7
1784036747.338,774,6.607,-2.716,1.194,0.0,13.5,62.8
1784036747.338,774,7.469,-2.76,1.024,0.0,20.1,64.5
1784036747.338,774,0.933,-0.764,0.195,0.081,20.6,61.9
1784036747.338,774,4.465,-1.167,0.702,-0.649,21.5,51.7
1784036747.338,774,4.369,-0.983,0.373,-0.487,17.6,53.1
1784036747.338,774,1.797,2.284,0.318,-0.325,14.3,55.9
1784036747.338,774,1.58,2.233,-0.264,-0.243,14.6,56.8
1784036747.44,775,1.704,-0.762,0.184,0.0,17.3,74.3
1784036747.44,775,3.694,-1.365,0.504,0.0,11.8,69.8
1784036747.44,775,6.53,-2.716,1.562,0.0,13.1,62.6
1784036747.44,775,7.461,-2.76,1.08,0.0,20.6,64.1
1784036747.44,775,0.956,-0.663,0.185,0.162,30.7,49.4
1784036747.44,775,4.371,-0.834,-0.023,-0.649,19.5,52.2
1784036747.44,775,1.605,2.269,0.273,-0.487,20.0,51.9
1784036747.541,776,1.705,-0.762,0.178,0.0,18.9,73.9
1784036747.541,776,6.728,-2.49,0.996,0.0,11.7,63.4
1784036747.541,776,7.351,-3.01,1.157,0.0,19.5,65.1
1784036747.541,776,8.492,-0.0,1.007,0.0,11.9,63.8
1784036747.541,776,4.26,-0.818,0.468,-0.649,23.2,54.3
1784036747.541,776,1.716,2.147,-0.002,-0.568,15.9,52.5
1784036747.541,776,2.567,-0.258,-0.948,-0.568,15.9,52.5
1784036747.642,777,0.822,-0.716,-0.034,0.0,18.5,68.0
1784036747.642,777,1.696,-0.762,0.25,0.0,15.6,73.3
1784036747.642,777,3.42,-1.82,0.265,0.0,13.7,71.6
1784036747.642,777,6.623,-2.716,1.101,0.0,12.3,63.2
1784036747.642,777,7.463,-2.76,1.067,0.0,19.7,64.8
1784036747.642,777,0.995,-0.687,0.172,0.162,33.0,49.6
1784036747.642,777,2.39,-1.44,0.711,0.568,21.6,50.7
1784036747.642,777,4.202,-1.091,0.433,-0.649,15.3,54.4
1784036747.642,777,4.359,-0.834,0.32,-0.649,15.6,54.4
1784036747.642,777,5.939,-1.991,1.158,-0.568,15.8,51.2
1784036747.744,778,0.82,-0.716,0.066,0.0,15.4,67.9
1784036747.744,778,1.721,-0.704,0.248,0.0,15.3,73.6
1784036747.744,778,3.414,-1.82,0.326,0.0,15.1,72.0
1784036747.744,778,6.714,-2.49,1.086,0.0,12.2,63.3
1784036747.744,778,7.448,-2.76,1.166,0.0,19.3,65.1
1784036747.744,778,1.003,-0.751,0.175,0.081,22.9,63.6
1784036747.744,778,4.291,-1.113,0.39,-0.649,17.3,53.3
1784036747.744,778,1.864,2.127,0.209,-0.568,16.9,53.7
1784036747.744,778,2.668,-0.62,0.735,-0.568,16.9,53.7
1784036747.744,778,4.127,-0.802,0.78,-0.487,18.3,56.0
1784036747.744,778,4.338,-0.689,0.356,-0.487,11.6,57.6
1784036747.744,778,2.157,-1.145,0.084,-0.162,12.5,62.7
1784036747.851,779,0.958,-0.751,0.345,0.0,15.4,65.9
1784036747.851,779,1.708,-0.704,0.327,0.0,15.6,74.0
1784036747.851,779,3.412,-1.82,0.349,0.0,15.5,71.9
1784036747.851,779,6.684,-2.716,0.629,0.0,12.5,63.5
1784036747.851,779,7.454,-2.76,1.125,0.0,19.0,65.1
1784036747.851,779,0.871,-0.614,0.233,0.081,15.1,64.2
1784036747.851,779,4.231,-1.102,0.55,-0.568,16.2,55.0
1784036747.851,779,4.135,-0.654,0.133,-0.487,18.2,56.3
1784036747.851,779,4.086,-0.916,0.083,-0.487,18.2,56.3
1784036747.851,779,4.079,-0.661,0.911,-0.325,16.5,58.0
1784036747.953,780,0.823,-0.716,0.006,0.0,20.4,67.8
1784036747.953,780,0.983,-0.791,0.092,0.0,17.4,66.7
1784036747.953,780,1.701,-0.704,0.36,0.0,14.6,74.5
1784036747.953,780,3.413,-1.82,0.345,0.0,15.9,71.7
1784036747.953,780,6.758,-2.49,0.76,0.0,12.5,63.2
1784036747.953,780,7.445,-2.76,1.185,0.0,19.1,65.1
1784036747.953,780,4.199,-1.091,0.464,-0.487,16.2,55.2
1784036748.056,781,0.791,-0.75,0.046,0.0,22.6,68.0
1784036748.056,781,0.998,-0.687,0.156,0.0,19.8,65.5
1784036748.056,781,1.724,-0.704,0.232,0.0,14.7,73.6
1784036748.056,781,3.407,-1.82,0.392,0.0,16.8,72.5
1784036748.056,781,6.556,-2.716,1.445,0.0,12.0,63.8
1784036748.056,781,7.436,-2.76,1.242,0.0,18.9,65.4
1784036748.056,781,4.199,-0.945,0.366,-0.568,13.9,55.3
1784036748.158,782,0.858,-0.709,0.219,0.0,15.2,66.6
1784036748.158,782,0.94,-0.725,0.289,0.0,16.6,64.8
1784036748.158,782,1.707,-0.762,0.159,0.0,16.6,73.5
1784036748.158,782,3.409,-1.82,0.381,0.0,17.1,72.1
1784036748.158,782,6.745,-2.49,0.868,0.0,13.6,62.7
1784036748.158,782,7.429,-2.76,1.28,0.0,19.6,64.6
1784036748.158,782,0.446,0.736,0.144,-0.649,16.6,48.0
1784036748.158,782,1.443,2.021,0.137,-0.487,19.3,54.6
1784036748.158,782,4.013,-0.777,0.685,-0.487,18.0,57.1
1784036748.158,782,3.998,-0.518,0.963,-0.325,18.8,57.3
1784036748.261,783,0.943,-0.699,0.094,0.0,20.2,65.0
1784036748.261,783,1.032,-0.777,0.212,0.0,15.4,68.1
1784036748.261,783,1.709,-0.762,0.139,0.0,17.6,73.8
1784036748.261,783,3.411,-1.82,0.362,0.0,16.8,72.2
1784036748.261,783,6.593,-2.49,1.669,0.0,12.2,63.8
1784036748.261,783,7.431,-2.76,1.27,0.0,18.8,65.5
1784036748.261,783,1.831,1.77,0.375,-0.649,12.6,53.3
1784036748.261,783,3.918,-0.753,0.441,-0.649,14.2,58.8
1784036748.261,783,1.268,2.061,0.335,-0.568,14.1,54.0
1784036748.261,783,4.038,-0.641,0.324,-0.406,20.9,57.2
1784036748.364,784,0.773,-0.78,0.285,0.0,15.0,66.5
1784036748.364,784,0.951,-0.777,0.452,0.0,13.8,67.5
1784036748.364,784,1.703,-0.762,0.192,0.0,16.5,74.2
1784036748.364,784,3.411,-1.82,0.356,0.0,16.1,72.3
1784036748.364,784,6.625,-2.716,1.086,0.0,12.5,63.5
1784036748.364,784,7.446,-2.76,1.174,0.0,19.4,65.0
1784036748.364,784,8.505,-0.0,0.885,0.0,11.8,63.9
1784036748.364,784,5.004,-2.989,1.324,0.568,13.2,51.9
1784036748.364,784,1.419,1.985,0.124,-0.649,18.9,52.6
1784036748.364,784,3.871,-0.614,0.239,-0.649,14.2,59.3
1784036748.364,784,3.99,-1.036,0.43,-0.649,11.6,57.0
1784036748.364,784,3.933,-0.634,0.772,-0.487,23.5,58.3
1784036748.466,785,0.642,-0.852,0.227,0.0,14.8,68.2
1784036748.466,785,1.705,-0.762,0.174,0.0,17.2,74.3
1784036748.466,785,3.412,-1.82,0.349,0.0,16.5,71.4
1784036748.466,785,6.658,-2.716,0.862,0.0,12.7,63.5
1784036748.466,785,7.451,-2.76,1.148,0.0,19.3,65.0
1784036748.466,785,8.49,-0.0,1.021,0.0,11.9,63.7
1784036748.466,785,3.946,-1.025,0.441,-0.568,16.2,58.1
1784036748.466,785,2.209,-0.496,0.14,-0.487,16.6,55.5
1784036748.466,785,3.901,-0.753,0.569,-0.487,19.2,59.5
1784036748.466,785,1.007,-0.687,0.074,-0.081,19.2,61.6
1784036748.57,786,0.787,-0.75,0.089,0.0,21.6,68.0
1784036748.57,786,0.869,-0.83,0.395,0.0,14.3,66.8
1784036748.57,786,1.71,-0.762,0.121,0.0,16.1,74.2
1784036748.57,786,1.881,-1.063,0.691,0.0,11.7,73.0
1784036748.57,786,2.172,-0.284,-0.59,0.0,11.7,73.0
1784036748.57,786,3.409,-1.82,0.381,0.0,15.6,72.2
1784036748.57,786,6.668,-2.716,0.787,0.0,13.6,63.0
1784036748.57,786,7.451,-2.76,1.147,0.0,19.8,64.6
1784036748.57,786,8.49,-0.0,1.018,0.0,11.3,64.6
1784036748.57,786,3.783,-0.614,0.856,-0.568,18.7,54.8
1784036748.57,786,3.761,-0.72,0.28,-0.487,16.6,57.7
1784036748.57,786,3.813,-1.129,0.545,-0.487,19.5,57.6
1784036748.57,786,0.367,0.532,0.104,-0.325,21.9,49.8
1784036748.57,786,0.639,-0.143,0.005,-0.325,21.9,49.8
1784036748.672,787,0.814,-0.716,0.12,0.0,19.9,68.0
1784036748.672,787,0.954,-0.725,0.237,0.0,22.4,64.3
1784036748.672,787,1.706,-0.762,0.169,0.0,16.7,74.5
1784036748.672,787,3.413,-1.82,0.337,0.0,16.1,71.8
1784036748.672,787,6.608,-2.716,1.188,0.0,13.1,63.4
1784036748.672,787,7.448,-2.76,1.168,0.0,19.4,64.9
1784036748.672,787,3.728,2.16,0.308,-0.568,15.8,52.8
1784036748.773,788,0.791,-0.75,0.046,0.0,16.2,68.4
1784036748.773,788,0.965,-0.751,0.324,0.0,15.3,66.6
1784036748.773,788,1.677,-0.821,0.181,0.0,18.3,74.0
1784036748.773,788,3.475,-1.699,0.336,0.0,15.7,71.7
1784036748.773,788,6.587,-2.942,0.642,0.0,13.7,62.8
1784036748.773,788,7.452,-2.76,1.139,0.0,19.8,64.4
1784036748.773,788,8.51,-0.0,0.841,0.0,11.4,64.5
1784036748.773,788,0.944,-0.764,0.133,-0.081,19.4,62.1
1784036748.874,789,0.858,-0.709,0.219,0.0,16.7,67.1
1784036748.874,789,0.966,-0.751,0.323,0.0,16.8,66.1
1784036748.874,789,1.703,-0.762,0.196,0.0,18.2,73.9
1784036748.874,789,3.477,-1.699,0.324,0.0,14.9,72.0
1784036748.874,789,6.579,-2.716,1.337,0.0,12.8,63.0
1784036748.874,789,7.451,-2.76,1.144,0.0,19.2,64.9
1784036748.874,789,8.472,-0.0,1.158,0.0,12.6,63.4
1784036748.874,789,3.294,-1.642,0.731,0.568,18.7,57.1
1784036748.874,789,1.241,1.737,-0.119,-0.406,22.3,58.6
1784036748.874,789,1.475,2.056,0.024,-0.406,14.4,58.5
1784036748.977,790,0.869,-0.579,-0.314,0.0,13.7,69.0
1784036748.977,790,1.694,-0.762,0.26,0.0,17.4,72.9
1784036748.977,790,3.477,-1.699,0.324,0.0,15.3,71.4
1784036748.977,790,6.68,-2.716,0.675,0.0,12.1,63.8
1784036748.977,790,7.464,-2.76,1.059,0.0,19.1,65.2
1784036748.977,790,8.51,-0.0,0.837,0.0,11.9,63.9
1784036748.977,790,3.351,-1.507,0.502,0.487,21.3,53.8
1784036748.977,790,0.848,-1.159,0.372,-0.406,16.3,52.2
1784036748.977,790,1.289,1.636,-0.217,-0.406,18.3,60.4
1784036748.977,790,0.351,0.552,0.012,-0.325,23.3,51.4
1784036748.977,790,0.446,0.638,0.104,-0.325,15.4,51.3
1784036749.081,791,0.981,-0.791,0.113,0.0,14.8,67.7
1784036749.081,791,1.702,-0.762,0.202,0.0,17.8,74.2
1784036749.081,791,3.415,-1.82,0.322,0.0,15.8,71.1
1784036749.081,791,6.662,-2.716,0.836,0.0,14.1,62.2
1784036749.081,791,7.459,-2.76,1.09,0.0,20.5,64.0
1784036749.081,791,8.508,-0.0,0.854,0.0,12.0,63.9
1784036749.081,791,3.207,-1.584,0.565,0.568,21.3,52.5
1784036749.081,791,3.471,-0.783,0.375,-0.487,17.8,58.7
1784036749.081,791,3.552,-0.938,0.762,-0.487,15.1,61.1
1784036749.081,791,1.219,1.571,0.658,-0.243,15.7,60.1
1784036749.081,791,0.821,-0.716,-0.061,-0.081,14.8,69.9
1784036749.081,791,0.943,-0.764,0.139,-0.081,15.0,67.2
1784036749.132,792,0.749,-0.784,0.118,0.0,16.2,69.5
1784036749.132,792,0.863,-0.791,0.48,0.0,13.8,67.9
1784036749.132,792,1.698,-0.762,0.233,0.0,18.3,73.6
1784036749.132,792,3.476,-1.699,0.332,0.0,16.5,70.5
1784036749.132,792,6.705,-2.716,0.342,0.0,13.2,63.3
1784036749.132,792,7.45,-2.76,1.153,0.0,19.2,65.0
1784036749.132,792,8.508,-0.0,0.858,0.0,11.7,64.1
1784036749.132,792,1.3,1.636,0.138,-0.487,17.6,58.9
1784036749.132,792,3.456,-0.663,0.324,-0.487,16.8,58.6
1784036749.132,792,0.511,0.533,0.068,-0.243,19.6,57.2
1784036749.132,792,0.381,0.477,-0.012,-0.162,13.1,63.6
1784036749.132,792,1.356,1.538,-0.006,-0.162,17.4,62.8
1784036749.132,792,1.524,1.909,0.062,-0.162,12.9,65.4
1784036749.132,792,2.34,-0.687,0.15,-0.162,12.9,65.4
1784036749.132,792,3.242,2.435,0.613,-0.162,15.0,58.2
1784036749.132,792,5.626,5.669,2.051,-0.162,13.7,53.6
1784036749.132,792,8.041,-1.804,0.288,-0.162,13.7,53.6
1784036749.236,793,0.801,-0.716,0.189,0.0,12.7,73.6
1784036749.236,793,1.699,-0.762,0.225,0.0,17.6,74.1
1784036749.236,793,3.476,-1.699,0.335,0.0,17.5,69.8
1784036749.236,793,6.65,-2.716,0.926,0.0,13.2,63.1
1784036749.236,793,7.45,-2.76,1.15,0.0,19.2,65.1
1784036749.236,793,8.52,-0.0,0.726,0.0,11.9,63.9
1784036749.236,793,3.427,-0.654,0.093,-0.406,17.1,59.0
1784036749.236,793,3.479,-0.802,0.828,-0.243,15.0,60.6
1784036749.236,793,0.544,0.487,0.131,-0.162,20.1,61.9
1784036749.236,793,1.398,1.474,0.277,-0.162,18.7,62.5
1784036749.236,793,1.882,-0.641,0.503,-0.162,18.7,62.5
1784036749.236,793,3.161,2.563,0.506,-0.162,17.0,58.1
1784036749.389,794,0.788,-0.75,0.081,0.0,18.5,73.3
1784036749.389,794,1.673,-0.821,0.216,0.0,19.7,72.9
1784036749.389,794,3.475,-1.699,0.336,0.0,16.6,70.7
1784036749.389,794,6.702,-2.49,1.154,0.0,13.6,62.6
1784036749.389,794,7.456,-2.76,1.115,0.0,19.6,64.6
1784036749.389,794,2.205,2.829,0.498,-0.325,12.3,58.4
1784036749.389,794,1.164,-0.742,0.212,-0.243,14.4,55.5
1784036749.389,794,3.435,-0.545,0.295,-0.243,15.0,61.1
1784036749.389,794,0.561,0.284,0.304,-0.162,11.7,64.4
1784036749.389,794,0.345,0.524,-0.307,-0.162,11.7,64.4
1784036749.441,795,0.821,-0.716,0.055,0.0,13.3,73.2
1784036749.441,795,1.702,-0.762,0.204,0.0,17.4,74.4
1784036749.441,795,3.476,-1.699,0.333,0.0,16.8,70.7
1784036749.441,795,6.648,-2.49,1.436,0.0,12.7,63.3
1784036749.441,795,7.454,-2.76,1.125,0.0,19.1,65.2
1784036749.441,795,8.505,-0.0,0.889,0.0,11.4,64.5
1784036749.441,795,0.586,0.371,0.077,-0.162,23.1,62.2
1784036749.441,795,3.333,-0.754,0.447,-0.162,15.6,61.8
1784036749.441,795,1.317,1.505,0.163,-0.081,15.6,70.6
1784036749.544,796,0.747,-0.784,0.13,0.0,14.3,73.9
1784036749.544,796,1.706,-0.762,0.172,0.0,17.7,73.4
1784036749.544,796,3.476,-1.699,0.334,0.0,16.7,70.6
1784036749.544,796,6.589,-2.716,1.289,0.0,12.7,63.1
1784036749.544,796,7.461,-2.76,1.08,0.0,19.6,64.7
1784036749.544,796,8.505,-0.0,0.884,0.0,11.4,64.4
1784036749.544,796,0.241,0.341,0.126,0.081,18.0,67.0
1784036749.544,796,0.714,0.464,0.193,-0.243,14.1,55.1
1784036749.544,796,0.563,0.393,0.126,-0.081,11.7,74.7
1784036749.544,796,3.316,-0.754,0.564,-0.081,11.2,69.8
1784036749.646,797,0.273,0.39,0.062,0.0,12.3,73.9
1784036749.646,797,0.811,-0.716,0.14,0.0,11.6,74.2
1784036749.646,797,1.71,-0.762,0.127,0.0,17.5,73.9
1784036749.646,797,3.41,-1.82,0.373,0.0,17.2,70.4
1784036749.646,797,6.694,-2.716,0.515,0.0,12.5,63.1
1784036749.646,797,7.471,-2.76,1.003,0.0,19.6,64.6
1784036749.646,797,8.506,-0.0,0.882,0.0,11.3,64.5
1784036749.646,797,0.99,-0.687,0.201,0.081,12.3,68.8
1784036749.748,798,0.78,-0.75,0.14,0.0,13.8,73.9
1784036749.748,798,1.711,-0.762,0.107,0.0,16.0,73.8
1784036749.748,798,3.412,-1.82,0.347,0.0,17.3,70.2
1784036749.748,798,6.686,-2.716,0.607,0.0,12.2,63.7
1784036749.748,798,7.461,-2.76,1.075,0.0,18.7,65.5
1784036749.748,798,8.527,-0.0,0.637,0.0,11.5,64.1
1784036749.748,798,0.6,0.349,0.075,0.162,19.3,62.5
1784036749.851,799,0.791,-0.75,0.035,0.0,13.2,75.1
1784036749.851,799,1.711,-0.762,0.099,0.0,14.4,74.4
1784036749.851,799,1.348,1.442,0.362,0.0,12.8,74.5
1784036749.851,799,3.476,-1.699,0.331,0.0,17.7,69.8
1784036749.851,799,6.655,-2.716,0.889,0.0,12.2,63.5
1784036749.851,799,7.463,-2.76,1.061,0.0,19.1,65.2
1784036749.851,799,8.501,-0.0,0.929,0.0,11.2,64.4
1784036749.851,799,0.663,0.324,-0.075,0.325,26.0,48.6
1784036749.955,800,0.357,0.232,-0.097,0.0,15.1,70.7
1784036749.955,800,0.755,-0.784,0.071,0.0,12.0,74.1
1784036749.955,800,1.712,-0.762,0.085,0.0,14.6,74.7
1784036749.955,800,3.471,-1.699,0.375,0.0,16.6,70.9
1784036749.955,800,6.656,-2.716,0.883,0.0,11.9,63.4
1784036749.955,800,7.461,-2.76,1.075,0.0,19.1,65.2
1784036749.955,800,8.505,-0.0,0.884,0.0,11.8,64.1
1784036749.955,800,0.61,0.417,0.266,0.162,11.6,62.9
1784036749.955,800,0.58,0.44,-0.142,0.325,27.3,48.7
1784036749.955,800,0.612,0.394,-0.143,0.325,27.3,48.7
1784036750.057,801,1.712,-0.762,0.081,0.0,16.8,73.1
1784036750.057,801,1.454,1.38,0.092,0.0,11.8,72.7
1784036750.057,801,3.413,-1.82,0.344,0.0,16.7,70.8
1784036750.057,801,6.646,-2.716,0.95,0.0,11.4,63.3
1784036750.057,801,7.468,-2.76,1.027,0.0,19.5,64.8
1784036750.057,801,8.511,-0.0,0.83,0.0,11.3,64.3
1784036750.057,801,0.652,0.348,0.067,0.162,20.6,60.8
1784036750.157,802,0.79,-0.75,0.062,0.0,13.4,74.6
1784036750.157,802,0.92,-0.802,0.061,0.0,12.9,72.3
1784036750.157,802,1.712,-0.762,0.089,0.0,17.0,73.6
1784036750.157,802,3.473,-1.699,0.363,0.0,15.3,71.8
1784036750.157,802,6.686,-2.716,0.612,0.0,11.5,63.9
1784036750.157,802,7.467,-2.76,1.034,0.0,18.9,65.2
1784036750.258,803,0.242,0.341,0.125,0.0,11.4,73.0
1784036750.258,803,1.713,-0.762,0.074,0.0,16.4,74.0
1784036750.258,803,3.473,-1.699,0.365,0.0,16.8,70.3
1784036750.258,803,6.665,-2.716,0.811,0.0,12.8,62.8
1784036750.258,803,7.473,-2.76,0.991,0.0,20.2,63.9
1784036750.258,803,0.639,0.371,0.061,-0.162,29.6,56.0
1784036750.361,804,0.264,0.314,0.149,0.0,12.1,73.3
1784036750.361,804,0.787,-0.75,0.093,0.0,14.9,74.4
1784036750.361,804,1.712,-0.762,0.082,0.0,16.2,74.1
1784036750.361,804,3.473,-1.699,0.362,0.0,15.8,71.2
1784036750.361,804,6.663,-2.49,1.363,0.0,12.9,62.8
1784036750.361,804,7.464,-2.76,1.058,0.0,19.8,64.3
1784036750.361,804,0.607,0.394,0.162,-0.162,24.0,59.1
1784036750.463,805,1.712,-0.762,0.087,0.0,16.0,74.4
1784036750.463,805,3.472,-1.699,0.366,0.0,15.8,71.3
1784036750.463,805,6.628,-2.716,1.073,0.0,13.0,63.3
1784036750.463,805,7.462,-2.76,1.072,0.0,19.6,64.6
1784036750.463,805,8.499,-0.0,0.943,0.0,11.5,64.2
1784036750.463,805,0.661,0.491,0.29,-0.162,13.5,58.6
1784036750.565,806,0.55,0.414,0.114,0.0,14.3,76.0
1784036750.565,806,0.727,-0.784,0.217,0.0,13.8,74.5
1784036750.565,806,1.685,-0.821,0.086,0.0,18.0,73.7
1784036750.565,806,3.469,-1.699,0.396,0.0,17.8,69.7
1784036750.565,806,6.691,-2.716,0.557,0.0,13.1,63.0
1784036750.565,806,7.469,-2.76,1.02,0.0,19.7,64.5
1784036750.668,807,0.795,-0.716,0.213,0.0,14.1,74.5
1784036750.668,807,1.712,-0.762,0.08,0.0,17.7,73.8
1784036750.668,807,3.405,-1.82,0.415,0.0,17.6,70.7
1784036750.668,807,6.655,-2.716,0.884,0.0,13.8,62.4
1784036750.668,807,7.469,-2.76,1.022,0.0,20.4,63.9
1784036750.668,807,8.483,-0.0,1.08,0.0,11.2,64.3
1784036750.668,807,0.965,-0.725,0.186,0.081,15.7,69.5
1784036750.77,808,0.271,0.36,0.166,0.0,16.9,71.3
1784036750.77,808,0.848,-0.682,0.073,0.0,12.2,74.0
1784036750.77,808,1.723,-0.704,0.235,0.0,16.1,73.0
1784036750.77,808,3.405,-1.82,0.41,0.0,17.1,71.8
1784036750.77,808,6.751,-2.49,0.825,0.0,13.4,63.2
1784036750.77,808,7.444,-2.76,1.189,0.0,19.7,64.8
1784036750.77,808,1.004,-0.751,0.168,0.081,15.3,68.8
1784036750.871,809,0.304,0.345,0.137,0.0,17.9,72.0
1784036750.871,809,1.698,-0.762,0.238,0.0,16.2,73.9
1784036750.871,809,3.403,-1.82,0.43,0.0,18.4,70.5
1784036750.871,809,6.667,-2.49,1.343,0.0,14.0,62.4
1784036750.871,809,7.441,-2.76,1.209,0.0,20.4,64.1
1784036750.974,810,0.325,0.33,0.125,0.0,14.7,71.1
1784036750.974,810,1.68,-0.821,0.158,0.0,18.4,73.5
1784036750.974,810,3.405,-1.82,0.417,0.0,17.8,71.0
1784036750.974,810,6.617,-2.716,1.139,0.0,13.7,63.0
1784036750.974,810,7.435,-2.76,1.245,0.0,19.9,64.5
1784036750.974,810,1.032,-0.712,0.173,0.081,15.2,69.2
1784036751.076,811,1.695,-0.704,0.387,0.0,14.2,73.8
1784036751.076,811,1.457,1.38,0.036,0.0,11.9,73.4
1784036751.076,811,1.764,0.125,-0.949,0.0,11.9,73.4
1784036751.076,811,3.408,-1.82,0.387,0.0,18.0,70.6
1784036751.076,811,6.659,-2.716,0.858,0.0,13.3,62.8
1784036751.076,811,7.44,-2.76,1.217,0.0,19.8,64.4
1784036751.178,812,1.009,-0.751,0.133,0.0,12.9,73.2
1784036751.178,812,1.714,-0.762,0.033,0.0,13.8,73.3
1784036751.178,812,1.772,-0.675,0.508,0.0,12.0,72.4
1784036751.178,812,1.479,1.288,0.085,0.0,12.0,72.4
1784036751.178,812,3.472,-1.699,0.368,0.0,18.2,69.8
1784036751.178,812,6.627,-2.716,1.074,0.0,12.4,62.8
1784036751.178,812,7.464,-2.76,1.057,0.0,19.8,64.3
1784036751.178,812,8.493,-0.0,0.996,0.0,12.4,63.4
1784036751.28,813,0.248,0.341,0.112,0.0,14.3,72.3
1784036751.28,813,1.004,-0.751,0.168,0.0,16.5,72.0
1784036751.28,813,1.677,-0.821,0.179,0.0,18.2,74.4
1784036751.28,813,3.475,-1.699,0.343,0.0,16.5,70.0
1784036751.28,813,6.653,-2.716,0.904,0.0,12.9,62.7
1784036751.28,813,7.475,-2.76,0.972,0.0,20.5,64.2
1784036751.28,813,8.492,-0.0,1.002,0.0,11.7,64.0
1784036751.384,814,0.28,0.39,-0.007,0.0,13.7,73.2
1784036751.384,814,1.701,-0.762,0.209,0.0,20.3,73.0
1784036751.384,814,3.476,-1.699,0.332,0.0,12.9,71.1
1784036751.384,814,6.768,-2.49,0.665,0.0,13.6,62.2
1784036751.384,814,7.351,-3.01,1.156,0.0,20.9,63.8
1784036751.384,814,0.994,-0.687,0.177,-0.081,18.3,69.7
1784036751.486,815,0.257,0.375,0.153,0.0,13.3,72.1
1784036751.486,815,1.036,-0.712,0.144,0.0,17.1,72.7
1784036751.486,815,1.712,-0.704,0.308,0.0,14.3,74.2
1784036751.486,815,3.74,-1.241,0.484,0.0,15.1,67.7
1784036751.486,815,6.655,-2.716,0.886,0.0,14.5,62.0
1784036751.486,815,7.462,-2.76,1.073,0.0,20.8,63.5
1784036751.486,815,0.572,0.393,0.075,-0.162,21.3,62.5
1784036751.536,816,0.787,-0.75,0.093,0.0,15.4,73.7
1784036751.536,816,1.733,-0.704,0.141,0.0,11.9,72.8
1784036751.536,816,1.549,1.254,0.233,0.0,12.4,73.5
1784036751.536,816,3.715,-1.365,0.32,0.0,17.5,66.1
1784036751.536,816,6.713,-2.49,1.094,0.0,13.8,62.0
1784036751.536,816,7.455,-2.76,1.119,0.0,20.3,63.6
1784036751.536,816,8.476,-0.0,1.134,0.0,11.5,64.1
1784036751.536,816,2.111,-1.125,0.186,0.243,16.1,55.5
1784036751.536,816,1.093,-0.633,0.08,-0.325,32.1,47.9
1784036751.536,816,1.072,-0.672,0.026,-0.081,13.7,70.3
1784036751.638,817,0.291,0.345,0.163,0.0,13.2,75.2
1784036751.638,817,1.704,-0.762,0.187,0.0,19.4,73.1
1784036751.638,817,3.713,-1.365,0.332,0.0,13.1,67.3
1784036751.638,817,6.652,-2.716,0.906,0.0,13.8,61.8
1784036751.638,817,7.467,-2.76,1.033,0.0,20.3,63.5
1784036751.742,818,0.279,0.39,0.017,0.0,12.7,72.0
1784036751.742,818,0.84,-0.682,0.137,0.0,15.0,73.1
1784036751.742,818,1.709,-0.762,0.137,0.0,20.0,72.7
1784036751.742,818,3.764,-1.241,0.232,0.0,14.4,67.7
1784036751.742,818,6.637,-2.716,1.014,0.0,14.0,62.1
1784036751.742,818,7.479,-2.76,0.943,0.0,20.7,63.7
1784036751.742,818,0.577,0.393,-0.011,0.162,18.6,62.6
1784036751.742,818,0.945,-0.764,0.128,-0.081,15.4,66.4
1784036751.845,819,0.346,0.393,0.017,0.0,14.9,69.9
1784036751.845,819,0.855,-0.744,0.03,0.0,15.1,71.3
1784036751.845,819,1.704,-0.762,0.188,0.0,19.6,71.3
1784036751.845,819,1.393,1.442,0.077,0.0,16.4,72.0
1784036751.845,819,3.719,-1.365,0.263,0.0,13.8,67.4
1784036751.845,819,6.671,-2.49,1.326,0.0,13.0,62.7
1784036751.845,819,7.475,-2.76,0.976,0.0,19.7,64.4
1784036751.845,819,8.509,-0.0,0.845,0.0,11.6,64.1
1784036751.845,819,0.596,0.371,0.24,0.162,16.4,62.2
1784036751.95,820,1.723,-0.704,0.235,0.0,16.3,72.7
1784036751.95,820,3.715,-1.365,0.315,0.0,14.6,68.5
1784036751.95,820,6.661,-2.49,1.374,0.0,12.5,62.3
1784036751.95,820,7.472,-2.76,0.996,0.0,20.2,64.0
1784036751.95,820,8.482,-0.0,1.085,0.0,11.2,64.5
1784036751.95,820,3.324,-0.638,0.356,0.081,13.3,69.1
1784036751.95,820,0.601,0.417,0.122,0.162,25.9,57.2
1784036751.95,820,0.777,-0.716,0.271,-0.081,15.1,69.3
1784036752.053,821,1.675,-0.821,0.197,0.0,18.2,73.7
1784036752.053,821,3.671,-1.489,0.263,0.0,14.5,68.1
1784036752.053,821,6.635,-2.716,1.028,0.0,14.7,61.7
1784036752.053,821,7.468,-2.76,1.025,0.0,21.1,63.3
1784036752.053,821,0.587,0.44,0.107,0.081,15.1,71.2
1784036752.053,821,0.77,-0.687,0.178,-0.081,15.7,72.7
1784036752.154,822,0.597,0.44,0.012,0.0,12.4,76.3
1784036752.154,822,1.699,-0.762,0.229,0.0,17.7,72.7
1784036752.154,822,3.578,-1.595,0.263,0.0,12.6,67.7
1784036752.154,822,6.735,-2.49,0.943,0.0,12.7,63.0
1784036752.154,822,7.463,-2.76,1.063,0.0,19.5,64.5
1784036752.154,822,0.843,-0.682,-0.121,-0.162,22.2,62.2
1784036752.154,822,1.013,-0.649,0.21,-0.081,15.7,69.9
1784036752.257,823,3.758,-1.241,0.317,0.0,12.1,69.4
1784036752.257,823,6.606,-2.716,1.199,0.0,12.9,62.7
1784036752.257,823,7.446,-2.76,1.18,0.0,19.8,64.2
1784036752.257,823,1.059,-0.515,-0.022,-0.325,30.3,48.1
1784036752.257,823,0.894,-0.614,-0.116,-0.081,13.8,71.4
1784036752.257,823,0.934,-0.663,0.276,-0.081,16.1,70.1
1784036752.358,824,1.706,-0.762,0.172,0.0,21.3,73.5
1784036752.358,824,3.722,-1.365,0.218,0.0,14.7,67.6
1784036752.358,824,6.737,-2.49,0.934,0.0,13.6,62.3
1784036752.358,824,7.454,-2.76,1.128,0.0,19.6,64.1
1784036752.358,824,1.02,-0.496,-0.013,-0.406,33.4,49.6
1784036752.358,824,0.746,-0.72,0.145,-0.081,14.3,72.2
1784036752.46,825,0.252,0.354,-0.035,0.0,11.6,71.9
1784036752.46,825,0.758,-0.72,0.057,0.0,13.5,72.8
1784036752.46,825,1.706,-0.762,0.169,0.0,22.7,72.3
1784036752.46,825,3.708,-1.365,0.391,0.0,14.3,68.2
1784036752.46,825,6.652,-2.716,0.908,0.0,14.0,62.2
1784036752.46,825,7.465,-2.76,1.05,0.0,20.1,63.6
1784036752.46,825,0.913,-0.699,0.256,-0.081,16.6,69.0
1784036752.564,826,0.27,0.341,-0.036,0.0,12.5,73.4
1784036752.564,826,0.786,-0.75,0.097,0.0,12.3,72.9
1784036752.564,826,1.704,-0.762,0.188,0.0,19.3,72.7
1784036752.564,826,1.344,1.442,0.377,0.0,11.2,73.4
1784036752.564,826,3.658,-1.489,0.404,0.0,13.6,68.1
1784036752.564,826,6.751,-2.49,0.821,0.0,12.3,63.0
1784036752.564,826,7.539,-2.509,1.145,0.0,18.5,64.4
1784036752.564,826,0.955,-0.567,0.229,-0.162,20.4,61.4
1784036752.564,826,0.949,-0.663,0.22,-0.081,13.6,69.1
1784036752.665,827,0.683,-0.72,0.334,0.0,12.5,73.1
1784036752.665,827,1.706,-0.762,0.168,0.0,19.0,72.4
1784036752.665,827,3.708,-1.365,0.39,0.0,14.5,67.8
1784036752.665,827,6.583,-2.716,1.318,0.0,13.8,61.9
1784036752.665,827,7.528,-2.509,1.214,0.0,19.4,63.3
1784036752.77,828,1.706,-0.762,0.165,0.0,19.5,72.4
1784036752.77,828,1.457,1.38,-0.045,0.0,12.0,72.8
1784036752.77,828,1.869,-0.69,0.243,0.0,12.0,72.8
1784036752.77,828,3.708,-1.365,0.392,0.0,13.5,68.2
1784036752.77,828,6.668,-2.716,0.783,0.0,12.8,62.1
1784036752.77,828,7.425,-2.76,1.301,0.0,19.4,63.6
1784036752.874,829,0.307,0.36,0.081,0.0,11.5,73.3
1784036752.874,829,1.708,-0.704,0.326,0.0,14.9,72.6
1784036752.874,829,3.724,-1.365,0.177,0.0,13.7,67.8
1784036752.874,829,6.642,-2.716,0.981,0.0,13.5,62.2
1784036752.874,829,7.408,-2.76,1.396,0.0,20.0,63.7
1784036752.874,829,0.768,-0.716,0.295,0.081,14.8,71.0
1784036752.874,829,0.918,-0.699,0.234,0.081,16.7,70.1
1784036752.978,830,1.694,-0.762,0.262,0.0,15.9,73.5
1784036752.978,830,3.71,-1.365,0.364,0.0,14.8,66.6
1784036752.978,830,6.647,-2.716,0.944,0.0,13.2,62.7
1784036752.978,830,7.442,-2.76,1.204,0.0,19.7,64.2
1784036752.978,830,8.484,-0.0,1.073,0.0,11.2,64.5
1784036752.978,830,0.709,-0.75,0.354,0.081,16.2,70.3
1784036752.978,830,0.935,-0.699,0.154,0.081,17.6,68.4
1784036752.978,830,0.577,0.371,0.131,-0.487,37.9,47.6
1784036753.081,831,1.7,-0.762,0.217,0.0,18.4,74.3
1784036753.081,831,3.677,-1.35,0.271,0.0,13.4,67.8
1784036753.081,831,5.462,-2.307,1.64,0.0,11.6,62.9
1784036753.081,831,6.76,-2.49,0.748,0.0,12.3,62.6
1784036753.081,831,7.448,-2.76,1.162,0.0,20.0,64.1
1784036753.081,831,0.915,-0.663,0.335,0.081,15.9,68.7
1784036753.081,831,0.6,0.245,0.088,-0.487,36.8,47.2
1784036753.081,831,2.241,-1.331,0.54,-0.487,17.7,54.0
1784036753.183,832,1.707,-0.762,0.153,0.0,20.2,73.4
1784036753.183,832,3.666,-1.489,0.321,0.0,15.1,68.0
1784036753.183,832,5.396,-2.307,1.845,0.0,11.4,62.4
1784036753.183,832,6.724,-2.49,1.022,0.0,12.7,62.0
1784036753.183,832,7.141,-2.945,1.418,0.0,11.5,63.9
1784036753.183,832,7.465,-2.76,1.05,0.0,20.6,63.9
1784036753.183,832,8.48,-0.0,1.101,0.0,11.9,63.9
1784036753.183,832,1.457,1.38,0.029,0.081,14.0,71.2
1784036753.183,832,0.507,0.23,0.107,-0.649,40.5,45.3
1784036753.183,832,0.871,0.439,0.237,-0.649,16.9,52.2
1784036753.183,832,2.009,-1.497,0.897,-0.649,20.7,55.6
1784036753.183,832,0.598,0.417,0.137,-0.406,21.6,51.4
1784036753.284,833,1.712,-0.762,0.092,0.0,15.5,73.7
1784036753.284,833,1.326,1.505,0.054,0.0,12.0,73.8
1784036753.284,833,3.757,-1.241,0.334,0.0,15.3,67.8
1784036753.284,833,6.688,-2.49,1.234,0.0,12.6,62.1
1784036753.284,833,7.026,-3.19,1.46,0.0,12.2,63.8
1784036753.284,833,7.25,-2.7,1.348,0.0,12.2,63.8
1784036753.284,833,7.471,-2.76,1.004,0.0,20.6,63.9
1784036753.284,833,0.876,-0.648,0.051,0.081,19.6,67.1
1784036753.284,833,0.462,0.03,0.126,0.162,21.4,63.6
1784036753.284,833,2.44,0.804,0.164,0.243,11.9,60.9
1784036753.284,833,0.268,0.409,0.187,-0.081,14.7,67.1
1784036753.334,834,1.684,-0.645,0.516,0.0,11.3,74.8
1784036753.334,834,3.709,-1.365,0.383,0.0,15.7,66.2
1784036753.334,834,5.421,-2.307,1.771,0.0,11.4,62.7
1784036753.334,834,6.567,-2.942,0.819,0.0,13.0,63.0
1784036753.334,834,7.475,-2.76,0.976,0.0,19.1,64.9
1784036753.334,834,0.806,-0.654,0.138,0.081,17.4,67.8
1784036753.334,834,0.333,0.076,0.07,0.325,21.2,59.2
1784036753.334,834,3.438,-0.905,0.69,0.325,19.2,58.0
1784036753.334,834,3.247,-0.735,0.45,0.568,18.2,54.0
1784036753.334,834,0.292,0.425,0.088,-0.162,19.4,62.1
1784036753.437,835,1.697,-0.762,0.24,0.0,17.6,73.9
1784036753.437,835,3.7,-1.365,0.46,0.0,14.8,68.7
1784036753.437,835,5.488,-2.307,1.551,0.0,12.2,62.0
1784036753.437,835,6.607,-2.716,1.192,0.0,14.3,62.5
1784036753.437,835,7.455,-2.76,1.121,0.0,19.2,64.5
1784036753.437,835,0.885,-0.709,0.019,0.081,21.4,63.7
1784036753.437,835,3.251,-0.851,0.538,0.406,17.3,58.4
1784036753.437,835,0.471,0.45,0.065,-0.325,22.1,53.5
1784036753.437,835,0.329,0.461,-0.034,-0.243,17.4,57.1
1784036753.589,836,1.711,-0.762,0.108,0.0,18.4,73.7
1784036753.589,836,3.717,-1.365,0.288,0.0,12.8,69.5
1784036753.589,836,5.458,-2.307,1.654,0.0,11.3,63.3
1784036753.589,836,6.654,-2.716,0.897,0.0,13.6,62.6
1784036753.589,836,7.43,-2.76,1.274,0.0,20.3,64.2
1784036753.589,836,0.775,-0.75,0.165,0.081,23.9,64.5
1784036753.589,836,0.978,-0.687,0.251,0.081,25.6,62.6
1784036753.589,836,3.23,-0.957,0.48,0.243,14.8,61.9
1784036753.589,836,0.297,0.375,0.036,-0.162,17.7,62.5
1784036753.64,837,0.948,-0.699,0.011,0.0,21.0,65.6
1784036753.64,837,1.699,-0.762,0.228,0.0,17.6,73.2
1784036753.64,837,3.761,-1.241,0.284,0.0,15.4,68.5
1784036753.64,837,6.737,-2.49,0.928,0.0,13.1,62.7
1784036753.64,837,7.461,-2.76,1.081,0.0,20.2,64.2
1784036753.64,837,0.786,-0.614,0.442,0.081,14.8,65.0
1784036753.64,837,3.283,-0.969,0.406,0.081,12.7,69.3
1784036753.64,837,3.537,-0.927,0.616,0.243,11.9,56.7
1784036753.64,837,0.275,0.39,0.049,-0.243,24.7,57.6
1784036753.742,838,0.786,-0.687,0.082,0.0,11.3,72.2
1784036753.742,838,0.977,-0.725,0.106,0.0,17.3,68.7
1784036753.742,838,1.723,-0.704,0.234,0.0,13.4,74.6
1784036753.742,838,1.753,-1.134,0.888,0.0,11.6,73.5
1784036753.742,838,3.753,-1.241,0.374,0.0,11.9,69.0
1784036753.742,838,6.691,-2.49,1.216,0.0,12.4,63.0
1784036753.742,838,7.492,-2.76,0.84,0.0,19.4,64.3
1784036753.742,838,8.459,-0.543,1.881,0.0,11.4,63.7
1784036753.742,838,0.354,0.443,0.012,-0.081,13.8,67.4
1784036753.843,839,0.822,-0.716,0.045,0.0,17.7,70.8
1784036753.843,839,1.72,-0.704,0.257,0.0,13.4,74.9
1784036753.843,839,3.701,-1.365,0.449,0.0,13.5,68.6
1784036753.843,839,6.71,-2.49,1.108,0.0,12.2,62.5
1784036753.843,839,7.46,-2.76,1.088,0.0,19.6,64.2
1784036753.843,839,8.391,-0.543,2.163,0.0,12.2,63.0
1784036753.843,839,3.268,-1.091,0.558,0.162,19.1,55.8
1784036753.946,840,0.391,0.408,-0.049,0.0,15.0,69.5
1784036753.946,840,0.824,-0.78,0.003,0.0,14.7,68.7
1784036753.946,840,0.991,-0.687,0.195,0.0,17.9,66.7
1784036753.946,840,1.685,-0.762,0.315,0.0,15.2,74.6
1784036753.946,840,6.564,-2.942,0.846,0.0,13.9,62.0
1784036753.946,840,7.452,-2.76,1.141,0.0,20.4,63.7
1784036754.049,841,0.818,-0.716,0.087,0.0,19.6,69.4
1784036754.049,841,0.94,-0.764,0.16,0.0,17.5,66.3
1784036754.049,841,1.684,-0.762,0.322,0.0,15.4,74.1
1784036754.049,841,6.653,-2.716,0.9,0.0,12.8,62.6
1784036754.049,841,7.437,-2.76,1.234,0.0,20.1,64.2
1784036754.049,841,0.251,0.405,-0.056,0.081,16.5,65.6
1784036754.15,842,0.775,-0.75,0.165,0.0,18.1,68.1
1784036754.15,842,1.738,-0.704,-0.048,0.0,11.3,74.1
1784036754.15,842,1.39,1.442,0.118,0.0,13.0,74.2
1784036754.15,842,1.924,-0.564,-0.082,0.0,13.0,74.2
1784036754.15,842,5.499,-2.307,1.509,0.0,11.9,63.0
1784036754.15,842,6.682,-2.49,1.266,0.0,12.8,62.5
1784036754.15,842,7.456,-2.76,1.113,0.0,20.1,64.4
1784036754.15,842,0.978,-0.791,0.137,0.243,20.5,60.3
1784036754.15,842,3.731,3.857,-0.007,-0.162,13.1,55.9
1784036754.15,842,3.463,-0.663,0.237,-0.081,12.1,69.2
1784036754.251,843,1.701,-0.762,0.212,0.0,14.9,75.5
1784036754.251,843,6.633,-2.716,1.038,0.0,13.0,63.1
1784036754.251,843,7.459,-2.76,1.094,0.0,19.2,64.6
1784036754.251,843,0.905,-0.83,0.305,-0.162,20.5,55.7
1784036754.251,843,3.709,3.857,0.401,-0.162,13.8,55.8
1784036754.251,843,0.614,-0.886,-0.165,-0.081,19.1,64.2
1784036754.352,844,0.82,-0.716,0.067,0.0,18.0,69.1
1784036754.352,844,1.702,-0.762,0.204,0.0,16.7,73.6
1784036754.352,844,3.408,-1.82,0.39,0.0,19.7,71.3
1784036754.352,844,6.619,-2.716,1.123,0.0,14.1,62.7
1784036754.352,844,7.469,-2.76,1.018,0.0,20.4,64.2
1784036754.352,844,1.395,1.442,-0.029,0.081,12.0,70.2
1784036754.352,844,3.167,2.435,0.926,0.081,11.5,65.6
1784036754.352,844,0.287,0.409,0.156,0.162,19.8,61.6
1784036754.352,844,0.441,0.42,0.044,0.243,25.8,58.1
1784036754.352,844,3.209,-0.957,0.605,-0.243,11.8,60.1
1784036754.453,845,1.697,-0.762,0.244,0.0,16.8,73.8
1784036754.453,845,3.403,-1.82,0.426,0.0,19.6,70.5
1784036754.453,845,6.65,-2.716,0.92,0.0,14.3,62.8
1784036754.453,845,7.469,-2.76,1.022,0.0,20.2,64.5
1784036754.453,845,1.393,1.442,0.082,0.081,15.2,69.9
1784036754.453,845,0.289,0.425,0.097,0.162,21.2,62.6
1784036754.453,845,0.467,0.45,0.088,0.243,25.2,58.9
1784036754.453,845,1.558,-0.938,0.462,0.243,21.6,59.2
1784036754.453,845,3.403,-0.764,0.134,-0.162,12.8,61.9
1784036754.453,845,0.823,-0.716,0.027,-0.081,20.6,65.0
1784036754.555,846,1.701,-0.762,0.211,0.0,16.3,73.6
1784036754.555,846,3.47,-1.699,0.387,0.0,18.2,70.4
1784036754.555,846,6.668,-2.716,0.783,0.0,14.7,62.0
1784036754.555,846,7.17,-2.945,1.26,0.0,11.6,63.5
1784036754.555,846,7.785,-0.245,1.006,0.0,11.6,63.5
1784036754.555,846,7.483,-2.76,0.909,0.0,20.7,63.8
1784036754.555,846,0.273,0.442,0.068,0.162,19.5,64.4
1784036754.555,846,0.449,0.47,0.074,0.162,17.1,66.1
1784036754.555,846,4.091,2.822,0.688,0.162,12.4,54.4
1784036754.555,846,0.735,-0.72,0.196,-0.081,20.0,66.6
1784036754.658,847,1.701,-0.762,0.209,0.0,16.6,74.0
1784036754.658,847,3.411,-1.82,0.364,0.0,18.9,70.5
1784036754.658,847,6.638,-2.716,1.004,0.0,13.4,63.0
1784036754.658,847,7.451,-2.76,1.144,0.0,19.8,64.5
1784036754.658,847,0.263,0.442,0.1,0.162,16.2,64.2
1784036754.658,847,0.751,-0.72,0.118,-0.081,20.8,70.2
1784036754.761,848,1.703,-0.762,0.197,0.0,16.8,74.0
1784036754.761,848,3.41,-1.82,0.368,0.0,18.6,70.8
1784036754.761,848,6.657,-2.716,0.87,0.0,13.2,63.1
1784036754.761,848,7.466,-2.76,1.041,0.0,20.0,64.9
1784036754.761,848,0.179,0.294,0.056,-0.243,17.6,58.4
1784036754.761,848,0.552,-0.883,-0.107,-0.081,13.4,72.4
1784036754.865,849,0.301,0.479,0.049,0.0,14.3,74.5
1784036754.865,849,1.695,-0.762,0.254,0.0,16.3,73.5
1784036754.865,849,3.408,-1.82,0.389,0.0,18.6,70.7
1784036754.865,849,6.674,-2.716,0.729,0.0,13.6,62.9
1784036754.865,849,7.471,-2.76,1.006,0.0,20.0,64.6
1784036754.865,849,3.289,-0.552,1.168,0.162,13.4,58.3
1784036754.865,849,3.28,-0.851,0.318,0.325,19.8,55.9
1784036754.865,849,3.519,-1.043,0.532,0.325,15.1,58.0
1784036754.865,849,0.213,0.24,0.137,-0.487,19.8,54.3
1784036754.865,849,0.446,0.47,0.088,-0.162,21.3,57.3
1784036754.865,849,0.734,-0.687,0.292,-0.081,15.9,71.2
1784036754.967,850,0.27,0.442,-0.078,0.0,12.7,70.7
1784036754.967,850,1.681,-0.821,0.142,0.0,17.5,73.8
1784036754.967,850,3.408,-1.82,0.384,0.0,18.3,71.3
1784036754.967,850,6.617,-2.716,1.135,0.0,13.1,62.7
1784036754.967,850,7.479,-2.76,0.945,0.0,20.6,64.2
1784036754.967,850,8.486,-0.0,1.054,0.0,12.0,64.0
1784036754.967,850,1.38,1.571,0.115,0.162,15.8,61.4
1784036754.967,850,2.044,-0.327,0.317,0.162,15.8,61.4
1784036754.967,850,3.445,-0.773,-0.156,0.243,12.9,59.1
1784036754.967,850,5.176,-1.745,1.164,0.243,14.0,52.8
1784036754.967,850,3.389,-0.764,0.336,0.325,16.1,58.1
1784036754.967,850,3.557,-0.938,0.738,0.487,19.0,52.4
1784036754.967,850,0.403,0.458,-0.026,-0.162,16.5,62.2
1784036755.07,851,0.259,0.442,-0.11,0.0,13.6,71.6
1784036755.07,851,1.7,-0.762,0.221,0.0,16.4,74.0
1784036755.07,851,3.403,-1.82,0.429,0.0,19.4,70.5
1784036755.07,851,3.779,-1.254,0.507,0.0,11.3,68.6
1784036755.07,851,6.683,-2.716,0.645,0.0,13.1,63.0
1784036755.07,851,7.472,-2.76,1.002,0.0,20.3,64.9
1784036755.07,851,8.473,-0.0,1.156,0.0,11.7,64.2
1784036755.07,851,1.296,1.636,0.169,0.162,20.9,60.5
1784036755.07,851,1.833,-0.654,0.774,0.162,20.9,60.5
1784036755.07,851,3.428,-0.773,0.374,0.406,29.2,52.9
1784036755.07,851,3.727,3.888,0.509,0.406,13.8,53.8
1784036755.07,851,3.221,-1.063,0.277,-0.243,18.3,52.5
1784036755.172,852,0.816,-0.654,0.046,0.0,13.8,72.8
1784036755.172,852,1.704,-0.762,0.191,0.0,16.4,73.5
1784036755.172,852,3.407,-1.82,0.394,0.0,18.4,71.1
1784036755.172,852,6.639,-2.716,0.998,0.0,13.7,62.9
1784036755.172,852,7.351,-3.01,1.157,0.0,20.6,64.8
1784036755.172,852,8.517,-0.0,0.764,0.0,11.9,64.0
1784036755.172,852,3.15,2.59,0.738,0.162,14.8,57.0
1784036755.172,852,1.966,-0.534,0.647,0.243,17.7,55.4
1784036755.172,852,3.79,3.92,0.101,0.487,18.2,52.7
1784036755.172,852,3.521,-0.792,0.298,0.568,23.7,51.7
1784036755.274,853,1.701,-0.762,0.211,0.0,16.6,73.7
1784036755.274,853,3.409,-1.82,0.376,0.0,18.0,71.0
1784036755.274,853,6.712,-2.49,1.094,0.0,13.6,62.8
1784036755.274,853,7.372,-3.01,1.019,0.0,20.8,64.6
1784036755.274,853,8.485,-0.0,1.062,0.0,11.9,64.0
1784036755.274,853,3.549,-0.679,0.239,0.568,17.9,54.3
1784036755.274,853,0.482,-0.674,-0.04,-0.568,22.6,50.1
1784036755.274,853,3.66,0.115,0.156,-0.568,19.5,52.2
1784036755.274,853,0.79,-0.687,-0.01,-0.081,14.3,70.1
1784036755.375,854,1.68,-0.821,0.148,0.0,17.6,73.4
1784036755.375,854,3.408,-1.82,0.387,0.0,18.4,70.7
1784036755.375,854,6.659,-2.716,0.856,0.0,13.7,62.7
1784036755.375,854,7.366,-3.01,1.062,0.0,20.9,64.5
1784036755.375,854,3.657,0.229,0.038,-0.487,16.5,55.6
1784036755.375,854,0.789,-0.687,0.049,-0.081,20.9,67.0
1784036755.477,855,0.788,-0.687,0.05,0.0,15.3,69.6
1784036755.477,855,1.703,-0.762,0.198,0.0,15.7,73.9
1784036755.477,855,3.411,-1.82,0.356,0.0,17.0,71.9
1784036755.477,855,6.746,-2.49,0.864,0.0,14.3,62.0
1784036755.477,855,7.452,-2.76,1.141,0.0,21.4,64.0
1784036755.58,856,1.721,-0.704,0.248,0.0,15.0,74.7
1784036755.58,856,3.411,-1.82,0.364,0.0,16.3,72.2
1784036755.58,856,6.645,-2.716,0.959,0.0,13.5,62.3
1784036755.58,856,7.448,-2.76,1.168,0.0,21.1,63.8
1784036755.58,856,0.764,-0.627,0.174,-0.081,18.9,67.1
1784036755.682,857,1.703,-0.762,0.199,0.0,16.8,74.1
1784036755.682,857,3.406,-1.82,0.404,0.0,16.7,72.0
1784036755.682,857,6.621,-2.716,1.111,0.0,13.0,62.7
1784036755.682,857,7.454,-2.76,1.127,0.0,19.8,64.5
1784036755.682,857,8.485,-0.0,1.062,0.0,11.7,64.1
1784036755.732,858,0.839,-0.622,0.078,0.0,15.2,69.7
1784036755.732,858,1.717,-0.704,0.277,0.0,14.5,73.5
1784036755.732,858,3.413,-1.82,0.341,0.0,16.9,71.6
1784036755.732,858,6.637,-2.716,1.016,0.0,12.6,63.1
1784036755.732,858,7.463,-2.76,1.066,0.0,19.3,64.9
1784036755.732,858,8.505,-0.0,0.889,0.0,11.9,63.8
1784036755.732,858,0.482,0.614,0.091,0.243,18.4,49.8
1784036755.732,858,5.62,-1.494,-1.381,-0.649,12.4,49.5
1784036755.835,859,1.697,-0.762,0.241,0.0,16.6,73.6
1784036755.835,859,3.406,-1.82,0.405,0.0,17.7,71.6
1784036755.835,859,6.761,-2.49,0.734,0.0,12.9,62.4
1784036755.835,859,7.461,-2.76,1.077,0.0,20.4,64.0
1784036755.835,859,8.493,-0.0,1.0,0.0,12.1,63.7
1784036755.835,859,0.543,0.654,0.195,0.243,13.8,53.0
1784036755.991,860,0.756,-0.72,-0.084,0.0,12.1,70.2
1784036755.991,860,1.724,-0.704,0.231,0.0,15.5,73.9
1784036755.991,860,3.405,-1.82,0.412,0.0,16.2,72.4
1784036755.991,860,6.643,-2.716,0.974,0.0,13.6,62.5
1784036755.991,860,7.47,-2.76,1.011,0.0,20.7,64.1
1784036755.991,860,8.469,-0.0,1.181,0.0,11.7,64.0
1784036755.991,860,0.51,0.744,0.16,0.162,13.6,55.7
1784036755.991,860,2.244,-1.309,0.323,-0.243,16.0,53.2
1784036756.041,861,1.714,-0.704,0.292,0.0,15.4,72.9
1784036756.041,861,3.411,-1.82,0.359,0.0,15.9,72.9
1784036756.041,861,6.753,-2.49,0.803,0.0,13.1,62.6
1784036756.041,861,7.468,-2.76,1.025,0.0,20.7,64.2
1784036756.041,861,8.474,-0.0,1.146,0.0,11.7,64.1
1784036756.147,862,0.816,-0.654,0.047,0.0,15.5,70.6
1784036756.147,862,1.723,-0.704,0.239,0.0,15.7,74.0
1784036756.147,862,3.412,-1.82,0.347,0.0,16.8,72.0
1784036756.147,862,6.651,-2.716,0.913,0.0,13.4,62.8
1784036756.147,862,7.455,-2.76,1.122,0.0,20.5,64.5
1784036756.147,862,0.544,0.75,0.251,0.162,16.8,55.4
1784036756.25,863,0.759,-0.72,-0.049,0.0,14.5,72.7
1784036756.25,863,1.718,-0.704,0.27,0.0,15.4,73.5
1784036756.25,863,3.4,-1.82,0.455,0.0,17.5,71.5
1784036756.25,863,6.63,-2.716,1.06,0.0,13.3,63.2
1784036756.25,863,7.455,-2.76,1.117,0.0,20.1,64.6
1784036756.25,863,8.491,-0.0,1.011,0.0,11.2,64.6
1784036756.353,864,0.653,-0.753,0.121,0.0,13.1,72.1
1784036756.353,864,1.701,-0.762,0.216,0.0,15.5,74.3
1784036756.353,864,3.413,-1.82,0.339,0.0,17.4,71.6
1784036756.353,864,6.641,-2.716,0.988,0.0,13.7,62.6
1784036756.353,864,7.462,-2.76,1.07,0.0,20.3,64.1
1784036756.353,864,8.351,-0.543,2.312,0.0,11.2,64.1
1784036756.457,865,0.729,-0.69,0.005,0.0,14.8,73.0
1784036756.457,865,1.703,-0.762,0.2,0.0,17.9,73.3
1784036756.457,865,3.417,-1.82,0.301,0.0,17.7,71.6
1784036756.457,865,6.663,-2.716,0.825,0.0,12.5,63.6
1784036756.457,865,7.477,-2.76,0.961,0.0,19.0,65.2
1784036756.558,866,1.706,-0.762,0.166,0.0,17.2,73.4
1784036756.558,866,3.407,-1.82,0.398,0.0,17.3,72.4
1784036756.558,866,6.663,-2.716,0.828,0.0,13.0,63.0
1784036756.558,866,7.476,-2.76,0.969,0.0,19.2,64.7
1784036756.558,866,8.484,-0.543,1.763,0.0,11.6,64.2
1784036756.558,866,0.76,-0.72,0.027,0.081,19.6,65.7
1784036756.659,867,1.704,-0.762,0.184,0.0,17.7,72.9
1784036756.659,867,3.411,-1.82,0.357,0.0,17.1,72.7
1784036756.659,867,6.651,-2.716,0.918,0.0,13.0,63.0
1784036756.659,867,7.452,-2.76,1.136,0.0,20.0,64.8
1784036756.659,867,8.345,-0.543,2.332,0.0,11.9,63.9
1784036756.659,867,0.707,-0.627,0.337,0.081,16.8,67.2
1784036756.659,867,0.758,-0.784,0.006,0.081,13.6,64.4
1784036756.659,867,4.174,-1.264,1.083,-0.325,14.3,53.6
1784036756.659,867,0.355,0.589,0.121,-0.243,21.4,49.9
1784036756.76,868,1.703,-0.762,0.193,0.0,16.3,74.0
1784036756.76,868,3.408,-1.82,0.39,0.0,17.0,72.8
1784036756.76,868,6.647,-2.716,0.943,0.0,13.2,63.0
1784036756.76,868,7.455,-2.76,1.122,0.0,19.6,64.6
1784036756.76,868,8.428,-0.543,2.014,0.0,11.6,64.1
1784036756.76,868,0.76,-0.72,0.009,0.081,19.5,65.7
1784036756.76,868,3.791,-1.129,0.682,-0.487,20.0,51.7
1784036756.76,868,4.162,-1.252,0.955,-0.487,18.4,54.5
1784036756.862,869,1.717,-0.704,0.277,0.0,15.6,73.1
1784036756.862,869,3.408,-1.82,0.387,0.0,17.7,72.5
1784036756.862,869,6.654,-2.716,0.892,0.0,13.5,62.9
1784036756.862,869,7.459,-2.76,1.089,0.0,20.0,64.4
1784036756.862,869,8.345,-0.543,2.334,0.0,11.8,64.0
1784036756.862,869,0.709,-0.659,0.267,0.081,16.1,67.2
1784036756.862,869,4.107,-1.239,1.007,-0.649,17.8,55.3
1784036756.963,870,1.704,-0.762,0.191,0.0,16.7,73.3
1784036756.963,870,3.468,-1.699,0.405,0.0,18.7,71.9
1784036756.963,870,6.666,-2.716,0.802,0.0,13.8,62.7
1784036756.963,870,7.475,-2.76,0.98,0.0,19.4,64.4
1784036756.963,870,8.466,-0.545,2.042,0.0,11.6,64.2
1784036756.963,870,0.748,-0.72,0.138,0.081,23.6,65.7
1784036756.963,870,3.423,-2.295,1.295,0.406,20.9,55.5
1784036757.065,871,1.708,-0.762,0.146,0.0,16.3,73.0
1784036757.065,871,3.408,-1.82,0.389,0.0,18.9,71.8
1784036757.065,871,6.631,-2.716,1.049,0.0,14.0,62.8
1784036757.065,871,7.485,-2.76,0.895,0.0,19.6,64.6
1784036757.065,871,8.426,-0.545,2.2,0.0,12.1,64.1
1784036757.065,871,0.751,-0.72,0.121,0.081,21.5,65.7
1784036757.169,872,1.7,-0.704,0.365,0.0,14.6,73.7
1784036757.169,872,3.408,-1.82,0.387,0.0,18.0,72.9
1784036757.169,872,6.648,-2.716,0.941,0.0,14.5,62.3
1784036757.169,872,7.468,-2.76,1.025,0.0,20.1,64.3
1784036757.169,872,8.477,-0.545,1.995,0.0,12.4,64.0
1784036757.169,872,0.748,-0.72,0.134,0.081,23.2,66.5
1784036757.169,872,5.059,2.269,0.667,0.568,16.9,51.9
1784036757.27,873,1.703,-0.762,0.193,0.0,17.2,73.9
1784036757.27,873,3.407,-1.82,0.396,0.0,20.1,71.0
1784036757.27,873,6.636,-2.716,1.017,0.0,13.2,62.8
1784036757.27,873,7.466,-2.76,1.046,0.0,20.2,64.2
1784036757.27,873,8.443,-0.543,1.949,0.0,12.5,63.9
1784036757.27,873,0.787,-0.687,0.066,0.081,18.9,67.1
1784036757.373,874,1.715,-0.704,0.291,0.0,15.2,73.9
1784036757.373,874,3.406,-1.82,0.404,0.0,21.1,70.6
1784036757.373,874,6.67,-2.716,0.763,0.0,13.4,62.7
1784036757.373,874,7.165,-2.945,1.29,0.0,11.9,64.5
1784036757.373,874,7.461,-2.76,1.08,0.0,20.5,64.6
1784036757.373,874,8.372,-0.543,2.233,0.0,12.9,63.1
1784036757.373,874,0.843,-0.682,0.122,0.081,19.0,67.0
1784036757.373,874,0.991,-0.777,0.357,0.162,14.5,59.5
1784036757.373,874,3.292,-0.982,0.617,-0.487,15.1,57.1
1784036757.373,874,1.484,1.44,0.331,-0.325,16.4,56.7
1784036757.373,874,0.17,0.155,0.125,-0.243,14.8,61.8
1784036757.474,875,1.696,-0.762,0.25,0.0,15.0,74.7
1784036757.474,875,3.408,-1.82,0.384,0.0,19.2,71.7
1784036757.474,875,6.776,-2.49,0.58,0.0,14.4,62.5
1784036757.474,875,7.194,-2.945,1.117,0.0,11.3,64.2
1784036757.474,875,7.794,-0.245,0.934,0.0,11.3,64.2
1784036757.474,875,7.466,-2.76,1.041,0.0,20.0,64.5
1784036757.474,875,8.487,-0.0,1.045,0.0,11.3,64.6
1784036757.474,875,0.812,-0.716,0.133,0.081,20.4,65.9
1784036757.474,875,3.476,-0.905,0.459,-0.325,17.5,59.7
1784036757.474,875,3.217,-1.077,0.607,-0.243,11.7,60.7
1784036757.474,875,0.408,0.409,0.307,-0.162,13.0,60.5
1784036757.474,875,1.335,1.538,0.242,-0.162,14.7,62.4
1784036757.474,875,3.276,2.435,0.398,-0.162,14.3,59.0
1784036757.576,876,1.696,-0.762,0.25,0.0,15.4,73.9
1784036757.576,876,3.408,-1.82,0.387,0.0,20.0,71.4
1784036757.576,876,6.648,-2.716,0.941,0.0,14.0,62.4
1784036757.576,876,7.365,-3.01,1.068,0.0,19.8,64.5
1784036757.576,876,8.459,-0.0,1.255,0.0,11.6,64.4
1784036757.576,876,8.536,-0.545,1.724,0.0,14.1,62.4
1784036757.576,876,0.335,0.393,-0.089,0.081,12.6,66.0
1784036757.576,876,0.782,-0.75,0.125,0.081,21.3,66.5
1784036757.576,876,3.403,-0.894,0.645,-0.243,16.2,61.5
1784036757.576,876,1.006,1.666,0.646,-0.162,12.3,61.8
1784036757.576,876,1.834,-0.769,0.5,-0.162,12.3,61.8
1784036757.576,876,3.951,3.779,0.568,-0.162,12.1,55.1
1784036757.576,876,5.07,-2.061,0.52,-0.162,12.1,55.1
1784036757.68,877,0.745,-0.784,0.142,0.0,19.0,69.1
1784036757.68,877,1.726,-0.704,0.213,0.0,16.0,74.2
1784036757.68,877,3.41,-1.82,0.37,0.0,22.2,69.7
1784036757.68,877,6.757,-2.49,0.773,0.0,13.2,62.3
1784036757.68,877,7.302,-2.7,1.029,0.0,14.0,62.3
1784036757.68,877,7.445,-2.76,1.183,0.0,21.2,64.1
1784036757.68,877,8.39,-0.545,2.336,0.0,14.1,62.6
1784036757.68,877,0.346,0.393,-0.009,-0.162,18.8,63.2
1784036757.68,877,3.389,-1.006,0.546,-0.162,19.5,62.1
1784036757.68,877,3.3,2.435,-0.002,-0.162,12.0,60.4
1784036757.782,878,0.821,-0.716,0.064,0.0,17.1,71.4
1784036757.782,878,1.738,-0.704,0.066,0.0,18.7,72.6
1784036757.782,878,3.338,-1.941,0.406,0.0,22.3,68.9
1784036757.782,878,6.543,-2.716,1.506,0.0,15.0,60.0
1784036757.782,878,7.208,-2.945,1.022,0.0,15.0,60.0
1784036757.782,878,7.336,-3.01,1.253,0.0,22.6,61.8
1784036757.782,878,8.62,-0.0,1.035,0.0,12.9,59.5
1784036757.782,878,3.379,-1.118,0.362,-0.162,21.8,58.3
1784036757.782,878,0.307,0.36,0.082,-0.081,16.1,66.7
1784036757.833,879,0.792,-0.75,-0.0,0.0,14.8,71.3
1784036757.833,879,1.735,-0.704,0.119,0.0,19.8,71.7
1784036757.833,879,3.41,-1.82,0.37,0.0,21.0,68.1
1784036757.833,879,6.761,-2.49,0.732,0.0,13.8,59.0
1784036757.833,879,7.309,-2.7,0.984,0.0,13.2,58.5
1784036757.833,879,7.423,-2.76,1.313,0.0,20.7,60.6
1784036757.833,879,0.233,0.375,0.188,-0.162,21.2,61.8
1784036757.833,879,0.244,0.307,0.026,-0.081,18.6,68.3
1784036757.985,880,0.753,-0.784,0.086,0.0,19.7,70.5
1784036757.985,880,3.814,2.203,0.118,0.0,12.6,61.5
1784036757.985,880,0.332,0.345,0.038,-0.081,12.3,66.3
1784036758.087,881,0.899,-0.614,-0.065,0.0,12.3,68.9
1784036758.087,881,1.738,-0.704,0.07,0.0,18.7,73.2
1784036758.087,881,3.484,-1.699,0.226,0.0,19.5,71.6
1784036758.087,881,3.676,2.341,0.651,0.0,11.4,64.1
1784036758.087,881,6.546,-2.49,1.845,0.0,12.6,58.4
1784036758.087,881,7.219,-2.945,0.937,0.0,12.8,58.8
1784036758.087,881,7.363,-3.01,1.079,0.0,20.4,59.9
1784036758.087,881,8.594,-1.091,-1.048,0.0,11.9,59.4
1784036758.087,881,3.26,-1.077,0.308,-0.162,18.2,57.8
1784036758.137,882,0.796,-0.716,0.21,0.0,17.1,69.4
1784036758.137,882,1.759,-0.645,0.094,0.0,19.1,73.0
1784036758.137,882,3.461,-1.699,0.461,0.0,19.6,71.4
1784036758.137,882,7.355,-3.01,1.133,0.0,19.2,64.2
1784036758.137,882,3.387,-1.118,0.272,0.162,15.3,60.2
1784036758.137,882,4.03,-1.636,0.343,0.243,15.7,53.4
1784036758.137,882,0.247,-0.057,0.064,0.568,28.8,58.5
1784036758.24,883,0.693,-0.818,0.201,0.0,15.0,68.9
1784036758.24,883,1.721,-0.704,0.247,0.0,16.7,72.9
1784036758.24,883,3.469,-1.699,0.396,0.0,20.1,70.8
1784036758.24,883,6.587,-2.716,1.296,0.0,12.6,63.1
1784036758.24,883,7.335,-3.01,1.256,0.0,19.2,64.8
1784036758.24,883,8.475,-0.545,2.003,0.0,11.9,64.2
1784036758.24,883,3.323,-1.006,0.861,0.162,13.6,57.2
1784036758.392,884,0.296,0.314,-0.067,0.0,17.0,66.6
1784036758.392,884,0.785,-0.75,-0.104,0.0,13.8,70.1
1784036758.392,884,1.72,-0.704,0.257,0.0,15.7,73.9
1784036758.392,884,3.476,-1.699,0.333,0.0,17.9,72.0
1784036758.392,884,6.623,-2.716,1.101,0.0,11.2,64.0
1784036758.392,884,7.436,-2.76,1.236,0.0,18.5,65.4
1784036758.392,884,3.428,-1.018,0.572,0.162,18.3,58.8
1784036758.443,885,0.21,0.331,0.011,0.0,13.9,69.3
1784036758.443,885,0.717,-0.818,0.077,0.0,16.9,70.9
1784036758.443,885,1.719,-0.704,0.267,0.0,15.2,74.3
1784036758.443,885,3.407,-1.82,0.397,0.0,14.5,72.0
1784036758.443,885,6.531,-2.716,1.555,0.0,11.7,63.1
1784036758.443,885,7.422,-2.76,1.32,0.0,19.6,64.8
1784036758.443,885,3.422,-1.018,0.604,0.162,18.8,56.6
1784036758.443,885,0.271,0.341,0.027,-0.081,16.8,66.5
1784036758.546,886,0.245,0.307,-0.008,0.0,16.5,68.9
1784036758.546,886,0.782,-0.75,0.123,0.0,18.3,70.5
1784036758.546,886,1.721,-0.704,0.249,0.0,15.3,74.1
1784036758.546,886,6.65,-2.716,0.926,0.0,12.0,62.9
1784036758.546,886,7.336,-3.01,1.252,0.0,18.9,64.7
1784036758.546,886,8.496,-0.271,1.768,0.0,11.7,64.4
1784036758.648,887,0.229,0.319,0.012,0.0,14.7,68.8
1784036758.648,887,0.754,-0.784,0.079,0.0,13.3,70.6
1784036758.648,887,1.697,-0.762,0.243,0.0,15.7,73.6
1784036758.648,887,2.094,-1.243,0.504,0.0,12.6,72.4
1784036758.648,887,3.476,-1.699,0.33,0.0,18.9,72.3
1784036758.648,887,6.624,-2.716,1.092,0.0,12.3,62.9
1784036758.648,887,7.414,-2.76,1.366,0.0,19.1,64.6
1784036758.648,887,3.204,-1.309,0.453,0.325,28.7,50.7
1784036758.75,888,0.883,-0.709,0.06,0.0,13.9,69.0
1784036758.75,888,1.697,-0.762,0.241,0.0,15.6,73.7
1784036758.75,888,3.473,-1.699,0.359,0.0,19.1,72.4
1784036758.75,888,6.587,-2.716,1.298,0.0,11.8,63.3
1784036758.75,888,7.422,-2.76,1.323,0.0,18.5,65.1
1784036758.75,888,3.174,-1.418,0.315,0.243,18.3,52.4
1784036758.75,888,0.229,0.319,0.012,-0.081,17.6,66.4
1784036758.85,889,0.823,-0.78,0.041,0.0,12.6,69.2
1784036758.85,889,1.685,-0.762,0.318,0.0,16.2,73.8
1784036758.85,889,3.474,-1.699,0.351,0.0,17.7,72.7
1784036758.85,889,6.577,-2.716,1.346,0.0,11.4,63.6
1784036758.85,889,7.416,-2.76,1.353,0.0,18.8,65.3
1784036758.85,889,0.227,0.319,0.031,-0.081,15.7,67.0
1784036758.951,890,0.756,-0.784,0.065,0.0,20.8,70.8
1784036758.951,890,1.695,-0.762,0.257,0.0,16.5,74.0
1784036758.951,890,3.411,-1.82,0.358,0.0,18.9,71.9
1784036758.951,890,6.629,-2.716,1.063,0.0,11.4,63.8
1784036758.951,890,7.324,-3.01,1.321,0.0,19.1,65.3
1784036759.054,891,0.849,-0.682,-0.058,0.0,16.2,70.4
1784036759.054,891,1.703,-0.762,0.196,0.0,17.5,73.2
1784036759.054,891,3.472,-1.699,0.368,0.0,17.8,72.9
1784036759.054,891,6.663,-2.716,0.825,0.0,12.3,63.9
1784036759.054,891,7.317,-3.01,1.359,0.0,18.3,65.5
1784036759.054,891,8.444,-0.543,1.945,0.0,11.2,64.9
1784036759.16,892,0.818,-0.716,0.091,0.0,14.0,69.8
1784036759.16,892,0.834,-0.791,0.529,0.0,12.7,67.0
1784036759.16,892,1.729,-0.704,0.189,0.0,15.4,73.8
1784036759.16,892,3.473,-1.699,0.357,0.0,19.7,72.1
1784036759.16,892,6.672,-2.49,1.316,0.0,12.8,62.6
1784036759.16,892,7.333,-3.01,1.27,0.0,19.8,64.1
1784036759.16,892,8.389,-0.543,2.171,0.0,11.4,64.8
1784036759.16,892,3.219,-1.309,0.323,-0.243,14.4,54.3
1784036759.266,893,0.756,-0.784,0.066,0.0,18.5,69.4
1784036759.266,893,0.88,-0.725,0.437,0.0,13.5,68.0
1784036759.266,893,1.72,-0.704,0.256,0.0,14.2,74.0
1784036759.266,893,3.473,-1.699,0.36,0.0,20.8,70.3
1784036759.266,893,6.528,-2.716,1.567,0.0,12.0,63.4
1784036759.266,893,7.333,-3.01,1.268,0.0,19.2,64.9
1784036759.266,893,8.427,-0.543,2.016,0.0,12.0,64.3
1784036759.266,893,3.272,-1.2,0.198,-0.325,23.9,53.3
1784036759.368,894,0.791,-0.75,0.048,0.0,17.8,69.6
1784036759.368,894,1.707,-0.704,0.334,0.0,17.0,72.7
1784036759.368,894,3.475,-1.699,0.336,0.0,20.0,70.9
1784036759.368,894,6.692,-2.716,0.545,0.0,12.3,63.4
1784036759.368,894,7.312,-3.01,1.382,0.0,19.4,64.9
1784036759.368,894,8.451,-0.0,1.305,0.0,11.7,64.8
1784036759.368,894,0.194,0.164,0.065,0.081,24.0,68.0
1784036759.469,895,0.792,-0.75,-0.021,0.0,15.7,69.9
1784036759.469,895,0.861,-0.725,0.474,0.0,13.1,66.8
1784036759.469,895,1.702,-0.704,0.356,0.0,18.2,71.8
1784036759.469,895,3.413,-1.82,0.341,0.0,21.4,69.3
1784036759.469,895,6.589,-2.716,1.288,0.0,11.6,63.7
1784036759.469,895,7.323,-3.01,1.327,0.0,19.7,65.1
1784036759.469,895,8.438,-0.543,1.973,0.0,12.0,63.9
1784036759.469,895,1.496,1.2,0.092,0.568,27.8,52.9
1784036759.469,895,1.745,-0.72,0.347,0.568,27.8,52.9
1784036759.469,895,0.177,0.294,0.061,-0.243,28.5,57.4
1784036759.571,896,1.719,-0.645,0.383,0.0,16.1,72.4
1784036759.571,896,3.47,-1.699,0.386,0.0,19.6,71.1
1784036759.571,896,6.655,-2.49,1.402,0.0,12.0,62.9
1784036759.571,896,7.328,-3.01,1.298,0.0,20.2,64.5
1784036759.571,896,1.423,1.35,0.091,0.325,29.4,57.0
1784036759.571,896,1.774,-0.736,0.408,0.325,29.4,57.0
1784036759.571,896,0.312,0.3,0.057,0.406,23.3,62.1
1784036759.571,896,1.124,-0.514,0.271,0.487,15.4,55.5
1784036759.675,897,1.724,-0.704,0.227,0.0,16.0,73.1
1784036759.675,897,1.361,1.411,0.104,0.0,14.3,72.1
1784036759.675,897,1.818,-0.675,0.308,0.0,14.3,72.1
1784036759.675,897,3.47,-1.699,0.387,0.0,18.5,72.5
1784036759.675,897,6.598,-2.716,1.243,0.0,12.0,62.9
1784036759.675,897,7.328,-3.01,1.297,0.0,20.4,64.5
1784036759.675,897,0.205,0.331,0.048,0.081,12.3,66.2
1784036759.675,897,0.294,0.314,0.076,-0.162,18.5,58.4
1784036759.776,898,0.783,-0.75,-0.118,0.0,14.3,69.3
1784036759.776,898,1.705,-0.762,0.182,0.0,16.7,74.0
1784036759.776,898,3.47,-1.699,0.384,0.0,19.8,71.2
1784036759.776,898,6.697,-2.716,0.481,0.0,12.3,62.9
1784036759.776,898,7.323,-3.01,1.322,0.0,20.3,64.4
1784036759.776,898,8.453,-0.271,1.962,0.0,12.0,63.8
1784036759.776,898,0.282,0.327,0.062,-0.325,22.4,59.2
1784036759.776,898,0.445,0.09,-0.157,-0.081,12.7,62.9
1784036759.879,899,0.786,-0.75,-0.099,0.0,13.4,69.7
1784036759.879,899,1.704,-0.762,0.189,0.0,18.2,73.0
1784036759.879,899,3.472,-1.699,0.369,0.0,19.8,71.2
1784036759.879,899,6.618,-2.49,1.566,0.0,12.2,62.9
1784036759.879,899,7.323,-3.01,1.326,0.0,20.4,64.2
1784036759.879,899,0.247,0.354,-0.061,0.081,15.9,64.8
1784036759.879,899,0.258,0.294,0.031,-0.325,22.7,61.2
1784036759.879,899,1.085,0.514,0.399,-0.243,11.9,57.9
1784036759.879,899,1.854,1.632,0.289,-0.243,14.0,57.9
1784036759.879,899,2.366,-0.699,0.311,-0.243,14.0,57.9
1784036759.981,900,0.253,0.354,-0.027,0.0,17.5,67.4
1784036759.981,900,0.792,-0.75,-0.016,0.0,17.3,70.1
1784036759.981,900,1.707,-0.762,0.16,0.0,17.1,73.6
1784036759.981,900,3.471,-1.699,0.381,0.0,19.4,71.6
1784036759.981,900,6.646,-2.716,0.95,0.0,11.9,63.5
1784036759.981,900,7.332,-3.01,1.273,0.0,19.5,65.0
1784036759.981,900,0.259,0.294,0.014,-0.081,17.2,67.6
1784036760.085,901,0.819,-0.716,0.084,0.0,14.4,71.9
1784036760.085,901,1.706,-0.762,0.172,0.0,18.2,73.7
1784036760.085,901,3.47,-1.699,0.388,0.0,20.4,70.9
1784036760.085,901,6.607,-2.716,1.191,0.0,12.1,63.5
1784036760.085,901,7.328,-3.01,1.297,0.0,19.3,64.8
1784036760.085,901,0.226,0.251,0.088,0.081,12.9,68.6
1784036760.188,902,0.223,0.319,0.054,0.0,17.4,70.0
1784036760.188,902,0.813,-0.716,0.127,0.0,15.9,71.6
1784036760.188,902,1.706,-0.762,0.165,0.0,17.8,73.4
1784036760.188,902,3.468,-1.699,0.404,0.0,20.5,71.0
1784036760.188,902,6.662,-2.49,1.369,0.0,11.4,64.0
1784036760.188,902,7.325,-3.01,1.315,0.0,18.3,65.6
1784036760.239,903,0.786,-0.75,0.098,0.0,17.4,71.2
1784036760.239,903,1.705,-0.762,0.173,0.0,17.0,73.8
1784036760.239,903,3.468,-1.699,0.409,0.0,20.0,71.6
1784036760.239,903,6.629,-2.716,1.064,0.0,12.3,63.0
1784036760.239,903,7.332,-3.01,1.274,0.0,19.6,64.5
1784036760.239,903,0.251,0.24,0.031,-0.081,12.7,68.8
1784036760.344,904,0.774,-0.75,0.166,0.0,17.4,70.1
1784036760.344,904,1.705,-0.762,0.177,0.0,16.6,74.5
1784036760.344,904,3.469,-1.699,0.4,0.0,20.4,71.1
1784036760.344,904,6.542,-2.716,1.509,0.0,12.1,62.9
1784036760.344,904,7.322,-3.01,1.33,0.0,20.0,64.3
1784036760.344,904,0.24,0.307,0.051,-0.081,21.7,66.4
1784036760.445,905,0.222,0.262,0.062,0.0,19.1,70.6
1784036760.445,905,0.697,-0.784,0.3,0.0,13.5,70.6
1784036760.445,905,1.706,-0.762,0.17,0.0,15.4,74.2
1784036760.445,905,3.47,-1.699,0.384,0.0,19.8,71.6
1784036760.445,905,6.572,-2.716,1.373,0.0,12.0,63.2
1784036760.445,905,7.324,-3.01,1.32,0.0,19.7,64.6
1784036760.547,906,0.239,0.251,0.039,0.0,19.0,71.1
1784036760.547,906,1.726,-0.704,0.216,0.0,16.2,73.8
1784036760.547,906,3.469,-1.699,0.4,0.0,19.7,71.6
1784036760.547,906,6.607,-2.49,1.612,0.0,12.1,62.8
1784036760.547,906,7.325,-3.01,1.311,0.0,19.9,64.5
1784036760.65,907,0.591,-0.818,0.414,0.0,12.9,69.1
1784036760.65,907,0.907,-0.736,0.154,0.0,12.8,66.2
1784036760.65,907,1.692,-0.762,0.276,0.0,16.4,73.8
1784036760.65,907,3.469,-1.699,0.395,0.0,19.5,71.6
1784036760.65,907,6.608,-2.716,1.188,0.0,11.4,63.3
1784036760.65,907,7.327,-3.01,1.304,0.0,19.6,64.8
1784036760.65,907,0.218,0.262,0.075,0.081,23.7,66.9
1784036760.754,908,0.235,0.251,0.061,0.0,19.3,70.5
1784036760.754,908,0.707,-0.818,0.144,0.0,14.9,70.5
1784036760.754,908,0.889,-0.764,0.344,0.0,11.6,68.3
1784036760.754,908,1.69,-0.762,0.289,0.0,16.3,73.9
1784036760.754,908,3.47,-1.699,0.385,0.0,19.4,71.4
1784036760.754,908,6.557,-2.942,0.894,0.0,12.0,62.9
1784036760.754,908,7.328,-3.01,1.294,0.0,19.9,64.5
1784036760.857,909,0.239,0.251,0.039,0.0,17.6,70.5
1784036760.857,909,0.784,-0.75,0.116,0.0,17.6,70.5
1784036760.857,909,1.706,-0.704,0.339,0.0,13.9,75.1
1784036760.857,909,3.469,-1.699,0.401,0.0,19.6,70.7
1784036760.857,909,6.571,-2.716,1.377,0.0,12.9,62.4
1784036760.857,909,7.323,-3.01,1.323,0.0,20.4,63.8
1784036760.958,910,0.237,0.24,0.089,0.0,17.2,71.2
1784036760.958,910,0.791,-0.75,0.037,0.0,15.5,71.2
1784036760.958,910,1.724,-0.645,0.362,0.0,14.8,74.3
1784036760.958,910,2.071,-1.243,0.59,0.0,11.8,73.2
1784036760.958,910,3.472,-1.699,0.372,0.0,18.6,71.7
1784036760.958,910,6.662,-2.716,0.829,0.0,13.6,61.9
1784036760.958,910,7.333,-3.01,1.266,0.0,20.6,63.5
1784036761.059,911,0.249,0.294,0.072,0.0,22.2,69.2
1784036761.059,911,0.792,-0.75,0.013,0.0,16.0,70.8
1784036761.059,911,1.713,-0.704,0.303,0.0,14.9,74.2
1784036761.059,911,3.472,-1.699,0.371,0.0,19.1,71.2
1784036761.059,911,6.694,-2.49,1.201,0.0,12.2,63.3
1784036761.059,911,7.342,-3.01,1.213,0.0,19.2,64.8
1784036761.165,912,0.264,0.282,0.07,0.0,17.9,69.2
1784036761.165,912,0.789,-0.75,0.07,0.0,17.9,70.4
1784036761.165,912,1.705,-0.704,0.341,0.0,16.1,73.2
1784036761.165,912,2.074,-1.321,0.37,0.0,12.3,73.1
1784036761.165,912,3.474,-1.699,0.353,0.0,18.7,71.6
1784036761.165,912,6.572,-2.716,1.372,0.0,12.6,63.1
1784036761.165,912,7.345,-3.01,1.196,0.0,19.2,64.7
1784036761.269,913,0.237,0.307,0.061,0.0,21.4,69.5
1784036761.269,913,0.754,-0.784,0.082,0.0,13.8,71.0
1784036761.269,913,0.841,-0.764,0.449,0.0,15.3,68.1
1784036761.269,913,1.683,-0.762,0.328,0.0,15.5,74.0
1784036761.269,913,2.067,-1.321,0.408,0.0,12.1,72.9
1784036761.269,913,3.473,-1.699,0.364,0.0,17.5,72.7
1784036761.269,913,6.607,-2.49,1.612,0.0,12.8,62.8
1784036761.269,913,7.342,-3.01,1.215,0.0,19.6,64.2
1784036761.371,914,0.889,-0.674,0.206,0.0,14.0,69.5
1784036761.371,914,1.685,-0.762,0.315,0.0,16.0,73.8
1784036761.371,914,3.473,-1.699,0.356,0.0,18.9,71.2
1784036761.371,914,6.528,-2.49,1.906,0.0,11.8,63.0
1784036761.371,914,7.338,-3.01,1.237,0.0,19.2,64.5
1784036761.371,914,0.205,0.331,0.051,-0.081,16.7,66.8
1784036761.474,915,0.792,-0.75,-0.01,0.0,14.1,69.6
1784036761.474,915,0.905,-0.725,0.383,0.0,16.1,66.5
1784036761.474,915,1.69,-0.762,0.288,0.0,17.0,72.6
1784036761.474,915,1.739,-0.645,0.283,0.0,17.0,72.6
1784036761.474,915,3.475,-1.699,0.341,0.0,19.9,70.3
1784036761.474,915,7.33,-3.01,1.287,0.0,18.2,65.9
1784036761.474,915,0.266,0.218,0.059,-0.243,28.0,63.5
1784036761.474,915,2.092,-0.939,0.294,-0.243,12.8,60.3
1784036761.474,915,1.729,-0.72,0.421,-0.162,25.4,58.2
1784036761.474,915,1.335,1.38,-0.001,-0.162,25.4,58.2
1784036761.474,915,0.271,0.341,0.022,-0.081,14.1,65.2
1784036761.575,916,0.792,-0.75,-0.014,0.0,17.6,70.0
1784036761.575,916,1.709,-0.704,0.324,0.0,17.5,73.3
1784036761.575,916,3.475,-1.699,0.339,0.0,19.8,70.1
1784036761.575,916,6.532,-2.716,1.551,0.0,11.5,63.7
1784036761.575,916,7.331,-3.01,1.282,0.0,18.7,65.2
1784036761.575,916,0.172,0.22,0.125,-0.162,16.5,66.1
1784036761.678,917,0.239,0.181,0.059,0.0,14.3,73.3
1784036761.678,917,0.865,-0.699,0.387,0.0,12.2,69.0
1784036761.678,917,1.689,-0.762,0.295,0.0,19.1,71.8
1784036761.678,917,3.478,-1.699,0.305,0.0,19.8,70.1
1784036761.678,917,6.567,-2.716,1.397,0.0,12.8,62.3
1784036761.678,917,7.33,-3.01,1.284,0.0,20.1,64.0
1784036761.78,918,0.884,-0.674,0.226,0.0,15.9,69.2
1784036761.78,918,1.713,-0.704,0.303,0.0,16.2,73.7
1784036761.78,918,3.476,-1.699,0.327,0.0,19.9,70.1
1784036761.78,918,7.336,-3.01,1.253,0.0,18.9,65.2
1784036761.78,918,0.226,0.262,-0.047,0.162,20.0,64.5
1784036761.78,918,1.097,-0.496,0.207,0.243,16.1,58.4
1784036761.884,919,1.68,-0.762,0.339,0.0,15.8,73.5
1784036761.884,919,3.477,-1.699,0.324,0.0,18.5,71.3
1784036761.884,919,6.659,-2.716,0.856,0.0,12.8,63.3
1784036761.884,919,7.331,-3.01,1.277,0.0,19.1,65.0
1784036761.884,919,0.253,0.229,0.074,0.162,17.8,64.8
1784036761.986,920,0.77,-0.716,-0.291,0.0,12.7,69.8
1784036761.986,920,1.699,-0.704,0.371,0.0,15.4,73.2
1784036761.986,920,3.478,-1.699,0.308,0.0,19.1,70.8
1784036761.986,920,6.571,-2.942,0.788,0.0,12.6,63.0
1784036761.986,920,7.334,-3.01,1.263,0.0,19.4,64.4
1784036761.986,920,0.191,0.284,0.07,0.081,17.1,67.3
1784036761.986,920,0.382,0.626,0.111,-0.487,22.6,46.4
1784036762.039,921,0.909,-0.736,0.138,0.0,11.6,68.2
1784036762.039,921,1.699,-0.704,0.371,0.0,14.5,74.0
1784036762.039,921,3.417,-1.82,0.299,0.0,18.5,71.2
1784036762.039,921,6.577,-2.942,0.734,0.0,12.7,62.7
1784036762.039,921,7.423,-2.76,1.314,0.0,19.5,64.3
1784036762.141,922,0.86,-0.709,0.213,0.0,15.6,69.4
1784036762.141,922,1.703,-0.704,0.354,0.0,14.2,74.1
1784036762.141,922,3.474,-1.699,0.35,0.0,17.9,72.1
1784036762.141,922,6.695,-2.716,0.507,0.0,12.1,63.4
1784036762.141,922,7.336,-3.01,1.251,0.0,18.8,64.9
1784036762.141,922,0.235,0.251,-0.062,-0.081,15.8,69.0
1784036762.243,923,0.857,-0.709,0.223,0.0,16.1,68.2
1784036762.243,923,0.857,-0.751,0.55,0.0,13.1,67.3
1784036762.243,923,1.723,-0.645,0.366,0.0,13.4,74.3
1784036762.243,923,3.474,-1.699,0.348,0.0,18.3,71.6
1784036762.243,923,6.654,-2.716,0.893,0.0,12.5,62.8
1784036762.243,923,7.333,-3.01,1.27,0.0,19.2,64.5
1784036762.346,924,0.785,-0.75,0.107,0.0,14.8,69.7
1784036762.346,924,1.682,-0.762,0.333,0.0,16.3,73.7
1784036762.346,924,3.471,-1.699,0.374,0.0,18.6,71.5
1784036762.346,924,5.103,-1.905,1.018,0.0,12.4,62.5
1784036762.346,924,4.096,3.636,0.837,0.0,12.4,62.5
1784036762.346,924,6.543,-2.716,1.504,0.0,12.0,63.3
1784036762.346,924,7.325,-3.01,1.314,0.0,19.6,64.5
1784036762.346,924,0.2,0.229,0.028,-0.162,22.4,63.6
1784036762.448,925,0.712,-0.818,-0.113,0.0,16.1,69.6
1784036762.448,925,1.055,-0.573,0.227,0.0,14.1,65.7
1784036762.448,925,1.717,-0.704,0.276,0.0,15.2,74.3
1784036762.448,925,3.471,-1.699,0.38,0.0,18.4,71.9
1784036762.448,925,6.67,-2.716,0.763,0.0,13.3,62.8
1784036762.448,925,7.328,-3.01,1.294,0.0,19.9,64.2
1784036762.448,925,0.198,0.229,0.041,-0.162,26.3,63.7
1784036762.551,926,0.196,0.229,0.05,0.0,15.7,71.9
1784036762.551,926,1.699,-0.762,0.229,0.0,17.2,73.6
1784036762.551,926,3.472,-1.699,0.368,0.0,18.4,72.2
1784036762.551,926,6.615,-2.716,1.15,0.0,12.0,63.3
1784036762.551,926,7.335,-3.01,1.254,0.0,19.5,64.7
1784036762.551,926,0.781,-0.75,0.129,0.081,23.9,66.7
1784036762.653,927,0.835,-0.764,0.461,0.0,13.4,66.0
1784036762.653,927,1.704,-0.704,0.35,0.0,16.1,73.4
1784036762.653,927,3.469,-1.699,0.393,0.0,19.1,71.8
1784036762.653,927,6.666,-2.716,0.8,0.0,12.5,62.7
1784036762.653,927,7.348,-3.01,1.178,0.0,19.8,64.5
1784036762.653,927,0.197,0.284,0.051,0.081,21.0,66.8
1784036762.653,927,0.791,-0.75,0.047,0.081,19.4,66.8
1784036762.756,928,0.842,-0.751,0.573,0.0,11.8,66.3
1784036762.756,928,1.699,-0.762,0.23,0.0,17.4,73.5
1784036762.756,928,3.47,-1.699,0.386,0.0,18.3,72.5
1784036762.756,928,7.348,-3.01,1.176,0.0,19.8,64.5
1784036762.756,928,0.836,-0.744,0.182,0.081,21.2,65.1
1784036762.756,928,0.768,-0.815,0.181,0.081,21.2,65.1
1784036762.756,928,0.208,0.273,0.065,0.162,19.6,64.5
1784036762.859,929,1.672,-0.821,0.224,0.0,17.4,73.7
1784036762.859,929,3.47,-1.699,0.39,0.0,18.3,72.5
1784036762.859,929,6.66,-2.716,0.852,0.0,11.9,62.2
1784036762.859,929,7.338,-3.01,1.24,0.0,20.4,63.7
1784036762.859,929,0.89,-0.736,0.232,0.081,18.5,64.4
1784036762.859,929,0.228,0.262,0.039,0.162,18.9,64.0
1784036762.859,929,1.761,1.546,0.243,0.162,19.2,59.9
1784036762.859,929,2.095,-1.145,0.518,-0.162,17.2,58.8
1784036762.961,930,1.677,-0.821,0.179,0.0,17.8,73.7
1784036762.961,930,3.467,-1.699,0.417,0.0,19.7,71.2
1784036762.961,930,5.017,-1.905,1.378,0.0,11.6,63.6
1784036762.961,930,4.147,3.636,0.531,0.0,11.6,63.6
1784036762.961,930,7.345,-3.01,1.198,0.0,19.9,64.6
1784036762.961,930,0.232,0.251,-0.071,0.081,15.1,68.6
1784036762.961,930,0.803,-0.78,0.183,0.081,22.7,67.0
1784036762.961,930,1.81,1.575,0.044,0.081,11.8,69.2
1784036763.061,931,0.229,0.319,0.009,0.0,17.8,68.5
1784036763.061,931,0.755,-0.75,0.24,0.0,19.6,69.6
1784036763.061,931,1.707,-0.762,0.161,0.0,16.1,74.3
1784036763.061,931,3.469,-1.699,0.395,0.0,19.5,71.1
1784036763.061,931,7.346,-3.01,1.193,0.0,19.8,64.3
1784036763.164,932,0.211,0.331,0.009,0.0,18.7,68.7
1784036763.164,932,1.715,-0.704,0.288,0.0,15.7,74.4
1784036763.164,932,3.413,-1.82,0.337,0.0,19.4,71.9
1784036763.164,932,6.66,-2.716,0.846,0.0,13.1,62.9
1784036763.164,932,7.329,-3.01,1.29,0.0,19.9,64.4
1784036763.164,932,0.905,-0.736,0.161,0.162,32.4,50.0
1784036763.164,932,0.758,-0.784,0.029,-0.081,21.5,67.8
1784036763.164,932,1.961,-1.275,0.534,-0.081,11.8,70.4
1784036763.164,932,2.067,-1.125,0.471,-0.081,11.8,70.4
1784036763.266,933,0.21,0.331,0.017,0.0,17.0,69.5
1784036763.266,933,0.751,-0.784,0.107,0.0,20.2,71.0
1784036763.266,933,1.698,-0.762,0.239,0.0,17.5,73.4
1784036763.266,933,3.414,-1.82,0.326,0.0,20.0,71.8
1784036763.266,933,3.783,-1.254,0.479,0.0,11.6,69.7
1784036763.266,933,6.62,-2.716,1.12,0.0,12.7,62.8
1784036763.266,933,7.421,-2.76,1.325,0.0,19.9,64.2
1784036763.266,933,1.987,-1.275,0.429,-0.081,15.6,69.2
1784036763.371,934,1.702,-0.762,0.202,0.0,18.2,73.2
1784036763.371,934,3.472,-1.699,0.371,0.0,19.6,71.6
1784036763.371,934,6.644,-2.716,0.969,0.0,11.9,62.4
1784036763.371,934,7.35,-3.01,1.165,0.0,20.1,64.1
1784036763.371,934,0.757,-0.784,0.049,-0.162,31.4,56.8
1784036763.371,934,0.23,0.262,0.017,-0.081,17.4,67.5
1784036763.371,934,1.995,-1.275,0.391,-0.081,12.2,70.4
1784036763.475,935,1.738,-0.645,0.287,0.0,15.7,73.6
1784036763.475,935,3.474,-1.699,0.347,0.0,17.9,72.1
1784036763.475,935,6.604,-2.716,1.21,0.0,12.0,62.6
1784036763.475,935,7.439,-2.76,1.221,0.0,19.7,64.3
1784036763.475,935,0.811,-0.716,0.138,-0.081,18.5,66.2
1784036763.475,935,1.943,-1.275,0.599,-0.081,13.0,70.5
1784036763.578,936,0.22,0.262,0.071,0.0,13.7,70.9
1784036763.578,936,1.729,-0.704,0.187,0.0,15.2,73.9
1784036763.578,936,3.475,-1.699,0.345,0.0,16.3,71.6
1784036763.578,936,6.619,-2.716,1.124,0.0,13.7,62.4
1784036763.578,936,7.34,-3.01,1.225,0.0,20.6,63.9
1784036763.578,936,0.815,-0.716,0.116,-0.081,20.6,66.6
1784036763.681,937,0.843,-0.682,0.12,0.0,19.9,70.0
1784036763.681,937,7.335,-3.01,1.254,0.0,19.4,64.3
1784036763.681,937,0.817,-0.654,-0.001,-0.081,23.2,66.8
1784036763.681,937,1.589,-0.997,0.043,-0.081,16.2,70.3
1784036763.781,938,0.211,0.331,0.01,0.0,18.3,69.2
1784036763.781,938,0.839,-0.682,0.145,0.0,16.3,70.7
1784036763.781,938,1.551,-0.973,-0.062,0.0,11.7,73.8
1784036763.781,938,6.516,-2.942,1.155,0.0,12.9,63.9
1784036763.781,938,7.347,-3.01,1.183,0.0,19.3,65.3
1784036763.781,938,0.815,-0.654,0.057,-0.081,19.6,67.5
1784036763.832,939,0.229,0.262,-0.029,0.0,12.7,70.8
1784036763.832,939,1.725,-0.704,0.219,0.0,16.3,73.1
1784036763.832,939,1.927,-1.063,0.55,0.0,14.4,73.7
1784036763.832,939,6.498,-2.942,1.253,0.0,13.1,63.6
1784036763.832,939,7.333,-3.01,1.27,0.0,19.3,64.7
1784036763.832,939,0.86,-0.648,0.177,-0.081,20.7,66.6
1784036763.985,940,0.227,0.319,0.028,0.0,13.8,70.3
1784036763.985,940,1.689,-0.645,0.5,0.0,13.7,72.7
1784036763.985,940,6.622,-2.716,1.105,0.0,12.6,62.6
1784036763.985,940,7.442,-2.76,1.203,0.0,20.5,63.7
1784036763.985,940,0.763,-0.596,-0.263,-0.162,30.6,53.8
1784036763.985,940,1.05,-0.611,0.13,-0.162,12.9,63.7
1784036763.985,940,2.812,-1.493,0.091,-0.162,13.5,58.7
1784036763.985,940,0.828,-0.682,0.197,-0.081,12.5,68.3
1784036764.09,941,0.203,0.284,-0.01,0.0,14.2,70.3
1784036764.09,941,0.287,0.461,-0.163,0.0,11.3,65.6
1784036764.09,941,1.733,-0.645,0.319,0.0,13.6,72.9
1784036764.09,941,1.91,-0.993,0.716,0.0,13.2,73.2
1784036764.09,941,6.596,-2.716,1.255,0.0,13.7,63.1
1784036764.09,941,7.145,-3.19,0.67,0.0,13.6,64.9
1784036764.09,941,7.337,-3.01,1.247,0.0,21.1,64.9
1784036764.09,941,2.002,-1.104,0.567,0.162,16.9,61.0
1784036764.09,941,0.803,-0.654,0.152,-0.243,41.9,49.2
1784036764.143,942,0.205,0.331,-0.051,0.0,12.8,68.0
1784036764.143,942,1.695,-0.762,0.256,0.0,17.2,72.4
1784036764.143,942,6.57,-2.716,1.383,0.0,12.9,62.5
1784036764.143,942,7.339,-3.01,1.234,0.0,20.0,63.9
1784036764.143,942,2.032,-1.125,0.604,0.243,20.5,55.6
1784036764.143,942,2.198,-1.088,0.412,0.243,18.8,54.5
1784036764.143,942,0.8,-0.589,0.332,-0.406,30.3,46.3
1784036764.143,942,0.781,-0.54,-0.139,-0.325,35.7,47.2
1784036764.143,942,1.152,-0.514,0.094,-0.243,11.9,61.0
1784036764.143,942,3.526,2.295,0.978,-0.243,13.0,54.8
1784036764.143,942,4.035,-1.485,-0.411,-0.243,13.0,54.8
1784036764.246,943,0.202,0.284,0.023,0.0,12.0,70.6
1784036764.246,943,1.665,-0.821,0.273,0.0,14.0,72.9
1784036764.246,943,7.428,-2.76,1.286,0.0,17.4,63.3
1784036764.246,943,0.751,-0.627,0.223,-0.487,36.6,47.6
1784036764.246,943,0.754,-0.515,-0.073,-0.406,40.2,46.4
1784036764.246,943,1.091,-0.496,0.235,-0.325,14.5,59.2
1784036764.355,944,0.228,0.319,-0.015,0.0,15.1,69.7
1784036764.355,944,1.669,-0.762,0.391,0.0,16.2,72.7
1784036764.355,944,2.001,-0.904,0.359,0.0,12.1,74.6
1784036764.355,944,7.412,-2.76,1.376,0.0,13.8,62.8
1784036764.355,944,0.747,-0.515,0.127,-0.649,40.6,46.3
1784036764.355,944,0.779,-0.54,0.15,-0.568,39.2,47.9
1784036764.355,944,0.715,-0.464,-0.187,-0.487,33.3,47.8
1784036764.355,944,0.977,-0.479,0.451,-0.406,19.0,57.0
1784036764.457,945,0.229,0.319,-0.005,0.0,14.8,69.3
1784036764.457,945,0.737,-0.464,0.056,-0.568,40.0,46.5
1784036764.457,945,0.906,-0.443,0.416,-0.406,22.0,55.2
1784036764.559,946,0.227,0.319,-0.029,0.0,15.6,69.8
1784036764.559,946,0.656,-0.466,0.199,-0.649,36.9,46.7
1784036764.559,946,1.284,-0.423,0.051,-0.649,14.3,50.4
1784036764.559,946,0.733,0.544,0.075,-0.568,22.2,53.2
1784036764.559,946,0.642,-0.371,0.023,-0.487,40.5,45.6
1784036764.559,946,1.052,-0.284,0.315,-0.325,17.5,55.8
1784036764.661,947,1.092,-0.442,0.032,-0.487,14.0,55.5
1784036764.661,947,1.019,0.589,-0.049,-0.487,14.0,55.5
1784036764.661,947,0.654,-0.348,0.034,-0.406,43.5,45.9
1784036764.763,948,0.466,0.16,0.282,0.0,12.0,64.6
1784036764.763,948,8.437,-0.0,1.393,0.0,11.9,64.3
1784036764.763,948,8.454,-0.273,2.144,0.0,11.5,62.3
1784036764.763,948,3.685,-1.35,-0.123,-0.649,14.7,51.2
1784036764.763,948,0.644,-0.348,0.119,-0.406,41.0,46.9
1784036764.763,948,0.586,-0.286,0.049,-0.243,32.1,54.0
1784036764.763,948,0.913,-0.24,0.175,-0.243,13.4,59.6
1784036764.866,949,3.504,-2.809,0.172,0.0,11.5,63.9
1784036764.866,949,8.433,-0.0,1.416,0.0,13.0,63.0
1784036764.866,949,0.593,0.515,-0.004,-0.243,28.8,51.6
1784036764.866,949,0.731,-0.27,0.097,-0.243,28.8,51.6
1784036764.866,949,0.595,-0.266,0.06,-0.162,35.9,56.1
1784036764.866,949,2.809,2.948,0.491,-0.162,14.5,57.6
1784036764.866,949,3.85,-1.282,0.592,-0.162,14.5,57.6
1784036764.97,950,3.494,-2.809,0.307,0.0,11.4,63.4
1784036764.97,950,8.429,-0.0,1.44,0.0,15.9,60.2
1784036764.97,950,4.116,-0.654,0.416,-0.325,15.0,55.3
1784036764.97,950,0.597,-0.245,0.109,-0.162,35.0,56.4
1784036764.97,950,2.664,3.043,0.322,-0.162,12.8,59.2
1784036765.076,951,0.21,0.331,-0.014,0.0,14.4,70.9
1784036765.076,951,0.462,-0.0,0.246,0.0,11.4,65.8
1784036765.076,951,0.409,-0.196,0.261,0.0,11.4,65.8
1784036765.076,951,3.499,-2.809,0.247,0.0,12.2,62.7
1784036765.076,951,7.102,-0.23,1.967,0.0,11.3,64.2
1784036765.076,951,8.446,-0.0,1.34,0.0,17.1,59.9
1784036765.076,951,3.654,-0.586,0.619,-0.568,15.1,51.4
1784036765.076,951,0.617,-0.205,0.076,-0.162,37.3,56.9
1784036765.076,951,2.362,3.297,-0.127,-0.162,17.5,57.3
1784036765.185,952,3.459,-1.699,0.479,0.0,15.7,69.6
1784036765.185,952,7.019,-4.057,0.355,0.0,11.7,61.8
1784036765.185,952,0.505,0.648,0.112,-0.243,13.7,57.9
1784036765.185,952,1.462,-0.382,0.221,-0.243,14.9,63.6
1784036765.185,952,0.586,-0.143,0.253,-0.162,32.7,56.8
1784036765.288,953,1.725,-0.704,0.22,0.0,16.0,73.2
1784036765.288,953,3.473,-1.699,0.365,0.0,20.6,71.2
1784036765.288,953,6.544,-2.716,1.501,0.0,15.7,60.9
1784036765.288,953,7.069,-3.19,1.233,0.0,13.9,62.6
1784036765.288,953,7.334,-3.01,1.261,0.0,21.5,62.7
1784036765.288,953,0.77,0.074,0.137,0.081,12.2,65.1
1784036765.288,953,5.373,-2.41,0.723,0.162,14.6,54.0
1784036765.288,953,0.605,-0.076,-0.033,-0.081,19.6,71.9
1784036765.339,954,0.61,-0.019,0.032,0.0,19.5,71.2
1784036765.339,954,1.716,-0.704,0.283,0.0,16.1,73.9
1784036765.339,954,3.469,-1.699,0.394,0.0,20.1,71.1
1784036765.339,954,6.58,-2.716,1.334,0.0,13.1,62.1
1784036765.339,954,7.349,-3.01,1.174,0.0,20.2,63.5
1784036765.339,954,5.299,-2.615,0.897,0.162,12.0,55.8
1784036765.339,954,0.714,-0.0,0.2,0.243,21.6,53.2
1784036765.339,954,2.619,-0.687,0.475,0.325,14.0,59.9
1784036765.441,955,1.685,-0.762,0.314,0.0,15.8,74.1
1784036765.441,955,3.472,-1.699,0.373,0.0,20.0,71.2
1784036765.441,955,6.559,-2.716,1.432,0.0,13.2,61.9
1784036765.441,955,7.127,-3.19,0.836,0.0,11.2,63.0
1784036765.441,955,7.351,-3.01,1.16,0.0,20.6,63.4
1784036765.441,955,0.65,0.041,0.068,0.081,21.4,69.3
1784036765.441,955,2.681,-0.698,0.346,0.325,17.0,60.0
1784036765.441,955,4.423,-1.527,1.407,0.325,12.7,55.8
1784036765.441,955,0.938,0.12,0.165,-0.162,11.9,57.9
1784036765.594,956,0.602,0.095,0.033,0.0,19.3,70.9
1784036765.594,956,1.744,-0.645,0.247,0.0,17.2,72.8
1784036765.594,956,2.174,-0.284,-0.584,0.0,11.8,72.3
1784036765.594,956,3.469,-1.699,0.4,0.0,19.7,71.6
1784036765.594,956,6.565,-2.716,1.406,0.0,12.2,63.0
1784036765.594,956,7.347,-3.01,1.185,0.0,20.1,64.4
1784036765.594,956,2.761,-0.72,0.39,0.243,14.4,63.3
1784036765.594,956,2.769,-0.54,0.575,0.406,23.1,54.4
1784036765.594,956,3.479,1.043,0.748,-0.325,16.6,56.6
1784036765.644,957,0.586,0.172,-0.018,0.0,21.4,71.4
1784036765.644,957,1.732,-0.704,0.162,0.0,17.3,72.5
1784036765.644,957,3.47,-1.699,0.386,0.0,20.2,71.1
1784036765.644,957,6.555,-2.716,1.454,0.0,11.2,63.7
1784036765.644,957,7.357,-3.01,1.12,0.0,19.2,64.9
1784036765.644,957,2.869,-0.548,0.101,0.325,17.4,56.9
1784036765.747,958,1.727,-0.704,0.203,0.0,19.9,70.0
1784036765.747,958,1.99,0.188,-0.176,0.0,13.1,69.7
1784036765.747,958,3.473,-1.699,0.357,0.0,20.4,71.0
1784036765.747,958,6.567,-2.716,1.396,0.0,11.3,63.6
1784036765.747,958,7.445,-2.76,1.181,0.0,19.4,65.0
1784036765.747,958,0.566,0.327,-0.029,0.081,21.4,67.8
1784036765.747,958,0.638,0.143,0.021,0.081,21.4,67.8
1784036765.747,958,2.126,-1.606,0.468,0.081,12.5,69.5
1784036765.747,958,0.56,0.229,-0.083,0.162,31.3,58.6
1784036765.747,958,2.833,-0.639,0.335,0.406,21.7,56.9
1784036765.747,958,0.895,0.33,0.106,-0.162,18.0,53.0
1784036765.85,959,1.695,-0.762,0.255,0.0,19.4,70.7
1784036765.85,959,3.472,-1.699,0.373,0.0,20.2,71.2
1784036765.85,959,6.561,-2.716,1.426,0.0,11.6,63.3
1784036765.85,959,7.338,-3.01,1.241,0.0,19.5,64.9
1784036765.85,959,8.47,-0.0,1.179,0.0,12.3,63.6
1784036765.85,959,0.596,0.266,-0.052,0.162,33.2,56.6
1784036765.85,959,3.028,-2.634,-0.035,0.243,19.8,59.9
1784036765.85,959,2.935,-0.564,0.362,0.568,26.0,54.1
1784036765.85,959,4.712,-1.74,0.621,0.568,13.4,54.7
1784036765.85,959,0.524,0.436,0.149,-0.081,13.3,64.4
1784036765.956,960,1.697,-0.762,0.24,0.0,20.1,69.9
1784036765.956,960,3.471,-1.699,0.378,0.0,20.9,70.5
1784036765.956,960,6.554,-2.716,1.455,0.0,12.1,62.8
1784036765.956,960,7.333,-3.01,1.267,0.0,20.0,64.4
1784036765.956,960,8.455,-0.0,1.277,0.0,12.7,63.0
1784036765.956,960,0.553,0.348,-0.046,0.243,38.0,52.7
1784036765.956,960,3.51,1.881,0.5,0.406,19.5,58.8
1784036765.956,960,2.993,0.188,0.266,-0.649,23.0,51.9
1784036765.956,960,5.082,-0.483,0.667,-0.649,14.3,54.6
1784036766.059,961,0.24,0.251,0.039,0.0,11.5,73.1
1784036766.059,961,0.934,0.425,0.207,0.0,12.2,69.5
1784036766.059,961,1.697,-0.762,0.244,0.0,21.4,68.5
1784036766.059,961,1.979,0.188,-0.274,0.0,12.9,68.6
1784036766.059,961,3.471,-1.699,0.379,0.0,20.7,70.7
1784036766.059,961,6.556,-2.716,1.446,0.0,11.8,63.1
1784036766.059,961,7.334,-3.01,1.262,0.0,19.8,64.7
1784036766.059,961,8.48,-0.0,1.101,0.0,11.6,64.1
1784036766.059,961,0.542,0.436,0.059,0.243,35.7,50.0
1784036766.059,961,3.075,0.194,0.318,-0.568,25.4,53.2
1784036766.161,962,1.696,-0.762,0.252,0.0,21.4,68.6
1784036766.161,962,3.471,-1.699,0.375,0.0,19.9,71.5
1784036766.161,962,6.584,-2.716,1.316,0.0,12.0,63.1
1784036766.161,962,7.333,-3.01,1.27,0.0,19.6,64.6
1784036766.161,962,0.527,0.458,-0.007,0.162,32.0,59.8
1784036766.161,962,1.389,1.474,0.321,0.406,33.7,52.3
1784036766.161,962,3.58,-1.922,0.556,0.406,16.1,59.5
1784036766.161,962,1.441,1.636,0.072,-0.649,25.2,50.9
1784036766.161,962,3.126,0.398,0.459,-0.649,26.2,54.0
1784036766.161,962,5.114,-0.33,1.268,-0.649,13.0,53.6
1784036766.161,962,1.364,1.32,0.286,-0.243,27.6,51.9
1784036766.161,962,1.739,-0.72,0.376,-0.243,27.6,51.9
1784036766.264,963,1.696,-0.762,0.249,0.0,19.1,70.9
1784036766.264,963,3.47,-1.699,0.384,0.0,21.3,70.1
1784036766.264,963,6.555,-2.716,1.45,0.0,12.3,63.0
1784036766.264,963,7.34,-3.01,1.228,0.0,19.7,64.5
1784036766.264,963,8.433,-0.0,1.418,0.0,11.9,64.1
1784036766.264,963,0.459,0.579,-0.057,0.162,24.1,63.6
1784036766.264,963,0.46,0.524,0.044,0.325,23.5,60.6
1784036766.264,963,0.848,0.589,0.175,0.325,19.6,52.3
1784036766.264,963,1.435,1.505,0.249,0.325,27.7,54.1
1784036766.264,963,0.716,0.6,0.221,0.406,24.1,51.5
1784036766.264,963,3.23,-0.409,0.322,0.487,17.0,57.8
1784036766.264,963,5.091,-1.331,0.803,0.487,17.5,53.5
1784036766.366,964,1.696,-0.762,0.252,0.0,17.7,72.3
1784036766.366,964,3.471,-1.699,0.382,0.0,20.1,71.4
1784036766.366,964,6.586,-2.716,1.304,0.0,11.9,63.5
1784036766.366,964,7.346,-3.01,1.189,0.0,19.1,64.7
1784036766.366,964,8.451,-0.0,1.307,0.0,12.1,64.5
1784036766.366,964,0.462,0.579,-0.027,0.243,38.4,51.8
1784036766.366,964,3.595,-0.811,0.412,0.243,11.5,60.5
1784036766.366,964,0.863,0.648,0.161,0.325,23.0,52.2
1784036766.366,964,1.332,1.67,0.085,0.325,29.9,55.7
1784036766.366,964,3.313,2.487,0.617,0.325,16.4,58.8
1784036766.366,964,3.239,-0.311,0.639,0.568,18.8,56.0
1784036766.469,965,1.721,-0.704,0.248,0.0,17.2,72.8
1784036766.469,965,3.409,-1.82,0.376,0.0,18.4,72.7
1784036766.469,965,6.584,-2.716,1.312,0.0,12.2,62.9
1784036766.469,965,7.347,-3.01,1.186,0.0,19.5,64.5
1784036766.469,965,8.43,-0.0,1.437,0.0,12.8,63.9
1784036766.469,965,1.296,1.636,-0.168,0.243,17.2,60.4
1784036766.469,965,1.982,-0.524,-0.429,0.243,17.2,60.4
1784036766.469,965,0.477,0.614,-0.112,0.325,37.3,47.8
1784036766.469,965,0.437,0.654,0.378,0.325,28.5,52.2
1784036766.469,965,0.85,0.744,0.096,0.325,20.9,51.5
1784036766.469,965,3.352,2.513,0.6,0.325,13.7,57.6
1784036766.469,965,1.354,1.704,0.148,0.406,25.4,54.3
1784036766.469,965,0.588,0.038,0.163,0.487,22.7,46.1
1784036766.469,965,3.441,-0.447,0.872,0.487,12.0,60.0
1784036766.469,965,3.239,-0.307,0.345,0.568,17.3,53.1
1784036766.469,965,3.261,-0.315,0.744,0.568,21.6,53.4
1784036766.571,966,1.696,-0.762,0.252,0.0,18.1,72.0
1784036766.571,966,3.468,-1.699,0.405,0.0,19.1,72.8
1784036766.571,966,6.582,-2.716,1.326,0.0,11.5,63.1
1784036766.571,966,7.336,-3.01,1.249,0.0,19.6,64.4
1784036766.571,966,8.429,-0.0,1.438,0.0,12.2,64.9
1784036766.571,966,0.453,0.638,-0.066,0.406,36.0,46.5
1784036766.571,966,0.805,0.847,0.15,0.406,19.7,50.8
1784036766.571,966,1.147,1.804,-0.032,0.406,24.2,53.4
1784036766.571,966,2.055,-0.534,-0.248,0.406,24.2,53.4
1784036766.571,966,5.178,-1.363,1.035,0.568,12.4,54.0
1784036766.571,966,3.317,0.532,0.543,-0.649,27.4,51.7
1784036766.673,967,1.72,-0.704,0.255,0.0,17.8,72.2
1784036766.673,967,3.41,-1.82,0.372,0.0,18.2,73.1
1784036766.673,967,6.557,-2.716,1.443,0.0,11.7,63.5
1784036766.673,967,7.365,-3.01,1.064,0.0,18.7,65.0
1784036766.673,967,1.501,2.091,0.0,0.406,11.6,59.9
1784036766.673,967,1.178,1.877,0.197,0.487,25.2,51.9
1784036766.673,967,0.468,0.736,0.021,0.568,27.9,45.5
1784036766.673,967,3.396,-0.323,0.494,0.568,23.6,54.1
1784036766.775,968,1.721,-0.704,0.251,0.0,18.0,72.0
1784036766.775,968,3.472,-1.699,0.374,0.0,18.6,72.9
1784036766.775,968,5.023,-1.905,1.356,0.0,11.8,65.2
1784036766.775,968,4.139,3.636,0.59,0.0,11.8,65.2
1784036766.775,968,7.358,-3.01,1.116,0.0,18.6,65.2
1784036766.775,968,8.435,-0.0,1.407,0.0,11.7,65.3
1784036766.775,968,3.546,-0.335,0.33,0.325,15.9,59.3
1784036766.775,968,1.401,2.209,-0.103,0.406,14.1,57.3
1784036766.775,968,0.534,0.744,0.017,0.487,28.7,46.9
1784036766.775,968,3.468,-0.327,0.215,0.568,24.3,54.0
1784036766.875,969,0.476,-0.016,0.218,0.0,12.7,63.8
1784036766.875,969,1.697,-0.762,0.246,0.0,17.7,72.3
1784036766.875,969,3.472,-1.699,0.37,0.0,18.6,72.8
1784036766.875,969,7.348,-3.01,1.18,0.0,18.1,65.2
1784036766.875,969,8.495,-0.273,1.974,0.0,11.5,63.8
1784036766.875,969,5.442,-1.231,0.738,0.406,18.2,53.9
1784036766.875,969,3.534,-0.224,0.506,0.487,29.7,52.0
1784036766.875,969,0.612,0.518,0.345,-0.162,11.7,55.2
1784036766.978,970,1.696,-0.762,0.251,0.0,17.8,72.3
1784036766.978,970,3.472,-1.699,0.373,0.0,18.7,72.7
1784036766.978,970,6.564,-2.716,1.412,0.0,11.2,64.1
1784036766.978,970,7.346,-3.01,1.193,0.0,18.4,65.3
1784036766.978,970,3.533,-0.339,0.717,0.325,24.2,56.5
1784036767.079,971,1.721,-0.704,0.254,0.0,17.9,72.2
1784036767.079,971,3.471,-1.699,0.377,0.0,18.9,72.5
1784036767.079,971,7.344,-3.01,1.205,0.0,19.1,65.5
1784036767.079,971,3.573,-0.339,0.48,0.325,20.8,55.9
1784036767.079,971,5.508,-1.25,0.877,0.325,16.5,53.5
1784036767.079,971,3.682,0.83,0.399,-0.649,18.3,52.0
1784036767.183,972,1.696,-0.762,0.25,0.0,17.7,72.4
1784036767.183,972,3.472,-1.699,0.372,0.0,19.0,72.3
1784036767.183,972,7.34,-3.01,1.229,0.0,19.2,65.2
1784036767.183,972,8.443,-0.0,1.355,0.0,11.6,65.2
1784036767.183,972,0.357,0.098,0.131,0.162,27.1,60.3
1784036767.183,972,3.646,-0.464,0.493,0.325,17.0,56.3
1784036767.183,972,0.397,0.164,0.075,0.406,27.9,52.9
1784036767.183,972,0.878,0.491,0.291,-0.162,12.2,52.2
1784036767.284,973,1.697,-0.762,0.241,0.0,18.0,72.1
1784036767.284,973,3.408,-1.82,0.387,0.0,20.0,71.3
1784036767.284,973,7.342,-3.01,1.213,0.0,19.2,65.0
1784036767.284,973,8.455,-0.0,1.278,0.0,12.3,65.5
1784036767.284,973,8.414,-0.271,2.123,0.0,11.3,64.1
1784036767.284,973,3.397,-0.106,0.175,-0.649,14.8,53.2
1784036767.284,973,0.334,0.196,0.063,-0.568,21.9,67.1
1784036767.389,974,1.721,-0.704,0.249,0.0,17.6,72.4
1784036767.389,974,3.47,-1.699,0.392,0.0,18.9,72.5
1784036767.389,974,7.342,-3.01,1.216,0.0,19.4,65.0
1784036767.441,975,1.721,-0.704,0.251,0.0,17.9,72.2
1784036767.441,975,3.472,-1.699,0.374,0.0,18.2,73.1
1784036767.441,975,6.56,-2.716,1.427,0.0,11.7,63.5
1784036767.441,975,7.338,-3.01,1.239,0.0,19.5,64.9
1784036767.441,975,0.176,0.21,0.135,0.243,19.7,52.7
1784036767.441,975,3.745,-0.356,0.508,0.487,20.5,54.6
1784036767.441,975,0.252,0.218,0.103,-0.243,17.4,55.3
1784036767.543,976,1.697,-0.762,0.246,0.0,17.9,72.2
1784036767.543,976,3.472,-1.699,0.367,0.0,18.8,72.6
1784036767.543,976,6.568,-2.716,1.391,0.0,11.3,63.6
1784036767.543,976,7.347,-3.01,1.185,0.0,19.4,64.9
1784036767.543,976,3.775,-0.48,0.511,0.487,23.3,53.6
1784036767.651,977,1.697,-0.762,0.242,0.0,17.4,72.6
1784036767.651,977,3.411,-1.82,0.356,0.0,19.4,72.1
1784036767.651,977,6.533,-2.716,1.548,0.0,11.5,63.2
1784036767.651,977,7.351,-3.01,1.159,0.0,19.8,64.4
1784036767.651,977,8.463,-0.0,1.223,0.0,11.3,64.9
1784036767.651,977,3.979,-0.507,0.612,0.487,14.3,55.9
1784036767.651,977,4.157,-1.861,0.492,-0.162,12.9,52.1
1784036767.753,978,1.72,-0.704,0.254,0.0,17.2,72.8
1784036767.753,978,3.469,-1.699,0.393,0.0,19.0,72.3
1784036767.753,978,6.586,-2.716,1.303,0.0,11.7,63.5
1784036767.753,978,7.353,-3.01,1.149,0.0,19.6,64.7
1784036767.753,978,8.447,-0.0,1.331,0.0,11.4,64.5
1784036767.753,978,3.849,-0.614,0.48,0.325,23.2,53.5
1784036767.753,978,3.997,-0.641,0.66,0.406,18.3,57.0
1784036767.857,979,1.721,-0.704,0.25,0.0,17.4,72.6
1784036767.857,979,3.469,-1.699,0.394,0.0,18.9,72.1
1784036767.857,979,6.548,-2.716,1.483,0.0,11.7,63.4
1784036767.857,979,7.351,-3.01,1.16,0.0,19.4,64.7
1784036767.857,979,8.47,-0.0,1.175,0.0,12.0,64.1
1784036767.857,979,4.06,-0.654,0.792,0.406,14.9,56.2
1784036767.958,980,0.601,-0.095,-0.053,0.0,13.2,62.4
1784036767.958,980,1.72,-0.704,0.255,0.0,17.5,72.4
1784036767.958,980,3.407,-1.82,0.394,0.0,16.5,72.7
1784036767.958,980,5.152,-1.92,0.981,0.0,11.2,63.7
1784036767.958,980,4.259,3.49,0.929,0.0,11.2,63.7
1784036767.958,980,6.548,-2.716,1.485,0.0,11.2,64.0
1784036767.958,980,7.359,-3.01,1.104,0.0,18.7,65.5
1784036767.958,980,8.445,-0.0,1.343,0.0,11.5,64.3
1784036767.958,980,3.901,-0.888,0.678,0.406,19.5,52.1
1784036767.958,980,4.067,-0.654,0.759,0.487,18.3,55.5
1784036767.958,980,3.95,-0.627,0.334,0.568,14.6,54.2
1784036768.06,981,1.72,-0.704,0.258,0.0,17.0,73.0
1784036768.06,981,3.412,-1.82,0.346,0.0,15.0,73.5
1784036768.06,981,7.365,-3.01,1.068,0.0,18.4,66.1
1784036768.06,981,4.194,-0.668,0.493,0.487,17.2,55.2
1784036768.06,981,6.129,-0.384,0.363,-0.649,11.9,51.1
1784036768.162,982,1.719,-0.704,0.262,0.0,17.1,73.0
1784036768.162,982,3.403,-1.82,0.431,0.0,17.1,72.2
1784036768.162,982,7.353,-3.01,1.145,0.0,19.8,64.8
1784036768.162,982,8.438,-0.0,1.388,0.0,12.0,63.9
1784036768.162,982,4.034,-0.777,0.551,0.568,24.8,49.6
1784036768.162,982,4.222,-0.675,0.612,0.568,17.9,54.3
1784036768.162,982,5.868,-1.742,0.954,0.568,15.0,51.9
1784036768.265,983,0.558,-0.076,-0.237,0.0,12.2,63.1
1784036768.265,983,1.718,-0.704,0.268,0.0,17.3,72.7
1784036768.265,983,3.472,-1.699,0.371,0.0,16.2,72.8
1784036768.265,983,7.351,-3.01,1.159,0.0,19.0,65.6
1784036768.265,983,4.092,-0.785,0.422,0.487,25.2,51.5
1784036768.367,984,1.719,-0.704,0.265,0.0,17.3,72.7
1784036768.367,984,3.47,-1.699,0.388,0.0,17.7,72.3
1784036768.367,984,7.351,-3.01,1.16,0.0,19.3,65.3
1784036768.367,984,4.201,-0.826,1.041,0.406,15.1,55.8
1784036768.367,984,4.136,-0.661,0.602,0.487,26.3,50.4
1784036768.47,985,0.575,-0.095,-0.184,0.0,12.9,63.4
1784036768.47,985,1.719,-0.704,0.263,0.0,17.1,72.8
1784036768.47,985,3.405,-1.82,0.416,0.0,17.4,71.8
1784036768.47,985,7.354,-3.01,1.139,0.0,19.5,65.0
1784036768.47,985,2.692,-0.709,0.543,0.162,16.1,53.9
1784036768.47,985,1.402,2.393,0.594,0.162,16.1,53.9
1784036768.47,985,4.216,-0.964,0.844,0.325,17.6,52.5
1784036768.571,986,0.571,-0.076,-0.203,0.0,13.3,63.0
1784036768.571,986,1.72,-0.704,0.257,0.0,17.1,72.9
1784036768.571,986,3.406,-1.82,0.406,0.0,16.4,72.6
1784036768.571,986,5.067,-2.078,0.843,0.0,11.7,64.5
1784036768.571,986,4.139,3.636,0.59,0.0,11.7,64.5
1784036768.571,986,7.351,-3.01,1.16,0.0,18.9,65.5
1784036768.571,986,4.215,-0.81,0.483,0.243,23.2,54.4
1784036768.571,986,4.237,-0.973,0.949,0.243,18.1,56.0
1784036768.677,987,1.719,-0.704,0.262,0.0,17.4,72.6
1784036768.677,987,3.473,-1.699,0.359,0.0,18.4,71.9
1784036768.677,987,7.356,-3.01,1.127,0.0,19.2,65.2
1784036768.677,987,8.4,-0.0,1.604,0.0,11.7,64.3
1784036768.677,987,4.338,-0.843,0.815,0.162,18.4,56.4
1784036768.677,987,0.669,1.028,0.31,-0.162,19.3,48.0
1784036768.778,988,0.375,-0.458,-0.15,0.0,12.6,63.5
1784036768.778,988,1.694,-0.762,0.263,0.0,17.0,73.0
1784036768.778,988,3.408,-1.82,0.387,0.0,16.7,72.1
1784036768.778,988,5.146,-1.905,0.767,0.0,12.9,64.2
1784036768.778,988,4.043,3.636,1.063,0.0,12.9,64.2
1784036768.778,988,7.362,-3.01,1.086,0.0,18.6,65.7
1784036768.778,988,8.43,-0.0,1.433,0.0,11.7,64.3
1784036768.881,989,0.33,-0.458,-0.233,0.0,13.4,63.6
1784036768.881,989,1.72,-0.704,0.258,0.0,16.9,73.1
1784036768.881,989,3.407,-1.82,0.4,0.0,16.5,72.7
1784036768.881,989,7.361,-3.01,1.094,0.0,19.0,65.4
1784036768.931,990,1.72,-0.704,0.257,0.0,17.1,72.9
1784036768.931,990,3.412,-1.82,0.348,0.0,17.1,72.5
1784036768.931,990,7.362,-3.01,1.087,0.0,19.3,65.1
1784036769.084,991,1.719,-0.704,0.263,0.0,17.2,72.9
1784036769.084,991,3.407,-1.82,0.394,0.0,16.9,72.3
1784036769.084,991,4.065,3.636,0.976,0.0,11.8,63.7
1784036769.084,991,7.359,-3.01,1.108,0.0,19.0,65.5
1784036769.084,991,0.212,0.22,0.001,-0.243,17.6,56.5
1784036769.084,991,0.52,0.72,0.364,-0.243,19.4,55.2
1784036769.184,992,1.719,-0.704,0.264,0.0,16.8,73.2
1784036769.184,992,3.411,-1.82,0.361,0.0,17.2,71.5
1784036769.184,992,7.349,-3.01,1.172,0.0,18.7,65.6
1784036769.184,992,0.586,0.818,0.29,-0.162,14.4,53.3
1784036769.236,993,1.719,-0.704,0.262,0.0,17.1,72.9
1784036769.236,993,3.468,-1.699,0.404,0.0,16.8,72.4
1784036769.236,993,7.356,-3.01,1.127,0.0,18.7,65.4
1784036769.339,994,1.717,-0.704,0.274,0.0,17.1,72.9
1784036769.339,994,3.409,-1.82,0.376,0.0,16.0,73.0
1784036769.339,994,7.354,-3.01,1.141,0.0,18.6,65.9
1784036769.339,994,0.491,0.744,0.21,-0.162,19.8,54.3
1784036769.442,995,1.717,-0.704,0.278,0.0,17.1,73.0
1784036769.442,995,3.411,-1.82,0.362,0.0,16.2,73.0
1784036769.442,995,7.354,-3.01,1.14,0.0,18.5,66.0
1784036769.544,996,0.602,-0.095,-0.032,0.0,11.2,65.2
1784036769.544,996,1.721,-0.704,0.254,0.0,17.2,72.8
1784036769.544,996,3.466,-1.699,0.419,0.0,16.6,72.3
1784036769.544,996,7.351,-3.01,1.161,0.0,18.3,66.3
1784036769.647,997,0.385,-0.458,-0.124,0.0,13.0,63.4
1784036769.647,997,1.719,-0.704,0.264,0.0,17.2,72.7
1784036769.647,997,3.473,-1.699,0.365,0.0,17.1,72.3
1784036769.647,997,7.348,-3.01,1.176,0.0,18.5,66.1
1784036769.647,997,0.599,0.659,0.216,0.243,17.6,50.7
1784036769.75,998,0.34,-0.458,-0.219,0.0,12.3,63.4
1784036769.75,998,1.719,-0.704,0.261,0.0,16.8,73.1
1784036769.75,998,3.406,-1.82,0.405,0.0,16.9,72.1
1784036769.75,998,7.352,-3.01,1.15,0.0,18.3,66.3
1784036769.75,998,0.711,0.69,0.161,0.162,11.9,53.9
1784036769.75,998,0.592,0.72,0.228,0.325,20.2,47.5
1784036769.852,999,1.72,-0.704,0.26,0.0,16.8,73.2
1784036769.852,999,3.409,-1.82,0.38,0.0,16.4,72.5
1784036769.852,999,7.352,-3.01,1.154,0.0,18.8,65.9
1784036769.852,999,0.21,0.331,0.016,0.081,16.6,64.3
1784036769.852,999,4.151,-1.276,1.314,0.081,11.8,62.3
1784036769.852,999,3.378,-2.978,-0.557,0.081,11.8,62.3
1784036769.852,999,0.607,0.753,0.268,0.325,21.8,46.9
1784036769.954,1000,0.367,-0.458,-0.168,0.0,13.5,62.3
1784036769.954,1000,1.718,-0.704,0.272,0.0,17.1,72.9
1784036769.954,1000,3.41,-1.82,0.366,0.0,16.1,73.2
1784036769.954,1000,7.353,-3.01,1.144,0.0,19.1,65.5
1784036769.954,1000,0.218,0.319,0.07,0.081,13.0,64.7
1784036769.954,1000,0.583,0.75,0.138,0.162,11.9,52.2
1784036769.954,1000,0.559,0.753,0.467,0.243,18.6,49.4
1784036770.058,1001,0.211,0.331,0.008,0.0,13.7,68.1
1784036770.058,1001,0.588,-0.095,-0.133,0.0,13.8,62.4
1784036770.058,1001,1.719,-0.704,0.267,0.0,17.2,72.8
1784036770.058,1001,3.408,-1.82,0.39,0.0,16.2,72.6
1784036770.058,1001,7.35,-3.01,1.164,0.0,18.8,65.5
1784036770.058,1001,0.603,0.851,-0.093,0.243,13.8,49.0
1784036770.161,1002,0.595,-0.095,-0.099,0.0,13.0,62.9
1784036770.161,1002,1.721,-0.704,0.252,0.0,17.2,72.9
1784036770.161,1002,3.406,-1.82,0.404,0.0,15.7,73.1
1784036770.161,1002,7.349,-3.01,1.171,0.0,18.4,65.8
1784036770.161,1002,0.79,0.687,0.028,0.243,16.2,48.1
1784036770.263,1003,0.312,-0.477,-0.219,0.0,13.5,63.7
1784036770.263,1003,1.719,-0.704,0.261,0.0,17.2,72.9
1784036770.263,1003,3.408,-1.82,0.391,0.0,16.7,72.7
1784036770.263,1003,6.512,-2.716,1.634,0.0,11.5,63.5
1784036770.263,1003,7.35,-3.01,1.167,0.0,18.7,65.2
1784036770.263,1003,0.686,0.785,0.097,0.243,14.8,48.4
1784036770.365,1004,1.72,-0.704,0.256,0.0,17.0,73.0
1784036770.365,1004,3.41,-1.82,0.372,0.0,16.5,72.5
1784036770.365,1004,7.351,-3.01,1.16,0.0,18.8,65.3
1784036770.365,1004,4.377,-1.445,0.378,0.162,14.7,50.6
1784036770.365,1004,0.807,0.78,0.167,0.243,16.4,48.6
1784036770.468,1005,1.72,-0.704,0.26,0.0,17.4,72.6
1784036770.468,1005,3.412,-1.82,0.352,0.0,16.3,72.8
1784036770.468,1005,6.517,-2.716,1.616,0.0,11.6,63.0
1784036770.468,1005,7.348,-3.01,1.18,0.0,19.8,64.6
1784036770.57,1006,1.719,-0.704,0.266,0.0,17.3,72.8
1784036770.57,1006,3.406,-1.82,0.401,0.0,16.7,72.2
1784036770.57,1006,7.348,-3.01,1.178,0.0,19.1,65.3
1784036770.57,1006,4.338,-1.301,0.936,0.162,16.4,51.6
1784036770.672,1007,1.72,-0.704,0.256,0.0,16.9,73.1
1784036770.672,1007,3.41,-1.82,0.374,0.0,15.9,73.1
1784036770.672,1007,6.62,-2.49,1.558,0.0,11.5,63.4
1784036770.672,1007,7.352,-3.01,1.154,0.0,19.2,65.0
1784036770.672,1007,1.407,1.35,0.227,0.081,13.8,68.8
1784036770.772,1008,0.207,0.331,0.039,0.0,16.5,68.1
1784036770.772,1008,0.314,-0.477,-0.217,0.0,14.6,62.8
1784036770.772,1008,1.721,-0.704,0.248,0.0,17.2,72.9
1784036770.772,1008,3.411,-1.82,0.36,0.0,16.5,72.8
1784036770.772,1008,6.515,-2.716,1.623,0.0,12.0,63.0
1784036770.772,1008,7.355,-3.01,1.132,0.0,19.2,64.6
1784036770.88,1009,0.208,0.331,0.035,0.0,17.3,68.2
1784036770.88,1009,1.721,-0.704,0.254,0.0,17.1,72.9
1784036770.88,1009,3.407,-1.82,0.397,0.0,16.2,72.6
1784036770.88,1009,6.524,-2.716,1.586,0.0,11.7,63.4
1784036770.88,1009,7.349,-3.01,1.172,0.0,19.2,64.9
1784036770.982,1010,0.205,0.331,0.05,0.0,18.1,68.0
1784036770.982,1010,1.721,-0.704,0.253,0.0,17.2,72.9
1784036770.982,1010,3.41,-1.82,0.367,0.0,16.5,72.9
1784036770.982,1010,6.506,-2.716,1.657,0.0,11.6,63.8
1784036770.982,1010,7.358,-3.01,1.113,0.0,18.7,65.3
1784036770.982,1010,8.445,-0.0,1.344,0.0,11.4,64.6
1784036771.034,1011,1.721,-0.704,0.254,0.0,17.4,72.7
1784036771.034,1011,3.409,-1.82,0.377,0.0,16.2,72.9
1784036771.034,1011,7.347,-3.01,1.183,0.0,18.3,65.7
1784036771.138,1012,1.719,-0.704,0.261,0.0,17.2,72.8
1784036771.138,1012,3.406,-1.82,0.403,0.0,16.2,73.0
1784036771.138,1012,7.354,-3.01,1.139,0.0,18.7,65.4
1784036771.29,1013,0.295,0.221,0.137,0.0,15.9,68.3
1784036771.29,1013,1.72,-0.704,0.259,0.0,17.4,72.7
1784036771.29,1013,3.412,-1.82,0.351,0.0,16.2,72.9
1784036771.29,1013,6.524,-2.716,1.587,0.0,11.6,63.7
1784036771.29,1013,7.345,-3.01,1.199,0.0,19.0,65.0
1784036771.341,1014,0.205,0.331,0.05,0.0,18.3,69.0
1784036771.341,1014,0.6,-0.115,-0.021,0.0,13.8,63.5
1784036771.341,1014,1.717,-0.704,0.274,0.0,17.2,72.8
1784036771.341,1014,3.407,-1.82,0.399,0.0,16.4,72.6
1784036771.341,1014,6.52,-2.716,1.603,0.0,11.5,63.8
1784036771.341,1014,7.359,-3.01,1.105,0.0,18.8,65.3
1784036771.443,1015,0.199,-0.319,-0.114,0.0,12.0,68.5
1784036771.443,1015,1.72,-0.704,0.257,0.0,17.0,73.0
1784036771.443,1015,3.405,-1.82,0.417,0.0,16.3,72.7
1784036771.443,1015,6.604,-2.49,1.623,0.0,11.6,63.7
1784036771.443,1015,7.347,-3.01,1.182,0.0,18.7,65.2
1784036771.544,1016,0.601,-0.095,-0.053,0.0,12.9,63.9
1784036771.544,1016,1.717,-0.704,0.275,0.0,17.3,72.9
1784036771.544,1016,3.407,-1.82,0.393,0.0,16.5,72.6
1784036771.544,1016,7.351,-3.01,1.159,0.0,18.8,65.3
1784036771.646,1017,0.222,0.368,0.074,0.0,18.9,66.9
1784036771.646,1017,1.72,-0.704,0.256,0.0,16.9,73.1
1784036771.646,1017,3.409,-1.82,0.374,0.0,16.4,72.5
1784036771.646,1017,6.488,-2.716,1.726,0.0,11.5,63.5
1784036771.646,1017,7.349,-3.01,1.17,0.0,18.8,65.1
1784036771.748,1018,1.72,-0.704,0.257,0.0,17.4,72.6
1784036771.748,1018,3.408,-1.82,0.383,0.0,15.7,73.3
1784036771.748,1018,6.524,-2.716,1.585,0.0,11.6,63.6
1784036771.748,1018,7.345,-3.01,1.196,0.0,18.9,65.1
1784036771.851,1019,0.233,0.368,0.025,0.0,19.2,67.1
1784036771.851,1019,1.72,-0.704,0.254,0.0,17.3,72.6
1784036771.851,1019,3.409,-1.82,0.378,0.0,16.3,72.8
1784036771.851,1019,6.528,-2.716,1.568,0.0,11.9,63.2
1784036771.851,1019,7.351,-3.01,1.161,0.0,19.3,64.8
1784036771.953,1020,0.251,0.27,0.135,0.0,15.5,67.4
1784036771.953,1020,0.244,0.294,0.089,0.0,15.5,67.4
1784036771.953,1020,0.569,-0.095,-0.201,0.0,12.0,63.5
1784036771.953,1020,1.718,-0.704,0.268,0.0,17.3,72.8
1784036771.953,1020,3.41,-1.82,0.367,0.0,15.6,73.4
1784036771.953,1020,7.347,-3.01,1.182,0.0,18.5,65.5
1784036772.054,1021,0.38,-0.458,-0.136,0.0,13.9,63.6
1784036772.054,1021,1.717,-0.704,0.277,0.0,17.3,72.8
1784036772.054,1021,3.409,-1.82,0.381,0.0,16.0,73.1
1784036772.054,1021,6.522,-2.716,1.594,0.0,11.2,63.7
1784036772.054,1021,7.354,-3.01,1.142,0.0,19.0,65.1
1784036772.157,1022,1.718,-0.704,0.272,0.0,17.2,72.9
1784036772.157,1022,3.409,-1.82,0.38,0.0,16.4,72.6
1784036772.157,1022,7.352,-3.01,1.156,0.0,18.8,65.1
1784036772.258,1023,1.721,-0.704,0.251,0.0,17.1,72.9
1784036772.258,1023,3.411,-1.82,0.356,0.0,16.8,72.2
1784036772.258,1023,7.35,-3.01,1.168,0.0,18.6,65.4
1784036772.361,1024,0.23,0.368,0.043,0.0,16.0,66.4
1784036772.361,1024,0.593,-0.095,-0.113,0.0,13.0,63.7
1784036772.361,1024,1.718,-0.704,0.272,0.0,17.2,72.8
1784036772.361,1024,3.408,-1.82,0.388,0.0,16.6,72.8
1784036772.361,1024,7.346,-3.01,1.193,0.0,18.6,65.5
1784036772.464,1025,0.597,-0.115,0.061,0.0,13.3,63.8
1784036772.464,1025,1.718,-0.704,0.269,0.0,17.3,72.8
1784036772.464,1025,3.406,-1.82,0.404,0.0,15.6,73.4
1784036772.464,1025,7.351,-3.01,1.159,0.0,19.0,65.1
1784036772.566,1026,1.719,-0.704,0.264,0.0,17.2,72.8
1784036772.566,1026,3.408,-1.82,0.391,0.0,16.2,73.3
1784036772.566,1026,7.351,-3.01,1.16,0.0,18.5,65.6
1784036772.67,1027,1.719,-0.704,0.261,0.0,17.1,73.0
1784036772.67,1027,3.408,-1.82,0.392,0.0,15.6,73.3
1784036772.67,1027,7.353,-3.01,1.147,0.0,18.7,65.5
1784036772.772,1028,1.718,-0.704,0.271,0.0,17.2,72.8
1784036772.772,1028,3.406,-1.82,0.406,0.0,16.2,73.1
1784036772.772,1028,6.588,-2.49,1.69,0.0,11.5,63.5
1784036772.772,1028,7.349,-3.01,1.175,0.0,19.3,65.0
1784036772.876,1029,0.203,0.331,-0.055,0.0,13.9,67.8
1784036772.876,1029,1.718,-0.704,0.273,0.0,17.1,72.9
1784036772.876,1029,3.409,-1.82,0.381,0.0,16.4,72.9
1784036772.876,1029,3.986,3.779,0.219,0.0,13.1,63.7
1784036772.876,1029,6.528,-2.716,1.57,0.0,11.2,63.8
1784036772.876,1029,7.346,-3.01,1.191,0.0,18.9,65.3
1784036772.979,1030,0.598,-0.095,-0.082,0.0,12.0,63.7
1784036772.979,1030,1.718,-0.704,0.273,0.0,17.2,72.9
1784036772.979,1030,3.406,-1.82,0.405,0.0,16.1,72.9
1784036772.979,1030,5.23,-1.732,0.593,0.0,12.9,64.1
1784036772.979,1030,4.073,3.636,0.945,0.0,12.9,64.1
1784036772.979,1030,7.349,-3.01,1.173,0.0,19.0,65.1
1784036773.082,1031,1.716,-0.704,0.28,0.0,17.2,73.0
1784036773.082,1031,3.409,-1.82,0.381,0.0,16.7,72.5
1784036773.082,1031,3.98,3.779,0.315,0.0,12.3,64.0
1784036773.082,1031,6.592,-2.49,1.672,0.0,11.8,63.2
1784036773.082,1031,7.35,-3.01,1.167,0.0,19.5,64.7
1784036773.082,1031,0.88,0.84,0.11,-0.162,12.8,50.3
1784036773.132,1032,0.203,0.331,0.056,0.0,17.6,67.9
1784036773.132,1032,1.72,-0.704,0.256,0.0,17.1,72.9
1784036773.132,1032,3.47,-1.699,0.387,0.0,15.9,73.0
1784036773.132,1032,5.171,-1.905,0.578,0.0,12.9,64.2
1784036773.132,1032,4.05,3.636,1.039,0.0,12.9,64.2
1784036773.132,1032,7.357,-3.01,1.122,0.0,18.5,65.5
1784036773.288,1033,1.719,-0.704,0.267,0.0,17.1,72.9
1784036773.288,1033,1.408,1.35,0.225,0.0,12.6,72.3
1784036773.288,1033,3.406,-1.82,0.406,0.0,16.4,73.0
1784036773.288,1033,3.945,3.779,0.608,0.0,12.6,63.9
1784036773.288,1033,6.566,-2.716,1.403,0.0,12.2,63.0
1784036773.288,1033,7.356,-3.01,1.129,0.0,19.5,64.6
1784036773.288,1033,4.316,-1.459,1.019,0.081,11.3,60.6
1784036773.389,1034,1.722,-0.704,0.246,0.0,16.9,73.0
1784036773.389,1034,1.345,1.411,0.234,0.0,13.2,72.3
1784036773.389,1034,1.576,-0.736,0.911,0.0,13.2,72.3
1784036773.389,1034,3.409,-1.82,0.377,0.0,15.7,72.9
1784036773.389,1034,6.61,-2.49,1.602,0.0,11.3,63.7
1784036773.389,1034,7.353,-3.01,1.147,0.0,18.9,65.2
1784036773.442,1035,1.717,-0.704,0.279,0.0,17.1,73.1
1784036773.442,1035,3.411,-1.82,0.356,0.0,16.8,72.7
1784036773.442,1035,3.988,3.779,0.188,0.0,12.0,64.8
1784036773.442,1035,6.537,-2.716,1.53,0.0,11.8,63.2
1784036773.442,1035,7.354,-3.01,1.142,0.0,19.4,64.7
1784036773.544,1036,1.716,-0.704,0.286,0.0,17.3,73.0
1784036773.544,1036,3.409,-1.82,0.375,0.0,15.6,73.2
1784036773.544,1036,3.985,3.779,0.239,0.0,12.6,64.6
1784036773.544,1036,7.353,-3.01,1.144,0.0,18.7,65.3
1784036773.645,1037,0.187,0.319,-0.132,0.0,13.5,67.4
1784036773.645,1037,1.715,-0.704,0.29,0.0,17.5,72.9
1784036773.645,1037,3.408,-1.82,0.387,0.0,16.5,72.7
1784036773.645,1037,3.979,3.779,0.323,0.0,11.4,65.8
1784036773.645,1037,6.545,-2.716,1.495,0.0,11.4,63.3
1784036773.645,1037,7.352,-3.01,1.156,0.0,19.1,64.8
1784036773.747,1038,0.244,0.354,0.072,0.0,15.5,65.3
1784036773.747,1038,1.721,-0.704,0.248,0.0,16.9,72.9
1784036773.747,1038,1.415,1.35,0.172,0.0,14.8,72.1
1784036773.747,1038,3.408,-1.82,0.384,0.0,16.5,72.5
1784036773.747,1038,3.98,3.779,0.313,0.0,11.9,65.4
1784036773.747,1038,6.541,-2.716,1.514,0.0,11.5,63.1
1784036773.747,1038,7.355,-3.01,1.134,0.0,19.3,64.6
1784036773.849,1039,1.72,-0.704,0.258,0.0,17.1,72.9
1784036773.849,1039,1.415,1.35,0.174,0.0,14.0,72.1
1784036773.849,1039,1.64,-0.675,0.843,0.0,14.0,72.1
1784036773.849,1039,3.407,-1.82,0.396,0.0,16.4,72.8
1784036773.849,1039,6.623,-2.49,1.547,0.0,12.1,63.0
1784036773.849,1039,7.355,-3.01,1.134,0.0,19.3,64.5
1784036773.952,1040,0.226,0.368,0.063,0.0,14.3,67.0
1784036773.952,1040,1.716,-0.704,0.282,0.0,17.3,72.8
1784036773.952,1040,3.408,-1.82,0.384,0.0,15.9,73.1
1784036773.952,1040,6.558,-2.716,1.437,0.0,12.0,63.1
1784036773.952,1040,7.35,-3.01,1.166,0.0,19.1,64.7
1784036774.059,1041,0.253,0.354,-0.027,0.0,14.3,66.4
1784036774.059,1041,0.316,-0.458,-0.252,0.0,11.7,63.6
1784036774.059,1041,1.717,-0.704,0.275,0.0,17.2,72.9
1784036774.059,1041,3.468,-1.699,0.409,0.0,16.6,72.8
1784036774.059,1041,6.537,-2.716,1.53,0.0,11.6,63.5
1784036774.059,1041,7.348,-3.01,1.18,0.0,19.0,65.0
1784036774.161,1042,0.192,0.319,-0.125,0.0,13.5,68.2
1784036774.161,1042,0.337,-0.458,-0.223,0.0,12.1,63.3
1784036774.161,1042,1.717,-0.704,0.276,0.0,17.2,72.9
1784036774.161,1042,3.406,-1.82,0.402,0.0,16.1,73.1
1784036774.161,1042,6.522,-2.716,1.594,0.0,11.7,63.4
1784036774.161,1042,7.352,-3.01,1.154,0.0,18.7,65.1
1784036774.263,1043,1.719,-0.704,0.265,0.0,16.9,73.1
1784036774.263,1043,3.407,-1.82,0.4,0.0,15.8,73.5
1784036774.263,1043,6.544,-2.716,1.501,0.0,11.5,63.7
1784036774.263,1043,7.355,-3.01,1.13,0.0,18.7,65.1
1784036774.366,1044,1.719,-0.704,0.266,0.0,16.9,73.1
1784036774.366,1044,3.409,-1.82,0.379,0.0,16.4,72.9
1784036774.366,1044,6.543,-2.716,1.506,0.0,12.1,63.2
1784036774.366,1044,7.349,-3.01,1.175,0.0,19.1,64.8
1784036774.366,1044,4.468,-1.486,0.666,0.162,13.6,50.7
1784036774.469,1045,0.523,-0.071,-0.207,0.0,11.7,64.0
1784036774.469,1045,1.713,-0.704,0.298,0.0,17.4,73.0
1784036774.469,1045,3.408,-1.82,0.389,0.0,16.4,72.9
1784036774.469,1045,6.604,-2.49,1.624,0.0,12.0,63.6
1784036774.469,1045,7.352,-3.01,1.154,0.0,19.0,65.1
1784036774.469,1045,8.401,-0.0,1.594,0.0,11.4,64.7
1784036774.572,1046,1.715,-0.704,0.289,0.0,17.5,72.8
1784036774.572,1046,3.41,-1.82,0.37,0.0,15.8,73.1
1784036774.572,1046,6.524,-2.716,1.585,0.0,12.0,63.4
1784036774.572,1046,7.353,-3.01,1.144,0.0,19.1,65.0
1784036774.572,1046,8.402,-0.0,1.589,0.0,11.5,64.5
1784036774.674,1047,0.553,-0.076,-0.247,0.0,11.8,63.2
1784036774.674,1047,1.714,-0.704,0.293,0.0,17.3,72.9
1784036774.674,1047,3.469,-1.699,0.401,0.0,16.4,72.9
1784036774.674,1047,6.529,-2.716,1.564,0.0,11.3,63.8
1784036774.674,1047,7.351,-3.01,1.157,0.0,19.1,65.2
1784036774.777,1048,0.557,-0.076,-0.239,0.0,11.4,64.2
1784036774.777,1048,1.721,-0.704,0.254,0.0,17.3,72.7
1784036774.777,1048,3.406,-1.82,0.403,0.0,16.7,72.6
1784036774.777,1048,6.521,-2.716,1.599,0.0,11.5,63.8
1784036774.777,1048,7.351,-3.01,1.157,0.0,18.7,65.3
1784036774.881,1049,1.719,-0.704,0.265,0.0,17.2,72.8
1784036774.881,1049,3.409,-1.82,0.374,0.0,16.6,72.4
1784036774.881,1049,7.357,-3.01,1.122,0.0,18.6,65.5
1784036774.881,1049,8.414,-0.0,1.527,0.0,11.4,64.6
1784036774.936,1050,0.345,-0.458,-0.21,0.0,11.5,63.9
1784036774.936,1050,1.72,-0.704,0.255,0.0,17.2,72.9
1784036774.936,1050,3.411,-1.82,0.36,0.0,17.1,72.1
1784036774.936,1050,6.538,-2.716,1.524,0.0,12.1,63.3
1784036774.936,1050,7.353,-3.01,1.147,0.0,19.2,64.9
1784036774.936,1050,8.428,-0.0,1.448,0.0,11.5,64.7
1784036774.936,1050,0.25,0.24,0.044,0.325,29.0,56.8
1784036775.038,1051,1.719,-0.704,0.263,0.0,17.2,72.8
1784036775.038,1051,3.469,-1.699,0.393,0.0,16.6,72.6
1784036775.038,1051,6.554,-2.716,1.457,0.0,11.7,63.3
1784036775.038,1051,7.358,-3.01,1.111,0.0,19.3,64.9
1784036775.038,1051,8.421,-0.0,1.488,0.0,11.2,64.9
1784036775.038,1051,0.47,0.44,0.367,0.243,14.8,51.1
1784036775.038,1051,0.264,0.282,0.071,0.325,25.0,61.6
1784036775.038,1051,0.51,0.436,0.193,0.325,15.4,52.0
1784036775.192,1052,0.295,0.258,0.029,0.0,12.5,70.6
1784036775.192,1052,0.597,-0.095,-0.086,0.0,11.3,64.9
1784036775.192,1052,1.695,-0.762,0.258,0.0,16.0,73.5
1784036775.192,1052,3.406,-1.82,0.408,0.0,16.9,72.1
1784036775.192,1052,6.559,-2.716,1.435,0.0,12.3,63.4
1784036775.192,1052,7.357,-3.01,1.122,0.0,19.3,64.8
1784036775.192,1052,8.436,-0.0,1.4,0.0,11.3,64.8
1784036775.245,1053,1.693,-0.762,0.267,0.0,17.1,73.0
1784036775.245,1053,3.47,-1.699,0.384,0.0,17.1,72.1
1784036775.245,1053,6.578,-2.716,1.346,0.0,12.2,63.4
1784036775.245,1053,7.359,-3.01,1.107,0.0,19.1,64.9
1784036775.245,1053,0.264,0.282,0.071,-0.081,18.2,68.0
1784036775.346,1054,1.72,-0.704,0.259,0.0,16.9,73.2
1784036775.346,1054,3.469,-1.699,0.396,0.0,16.8,72.4
1784036775.346,1054,6.582,-2.716,1.323,0.0,12.6,63.0
1784036775.346,1054,7.356,-3.01,1.128,0.0,19.6,64.5
1784036775.346,1054,0.263,0.282,0.073,-0.162,18.1,64.5
1784036775.346,1054,0.405,0.567,0.037,-0.162,16.2,53.7
1784036775.448,1055,1.72,-0.704,0.26,0.0,17.2,73.0
1784036775.448,1055,3.469,-1.699,0.397,0.0,16.4,72.8
1784036775.448,1055,6.565,-2.716,1.406,0.0,11.7,63.8
1784036775.448,1055,7.358,-3.01,1.114,0.0,18.9,65.2
1784036775.448,1055,0.221,0.262,0.066,-0.162,23.8,63.9
1784036775.448,1055,2.28,-0.6,0.445,-0.162,16.6,58.6
1784036775.448,1055,1.8,1.575,0.199,-0.162,16.6,58.6
1784036775.448,1055,3.06,-1.767,0.028,-0.162,13.4,56.6
1784036775.55,1056,0.554,-0.076,-0.245,0.0,13.0,64.2
1784036775.55,1056,1.717,-0.704,0.275,0.0,17.2,73.1
1784036775.55,1056,3.471,-1.699,0.381,0.0,17.2,72.1
1784036775.55,1056,6.553,-2.716,1.463,0.0,12.1,63.6
1784036775.55,1056,7.356,-3.01,1.125,0.0,19.1,65.0
1784036775.653,1057,0.21,0.331,0.019,0.0,15.2,68.6
1784036775.653,1057,1.721,-0.704,0.251,0.0,16.3,73.5
1784036775.653,1057,3.409,-1.82,0.383,0.0,16.3,72.7
1784036775.653,1057,6.566,-2.716,1.401,0.0,11.6,64.0
1784036775.653,1057,7.353,-3.01,1.145,0.0,18.9,65.2
1784036775.653,1057,2.985,-1.723,0.024,-0.406,26.9,48.0
1784036775.755,1058,1.719,-0.704,0.267,0.0,17.1,73.1
1784036775.755,1058,3.407,-1.82,0.392,0.0,16.6,72.6
1784036775.755,1058,7.35,-3.01,1.164,0.0,19.4,64.8
1784036775.755,1058,0.238,0.251,0.046,0.081,15.8,67.6
1784036775.755,1058,3.005,-1.595,0.071,-0.243,21.7,49.8
1784036775.858,1059,0.366,-0.477,-0.107,0.0,13.1,62.9
1784036775.858,1059,1.719,-0.704,0.261,0.0,16.4,73.1
1784036775.858,1059,3.408,-1.82,0.388,0.0,16.2,72.8
1784036775.858,1059,6.51,-2.716,1.641,0.0,11.5,62.9
1784036775.858,1059,7.345,-3.01,1.198,0.0,20.0,64.4
1784036775.858,1059,0.229,0.251,0.08,-0.406,18.6,62.8
1784036775.967,1060,0.294,-0.458,-0.277,0.0,13.8,62.4
1784036775.967,1060,1.719,-0.704,0.263,0.0,17.1,72.9
1784036775.967,1060,3.408,-1.82,0.391,0.0,16.1,73.2
1784036775.967,1060,6.514,-2.716,1.628,0.0,11.9,63.3
1784036775.967,1060,7.353,-3.01,1.149,0.0,19.5,64.7
1784036775.967,1060,3.314,-0.982,0.486,0.162,19.9,54.2
1784036775.967,1060,1.357,1.411,0.152,0.243,30.6,51.0
1784036775.967,1060,1.698,-0.675,0.718,0.243,30.6,51.0
1784036776.076,1061,0.582,-0.095,-0.16,0.0,13.0,62.9
1784036776.076,1061,1.72,-0.704,0.258,0.0,17.2,72.9
1784036776.076,1061,3.409,-1.82,0.38,0.0,16.3,72.7
1784036776.076,1061,7.351,-3.01,1.159,0.0,18.9,65.2
1784036776.135,1062,0.598,-0.095,-0.081,0.0,12.9,63.1
1784036776.135,1062,1.72,-0.704,0.259,0.0,17.2,72.8
1784036776.135,1062,3.407,-1.82,0.398,0.0,16.5,72.7
1784036776.135,1062,6.601,-2.49,1.635,0.0,11.4,63.3
1784036776.135,1062,7.346,-3.01,1.19,0.0,19.2,64.7
1784036776.235,1063,0.599,-0.095,-0.074,0.0,14.2,62.2
1784036776.235,1063,1.719,-0.704,0.262,0.0,17.1,72.9
1784036776.235,1063,3.41,-1.82,0.368,0.0,16.9,72.3
1784036776.235,1063,7.345,-3.01,1.198,0.0,18.8,65.1
1784036776.387,1064,0.599,-0.115,-0.034,0.0,13.3,63.2
1784036776.387,1064,1.719,-0.704,0.266,0.0,17.2,72.8
1784036776.387,1064,3.466,-1.699,0.419,0.0,17.1,72.3
1784036776.387,1064,7.348,-3.01,1.181,0.0,19.0,64.8
1784036776.387,1064,0.202,0.22,-0.066,0.243,11.7,58.0
1784036776.439,1065,0.598,-0.115,-0.05,0.0,13.3,63.0
1784036776.439,1065,1.72,-0.704,0.26,0.0,17.1,72.9
1784036776.439,1065,3.407,-1.82,0.396,0.0,16.9,72.1
1784036776.439,1065,7.347,-3.01,1.182,0.0,19.1,65.0
1784036776.54,1066,1.72,-0.704,0.259,0.0,17.3,72.8
1784036776.54,1066,3.41,-1.82,0.366,0.0,17.2,72.0
1784036776.54,1066,7.341,-3.01,1.219,0.0,19.1,65.6
1784036776.642,1067,0.355,-0.458,-0.193,0.0,13.8,61.9
1784036776.642,1067,1.72,-0.704,0.255,0.0,17.1,72.9
1784036776.642,1067,3.407,-1.82,0.394,0.0,17.6,71.9
1784036776.642,1067,7.353,-3.01,1.146,0.0,18.5,65.2
1784036776.642,1067,4.093,3.608,0.675,0.162,12.4,53.4
1784036776.642,1067,1.805,-0.48,0.445,0.243,16.9,54.9
1784036776.642,1067,4.111,3.636,0.763,0.243,15.8,50.0
1784036776.642,1067,5.164,-1.905,0.636,0.243,15.8,50.0
1784036776.743,1068,1.721,-0.704,0.253,0.0,17.2,72.9
1784036776.743,1068,3.405,-1.82,0.412,0.0,16.8,71.8
1784036776.743,1068,7.343,-3.01,1.212,0.0,19.0,65.4
1784036776.844,1069,0.344,-0.458,-0.212,0.0,13.9,61.8
1784036776.844,1069,1.72,-0.704,0.258,0.0,17.0,73.0
1784036776.844,1069,3.475,-1.699,0.343,0.0,17.3,72.0
1784036776.844,1069,7.346,-3.01,1.188,0.0,18.6,65.7
1784036776.844,1069,1.386,1.442,0.164,-0.081,13.9,69.9
1784036776.946,1070,0.586,-0.095,-0.145,0.0,14.3,61.5
1784036776.946,1070,1.72,-0.704,0.258,0.0,17.4,72.6
1784036776.946,1070,3.465,-1.699,0.43,0.0,17.0,72.2
1784036776.946,1070,7.347,-3.01,1.185,0.0,19.0,65.5
1784036776.946,1070,1.378,1.442,0.22,-0.081,14.7,69.1
1784036777.047,1071,0.581,-0.095,-0.163,0.0,14.3,61.4
1784036777.047,1071,1.719,-0.704,0.263,0.0,17.0,73.0
1784036777.047,1071,3.47,-1.699,0.387,0.0,17.0,72.3
1784036777.047,1071,7.35,-3.01,1.167,0.0,18.9,65.2
1784036777.152,1072,0.463,0.09,0.089,0.0,11.9,62.5
1784036777.152,1072,0.308,-0.285,0.232,0.0,11.9,62.5
1784036777.152,1072,0.363,-0.458,-0.177,0.0,15.1,61.0
1784036777.152,1072,1.719,-0.704,0.265,0.0,17.4,72.7
1784036777.152,1072,3.471,-1.699,0.378,0.0,16.0,73.4
1784036777.152,1072,7.356,-3.01,1.129,0.0,18.7,65.3
1784036777.254,1073,1.721,-0.704,0.251,0.0,17.3,72.8
1784036777.254,1073,3.407,-1.82,0.398,0.0,16.3,72.5
1784036777.254,1073,7.352,-3.01,1.15,0.0,19.4,65.1
1784036777.355,1074,1.718,-0.704,0.269,0.0,17.3,72.7
1784036777.355,1074,3.411,-1.82,0.358,0.0,16.3,72.7
1784036777.355,1074,7.445,-2.76,1.181,0.0,19.1,65.4
1784036777.457,1075,0.355,-0.439,-0.234,0.0,14.4,63.1
1784036777.457,1075,1.721,-0.704,0.252,0.0,17.1,72.9
1784036777.457,1075,1.373,1.442,0.248,0.0,11.3,73.0
1784036777.457,1075,3.469,-1.699,0.393,0.0,16.8,72.3
1784036777.457,1075,7.35,-3.01,1.165,0.0,18.0,66.1
1784036777.559,1076,0.581,-0.076,-0.173,0.0,14.8,61.4
1784036777.559,1076,1.72,-0.704,0.258,0.0,17.2,72.9
1784036777.559,1076,1.395,1.442,0.034,0.0,11.5,73.1
1784036777.559,1076,1.982,0.251,-0.192,0.0,11.5,73.1
1784036777.559,1076,3.403,-1.82,0.43,0.0,16.3,72.4
1784036777.559,1076,7.45,-2.76,1.149,0.0,19.0,65.5
1784036777.559,1076,8.44,-0.271,2.02,0.0,11.5,63.6
1784036777.661,1077,0.281,-0.458,-0.29,0.0,14.1,62.2
1784036777.661,1077,1.719,-0.704,0.265,0.0,16.8,73.1
1784036777.661,1077,3.41,-1.82,0.37,0.0,17.1,72.1
1784036777.661,1077,7.366,-3.01,1.058,0.0,18.0,65.8
1784036777.661,1077,8.423,-0.271,2.086,0.0,12.2,62.6
1784036777.763,1078,0.603,-0.095,-0.025,0.0,13.7,61.7
1784036777.763,1078,1.72,-0.704,0.258,0.0,17.0,73.1
1784036777.763,1078,1.356,1.411,0.158,0.0,11.8,72.3
1784036777.763,1078,3.409,-1.82,0.375,0.0,15.6,73.4
1784036777.763,1078,6.521,-2.716,1.599,0.0,11.4,63.5
1784036777.763,1078,7.36,-3.01,1.101,0.0,18.5,65.0
1784036777.763,1078,0.187,0.18,0.036,0.081,13.0,67.8
1784036777.864,1079,0.582,-0.095,-0.16,0.0,13.2,62.4
1784036777.864,1079,1.719,-0.704,0.265,0.0,16.9,73.1
1784036777.864,1079,3.469,-1.699,0.396,0.0,16.7,72.5
1784036777.864,1079,7.356,-3.01,1.124,0.0,18.0,65.7
1784036777.967,1080,0.333,-0.477,-0.185,0.0,13.3,63.1
1784036777.967,1080,1.72,-0.704,0.255,0.0,16.9,73.1
1784036777.967,1080,3.405,-1.82,0.415,0.0,16.1,73.1
1784036777.967,1080,7.35,-3.01,1.167,0.0,18.3,65.7
1784036777.967,1080,0.228,0.319,-0.019,0.081,14.6,66.4
1784036778.069,1081,0.296,-0.458,-0.275,0.0,13.3,63.0
1784036778.069,1081,1.717,-0.704,0.278,0.0,16.6,73.4
1784036778.069,1081,3.407,-1.82,0.394,0.0,16.2,73.0
1784036778.069,1081,6.54,-2.716,1.519,0.0,11.6,63.4
1784036778.069,1081,7.353,-3.01,1.148,0.0,19.3,64.9
1784036778.17,1082,0.184,0.294,0.037,0.0,16.5,68.8
1784036778.17,1082,0.597,-0.115,0.06,0.0,11.6,62.6
1784036778.17,1082,1.72,-0.704,0.26,0.0,17.0,73.0
1784036778.17,1082,3.409,-1.82,0.381,0.0,16.6,72.4
1784036778.17,1082,7.351,-3.01,1.161,0.0,18.5,65.6
1784036778.17,1082,0.196,0.22,0.083,0.243,21.0,55.3
1784036778.17,1082,1.873,-0.368,0.461,0.243,18.0,55.0
1784036778.275,1083,0.317,-0.477,-0.212,0.0,13.2,62.7
1784036778.275,1083,1.721,-0.704,0.251,0.0,17.2,72.8
1784036778.275,1083,3.471,-1.699,0.382,0.0,16.7,72.5
1784036778.275,1083,7.357,-3.01,1.119,0.0,18.7,65.2
1784036778.376,1084,1.695,-0.762,0.256,0.0,17.1,72.9
1784036778.376,1084,3.412,-1.82,0.348,0.0,15.9,73.1
1784036778.376,1084,7.364,-3.01,1.074,0.0,18.0,65.7
1784036778.376,1084,1.392,1.35,0.308,-0.243,19.6,52.3
1784036778.479,1085,0.547,-0.076,-0.26,0.0,14.4,62.7
1784036778.479,1085,1.696,-0.762,0.247,0.0,17.0,73.1
1784036778.479,1085,3.469,-1.699,0.394,0.0,16.1,73.3
1784036778.479,1085,7.363,-3.01,1.084,0.0,18.8,65.3
1784036778.532,1086,1.718,-0.704,0.268,0.0,16.7,73.3
1784036778.532,1086,3.411,-1.82,0.362,0.0,16.3,72.4
1784036778.532,1086,6.617,-2.49,1.573,0.0,11.4,64.1
1784036778.532,1086,7.361,-3.01,1.096,0.0,18.5,65.7
1784036778.685,1087,1.721,-0.704,0.249,0.0,17.0,73.0
1784036778.685,1087,3.411,-1.82,0.363,0.0,17.1,72.4
1784036778.685,1087,6.556,-2.716,1.449,0.0,11.8,63.8
1784036778.685,1087,7.354,-3.01,1.137,0.0,18.5,65.5
1784036778.788,1088,0.186,0.294,0.021,0.0,15.2,68.9
1784036778.788,1088,1.722,-0.704,0.245,0.0,17.0,73.1
1784036778.788,1088,3.408,-1.82,0.387,0.0,16.2,72.8
1784036778.788,1088,6.602,-2.49,1.632,0.0,11.9,63.8
1784036778.788,1088,7.351,-3.01,1.16,0.0,18.7,65.3
1784036778.839,1089,0.279,0.375,-0.11,0.0,11.7,63.4
1784036778.839,1089,0.476,0.06,0.008,0.0,11.7,63.4
1784036778.839,1089,0.551,-0.076,-0.253,0.0,13.2,62.4
1784036778.839,1089,1.72,-0.704,0.258,0.0,17.0,73.0
1784036778.839,1089,3.473,-1.699,0.361,0.0,17.3,72.1
1784036778.839,1089,6.614,-2.49,1.584,0.0,11.6,64.2
1784036778.839,1089,7.352,-3.01,1.15,0.0,18.5,65.8
1784036778.839,1089,0.253,0.354,0.027,0.081,13.5,61.8
1784036778.94,1090,0.187,0.294,-0.011,0.0,14.6,68.8
1784036778.94,1090,1.718,-0.704,0.27,0.0,17.0,73.1
1784036778.94,1090,3.413,-1.82,0.336,0.0,16.7,73.2
1784036778.94,1090,6.525,-2.716,1.581,0.0,11.6,64.1
1784036778.94,1090,7.352,-3.01,1.152,0.0,18.5,65.7
1784036779.041,1091,1.72,-0.704,0.256,0.0,16.7,73.3
1784036779.041,1091,3.403,-1.82,0.426,0.0,16.1,72.9
1784036779.041,1091,7.354,-3.01,1.142,0.0,18.2,65.9
1784036779.143,1092,0.532,-0.076,-0.29,0.0,12.9,63.2
1784036779.143,1092,1.72,-0.704,0.254,0.0,17.0,73.0
1784036779.143,1092,3.473,-1.699,0.362,0.0,17.1,72.6
1784036779.143,1092,7.357,-3.01,1.122,0.0,18.2,65.7
1784036779.245,1093,1.72,-0.704,0.26,0.0,17.2,72.8
1784036779.245,1093,3.473,-1.699,0.359,0.0,16.8,73.1
1784036779.245,1093,7.348,-3.01,1.18,0.0,18.0,65.9
1784036779.352,1094,1.719,-0.704,0.265,0.0,16.9,73.2
1784036779.352,1094,3.407,-1.82,0.399,0.0,16.7,72.6
1784036779.352,1094,7.362,-3.01,1.09,0.0,18.0,65.6
1784036779.457,1095,0.562,-0.095,-0.221,0.0,14.3,62.6
1784036779.457,1095,1.72,-0.704,0.255,0.0,17.1,72.9
1784036779.457,1095,3.409,-1.82,0.375,0.0,16.2,72.8
1784036779.457,1095,7.355,-3.01,1.135,0.0,18.3,65.5
1784036779.563,1096,0.21,0.331,0.018,0.0,17.3,67.8
1784036779.563,1096,1.719,-0.704,0.261,0.0,16.8,73.1
1784036779.563,1096,3.411,-1.82,0.363,0.0,17.1,72.7
1784036779.563,1096,6.562,-2.716,1.419,0.0,11.3,63.7
1784036779.563,1096,7.359,-3.01,1.11,0.0,18.5,65.3
1784036779.666,1097,1.719,-0.704,0.262,0.0,17.1,73.0
1784036779.666,1097,3.406,-1.82,0.401,0.0,15.7,73.1
1784036779.666,1097,7.357,-3.01,1.123,0.0,18.3,65.7
1784036779.666,1097,8.406,-0.0,1.568,0.0,11.3,64.9
1784036779.769,1098,0.595,-0.095,-0.098,0.0,13.9,62.5
1784036779.769,1098,1.72,-0.704,0.258,0.0,16.9,73.1
1784036779.769,1098,3.404,-1.82,0.418,0.0,16.3,72.7
1784036779.769,1098,6.603,-2.49,1.631,0.0,11.5,63.9
1784036779.769,1098,7.358,-3.01,1.114,0.0,18.7,65.4
1784036779.872,1099,0.195,0.331,0.081,0.0,14.6,67.9
1784036779.872,1099,0.38,-0.439,-0.19,0.0,12.0,63.1
1784036779.872,1099,1.721,-0.704,0.254,0.0,17.1,72.9
1784036779.872,1099,3.41,-1.82,0.373,0.0,16.9,72.3
1784036779.872,1099,7.352,-3.01,1.152,0.0,18.4,65.7
1784036779.974,1100,0.208,0.331,0.037,0.0,14.5,67.6
1784036779.974,1100,0.372,-0.458,-0.158,0.0,13.0,62.0
1784036779.974,1100,1.72,-0.704,0.255,0.0,17.1,73.0
1784036779.974,1100,3.406,-1.82,0.404,0.0,16.1,72.8
1784036779.974,1100,6.597,-2.49,1.653,0.0,11.4,63.9
1784036779.974,1100,7.36,-3.01,1.103,0.0,18.4,65.5
1784036780.076,1101,1.72,-0.704,0.259,0.0,16.7,73.3
1784036780.076,1101,3.407,-1.82,0.399,0.0,17.2,71.7
1784036780.076,1101,7.356,-3.01,1.124,0.0,18.6,65.5
1784036780.18,1102,1.72,-0.704,0.257,0.0,17.6,72.5
1784036780.18,1102,3.412,-1.82,0.35,0.0,15.9,72.9
1784036780.18,1102,6.596,-2.49,1.659,0.0,11.6,63.9
1784036780.18,1102,7.361,-3.01,1.097,0.0,18.2,65.5
1784036780.281,1103,0.52,0.21,-0.242,0.0,12.0,64.3
1784036780.281,1103,1.72,-0.704,0.256,0.0,17.4,72.6
1784036780.281,1103,3.408,-1.82,0.39,0.0,16.5,72.7
1784036780.281,1103,6.605,-2.49,1.62,0.0,11.6,63.5
1784036780.281,1103,7.355,-3.01,1.132,0.0,18.7,65.3
1784036780.332,1104,1.72,-0.704,0.258,0.0,17.3,72.7
1784036780.332,1104,3.409,-1.82,0.375,0.0,15.3,73.2
1784036780.332,1104,6.598,-2.49,1.651,0.0,11.5,63.9
1784036780.332,1104,7.35,-3.01,1.163,0.0,18.2,65.5
1784036780.332,1104,0.396,0.225,0.151,-0.649,16.7,53.3
1784036780.332,1104,3.27,-1.325,0.195,-0.406,23.7,51.3
1784036780.485,1105,1.721,-0.704,0.249,0.0,16.9,73.1
1784036780.485,1105,3.406,-1.82,0.405,0.0,16.5,72.6
1784036780.485,1105,7.349,-3.01,1.169,0.0,19.1,65.1
1784036780.485,1105,0.533,0.195,-0.002,-0.243,12.1,54.6
1784036780.485,1105,1.816,-0.614,0.425,-0.243,22.3,51.9
1784036780.587,1106,1.723,-0.704,0.24,0.0,17.0,73.1
1784036780.587,1106,3.412,-1.82,0.352,0.0,16.6,72.7
1784036780.587,1106,7.36,-3.01,1.103,0.0,17.2,65.9
1784036780.639,1107,0.599,-0.095,-0.07,0.0,13.1,62.3
1784036780.639,1107,1.72,-0.704,0.255,0.0,17.3,72.7
1784036780.639,1107,3.408,-1.82,0.387,0.0,16.3,72.5
1784036780.639,1107,6.521,-2.716,1.599,0.0,11.4,63.7
1784036780.639,1107,7.364,-3.01,1.071,0.0,18.1,65.1
1784036780.743,1108,1.719,-0.704,0.262,0.0,17.2,72.7
1784036780.743,1108,3.408,-1.82,0.385,0.0,16.1,72.6
1784036780.743,1108,7.361,-3.01,1.091,0.0,18.3,65.3
1784036780.743,1108,1.566,-0.798,-0.875,0.081,13.3,67.9
1784036780.846,1109,0.317,-0.496,-0.162,0.0,13.7,63.4
1784036780.846,1109,1.694,-0.762,0.265,0.0,17.2,72.8
1784036780.846,1109,3.466,-1.699,0.42,0.0,16.9,72.3
1784036780.846,1109,6.521,-2.716,1.6,0.0,11.6,63.3
1784036780.846,1109,7.355,-3.01,1.135,0.0,18.8,64.9
1784036780.947,1110,1.718,-0.704,0.268,0.0,17.3,72.7
1784036780.947,1110,3.404,-1.82,0.423,0.0,16.6,72.0
1784036780.947,1110,7.363,-3.01,1.084,0.0,18.4,65.8
1784036781.05,1111,0.549,-0.076,-0.257,0.0,12.3,64.2
1784036781.05,1111,1.72,-0.704,0.256,0.0,16.9,73.1
1784036781.05,1111,3.404,-1.82,0.421,0.0,16.8,71.9
1784036781.05,1111,6.529,-2.716,1.563,0.0,11.4,63.7
1784036781.05,1111,7.363,-3.01,1.078,0.0,19.0,65.1
1784036781.154,1112,1.718,-0.704,0.267,0.0,16.9,73.1
1784036781.154,1112,3.412,-1.82,0.348,0.0,17.1,72.1
1784036781.154,1112,7.362,-3.01,1.088,0.0,18.2,65.9
1784036781.255,1113,0.191,0.284,0.07,0.0,12.5,69.7
1784036781.255,1113,1.718,-0.704,0.271,0.0,16.9,73.1
1784036781.255,1113,3.467,-1.699,0.413,0.0,16.5,72.4
1784036781.255,1113,7.369,-3.01,1.042,0.0,18.4,65.5
1784036781.359,1114,1.719,-0.704,0.264,0.0,16.8,73.3
1784036781.359,1114,3.409,-1.82,0.383,0.0,15.9,72.7
1784036781.359,1114,7.373,-3.01,1.008,0.0,18.2,65.7
1784036781.461,1115,0.202,0.331,0.06,0.0,11.6,68.2
1784036781.461,1115,1.719,-0.704,0.262,0.0,17.1,72.9
1784036781.461,1115,3.406,-1.82,0.404,0.0,16.7,72.7
1784036781.461,1115,7.37,-3.01,1.034,0.0,17.7,65.9
1784036781.561,1116,1.72,-0.704,0.258,0.0,17.2,72.9
1784036781.561,1116,3.406,-1.82,0.401,0.0,16.5,72.4
1784036781.561,1116,7.368,-3.01,1.043,0.0,17.8,65.9
1784036781.672,1117,1.72,-0.704,0.259,0.0,17.2,72.8
1784036781.672,1117,3.409,-1.82,0.378,0.0,16.1,72.8
1784036781.672,1117,7.36,-3.01,1.1,0.0,18.4,65.2
1784036781.776,1118,0.562,-0.095,-0.22,0.0,13.3,63.7
1784036781.776,1118,1.721,-0.704,0.254,0.0,17.5,72.6
1784036781.776,1118,3.409,-1.82,0.375,0.0,17.0,72.3
1784036781.776,1118,7.357,-3.01,1.123,0.0,18.3,65.3
1784036781.877,1119,1.722,-0.704,0.246,0.0,17.2,72.8
1784036781.877,1119,3.473,-1.699,0.359,0.0,15.2,73.5
1784036781.877,1119,7.359,-3.01,1.11,0.0,17.8,66.0
1784036781.978,1120,1.696,-0.762,0.251,0.0,17.2,72.8
1784036781.978,1120,3.406,-1.82,0.401,0.0,16.2,72.8
1784036781.978,1120,7.356,-3.01,1.128,0.0,18.2,65.6
1784036782.079,1121,1.696,-0.762,0.248,0.0,16.9,73.0
1784036782.079,1121,3.472,-1.699,0.37,0.0,16.4,72.3
1784036782.079,1121,7.355,-3.01,1.135,0.0,18.1,65.9
1784036782.182,1122,1.72,-0.704,0.259,0.0,17.0,73.0
1784036782.182,1122,3.47,-1.699,0.39,0.0,17.2,71.8
1784036782.182,1122,7.357,-3.01,1.122,0.0,18.3,65.7
1784036782.286,1123,0.591,-0.115,-0.106,0.0,12.1,64.2
1784036782.286,1123,1.719,-0.704,0.261,0.0,16.8,73.2
1784036782.286,1123,3.466,-1.699,0.425,0.0,17.3,72.1
1784036782.286,1123,7.354,-3.01,1.14,0.0,18.3,65.6
1784036782.388,1124,1.72,-0.704,0.257,0.0,17.1,72.9
1784036782.388,1124,3.472,-1.699,0.369,0.0,16.3,72.7
1784036782.388,1124,7.358,-3.01,1.113,0.0,18.0,66.0
1784036782.439,1125,1.694,-0.762,0.261,0.0,16.6,73.4
1784036782.439,1125,3.408,-1.82,0.388,0.0,17.6,72.1
1784036782.439,1125,6.559,-2.716,1.435,0.0,11.4,63.7
1784036782.439,1125,7.357,-3.01,1.12,0.0,18.7,65.3
1784036782.439,1125,8.416,-0.0,1.517,0.0,11.6,64.6
1784036782.541,1126,0.592,-0.095,-0.114,0.0,14.4,63.9
1784036782.541,1126,1.72,-0.704,0.256,0.0,16.8,73.2
1784036782.541,1126,3.408,-1.82,0.385,0.0,16.0,73.1
1784036782.541,1126,6.512,-2.716,1.635,0.0,11.3,63.8
1784036782.541,1126,7.36,-3.01,1.098,0.0,18.5,65.4
1784036782.541,1126,8.408,-0.0,1.556,0.0,11.3,64.8
1784036782.645,1127,0.6,-0.115,-0.009,0.0,13.3,63.9
1784036782.645,1127,1.695,-0.762,0.258,0.0,17.0,73.0
1784036782.645,1127,3.471,-1.699,0.378,0.0,17.1,72.0
1784036782.645,1127,6.537,-2.716,1.532,0.0,11.6,63.6
1784036782.645,1127,7.362,-3.01,1.088,0.0,18.6,65.2
1784036782.746,1128,0.601,-0.095,-0.052,0.0,11.5,63.6
1784036782.746,1128,1.719,-0.704,0.265,0.0,17.1,72.9
1784036782.746,1128,3.408,-1.82,0.383,0.0,16.4,72.7
1784036782.746,1128,6.535,-2.716,1.539,0.0,11.6,63.6
1784036782.746,1128,7.358,-3.01,1.116,0.0,18.7,65.2
1784036782.847,1129,1.695,-0.762,0.254,0.0,17.2,72.7
1784036782.847,1129,3.406,-1.82,0.406,0.0,16.1,72.9
1784036782.847,1129,7.458,-2.76,1.101,0.0,18.4,65.5
1784036782.951,1130,1.694,-0.762,0.26,0.0,17.4,72.6
1784036782.951,1130,3.471,-1.699,0.379,0.0,16.2,72.8
1784036782.951,1130,7.363,-3.01,1.078,0.0,18.2,65.6
1784036783.052,1131,0.597,-0.095,-0.086,0.0,13.1,63.4
1784036783.052,1131,1.694,-0.762,0.26,0.0,17.3,72.6
1784036783.052,1131,3.471,-1.699,0.38,0.0,17.5,71.9
1784036783.052,1131,6.518,-2.716,1.61,0.0,11.4,63.9
1784036783.052,1131,7.353,-3.01,1.148,0.0,18.5,65.5
1784036783.158,1132,0.58,-0.095,-0.166,0.0,14.2,62.9
1784036783.158,1132,1.694,-0.762,0.266,0.0,17.2,72.7
1784036783.158,1132,3.408,-1.82,0.388,0.0,16.9,72.0
1784036783.158,1132,6.525,-2.716,1.582,0.0,11.8,63.6
1784036783.158,1132,7.443,-2.76,1.197,0.0,19.4,65.0
1784036783.158,1132,8.41,-0.0,1.547,0.0,11.3,64.8
1784036783.26,1133,1.695,-0.762,0.259,0.0,17.2,72.8
1784036783.26,1133,3.41,-1.82,0.373,0.0,17.4,72.0
1784036783.26,1133,7.358,-3.01,1.113,0.0,18.8,65.1
1784036783.376,1134,1.695,-0.762,0.259,0.0,17.4,72.6
1784036783.376,1134,3.469,-1.699,0.394,0.0,17.6,71.8
1784036783.376,1134,6.53,-2.716,1.558,0.0,11.3,63.6
1784036783.376,1134,7.355,-3.01,1.135,0.0,18.8,65.3
1784036783.478,1135,0.361,-0.458,-0.181,0.0,12.7,62.7
1784036783.478,1135,1.695,-0.762,0.257,0.0,17.5,72.6
1784036783.478,1135,3.41,-1.82,0.373,0.0,16.9,72.2
1784036783.478,1135,7.356,-3.01,1.125,0.0,18.6,65.5
1784036783.478,1135,8.422,-0.0,1.479,0.0,11.5,64.7
1784036783.478,1135,3.295,-1.091,0.369,0.162,18.6,53.1
1784036783.579,1136,0.252,0.314,0.168,0.0,11.4,67.1
1784036783.579,1136,0.584,-0.095,-0.151,0.0,13.7,64.2
1784036783.579,1136,1.693,-0.762,0.267,0.0,17.6,72.5
1784036783.579,1136,3.468,-1.699,0.409,0.0,17.3,72.0
1784036783.579,1136,6.554,-2.716,1.455,0.0,11.4,63.6
1784036783.579,1136,7.361,-3.01,1.092,0.0,18.7,65.2
1784036783.579,1136,8.403,-0.0,1.587,0.0,11.6,64.6
1784036783.683,1137,0.602,-0.095,0.034,0.0,14.7,63.2
1784036783.683,1137,1.695,-0.762,0.254,0.0,17.4,72.6
1784036783.683,1137,3.409,-1.82,0.378,0.0,17.0,72.0
1784036783.683,1137,6.536,-2.716,1.537,0.0,11.4,63.5
1784036783.683,1137,7.357,-3.01,1.122,0.0,19.0,64.9
1784036783.736,1138,0.596,-0.095,-0.091,0.0,13.3,63.3
1784036783.736,1138,1.694,-0.762,0.261,0.0,17.4,72.7
1784036783.736,1138,3.473,-1.699,0.365,0.0,17.1,72.1
1784036783.736,1138,7.36,-3.01,1.103,0.0,18.6,65.3
1784036783.736,1138,5.121,-1.905,0.92,0.081,12.4,61.1
1784036783.736,1138,3.916,3.809,0.924,0.081,12.4,61.1
1784036783.89,1139,0.601,-0.095,-0.056,0.0,12.8,63.1
1784036783.89,1139,1.694,-0.762,0.266,0.0,17.1,72.9
1784036783.89,1139,3.409,-1.82,0.381,0.0,16.8,72.3
1784036783.89,1139,7.452,-2.76,1.138,0.0,18.9,65.5
1784036783.941,1140,1.694,-0.762,0.266,0.0,17.1,72.9
1784036783.941,1140,3.407,-1.82,0.398,0.0,16.4,72.7
1784036783.941,1140,6.53,-2.716,1.558,0.0,11.4,63.5
1784036783.941,1140,7.452,-2.76,1.142,0.0,19.4,65.1
1784036783.941,1140,0.279,0.39,0.013,0.081,16.0,61.3
1784036783.941,1140,3.437,-1.031,0.746,0.243,20.2,51.1
1784036784.044,1141,1.694,-0.762,0.26,0.0,17.2,72.8
1784036784.044,1141,3.41,-1.82,0.372,0.0,16.1,72.8
1784036784.044,1141,7.453,-2.76,1.135,0.0,19.2,65.2
1784036784.044,1141,0.254,0.354,-0.013,0.162,17.7,61.6
1784036784.146,1142,0.328,-0.477,-0.194,0.0,11.3,64.5
1784036784.146,1142,1.693,-0.762,0.267,0.0,17.0,73.0
1784036784.146,1142,3.41,-1.82,0.37,0.0,16.5,72.8
1784036784.146,1142,6.507,-2.716,1.655,0.0,12.1,63.3
1784036784.146,1142,7.355,-3.01,1.132,0.0,19.1,64.8
1784036784.146,1142,0.295,0.375,-0.052,0.162,15.4,61.7
1784036784.247,1143,1.694,-0.762,0.265,0.0,17.2,72.8
1784036784.247,1143,3.409,-1.82,0.376,0.0,16.3,72.5
1784036784.247,1143,7.448,-2.76,1.167,0.0,19.0,65.1
1784036784.247,1143,8.448,-0.0,1.322,0.0,11.3,64.9
1784036784.247,1143,0.279,0.39,0.024,0.162,23.0,51.7
1784036784.348,1144,0.299,0.375,-0.008,0.0,15.8,66.9
1784036784.348,1144,1.696,-0.762,0.249,0.0,17.4,72.7
1784036784.348,1144,3.468,-1.699,0.408,0.0,16.7,72.5
1784036784.348,1144,6.518,-2.716,1.608,0.0,11.5,63.6
1784036784.348,1144,7.447,-2.76,1.169,0.0,18.8,65.2
1784036784.452,1145,0.257,0.405,-0.023,0.0,18.4,65.8
1784036784.452,1145,0.582,-0.095,-0.159,0.0,12.4,64.2
1784036784.452,1145,1.694,-0.762,0.26,0.0,17.3,72.7
1784036784.452,1145,3.411,-1.82,0.363,0.0,16.0,73.0
1784036784.452,1145,7.35,-3.01,1.164,0.0,18.1,65.9
1784036784.452,1145,8.404,-0.0,1.58,0.0,11.2,64.9
1784036784.556,1146,0.56,-0.095,-0.224,0.0,14.1,62.3
1784036784.556,1146,1.695,-0.762,0.258,0.0,17.0,72.9
1784036784.556,1146,3.47,-1.699,0.39,0.0,17.0,72.3
1784036784.556,1146,6.532,-2.716,1.551,0.0,11.7,63.6
1784036784.556,1146,7.351,-3.01,1.16,0.0,18.9,65.2
1784036784.556,1146,8.424,-0.0,1.47,0.0,11.4,64.8
1784036784.556,1146,3.517,-0.916,0.474,-0.162,11.4,57.0
1784036784.556,1146,0.279,0.39,-0.024,-0.081,18.4,61.6
1784036784.657,1147,0.585,-0.095,-0.148,0.0,12.0,63.6
1784036784.657,1147,1.695,-0.762,0.257,0.0,17.0,73.0
1784036784.657,1147,1.389,1.442,0.132,0.0,11.8,73.4
1784036784.657,1147,1.845,0.251,-0.748,0.0,11.8,73.4
1784036784.657,1147,3.405,-1.82,0.41,0.0,16.7,72.5
1784036784.657,1147,6.515,-2.716,1.623,0.0,11.5,63.5
1784036784.657,1147,7.444,-2.76,1.188,0.0,19.2,65.1
1784036784.657,1147,8.43,-0.0,1.437,0.0,11.2,64.8
1784036784.76,1148,1.694,-0.762,0.262,0.0,17.3,72.7
1784036784.76,1148,3.405,-1.82,0.413,0.0,16.3,72.8
1784036784.76,1148,6.531,-2.716,1.557,0.0,11.4,63.8
1784036784.76,1148,7.457,-2.76,1.103,0.0,19.0,65.2
1784036784.76,1148,8.406,-0.0,1.567,0.0,11.2,64.9
1784036784.76,1148,0.234,0.368,-0.007,-0.162,20.3,57.9
1784036784.861,1149,0.599,-0.095,-0.074,0.0,12.9,62.5
1784036784.861,1149,1.694,-0.762,0.261,0.0,17.3,72.7
1784036784.861,1149,3.41,-1.82,0.367,0.0,16.4,72.8
1784036784.861,1149,6.536,-2.716,1.535,0.0,11.6,63.3
1784036784.861,1149,7.453,-2.76,1.129,0.0,19.2,65.1
1784036784.969,1150,0.59,-0.095,-0.125,0.0,12.9,62.6
1784036784.969,1150,1.694,-0.762,0.262,0.0,16.9,73.1
1784036784.969,1150,3.405,-1.82,0.412,0.0,16.1,73.0
1784036784.969,1150,6.542,-2.716,1.509,0.0,11.4,63.5
1784036784.969,1150,7.449,-2.76,1.157,0.0,19.2,65.1
1784036784.969,1150,0.25,0.354,-0.046,-0.162,23.0,56.7
1784036785.074,1151,0.597,0.095,-0.088,0.0,12.7,63.0
1784036785.074,1151,1.694,-0.762,0.26,0.0,16.9,73.0
1784036785.074,1151,3.469,-1.699,0.4,0.0,17.1,72.2
1784036785.074,1151,6.555,-2.716,1.452,0.0,11.5,63.5
1784036785.074,1151,7.449,-2.76,1.158,0.0,19.6,65.0
1784036785.177,1152,1.695,-0.762,0.257,0.0,17.2,72.8
1784036785.177,1152,3.471,-1.699,0.378,0.0,16.4,72.9
1784036785.177,1152,7.456,-2.76,1.115,0.0,19.0,65.4
1784036785.28,1153,1.694,-0.762,0.26,0.0,17.0,73.0
1784036785.28,1153,3.408,-1.82,0.391,0.0,16.2,72.9
1784036785.28,1153,6.534,-2.716,1.542,0.0,11.8,63.1
1784036785.28,1153,7.455,-2.76,1.118,0.0,19.5,64.8
1784036785.382,1154,1.695,-0.762,0.255,0.0,16.8,73.2
1784036785.382,1154,3.41,-1.82,0.371,0.0,16.1,73.0
1784036785.382,1154,6.542,-2.716,1.51,0.0,11.2,63.6
1784036785.382,1154,7.448,-2.76,1.165,0.0,19.2,65.1
1784036785.434,1155,1.694,-0.762,0.261,0.0,17.0,73.0
1784036785.434,1155,3.409,-1.82,0.375,0.0,16.6,72.7
1784036785.434,1155,7.444,-2.76,1.191,0.0,18.6,65.8
1784036785.591,1156,0.595,-0.134,0.042,0.0,14.9,63.3
1784036785.591,1156,1.695,-0.762,0.259,0.0,17.3,72.7
1784036785.591,1156,3.408,-1.82,0.388,0.0,16.6,72.4
1784036785.591,1156,6.535,-2.716,1.538,0.0,11.6,63.5
1784036785.591,1156,7.35,-3.01,1.163,0.0,19.5,65.1
1784036785.591,1156,8.424,-0.0,1.468,0.0,11.2,64.8
1784036785.643,1157,1.694,-0.762,0.263,0.0,17.4,72.6
1784036785.643,1157,3.466,-1.699,0.422,0.0,16.5,72.8
1784036785.643,1157,6.521,-2.716,1.596,0.0,11.4,63.4
1784036785.643,1157,7.447,-2.76,1.168,0.0,19.6,64.9
1784036785.643,1157,8.431,-0.0,1.427,0.0,11.3,64.6
1784036785.75,1158,0.584,-0.095,-0.153,0.0,14.5,62.0
1784036785.75,1158,1.694,-0.762,0.26,0.0,17.4,72.6
1784036785.75,1158,3.467,-1.699,0.414,0.0,16.5,72.7
1784036785.75,1158,6.56,-2.716,1.428,0.0,11.6,63.0
1784036785.75,1158,7.348,-3.01,1.181,0.0,19.8,64.7
1784036785.75,1158,4.451,-1.472,0.467,-0.162,14.1,51.9
1784036785.865,1159,0.498,-0.071,-0.263,0.0,13.0,62.9
1784036785.865,1159,1.694,-0.762,0.261,0.0,17.2,72.9
1784036785.865,1159,3.404,-1.82,0.418,0.0,16.9,72.2
1784036785.865,1159,7.359,-3.01,1.106,0.0,19.0,65.3
1784036785.865,1159,4.427,-1.472,0.657,-0.162,15.0,53.8
1784036785.97,1160,1.718,-0.704,0.267,0.0,17.0,73.0
1784036785.97,1160,3.406,-1.82,0.401,0.0,15.8,73.4
1784036785.97,1160,7.355,-3.01,1.132,0.0,19.1,65.4
1784036785.97,1160,3.352,-1.104,0.179,-0.568,17.0,49.1
1784036785.97,1160,1.574,-0.72,0.83,-0.243,27.9,49.4
1784036785.97,1160,1.39,1.32,0.102,-0.243,27.9,49.4
1784036785.97,1160,4.397,-1.459,0.575,-0.162,15.4,54.1
1784036785.97,1160,0.272,0.341,0.006,-0.081,17.7,63.4
1784036786.073,1161,0.233,0.368,0.025,0.0,16.3,66.6
1784036786.073,1161,1.72,-0.704,0.26,0.0,17.3,72.8
1784036786.073,1161,3.408,-1.82,0.387,0.0,17.5,71.6
1784036786.073,1161,6.506,-2.716,1.658,0.0,11.3,63.6
1784036786.073,1161,7.355,-3.01,1.136,0.0,19.3,65.2
1784036786.073,1161,4.397,-1.459,0.574,-0.243,19.4,52.0
1784036786.183,1162,1.695,-0.762,0.259,0.0,17.2,72.8
1784036786.183,1162,3.47,-1.699,0.385,0.0,17.3,71.7
1784036786.183,1162,6.541,-2.716,1.513,0.0,11.6,63.2
1784036786.183,1162,7.353,-3.01,1.147,0.0,19.8,64.9
1784036786.183,1162,8.43,-0.0,1.436,0.0,11.6,64.5
1784036786.183,1162,1.35,1.411,0.2,0.162,27.4,53.0
1784036786.183,1162,1.763,-0.736,0.454,0.162,27.4,53.0
1784036786.183,1162,0.288,0.327,0.022,0.487,19.8,63.5
1784036786.288,1163,1.695,-0.762,0.258,0.0,16.9,73.2
1784036786.288,1163,3.469,-1.699,0.397,0.0,17.1,72.0
1784036786.288,1163,7.356,-3.01,1.125,0.0,19.5,65.4
1784036786.338,1164,1.721,-0.704,0.254,0.0,17.0,73.1
1784036786.338,1164,3.47,-1.699,0.389,0.0,16.9,72.1
1784036786.338,1164,7.359,-3.01,1.105,0.0,19.2,65.3
1784036786.338,1164,0.301,0.314,0.037,-0.325,25.5,61.9
1784036786.338,1164,1.829,1.603,0.232,-0.243,18.2,57.1
1784036786.338,1164,2.336,-0.611,0.372,-0.243,18.2,57.1
1784036786.338,1164,4.308,-1.432,0.611,-0.243,17.2,52.4
1784036786.445,1165,1.694,-0.762,0.261,0.0,16.9,73.1
1784036786.445,1165,3.409,-1.82,0.379,0.0,17.2,71.9
1784036786.445,1165,6.55,-2.716,1.476,0.0,12.2,62.8
1784036786.445,1165,7.363,-3.01,1.079,0.0,20.0,64.2
1784036786.445,1165,0.628,-0.218,0.212,-0.325,13.5,56.8
1784036786.445,1165,1.797,1.603,0.41,-0.243,14.7,59.0
1784036786.445,1165,2.277,-0.611,0.641,-0.243,14.7,59.0
1784036786.445,1165,4.277,-1.432,0.801,-0.243,15.8,52.4
1784036786.445,1165,1.353,1.411,0.18,-0.081,11.5,68.8
1784036786.445,1165,1.74,-0.675,0.609,-0.081,11.5,68.8
1784036786.547,1166,0.59,-0.095,-0.127,0.0,12.7,62.4
1784036786.547,1166,1.693,-0.762,0.272,0.0,17.5,72.6
1784036786.547,1166,3.409,-1.82,0.383,0.0,17.2,72.0
1784036786.547,1166,7.364,-3.01,1.074,0.0,19.2,64.7
1784036786.547,1166,0.285,0.27,0.003,-0.325,26.7,61.6
1784036786.547,1166,1.809,1.575,0.07,-0.325,19.6,56.3
1784036786.547,1166,2.307,-0.6,0.279,-0.325,19.6,56.3
1784036786.547,1166,0.492,0.429,0.037,-0.243,14.1,55.1
1784036786.547,1166,0.908,1.11,0.742,-0.243,16.0,51.6
1784036786.666,1167,0.596,-0.115,0.069,0.0,12.5,63.3
1784036786.666,1167,1.721,-0.704,0.251,0.0,18.0,72.0
1784036786.666,1167,3.408,-1.82,0.388,0.0,17.1,71.9
1784036786.666,1167,6.523,-2.716,1.591,0.0,11.9,63.3
1784036786.666,1167,7.351,-3.01,1.162,0.0,19.4,65.0
1784036786.666,1167,4.178,-1.575,1.023,0.162,16.3,52.2
1784036786.666,1167,0.571,0.785,0.392,0.487,18.4,47.6
1784036786.666,1167,4.042,-1.203,0.703,0.568,14.5,49.6
1784036786.666,1167,0.196,0.229,0.048,-0.081,15.9,67.8
1784036786.757,1168,1.694,-0.762,0.264,0.0,17.4,72.6
1784036786.757,1168,3.405,-1.82,0.413,0.0,17.2,72.0
1784036786.757,1168,6.523,-2.716,1.588,0.0,12.7,62.4
1784036786.757,1168,7.356,-3.01,1.126,0.0,20.0,64.1
1784036786.757,1168,8.427,-0.0,1.451,0.0,11.3,64.7
1784036786.757,1168,8.455,-0.271,1.952,0.0,13.2,63.0
1784036786.757,1168,0.212,0.273,0.048,0.162,24.1,63.3
1784036786.757,1168,1.8,1.575,0.195,0.162,16.3,58.7
1784036786.757,1168,2.313,-0.525,0.363,0.162,16.3,58.7
1784036786.757,1168,4.286,-1.445,0.963,0.162,13.6,54.2
1784036786.757,1168,0.616,0.72,0.154,0.243,12.9,51.7
1784036786.874,1169,0.594,-0.095,-0.106,0.0,12.7,63.8
1784036786.874,1169,1.694,-0.762,0.26,0.0,17.5,72.4
1784036786.874,1169,3.407,-1.82,0.394,0.0,16.5,72.6
1784036786.874,1169,6.544,-2.716,1.502,0.0,12.0,63.0
1784036786.874,1169,7.352,-3.01,1.153,0.0,19.6,64.6
1784036786.874,1169,4.205,-1.432,1.118,0.162,13.5,54.2
1784036786.874,1169,0.26,0.294,0.01,0.243,21.9,65.1
1784036786.874,1169,2.31,-0.525,0.382,0.325,22.0,54.3
1784036786.874,1169,1.798,1.575,0.215,0.325,22.0,54.3
1784036786.976,1170,0.311,-0.439,-0.289,0.0,12.2,63.5
1784036786.976,1170,1.694,-0.762,0.26,0.0,16.9,72.9
1784036786.976,1170,3.404,-1.82,0.419,0.0,17.2,71.8
1784036786.976,1170,6.533,-2.716,1.548,0.0,11.9,63.0
1784036786.976,1170,7.352,-3.01,1.154,0.0,19.8,64.7
1784036786.976,1170,0.254,0.294,0.052,0.243,24.8,64.3
1784036786.976,1170,2.282,-0.611,0.622,0.243,16.5,56.6
1784036786.976,1170,1.893,1.527,0.235,0.243,16.5,56.6
1784036787.078,1171,1.694,-0.762,0.26,0.0,17.0,73.1
1784036787.078,1171,3.411,-1.82,0.364,0.0,17.1,72.0
1784036787.078,1171,6.534,-2.716,1.545,0.0,11.3,63.2
1784036787.078,1171,7.362,-3.01,1.085,0.0,19.6,64.8
1784036787.078,1171,0.27,0.341,0.036,0.081,23.5,65.9
1784036787.181,1172,0.316,-0.458,-0.251,0.0,11.5,63.4
1784036787.181,1172,1.695,-0.762,0.255,0.0,17.2,72.6
1784036787.181,1172,3.405,-1.82,0.411,0.0,17.2,71.9
1784036787.181,1172,7.353,-3.01,1.145,0.0,19.0,65.2
1784036787.181,1172,8.446,-0.0,1.34,0.0,11.2,64.8
1784036787.181,1172,0.284,0.327,0.052,-0.081,21.7,66.3
1784036787.236,1173,1.695,-0.762,0.258,0.0,17.3,72.5
1784036787.236,1173,3.41,-1.82,0.372,0.0,17.3,71.8
1784036787.236,1173,6.55,-2.716,1.476,0.0,11.5,63.0
1784036787.236,1173,7.348,-3.01,1.18,0.0,19.7,64.5
1784036787.236,1173,4.11,-1.363,0.535,-0.649,18.6,49.0
1784036787.236,1173,0.607,0.6,0.182,-0.325,13.2,51.9
1784036787.236,1173,0.272,0.341,-0.007,-0.162,21.7,64.7
1784036787.236,1173,1.849,1.5,0.302,-0.162,12.7,60.3
1784036787.236,1173,2.236,-0.675,0.55,-0.162,12.7,60.3
1784036787.337,1174,0.375,-0.439,-0.199,0.0,12.8,63.2
1784036787.337,1174,1.694,-0.762,0.263,0.0,17.5,72.6
1784036787.337,1174,3.409,-1.82,0.38,0.0,17.1,71.8
1784036787.337,1174,6.519,-2.716,1.605,0.0,11.8,63.1
1784036787.337,1174,7.352,-3.01,1.151,0.0,19.7,64.7
1784036787.337,1174,4.35,-1.459,0.863,0.081,12.4,61.2
1784036787.337,1174,0.543,0.622,0.076,-0.406,18.6,50.0
1784036787.337,1174,0.241,0.251,0.029,-0.243,23.7,64.8
1784036787.337,1174,2.341,-0.687,-0.131,-0.243,15.2,56.9
1784036787.497,1175,0.207,0.331,0.041,0.0,14.4,67.6
1784036787.497,1175,0.584,-0.095,-0.153,0.0,13.9,63.0
1784036787.497,1175,1.692,-0.762,0.274,0.0,16.9,73.0
1784036787.497,1175,3.408,-1.82,0.388,0.0,17.1,72.0
1784036787.497,1175,6.552,-2.716,1.465,0.0,11.3,63.7
1784036787.497,1175,7.348,-3.01,1.179,0.0,19.5,65.2
1784036787.497,1175,0.238,0.251,0.047,-0.162,21.6,66.3
1784036787.497,1175,1.792,1.575,0.256,-0.162,21.7,59.1
1784036787.551,1176,0.285,-0.477,-0.253,0.0,12.7,63.6
1784036787.551,1176,1.694,-0.762,0.266,0.0,16.8,73.4
1784036787.551,1176,3.469,-1.699,0.4,0.0,17.5,71.8
1784036787.551,1176,6.533,-2.716,1.548,0.0,11.6,62.8
1784036787.551,1176,7.356,-3.01,1.126,0.0,19.8,64.5
1784036787.551,1176,0.243,0.251,0.009,-0.081,20.2,68.4
1784036787.657,1177,0.24,0.251,0.034,0.0,19.4,70.3
1784036787.657,1177,0.599,-0.115,-0.038,0.0,11.7,63.9
1784036787.657,1177,1.691,-0.762,0.28,0.0,16.8,73.2
1784036787.657,1177,3.405,-1.82,0.41,0.0,17.1,72.0
1784036787.657,1177,6.541,-2.716,1.514,0.0,11.6,63.1
1784036787.657,1177,7.365,-3.01,1.069,0.0,19.4,64.8
1784036787.657,1177,4.399,-1.459,0.558,-0.162,13.9,53.2
1784036787.76,1178,0.243,0.307,0.033,0.0,15.7,68.0
1784036787.76,1178,1.693,-0.762,0.268,0.0,18.1,71.7
1784036787.76,1178,3.471,-1.699,0.381,0.0,17.1,72.1
1784036787.76,1178,7.455,-2.76,1.117,0.0,18.2,65.8
1784036787.76,1178,8.427,-0.0,1.455,0.0,11.3,64.7
1784036787.863,1179,0.279,0.207,0.033,0.0,18.2,72.0
1784036787.863,1179,0.346,0.443,-0.074,0.0,11.4,65.3
1784036787.863,1179,1.695,-0.762,0.253,0.0,18.2,72.0
1784036787.863,1179,3.407,-1.82,0.4,0.0,16.9,72.3
1784036787.863,1179,6.573,-2.716,1.366,0.0,12.8,62.6
1784036787.863,1179,7.353,-3.01,1.149,0.0,20.5,64.2
1784036787.967,1180,0.587,-0.095,-0.14,0.0,11.8,63.3
1784036787.967,1180,1.693,-0.762,0.268,0.0,17.0,72.8
1784036787.967,1180,3.41,-1.82,0.373,0.0,16.6,72.3
1784036787.967,1180,6.563,-2.716,1.413,0.0,11.8,63.0
1784036787.967,1180,7.362,-3.01,1.088,0.0,19.1,64.7
1784036787.967,1180,0.219,0.262,0.073,-0.487,25.1,60.5
1784036788.07,1181,1.694,-0.762,0.264,0.0,17.4,72.7
1784036788.07,1181,3.472,-1.699,0.372,0.0,16.2,73.1
1784036788.07,1181,6.522,-2.716,1.594,0.0,12.2,62.8
1784036788.07,1181,7.362,-3.01,1.088,0.0,19.1,64.3
1784036788.07,1181,1.417,1.35,0.159,0.243,25.6,51.4
1784036788.07,1181,3.348,-1.104,0.247,0.568,17.6,49.7
1784036788.173,1182,1.694,-0.762,0.26,0.0,17.2,72.8
1784036788.173,1182,3.469,-1.699,0.399,0.0,16.1,73.1
1784036788.173,1182,7.355,-3.01,1.131,0.0,18.6,65.3
1784036788.173,1182,8.422,-0.0,1.483,0.0,11.3,64.8
1784036788.275,1183,1.693,-0.762,0.266,0.0,17.0,73.0
1784036788.275,1183,3.464,-1.699,0.435,0.0,16.7,72.4
1784036788.275,1183,6.51,-2.716,1.643,0.0,11.5,63.8
1784036788.275,1183,7.34,-3.01,1.225,0.0,19.0,65.4
1784036788.275,1183,1.474,1.288,0.143,0.162,19.9,57.9
1784036788.275,1183,4.352,-1.605,0.528,-0.081,12.1,61.3
1784036788.377,1184,0.598,-0.115,-0.049,0.0,13.9,62.3
1784036788.377,1184,1.695,-0.762,0.255,0.0,17.4,72.5
1784036788.377,1184,3.468,-1.699,0.409,0.0,16.3,72.9
1784036788.377,1184,7.353,-3.01,1.147,0.0,18.9,65.4
1784036788.485,1185,0.598,-0.095,-0.083,0.0,13.8,63.2
1784036788.485,1185,1.694,-0.762,0.261,0.0,17.2,72.7
1784036788.485,1185,3.409,-1.82,0.376,0.0,16.3,72.7
1784036788.485,1185,6.532,-2.716,1.552,0.0,12.3,63.0
1784036788.485,1185,7.355,-3.01,1.134,0.0,19.4,64.7
1784036788.485,1185,0.203,0.229,0.167,-0.162,16.2,56.2
1784036788.543,1186,1.694,-0.762,0.264,0.0,17.2,73.0
1784036788.543,1186,3.467,-1.699,0.416,0.0,16.2,72.8
1784036788.543,1186,6.535,-2.716,1.54,0.0,11.8,63.5
1784036788.543,1186,7.35,-3.01,1.166,0.0,18.9,65.1
1784036788.543,1186,8.429,-0.0,1.438,0.0,11.3,64.8
1784036788.543,1186,0.211,0.251,0.12,0.243,19.0,56.0
1784036788.644,1187,1.696,-0.762,0.253,0.0,17.4,72.7
1784036788.644,1187,3.467,-1.699,0.415,0.0,16.4,72.9
1784036788.644,1187,6.527,-2.716,1.572,0.0,11.3,64.0
1784036788.644,1187,7.353,-3.01,1.144,0.0,18.3,65.6
1784036788.747,1188,0.532,-0.076,-0.29,0.0,14.2,63.3
1784036788.747,1188,1.693,-0.762,0.266,0.0,17.1,72.9
1784036788.747,1188,3.406,-1.82,0.401,0.0,16.4,72.4
1784036788.747,1188,6.543,-2.716,1.505,0.0,11.3,63.7
1784036788.747,1188,7.354,-3.01,1.141,0.0,18.6,65.3
1784036788.747,1188,3.312,-0.873,0.67,0.162,17.0,54.0
1784036788.747,1188,1.414,1.35,0.183,-0.162,23.9,53.8
1784036788.747,1188,1.709,-0.491,0.833,-0.162,23.9,53.8
1784036788.85,1189,1.698,-0.762,0.236,0.0,16.4,73.6
1784036788.85,1189,3.47,-1.699,0.389,0.0,16.8,72.3
1784036788.85,1189,6.522,-2.716,1.595,0.0,11.6,62.9
1784036788.85,1189,7.356,-3.01,1.126,0.0,19.5,64.6
1784036788.85,1189,0.222,0.21,-0.011,0.568,23.6,60.6
1784036788.85,1189,3.289,-0.982,0.632,-0.162,16.3,57.3
1784036788.952,1190,1.694,-0.762,0.265,0.0,18.7,71.8
1784036788.952,1190,3.471,-1.699,0.382,0.0,17.2,72.0
1784036788.952,1190,6.501,-2.716,1.677,0.0,11.8,63.4
1784036788.952,1190,7.449,-2.76,1.158,0.0,19.3,64.9
1784036788.952,1190,0.445,0.409,0.25,-0.568,16.1,56.7
1784036788.952,1190,0.186,0.294,0.024,-0.487,23.3,65.1
1784036788.952,1190,3.26,-0.969,0.556,-0.325,21.7,52.0
1784036789.063,1191,1.694,-0.762,0.259,0.0,17.4,72.7
1784036789.063,1191,3.409,-1.82,0.379,0.0,17.1,72.0
1784036789.063,1191,6.524,-2.716,1.586,0.0,11.6,63.6
1784036789.063,1191,7.354,-3.01,1.137,0.0,19.1,65.2
1784036789.063,1191,0.611,0.417,-0.05,0.568,14.9,55.7
1784036789.063,1191,0.69,-0.232,0.144,0.568,14.9,55.7
1784036789.063,1191,1.843,1.603,0.052,0.568,15.3,56.4
1784036789.063,1191,2.333,-0.687,0.237,0.568,15.3,56.4
1784036789.063,1191,4.178,-1.404,0.875,0.568,17.7,50.7
1784036789.063,1191,3.715,2.528,0.07,0.568,17.7,50.7
1784036789.168,1192,1.696,-0.762,0.252,0.0,17.5,72.5
1784036789.168,1192,3.467,-1.699,0.417,0.0,17.4,71.7
1784036789.168,1192,6.541,-2.716,1.515,0.0,11.8,63.3
1784036789.168,1192,7.354,-3.01,1.14,0.0,19.4,64.9
1784036789.168,1192,1.468,1.288,0.2,0.162,22.5,53.3
1784036789.168,1192,1.814,-0.675,0.329,0.162,22.5,53.3
1784036789.168,1192,1.932,1.554,0.191,0.325,13.9,56.8
1784036789.168,1192,2.3,-0.933,0.153,0.325,13.9,56.8
1784036789.168,1192,0.371,0.3,0.053,0.406,27.6,61.3
1784036789.274,1193,0.346,0.393,0.006,0.0,13.2,64.4
1784036789.274,1193,1.696,-0.762,0.252,0.0,18.0,72.0
1784036789.274,1193,3.47,-1.699,0.386,0.0,17.2,71.9
1784036789.274,1193,6.543,-2.716,1.506,0.0,12.1,63.0
1784036789.274,1193,7.452,-2.76,1.141,0.0,19.6,64.6
1784036789.274,1193,3.84,3.749,0.968,0.162,12.1,52.8
1784036789.274,1193,4.987,-1.875,1.167,0.162,12.1,52.8
1784036789.274,1193,0.608,0.886,0.188,-0.162,14.3,52.0
1784036789.379,1194,1.693,-0.762,0.266,0.0,17.6,72.4
1784036789.379,1194,3.469,-1.699,0.396,0.0,17.2,72.0
1784036789.379,1194,6.524,-2.716,1.584,0.0,11.8,63.2
1784036789.379,1194,7.459,-2.76,1.092,0.0,19.4,64.9
1784036789.379,1194,0.216,0.354,-0.134,0.081,14.5,64.6
1784036789.379,1194,0.355,0.315,0.069,-0.162,20.6,62.3
1784036789.379,1194,0.759,0.75,0.226,-0.162,11.9,54.0
1784036789.438,1195,0.247,0.354,-0.06,0.0,14.3,66.6
1784036789.438,1195,1.694,-0.762,0.263,0.0,17.6,72.4
1784036789.438,1195,3.406,-1.82,0.403,0.0,17.6,71.4
1784036789.438,1195,6.488,-2.716,1.728,0.0,11.4,63.6
1784036789.438,1195,7.441,-2.76,1.207,0.0,19.1,65.3
1784036789.438,1195,0.372,0.3,0.041,-0.325,25.1,62.5
1784036789.438,1195,1.92,1.554,0.286,-0.325,18.1,55.6
1784036789.438,1195,0.612,0.818,0.23,-0.162,14.3,52.4
1784036789.598,1196,1.694,-0.762,0.262,0.0,17.9,72.1
1784036789.598,1196,3.468,-1.699,0.401,0.0,17.3,72.0
1784036789.598,1196,6.551,-2.716,1.469,0.0,12.0,63.2
1784036789.598,1196,7.358,-3.01,1.112,0.0,19.7,64.7
1784036789.598,1196,0.254,0.354,0.014,0.081,20.1,64.3
1784036789.598,1196,0.302,0.314,0.032,-0.325,21.5,64.8
1784036789.598,1196,1.898,1.554,0.408,-0.325,15.5,57.2
1784036789.598,1196,2.351,-0.777,0.227,-0.325,15.5,57.2
1784036789.655,1197,0.233,0.368,0.024,0.0,17.4,66.8
1784036789.655,1197,1.72,-0.704,0.255,0.0,17.5,72.6
1784036789.655,1197,3.407,-1.82,0.394,0.0,16.7,72.4
1784036789.655,1197,7.359,-3.01,1.106,0.0,19.0,65.5
1784036789.655,1197,0.282,0.27,0.041,-0.487,20.6,63.8
1784036789.655,1197,1.827,1.603,0.243,-0.406,15.8,58.6
1784036789.655,1197,2.284,-0.84,0.222,-0.406,15.8,58.6
1784036789.768,1198,0.288,0.327,-0.019,0.0,11.7,67.0
1784036789.768,1198,1.695,-0.762,0.257,0.0,17.4,72.6
1784036789.768,1198,3.407,-1.82,0.394,0.0,17.0,72.1
1784036789.768,1198,6.542,-2.716,1.511,0.0,11.3,63.5
1784036789.768,1198,7.454,-2.76,1.128,0.0,19.3,65.1
1784036789.768,1198,0.252,0.172,-0.021,0.162,19.2,57.6
1784036789.768,1198,3.721,-1.365,0.238,-0.243,18.6,53.4
1784036789.871,1199,0.28,0.327,-0.07,0.0,15.3,66.1
1784036789.871,1199,1.694,-0.762,0.261,0.0,17.1,72.8
1784036789.871,1199,3.471,-1.699,0.377,0.0,17.1,72.3
1784036789.871,1199,6.516,-2.716,1.62,0.0,11.6,63.6
1784036789.871,1199,7.443,-2.76,1.195,0.0,19.3,65.1
1784036789.871,1199,8.406,-0.0,1.568,0.0,11.3,64.8
1784036789.973,1200,0.272,0.341,-0.008,0.0,14.2,66.8
1784036789.973,1200,0.595,-0.095,-0.1,0.0,11.2,65.6
1784036789.973,1200,1.719,-0.704,0.262,0.0,16.9,73.1
1784036789.973,1200,3.406,-1.82,0.405,0.0,17.6,71.6
1784036789.973,1200,6.536,-2.716,1.536,0.0,11.3,63.7
1784036789.973,1200,7.35,-3.01,1.165,0.0,19.1,65.4
1784036790.085,1201,1.694,-0.762,0.262,0.0,16.8,73.2
1784036790.085,1201,3.47,-1.699,0.389,0.0,17.6,71.7
1784036790.085,1201,7.351,-3.01,1.161,0.0,19.0,65.2
1784036790.199,1202,1.694,-0.762,0.262,0.0,16.7,73.3
1784036790.199,1202,3.408,-1.82,0.389,0.0,17.0,72.1
1784036790.199,1202,6.539,-2.716,1.521,0.0,11.3,63.7
1784036790.199,1202,7.352,-3.01,1.155,0.0,18.7,65.2
1784036790.199,1202,3.247,-0.969,0.629,-0.325,27.0,49.8
1784036790.199,1202,3.902,3.749,0.675,-0.243,15.8,49.8
1784036790.199,1202,5.084,-1.704,0.993,-0.243,15.8,49.8
1784036790.199,1202,0.232,0.368,0.033,-0.081,14.6,65.8
1784036790.255,1203,1.694,-0.762,0.261,0.0,17.0,73.0
1784036790.255,1203,3.404,-1.82,0.421,0.0,16.7,72.4
1784036790.255,1203,7.357,-3.01,1.119,0.0,18.9,65.4
1784036790.255,1203,3.301,-0.862,0.491,-0.243,19.1,50.0
1784036790.255,1203,0.299,0.375,0.017,-0.081,12.1,63.7
1784036790.378,1204,1.694,-0.762,0.265,0.0,17.2,72.8
1784036790.378,1204,3.407,-1.82,0.397,0.0,17.1,72.1
1784036790.378,1204,6.506,-2.716,1.657,0.0,11.6,63.8
1784036790.378,1204,7.267,-2.7,1.253,0.0,11.3,65.1
1784036790.378,1204,7.353,-3.01,1.149,0.0,18.7,65.5
1784036790.378,1204,8.43,-0.267,1.412,0.0,11.3,64.7
1784036790.499,1205,0.436,-0.12,0.16,0.0,11.4,65.2
1784036790.499,1205,1.694,-0.762,0.262,0.0,17.2,72.7
1784036790.499,1205,3.407,-1.82,0.397,0.0,16.9,72.1
1784036790.499,1205,7.353,-3.01,1.147,0.0,18.5,65.6
1784036790.553,1206,0.219,0.319,-0.065,0.0,11.6,68.4
1784036790.553,1206,1.694,-0.762,0.265,0.0,16.7,73.3
1784036790.553,1206,3.407,-1.82,0.397,0.0,16.5,72.6
1784036790.553,1206,6.515,-2.716,1.621,0.0,11.3,63.6
1784036790.553,1206,7.355,-3.01,1.135,0.0,18.9,65.2
1784036790.678,1207,0.272,0.341,-0.013,0.0,16.4,66.7
1784036790.678,1207,1.694,-0.762,0.266,0.0,16.8,73.2
1784036790.678,1207,3.407,-1.82,0.399,0.0,17.3,71.7
1784036790.678,1207,6.536,-2.716,1.536,0.0,11.4,63.6
1784036790.678,1207,7.357,-3.01,1.119,0.0,18.8,65.3
1784036790.802,1208,0.207,0.331,-0.041,0.0,13.4,68.3
1784036790.802,1208,1.693,-0.762,0.269,0.0,17.0,73.0
1784036790.802,1208,3.408,-1.82,0.386,0.0,17.1,72.1
1784036790.802,1208,6.536,-2.716,1.536,0.0,11.3,63.5
1784036790.802,1208,7.356,-3.01,1.124,0.0,19.2,65.1
1784036790.865,1209,1.694,-0.762,0.263,0.0,17.2,72.8
1784036790.865,1209,3.468,-1.699,0.406,0.0,17.2,71.8
1784036790.865,1209,7.454,-2.76,1.128,0.0,18.9,65.3
1784036790.983,1210,0.213,0.319,-0.083,0.0,13.0,68.3
1784036790.983,1210,1.72,-0.704,0.259,0.0,17.0,73.1
1784036790.983,1210,3.407,-1.82,0.395,0.0,17.0,72.0
1784036790.983,1210,7.359,-3.01,1.108,0.0,18.8,65.5
1784036790.983,1210,0.62,0.72,0.139,0.162,18.2,52.5
1784036791.042,1211,0.195,0.331,-0.081,0.0,12.0,68.8
1784036791.042,1211,1.695,-0.762,0.255,0.0,17.3,72.8
1784036791.042,1211,3.404,-1.82,0.421,0.0,17.2,72.0
1784036791.042,1211,6.543,-2.716,1.503,0.0,11.5,63.6
1784036791.042,1211,7.357,-3.01,1.118,0.0,19.2,65.2
1784036791.042,1211,0.647,0.851,0.38,0.162,12.8,53.2
1784036791.155,1212,1.694,-0.762,0.264,0.0,17.2,72.7
1784036791.155,1212,3.472,-1.699,0.374,0.0,17.2,72.0
1784036791.155,1212,6.545,-2.716,1.497,0.0,11.4,63.4
1784036791.155,1212,7.364,-3.01,1.074,0.0,19.2,65.0
1784036791.268,1213,0.29,0.314,-0.089,0.0,12.5,67.5
1784036791.268,1213,0.589,-0.095,-0.129,0.0,12.1,64.5
1784036791.268,1213,1.695,-0.762,0.256,0.0,17.3,72.7
1784036791.268,1213,3.469,-1.699,0.401,0.0,17.3,72.1
1784036791.268,1213,6.554,-2.716,1.456,0.0,12.1,63.0
1784036791.268,1213,7.455,-2.76,1.116,0.0,19.4,64.9
1784036791.386,1214,1.694,-0.762,0.262,0.0,17.4,72.7
1784036791.386,1214,3.408,-1.82,0.383,0.0,16.3,72.7
1784036791.386,1214,6.559,-2.716,1.433,0.0,12.1,63.1
1784036791.386,1214,7.357,-3.01,1.123,0.0,19.2,64.8
1784036791.386,1214,0.397,0.511,0.097,0.243,15.1,53.6
1784036791.386,1214,3.154,-0.945,0.665,-0.243,25.1,51.3
1784036791.441,1215,1.695,-0.762,0.259,0.0,17.0,73.0
1784036791.441,1215,3.466,-1.699,0.42,0.0,16.1,73.1
1784036791.441,1215,6.518,-2.716,1.609,0.0,11.2,63.5
1784036791.441,1215,7.353,-3.01,1.144,0.0,19.3,65.0
1784036791.441,1215,8.449,-0.0,1.321,0.0,11.7,64.3
1784036791.441,1215,0.272,0.341,-0.004,0.081,20.8,65.0
1784036791.554,1216,1.694,-0.762,0.26,0.0,17.3,72.7
1784036791.554,1216,3.409,-1.82,0.376,0.0,16.4,72.6
1784036791.554,1216,6.539,-2.716,1.524,0.0,11.4,63.4
1784036791.554,1216,7.453,-2.76,1.13,0.0,18.9,65.0
1784036791.554,1216,0.26,0.341,0.081,0.081,22.7,63.9
1784036791.676,1217,0.27,0.327,0.103,0.0,15.5,67.9
1784036791.676,1217,1.694,-0.762,0.265,0.0,17.2,72.8
1784036791.676,1217,3.409,-1.82,0.379,0.0,17.2,72.2
1784036791.676,1217,7.36,-3.01,1.102,0.0,18.8,65.2
1784036791.781,1218,0.249,0.354,0.052,0.0,19.5,66.9
1784036791.781,1218,0.357,0.458,-0.189,0.0,11.2,64.7
1784036791.781,1218,1.693,-0.762,0.266,0.0,16.9,73.1
1784036791.781,1218,3.407,-1.82,0.396,0.0,15.8,73.0
1784036791.781,1218,7.348,-3.01,1.18,0.0,19.2,65.1
1784036791.781,1218,0.383,0.491,0.202,-0.162,16.9,52.8
1784036791.893,1219,0.272,0.341,0.018,0.0,20.3,65.8
1784036791.893,1219,0.596,-0.115,-0.067,0.0,12.7,63.3
1784036791.893,1219,1.695,-0.762,0.257,0.0,16.9,73.1
1784036791.893,1219,3.473,-1.699,0.356,0.0,16.9,72.3
1784036791.893,1219,7.362,-3.01,1.086,0.0,18.7,65.2
1784036791.954,1220,1.693,-0.762,0.266,0.0,17.2,72.9
1784036791.954,1220,3.471,-1.699,0.381,0.0,18.3,71.0
1784036791.954,1220,7.461,-2.76,1.075,0.0,18.7,65.2
1784036791.954,1220,0.259,0.341,0.084,-0.081,22.0,64.1
1784036792.073,1221,0.598,-0.115,-0.043,0.0,13.1,62.5
1784036792.073,1221,1.695,-0.762,0.259,0.0,17.3,72.7
1784036792.073,1221,3.47,-1.699,0.39,0.0,16.8,72.1
1784036792.073,1221,7.356,-3.01,1.126,0.0,19.0,65.1
1784036792.073,1221,8.45,-0.0,1.313,0.0,11.3,64.8
1784036792.073,1221,3.315,-0.862,0.386,0.568,16.5,55.1
1784036792.189,1222,0.584,-0.095,-0.151,0.0,14.2,63.3
1784036792.189,1222,1.694,-0.762,0.264,0.0,17.3,72.7
1784036792.189,1222,3.407,-1.82,0.397,0.0,16.7,72.4
1784036792.189,1222,6.547,-2.716,1.488,0.0,11.3,63.2
1784036792.189,1222,7.358,-3.01,1.113,0.0,19.3,64.9
1784036792.189,1222,8.456,-0.0,1.271,0.0,11.4,64.6
1784036792.189,1222,0.285,0.327,0.047,0.081,17.7,64.5
1784036792.189,1222,3.302,-0.862,0.481,-0.243,20.5,51.6
1784036792.249,1223,1.694,-0.762,0.261,0.0,17.4,72.6
1784036792.249,1223,3.41,-1.82,0.366,0.0,17.2,72.0
1784036792.249,1223,7.455,-2.76,1.12,0.0,18.9,65.1
1784036792.249,1223,1.426,1.35,0.0,-0.162,17.6,58.0
1784036792.249,1223,1.773,-0.736,0.413,-0.162,17.6,58.0
1784036792.249,1223,0.303,0.314,0.017,-0.081,23.2,65.6
1784036792.373,1224,0.32,0.345,-0.094,0.0,16.1,65.1
1784036792.373,1224,1.694,-0.762,0.263,0.0,18.0,72.0
1784036792.373,1224,3.406,-1.82,0.401,0.0,17.5,71.7
1784036792.373,1224,6.57,-2.716,1.383,0.0,11.5,63.0
1784036792.373,1224,7.368,-3.01,1.049,0.0,19.2,64.7
1784036792.373,1224,0.764,0.627,0.171,-0.325,19.1,50.2
1784036792.373,1224,0.316,0.3,0.015,-0.243,20.9,63.2
1784036792.373,1224,3.468,-1.861,0.52,-0.243,12.7,56.2
1784036792.373,1224,3.193,2.357,-0.086,-0.243,12.7,56.2
1784036792.449,1225,0.237,0.341,-0.134,0.0,16.3,66.3
1784036792.449,1225,1.691,-0.762,0.281,0.0,18.6,71.5
1784036792.449,1225,3.405,-1.82,0.409,0.0,16.4,72.6
1784036792.449,1225,6.548,-2.716,1.485,0.0,11.6,63.0
1784036792.449,1225,7.36,-3.01,1.104,0.0,19.2,64.7
1784036792.449,1225,0.308,0.233,0.071,-0.325,22.1,62.9
1784036792.449,1225,0.528,0.394,0.34,-0.243,14.7,55.6
1784036792.449,1225,1.884,1.527,0.299,-0.243,18.3,59.6
1784036792.449,1225,2.075,-1.145,0.595,-0.243,18.3,59.6
1784036792.569,1226,0.254,0.354,-0.009,0.0,17.5,67.5
1784036792.569,1226,0.322,-0.425,-0.193,0.0,11.6,64.6
1784036792.569,1226,1.693,-0.762,0.266,0.0,19.9,71.6
1784036792.569,1226,3.411,-1.82,0.361,0.0,16.5,72.5
1784036792.569,1226,6.542,-2.716,1.508,0.0,11.9,62.7
1784036792.569,1226,7.363,-3.01,1.083,0.0,19.5,64.5
1784036792.569,1226,0.427,0.545,0.088,-0.162,14.2,55.1
1784036792.685,1227,0.257,0.405,-0.015,0.0,14.2,65.1
1784036792.685,1227,0.565,-0.076,-0.219,0.0,12.9,63.5
1784036792.685,1227,1.695,-0.762,0.258,0.0,18.3,71.9
1784036792.685,1227,3.408,-1.82,0.383,0.0,16.6,72.4
1784036792.685,1227,6.566,-2.716,1.401,0.0,11.4,62.9
1784036792.685,1227,7.361,-3.01,1.096,0.0,19.2,64.7
1784036792.685,1227,1.448,1.26,0.03,0.162,30.3,55.7
1784036792.685,1227,1.709,-0.78,0.393,0.162,30.3,55.7
1784036792.739,1228,0.24,0.327,-0.16,0.0,11.6,66.4
1784036792.739,1228,0.337,-0.477,-0.177,0.0,12.6,63.6
1784036792.739,1228,1.694,-0.762,0.264,0.0,16.9,73.2
1784036792.739,1228,3.408,-1.82,0.383,0.0,17.0,72.0
1784036792.739,1228,7.361,-3.01,1.097,0.0,19.2,64.7
1784036792.739,1228,0.253,0.24,0.009,0.162,30.0,61.8
1784036792.86,1229,1.695,-0.762,0.258,0.0,17.5,72.6
1784036792.86,1229,3.468,-1.699,0.404,0.0,17.5,71.7
1784036792.86,1229,7.359,-3.01,1.107,0.0,18.6,65.4
1784036792.984,1230,0.588,-0.076,-0.148,0.0,12.3,64.1
1784036792.984,1230,1.693,-0.762,0.266,0.0,17.7,72.5
1784036792.984,1230,3.411,-1.82,0.36,0.0,17.1,72.0
1784036792.984,1230,7.363,-3.01,1.08,0.0,18.6,65.4
1784036792.984,1230,0.271,0.282,-0.032,0.081,17.8,68.5
1784036792.984,1230,0.517,0.744,0.133,0.243,12.7,50.4
1784036793.089,1231,0.229,0.319,0.001,0.0,16.8,68.0
1784036793.089,1231,1.693,-0.762,0.271,0.0,17.9,72.3
1784036793.089,1231,3.413,-1.82,0.345,0.0,16.3,72.6
1784036793.089,1231,7.358,-3.01,1.115,0.0,18.7,65.5
1784036793.089,1231,0.66,0.63,0.081,0.162,15.5,52.8
1784036793.089,1231,0.585,0.627,0.162,0.243,17.1,50.7
1784036793.155,1232,0.248,0.294,0.076,0.0,17.3,69.4
1784036793.155,1232,1.693,-0.762,0.266,0.0,18.6,71.3
1784036793.155,1232,3.468,-1.699,0.408,0.0,17.1,72.0
1784036793.155,1232,6.529,-2.716,1.565,0.0,11.4,63.5
1784036793.155,1232,7.357,-3.01,1.124,0.0,18.7,65.4
1784036793.277,1233,0.279,0.27,0.059,0.0,16.7,71.0
1784036793.277,1233,1.721,-0.704,0.251,0.0,17.6,72.2
1784036793.277,1233,3.405,-1.82,0.41,0.0,17.5,71.4
1784036793.277,1233,6.549,-2.716,1.48,0.0,11.4,63.3
1784036793.277,1233,7.293,-2.454,1.571,0.0,11.3,65.0
1784036793.277,1233,7.36,-3.01,1.099,0.0,18.8,65.1
1784036793.336,1234,0.246,0.294,0.083,0.0,17.3,70.6
1784036793.336,1234,1.694,-0.762,0.264,0.0,19.4,70.9
1784036793.336,1234,3.405,-1.82,0.41,0.0,16.9,72.0
1784036793.336,1234,6.546,-2.716,1.491,0.0,11.4,63.3
1784036793.336,1234,7.359,-3.01,1.105,0.0,18.9,64.9
1784036793.465,1235,1.693,-0.762,0.271,0.0,17.4,72.4
1784036793.465,1235,3.468,-1.699,0.403,0.0,17.3,71.9
1784036793.465,1235,6.552,-2.716,1.466,0.0,12.0,63.0
1784036793.465,1235,7.15,-2.945,1.369,0.0,11.4,64.9
1784036793.465,1235,7.364,-3.01,1.072,0.0,19.3,64.7
1784036793.465,1235,4.371,-1.445,0.444,-0.162,14.5,53.1
1784036793.609,1236,1.693,-0.762,0.268,0.0,17.0,73.0
1784036793.609,1236,3.471,-1.699,0.375,0.0,17.1,71.9
1784036793.609,1236,6.54,-2.716,1.519,0.0,12.5,62.9
1784036793.609,1236,7.231,-2.7,1.451,0.0,11.3,64.7
1784036793.609,1236,7.357,-3.01,1.12,0.0,19.6,64.6
1784036793.609,1236,4.271,-1.418,0.579,-0.162,18.9,52.7
1784036793.609,1236,0.282,0.27,-0.042,-0.081,16.2,68.3
1784036793.695,1237,0.389,0.408,0.066,0.0,13.2,62.6
1784036793.695,1237,1.694,-0.762,0.264,0.0,17.2,73.1
1784036793.695,1237,3.408,-1.82,0.386,0.0,16.7,72.4
1784036793.695,1237,6.525,-2.716,1.583,0.0,12.4,62.6
1784036793.695,1237,7.302,-2.454,1.527,0.0,11.7,64.6
1784036793.695,1237,7.356,-3.01,1.13,0.0,19.6,64.3
1784036793.695,1237,4.154,-1.404,0.981,-0.243,16.8,53.4
1784036793.695,1237,0.465,0.596,0.34,-0.162,12.8,54.1
1784036793.695,1237,0.285,0.27,-0.012,-0.081,16.8,67.4
1784036793.756,1238,0.198,0.331,0.073,0.0,11.4,68.6
1784036793.756,1238,1.693,-0.762,0.267,0.0,17.3,72.8
1784036793.756,1238,3.468,-1.699,0.404,0.0,16.9,72.4
1784036793.756,1238,6.535,-2.716,1.54,0.0,12.7,62.7
1784036793.756,1238,7.353,-3.01,1.148,0.0,19.9,64.4
1784036793.756,1238,8.427,-0.0,1.451,0.0,11.4,64.7
1784036793.756,1238,0.242,0.251,0.009,-0.243,25.2,64.5
1784036793.756,1238,2.23,-0.589,0.481,-0.243,14.6,57.2
1784036793.756,1238,1.799,1.472,0.383,-0.243,14.6,57.2
1784036793.875,1239,1.695,-0.762,0.258,0.0,16.9,73.2
1784036793.875,1239,3.404,-1.82,0.419,0.0,16.4,72.7
1784036793.875,1239,6.589,-2.49,1.686,0.0,12.4,62.7
1784036793.875,1239,7.36,-3.01,1.102,0.0,19.8,64.3
1784036793.875,1239,0.214,0.273,0.04,-0.406,25.5,56.8
1784036793.875,1239,4.131,-1.391,0.899,-0.243,15.4,51.6
1784036793.999,1240,0.268,0.341,0.048,0.0,13.1,64.9
1784036793.999,1240,0.598,-0.115,-0.046,0.0,13.5,62.2
1784036793.999,1240,1.695,-0.762,0.254,0.0,17.0,73.0
1784036793.999,1240,3.469,-1.699,0.4,0.0,16.3,72.9
1784036793.999,1240,6.556,-2.716,1.448,0.0,11.5,63.2
1784036793.999,1240,7.362,-3.01,1.084,0.0,19.2,64.8
1784036793.999,1240,8.44,-0.0,1.375,0.0,11.3,64.8
1784036793.999,1240,4.104,-1.377,0.824,-0.162,15.5,52.5
1784036794.058,1241,0.359,-0.477,-0.127,0.0,12.3,63.2
1784036794.058,1241,1.694,-0.762,0.264,0.0,16.8,73.2
1784036794.058,1241,3.466,-1.699,0.42,0.0,16.3,72.8
1784036794.058,1241,6.517,-2.716,1.614,0.0,11.5,63.1
1784036794.058,1241,7.367,-3.01,1.051,0.0,19.3,64.7
1784036794.179,1242,1.695,-0.762,0.259,0.0,17.1,72.9
1784036794.179,1242,3.47,-1.699,0.389,0.0,15.7,73.5
1784036794.179,1242,6.535,-2.716,1.537,0.0,11.6,63.3
1784036794.179,1242,7.363,-3.01,1.082,0.0,18.7,65.1
1784036794.237,1243,1.693,-0.762,0.268,0.0,17.3,72.7
1784036794.237,1243,3.408,-1.82,0.391,0.0,15.6,73.5
1784036794.237,1243,6.523,-2.716,1.587,0.0,11.8,63.3
1784036794.237,1243,7.367,-3.01,1.056,0.0,18.6,64.9
1784036794.237,1243,8.476,-0.271,1.86,0.0,12.7,63.6
1784036794.354,1244,1.695,-0.762,0.258,0.0,17.2,72.8
1784036794.354,1244,3.405,-1.82,0.414,0.0,15.5,73.6
1784036794.354,1244,6.546,-2.716,1.493,0.0,11.5,63.5
1784036794.354,1244,7.363,-3.01,1.083,0.0,18.7,65.0
1784036794.354,1244,8.485,-0.271,1.82,0.0,12.8,63.1
1784036794.354,1244,0.294,0.375,0.056,0.081,17.7,63.5
1784036794.456,1245,0.535,-0.076,-0.284,0.0,13.6,63.4
1784036794.456,1245,1.694,-0.762,0.263,0.0,16.9,73.2
1784036794.456,1245,3.471,-1.699,0.377,0.0,16.9,72.2
1784036794.456,1245,6.489,-2.716,1.724,0.0,11.8,63.4
1784036794.456,1245,7.356,-3.01,1.129,0.0,18.9,65.0
1784036794.456,1245,8.401,-0.0,1.596,0.0,11.4,64.8
1784036794.456,1245,8.486,-0.271,1.813,0.0,13.3,62.5
1784036794.56,1246,1.695,-0.762,0.255,0.0,17.1,72.9
1784036794.56,1246,3.471,-1.699,0.383,0.0,16.3,73.0
1784036794.56,1246,6.49,-2.716,1.719,0.0,11.9,63.5
1784036794.56,1246,7.458,-2.76,1.099,0.0,19.5,65.1
1784036794.56,1246,0.407,0.344,-0.299,-0.568,22.8,44.8
1784036794.681,1247,0.558,-0.076,-0.237,0.0,13.4,62.9
1784036794.681,1247,1.72,-0.704,0.259,0.0,17.0,73.0
1784036794.681,1247,3.408,-1.82,0.384,0.0,15.7,73.4
1784036794.681,1247,7.357,-3.01,1.12,0.0,19.3,65.4
1784036794.681,1247,8.422,-0.0,1.483,0.0,11.4,64.6
1784036794.681,1247,8.401,-0.271,2.175,0.0,13.1,62.2
1784036794.734,1248,0.557,-0.076,-0.239,0.0,14.0,62.5
1784036794.734,1248,1.694,-0.762,0.261,0.0,16.9,73.1
1784036794.734,1248,3.405,-1.82,0.41,0.0,16.4,72.8
1784036794.734,1248,6.534,-2.716,1.542,0.0,11.4,63.7
1784036794.734,1248,7.355,-3.01,1.136,0.0,18.7,65.3
1784036794.734,1248,8.438,-0.543,1.97,0.0,12.0,63.1
1784036794.734,1248,0.32,0.409,0.064,0.162,18.4,60.4
1784036794.734,1248,4.143,-1.377,0.594,0.162,14.2,57.0
1784036794.842,1249,0.553,-0.095,-0.241,0.0,14.2,62.2
1784036794.842,1249,1.695,-0.762,0.255,0.0,17.2,72.9
1784036794.842,1249,3.406,-1.82,0.401,0.0,16.0,73.3
1784036794.842,1249,7.361,-3.01,1.095,0.0,18.6,65.8
1784036794.842,1249,8.478,-0.271,1.851,0.0,11.4,62.8
1784036794.842,1249,0.345,0.393,0.035,0.162,18.8,59.5
1784036794.842,1249,4.184,-1.252,0.857,0.243,19.4,54.0
1784036794.957,1250,0.344,0.393,-0.042,0.0,19.3,63.5
1784036794.957,1250,1.694,-0.762,0.261,0.0,17.6,72.3
1784036794.957,1250,3.467,-1.699,0.413,0.0,17.2,71.9
1784036794.957,1250,7.361,-3.01,1.097,0.0,19.3,65.1
1784036794.957,1250,8.424,-0.0,1.47,0.0,11.3,64.9
1784036794.957,1250,4.209,-1.252,0.724,0.243,23.0,54.0
1784036794.957,1250,4.086,-1.5,0.294,0.487,18.2,49.8
1784036795.062,1251,1.695,-0.762,0.256,0.0,17.2,72.7
1784036795.062,1251,3.409,-1.82,0.382,0.0,16.7,72.5
1784036795.062,1251,6.515,-2.716,1.621,0.0,11.8,63.2
1784036795.062,1251,7.362,-3.01,1.085,0.0,19.2,65.1
1784036795.062,1251,0.346,0.393,0.003,0.081,25.6,62.2
1784036795.062,1251,4.296,-1.432,0.69,0.162,12.3,54.2
1784036795.062,1251,4.184,-1.404,0.845,0.243,20.3,50.9
1784036795.172,1252,1.693,-0.762,0.266,0.0,17.8,72.3
1784036795.172,1252,3.466,-1.699,0.422,0.0,16.5,72.8
1784036795.172,1252,7.356,-3.01,1.128,0.0,19.0,65.4
1784036795.172,1252,0.346,0.393,-0.002,0.081,22.4,61.8
1784036795.172,1252,4.178,-1.404,0.876,0.162,19.1,54.4
1784036795.298,1253,0.228,0.368,0.053,0.0,17.8,66.1
1784036795.298,1253,1.695,-0.762,0.255,0.0,17.0,73.1
1784036795.298,1253,3.406,-1.82,0.407,0.0,17.6,71.4
1784036795.298,1253,6.504,-2.716,1.666,0.0,11.3,63.3
1784036795.298,1253,7.353,-3.01,1.148,0.0,19.4,65.0
1784036795.298,1253,0.362,0.376,0.036,0.081,20.5,63.4
1784036795.35,1254,1.694,-0.762,0.263,0.0,17.5,72.5
1784036795.35,1254,1.394,1.442,0.058,0.0,14.4,73.0
1784036795.35,1254,3.412,-1.82,0.346,0.0,17.5,71.6
1784036795.35,1254,6.554,-2.716,1.456,0.0,11.5,63.2
1784036795.35,1254,7.359,-3.01,1.107,0.0,19.6,64.8
1784036795.35,1254,0.393,0.408,-0.035,0.081,22.8,61.2
1784036795.467,1255,0.386,0.408,-0.08,0.0,17.5,63.1
1784036795.467,1255,1.694,-0.762,0.266,0.0,17.7,72.3
1784036795.467,1255,1.395,1.442,0.019,0.0,15.3,72.6
1784036795.467,1255,3.408,-1.82,0.384,0.0,17.0,72.0
1784036795.467,1255,7.352,-3.01,1.153,0.0,19.3,65.0
1784036795.572,1256,1.693,-0.762,0.268,0.0,17.9,72.1
1784036795.572,1256,1.394,1.442,0.054,0.0,14.5,72.3
1784036795.572,1256,1.834,0.251,-0.775,0.0,14.5,72.3
1784036795.572,1256,3.405,-1.82,0.41,0.0,16.2,72.7
1784036795.572,1256,7.352,-3.01,1.153,0.0,19.3,65.1
1784036795.572,1256,0.392,0.408,0.043,0.081,20.6,59.5
1784036795.633,1257,0.274,0.408,0.283,0.0,13.2,64.0
1784036795.633,1257,1.692,-0.762,0.273,0.0,18.2,71.9
1784036795.633,1257,1.395,1.442,-0.013,0.0,12.9,72.5
1784036795.633,1257,1.879,0.188,0.68,0.0,12.9,72.5
1784036795.633,1257,3.471,-1.699,0.378,0.0,17.0,72.3
1784036795.633,1257,7.35,-3.01,1.164,0.0,19.2,65.5
1784036795.747,1258,0.394,0.408,0.024,0.0,21.5,64.0
1784036795.747,1258,1.694,-0.762,0.261,0.0,17.6,72.3
1784036795.747,1258,1.327,1.505,-0.004,0.0,14.7,72.7
1784036795.747,1258,3.403,-1.82,0.432,0.0,15.9,73.1
1784036795.747,1258,7.448,-2.76,1.165,0.0,19.0,65.8
1784036795.747,1258,0.339,0.3,0.159,-0.243,26.6,54.1
1784036795.853,1259,1.719,-0.704,0.261,0.0,17.6,72.4
1784036795.853,1259,1.393,1.442,0.084,0.0,14.2,72.9
1784036795.853,1259,3.41,-1.82,0.369,0.0,16.7,72.5
1784036795.853,1259,7.443,-2.76,1.197,0.0,19.6,65.2
1784036795.853,1259,0.279,0.39,0.018,-0.243,18.8,51.7
1784036795.853,1259,0.385,0.408,0.086,-0.081,22.8,61.1
1784036795.965,1260,0.226,0.368,0.059,0.0,14.6,66.6
1784036795.965,1260,1.695,-0.762,0.257,0.0,17.9,72.0
1784036795.965,1260,1.322,1.505,0.119,0.0,12.6,72.7
1784036795.965,1260,3.409,-1.82,0.376,0.0,17.0,72.2
1784036795.965,1260,7.347,-3.01,1.185,0.0,19.7,65.0
1784036796.079,1261,0.245,0.354,0.068,0.0,15.9,66.5
1784036796.079,1261,0.341,0.393,0.061,0.0,18.9,64.1
1784036796.079,1261,1.696,-0.762,0.253,0.0,17.4,72.7
1784036796.079,1261,1.392,1.442,0.1,0.0,11.8,73.2
1784036796.079,1261,1.977,-0.314,0.149,0.0,11.8,73.2
1784036796.079,1261,3.413,-1.82,0.345,0.0,16.2,72.7
1784036796.079,1261,7.365,-3.01,1.067,0.0,19.2,65.2
1784036796.196,1262,0.385,0.408,0.086,0.0,19.7,63.7
1784036796.196,1262,1.716,-0.704,0.283,0.0,17.6,72.8
1784036796.196,1262,1.394,1.442,0.068,0.0,13.1,73.2
1784036796.196,1262,3.41,-1.82,0.373,0.0,16.5,72.7
1784036796.196,1262,6.545,-2.716,1.496,0.0,11.6,63.3
1784036796.196,1262,7.362,-3.01,1.087,0.0,19.5,64.9
1784036796.196,1262,0.309,0.131,0.097,0.325,11.4,56.3
1784036796.257,1263,0.244,0.354,0.072,0.0,13.5,66.0
1784036796.257,1263,0.382,0.408,0.098,0.0,18.6,63.8
1784036796.257,1263,1.716,-0.704,0.28,0.0,17.9,72.4
1784036796.257,1263,1.395,1.442,-0.016,0.0,11.9,72.7
1784036796.257,1263,1.909,0.063,0.616,0.0,11.9,72.7
1784036796.257,1263,3.411,-1.82,0.355,0.0,16.2,72.8
1784036796.257,1263,6.575,-2.716,1.356,0.0,11.5,63.3
1784036796.257,1263,7.453,-2.76,1.134,0.0,19.4,64.9
1784036796.362,1264,1.717,-0.704,0.279,0.0,17.7,72.6
1784036796.362,1264,1.395,1.442,0.016,0.0,12.3,73.0
1784036796.362,1264,1.793,0.251,-0.865,0.0,12.3,73.0
1784036796.362,1264,3.409,-1.82,0.377,0.0,17.4,72.2
1784036796.362,1264,6.566,-2.716,1.401,0.0,11.6,63.4
1784036796.362,1264,7.457,-2.76,1.109,0.0,19.2,65.0
1784036796.362,1264,0.38,0.39,0.159,0.081,19.7,60.4
1784036796.362,1264,0.317,0.196,0.123,0.325,20.9,54.4
1784036796.469,1265,1.716,-0.704,0.282,0.0,17.5,72.9
1784036796.469,1265,1.394,1.442,0.059,0.0,13.2,73.1
1784036796.469,1265,1.957,0.251,0.365,0.0,13.2,73.1
1784036796.469,1265,3.41,-1.82,0.371,0.0,17.5,71.9
1784036796.469,1265,6.54,-2.716,1.517,0.0,11.6,63.5
1784036796.469,1265,7.358,-3.01,1.115,0.0,19.3,65.0
1784036796.469,1265,0.373,0.425,-0.039,0.081,18.5,60.7
1784036796.469,1265,0.282,0.314,0.112,-0.649,17.0,57.6
1784036796.577,1266,0.379,0.408,0.108,0.0,20.0,63.1
1784036796.577,1266,1.716,-0.704,0.282,0.0,17.5,72.7
1784036796.577,1266,3.476,-1.699,0.335,0.0,17.5,72.0
1784036796.577,1266,6.571,-2.716,1.376,0.0,11.3,63.5
1784036796.577,1266,7.449,-2.76,1.156,0.0,19.3,65.0
1784036796.577,1266,8.404,-0.0,1.581,0.0,11.3,64.9
1784036796.577,1266,8.542,-0.543,1.457,0.0,11.3,62.9
1784036796.577,1266,0.228,0.368,0.053,0.081,14.6,64.5
1784036796.692,1267,0.375,0.425,0.008,0.0,16.7,64.2
1784036796.692,1267,1.718,-0.704,0.27,0.0,17.2,73.0
1784036796.692,1267,1.327,1.505,-0.002,0.0,12.2,73.3
1784036796.692,1267,3.411,-1.82,0.364,0.0,16.6,72.7
1784036796.692,1267,5.542,-2.307,1.344,0.0,11.4,64.8
1784036796.692,1267,7.455,-2.76,1.117,0.0,19.2,65.1
1784036796.692,1267,0.444,0.135,0.124,-0.162,15.9,58.6
1784036796.748,1268,0.348,0.443,-0.065,0.0,13.3,64.9
1784036796.748,1268,1.717,-0.704,0.275,0.0,17.5,72.7
1784036796.748,1268,3.474,-1.699,0.351,0.0,16.3,73.0
1784036796.748,1268,6.546,-2.716,1.492,0.0,11.5,63.4
1784036796.748,1268,7.353,-3.01,1.149,0.0,19.6,64.7
1784036796.862,1269,1.716,-0.704,0.284,0.0,17.4,72.9
1784036796.862,1269,1.457,1.38,-0.048,0.0,13.5,73.3
1784036796.862,1269,3.41,-1.82,0.373,0.0,16.7,72.5
1784036796.862,1269,7.356,-3.01,1.127,0.0,19.1,65.1
1784036796.862,1269,0.354,0.443,0.017,-0.081,18.3,61.5
1784036796.986,1270,1.69,-0.762,0.284,0.0,17.2,73.0
1784036796.986,1270,1.391,1.442,0.111,0.0,11.3,73.3
1784036796.986,1270,1.976,0.188,0.299,0.0,11.3,73.3
1784036796.986,1270,3.408,-1.82,0.387,0.0,16.2,73.0
1784036796.986,1270,6.562,-2.716,1.421,0.0,11.5,63.5
1784036796.986,1270,7.353,-3.01,1.147,0.0,19.2,65.1
1784036796.986,1270,8.502,-0.543,1.675,0.0,11.3,63.4
1784036796.986,1270,3.287,-1.091,0.435,0.243,21.2,50.0
1784036796.986,1270,0.359,0.425,0.108,-0.081,23.1,62.2
1784036797.048,1271,1.694,-0.762,0.26,0.0,17.1,73.1
1784036797.048,1271,1.391,1.442,0.116,0.0,13.0,73.4
1784036797.048,1271,1.969,-0.376,0.09,0.0,13.0,73.4
1784036797.048,1271,3.475,-1.699,0.343,0.0,16.6,72.7
1784036797.048,1271,6.561,-2.716,1.426,0.0,11.8,63.2
1784036797.048,1271,7.459,-2.76,1.089,0.0,19.6,64.6
1784036797.048,1271,0.335,0.393,0.089,-0.081,24.4,62.7
1784036797.168,1272,1.717,-0.704,0.275,0.0,17.4,72.9
1784036797.168,1272,3.406,-1.82,0.407,0.0,16.4,72.6
1784036797.168,1272,6.54,-2.716,1.517,0.0,11.5,63.4
1784036797.168,1272,7.359,-3.01,1.11,0.0,19.6,64.7
1784036797.168,1272,0.336,0.393,0.083,-0.081,23.1,62.5
1784036797.282,1273,1.692,-0.762,0.274,0.0,17.2,73.1
1784036797.282,1273,3.407,-1.82,0.397,0.0,16.3,73.0
1784036797.282,1273,6.554,-2.716,1.457,0.0,11.6,63.4
1784036797.282,1273,7.459,-2.76,1.093,0.0,19.2,65.1
1784036797.282,1273,8.434,-0.0,1.409,0.0,11.3,64.9
1784036797.282,1273,0.34,0.393,0.065,-0.081,22.8,63.0
1784036797.343,1274,0.379,0.177,0.125,0.0,14.5,66.4
1784036797.343,1274,1.693,-0.762,0.271,0.0,17.1,73.0
1784036797.343,1274,3.41,-1.82,0.368,0.0,16.2,73.1
1784036797.343,1274,7.361,-3.01,1.097,0.0,19.0,65.3
1784036797.343,1274,8.471,-0.271,1.885,0.0,11.5,63.6
1784036797.472,1275,0.408,0.15,-0.034,0.0,13.6,66.9
1784036797.472,1275,0.343,0.393,-0.045,0.0,14.2,64.5
1784036797.472,1275,1.716,-0.704,0.282,0.0,17.3,73.0
1784036797.472,1275,3.411,-1.82,0.363,0.0,16.9,72.5
1784036797.472,1275,6.559,-2.716,1.434,0.0,11.6,63.0
1784036797.472,1275,7.362,-3.01,1.09,0.0,19.8,64.5
1784036797.472,1275,8.461,-0.271,1.928,0.0,11.3,63.2
1784036797.592,1276,0.304,0.425,-0.026,0.0,15.3,64.5
1784036797.592,1276,1.693,-0.762,0.269,0.0,17.2,72.9
1784036797.592,1276,3.412,-1.82,0.351,0.0,16.5,72.8
1784036797.592,1276,6.563,-2.716,1.417,0.0,12.0,62.8
1784036797.592,1276,7.457,-2.76,1.108,0.0,19.9,64.3
1784036797.654,1277,0.322,0.409,0.054,0.0,20.8,65.4
1784036797.654,1277,1.693,-0.762,0.266,0.0,17.2,73.0
1784036797.654,1277,3.411,-1.82,0.361,0.0,16.1,73.4
1784036797.654,1277,6.559,-2.716,1.434,0.0,12.0,63.0
1784036797.654,1277,7.37,-3.01,1.03,0.0,19.5,64.5
1784036797.654,1277,8.485,-0.271,1.819,0.0,11.5,63.2
1784036797.771,1278,0.34,0.393,0.067,0.0,20.0,65.4
1784036797.771,1278,1.692,-0.762,0.275,0.0,17.2,73.0
1784036797.771,1278,3.409,-1.82,0.377,0.0,15.9,73.3
1784036797.771,1278,7.465,-2.76,1.052,0.0,18.9,65.2
1784036797.893,1279,0.339,0.393,0.069,0.0,20.8,64.6
1784036797.893,1279,1.692,-0.762,0.275,0.0,17.5,72.7
1784036797.893,1279,3.411,-1.82,0.36,0.0,16.1,73.2
1784036797.893,1279,6.467,-2.942,1.404,0.0,12.1,63.1
1784036797.893,1279,7.458,-2.76,1.1,0.0,19.7,64.6
1784036797.893,1279,8.43,-0.0,1.437,0.0,11.3,65.0
1784036797.947,1280,0.344,0.393,0.038,0.0,23.0,64.7
1784036797.947,1280,1.693,-0.762,0.27,0.0,16.8,73.4
1784036797.947,1280,3.407,-1.82,0.392,0.0,15.8,73.5
1784036797.947,1280,6.563,-2.716,1.414,0.0,11.7,63.5
1784036797.947,1280,7.457,-2.76,1.106,0.0,19.5,64.9
1784036797.947,1280,8.436,-0.0,1.401,0.0,11.5,64.7
1784036798.072,1281,0.332,0.393,0.097,0.0,21.4,64.9
1784036798.072,1281,1.692,-0.762,0.274,0.0,17.1,73.1
1784036798.072,1281,3.412,-1.82,0.353,0.0,15.9,73.2
1784036798.072,1281,6.571,-2.716,1.377,0.0,11.3,63.8
1784036798.072,1281,7.457,-2.76,1.103,0.0,19.3,65.2
1784036798.072,1281,8.438,-0.0,1.389,0.0,11.2,64.9
1784036798.184,1282,0.271,0.39,0.068,0.0,21.9,64.8
1784036798.184,1282,1.692,-0.762,0.273,0.0,17.2,73.0
1784036798.184,1282,3.411,-1.82,0.356,0.0,16.4,73.0
1784036798.184,1282,6.564,-2.716,1.412,0.0,11.5,63.8
1784036798.184,1282,7.454,-2.76,1.127,0.0,19.1,65.3
1784036798.247,1283,0.346,0.393,0.018,0.0,21.9,64.0
1784036798.247,1283,1.692,-0.762,0.274,0.0,17.3,72.9
1784036798.247,1283,3.411,-1.82,0.357,0.0,16.1,73.0
1784036798.247,1283,6.554,-2.716,1.455,0.0,12.1,63.1
1784036798.247,1283,7.457,-2.76,1.109,0.0,19.6,64.8
1784036798.247,1283,8.525,-0.271,1.624,0.0,11.2,63.2
1784036798.365,1284,0.346,0.393,-0.003,0.0,21.3,63.8
1784036798.365,1284,1.692,-0.762,0.275,0.0,17.2,73.0
1784036798.365,1284,3.408,-1.82,0.385,0.0,16.5,72.7
1784036798.365,1284,6.537,-2.716,1.531,0.0,12.5,62.7
1784036798.365,1284,7.454,-2.76,1.123,0.0,19.6,64.7
1784036798.365,1284,8.431,-0.0,1.429,0.0,11.3,65.0
1784036798.365,1284,8.513,-0.271,1.684,0.0,11.6,63.0
1784036798.481,1285,0.355,0.376,0.079,0.0,21.1,63.8
1784036798.481,1285,1.716,-0.704,0.285,0.0,17.6,72.7
1784036798.481,1285,3.408,-1.82,0.392,0.0,16.9,72.5
1784036798.481,1285,6.543,-2.716,1.504,0.0,11.7,63.6
1784036798.481,1285,7.363,-3.01,1.077,0.0,19.0,65.2
1784036798.481,1285,8.425,-0.0,1.462,0.0,11.5,64.8
1784036798.481,1285,8.496,-0.543,1.703,0.0,11.6,62.9
1784036798.602,1286,0.306,0.36,0.083,0.0,18.0,65.6
1784036798.602,1286,1.693,-0.762,0.272,0.0,17.2,73.0
1784036798.602,1286,3.409,-1.82,0.374,0.0,17.0,72.6
1784036798.602,1286,6.533,-2.716,1.547,0.0,12.4,62.6
1784036798.602,1286,7.464,-2.76,1.056,0.0,20.0,64.0
1784036798.602,1286,8.44,-0.0,1.375,0.0,11.2,65.1
1784036798.602,1286,8.52,-0.543,1.581,0.0,11.3,63.3
1784036798.656,1287,0.317,0.36,0.019,0.0,15.0,66.0
1784036798.656,1287,1.693,-0.762,0.268,0.0,17.0,73.1
1784036798.656,1287,3.404,-1.82,0.423,0.0,16.0,73.3
1784036798.656,1287,6.57,-2.716,1.382,0.0,11.3,63.6
1784036798.656,1287,7.463,-2.76,1.064,0.0,19.0,65.0
1784036798.773,1288,0.317,0.36,0.002,0.0,17.1,65.5
1784036798.773,1288,0.347,-0.458,-0.206,0.0,11.9,64.2
1784036798.773,1288,1.692,-0.762,0.273,0.0,17.0,73.2
1784036798.773,1288,3.411,-1.82,0.356,0.0,16.8,72.6
1784036798.773,1288,7.458,-2.76,1.099,0.0,19.1,65.2
1784036798.773,1288,8.5,-0.543,1.682,0.0,11.4,63.5
1784036798.885,1289,0.294,0.375,0.059,0.0,19.5,65.4
1784036798.885,1289,0.603,-0.095,0.03,0.0,12.4,64.2
1784036798.885,1289,1.692,-0.762,0.276,0.0,17.0,73.2
1784036798.885,1289,3.412,-1.82,0.353,0.0,16.8,72.6
1784036798.885,1289,6.503,-2.942,1.229,0.0,11.3,63.5
1784036798.885,1289,7.457,-2.76,1.106,0.0,19.2,64.9
1784036798.885,1289,8.455,-0.0,1.281,0.0,11.4,65.0
1784036798.885,1289,8.465,-0.543,1.852,0.0,12.0,63.0
1784036798.946,1290,0.346,0.393,-0.018,0.0,16.5,63.8
1784036798.946,1290,1.693,-0.762,0.27,0.0,16.9,73.3
1784036798.946,1290,3.411,-1.82,0.364,0.0,16.8,72.7
1784036798.946,1290,6.565,-2.716,1.406,0.0,12.0,62.7
1784036798.946,1290,7.454,-2.76,1.123,0.0,19.8,64.4
1784036798.946,1290,8.474,-0.543,1.81,0.0,11.9,63.3
1784036799.065,1291,0.273,0.39,0.06,0.0,18.7,64.3
1784036799.065,1291,1.692,-0.762,0.273,0.0,17.2,73.1
1784036799.065,1291,3.414,-1.82,0.331,0.0,16.7,72.9
1784036799.065,1291,7.459,-2.76,1.094,0.0,19.0,65.3
1784036799.065,1291,8.48,-0.543,1.781,0.0,11.5,63.5
1784036799.18,1292,0.299,0.375,-0.015,0.0,15.2,65.2
1784036799.18,1292,1.693,-0.762,0.27,0.0,17.2,73.0
1784036799.18,1292,3.466,-1.699,0.425,0.0,17.7,72.1
1784036799.18,1292,7.453,-2.76,1.134,0.0,19.0,65.2
1784036799.18,1292,8.464,-0.543,1.855,0.0,11.7,63.6
1784036799.18,1292,4.256,-1.575,0.627,-0.081,12.3,61.3
1784036799.24,1293,0.33,0.345,0.051,0.0,16.4,65.1
1784036799.24,1293,0.491,0.286,-0.223,0.0,12.6,63.7
1784036799.24,1293,1.693,-0.762,0.269,0.0,17.3,72.9
1784036799.24,1293,3.407,-1.82,0.396,0.0,16.6,72.9
1784036799.24,1293,6.54,-2.716,1.52,0.0,11.8,62.9
1784036799.24,1293,7.459,-2.76,1.093,0.0,19.9,64.4
1784036799.24,1293,8.481,-0.543,1.779,0.0,11.7,63.6
1784036799.357,1294,0.316,0.409,0.085,0.0,16.1,64.1
1784036799.357,1294,1.693,-0.762,0.272,0.0,17.3,72.8
1784036799.357,1294,3.408,-1.82,0.39,0.0,15.7,73.2
1784036799.357,1294,6.54,-2.716,1.518,0.0,11.3,63.6
1784036799.357,1294,7.453,-2.76,1.132,0.0,19.3,65.1
1784036799.357,1294,8.477,-0.543,1.797,0.0,11.6,63.6
1784036799.483,1295,0.248,0.36,0.198,0.0,15.7,65.5
1784036799.483,1295,1.717,-0.704,0.279,0.0,17.7,72.5
1784036799.483,1295,3.414,-1.82,0.327,0.0,17.0,72.6
1784036799.483,1295,6.557,-2.716,1.442,0.0,11.8,63.0
1784036799.483,1295,7.36,-3.01,1.1,0.0,19.8,64.5
1784036799.483,1295,8.476,-0.543,1.798,0.0,12.1,63.3
1784036799.545,1296,0.294,0.36,0.119,0.0,19.5,65.2
1784036799.545,1296,1.692,-0.762,0.272,0.0,17.4,72.7
1784036799.545,1296,3.409,-1.82,0.379,0.0,16.5,72.5
1784036799.545,1296,6.551,-2.716,1.468,0.0,11.6,63.3
1784036799.545,1296,7.453,-2.76,1.13,0.0,19.7,64.7
1784036799.545,1296,8.501,-0.543,1.677,0.0,12.2,63.5
1784036799.676,1297,0.295,0.375,0.052,0.0,19.2,64.8
1784036799.676,1297,1.693,-0.762,0.271,0.0,17.3,72.8
1784036799.676,1297,3.408,-1.82,0.389,0.0,16.8,72.6
1784036799.676,1297,6.574,-2.716,1.365,0.0,11.5,63.1
1784036799.676,1297,7.455,-2.76,1.121,0.0,19.7,64.6
1784036799.676,1297,8.491,-0.543,1.729,0.0,12.3,63.6
1784036799.796,1298,0.225,0.368,0.063,0.0,15.8,66.9
1784036799.796,1298,1.693,-0.762,0.271,0.0,17.3,72.9
1784036799.796,1298,3.408,-1.82,0.387,0.0,17.2,72.3
1784036799.796,1298,7.457,-2.76,1.103,0.0,19.0,65.4
1784036799.796,1298,8.449,-0.0,1.32,0.0,11.6,64.7
1784036799.796,1298,8.462,-0.543,1.864,0.0,12.5,63.3
1784036799.855,1299,0.225,0.368,0.066,0.0,17.9,67.1
1784036799.855,1299,0.596,-0.095,-0.092,0.0,12.5,64.1
1784036799.855,1299,1.693,-0.762,0.269,0.0,17.2,73.0
1784036799.855,1299,3.412,-1.82,0.349,0.0,16.3,72.9
1784036799.855,1299,6.543,-2.716,1.507,0.0,11.5,63.3
1784036799.855,1299,7.452,-2.76,1.14,0.0,19.5,64.9
1784036799.855,1299,8.486,-0.543,1.753,0.0,12.3,63.7
1784036799.972,1300,1.694,-0.762,0.26,0.0,17.2,73.0
1784036799.972,1300,1.395,1.442,0.048,0.0,11.5,73.4
1784036799.972,1300,1.886,-0.627,0.281,0.0,11.5,73.4
1784036799.972,1300,3.411,-1.82,0.361,0.0,16.0,73.4
1784036799.972,1300,7.452,-2.76,1.141,0.0,19.3,65.1
1784036799.972,1300,8.504,-0.543,1.663,0.0,13.3,62.6
1784036799.972,1300,0.289,0.375,0.079,-0.081,20.8,62.6
1784036800.092,1301,0.295,0.36,0.116,0.0,19.8,65.6
1784036800.092,1301,1.693,-0.762,0.271,0.0,17.4,72.7
1784036800.092,1301,3.41,-1.82,0.367,0.0,16.9,72.2
1784036800.092,1301,6.481,-2.942,1.341,0.0,11.8,63.4
1784036800.092,1301,7.462,-2.76,1.069,0.0,19.3,64.8
1784036800.092,1301,8.48,-0.271,1.842,0.0,11.9,63.9
1784036800.145,1302,0.298,0.36,0.11,0.0,21.6,64.6
1784036800.145,1302,1.692,-0.762,0.273,0.0,17.2,73.0
1784036800.145,1302,3.411,-1.82,0.364,0.0,16.5,72.7
1784036800.145,1302,6.56,-2.716,1.428,0.0,11.4,64.0
1784036800.145,1302,7.46,-2.76,1.084,0.0,18.7,65.4
1784036800.145,1302,8.48,-0.271,1.841,0.0,11.7,64.0
1784036800.256,1303,0.296,0.375,0.043,0.0,22.4,63.9
1784036800.256,1303,1.694,-0.762,0.265,0.0,17.1,73.1
1784036800.256,1303,3.414,-1.82,0.328,0.0,16.9,72.7
1784036800.256,1303,6.555,-2.716,1.453,0.0,12.0,62.9
1784036800.256,1303,7.456,-2.76,1.115,0.0,19.8,64.4
1784036800.256,1303,8.485,-0.543,1.756,0.0,12.4,63.6
1784036800.256,1303,4.295,-1.432,0.701,0.162,15.8,53.2
1784036800.368,1304,1.691,-0.762,0.281,0.0,17.4,72.8
1784036800.368,1304,3.41,-1.82,0.371,0.0,16.5,72.6
1784036800.368,1304,7.465,-2.76,1.053,0.0,19.0,65.0
1784036800.368,1304,8.425,-0.0,1.465,0.0,11.3,65.0
1784036800.368,1304,8.483,-0.543,1.767,0.0,12.9,63.1
1784036800.368,1304,0.286,0.375,0.089,0.081,25.2,62.3
1784036800.368,1304,4.311,-1.432,0.596,0.243,16.2,50.8
1784036800.432,1305,1.692,-0.762,0.274,0.0,17.4,72.8
1784036800.432,1305,3.409,-1.82,0.378,0.0,16.5,73.0
1784036800.432,1305,7.456,-2.76,1.111,0.0,19.2,64.8
1784036800.432,1305,8.472,-0.543,1.82,0.0,12.4,63.5
1784036800.432,1305,0.305,0.36,0.087,0.081,26.2,60.9
1784036800.432,1305,4.334,-1.432,0.389,0.243,16.8,50.8
1784036800.432,1305,4.447,-1.472,0.506,0.243,12.7,53.2
1784036800.556,1306,0.295,0.375,0.052,0.0,22.8,65.5
1784036800.556,1306,1.694,-0.762,0.264,0.0,17.1,73.1
1784036800.556,1306,3.408,-1.82,0.389,0.0,17.9,71.8
1784036800.556,1306,6.548,-2.716,1.482,0.0,11.4,63.3
1784036800.556,1306,7.369,-3.01,1.041,0.0,19.4,64.8
1784036800.556,1306,8.445,-0.0,1.344,0.0,11.2,64.8
1784036800.556,1306,8.484,-0.543,1.762,0.0,12.9,62.8
1784036800.556,1306,4.373,-1.459,0.739,0.325,19.0,51.0
1784036800.671,1307,0.3,0.375,-0.002,0.0,22.0,65.8
1784036800.671,1307,1.694,-0.762,0.26,0.0,17.1,73.1
1784036800.671,1307,3.41,-1.82,0.37,0.0,16.8,72.1
1784036800.671,1307,7.451,-2.76,1.145,0.0,18.9,65.4
1784036800.671,1307,8.493,-0.271,1.783,0.0,12.3,63.2
1784036800.671,1307,4.435,-1.472,0.602,0.243,16.5,51.0
1784036800.78,1308,0.298,0.375,0.033,0.0,23.6,64.6
1784036800.78,1308,1.694,-0.762,0.264,0.0,17.2,73.0
1784036800.78,1308,3.408,-1.82,0.383,0.0,17.4,72.1
1784036800.78,1308,6.528,-2.716,1.57,0.0,11.5,63.5
1784036800.78,1308,7.457,-2.76,1.107,0.0,19.0,65.2
1784036800.78,1308,8.476,-0.271,1.859,0.0,12.3,63.3
1784036800.78,1308,4.393,-1.459,0.604,0.243,13.9,55.0
1784036800.78,1308,0.343,0.044,0.049,-0.649,15.1,47.9
1784036800.845,1309,1.692,-0.762,0.275,0.0,16.9,73.2
1784036800.845,1309,3.409,-1.82,0.38,0.0,16.9,72.3
1784036800.845,1309,6.544,-2.716,1.5,0.0,11.4,63.4
1784036800.845,1309,7.363,-3.01,1.079,0.0,19.5,64.8
1784036800.845,1309,8.436,-0.543,1.981,0.0,12.6,63.2
1784036800.845,1309,4.434,-1.472,0.613,0.162,15.8,55.3
1784036800.845,1309,0.35,0.245,0.087,-0.649,24.7,51.6
1784036800.845,1309,0.301,0.36,0.1,-0.081,21.2,61.0
1784036800.966,1310,1.693,-0.762,0.27,0.0,16.9,73.3
1784036800.966,1310,3.409,-1.82,0.376,0.0,18.1,71.2
1784036800.966,1310,6.552,-2.716,1.466,0.0,11.4,63.3
1784036800.966,1310,7.457,-2.76,1.104,0.0,19.5,65.0
1784036800.966,1310,8.429,-0.0,1.441,0.0,11.4,64.8
1784036800.966,1310,8.461,-0.271,1.93,0.0,12.7,63.1
1784036800.966,1310,4.47,-1.65,0.571,0.162,15.6,52.9
1784036800.966,1310,0.438,0.165,0.105,0.406,29.0,58.3
1784036801.09,1311,1.692,-0.762,0.276,0.0,18.0,72.2
1784036801.09,1311,3.41,-1.82,0.37,0.0,17.2,72.3
1784036801.09,1311,7.459,-2.76,1.091,0.0,19.3,65.0
1784036801.09,1311,8.425,-0.0,1.465,0.0,11.8,64.3
1784036801.09,1311,8.43,-0.271,2.059,0.0,12.4,62.8
1784036801.09,1311,1.474,1.288,0.144,0.243,26.2,50.6
1784036801.09,1311,1.811,-0.736,0.184,0.243,26.2,50.6
1784036801.09,1311,0.436,0.278,0.08,0.325,36.5,50.4
1784036801.09,1311,0.254,0.354,-0.012,-0.162,23.7,58.7
1784036801.142,1312,0.409,0.311,0.101,0.0,16.5,64.7
1784036801.142,1312,1.693,-0.762,0.272,0.0,17.9,72.4
1784036801.142,1312,3.407,-1.82,0.393,0.0,17.0,72.3
1784036801.142,1312,7.455,-2.76,1.12,0.0,19.0,65.2
1784036801.142,1312,8.43,-0.0,1.436,0.0,11.6,64.6
1784036801.142,1312,8.453,-0.271,1.963,0.0,12.8,62.9
1784036801.142,1312,0.246,0.354,-0.065,-0.243,19.2,57.4
1784036801.264,1313,1.692,-0.762,0.274,0.0,18.9,71.3
1784036801.264,1313,3.409,-1.82,0.376,0.0,16.6,72.6
1784036801.264,1313,6.563,-2.716,1.415,0.0,11.3,63.0
1784036801.264,1313,7.457,-2.76,1.103,0.0,19.7,64.6
1784036801.264,1313,8.408,-0.0,1.559,0.0,11.2,64.9
1784036801.264,1313,8.478,-0.271,1.853,0.0,12.0,63.4
1784036801.264,1313,0.409,0.327,0.001,-0.649,37.1,44.7
1784036801.264,1313,0.211,0.331,0.004,-0.162,15.7,63.2
1784036801.378,1314,1.693,-0.762,0.271,0.0,18.6,71.7
1784036801.378,1314,3.407,-1.82,0.394,0.0,16.8,72.4
1784036801.378,1314,6.481,-2.942,1.338,0.0,11.4,63.3
1784036801.378,1314,7.453,-2.76,1.133,0.0,19.6,64.8
1784036801.378,1314,8.503,-0.543,1.668,0.0,12.0,63.6
1784036801.378,1314,0.397,0.164,0.079,0.406,24.8,58.1
1784036801.378,1314,1.486,1.2,-0.196,-0.243,22.6,53.1
1784036801.378,1314,1.787,-0.66,-0.238,-0.243,22.6,53.1
1784036801.491,1315,0.585,-0.076,-0.158,0.0,13.6,62.8
1784036801.491,1315,1.717,-0.704,0.274,0.0,16.7,73.7
1784036801.491,1315,3.408,-1.82,0.387,0.0,17.2,72.2
1784036801.491,1315,6.536,-2.716,1.534,0.0,12.1,63.6
1784036801.491,1315,7.459,-2.76,1.094,0.0,19.3,65.1
1784036801.491,1315,8.463,-0.543,1.86,0.0,12.2,63.8
1784036801.491,1315,0.317,0.142,-0.039,0.325,25.9,57.3
1784036801.548,1316,0.601,-0.076,-0.075,0.0,12.8,63.0
1784036801.548,1316,1.694,-0.762,0.265,0.0,17.7,72.8
1784036801.548,1316,3.41,-1.82,0.366,0.0,17.2,72.3
1784036801.548,1316,6.563,-2.716,1.414,0.0,11.7,63.1
1784036801.548,1316,7.462,-2.76,1.068,0.0,19.5,64.6
1784036801.548,1316,3.267,-0.982,0.737,0.162,14.3,57.8
1784036801.548,1316,1.088,1.363,0.059,-0.568,18.5,49.6
1784036801.548,1316,0.163,0.205,-0.009,-0.325,25.6,60.2
1784036801.548,1316,0.163,-0.258,-0.02,-0.081,11.7,67.5
1784036801.665,1317,1.715,-0.704,0.289,0.0,17.3,73.1
1784036801.665,1317,3.409,-1.82,0.382,0.0,16.2,73.0
1784036801.665,1317,7.461,-2.76,1.075,0.0,18.7,65.5
1784036801.665,1317,8.515,-0.271,1.671,0.0,12.7,63.3
1784036801.773,1318,0.475,0.267,-0.275,0.0,13.2,62.6
1784036801.773,1318,0.605,-0.076,-0.041,0.0,13.2,62.6
1784036801.773,1318,1.696,-0.762,0.252,0.0,17.0,73.1
1784036801.773,1318,3.41,-1.82,0.367,0.0,16.6,72.8
1784036801.773,1318,6.557,-2.716,1.442,0.0,11.6,63.8
1784036801.773,1318,7.459,-2.76,1.09,0.0,18.8,65.3
1784036801.773,1318,8.461,-0.271,1.928,0.0,12.4,63.6
1784036801.773,1318,0.176,0.248,0.029,0.081,16.0,67.9
1784036801.773,1318,3.431,-1.006,0.13,-0.162,18.7,56.9
1784036801.912,1319,0.601,-0.076,-0.078,0.0,14.2,62.5
1784036801.912,1319,1.691,-0.762,0.283,0.0,16.9,73.1
1784036801.912,1319,3.409,-1.82,0.378,0.0,16.5,72.7
1784036801.912,1319,6.521,-2.716,1.598,0.0,11.2,64.0
1784036801.912,1319,7.46,-2.76,1.086,0.0,18.7,65.5
1784036801.912,1319,8.474,-0.271,1.868,0.0,13.2,62.7
1784036801.912,1319,0.177,0.248,-0.02,0.243,18.6,65.0
1784036801.912,1319,1.325,1.505,0.081,0.243,13.8,60.6
1784036801.912,1319,1.663,1.725,0.131,0.243,15.4,58.0
1784036801.912,1319,3.328,-0.883,0.796,-0.162,17.3,58.1
1784036801.976,1320,0.597,-0.095,-0.086,0.0,13.9,62.1
1784036801.976,1320,1.693,-0.762,0.267,0.0,17.6,72.6
1784036801.976,1320,3.408,-1.82,0.391,0.0,17.6,71.7
1784036801.976,1320,7.462,-2.76,1.073,0.0,18.9,65.5
1784036801.976,1320,8.507,-0.271,1.711,0.0,12.6,63.3
1784036801.976,1320,0.962,1.178,0.392,0.243,14.2,55.3
1784036801.976,1320,0.253,0.24,0.001,0.325,21.7,65.2
1784036801.976,1320,2.259,-0.589,0.316,0.406,22.2,55.8
1784036801.976,1320,1.688,1.62,0.278,0.406,22.2,55.8
1784036801.976,1320,3.375,-0.994,0.327,-0.243,16.6,56.8
1784036801.976,1320,3.953,3.749,0.234,-0.162,11.3,56.8
1784036802.096,1321,1.716,-0.704,0.283,0.0,20.4,69.8
1784036802.096,1321,3.411,-1.82,0.359,0.0,18.6,71.0
1784036802.096,1321,6.541,-2.716,1.514,0.0,12.2,63.4
1784036802.096,1321,7.368,-3.01,1.048,0.0,19.2,64.9
1784036802.096,1321,8.482,-0.271,1.833,0.0,12.2,63.4
1784036802.096,1321,0.214,0.251,0.114,0.081,16.7,68.2
1784036802.096,1321,0.503,0.307,0.285,0.243,11.9,60.2
1784036802.096,1321,0.286,0.327,0.037,0.325,14.5,66.7
1784036802.096,1321,1.8,1.575,0.198,0.325,19.7,59.4
1784036802.096,1321,2.189,-0.9,0.395,0.325,19.7,59.4
1784036802.096,1321,3.419,-1.055,1.129,-0.325,12.8,57.2
1784036802.096,1321,3.346,-0.873,0.472,-0.243,16.5,54.9
1784036802.161,1322,1.716,-0.704,0.28,0.0,20.6,69.5
1784036802.161,1322,2.01,0.818,-0.224,0.0,11.8,75.0
1784036802.161,1322,3.406,-1.82,0.404,0.0,19.1,70.3
1784036802.161,1322,5.464,-2.499,1.321,0.0,11.2,65.2
1784036802.161,1322,6.53,-2.716,1.56,0.0,12.4,62.9
1784036802.161,1322,7.354,-3.01,1.143,0.0,20.1,64.5
1784036802.161,1322,8.468,-0.543,1.836,0.0,12.2,62.9
1784036802.161,1322,0.207,0.331,0.041,0.081,20.2,68.0
1784036802.161,1322,1.888,1.527,0.268,0.162,22.2,59.9
1784036802.161,1322,2.229,-0.993,0.133,0.162,22.2,59.9
1784036802.161,1322,0.379,0.47,-0.252,0.243,13.3,59.7
1784036802.161,1322,0.543,0.245,0.27,0.243,13.3,59.7
1784036802.161,1322,0.788,0.458,0.094,0.568,21.8,48.3
1784036802.161,1322,3.194,-1.063,0.499,-0.325,24.5,51.4
1784036802.161,1322,3.335,-0.873,0.549,-0.325,19.6,52.3
1784036802.161,1322,3.367,-0.883,0.611,-0.243,17.7,54.3
1784036802.161,1322,1.358,1.411,-0.137,-0.081,18.9,64.9
1784036802.269,1323,0.209,0.331,-0.025,0.0,23.7,68.4
1784036802.269,1323,0.602,-0.095,-0.032,0.0,11.6,64.1
1784036802.269,1323,1.717,-0.704,0.274,0.0,19.8,70.4
1784036802.269,1323,3.409,-1.82,0.376,0.0,19.1,70.0
1784036802.269,1323,6.575,-2.716,1.357,0.0,11.6,63.3
1784036802.269,1323,7.361,-3.01,1.095,0.0,19.3,64.7
1784036802.269,1323,8.424,-0.0,1.47,0.0,11.4,64.7
1784036802.269,1323,8.559,-0.543,1.35,0.0,12.9,62.7
1784036802.269,1323,0.349,0.33,-0.002,0.162,21.8,65.4
1784036802.269,1323,0.272,0.282,0.019,0.325,17.2,64.5
1784036802.269,1323,1.876,1.527,0.344,0.325,18.3,59.5
1784036802.269,1323,3.139,-1.036,0.262,-0.243,18.6,52.7
1784036802.269,1323,3.318,-0.862,0.36,-0.243,24.1,54.7
1784036802.269,1323,1.364,1.411,-0.051,-0.081,19.6,65.3
1784036802.269,1323,1.783,-0.614,0.547,-0.081,19.6,65.3
1784036802.379,1324,0.254,0.354,0.003,0.0,26.1,67.8
1784036802.379,1324,1.722,-0.704,0.241,0.0,19.5,70.7
1784036802.379,1324,1.424,1.35,0.072,0.0,14.4,70.3
1784036802.379,1324,3.41,-1.82,0.374,0.0,19.3,70.2
1784036802.379,1324,6.544,-2.716,1.502,0.0,11.9,63.1
1784036802.379,1324,7.367,-3.01,1.052,0.0,19.6,64.7
1784036802.379,1324,8.424,-0.0,1.467,0.0,11.4,64.8
1784036802.379,1324,0.612,0.344,0.353,0.243,12.8,55.6
1784036802.379,1324,4.163,-1.718,0.838,0.243,13.4,52.9
1784036802.379,1324,0.369,0.232,0.01,0.325,26.4,63.7
1784036802.379,1324,2.234,-1.088,-0.09,0.325,20.7,59.3
1784036802.379,1324,2.043,1.399,0.23,0.325,20.7,59.3
1784036802.379,1324,3.286,-0.862,0.584,-0.243,24.1,53.2
1784036802.379,1324,3.497,-1.043,0.659,-0.243,11.3,56.6
1784036802.493,1325,1.724,-0.704,0.231,0.0,20.6,70.0
1784036802.493,1325,3.406,-1.82,0.405,0.0,19.2,70.0
1784036802.493,1325,6.532,-2.716,1.55,0.0,11.9,63.0
1784036802.493,1325,7.465,-2.76,1.048,0.0,19.8,64.4
1784036802.493,1325,2.191,-1.166,-0.164,0.162,15.2,62.1
1784036802.493,1325,1.993,1.477,0.177,0.162,15.2,62.1
1784036802.493,1325,3.305,-0.862,0.462,-0.162,19.8,55.6
1784036802.556,1326,1.732,-0.704,0.152,0.0,21.3,69.6
1784036802.556,1326,3.413,-1.82,0.343,0.0,18.3,70.8
1784036802.556,1326,6.558,-2.716,1.437,0.0,11.3,62.7
1784036802.556,1326,7.467,-2.76,1.039,0.0,20.2,64.2
1784036802.556,1326,0.251,0.354,0.042,0.081,21.5,70.9
1784036802.556,1326,3.294,-0.851,0.072,-0.162,15.4,55.9
1784036802.673,1327,0.272,0.341,0.012,0.0,26.6,69.3
1784036802.673,1327,1.688,-0.704,0.417,0.0,20.4,69.6
1784036802.673,1327,1.982,0.251,-0.196,0.0,11.6,70.0
1784036802.673,1327,3.407,-1.82,0.398,0.0,19.3,70.2
1784036802.673,1327,6.479,-2.942,1.349,0.0,12.0,62.9
1784036802.673,1327,7.36,-3.01,1.099,0.0,20.0,64.5
1784036802.782,1328,0.251,0.354,0.041,0.0,27.2,70.5
1784036802.782,1328,1.715,-0.704,0.291,0.0,20.5,69.7
1784036802.782,1328,3.404,-1.82,0.42,0.0,18.5,70.8
1784036802.782,1328,6.554,-2.716,1.455,0.0,11.7,63.0
1784036802.782,1328,7.46,-2.76,1.084,0.0,19.8,64.6
1784036802.782,1328,0.392,0.191,0.014,-0.243,24.7,62.9
1784036802.782,1328,2.06,1.423,0.368,-0.162,17.1,60.6
1784036802.782,1328,2.256,-1.107,0.293,-0.162,17.1,60.6
1784036802.843,1329,0.268,0.341,0.047,0.0,24.6,70.5
1784036802.843,1329,1.743,-0.645,0.254,0.0,19.8,70.1
1784036802.843,1329,1.421,1.35,-0.115,0.0,19.2,69.8
1784036802.843,1329,1.786,-0.798,0.165,0.0,19.2,69.8
1784036802.843,1329,3.411,-1.82,0.363,0.0,17.4,71.7
1784036802.843,1329,6.525,-2.716,1.581,0.0,11.7,63.3
1784036802.843,1329,7.464,-2.76,1.057,0.0,19.5,64.9
1784036802.843,1329,2.12,1.344,0.317,-0.162,16.4,59.9
1784036802.952,1330,0.27,0.341,-0.033,0.0,22.1,70.5
1784036802.952,1330,0.505,0.324,-0.114,0.0,11.4,65.9
1784036802.952,1330,0.605,0.076,0.032,0.0,11.4,65.9
1784036802.952,1330,1.734,-0.704,0.133,0.0,21.4,69.9
1784036802.952,1330,3.407,-1.82,0.393,0.0,17.7,71.5
1784036802.952,1330,7.471,-2.76,1.005,0.0,19.0,65.4
1784036802.952,1330,0.871,0.47,0.167,-0.162,14.8,54.8
1784036803.067,1331,0.282,0.327,0.059,0.0,21.6,71.8
1784036803.067,1331,1.696,-0.704,0.383,0.0,19.3,70.4
1784036803.067,1331,3.409,-1.82,0.383,0.0,19.8,69.5
1784036803.067,1331,6.55,-2.716,1.476,0.0,11.3,63.9
1784036803.067,1331,7.37,-3.01,1.034,0.0,18.8,65.4
1784036803.067,1331,3.148,-0.933,0.461,0.162,17.2,57.7
1784036803.067,1331,3.336,-0.862,0.094,0.162,16.9,58.1
1784036803.184,1332,0.253,0.354,-0.025,0.0,20.3,70.4
1784036803.184,1332,1.714,-0.704,0.292,0.0,20.8,69.2
1784036803.184,1332,3.409,-1.82,0.381,0.0,18.7,70.4
1784036803.184,1332,6.6,-2.716,1.231,0.0,11.3,63.2
1784036803.184,1332,7.362,-3.01,1.09,0.0,19.4,64.8
1784036803.184,1332,8.417,-0.0,1.512,0.0,11.2,65.0
1784036803.184,1332,1.363,1.411,-0.078,0.081,19.9,65.9
1784036803.184,1332,3.157,-0.933,0.395,0.162,17.2,59.7
1784036803.184,1332,3.32,-0.862,0.334,0.243,16.4,54.2
1784036803.247,1333,1.716,-0.704,0.282,0.0,20.5,69.7
1784036803.247,1333,3.409,-1.82,0.375,0.0,17.1,72.1
1784036803.247,1333,6.566,-2.716,1.402,0.0,11.6,63.7
1784036803.247,1333,7.464,-2.76,1.06,0.0,19.2,65.3
1784036803.247,1333,8.427,-0.0,1.453,0.0,11.4,64.8
1784036803.247,1333,0.252,0.354,0.032,0.081,25.8,66.1
1784036803.247,1333,1.365,1.411,0.016,0.081,16.6,66.7
1784036803.247,1333,1.853,-0.552,-0.34,0.081,16.6,66.7
1784036803.247,1333,1.58,1.374,0.003,0.243,16.7,58.6
1784036803.247,1333,3.172,-0.945,0.573,0.243,13.2,56.9
1784036803.247,1333,3.318,-0.873,0.639,0.325,23.3,54.1
1784036803.364,1334,1.717,-0.704,0.278,0.0,21.1,69.2
1784036803.364,1334,3.409,-1.82,0.38,0.0,17.5,72.0
1784036803.364,1334,6.584,-2.716,1.316,0.0,11.6,63.5
1784036803.364,1334,7.371,-3.01,1.024,0.0,19.1,65.0
1784036803.364,1334,0.303,0.314,0.012,0.081,22.8,66.3
1784036803.364,1334,1.395,1.442,0.036,0.162,23.4,60.6
1784036803.364,1334,1.668,1.725,0.023,0.162,14.3,62.9
1784036803.364,1334,3.295,2.258,0.392,0.162,12.3,60.9
1784036803.364,1334,3.407,-0.773,0.531,0.243,14.9,59.7
1784036803.476,1335,1.717,-0.704,0.277,0.0,18.0,72.3
1784036803.476,1335,3.407,-1.82,0.394,0.0,17.5,71.6
1784036803.476,1335,7.463,-2.76,1.065,0.0,19.2,65.2
1784036803.476,1335,0.452,0.389,0.271,0.081,12.8,62.6
1784036803.476,1335,1.327,1.505,-0.031,0.162,20.7,60.3
1784036803.476,1335,1.958,-0.439,-0.012,0.162,20.7,60.3
1784036803.476,1335,1.626,1.725,0.373,0.162,12.6,61.8
1784036803.476,1335,3.244,-0.957,0.372,0.325,23.4,52.4
1784036803.476,1335,3.405,-0.773,0.542,0.325,18.5,53.6
1784036803.476,1335,0.338,0.273,0.044,-0.081,13.5,66.0
1784036803.544,1336,1.716,-0.704,0.28,0.0,17.5,72.7
1784036803.544,1336,3.41,-1.82,0.372,0.0,16.8,72.5
1784036803.544,1336,6.577,-2.716,1.35,0.0,11.2,63.4
1784036803.544,1336,7.461,-2.76,1.078,0.0,19.2,65.1
1784036803.544,1336,8.424,-0.0,1.469,0.0,11.6,64.5
1784036803.544,1336,3.898,3.719,0.486,0.162,11.5,55.8
1784036803.544,1336,0.507,0.458,0.144,0.243,16.0,55.5
1784036803.544,1336,3.391,-0.883,0.456,0.325,22.5,54.8
1784036803.544,1336,3.275,-0.969,0.463,0.406,25.1,51.7
1784036803.544,1336,0.241,0.307,-0.046,-0.081,18.1,64.6
1784036803.668,1337,0.602,-0.095,-0.032,0.0,12.8,63.0
1784036803.668,1337,1.717,-0.704,0.279,0.0,16.7,73.5
1784036803.668,1337,3.409,-1.82,0.38,0.0,16.6,72.8
1784036803.668,1337,6.562,-2.716,1.422,0.0,11.3,63.8
1784036803.668,1337,7.362,-3.01,1.087,0.0,18.9,65.3
1784036803.668,1337,8.451,-0.0,1.305,0.0,11.4,64.6
1784036803.668,1337,1.266,1.505,0.399,0.243,19.1,53.2
1784036803.668,1337,1.811,-0.69,0.521,0.243,19.1,53.2
1784036803.668,1337,3.426,-0.894,0.509,0.243,20.2,58.6
1784036803.668,1337,0.254,0.354,0.02,-0.162,27.1,59.6
1784036803.776,1338,1.716,-0.704,0.281,0.0,17.0,73.1
1784036803.776,1338,3.407,-1.82,0.392,0.0,16.1,73.0
1784036803.776,1338,6.552,-2.716,1.463,0.0,11.7,63.6
1784036803.776,1338,7.463,-2.76,1.064,0.0,18.9,65.2
1784036803.776,1338,8.454,-0.0,1.283,0.0,11.4,64.6
1784036803.776,1338,3.502,-0.905,0.166,0.162,19.5,59.6
1784036803.776,1338,1.392,1.474,0.31,0.243,22.3,51.5
1784036803.776,1338,1.642,-0.705,1.006,0.243,22.3,51.5
1784036803.843,1339,0.602,-0.095,-0.035,0.0,12.4,63.1
1784036803.843,1339,1.693,-0.762,0.27,0.0,17.0,73.2
1784036803.843,1339,3.411,-1.82,0.363,0.0,16.7,72.6
1784036803.843,1339,6.548,-2.716,1.484,0.0,11.2,63.9
1784036803.843,1339,7.462,-2.76,1.07,0.0,18.9,65.2
1784036803.843,1339,8.435,-0.0,1.402,0.0,11.8,64.5
1784036803.843,1339,0.258,0.442,0.112,0.081,12.9,63.3
1784036803.961,1340,0.603,-0.095,-0.013,0.0,12.2,63.3
1784036803.961,1340,1.717,-0.704,0.279,0.0,17.1,73.1
1784036803.961,1340,3.409,-1.82,0.375,0.0,16.5,72.8
1784036803.961,1340,7.455,-2.76,1.121,0.0,18.8,65.3
1784036803.961,1340,8.415,-0.0,1.522,0.0,11.4,64.7
1784036804.075,1341,1.717,-0.704,0.279,0.0,17.1,73.1
1784036804.075,1341,3.41,-1.82,0.371,0.0,16.0,73.2
1784036804.075,1341,7.448,-2.76,1.163,0.0,18.7,65.5
1784036804.075,1341,8.408,-0.0,1.557,0.0,12.0,64.0
1784036804.193,1342,1.717,-0.704,0.278,0.0,17.0,73.2
1784036804.193,1342,3.41,-1.82,0.365,0.0,15.9,73.3
1784036804.193,1342,7.362,-3.01,1.089,0.0,18.3,65.9
1784036804.193,1342,8.428,-0.0,1.444,0.0,12.0,63.9
1784036804.193,1342,3.95,3.749,0.283,0.162,12.3,53.1
1784036804.254,1343,0.601,-0.095,-0.047,0.0,11.5,64.2
1784036804.254,1343,1.693,-0.762,0.272,0.0,16.9,73.2
1784036804.254,1343,3.408,-1.82,0.385,0.0,16.1,73.2
1784036804.254,1343,7.355,-3.01,1.131,0.0,18.7,65.3
1784036804.254,1343,8.427,-0.0,1.45,0.0,12.0,64.1
1784036804.363,1344,1.716,-0.704,0.281,0.0,16.9,73.3
1784036804.363,1344,3.409,-1.82,0.381,0.0,16.3,73.1
1784036804.363,1344,6.533,-2.716,1.546,0.0,11.4,63.8
1784036804.363,1344,7.35,-3.01,1.165,0.0,18.9,65.2
1784036804.363,1344,8.433,-0.0,1.415,0.0,12.0,64.0
1784036804.498,1345,1.717,-0.704,0.28,0.0,16.9,73.3
1784036804.498,1345,3.409,-1.82,0.382,0.0,16.2,73.0
1784036804.498,1345,7.355,-3.01,1.133,0.0,18.3,65.7
1784036804.498,1345,8.435,-0.0,1.403,0.0,11.9,64.2
1784036804.498,1345,0.75,0.815,0.243,0.162,12.9,52.8
1784036804.498,1345,3.756,-0.868,0.951,0.162,11.6,55.1
1784036804.55,1346,1.693,-0.762,0.272,0.0,17.0,73.2
1784036804.55,1346,3.41,-1.82,0.371,0.0,16.5,72.8
1784036804.55,1346,6.562,-2.716,1.42,0.0,11.3,63.9
1784036804.55,1346,7.364,-3.01,1.072,0.0,18.8,65.2
1784036804.55,1346,8.459,-0.0,1.253,0.0,12.0,64.1
1784036804.55,1346,3.397,-0.883,0.41,-0.406,25.6,49.9
1784036804.663,1347,1.692,-0.762,0.275,0.0,17.0,73.1
1784036804.663,1347,3.41,-1.82,0.369,0.0,16.0,73.3
1784036804.663,1347,7.446,-2.76,1.178,0.0,18.1,66.0
1784036804.663,1347,8.423,-0.0,1.476,0.0,13.1,63.1
1784036804.782,1348,0.586,-0.095,-0.143,0.0,13.1,62.6
1784036804.782,1348,1.717,-0.704,0.276,0.0,17.1,73.1
1784036804.782,1348,3.409,-1.82,0.376,0.0,16.3,72.9
1784036804.782,1348,7.358,-3.01,1.111,0.0,17.7,66.4
1784036804.782,1348,8.417,-0.0,1.507,0.0,11.6,64.6
1784036804.782,1348,0.304,0.479,-0.013,0.162,15.1,58.8
1784036804.782,1348,0.446,0.682,0.313,0.325,16.9,51.8
1784036804.782,1348,3.813,3.659,0.635,-0.325,15.6,49.8
1784036804.782,1348,4.922,-1.83,0.872,-0.325,15.6,49.8
1784036804.898,1349,1.717,-0.704,0.276,0.0,17.0,73.2
1784036804.898,1349,3.411,-1.82,0.364,0.0,15.9,73.3
1784036804.898,1349,7.359,-3.01,1.109,0.0,18.1,66.1
1784036804.898,1349,8.429,-0.0,1.441,0.0,12.5,63.7
1784036804.96,1350,0.278,0.442,0.04,0.0,16.9,64.6
1784036804.96,1350,1.693,-0.762,0.27,0.0,17.0,73.2
1784036804.96,1350,3.41,-1.82,0.365,0.0,16.3,73.1
1784036804.96,1350,7.36,-3.01,1.099,0.0,18.0,66.0
1784036804.96,1350,8.439,-0.0,1.378,0.0,12.7,63.5
1784036804.96,1350,0.737,0.502,0.46,-0.406,17.6,51.0
1784036804.96,1350,0.508,0.464,0.277,-0.325,28.7,46.9
1784036805.083,1351,1.715,-0.704,0.286,0.0,16.9,73.3
1784036805.083,1351,3.467,-1.699,0.417,0.0,16.0,73.3
1784036805.083,1351,7.36,-3.01,1.098,0.0,18.4,65.6
1784036805.083,1351,8.434,-0.0,1.414,0.0,11.6,64.2
1784036805.083,1351,3.263,-0.851,0.458,0.243,19.5,50.9
1784036805.141,1352,0.28,0.375,0.106,0.0,14.6,64.1
1784036805.141,1352,1.716,-0.704,0.28,0.0,17.1,73.1
1784036805.141,1352,3.411,-1.82,0.358,0.0,16.4,73.0
1784036805.141,1352,7.362,-3.01,1.084,0.0,18.5,65.9
1784036805.141,1352,8.411,-0.0,1.544,0.0,12.5,63.4
1784036805.141,1352,3.416,0.108,0.446,-0.649,17.3,49.6
1784036805.248,1353,1.692,-0.762,0.276,0.0,17.1,73.1
1784036805.248,1353,3.409,-1.82,0.381,0.0,16.3,73.0
1784036805.248,1353,7.358,-3.01,1.117,0.0,18.6,65.6
1784036805.248,1353,8.44,-0.0,1.378,0.0,13.1,63.2
1784036805.248,1353,0.277,0.442,0.048,0.081,19.4,63.2
1784036805.361,1354,1.718,-0.704,0.271,0.0,16.8,73.4
1784036805.361,1354,3.408,-1.82,0.389,0.0,16.1,73.2
1784036805.361,1354,6.541,-2.716,1.515,0.0,11.5,63.8
1784036805.361,1354,7.35,-3.01,1.166,0.0,19.0,65.3
1784036805.361,1354,8.432,-0.0,1.424,0.0,12.0,64.1
1784036805.361,1354,3.386,-0.883,0.49,0.243,20.2,51.1
1784036805.478,1355,1.717,-0.704,0.279,0.0,16.8,73.4
1784036805.478,1355,3.408,-1.82,0.384,0.0,16.2,73.1
1784036805.478,1355,6.54,-2.716,1.518,0.0,11.5,63.8
1784036805.478,1355,7.358,-3.01,1.111,0.0,18.7,65.4
1784036805.478,1355,8.385,-0.0,1.68,0.0,12.0,64.2
1784036805.478,1355,3.359,-0.873,0.369,-0.406,22.0,50.0
1784036805.478,1355,3.369,-0.883,0.601,-0.243,19.7,52.5
1784036805.478,1355,0.333,0.458,0.228,-0.162,15.6,58.7
1784036805.478,1355,0.358,0.532,0.132,-0.081,12.3,61.9
1784036805.549,1356,1.692,-0.762,0.272,0.0,17.1,73.1
1784036805.549,1356,3.411,-1.82,0.363,0.0,16.2,73.1
1784036805.549,1356,7.355,-3.01,1.134,0.0,18.3,65.9
1784036805.549,1356,8.42,-0.0,1.494,0.0,12.4,63.9
1784036805.549,1356,0.363,0.376,0.02,0.081,19.5,59.5
1784036805.549,1356,0.51,0.54,0.255,-0.325,17.9,53.1
1784036805.549,1356,0.328,0.496,0.137,-0.162,16.1,59.7
1784036805.656,1357,1.716,-0.704,0.281,0.0,17.1,73.1
1784036805.656,1357,3.409,-1.82,0.375,0.0,16.5,72.8
1784036805.656,1357,7.453,-2.76,1.134,0.0,18.4,65.9
1784036805.656,1357,8.409,-0.0,1.553,0.0,12.2,64.1
1784036805.656,1357,3.598,4.09,0.261,0.162,15.5,52.0
1784036805.778,1358,0.392,0.262,0.228,0.0,14.2,65.1
1784036805.778,1358,1.717,-0.704,0.277,0.0,16.9,73.4
1784036805.778,1358,3.408,-1.82,0.383,0.0,16.5,72.8
1784036805.778,1358,7.359,-3.01,1.106,0.0,18.3,66.0
1784036805.778,1358,3.919,3.779,0.761,0.162,16.8,51.8
1784036805.778,1358,0.277,0.442,0.045,-0.325,26.1,50.5
1784036805.778,1358,0.352,0.532,0.148,-0.243,11.9,56.3
1784036805.778,1358,0.38,0.344,0.107,-0.162,14.6,59.9
1784036805.841,1359,0.602,-0.095,-0.038,0.0,14.4,61.4
1784036805.841,1359,1.717,-0.704,0.278,0.0,16.8,73.3
1784036805.841,1359,3.408,-1.82,0.384,0.0,17.0,72.2
1784036805.841,1359,7.451,-2.76,1.143,0.0,19.2,65.1
1784036805.841,1359,0.37,0.36,0.089,-0.406,39.2,48.3
1784036805.841,1359,0.58,0.491,0.198,-0.325,15.1,57.1
1784036805.841,1359,0.28,0.39,0.005,-0.162,14.5,63.6
1784036805.956,1360,0.602,-0.095,-0.039,0.0,13.0,62.8
1784036805.956,1360,1.693,-0.762,0.269,0.0,17.1,73.1
1784036805.956,1360,3.41,-1.82,0.373,0.0,16.9,72.4
1784036805.956,1360,7.46,-2.76,1.088,0.0,19.2,65.0
1784036805.956,1360,8.439,-0.0,1.38,0.0,11.7,64.5
1784036805.956,1360,8.452,-0.543,1.909,0.0,12.6,62.7
1784036805.956,1360,0.276,0.39,0.049,-0.649,19.1,64.3
1784036805.956,1360,0.625,0.466,0.094,-0.568,17.1,53.9
1784036805.956,1360,1.854,1.632,0.292,-0.568,22.1,53.2
1784036805.956,1360,2.366,-0.699,0.314,-0.568,22.1,53.2
1784036805.956,1360,0.569,0.654,0.098,-0.162,11.6,56.1
1784036805.956,1360,1.423,1.35,-0.085,-0.162,21.8,56.5
1784036806.068,1361,0.602,-0.095,-0.035,0.0,12.2,63.6
1784036806.068,1361,1.716,-0.704,0.283,0.0,16.8,73.6
1784036806.068,1361,3.409,-1.82,0.377,0.0,16.3,72.9
1784036806.068,1361,6.528,-2.716,1.567,0.0,12.1,63.2
1784036806.068,1361,7.358,-3.01,1.115,0.0,19.6,64.5
1784036806.068,1361,8.462,-0.543,1.865,0.0,12.2,63.3
1784036806.068,1361,3.438,-0.894,0.422,0.162,13.5,55.5
1784036806.068,1361,4.093,3.608,0.67,0.162,13.9,54.2
1784036806.068,1361,5.138,-1.718,0.934,0.162,13.9,54.2
1784036806.068,1361,3.351,-0.873,0.441,0.243,18.1,52.5
1784036806.068,1361,1.794,1.575,0.243,-0.568,20.2,52.1
1784036806.068,1361,2.262,-0.675,0.432,-0.568,20.2,52.1
1784036806.186,1362,0.593,-0.076,-0.126,0.0,13.7,62.2
1784036806.186,1362,1.716,-0.704,0.284,0.0,17.1,73.0
1784036806.186,1362,3.41,-1.82,0.373,0.0,16.1,73.1
1784036806.186,1362,7.36,-3.01,1.097,0.0,18.9,65.3
1784036806.186,1362,3.492,-0.905,0.316,0.243,16.6,54.4
1784036806.186,1362,3.313,-0.873,0.665,0.325,17.9,53.0
1784036806.186,1362,0.215,0.273,0.034,-0.243,21.4,63.7
1784036806.186,1362,1.725,1.65,0.246,-0.243,18.1,55.1
1784036806.245,1363,0.258,0.405,-0.003,0.0,14.0,63.9
1784036806.245,1363,1.692,-0.762,0.275,0.0,16.7,73.4
1784036806.245,1363,3.409,-1.82,0.375,0.0,16.3,73.0
1784036806.245,1363,7.367,-3.01,1.056,0.0,18.3,65.3
1784036806.245,1363,3.356,-0.883,0.667,0.325,17.1,54.2
1784036806.245,1363,3.514,-0.916,0.493,0.568,18.7,51.4
1784036806.35,1364,0.357,0.294,0.245,0.0,13.1,62.8
1784036806.35,1364,0.448,0.286,-0.301,0.0,13.5,62.4
1784036806.35,1364,0.399,-0.439,-0.146,0.0,13.5,62.4
1784036806.35,1364,1.716,-0.704,0.283,0.0,17.1,73.1
1784036806.35,1364,3.408,-1.82,0.384,0.0,16.5,72.8
1784036806.35,1364,6.533,-2.716,1.548,0.0,11.8,63.5
1784036806.35,1364,7.356,-3.01,1.125,0.0,19.2,64.8
1784036806.35,1364,8.455,-0.543,1.896,0.0,12.0,63.6
1784036806.35,1364,1.351,1.538,-0.117,0.243,16.2,55.1
1784036806.472,1365,0.395,0.262,0.222,0.0,13.6,63.1
1784036806.472,1365,1.716,-0.704,0.282,0.0,17.1,73.1
1784036806.472,1365,3.41,-1.82,0.371,0.0,16.5,72.8
1784036806.472,1365,6.526,-2.716,1.577,0.0,12.2,63.3
1784036806.472,1365,7.358,-3.01,1.115,0.0,19.6,64.8
1784036806.472,1365,8.392,-0.545,2.326,0.0,12.1,63.9
1784036806.472,1365,3.65,-0.949,0.43,0.487,20.0,52.8
1784036806.472,1365,3.605,-0.113,0.319,-0.649,18.5,49.0
1784036806.583,1366,0.334,-0.477,-0.183,0.0,13.6,62.6
1784036806.583,1366,1.691,-0.762,0.278,0.0,17.0,73.1
1784036806.583,1366,3.41,-1.82,0.367,0.0,15.5,73.9
1784036806.583,1366,6.542,-2.716,1.51,0.0,11.9,63.0
1784036806.583,1366,7.462,-2.76,1.068,0.0,19.1,64.4
1784036806.583,1366,8.39,-0.545,2.333,0.0,11.6,64.3
1784036806.583,1366,3.658,-0.229,-0.012,-0.649,20.4,49.9
1784036806.694,1367,1.715,-0.704,0.287,0.0,17.0,73.2
1784036806.694,1367,3.409,-1.82,0.374,0.0,15.6,73.6
1784036806.694,1367,6.459,-2.942,1.439,0.0,11.9,63.3
1784036806.694,1367,7.47,-2.76,1.013,0.0,19.6,64.5
1784036806.694,1367,8.406,-0.545,2.277,0.0,12.1,64.4
1784036806.694,1367,0.303,0.409,0.122,0.081,14.7,62.3
1784036806.694,1367,4.005,-1.322,0.346,0.243,13.7,54.1
1784036806.748,1368,1.715,-0.704,0.29,0.0,17.0,73.2
1784036806.748,1368,3.41,-1.82,0.372,0.0,16.1,73.1
1784036806.748,1368,6.515,-2.716,1.621,0.0,12.0,63.4
1784036806.748,1368,7.369,-3.01,1.036,0.0,19.9,64.7
1784036806.748,1368,3.681,-0.993,1.109,0.243,13.7,54.7
1784036806.875,1369,0.285,0.409,-0.16,0.0,14.8,62.9
1784036806.875,1369,1.715,-0.704,0.286,0.0,17.1,73.1
1784036806.875,1369,3.409,-1.82,0.379,0.0,16.1,73.2
1784036806.875,1369,6.552,-2.716,1.465,0.0,12.1,63.3
1784036806.875,1369,7.463,-2.76,1.061,0.0,20.0,64.6
1784036806.991,1370,1.715,-0.704,0.289,0.0,17.1,73.1
1784036806.991,1370,3.41,-1.82,0.372,0.0,16.1,73.2
1784036806.991,1370,7.365,-3.01,1.067,0.0,19.6,64.8
1784036807.053,1371,1.716,-0.704,0.285,0.0,16.9,73.3
1784036807.053,1371,3.408,-1.82,0.383,0.0,16.5,72.7
1784036807.053,1371,7.368,-3.01,1.046,0.0,19.1,64.9
1784036807.166,1372,0.605,-0.076,-0.041,0.0,13.2,62.3
1784036807.166,1372,1.715,-0.704,0.289,0.0,17.0,73.2
1784036807.166,1372,3.411,-1.82,0.358,0.0,16.1,73.1
1784036807.166,1372,7.367,-3.01,1.051,0.0,19.0,65.0
1784036807.275,1373,1.691,-0.762,0.281,0.0,17.0,73.2
1784036807.275,1373,3.408,-1.82,0.389,0.0,16.1,73.2
1784036807.275,1373,7.47,-2.76,1.011,0.0,19.1,64.6
1784036807.275,1373,8.5,-0.545,1.895,0.0,11.4,64.1
1784036807.338,1374,0.602,-0.095,-0.044,0.0,12.5,62.7
1784036807.338,1374,1.714,-0.704,0.292,0.0,17.1,73.1
1784036807.338,1374,3.412,-1.82,0.355,0.0,15.7,73.5
1784036807.338,1374,7.366,-3.01,1.058,0.0,18.6,65.4
1784036807.338,1374,8.472,-0.545,2.016,0.0,11.9,64.0
1784036807.454,1375,0.601,-0.095,0.052,0.0,13.5,62.5
1784036807.454,1375,1.715,-0.704,0.287,0.0,17.1,73.1
1784036807.454,1375,3.411,-1.82,0.362,0.0,15.8,73.3
1784036807.454,1375,7.372,-3.01,1.018,0.0,18.8,65.1
1784036807.454,1375,8.452,-0.545,2.098,0.0,11.6,64.3
1784036807.567,1376,1.692,-0.762,0.278,0.0,17.0,73.2
1784036807.567,1376,3.412,-1.82,0.352,0.0,16.4,72.9
1784036807.567,1376,7.469,-2.76,1.022,0.0,18.9,65.1
1784036807.567,1376,8.473,-0.545,2.013,0.0,11.9,64.1
1784036807.691,1377,1.715,-0.704,0.29,0.0,17.0,73.2
1784036807.691,1377,3.409,-1.82,0.376,0.0,15.6,73.8
1784036807.691,1377,7.369,-3.01,1.041,0.0,19.3,64.8
1784036807.691,1377,8.481,-0.545,1.979,0.0,11.8,64.1
1784036807.753,1378,0.596,-0.095,-0.092,0.0,13.0,62.8
1784036807.753,1378,1.716,-0.704,0.286,0.0,17.0,73.2
1784036807.753,1378,3.406,-1.82,0.407,0.0,15.6,73.6
1784036807.753,1378,6.546,-2.716,1.493,0.0,11.6,63.8
1784036807.753,1378,7.365,-3.01,1.069,0.0,19.0,65.3
1784036807.753,1378,8.466,-0.545,2.04,0.0,11.8,64.2
1784036807.868,1379,0.281,0.425,-0.12,0.0,14.0,62.2
1784036807.868,1379,1.691,-0.762,0.279,0.0,17.0,73.2
1784036807.868,1379,3.411,-1.82,0.363,0.0,15.7,73.3
1784036807.868,1379,7.471,-2.76,1.008,0.0,19.1,65.0
1784036807.868,1379,8.47,-0.545,2.027,0.0,12.4,63.9
1784036807.996,1380,0.299,0.425,-0.061,0.0,13.9,63.2
1784036807.996,1380,1.715,-0.704,0.286,0.0,17.0,73.2
1784036807.996,1380,3.412,-1.82,0.35,0.0,16.1,73.5
1784036807.996,1380,6.553,-2.716,1.461,0.0,11.2,63.8
1784036807.996,1380,7.469,-2.76,1.021,0.0,19.3,65.0
1784036808.059,1381,0.326,0.409,-0.015,0.0,13.9,62.3
1784036808.059,1381,0.603,-0.095,-0.013,0.0,14.2,61.5
1784036808.059,1381,1.715,-0.704,0.287,0.0,17.0,73.2
1784036808.059,1381,3.41,-1.82,0.373,0.0,16.0,73.1
1784036808.059,1381,6.521,-2.716,1.599,0.0,11.9,63.4
1784036808.059,1381,7.377,-3.01,0.98,0.0,19.1,64.8
1784036808.059,1381,8.454,-0.545,2.09,0.0,11.6,64.7
1784036808.169,1382,0.303,0.425,-0.034,0.0,13.1,63.7
1784036808.169,1382,1.715,-0.704,0.291,0.0,17.1,73.1
1784036808.169,1382,3.413,-1.82,0.345,0.0,15.5,73.7
1784036808.169,1382,6.549,-2.716,1.479,0.0,11.2,63.7
1784036808.169,1382,7.467,-2.76,1.034,0.0,18.9,65.0
1784036808.169,1382,8.418,-0.545,2.231,0.0,12.0,64.3
1784036808.278,1383,1.691,-0.762,0.281,0.0,17.0,73.2
1784036808.278,1383,3.413,-1.82,0.344,0.0,16.4,73.0
1784036808.278,1383,6.548,-2.716,1.484,0.0,12.3,63.2
1784036808.278,1383,7.46,-2.76,1.084,0.0,19.2,64.6
1784036808.278,1383,8.434,-0.545,2.169,0.0,12.3,63.9
1784036808.338,1384,0.592,-0.076,-0.13,0.0,13.3,62.2
1784036808.338,1384,1.716,-0.704,0.283,0.0,17.0,73.2
1784036808.338,1384,3.408,-1.82,0.386,0.0,15.6,73.4
1784036808.338,1384,6.533,-2.716,1.546,0.0,12.4,63.0
1784036808.338,1384,7.369,-3.01,1.038,0.0,19.2,64.5
1784036808.338,1384,8.433,-0.545,2.172,0.0,11.6,64.2
1784036808.45,1385,0.231,0.39,-0.158,0.0,14.3,62.6
1784036808.45,1385,0.599,-0.095,-0.074,0.0,14.1,61.7
1784036808.45,1385,1.714,-0.704,0.296,0.0,17.0,73.1
1784036808.45,1385,3.412,-1.82,0.346,0.0,16.2,73.2
1784036808.45,1385,6.47,-2.942,1.389,0.0,11.4,63.5
1784036808.45,1385,7.36,-3.01,1.1,0.0,19.1,64.9
1784036808.45,1385,8.431,-0.545,2.182,0.0,11.4,64.4
1784036808.566,1386,0.603,-0.095,0.007,0.0,12.8,62.7
1784036808.566,1386,1.714,-0.704,0.292,0.0,17.0,73.2
1784036808.566,1386,3.41,-1.82,0.371,0.0,16.5,72.7
1784036808.566,1386,6.54,-2.716,1.518,0.0,12.2,63.0
1784036808.566,1386,7.457,-2.76,1.106,0.0,19.5,64.4
1784036808.566,1386,8.402,-0.545,2.292,0.0,11.3,64.3
1784036808.69,1387,0.591,-0.076,-0.136,0.0,12.2,63.6
1784036808.69,1387,1.715,-0.704,0.287,0.0,17.0,73.1
1784036808.69,1387,3.47,-1.699,0.385,0.0,16.0,73.1
1784036808.69,1387,6.538,-2.716,1.525,0.0,12.6,63.3
1784036808.69,1387,7.365,-3.01,1.065,0.0,19.0,64.7
1784036808.751,1388,0.602,-0.095,-0.04,0.0,13.9,61.9
1784036808.751,1388,1.716,-0.704,0.285,0.0,17.1,73.1
1784036808.751,1388,3.411,-1.82,0.361,0.0,17.1,72.6
1784036808.751,1388,6.546,-2.716,1.492,0.0,11.6,63.8
1784036808.751,1388,7.367,-3.01,1.052,0.0,18.9,65.1
1784036808.751,1388,3.591,-0.938,0.55,-0.162,13.6,58.2
1784036808.862,1389,0.345,0.24,0.232,0.0,12.2,63.5
1784036808.862,1389,0.601,-0.095,-0.054,0.0,13.9,62.2
1784036808.862,1389,1.715,-0.704,0.29,0.0,17.2,73.1
1784036808.862,1389,3.41,-1.82,0.371,0.0,15.9,73.1
1784036808.862,1389,6.541,-2.716,1.512,0.0,11.8,63.3
1784036808.862,1389,7.46,-2.76,1.087,0.0,19.4,64.8
1784036808.862,1389,8.422,-0.545,2.217,0.0,12.3,63.9
1784036808.862,1389,3.712,-1.104,0.65,-0.325,20.0,55.0
1784036808.862,1389,3.505,-0.927,0.78,-0.243,13.1,54.9
1784036808.862,1389,3.889,-1.295,0.611,-0.243,11.9,58.6
1784036808.862,1389,0.281,0.375,0.104,-0.162,19.7,56.1
1784036808.981,1390,0.377,0.262,0.252,0.0,12.5,62.9
1784036808.981,1390,0.599,-0.115,0.039,0.0,13.9,62.3
1784036808.981,1390,1.715,-0.704,0.288,0.0,17.0,73.2
1784036808.981,1390,3.409,-1.82,0.378,0.0,16.9,72.5
1784036808.981,1390,6.536,-2.716,1.533,0.0,12.1,63.3
1784036808.981,1390,7.364,-3.01,1.075,0.0,19.1,64.6
1784036808.981,1390,3.555,-0.927,0.502,-0.406,18.4,51.3
1784036808.981,1390,3.822,-1.282,0.756,-0.406,15.2,55.7
1784036808.981,1390,1.43,1.807,0.198,-0.243,12.7,57.2
1784036809.089,1391,1.717,-0.704,0.276,0.0,17.0,73.2
1784036809.089,1391,3.409,-1.82,0.376,0.0,16.7,72.6
1784036809.089,1391,6.524,-2.716,1.584,0.0,12.0,63.0
1784036809.089,1391,7.363,-3.01,1.083,0.0,19.4,64.5
1784036809.089,1391,3.463,-1.018,0.284,-0.568,21.0,49.5
1784036809.089,1391,3.636,-1.08,0.594,-0.487,20.9,54.7
1784036809.089,1391,3.809,-1.141,0.807,-0.487,17.5,53.8
1784036809.089,1391,1.35,1.538,0.128,-0.325,24.2,51.0
1784036809.142,1392,1.715,-0.704,0.287,0.0,16.9,73.3
1784036809.142,1392,3.469,-1.699,0.397,0.0,16.3,72.9
1784036809.142,1392,6.526,-2.716,1.577,0.0,11.7,63.5
1784036809.142,1392,7.467,-2.76,1.037,0.0,19.0,64.9
1784036809.142,1392,8.43,-0.271,2.057,0.0,11.6,63.7
1784036809.142,1392,3.411,-1.006,0.389,-0.568,18.5,49.9
1784036809.142,1392,1.326,1.505,-0.06,-0.325,27.9,50.5
1784036809.142,1392,0.234,0.368,0.015,-0.081,15.8,62.3
1784036809.264,1393,0.603,-0.095,0.007,0.0,13.5,62.4
1784036809.264,1393,1.717,-0.704,0.276,0.0,17.0,73.1
1784036809.264,1393,3.411,-1.82,0.358,0.0,16.9,72.6
1784036809.264,1393,6.54,-2.716,1.52,0.0,12.2,62.9
1784036809.264,1393,7.365,-3.01,1.069,0.0,19.4,64.4
1784036809.264,1393,3.834,-1.268,0.392,-0.649,20.9,53.5
1784036809.264,1393,3.395,-0.883,0.426,-0.487,17.9,52.2
1784036809.264,1393,3.613,-0.938,0.379,-0.487,16.2,57.6
1784036809.264,1393,1.341,1.411,-0.256,-0.243,25.0,51.8
1784036809.264,1393,1.867,-0.552,0.254,-0.243,25.0,51.8
1784036809.264,1393,1.378,1.505,0.47,-0.243,19.4,55.3
1784036809.382,1394,0.602,-0.095,-0.039,0.0,12.7,62.9
1784036809.382,1394,1.717,-0.704,0.279,0.0,17.1,73.1
1784036809.382,1394,3.408,-1.82,0.385,0.0,16.8,72.4
1784036809.382,1394,6.531,-2.716,1.557,0.0,11.7,63.2
1784036809.382,1394,7.363,-3.01,1.079,0.0,19.3,64.8
1784036809.382,1394,8.429,-0.271,2.065,0.0,12.4,63.4
1784036809.382,1394,0.273,0.282,0.002,0.243,19.3,61.4
1784036809.382,1394,3.53,-0.916,0.361,-0.406,17.1,56.2
1784036809.434,1395,0.602,-0.095,-0.045,0.0,11.5,64.1
1784036809.434,1395,1.716,-0.704,0.28,0.0,16.8,73.4
1784036809.434,1395,3.408,-1.82,0.384,0.0,16.2,72.9
1784036809.434,1395,6.471,-2.942,1.384,0.0,11.2,64.0
1784036809.434,1395,7.366,-3.01,1.058,0.0,18.6,65.5
1784036809.434,1395,8.413,-0.0,1.529,0.0,11.2,64.9
1784036809.434,1395,8.481,-0.271,1.837,0.0,12.4,63.1
1784036809.434,1395,3.745,-1.38,0.431,0.162,16.2,56.3
1784036809.434,1395,0.341,0.33,0.072,0.487,21.0,60.6
1784036809.434,1395,3.465,-0.905,0.536,-0.325,21.0,52.7
1784036809.556,1396,1.716,-0.704,0.28,0.0,17.0,73.2
1784036809.556,1396,3.41,-1.82,0.366,0.0,17.0,72.7
1784036809.556,1396,7.47,-2.76,1.011,0.0,18.6,65.5
1784036809.556,1396,8.431,-0.0,1.428,0.0,11.6,64.5
1784036809.556,1396,8.448,-0.543,1.93,0.0,12.0,63.4
1784036809.556,1396,0.305,0.425,0.02,0.081,23.5,63.4
1784036809.556,1396,1.629,1.693,0.172,0.243,14.6,57.0
1784036809.556,1396,2.203,-0.81,-0.202,0.243,14.6,57.0
1784036809.556,1396,0.367,0.36,0.101,0.568,38.2,44.7
1784036809.556,1396,0.654,0.492,0.133,0.568,16.9,51.8
1784036809.556,1396,3.445,-0.905,0.651,-0.325,20.7,52.0
1784036809.682,1397,1.716,-0.704,0.281,0.0,17.1,73.1
1784036809.682,1397,3.406,-1.82,0.405,0.0,16.0,73.1
1784036809.682,1397,6.541,-2.716,1.516,0.0,11.6,63.6
1784036809.682,1397,7.354,-3.01,1.143,0.0,18.8,65.3
1784036809.682,1397,0.443,0.42,-0.014,0.568,39.3,46.3
1784036809.682,1397,3.547,-0.938,0.787,-0.406,20.8,51.1
1784036809.682,1397,3.446,-0.894,0.351,-0.243,21.5,53.0
1784036809.745,1398,0.403,0.458,0.026,0.0,13.1,65.3
1784036809.745,1398,1.717,-0.704,0.277,0.0,17.3,72.9
1784036809.745,1398,3.408,-1.82,0.391,0.0,16.4,72.7
1784036809.745,1398,6.556,-2.716,1.449,0.0,11.4,63.8
1784036809.745,1398,7.366,-3.01,1.063,0.0,19.2,65.1
1784036809.745,1398,1.351,1.538,0.118,0.081,12.7,72.1
1784036809.745,1398,3.479,-1.055,0.929,-0.243,17.9,56.7
1784036809.745,1398,0.435,0.458,0.297,-0.162,23.3,56.4
1784036809.745,1398,3.403,-0.894,0.647,-0.162,20.3,57.1
1784036809.745,1398,4.993,-2.269,1.052,-0.162,13.0,53.2
1784036809.745,1398,4.042,3.665,1.191,-0.162,13.0,53.2
1784036809.855,1399,1.716,-0.704,0.282,0.0,17.2,73.0
1784036809.855,1399,3.411,-1.82,0.36,0.0,17.2,72.6
1784036809.855,1399,6.558,-2.716,1.437,0.0,11.6,63.5
1784036809.855,1399,7.459,-2.76,1.093,0.0,19.2,65.0
1784036809.855,1399,0.443,0.42,0.022,-0.487,34.7,46.2
1784036809.855,1399,0.714,0.573,0.034,-0.406,16.8,52.2
1784036809.855,1399,0.5,0.436,0.218,-0.243,29.2,51.3
1784036809.855,1399,1.327,1.505,0.033,-0.243,27.6,51.8
1784036809.855,1399,1.883,-0.69,0.069,-0.243,27.6,51.8
1784036809.855,1399,3.437,2.179,0.506,-0.243,13.1,59.2
1784036809.855,1399,3.895,-1.282,0.046,-0.243,13.1,59.2
1784036809.855,1399,1.337,1.538,0.227,-0.162,23.6,55.8
1784036809.855,1399,1.916,-0.705,0.188,-0.162,23.6,55.8
1784036809.96,1400,1.716,-0.704,0.285,0.0,17.0,73.2
1784036809.96,1400,3.407,-1.82,0.399,0.0,16.2,73.1
1784036809.96,1400,6.571,-2.716,1.377,0.0,11.4,63.2
1784036809.96,1400,7.36,-3.01,1.099,0.0,19.5,64.7
1784036809.96,1400,0.478,0.213,0.018,0.487,34.0,46.2
1784036809.96,1400,1.376,1.442,0.232,-0.325,26.7,49.9
1784036809.96,1400,1.842,-0.753,0.259,-0.325,26.7,49.9
1784036809.96,1400,0.304,0.425,0.023,-0.081,20.9,59.6
1784036810.078,1401,1.716,-0.704,0.28,0.0,16.9,73.4
1784036810.078,1401,3.41,-1.82,0.366,0.0,17.3,71.9
1784036810.078,1401,6.555,-2.716,1.451,0.0,11.4,63.6
1784036810.078,1401,7.375,-3.01,0.997,0.0,19.1,65.0
1784036810.078,1401,3.506,-0.938,0.951,0.162,11.5,62.9
1784036810.078,1401,0.399,0.177,-0.002,0.406,24.9,61.0
1784036810.078,1401,1.424,1.35,0.06,-0.325,31.3,49.8
1784036810.078,1401,1.803,-0.736,0.248,-0.325,31.3,49.8
1784036810.14,1402,1.716,-0.704,0.281,0.0,17.8,72.5
1784036810.14,1402,3.409,-1.82,0.379,0.0,17.3,72.2
1784036810.14,1402,7.464,-2.76,1.059,0.0,19.2,65.1
1784036810.14,1402,8.448,-0.0,1.327,0.0,11.6,64.5
1784036810.14,1402,0.324,0.131,-0.0,0.487,28.2,58.6
1784036810.14,1402,4.178,-1.53,0.104,-0.649,13.8,53.2
1784036810.14,1402,3.581,2.642,0.006,-0.649,13.8,53.2
1784036810.265,1403,0.248,0.405,-0.07,0.0,12.5,63.7
1784036810.265,1403,0.332,0.255,0.235,0.0,12.5,63.7
1784036810.265,1403,1.69,-0.762,0.286,0.0,16.7,72.5
1784036810.265,1403,3.406,-1.82,0.409,0.0,17.1,72.2
1784036810.265,1403,6.552,-2.716,1.467,0.0,11.3,63.8
1784036810.265,1403,7.361,-3.01,1.095,0.0,18.8,65.4
1784036810.265,1403,8.461,-0.0,1.24,0.0,11.6,64.2
1784036810.265,1403,1.448,1.26,-0.039,0.081,17.5,67.5
1784036810.265,1403,1.788,-0.66,0.226,0.081,17.5,67.5
1784036810.265,1403,1.343,1.571,0.337,0.162,19.8,60.9
1784036810.265,1403,1.998,-0.393,0.488,0.162,19.8,60.9
1784036810.265,1403,3.513,-0.792,0.383,0.162,16.3,58.6
1784036810.265,1403,3.287,-0.969,0.367,0.487,19.7,51.7
1784036810.265,1403,1.154,1.309,0.013,-0.649,20.2,48.9
1784036810.265,1403,0.221,0.21,0.021,-0.406,27.5,61.4
1784036810.4,1404,0.6,-0.076,-0.088,0.0,14.1,61.7
1784036810.4,1404,1.716,-0.704,0.28,0.0,16.9,73.3
1784036810.4,1404,3.47,-1.699,0.385,0.0,16.4,72.8
1784036810.4,1404,6.545,-2.716,1.495,0.0,11.4,64.3
1784036810.4,1404,7.354,-3.01,1.14,0.0,18.1,65.9
1784036810.4,1404,8.451,-0.0,1.306,0.0,12.0,64.0
1784036810.4,1404,0.179,0.239,0.065,0.081,17.0,66.3
1784036810.4,1404,3.51,-0.792,0.406,0.162,19.4,57.3
1784036810.4,1404,1.365,1.411,0.031,0.406,27.6,52.3
1784036810.4,1404,1.63,1.693,0.16,0.406,15.8,59.2
1784036810.461,1405,0.602,-0.095,-0.034,0.0,13.9,61.8
1784036810.461,1405,1.717,-0.704,0.279,0.0,17.2,73.0
1784036810.461,1405,3.41,-1.82,0.373,0.0,16.9,72.4
1784036810.461,1405,7.443,-2.76,1.193,0.0,18.4,65.9
1784036810.461,1405,8.428,-0.0,1.446,0.0,12.7,63.2
1784036810.461,1405,3.526,-0.792,0.232,0.162,22.0,58.1
1784036810.461,1405,1.57,1.977,0.172,0.243,13.5,60.5
1784036810.461,1405,3.371,-0.883,0.588,0.325,14.6,55.9
1784036810.461,1405,0.51,0.417,0.34,0.406,13.6,55.1
1784036810.461,1405,0.189,-0.284,0.075,-0.487,20.8,52.1
1784036810.588,1406,0.603,-0.095,-0.027,0.0,14.4,61.4
1784036810.588,1406,1.716,-0.704,0.28,0.0,17.0,73.2
1784036810.588,1406,3.41,-1.82,0.373,0.0,16.5,72.7
1784036810.588,1406,7.43,-2.76,1.272,0.0,18.0,66.1
1784036810.588,1406,8.427,-0.0,1.451,0.0,12.1,63.8
1784036810.588,1406,3.56,-0.687,0.532,0.162,18.7,57.3
1784036810.651,1407,0.602,-0.095,-0.042,0.0,13.5,62.1
1784036810.651,1407,1.716,-0.704,0.28,0.0,17.1,73.1
1784036810.651,1407,3.408,-1.82,0.388,0.0,16.2,73.0
1784036810.651,1407,7.342,-3.01,1.213,0.0,17.8,66.2
1784036810.651,1407,8.45,-0.0,1.311,0.0,11.7,64.1
1784036810.651,1407,1.498,2.091,0.083,0.162,14.6,56.6
1784036810.651,1407,3.502,-0.687,0.832,0.162,16.5,56.6
1784036810.778,1408,1.716,-0.704,0.281,0.0,17.0,73.2
1784036810.778,1408,3.409,-1.82,0.377,0.0,16.1,73.2
1784036810.778,1408,7.354,-3.01,1.142,0.0,17.4,66.7
1784036810.778,1408,8.444,-0.0,1.353,0.0,11.3,64.6
1784036810.895,1409,1.716,-0.704,0.281,0.0,17.1,73.1
1784036810.895,1409,3.409,-1.82,0.375,0.0,16.2,73.1
1784036810.895,1409,6.524,-2.716,1.587,0.0,11.5,63.6
1784036810.895,1409,7.363,-3.01,1.08,0.0,19.1,64.9
1784036810.895,1409,8.434,-0.0,1.41,0.0,11.6,64.3
1784036810.895,1409,0.465,0.736,0.06,0.243,13.9,55.4
1784036810.895,1409,1.334,1.67,0.04,-0.243,19.7,53.5
1784036810.895,1409,3.453,-0.783,0.515,-0.243,18.1,54.4
1784036810.963,1410,0.602,-0.095,-0.041,0.0,13.2,62.5
1784036810.963,1410,1.717,-0.704,0.278,0.0,17.0,73.1
1784036810.963,1410,3.468,-1.699,0.407,0.0,15.0,74.2
1784036810.963,1410,7.366,-3.01,1.063,0.0,18.5,65.4
1784036810.963,1410,8.429,-0.0,1.441,0.0,11.5,64.1
1784036810.963,1410,0.381,0.532,0.003,0.568,37.5,45.5
1784036810.963,1410,3.543,4.025,0.211,-0.243,14.0,52.7
1784036811.067,1411,1.717,-0.704,0.279,0.0,17.2,73.0
1784036811.067,1411,3.408,-1.82,0.386,0.0,15.7,73.5
1784036811.067,1411,7.363,-3.01,1.08,0.0,18.6,65.4
1784036811.067,1411,8.455,-0.0,1.278,0.0,12.6,63.4
1784036811.067,1411,0.397,0.567,0.09,0.162,26.1,52.2
1784036811.186,1412,1.716,-0.704,0.282,0.0,16.9,73.3
1784036811.186,1412,3.409,-1.82,0.382,0.0,15.6,73.7
1784036811.186,1412,6.552,-2.716,1.465,0.0,11.5,63.6
1784036811.186,1412,7.363,-3.01,1.083,0.0,19.1,64.9
1784036811.186,1412,8.461,-0.0,1.236,0.0,12.7,63.5
1784036811.186,1412,3.447,-0.663,0.411,0.162,13.5,56.2
1784036811.186,1412,0.436,0.545,0.008,-0.406,29.2,46.3
1784036811.186,1412,0.395,0.567,0.097,-0.243,26.9,48.6
1784036811.236,1413,1.717,-0.704,0.279,0.0,16.9,73.3
1784036811.236,1413,3.407,-1.82,0.399,0.0,15.6,73.6
1784036811.236,1413,7.363,-3.01,1.079,0.0,19.1,65.0
1784036811.236,1413,8.443,-0.0,1.354,0.0,12.0,64.3
1784036811.236,1413,1.265,1.636,-0.33,0.243,17.3,53.5
1784036811.236,1413,2.055,-0.393,0.098,0.243,17.3,53.5
1784036811.236,1413,1.469,2.056,0.13,0.243,13.7,55.7
1784036811.236,1413,3.525,0.11,0.227,-0.649,20.4,51.8
1784036811.351,1414,1.717,-0.704,0.279,0.0,16.8,73.4
1784036811.351,1414,3.412,-1.82,0.35,0.0,16.4,72.9
1784036811.351,1414,6.539,-2.716,1.521,0.0,11.4,63.7
1784036811.351,1414,7.365,-3.01,1.066,0.0,19.2,65.0
1784036811.351,1414,8.448,-0.0,1.325,0.0,11.9,64.5
1784036811.351,1414,3.462,-0.671,0.604,0.162,17.4,56.1
1784036811.451,1415,0.602,-0.095,-0.044,0.0,11.3,64.3
1784036811.451,1415,1.716,-0.704,0.281,0.0,16.8,73.4
1784036811.451,1415,3.408,-1.82,0.391,0.0,15.4,73.8
1784036811.451,1415,6.551,-2.716,1.469,0.0,11.3,63.6
1784036811.451,1415,7.467,-2.76,1.038,0.0,19.2,64.8
1784036811.451,1415,8.426,-0.0,1.458,0.0,11.9,64.5
1784036811.553,1416,1.717,-0.704,0.28,0.0,16.9,73.3
1784036811.553,1416,3.467,-1.699,0.416,0.0,15.1,74.0
1784036811.553,1416,7.353,-3.01,1.146,0.0,18.6,65.5
1784036811.553,1416,8.414,-0.0,1.525,0.0,11.9,64.5
1784036811.655,1417,1.717,-0.704,0.279,0.0,17.0,73.2
1784036811.655,1417,3.409,-1.82,0.38,0.0,15.4,73.9
1784036811.655,1417,7.365,-3.01,1.07,0.0,18.1,66.0
1784036811.655,1417,8.449,-0.0,1.317,0.0,11.7,64.5
1784036811.769,1418,1.716,-0.704,0.282,0.0,16.9,73.3
1784036811.769,1418,3.416,-1.82,0.308,0.0,15.6,73.5
1784036811.769,1418,7.364,-3.01,1.074,0.0,18.8,65.1
1784036811.769,1418,8.454,-0.0,1.286,0.0,11.6,64.7
1784036811.769,1418,1.361,1.704,-0.054,-0.487,26.5,49.1
1784036811.871,1419,1.716,-0.704,0.28,0.0,16.9,73.3
1784036811.871,1419,3.413,-1.82,0.339,0.0,16.2,73.2
1784036811.871,1419,7.367,-3.01,1.052,0.0,18.7,65.2
1784036811.871,1419,8.437,-0.0,1.392,0.0,11.5,65.0
1784036811.871,1419,0.405,0.567,-0.039,0.243,34.2,48.8
1784036811.871,1419,1.243,1.737,0.096,-0.243,17.3,54.2
1784036811.871,1419,2.084,-0.468,0.094,-0.243,17.3,54.2
1784036811.973,1420,1.717,-0.704,0.28,0.0,16.9,73.3
1784036811.973,1420,3.413,-1.82,0.337,0.0,15.4,73.9
1784036811.973,1420,6.536,-2.716,1.534,0.0,11.8,63.4
1784036811.973,1420,7.367,-3.01,1.051,0.0,19.1,64.8
1784036811.973,1420,8.454,-0.0,1.289,0.0,11.8,64.7
1784036811.973,1420,0.432,0.545,0.058,0.243,27.4,48.7
1784036811.973,1420,3.402,-0.654,0.427,-0.243,21.9,54.8
1784036812.075,1421,1.716,-0.704,0.281,0.0,16.9,73.3
1784036812.075,1421,3.402,-1.82,0.434,0.0,14.9,74.4
1784036812.075,1421,6.549,-2.716,1.479,0.0,12.4,63.1
1784036812.075,1421,7.353,-3.01,1.146,0.0,19.5,64.5
1784036812.075,1421,8.449,-0.0,1.321,0.0,12.0,64.7
1784036812.075,1421,0.449,0.579,0.111,0.081,11.9,64.0
1784036812.177,1422,1.717,-0.704,0.279,0.0,17.0,73.2
1784036812.177,1422,3.406,-1.82,0.402,0.0,15.8,73.3
1784036812.177,1422,6.571,-2.716,1.379,0.0,11.3,63.9
1784036812.177,1422,7.362,-3.01,1.086,0.0,18.7,65.3
1784036812.177,1422,8.447,-0.0,1.329,0.0,11.5,65.0
1784036812.177,1422,3.465,-0.663,0.216,0.325,25.2,51.7
1784036812.282,1423,1.716,-0.704,0.28,0.0,17.0,73.2
1784036812.282,1423,3.412,-1.82,0.347,0.0,16.1,73.3
1784036812.282,1423,6.548,-2.716,1.485,0.0,11.6,63.7
1784036812.282,1423,7.361,-3.01,1.097,0.0,19.1,64.9
1784036812.282,1423,8.453,-0.0,1.289,0.0,11.4,64.8
1784036812.282,1423,1.246,1.737,-0.018,0.243,20.7,53.0
1784036812.282,1423,2.1,-0.401,0.039,0.243,20.7,53.0
1784036812.282,1423,3.438,-0.663,0.478,0.243,21.4,53.3
1784036812.282,1423,5.226,-1.745,0.911,0.243,13.6,52.6
1784036812.282,1423,0.398,0.626,0.003,-0.243,22.5,47.2
1784036812.282,1423,0.385,0.567,-0.133,-0.081,13.5,63.5
1784036812.389,1424,1.717,-0.704,0.279,0.0,17.1,73.1
1784036812.389,1424,3.41,-1.82,0.373,0.0,15.7,73.5
1784036812.389,1424,7.361,-3.01,1.095,0.0,18.7,65.2
1784036812.389,1424,8.434,-0.0,1.412,0.0,11.6,64.7
1784036812.44,1425,1.717,-0.704,0.279,0.0,17.2,73.0
1784036812.44,1425,3.408,-1.82,0.389,0.0,16.0,73.4
1784036812.44,1425,7.363,-3.01,1.077,0.0,18.6,65.4
1784036812.44,1425,8.439,-0.0,1.382,0.0,11.6,64.6
1784036812.548,1426,1.716,-0.704,0.28,0.0,17.2,73.1
1784036812.548,1426,3.411,-1.82,0.359,0.0,16.2,73.0
1784036812.548,1426,7.362,-3.01,1.085,0.0,18.5,65.4
1784036812.548,1426,8.443,-0.0,1.355,0.0,11.8,64.4
1784036812.648,1427,1.717,-0.704,0.278,0.0,16.9,73.3
1784036812.648,1427,3.412,-1.82,0.35,0.0,16.2,73.2
1784036812.648,1427,7.364,-3.01,1.075,0.0,18.7,65.2
1784036812.648,1427,8.426,-0.0,1.458,0.0,11.9,64.3
1784036812.753,1428,1.717,-0.704,0.278,0.0,17.1,73.1
1784036812.753,1428,3.467,-1.699,0.41,0.0,16.4,72.9
1784036812.753,1428,7.366,-3.01,1.057,0.0,18.9,65.2
1784036812.753,1428,8.454,-0.0,1.284,0.0,12.2,64.1
1784036812.855,1429,1.716,-0.704,0.282,0.0,16.9,73.3
1784036812.855,1429,3.41,-1.82,0.37,0.0,16.2,73.2
1784036812.855,1429,7.366,-3.01,1.063,0.0,19.1,65.0
1784036812.855,1429,8.439,-0.0,1.381,0.0,12.1,64.3
1784036812.958,1430,1.693,-0.762,0.269,0.0,17.0,73.2
1784036812.958,1430,3.47,-1.699,0.384,0.0,16.3,72.9
1784036812.958,1430,6.579,-2.716,1.337,0.0,11.3,63.8
1784036812.958,1430,7.356,-3.01,1.127,0.0,18.8,65.3
1784036812.958,1430,8.437,-0.0,1.393,0.0,11.6,64.8
1784036813.061,1431,1.717,-0.704,0.279,0.0,17.0,73.2
1784036813.061,1431,3.413,-1.82,0.34,0.0,16.4,72.8
1784036813.061,1431,6.561,-2.716,1.423,0.0,11.2,63.7
1784036813.061,1431,7.356,-3.01,1.124,0.0,19.1,64.9
1784036813.061,1431,8.428,-0.0,1.444,0.0,11.5,64.6
1784036813.164,1432,1.717,-0.704,0.277,0.0,16.9,73.3
1784036813.164,1432,3.411,-1.82,0.358,0.0,16.2,73.1
1784036813.164,1432,7.367,-3.01,1.053,0.0,18.7,65.3
1784036813.164,1432,8.436,-0.0,1.4,0.0,11.5,64.6
1784036813.267,1433,1.717,-0.704,0.279,0.0,16.9,73.2
1784036813.267,1433,3.407,-1.82,0.396,0.0,16.6,72.5
1784036813.267,1433,7.365,-3.01,1.065,0.0,18.8,65.3
1784036813.369,1434,1.716,-0.704,0.28,0.0,17.2,73.0
1784036813.369,1434,3.408,-1.82,0.384,0.0,16.2,72.9
1784036813.369,1434,6.534,-2.716,1.544,0.0,11.4,64.0
1784036813.369,1434,7.36,-3.01,1.099,0.0,18.9,65.2
1784036813.369,1434,8.429,-0.0,1.443,0.0,11.6,64.2
1784036813.471,1435,1.717,-0.704,0.278,0.0,17.1,73.1
1784036813.471,1435,3.409,-1.82,0.374,0.0,15.9,73.2
1784036813.471,1435,6.561,-2.716,1.426,0.0,11.2,63.8
1784036813.471,1435,7.365,-3.01,1.069,0.0,18.9,65.1
1784036813.575,1436,1.717,-0.704,0.279,0.0,17.1,73.1
1784036813.575,1436,3.468,-1.699,0.406,0.0,16.1,73.2
1784036813.575,1436,6.539,-2.716,1.523,0.0,11.3,63.8
1784036813.575,1436,7.363,-3.01,1.079,0.0,18.8,65.3
1784036813.575,1436,8.451,-0.0,1.303,0.0,11.8,64.1
1784036813.677,1437,1.717,-0.704,0.279,0.0,17.1,73.1
1784036813.677,1437,3.408,-1.82,0.385,0.0,16.0,73.1
1784036813.677,1437,6.566,-2.716,1.399,0.0,11.6,63.6
1784036813.677,1437,7.364,-3.01,1.077,0.0,19.2,64.9
1784036813.78,1438,1.717,-0.704,0.279,0.0,16.8,73.3
1784036813.78,1438,3.472,-1.699,0.368,0.0,16.0,73.3
1784036813.78,1438,6.568,-2.716,1.389,0.0,12.5,62.9
1784036813.78,1438,7.37,-3.01,1.034,0.0,19.8,64.3
1784036813.78,1438,8.42,-0.0,1.494,0.0,11.9,64.1
1784036813.882,1439,1.716,-0.704,0.28,0.0,16.9,73.3
1784036813.882,1439,3.402,-1.82,0.437,0.0,16.3,73.1
1784036813.882,1439,6.573,-2.716,1.37,0.0,11.6,63.4
1784036813.882,1439,7.36,-3.01,1.098,0.0,19.0,64.8
1784036813.882,1439,8.41,-0.0,1.547,0.0,11.5,64.5
1784036813.934,1440,1.717,-0.704,0.276,0.0,17.0,73.2
1784036813.934,1440,3.405,-1.82,0.416,0.0,15.8,73.1
1784036813.934,1440,6.567,-2.716,1.395,0.0,11.3,63.9
1784036813.934,1440,7.363,-3.01,1.077,0.0,18.6,65.1
1784036813.934,1440,8.43,-0.0,1.436,0.0,11.5,64.5
1784036814.037,1441,1.717,-0.704,0.276,0.0,16.8,73.3
1784036814.037,1441,3.41,-1.82,0.374,0.0,16.1,73.4
1784036814.037,1441,6.565,-2.716,1.407,0.0,11.2,64.0
1784036814.037,1441,7.366,-3.01,1.06,0.0,18.6,65.2
1784036814.037,1441,8.408,-0.0,1.556,0.0,11.4,64.6
1784036814.19,1442,1.717,-0.704,0.278,0.0,16.8,73.4
1784036814.19,1442,3.408,-1.82,0.388,0.0,16.2,72.9
1784036814.19,1442,6.568,-2.716,1.394,0.0,11.5,63.6
1784036814.19,1442,7.361,-3.01,1.097,0.0,19.1,64.9
1784036814.19,1442,8.402,-0.0,1.59,0.0,11.9,64.1
1784036814.241,1443,1.717,-0.704,0.277,0.0,16.9,73.2
1784036814.241,1443,3.471,-1.699,0.376,0.0,16.6,72.6
1784036814.241,1443,7.364,-3.01,1.072,0.0,18.6,65.5
1784036814.241,1443,8.397,-0.0,1.619,0.0,12.1,64.0
1784036814.241,1443,4.344,-1.445,0.655,-0.162,19.3,54.7
1784036814.342,1444,1.717,-0.704,0.279,0.0,17.1,73.1
1784036814.342,1444,3.411,-1.82,0.362,0.0,16.0,73.3
1784036814.342,1444,7.359,-3.01,1.105,0.0,18.9,65.1
1784036814.342,1444,8.416,-0.0,1.514,0.0,12.2,63.8
1784036814.342,1444,4.387,-1.301,0.671,-0.162,13.7,56.6
1784036814.444,1445,1.716,-0.704,0.281,0.0,16.9,73.3
1784036814.444,1445,3.413,-1.82,0.345,0.0,16.0,73.3
1784036814.444,1445,6.566,-2.716,1.402,0.0,11.8,63.3
1784036814.444,1445,7.361,-3.01,1.092,0.0,19.5,64.6
1784036814.444,1445,8.401,-0.0,1.597,0.0,11.3,64.9
1784036814.444,1445,4.294,-1.418,0.376,-0.325,21.7,52.3
1784036814.444,1445,2.673,-0.99,0.411,-0.243,15.9,54.4
1784036814.444,1445,1.947,2.07,0.466,-0.243,15.9,54.4
1784036814.546,1446,1.717,-0.704,0.278,0.0,17.0,73.2
1784036814.546,1446,3.41,-1.82,0.369,0.0,16.1,72.9
1784036814.546,1446,6.54,-2.716,1.517,0.0,11.7,63.7
1784036814.546,1446,7.352,-3.01,1.151,0.0,18.8,65.1
1784036814.546,1446,8.43,-0.0,1.436,0.0,11.4,64.9
1784036814.546,1446,1.958,2.07,0.419,-0.325,18.9,50.8
1784036814.648,1447,1.716,-0.704,0.28,0.0,17.0,73.1
1784036814.648,1447,3.411,-1.82,0.362,0.0,16.4,73.1
1784036814.648,1447,6.565,-2.716,1.404,0.0,11.5,63.6
1784036814.648,1447,7.367,-3.01,1.051,0.0,19.0,64.8
1784036814.648,1447,8.431,-0.0,1.43,0.0,12.6,63.9
1784036814.648,1447,4.288,-1.432,0.741,-0.487,17.9,51.1
1784036814.648,1447,2.688,-0.798,0.422,-0.406,22.6,50.4
1784036814.648,1447,4.222,-1.252,0.645,-0.406,19.9,51.2
1784036814.749,1448,1.717,-0.704,0.278,0.0,16.9,73.2
1784036814.749,1448,3.409,-1.82,0.381,0.0,15.7,73.5
1784036814.749,1448,7.366,-3.01,1.061,0.0,18.7,65.4
1784036814.749,1448,8.43,-0.0,1.437,0.0,12.1,64.4
1784036814.749,1448,4.26,-1.123,0.885,-0.325,22.4,52.4
1784036814.749,1448,0.622,0.753,0.378,-0.162,14.8,50.2
1784036814.851,1449,1.717,-0.704,0.278,0.0,17.0,73.1
1784036814.851,1449,3.409,-1.82,0.379,0.0,16.0,73.1
1784036814.851,1449,6.546,-2.716,1.492,0.0,11.3,63.7
1784036814.851,1449,7.364,-3.01,1.076,0.0,19.1,64.9
1784036814.851,1449,8.413,-0.0,1.533,0.0,12.7,63.4
1784036814.851,1449,4.295,-1.113,0.341,-0.162,17.1,56.9
1784036814.951,1450,1.693,-0.762,0.27,0.0,17.0,73.1
1784036814.951,1450,3.41,-1.82,0.37,0.0,16.1,73.1
1784036814.951,1450,6.531,-2.716,1.557,0.0,11.9,63.5
1784036814.951,1450,7.359,-3.01,1.107,0.0,19.2,64.8
1784036814.951,1450,8.41,-0.0,1.549,0.0,12.3,63.8
1784036814.951,1450,0.374,0.589,-0.014,0.162,23.1,52.9
1784036814.951,1450,4.131,-1.227,0.681,-0.162,11.8,59.5
1784036814.951,1450,4.357,-0.834,0.353,-0.162,11.7,59.2
1784036815.051,1451,1.717,-0.704,0.279,0.0,16.8,73.4
1784036815.051,1451,3.469,-1.699,0.396,0.0,15.9,73.4
1784036815.051,1451,6.556,-2.716,1.446,0.0,11.5,63.8
1784036815.051,1451,7.36,-3.01,1.098,0.0,19.0,65.0
1784036815.051,1451,8.395,-0.0,1.63,0.0,12.4,63.3
1784036815.153,1452,1.717,-0.704,0.279,0.0,17.2,73.0
1784036815.153,1452,3.408,-1.82,0.386,0.0,16.4,72.8
1784036815.153,1452,6.539,-2.716,1.524,0.0,11.5,64.0
1784036815.153,1452,7.359,-3.01,1.111,0.0,18.8,65.3
1784036815.153,1452,8.443,-0.0,1.354,0.0,11.7,63.8
1784036815.153,1452,0.397,0.626,0.027,0.162,35.2,51.9
1784036815.255,1453,1.717,-0.704,0.279,0.0,17.1,73.1
1784036815.255,1453,3.472,-1.699,0.373,0.0,15.6,73.5
1784036815.255,1453,6.531,-2.716,1.557,0.0,11.8,63.4
1784036815.255,1453,7.357,-3.01,1.124,0.0,19.4,64.8
1784036815.255,1453,8.423,-0.0,1.474,0.0,11.9,64.0
1784036815.255,1453,0.432,0.603,-0.012,0.243,35.2,47.4
1784036815.255,1453,3.685,-0.72,0.801,-0.243,15.7,60.4
1784036815.255,1453,3.532,-0.447,0.356,-0.162,20.6,57.1
1784036815.357,1454,1.717,-0.704,0.277,0.0,16.9,73.2
1784036815.357,1454,3.411,-1.82,0.363,0.0,15.9,73.6
1784036815.357,1454,6.549,-2.716,1.478,0.0,11.7,63.4
1784036815.357,1454,7.36,-3.01,1.099,0.0,19.5,64.8
1784036815.357,1454,8.448,-0.0,1.322,0.0,12.0,64.2
1784036815.357,1454,0.411,0.663,-0.095,0.162,30.0,50.8
1784036815.357,1454,3.651,-0.593,0.851,-0.325,17.9,58.7
1784036815.357,1454,3.526,-0.447,0.41,-0.162,24.2,55.9
1784036815.459,1455,1.717,-0.704,0.278,0.0,16.8,73.4
1784036815.459,1455,3.409,-1.82,0.38,0.0,16.1,73.1
1784036815.459,1455,6.555,-2.716,1.45,0.0,11.9,63.2
1784036815.459,1455,7.355,-3.01,1.133,0.0,19.5,64.6
1784036815.459,1455,8.405,-0.0,1.574,0.0,12.1,64.1
1784036815.459,1455,0.548,0.784,0.304,0.162,16.5,59.0
1784036815.459,1455,1.94,2.007,0.084,0.162,14.6,57.6
1784036815.459,1455,3.577,-0.586,0.97,-0.406,18.9,55.4
1784036815.459,1455,3.395,-0.539,0.258,-0.325,17.0,54.4
1784036815.459,1455,3.533,-0.447,0.343,-0.243,17.2,57.4
1784036815.459,1455,1.705,2.181,0.364,-0.162,13.8,57.6
1784036815.562,1456,1.716,-0.704,0.28,0.0,17.3,72.8
1784036815.562,1456,3.41,-1.82,0.371,0.0,16.0,73.1
1784036815.562,1456,6.56,-2.716,1.428,0.0,11.9,63.4
1784036815.562,1456,7.35,-3.01,1.169,0.0,19.5,64.8
1784036815.562,1456,8.436,-0.0,1.401,0.0,12.0,65.0
1784036815.562,1456,0.513,0.648,0.065,0.162,32.4,50.3
1784036815.562,1456,1.769,2.029,0.271,0.162,12.1,60.0
1784036815.562,1456,2.471,-0.845,0.705,0.162,12.1,60.0
1784036815.562,1456,1.765,2.061,0.436,0.243,12.1,57.9
1784036815.562,1456,2.622,-0.601,0.563,0.243,12.1,57.9
1784036815.562,1456,0.508,0.709,0.02,0.325,33.3,47.0
1784036815.562,1456,3.427,-0.442,0.741,-0.406,16.7,52.8
1784036815.562,1456,3.577,-0.469,1.031,-0.406,19.3,56.9
1784036815.562,1456,3.331,-0.431,0.775,-0.325,15.7,57.4
1784036815.562,1456,5.165,-1.546,1.072,-0.325,13.3,54.6
1784036815.562,1456,3.523,-0.224,0.578,-0.243,11.8,57.1
1784036815.665,1457,1.717,-0.704,0.279,0.0,17.0,73.2
1784036815.665,1457,3.41,-1.82,0.366,0.0,15.8,73.4
1784036815.665,1457,6.538,-2.716,1.528,0.0,11.7,63.6
1784036815.665,1457,7.361,-3.01,1.092,0.0,19.3,65.0
1784036815.665,1457,1.686,2.113,0.1,0.243,11.8,57.3
1784036815.665,1457,2.261,-1.014,1.084,0.243,11.8,57.3
1784036815.665,1457,0.502,0.622,-0.22,0.325,33.3,46.0
1784036815.665,1457,0.98,-1.227,-0.029,-0.649,17.8,49.2
1784036815.665,1457,3.493,-0.573,0.951,-0.406,20.4,58.5
1784036815.665,1457,3.457,-0.436,0.2,-0.325,18.8,53.8
1784036815.665,1457,5.189,-1.534,0.681,-0.325,12.1,55.0
1784036815.78,1458,1.717,-0.704,0.279,0.0,17.5,72.7
1784036815.78,1458,3.409,-1.82,0.375,0.0,15.9,73.3
1784036815.78,1458,6.498,-2.942,1.253,0.0,11.5,63.7
1784036815.78,1458,7.364,-3.01,1.074,0.0,18.8,65.1
1784036815.78,1458,8.548,-0.273,1.733,0.0,13.8,62.9
1784036815.78,1458,0.736,0.716,0.369,0.162,19.0,55.3
1784036815.78,1458,0.628,0.72,0.094,0.243,25.8,49.4
1784036815.78,1458,0.605,0.687,0.041,0.325,28.8,46.8
1784036815.78,1458,3.459,-0.566,0.911,-0.325,20.0,58.3
1784036815.882,1459,1.716,-0.704,0.28,0.0,17.0,73.2
1784036815.882,1459,3.41,-1.82,0.367,0.0,16.8,72.3
1784036815.882,1459,6.511,-2.716,1.639,0.0,11.8,63.5
1784036815.882,1459,7.36,-3.01,1.098,0.0,19.1,65.1
1784036815.882,1459,8.414,-0.0,1.528,0.0,11.8,65.5
1784036815.882,1459,8.528,-0.273,1.826,0.0,13.6,62.7
1784036815.882,1459,0.667,0.69,0.011,0.406,31.3,46.6
1784036815.882,1459,4.382,-1.156,0.919,0.487,17.7,52.8
1784036815.882,1459,3.267,-0.414,0.384,-0.325,19.3,54.8
1784036815.882,1459,3.394,-0.327,0.747,-0.243,19.0,55.4
1784036815.882,1459,3.542,-0.453,0.601,-0.243,16.1,60.0
1784036815.988,1460,1.717,-0.704,0.279,0.0,17.5,72.7
1784036815.988,1460,3.409,-1.82,0.376,0.0,16.2,72.9
1784036815.988,1460,6.467,-2.942,1.404,0.0,11.4,63.8
1784036815.988,1460,7.36,-3.01,1.1,0.0,19.0,65.2
1784036815.988,1460,8.429,-0.267,1.415,0.0,11.7,65.5
1784036815.988,1460,8.489,-0.273,1.999,0.0,14.5,62.4
1784036815.988,1460,0.697,0.721,0.038,0.081,14.1,67.2
1784036815.988,1460,0.749,0.6,-0.005,0.325,32.2,47.1
1784036815.988,1460,4.326,-1.276,0.497,0.487,15.3,54.9
1784036815.988,1460,3.262,-0.311,0.509,-0.243,22.1,52.4
1784036815.988,1460,5.142,-1.006,1.161,-0.243,12.2,54.2
1784036815.988,1460,3.43,-0.447,0.915,-0.162,14.8,61.0
1784036816.04,1461,1.717,-0.704,0.279,0.0,17.2,73.0
1784036816.04,1461,3.408,-1.82,0.385,0.0,16.3,73.1
1784036816.04,1461,6.55,-2.716,1.473,0.0,11.4,63.8
1784036816.04,1461,7.373,-3.01,1.011,0.0,18.8,65.2
1784036816.04,1461,8.501,-0.271,1.742,0.0,13.4,62.9
1784036816.04,1461,0.779,0.687,0.129,0.162,24.7,52.9
1784036816.04,1461,4.331,-1.276,0.446,0.487,19.3,52.0
1784036816.04,1461,4.427,-1.313,0.689,0.487,15.7,54.3
1784036816.143,1462,1.716,-0.704,0.281,0.0,16.8,73.4
1784036816.143,1462,1.194,1.877,0.01,0.0,11.7,74.3
1784036816.143,1462,3.411,-1.82,0.361,0.0,15.9,73.3
1784036816.143,1462,7.368,-3.01,1.045,0.0,18.7,65.5
1784036816.143,1462,8.463,-0.545,2.055,0.0,13.5,63.1
1784036816.143,1462,4.371,-1.189,1.448,0.406,11.2,56.9
1784036816.247,1463,0.502,0.744,-0.182,0.0,12.1,73.0
1784036816.247,1463,1.716,-0.704,0.28,0.0,17.0,73.2
1784036816.247,1463,1.156,1.841,0.184,0.0,13.4,75.2
1784036816.247,1463,2.018,-0.614,0.555,0.0,13.4,75.2
1784036816.247,1463,3.408,-1.82,0.383,0.0,16.9,72.2
1784036816.247,1463,7.362,-3.01,1.088,0.0,18.3,65.9
1784036816.247,1463,8.475,-0.271,1.864,0.0,12.9,63.0
1784036816.247,1463,4.506,-1.35,0.951,0.325,12.7,55.0
1784036816.247,1463,0.728,0.69,-0.023,-0.081,14.1,67.6
1784036816.349,1464,1.716,-0.704,0.28,0.0,16.9,73.3
1784036816.349,1464,3.413,-1.82,0.342,0.0,16.9,72.6
1784036816.349,1464,7.363,-3.01,1.079,0.0,18.7,65.3
1784036816.349,1464,8.433,-0.0,1.415,0.0,11.6,65.1
1784036816.349,1464,8.5,-0.271,1.747,0.0,13.6,62.3
1784036816.349,1464,4.518,-1.35,0.893,0.243,16.8,53.5
1784036816.349,1464,0.749,0.6,-0.026,-0.243,34.1,47.5
1784036816.349,1464,0.724,0.69,0.085,-0.081,14.0,67.7
1784036816.456,1465,0.494,0.744,0.203,0.0,13.8,70.8
1784036816.456,1465,1.716,-0.704,0.28,0.0,17.2,73.0
1784036816.456,1465,3.409,-1.82,0.379,0.0,16.5,72.5
1784036816.456,1465,6.538,-2.716,1.525,0.0,11.6,63.5
1784036816.456,1465,7.36,-3.01,1.098,0.0,19.1,64.8
1784036816.456,1465,8.493,-0.271,1.783,0.0,12.9,62.7
1784036816.456,1465,0.64,0.6,0.39,-0.243,26.5,48.4
1784036816.564,1466,1.717,-0.704,0.277,0.0,18.0,72.2
1784036816.564,1466,3.412,-1.82,0.353,0.0,16.2,72.9
1784036816.564,1466,6.542,-2.716,1.508,0.0,11.4,63.6
1784036816.564,1466,7.364,-3.01,1.074,0.0,19.2,64.9
1784036816.564,1466,8.473,-0.273,2.067,0.0,13.2,62.7
1784036816.564,1466,0.702,0.659,0.283,-0.162,26.7,51.1
1784036816.564,1466,1.246,1.737,-0.035,-0.081,12.9,73.6
1784036816.673,1467,1.716,-0.704,0.28,0.0,17.7,72.5
1784036816.673,1467,3.411,-1.82,0.362,0.0,16.2,73.3
1784036816.673,1467,6.537,-2.716,1.531,0.0,12.0,63.4
1784036816.673,1467,7.371,-3.01,1.022,0.0,19.3,64.7
1784036816.673,1467,8.464,-0.273,2.103,0.0,14.7,62.0
1784036816.673,1467,0.694,0.721,-0.075,0.243,25.3,47.9
1784036816.673,1467,0.558,0.687,0.236,-0.081,14.6,69.0
1784036816.777,1468,1.717,-0.704,0.279,0.0,17.6,72.6
1784036816.777,1468,3.469,-1.699,0.396,0.0,16.0,73.0
1784036816.777,1468,7.363,-3.01,1.077,0.0,18.2,65.8
1784036816.777,1468,8.493,-0.273,1.983,0.0,14.5,62.9
1784036816.777,1468,3.385,-0.431,0.482,0.162,16.5,58.0
1784036816.777,1468,3.425,-0.447,0.931,0.162,15.8,61.2
1784036816.777,1468,5.274,-1.772,1.1,0.162,12.0,54.2
1784036816.777,1468,0.49,0.773,0.037,-0.081,17.6,67.9
1784036816.879,1469,1.717,-0.704,0.278,0.0,17.1,73.1
1784036816.879,1469,3.41,-1.82,0.368,0.0,15.7,73.4
1784036816.879,1469,7.36,-3.01,1.101,0.0,18.7,65.3
1784036816.879,1469,8.513,-0.273,1.895,0.0,13.6,62.9
1784036816.879,1469,3.454,-0.453,0.988,0.243,13.3,58.4
1784036816.879,1469,0.53,0.744,-0.066,-0.081,13.6,68.5
1784036817.001,1470,1.717,-0.704,0.279,0.0,16.8,73.4
1784036817.001,1470,3.411,-1.82,0.363,0.0,16.2,73.2
1784036817.001,1470,6.543,-2.716,1.505,0.0,11.5,63.6
1784036817.001,1470,7.368,-3.01,1.049,0.0,19.1,64.9
1784036817.001,1470,8.411,-0.0,1.543,0.0,12.5,65.2
1784036817.001,1470,8.467,-0.545,2.036,0.0,14.1,62.7
1784036817.001,1470,3.382,-0.431,0.504,0.243,23.1,55.1
1784036817.001,1470,3.555,-0.458,0.763,0.243,20.2,58.9
1784036817.001,1470,0.464,0.736,0.066,-0.162,37.8,50.5
1784036817.051,1471,1.716,-0.704,0.28,0.0,17.1,73.1
1784036817.051,1471,3.409,-1.82,0.383,0.0,15.3,73.7
1784036817.051,1471,6.577,-2.716,1.347,0.0,12.2,62.8
1784036817.051,1471,7.361,-3.01,1.097,0.0,19.7,64.3
1784036817.051,1471,8.452,-0.545,2.098,0.0,12.5,62.8
1784036817.051,1471,3.406,-0.431,0.307,0.243,21.8,56.2
1784036817.051,1471,3.487,-0.573,0.972,0.243,14.9,60.4
1784036817.051,1471,5.381,-1.44,1.463,0.243,12.2,53.1
1784036817.152,1472,1.716,-0.704,0.28,0.0,17.7,72.5
1784036817.152,1472,3.41,-1.82,0.372,0.0,15.6,73.5
1784036817.152,1472,6.599,-2.716,1.234,0.0,12.0,62.9
1784036817.152,1472,7.357,-3.01,1.12,0.0,19.8,64.2
1784036817.152,1472,3.361,-0.532,-0.061,0.243,16.4,54.8
1784036817.152,1472,3.372,-0.552,0.901,0.243,15.0,55.1
1784036817.152,1472,3.496,-0.695,1.022,0.243,21.5,60.7
1784036817.152,1472,5.379,-1.44,1.47,0.243,14.1,54.6
1784036817.152,1472,0.545,0.682,0.001,-0.162,35.6,51.0
1784036817.255,1473,1.717,-0.704,0.277,0.0,16.9,73.2
1784036817.255,1473,3.41,-1.82,0.368,0.0,16.1,73.2
1784036817.255,1473,6.562,-2.716,1.419,0.0,11.8,63.3
1784036817.255,1473,7.361,-3.01,1.097,0.0,19.5,64.6
1784036817.255,1473,3.48,-0.442,0.43,0.243,20.9,53.9
1784036817.255,1473,3.522,-0.579,1.005,0.243,22.6,61.3
1784036817.255,1473,5.351,-1.62,1.383,0.243,13.9,53.6
1784036817.255,1473,2.044,1.804,0.35,-0.243,13.5,54.2
1784036817.356,1474,1.716,-0.704,0.281,0.0,17.0,73.2
1784036817.356,1474,3.41,-1.82,0.373,0.0,16.3,72.7
1784036817.356,1474,6.585,-2.716,1.311,0.0,12.1,63.0
1784036817.356,1474,7.36,-3.01,1.101,0.0,19.8,64.4
1784036817.356,1474,8.448,-0.0,1.324,0.0,12.0,64.5
1784036817.356,1474,3.506,-0.442,0.003,0.162,12.5,58.1
1784036817.356,1474,3.495,-0.566,0.762,0.243,13.4,56.5
1784036817.356,1474,3.54,-0.586,1.096,0.243,22.3,61.1
1784036817.458,1475,1.716,-0.704,0.282,0.0,17.1,73.1
1784036817.458,1475,3.409,-1.82,0.375,0.0,16.2,73.0
1784036817.458,1475,6.568,-2.716,1.394,0.0,11.6,63.6
1784036817.458,1475,7.364,-3.01,1.077,0.0,19.2,64.9
1784036817.458,1475,3.44,-0.545,-0.227,0.162,16.7,57.2
1784036817.458,1475,3.53,-0.586,1.129,0.243,21.7,60.6
1784036817.458,1475,0.504,0.648,-0.118,-0.081,14.5,68.1
1784036817.561,1476,1.717,-0.704,0.276,0.0,16.7,73.5
1784036817.561,1476,3.409,-1.82,0.381,0.0,15.8,73.4
1784036817.561,1476,6.552,-2.716,1.464,0.0,12.7,62.8
1784036817.561,1476,7.356,-3.01,1.126,0.0,20.0,64.1
1784036817.561,1476,8.431,-0.0,1.429,0.0,11.6,64.8
1784036817.561,1476,3.506,-0.559,0.44,0.162,21.0,56.3
1784036817.561,1476,3.601,-0.593,1.043,0.243,22.4,58.8
1784036817.664,1477,1.716,-0.704,0.28,0.0,17.1,73.1
1784036817.664,1477,3.41,-1.82,0.372,0.0,16.5,72.7
1784036817.664,1477,6.585,-2.716,1.308,0.0,11.4,63.6
1784036817.664,1477,7.357,-3.01,1.122,0.0,19.1,65.0
1784036817.664,1477,8.461,-0.0,1.241,0.0,11.7,64.1
1784036817.664,1477,3.422,-0.545,0.418,0.162,14.4,57.4
1784036817.664,1477,3.501,-0.559,0.477,0.162,17.2,58.7
1784036817.664,1477,3.585,-0.6,1.238,0.243,13.8,60.0
1784036817.664,1477,0.417,0.663,-0.064,-0.081,17.4,66.5
1784036817.768,1478,1.716,-0.704,0.28,0.0,16.8,73.4
1784036817.768,1478,3.409,-1.82,0.381,0.0,16.3,72.8
1784036817.768,1478,6.559,-2.716,1.435,0.0,11.5,63.7
1784036817.768,1478,7.358,-3.01,1.115,0.0,19.1,65.1
1784036817.768,1478,8.436,-0.0,1.396,0.0,11.5,64.3
1784036817.768,1478,3.427,-0.545,0.377,0.162,15.9,57.4
1784036817.768,1478,0.416,0.663,-0.07,-0.162,35.2,49.8
1784036817.87,1479,1.716,-0.704,0.28,0.0,17.1,73.1
1784036817.87,1479,3.408,-1.82,0.386,0.0,16.8,72.4
1784036817.87,1479,6.569,-2.716,1.389,0.0,11.6,63.6
1784036817.87,1479,7.356,-3.01,1.13,0.0,19.1,65.0
1784036817.87,1479,8.439,-0.0,1.38,0.0,12.3,64.1
1784036817.87,1479,0.463,0.579,0.003,-0.162,28.0,51.2
1784036817.87,1479,0.421,0.663,-0.011,-0.081,15.2,64.4
1784036817.973,1480,1.717,-0.704,0.279,0.0,17.0,73.2
1784036817.973,1480,3.412,-1.82,0.35,0.0,16.1,73.1
1784036817.973,1480,6.566,-2.716,1.403,0.0,12.0,63.3
1784036817.973,1480,7.357,-3.01,1.122,0.0,19.4,64.9
1784036817.973,1480,8.456,-0.0,1.273,0.0,12.6,63.4
1784036818.074,1481,0.601,-0.095,-0.048,0.0,11.3,64.3
1784036818.074,1481,1.717,-0.704,0.279,0.0,17.2,73.0
1784036818.074,1481,3.406,-1.82,0.402,0.0,15.6,73.6
1784036818.074,1481,7.352,-3.01,1.152,0.0,18.6,65.7
1784036818.074,1481,8.413,-0.0,1.53,0.0,12.3,63.3
1784036818.074,1481,0.398,0.626,0.016,-0.162,27.2,50.9
1784036818.176,1482,0.603,-0.095,-0.026,0.0,12.1,63.7
1784036818.176,1482,1.717,-0.704,0.279,0.0,16.9,73.3
1784036818.176,1482,3.465,-1.699,0.433,0.0,16.6,72.6
1784036818.176,1482,7.356,-3.01,1.13,0.0,18.5,65.8
1784036818.176,1482,8.45,-0.0,1.314,0.0,11.8,64.4
1784036818.176,1482,0.514,0.716,0.251,-0.162,12.2,56.9
1784036818.28,1483,0.603,-0.095,-0.015,0.0,12.9,62.9
1784036818.28,1483,1.716,-0.704,0.281,0.0,17.2,73.1
1784036818.28,1483,3.414,-1.82,0.334,0.0,16.2,73.1
1784036818.28,1483,7.347,-3.01,1.187,0.0,18.7,65.6
1784036818.28,1483,8.422,-0.0,1.479,0.0,11.6,64.0
1784036818.28,1483,0.344,0.589,0.149,-0.162,26.7,52.3
1784036818.381,1484,0.601,-0.095,-0.054,0.0,13.7,61.9
1784036818.381,1484,1.717,-0.704,0.279,0.0,17.1,73.1
1784036818.381,1484,3.413,-1.82,0.339,0.0,15.9,73.3
1784036818.381,1484,6.563,-2.716,1.416,0.0,11.3,63.9
1784036818.381,1484,7.344,-3.01,1.2,0.0,19.2,65.2
1784036818.381,1484,8.424,-0.0,1.469,0.0,12.3,63.5
1784036818.381,1484,0.517,0.687,0.316,-0.243,19.1,55.6
1784036818.381,1484,1.915,1.83,0.259,-0.243,14.4,57.4
1784036818.432,1485,0.603,-0.095,-0.027,0.0,14.0,61.7
1784036818.432,1485,1.716,-0.704,0.28,0.0,17.1,73.1
1784036818.432,1485,3.411,-1.82,0.359,0.0,16.3,72.9
1784036818.432,1485,7.34,-3.01,1.228,0.0,18.2,66.1
1784036818.432,1485,8.431,-0.0,1.432,0.0,11.7,64.2
1784036818.432,1485,0.504,0.659,0.39,-0.325,16.8,54.3
1784036818.432,1485,3.1,2.749,0.613,-0.162,13.0,57.8
1784036818.584,1486,0.603,-0.095,0.007,0.0,13.9,61.9
1784036818.584,1486,1.717,-0.704,0.279,0.0,17.0,73.2
1784036818.584,1486,3.409,-1.82,0.375,0.0,16.1,73.1
1784036818.584,1486,7.346,-3.01,1.188,0.0,18.2,66.1
1784036818.584,1486,8.439,-0.0,1.384,0.0,11.6,64.1
1784036818.584,1486,0.466,0.648,0.226,-0.406,17.3,54.1
1784036818.584,1486,1.307,1.636,-0.012,-0.243,21.4,52.6
1784036818.584,1486,2.049,-0.327,-0.286,-0.243,21.4,52.6
1784036818.584,1486,4.013,-1.036,-0.032,-0.243,12.4,57.5
1784036818.584,1486,0.989,0.327,-0.108,-0.162,12.0,52.2
1784036818.584,1486,3.544,-0.679,0.307,-0.162,17.8,56.8
1784036818.687,1487,0.601,-0.095,-0.049,0.0,14.0,61.6
1784036818.687,1487,1.717,-0.704,0.278,0.0,17.0,73.1
1784036818.687,1487,3.409,-1.82,0.377,0.0,16.2,73.0
1784036818.687,1487,6.569,-2.716,1.387,0.0,11.6,63.7
1784036818.687,1487,7.446,-2.76,1.177,0.0,19.1,65.3
1784036818.687,1487,8.444,-0.0,1.352,0.0,12.3,63.6
1784036818.687,1487,1.216,1.702,0.111,-0.243,20.4,53.4
1784036818.687,1487,3.503,-0.792,0.46,-0.162,19.7,56.6
1784036818.737,1488,1.717,-0.704,0.278,0.0,17.2,73.1
1784036818.737,1488,3.409,-1.82,0.375,0.0,16.3,72.9
1784036818.737,1488,7.355,-3.01,1.13,0.0,18.6,65.9
1784036818.737,1488,8.426,-0.0,1.455,0.0,12.7,63.4
1784036818.737,1488,0.385,0.285,0.032,0.325,27.8,56.6
1784036818.737,1488,0.453,0.564,0.305,-0.243,14.5,58.4
1784036818.737,1488,0.808,0.458,0.484,-0.243,13.0,51.4
1784036818.737,1488,3.473,-0.783,0.358,-0.162,22.3,57.4
1784036818.737,1488,3.584,-0.83,0.935,-0.162,15.5,63.3
1784036818.84,1489,1.716,-0.704,0.28,0.0,17.1,73.1
1784036818.84,1489,3.409,-1.82,0.375,0.0,16.5,72.8
1784036818.84,1489,6.529,-2.716,1.566,0.0,11.3,64.1
1784036818.84,1489,7.361,-3.01,1.095,0.0,18.9,65.5
1784036818.84,1489,8.442,-0.0,1.364,0.0,12.3,63.6
1784036818.84,1489,3.354,-0.873,0.414,-0.243,17.7,55.1
1784036818.84,1489,0.323,0.515,0.055,-0.162,24.6,56.8
1784036818.84,1489,0.477,0.51,0.251,-0.162,12.8,58.9
1784036818.84,1489,1.385,1.571,-0.008,-0.162,23.8,57.7
1784036818.84,1489,2.071,-0.262,-0.163,-0.162,23.8,57.7
1784036818.84,1489,1.643,1.865,-0.075,-0.162,14.1,62.0
1784036818.84,1489,3.468,-0.783,0.398,-0.162,19.4,59.1
1784036818.84,1489,3.595,-0.949,0.762,-0.162,12.7,65.4
1784036818.943,1490,1.716,-0.704,0.282,0.0,16.9,73.3
1784036818.943,1490,3.408,-1.82,0.385,0.0,15.4,73.7
1784036818.943,1490,7.453,-2.76,1.13,0.0,18.5,65.9
1784036818.943,1490,8.42,-0.0,1.491,0.0,12.3,63.8
1784036818.943,1490,3.387,-0.883,0.488,-0.243,16.2,53.5
1784036818.943,1490,3.548,-0.938,0.781,-0.162,14.5,61.5
1784036819.047,1491,1.717,-0.704,0.279,0.0,17.1,73.1
1784036819.047,1491,3.408,-1.82,0.385,0.0,15.4,73.7
1784036819.047,1491,7.359,-3.01,1.109,0.0,18.7,65.6
1784036819.047,1491,8.428,-0.0,1.447,0.0,11.6,64.3
1784036819.151,1492,1.716,-0.704,0.28,0.0,17.0,73.2
1784036819.151,1492,3.41,-1.82,0.373,0.0,14.7,74.6
1784036819.151,1492,6.58,-2.716,1.336,0.0,11.3,63.8
1784036819.151,1492,7.357,-3.01,1.123,0.0,19.1,65.3
1784036819.151,1492,8.451,-0.0,1.304,0.0,11.6,64.5
1784036819.253,1493,1.716,-0.704,0.28,0.0,16.9,73.3
1784036819.253,1493,3.408,-1.82,0.391,0.0,15.0,74.0
1784036819.253,1493,7.458,-2.76,1.101,0.0,18.9,65.4
1784036819.253,1493,8.403,-0.0,1.585,0.0,12.0,64.2
1784036819.357,1494,1.716,-0.704,0.281,0.0,17.1,73.1
1784036819.357,1494,3.41,-1.82,0.372,0.0,15.0,74.1
1784036819.357,1494,7.455,-2.76,1.12,0.0,18.9,65.4
1784036819.357,1494,8.432,-0.0,1.422,0.0,11.6,64.5
1784036819.459,1495,1.717,-0.704,0.279,0.0,17.3,72.9
1784036819.459,1495,3.409,-1.82,0.38,0.0,16.1,73.2
1784036819.459,1495,7.448,-2.76,1.164,0.0,19.1,65.5
1784036819.459,1495,8.418,-0.0,1.504,0.0,12.2,63.9
1784036819.459,1495,3.503,-0.938,0.961,0.081,11.4,71.3
1784036819.459,1495,4.942,-1.86,1.177,0.162,11.7,56.4
1784036819.459,1495,3.95,3.55,1.031,0.162,11.7,56.4
1784036819.562,1496,1.716,-0.704,0.28,0.0,17.0,73.1
1784036819.562,1496,3.408,-1.82,0.386,0.0,15.9,73.2
1784036819.562,1496,7.365,-3.01,1.069,0.0,19.0,65.3
1784036819.664,1497,1.717,-0.704,0.276,0.0,17.2,73.0
1784036819.664,1497,3.409,-1.82,0.374,0.0,15.5,73.5
1784036819.664,1497,7.362,-3.01,1.084,0.0,18.3,65.6
1784036819.664,1497,8.427,-0.0,1.453,0.0,11.3,64.6
1784036819.766,1498,1.717,-0.704,0.276,0.0,17.3,72.9
1784036819.766,1498,3.413,-1.82,0.34,0.0,15.4,73.9
1784036819.766,1498,7.365,-3.01,1.069,0.0,18.7,65.3
1784036819.766,1498,8.419,-0.0,1.498,0.0,11.8,64.4
1784036819.87,1499,1.716,-0.704,0.282,0.0,17.2,73.0
1784036819.87,1499,3.472,-1.699,0.371,0.0,15.4,73.9
1784036819.87,1499,7.459,-2.76,1.089,0.0,19.1,65.4
1784036819.87,1499,8.397,-0.0,1.616,0.0,11.7,64.5
1784036819.972,1500,0.597,-0.057,-0.117,0.0,12.0,64.4
1784036819.972,1500,1.717,-0.704,0.277,0.0,17.2,72.9
1784036819.972,1500,3.47,-1.699,0.392,0.0,14.3,74.8
1784036819.972,1500,7.455,-2.76,1.121,0.0,19.0,65.6
1784036819.972,1500,8.419,-0.0,1.497,0.0,11.8,64.4
1784036820.077,1501,1.716,-0.704,0.281,0.0,17.1,73.1
1784036820.077,1501,3.412,-1.82,0.352,0.0,14.7,74.5
1784036820.077,1501,7.46,-2.76,1.086,0.0,19.2,65.6
1784036820.077,1501,8.409,-0.0,1.551,0.0,11.6,64.4
1784036820.181,1502,1.716,-0.704,0.282,0.0,17.0,73.2
1784036820.181,1502,3.412,-1.82,0.35,0.0,15.3,73.8
1784036820.181,1502,7.363,-3.01,1.079,0.0,18.8,66.1
1784036820.181,1502,8.418,-0.0,1.503,0.0,11.9,64.2
1784036820.234,1503,1.717,-0.704,0.274,0.0,17.3,72.9
1784036820.234,1503,3.409,-1.82,0.381,0.0,16.1,73.1
1784036820.234,1503,7.459,-2.76,1.095,0.0,19.3,65.5
1784036820.234,1503,8.425,-0.0,1.463,0.0,11.6,64.5
1784036820.387,1504,0.304,0.479,-0.006,0.0,14.5,64.6
1784036820.387,1504,1.716,-0.704,0.282,0.0,17.0,73.2
1784036820.387,1504,3.413,-1.82,0.345,0.0,15.9,73.3
1784036820.387,1504,7.366,-3.01,1.059,0.0,18.8,65.8
1784036820.387,1504,8.434,-0.0,1.414,0.0,11.8,64.2
1784036820.49,1505,1.716,-0.704,0.28,0.0,16.9,73.3
1784036820.49,1505,3.409,-1.82,0.379,0.0,15.3,73.8
1784036820.49,1505,7.364,-3.01,1.073,0.0,18.4,66.3
1784036820.49,1505,8.422,-0.0,1.481,0.0,12.0,64.2
1784036820.49,1505,3.435,-0.894,0.448,-0.081,11.5,71.4
1784036820.543,1506,0.303,0.409,0.121,0.0,13.4,66.1
1784036820.543,1506,1.716,-0.704,0.281,0.0,17.2,73.0
1784036820.543,1506,3.409,-1.82,0.378,0.0,15.7,73.4
1784036820.543,1506,7.459,-2.76,1.093,0.0,18.5,66.0
1784036820.543,1506,8.421,-0.0,1.485,0.0,11.9,64.4
1784036820.646,1507,1.715,-0.704,0.286,0.0,17.1,73.1
1784036820.646,1507,3.469,-1.699,0.4,0.0,15.1,74.1
1784036820.646,1507,7.456,-2.76,1.11,0.0,19.0,65.4
1784036820.646,1507,8.451,-0.0,1.307,0.0,11.9,64.2
1784036820.751,1508,1.717,-0.704,0.278,0.0,17.1,73.2
1784036820.751,1508,3.409,-1.82,0.376,0.0,15.8,73.3
1784036820.751,1508,6.549,-2.716,1.478,0.0,11.5,63.8
1784036820.751,1508,7.366,-3.01,1.061,0.0,18.9,65.4
1784036820.751,1508,8.438,-0.0,1.387,0.0,11.7,64.3
1784036820.855,1509,1.716,-0.704,0.28,0.0,17.0,73.2
1784036820.855,1509,3.408,-1.82,0.384,0.0,15.5,73.6
1784036820.855,1509,7.368,-3.01,1.046,0.0,18.3,65.8
1784036820.855,1509,8.447,-0.0,1.33,0.0,11.4,64.8
1784036820.957,1510,1.716,-0.704,0.281,0.0,16.8,73.4
1784036820.957,1510,3.408,-1.82,0.391,0.0,16.3,72.9
1784036820.957,1510,7.37,-3.01,1.03,0.0,18.2,65.8
1784036820.957,1510,8.441,-0.0,1.367,0.0,11.9,64.1
1784036821.069,1511,1.716,-0.704,0.282,0.0,16.9,73.3
1784036821.069,1511,3.409,-1.82,0.382,0.0,16.4,72.8
1784036821.069,1511,7.368,-3.01,1.049,0.0,18.3,65.7
1784036821.069,1511,8.443,-0.0,1.354,0.0,11.8,64.3
1784036821.171,1512,1.717,-0.704,0.276,0.0,17.1,73.1
1784036821.171,1512,3.411,-1.82,0.362,0.0,16.2,73.0
1784036821.171,1512,6.572,-2.716,1.374,0.0,11.6,63.5
1784036821.171,1512,7.368,-3.01,1.044,0.0,18.9,65.0
1784036821.171,1512,8.45,-0.0,1.311,0.0,11.9,64.3
1784036821.275,1513,1.716,-0.704,0.286,0.0,17.1,73.1
1784036821.275,1513,3.409,-1.82,0.378,0.0,15.9,73.2
1784036821.275,1513,7.367,-3.01,1.05,0.0,18.4,65.6
1784036821.275,1513,8.441,-0.0,1.367,0.0,11.9,64.3
1784036821.377,1514,1.716,-0.704,0.285,0.0,17.1,73.1
1784036821.377,1514,3.41,-1.82,0.366,0.0,16.9,72.3
1784036821.377,1514,6.559,-2.716,1.434,0.0,11.6,63.7
1784036821.377,1514,7.367,-3.01,1.054,0.0,18.9,65.1
1784036821.377,1514,8.419,-0.0,1.498,0.0,12.2,64.0
1784036821.479,1515,1.715,-0.704,0.286,0.0,17.1,73.1
1784036821.479,1515,3.409,-1.82,0.382,0.0,16.1,73.0
1784036821.479,1515,6.56,-2.716,1.43,0.0,11.4,63.8
1784036821.479,1515,7.366,-3.01,1.058,0.0,18.7,65.3
1784036821.479,1515,8.417,-0.0,1.509,0.0,11.7,64.3
1784036821.585,1516,1.715,-0.704,0.286,0.0,17.0,73.2
1784036821.585,1516,3.412,-1.82,0.351,0.0,15.8,73.3
1784036821.585,1516,6.552,-2.716,1.466,0.0,11.7,63.4
1784036821.585,1516,7.458,-2.76,1.1,0.0,19.3,64.9
1784036821.585,1516,8.433,-0.0,1.418,0.0,11.8,64.3
1784036821.643,1517,1.716,-0.704,0.282,0.0,16.9,73.3
1784036821.643,1517,3.408,-1.82,0.384,0.0,15.9,73.4
1784036821.643,1517,6.566,-2.716,1.401,0.0,11.3,63.8
1784036821.643,1517,7.456,-2.76,1.11,0.0,19.0,65.2
1784036821.643,1517,8.446,-0.0,1.335,0.0,12.0,64.1
1784036821.643,1517,4.394,-1.337,1.233,-0.081,13.4,60.8
1784036821.746,1518,1.717,-0.704,0.275,0.0,16.8,73.4
1784036821.746,1518,3.409,-1.82,0.381,0.0,16.0,73.1
1784036821.746,1518,7.366,-3.01,1.063,0.0,18.3,65.9
1784036821.746,1518,8.44,-0.0,1.376,0.0,11.7,64.3
1784036821.847,1519,1.717,-0.704,0.277,0.0,16.9,73.2
1784036821.847,1519,3.411,-1.82,0.362,0.0,15.4,73.7
1784036821.847,1519,7.371,-3.01,1.026,0.0,18.5,65.6
1784036821.847,1519,8.417,-0.0,1.508,0.0,11.7,64.4
1784036821.95,1520,1.716,-0.704,0.284,0.0,16.8,73.4
1784036821.95,1520,3.472,-1.699,0.372,0.0,15.4,73.7
1784036821.95,1520,6.556,-2.716,1.447,0.0,11.9,63.1
1784036821.95,1520,7.369,-3.01,1.041,0.0,19.2,64.8
1784036821.95,1520,8.411,-0.0,1.545,0.0,11.8,64.3
1784036822.052,1521,1.716,-0.704,0.283,0.0,16.9,73.3
1784036822.052,1521,3.41,-1.82,0.371,0.0,15.5,73.7
1784036822.052,1521,6.462,-2.942,1.429,0.0,11.3,63.9
1784036822.052,1521,7.367,-3.01,1.053,0.0,18.8,65.3
1784036822.052,1521,8.43,-0.0,1.436,0.0,12.1,64.0
1784036822.153,1522,1.717,-0.704,0.275,0.0,16.8,73.4
1784036822.153,1522,3.409,-1.82,0.381,0.0,15.9,73.3
1784036822.153,1522,7.364,-3.01,1.075,0.0,18.0,66.1
1784036822.153,1522,8.431,-0.0,1.431,0.0,11.4,64.6
1784036822.256,1523,1.717,-0.704,0.278,0.0,17.0,73.2
1784036822.256,1523,3.408,-1.82,0.391,0.0,15.6,73.5
1784036822.256,1523,7.362,-3.01,1.086,0.0,18.6,65.6
1784036822.363,1524,1.716,-0.704,0.285,0.0,16.9,73.3
1784036822.363,1524,3.41,-1.82,0.372,0.0,15.6,73.6
1784036822.363,1524,7.363,-3.01,1.078,0.0,18.9,65.3
1784036822.467,1525,1.716,-0.704,0.285,0.0,16.9,73.3
1784036822.467,1525,3.41,-1.82,0.367,0.0,15.4,73.8
1784036822.467,1525,6.555,-2.716,1.45,0.0,11.6,63.7
1784036822.467,1525,7.364,-3.01,1.071,0.0,19.1,65.2
1784036822.467,1525,8.421,-0.0,1.489,0.0,11.4,64.5
1784036822.569,1526,1.717,-0.704,0.278,0.0,17.1,73.1
1784036822.569,1526,3.408,-1.82,0.391,0.0,15.9,73.2
1784036822.569,1526,7.452,-2.76,1.136,0.0,18.8,65.4
1784036822.569,1526,8.425,-0.0,1.465,0.0,11.2,64.8
1784036822.671,1527,1.717,-0.704,0.277,0.0,17.0,73.2
1784036822.671,1527,3.469,-1.699,0.397,0.0,16.0,73.2
1784036822.671,1527,6.569,-2.716,1.387,0.0,11.3,63.7
1784036822.671,1527,7.454,-2.76,1.128,0.0,19.2,65.1
1784036822.671,1527,8.413,-0.0,1.53,0.0,11.4,64.7
1784036822.779,1528,1.717,-0.704,0.278,0.0,17.0,73.2
1784036822.779,1528,3.407,-1.82,0.398,0.0,15.9,73.3
1784036822.779,1528,6.53,-2.716,1.562,0.0,11.5,63.6
1784036822.779,1528,7.456,-2.76,1.11,0.0,19.4,64.9
1784036822.779,1528,8.427,-0.0,1.453,0.0,11.5,64.5
1784036822.879,1529,1.717,-0.704,0.277,0.0,17.2,73.1
1784036822.879,1529,3.411,-1.82,0.36,0.0,15.9,73.3
1784036822.879,1529,7.462,-2.76,1.07,0.0,19.3,65.3
1784036822.879,1529,8.425,-0.0,1.461,0.0,12.0,64.0
1784036822.934,1530,1.717,-0.704,0.274,0.0,17.1,73.1
1784036822.934,1530,3.413,-1.82,0.341,0.0,15.8,73.4
1784036822.934,1530,6.547,-2.716,1.487,0.0,11.4,63.5
1784036822.934,1530,7.461,-2.76,1.079,0.0,19.7,64.9
1784036822.934,1530,8.413,-0.0,1.53,0.0,12.0,64.0
1784036823.036,1531,1.717,-0.704,0.274,0.0,17.0,73.2
1784036823.036,1531,3.412,-1.82,0.353,0.0,15.4,73.7
1784036823.036,1531,6.554,-2.716,1.457,0.0,11.7,63.4
1784036823.036,1531,7.46,-2.76,1.085,0.0,19.6,64.9
1784036823.036,1531,8.431,-0.0,1.429,0.0,12.2,63.8
1784036823.036,1531,4.312,-1.276,0.603,0.243,19.0,50.2
1784036823.187,1532,1.717,-0.704,0.279,0.0,17.0,73.2
1784036823.187,1532,3.411,-1.82,0.361,0.0,15.7,73.5
1784036823.187,1532,6.565,-2.716,1.408,0.0,12.0,63.0
1784036823.187,1532,7.456,-2.76,1.114,0.0,19.7,64.6
1784036823.187,1532,8.406,-0.0,1.567,0.0,11.8,64.1
1784036823.245,1533,1.716,-0.704,0.28,0.0,16.9,73.3
1784036823.245,1533,3.408,-1.82,0.385,0.0,16.1,73.0
1784036823.245,1533,6.56,-2.716,1.431,0.0,11.4,63.3
1784036823.245,1533,7.455,-2.76,1.116,0.0,19.4,64.9
1784036823.245,1533,8.408,-0.0,1.557,0.0,11.6,64.3
1784036823.349,1534,1.716,-0.704,0.283,0.0,16.9,73.3
1784036823.349,1534,3.407,-1.82,0.395,0.0,16.3,72.8
1784036823.349,1534,6.545,-2.716,1.497,0.0,12.0,63.1
1784036823.349,1534,7.461,-2.76,1.081,0.0,19.7,64.6
1784036823.349,1534,8.403,-0.0,1.586,0.0,11.7,64.4
1784036823.451,1535,1.716,-0.704,0.285,0.0,16.9,73.3
1784036823.451,1535,3.408,-1.82,0.386,0.0,15.6,73.6
1784036823.451,1535,6.562,-2.716,1.421,0.0,11.4,63.8
1784036823.451,1535,7.461,-2.76,1.075,0.0,19.1,65.2
1784036823.451,1535,8.405,-0.0,1.576,0.0,11.8,64.3
1784036823.554,1536,1.717,-0.704,0.274,0.0,16.8,73.4
1784036823.554,1536,3.408,-1.82,0.389,0.0,15.3,73.8
1784036823.554,1536,6.576,-2.716,1.356,0.0,11.4,63.9
1784036823.554,1536,7.46,-2.76,1.087,0.0,18.8,65.3
1784036823.554,1536,8.42,-0.0,1.494,0.0,11.9,64.3
1784036823.657,1537,1.716,-0.704,0.281,0.0,16.7,73.4
1784036823.657,1537,3.41,-1.82,0.373,0.0,15.7,73.4
1784036823.657,1537,7.364,-3.01,1.072,0.0,18.5,65.8
1784036823.657,1537,8.398,-0.0,1.612,0.0,11.7,64.5
1784036823.657,1537,3.26,-0.969,0.558,-0.162,17.2,55.5
1784036823.758,1538,1.717,-0.704,0.279,0.0,16.8,73.4
1784036823.758,1538,3.472,-1.699,0.369,0.0,15.9,73.4
1784036823.758,1538,7.454,-2.76,1.122,0.0,18.8,65.8
1784036823.758,1538,8.421,-0.0,1.487,0.0,12.0,64.3
1784036823.758,1538,0.334,0.393,-0.092,0.081,14.4,65.7
1784036823.758,1538,4.018,3.55,0.718,-0.162,13.6,52.7
1784036823.86,1539,0.602,-0.095,-0.039,0.0,11.5,63.7
1784036823.86,1539,1.717,-0.704,0.279,0.0,16.9,73.3
1784036823.86,1539,3.411,-1.82,0.357,0.0,16.3,72.9
1784036823.86,1539,6.542,-2.716,1.508,0.0,11.5,63.3
1784036823.86,1539,7.45,-2.76,1.149,0.0,19.7,64.8
1784036823.86,1539,8.44,-0.0,1.375,0.0,12.3,63.8
1784036823.963,1540,0.598,-0.076,-0.097,0.0,13.8,62.5
1784036823.963,1540,1.717,-0.704,0.28,0.0,17.4,72.8
1784036823.963,1540,3.409,-1.82,0.382,0.0,16.1,73.1
1784036823.963,1540,7.454,-2.76,1.128,0.0,19.4,65.1
1784036823.963,1540,8.413,-0.0,1.53,0.0,12.6,63.4
1784036823.963,1540,3.447,-0.894,0.343,0.162,20.0,58.3
1784036823.963,1540,0.287,0.479,0.103,0.243,25.5,53.4
1784036824.066,1541,1.717,-0.704,0.276,0.0,16.8,73.3
1784036824.066,1541,3.47,-1.699,0.391,0.0,16.2,73.0
1784036824.066,1541,6.581,-2.716,1.327,0.0,11.4,63.8
1784036824.066,1541,7.36,-3.01,1.102,0.0,19.1,65.3
1784036824.066,1541,8.423,-0.0,1.475,0.0,12.0,64.2
1784036824.066,1541,3.545,-0.938,0.794,0.162,14.6,62.9
1784036824.066,1541,5.319,-1.595,1.156,0.162,12.9,55.1
1784036824.066,1541,1.477,1.537,0.167,0.243,18.2,54.7
1784036824.066,1541,2.005,-0.601,-0.434,0.243,18.2,54.7
1784036824.066,1541,0.519,0.54,0.235,0.325,16.7,51.2
1784036824.066,1541,1.853,-0.654,0.723,0.325,22.9,50.6
1784036824.066,1541,1.412,1.505,0.354,0.325,22.9,50.6
1784036824.168,1542,0.602,-0.095,-0.031,0.0,14.0,61.7
1784036824.168,1542,1.716,-0.704,0.281,0.0,17.1,73.1
1784036824.168,1542,3.469,-1.699,0.394,0.0,16.4,72.8
1784036824.168,1542,7.452,-2.76,1.137,0.0,18.7,65.6
1784036824.168,1542,8.451,-0.0,1.304,0.0,12.2,63.9
1784036824.168,1542,1.557,1.977,0.266,0.162,14.5,58.8
1784036824.168,1542,3.305,2.487,0.658,0.162,14.7,58.4
1784036824.168,1542,2.206,-0.525,-0.784,0.243,12.5,59.6
1784036824.168,1542,3.509,-0.821,1.044,0.243,14.0,60.9
1784036824.269,1543,0.603,-0.095,-0.021,0.0,12.9,62.8
1784036824.269,1543,1.717,-0.704,0.278,0.0,17.1,73.1
1784036824.269,1543,3.41,-1.82,0.368,0.0,16.3,72.9
1784036824.269,1543,6.562,-2.716,1.418,0.0,11.4,63.9
1784036824.269,1543,7.354,-3.01,1.141,0.0,19.1,65.2
1784036824.269,1543,8.418,-0.0,1.501,0.0,12.9,62.9
1784036824.269,1543,3.583,-0.83,0.937,0.243,17.9,59.8
1784036824.372,1544,0.603,-0.095,-0.022,0.0,12.7,63.1
1784036824.372,1544,1.717,-0.704,0.279,0.0,17.1,73.1
1784036824.372,1544,3.409,-1.82,0.379,0.0,15.7,73.5
1784036824.372,1544,6.572,-2.716,1.374,0.0,11.8,63.9
1784036824.372,1544,7.355,-3.01,1.133,0.0,18.8,65.3
1784036824.372,1544,8.414,-0.0,1.528,0.0,12.6,63.5
1784036824.372,1544,3.577,-0.687,0.403,0.406,19.7,56.7
1784036824.372,1544,0.38,0.532,-0.028,0.568,31.3,44.3
1784036824.476,1545,0.603,-0.095,-0.018,0.0,13.6,62.1
1784036824.476,1545,1.716,-0.704,0.281,0.0,17.1,73.1
1784036824.476,1545,3.468,-1.699,0.402,0.0,16.1,73.0
1784036824.476,1545,6.549,-2.716,1.48,0.0,11.7,63.5
1784036824.476,1545,7.347,-3.01,1.182,0.0,19.4,64.9
1784036824.476,1545,8.43,-0.0,1.437,0.0,12.3,63.6
1784036824.476,1545,3.625,-0.579,0.525,0.325,17.2,58.1
1784036824.476,1545,3.673,-0.586,0.497,0.487,19.0,54.3
1784036824.577,1546,0.603,-0.095,-0.015,0.0,13.8,62.0
1784036824.577,1546,1.716,-0.704,0.28,0.0,17.2,73.0
1784036824.577,1546,3.41,-1.82,0.365,0.0,15.6,73.6
1784036824.577,1546,7.442,-2.76,1.2,0.0,19.0,65.4
1784036824.577,1546,8.418,-0.0,1.506,0.0,12.8,62.8
1784036824.577,1546,3.677,-0.586,0.464,0.162,19.8,58.2
1784036824.577,1546,3.653,-0.849,1.005,0.243,19.1,58.5
1784036824.681,1547,0.603,-0.095,-0.018,0.0,13.4,62.4
1784036824.681,1547,1.717,-0.704,0.279,0.0,17.2,73.1
1784036824.681,1547,3.41,-1.82,0.369,0.0,15.4,73.8
1784036824.681,1547,6.535,-2.716,1.541,0.0,12.1,63.3
1784036824.681,1547,7.347,-3.01,1.182,0.0,19.6,64.6
1784036824.681,1547,8.411,-0.0,1.542,0.0,11.9,63.7
1784036824.681,1547,1.58,1.832,0.34,0.162,12.5,61.1
1784036824.681,1547,3.642,-0.704,0.568,0.162,16.3,59.4
1784036824.681,1547,3.525,0.221,-0.131,0.243,11.5,55.3
1784036824.681,1547,3.715,-0.859,0.938,0.243,16.0,59.7
1784036824.736,1548,0.603,-0.095,-0.027,0.0,13.2,62.6
1784036824.736,1548,1.716,-0.704,0.28,0.0,17.5,72.7
1784036824.736,1548,3.413,-1.82,0.342,0.0,15.5,73.7
1784036824.736,1548,7.346,-3.01,1.192,0.0,18.2,65.9
1784036824.736,1548,8.395,-0.0,1.629,0.0,12.0,63.7
1784036824.736,1548,3.827,-0.868,0.604,0.243,20.6,57.4
1784036824.736,1548,0.536,0.852,0.42,-0.325,16.3,51.8
1784036824.736,1548,1.391,1.807,0.386,-0.243,19.1,53.6
1784036824.889,1549,1.716,-0.704,0.283,0.0,16.9,73.3
1784036824.889,1549,3.472,-1.699,0.372,0.0,15.8,73.3
1784036824.889,1549,6.551,-2.716,1.471,0.0,11.8,63.7
1784036824.889,1549,7.342,-3.01,1.215,0.0,19.2,65.1
1784036824.889,1549,8.421,-0.0,1.487,0.0,11.6,64.3
1784036824.992,1550,0.603,-0.095,-0.017,0.0,12.6,63.2
1784036824.992,1550,1.716,-0.704,0.282,0.0,17.0,73.2
1784036824.992,1550,3.41,-1.82,0.368,0.0,15.5,73.7
1784036824.992,1550,6.562,-2.716,1.419,0.0,11.8,63.6
1784036824.992,1550,7.342,-3.01,1.215,0.0,19.3,64.8
1784036824.992,1550,8.419,-0.0,1.498,0.0,11.9,64.3
1784036825.043,1551,1.716,-0.704,0.28,0.0,17.0,73.1
1784036825.043,1551,3.41,-1.82,0.373,0.0,16.0,73.3
1784036825.043,1551,6.555,-2.716,1.453,0.0,11.5,63.9
1784036825.043,1551,7.349,-3.01,1.172,0.0,19.0,65.2
1784036825.043,1551,8.413,-0.0,1.532,0.0,13.1,63.0
1784036825.043,1551,3.158,-1.565,0.613,0.568,29.8,50.5
1784036825.145,1552,1.716,-0.704,0.281,0.0,17.0,73.2
1784036825.145,1552,3.409,-1.82,0.377,0.0,15.6,73.6
1784036825.145,1552,7.358,-3.01,1.111,0.0,18.6,65.5
1784036825.145,1552,8.42,-0.0,1.495,0.0,11.3,64.8
1784036825.145,1552,0.703,0.851,0.261,-0.243,20.7,52.1
1784036825.145,1552,5.568,-1.632,-0.012,-0.243,12.4,53.1
1784036825.145,1552,3.684,-0.586,0.407,-0.162,14.2,57.2
1784036825.248,1553,1.717,-0.704,0.279,0.0,17.2,73.0
1784036825.248,1553,3.409,-1.82,0.377,0.0,15.8,73.4
1784036825.248,1553,6.551,-2.716,1.471,0.0,11.4,63.9
1784036825.248,1553,7.351,-3.01,1.161,0.0,19.1,65.1
1784036825.248,1553,8.438,-0.0,1.386,0.0,12.0,63.9
1784036825.248,1553,3.664,-0.586,0.559,-0.325,28.2,53.5
1784036825.248,1553,0.488,0.773,0.063,-0.243,24.3,47.6
1784036825.248,1553,0.714,0.75,0.344,-0.243,16.2,53.8
1784036825.248,1553,5.411,-1.451,1.511,-0.243,12.5,53.1
1784036825.248,1553,0.661,0.883,0.412,-0.162,15.7,55.3
1784036825.354,1554,1.716,-0.704,0.281,0.0,16.9,73.2
1784036825.354,1554,3.41,-1.82,0.37,0.0,15.7,73.5
1784036825.354,1554,6.54,-2.716,1.52,0.0,11.6,63.6
1784036825.354,1554,7.354,-3.01,1.137,0.0,19.3,64.8
1784036825.354,1554,8.397,-0.0,1.615,0.0,11.9,63.8
1784036825.354,1554,0.619,0.878,0.582,0.162,14.7,51.2
1784036825.354,1554,3.633,-0.586,0.731,-0.325,25.2,54.0
1784036825.354,1554,0.436,0.674,0.208,-0.162,23.6,50.7
1784036825.456,1555,1.717,-0.704,0.279,0.0,16.8,73.4
1784036825.456,1555,3.411,-1.82,0.363,0.0,15.5,73.6
1784036825.456,1555,7.351,-3.01,1.157,0.0,18.9,65.2
1784036825.456,1555,8.409,-0.0,1.554,0.0,12.2,63.6
1784036825.456,1555,0.717,0.878,0.455,0.325,21.5,48.7
1784036825.456,1555,3.564,-0.566,0.298,-0.325,15.5,53.9
1784036825.456,1555,3.555,-0.579,0.884,-0.243,13.1,59.9
1784036825.456,1555,5.486,-1.632,0.956,-0.243,12.3,56.0
1784036825.558,1556,1.716,-0.704,0.28,0.0,17.2,73.0
1784036825.558,1556,3.41,-1.82,0.366,0.0,16.1,73.3
1784036825.558,1556,6.562,-2.716,1.419,0.0,11.9,63.3
1784036825.558,1556,7.355,-3.01,1.136,0.0,19.6,64.5
1784036825.558,1556,8.374,-0.0,1.734,0.0,12.6,63.8
1784036825.558,1556,3.552,-0.464,0.959,-0.243,15.1,61.0
1784036825.558,1556,5.476,-1.44,1.054,-0.243,15.0,54.3
1784036825.558,1556,3.571,-0.566,0.208,-0.162,14.2,62.8
1784036825.663,1557,1.716,-0.704,0.28,0.0,17.3,72.9
1784036825.663,1557,3.471,-1.699,0.381,0.0,15.5,73.5
1784036825.663,1557,7.356,-3.01,1.13,0.0,18.3,65.9
1784036825.663,1557,8.384,-0.0,1.684,0.0,12.1,63.7
1784036825.663,1557,3.563,-0.573,0.638,-0.243,24.1,59.2
1784036825.764,1558,1.717,-0.704,0.277,0.0,17.1,73.1
1784036825.764,1558,3.409,-1.82,0.376,0.0,15.8,73.3
1784036825.764,1558,7.356,-3.01,1.127,0.0,18.3,65.6
1784036825.764,1558,8.374,-0.0,1.731,0.0,12.3,63.7
1784036825.764,1558,4.595,-1.513,0.226,0.325,16.7,52.4
1784036825.764,1558,3.559,-0.458,0.745,-0.162,21.0,61.9
1784036825.764,1558,5.401,-1.583,-0.021,-0.162,12.0,55.5
1784036825.868,1559,1.716,-0.704,0.28,0.0,17.3,72.9
1784036825.868,1559,3.41,-1.82,0.37,0.0,16.0,73.4
1784036825.868,1559,7.356,-3.01,1.13,0.0,18.3,65.9
1784036825.868,1559,8.382,-0.0,1.694,0.0,11.9,63.8
1784036825.868,1559,3.542,-0.453,0.603,-0.162,17.6,62.2
1784036825.97,1560,1.716,-0.704,0.286,0.0,17.2,72.9
1784036825.97,1560,3.41,-1.82,0.368,0.0,16.6,72.4
1784036825.97,1560,7.351,-3.01,1.161,0.0,18.8,65.2
1784036825.97,1560,8.406,-0.0,1.57,0.0,12.0,64.4
1784036826.075,1561,1.717,-0.704,0.275,0.0,17.1,73.1
1784036826.075,1561,3.412,-1.82,0.349,0.0,16.1,73.1
1784036826.075,1561,7.351,-3.01,1.157,0.0,18.2,65.8
1784036826.075,1561,8.422,-0.0,1.483,0.0,11.5,65.1
1784036826.075,1561,0.453,0.773,0.19,0.162,22.2,49.8
1784036826.075,1561,3.441,3.569,1.541,0.162,14.7,51.4
1784036826.075,1561,4.847,-1.622,0.91,0.162,14.7,51.4
1784036826.177,1562,1.717,-0.704,0.277,0.0,17.0,73.2
1784036826.177,1562,3.413,-1.82,0.336,0.0,16.4,73.0
1784036826.177,1562,7.355,-3.01,1.137,0.0,18.2,65.7
1784036826.177,1562,8.411,-0.0,1.544,0.0,11.8,64.6
1784036826.177,1562,3.038,-0.908,0.606,0.243,21.6,50.0
1784036826.279,1563,1.717,-0.704,0.278,0.0,17.1,73.1
1784036826.279,1563,3.472,-1.699,0.366,0.0,16.5,72.7
1784036826.279,1563,6.557,-2.716,1.445,0.0,11.3,63.9
1784036826.279,1563,7.357,-3.01,1.121,0.0,18.7,65.4
1784036826.279,1563,2.99,-0.807,0.911,0.243,18.5,52.3
1784036826.279,1563,3.619,3.599,1.166,0.243,14.3,51.2
1784036826.279,1563,4.891,-1.636,0.902,0.243,14.3,51.2
1784036826.279,1563,0.533,0.744,0.034,-0.081,12.7,68.3
1784036826.381,1564,1.717,-0.704,0.278,0.0,17.0,73.2
1784036826.381,1564,3.411,-1.82,0.358,0.0,15.8,73.4
1784036826.381,1564,7.364,-3.01,1.073,0.0,18.5,65.7
1784036826.381,1564,8.441,-0.0,1.366,0.0,11.8,64.8
1784036826.482,1565,1.717,-0.704,0.278,0.0,17.1,73.1
1784036826.482,1565,3.407,-1.82,0.394,0.0,16.2,73.1
1784036826.482,1565,6.554,-2.716,1.458,0.0,11.6,63.3
1784036826.482,1565,7.355,-3.01,1.136,0.0,19.5,64.8
1784036826.482,1565,8.428,-0.0,1.446,0.0,11.7,65.0
1784036826.532,1566,1.717,-0.704,0.276,0.0,17.3,72.9
1784036826.532,1566,3.471,-1.699,0.382,0.0,15.4,73.5
1784036826.532,1566,7.352,-3.01,1.154,0.0,18.7,65.6
1784036826.532,1566,8.416,-0.0,1.513,0.0,11.9,64.7
1784036826.532,1566,0.61,0.954,0.458,-0.568,16.9,49.6
1784036826.685,1567,1.716,-0.704,0.283,0.0,17.1,73.1
1784036826.685,1567,3.41,-1.82,0.367,0.0,15.5,73.9
1784036826.685,1567,6.564,-2.716,1.409,0.0,12.0,63.5
1784036826.685,1567,7.357,-3.01,1.121,0.0,19.4,64.8
1784036826.685,1567,8.417,-0.0,1.51,0.0,11.6,64.6
1784036826.685,1567,3.41,-0.108,0.489,-0.487,21.8,50.4
1784036826.786,1568,1.716,-0.704,0.284,0.0,17.4,72.8
1784036826.786,1568,3.41,-1.82,0.367,0.0,15.3,73.9
1784036826.786,1568,7.353,-3.01,1.143,0.0,18.7,65.5
1784036826.786,1568,8.436,-0.0,1.397,0.0,11.6,64.6
1784036826.786,1568,3.413,0.109,0.722,-0.649,17.2,49.3
1784036826.786,1568,0.738,0.75,0.288,-0.162,12.3,54.5
1784036826.837,1569,1.716,-0.704,0.281,0.0,17.4,72.8
1784036826.837,1569,3.407,-1.82,0.398,0.0,15.5,73.7
1784036826.837,1569,7.352,-3.01,1.153,0.0,18.3,66.0
1784036826.941,1570,1.717,-0.704,0.278,0.0,17.1,73.1
1784036826.941,1570,3.41,-1.82,0.367,0.0,15.8,73.4
1784036826.941,1570,6.564,-2.716,1.409,0.0,11.6,63.5
1784036826.941,1570,7.356,-3.01,1.126,0.0,19.4,64.8
1784036826.941,1570,8.397,-0.0,1.619,0.0,11.5,64.4
1784036827.093,1571,1.716,-0.704,0.281,0.0,17.2,73.0
1784036827.093,1571,3.413,-1.82,0.342,0.0,14.8,74.3
1784036827.093,1571,6.459,-2.942,1.441,0.0,11.9,63.3
1784036827.093,1571,7.361,-3.01,1.097,0.0,19.2,64.7
1784036827.143,1572,1.692,-0.762,0.274,0.0,17.2,73.0
1784036827.143,1572,3.408,-1.82,0.389,0.0,15.2,73.9
1784036827.143,1572,6.547,-2.716,1.489,0.0,11.6,63.6
1784036827.143,1572,7.356,-3.01,1.128,0.0,19.1,65.0
1784036827.143,1572,8.413,-0.0,1.53,0.0,11.4,64.3
1784036827.143,1572,3.502,-0.792,0.47,0.243,21.8,52.0
1784036827.246,1573,1.717,-0.704,0.277,0.0,17.4,72.8
1784036827.246,1573,3.407,-1.82,0.4,0.0,15.8,73.3
1784036827.246,1573,6.568,-2.716,1.392,0.0,11.4,64.0
1784036827.246,1573,7.351,-3.01,1.161,0.0,18.8,65.4
1784036827.246,1573,8.389,-0.0,1.659,0.0,12.0,63.8
1784036827.347,1574,1.716,-0.704,0.28,0.0,17.0,73.2
1784036827.347,1574,3.409,-1.82,0.381,0.0,16.0,73.2
1784036827.347,1574,7.357,-3.01,1.122,0.0,18.9,65.3
1784036827.347,1574,8.436,-0.0,1.397,0.0,12.3,64.1
1784036827.347,1574,0.595,0.573,0.282,-0.243,25.6,47.7
1784036827.448,1575,1.717,-0.704,0.279,0.0,17.0,73.2
1784036827.448,1575,3.409,-1.82,0.379,0.0,15.6,73.6
1784036827.448,1575,7.356,-3.01,1.127,0.0,18.7,65.4
1784036827.448,1575,8.438,-0.0,1.387,0.0,13.2,63.6
1784036827.548,1576,1.717,-0.704,0.279,0.0,17.1,73.1
1784036827.548,1576,3.41,-1.82,0.373,0.0,15.3,73.8
1784036827.548,1576,6.524,-2.716,1.587,0.0,11.5,63.7
1784036827.548,1576,7.359,-3.01,1.109,0.0,19.0,65.1
1784036827.548,1576,8.445,-0.0,1.347,0.0,12.8,63.8
1784036827.65,1577,1.717,-0.704,0.278,0.0,17.2,73.0
1784036827.65,1577,3.41,-1.82,0.369,0.0,15.4,73.7
1784036827.65,1577,6.525,-2.716,1.583,0.0,11.4,63.8
1784036827.65,1577,7.362,-3.01,1.085,0.0,19.0,65.1
1784036827.65,1577,8.437,-0.0,1.393,0.0,12.9,63.6
1784036827.65,1577,4.426,-1.301,0.324,-0.162,16.3,53.3
1784036827.753,1578,1.717,-0.704,0.276,0.0,17.1,73.1
1784036827.753,1578,3.41,-1.82,0.365,0.0,15.6,73.6
1784036827.753,1578,7.357,-3.01,1.119,0.0,18.7,65.6
1784036827.753,1578,8.435,-0.0,1.404,0.0,12.8,63.7
1784036827.854,1579,1.717,-0.704,0.277,0.0,16.9,73.3
1784036827.854,1579,3.47,-1.699,0.389,0.0,16.1,73.0
1784036827.854,1579,7.353,-3.01,1.145,0.0,18.9,65.3
1784036827.854,1579,8.411,-0.0,1.54,0.0,12.7,63.9
1784036827.854,1579,4.421,-1.301,0.385,-0.162,14.8,52.7
1784036827.956,1580,1.716,-0.704,0.28,0.0,16.9,73.3
1784036827.956,1580,3.411,-1.82,0.361,0.0,16.6,72.7
1784036827.956,1580,6.54,-2.716,1.517,0.0,11.7,63.7
1784036827.956,1580,7.358,-3.01,1.116,0.0,19.1,65.1
1784036827.956,1580,8.43,-0.0,1.436,0.0,12.1,64.5
1784036828.059,1581,1.717,-0.704,0.277,0.0,16.8,73.3
1784036828.059,1581,3.468,-1.699,0.408,0.0,16.2,72.8
1784036828.059,1581,6.539,-2.716,1.521,0.0,11.9,63.3
1784036828.059,1581,7.354,-3.01,1.143,0.0,19.5,64.7
1784036828.059,1581,8.412,-0.0,1.537,0.0,11.8,64.9
1784036828.161,1582,1.717,-0.704,0.276,0.0,16.9,73.3
1784036828.161,1582,3.409,-1.82,0.375,0.0,15.9,73.3
1784036828.161,1582,6.558,-2.716,1.439,0.0,12.1,63.1
1784036828.161,1582,7.354,-3.01,1.138,0.0,19.6,64.5
1784036828.161,1582,8.433,-0.0,1.415,0.0,12.5,64.3
1784036828.261,1583,1.717,-0.704,0.277,0.0,17.0,73.2
1784036828.261,1583,3.41,-1.82,0.371,0.0,15.7,73.5
1784036828.261,1583,6.55,-2.716,1.475,0.0,11.6,63.5
1784036828.261,1583,7.357,-3.01,1.118,0.0,19.4,64.8
1784036828.261,1583,8.442,-0.0,1.361,0.0,12.3,64.2
1784036828.362,1584,1.693,-0.762,0.27,0.0,16.7,73.5
1784036828.362,1584,3.41,-1.82,0.365,0.0,16.0,73.1
1784036828.362,1584,6.574,-2.716,1.362,0.0,11.7,63.6
1784036828.362,1584,7.361,-3.01,1.093,0.0,19.1,65.1
1784036828.362,1584,8.413,-0.0,1.529,0.0,11.9,64.4
1784036828.362,1584,4.419,-1.459,0.364,0.162,14.7,53.6
1784036828.466,1585,1.717,-0.704,0.277,0.0,16.8,73.4
1784036828.466,1585,3.411,-1.82,0.359,0.0,15.4,73.8
1784036828.466,1585,6.566,-2.716,1.4,0.0,11.5,63.5
1784036828.466,1585,7.358,-3.01,1.114,0.0,19.1,64.9
1784036828.466,1585,4.529,-1.337,0.557,0.162,15.0,53.7
1784036828.569,1586,1.716,-0.704,0.28,0.0,16.9,73.3
1784036828.569,1586,3.41,-1.82,0.367,0.0,16.0,73.1
1784036828.569,1586,6.563,-2.716,1.413,0.0,12.0,63.2
1784036828.569,1586,7.356,-3.01,1.126,0.0,19.1,64.8
1784036828.569,1586,4.583,-1.527,0.735,0.243,16.3,53.1
1784036828.671,1587,1.716,-0.704,0.281,0.0,16.8,73.4
1784036828.671,1587,3.409,-1.82,0.38,0.0,15.9,73.3
1784036828.671,1587,7.355,-3.01,1.136,0.0,18.7,65.3
1784036828.671,1587,4.443,-1.472,0.545,0.243,13.5,52.1
1784036828.773,1588,1.693,-0.762,0.27,0.0,17.1,73.1
1784036828.773,1588,3.406,-1.82,0.404,0.0,15.0,74.2
1784036828.773,1588,6.543,-2.716,1.503,0.0,11.3,64.0
1784036828.773,1588,7.457,-2.76,1.107,0.0,18.5,65.6
1784036828.773,1588,4.383,-1.459,0.675,0.243,16.1,51.7
1784036828.875,1589,1.716,-0.704,0.28,0.0,17.0,73.2
1784036828.875,1589,3.47,-1.699,0.392,0.0,16.0,73.2
1784036828.875,1589,6.539,-2.716,1.521,0.0,11.3,64.2
1784036828.875,1589,7.36,-3.01,1.1,0.0,18.4,65.7
1784036828.875,1589,4.405,-1.301,0.542,0.162,19.2,52.5
1784036828.875,1589,4.607,-1.527,0.565,0.162,15.9,54.3
1784036828.976,1590,1.716,-0.704,0.282,0.0,17.2,73.0
1784036828.976,1590,3.468,-1.699,0.403,0.0,15.9,73.3
1784036828.976,1590,7.36,-3.01,1.103,0.0,18.4,65.6
1784036828.976,1590,4.516,-1.325,0.223,0.162,11.9,53.6
1784036828.976,1590,4.566,-1.695,0.764,0.162,14.0,55.1
1784036829.076,1591,1.716,-0.704,0.284,0.0,17.1,73.1
1784036829.076,1591,3.411,-1.82,0.36,0.0,16.1,73.2
1784036829.076,1591,7.356,-3.01,1.125,0.0,18.3,65.7
1784036829.178,1592,1.716,-0.704,0.28,0.0,17.0,73.2
1784036829.178,1592,3.408,-1.82,0.392,0.0,15.4,73.5
1784036829.178,1592,6.526,-2.716,1.577,0.0,11.6,63.8
1784036829.178,1592,7.361,-3.01,1.097,0.0,18.7,65.3
1784036829.178,1592,8.45,-0.0,1.309,0.0,11.4,64.7
1784036829.28,1593,1.717,-0.704,0.278,0.0,16.9,73.3
1784036829.28,1593,3.41,-1.82,0.369,0.0,15.6,73.8
1784036829.28,1593,6.539,-2.716,1.521,0.0,11.7,63.7
1784036829.28,1593,7.36,-3.01,1.099,0.0,18.9,65.1
1784036829.28,1593,8.433,-0.0,1.414,0.0,12.0,64.0
1784036829.28,1593,4.507,-1.178,0.708,0.325,18.0,48.5
1784036829.382,1594,1.717,-0.704,0.276,0.0,17.2,73.0
1784036829.382,1594,3.411,-1.82,0.357,0.0,16.1,73.1
1784036829.382,1594,6.522,-2.716,1.593,0.0,11.6,63.7
1784036829.382,1594,7.36,-3.01,1.101,0.0,18.7,65.2
1784036829.382,1594,8.453,-0.0,1.291,0.0,11.7,64.5
1784036829.483,1595,1.716,-0.704,0.282,0.0,17.1,73.1
1784036829.483,1595,3.407,-1.82,0.398,0.0,15.2,73.9
1784036829.483,1595,6.555,-2.716,1.453,0.0,11.9,63.6
1784036829.483,1595,7.361,-3.01,1.097,0.0,18.9,65.1
1784036829.483,1595,8.437,-0.0,1.393,0.0,11.3,64.9
1784036829.535,1596,1.716,-0.704,0.281,0.0,16.9,73.3
1784036829.535,1596,3.411,-1.82,0.361,0.0,15.7,73.5
1784036829.535,1596,6.533,-2.716,1.549,0.0,11.7,63.7
1784036829.535,1596,7.359,-3.01,1.11,0.0,18.8,65.1
1784036829.535,1596,8.451,-0.0,1.308,0.0,12.0,64.3
1784036829.686,1597,1.717,-0.704,0.277,0.0,16.9,73.2
1784036829.686,1597,3.409,-1.82,0.379,0.0,16.2,72.9
1784036829.686,1597,6.555,-2.716,1.454,0.0,12.2,63.4
1784036829.686,1597,7.36,-3.01,1.102,0.0,19.1,64.8
1784036829.686,1597,8.443,-0.0,1.357,0.0,12.3,64.1
1784036829.787,1598,1.717,-0.704,0.276,0.0,16.9,73.2
1784036829.787,1598,3.408,-1.82,0.384,0.0,16.1,73.1
1784036829.787,1598,6.536,-2.716,1.534,0.0,11.6,63.5
1784036829.787,1598,7.359,-3.01,1.11,0.0,18.9,65.0
1784036829.787,1598,8.463,-0.0,1.226,0.0,11.9,64.6
1784036829.839,1599,0.468,0.736,-0.017,0.0,12.3,71.1
1784036829.839,1599,1.693,-0.762,0.268,0.0,16.9,73.3
1784036829.839,1599,3.405,-1.82,0.411,0.0,16.1,73.1
1784036829.839,1599,6.519,-2.716,1.605,0.0,12.0,63.2
1784036829.839,1599,7.362,-3.01,1.09,0.0,19.1,64.8
1784036829.839,1599,8.473,-0.0,1.153,0.0,11.7,64.8
1784036829.941,1600,1.693,-0.762,0.268,0.0,17.0,73.1
1784036829.941,1600,3.409,-1.82,0.379,0.0,15.7,73.4
1784036829.941,1600,7.249,-3.261,1.125,0.0,18.3,65.5
1784036829.941,1600,8.459,-0.0,1.252,0.0,12.1,64.5
1784036829.941,1600,4.458,-1.313,0.438,-0.162,18.5,52.0
1784036830.044,1601,1.692,-0.762,0.273,0.0,16.8,73.3
1784036830.044,1601,3.41,-1.82,0.367,0.0,15.1,74.3
1784036830.044,1601,6.537,-2.716,1.53,0.0,11.6,63.3
1784036830.044,1601,7.361,-3.01,1.091,0.0,19.3,64.6
1784036830.044,1601,8.443,-0.0,1.355,0.0,11.8,64.6
1784036830.146,1602,1.693,-0.762,0.271,0.0,17.2,73.0
1784036830.146,1602,3.405,-1.82,0.412,0.0,15.6,73.5
1784036830.146,1602,6.591,-2.716,1.28,0.0,12.0,63.9
1784036830.146,1602,7.257,-3.261,1.071,0.0,18.8,65.1
1784036830.146,1602,7.459,-2.76,1.094,0.0,18.8,65.1
1784036830.146,1602,8.437,-0.0,1.391,0.0,12.5,63.9
1784036830.247,1603,1.693,-0.762,0.269,0.0,17.1,73.1
1784036830.247,1603,3.414,-1.82,0.33,0.0,16.1,73.2
1784036830.247,1603,6.58,-2.716,1.332,0.0,11.6,64.3
1784036830.247,1603,7.257,-3.261,1.072,0.0,18.2,65.7
1784036830.247,1603,7.457,-2.76,1.104,0.0,18.2,65.7
1784036830.247,1603,8.452,-0.0,1.301,0.0,11.4,64.8
1784036830.35,1604,1.694,-0.762,0.266,0.0,17.1,73.1
1784036830.35,1604,3.407,-1.82,0.392,0.0,16.0,73.5
1784036830.35,1604,6.589,-2.716,1.287,0.0,12.7,63.1
1784036830.35,1604,7.36,-3.01,1.102,0.0,19.3,64.7
1784036830.35,1604,8.468,-0.0,1.189,0.0,11.6,64.6
1784036830.452,1605,1.692,-0.762,0.272,0.0,17.1,73.1
1784036830.452,1605,3.471,-1.699,0.379,0.0,15.9,73.2
1784036830.452,1605,6.526,-2.716,1.577,0.0,11.5,63.5
1784036830.452,1605,7.256,-3.261,1.076,0.0,18.9,65.0
1784036830.452,1605,8.456,-0.0,1.273,0.0,11.7,64.5
1784036830.554,1606,1.692,-0.762,0.275,0.0,16.9,73.3
1784036830.554,1606,3.411,-1.82,0.356,0.0,16.1,73.3
1784036830.554,1606,6.516,-2.716,1.616,0.0,12.6,62.6
1784036830.554,1606,7.36,-3.01,1.1,0.0,19.7,64.2
1784036830.659,1607,1.693,-0.762,0.27,0.0,17.3,72.8
1784036830.659,1607,3.411,-1.82,0.365,0.0,15.6,73.8
1784036830.659,1607,6.509,-2.716,1.646,0.0,11.4,63.8
1784036830.659,1607,7.364,-3.01,1.072,0.0,18.6,65.4
1784036830.761,1608,1.693,-0.762,0.268,0.0,17.0,73.2
1784036830.761,1608,3.412,-1.82,0.349,0.0,15.3,73.9
1784036830.761,1608,6.562,-2.716,1.422,0.0,11.6,63.8
1784036830.761,1608,7.361,-3.01,1.095,0.0,18.9,65.1
1784036830.864,1609,1.693,-0.762,0.268,0.0,17.1,73.1
1784036830.864,1609,3.412,-1.82,0.347,0.0,15.5,73.9
1784036830.864,1609,6.544,-2.716,1.499,0.0,12.1,63.2
1784036830.864,1609,7.257,-3.261,1.069,0.0,19.1,64.8
1784036830.967,1610,1.693,-0.762,0.267,0.0,17.1,73.1
1784036830.967,1610,3.405,-1.82,0.412,0.0,15.4,73.8
1784036830.967,1610,6.568,-2.716,1.391,0.0,11.6,63.7
1784036830.967,1610,7.363,-3.01,1.082,0.0,18.8,65.2
1784036831.07,1611,1.693,-0.762,0.268,0.0,17.1,73.1
1784036831.07,1611,3.406,-1.82,0.402,0.0,15.4,73.7
1784036831.07,1611,6.581,-2.716,1.329,0.0,11.4,63.9
1784036831.07,1611,7.361,-3.01,1.094,0.0,18.7,65.2
1784036831.173,1612,1.693,-0.762,0.268,0.0,17.2,73.0
1784036831.173,1612,3.409,-1.82,0.38,0.0,15.9,73.4
1784036831.173,1612,7.254,-3.261,1.088,0.0,18.2,65.8
1784036831.275,1613,1.693,-0.762,0.269,0.0,17.1,73.1
1784036831.275,1613,3.408,-1.82,0.384,0.0,15.5,73.7
1784036831.275,1613,7.256,-3.261,1.078,0.0,18.5,65.5
1784036831.377,1614,1.693,-0.762,0.271,0.0,17.0,73.2
1784036831.377,1614,3.41,-1.82,0.372,0.0,16.6,72.7
1784036831.377,1614,7.363,-3.01,1.081,0.0,18.1,65.9
1784036831.486,1615,1.693,-0.762,0.269,0.0,17.0,73.2
1784036831.486,1615,3.411,-1.82,0.362,0.0,15.8,73.4
1784036831.486,1615,6.58,-2.716,1.335,0.0,11.6,63.7
1784036831.486,1615,7.251,-3.261,1.111,0.0,18.9,65.2
1784036831.588,1616,1.693,-0.762,0.27,0.0,17.0,73.2
1784036831.588,1616,3.41,-1.82,0.373,0.0,15.8,73.4
1784036831.588,1616,6.573,-2.716,1.37,0.0,11.5,63.6
1784036831.588,1616,7.248,-3.261,1.129,0.0,19.0,65.0
1784036831.639,1617,1.693,-0.762,0.267,0.0,17.0,73.2
1784036831.639,1617,3.411,-1.82,0.36,0.0,15.7,73.5
1784036831.639,1617,6.571,-2.716,1.377,0.0,11.4,63.8
1784036831.639,1617,7.251,-3.261,1.111,0.0,18.8,65.1
1784036831.741,1618,1.693,-0.762,0.266,0.0,17.0,73.2
1784036831.741,1618,3.411,-1.82,0.363,0.0,15.8,73.3
1784036831.741,1618,7.253,-3.261,1.097,0.0,18.4,65.6
1784036831.844,1619,1.694,-0.762,0.266,0.0,17.0,73.2
1784036831.844,1619,3.412,-1.82,0.346,0.0,16.4,72.8
1784036831.844,1619,7.362,-3.01,1.089,0.0,18.6,65.3
1784036831.946,1620,1.693,-0.762,0.268,0.0,16.7,73.4
1784036831.946,1620,3.409,-1.82,0.375,0.0,15.9,73.3
1784036831.946,1620,6.558,-2.716,1.438,0.0,11.5,63.8
1784036831.946,1620,7.263,-3.261,1.025,0.0,18.6,65.3
1784036832.047,1621,1.693,-0.762,0.272,0.0,16.8,73.3
1784036832.047,1621,3.408,-1.82,0.387,0.0,15.6,73.6
1784036832.047,1621,6.554,-2.716,1.454,0.0,11.3,63.9
1784036832.047,1621,7.365,-3.01,1.069,0.0,18.6,65.3
1784036832.15,1622,1.692,-0.762,0.273,0.0,17.1,73.1
1784036832.15,1622,3.41,-1.82,0.365,0.0,15.7,73.5
1784036832.15,1622,7.462,-2.76,1.07,0.0,18.3,65.7
1784036832.15,1622,7.26,-3.261,1.048,0.0,18.3,65.7
1784036832.253,1623,1.693,-0.762,0.272,0.0,17.1,73.1
1784036832.253,1623,3.412,-1.82,0.355,0.0,16.0,73.2
1784036832.253,1623,6.543,-2.716,1.503,0.0,11.3,63.6
1784036832.253,1623,7.254,-3.261,1.088,0.0,18.8,65.1
1784036832.253,1623,7.456,-2.76,1.111,0.0,18.8,65.1
1784036832.355,1624,1.692,-0.762,0.273,0.0,17.0,73.2
1784036832.355,1624,3.41,-1.82,0.366,0.0,15.8,73.5
1784036832.355,1624,6.549,-2.716,1.48,0.0,11.6,63.5
1784036832.355,1624,7.257,-3.261,1.071,0.0,19.0,64.9
1784036832.355,1624,7.458,-2.76,1.1,0.0,19.0,64.9
1784036832.355,1624,4.684,-1.387,0.664,0.162,13.8,50.5
1784036832.457,1625,1.693,-0.762,0.266,0.0,16.9,73.3
1784036832.457,1625,3.407,-1.82,0.395,0.0,16.0,73.2
1784036832.457,1625,6.549,-2.716,1.48,0.0,11.6,63.5
1784036832.457,1625,7.463,-2.76,1.066,0.0,19.0,64.9
1784036832.457,1625,7.261,-3.261,1.042,0.0,19.0,64.9
1784036832.559,1626,1.693,-0.762,0.268,0.0,17.2,73.0
1784036832.559,1626,3.408,-1.82,0.39,0.0,15.4,73.7
1784036832.559,1626,6.551,-2.716,1.471,0.0,11.8,63.4
1784036832.559,1626,7.455,-2.76,1.12,0.0,18.8,64.9
1784036832.661,1627,1.693,-0.762,0.27,0.0,17.2,73.0
1784036832.661,1627,3.41,-1.82,0.371,0.0,15.5,73.8
1784036832.661,1627,6.557,-2.716,1.441,0.0,11.3,63.9
1784036832.661,1627,7.257,-3.261,1.066,0.0,18.6,65.2
1784036832.661,1627,7.46,-2.76,1.083,0.0,18.6,65.2
1784036832.765,1628,1.716,-0.704,0.283,0.0,16.9,73.3
1784036832.765,1628,3.468,-1.699,0.407,0.0,15.5,73.7
1784036832.765,1628,6.562,-2.716,1.419,0.0,11.2,64.0
1784036832.765,1628,7.36,-3.01,1.104,0.0,18.5,65.4
1784036832.765,1628,4.517,-1.35,0.897,-0.162,14.4,52.5
1784036832.867,1629,1.693,-0.762,0.271,0.0,17.0,73.1
1784036832.867,1629,3.41,-1.82,0.371,0.0,15.7,73.2
1784036832.867,1629,7.358,-3.01,1.115,0.0,18.1,65.8
1784036832.969,1630,1.693,-0.762,0.272,0.0,16.8,73.4
1784036832.969,1630,3.409,-1.82,0.376,0.0,16.0,73.2
1784036832.969,1630,6.573,-2.716,1.369,0.0,11.5,63.7
1784036832.969,1630,7.36,-3.01,1.099,0.0,18.6,65.2
1784036832.969,1630,8.366,-0.0,1.772,0.0,11.3,64.4
1784036833.071,1631,1.693,-0.762,0.27,0.0,16.8,73.4
1784036833.071,1631,3.47,-1.699,0.387,0.0,15.4,73.8
1784036833.071,1631,6.568,-2.716,1.391,0.0,11.6,63.8
1784036833.071,1631,7.362,-3.01,1.089,0.0,18.5,65.2
1784036833.172,1632,1.693,-0.762,0.269,0.0,16.8,73.3
1784036833.172,1632,3.406,-1.82,0.402,0.0,16.2,72.9
1784036833.172,1632,7.359,-3.01,1.104,0.0,17.8,65.9
1784036833.273,1633,1.693,-0.762,0.269,0.0,16.9,73.3
1784036833.273,1633,3.41,-1.82,0.373,0.0,16.2,73.1
1784036833.273,1633,7.361,-3.01,1.094,0.0,18.1,65.7
1784036833.374,1634,1.693,-0.762,0.268,0.0,16.8,73.4
1784036833.374,1634,3.409,-1.82,0.376,0.0,15.8,73.3
1784036833.374,1634,7.36,-3.01,1.101,0.0,18.3,65.6
1784036833.476,1635,1.693,-0.762,0.269,0.0,16.9,73.2
1784036833.476,1635,3.41,-1.82,0.367,0.0,15.9,73.3
1784036833.476,1635,6.565,-2.716,1.406,0.0,11.6,63.7
1784036833.476,1635,7.363,-3.01,1.082,0.0,18.7,65.2
1784036833.578,1636,1.693,-0.762,0.271,0.0,16.9,73.2
1784036833.578,1636,3.406,-1.82,0.402,0.0,16.0,73.1
1784036833.578,1636,6.554,-2.716,1.454,0.0,11.4,63.8
1784036833.578,1636,7.36,-3.01,1.098,0.0,18.4,65.6
1784036833.679,1637,1.693,-0.762,0.268,0.0,16.9,73.2
1784036833.679,1637,3.411,-1.82,0.361,0.0,15.2,73.9
1784036833.679,1637,6.55,-2.716,1.474,0.0,11.8,63.6
1784036833.679,1637,7.358,-3.01,1.111,0.0,18.9,65.1
1784036833.781,1638,1.692,-0.762,0.272,0.0,16.9,73.2
1784036833.781,1638,3.47,-1.699,0.391,0.0,15.8,73.6
1784036833.781,1638,6.552,-2.716,1.465,0.0,11.5,63.7
1784036833.781,1638,7.361,-3.01,1.097,0.0,18.9,65.1
1784036833.884,1639,0.543,0.682,0.046,0.0,12.0,70.1
1784036833.884,1639,1.692,-0.762,0.273,0.0,16.9,73.3
1784036833.884,1639,3.407,-1.82,0.397,0.0,15.9,73.1
1784036833.884,1639,6.559,-2.716,1.434,0.0,11.2,63.9
1784036833.884,1639,7.359,-3.01,1.11,0.0,18.6,65.5
1784036833.986,1640,1.716,-0.704,0.282,0.0,16.9,73.3
1784036833.986,1640,3.474,-1.699,0.353,0.0,16.3,72.8
1784036833.986,1640,7.356,-3.01,1.124,0.0,18.1,65.9
1784036834.037,1641,1.716,-0.704,0.281,0.0,17.2,73.0
1784036834.037,1641,3.412,-1.82,0.347,0.0,16.7,72.9
1784036834.037,1641,7.353,-3.01,1.149,0.0,18.4,65.6
1784036834.037,1641,8.401,-0.0,1.595,0.0,11.4,64.7
1784036834.147,1642,0.421,0.663,-0.013,0.0,11.7,68.2
1784036834.147,1642,1.716,-0.704,0.281,0.0,16.8,73.3
1784036834.147,1642,3.41,-1.82,0.374,0.0,16.7,72.5
1784036834.147,1642,7.352,-3.01,1.155,0.0,18.5,65.5
1784036834.25,1643,1.716,-0.704,0.28,0.0,17.1,73.1
1784036834.25,1643,3.411,-1.82,0.359,0.0,16.3,72.8
1784036834.25,1643,7.354,-3.01,1.143,0.0,18.6,65.4
1784036834.25,1643,8.419,-0.0,1.501,0.0,11.6,64.6
1784036834.355,1644,1.693,-0.762,0.27,0.0,16.8,73.4
1784036834.355,1644,3.408,-1.82,0.39,0.0,15.9,73.4
1784036834.355,1644,7.455,-2.76,1.117,0.0,18.6,65.3
1784036834.355,1644,7.254,-3.261,1.092,0.0,18.6,65.3
1784036834.355,1644,8.398,-0.0,1.611,0.0,11.4,64.8
1784036834.461,1645,1.717,-0.704,0.278,0.0,17.2,73.0
1784036834.461,1645,3.472,-1.699,0.368,0.0,16.0,73.1
1784036834.461,1645,7.359,-3.01,1.105,0.0,18.5,65.5
1784036834.461,1645,8.395,-0.0,1.628,0.0,11.7,64.6
1784036834.566,1646,1.692,-0.762,0.276,0.0,17.1,73.0
1784036834.566,1646,3.473,-1.699,0.357,0.0,16.8,72.7
1784036834.566,1646,6.547,-2.716,1.488,0.0,11.7,63.5
1784036834.566,1646,7.361,-3.01,1.097,0.0,19.1,64.9
1784036834.67,1647,1.719,-0.704,0.267,0.0,17.4,72.8
1784036834.67,1647,3.471,-1.699,0.38,0.0,18.8,72.0
1784036834.67,1647,6.594,-2.716,1.261,0.0,11.9,63.7
1784036834.67,1647,7.37,-3.01,1.032,0.0,19.1,65.0
1784036834.772,1648,1.693,-0.762,0.267,0.0,17.0,73.2
1784036834.772,1648,3.41,-1.82,0.367,0.0,17.1,74.0
1784036834.772,1648,7.362,-3.01,1.089,0.0,18.6,65.5
1784036834.772,1648,8.415,-0.267,1.498,0.0,11.6,64.4
1784036834.877,1649,1.695,-0.762,0.259,0.0,17.1,73.0
1784036834.877,1649,3.407,-1.82,0.397,0.0,18.1,72.3
1784036834.877,1649,7.364,-3.01,1.075,0.0,18.4,65.6
1784036834.978,1650,1.717,-0.704,0.275,0.0,17.2,73.0
1784036834.978,1650,3.413,-1.82,0.337,0.0,17.1,73.1
1784036834.978,1650,7.362,-3.01,1.09,0.0,18.5,65.6
1784036835.079,1651,1.696,-0.762,0.253,0.0,17.2,73.0
1784036835.079,1651,3.413,-1.82,0.339,0.0,18.9,72.9
1784036835.079,1651,6.551,-2.716,1.471,0.0,11.6,64.3
1784036835.079,1651,7.359,-3.01,1.109,0.0,18.6,65.6
1784036835.18,1652,1.693,-0.762,0.268,0.0,17.2,73.0
1784036835.18,1652,3.407,-1.82,0.396,0.0,17.0,72.8
1784036835.18,1652,7.356,-3.01,1.129,0.0,18.3,65.7
1784036835.231,1653,1.695,-0.762,0.257,0.0,17.0,73.2
1784036835.231,1653,3.413,-1.82,0.338,0.0,17.0,72.9
1784036835.231,1653,6.538,-2.716,1.527,0.0,11.6,63.9
1784036835.231,1653,7.36,-3.01,1.099,0.0,18.6,65.3
1784036835.384,1654,1.695,-0.762,0.257,0.0,17.0,73.2
1784036835.384,1654,2.166,-0.487,-0.153,0.0,11.5,74.5
1784036835.384,1654,1.161,1.877,-0.278,0.0,11.5,74.5
1784036835.384,1654,3.476,-1.699,0.328,0.0,19.2,72.6
1784036835.384,1654,6.556,-2.716,1.449,0.0,11.5,64.3
1784036835.384,1654,7.36,-3.01,1.103,0.0,18.3,65.6
1784036835.489,1655,1.693,-0.762,0.269,0.0,17.0,73.3
1784036835.489,1655,3.402,-1.82,0.434,0.0,16.0,73.6
1784036835.489,1655,6.561,-2.716,1.425,0.0,11.6,63.8
1784036835.489,1655,7.356,-3.01,1.127,0.0,19.0,65.2
1784036835.489,1655,4.577,-1.189,0.501,-0.325,21.4,48.9
1784036835.542,1656,1.694,-0.762,0.263,0.0,17.0,73.2
1784036835.542,1656,3.417,-1.82,0.303,0.0,16.2,73.4
1784036835.542,1656,6.582,-2.716,1.325,0.0,11.6,63.6
1784036835.542,1656,7.256,-3.261,1.078,0.0,19.0,64.9
1784036835.644,1657,1.694,-0.762,0.263,0.0,17.2,73.1
1784036835.644,1657,3.474,-1.699,0.347,0.0,19.2,72.6
1784036835.644,1657,7.363,-3.01,1.08,0.0,18.0,66.0
1784036835.748,1658,1.694,-0.762,0.261,0.0,17.0,73.3
1784036835.748,1658,3.409,-1.82,0.382,0.0,16.1,73.8
1784036835.748,1658,7.364,-3.01,1.076,0.0,18.3,65.8
1784036835.849,1659,1.694,-0.762,0.265,0.0,17.0,73.1
1784036835.849,1659,3.414,-1.82,0.334,0.0,16.0,73.7
1784036835.849,1659,6.571,-2.716,1.377,0.0,11.7,63.6
1784036835.849,1659,7.365,-3.01,1.063,0.0,18.8,65.1
1784036835.955,1660,1.694,-0.762,0.26,0.0,17.1,73.2
1784036835.955,1660,3.416,-1.82,0.312,0.0,17.8,73.7
1784036835.955,1660,6.541,-2.716,1.513,0.0,11.4,64.3
1784036835.955,1660,7.363,-3.01,1.078,0.0,18.3,65.6
1784036836.06,1661,1.694,-0.762,0.263,0.0,17.0,73.2
1784036836.06,1661,3.411,-1.82,0.356,0.0,16.5,73.8
1784036836.06,1661,6.569,-2.716,1.385,0.0,11.7,63.9
1784036836.06,1661,7.369,-3.01,1.039,0.0,18.5,65.4
1784036836.165,1662,1.693,-0.762,0.267,0.0,17.0,73.2
1784036836.165,1662,3.415,-1.82,0.315,0.0,16.1,73.8
1784036836.165,1662,6.53,-2.716,1.561,0.0,11.5,63.6
1784036836.165,1662,7.37,-3.01,1.035,0.0,19.2,64.8
1784036836.268,1663,1.694,-0.762,0.263,0.0,17.1,73.1
1784036836.268,1663,3.416,-1.82,0.312,0.0,17.1,73.8
1784036836.268,1663,6.577,-2.716,1.35,0.0,11.3,64.0
1784036836.268,1663,7.362,-3.01,1.086,0.0,18.7,65.4
1784036836.371,1664,1.694,-0.762,0.264,0.0,17.0,73.2
1784036836.371,1664,3.415,-1.82,0.323,0.0,16.6,73.9
1784036836.371,1664,7.364,-3.01,1.074,0.0,18.6,65.4
1784036836.472,1665,1.694,-0.762,0.265,0.0,17.0,73.2
1784036836.472,1665,3.414,-1.82,0.33,0.0,16.7,73.6
1784036836.472,1665,6.562,-2.716,1.421,0.0,11.4,63.5
1784036836.472,1665,7.365,-3.01,1.069,0.0,19.1,64.9
1784036836.574,1666,1.694,-0.762,0.265,0.0,17.1,73.2
1784036836.574,1666,3.414,-1.82,0.334,0.0,16.7,73.7
1784036836.574,1666,6.551,-2.716,1.469,0.0,12.0,63.2
1784036836.574,1666,7.363,-3.01,1.084,0.0,19.5,64.4
1784036836.676,1667,1.694,-0.762,0.262,0.0,17.1,73.1
1784036836.676,1667,3.471,-1.699,0.375,0.0,17.2,73.5
1784036836.676,1667,6.566,-2.716,1.402,0.0,11.5,63.8
1784036836.676,1667,7.373,-3.01,1.013,0.0,18.9,65.1
1784036836.777,1668,1.694,-0.762,0.263,0.0,17.0,73.2
1784036836.777,1668,3.411,-1.82,0.36,0.0,16.8,73.6
1784036836.777,1668,6.569,-2.716,1.389,0.0,11.7,63.5
1784036836.777,1668,7.373,-3.01,1.012,0.0,19.1,64.8
1784036836.879,1669,1.694,-0.762,0.261,0.0,17.1,73.1
1784036836.879,1669,3.414,-1.82,0.334,0.0,16.5,73.8
1784036836.879,1669,6.543,-2.716,1.505,0.0,11.4,64.0
1784036836.879,1669,7.366,-3.01,1.057,0.0,18.8,65.2
1784036836.981,1670,1.695,-0.762,0.257,0.0,17.0,73.2
1784036836.981,1670,3.473,-1.699,0.364,0.0,17.2,73.6
1784036836.981,1670,6.561,-2.716,1.427,0.0,11.3,63.9
1784036836.981,1670,7.368,-3.01,1.045,0.0,18.5,65.4
1784036837.032,1671,1.695,-0.762,0.258,0.0,17.0,73.2
1784036837.032,1671,3.473,-1.699,0.358,0.0,16.7,73.8
1784036837.032,1671,6.567,-2.716,1.397,0.0,11.3,63.8
1784036837.032,1671,7.367,-3.01,1.05,0.0,18.6,65.4
1784036837.184,1672,1.694,-0.762,0.26,0.0,17.0,73.2
1784036837.184,1672,3.413,-1.82,0.343,0.0,16.0,73.9
1784036837.184,1672,7.365,-3.01,1.066,0.0,18.4,65.6
1784036837.285,1673,0.42,0.663,-0.034,0.0,13.3,67.6
1784036837.285,1673,1.695,-0.762,0.258,0.0,17.1,73.1
1784036837.285,1673,3.415,-1.82,0.321,0.0,17.5,73.4
1784036837.285,1673,6.553,-2.716,1.46,0.0,11.3,63.8
1784036837.285,1673,7.365,-3.01,1.07,0.0,18.6,65.2
1784036837.336,1674,0.419,0.663,-0.044,0.0,12.8,68.7
1784036837.336,1674,1.695,-0.762,0.258,0.0,17.0,73.2
1784036837.336,1674,3.414,-1.82,0.329,0.0,16.7,73.7
1784036837.336,1674,7.366,-3.01,1.061,0.0,18.7,65.2
1784036837.438,1675,1.694,-0.762,0.262,0.0,17.0,73.2
1784036837.438,1675,3.415,-1.82,0.321,0.0,16.3,73.8
1784036837.438,1675,6.539,-2.716,1.521,0.0,11.4,63.8
1784036837.438,1675,7.371,-3.01,1.023,0.0,18.8,65.2
1784036837.542,1676,1.694,-0.762,0.261,0.0,17.0,73.3
1784036837.542,1676,3.414,-1.82,0.335,0.0,16.8,73.8
1784036837.542,1676,6.558,-2.716,1.438,0.0,11.3,64.1
1784036837.542,1676,7.366,-3.01,1.063,0.0,18.4,65.6
1784036837.645,1677,1.694,-0.762,0.266,0.0,17.0,73.3
1784036837.645,1677,3.471,-1.699,0.382,0.0,16.5,74.1
1784036837.645,1677,6.576,-2.716,1.354,0.0,11.2,64.2
1784036837.645,1677,7.365,-3.01,1.066,0.0,18.7,65.4
1784036837.75,1678,1.694,-0.762,0.265,0.0,17.0,73.3
1784036837.75,1678,3.416,-1.82,0.312,0.0,16.0,74.1
1784036837.75,1678,7.365,-3.01,1.066,0.0,18.8,65.2
1784036837.75,1678,4.677,-1.374,0.338,-0.162,12.6,50.1
1784036837.851,1679,1.694,-0.762,0.263,0.0,17.1,73.1
1784036837.851,1679,3.471,-1.699,0.38,0.0,16.9,73.7
1784036837.851,1679,6.575,-2.716,1.358,0.0,11.7,63.7
1784036837.851,1679,7.369,-3.01,1.038,0.0,19.1,65.1
1784036837.953,1680,1.694,-0.762,0.265,0.0,17.2,73.1
1784036837.953,1680,3.472,-1.699,0.366,0.0,16.9,73.6
1784036837.953,1680,6.571,-2.716,1.378,0.0,11.3,64.0
1784036837.953,1680,7.365,-3.01,1.068,0.0,18.7,65.3
1784036838.054,1681,1.693,-0.762,0.268,0.0,17.1,73.1
1784036838.054,1681,3.413,-1.82,0.341,0.0,17.0,73.5
1784036838.054,1681,6.564,-2.716,1.411,0.0,11.4,64.0
1784036838.054,1681,7.361,-3.01,1.097,0.0,18.8,65.3
1784036838.054,1681,4.56,-1.513,0.605,0.162,19.0,52.0
1784036838.156,1682,1.716,-0.704,0.281,0.0,16.9,73.3
1784036838.156,1682,3.413,-1.82,0.337,0.0,17.6,73.4
1784036838.156,1682,6.592,-2.716,1.275,0.0,11.8,63.6
1784036838.156,1682,7.358,-3.01,1.116,0.0,19.1,65.0
1784036838.156,1682,4.582,-1.527,0.743,0.162,16.6,53.1
1784036838.259,1683,1.717,-0.704,0.275,0.0,17.0,73.1
1784036838.259,1683,3.412,-1.82,0.349,0.0,17.5,73.3
1784036838.259,1683,7.36,-3.01,1.099,0.0,18.6,65.4
1784036838.259,1683,4.526,-1.527,1.028,0.162,18.3,52.7
1784036838.36,1684,1.717,-0.704,0.278,0.0,17.1,73.1
1784036838.36,1684,3.413,-1.82,0.343,0.0,17.8,73.2
1784036838.36,1684,6.583,-2.716,1.317,0.0,11.5,63.8
1784036838.36,1684,7.359,-3.01,1.11,0.0,18.9,65.2
1784036838.36,1684,4.574,-1.541,1.003,0.162,19.9,51.8
1784036838.36,1684,4.559,-1.5,-0.046,0.243,15.5,51.3
1784036838.461,1685,1.717,-0.704,0.279,0.0,17.0,73.1
1784036838.461,1685,3.47,-1.699,0.391,0.0,17.7,73.4
1784036838.461,1685,7.36,-3.01,1.099,0.0,18.7,65.6
1784036838.565,1686,1.717,-0.704,0.279,0.0,17.1,73.1
1784036838.565,1686,3.409,-1.82,0.378,0.0,17.5,73.1
1784036838.565,1686,6.578,-2.716,1.342,0.0,11.7,63.3
1784036838.565,1686,7.362,-3.01,1.084,0.0,19.5,64.7
1784036838.565,1686,8.407,-0.0,1.564,0.0,11.5,64.1
1784036838.565,1686,4.649,-1.387,0.878,0.162,24.3,51.8
1784036838.666,1687,1.693,-0.762,0.267,0.0,17.0,73.1
1784036838.666,1687,3.412,-1.82,0.346,0.0,17.6,73.6
1784036838.666,1687,6.591,-2.716,1.28,0.0,12.5,63.0
1784036838.666,1687,7.36,-3.01,1.1,0.0,19.7,64.4
1784036838.666,1687,8.395,-0.0,1.625,0.0,11.4,64.3
1784036838.666,1687,4.621,-1.374,0.796,0.162,18.8,52.7
1784036838.666,1687,4.757,-1.568,0.286,0.162,16.2,53.1
1784036838.786,1688,1.694,-0.762,0.264,0.0,17.0,73.2
1784036838.786,1688,3.411,-1.82,0.357,0.0,18.3,72.7
1784036838.786,1688,6.58,-2.716,1.332,0.0,11.9,63.6
1784036838.786,1688,7.365,-3.01,1.064,0.0,19.1,65.0
1784036838.786,1688,8.408,-0.267,1.538,0.0,11.6,64.3
1784036838.786,1688,4.716,-1.582,0.933,0.243,15.0,50.4
1784036838.837,1689,1.718,-0.704,0.272,0.0,16.9,73.2
1784036838.837,1689,3.414,-1.82,0.334,0.0,17.4,73.1
1784036838.837,1689,6.583,-2.716,1.321,0.0,12.0,63.5
1784036838.837,1689,7.369,-3.01,1.035,0.0,19.3,64.8
1784036838.837,1689,8.415,-0.267,1.494,0.0,11.4,64.7
1784036838.94,1690,1.717,-0.704,0.274,0.0,17.0,73.1
1784036838.94,1690,3.41,-1.82,0.371,0.0,17.8,73.6
1784036838.94,1690,6.581,-2.716,1.33,0.0,11.4,64.0
1784036838.94,1690,7.367,-3.01,1.052,0.0,18.4,65.5
1784036838.94,1690,8.42,-0.267,1.47,0.0,12.0,64.1
1784036838.94,1690,4.763,-1.411,0.703,0.162,16.9,51.6
1784036839.09,1691,1.717,-0.704,0.276,0.0,17.1,73.0
1784036839.09,1691,3.47,-1.699,0.391,0.0,18.3,72.5
1784036839.09,1691,6.562,-2.716,1.419,0.0,11.9,63.3
1784036839.09,1691,7.361,-3.01,1.094,0.0,19.1,64.9
1784036839.09,1691,8.401,-0.267,1.572,0.0,12.3,64.0
1784036839.141,1692,1.717,-0.704,0.277,0.0,16.9,73.3
1784036839.141,1692,3.411,-1.82,0.364,0.0,18.2,72.5
1784036839.141,1692,6.565,-2.716,1.404,0.0,12.3,63.2
1784036839.141,1692,7.36,-3.01,1.099,0.0,19.3,64.7
1784036839.141,1692,8.384,-0.267,1.661,0.0,11.9,64.5
1784036839.244,1693,1.717,-0.704,0.275,0.0,17.1,73.1
1784036839.244,1693,3.47,-1.699,0.386,0.0,18.0,73.2
1784036839.244,1693,6.57,-2.716,1.383,0.0,12.2,63.3
1784036839.244,1693,7.361,-3.01,1.091,0.0,19.3,64.7
1784036839.244,1693,8.407,-0.0,1.564,0.0,12.8,63.7
1784036839.244,1693,4.787,-1.254,0.827,-0.162,12.6,51.1
1784036839.349,1694,1.694,-0.762,0.261,0.0,17.1,73.1
1784036839.349,1694,3.411,-1.82,0.361,0.0,17.5,73.3
1784036839.349,1694,6.577,-2.716,1.351,0.0,11.7,63.7
1784036839.349,1694,7.366,-3.01,1.06,0.0,18.7,65.2
1784036839.349,1694,8.415,-0.267,1.496,0.0,12.9,63.6
1784036839.349,1694,4.699,-1.411,1.051,-0.243,16.8,51.0
1784036839.45,1695,1.694,-0.762,0.265,0.0,17.1,73.1
1784036839.45,1695,3.414,-1.82,0.328,0.0,17.8,72.8
1784036839.45,1695,6.589,-2.716,1.287,0.0,11.4,63.9
1784036839.45,1695,7.369,-3.01,1.038,0.0,18.7,65.3
1784036839.45,1695,8.416,-0.0,1.517,0.0,13.2,63.3
1784036839.45,1695,3.863,-2.675,0.733,0.568,15.1,48.8
1784036839.45,1695,4.722,-1.554,0.149,-0.325,17.9,48.7
1784036839.45,1695,4.79,-1.107,1.203,-0.243,15.4,50.3
1784036839.553,1696,1.694,-0.762,0.265,0.0,16.9,73.2
1784036839.553,1696,3.413,-1.82,0.343,0.0,17.6,73.2
1784036839.553,1696,7.365,-3.01,1.068,0.0,18.7,65.4
1784036839.553,1696,8.433,-0.0,1.416,0.0,12.8,63.6
1784036839.553,1696,4.662,-1.568,0.989,-0.325,17.4,51.9
1784036839.656,1697,1.694,-0.762,0.261,0.0,17.1,73.1
1784036839.656,1697,3.41,-1.82,0.365,0.0,16.6,73.7
1784036839.656,1697,6.59,-2.716,1.284,0.0,11.9,63.6
1784036839.656,1697,7.363,-3.01,1.083,0.0,19.0,65.0
1784036839.656,1697,8.433,-0.0,1.42,0.0,12.5,64.0
1784036839.656,1697,4.661,-1.387,0.812,-0.325,20.6,50.4
1784036839.656,1697,4.635,-1.211,0.707,-0.243,12.9,52.4
1784036839.76,1698,1.694,-0.762,0.263,0.0,17.1,73.1
1784036839.76,1698,3.411,-1.82,0.357,0.0,17.2,73.9
1784036839.76,1698,7.371,-3.01,1.023,0.0,18.7,65.3
1784036839.76,1698,8.442,-0.0,1.362,0.0,13.1,63.4
1784036839.866,1699,1.694,-0.762,0.266,0.0,17.1,73.0
1784036839.866,1699,3.412,-1.82,0.353,0.0,17.5,72.9
1784036839.866,1699,6.569,-2.716,1.389,0.0,11.9,63.2
1784036839.866,1699,7.369,-3.01,1.039,0.0,19.3,64.6
1784036839.866,1699,8.431,-0.0,1.428,0.0,12.5,63.9
1784036839.866,1699,4.552,-1.527,0.907,-0.162,16.2,54.2
1784036839.968,1700,1.694,-0.762,0.263,0.0,16.9,73.2
1784036839.968,1700,3.414,-1.82,0.335,0.0,17.4,73.1
1784036839.968,1700,6.576,-2.716,1.353,0.0,11.7,63.4
1784036839.968,1700,7.369,-3.01,1.038,0.0,19.2,64.8
1784036839.968,1700,8.426,-0.0,1.457,0.0,12.7,63.7
1784036840.07,1701,1.718,-0.704,0.273,0.0,17.2,73.0
1784036840.07,1701,3.414,-1.82,0.334,0.0,18.1,73.3
1784036840.07,1701,6.584,-2.716,1.316,0.0,11.8,63.4
1784036840.07,1701,7.363,-3.01,1.079,0.0,19.1,64.9
1784036840.07,1701,8.445,-0.0,1.347,0.0,12.6,63.8
1784036840.171,1702,1.717,-0.704,0.277,0.0,17.3,72.9
1784036840.171,1702,3.412,-1.82,0.353,0.0,17.3,72.9
1784036840.171,1702,6.582,-2.716,1.326,0.0,11.8,63.6
1784036840.171,1702,7.361,-3.01,1.096,0.0,19.1,65.0
1784036840.171,1702,8.416,-0.0,1.517,0.0,12.9,63.7
1784036840.171,1702,4.624,-1.374,0.779,0.162,18.7,52.6
1784036840.272,1703,1.717,-0.704,0.274,0.0,17.0,73.1
1784036840.272,1703,3.412,-1.82,0.347,0.0,17.2,73.3
1784036840.272,1703,6.56,-2.716,1.429,0.0,11.7,63.4
1784036840.272,1703,7.36,-3.01,1.1,0.0,19.3,64.8
1784036840.272,1703,8.416,-0.0,1.514,0.0,12.6,63.8
1784036840.272,1703,4.6,-1.513,0.059,0.162,13.3,53.6
1784036840.376,1704,1.717,-0.704,0.275,0.0,17.2,73.0
1784036840.376,1704,3.471,-1.699,0.381,0.0,17.8,73.5
1784036840.376,1704,6.56,-2.716,1.43,0.0,11.8,63.7
1784036840.376,1704,7.366,-3.01,1.058,0.0,18.9,65.2
1784036840.376,1704,8.437,-0.0,1.394,0.0,12.6,63.7
1784036840.376,1704,4.62,-1.387,1.017,0.243,22.0,50.6
1784036840.482,1705,1.717,-0.704,0.275,0.0,17.0,73.1
1784036840.482,1705,3.472,-1.699,0.374,0.0,16.5,73.7
1784036840.482,1705,6.574,-2.716,1.365,0.0,11.7,63.8
1784036840.482,1705,7.368,-3.01,1.043,0.0,19.0,65.1
1784036840.482,1705,8.417,-0.0,1.511,0.0,12.0,64.5
1784036840.482,1705,4.756,-1.399,0.407,0.162,16.6,52.4
1784036840.482,1705,4.673,-1.387,0.736,0.243,19.8,48.7
1784036840.588,1706,1.694,-0.762,0.265,0.0,17.0,73.2
1784036840.588,1706,3.412,-1.82,0.354,0.0,17.0,73.5
1784036840.588,1706,6.563,-2.716,1.417,0.0,12.4,63.0
1784036840.588,1706,7.368,-3.01,1.044,0.0,19.6,64.4
1784036840.588,1706,8.432,-0.0,1.422,0.0,12.7,63.8
1784036840.641,1707,1.717,-0.704,0.277,0.0,17.0,73.2
1784036840.641,1707,3.471,-1.699,0.376,0.0,18.0,73.2
1784036840.641,1707,7.365,-3.01,1.067,0.0,18.5,65.6
1784036840.641,1707,8.434,-0.0,1.412,0.0,12.6,64.0
1784036840.744,1708,1.717,-0.704,0.278,0.0,17.0,73.2
1784036840.744,1708,3.409,-1.82,0.375,0.0,16.4,73.6
1784036840.744,1708,6.59,-2.716,1.283,0.0,11.4,63.8
1784036840.744,1708,7.368,-3.01,1.043,0.0,19.1,65.0
1784036840.744,1708,8.441,-0.0,1.367,0.0,12.7,64.1
1784036840.844,1709,1.717,-0.704,0.275,0.0,17.1,73.1
1784036840.844,1709,3.413,-1.82,0.342,0.0,17.6,73.0
1784036840.844,1709,6.604,-2.716,1.208,0.0,11.7,63.5
1784036840.844,1709,7.362,-3.01,1.089,0.0,19.2,64.9
1784036840.844,1709,8.453,-0.0,1.295,0.0,12.7,64.2
1784036840.844,1709,0.502,0.709,0.079,-0.081,12.6,66.1
1784036840.948,1710,1.717,-0.704,0.276,0.0,17.2,73.0
1784036840.948,1710,3.468,-1.699,0.405,0.0,17.9,73.2
1784036840.948,1710,6.587,-2.716,1.301,0.0,11.7,63.7
1784036840.948,1710,7.363,-3.01,1.083,0.0,19.2,64.9
1784036840.948,1710,8.456,-0.0,1.273,0.0,12.3,64.3
1784036840.948,1710,3.411,-0.663,0.642,0.081,11.6,71.4
1784036840.948,1710,0.468,0.736,0.028,-0.081,13.6,66.2
1784036841.052,1711,1.717,-0.704,0.276,0.0,17.3,72.8
1784036841.052,1711,3.411,-1.82,0.36,0.0,16.2,73.9
1784036841.052,1711,6.567,-2.716,1.394,0.0,11.7,63.6
1784036841.052,1711,7.36,-3.01,1.099,0.0,19.2,64.9
1784036841.052,1711,8.433,-0.0,1.416,0.0,12.1,64.0
1784036841.153,1712,1.718,-0.704,0.271,0.0,17.1,73.1
1784036841.153,1712,3.412,-1.82,0.352,0.0,16.6,73.8
1784036841.153,1712,6.598,-2.716,1.243,0.0,11.6,63.4
1784036841.153,1712,7.36,-3.01,1.104,0.0,19.4,64.7
1784036841.153,1712,8.416,-0.0,1.515,0.0,12.3,63.6
1784036841.153,1712,0.466,0.736,0.043,-0.081,15.0,64.9
1784036841.258,1713,1.718,-0.704,0.272,0.0,17.0,73.2
1784036841.258,1713,3.471,-1.699,0.375,0.0,18.3,72.8
1784036841.258,1713,6.574,-2.716,1.365,0.0,11.4,63.9
1784036841.258,1713,7.362,-3.01,1.087,0.0,18.8,65.2
1784036841.258,1713,8.425,-0.0,1.465,0.0,12.3,63.7
1784036841.258,1713,3.545,-0.335,0.348,0.162,17.5,59.3
1784036841.36,1714,1.717,-0.704,0.275,0.0,17.1,73.1
1784036841.36,1714,3.411,-1.82,0.357,0.0,17.8,72.5
1784036841.36,1714,6.571,-2.716,1.378,0.0,11.6,63.7
1784036841.36,1714,7.365,-3.01,1.066,0.0,19.0,65.1
1784036841.36,1714,8.422,-0.0,1.479,0.0,12.2,63.6
1784036841.36,1714,3.568,-0.453,0.424,0.162,21.2,58.1
1784036841.36,1714,3.53,-0.679,0.435,0.162,21.2,58.1
1784036841.462,1715,1.717,-0.704,0.276,0.0,17.1,73.1
1784036841.462,1715,3.413,-1.82,0.341,0.0,17.5,72.9
1784036841.462,1715,6.573,-2.716,1.367,0.0,11.9,63.4
1784036841.462,1715,7.365,-3.01,1.07,0.0,19.5,64.6
1784036841.462,1715,8.427,-0.0,1.454,0.0,13.0,63.0
1784036841.462,1715,3.572,-0.566,0.176,0.243,23.1,55.5
1784036841.565,1716,1.717,-0.704,0.275,0.0,17.0,73.3
1784036841.565,1716,3.412,-1.82,0.352,0.0,17.4,73.4
1784036841.565,1716,6.503,-2.942,1.229,0.0,12.0,63.4
1784036841.565,1716,7.366,-3.01,1.058,0.0,19.2,64.8
1784036841.565,1716,8.415,-0.0,1.52,0.0,13.8,62.5
1784036841.565,1716,3.553,-0.573,0.692,0.325,21.0,55.5
1784036841.668,1717,1.717,-0.704,0.274,0.0,17.0,73.2
1784036841.668,1717,3.411,-1.82,0.36,0.0,17.5,72.9
1784036841.668,1717,6.59,-2.716,1.283,0.0,11.5,63.7
1784036841.668,1717,7.359,-3.01,1.107,0.0,19.0,64.9
1784036841.668,1717,8.427,-0.0,1.45,0.0,12.8,63.0
1784036841.668,1717,5.489,-1.62,0.64,0.325,14.6,55.8
1784036841.668,1717,3.564,-0.573,0.633,0.406,26.5,53.0
1784036841.77,1718,0.606,0.076,0.015,0.0,11.5,64.5
1784036841.77,1718,1.717,-0.704,0.276,0.0,17.2,73.1
1784036841.77,1718,3.412,-1.82,0.349,0.0,17.0,73.3
1784036841.77,1718,6.584,-2.716,1.314,0.0,12.0,63.3
1784036841.77,1718,7.36,-3.01,1.099,0.0,19.5,64.5
1784036841.77,1718,8.422,-0.0,1.48,0.0,13.2,63.1
1784036841.77,1718,1.247,1.988,0.208,0.243,15.1,55.6
1784036841.77,1718,1.311,2.172,0.436,0.243,11.7,56.6
1784036841.77,1718,2.442,-0.563,0.59,0.243,11.7,56.6
1784036841.77,1718,3.624,-0.579,0.533,0.406,25.8,52.7
1784036841.77,1718,5.449,-1.451,1.371,0.406,13.9,53.5
1784036841.871,1719,0.44,0.248,-0.258,0.0,13.6,62.9
1784036841.871,1719,0.553,0.071,0.103,0.0,13.6,62.9
1784036841.871,1719,1.717,-0.704,0.276,0.0,17.2,73.1
1784036841.871,1719,3.413,-1.82,0.339,0.0,16.9,73.8
1784036841.871,1719,7.36,-3.01,1.102,0.0,19.0,65.1
1784036841.871,1719,8.439,-0.0,1.383,0.0,12.9,63.2
1784036841.871,1719,1.358,2.091,0.638,0.243,14.3,55.2
1784036841.871,1719,2.495,-0.563,0.287,0.243,14.3,55.2
1784036841.871,1719,3.623,-0.586,0.779,0.325,23.5,54.0
1784036841.871,1719,5.52,-1.644,1.003,0.325,15.2,53.6
1784036841.981,1720,0.432,0.248,-0.271,0.0,14.0,62.3
1784036841.981,1720,0.553,0.071,0.107,0.0,14.0,62.3
1784036841.981,1720,1.717,-0.704,0.279,0.0,17.2,73.0
1784036841.981,1720,3.413,-1.82,0.344,0.0,17.6,73.1
1784036841.981,1720,6.566,-2.716,1.403,0.0,11.4,63.8
1784036841.981,1720,7.359,-3.01,1.107,0.0,19.0,65.1
1784036841.981,1720,8.44,-0.0,1.377,0.0,12.7,63.2
1784036841.981,1720,3.702,-0.593,0.594,0.243,22.5,56.0
1784036841.981,1720,5.522,-1.462,1.244,0.243,13.4,54.0
1784036842.082,1721,0.606,0.076,0.011,0.0,13.0,62.9
1784036842.082,1721,1.692,-0.762,0.276,0.0,17.2,73.1
1784036842.082,1721,3.412,-1.82,0.349,0.0,16.6,73.6
1784036842.082,1721,7.46,-2.76,1.088,0.0,18.9,65.2
1784036842.082,1721,8.439,-0.0,1.38,0.0,13.3,62.7
1784036842.082,1721,3.588,-0.695,0.631,0.162,13.9,58.1
1784036842.082,1721,4.071,-0.777,0.022,0.243,14.9,55.3
1784036842.132,1722,0.439,0.248,-0.259,0.0,13.6,62.9
1784036842.132,1722,0.553,0.071,0.102,0.0,13.6,62.9
1784036842.132,1722,1.693,-0.762,0.269,0.0,17.2,73.0
1784036842.132,1722,3.412,-1.82,0.346,0.0,16.8,73.9
1784036842.132,1722,7.454,-2.76,1.123,0.0,18.7,65.4
1784036842.132,1722,7.253,-3.261,1.097,0.0,18.7,65.4
1784036842.132,1722,8.452,-0.0,1.301,0.0,12.9,63.0
1784036842.285,1723,0.438,0.248,-0.261,0.0,12.0,64.4
1784036842.285,1723,0.553,0.071,0.104,0.0,12.0,64.4
1784036842.285,1723,1.693,-0.762,0.266,0.0,17.2,73.1
1784036842.285,1723,3.411,-1.82,0.362,0.0,16.7,73.9
1784036842.285,1723,7.458,-2.76,1.1,0.0,18.5,65.6
1784036842.285,1723,7.255,-3.261,1.084,0.0,18.5,65.6
1784036842.285,1723,8.448,-0.0,1.322,0.0,12.6,63.4
1784036842.39,1724,1.693,-0.762,0.269,0.0,17.3,72.9
1784036842.39,1724,3.407,-1.82,0.396,0.0,16.4,73.8
1784036842.39,1724,6.6,-2.716,1.229,0.0,11.4,64.0
1784036842.39,1724,7.462,-2.76,1.072,0.0,19.0,65.1
1784036842.39,1724,7.26,-3.261,1.047,0.0,19.0,65.1
1784036842.39,1724,8.442,-0.0,1.362,0.0,13.0,63.1
1784036842.443,1725,0.443,0.248,-0.253,0.0,12.8,63.7
1784036842.443,1725,0.554,0.071,0.101,0.0,12.8,63.7
1784036842.443,1725,1.693,-0.762,0.269,0.0,17.2,73.0
1784036842.443,1725,3.41,-1.82,0.368,0.0,17.1,73.5
1784036842.443,1725,7.261,-3.261,1.045,0.0,18.4,65.6
1784036842.443,1725,7.464,-2.76,1.059,0.0,18.4,65.6
1784036842.443,1725,8.42,-0.0,1.492,0.0,12.5,63.3
1784036842.546,1726,0.44,0.248,-0.257,0.0,11.7,64.7
1784036842.546,1726,0.554,0.071,0.1,0.0,11.7,64.7
1784036842.546,1726,1.693,-0.762,0.268,0.0,17.4,72.8
1784036842.546,1726,3.415,-1.82,0.321,0.0,17.1,73.4
1784036842.546,1726,7.365,-3.01,1.07,0.0,18.8,65.3
1784036842.546,1726,8.442,-0.0,1.36,0.0,13.0,63.1
1784036842.647,1727,0.433,0.266,-0.252,0.0,11.6,64.5
1784036842.647,1727,0.552,0.071,0.112,0.0,11.6,64.5
1784036842.647,1727,1.693,-0.762,0.268,0.0,17.2,73.0
1784036842.647,1727,3.409,-1.82,0.377,0.0,16.4,73.8
1784036842.647,1727,6.589,-2.716,1.29,0.0,11.5,63.8
1784036842.647,1727,7.26,-3.261,1.047,0.0,19.2,64.8
1784036842.647,1727,8.434,-0.0,1.408,0.0,12.3,63.5
1784036842.751,1728,0.442,0.248,-0.254,0.0,11.6,64.9
1784036842.751,1728,0.554,0.071,0.1,0.0,11.6,64.9
1784036842.751,1728,1.693,-0.762,0.268,0.0,17.3,72.9
1784036842.751,1728,3.405,-1.82,0.414,0.0,16.7,73.9
1784036842.751,1728,6.587,-2.716,1.299,0.0,11.8,63.4
1784036842.751,1728,7.363,-3.01,1.078,0.0,19.2,64.8
1784036842.751,1728,8.447,-0.0,1.331,0.0,12.1,63.9
1784036842.853,1729,0.442,0.248,-0.254,0.0,12.0,64.5
1784036842.853,1729,0.553,0.071,0.106,0.0,12.0,64.5
1784036842.853,1729,1.693,-0.762,0.266,0.0,17.2,73.0
1784036842.853,1729,3.409,-1.82,0.381,0.0,16.8,73.8
1784036842.853,1729,6.563,-2.716,1.415,0.0,11.3,64.1
1784036842.853,1729,7.363,-3.01,1.082,0.0,18.7,65.3
1784036842.853,1729,8.438,-0.0,1.389,0.0,13.1,62.8
1784036842.853,1729,4.589,-1.68,-0.024,-0.162,11.3,53.3
1784036842.853,1729,4.723,-1.411,0.935,-0.162,14.6,54.0
1784036842.954,1730,1.693,-0.762,0.268,0.0,17.2,73.0
1784036842.954,1730,3.414,-1.82,0.332,0.0,16.5,73.8
1784036842.954,1730,6.575,-2.716,1.356,0.0,11.3,64.0
1784036842.954,1730,7.366,-3.01,1.057,0.0,18.8,65.2
1784036842.954,1730,8.406,-0.0,1.569,0.0,12.7,63.2
1784036842.954,1730,4.53,-1.399,1.503,-0.162,15.3,51.6
1784036843.055,1731,0.444,0.248,-0.25,0.0,12.1,64.4
1784036843.055,1731,0.554,0.071,0.1,0.0,12.1,64.4
1784036843.055,1731,1.694,-0.762,0.266,0.0,17.4,72.8
1784036843.055,1731,3.41,-1.82,0.37,0.0,16.9,73.7
1784036843.055,1731,6.585,-2.716,1.309,0.0,11.4,63.9
1784036843.055,1731,7.362,-3.01,1.087,0.0,18.9,65.2
1784036843.055,1731,8.41,-0.0,1.546,0.0,12.0,63.6
1784036843.055,1731,4.617,-1.362,0.531,-0.243,14.5,50.2
1784036843.055,1731,4.611,-1.399,1.231,-0.162,12.9,53.2
1784036843.159,1732,1.693,-0.762,0.267,0.0,17.3,72.9
1784036843.159,1732,3.412,-1.82,0.347,0.0,16.8,73.8
1784036843.159,1732,6.569,-2.716,1.388,0.0,12.0,63.4
1784036843.159,1732,7.359,-3.01,1.109,0.0,19.4,64.7
1784036843.159,1732,8.398,-0.0,1.612,0.0,12.2,63.5
1784036843.159,1732,4.632,-1.387,0.962,-0.162,16.8,53.2
1784036843.262,1733,1.693,-0.762,0.267,0.0,17.4,72.8
1784036843.262,1733,3.415,-1.82,0.315,0.0,16.6,73.8
1784036843.262,1733,6.555,-2.716,1.45,0.0,11.2,64.0
1784036843.262,1733,7.363,-3.01,1.081,0.0,18.8,65.2
1784036843.262,1733,8.425,-0.0,1.465,0.0,11.8,63.8
1784036843.389,1734,1.694,-0.762,0.265,0.0,17.3,72.9
1784036843.389,1734,3.416,-1.82,0.304,0.0,16.7,73.9
1784036843.389,1734,6.575,-2.716,1.36,0.0,11.3,64.0
1784036843.389,1734,7.369,-3.01,1.037,0.0,18.8,65.2
1784036843.389,1734,8.443,-0.0,1.354,0.0,12.4,63.5
1784036843.389,1734,4.584,-1.527,0.728,-0.162,16.4,53.6
1784036843.441,1735,1.693,-0.762,0.266,0.0,17.2,73.0
1784036843.441,1735,3.413,-1.82,0.339,0.0,17.0,73.5
1784036843.441,1735,6.568,-2.716,1.394,0.0,11.3,63.7
1784036843.441,1735,7.367,-3.01,1.051,0.0,19.1,64.9
1784036843.441,1735,8.451,-0.0,1.303,0.0,13.0,62.9
1784036843.441,1735,4.592,-1.527,0.675,-0.162,16.5,54.9
1784036843.56,1736,1.693,-0.762,0.269,0.0,17.3,72.9
1784036843.56,1736,3.407,-1.82,0.399,0.0,16.5,73.7
1784036843.56,1736,7.368,-3.01,1.043,0.0,18.7,65.2
1784036843.56,1736,8.448,-0.0,1.326,0.0,12.8,63.1
1784036843.56,1736,4.648,-1.541,0.576,-0.162,12.9,54.2
1784036843.678,1737,1.693,-0.762,0.268,0.0,17.3,72.9
1784036843.678,1737,3.477,-1.699,0.316,0.0,17.0,73.7
1784036843.678,1737,6.578,-2.716,1.344,0.0,11.4,64.0
1784036843.678,1737,7.362,-3.01,1.09,0.0,18.8,65.2
1784036843.678,1737,8.454,-0.0,1.285,0.0,13.1,62.8
1784036843.74,1738,1.694,-0.762,0.265,0.0,17.3,72.9
1784036843.74,1738,3.414,-1.82,0.326,0.0,16.3,74.1
1784036843.74,1738,6.574,-2.716,1.364,0.0,11.6,63.7
1784036843.74,1738,7.36,-3.01,1.103,0.0,19.0,64.9
1784036843.74,1738,8.434,-0.0,1.413,0.0,12.2,63.8
1784036843.862,1739,1.693,-0.762,0.267,0.0,17.3,72.9
1784036843.862,1739,3.413,-1.82,0.344,0.0,16.4,73.9
1784036843.862,1739,7.364,-3.01,1.074,0.0,18.7,65.3
1784036843.862,1739,8.454,-0.0,1.285,0.0,12.6,63.5
1784036843.968,1740,1.693,-0.762,0.267,0.0,17.2,73.0
1784036843.968,1740,3.416,-1.82,0.311,0.0,16.6,74.0
1784036843.968,1740,6.563,-2.716,1.416,0.0,11.3,64.0
1784036843.968,1740,7.359,-3.01,1.106,0.0,18.7,65.4
1784036843.968,1740,8.445,-0.0,1.343,0.0,12.3,63.8
1784036844.092,1741,0.605,0.076,0.042,0.0,11.6,64.4
1784036844.092,1741,1.693,-0.762,0.269,0.0,17.2,73.0
1784036844.092,1741,3.407,-1.82,0.392,0.0,17.2,73.8
1784036844.092,1741,6.577,-2.716,1.35,0.0,11.4,63.7
1784036844.092,1741,7.362,-3.01,1.091,0.0,19.0,65.0
1784036844.092,1741,8.477,-0.0,1.126,0.0,12.7,63.6
1784036844.155,1742,0.603,0.076,0.062,0.0,11.9,63.9
1784036844.155,1742,1.717,-0.704,0.28,0.0,17.1,73.1
1784036844.155,1742,3.412,-1.82,0.352,0.0,17.5,73.5
1784036844.155,1742,6.572,-2.716,1.375,0.0,11.7,63.5
1784036844.155,1742,7.364,-3.01,1.07,0.0,19.4,64.7
1784036844.155,1742,8.467,-0.0,1.195,0.0,11.9,64.1
1784036844.268,1743,1.693,-0.762,0.268,0.0,17.1,73.0
1784036844.268,1743,3.412,-1.82,0.347,0.0,17.2,73.5
1784036844.268,1743,6.605,-2.716,1.204,0.0,12.3,62.9
1784036844.268,1743,7.357,-3.01,1.121,0.0,19.7,64.3
1784036844.268,1743,8.464,-0.267,1.189,0.0,11.4,64.6
1784036844.382,1744,0.603,0.076,0.06,0.0,11.4,64.5
1784036844.382,1744,1.693,-0.762,0.267,0.0,17.0,73.1
1784036844.382,1744,3.414,-1.82,0.328,0.0,17.5,73.5
1784036844.382,1744,6.584,-2.716,1.316,0.0,12.5,62.9
1784036844.382,1744,7.357,-3.01,1.118,0.0,19.9,64.2
1784036844.382,1744,8.469,-0.267,1.153,0.0,11.8,64.1
1784036844.491,1745,0.603,0.076,0.062,0.0,12.3,63.6
1784036844.491,1745,1.717,-0.704,0.279,0.0,17.1,73.0
1784036844.491,1745,3.41,-1.82,0.369,0.0,17.3,73.7
1784036844.491,1745,6.581,-2.716,1.329,0.0,11.8,63.4
1784036844.491,1745,7.36,-3.01,1.101,0.0,19.5,64.5
1784036844.491,1745,8.46,-0.0,1.247,0.0,12.0,64.0
1784036844.491,1745,4.328,-1.288,0.773,0.568,15.1,49.2
1784036844.545,1746,1.716,-0.704,0.281,0.0,17.1,73.1
1784036844.545,1746,3.47,-1.699,0.389,0.0,16.8,73.6
1784036844.545,1746,6.582,-2.716,1.323,0.0,11.7,63.6
1784036844.545,1746,7.354,-3.01,1.14,0.0,18.9,64.8
1784036844.545,1746,8.478,-0.0,1.119,0.0,11.6,64.5
1784036844.667,1747,1.716,-0.704,0.28,0.0,17.2,72.9
1784036844.667,1747,3.413,-1.82,0.344,0.0,17.9,73.5
1784036844.667,1747,6.56,-2.716,1.429,0.0,12.1,63.3
1784036844.667,1747,7.35,-3.01,1.168,0.0,19.2,64.6
1784036844.667,1747,8.458,-0.0,1.258,0.0,12.3,63.8
1784036844.667,1747,1.976,2.291,0.419,0.568,20.0,49.1
1784036844.791,1748,1.693,-0.762,0.269,0.0,17.1,73.1
1784036844.791,1748,3.468,-1.699,0.409,0.0,17.4,73.0
1784036844.791,1748,6.571,-2.716,1.378,0.0,12.1,63.4
1784036844.791,1748,7.359,-3.01,1.105,0.0,19.5,64.7
1784036844.791,1748,8.444,-0.0,1.347,0.0,11.8,64.3
1784036844.849,1749,1.717,-0.704,0.276,0.0,16.9,73.2
1784036844.849,1749,3.47,-1.699,0.389,0.0,17.1,73.3
1784036844.849,1749,6.575,-2.716,1.357,0.0,11.6,63.7
1784036844.849,1749,7.362,-3.01,1.089,0.0,19.1,64.9
1784036844.849,1749,8.457,-0.0,1.266,0.0,12.0,64.1
1784036844.959,1750,1.692,-0.762,0.274,0.0,17.2,73.0
1784036844.959,1750,3.421,-1.82,0.248,0.0,15.6,73.8
1784036844.959,1750,7.343,-3.01,1.206,0.0,18.7,65.5
1784036845.084,1751,1.692,-0.762,0.274,0.0,17.5,72.7
1784036845.084,1751,3.409,-1.82,0.377,0.0,15.5,73.7
1784036845.084,1751,7.361,-3.01,1.094,0.0,18.9,65.3
1784036845.084,1751,8.462,-0.0,1.23,0.0,11.8,64.2
1784036845.084,1751,4.475,-1.337,0.893,0.162,18.0,51.2
1784036845.146,1752,1.692,-0.762,0.273,0.0,17.3,72.8
1784036845.146,1752,3.408,-1.82,0.389,0.0,15.6,73.3
1784036845.146,1752,7.358,-3.01,1.114,0.0,18.8,65.3
1784036845.146,1752,8.45,-0.0,1.312,0.0,12.0,64.0
1784036845.251,1753,1.715,-0.704,0.288,0.0,17.1,73.1
1784036845.251,1753,3.471,-1.699,0.377,0.0,17.3,73.5
1784036845.251,1753,6.555,-2.716,1.453,0.0,11.3,63.6
1784036845.251,1753,7.454,-2.76,1.124,0.0,19.2,64.8
1784036845.251,1753,7.251,-3.261,1.106,0.0,19.2,64.8
1784036845.251,1753,8.449,-0.0,1.321,0.0,11.4,64.3
1784036845.379,1754,1.717,-0.704,0.279,0.0,17.2,73.0
1784036845.379,1754,3.409,-1.82,0.376,0.0,14.4,73.9
1784036845.379,1754,7.358,-3.01,1.115,0.0,18.8,65.4
1784036845.379,1754,8.454,-0.0,1.285,0.0,11.9,63.9
1784036845.484,1755,1.716,-0.704,0.283,0.0,17.2,73.0
1784036845.484,1755,3.468,-1.699,0.409,0.0,15.5,73.9
1784036845.484,1755,7.355,-3.01,1.135,0.0,18.9,65.1
1784036845.484,1755,8.433,-0.0,1.417,0.0,11.5,64.5
1784036845.541,1756,1.716,-0.704,0.282,0.0,17.0,73.2
1784036845.541,1756,3.471,-1.699,0.379,0.0,15.9,73.8
1784036845.541,1756,6.574,-2.716,1.362,0.0,11.2,63.9
1784036845.541,1756,7.453,-2.76,1.132,0.0,19.2,65.1
1784036845.541,1756,8.423,-0.0,1.475,0.0,11.7,64.1
1784036845.666,1757,1.716,-0.704,0.283,0.0,17.2,73.0
1784036845.666,1757,3.474,-1.699,0.352,0.0,15.4,73.8
1784036845.666,1757,6.575,-2.716,1.358,0.0,11.7,63.4
1784036845.666,1757,7.355,-3.01,1.135,0.0,19.5,64.6
1784036845.666,1757,8.434,-0.0,1.414,0.0,12.0,63.9
1784036845.776,1758,1.716,-0.704,0.283,0.0,17.2,73.0
1784036845.776,1758,3.422,-1.82,0.236,0.0,15.0,74.0
1784036845.776,1758,7.357,-3.01,1.118,0.0,18.9,65.3
1784036845.776,1758,8.435,-0.0,1.404,0.0,11.8,63.9
1784036845.886,1759,1.692,-0.762,0.276,0.0,17.2,73.0
1784036845.886,1759,3.422,-1.82,0.238,0.0,15.9,73.7
1784036845.886,1759,7.459,-2.76,1.093,0.0,18.7,65.4
1784036845.886,1759,7.254,-3.261,1.088,0.0,18.7,65.4
1784036845.886,1759,8.429,-0.0,1.442,0.0,12.2,63.4
1784036845.886,1759,4.514,-1.178,0.663,0.162,16.2,50.9
1784036845.946,1760,1.716,-0.704,0.284,0.0,17.1,73.1
1784036845.946,1760,3.407,-1.82,0.393,0.0,15.3,74.0
1784036845.946,1760,7.356,-3.01,1.124,0.0,18.4,65.6
1784036845.946,1760,8.466,-0.0,1.201,0.0,12.2,63.6
1784036845.946,1760,4.581,-1.362,0.78,-0.162,14.7,52.1
1784036846.067,1761,1.716,-0.704,0.284,0.0,17.3,72.9
1784036846.067,1761,3.411,-1.82,0.362,0.0,15.0,74.0
1784036846.067,1761,7.456,-2.76,1.109,0.0,18.7,65.3
1784036846.067,1761,7.253,-3.261,1.098,0.0,18.7,65.3
1784036846.067,1761,8.43,-0.0,1.435,0.0,11.5,64.2
1784036846.067,1761,4.429,-1.313,0.671,-0.649,18.8,48.2
1784036846.067,1761,4.571,-1.513,0.514,-0.162,16.9,52.4
1784036846.17,1762,1.692,-0.762,0.276,0.0,17.2,73.0
1784036846.17,1762,3.417,-1.82,0.294,0.0,16.5,73.5
1784036846.17,1762,6.57,-2.716,1.383,0.0,11.8,63.4
1784036846.17,1762,7.456,-2.76,1.113,0.0,19.5,64.5
1784036846.17,1762,7.252,-3.261,1.101,0.0,19.5,64.5
1784036846.17,1762,8.44,-0.0,1.373,0.0,11.8,63.9
1784036846.17,1762,4.292,-1.288,0.952,-0.649,19.9,49.1
1784036846.17,1762,4.579,-1.527,0.761,-0.162,11.7,51.1
1784036846.291,1763,1.716,-0.704,0.284,0.0,17.2,73.0
1784036846.291,1763,3.405,-1.82,0.415,0.0,14.7,74.2
1784036846.291,1763,6.547,-2.716,1.486,0.0,11.2,63.9
1784036846.291,1763,7.36,-3.01,1.099,0.0,19.1,64.9
1784036846.291,1763,8.458,-0.0,1.256,0.0,12.0,63.6
1784036846.291,1763,4.277,-1.276,0.817,-0.649,19.8,49.3
1784036846.291,1763,1.95,2.07,0.452,-0.487,24.6,49.1
1784036846.291,1763,2.441,-0.99,1.163,-0.487,24.6,49.1
1784036846.291,1763,0.801,0.81,0.3,-0.325,18.2,48.0
1784036846.291,1763,4.476,-1.513,1.06,-0.162,11.4,52.5
1784036846.353,1764,1.716,-0.704,0.284,0.0,17.3,72.9
1784036846.353,1764,3.414,-1.82,0.328,0.0,15.3,73.9
1784036846.353,1764,6.546,-2.716,1.492,0.0,11.3,63.7
1784036846.353,1764,7.459,-2.76,1.089,0.0,18.9,64.9
1784036846.353,1764,8.442,-0.0,1.363,0.0,12.3,63.3
1784036846.353,1764,0.679,0.815,0.402,-0.487,17.0,48.8
1784036846.353,1764,4.327,-1.59,0.365,-0.406,18.3,50.1
1784036846.353,1764,4.534,-1.513,0.778,-0.243,13.9,54.2
1784036846.471,1765,1.716,-0.704,0.283,0.0,17.2,73.0
1784036846.471,1765,3.419,-1.82,0.275,0.0,16.0,73.6
1784036846.471,1765,7.46,-2.76,1.088,0.0,18.5,65.5
1784036846.471,1765,8.437,-0.0,1.394,0.0,12.4,63.2
1784036846.471,1765,0.621,0.916,0.517,-0.406,15.8,48.8
1784036846.471,1765,4.343,-1.445,0.659,-0.325,15.8,51.4
1784036846.471,1765,4.508,-1.486,0.292,-0.325,13.5,52.9
1784036846.592,1766,1.716,-0.704,0.284,0.0,17.2,73.0
1784036846.592,1766,3.417,-1.82,0.295,0.0,15.3,74.0
1784036846.592,1766,6.555,-2.716,1.454,0.0,11.4,63.6
1784036846.592,1766,7.356,-3.01,1.125,0.0,18.9,64.9
1784036846.592,1766,8.454,-0.0,1.286,0.0,11.4,64.1
1784036846.592,1766,4.445,-1.486,0.807,-0.325,13.9,52.5
1784036846.648,1767,1.715,-0.704,0.286,0.0,17.1,73.0
1784036846.648,1767,3.42,-1.82,0.266,0.0,15.6,73.7
1784036846.648,1767,6.577,-2.716,1.348,0.0,11.9,63.5
1784036846.648,1767,7.361,-3.01,1.091,0.0,19.4,64.7
1784036846.648,1767,8.465,-0.0,1.213,0.0,12.2,63.4
1784036846.648,1767,4.481,-1.486,0.569,-0.325,14.4,51.9
1784036846.648,1767,0.639,0.753,0.349,-0.243,18.3,47.5
1784036846.764,1768,1.716,-0.704,0.284,0.0,17.1,73.1
1784036846.764,1768,3.412,-1.82,0.355,0.0,15.9,73.8
1784036846.764,1768,6.587,-2.716,1.297,0.0,11.3,63.7
1784036846.764,1768,7.363,-3.01,1.082,0.0,19.0,65.0
1784036846.764,1768,8.464,-0.0,1.22,0.0,12.4,63.2
1784036846.764,1768,4.263,-1.459,1.222,-0.243,16.5,51.0
1784036846.764,1768,0.58,0.72,0.258,-0.162,13.0,50.6
1784036846.764,1768,0.614,0.883,0.479,-0.162,11.7,50.7
1784036846.879,1769,1.716,-0.704,0.281,0.0,17.1,73.1
1784036846.879,1769,3.41,-1.82,0.367,0.0,15.5,73.5
1784036846.879,1769,7.362,-3.01,1.084,0.0,19.1,65.1
1784036846.879,1769,8.448,-0.0,1.322,0.0,12.2,63.4
1784036846.931,1770,1.716,-0.704,0.285,0.0,17.2,73.0
1784036846.931,1770,3.406,-1.82,0.408,0.0,15.4,73.9
1784036846.931,1770,6.546,-2.716,1.491,0.0,12.0,62.9
1784036846.931,1770,7.365,-3.01,1.066,0.0,19.9,64.2
1784036846.931,1770,8.456,-0.0,1.273,0.0,13.0,62.8
1784036847.052,1771,1.716,-0.704,0.284,0.0,17.1,73.1
1784036847.052,1771,3.409,-1.82,0.377,0.0,15.4,74.1
1784036847.052,1771,7.365,-3.01,1.067,0.0,19.0,65.2
1784036847.052,1771,8.448,-0.0,1.324,0.0,12.5,63.3
1784036847.172,1772,1.716,-0.704,0.284,0.0,17.1,73.1
1784036847.172,1772,3.401,-1.82,0.441,0.0,15.6,73.8
1784036847.172,1772,6.556,-2.716,1.447,0.0,11.6,63.6
1784036847.172,1772,7.364,-3.01,1.074,0.0,18.9,65.0
1784036847.172,1772,8.452,-0.0,1.296,0.0,12.7,63.3
1784036847.172,1772,4.328,-1.432,0.45,0.162,11.9,58.3
1784036847.29,1773,1.716,-0.704,0.284,0.0,17.3,72.9
1784036847.29,1773,3.405,-1.82,0.416,0.0,15.1,73.8
1784036847.29,1773,6.565,-2.716,1.404,0.0,11.3,63.6
1784036847.29,1773,7.362,-3.01,1.087,0.0,19.1,64.9
1784036847.29,1773,8.459,-0.0,1.252,0.0,12.3,63.6
1784036847.29,1773,4.333,-1.445,0.722,0.243,12.6,55.8
1784036847.29,1773,4.504,-1.486,0.349,0.243,11.3,55.5
1784036847.352,1774,1.716,-0.704,0.285,0.0,17.2,73.1
1784036847.352,1774,3.418,-1.82,0.289,0.0,15.8,73.8
1784036847.352,1774,6.562,-2.716,1.419,0.0,11.2,63.7
1784036847.352,1774,7.364,-3.01,1.075,0.0,18.9,65.2
1784036847.352,1774,8.459,-0.0,1.25,0.0,12.4,63.4
1784036847.455,1775,1.716,-0.704,0.284,0.0,17.3,72.9
1784036847.455,1775,3.416,-1.82,0.309,0.0,15.5,74.0
1784036847.455,1775,7.362,-3.01,1.09,0.0,19.1,65.1
1784036847.455,1775,8.464,-0.0,1.22,0.0,12.4,63.4
1784036847.562,1776,1.716,-0.704,0.284,0.0,17.2,73.0
1784036847.562,1776,3.41,-1.82,0.368,0.0,15.4,73.7
1784036847.562,1776,6.554,-2.716,1.458,0.0,11.5,63.5
1784036847.562,1776,7.358,-3.01,1.115,0.0,19.2,64.9
1784036847.562,1776,8.459,-0.0,1.251,0.0,11.7,64.2
1784036847.562,1776,4.54,-1.513,0.74,0.325,12.8,55.8
1784036847.688,1777,1.716,-0.704,0.281,0.0,17.2,73.0
1784036847.688,1777,3.412,-1.82,0.351,0.0,15.6,73.8
1784036847.688,1777,6.552,-2.716,1.465,0.0,11.4,63.8
1784036847.688,1777,7.354,-3.01,1.138,0.0,19.0,65.1
1784036847.688,1777,8.43,-0.0,1.435,0.0,12.3,63.4
1784036847.688,1777,4.532,-1.362,1.029,0.243,12.8,52.9
1784036847.745,1778,1.693,-0.762,0.267,0.0,17.1,73.1
1784036847.745,1778,3.413,-1.82,0.343,0.0,17.6,73.2
1784036847.745,1778,6.557,-2.716,1.441,0.0,12.3,63.2
1784036847.745,1778,7.351,-3.01,1.162,0.0,19.4,64.6
1784036847.745,1778,8.462,-0.0,1.229,0.0,11.3,64.7
1784036847.745,1778,4.451,-1.472,0.471,0.162,14.6,52.5
1784036847.865,1779,1.693,-0.762,0.27,0.0,17.2,72.9
1784036847.865,1779,3.475,-1.699,0.338,0.0,16.3,73.9
1784036847.865,1779,6.589,-2.716,1.289,0.0,11.9,63.6
1784036847.865,1779,7.361,-3.01,1.094,0.0,19.2,64.7
1784036847.865,1779,8.458,-0.0,1.257,0.0,12.1,63.7
1784036847.989,1780,1.718,-0.704,0.273,0.0,17.2,73.0
1784036847.989,1780,3.412,-1.82,0.354,0.0,17.7,73.2
1784036847.989,1780,6.5,-2.942,1.244,0.0,12.1,63.1
1784036847.989,1780,7.36,-3.01,1.101,0.0,19.4,64.5
1784036847.989,1780,8.452,-0.0,1.299,0.0,12.2,63.8
1784036848.049,1781,1.692,-0.762,0.273,0.0,17.2,73.0
1784036848.049,1781,3.406,-1.82,0.404,0.0,16.5,73.2
1784036848.049,1781,6.577,-2.716,1.351,0.0,11.2,64.2
1784036848.049,1781,7.359,-3.01,1.107,0.0,18.8,65.3
1784036848.049,1781,8.465,-0.0,1.213,0.0,11.7,64.3
1784036848.161,1782,1.694,-0.762,0.266,0.0,17.0,73.1
1784036848.161,1782,3.417,-1.82,0.297,0.0,17.0,73.6
1784036848.161,1782,6.588,-2.716,1.293,0.0,11.6,63.6
1784036848.161,1782,7.364,-3.01,1.077,0.0,19.2,64.8
1784036848.161,1782,8.441,-0.0,1.371,0.0,12.1,63.6
1784036848.272,1783,1.716,-0.704,0.283,0.0,17.1,73.1
1784036848.272,1783,3.407,-1.82,0.393,0.0,16.3,73.7
1784036848.272,1783,6.566,-2.716,1.401,0.0,12.3,63.1
1784036848.272,1783,7.357,-3.01,1.122,0.0,19.7,64.2
1784036848.272,1783,8.456,-0.0,1.272,0.0,11.9,64.0
1784036848.385,1784,1.693,-0.762,0.269,0.0,17.0,73.1
1784036848.385,1784,3.415,-1.82,0.324,0.0,15.4,74.0
1784036848.385,1784,6.564,-2.716,1.409,0.0,11.6,63.8
1784036848.385,1784,7.36,-3.01,1.101,0.0,19.1,65.0
1784036848.385,1784,8.432,-0.0,1.424,0.0,12.3,63.5
1784036848.446,1785,0.467,0.248,-0.205,0.0,12.1,64.7
1784036848.446,1785,0.559,0.053,0.079,0.0,12.1,64.7
1784036848.446,1785,1.716,-0.704,0.282,0.0,17.0,73.1
1784036848.446,1785,3.413,-1.82,0.343,0.0,17.2,73.4
1784036848.446,1785,6.561,-2.716,1.424,0.0,12.3,63.0
1784036848.446,1785,7.36,-3.01,1.099,0.0,19.8,64.5
1784036848.446,1785,8.433,-0.0,1.419,0.0,12.5,63.5
1784036848.571,1786,1.693,-0.762,0.269,0.0,17.2,73.0
1784036848.571,1786,3.411,-1.82,0.362,0.0,15.2,73.9
1784036848.571,1786,6.566,-2.716,1.399,0.0,11.8,63.8
1784036848.571,1786,7.355,-3.01,1.133,0.0,18.8,65.2
1784036848.571,1786,8.446,-0.0,1.338,0.0,12.4,63.5
1784036848.68,1787,0.468,0.248,-0.204,0.0,11.7,64.8
1784036848.68,1787,0.553,0.053,0.114,0.0,11.7,64.8
1784036848.68,1787,1.693,-0.762,0.272,0.0,17.2,72.9
1784036848.68,1787,3.407,-1.82,0.392,0.0,15.4,73.8
1784036848.68,1787,7.358,-3.01,1.116,0.0,18.9,65.3
1784036848.68,1787,8.446,-0.0,1.34,0.0,12.0,63.9
1784036848.732,1788,0.47,0.248,-0.198,0.0,12.4,64.3
1784036848.732,1788,0.557,0.053,0.094,0.0,12.4,64.3
1784036848.732,1788,1.693,-0.762,0.271,0.0,17.1,73.1
1784036848.732,1788,3.416,-1.82,0.313,0.0,16.5,73.5
1784036848.732,1788,7.363,-3.01,1.079,0.0,18.5,65.7
1784036848.732,1788,8.456,-0.0,1.273,0.0,11.8,63.9
1784036848.855,1789,1.693,-0.762,0.271,0.0,17.2,73.0
1784036848.855,1789,3.412,-1.82,0.346,0.0,15.2,73.8
1784036848.855,1789,7.355,-3.01,1.135,0.0,18.3,65.9
1784036848.855,1789,8.431,-0.0,1.432,0.0,12.2,63.6
1784036848.978,1790,1.693,-0.762,0.272,0.0,17.1,73.0
1784036848.978,1790,3.418,-1.82,0.286,0.0,16.0,73.8
1784036848.978,1790,6.565,-2.716,1.405,0.0,11.4,64.0
1784036848.978,1790,7.361,-3.01,1.096,0.0,18.8,65.2
1784036848.978,1790,8.427,-0.0,1.452,0.0,12.0,63.7
1784036849.034,1791,1.693,-0.762,0.268,0.0,17.2,72.9
1784036849.034,1791,3.411,-1.82,0.359,0.0,15.5,73.8
1784036849.034,1791,7.359,-3.01,1.11,0.0,18.1,65.9
1784036849.034,1791,8.409,-0.0,1.555,0.0,12.0,63.7
1784036849.154,1792,0.466,0.248,-0.208,0.0,11.2,65.3
1784036849.154,1792,0.552,0.071,0.107,0.0,11.2,65.3
1784036849.154,1792,1.693,-0.762,0.27,0.0,17.3,72.9
1784036849.154,1792,3.418,-1.82,0.288,0.0,15.8,74.0
1784036849.154,1792,6.547,-2.716,1.489,0.0,11.4,64.0
1784036849.154,1792,7.363,-3.01,1.082,0.0,18.7,65.4
1784036849.154,1792,8.433,-0.0,1.415,0.0,12.5,63.3
1784036849.264,1793,0.483,0.23,-0.189,0.0,11.9,64.7
1784036849.264,1793,0.553,0.053,0.115,0.0,11.9,64.7
1784036849.264,1793,1.693,-0.762,0.27,0.0,17.1,73.0
1784036849.264,1793,3.411,-1.82,0.356,0.0,15.5,73.9
1784036849.264,1793,7.354,-3.01,1.138,0.0,18.9,65.4
1784036849.264,1793,8.432,-0.0,1.421,0.0,11.7,64.0
1784036849.378,1794,1.693,-0.762,0.269,0.0,17.3,72.9
1784036849.378,1794,3.407,-1.82,0.4,0.0,15.3,73.9
1784036849.378,1794,6.578,-2.716,1.342,0.0,11.5,64.1
1784036849.378,1794,7.358,-3.01,1.117,0.0,18.9,65.3
1784036849.378,1794,8.435,-0.0,1.403,0.0,11.9,64.0
1784036849.439,1795,1.693,-0.762,0.27,0.0,17.2,73.0
1784036849.439,1795,3.413,-1.82,0.337,0.0,16.6,73.5
1784036849.439,1795,6.575,-2.716,1.36,0.0,11.5,63.9
1784036849.439,1795,7.359,-3.01,1.108,0.0,19.0,65.2
1784036849.439,1795,8.426,-0.0,1.458,0.0,11.7,64.1
1784036849.553,1796,1.693,-0.762,0.268,0.0,17.2,73.0
1784036849.553,1796,3.415,-1.82,0.32,0.0,15.1,74.1
1784036849.553,1796,7.358,-3.01,1.113,0.0,18.5,65.6
1784036849.553,1796,8.441,-0.0,1.368,0.0,12.4,63.2
1784036849.662,1797,1.693,-0.762,0.268,0.0,17.2,73.0
1784036849.662,1797,3.415,-1.82,0.322,0.0,15.7,73.8
1784036849.662,1797,7.357,-3.01,1.122,0.0,18.3,65.8
1784036849.662,1797,8.403,-0.0,1.587,0.0,11.5,64.1
1784036849.777,1798,0.479,0.23,-0.198,0.0,11.7,65.0
1784036849.777,1798,0.556,0.053,0.098,0.0,11.7,65.0
1784036849.777,1798,1.693,-0.762,0.268,0.0,17.1,73.1
1784036849.777,1798,3.413,-1.82,0.341,0.0,16.3,73.7
1784036849.777,1798,6.571,-2.716,1.38,0.0,11.2,64.1
1784036849.777,1798,7.356,-3.01,1.13,0.0,18.9,65.2
1784036849.899,1799,1.693,-0.762,0.268,0.0,17.2,73.0
1784036849.899,1799,3.406,-1.82,0.403,0.0,15.1,74.0
1784036849.899,1799,7.354,-3.01,1.138,0.0,18.0,66.1
1784036849.899,1799,8.435,-0.0,1.404,0.0,12.0,63.8
1784036849.963,1800,0.47,0.248,-0.197,0.0,11.6,65.1
1784036849.963,1800,0.556,0.053,0.097,0.0,11.6,65.1
1784036849.963,1800,1.693,-0.762,0.269,0.0,17.2,73.0
1784036849.963,1800,3.42,-1.82,0.256,0.0,16.2,73.9
1784036849.963,1800,7.356,-3.01,1.127,0.0,18.6,65.6
1784036849.963,1800,8.409,-0.0,1.551,0.0,11.3,64.3
1784036850.082,1801,0.468,0.248,-0.204,0.0,11.4,65.3
1784036850.082,1801,0.555,0.053,0.104,0.0,11.4,65.3
1784036850.082,1801,1.694,-0.762,0.265,0.0,17.0,73.1
1784036850.082,1801,3.405,-1.82,0.409,0.0,15.8,74.0
1784036850.082,1801,7.356,-3.01,1.126,0.0,18.5,65.7
1784036850.082,1801,8.416,0.267,1.489,0.0,11.8,63.7
1784036850.201,1802,1.693,-0.762,0.268,0.0,17.1,73.0
1784036850.201,1802,3.474,-1.699,0.347,0.0,15.9,73.5
1784036850.201,1802,7.356,-3.01,1.126,0.0,18.0,66.0
1784036850.201,1802,8.427,0.267,1.427,0.0,12.1,63.5
1784036850.253,1803,0.461,0.248,-0.219,0.0,11.2,65.5
1784036850.253,1803,0.555,0.071,0.095,0.0,11.2,65.5
1784036850.253,1803,1.693,-0.762,0.267,0.0,17.2,73.0
1784036850.253,1803,3.414,-1.82,0.327,0.0,16.7,73.6
1784036850.253,1803,7.352,-3.01,1.154,0.0,18.3,66.0
1784036850.253,1803,8.421,-0.0,1.487,0.0,11.5,63.9
1784036850.377,1804,1.693,-0.762,0.269,0.0,17.2,73.0
1784036850.377,1804,3.409,-1.82,0.382,0.0,16.1,73.8
1784036850.377,1804,7.354,-3.01,1.143,0.0,18.6,65.7
1784036850.377,1804,8.429,-0.0,1.442,0.0,11.9,63.6
1784036850.489,1805,1.692,-0.762,0.273,0.0,17.1,73.1
1784036850.489,1805,3.419,-1.82,0.275,0.0,16.3,73.4
1784036850.489,1805,7.358,-3.01,1.113,0.0,18.5,65.6
1784036850.489,1805,8.425,-0.0,1.463,0.0,11.6,63.8
1784036850.489,1805,0.819,0.81,0.246,-0.162,14.5,49.0
1784036850.542,1806,1.693,-0.762,0.269,0.0,17.0,73.1
1784036850.542,1806,3.406,-1.82,0.401,0.0,16.1,73.6
1784036850.542,1806,7.358,-3.01,1.117,0.0,18.3,65.9
1784036850.542,1806,8.408,0.267,1.533,0.0,12.4,63.0
1784036850.542,1806,0.735,0.847,0.362,-0.162,18.0,48.7
1784036850.665,1807,1.716,-0.704,0.281,0.0,17.1,73.0
1784036850.665,1807,3.409,-1.82,0.382,0.0,16.6,73.3
1784036850.665,1807,7.36,-3.01,1.099,0.0,18.2,66.0
1784036850.665,1807,8.396,-0.0,1.62,0.0,12.0,63.3
1784036850.665,1807,4.424,-1.62,0.054,0.081,12.3,61.0
1784036850.782,1808,1.693,-0.762,0.269,0.0,17.2,73.0
1784036850.782,1808,3.413,-1.82,0.345,0.0,16.0,73.3
1784036850.782,1808,7.355,-3.01,1.132,0.0,17.7,66.4
1784036850.782,1808,8.406,-0.0,1.572,0.0,12.5,62.8
1784036850.84,1809,1.716,-0.704,0.281,0.0,17.1,73.1
1784036850.84,1809,3.414,-1.82,0.326,0.0,16.3,73.7
1784036850.84,1809,7.357,-3.01,1.118,0.0,18.0,66.1
1784036850.84,1809,8.375,-0.0,1.727,0.0,12.0,63.2
1784036850.953,1810,1.693,-0.762,0.269,0.0,17.1,73.1
1784036850.953,1810,3.415,-1.82,0.324,0.0,16.1,73.6
1784036850.953,1810,7.356,-3.01,1.125,0.0,18.1,66.0
1784036850.953,1810,8.375,-0.0,1.728,0.0,11.5,63.9
1784036851.074,1811,1.693,-0.762,0.271,0.0,17.0,73.1
1784036851.074,1811,3.413,-1.82,0.339,0.0,15.6,73.7
1784036851.074,1811,7.355,-3.01,1.136,0.0,17.7,66.4
1784036851.074,1811,8.391,-0.0,1.649,0.0,11.5,63.9
1784036851.189,1812,1.693,-0.762,0.269,0.0,16.9,73.3
1784036851.189,1812,3.417,-1.82,0.298,0.0,16.2,73.7
1784036851.189,1812,7.357,-3.01,1.121,0.0,17.2,66.9
1784036851.189,1812,8.39,-0.0,1.655,0.0,12.0,63.4
1784036851.25,1813,1.694,-0.762,0.265,0.0,17.2,73.0
1784036851.25,1813,3.414,-1.82,0.325,0.0,15.7,73.9
1784036851.25,1813,7.351,-3.01,1.158,0.0,17.4,66.7
1784036851.25,1813,8.419,-0.0,1.496,0.0,12.0,63.6
1784036851.358,1814,1.693,-0.762,0.268,0.0,17.2,73.0
1784036851.358,1814,3.417,-1.82,0.303,0.0,16.1,73.6
1784036851.358,1814,7.351,-3.01,1.157,0.0,18.1,66.0
1784036851.358,1814,8.387,-0.0,1.666,0.0,12.2,63.3
1784036851.47,1815,1.716,-0.704,0.28,0.0,17.0,73.2
1784036851.47,1815,3.413,-1.82,0.337,0.0,16.5,73.3
1784036851.47,1815,7.351,-3.01,1.157,0.0,18.3,65.9
1784036851.47,1815,8.394,-0.0,1.631,0.0,11.8,63.6
1784036851.582,1816,1.693,-0.762,0.267,0.0,17.0,73.1
1784036851.582,1816,3.414,-1.82,0.335,0.0,15.8,73.6
1784036851.582,1816,7.356,-3.01,1.124,0.0,18.3,65.9
1784036851.582,1816,8.395,-0.0,1.627,0.0,11.7,63.6
1784036851.643,1817,1.716,-0.704,0.28,0.0,17.0,73.2
1784036851.643,1817,3.417,-1.82,0.297,0.0,16.5,73.6
1784036851.643,1817,7.355,-3.01,1.135,0.0,17.9,66.3
1784036851.643,1817,8.389,-0.0,1.66,0.0,12.0,63.3
1784036851.643,1817,4.424,-1.62,0.09,-0.081,12.2,61.1
1784036851.759,1818,1.693,-0.762,0.268,0.0,17.0,73.1
1784036851.759,1818,3.412,-1.82,0.347,0.0,15.7,73.8
1784036851.759,1818,7.353,-3.01,1.148,0.0,18.6,65.8
1784036851.759,1818,8.381,-0.0,1.697,0.0,11.9,63.3
1784036851.875,1819,1.716,-0.704,0.28,0.0,17.1,73.1
1784036851.875,1819,3.413,-1.82,0.34,0.0,16.3,73.3
1784036851.875,1819,7.353,-3.01,1.145,0.0,18.5,66.0
1784036851.875,1819,8.385,-0.0,1.68,0.0,12.3,63.0
1784036851.997,1820,1.693,-0.762,0.269,0.0,17.2,73.0
1784036851.997,1820,3.415,-1.82,0.315,0.0,16.4,73.7
1784036851.997,1820,7.353,-3.01,1.149,0.0,18.5,65.9
1784036851.997,1820,8.422,-0.0,1.483,0.0,11.9,63.7
1784036852.059,1821,1.693,-0.762,0.267,0.0,17.2,73.0
1784036852.059,1821,3.41,-1.82,0.367,0.0,15.4,73.8
1784036852.059,1821,7.353,-3.01,1.147,0.0,18.7,65.6
1784036852.059,1821,8.432,-0.0,1.42,0.0,11.9,63.5
1784036852.187,1822,1.693,-0.762,0.267,0.0,17.5,72.7
1784036852.187,1822,3.415,-1.82,0.32,0.0,16.0,73.8
1784036852.187,1822,7.357,-3.01,1.121,0.0,18.3,65.9
1784036852.187,1822,8.401,-0.0,1.596,0.0,11.8,63.7
1784036852.243,1823,1.693,-0.762,0.268,0.0,17.4,72.8
1784036852.243,1823,3.416,-1.82,0.307,0.0,16.1,74.0
1784036852.243,1823,7.354,-3.01,1.14,0.0,18.4,65.8
1784036852.243,1823,8.4,-0.0,1.599,0.0,11.5,64.0
1784036852.35,1824,1.693,-0.762,0.269,0.0,17.2,73.0
1784036852.35,1824,3.415,-1.82,0.325,0.0,15.5,73.9
1784036852.35,1824,7.352,-3.01,1.151,0.0,18.6,65.6
1784036852.35,1824,8.419,-0.0,1.498,0.0,11.9,63.7
1784036852.461,1825,1.693,-0.762,0.268,0.0,17.1,73.1
1784036852.461,1825,3.416,-1.82,0.311,0.0,15.5,74.3
1784036852.461,1825,7.356,-3.01,1.129,0.0,18.0,66.2
1784036852.461,1825,8.411,-0.0,1.54,0.0,12.0,63.7
1784036852.575,1826,0.468,0.248,-0.202,0.0,11.6,65.1
1784036852.575,1826,0.555,0.053,0.107,0.0,11.6,65.1
1784036852.575,1826,1.693,-0.762,0.267,0.0,17.3,72.9
1784036852.575,1826,3.414,-1.82,0.33,0.0,15.8,74.1
1784036852.575,1826,7.355,-3.01,1.135,0.0,18.6,65.6
1784036852.575,1826,8.426,-0.0,1.456,0.0,12.6,63.1
1784036852.64,1827,0.48,0.23,-0.195,0.0,12.0,64.6
1784036852.64,1827,0.553,0.053,0.116,0.0,12.0,64.6
1784036852.64,1827,1.693,-0.762,0.267,0.0,17.2,72.9
1784036852.64,1827,3.417,-1.82,0.292,0.0,15.1,74.2
1784036852.64,1827,7.354,-3.01,1.142,0.0,18.3,65.8
1784036852.64,1827,8.442,-0.0,1.361,0.0,11.8,64.0
1784036852.753,1828,1.693,-0.762,0.269,0.0,17.3,72.9
1784036852.753,1828,3.413,-1.82,0.341,0.0,16.0,73.9
1784036852.753,1828,7.358,-3.01,1.114,0.0,18.2,66.0
1784036852.753,1828,8.426,-0.0,1.458,0.0,11.3,64.4
1784036852.858,1829,1.693,-0.762,0.269,0.0,17.2,73.0
1784036852.858,1829,3.465,-1.699,0.427,0.0,16.4,73.8
1784036852.858,1829,7.362,-3.01,1.089,0.0,18.5,65.6
1784036852.858,1829,8.421,-0.0,1.486,0.0,11.3,64.4
1784036852.973,1830,1.693,-0.762,0.268,0.0,17.2,72.9
1784036852.973,1830,3.408,-1.82,0.386,0.0,17.0,73.4
1784036852.973,1830,6.58,-2.716,1.334,0.0,11.6,63.6
1784036852.973,1830,7.362,-3.01,1.085,0.0,19.1,64.9
1784036852.973,1830,8.453,-0.0,1.295,0.0,11.5,64.3
1784036853.086,1831,1.717,-0.704,0.277,0.0,17.0,73.1
1784036853.086,1831,3.409,-1.82,0.379,0.0,16.4,73.4
1784036853.086,1831,7.361,-3.01,1.093,0.0,18.5,65.7
1784036853.086,1831,8.407,-0.0,1.565,0.0,12.4,63.3
1784036853.15,1832,1.693,-0.762,0.269,0.0,17.1,73.1
1784036853.15,1832,3.413,-1.82,0.345,0.0,17.6,73.3
1784036853.15,1832,7.358,-3.01,1.115,0.0,18.3,65.8
1784036853.15,1832,8.428,-0.0,1.444,0.0,12.3,63.3
1784036853.275,1833,1.693,-0.762,0.266,0.0,17.1,73.0
1784036853.275,1833,3.409,-1.82,0.38,0.0,16.5,73.6
1784036853.275,1833,7.356,-3.01,1.127,0.0,18.6,65.7
1784036853.275,1833,8.406,-0.0,1.57,0.0,12.2,63.4
1784036853.395,1834,1.693,-0.762,0.267,0.0,17.1,73.1
1784036853.395,1834,3.407,-1.82,0.395,0.0,15.3,73.5
1784036853.395,1834,7.359,-3.01,1.11,0.0,17.9,66.3
1784036853.395,1834,8.438,-0.0,1.388,0.0,12.1,63.4
1784036853.449,1835,1.693,-0.762,0.268,0.0,17.0,73.1
1784036853.449,1835,3.476,-1.699,0.329,0.0,17.6,73.5
1784036853.449,1835,7.356,-3.01,1.127,0.0,18.4,65.7
1784036853.449,1835,8.421,0.267,1.464,0.0,11.9,63.6
1784036853.561,1836,1.692,-0.762,0.277,0.0,17.1,73.1
1784036853.561,1836,3.406,-1.82,0.406,0.0,15.5,73.8
1784036853.561,1836,7.349,-3.01,1.17,0.0,18.2,66.0
1784036853.561,1836,8.418,-0.0,1.502,0.0,12.6,63.0
1784036853.676,1837,1.693,-0.762,0.272,0.0,17.2,73.0
1784036853.676,1837,3.477,-1.699,0.323,0.0,15.3,73.9
1784036853.676,1837,6.561,-2.716,1.426,0.0,11.6,63.7
1784036853.676,1837,7.354,-3.01,1.141,0.0,19.3,64.9
1784036853.676,1837,8.427,-0.0,1.452,0.0,11.8,63.6
1784036853.801,1838,1.692,-0.762,0.275,0.0,17.0,73.1
1784036853.801,1838,3.415,-1.82,0.316,0.0,19.0,72.5
1784036853.801,1838,7.356,-3.01,1.13,0.0,18.7,65.6
1784036853.801,1838,8.434,-0.0,1.411,0.0,11.9,63.7
1784036853.859,1839,1.715,-0.704,0.286,0.0,17.2,73.0
1784036853.859,1839,3.409,-1.82,0.378,0.0,15.9,73.6
1784036853.859,1839,7.356,-3.01,1.125,0.0,18.6,65.6
1784036853.859,1839,8.436,-0.0,1.397,0.0,12.2,63.4
1784036853.967,1840,1.716,-0.704,0.281,0.0,17.3,72.9
1784036853.967,1840,3.413,-1.82,0.341,0.0,14.9,74.0
1784036853.967,1840,6.562,-2.716,1.419,0.0,11.3,63.7
1784036853.967,1840,7.357,-3.01,1.122,0.0,19.3,65.0
1784036853.967,1840,8.415,-0.0,1.519,0.0,11.9,63.8
1784036854.09,1841,1.716,-0.704,0.283,0.0,17.3,72.9
1784036854.09,1841,3.42,-1.82,0.254,0.0,17.6,73.5
1784036854.09,1841,7.359,-3.01,1.105,0.0,19.4,64.8
1784036854.09,1841,8.409,-0.0,1.554,0.0,11.7,63.9
1784036854.146,1842,1.716,-0.704,0.28,0.0,17.2,72.9
1784036854.146,1842,3.404,-1.82,0.421,0.0,15.1,73.6
1784036854.146,1842,7.362,-3.01,1.089,0.0,18.3,66.0
1784036854.146,1842,8.413,-0.0,1.53,0.0,11.8,63.8
1784036854.266,1843,1.693,-0.762,0.272,0.0,17.2,72.9
1784036854.266,1843,3.415,-1.82,0.323,0.0,15.1,74.3
1784036854.266,1843,7.363,-3.01,1.084,0.0,18.5,65.6
1784036854.266,1843,8.402,-0.0,1.588,0.0,11.6,63.8
1784036854.389,1844,1.716,-0.704,0.281,0.0,17.2,73.0
1784036854.389,1844,3.42,-1.82,0.257,0.0,16.6,73.9
1784036854.389,1844,7.36,-3.01,1.103,0.0,18.8,65.5
1784036854.389,1844,8.4,-0.0,1.6,0.0,11.4,64.1
1784036854.455,1845,1.716,-0.704,0.283,0.0,17.3,72.9
1784036854.455,1845,3.409,-1.82,0.374,0.0,15.2,73.8
1784036854.455,1845,7.357,-3.01,1.122,0.0,19.3,65.0
1784036854.455,1845,8.415,-0.0,1.519,0.0,12.3,63.2
1784036854.569,1846,1.692,-0.762,0.272,0.0,17.3,72.9
1784036854.569,1846,3.47,-1.699,0.386,0.0,14.8,74.1
1784036854.569,1846,7.359,-3.01,1.109,0.0,18.3,66.0
1784036854.569,1846,8.426,-0.0,1.457,0.0,12.3,63.3
1784036854.689,1847,1.716,-0.704,0.282,0.0,17.1,73.1
1784036854.689,1847,3.413,-1.82,0.34,0.0,16.8,73.4
1784036854.689,1847,7.357,-3.01,1.122,0.0,18.1,66.2
1784036854.689,1847,8.418,-0.0,1.506,0.0,12.5,63.0
1784036854.766,1848,1.716,-0.704,0.282,0.0,17.1,73.1
1784036854.766,1848,3.412,-1.82,0.347,0.0,15.3,73.7
1784036854.766,1848,7.354,-3.01,1.143,0.0,18.2,66.2
1784036854.766,1848,8.419,-0.0,1.497,0.0,12.3,63.3
1784036854.886,1849,1.692,-0.762,0.274,0.0,17.4,72.8
1784036854.886,1849,3.415,-1.82,0.314,0.0,15.1,73.9
1784036854.886,1849,7.354,-3.01,1.142,0.0,18.5,65.9
1784036854.886,1849,8.423,-0.0,1.476,0.0,11.8,63.8
1784036854.997,1850,1.716,-0.704,0.283,0.0,17.3,72.9
1784036854.997,1850,3.42,-1.82,0.254,0.0,16.0,73.5
1784036854.997,1850,7.355,-3.01,1.131,0.0,18.6,65.8
1784036854.997,1850,8.427,-0.0,1.452,0.0,13.1,62.6
1784036855.059,1851,1.716,-0.704,0.281,0.0,17.2,73.0
1784036855.059,1851,3.419,-1.82,0.276,0.0,15.6,73.5
1784036855.059,1851,7.355,-3.01,1.134,0.0,18.4,66.0
1784036855.059,1851,8.405,-0.0,1.573,0.0,12.6,63.0
1784036855.189,1852,1.692,-0.762,0.273,0.0,17.2,72.9
1784036855.189,1852,3.414,-1.82,0.334,0.0,15.4,73.9
1784036855.189,1852,7.355,-3.01,1.132,0.0,18.5,65.8
1784036855.189,1852,8.416,-0.0,1.514,0.0,13.3,62.4
1784036855.254,1853,1.716,-0.704,0.283,0.0,17.2,72.9
1784036855.254,1853,3.415,-1.82,0.321,0.0,16.0,73.4
1784036855.254,1853,7.354,-3.01,1.139,0.0,18.6,65.9
1784036855.254,1853,8.418,-0.0,1.504,0.0,13.3,62.3
1784036855.36,1854,1.717,-0.704,0.279,0.0,17.2,73.1
1784036855.36,1854,3.413,-1.82,0.343,0.0,15.4,73.6
1784036855.36,1854,7.354,-3.01,1.14,0.0,18.1,66.3
1784036855.36,1854,8.397,-0.0,1.615,0.0,12.9,62.7
1784036855.483,1855,1.692,-0.762,0.275,0.0,17.0,73.1
1784036855.483,1855,3.474,-1.699,0.355,0.0,17.5,73.0
1784036855.483,1855,7.357,-3.01,1.122,0.0,19.1,65.3
1784036855.483,1855,8.412,-0.0,1.535,0.0,13.0,62.5
1784036855.595,1856,1.716,-0.704,0.28,0.0,17.1,73.1
1784036855.595,1856,3.41,-1.82,0.37,0.0,14.7,74.0
1784036855.595,1856,7.353,-3.01,1.147,0.0,18.2,66.1
1784036855.595,1856,8.405,-0.0,1.576,0.0,12.0,63.4
1784036855.657,1857,1.716,-0.704,0.28,0.0,17.2,73.0
1784036855.657,1857,3.417,-1.82,0.294,0.0,15.7,73.9
1784036855.657,1857,7.357,-3.01,1.12,0.0,18.4,65.9
1784036855.657,1857,8.424,-0.0,1.472,0.0,12.6,62.9
1784036855.776,1858,1.692,-0.762,0.274,0.0,17.1,73.0
1784036855.776,1858,3.474,-1.699,0.355,0.0,17.9,73.1
1784036855.776,1858,7.355,-3.01,1.135,0.0,18.4,65.8
1784036855.776,1858,8.412,-0.0,1.535,0.0,11.8,63.7
1784036855.89,1859,1.692,-0.762,0.275,0.0,17.0,73.1
1784036855.89,1859,3.475,-1.699,0.345,0.0,16.4,73.6
1784036855.89,1859,6.528,-2.716,1.569,0.0,11.2,64.1
1784036855.89,1859,7.361,-3.01,1.094,0.0,19.0,65.2
1784036855.89,1859,8.425,-0.0,1.464,0.0,11.5,64.2
1784036855.948,1860,1.717,-0.704,0.277,0.0,17.5,72.8
1784036855.948,1860,3.42,-1.82,0.266,0.0,17.3,73.7
1784036855.948,1860,7.362,-3.01,1.086,0.0,18.4,65.7
1784036855.948,1860,8.431,0.267,1.402,0.0,11.4,64.1
1784036856.082,1861,1.693,-0.762,0.272,0.0,17.2,73.0
1784036856.082,1861,3.412,-1.82,0.35,0.0,18.2,72.9
1784036856.082,1861,7.363,-3.01,1.081,0.0,18.4,65.7
1784036856.082,1861,8.448,-0.0,1.324,0.0,12.0,63.7
1784036856.196,1862,1.716,-0.704,0.28,0.0,17.2,72.9
1784036856.196,1862,3.475,-1.699,0.343,0.0,15.4,74.3
1784036856.196,1862,6.541,-2.716,1.514,0.0,11.5,63.8
1784036856.196,1862,7.365,-3.01,1.068,0.0,19.1,65.0
1784036856.196,1862,8.435,-0.0,1.408,0.0,11.3,64.5
1784036856.259,1863,1.693,-0.762,0.27,0.0,17.0,73.1
1784036856.259,1863,3.473,-1.699,0.363,0.0,17.0,73.5
1784036856.259,1863,7.364,-3.01,1.076,0.0,18.4,65.7
1784036856.259,1863,8.442,-0.0,1.361,0.0,12.5,63.3
1784036856.375,1864,1.692,-0.762,0.272,0.0,17.2,73.0
1784036856.375,1864,3.477,-1.699,0.322,0.0,18.2,73.1
1784036856.375,1864,7.364,-3.01,1.073,0.0,18.4,65.8
1784036856.375,1864,8.433,-0.0,1.416,0.0,11.7,64.1
1784036856.498,1865,1.693,-0.762,0.272,0.0,17.1,73.1
1784036856.498,1865,3.411,-1.82,0.361,0.0,15.6,73.9
1784036856.498,1865,7.365,-3.01,1.065,0.0,18.5,65.6
1784036856.498,1865,8.457,-0.0,1.269,0.0,12.1,63.7
1784036856.552,1866,0.435,0.248,-0.265,0.0,11.2,65.0
1784036856.552,1866,1.693,-0.762,0.272,0.0,16.9,73.2
1784036856.552,1866,3.412,-1.82,0.348,0.0,16.2,73.6
1784036856.552,1866,7.37,-3.01,1.034,0.0,18.2,66.1
1784036856.552,1866,8.441,-0.0,1.366,0.0,13.0,62.9
1784036856.665,1867,1.692,-0.762,0.274,0.0,17.0,73.1
1784036856.665,1867,3.473,-1.699,0.364,0.0,18.3,72.7
1784036856.665,1867,7.362,-3.01,1.085,0.0,18.8,65.4
1784036856.665,1867,8.448,-0.0,1.324,0.0,12.7,63.3
1784036856.777,1868,1.716,-0.704,0.284,0.0,17.2,72.9
1784036856.777,1868,3.409,-1.82,0.38,0.0,15.8,73.5
1784036856.777,1868,7.363,-3.01,1.079,0.0,18.4,65.9
1784036856.777,1868,8.437,-0.0,1.395,0.0,12.3,63.7
1784036856.838,1869,1.693,-0.762,0.272,0.0,17.1,73.1
1784036856.838,1869,3.419,-1.82,0.278,0.0,15.7,74.0
1784036856.838,1869,7.362,-3.01,1.087,0.0,18.1,66.2
1784036856.838,1869,8.448,-0.0,1.327,0.0,12.6,63.3
1784036856.939,1870,1.692,-0.762,0.273,0.0,17.2,73.0
1784036856.939,1870,3.408,-1.82,0.392,0.0,17.2,73.8
1784036856.939,1870,7.361,-3.01,1.096,0.0,18.0,66.2
1784036856.939,1870,8.452,-0.0,1.298,0.0,11.8,64.1
1784036857.055,1871,1.692,-0.762,0.278,0.0,16.9,73.2
1784036857.055,1871,3.403,-1.82,0.432,0.0,15.8,73.6
1784036857.055,1871,7.361,-3.01,1.093,0.0,18.7,65.5
1784036857.055,1871,8.46,-0.0,1.244,0.0,12.1,64.0
1784036857.161,1872,1.716,-0.704,0.28,0.0,17.0,73.1
1784036857.161,1872,3.419,-1.82,0.272,0.0,15.4,73.7
1784036857.161,1872,7.361,-3.01,1.093,0.0,18.5,65.7
1784036857.161,1872,8.43,-0.0,1.433,0.0,12.9,63.0
1784036857.273,1873,1.692,-0.762,0.274,0.0,17.2,73.0
1784036857.273,1873,3.417,-1.82,0.299,0.0,17.6,73.4
1784036857.273,1873,7.368,-3.01,1.048,0.0,18.4,65.8
1784036857.273,1873,8.453,-0.0,1.292,0.0,13.4,62.6
1784036857.393,1874,1.715,-0.704,0.286,0.0,17.1,73.0
1784036857.393,1874,3.416,-1.82,0.31,0.0,15.1,74.1
1784036857.393,1874,7.361,-3.01,1.096,0.0,18.4,65.8
1784036857.393,1874,8.458,-0.0,1.262,0.0,13.0,62.9
1784036857.456,1875,1.692,-0.762,0.275,0.0,16.9,73.2
1784036857.456,1875,3.401,-1.82,0.445,0.0,16.0,73.4
1784036857.456,1875,7.363,-3.01,1.082,0.0,18.5,65.5
1784036857.456,1875,8.468,-0.0,1.19,0.0,12.4,63.6
1784036857.574,1876,1.692,-0.762,0.274,0.0,17.4,72.8
1784036857.574,1876,3.475,-1.699,0.34,0.0,18.4,72.8
1784036857.574,1876,7.355,-3.01,1.131,0.0,18.6,65.5
1784036857.574,1876,8.451,-0.0,1.306,0.0,12.9,63.0
1784036857.684,1877,1.691,-0.762,0.279,0.0,17.2,73.0
1784036857.684,1877,3.466,-1.699,0.421,0.0,16.4,73.3
1784036857.684,1877,7.363,-3.01,1.078,0.0,18.5,65.6
1784036857.684,1877,8.466,-0.0,1.202,0.0,13.1,62.9
1784036857.748,1878,1.716,-0.704,0.285,0.0,17.2,73.0
1784036857.748,1878,3.467,-1.699,0.418,0.0,16.4,73.6
1784036857.748,1878,6.548,-2.716,1.481,0.0,11.5,64.0
1784036857.748,1878,7.365,-3.01,1.07,0.0,18.7,65.4
1784036857.748,1878,8.476,-0.0,1.13,0.0,12.4,63.6
1784036857.889,1879,1.692,-0.762,0.277,0.0,17.2,73.0
1784036857.889,1879,3.482,-1.699,0.263,0.0,18.4,72.7
1784036857.889,1879,7.361,-3.01,1.096,0.0,18.5,65.8
1784036857.889,1879,8.45,-0.0,1.312,0.0,12.1,64.0
1784036857.959,1880,1.691,-0.762,0.281,0.0,17.2,73.0
1784036857.959,1880,3.463,-1.699,0.442,0.0,16.9,73.3
1784036857.959,1880,7.362,-3.01,1.089,0.0,18.6,65.6
1784036857.959,1880,8.463,-0.0,1.225,0.0,13.2,62.9
1784036858.081,1881,1.692,-0.762,0.278,0.0,17.0,73.2
1784036858.081,1881,3.417,-1.82,0.3,0.0,16.0,73.6
1784036858.081,1881,6.556,-2.716,1.446,0.0,11.3,64.2
1784036858.081,1881,7.36,-3.01,1.101,0.0,18.9,65.3
1784036858.081,1881,8.439,-0.0,1.382,0.0,11.9,64.3
1784036858.191,1882,1.691,-0.762,0.279,0.0,17.2,72.9
1784036858.191,1882,3.414,-1.82,0.334,0.0,19.0,72.4
1784036858.191,1882,7.359,-3.01,1.105,0.0,18.2,66.0
1784036858.191,1882,8.431,-0.0,1.431,0.0,12.6,63.5
1784036858.254,1883,1.691,-0.762,0.279,0.0,17.0,73.2
1784036858.254,1883,3.408,-1.82,0.386,0.0,15.8,73.6
1784036858.254,1883,7.359,-3.01,1.104,0.0,18.7,65.5
1784036858.254,1883,8.42,-0.0,1.491,0.0,12.0,64.1
1784036858.37,1884,1.691,-0.762,0.28,0.0,17.1,73.0
1784036858.37,1884,3.41,-1.82,0.371,0.0,15.5,73.6
1784036858.37,1884,7.362,-3.01,1.088,0.0,18.6,65.6
1784036858.37,1884,8.434,-0.0,1.409,0.0,12.3,63.9
1784036858.49,1885,1.691,-0.762,0.278,0.0,17.1,73.1
1784036858.49,1885,3.476,-1.699,0.333,0.0,18.0,72.9
1784036858.49,1885,7.36,-3.01,1.101,0.0,18.1,66.1
1784036858.49,1885,8.42,-0.0,1.49,0.0,12.4,63.6
1784036858.549,1886,1.691,-0.762,0.281,0.0,17.1,73.0
1784036858.549,1886,3.409,-1.82,0.378,0.0,15.1,74.1
1784036858.549,1886,7.361,-3.01,1.097,0.0,18.4,65.6
1784036858.549,1886,8.427,-0.0,1.451,0.0,12.5,63.6
1784036858.654,1887,1.692,-0.762,0.278,0.0,17.2,73.0
1784036858.654,1887,3.415,-1.82,0.325,0.0,16.3,73.7
1784036858.654,1887,7.36,-3.01,1.103,0.0,18.1,65.9
1784036858.654,1887,8.42,-0.0,1.491,0.0,12.1,63.7
1784036858.777,1888,1.691,-0.762,0.279,0.0,17.0,73.2
1784036858.777,1888,3.471,-1.699,0.381,0.0,15.6,73.9
1784036858.777,1888,7.358,-3.01,1.116,0.0,18.5,65.6
1784036858.777,1888,8.425,-0.0,1.463,0.0,12.1,63.7
1784036858.9,1889,1.692,-0.762,0.278,0.0,17.1,73.1
1784036858.9,1889,3.413,-1.82,0.345,0.0,15.9,73.6
1784036858.9,1889,6.555,-2.716,1.454,0.0,11.4,63.7
1784036858.9,1889,7.358,-3.01,1.112,0.0,18.8,65.3
1784036858.9,1889,8.425,-0.0,1.466,0.0,12.3,63.6
1784036858.954,1890,1.691,-0.762,0.28,0.0,17.2,73.0
1784036858.954,1890,3.472,-1.699,0.372,0.0,16.2,73.4
1784036858.954,1890,7.355,-3.01,1.13,0.0,18.3,65.8
1784036858.954,1890,8.426,-0.0,1.458,0.0,12.4,63.5
1784036859.07,1891,1.691,-0.762,0.279,0.0,17.1,73.0
1784036859.07,1891,3.413,-1.82,0.338,0.0,15.8,73.7
1784036859.07,1891,6.588,-2.716,1.295,0.0,11.2,64.1
1784036859.07,1891,7.355,-3.01,1.132,0.0,18.7,65.4
1784036859.07,1891,8.423,-0.0,1.478,0.0,12.5,63.3
1784036859.194,1892,1.692,-0.762,0.275,0.0,17.2,73.0
1784036859.194,1892,3.413,-1.82,0.336,0.0,15.8,73.5
1784036859.194,1892,7.356,-3.01,1.126,0.0,18.0,66.1
1784036859.194,1892,8.433,-0.0,1.414,0.0,12.0,63.8
1784036859.274,1893,1.692,-0.762,0.274,0.0,17.3,72.8
1784036859.274,1893,3.41,-1.82,0.367,0.0,15.5,73.8
1784036859.274,1893,7.357,-3.01,1.119,0.0,17.9,66.2
1784036859.274,1893,8.43,-0.0,1.433,0.0,12.3,63.7
1784036859.394,1894,1.691,-0.762,0.278,0.0,17.2,72.9
1784036859.394,1894,3.411,-1.82,0.36,0.0,15.4,73.8
1784036859.394,1894,7.357,-3.01,1.119,0.0,18.3,65.8
1784036859.394,1894,8.431,-0.0,1.426,0.0,12.4,63.5
1784036859.458,1895,1.692,-0.762,0.274,0.0,17.2,72.9
1784036859.458,1895,3.41,-1.82,0.367,0.0,15.8,73.6
1784036859.458,1895,7.358,-3.01,1.112,0.0,18.4,65.8
1784036859.458,1895,8.446,-0.0,1.339,0.0,12.7,63.2
1784036859.588,1896,1.692,-0.762,0.276,0.0,17.4,72.7
1784036859.588,1896,3.408,-1.82,0.384,0.0,15.6,73.8
1784036859.588,1896,7.359,-3.01,1.106,0.0,18.2,66.0
1784036859.588,1896,8.425,-0.0,1.465,0.0,12.6,63.4
1784036859.648,1897,1.692,-0.762,0.274,0.0,17.4,72.8
1784036859.648,1897,3.409,-1.82,0.38,0.0,15.1,73.8
1784036859.648,1897,6.563,-2.716,1.415,0.0,11.2,64.1
1784036859.648,1897,7.356,-3.01,1.126,0.0,18.4,65.7
1784036859.648,1897,8.428,-0.0,1.447,0.0,12.8,63.2
1784036859.763,1898,1.692,-0.762,0.274,0.0,17.0,73.1
1784036859.763,1898,3.468,-1.699,0.405,0.0,17.9,73.4
1784036859.763,1898,6.569,-2.716,1.386,0.0,12.1,63.2
1784036859.763,1898,7.354,-3.01,1.141,0.0,19.6,64.6
1784036859.763,1898,8.434,-0.0,1.41,0.0,11.7,64.3
1784036859.872,1899,1.714,-0.704,0.293,0.0,16.9,73.2
1784036859.872,1899,3.41,-1.82,0.37,0.0,15.3,73.6
1784036859.872,1899,6.522,-2.716,1.593,0.0,11.3,64.1
1784036859.872,1899,7.355,-3.01,1.137,0.0,18.6,65.3
1784036859.872,1899,8.439,-0.0,1.379,0.0,12.3,63.7
1784036859.977,1900,1.715,-0.704,0.288,0.0,17.1,73.1
1784036859.977,1900,3.41,-1.82,0.371,0.0,17.9,73.2
1784036859.977,1900,6.541,-2.716,1.512,0.0,11.4,64.0
1784036859.977,1900,7.357,-3.01,1.124,0.0,18.6,65.4
1784036860.093,1901,1.692,-0.762,0.276,0.0,16.9,73.2
1784036860.093,1901,3.406,-1.82,0.408,0.0,17.5,72.7
1784036860.093,1901,6.562,-2.716,1.42,0.0,11.3,64.1
1784036860.093,1901,7.359,-3.01,1.106,0.0,18.6,65.5
1784036860.093,1901,8.458,-0.0,1.259,0.0,11.7,64.5
1784036860.152,1902,1.691,-0.762,0.28,0.0,17.0,73.2
1784036860.152,1902,3.471,-1.699,0.382,0.0,17.6,73.0
1784036860.152,1902,6.618,-2.49,1.567,0.0,11.4,63.8
1784036860.152,1902,7.354,-3.01,1.14,0.0,18.9,65.1
1784036860.152,1902,8.454,-0.0,1.287,0.0,11.7,64.5
1784036860.27,1903,1.691,-0.762,0.279,0.0,17.2,73.0
1784036860.27,1903,3.401,-1.82,0.445,0.0,17.8,72.8
1784036860.27,1903,6.555,-2.716,1.452,0.0,11.7,63.5
1784036860.27,1903,7.355,-3.01,1.135,0.0,19.2,64.9
1784036860.27,1903,8.459,-0.0,1.255,0.0,11.2,65.0
1784036860.385,1904,1.692,-0.762,0.276,0.0,16.9,73.2
1784036860.385,1904,3.406,-1.82,0.406,0.0,17.1,72.5
1784036860.385,1904,6.579,-2.716,1.338,0.0,11.6,64.0
1784036860.385,1904,7.36,-3.01,1.102,0.0,18.9,65.2
1784036860.385,1904,8.449,-0.0,1.32,0.0,11.6,64.7
1784036860.448,1905,1.715,-0.704,0.288,0.0,17.2,73.0
1784036860.448,1905,3.41,-1.82,0.367,0.0,18.0,73.4
1784036860.448,1905,6.57,-2.716,1.382,0.0,11.7,63.6
1784036860.448,1905,7.353,-3.01,1.149,0.0,19.3,64.8
1784036860.448,1905,8.444,-0.267,1.32,0.0,11.6,64.6
1784036860.551,1906,1.691,-0.762,0.279,0.0,17.1,73.1
1784036860.551,1906,3.405,-1.82,0.409,0.0,16.9,73.1
1784036860.551,1906,7.356,-3.01,1.126,0.0,18.7,65.3
1784036860.551,1906,8.447,-0.267,1.302,0.0,11.6,64.6
1784036860.665,1907,1.715,-0.704,0.288,0.0,16.9,73.3
1784036860.665,1907,3.405,-1.82,0.416,0.0,17.7,72.3
1784036860.665,1907,6.568,-2.716,1.39,0.0,11.3,64.1
1784036860.665,1907,7.358,-3.01,1.117,0.0,18.5,65.5
1784036860.665,1907,8.464,-0.0,1.22,0.0,11.8,64.5
1784036860.78,1908,1.692,-0.762,0.275,0.0,17.1,73.1
1784036860.78,1908,3.406,-1.82,0.408,0.0,17.9,73.5
1784036860.78,1908,6.579,-2.716,1.338,0.0,11.8,63.5
1784036860.78,1908,7.351,-3.01,1.158,0.0,19.4,64.7
1784036860.78,1908,8.457,-0.0,1.269,0.0,12.4,63.8
1784036860.893,1909,1.692,-0.762,0.274,0.0,16.9,73.2
1784036860.893,1909,3.398,-1.82,0.468,0.0,18.4,71.8
1784036860.893,1909,6.574,-2.716,1.361,0.0,11.3,64.0
1784036860.893,1909,7.356,-3.01,1.126,0.0,18.6,65.4
1784036860.893,1909,8.455,-0.0,1.281,0.0,11.7,64.4
1784036860.947,1910,1.692,-0.762,0.277,0.0,16.9,73.2
1784036860.947,1910,3.409,-1.82,0.381,0.0,17.7,72.7
1784036860.947,1910,6.56,-2.716,1.431,0.0,11.6,63.7
1784036860.947,1910,7.36,-3.01,1.098,0.0,19.0,65.1
1784036860.947,1910,8.459,-0.267,1.227,0.0,11.5,64.5
1784036860.947,1910,8.472,0.267,1.126,0.0,11.5,64.5
1784036861.052,1911,1.692,-0.762,0.276,0.0,17.0,73.2
1784036861.052,1911,3.407,-1.82,0.4,0.0,18.6,72.4
1784036861.052,1911,6.59,-2.716,1.284,0.0,11.8,63.7
1784036861.052,1911,7.364,-3.01,1.077,0.0,19.0,65.0
1784036861.052,1911,8.454,-0.267,1.257,0.0,11.9,64.2
1784036861.168,1912,1.692,-0.762,0.273,0.0,17.2,73.1
1784036861.168,1912,3.466,-1.699,0.419,0.0,18.5,71.9
1784036861.168,1912,6.593,-2.716,1.27,0.0,11.6,64.0
1784036861.168,1912,7.362,-3.01,1.087,0.0,18.6,65.4
1784036861.168,1912,8.45,-0.0,1.311,0.0,11.6,64.5
1784036861.277,1913,1.692,-0.762,0.274,0.0,17.0,73.2
1784036861.277,1913,3.414,-1.82,0.327,0.0,17.7,73.5
1784036861.277,1913,6.581,-2.716,1.328,0.0,12.1,63.3
1784036861.277,1913,7.36,-3.01,1.098,0.0,19.5,64.5
1784036861.277,1913,8.459,-0.267,1.226,0.0,11.6,64.4
1784036861.401,1914,0.517,0.082,0.005,0.0,12.1,64.0
1784036861.401,1914,1.715,-0.704,0.286,0.0,17.1,73.1
1784036861.401,1914,3.411,-1.82,0.357,0.0,17.6,72.8
1784036861.401,1914,6.581,-2.716,1.327,0.0,11.2,64.0
1784036861.401,1914,7.361,-3.01,1.096,0.0,18.8,65.1
1784036861.459,1915,0.514,0.098,0.016,0.0,11.5,65.2
1784036861.459,1915,1.693,-0.762,0.272,0.0,17.2,73.0
1784036861.459,1915,3.417,-1.82,0.301,0.0,17.4,73.1
1784036861.459,1915,6.594,-2.716,1.264,0.0,11.7,63.9
1784036861.459,1915,7.361,-3.01,1.092,0.0,18.7,65.2
1784036861.565,1916,1.715,-0.704,0.286,0.0,17.1,73.1
1784036861.565,1916,3.409,-1.82,0.38,0.0,18.0,73.1
1784036861.565,1916,6.597,-2.716,1.246,0.0,11.6,63.9
1784036861.565,1916,7.365,-3.01,1.065,0.0,19.0,65.0
1784036861.671,1917,1.692,-0.762,0.275,0.0,17.1,73.1
1784036861.671,1917,3.4,-1.82,0.452,0.0,17.7,72.4
1784036861.671,1917,6.559,-2.716,1.434,0.0,11.3,64.1
1784036861.671,1917,7.361,-3.01,1.091,0.0,18.6,65.4
1784036861.781,1918,1.692,-0.762,0.273,0.0,17.1,73.1
1784036861.781,1918,3.414,-1.82,0.328,0.0,18.2,72.8
1784036861.781,1918,6.584,-2.716,1.314,0.0,11.7,63.8
1784036861.781,1918,7.361,-3.01,1.094,0.0,19.0,65.0
1784036861.781,1918,8.463,-0.0,1.225,0.0,11.2,64.8
1784036861.844,1919,1.692,-0.762,0.276,0.0,17.0,73.2
1784036861.844,1919,3.402,-1.82,0.437,0.0,18.2,72.4
1784036861.844,1919,6.568,-2.716,1.391,0.0,11.3,64.2
1784036861.844,1919,7.363,-3.01,1.082,0.0,18.7,65.4
1784036861.976,1920,1.692,-0.762,0.274,0.0,17.0,73.2
1784036861.976,1920,3.465,-1.699,0.426,0.0,17.8,72.3
1784036861.976,1920,6.578,-2.716,1.346,0.0,11.3,64.0
1784036861.976,1920,7.356,-3.01,1.125,0.0,18.6,65.4
1784036862.091,1921,1.692,-0.762,0.274,0.0,17.1,73.1
1784036862.091,1921,3.467,-1.699,0.411,0.0,18.1,73.1
1784036862.091,1921,6.576,-2.716,1.352,0.0,11.6,63.6
1784036862.091,1921,7.357,-3.01,1.122,0.0,19.2,65.0
1784036862.143,1922,1.692,-0.762,0.274,0.0,17.0,73.2
1784036862.143,1922,3.402,-1.82,0.434,0.0,18.1,72.0
1784036862.143,1922,6.566,-2.716,1.402,0.0,11.6,63.7
1784036862.143,1922,7.364,-3.01,1.072,0.0,19.0,65.0
1784036862.143,1922,0.833,0.81,0.193,-0.162,17.1,48.0
1784036862.143,1922,4.423,-1.301,0.37,-0.162,15.1,52.2
1784036862.261,1923,1.692,-0.762,0.275,0.0,17.2,73.1
1784036862.261,1923,3.408,-1.82,0.385,0.0,17.7,72.9
1784036862.261,1923,6.566,-2.716,1.402,0.0,11.6,63.9
1784036862.261,1923,7.36,-3.01,1.099,0.0,18.8,65.2
1784036862.261,1923,0.773,0.847,0.27,-0.162,15.2,49.8
1784036862.386,1924,1.692,-0.762,0.274,0.0,17.1,73.1
1784036862.386,1924,3.406,-1.82,0.403,0.0,18.2,72.9
1784036862.386,1924,6.574,-2.716,1.365,0.0,11.7,63.7
1784036862.386,1924,7.354,-3.01,1.143,0.0,18.9,65.1
1784036862.386,1924,0.728,0.847,0.375,-0.162,15.5,47.4
1784036862.386,1924,2.708,-0.9,0.388,-0.162,16.9,53.6
1784036862.386,1924,1.97,2.07,0.359,-0.162,16.9,53.6
1784036862.386,1924,4.472,-1.472,0.189,-0.162,16.0,51.5
1784036862.499,1925,1.692,-0.762,0.273,0.0,17.0,73.2
1784036862.499,1925,3.404,-1.82,0.419,0.0,17.9,72.2
1784036862.499,1925,6.571,-2.716,1.378,0.0,11.6,63.7
1784036862.499,1925,7.357,-3.01,1.123,0.0,18.6,65.2
1784036862.561,1926,1.692,-0.762,0.275,0.0,17.1,73.1
1784036862.561,1926,3.471,-1.699,0.383,0.0,18.2,72.9
1784036862.561,1926,6.571,-2.716,1.376,0.0,12.2,63.3
1784036862.561,1926,7.351,-3.01,1.156,0.0,19.3,64.8
1784036862.686,1927,1.692,-0.762,0.274,0.0,17.1,73.1
1784036862.686,1927,3.465,-1.699,0.428,0.0,17.8,72.9
1784036862.686,1927,6.576,-2.716,1.354,0.0,12.2,63.5
1784036862.686,1927,7.354,-3.01,1.137,0.0,19.1,64.8
1784036862.801,1928,1.692,-0.762,0.274,0.0,17.0,73.2
1784036862.801,1928,3.465,-1.699,0.428,0.0,17.7,72.5
1784036862.801,1928,6.566,-2.716,1.4,0.0,12.1,63.3
1784036862.801,1928,7.357,-3.01,1.123,0.0,19.1,64.8
1784036862.801,1928,4.348,-1.432,0.182,0.162,16.6,49.8
1784036862.863,1929,1.692,-0.762,0.276,0.0,17.1,73.1
1784036862.863,1929,3.407,-1.82,0.395,0.0,17.8,73.4
1784036862.863,1929,6.57,-2.716,1.38,0.0,11.7,63.5
1784036862.863,1929,7.353,-3.01,1.149,0.0,19.0,65.0
1784036862.863,1929,8.436,-0.0,1.401,0.0,11.3,64.9
1784036862.974,1930,1.692,-0.762,0.276,0.0,17.0,73.2
1784036862.974,1930,3.464,-1.699,0.438,0.0,18.1,72.5
1784036862.974,1930,6.567,-2.716,1.394,0.0,12.5,63.0
1784036862.974,1930,7.356,-3.01,1.128,0.0,19.5,64.4
1784036863.09,1931,1.692,-0.762,0.275,0.0,17.0,73.1
1784036863.09,1931,3.406,-1.82,0.406,0.0,18.0,72.4
1784036863.09,1931,6.561,-2.716,1.426,0.0,12.3,63.2
1784036863.09,1931,7.359,-3.01,1.107,0.0,19.5,64.5
1784036863.151,1932,1.692,-0.762,0.274,0.0,17.0,73.1
1784036863.151,1932,3.406,-1.82,0.406,0.0,18.0,72.8
1784036863.151,1932,6.558,-2.716,1.437,0.0,12.1,63.3
1784036863.151,1932,7.359,-3.01,1.107,0.0,19.4,64.7
1784036863.272,1933,1.692,-0.762,0.275,0.0,17.0,73.1
1784036863.272,1933,3.47,-1.699,0.389,0.0,17.6,72.9
1784036863.272,1933,6.561,-2.716,1.425,0.0,11.9,63.5
1784036863.272,1933,7.353,-3.01,1.144,0.0,19.2,64.9
1784036863.388,1934,1.692,-0.762,0.275,0.0,17.0,73.1
1784036863.388,1934,3.411,-1.82,0.357,0.0,17.8,73.1
1784036863.388,1934,6.566,-2.716,1.401,0.0,11.9,63.6
1784036863.388,1934,7.355,-3.01,1.132,0.0,19.3,64.8
1784036863.453,1935,1.692,-0.762,0.276,0.0,17.0,73.2
1784036863.453,1935,3.409,-1.82,0.38,0.0,18.0,72.6
1784036863.453,1935,6.571,-2.716,1.376,0.0,11.5,64.1
1784036863.453,1935,7.356,-3.01,1.126,0.0,18.6,65.5
1784036863.57,1936,1.692,-0.762,0.274,0.0,17.0,73.1
1784036863.57,1936,3.409,-1.82,0.381,0.0,17.8,72.8
1784036863.57,1936,6.585,-2.716,1.307,0.0,11.5,64.1
1784036863.57,1936,7.357,-3.01,1.122,0.0,18.6,65.4
1784036863.684,1937,1.692,-0.762,0.275,0.0,17.0,73.2
1784036863.684,1937,3.403,-1.82,0.431,0.0,18.2,72.6
1784036863.684,1937,6.58,-2.716,1.333,0.0,11.4,64.1
1784036863.684,1937,7.355,-3.01,1.133,0.0,18.6,65.5
1784036863.742,1938,1.692,-0.762,0.274,0.0,16.9,73.3
1784036863.742,1938,3.4,-1.82,0.451,0.0,17.9,72.5
1784036863.742,1938,6.549,-2.716,1.477,0.0,11.9,63.5
1784036863.742,1938,7.354,-3.01,1.137,0.0,19.0,65.0
1784036863.857,1939,1.692,-0.762,0.274,0.0,16.9,73.3
1784036863.857,1939,3.404,-1.82,0.421,0.0,18.3,72.5
1784036863.857,1939,6.568,-2.716,1.39,0.0,11.9,63.7
1784036863.857,1939,7.355,-3.01,1.134,0.0,18.7,65.2
1784036863.961,1940,1.692,-0.762,0.274,0.0,16.9,73.2
1784036863.961,1940,3.465,-1.699,0.427,0.0,18.1,72.5
1784036863.961,1940,6.577,-2.716,1.348,0.0,11.6,63.8
1784036863.961,1940,7.361,-3.01,1.096,0.0,18.7,65.1
1784036864.068,1941,1.692,-0.762,0.274,0.0,16.9,73.2
1784036864.068,1941,3.462,-1.699,0.454,0.0,18.1,72.5
1784036864.068,1941,6.563,-2.716,1.413,0.0,11.5,64.1
1784036864.068,1941,7.358,-3.01,1.114,0.0,18.5,65.4
1784036864.17,1942,1.692,-0.762,0.274,0.0,16.9,73.2
1784036864.17,1942,3.46,-1.699,0.469,0.0,18.0,72.9
1784036864.17,1942,6.561,-2.716,1.426,0.0,11.6,64.0
1784036864.17,1942,7.359,-3.01,1.107,0.0,18.7,65.2
1784036864.17,1942,8.482,-0.0,1.086,0.0,11.2,64.9
1784036864.284,1943,1.692,-0.762,0.276,0.0,16.9,73.2
1784036864.284,1943,3.454,-1.699,0.512,0.0,18.5,71.9
1784036864.284,1943,6.542,-2.716,1.51,0.0,12.0,63.5
1784036864.284,1943,7.361,-3.01,1.091,0.0,19.1,64.8
1784036864.335,1944,1.692,-0.762,0.274,0.0,16.9,73.2
1784036864.335,1944,3.459,-1.699,0.473,0.0,18.3,72.2
1784036864.335,1944,6.559,-2.716,1.434,0.0,12.0,63.5
1784036864.335,1944,7.362,-3.01,1.087,0.0,19.1,64.8
1784036864.446,1945,1.692,-0.762,0.273,0.0,17.0,73.2
1784036864.446,1945,3.412,-1.82,0.352,0.0,18.2,72.7
1784036864.446,1945,6.614,-2.49,1.584,0.0,11.3,64.1
1784036864.446,1945,7.358,-3.01,1.116,0.0,18.4,65.4
1784036864.568,1946,1.692,-0.762,0.277,0.0,17.0,73.1
1784036864.568,1946,3.47,-1.699,0.39,0.0,17.7,72.6
1784036864.568,1946,6.556,-2.716,1.447,0.0,11.3,63.9
1784036864.568,1946,7.359,-3.01,1.106,0.0,18.7,65.3
1784036864.633,1947,1.692,-0.762,0.274,0.0,17.0,73.2
1784036864.633,1947,3.411,-1.82,0.359,0.0,17.7,72.8
1784036864.633,1947,6.57,-2.716,1.384,0.0,11.6,64.0
1784036864.633,1947,7.356,-3.01,1.126,0.0,18.9,65.3
1784036864.757,1948,1.692,-0.762,0.273,0.0,17.0,73.2
1784036864.757,1948,3.461,-1.699,0.462,0.0,18.1,73.0
1784036864.757,1948,6.584,-2.716,1.315,0.0,11.8,63.8
1784036864.757,1948,7.352,-3.01,1.155,0.0,19.0,65.1
1784036864.881,1949,1.692,-0.762,0.275,0.0,16.9,73.3
1784036864.881,1949,3.459,-1.699,0.478,0.0,18.2,72.2
1784036864.881,1949,6.572,-2.716,1.375,0.0,12.0,63.4
1784036864.881,1949,7.355,-3.01,1.135,0.0,19.3,64.8
1784036864.997,1950,1.692,-0.762,0.276,0.0,17.0,73.2
1784036864.997,1950,3.409,-1.82,0.38,0.0,18.0,72.5
1784036864.997,1950,6.56,-2.716,1.429,0.0,11.7,64.0
1784036864.997,1950,7.359,-3.01,1.106,0.0,18.9,65.2
1784036865.049,1951,1.692,-0.762,0.275,0.0,17.1,73.1
1784036865.049,1951,3.411,-1.82,0.36,0.0,18.3,72.5
1784036865.049,1951,6.561,-2.716,1.424,0.0,11.4,64.3
1784036865.049,1951,7.358,-3.01,1.117,0.0,18.5,65.7
1784036865.163,1952,1.692,-0.762,0.275,0.0,17.0,73.2
1784036865.163,1952,3.467,-1.699,0.417,0.0,18.1,72.5
1784036865.163,1952,6.572,-2.716,1.371,0.0,11.8,63.9
1784036865.163,1952,7.355,-3.01,1.134,0.0,18.9,65.2
1784036865.276,1953,1.692,-0.762,0.274,0.0,16.9,73.2
1784036865.276,1953,3.463,-1.699,0.447,0.0,18.3,72.4
1784036865.276,1953,6.573,-2.716,1.369,0.0,12.0,63.5
1784036865.276,1953,7.352,-3.01,1.156,0.0,19.1,64.9
1784036865.387,1954,1.692,-0.762,0.275,0.0,16.9,73.2
1784036865.387,1954,3.399,-1.82,0.457,0.0,18.1,72.5
1784036865.387,1954,6.555,-2.716,1.453,0.0,11.9,63.6
1784036865.387,1954,7.352,-3.01,1.155,0.0,19.2,64.9
1784036865.45,1955,1.692,-0.762,0.275,0.0,17.1,73.1
1784036865.45,1955,3.402,-1.82,0.436,0.0,18.1,72.7
1784036865.45,1955,6.562,-2.716,1.418,0.0,11.9,63.4
1784036865.45,1955,7.354,-3.01,1.14,0.0,19.6,64.7
1784036865.558,1956,1.692,-0.762,0.275,0.0,17.0,73.1
1784036865.558,1956,3.459,-1.699,0.474,0.0,18.1,72.6
1784036865.558,1956,6.549,-2.716,1.478,0.0,11.6,63.7
1784036865.558,1956,7.357,-3.01,1.121,0.0,19.1,65.0
1784036865.68,1957,1.692,-0.762,0.275,0.0,16.9,73.2
1784036865.68,1957,3.461,-1.699,0.461,0.0,17.8,72.6
1784036865.68,1957,6.557,-2.716,1.442,0.0,11.8,63.6
1784036865.68,1957,7.356,-3.01,1.124,0.0,19.3,64.8
1784036865.789,1958,1.692,-0.762,0.274,0.0,17.0,73.1
1784036865.789,1958,3.403,-1.82,0.427,0.0,18.1,72.8
1784036865.789,1958,6.564,-2.716,1.413,0.0,12.0,63.5
1784036865.789,1958,7.357,-3.01,1.122,0.0,19.5,64.7
1784036865.841,1959,1.692,-0.762,0.276,0.0,16.9,73.2
1784036865.841,1959,3.405,-1.82,0.412,0.0,17.7,72.8
1784036865.841,1959,6.574,-2.716,1.361,0.0,11.6,63.8
1784036865.841,1959,7.353,-3.01,1.146,0.0,19.2,64.9
1784036865.953,1960,1.692,-0.762,0.275,0.0,16.9,73.2
1784036865.953,1960,3.41,-1.82,0.37,0.0,18.1,72.3
1784036865.953,1960,6.562,-2.716,1.42,0.0,11.7,63.6
1784036865.953,1960,7.358,-3.01,1.117,0.0,19.0,64.9
1784036866.064,1961,1.692,-0.762,0.276,0.0,16.9,73.3
1784036866.064,1961,3.41,-1.82,0.37,0.0,18.2,72.7
1784036866.064,1961,6.56,-2.716,1.43,0.0,12.6,62.8
1784036866.064,1961,7.353,-3.01,1.145,0.0,19.8,64.3
1784036866.175,1962,1.692,-0.762,0.276,0.0,16.9,73.3
1784036866.175,1962,3.4,-1.82,0.449,0.0,17.6,72.8
1784036866.175,1962,6.554,-2.716,1.456,0.0,11.7,63.8
1784036866.175,1962,7.356,-3.01,1.127,0.0,19.2,64.9
1784036866.239,1963,1.692,-0.762,0.275,0.0,16.8,73.4
1784036866.239,1963,3.468,-1.699,0.404,0.0,18.5,72.2
1784036866.239,1963,6.557,-2.716,1.444,0.0,11.7,63.9
1784036866.239,1963,7.353,-3.01,1.147,0.0,19.0,65.0
1784036866.348,1964,1.692,-0.762,0.274,0.0,17.0,73.2
1784036866.348,1964,3.41,-1.82,0.365,0.0,17.8,73.0
1784036866.348,1964,6.561,-2.716,1.424,0.0,11.9,63.6
1784036866.348,1964,7.35,-3.01,1.169,0.0,19.2,65.0
1784036866.464,1965,1.692,-0.762,0.276,0.0,17.0,73.1
1784036866.464,1965,3.399,-1.82,0.459,0.0,17.6,72.7
1784036866.464,1965,6.541,-2.716,1.512,0.0,11.5,63.9
1784036866.464,1965,7.352,-3.01,1.155,0.0,18.8,65.3
1784036866.585,1966,1.692,-0.762,0.274,0.0,17.0,73.1
1784036866.585,1966,3.462,-1.699,0.452,0.0,18.2,72.5
1784036866.585,1966,6.567,-2.716,1.398,0.0,11.7,63.9
1784036866.585,1966,7.361,-3.01,1.094,0.0,18.5,65.3
1784036866.69,1967,1.692,-0.762,0.275,0.0,16.9,73.3
1784036866.69,1967,3.466,-1.699,0.424,0.0,18.0,72.8
1784036866.69,1967,6.558,-2.716,1.437,0.0,11.8,63.7
1784036866.69,1967,7.359,-3.01,1.107,0.0,18.8,65.2
1784036866.752,1968,1.692,-0.762,0.274,0.0,17.0,73.1
1784036866.752,1968,3.472,-1.699,0.368,0.0,17.6,73.0
1784036866.752,1968,6.563,-2.716,1.414,0.0,11.9,63.7
1784036866.752,1968,7.359,-3.01,1.109,0.0,18.9,65.1
1784036866.87,1969,1.692,-0.762,0.275,0.0,16.9,73.3
1784036866.87,1969,3.474,-1.699,0.354,0.0,17.6,73.1
1784036866.87,1969,6.566,-2.716,1.401,0.0,11.9,63.7
1784036866.87,1969,7.364,-3.01,1.075,0.0,19.1,64.9
1784036866.988,1970,1.692,-0.762,0.275,0.0,16.9,73.3
1784036866.988,1970,3.411,-1.82,0.361,0.0,17.6,73.0
1784036866.988,1970,6.55,-2.716,1.476,0.0,11.7,63.9
1784036866.988,1970,7.366,-3.01,1.058,0.0,18.8,65.2
1784036867.043,1971,1.692,-0.762,0.274,0.0,17.0,73.2
1784036867.043,1971,3.473,-1.699,0.357,0.0,17.6,73.1
1784036867.043,1971,6.551,-2.716,1.469,0.0,12.0,63.5
1784036867.043,1971,7.364,-3.01,1.074,0.0,19.2,64.8
1784036867.154,1972,1.692,-0.762,0.275,0.0,16.9,73.2
1784036867.154,1972,3.472,-1.699,0.372,0.0,17.6,73.1
1784036867.154,1972,6.562,-2.716,1.421,0.0,11.9,63.7
1784036867.154,1972,7.362,-3.01,1.084,0.0,19.2,64.9
1784036867.275,1973,1.692,-0.762,0.275,0.0,17.0,73.2
1784036867.275,1973,3.409,-1.82,0.38,0.0,17.6,72.9
1784036867.275,1973,6.564,-2.716,1.412,0.0,11.7,63.8
1784036867.275,1973,7.36,-3.01,1.102,0.0,19.1,65.0
1784036867.336,1974,1.692,-0.762,0.275,0.0,17.0,73.1
1784036867.336,1974,3.473,-1.699,0.358,0.0,17.9,73.0
1784036867.336,1974,6.555,-2.716,1.45,0.0,11.9,63.7
1784036867.336,1974,7.36,-3.01,1.104,0.0,19.2,64.9
1784036867.451,1975,1.693,-0.762,0.272,0.0,16.9,73.3
1784036867.451,1975,3.401,-1.82,0.445,0.0,15.4,73.9
1784036867.451,1975,6.551,-2.716,1.469,0.0,11.4,64.1
1784036867.451,1975,7.359,-3.01,1.107,0.0,18.7,65.4
1784036867.451,1975,8.461,-0.267,1.21,0.0,11.6,64.5
1784036867.561,1976,1.716,-0.704,0.281,0.0,17.4,72.8
1784036867.561,1976,3.399,-1.82,0.458,0.0,16.3,73.4
1784036867.561,1976,7.354,-3.01,1.141,0.0,18.3,65.9
1784036867.561,1976,8.454,-0.0,1.288,0.0,11.5,64.6
1784036867.671,1977,1.695,-0.762,0.254,0.0,16.9,73.2
1784036867.671,1977,3.479,-1.699,0.292,0.0,18.0,72.1
1784036867.671,1977,6.605,-2.716,1.204,0.0,11.4,64.2
1784036867.671,1977,7.357,-3.01,1.119,0.0,18.7,65.4
1784036867.671,1977,8.455,-0.0,1.277,0.0,11.6,64.5
1784036867.778,1978,1.695,-0.762,0.255,0.0,17.6,72.7
1784036867.778,1978,3.471,-1.699,0.382,0.0,17.5,74.2
1784036867.778,1978,6.598,-2.716,1.24,0.0,11.3,64.5
1784036867.778,1978,7.352,-3.01,1.156,0.0,18.2,65.8
1784036867.778,1978,8.469,-0.0,1.184,0.0,11.9,64.2
1784036867.887,1979,0.517,0.082,0.011,0.0,11.3,65.6
1784036867.887,1979,1.718,-0.704,0.271,0.0,17.1,73.1
1784036867.887,1979,3.413,-1.82,0.338,0.0,18.4,73.0
1784036867.887,1979,6.576,-2.716,1.354,0.0,11.8,63.6
1784036867.887,1979,7.355,-3.01,1.134,0.0,19.3,64.8
1784036867.941,1980,1.718,-0.704,0.268,0.0,17.2,73.0
1784036867.941,1980,3.41,-1.82,0.374,0.0,17.9,72.9
1784036867.941,1980,6.565,-2.716,1.407,0.0,12.1,63.3
1784036867.941,1980,7.358,-3.01,1.116,0.0,19.4,64.7
1784036867.941,1980,8.462,-0.0,1.231,0.0,12.0,64.3
1784036868.054,1981,1.695,-0.762,0.256,0.0,17.4,72.8
1784036868.054,1981,3.413,-1.82,0.337,0.0,17.8,73.2
1784036868.054,1981,6.593,-2.716,1.27,0.0,11.8,63.7
1784036868.054,1981,7.357,-3.01,1.121,0.0,19.1,65.0
1784036868.169,1982,1.717,-0.704,0.279,0.0,17.2,73.0
1784036868.169,1982,3.475,-1.699,0.345,0.0,18.9,72.8
1784036868.169,1982,7.356,-3.01,1.125,0.0,18.6,65.6
1784036868.169,1982,8.454,-0.0,1.285,0.0,12.2,63.7
1784036868.232,1983,1.694,-0.762,0.265,0.0,17.6,72.6
1784036868.232,1983,3.48,-1.699,0.283,0.0,19.0,72.0
1784036868.232,1983,7.357,-3.01,1.118,0.0,18.4,65.9
1784036868.232,1983,8.457,-0.0,1.264,0.0,13.1,63.3
1784036868.35,1984,1.717,-0.704,0.28,0.0,17.2,73.0
1784036868.35,1984,3.421,-1.82,0.253,0.0,18.1,73.2
1784036868.35,1984,7.364,-3.01,1.076,0.0,18.5,65.7
1784036868.35,1984,8.447,-0.0,1.328,0.0,12.8,63.1
1784036868.473,1985,1.716,-0.704,0.283,0.0,17.4,72.9
1784036868.473,1985,3.464,-1.699,0.442,0.0,18.7,72.8
1784036868.473,1985,7.361,-3.01,1.093,0.0,17.8,66.3
1784036868.473,1985,8.463,-0.0,1.223,0.0,12.5,63.6
1784036868.579,1986,1.693,-0.762,0.269,0.0,17.2,73.0
1784036868.579,1986,3.477,-1.699,0.321,0.0,17.7,72.8
1784036868.579,1986,7.36,-3.01,1.103,0.0,18.5,65.6
1784036868.579,1986,8.439,-0.0,1.379,0.0,11.5,64.7
1784036868.639,1987,1.716,-0.704,0.285,0.0,17.2,73.0
1784036868.639,1987,3.477,-1.699,0.322,0.0,18.7,72.8
1784036868.639,1987,7.359,-3.01,1.106,0.0,18.3,65.9
1784036868.639,1987,8.455,-0.0,1.281,0.0,12.4,63.6
1784036868.743,1988,1.693,-0.762,0.267,0.0,17.4,72.8
1784036868.743,1988,3.403,-1.82,0.43,0.0,15.7,74.2
1784036868.743,1988,7.454,-2.76,1.126,0.0,18.2,65.8
1784036868.743,1988,8.461,-0.0,1.239,0.0,12.8,63.3
1784036868.862,1989,1.716,-0.704,0.284,0.0,17.3,72.9
1784036868.862,1989,3.407,-1.82,0.395,0.0,15.7,73.8
1784036868.862,1989,7.359,-3.01,1.109,0.0,17.7,66.2
1784036868.862,1989,8.415,-0.0,1.522,0.0,11.9,64.3
1784036868.998,1990,1.715,-0.704,0.286,0.0,17.2,73.0
1784036868.998,1990,3.415,-1.82,0.318,0.0,17.7,73.2
1784036868.998,1990,7.362,-3.01,1.085,0.0,17.9,66.1
1784036868.998,1990,8.416,-0.0,1.517,0.0,12.5,63.6
1784036869.054,1991,1.716,-0.704,0.28,0.0,17.3,73.0
1784036869.054,1991,3.411,-1.82,0.362,0.0,15.7,73.9
1784036869.054,1991,7.358,-3.01,1.112,0.0,17.8,66.3
1784036869.054,1991,8.44,-0.0,1.376,0.0,12.3,63.8
1784036869.163,1992,1.716,-0.704,0.286,0.0,17.2,73.1
1784036869.163,1992,3.415,-1.82,0.317,0.0,16.4,73.8
1784036869.163,1992,7.361,-3.01,1.094,0.0,18.2,66.0
1784036869.163,1992,8.436,-0.0,1.398,0.0,12.1,64.0
1784036869.279,1993,1.716,-0.704,0.283,0.0,17.2,73.0
1784036869.279,1993,3.41,-1.82,0.371,0.0,15.7,73.8
1784036869.279,1993,7.454,-2.76,1.123,0.0,17.9,66.3
1784036869.279,1993,8.443,-0.0,1.354,0.0,11.9,64.2
1784036869.386,1994,1.693,-0.762,0.269,0.0,17.4,72.8
1784036869.386,1994,3.41,-1.82,0.372,0.0,15.5,74.0
1784036869.386,1994,7.454,-2.76,1.127,0.0,17.7,66.5
1784036869.386,1994,8.452,-0.0,1.296,0.0,12.6,63.5
1784036869.453,1995,1.692,-0.762,0.274,0.0,17.3,72.9
1784036869.453,1995,3.47,-1.699,0.39,0.0,16.5,74.0
1784036869.453,1995,7.452,-2.76,1.138,0.0,18.1,66.0
1784036869.453,1995,8.437,-0.0,1.392,0.0,12.8,63.1
1784036869.563,1996,1.693,-0.762,0.271,0.0,17.2,73.0
1784036869.563,1996,3.412,-1.82,0.347,0.0,15.2,74.2
1784036869.563,1996,7.451,-2.76,1.143,0.0,17.9,66.2
1784036869.563,1996,7.247,-3.261,1.134,0.0,17.9,66.2
1784036869.563,1996,8.435,-0.0,1.403,0.0,12.4,63.8
1784036869.681,1997,1.693,-0.762,0.271,0.0,17.4,72.8
1784036869.681,1997,3.417,-1.82,0.294,0.0,16.5,73.7
1784036869.681,1997,7.454,-2.76,1.123,0.0,18.7,65.6
1784036869.681,1997,8.448,-0.0,1.326,0.0,12.7,63.4
1784036869.74,1998,1.716,-0.704,0.285,0.0,17.2,73.0
1784036869.74,1998,3.412,-1.82,0.35,0.0,16.7,73.5
1784036869.74,1998,7.455,-2.76,1.121,0.0,19.0,65.3
1784036869.74,1998,8.451,-0.0,1.303,0.0,12.2,63.9
1784036869.864,1999,1.692,-0.762,0.273,0.0,17.3,72.9
1784036869.864,1999,3.411,-1.82,0.36,0.0,15.3,74.2
1784036869.864,1999,6.549,-2.716,1.479,0.0,11.3,64.2
1784036869.864,1999,7.246,-3.261,1.14,0.0,18.8,65.4
1784036869.864,1999,7.449,-2.76,1.155,0.0,18.8,65.4
1784036869.864,1999,8.447,-0.0,1.332,0.0,11.9,64.4
1784036869.988,2000,1.693,-0.762,0.272,0.0,17.2,73.0
1784036869.988,2000,3.477,-1.699,0.319,0.0,16.6,74.0
1784036869.988,2000,7.454,-2.76,1.125,0.0,18.6,65.6
1784036869.988,2000,8.451,-0.0,1.303,0.0,12.2,63.8
1784036870.05,2001,1.693,-0.762,0.27,0.0,17.3,72.9
1784036870.05,2001,3.404,-1.82,0.421,0.0,15.4,74.3
1784036870.05,2001,7.454,-2.76,1.124,0.0,18.7,65.4
1784036870.05,2001,7.25,-3.261,1.113,0.0,18.7,65.4
1784036870.05,2001,8.47,-0.0,1.177,0.0,12.3,63.9
1784036870.171,2002,1.692,-0.762,0.274,0.0,17.2,73.1
1784036870.171,2002,3.417,-1.82,0.3,0.0,15.6,73.7
1784036870.171,2002,7.454,-2.76,1.126,0.0,18.6,65.4
1784036870.171,2002,7.249,-3.261,1.121,0.0,18.6,65.4
1784036870.171,2002,8.466,-0.0,1.202,0.0,12.5,63.8
1784036870.171,2002,4.356,-1.301,0.848,-0.162,14.2,53.0
1784036870.278,2003,1.692,-0.762,0.273,0.0,17.4,72.8
1784036870.278,2003,3.476,-1.699,0.334,0.0,16.7,73.8
1784036870.278,2003,7.454,-2.76,1.126,0.0,18.7,65.3
1784036870.278,2003,8.441,-0.0,1.367,0.0,12.3,63.9
1784036870.398,2004,1.693,-0.762,0.269,0.0,17.2,73.1
1784036870.398,2004,3.409,-1.82,0.382,0.0,15.6,73.9
1784036870.398,2004,6.591,-2.716,1.278,0.0,11.4,63.9
1784036870.398,2004,7.459,-2.76,1.092,0.0,18.9,65.2
1784036870.398,2004,8.452,-0.0,1.301,0.0,12.4,63.7
1784036870.448,2005,1.692,-0.762,0.273,0.0,17.3,72.9
1784036870.448,2005,3.412,-1.82,0.354,0.0,15.7,74.0
1784036870.448,2005,6.583,-2.716,1.317,0.0,11.3,63.8
1784036870.448,2005,7.257,-3.261,1.068,0.0,19.2,65.0
1784036870.448,2005,8.453,-0.0,1.292,0.0,12.9,63.2
1784036870.55,2006,1.692,-0.762,0.274,0.0,17.2,73.0
1784036870.55,2006,3.413,-1.82,0.337,0.0,16.1,73.8
1784036870.55,2006,7.259,-3.261,1.058,0.0,18.8,65.4
1784036870.55,2006,8.464,-0.0,1.222,0.0,13.1,63.0
1784036870.651,2007,1.693,-0.762,0.27,0.0,17.2,73.1
1784036870.651,2007,3.412,-1.82,0.348,0.0,15.7,73.8
1784036870.651,2007,6.575,-2.716,1.36,0.0,11.2,64.0
1784036870.651,2007,7.264,-3.261,1.024,0.0,18.7,65.4
1784036870.651,2007,8.46,-0.0,1.245,0.0,12.0,64.0
1784036870.758,2008,1.693,-0.762,0.272,0.0,17.0,73.2
1784036870.758,2008,3.414,-1.82,0.329,0.0,16.1,73.8
1784036870.758,2008,6.587,-2.716,1.298,0.0,11.3,63.7
1784036870.758,2008,7.363,-3.01,1.078,0.0,18.9,65.1
1784036870.758,2008,8.457,-0.0,1.269,0.0,12.1,64.0
1784036870.86,2009,1.692,-0.762,0.272,0.0,17.1,73.1
1784036870.86,2009,3.411,-1.82,0.361,0.0,15.7,73.9
1784036870.86,2009,7.368,-3.01,1.043,0.0,18.5,65.6
1784036870.86,2009,8.458,-0.0,1.262,0.0,12.2,63.9
1784036870.962,2010,1.693,-0.762,0.271,0.0,17.2,73.1
1784036870.962,2010,3.412,-1.82,0.349,0.0,16.0,73.8
1784036870.962,2010,7.364,-3.01,1.075,0.0,18.6,65.6
1784036870.962,2010,8.462,-0.0,1.233,0.0,12.7,63.4
1784036871.071,2011,1.693,-0.762,0.272,0.0,17.1,73.1
1784036871.071,2011,3.411,-1.82,0.359,0.0,16.0,73.8
1784036871.071,2011,7.363,-3.01,1.081,0.0,18.2,65.8
1784036871.071,2011,8.465,-0.0,1.21,0.0,12.2,63.9
1784036871.178,2012,1.693,-0.762,0.271,0.0,17.1,73.1
1784036871.178,2012,3.412,-1.82,0.35,0.0,15.5,74.0
1784036871.178,2012,7.366,-3.01,1.057,0.0,18.4,65.5
1784036871.178,2012,8.453,-0.0,1.294,0.0,11.8,64.3
1784036871.28,2013,1.693,-0.762,0.272,0.0,17.1,73.1
1784036871.28,2013,3.413,-1.82,0.336,0.0,16.1,73.8
1784036871.28,2013,7.362,-3.01,1.09,0.0,18.3,65.6
1784036871.28,2013,8.449,-0.0,1.318,0.0,11.8,64.3
1784036871.383,2014,1.693,-0.762,0.271,0.0,17.2,73.1
1784036871.383,2014,3.413,-1.82,0.343,0.0,15.9,73.8
1784036871.383,2014,7.369,-3.01,1.036,0.0,18.1,65.7
1784036871.383,2014,8.446,-0.0,1.339,0.0,12.3,63.8
1784036871.485,2015,1.693,-0.762,0.271,0.0,17.3,72.9
1784036871.485,2015,3.414,-1.82,0.325,0.0,15.7,73.8
1784036871.485,2015,7.364,-3.01,1.072,0.0,18.3,65.7
1784036871.485,2015,8.456,-0.0,1.271,0.0,12.2,64.0
1784036871.536,2016,1.693,-0.762,0.271,0.0,17.2,73.1
1784036871.536,2016,3.413,-1.82,0.345,0.0,16.1,73.9
1784036871.536,2016,7.358,-3.01,1.112,0.0,18.7,65.3
1784036871.536,2016,8.462,-0.0,1.231,0.0,12.1,64.0
1784036871.69,2017,1.693,-0.762,0.271,0.0,17.1,73.1
1784036871.69,2017,3.41,-1.82,0.365,0.0,15.6,74.0
1784036871.69,2017,7.361,-3.01,1.091,0.0,18.8,65.1
1784036871.69,2017,8.455,-0.0,1.281,0.0,12.5,63.6
1784036871.792,2018,1.693,-0.762,0.272,0.0,17.3,72.9
1784036871.792,2018,3.409,-1.82,0.382,0.0,15.6,74.0
1784036871.792,2018,7.36,-3.01,1.099,0.0,18.8,65.2
1784036871.792,2018,8.457,-0.0,1.264,0.0,12.2,63.9
1784036871.845,2019,1.693,-0.762,0.269,0.0,17.1,73.1
1784036871.845,2019,3.407,-1.82,0.392,0.0,16.0,73.9
1784036871.845,2019,6.587,-2.716,1.298,0.0,11.3,63.8
1784036871.845,2019,7.359,-3.01,1.105,0.0,18.9,65.1
1784036871.845,2019,8.444,-0.0,1.347,0.0,11.9,64.2
1784036871.947,2020,1.693,-0.762,0.27,0.0,17.2,73.0
1784036871.947,2020,3.406,-1.82,0.402,0.0,15.6,74.0
1784036871.947,2020,7.365,-3.01,1.069,0.0,18.9,65.3
1784036871.947,2020,8.435,-0.0,1.402,0.0,11.9,64.1
1784036872.049,2021,1.693,-0.762,0.272,0.0,17.2,73.0
1784036872.049,2021,3.41,-1.82,0.365,0.0,15.5,74.0
1784036872.049,2021,7.363,-3.01,1.083,0.0,18.7,65.4
1784036872.049,2021,8.437,-0.0,1.391,0.0,12.1,63.9
1784036872.151,2022,1.693,-0.762,0.27,0.0,17.2,73.1
1784036872.151,2022,3.417,-1.82,0.292,0.0,15.6,74.3
1784036872.151,2022,7.37,-3.01,1.029,0.0,18.6,65.4
1784036872.151,2022,8.448,-0.0,1.323,0.0,12.6,63.5
1784036872.254,2023,1.693,-0.762,0.272,0.0,17.1,73.1
1784036872.254,2023,3.416,-1.82,0.305,0.0,15.5,74.2
1784036872.254,2023,7.36,-3.01,1.098,0.0,18.5,65.6
1784036872.254,2023,8.463,-0.0,1.223,0.0,12.6,63.5
1784036872.369,2024,1.692,-0.762,0.273,0.0,17.3,72.9
1784036872.369,2024,3.411,-1.82,0.357,0.0,15.7,73.9
1784036872.369,2024,7.365,-3.01,1.065,0.0,18.2,65.6
1784036872.369,2024,8.461,-0.0,1.237,0.0,12.9,63.2
1784036872.476,2025,1.716,-0.704,0.285,0.0,17.3,72.9
1784036872.476,2025,3.406,-1.82,0.408,0.0,16.3,73.6
1784036872.476,2025,7.362,-3.01,1.087,0.0,18.4,65.6
1784036872.476,2025,8.467,-0.0,1.199,0.0,12.3,63.8
1784036872.585,2026,1.716,-0.704,0.281,0.0,17.3,72.9
1784036872.585,2026,3.41,-1.82,0.371,0.0,16.9,73.8
1784036872.585,2026,6.597,-2.716,1.248,0.0,11.2,64.0
1784036872.585,2026,7.365,-3.01,1.069,0.0,18.8,65.3
1784036872.585,2026,8.473,-0.0,1.156,0.0,11.6,64.4
1784036872.687,2027,1.692,-0.762,0.277,0.0,17.2,72.9
1784036872.687,2027,3.411,-1.82,0.356,0.0,16.0,74.0
1784036872.687,2027,7.365,-3.01,1.064,0.0,18.7,65.3
1784036872.687,2027,8.459,-0.0,1.25,0.0,11.6,64.4
1784036872.738,2028,1.716,-0.704,0.281,0.0,17.1,73.1
1784036872.738,2028,3.415,-1.82,0.32,0.0,16.8,73.5
1784036872.738,2028,6.577,-2.716,1.347,0.0,11.2,64.0
1784036872.738,2028,7.364,-3.01,1.071,0.0,18.8,65.2
1784036872.738,2028,8.467,-0.0,1.196,0.0,12.3,63.9
1784036872.842,2029,1.716,-0.704,0.285,0.0,17.3,72.9
1784036872.842,2029,3.416,-1.82,0.314,0.0,16.6,73.6
1784036872.842,2029,7.359,-3.01,1.105,0.0,18.2,65.8
1784036872.842,2029,8.459,-0.0,1.253,0.0,12.5,63.5
1784036872.945,2030,1.693,-0.762,0.271,0.0,17.2,73.0
1784036872.945,2030,3.416,-1.82,0.306,0.0,16.6,73.8
1784036872.945,2030,7.366,-3.01,1.062,0.0,18.7,65.3
1784036872.945,2030,8.462,-0.0,1.235,0.0,12.5,63.6
1784036872.945,2030,4.279,-1.418,0.517,0.243,18.6,50.2
1784036873.049,2031,1.716,-0.704,0.285,0.0,17.1,73.1
1784036873.049,2031,3.412,-1.82,0.355,0.0,15.9,74.0
1784036873.049,2031,7.367,-3.01,1.054,0.0,17.9,66.0
1784036873.049,2031,8.459,-0.0,1.25,0.0,12.2,63.9
1784036873.157,2032,1.692,-0.762,0.278,0.0,17.3,72.9
1784036873.157,2032,3.412,-1.82,0.348,0.0,14.1,73.9
1784036873.157,2032,7.359,-3.01,1.109,0.0,17.8,66.2
1784036873.157,2032,8.446,-0.0,1.339,0.0,13.1,63.1
1784036873.26,2033,1.693,-0.762,0.266,0.0,16.9,73.2
1784036873.26,2033,3.412,-1.82,0.354,0.0,16.6,73.5
1784036873.26,2033,7.374,-3.01,1.004,0.0,18.4,65.6
1784036873.26,2033,8.464,-0.0,1.22,0.0,12.7,63.3
1784036873.366,2034,1.691,-0.762,0.279,0.0,17.2,73.0
1784036873.366,2034,3.4,-1.82,0.451,0.0,16.1,73.4
1784036873.366,2034,7.354,-3.01,1.138,0.0,18.6,65.5
1784036873.366,2034,8.469,-0.0,1.182,0.0,11.8,64.5
1784036873.468,2035,1.715,-0.704,0.288,0.0,17.1,73.1
1784036873.468,2035,3.403,-1.82,0.431,0.0,14.5,74.3
1784036873.468,2035,7.358,-3.01,1.115,0.0,18.6,65.4
1784036873.468,2035,8.465,-0.0,1.208,0.0,11.7,64.5
1784036873.573,2036,1.715,-0.704,0.286,0.0,17.1,73.1
1784036873.573,2036,3.412,-1.82,0.353,0.0,16.2,74.1
1784036873.573,2036,6.545,-2.716,1.497,0.0,11.2,63.8
1784036873.573,2036,7.368,-3.01,1.049,0.0,18.9,65.1
1784036873.573,2036,8.455,-0.0,1.279,0.0,12.0,64.1
1784036873.681,2037,1.715,-0.704,0.288,0.0,17.2,73.0
1784036873.681,2037,3.405,-1.82,0.412,0.0,15.4,74.1
1784036873.681,2037,7.356,-3.01,1.125,0.0,18.7,65.2
1784036873.681,2037,8.465,-0.0,1.208,0.0,12.8,63.4
1784036873.74,2038,1.715,-0.704,0.288,0.0,17.2,73.0
1784036873.74,2038,3.406,-1.82,0.402,0.0,15.0,74.0
1784036873.74,2038,6.585,-2.716,1.307,0.0,11.2,64.1
1784036873.74,2038,7.354,-3.01,1.141,0.0,18.7,65.3
1784036873.74,2038,8.455,-0.0,1.279,0.0,12.0,64.2
1784036873.893,2039,1.715,-0.704,0.288,0.0,17.2,73.1
1784036873.893,2039,3.478,-1.699,0.306,0.0,16.2,74.1
1784036873.893,2039,6.567,-2.716,1.397,0.0,11.4,63.9
1784036873.893,2039,7.357,-3.01,1.121,0.0,19.0,65.2
1784036873.893,2039,8.471,-0.0,1.166,0.0,12.4,63.8
1784036873.943,2040,1.715,-0.704,0.287,0.0,17.2,73.0
1784036873.943,2040,3.478,-1.699,0.309,0.0,15.3,73.9
1784036873.943,2040,7.353,-3.01,1.147,0.0,18.4,65.6
1784036873.943,2040,8.454,-0.0,1.286,0.0,11.9,64.4
1784036874.045,2041,1.715,-0.704,0.288,0.0,17.1,73.1
1784036874.045,2041,3.409,-1.82,0.375,0.0,15.6,73.9
1784036874.045,2041,7.358,-3.01,1.114,0.0,18.2,65.8
1784036874.045,2041,8.461,-0.0,1.241,0.0,12.2,64.3
1784036874.146,2042,1.715,-0.704,0.289,0.0,17.1,73.1
1784036874.146,2042,3.409,-1.82,0.377,0.0,15.4,74.4
1784036874.146,2042,6.534,-2.716,1.545,0.0,11.6,63.7
1784036874.146,2042,7.365,-3.01,1.069,0.0,18.9,65.1
1784036874.146,2042,8.446,-0.0,1.34,0.0,11.9,64.3
1784036874.248,2043,1.715,-0.704,0.291,0.0,17.2,73.0
1784036874.248,2043,3.407,-1.82,0.4,0.0,15.4,73.8
1784036874.248,2043,7.366,-3.01,1.063,0.0,18.0,66.1
1784036874.248,2043,8.422,-0.0,1.482,0.0,11.8,64.1
1784036874.349,2044,1.715,-0.704,0.291,0.0,17.2,73.1
1784036874.349,2044,3.408,-1.82,0.387,0.0,15.9,73.6
1784036874.349,2044,7.362,-3.01,1.087,0.0,18.8,65.3
1784036874.349,2044,8.417,-0.0,1.507,0.0,12.1,63.8
1784036874.451,2045,1.715,-0.704,0.291,0.0,17.4,72.8
1784036874.451,2045,3.41,-1.82,0.37,0.0,15.9,73.8
1784036874.451,2045,6.549,-2.716,1.479,0.0,11.4,63.8
1784036874.451,2045,7.354,-3.01,1.143,0.0,19.2,65.1
1784036874.451,2045,8.418,-0.0,1.503,0.0,12.1,63.7
1784036874.553,2046,1.715,-0.704,0.287,0.0,17.2,73.0
1784036874.553,2046,3.409,-1.82,0.379,0.0,16.1,73.3
1784036874.553,2046,6.559,-2.716,1.432,0.0,11.7,63.5
1784036874.553,2046,7.355,-3.01,1.135,0.0,19.6,64.7
1784036874.553,2046,8.455,-0.0,1.282,0.0,12.0,64.0
1784036874.553,2046,3.806,-0.744,0.85,-0.162,16.8,60.4
1784036874.666,2047,0.601,-0.095,-0.057,0.0,11.9,63.7
1784036874.666,2047,1.716,-0.704,0.285,0.0,17.0,73.2
1784036874.666,2047,3.409,-1.82,0.377,0.0,16.1,73.5
1784036874.666,2047,6.544,-2.716,1.502,0.0,12.0,63.3
1784036874.666,2047,7.357,-3.01,1.122,0.0,19.6,64.6
1784036874.666,2047,1.637,1.931,0.467,-0.162,14.5,56.4
1784036874.666,2047,2.47,-0.483,-0.538,-0.162,14.5,56.4
1784036874.768,2048,0.603,-0.095,-0.02,0.0,13.7,62.1
1784036874.768,2048,1.716,-0.704,0.281,0.0,17.2,73.0
1784036874.768,2048,3.411,-1.82,0.357,0.0,15.8,73.7
1784036874.768,2048,7.348,-3.01,1.177,0.0,18.7,65.5
1784036874.768,2048,3.626,-0.586,0.764,-0.162,17.3,59.3
1784036874.885,2049,0.603,-0.095,-0.006,0.0,13.7,62.1
1784036874.885,2049,1.717,-0.704,0.278,0.0,17.2,73.0
1784036874.885,2049,3.411,-1.82,0.364,0.0,15.9,73.8
1784036874.885,2049,7.344,-3.01,1.203,0.0,18.4,65.8
1784036874.885,2049,8.429,-0.0,1.443,0.0,11.8,64.0
1784036874.885,2049,2.388,-0.466,-0.515,-0.243,11.9,57.8
1784036874.885,2049,3.69,-0.586,0.339,-0.243,20.3,57.3
1784036874.885,2049,3.767,-0.736,0.827,-0.243,17.9,60.4
1784036874.885,2049,0.551,0.851,0.263,-0.162,12.6,52.8
1784036874.985,2050,0.601,-0.095,-0.051,0.0,14.4,61.2
1784036874.985,2050,1.716,-0.704,0.281,0.0,17.1,73.0
1784036874.985,2050,3.41,-1.82,0.373,0.0,15.8,73.5
1784036874.985,2050,7.339,-3.01,1.231,0.0,18.4,65.9
1784036874.985,2050,8.459,-0.0,1.251,0.0,12.0,63.5
1784036874.985,2050,2.081,-0.638,0.64,-0.243,14.2,56.1
1784036874.985,2050,2.39,-0.466,-0.503,-0.243,16.2,56.6
1784036874.985,2050,1.565,1.865,0.506,-0.243,16.2,56.6
1784036874.985,2050,3.64,-0.586,0.696,-0.243,23.0,58.4
1784036874.985,2050,3.652,-0.728,1.1,-0.243,11.6,61.9
1784036874.985,2050,5.509,-1.62,0.434,-0.243,12.5,54.0
1784036874.985,2050,0.506,0.648,0.109,-0.162,19.8,51.3
1784036875.088,2051,0.603,-0.095,-0.028,0.0,14.2,61.5
1784036875.088,2051,1.716,-0.704,0.28,0.0,17.2,73.0
1784036875.088,2051,3.411,-1.82,0.362,0.0,16.2,73.3
1784036875.088,2051,7.34,-3.01,1.228,0.0,18.2,66.0
1784036875.088,2051,8.436,-0.0,1.401,0.0,11.5,64.4
1784036875.088,2051,3.63,-0.579,0.492,-0.325,29.3,53.6
1784036875.088,2051,3.718,-0.728,0.849,-0.325,17.4,59.3
1784036875.088,2051,5.394,-1.8,0.913,-0.325,15.2,52.4
1784036875.088,2051,1.294,1.808,0.095,-0.243,19.2,55.7
1784036875.088,2051,2.196,-0.209,0.289,-0.243,19.2,55.7
1784036875.088,2051,2.254,-0.311,-1.004,-0.243,11.2,58.8
1784036875.088,2051,1.495,1.943,0.418,-0.243,11.2,58.8
1784036875.139,2052,0.603,-0.095,-0.012,0.0,12.8,63.0
1784036875.139,2052,1.716,-0.704,0.281,0.0,17.1,73.1
1784036875.139,2052,3.411,-1.82,0.364,0.0,16.1,73.6
1784036875.139,2052,7.339,-3.01,1.233,0.0,19.0,65.4
1784036875.139,2052,8.446,-0.0,1.34,0.0,11.6,64.3
1784036875.139,2052,3.637,-0.84,0.899,-0.325,19.3,59.0
1784036875.139,2052,3.581,-0.573,0.528,-0.243,22.6,56.8
1784036875.139,2052,0.488,0.622,0.25,-0.162,20.3,51.5
1784036875.139,2052,0.8,0.596,-0.11,-0.162,11.3,54.3
1784036875.259,2053,1.717,-0.704,0.279,0.0,17.2,73.0
1784036875.259,2053,3.408,-1.82,0.386,0.0,16.1,73.3
1784036875.259,2053,7.347,-3.01,1.186,0.0,18.5,65.8
1784036875.259,2053,3.607,-0.83,0.841,-0.325,18.1,55.1
1784036875.259,2053,3.564,-0.687,0.506,-0.243,22.2,55.0
1784036875.365,2054,1.716,-0.704,0.281,0.0,17.0,73.2
1784036875.365,2054,3.409,-1.82,0.374,0.0,16.7,72.9
1784036875.365,2054,7.342,-3.01,1.213,0.0,18.6,65.8
1784036875.365,2054,8.474,-0.0,1.15,0.0,11.4,64.7
1784036875.365,2054,3.492,-0.679,0.674,-0.243,19.1,53.7
1784036875.365,2054,3.624,-0.712,0.877,-0.243,18.3,58.8
1784036875.467,2055,1.716,-0.704,0.282,0.0,17.1,73.1
1784036875.467,2055,3.41,-1.82,0.369,0.0,16.7,73.0
1784036875.467,2055,7.349,-3.01,1.174,0.0,18.2,66.0
1784036875.467,2055,8.453,-0.0,1.295,0.0,11.9,63.9
1784036875.467,2055,3.503,-0.821,1.065,-0.243,22.1,55.5
1784036875.467,2055,3.534,-0.679,0.401,-0.162,22.0,57.5
1784036875.467,2055,0.499,0.564,0.221,-0.081,14.1,63.4
1784036875.569,2056,1.717,-0.704,0.276,0.0,17.0,73.2
1784036875.569,2056,3.409,-1.82,0.374,0.0,16.6,72.9
1784036875.569,2056,7.344,-3.01,1.204,0.0,18.0,66.2
1784036875.569,2056,8.461,-0.0,1.241,0.0,12.3,63.7
1784036875.674,2057,1.693,-0.762,0.271,0.0,16.8,73.3
1784036875.674,2057,3.41,-1.82,0.371,0.0,16.2,73.2
1784036875.674,2057,7.344,-3.01,1.202,0.0,18.7,65.5
1784036875.674,2057,8.464,-0.0,1.219,0.0,11.9,64.2
1784036875.674,2057,3.631,-0.821,0.473,-0.162,14.2,60.2
1784036875.776,2058,1.716,-0.704,0.281,0.0,17.1,73.0
1784036875.776,2058,3.41,-1.82,0.368,0.0,16.6,73.1
1784036875.776,2058,7.345,-3.01,1.198,0.0,19.1,65.3
1784036875.776,2058,8.453,-0.0,1.289,0.0,12.6,63.2
1784036875.776,2058,0.522,0.464,0.25,-0.081,13.4,63.6
1784036875.877,2059,1.716,-0.704,0.283,0.0,17.0,73.1
1784036875.877,2059,3.408,-1.82,0.385,0.0,16.6,72.9
1784036875.877,2059,7.35,-3.01,1.166,0.0,18.5,65.8
1784036875.877,2059,8.433,-0.0,1.414,0.0,12.0,64.0
1784036875.877,2059,4.372,-1.301,0.761,-0.243,12.4,53.6
1784036875.877,2059,0.463,0.736,-0.07,-0.162,12.5,57.5
1784036875.877,2059,4.528,-1.337,0.57,-0.162,11.9,55.0
1784036875.877,2059,0.473,0.51,0.258,-0.081,15.9,62.7
1784036875.979,2060,1.717,-0.704,0.277,0.0,17.3,72.9
1784036875.979,2060,3.407,-1.82,0.393,0.0,17.2,72.3
1784036875.979,2060,6.554,-2.716,1.457,0.0,11.6,63.6
1784036875.979,2060,7.35,-3.01,1.163,0.0,19.4,65.0
1784036875.979,2060,8.457,-0.0,1.267,0.0,12.1,63.7
1784036875.979,2060,0.723,-0.221,0.212,-0.081,11.2,63.6
1784036876.035,2061,1.717,-0.704,0.28,0.0,17.1,73.1
1784036876.035,2061,3.412,-1.82,0.351,0.0,16.8,73.0
1784036876.035,2061,6.555,-2.716,1.452,0.0,11.7,63.2
1784036876.035,2061,7.35,-3.01,1.163,0.0,19.5,64.9
1784036876.035,2061,8.422,-0.0,1.484,0.0,11.8,64.0
1784036876.035,2061,4.5,-1.325,0.441,-0.162,13.1,57.5
1784036876.141,2062,0.602,-0.095,-0.041,0.0,13.3,62.3
1784036876.141,2062,1.716,-0.704,0.282,0.0,17.3,72.9
1784036876.141,2062,3.409,-1.82,0.382,0.0,16.8,72.8
1784036876.141,2062,6.542,-2.716,1.511,0.0,11.3,63.8
1784036876.141,2062,7.352,-3.01,1.15,0.0,19.1,65.3
1784036876.141,2062,8.442,-0.0,1.363,0.0,13.1,63.0
1784036876.141,2062,3.607,-0.938,0.431,0.243,17.5,51.8
1784036876.141,2062,0.432,0.603,-0.014,-0.243,26.2,50.6
1784036876.261,2063,0.602,-0.095,-0.035,0.0,13.8,61.8
1784036876.261,2063,1.716,-0.704,0.281,0.0,17.2,72.9
1784036876.261,2063,3.411,-1.82,0.359,0.0,16.8,72.5
1784036876.261,2063,7.36,-3.01,1.098,0.0,18.6,65.8
1784036876.261,2063,8.431,-0.0,1.427,0.0,12.1,64.1
1784036876.261,2063,0.374,0.589,-0.015,-0.325,30.9,49.2
1784036876.261,2063,4.426,-1.313,0.69,-0.162,16.6,55.2
