t,frame,x,y,z,doppler,snr_db
1783971072.418,1,1.238,1.286,0.122,0.0,14.2
1783971072.418,1,1.714,-1.963,0.245,0.0,15.4
1783971072.526,2,1.294,1.23,0.119,0.0,14.4
1783971072.526,2,1.716,-1.963,0.234,0.0,15.5
1783971072.634,3,1.294,1.23,0.119,0.0,14.3
1783971072.634,3,1.717,-1.963,0.225,0.0,15.5
1783971072.735,4,1.238,1.286,0.118,0.0,14.4
1783971072.735,4,1.718,-1.963,0.214,0.0,15.6
1783971072.793,5,1.293,1.23,0.121,0.0,14.3
1783971072.793,5,1.719,-1.963,0.207,0.0,15.6
1783971072.901,6,1.294,1.23,0.114,0.0,14.5
1783971072.901,6,1.719,-1.963,0.208,0.0,15.7
1783971073.008,7,1.294,1.23,0.117,0.0,14.3
1783971073.008,7,1.719,-1.963,0.207,0.0,15.5
1783971073.108,8,1.294,1.23,0.118,0.0,14.5
1783971073.108,8,1.718,-1.963,0.212,0.0,15.3
1783971073.21,9,1.294,1.23,0.115,0.0,14.4
1783971073.21,9,1.719,-1.963,0.203,0.0,15.4
1783971073.311,10,1.294,1.23,0.117,0.0,14.3
1783971073.311,10,1.719,-1.963,0.205,0.0,15.5
1783971073.411,11,1.294,1.23,0.116,0.0,14.5
1783971073.411,11,1.719,-1.963,0.207,0.0,15.5
1783971073.511,12,1.294,1.23,0.118,0.0,14.5
1783971073.511,12,1.72,-1.963,0.198,0.0,15.6
1783971073.612,13,1.294,1.23,0.117,0.0,14.4
1783971073.612,13,1.72,-1.963,0.199,0.0,15.5
1783971073.713,14,1.294,1.23,0.115,0.0,14.4
1783971073.713,14,1.72,-1.963,0.201,0.0,15.6
1783971073.814,15,1.294,1.23,0.117,0.0,14.4
1783971073.814,15,1.72,-1.963,0.199,0.0,15.5
1783971073.915,16,1.294,1.23,0.118,0.0,14.5
1783971073.915,16,1.72,-1.963,0.197,0.0,15.6
1783971074.015,17,1.294,1.23,0.117,0.0,14.4
1783971074.015,17,1.72,-1.963,0.195,0.0,15.6
1783971074.117,18,1.294,1.23,0.116,0.0,14.5
1783971074.117,18,1.72,-1.963,0.196,0.0,15.7
1783971074.218,19,1.294,1.23,0.116,0.0,14.4
1783971074.218,19,1.72,-1.963,0.197,0.0,15.4
1783971074.319,20,1.294,1.23,0.116,0.0,14.4
1783971074.319,20,1.72,-1.963,0.2,0.0,15.6
1783971074.42,21,1.294,1.23,0.118,0.0,14.5
1783971074.42,21,1.721,-1.963,0.194,0.0,15.4
1783971074.536,22,1.294,1.23,0.117,0.0,14.5
1783971074.536,22,1.72,-1.963,0.198,0.0,15.5
1783971074.587,23,1.294,1.23,0.116,0.0,14.4
1783971074.587,23,1.72,-1.963,0.2,0.0,15.5
1783971074.695,24,1.294,1.23,0.118,0.0,14.4
1783971074.695,24,1.719,-1.963,0.206,0.0,15.4
1783971074.796,25,1.294,1.23,0.119,0.0,14.6
1783971074.796,25,1.718,-1.963,0.217,0.0,15.2
1783971074.897,26,1.293,1.23,0.12,0.0,14.4
1783971074.897,26,1.716,-1.963,0.23,0.0,15.1
1783971075.0,27,1.294,1.23,0.119,0.0,14.4
1783971075.0,27,1.713,-1.963,0.251,0.0,15.2
1783971075.1,28,1.293,1.23,0.12,0.0,14.3
1783971075.1,28,1.711,-1.963,0.262,0.0,15.1
1783971075.201,29,1.293,1.23,0.119,0.0,14.3
1783971075.201,29,1.71,-1.963,0.271,0.0,15.1
1783971075.301,30,1.294,1.23,0.118,0.0,14.3
1783971075.301,30,1.709,-1.963,0.276,0.0,15.1
1783971075.402,31,1.294,1.23,0.118,0.0,14.4
1783971075.402,31,1.71,-1.963,0.271,0.0,15.1
1783971075.503,32,1.294,1.23,0.117,0.0,14.4
1783971075.503,32,1.711,-1.963,0.268,0.0,15.1
1783971075.605,33,1.293,1.23,0.12,0.0,14.4
1783971075.605,33,1.712,-1.963,0.261,0.0,15.2
1783971075.706,34,1.294,1.23,0.117,0.0,14.3
1783971075.706,34,1.713,-1.963,0.249,0.0,15.3
1783971075.807,35,1.294,1.23,0.118,0.0,14.5
1783971075.807,35,1.713,-1.963,0.255,0.0,15.3
1783971075.908,36,1.294,1.23,0.118,0.0,14.4
1783971075.908,36,1.714,-1.963,0.246,0.0,15.1
1783971076.009,37,1.294,1.23,0.117,0.0,14.6
1783971076.009,37,1.715,-1.963,0.241,0.0,15.3
1783971076.11,38,1.294,1.23,0.117,0.0,14.5
1783971076.11,38,1.715,-1.963,0.236,0.0,15.3
1783971076.21,39,1.294,1.23,0.116,0.0,14.3
1783971076.21,39,1.713,-1.963,0.253,0.0,15.2
1783971076.312,40,1.293,1.23,0.123,0.0,14.4
1783971076.312,40,1.715,-1.963,0.24,0.0,15.4
1783971076.413,41,1.294,1.23,0.118,0.0,14.5
1783971076.413,41,1.718,-1.963,0.212,0.0,15.3
1783971076.514,42,1.238,1.286,0.121,0.0,14.3
1783971076.514,42,1.721,-1.963,0.192,0.0,15.3
1783971076.615,43,1.238,1.286,0.122,0.0,14.3
1783971076.615,43,1.808,-1.881,0.207,0.0,15.1
1783971076.716,44,1.238,1.286,0.121,0.0,14.3
1783971076.716,44,1.808,-1.881,0.209,0.0,15.1
1783971076.816,45,1.294,1.23,0.119,0.0,14.3
1783971076.816,45,1.721,-1.963,0.186,0.0,15.3
1783971076.918,46,1.293,1.23,0.12,0.0,14.4
1783971076.918,46,1.721,-1.963,0.193,0.0,15.6
1783971077.019,47,1.294,1.23,0.118,0.0,14.4
1783971077.019,47,1.721,-1.963,0.186,0.0,15.3
1783971077.119,48,1.294,1.23,0.118,0.0,14.3
1783971077.119,48,1.722,-1.963,0.181,0.0,15.2
1783971077.221,49,1.238,1.286,0.122,0.0,14.2
1783971077.221,49,1.721,-1.963,0.187,0.0,15.3
1783971077.324,50,1.293,1.23,0.121,0.0,14.1
1783971077.324,50,1.809,-1.881,0.201,0.0,15.3
1783971077.425,51,1.237,1.286,0.125,0.0,14.1
1783971077.425,51,1.809,-1.881,0.204,0.0,15.4
1783971077.526,52,1.237,1.286,0.126,0.0,14.3
1783971077.526,52,1.808,-1.881,0.207,0.0,15.2
1783971077.627,53,1.293,1.23,0.122,0.0,14.2
1783971077.627,53,1.721,-1.963,0.194,0.0,15.2
1783971077.728,54,1.293,1.23,0.121,0.0,14.3
1783971077.728,54,1.722,-1.963,0.183,0.0,15.3
1783971077.829,55,1.293,1.23,0.122,0.0,14.3
1783971077.829,55,1.721,-1.963,0.187,0.0,15.3
1783971077.931,56,1.293,1.23,0.121,0.0,14.2
1783971077.931,56,1.721,-1.963,0.186,0.0,15.3
1783971078.032,57,1.293,1.23,0.121,0.0,14.1
1783971078.032,57,1.721,-1.963,0.189,0.0,15.7
1783971078.133,58,1.293,1.23,0.121,0.0,14.2
1783971078.133,58,1.721,-1.963,0.191,0.0,15.3
1783971078.234,59,1.293,1.23,0.121,0.0,14.3
1783971078.234,59,1.722,-1.963,0.181,0.0,15.3
1783971078.336,60,1.294,1.23,0.119,0.0,14.4
1783971078.336,60,1.721,-1.963,0.187,0.0,15.3
1783971078.437,61,1.293,1.23,0.123,0.0,14.4
1783971078.437,61,1.721,-1.963,0.187,0.0,15.3
1783971078.487,62,1.293,1.23,0.12,0.0,14.4
1783971078.487,62,1.721,-1.963,0.192,0.0,15.3
1783971078.64,63,1.293,1.23,0.12,0.0,14.3
1783971078.64,63,1.719,-1.963,0.206,0.0,15.2
1783971078.74,64,1.294,1.23,0.119,0.0,14.3
1783971078.74,64,1.718,-1.963,0.218,0.0,15.3
1783971078.74,64,5.776,-2.825,0.592,0.0,11.3
1783971078.791,65,1.238,1.286,0.12,0.0,14.2
1783971078.791,65,1.717,-1.963,0.225,0.0,15.2
1783971078.892,66,1.238,1.286,0.121,0.0,14.3
1783971078.892,66,1.717,-1.963,0.225,0.0,15.3
1783971079.043,67,1.293,1.23,0.12,0.0,14.3
1783971079.043,67,1.716,-1.963,0.235,0.0,15.2
1783971079.093,68,1.238,1.286,0.117,0.0,14.3
1783971079.093,68,1.715,-1.963,0.24,0.0,15.3
1783971079.195,69,1.237,1.286,0.125,0.0,14.2
1783971079.195,69,1.801,-1.881,0.263,0.0,15.1
1783971079.296,70,1.237,1.286,0.131,0.0,13.9
1783971079.296,70,1.717,-1.963,0.222,0.0,15.1
1783971079.397,71,1.237,1.286,0.132,0.0,14.2
1783971079.397,71,1.718,-1.963,0.218,0.0,14.9
1783971079.501,72,1.236,1.286,0.135,0.0,14.1
1783971079.501,72,1.722,-1.963,0.179,0.0,15.9
1783971079.602,73,1.237,1.286,0.132,0.0,14.0
1783971079.602,73,1.719,-1.963,0.206,0.0,15.3
1783971079.602,73,0.136,-0.221,-0.036,-0.243,16.8
1783971079.704,74,1.236,1.286,0.136,0.0,14.1
1783971079.704,74,1.81,-1.881,0.188,0.0,16.1
1783971079.805,75,1.237,1.286,0.133,0.0,14.0
1783971079.805,75,1.811,-1.881,0.182,0.0,15.1
1783971079.805,75,0.162,-0.205,0.02,-0.325,12.7
1783971079.906,76,1.237,1.286,0.132,0.0,14.1
1783971079.906,76,1.723,-1.963,0.175,0.0,13.3
1783971080.009,77,1.236,1.286,0.135,0.0,14.0
1783971080.009,77,1.715,-1.963,0.235,0.0,14.5
1783971080.11,78,1.237,1.286,0.129,0.0,13.9
1783971080.11,78,1.716,-1.963,0.233,0.0,14.7
1783971080.212,79,1.293,1.23,0.128,0.0,13.9
1783971080.212,79,1.712,-1.963,0.259,0.0,14.3
1783971080.313,80,1.293,1.23,0.126,0.0,14.1
1783971080.313,80,1.71,-1.963,0.269,0.0,14.1
1783971080.414,81,1.293,1.23,0.121,0.0,13.9
1783971080.414,81,1.775,-1.881,0.4,0.0,12.6
1783971080.414,81,3.116,2.306,0.227,-0.162,11.9
1783971080.515,82,1.237,1.286,0.132,0.0,14.2
1783971080.515,82,1.795,-1.881,0.301,0.0,14.2
1783971080.515,82,3.065,2.28,0.387,-0.243,13.1
1783971080.617,83,1.237,1.286,0.132,0.0,14.0
1783971080.617,83,1.717,-1.963,0.227,0.0,17.3
1783971080.718,84,1.237,1.286,0.132,0.0,14.1
1783971080.718,84,1.781,-0.586,-0.063,-0.487,20.4
1783971080.718,84,1.505,0.997,0.51,-0.487,20.4
1783971080.819,85,1.237,1.286,0.131,0.0,14.5
1783971080.819,85,2.482,-0.155,0.033,0.0,13.1
1783971080.819,85,0.374,-0.3,0.011,0.162,20.4
1783971080.819,85,0.255,-0.294,-0.049,-0.406,19.8
1783971080.919,86,1.113,1.397,-0.095,0.0,11.5
1783971080.919,86,2.61,-1.17,0.337,0.0,13.1
1783971080.919,86,5.747,-2.623,1.337,0.0,11.7
1783971080.919,86,0.22,0.139,0.028,0.162,27.0
1783971080.919,86,0.253,-0.24,-0.017,-0.406,22.1
1783971081.021,87,2.617,-1.17,0.273,0.0,11.6
1783971081.021,87,6.014,0.393,1.774,0.0,11.5
1783971081.021,87,0.211,-0.22,0.027,-0.243,20.1
1783971081.122,88,5.836,-2.623,0.865,0.0,11.3
1783971081.122,88,0.263,-0.153,-0.031,-0.162,17.7
1783971081.122,88,0.346,-0.259,-0.06,-0.162,15.1
1783971081.122,88,0.404,0.164,-0.013,-0.162,15.1
1783971081.223,89,0.246,-0.181,-0.01,0.0,16.0
1783971081.325,90,0.259,-0.162,-0.006,0.081,22.0
1783971081.425,91,1.699,0.12,0.885,0.0,11.8
1783971081.425,91,1.623,0.84,0.587,0.0,11.8
1783971081.425,91,5.948,0.393,1.985,0.0,11.3
1783971081.425,91,0.264,-0.153,-0.0,0.081,23.4
1783971081.526,92,1.739,0.78,0.23,0.0,12.9
1783971081.526,92,5.578,-0.0,0.748,0.0,11.8
1783971081.526,92,6.057,0.39,1.445,0.0,11.8
1783971081.526,92,0.27,-0.143,0.002,0.081,21.0
1783971081.629,93,5.586,0.177,0.966,0.0,12.1
1783971081.629,93,5.939,0.585,1.82,0.0,13.7
1783971081.629,93,0.328,-0.12,0.002,0.081,23.8
1783971081.73,94,0.336,-0.087,0.034,0.162,25.1
1783971081.73,94,0.599,-0.095,-0.076,0.406,24.9
1783971081.73,94,2.418,0.389,0.429,-0.081,13.0
1783971081.73,94,2.487,-1.534,1.472,-0.081,13.3
1783971081.73,94,5.433,0.532,1.54,-0.081,14.2
1783971081.73,94,6.007,1.365,0.988,-0.081,13.1
1783971081.831,95,5.526,1.063,0.707,0.0,15.4
1783971081.831,95,0.341,-0.055,0.048,0.162,25.2
1783971081.831,95,1.071,-0.213,0.306,0.325,14.0
1783971081.831,95,1.205,-0.119,-0.366,0.325,11.9
1783971081.831,95,0.675,-0.131,0.119,0.406,15.6
1783971081.831,95,2.658,-1.211,1.375,-0.081,12.2
1783971081.932,96,5.299,1.95,0.536,0.0,16.9
1783971081.932,96,0.341,-0.011,0.074,0.162,24.1
1783971081.932,96,1.089,0.474,0.436,0.243,12.0
1783971081.932,96,0.985,0.188,0.034,0.406,11.7
1783971081.932,96,0.788,-1.099,0.024,-0.162,11.6
1783971082.033,97,0.34,-0.196,0.017,0.0,19.3
1783971082.033,97,4.926,2.659,0.914,0.0,15.9
1783971082.033,97,1.83,-0.368,0.609,0.081,12.6
1783971082.033,97,4.89,3.678,0.967,0.081,12.2
1783971082.033,97,0.342,0.055,0.04,0.162,17.7
1783971082.135,98,0.346,-0.172,0.07,0.0,18.7
1783971082.135,98,0.365,-0.025,-0.143,0.0,18.7
1783971082.135,98,0.359,0.147,0.062,0.162,21.3
1783971082.236,99,0.384,-0.061,0.054,0.0,16.7
1783971082.236,99,0.388,0.191,0.057,0.081,17.9
1783971082.236,99,0.425,-0.0,0.1,0.081,17.9
1783971082.337,100,0.385,-0.037,0.069,0.0,19.4
1783971082.337,100,0.463,-0.12,-0.037,-0.081,18.1
1783971082.337,100,1.461,-0.927,0.225,-0.081,13.9
1783971082.337,100,2.135,-0.957,0.273,-0.081,15.6
1783971082.387,101,0.389,0.037,0.034,0.0,20.5
1783971082.387,101,1.491,-0.798,0.19,-0.081,16.6
1783971082.539,102,0.378,0.086,0.063,0.0,21.4
1783971082.539,102,0.3,0.221,-0.125,0.0,21.4
1783971082.539,102,0.619,-0.784,0.093,0.0,11.6
1783971082.539,102,1.491,-0.744,0.345,0.0,12.6
1783971082.64,103,0.369,0.135,-0.002,0.0,19.3
1783971082.64,103,1.553,-0.638,0.273,0.0,13.8
1783971082.64,103,2.74,-0.172,0.123,0.0,11.9
1783971082.69,104,0.34,0.196,0.002,0.0,17.3
1783971082.69,104,0.673,-0.721,0.184,0.0,14.2
1783971082.69,104,1.612,-0.479,0.261,0.0,16.2
1783971082.69,104,2.71,-0.0,0.461,0.0,13.5
1783971082.69,104,2.907,-0.091,0.291,0.0,11.2
1783971082.791,105,0.338,0.196,0.036,0.0,17.0
1783971082.791,105,0.793,-0.596,0.154,0.0,14.2
1783971082.791,105,1.654,-0.319,0.242,0.0,15.3
1783971082.791,105,2.692,0.258,0.493,0.0,14.7
1783971082.942,106,0.307,0.233,0.073,0.0,13.1
1783971082.942,106,0.811,-0.51,0.058,0.0,12.2
1783971082.942,106,1.644,-0.155,0.15,0.0,15.6
1783971082.942,106,2.685,0.515,0.279,0.0,11.5
1783971082.993,107,0.823,-0.48,0.115,0.0,12.0
1783971082.993,107,1.693,-0.0,0.169,0.0,16.6
1783971083.093,108,1.698,0.053,0.087,0.0,17.3
1783971083.195,109,0.93,-0.83,0.216,0.0,13.4
1783971083.195,109,1.643,0.155,0.154,0.0,17.4
1783971083.296,110,0.979,-0.791,0.132,0.0,12.8
1783971083.296,110,1.624,0.311,0.127,0.0,17.4
1783971083.397,111,0.906,-0.3,0.099,0.0,12.0
1783971083.397,111,1.612,0.363,0.142,0.0,16.4
1783971083.498,112,1.61,0.363,0.158,0.0,16.4
1783971083.599,113,1.614,0.363,0.114,0.0,17.2
1783971083.599,113,0.369,0.3,0.062,0.162,13.3
1783971083.7,114,1.624,0.311,0.117,0.0,18.2
1783971083.7,114,0.359,0.315,0.05,0.243,25.6
1783971083.8,115,1.615,0.363,0.102,0.0,18.1
1783971083.8,115,0.395,0.344,0.013,0.162,27.4
1783971083.901,116,1.626,0.311,0.089,0.0,18.2
1783971083.901,116,2.446,1.418,0.226,0.0,12.9
1783971083.901,116,0.409,0.337,-0.203,0.162,12.6
1783971084.001,117,1.624,0.311,0.118,0.0,17.8
1783971084.001,117,2.452,1.418,0.135,0.0,13.0
1783971084.001,117,0.389,0.344,0.07,0.162,22.1
1783971084.103,118,1.624,0.311,0.121,0.0,17.8
1783971084.103,118,2.456,1.418,0.006,0.0,13.9
1783971084.103,118,0.392,0.344,0.045,0.162,20.1
1783971084.205,119,1.624,0.311,0.127,0.0,18.0
1783971084.205,119,2.451,1.418,-0.148,0.0,15.0
1783971084.205,119,2.568,1.483,0.081,0.0,14.4
1783971084.205,119,0.423,0.372,0.062,0.162,17.0
1783971084.306,120,1.615,0.363,0.099,0.0,18.0
1783971084.306,120,2.45,1.418,-0.177,0.0,13.8
1783971084.306,120,2.569,1.483,0.031,0.0,14.3
1783971084.306,120,0.284,0.131,-0.155,0.325,17.3
1783971084.406,121,1.625,0.311,0.112,0.0,18.4
1783971084.406,121,2.446,1.418,-0.218,0.0,13.2
1783971084.406,121,2.569,1.483,-0.023,0.0,14.0
1783971084.508,122,1.625,0.311,0.108,0.0,18.3
1783971084.508,122,2.431,1.418,-0.349,0.0,12.2
1783971084.508,122,2.568,1.483,0.094,0.0,13.5
1783971084.608,123,1.625,0.311,0.103,0.0,18.3
1783971084.608,123,2.503,1.329,-0.091,0.0,13.4
1783971084.608,123,2.569,1.483,-0.003,0.0,13.5
1783971084.709,124,1.615,0.363,0.092,0.0,18.3
1783971084.709,124,2.441,1.418,-0.267,0.0,13.8
1783971084.709,124,2.567,1.483,0.102,0.0,14.7
1783971084.809,125,1.624,0.311,0.122,0.0,18.1
1783971084.809,125,2.447,1.418,-0.207,0.0,14.4
1783971084.91,126,1.622,0.311,0.142,0.0,18.4
1783971084.91,126,2.451,1.418,-0.156,0.0,14.9
1783971085.01,127,1.615,0.363,0.101,0.0,18.7
1783971085.01,127,2.451,1.418,-0.15,0.0,14.2
1783971085.111,128,1.615,0.363,0.097,0.0,18.3
1783971085.111,128,2.454,1.418,-0.096,0.0,15.1
1783971085.212,129,1.614,0.363,0.104,0.0,17.8
1783971085.212,129,2.4,1.507,-0.108,0.0,14.6
1783971085.212,129,2.503,1.329,-0.103,0.0,14.6
1783971085.314,130,1.614,0.363,0.115,0.0,18.0
1783971085.314,130,2.453,1.418,-0.12,0.0,13.6
1783971085.415,131,1.613,0.363,0.129,0.0,17.8
1783971085.415,131,2.399,1.507,-0.13,0.0,14.1
1783971085.516,132,1.614,0.363,0.113,0.0,17.8
1783971085.516,132,2.454,1.418,-0.104,0.0,14.4
1783971085.616,133,1.614,0.363,0.115,0.0,17.7
1783971085.616,133,2.401,1.507,-0.075,0.0,15.0
1783971085.616,133,2.504,1.329,-0.074,0.0,15.0
1783971085.717,134,1.613,0.363,0.122,0.0,18.4
1783971085.717,134,2.455,1.418,-0.059,0.0,14.4
1783971085.817,135,1.615,0.363,0.102,0.0,18.3
1783971085.817,135,2.401,1.507,-0.077,0.0,14.6
1783971085.918,136,1.615,0.363,0.099,0.0,18.0
1783971085.918,136,2.454,1.418,-0.106,0.0,14.1
1783971086.019,137,1.614,0.363,0.104,0.0,17.7
1783971086.019,137,2.503,1.329,-0.091,0.0,14.0
1783971086.019,137,2.401,1.507,-0.085,0.0,14.0
1783971086.12,138,1.614,0.363,0.11,0.0,18.0
1783971086.12,138,2.504,1.329,-0.075,0.0,14.7
1783971086.12,138,2.402,1.507,-0.072,0.0,14.7
1783971086.22,139,1.613,0.363,0.118,0.0,18.0
1783971086.22,139,2.504,1.329,-0.086,0.0,14.4
1783971086.22,139,2.401,1.507,-0.087,0.0,14.4
1783971086.321,140,1.613,0.363,0.123,0.0,18.0
1783971086.321,140,2.504,1.329,-0.08,0.0,13.8
1783971086.321,140,2.401,1.507,-0.084,0.0,13.8
1783971086.422,141,1.613,0.363,0.124,0.0,18.0
1783971086.422,141,2.401,1.507,-0.076,0.0,13.7
1783971086.422,141,2.504,1.329,-0.068,0.0,13.7
1783971086.523,142,1.613,0.363,0.123,0.0,18.0
1783971086.523,142,2.504,1.329,-0.072,0.0,13.9
1783971086.523,142,2.401,1.507,-0.079,0.0,13.9
1783971086.623,143,1.613,0.363,0.126,0.0,17.8
1783971086.623,143,2.401,1.507,-0.079,0.0,13.9
1783971086.623,143,2.504,1.329,-0.073,0.0,13.9
1783971086.724,144,1.613,0.363,0.125,0.0,17.8
1783971086.724,144,2.504,1.329,-0.064,0.0,14.1
1783971086.724,144,2.402,1.507,-0.071,0.0,14.1
1783971086.824,145,1.613,0.363,0.126,0.0,17.9
1783971086.824,145,2.402,1.507,-0.063,0.0,14.2
1783971086.926,146,1.623,0.311,0.129,0.0,18.2
1783971086.926,146,2.402,1.507,-0.064,0.0,14.3
1783971087.026,147,1.623,0.311,0.129,0.0,18.5
1783971087.026,147,2.402,1.507,-0.065,0.0,14.1
1783971087.127,148,1.623,0.311,0.129,0.0,18.3
1783971087.127,148,2.455,1.418,-0.061,0.0,14.0
1783971087.228,149,1.623,0.311,0.132,0.0,18.4
1783971087.228,149,2.455,1.418,-0.06,0.0,13.9
1783971087.329,150,1.612,0.363,0.131,0.0,18.2
1783971087.329,150,2.402,1.507,-0.068,0.0,14.3
1783971087.43,151,1.613,0.363,0.127,0.0,18.1
1783971087.43,151,2.402,1.507,-0.069,0.0,14.4
1783971087.531,152,1.624,0.311,0.12,0.0,18.4
1783971087.531,152,2.455,1.418,-0.063,0.0,14.4
1783971087.631,153,1.625,0.311,0.112,0.0,17.7
1783971087.631,153,2.455,1.418,-0.074,0.0,14.5
1783971087.733,154,1.625,0.311,0.108,0.0,17.8
1783971087.733,154,2.455,1.418,-0.059,0.0,14.1
1783971087.833,155,1.624,0.311,0.123,0.0,17.7
1783971087.833,155,2.456,1.418,-0.045,0.0,14.1
1783971087.934,156,1.623,0.311,0.131,0.0,17.8
1783971087.934,156,2.455,1.418,-0.05,0.0,14.6
1783971088.036,157,1.623,0.311,0.134,0.0,18.1
1783971088.036,157,2.456,1.418,-0.034,0.0,14.7
1783971088.086,158,1.612,0.363,0.141,0.0,17.7
1783971088.086,158,2.456,1.418,-0.044,0.0,14.6
1783971088.237,159,1.612,0.363,0.138,0.0,17.7
1783971088.237,159,2.456,1.418,-0.045,0.0,14.3
1783971088.339,160,1.612,0.363,0.135,0.0,17.8
1783971088.339,160,2.456,1.418,-0.044,0.0,14.2
1783971088.389,161,1.612,0.363,0.134,0.0,17.6
1783971088.389,161,2.456,1.418,-0.042,0.0,14.1
1783971088.49,162,1.612,0.363,0.137,0.0,17.6
1783971088.49,162,2.456,1.418,-0.035,0.0,14.0
1783971088.641,163,1.612,0.363,0.136,0.0,17.9
1783971088.641,163,2.456,1.418,-0.035,0.0,13.8
1783971088.691,164,1.613,0.363,0.128,0.0,18.4
1783971088.691,164,2.456,1.418,-0.04,0.0,13.8
1783971088.791,165,1.624,0.311,0.126,0.0,18.4
1783971088.791,165,2.456,1.418,-0.041,0.0,13.7
1783971088.943,166,1.624,0.311,0.124,0.0,18.0
1783971088.943,166,2.456,1.418,-0.046,0.0,13.8
1783971088.994,167,1.624,0.311,0.118,0.0,18.1
1783971088.994,167,2.455,1.418,-0.049,0.0,13.9
1783971089.095,168,1.625,0.311,0.113,0.0,17.9
1783971089.095,168,2.455,1.418,-0.055,0.0,13.8
1783971089.196,169,1.625,0.311,0.109,0.0,17.9
1783971089.196,169,2.455,1.418,-0.052,0.0,13.9
1783971089.296,170,1.625,0.311,0.113,0.0,18.4
1783971089.296,170,2.455,1.418,-0.051,0.0,13.9
1783971089.398,171,1.624,0.311,0.114,0.0,18.0
1783971089.398,171,2.455,1.418,-0.047,0.0,13.9
1783971089.499,172,1.624,0.311,0.116,0.0,17.8
1783971089.499,172,2.455,1.418,-0.072,0.0,13.9
1783971089.601,173,1.625,0.311,0.113,0.0,17.9
1783971089.601,173,2.455,1.418,-0.076,0.0,13.9
1783971089.702,174,1.614,0.363,0.106,0.0,17.8
1783971089.702,174,2.504,1.329,-0.074,0.0,14.4
1783971089.804,175,1.613,0.363,0.123,0.0,18.0
1783971089.804,175,2.455,1.418,-0.081,0.0,14.5
1783971089.905,176,1.624,0.311,0.121,0.0,18.7
1783971089.905,176,2.456,1.418,-0.031,0.0,14.6
1783971090.005,177,1.614,0.363,0.103,0.0,18.4
1783971090.005,177,2.456,1.418,-0.0,0.0,14.1
1783971090.106,178,1.613,0.363,0.124,0.0,18.3
1783971090.106,178,2.455,1.418,-0.049,0.0,14.1
1783971090.207,179,1.614,0.363,0.109,0.0,17.3
1783971090.207,179,2.455,1.418,-0.07,0.0,14.4
1783971090.309,180,1.615,0.363,0.1,0.0,17.9
1783971090.309,180,2.502,1.329,-0.113,0.0,14.2
1783971090.309,180,2.62,1.391,0.072,0.0,13.0
1783971090.41,181,1.624,0.311,0.127,0.0,18.0
1783971090.41,181,2.495,1.329,-0.218,0.0,14.0
1783971090.41,181,2.618,1.391,0.118,0.0,12.4
1783971090.511,182,1.624,0.311,0.12,0.0,18.3
1783971090.511,182,2.493,1.329,-0.244,0.0,15.7
1783971090.511,182,2.62,1.391,0.06,0.0,13.8
1783971090.613,183,1.614,0.363,0.115,0.0,17.9
1783971090.613,183,2.447,1.418,-0.215,0.0,15.3
1783971090.613,183,2.567,1.483,0.111,0.0,14.4
1783971090.715,184,1.626,0.311,0.093,0.0,18.4
1783971090.715,184,2.447,1.418,-0.21,0.0,14.1
1783971090.715,184,2.569,1.483,0.059,0.0,12.2
1783971090.817,185,1.614,0.363,0.103,0.0,18.0
1783971090.817,185,2.446,1.418,-0.225,0.0,14.3
1783971090.817,185,2.568,1.483,0.078,0.0,13.5
1783971090.918,186,1.624,0.311,0.115,0.0,18.2
1783971090.918,186,2.448,1.418,-0.2,0.0,15.0
1783971090.918,186,2.569,1.483,0.025,0.0,14.0
1783971091.018,187,1.625,0.311,0.107,0.0,18.3
1783971091.018,187,2.447,1.418,-0.211,0.0,15.0
1783971091.018,187,2.569,1.483,0.062,0.0,13.1
1783971091.119,188,1.624,0.311,0.115,0.0,17.7
1783971091.119,188,2.451,1.418,-0.157,0.0,15.0
1783971091.119,188,2.569,1.483,0.057,0.0,13.0
1783971091.219,189,1.614,0.363,0.116,0.0,18.3
1783971091.219,189,2.453,1.418,-0.121,0.0,14.2
1783971091.219,189,2.619,1.391,0.084,0.0,13.2
1783971091.32,190,1.624,0.311,0.116,0.0,17.8
1783971091.32,190,2.5,1.329,-0.159,0.0,14.1
1783971091.32,190,2.567,1.483,0.1,0.0,12.9
1783971091.423,191,1.622,0.311,0.146,0.0,18.5
1783971091.423,191,2.456,1.418,-0.024,0.0,15.2
1783971091.523,192,1.623,0.311,0.13,0.0,18.4
1783971091.523,192,2.456,1.418,-0.023,0.0,14.7
1783971091.623,193,1.623,0.311,0.135,0.0,18.3
1783971091.623,193,2.456,1.418,-0.012,0.0,14.6
1783971091.725,194,1.625,0.311,0.104,0.0,18.4
1783971091.725,194,2.456,1.418,0.035,0.0,14.6
1783971091.826,195,1.614,0.363,0.115,0.0,18.4
1783971091.826,195,2.456,1.418,0.009,0.0,15.0
1783971091.927,196,1.613,0.363,0.123,0.0,18.4
1783971091.927,196,2.454,1.418,-0.095,0.0,14.8
1783971092.028,197,1.613,0.363,0.121,0.0,18.3
1783971092.028,197,2.455,1.418,-0.059,0.0,14.1
1783971092.028,197,2.619,1.391,0.079,0.0,12.8
1783971092.13,198,1.626,0.311,0.094,0.0,17.7
1783971092.13,198,2.453,1.418,-0.119,0.0,14.4
1783971092.13,198,2.567,1.483,0.11,0.0,13.8
1783971092.231,199,1.625,0.311,0.108,0.0,18.1
1783971092.231,199,2.5,1.329,-0.153,0.0,14.5
1783971092.231,199,2.62,1.391,0.065,0.0,13.3
1783971092.231,199,0.464,0.363,-0.162,-0.243,20.7
1783971092.332,200,1.624,0.311,0.126,0.0,18.3
1783971092.332,200,2.456,1.418,-0.004,0.0,14.2
1783971092.332,200,0.437,0.354,-0.072,-0.325,35.2
1783971092.432,201,1.615,0.363,0.095,0.0,17.8
1783971092.432,201,2.454,1.418,0.091,0.0,13.0
1783971092.432,201,0.427,0.372,0.032,-0.243,26.1
1783971092.432,201,0.272,0.341,0.003,-0.162,17.1
1783971092.534,202,1.613,0.363,0.121,0.0,17.9
1783971092.534,202,2.448,1.418,0.197,0.0,12.7
1783971092.634,203,1.612,0.363,0.132,0.0,18.2
1783971092.634,203,2.411,1.396,0.183,0.0,12.4
1783971092.735,204,1.615,0.363,0.094,0.0,18.0
1783971092.735,204,2.412,1.396,0.174,0.0,12.4
1783971092.836,205,1.61,0.363,0.155,0.0,17.3
1783971092.836,205,2.418,1.396,0.016,0.0,11.6
1783971092.886,206,1.599,0.414,0.144,0.0,16.4
1783971093.037,207,1.07,-0.672,0.063,0.0,11.5
1783971093.037,207,1.582,0.466,0.166,0.0,16.0
1783971093.138,208,1.092,-0.633,0.089,0.0,12.8
1783971093.138,208,1.566,0.518,0.166,0.0,16.6
1783971093.138,208,6.249,-3.643,0.875,0.0,11.7
1783971093.239,209,0.938,-0.18,0.091,0.0,11.4
1783971093.239,209,1.116,-0.593,0.051,0.0,12.2
1783971093.239,209,1.55,0.57,0.15,0.0,17.1
1783971093.239,209,6.286,-3.643,0.554,0.0,12.7
1783971093.34,210,1.118,-0.593,0.003,0.0,11.8
1783971093.34,210,1.545,0.57,0.189,0.0,16.7
1783971093.441,211,1.118,-0.593,-0.008,0.0,11.4
1783971093.441,211,1.54,0.57,0.227,0.0,16.3
1783971093.491,212,1.118,-0.593,0.001,0.0,11.4
1783971093.491,212,1.539,0.57,0.234,0.0,16.5
1783971093.591,213,1.118,-0.593,-0.001,0.0,11.5
1783971093.591,213,1.536,0.57,0.254,0.0,16.6
1783971093.742,214,1.539,0.57,0.238,0.0,16.3
1783971093.793,215,1.118,-0.593,-0.006,0.0,11.5
1783971093.793,215,1.541,0.57,0.223,0.0,16.7
1783971093.793,215,6.309,-3.643,0.126,0.0,11.2
1783971093.895,216,1.541,0.57,0.219,0.0,17.0
1783971093.895,216,0.346,0.393,0.023,0.243,26.5
1783971093.997,217,1.539,0.57,0.235,0.0,17.4
1783971093.997,217,2.213,1.772,-0.048,0.0,11.6
1783971093.997,217,2.385,1.762,0.094,0.0,11.4
1783971093.997,217,0.342,0.443,0.092,0.162,17.8
1783971093.997,217,0.394,0.408,0.013,0.325,21.4
1783971094.147,218,1.539,0.57,0.234,0.0,16.8
1783971094.147,218,2.174,1.745,-0.157,0.0,13.1
1783971094.147,218,6.551,-3.188,0.108,0.0,11.9
1783971094.147,218,0.44,0.42,-0.054,0.243,18.1
1783971094.198,219,1.538,0.57,0.24,0.0,16.3
1783971094.198,219,2.131,1.861,-0.19,0.0,13.4
1783971094.198,219,2.316,1.854,0.011,0.0,13.4
1783971094.198,219,6.54,-3.188,0.387,0.0,12.0
1783971094.299,220,1.539,0.57,0.237,0.0,17.0
1783971094.299,220,2.126,1.861,-0.246,0.0,12.8
1783971094.299,220,2.316,1.854,-0.029,0.0,12.5
1783971094.4,221,1.118,-0.593,-0.006,0.0,11.3
1783971094.4,221,1.536,0.57,0.255,0.0,16.5
1783971094.4,221,2.121,1.861,-0.28,0.0,12.5
1783971094.4,221,2.316,1.854,-0.022,0.0,11.6
1783971094.501,222,1.541,0.57,0.223,0.0,16.2
1783971094.501,222,2.131,1.861,-0.19,0.0,12.5
1783971094.501,222,2.316,1.854,0.015,0.0,11.3
1783971094.602,223,1.118,-0.593,-0.001,0.0,11.2
1783971094.602,223,1.536,0.57,0.256,0.0,16.8
1783971094.602,223,2.137,1.861,-0.115,0.0,11.6
1783971094.704,224,1.118,-0.593,-0.006,0.0,11.2
1783971094.704,224,1.535,0.57,0.263,0.0,16.1
1783971094.804,225,1.118,-0.593,-0.005,0.0,11.5
1783971094.804,225,1.537,0.57,0.251,0.0,16.6
1783971094.904,226,1.118,-0.593,0.0,0.0,11.4
1783971094.904,226,1.538,0.57,0.241,0.0,16.1
1783971094.904,226,6.414,-3.415,0.529,0.0,11.2
1783971095.005,227,1.118,-0.593,-0.001,0.0,11.2
1783971095.005,227,1.535,0.57,0.262,0.0,16.3
1783971095.005,227,6.42,-3.415,0.451,0.0,11.6
1783971095.106,228,1.118,-0.593,-0.002,0.0,11.2
1783971095.106,228,1.535,0.57,0.259,0.0,15.9
1783971095.207,229,1.537,0.57,0.247,0.0,16.0
1783971095.207,229,6.435,-3.415,0.102,0.0,11.5
1783971095.308,230,1.118,-0.593,-0.006,0.0,11.4
1783971095.308,230,1.536,0.57,0.251,0.0,16.0
1783971095.408,231,1.118,-0.593,-0.003,0.0,11.3
1783971095.408,231,1.538,0.57,0.241,0.0,16.4
1783971095.509,232,1.118,-0.593,-0.004,0.0,11.3
1783971095.509,232,1.537,0.57,0.251,0.0,16.3
1783971095.509,232,6.432,-3.415,0.211,0.0,11.4
1783971095.611,233,1.535,0.57,0.261,0.0,15.8
1783971095.712,234,1.118,-0.593,-0.002,0.0,11.3
1783971095.712,234,1.537,0.57,0.25,0.0,16.4
1783971095.815,235,1.118,-0.593,-0.002,0.0,11.2
1783971095.815,235,1.537,0.57,0.248,0.0,16.1
1783971095.916,236,1.118,-0.593,-0.004,0.0,11.4
1783971095.916,236,1.539,0.57,0.233,0.0,16.2
1783971096.017,237,1.118,-0.593,-0.005,0.0,11.4
1783971096.017,237,1.54,0.57,0.228,0.0,16.3
1783971096.017,237,6.434,-3.415,0.14,0.0,12.0
1783971096.119,238,1.118,-0.593,-0.007,0.0,11.4
1783971096.119,238,1.54,0.57,0.231,0.0,16.2
1783971096.22,239,1.118,-0.593,-0.001,0.0,11.4
1783971096.22,239,1.54,0.57,0.227,0.0,16.1
1783971096.32,240,1.118,-0.593,-0.002,0.0,11.6
1783971096.32,240,1.539,0.57,0.233,0.0,16.0
1783971096.421,241,1.539,0.57,0.234,0.0,15.8
1783971096.522,242,1.118,-0.593,-0.009,0.0,11.3
1783971096.522,242,1.54,0.57,0.227,0.0,16.1
1783971096.622,243,1.118,-0.593,-0.002,0.0,11.3
1783971096.622,243,1.54,0.57,0.226,0.0,16.4
1783971096.622,243,6.54,-3.188,0.388,0.0,12.0
1783971096.723,244,1.118,-0.593,0.002,0.0,11.6
1783971096.723,244,1.538,0.57,0.243,0.0,16.1
1783971096.723,244,2.316,1.854,0.012,0.0,11.3
1783971096.723,244,6.276,-3.643,0.649,0.0,11.5
1783971096.824,245,1.118,-0.593,-0.007,0.0,11.2
1783971096.824,245,1.537,0.57,0.248,0.0,16.9
1783971096.925,246,1.118,-0.593,0.0,0.0,11.4
1783971096.925,246,1.541,0.57,0.223,0.0,16.1
1783971096.925,246,2.129,1.861,-0.219,0.0,12.1
1783971096.925,246,2.387,1.762,0.009,0.0,12.0
1783971096.925,246,6.551,-3.188,0.052,0.0,12.4
1783971097.026,247,1.118,-0.593,-0.007,0.0,11.2
1783971097.026,247,1.537,0.57,0.249,0.0,16.0
1783971097.026,247,2.133,1.861,-0.171,0.0,12.1
1783971097.128,248,1.118,-0.593,-0.007,0.0,11.4
1783971097.128,248,1.536,0.57,0.257,0.0,15.7
1783971097.128,248,2.13,1.861,-0.202,0.0,12.6
1783971097.128,248,2.385,1.762,0.093,0.0,11.5
1783971097.228,249,1.118,-0.593,-0.005,0.0,11.2
1783971097.228,249,1.537,0.57,0.246,0.0,16.6
1783971097.228,249,2.127,1.861,-0.236,0.0,12.7
1783971097.228,249,2.386,1.762,0.073,0.0,11.6
1783971097.228,249,0.191,0.239,0.005,-0.487,17.7
1783971097.33,250,1.118,-0.593,-0.004,0.0,11.4
1783971097.33,250,1.537,0.57,0.247,0.0,16.3
1783971097.33,250,2.128,1.861,-0.225,0.0,12.6
1783971097.33,250,2.315,1.854,0.08,0.0,11.6
1783971097.431,251,0.644,-0.348,-0.119,0.0,11.3
1783971097.431,251,1.118,-0.593,-0.0,0.0,11.5
1783971097.431,251,1.539,0.57,0.237,0.0,16.1
1783971097.431,251,2.1,1.832,-0.171,0.0,11.2
1783971097.431,251,2.315,1.854,0.054,0.0,12.6
1783971097.532,252,1.552,0.518,0.269,0.0,16.6
1783971097.532,252,2.132,1.861,-0.179,0.0,11.8
1783971097.633,253,1.118,-0.593,-0.003,0.0,11.5
1783971097.633,253,1.553,0.518,0.264,0.0,16.4
1783971097.735,254,0.645,-0.348,-0.115,0.0,11.7
1783971097.735,254,0.939,-0.18,0.083,0.0,11.3
1783971097.735,254,1.118,-0.593,-0.003,0.0,11.5
1783971097.735,254,1.534,0.57,0.266,0.0,16.0
1783971097.735,254,6.436,-3.415,0.034,0.0,11.9
1783971097.735,254,0.427,0.372,-0.02,-0.162,13.7
1783971097.836,255,0.657,-0.324,-0.114,0.0,12.2
1783971097.836,255,1.117,-0.593,-0.027,0.0,12.1
1783971097.836,255,1.554,0.518,0.253,0.0,16.4
1783971097.836,255,0.392,-0.025,0.003,0.487,23.7
1783971097.836,255,0.439,0.354,0.06,-0.162,22.0
1783971097.936,256,0.642,-0.348,-0.129,0.0,12.3
1783971097.936,256,1.117,-0.593,-0.044,0.0,14.6
1783971097.936,256,1.556,0.518,0.241,0.0,17.2
1783971097.936,256,6.421,-3.415,0.443,0.0,11.8
1783971097.936,256,0.431,-0.068,0.007,0.325,29.7
1783971097.936,256,2.107,-0.78,0.316,-0.406,16.3
1783971097.936,256,1.049,0.916,0.094,-0.243,16.0
1783971097.936,256,1.313,-0.349,0.321,-0.243,16.0
1783971097.936,256,0.43,0.294,0.049,-0.162,23.4
1783971098.037,257,1.117,-0.593,-0.048,0.0,14.8
1783971098.037,257,1.557,0.518,0.234,0.0,16.1
1783971098.037,257,6.415,-3.415,0.519,0.0,11.7
1783971098.037,257,2.631,-0.698,0.623,-0.162,12.4
1783971098.037,257,0.453,0.262,-0.014,-0.081,13.7
1783971098.138,258,1.118,-0.593,-0.013,0.0,13.0
1783971098.138,258,1.608,0.532,0.162,0.0,14.3
1783971098.239,259,1.095,-0.633,0.05,0.0,11.9
1783971098.239,259,1.547,1.055,0.119,-0.162,13.2
1783971098.289,260,1.732,0.391,0.218,0.0,11.5
1783971098.289,260,2.589,-0.592,0.513,-0.243,18.0
1783971098.289,260,1.566,0.997,0.272,-0.162,18.3
1783971098.391,261,1.733,0.335,0.291,0.0,12.3
1783971098.391,261,2.589,-0.676,0.396,-0.243,18.7
1783971098.545,262,1.276,-0.286,0.062,0.0,12.3
1783971098.545,262,0.883,-0.941,0.22,0.0,12.3
1783971098.545,262,2.553,-0.582,0.475,-0.325,15.5
1783971098.645,263,1.276,-0.286,-0.051,0.0,13.6
1783971098.645,263,0.927,-0.9,0.209,0.0,13.6
1783971098.645,263,0.434,-0.354,0.085,0.162,20.1
1783971098.645,263,2.497,-0.573,0.539,-0.325,16.2
1783971098.645,263,3.307,2.258,0.28,-0.162,12.0
1783971098.696,264,0.449,-0.337,0.083,0.243,30.7
1783971098.696,264,2.459,-0.563,0.511,-0.325,19.3
1783971098.797,265,1.266,-0.286,0.169,0.0,12.4
1783971098.797,265,0.826,-0.982,0.259,0.0,12.4
1783971098.797,265,0.481,-0.284,0.098,0.162,22.1
1783971098.948,266,0.643,-0.348,-0.128,0.0,13.2
1783971098.948,266,1.272,-0.245,0.185,0.0,13.6
1783971098.948,266,0.498,0.065,0.149,0.081,13.4
1783971098.948,266,0.487,-0.115,-0.153,0.081,13.4
1783971098.948,266,2.426,-0.554,0.46,-0.325,19.7
1783971098.999,267,1.269,-0.245,0.208,0.0,12.3
1783971098.999,267,0.477,-0.115,0.182,0.081,12.0
1783971098.999,267,0.521,0.049,-0.024,0.081,12.0
1783971098.999,267,2.392,-0.544,0.406,-0.325,20.2
1783971098.999,267,2.088,-0.765,0.075,-0.081,11.2
1783971099.101,268,0.644,-0.348,-0.123,0.0,12.0
1783971099.101,268,1.273,-0.245,0.182,0.0,11.9
1783971099.101,268,0.356,0.147,0.074,0.081,12.6
1783971099.101,268,0.511,-0.115,-0.012,0.081,12.1
1783971099.202,269,0.659,-0.324,-0.102,0.0,12.3
1783971099.202,269,1.273,-0.245,0.18,0.0,11.6
1783971099.202,269,0.902,-0.736,0.598,0.0,11.6
1783971099.202,269,0.357,0.147,0.07,0.081,11.7
1783971099.202,269,0.519,-0.065,0.0,0.081,11.2
1783971099.304,270,0.643,-0.348,-0.124,0.0,12.2
1783971099.406,271,0.642,-0.348,-0.133,0.0,12.3
1783971099.506,272,0.661,-0.324,-0.092,0.0,13.9
1783971099.506,272,0.473,-0.301,0.083,0.162,23.3
1783971099.607,273,0.494,-0.429,-0.009,0.081,12.0
1783971099.607,273,0.255,-0.041,-0.041,-0.325,17.3
1783971099.708,274,0.212,0.22,-0.004,0.0,14.0
1783971099.708,274,0.566,-0.0,0.043,0.0,14.0
1783971099.809,275,0.23,0.2,0.007,0.0,13.1
1783971099.809,275,0.566,-0.018,0.033,0.0,13.0
1783971099.809,275,1.979,-0.735,0.339,-0.162,15.7
1783971099.91,276,0.562,-0.035,0.066,0.0,14.2
1783971099.91,276,1.283,-0.245,-0.083,0.0,13.8
1783971099.91,276,0.905,-0.695,0.641,0.0,13.8
1783971100.012,277,0.258,0.162,-0.013,0.0,11.6
1783971100.012,277,0.542,-0.018,0.165,0.0,15.2
1783971100.012,277,0.546,-0.142,-0.057,0.0,15.2
1783971100.012,277,1.053,-0.633,0.304,0.0,13.3
1783971100.113,278,0.565,-0.035,0.036,0.0,15.5
1783971100.113,278,1.065,-0.633,0.259,0.0,14.9
1783971100.215,279,0.562,-0.018,0.072,0.0,12.7
1783971100.215,279,1.072,-0.633,0.229,0.0,15.7
1783971100.316,280,0.188,0.229,0.074,0.0,11.8
1783971100.316,280,0.254,0.124,-0.115,0.0,11.8
1783971100.316,280,0.566,-0.035,0.016,0.0,12.8
1783971100.316,280,0.489,-0.284,-0.042,0.0,12.8
1783971100.316,280,1.053,-0.633,0.303,0.0,13.9
1783971100.416,281,0.471,-0.266,-0.171,0.0,14.2
1783971100.416,281,0.539,-0.071,0.161,0.0,14.2
1783971100.416,281,1.046,-0.633,0.327,0.0,13.5
1783971100.416,281,1.835,0.12,0.551,0.0,12.9
1783971100.517,282,1.036,-0.633,0.357,0.0,14.2
1783971100.619,283,0.235,0.115,-0.014,0.0,11.4
1783971100.619,283,0.844,-0.682,0.111,0.0,11.4
1783971100.619,283,1.007,-0.672,0.369,0.0,14.0
1783971100.619,283,1.193,-0.316,-0.278,0.0,14.0
1783971100.719,284,0.231,0.123,-0.009,0.0,12.7
1783971100.719,284,1.019,-0.672,0.333,0.0,13.5
1783971100.719,284,1.18,-0.316,-0.33,0.0,13.5
1783971100.82,285,0.231,0.123,-0.003,0.0,11.4
1783971100.82,285,0.519,-0.065,0.03,0.0,12.9
1783971100.82,285,0.441,-0.262,-0.106,0.0,12.9
1783971100.82,285,1.026,-0.672,0.31,0.0,13.6
1783971100.82,285,1.157,-0.237,-0.455,0.0,13.6
1783971100.92,286,0.519,-0.065,0.01,0.0,13.1
1783971100.92,286,0.422,-0.262,-0.167,0.0,13.1
1783971100.92,286,1.058,-0.633,0.286,0.0,14.6
1783971101.02,287,0.515,-0.082,-0.048,0.0,15.2
1783971101.02,287,0.451,-0.262,0.05,0.0,15.2
1783971101.02,287,1.056,-0.633,0.292,0.0,14.3
1783971101.122,288,0.516,-0.082,-0.028,0.0,15.2
1783971101.122,288,0.443,-0.278,0.028,0.0,15.2
1783971101.122,288,1.035,-0.672,0.279,0.0,14.1
1783971101.223,289,0.557,-0.089,0.063,0.0,14.1
1783971101.223,289,0.424,-0.301,-0.226,0.0,14.1
1783971101.223,289,1.04,-0.672,0.262,0.0,13.3
1783971101.324,290,0.517,-0.082,0.018,0.0,13.7
1783971101.324,290,1.075,-0.633,0.211,0.0,13.5
1783971101.426,291,0.555,-0.089,0.073,0.0,13.6
1783971101.426,291,1.075,-0.633,0.212,0.0,13.6
1783971101.426,291,3.945,-1.636,0.891,0.0,12.0
1783971101.527,292,0.558,-0.089,0.054,0.0,13.4
1783971101.527,292,0.464,-0.301,-0.124,0.0,13.4
1783971101.527,292,1.031,-0.672,0.293,0.0,11.4
1783971101.628,293,0.451,-0.284,-0.195,0.0,15.3
1783971101.628,293,0.544,-0.106,0.122,0.0,15.3
1783971101.628,293,1.035,-0.672,0.28,0.0,13.0
1783971101.729,294,0.5,-0.266,0.037,0.0,14.1
1783971101.729,294,0.554,-0.106,-0.062,0.0,14.1
1783971101.729,294,1.058,-0.672,0.174,0.0,12.7
1783971101.83,295,0.485,-0.284,0.078,0.0,12.4
1783971101.83,295,0.562,-0.053,-0.05,0.0,12.4
1783971101.931,296,0.252,0.172,0.005,0.0,11.7
1783971101.931,296,0.499,-0.266,-0.04,0.0,14.2
1783971101.931,296,0.567,-0.018,-0.007,0.0,14.2
1783971102.032,297,0.238,0.191,0.013,0.0,12.9
1783971102.032,297,0.55,-0.053,0.128,0.0,14.2
1783971102.032,297,0.488,-0.23,-0.175,0.0,14.2
1783971102.032,297,1.796,0.12,0.668,0.0,12.2
1783971102.133,298,0.238,0.191,0.005,0.0,12.7
1783971102.133,298,0.558,-0.053,0.088,0.0,16.4
1783971102.133,298,0.932,-0.736,0.55,0.0,11.5
1783971102.133,298,1.277,-0.286,-0.022,0.0,11.5
1783971102.234,299,0.23,0.2,0.016,0.0,11.8
1783971102.234,299,0.559,-0.053,0.082,0.0,16.6
1783971102.234,299,0.95,-0.777,0.454,0.0,12.1
1783971102.234,299,1.235,-0.286,-0.324,0.0,12.1
1783971102.335,300,0.563,-0.035,0.056,0.0,16.6
1783971102.436,301,0.542,-0.018,0.165,0.0,16.6
1783971102.436,301,0.522,-0.195,-0.105,0.0,16.6
1783971102.486,302,0.561,-0.018,0.082,0.0,16.2
1783971102.486,302,0.515,-0.23,-0.061,0.0,16.2
1783971102.639,303,0.567,-0.0,-0.013,0.0,15.0
1783971102.639,303,0.473,-0.301,0.085,0.0,15.0
1783971102.639,303,1.277,-0.286,0.034,0.0,11.2
1783971102.639,303,0.937,-0.736,0.541,0.0,11.2
1783971102.74,304,0.555,-0.035,0.109,0.0,19.3
1783971102.74,304,1.134,-0.286,0.587,0.0,11.6
1783971102.74,304,1.031,-0.736,0.328,0.0,11.6
1783971102.791,305,0.567,-0.0,-0.011,0.0,15.6
1783971102.791,305,0.481,-0.301,-0.002,0.0,15.6
1783971102.891,306,0.56,-0.018,0.088,0.0,16.0
1783971103.042,307,0.565,-0.035,0.042,0.0,17.5
1783971103.093,308,0.563,-0.035,0.054,0.0,16.2
1783971103.093,308,1.037,-0.695,0.393,0.0,13.2
1783971103.093,308,1.255,-0.245,0.279,0.0,13.2
1783971103.194,309,0.526,-0.0,0.213,0.0,14.3
1783971103.194,309,1.265,-0.245,0.23,0.0,11.5
1783971103.194,309,1.011,-0.695,0.455,0.0,11.5
1783971103.294,310,0.531,-0.018,0.197,0.0,15.4
1783971103.294,310,0.508,-0.213,-0.135,0.0,15.4
1783971103.294,310,1.216,-0.245,0.418,0.0,12.5
1783971103.294,310,1.019,-0.695,0.437,0.0,12.5
1783971103.396,311,0.543,-0.0,0.163,0.0,14.3
1783971103.396,311,1.251,-0.245,0.294,0.0,12.6
1783971103.396,311,0.941,-0.736,0.534,0.0,12.6
1783971103.497,312,0.551,0.018,0.131,0.0,14.5
1783971103.497,312,0.444,-0.319,-0.152,0.0,14.5
1783971103.497,312,0.962,-0.736,0.496,0.0,12.7
1783971103.497,312,1.241,-0.286,0.302,0.0,12.7
1783971103.598,313,0.557,-0.0,0.107,0.0,15.7
1783971103.598,313,0.487,-0.266,-0.116,0.0,15.7
1783971103.598,313,1.249,-0.245,0.304,0.0,11.9
1783971103.598,313,0.969,-0.736,0.482,0.0,11.9
1783971103.699,314,0.558,-0.035,0.094,0.0,17.6
1783971103.699,314,0.946,-0.736,0.525,0.0,12.7
1783971103.699,314,1.265,-0.245,0.23,0.0,12.7
1783971103.8,315,0.558,-0.035,0.096,0.0,16.7
1783971103.8,315,1.26,-0.286,0.209,0.0,12.3
1783971103.8,315,0.965,-0.736,0.489,0.0,12.3
1783971103.901,316,0.561,-0.035,0.072,0.0,16.9
1783971103.901,316,1.23,-0.286,0.343,0.0,11.7
1783971103.901,316,0.98,-0.736,0.458,0.0,11.7
1783971104.002,317,0.564,-0.018,0.055,0.0,16.7
1783971104.002,317,1.271,-0.245,0.196,0.0,11.3
1783971104.002,317,1.05,-0.695,0.355,0.0,11.3
1783971104.103,318,0.564,-0.018,0.058,0.0,18.3
1783971104.103,318,1.19,-0.286,0.464,0.0,12.0
1783971104.103,318,1.027,-0.736,0.34,0.0,12.0
1783971104.204,319,0.559,-0.018,0.097,0.0,13.9
1783971104.305,320,0.258,0.162,-0.015,0.0,13.6
1783971104.305,320,0.564,-0.053,-0.015,0.0,12.3
1783971104.305,320,1.269,-0.286,0.144,0.0,11.6
1783971104.405,321,0.258,0.162,-0.024,0.0,13.8
1783971104.405,321,1.285,-0.245,0.024,0.0,12.4
1783971104.405,321,0.896,-0.695,0.653,0.0,12.4
1783971104.405,321,0.231,0.262,-0.011,0.162,19.1
1783971104.507,322,0.643,-0.348,-0.123,0.0,12.8
1783971104.507,322,1.269,-0.286,0.145,0.0,13.1
1783971104.507,322,0.894,-0.736,0.61,0.0,13.1
1783971104.507,322,0.524,-0.213,-0.043,0.081,11.3
1783971104.507,322,0.54,-0.071,0.16,0.081,11.3
1783971104.608,323,0.461,-0.382,0.123,0.0,11.4
1783971104.608,323,1.238,-0.286,0.315,0.0,12.7
1783971104.708,324,1.251,-0.286,0.258,0.0,12.2
1783971104.708,324,0.564,-0.229,0.055,0.081,12.3
1783971104.809,325,1.156,-0.514,-0.018,0.0,13.5
1783971104.809,325,0.553,-0.248,0.076,0.081,16.3
1783971104.809,325,0.162,0.248,0.074,0.243,12.3
1783971104.91,326,1.26,-0.327,0.136,0.0,14.9
1783971104.91,326,0.844,-0.982,0.192,0.0,14.9
1783971104.91,326,0.602,-0.057,-0.083,0.081,12.7
1783971104.91,326,2.037,-0.75,0.217,0.162,11.9
1783971105.011,327,1.256,-0.368,-0.024,0.0,13.4
1783971105.011,327,0.857,-0.941,0.307,0.0,13.4
1783971105.011,327,0.518,-0.267,0.183,0.081,16.5
1783971105.011,327,2.092,-0.695,0.298,0.162,18.4
1783971105.113,328,1.256,-0.368,-0.007,0.0,13.5
1783971105.113,328,0.895,-0.9,0.321,0.0,13.5
1783971105.113,328,0.578,-0.266,0.153,0.081,14.8
1783971105.113,328,0.586,-0.041,-0.288,0.081,14.8
1783971105.213,329,0.603,-0.095,0.008,0.0,11.6
1783971105.213,329,1.079,-0.573,0.005,0.0,12.1
1783971105.314,330,1.118,-0.593,-0.005,0.0,12.7
1783971105.415,331,1.117,-0.593,-0.034,0.0,14.2
1783971105.415,331,0.607,-0.057,0.033,-0.081,13.3
1783971105.415,331,3.692,1.648,0.335,-0.081,12.1
1783971105.517,332,1.117,-0.593,-0.026,0.0,14.8
1783971105.517,332,0.584,-0.172,0.048,-0.081,14.2
1783971105.517,332,3.643,1.092,0.782,-0.081,11.3
1783971105.618,333,1.132,-0.554,-0.118,0.0,12.7
1783971105.618,333,0.58,-0.191,0.027,-0.081,14.3
1783971105.718,334,0.579,-0.191,0.035,0.0,13.1
1783971105.718,334,1.133,-0.554,-0.101,0.0,14.2
1783971105.819,335,0.509,-0.267,0.206,0.0,12.1
1783971105.819,335,0.6,-0.057,-0.102,0.0,12.1
1783971105.819,335,1.115,-0.593,-0.07,0.0,13.1
1783971105.92,336,0.529,-0.21,0.221,0.0,11.7
1783971105.92,336,0.607,-0.057,-0.043,0.0,11.7
1783971105.92,336,1.112,-0.593,-0.11,0.0,16.3
1783971106.021,337,1.117,-0.593,-0.047,0.0,19.3
1783971106.021,337,0.595,-0.134,0.038,-0.081,16.9
1783971106.122,338,1.095,-0.633,0.04,0.0,22.9
1783971106.122,338,1.245,-0.611,0.159,0.0,11.4
1783971106.122,338,3.849,-2.045,-0.202,0.0,13.2
1783971106.122,338,0.596,-0.134,0.008,-0.081,13.2
1783971106.247,339,1.096,-0.633,-0.008,0.0,22.3
1783971106.247,339,3.763,-2.181,0.344,0.0,16.5
1783971106.247,339,0.551,-0.124,0.053,-0.162,26.8
1783971106.297,340,1.096,-0.633,-0.019,0.0,21.3
1783971106.297,340,2.757,-0.63,0.542,-0.487,18.7
1783971106.297,340,0.551,-0.124,0.054,-0.243,43.0
1783971106.297,340,3.719,0.728,-0.845,-0.081,15.9
1783971106.449,341,1.095,-0.633,-0.036,0.0,22.0
1783971106.449,341,0.502,-0.131,0.073,-0.406,37.5
1783971106.449,341,0.56,-0.0,0.093,-0.243,33.0
1783971106.449,341,3.187,1.8,1.161,-0.162,12.9
1783971106.499,342,1.117,-0.593,-0.017,0.0,20.4
1783971106.499,342,0.519,-0.0,0.067,-0.325,36.7
1783971106.499,342,3.565,0.938,0.697,-0.162,11.6
1783971106.499,342,3.647,1.2,-0.005,-0.162,12.0
1783971106.499,342,2.534,2.16,1.913,-0.162,12.0
1783971106.499,342,0.322,0.131,0.036,-0.081,13.1
1783971106.599,343,1.117,-0.593,-0.031,0.0,20.6
1783971106.599,343,0.301,-0.172,0.185,-0.568,18.8
1783971106.599,343,0.48,-0.0,0.017,-0.406,22.9
1783971106.599,343,0.28,0.115,0.042,-0.081,19.4
1783971106.7,344,1.118,-0.593,0.007,0.0,22.2
1783971106.7,344,0.278,-0.164,0.134,-0.406,14.7
1783971106.7,344,0.431,-0.014,0.065,-0.406,17.9
1783971106.7,344,0.438,-0.195,0.023,-0.243,18.6
1783971106.7,344,0.281,0.115,0.037,-0.081,17.5
1783971106.802,345,1.118,-0.593,-0.003,0.0,20.7
1783971106.802,345,3.96,-1.772,0.461,0.0,11.4
1783971106.802,345,0.429,-0.027,0.072,-0.325,29.9
1783971106.802,345,0.278,0.124,0.028,-0.081,13.8
1783971106.902,346,1.096,-0.633,0.001,0.0,19.6
1783971106.902,346,0.283,0.086,-0.074,-0.081,12.4
1783971106.902,346,0.23,0.172,0.105,-0.081,12.4
1783971107.002,347,1.118,-0.593,-0.005,0.0,18.0
1783971107.104,348,1.096,-0.633,-0.013,0.0,17.9
1783971107.205,349,1.095,-0.633,0.031,0.0,18.7
1783971107.305,350,1.095,-0.633,0.033,0.0,18.6
1783971107.406,351,1.117,-0.593,0.033,0.0,18.7
1783971107.506,352,0.279,0.124,0.008,0.0,11.5
1783971107.506,352,1.117,-0.593,0.03,0.0,19.2
1783971107.607,353,0.275,0.134,0.003,0.0,11.8
1783971107.607,353,1.117,-0.593,0.021,0.0,19.9
1783971107.708,354,0.274,0.134,0.024,0.0,13.5
1783971107.708,354,1.095,-0.633,0.027,0.0,19.8
1783971107.808,355,0.264,0.143,0.057,0.0,14.5
1783971107.808,355,1.117,-0.593,0.035,0.0,20.0
1783971107.909,356,0.268,0.143,0.031,0.0,14.5
1783971107.909,356,1.096,-0.633,0.019,0.0,20.0
1783971108.01,357,0.259,0.153,0.054,0.0,13.6
1783971108.01,357,1.096,-0.633,0.008,0.0,19.5
1783971108.111,358,0.256,0.162,0.037,0.0,11.8
1783971108.111,358,1.118,-0.593,-0.006,0.0,20.2
1783971108.213,359,1.118,-0.593,-0.013,0.0,19.4
1783971108.315,360,1.117,-0.593,-0.023,0.0,20.0
1783971108.416,361,1.116,-0.593,-0.063,0.0,19.0
1783971108.517,362,0.235,0.106,0.045,0.0,12.9
1783971108.517,362,1.116,-0.593,-0.062,0.0,19.8
1783971108.517,362,1.747,-0.0,0.795,0.0,12.0
1783971108.618,363,0.229,0.115,0.056,0.0,12.8
1783971108.618,363,1.095,-0.633,-0.051,0.0,20.2
1783971108.719,364,0.235,0.106,0.043,0.0,11.2
1783971108.719,364,1.094,-0.633,-0.059,0.0,19.9
1783971108.821,365,1.117,-0.593,-0.049,0.0,20.8
1783971108.921,366,1.116,-0.593,-0.054,0.0,20.2
1783971109.023,367,1.115,-0.593,-0.071,0.0,20.4
1783971109.123,368,1.116,-0.593,-0.065,0.0,20.3
1783971109.225,369,1.116,-0.593,-0.056,0.0,20.2
1783971109.33,370,1.117,-0.593,-0.036,0.0,19.3
1783971109.431,371,1.118,-0.593,-0.006,0.0,19.5
1783971109.532,372,1.118,-0.593,0.004,0.0,21.2
1783971109.633,373,1.096,-0.633,-0.01,0.0,21.4
1783971109.633,373,0.367,-0.025,0.137,0.081,11.3
1783971109.733,374,0.838,-0.682,0.15,0.0,11.3
1783971109.733,374,1.118,-0.593,-0.003,0.0,21.4
1783971109.733,374,0.389,-0.037,0.039,0.162,22.2
1783971109.733,374,0.391,-0.012,0.033,0.162,22.2
1783971109.835,375,1.117,-0.593,-0.017,0.0,22.5
1783971109.835,375,0.292,0.086,0.03,0.081,11.6
1783971109.835,375,0.384,-0.025,0.076,0.406,22.5
1783971109.935,376,1.117,-0.593,-0.031,0.0,20.3
1783971109.935,376,3.868,-1.909,0.655,0.0,11.7
1783971109.935,376,0.281,0.115,0.035,0.081,12.7
1783971109.935,376,0.433,-0.0,0.057,0.325,22.2
1783971110.036,377,1.118,-0.593,-0.015,0.0,20.3
1783971110.036,377,0.285,0.105,0.036,0.081,11.3
1783971110.036,377,0.466,0.015,0.113,0.325,31.2
1783971110.136,378,1.117,-0.593,-0.04,0.0,20.8
1783971110.136,378,3.841,-2.045,0.32,0.0,11.4
1783971110.136,378,6.525,-3.188,0.59,0.0,13.0
1783971110.136,378,0.282,0.105,0.052,0.081,17.7
1783971110.237,379,1.117,-0.593,0.04,0.0,21.5
1783971110.237,379,1.368,-0.262,0.093,0.0,13.5
1783971110.237,379,6.517,-3.188,0.673,0.0,12.6
1783971110.237,379,0.314,0.131,0.077,0.081,13.1
1783971110.338,380,1.118,-0.593,0.014,0.0,21.6
1783971110.338,380,6.432,-3.415,0.23,0.0,12.0
1783971110.338,380,0.322,0.12,0.06,0.081,11.6
1783971110.338,380,2.051,-0.834,0.217,-0.162,15.7
1783971110.338,380,2.185,-0.81,0.347,-0.162,12.7
1783971110.439,381,1.117,-0.593,-0.021,0.0,21.1
1783971110.439,381,6.491,-3.188,0.89,0.0,12.2
1783971110.439,381,2.089,-0.765,0.049,-0.162,18.2
1783971110.539,382,1.118,-0.593,-0.006,0.0,21.4
1783971110.539,382,1.801,-0.66,-0.079,0.0,11.7
1783971110.539,382,3.773,-2.181,0.203,0.0,11.2
1783971110.539,382,6.469,-3.188,1.037,0.0,12.7
1783971110.539,382,0.518,0.033,0.069,0.162,13.4
1783971110.539,382,2.113,-0.695,-0.044,-0.162,12.4
1783971110.64,383,1.117,-0.593,-0.019,0.0,22.1
1783971110.64,383,1.787,-0.66,-0.239,0.0,11.7
1783971110.64,383,6.412,-3.415,0.549,0.0,12.9
1783971110.64,383,0.379,-0.086,0.059,0.162,12.9
1783971110.64,383,0.55,-0.0,0.138,0.243,19.5
1783971110.64,383,2.025,-0.75,0.307,-0.162,13.1
1783971110.691,384,1.117,-0.593,-0.026,0.0,22.1
1783971110.691,384,1.353,-0.262,0.223,0.0,14.4
1783971110.691,384,1.779,-0.66,-0.289,0.0,12.0
1783971110.691,384,6.435,-3.415,0.098,0.0,12.7
1783971110.691,384,0.4,-0.136,0.107,0.243,16.0
1783971110.691,384,0.537,-0.0,0.181,0.243,23.6
1783971110.842,385,0.666,-0.324,-0.039,0.0,11.8
1783971110.842,385,0.783,-0.75,0.119,0.0,11.8
1783971110.842,385,1.117,-0.593,-0.02,0.0,24.2
1783971110.842,385,1.254,-0.611,0.056,0.0,11.2
1783971110.842,385,6.516,-3.188,0.687,0.0,12.0
1783971110.842,385,2.472,1.839,0.319,0.162,11.4
1783971110.893,386,1.439,1.173,0.269,0.0,12.0
1783971110.893,386,1.368,1.32,0.267,0.081,14.6
1783971110.994,387,0.234,0.191,-0.047,0.0,13.1
1783971110.994,387,1.251,-0.327,0.202,0.0,11.4
1783971110.994,387,0.92,-0.9,-0.239,0.0,11.4
1783971110.994,387,0.446,0.262,0.08,0.243,14.6
1783971111.095,388,1.262,-0.327,0.117,0.0,16.0
1783971111.095,388,1.587,1.08,0.0,0.0,13.2
1783971111.196,389,1.256,-0.327,0.169,0.0,13.5
1783971111.196,389,0.805,-0.859,0.571,0.0,13.5
1783971111.297,390,0.243,0.181,-0.04,0.0,11.7
1783971111.297,390,1.267,-0.327,0.042,0.0,13.2
1783971111.398,391,1.267,-0.327,-0.015,0.0,13.7
1783971111.398,391,1.627,-0.72,-0.72,0.0,12.5
1783971111.55,392,0.245,0.181,-0.014,0.0,15.5
1783971111.55,392,1.273,-0.286,0.106,0.0,13.5
1783971111.55,392,2.025,-0.668,0.153,-0.081,12.0
1783971111.6,393,1.277,-0.286,-0.008,0.0,13.2
1783971111.701,394,1.277,-0.286,-0.032,0.0,14.6
1783971111.803,395,1.277,-0.286,0.007,0.0,14.4
1783971111.902,396,1.277,-0.286,-0.036,0.0,14.1
1783971112.004,397,1.275,-0.286,0.081,0.0,14.4
1783971112.106,398,1.275,-0.286,0.069,0.0,14.0
1783971112.207,399,1.275,-0.286,0.066,0.0,14.1
1783971112.308,400,1.275,-0.286,0.082,0.0,13.1
1783971112.409,401,0.258,0.162,-0.021,0.0,12.3
1783971112.409,401,1.276,-0.286,0.048,0.0,12.6
1783971112.51,402,0.252,0.172,-0.018,0.0,14.1
1783971112.51,402,1.274,-0.286,0.091,0.0,13.5
1783971112.611,403,0.258,0.162,-0.018,0.0,11.2
1783971112.611,403,1.267,-0.327,0.013,0.0,14.1
1783971112.712,404,0.259,0.162,-0.01,0.0,12.0
1783971112.712,404,1.267,-0.327,-0.043,0.0,14.1
1783971112.813,405,0.252,0.172,-0.018,0.0,12.0
1783971112.813,405,1.277,-0.286,0.012,0.0,13.7
1783971112.913,406,1.277,-0.286,-0.038,0.0,12.6
1783971113.015,407,1.277,-0.286,0.012,0.0,14.3
1783971113.015,407,1.652,0.96,-0.19,0.0,12.1
1783971113.115,408,1.274,-0.286,0.088,0.0,13.2
1783971113.115,408,1.624,0.96,0.358,0.0,12.0
1783971113.217,409,1.26,-0.327,0.137,0.0,13.8
1783971113.317,410,0.66,-0.324,-0.095,0.0,12.4
1783971113.317,410,1.265,-0.286,0.174,0.0,14.2
1783971113.418,411,0.645,-0.348,-0.117,0.0,12.3
1783971113.418,411,1.271,-0.286,0.13,0.0,13.8
1783971113.519,412,1.261,-0.327,-0.122,0.0,16.5
1783971113.519,412,0.913,-0.859,0.377,0.0,16.5
1783971113.62,413,1.137,-0.554,-0.024,0.0,14.7
1783971113.62,413,1.967,-0.735,0.402,0.081,14.1
1783971113.721,414,1.118,-0.593,0.005,0.0,19.9
1783971113.821,415,1.118,-0.593,0.012,0.0,22.2
1783971113.922,416,1.117,-0.593,-0.026,0.0,17.4
1783971114.023,417,1.267,-0.327,-0.031,0.0,13.8
1783971114.023,417,0.924,-0.859,0.348,0.0,13.8
1783971114.123,418,1.27,-0.286,0.14,0.0,14.3
1783971114.224,419,1.271,-0.286,0.127,0.0,14.5
1783971114.324,420,1.275,-0.286,0.072,0.0,14.4
1783971114.426,421,1.276,-0.286,0.06,0.0,14.1
1783971114.526,422,1.277,-0.286,0.027,0.0,13.7
1783971114.628,423,1.275,-0.286,0.073,0.0,13.8
1783971114.729,424,1.262,-0.327,0.112,0.0,13.2
1783971114.83,425,1.258,-0.327,0.154,0.0,13.4
1783971114.932,426,1.254,-0.327,0.18,0.0,13.8
1783971115.033,427,1.25,-0.327,0.211,0.0,14.2
1783971115.134,428,1.252,-0.327,0.199,0.0,13.4
1783971115.237,429,1.249,-0.327,0.213,0.0,14.1
1783971115.338,430,1.248,-0.327,0.219,0.0,13.9
1783971115.389,431,1.265,-0.286,0.172,0.0,14.0
1783971115.49,432,1.271,-0.286,0.129,0.0,13.6
1783971115.641,433,1.271,-0.286,0.128,0.0,13.8
1783971115.691,434,1.256,-0.327,0.169,0.0,13.9
1783971115.791,435,1.249,-0.327,0.214,0.0,13.7
1783971115.942,436,1.25,-0.327,0.211,0.0,13.7
1783971115.994,437,1.254,-0.327,0.183,0.0,13.9
1783971116.096,438,1.254,-0.327,0.182,0.0,13.7
1783971116.198,439,1.253,-0.327,0.19,0.0,14.3
1783971116.299,440,1.265,-0.286,0.179,0.0,14.0
1783971116.4,441,1.262,-0.286,0.196,0.0,13.6
1783971116.501,442,1.264,-0.286,0.182,0.0,13.2
1783971116.602,443,1.265,-0.286,0.178,0.0,13.4
1783971116.703,444,1.266,-0.286,0.166,0.0,13.9
1783971116.804,445,1.252,-0.327,0.197,0.0,13.7
1783971116.905,446,1.252,-0.327,0.197,0.0,13.3
1783971117.007,447,1.264,-0.286,0.18,0.0,14.2
1783971117.106,448,1.265,-0.286,0.175,0.0,14.0
1783971117.207,449,1.263,-0.286,0.186,0.0,14.4
1783971117.309,450,1.266,-0.286,0.17,0.0,15.0
1783971117.41,451,1.266,-0.286,0.168,0.0,15.1
1783971117.511,452,1.269,-0.286,0.144,0.0,14.7
1783971117.612,453,1.268,-0.286,0.15,0.0,15.1
1783971117.714,454,1.268,-0.286,0.153,0.0,15.1
1783971117.815,455,1.269,-0.286,0.146,0.0,15.3
1783971117.916,456,1.269,-0.286,0.143,0.0,14.6
1783971118.017,457,1.269,-0.286,0.141,0.0,14.5
1783971118.118,458,1.269,-0.286,0.142,0.0,14.6
1783971118.218,459,1.27,-0.286,0.14,0.0,14.6
1783971118.32,460,1.272,-0.286,0.111,0.0,14.4
1783971118.42,461,1.273,-0.286,0.104,0.0,13.8
1783971118.521,462,1.274,-0.286,0.088,0.0,13.6
1783971118.622,463,1.274,-0.286,0.09,0.0,13.5
1783971118.724,464,1.274,-0.286,0.088,0.0,13.8
1783971118.825,465,1.275,-0.286,0.081,0.0,13.7
1783971118.926,466,1.275,-0.286,0.075,0.0,13.8
1783971119.026,467,1.276,-0.286,0.064,0.0,13.9
1783971119.127,468,1.275,-0.286,0.076,0.0,14.4
1783971119.228,469,1.27,-0.286,0.134,0.0,13.2
1783971119.33,470,1.274,-0.286,0.085,0.0,14.6
1783971119.33,470,0.381,-0.285,0.063,-0.162,19.2
1783971119.431,471,1.096,-0.633,0.021,0.0,24.1
1783971119.431,471,0.634,-0.164,0.006,-0.243,19.1
1783971119.431,471,0.454,0.245,0.088,-0.162,12.9
1783971119.533,472,1.092,-0.633,-0.088,0.0,21.6
1783971119.533,472,0.609,-0.019,0.041,0.081,14.0
1783971119.533,472,0.384,-0.177,0.109,0.162,13.6
1783971119.634,473,1.118,-0.593,-0.01,0.0,20.9
1783971119.634,473,0.645,-0.061,-0.092,0.243,27.6
1783971119.634,473,0.692,-0.087,0.037,0.406,27.6
1783971119.634,473,0.429,-0.195,0.09,0.487,13.1
1783971119.735,474,1.118,-0.593,-0.006,0.0,20.0
1783971119.735,474,3.917,-1.909,0.212,0.0,13.6
1783971119.735,474,6.431,-3.415,0.249,0.0,12.6
1783971119.735,474,0.65,-0.0,0.075,0.325,32.1
1783971119.735,474,0.818,0.13,0.023,-0.649,23.7
1783971119.735,474,0.51,-0.049,0.106,-0.568,40.3
1783971119.837,475,1.117,-0.593,-0.036,0.0,21.9
1783971119.837,475,6.41,-3.415,0.579,0.0,12.6
1783971119.837,475,0.777,0.025,0.109,0.406,32.9
1783971119.837,475,0.607,-0.0,-0.069,-0.649,38.8
1783971119.938,476,1.117,-0.593,-0.026,0.0,22.2
1783971119.938,476,6.298,-3.643,0.383,0.0,13.0
1783971119.938,476,2.037,-0.682,0.378,0.162,12.1
1783971119.938,476,0.818,-0.078,0.11,0.243,24.3
1783971119.938,476,0.642,-0.123,0.036,0.325,36.5
1783971120.038,477,1.118,-0.593,-0.013,0.0,21.4
1783971120.038,477,6.532,-3.188,0.502,0.0,13.5
1783971120.038,477,6.282,-3.643,0.596,0.0,13.5
1783971120.139,478,1.117,-0.593,-0.023,0.0,20.9
1783971120.139,478,1.113,-0.785,-0.306,0.0,11.4
1783971120.139,478,6.278,-3.643,0.635,0.0,12.8
1783971120.189,479,1.117,-0.593,-0.019,0.0,21.0
1783971120.189,479,6.479,-3.188,0.971,0.0,12.7
1783971120.29,480,1.118,-0.593,-0.015,0.0,20.7
1783971120.29,480,6.416,-3.415,0.501,0.0,13.5
1783971120.45,481,1.117,-0.593,-0.022,0.0,21.0
1783971120.45,481,6.386,-3.415,0.797,0.0,12.7
1783971120.501,482,1.118,-0.593,-0.008,0.0,21.3
1783971120.501,482,6.421,-3.415,0.431,0.0,11.7
1783971120.602,483,1.117,-0.593,0.031,0.0,21.9
1783971120.602,483,6.532,-3.188,0.509,0.0,11.3
1783971120.703,484,1.118,-0.593,0.006,0.0,20.6
1783971120.703,484,6.422,-3.415,0.427,0.0,11.3
1783971120.82,485,1.118,-0.593,-0.002,0.0,21.0
1783971120.82,485,6.428,-3.415,0.323,0.0,13.4
1783971120.921,486,1.118,-0.593,-0.006,0.0,21.0
1783971120.921,486,6.52,-3.188,0.644,0.0,11.3
1783971121.022,487,1.116,-0.593,-0.055,0.0,20.8
1783971121.022,487,6.429,-3.415,0.293,0.0,12.9
1783971121.022,487,0.69,-0.087,0.058,-0.162,19.0
1783971121.124,488,1.117,-0.593,-0.036,0.0,21.7
1783971121.124,488,6.527,-3.188,0.563,0.0,12.1
1783971121.124,488,0.817,-0.026,0.136,-0.487,21.6
1783971121.124,488,0.654,-0.02,-0.025,-0.406,25.2
1783971121.124,488,2.15,-0.278,0.5,-0.162,16.5
1783971121.225,489,1.117,-0.593,-0.04,0.0,20.7
1783971121.225,489,6.529,-3.188,0.548,0.0,12.2
1783971121.225,489,0.606,-0.076,0.014,-0.325,29.2
1783971121.327,490,1.115,-0.593,-0.076,0.0,21.7
1783971121.327,490,6.423,-3.415,0.415,0.0,12.1
1783971121.327,490,0.603,-0.076,0.059,-0.243,24.8
1783971121.428,491,1.117,-0.593,-0.034,0.0,20.7
1783971121.428,491,6.542,-3.188,0.348,0.0,12.6
1783971121.428,491,0.558,-0.089,-0.05,-0.162,19.8
1783971121.529,492,1.117,-0.593,-0.02,0.0,20.3
1783971121.529,492,6.269,-3.643,0.717,0.0,12.2
1783971121.629,493,1.117,-0.593,-0.027,0.0,19.8
1783971121.629,493,6.428,-3.415,0.312,0.0,12.3
1783971121.73,494,0.945,-0.15,0.072,0.0,12.0
1783971121.73,494,1.117,-0.593,-0.03,0.0,20.2
1783971121.73,494,6.274,-3.643,0.671,0.0,12.7
1783971121.831,495,0.946,-0.15,0.06,0.0,12.1
1783971121.831,495,1.117,-0.593,-0.033,0.0,19.7
1783971121.831,495,6.409,-3.415,0.585,0.0,11.7
1783971121.931,496,0.946,-0.15,0.056,0.0,13.4
1783971121.931,496,1.117,-0.593,-0.025,0.0,19.0
1783971121.931,496,6.539,-3.188,0.414,0.0,13.3
1783971122.033,497,0.947,-0.15,0.053,0.0,13.4
1783971122.033,497,1.117,-0.593,-0.03,0.0,19.2
1783971122.033,497,1.764,-0.72,-0.235,0.0,11.5
1783971122.033,497,6.434,-3.415,0.169,0.0,13.1
1783971122.134,498,0.946,-0.15,0.055,0.0,13.4
1783971122.134,498,1.117,-0.593,-0.033,0.0,19.3
1783971122.134,498,6.43,-3.415,0.284,0.0,12.0
1783971122.235,499,0.946,-0.15,0.058,0.0,13.3
1783971122.235,499,1.118,-0.593,-0.008,0.0,19.8
1783971122.235,499,6.431,-3.415,0.249,0.0,11.7
1783971122.336,500,0.947,-0.15,0.054,0.0,12.8
1783971122.336,500,1.118,-0.593,0.008,0.0,20.0
1783971122.336,500,6.431,-3.415,0.261,0.0,12.5
1783971122.437,501,0.947,-0.15,0.047,0.0,13.7
1783971122.437,501,0.807,-0.716,0.161,0.0,11.2
1783971122.437,501,1.117,-0.593,-0.03,0.0,19.4
1783971122.437,501,1.392,-0.135,0.342,0.0,11.7
1783971122.437,501,6.431,-3.415,0.261,0.0,11.9
1783971122.539,502,0.946,-0.15,0.064,0.0,16.1
1783971122.539,502,0.806,-0.682,0.274,0.0,12.2
1783971122.539,502,1.155,-0.514,0.06,0.0,15.3
1783971122.539,502,2.579,-0.761,0.293,0.162,12.1
1783971122.639,503,0.941,-0.18,0.064,0.0,14.2
1783971122.639,503,1.224,-0.286,0.364,0.0,13.3
1783971122.639,503,0.892,-0.818,0.498,0.0,13.3
1783971122.639,503,1.744,-0.645,-0.246,0.0,11.7
1783971122.69,504,0.792,-0.716,0.222,0.0,13.0
1783971122.69,504,1.15,-0.514,0.114,0.0,13.4
1783971122.69,504,2.051,-0.765,0.398,0.162,15.7
1783971122.69,504,0.189,0.18,-0.017,-0.081,14.5
1783971122.843,505,0.947,-0.15,0.049,0.0,13.2
1783971122.843,505,1.117,-0.593,-0.041,0.0,18.1
1783971122.843,505,4.309,0.709,1.233,0.0,11.7
1783971122.843,505,6.525,-3.188,0.594,0.0,12.7
1783971122.945,506,0.944,-0.15,0.085,0.0,12.3
1783971122.945,506,1.096,-0.633,-0.005,0.0,17.5
1783971122.945,506,1.725,0.335,0.335,0.0,11.3
1783971122.945,506,1.731,-0.72,-0.412,0.0,11.7
1783971122.945,506,6.298,-3.643,0.389,0.0,11.8
1783971122.945,506,2.117,-0.78,0.242,0.162,14.0
1783971122.945,506,2.376,-0.544,0.492,0.325,14.4
1783971122.995,507,0.946,-0.15,0.057,0.0,12.7
1783971122.995,507,1.118,-0.593,0.014,0.0,16.7
1783971122.995,507,1.725,0.335,0.334,0.0,12.9
1783971122.995,507,6.408,-3.415,0.599,0.0,12.3
1783971122.995,507,2.207,-0.825,0.455,0.243,12.2
1783971123.097,508,1.118,-0.593,0.013,0.0,15.6
1783971123.097,508,6.39,-3.415,0.771,0.0,12.9
1783971123.097,508,0.15,0.258,0.066,0.162,11.3
1783971123.097,508,2.16,-0.795,0.224,0.325,14.9
1783971123.097,508,2.448,-0.483,0.634,0.487,16.5
1783971123.247,509,0.647,-0.348,-0.105,0.0,12.2
1783971123.247,509,0.945,-0.15,0.071,0.0,11.4
1783971123.247,509,1.118,-0.593,0.01,0.0,14.7
1783971123.247,509,1.585,0.585,0.199,0.0,13.2
1783971123.247,509,6.387,-3.415,0.789,0.0,12.0
1783971123.247,509,2.362,-0.777,0.011,0.243,11.2
1783971123.247,509,2.185,-0.736,0.485,0.325,16.7
1783971123.247,509,0.674,0.087,-0.16,-0.081,14.6
1783971123.247,509,0.595,-0.327,0.163,-0.081,14.6
1783971123.298,510,0.661,-0.324,-0.086,0.0,12.6
1783971123.298,510,0.945,-0.15,0.079,0.0,11.9
1783971123.298,510,1.118,-0.593,0.014,0.0,13.8
1783971123.298,510,1.554,0.466,0.341,0.0,13.7
1783971123.298,510,6.416,-3.415,0.508,0.0,11.8
1783971123.298,510,1.053,0.916,0.006,0.162,17.4
1783971123.298,510,2.192,-0.736,0.452,0.243,15.8
1783971123.298,510,2.346,-0.699,0.439,0.243,11.4
1783971123.298,510,2.575,-0.582,0.334,0.487,16.4
1783971123.399,511,0.661,-0.324,-0.086,0.0,12.3
1783971123.399,511,0.94,-0.18,0.066,0.0,12.3
1783971123.399,511,1.556,0.518,0.241,0.0,17.2
1783971123.399,511,6.415,-3.415,0.519,0.0,11.3
1783971123.399,511,1.086,0.945,0.02,0.243,19.3
1783971123.399,511,1.345,-0.495,0.134,0.243,19.3
1783971123.399,511,2.268,-0.75,0.228,0.243,13.5
1783971123.501,512,0.661,-0.324,-0.091,0.0,12.6
1783971123.501,512,0.94,-0.18,0.067,0.0,12.6
1783971123.501,512,1.118,-0.593,0.013,0.0,11.3
1783971123.501,512,1.549,0.518,0.282,0.0,16.6
1783971123.501,512,1.08,0.945,-0.118,0.243,18.7
1783971123.501,512,2.667,-0.601,0.279,0.243,12.7
1783971123.501,512,0.508,0.049,-0.117,-0.487,32.5
1783971123.602,513,0.66,-0.324,-0.096,0.0,12.7
1783971123.602,513,0.94,-0.18,0.067,0.0,12.6
1783971123.602,513,1.551,0.518,0.27,0.0,16.0
1783971123.602,513,6.526,-3.188,0.576,0.0,12.7
1783971123.602,513,0.465,0.105,-0.052,-0.406,20.2
1783971123.703,514,0.662,-0.324,-0.079,0.0,11.7
1783971123.703,514,0.94,-0.18,0.068,0.0,12.0
1783971123.703,514,1.118,-0.593,0.015,0.0,11.3
1783971123.703,514,1.553,0.518,0.26,0.0,16.7
1783971123.703,514,6.409,-3.415,0.588,0.0,11.3
1783971123.703,514,0.947,1.08,0.096,0.162,14.2
1783971123.703,514,0.449,0.15,-0.081,-0.243,12.5
1783971123.805,515,0.648,-0.348,-0.097,0.0,12.1
1783971123.805,515,0.945,-0.15,0.07,0.0,12.0
1783971123.805,515,1.551,0.518,0.27,0.0,16.7
1783971123.805,515,2.126,1.861,-0.244,0.0,12.7
1783971123.906,516,0.94,-0.18,0.066,0.0,11.5
1783971123.906,516,1.552,0.518,0.268,0.0,16.2
1783971123.906,516,2.387,1.762,0.052,0.0,11.4
1783971124.007,517,0.945,-0.15,0.071,0.0,11.3
1783971124.007,517,1.118,-0.593,0.013,0.0,11.3
1783971124.007,517,1.555,0.518,0.249,0.0,16.5
1783971124.007,517,2.114,1.861,-0.334,0.0,12.2
1783971124.007,517,2.316,1.854,-0.0,0.0,12.8
1783971124.109,518,1.549,0.518,0.285,0.0,15.7
1783971124.109,518,2.115,1.861,-0.326,0.0,11.6
1783971124.109,518,2.387,1.762,-0.008,0.0,11.4
1783971124.109,518,6.535,-3.188,0.468,0.0,11.2
1783971124.209,519,1.118,-0.593,0.014,0.0,11.4
1783971124.209,519,1.552,0.518,0.266,0.0,16.2
1783971124.209,519,2.104,1.861,-0.391,0.0,12.5
1783971124.209,519,2.387,1.762,0.035,0.0,12.0
1783971124.209,519,6.415,-3.415,0.517,0.0,11.3
1783971124.31,520,1.556,0.518,0.241,0.0,16.3
1783971124.31,520,2.115,1.861,-0.324,0.0,12.7
1783971124.31,520,2.315,1.854,0.079,0.0,12.2
1783971124.411,521,1.554,0.518,0.254,0.0,15.7
1783971124.411,521,2.119,1.861,-0.294,0.0,12.6
1783971124.411,521,2.387,1.762,-0.057,0.0,11.5
1783971124.512,522,1.555,0.518,0.251,0.0,15.8
1783971124.512,522,2.102,1.861,-0.402,0.0,12.5
1783971124.512,522,2.387,1.762,-0.056,0.0,11.9
1783971124.612,523,1.555,0.518,0.252,0.0,16.7
1783971124.612,523,6.383,-3.415,0.825,0.0,11.3
1783971124.713,524,1.118,-0.593,0.012,0.0,14.3
1783971124.713,524,1.524,0.518,0.396,0.0,11.3
1783971124.814,525,0.828,-0.682,0.198,0.0,11.6
1783971124.814,525,1.118,-0.593,-0.004,0.0,13.8
1783971124.814,525,1.58,0.532,0.339,0.0,12.3
1783971124.814,525,2.1,1.861,-0.408,0.0,13.2
1783971124.814,525,2.387,1.762,0.051,0.0,13.7
1783971124.814,525,6.386,-3.415,0.801,0.0,12.2
1783971124.915,526,0.815,-0.682,0.246,0.0,13.1
1783971124.915,526,1.555,0.518,0.248,0.0,16.6
1783971124.915,526,2.089,1.861,-0.464,0.0,11.3
1783971124.915,526,2.386,1.762,-0.083,0.0,11.5
1783971125.117,528,0.942,-0.18,0.046,0.0,12.8
1783971125.117,528,0.794,-0.682,0.307,0.0,12.0
1783971125.117,528,1.117,-0.593,-0.038,0.0,14.1
1783971125.117,528,1.555,0.518,0.251,0.0,16.9
1783971125.117,528,2.387,1.762,-0.001,0.0,11.9
1783971125.117,528,6.306,-3.643,0.227,0.0,11.5
1783971125.218,529,0.945,-0.15,0.076,0.0,12.4
1783971125.218,529,1.117,-0.593,-0.02,0.0,12.6
1783971125.218,529,1.547,0.518,0.293,0.0,16.3
1783971125.218,529,2.387,1.762,0.046,0.0,11.5
1783971125.319,530,0.94,-0.18,0.07,0.0,12.4
1783971125.319,530,1.117,-0.593,-0.028,0.0,12.8
1783971125.319,530,1.553,0.518,0.263,0.0,16.7
1783971125.427,531,0.941,-0.18,0.065,0.0,12.8
1783971125.427,531,1.117,-0.593,-0.036,0.0,13.4
1783971125.427,531,1.556,0.518,0.244,0.0,16.8
1783971125.427,531,2.191,1.772,-0.316,0.0,11.7
1783971125.531,532,0.941,-0.18,0.064,0.0,12.9
1783971125.531,532,1.117,-0.593,-0.041,0.0,13.4
1783971125.531,532,1.552,0.518,0.268,0.0,16.5
1783971125.531,532,2.198,1.772,-0.263,0.0,13.4
1783971125.631,533,0.941,-0.18,0.056,0.0,12.0
1783971125.631,533,1.096,-0.633,-0.021,0.0,12.6
1783971125.631,533,1.55,0.518,0.279,0.0,16.3
1783971125.631,533,6.289,-3.643,0.507,0.0,11.8
1783971125.732,534,0.637,-0.348,-0.152,0.0,11.2
1783971125.732,534,0.941,-0.18,0.059,0.0,12.2
1783971125.732,534,1.118,-0.593,-0.01,0.0,12.4
1783971125.732,534,1.549,0.518,0.285,0.0,16.6
1783971125.834,535,0.639,-0.348,-0.146,0.0,11.2
1783971125.834,535,0.941,-0.18,0.058,0.0,13.1
1783971125.834,535,1.096,-0.633,-0.006,0.0,11.8
1783971125.834,535,1.559,0.518,0.221,0.0,17.0
1783971125.935,536,0.638,-0.348,-0.149,0.0,11.6
1783971125.935,536,0.941,-0.18,0.058,0.0,12.7
1783971125.935,536,1.118,-0.593,-0.008,0.0,12.0
1783971125.935,536,1.556,0.518,0.243,0.0,16.3
1783971126.037,537,0.636,-0.348,-0.159,0.0,11.6
1783971126.037,537,0.941,-0.18,0.055,0.0,12.6
1783971126.037,537,1.096,-0.633,0.005,0.0,12.1
1783971126.037,537,1.551,0.518,0.275,0.0,16.8
1783971126.037,537,6.426,-3.415,0.355,0.0,11.5
1783971126.138,538,0.619,-0.371,-0.173,0.0,12.0
1783971126.138,538,0.941,-0.18,0.062,0.0,12.8
1783971126.138,538,1.096,-0.633,0.006,0.0,12.0
1783971126.138,538,1.552,0.518,0.27,0.0,16.9
1783971126.239,539,0.637,-0.348,-0.154,0.0,12.8
1783971126.239,539,0.941,-0.18,0.061,0.0,12.9
1783971126.239,539,1.118,-0.593,0.005,0.0,11.8
1783971126.239,539,1.551,0.518,0.273,0.0,16.2
1783971126.34,540,0.634,-0.348,-0.166,0.0,12.7
1783971126.34,540,0.941,-0.18,0.059,0.0,13.3
1783971126.34,540,1.118,-0.593,0.003,0.0,12.0
1783971126.34,540,1.556,0.518,0.242,0.0,17.0
1783971126.34,540,6.3,-3.643,0.347,0.0,11.3
1783971126.44,541,0.636,-0.348,-0.157,0.0,12.7
1783971126.44,541,0.941,-0.18,0.058,0.0,12.7
1783971126.44,541,1.118,-0.593,-0.004,0.0,12.1
1783971126.44,541,1.553,0.518,0.261,0.0,16.8
1783971126.542,542,0.636,-0.348,-0.156,0.0,12.1
1783971126.542,542,0.941,-0.18,0.058,0.0,12.8
1783971126.542,542,1.118,-0.593,-0.005,0.0,11.9
1783971126.542,542,1.554,0.518,0.254,0.0,16.0
1783971126.593,543,0.636,-0.348,-0.156,0.0,11.9
1783971126.593,543,0.941,-0.18,0.055,0.0,13.0
1783971126.593,543,1.118,-0.593,-0.005,0.0,12.0
1783971126.593,543,1.55,0.518,0.276,0.0,16.0
1783971126.745,544,0.634,-0.348,-0.165,0.0,11.2
1783971126.745,544,0.941,-0.18,0.052,0.0,11.8
1783971126.745,544,1.096,-0.633,-0.003,0.0,11.8
1783971126.745,544,1.556,0.518,0.245,0.0,15.5
1783971126.845,545,0.635,-0.348,-0.163,0.0,11.5
1783971126.845,545,0.941,-0.18,0.057,0.0,12.9
1783971126.845,545,1.096,-0.633,-0.0,0.0,11.9
1783971126.845,545,1.555,0.518,0.247,0.0,16.1
1783971126.845,545,6.427,-3.415,0.337,0.0,12.4
1783971126.896,546,0.617,-0.371,-0.177,0.0,12.0
1783971126.896,546,0.941,-0.18,0.061,0.0,13.1
1783971126.896,546,1.096,-0.633,0.003,0.0,12.1
1783971126.896,546,1.559,0.518,0.224,0.0,16.0
1783971126.997,547,0.634,-0.348,-0.164,0.0,12.2
1783971126.997,547,0.941,-0.18,0.06,0.0,13.2
1783971126.997,547,1.096,-0.633,-0.002,0.0,12.2
1783971126.997,547,1.557,0.518,0.239,0.0,16.6
1783971126.997,547,6.413,-3.415,0.547,0.0,12.3
1783971127.149,548,0.635,-0.348,-0.162,0.0,12.7
1783971127.149,548,0.941,-0.18,0.06,0.0,13.3
1783971127.149,548,1.118,-0.593,-0.004,0.0,12.1
1783971127.149,548,1.553,0.518,0.262,0.0,17.2
1783971127.149,548,6.41,-3.415,0.581,0.0,11.6
1783971127.2,549,0.636,-0.348,-0.159,0.0,12.7
1783971127.2,549,0.941,-0.18,0.062,0.0,12.9
1783971127.2,549,1.118,-0.593,-0.003,0.0,12.1
1783971127.2,549,1.551,0.518,0.274,0.0,17.1
1783971127.301,550,0.635,-0.348,-0.161,0.0,12.3
1783971127.301,550,0.941,-0.18,0.062,0.0,12.6
1783971127.301,550,1.118,-0.593,0.001,0.0,11.9
1783971127.301,550,1.55,0.518,0.277,0.0,17.0
1783971127.301,550,6.432,-3.415,0.214,0.0,11.8
1783971127.402,551,0.634,-0.348,-0.165,0.0,12.6
1783971127.402,551,0.941,-0.18,0.059,0.0,12.6
1783971127.402,551,1.118,-0.593,-0.002,0.0,11.8
1783971127.402,551,1.564,0.466,0.294,0.0,15.7
1783971127.402,551,6.417,-3.415,0.496,0.0,11.3
1783971127.503,552,0.639,-0.348,-0.144,0.0,12.2
1783971127.503,552,0.941,-0.18,0.058,0.0,14.0
1783971127.503,552,1.095,-0.633,-0.029,0.0,12.5
1783971127.503,552,1.548,0.518,0.287,0.0,16.7
1783971127.604,553,0.94,-0.18,0.071,0.0,15.1
1783971127.604,553,0.812,-0.682,0.257,0.0,11.8
1783971127.604,553,1.117,-0.593,-0.04,0.0,12.5
1783971127.604,553,1.554,0.518,0.257,0.0,17.2
1783971127.604,553,2.246,1.658,-0.071,0.0,11.3
1783971127.704,554,0.941,-0.18,0.059,0.0,16.4
1783971127.704,554,0.813,-0.682,0.252,0.0,12.5
1783971127.704,554,1.553,0.518,0.263,0.0,17.2
1783971127.704,554,0.427,0.21,-0.061,0.325,17.4
1783971127.805,555,0.941,-0.18,0.053,0.0,17.7
1783971127.805,555,0.783,-0.716,0.252,0.0,12.6
1783971127.805,555,1.558,0.518,0.23,0.0,17.0
1783971127.805,555,0.484,0.196,-0.034,0.406,29.6
1783971127.906,556,0.941,-0.18,0.06,0.0,16.6
1783971127.906,556,0.784,-0.716,0.252,0.0,12.2
1783971127.906,556,1.567,0.466,0.277,0.0,17.1
1783971128.007,557,0.94,-0.18,0.066,0.0,16.5
1783971128.007,557,0.782,-0.716,0.257,0.0,12.3
1783971128.007,557,1.548,0.518,0.287,0.0,17.2
1783971128.007,557,0.489,0.18,-0.053,-0.325,30.1
1783971128.107,558,0.941,-0.18,0.061,0.0,16.4
1783971128.107,558,0.812,-0.682,0.255,0.0,12.9
1783971128.107,558,1.553,0.518,0.26,0.0,17.5
1783971128.107,558,0.443,0.18,-0.044,-0.325,16.6
1783971128.107,558,0.491,0.363,-0.009,-0.325,16.9
1783971128.207,559,0.941,-0.18,0.054,0.0,16.0
1783971128.207,559,0.801,-0.682,0.29,0.0,12.0
1783971128.207,559,1.553,0.518,0.264,0.0,17.0
1783971128.207,559,2.178,1.745,-0.093,0.0,11.2
1783971128.207,559,0.384,0.205,-0.037,-0.243,19.3
1783971128.308,560,0.941,-0.18,0.063,0.0,13.6
1783971128.308,560,0.797,-0.682,0.298,0.0,12.4
1783971128.308,560,1.556,0.518,0.244,0.0,17.6
1783971128.409,561,0.94,-0.18,0.07,0.0,11.9
1783971128.409,561,0.805,-0.682,0.277,0.0,11.3
1783971128.409,561,1.56,0.518,0.217,0.0,17.0
1783971128.409,561,2.18,1.745,0.014,0.0,11.9
1783971128.511,562,0.94,-0.18,0.068,0.0,12.7
1783971128.511,562,0.79,-0.682,0.318,0.0,12.4
1783971128.511,562,1.557,0.518,0.237,0.0,17.3
1783971128.612,563,0.94,-0.18,0.071,0.0,13.0
1783971128.612,563,0.798,-0.682,0.296,0.0,12.7
1783971128.612,563,1.559,0.518,0.221,0.0,18.3
1783971128.612,563,2.18,1.745,-0.013,0.0,11.8
1783971128.713,564,0.94,-0.18,0.073,0.0,12.7
1783971128.713,564,0.801,-0.682,0.289,0.0,12.0
1783971128.713,564,1.56,0.518,0.216,0.0,17.9
1783971128.813,565,0.94,-0.18,0.072,0.0,12.4
1783971128.813,565,0.794,-0.682,0.308,0.0,12.6
1783971128.813,565,1.56,0.518,0.214,0.0,17.9
1783971128.913,566,0.94,-0.18,0.072,0.0,11.5
1783971128.913,566,0.795,-0.682,0.305,0.0,11.7
1783971128.913,566,1.554,0.518,0.253,0.0,17.8
1783971129.014,567,0.94,-0.18,0.07,0.0,11.6
1783971129.014,567,0.766,-0.716,0.301,0.0,12.0
1783971129.014,567,1.551,0.518,0.272,0.0,17.5
1783971129.114,568,0.778,-0.682,0.345,0.0,11.5
1783971129.114,568,1.554,0.518,0.254,0.0,17.0
1783971129.214,569,1.558,0.518,0.229,0.0,16.2
1783971129.316,570,0.632,-0.348,-0.174,0.0,11.8
1783971129.316,570,1.118,-0.593,0.001,0.0,16.2
1783971129.316,570,6.296,-3.643,0.415,0.0,11.6
1783971129.316,570,0.293,0.409,0.144,-0.162,12.7
1783971129.316,570,0.98,1.113,0.036,-0.162,16.0
1783971129.418,571,0.632,-0.348,-0.173,0.0,12.6
1783971129.418,571,0.94,-0.18,0.073,0.0,12.7
1783971129.418,571,1.096,-0.633,0.008,0.0,11.7
1783971129.418,571,1.558,0.518,0.227,0.0,16.7
1783971129.418,571,6.427,-3.415,0.341,0.0,11.6
1783971129.418,571,0.252,0.065,-0.029,0.568,17.3
1783971129.418,571,0.514,0.389,-0.116,-0.325,32.2
1783971129.418,571,0.254,0.425,0.17,-0.243,21.2
1783971129.537,572,0.629,-0.348,-0.184,0.0,12.1
1783971129.537,572,0.939,-0.18,0.085,0.0,12.3
1783971129.537,572,1.096,-0.633,0.009,0.0,15.0
1783971129.537,572,1.569,0.479,0.452,0.0,12.2
1783971129.537,572,6.26,-3.643,0.789,0.0,11.9
1783971129.537,572,0.383,0.086,-0.013,-0.325,15.7
1783971129.537,572,0.344,0.376,0.118,-0.325,26.1
1783971129.537,572,0.924,1.08,-0.23,-0.243,11.4
1783971129.537,572,1.199,-0.675,0.423,-0.243,11.4
1783971129.639,573,0.63,-0.348,-0.181,0.0,12.8
1783971129.639,573,0.941,-0.18,0.061,0.0,13.1
1783971129.639,573,1.118,-0.593,0.003,0.0,12.6
1783971129.639,573,1.557,0.518,0.237,0.0,16.2
1783971129.639,573,6.419,-3.415,0.471,0.0,12.7
1783971129.639,573,0.259,0.33,0.233,-0.243,11.6
1783971129.639,573,0.49,0.284,0.032,-0.243,11.8
1783971129.639,573,1.013,0.96,0.045,-0.162,12.0
1783971129.74,574,0.624,-0.348,-0.2,0.0,13.0
1783971129.74,574,0.942,-0.18,0.037,0.0,13.4
1783971129.74,574,1.096,-0.633,0.0,0.0,11.3
1783971129.74,574,1.567,0.518,0.161,0.0,18.0
1783971129.74,574,6.426,-3.415,0.363,0.0,11.9
1783971129.74,574,0.964,1.003,0.114,-0.162,19.1
1783971129.842,575,0.625,-0.348,-0.198,0.0,13.5
1783971129.842,575,0.942,-0.18,0.04,0.0,14.1
1783971129.842,575,1.096,-0.633,0.001,0.0,12.7
1783971129.842,575,1.579,0.466,0.197,0.0,16.7
1783971129.842,575,6.293,-3.643,0.466,0.0,12.3
1783971129.842,575,2.586,-0.709,0.923,-0.243,13.0
1783971129.842,575,1.146,0.719,-0.0,-0.162,17.1
1783971129.842,575,1.215,-0.592,-0.044,-0.162,17.1
1783971129.893,576,0.616,-0.348,-0.222,0.0,11.5
1783971129.893,576,1.118,-0.593,0.008,0.0,13.6
1783971129.893,576,1.604,0.532,0.198,0.0,15.7
1783971129.893,576,6.395,-3.415,0.722,0.0,12.3
1783971129.893,576,0.305,-0.019,0.007,0.406,24.5
1783971129.893,576,2.614,-0.687,0.497,-0.243,15.6
1783971129.995,577,0.633,-0.348,-0.171,0.0,11.9
1783971129.995,577,1.096,-0.633,-0.014,0.0,20.4
1783971129.995,577,6.4,-3.415,0.681,0.0,13.4
1783971129.995,577,0.346,0.044,0.004,-0.649,26.9
1783971130.147,578,0.626,-0.348,-0.193,0.0,11.7
1783971130.147,578,1.095,-0.633,-0.025,0.0,17.9
1783971130.197,579,0.625,-0.371,-0.147,0.0,11.6
1783971130.197,579,1.267,-0.327,0.043,0.0,14.2
1783971130.197,579,0.463,0.12,0.039,-0.162,20.2
1783971130.298,580,0.629,-0.348,-0.183,0.0,13.2
1783971130.298,580,1.251,-0.286,0.256,0.0,14.2
1783971130.298,580,0.433,-0.42,0.096,0.406,34.0
1783971130.298,580,2.509,-0.665,0.589,-0.162,13.8
1783971130.298,580,0.465,0.105,0.051,-0.081,12.3
1783971130.298,580,2.02,-0.834,0.419,-0.081,11.5
1783971130.449,581,0.63,-0.348,-0.18,0.0,14.0
1783971130.449,581,1.264,-0.327,0.087,0.0,13.3
1783971130.449,581,0.464,-0.382,0.11,0.162,20.4
1783971130.449,581,2.553,-0.499,0.561,-0.162,13.2
1783971130.5,582,1.275,-0.286,0.079,0.0,14.1
1783971130.5,582,2.44,-0.818,0.477,-0.162,12.8
1783971130.5,582,3.164,2.536,0.153,-0.162,12.8
1783971130.602,583,0.476,0.015,0.059,0.081,17.2
1783971130.602,583,2.429,-0.654,0.723,-0.243,14.3
1783971130.602,583,3.396,2.132,0.171,-0.162,13.8
1783971130.703,584,1.012,-0.712,0.264,0.0,12.3
1783971130.703,584,1.122,-0.316,-0.492,0.0,12.3
1783971130.703,584,0.454,-0.0,0.154,0.081,17.1
1783971130.703,584,3.179,1.993,0.043,-0.081,13.4
1783971130.804,585,0.476,-0.06,0.023,0.0,13.4
1783971130.905,586,0.476,-0.045,0.041,0.081,16.7
1783971131.006,587,0.47,-0.06,0.073,0.081,16.3
1783971131.106,588,1.013,-0.777,0.289,0.0,13.0
1783971131.106,588,0.477,-0.284,-0.115,0.081,12.5
1783971131.207,589,0.811,-0.682,0.26,0.0,11.3
1783971131.207,589,1.052,-0.672,0.206,0.0,13.3
1783971131.207,589,0.509,-0.248,0.025,0.081,15.6
1783971131.307,590,0.776,-0.716,0.274,0.0,11.4
1783971131.307,590,1.048,-0.672,0.227,0.0,14.1
1783971131.307,590,0.493,-0.266,-0.09,0.081,13.9
1783971131.307,590,0.511,-0.053,0.241,0.081,13.9
1783971131.307,590,0.514,-0.082,0.054,0.162,17.9
1783971131.307,590,1.848,-0.802,0.717,-0.162,11.3
1783971131.307,590,1.834,1.069,-0.251,-0.162,11.3
1783971131.408,591,0.822,-0.682,0.223,0.0,13.0
1783971131.408,591,1.072,-0.633,0.226,0.0,15.8
1783971131.509,592,0.51,-0.23,-0.094,0.0,12.0
1783971131.509,592,0.823,-0.682,0.217,0.0,13.7
1783971131.509,592,1.042,-0.672,0.25,0.0,17.4
1783971131.61,593,0.819,-0.682,0.233,0.0,14.1
1783971131.61,593,1.067,-0.633,0.249,0.0,15.6
1783971131.61,593,0.512,-0.065,0.089,0.081,16.2
1783971131.711,594,0.47,-0.266,-0.174,0.0,12.7
1783971131.711,594,0.52,-0.053,0.221,0.0,12.7
1783971131.711,594,0.82,-0.682,0.228,0.0,15.6
1783971131.711,594,1.099,-0.593,0.202,0.0,18.1
1783971131.711,594,0.679,0.185,0.233,-0.325,21.4
1783971131.711,594,1.687,0.053,0.213,-0.162,11.4
1783971131.811,595,0.818,-0.682,0.236,0.0,15.3
1783971131.811,595,1.098,-0.593,0.21,0.0,17.8
1783971131.811,595,1.665,-0.106,0.332,-0.162,17.3
1783971131.912,596,0.786,-0.716,0.243,0.0,16.0
1783971131.912,596,0.843,-0.648,0.244,0.0,16.0
1783971131.912,596,1.079,-0.633,0.188,0.0,18.6
1783971131.912,596,1.494,2.127,0.31,0.0,20.8
1783971132.014,597,0.549,-0.124,-0.07,0.0,11.3
1783971132.014,597,0.824,-0.682,0.214,0.0,16.8
1783971132.014,597,1.08,-0.633,0.182,0.0,18.6
1783971132.014,597,1.393,2.209,0.183,0.0,17.8
1783971132.115,598,0.552,-0.124,-0.04,0.0,12.2
1783971132.115,598,0.303,-0.425,0.221,0.0,12.2
1783971132.115,598,0.827,-0.682,0.201,0.0,15.5
1783971132.115,598,1.08,-0.633,0.187,0.0,18.2
1783971132.115,598,1.49,2.127,0.331,0.0,19.1
1783971132.216,599,0.825,-0.682,0.209,0.0,14.8
1783971132.216,599,1.08,-0.633,0.187,0.0,17.8
1783971132.216,599,1.486,2.127,0.348,0.0,18.3
1783971132.316,600,0.797,-0.716,0.207,0.0,16.1
1783971132.316,600,1.082,-0.633,0.175,0.0,17.8
1783971132.316,600,1.599,2.045,0.339,0.0,18.7
1783971132.417,601,0.799,-0.716,0.195,0.0,16.2
1783971132.417,601,1.079,-0.633,0.189,0.0,18.0
1783971132.417,601,1.502,2.127,0.271,0.0,18.3
1783971132.521,602,0.516,-0.213,-0.102,0.0,13.0
1783971132.521,602,0.366,-0.425,0.083,0.0,13.0
1783971132.521,602,0.783,-0.716,0.253,0.0,13.5
1783971132.521,602,1.105,-0.593,0.167,0.0,17.5
1783971132.521,602,1.493,2.127,0.315,0.0,17.1
1783971132.622,603,0.817,-0.682,0.24,0.0,13.3
1783971132.622,603,1.07,-0.633,0.236,0.0,17.4
1783971132.622,603,1.403,2.209,0.081,0.0,17.6
1783971132.722,604,0.82,-0.682,0.231,0.0,12.4
1783971132.722,604,1.098,-0.593,0.208,0.0,16.7
1783971132.722,604,1.354,2.127,0.704,0.0,11.9
1783971132.823,605,0.83,-0.682,0.191,0.0,13.7
1783971132.823,605,1.1,-0.593,0.195,0.0,18.0
1783971132.823,605,0.629,-0.0,0.18,0.162,13.8
1783971132.823,605,1.673,0.053,0.306,0.243,17.4
1783971132.823,605,0.252,0.172,-0.02,0.325,14.5
1783971132.823,605,1.013,-1.098,0.319,-0.243,14.1
1783971132.924,606,0.462,-0.301,-0.131,0.0,11.7
1783971132.924,606,0.548,-0.089,-0.117,0.0,11.7
1783971132.924,606,0.818,-0.682,0.237,0.0,12.7
1783971132.924,606,1.111,-0.554,0.245,0.0,17.8
1783971132.924,606,3.586,-2.116,0.756,0.0,13.7
1783971132.924,606,0.415,-0.47,0.187,0.162,13.1
1783971132.924,606,1.653,0.266,0.305,0.243,16.3
1783971133.026,607,0.819,-0.682,0.232,0.0,13.2
1783971133.026,607,1.115,-0.554,0.224,0.0,17.0
1783971133.026,607,3.62,-2.116,0.57,0.0,13.4
1783971133.126,608,0.807,-0.682,0.272,0.0,13.6
1783971133.126,608,1.088,-0.593,0.257,0.0,17.6
1783971133.126,608,3.705,-1.984,0.495,0.0,11.8
1783971133.227,609,0.799,-0.682,0.294,0.0,12.6
1783971133.227,609,1.088,-0.593,0.257,0.0,15.5
1783971133.227,609,3.589,-2.116,0.745,0.0,12.0
1783971133.328,610,0.555,-0.106,0.054,0.0,11.6
1783971133.328,610,0.815,-0.682,0.246,0.0,13.1
1783971133.328,610,1.083,-0.593,0.275,0.0,16.0
1783971133.328,610,3.617,-2.116,0.591,0.0,11.6
1783971133.429,611,0.555,-0.106,0.045,0.0,13.2
1783971133.429,611,0.425,-0.301,0.224,0.0,13.2
1783971133.429,611,0.813,-0.682,0.251,0.0,12.9
1783971133.429,611,1.081,-0.593,0.283,0.0,15.5
1783971133.429,611,3.692,-1.984,0.587,0.0,12.2
1783971133.53,612,0.557,-0.089,0.057,0.0,11.5
1783971133.53,612,0.824,-0.682,0.214,0.0,14.2
1783971133.53,612,1.072,-0.593,0.315,0.0,16.5
1783971133.53,612,3.625,-2.116,0.54,0.0,11.8
1783971133.63,613,0.559,-0.089,0.035,0.0,11.6
1783971133.63,613,0.812,-0.682,0.258,0.0,13.8
1783971133.63,613,1.113,-0.554,0.236,0.0,17.7
1783971133.63,613,3.683,-1.984,0.64,0.0,11.7
1783971133.732,614,0.819,-0.682,0.234,0.0,13.5
1783971133.732,614,1.087,-0.593,0.26,0.0,16.6
1783971133.732,614,3.617,-2.116,0.593,0.0,11.7
1783971133.833,615,0.559,-0.089,0.034,0.0,11.8
1783971133.833,615,0.811,-0.682,0.258,0.0,12.9
1783971133.833,615,1.09,-0.593,0.249,0.0,15.8
1783971133.833,615,3.611,-2.116,0.627,0.0,11.8
1783971133.934,616,0.559,-0.089,0.038,0.0,12.1
1783971133.934,616,0.814,-0.682,0.249,0.0,13.6
1783971133.934,616,1.092,-0.593,0.237,0.0,16.0
1783971133.934,616,3.636,-2.116,0.457,0.0,12.5
1783971134.035,617,0.555,-0.089,0.078,0.0,11.4
1783971134.035,617,0.818,-0.682,0.237,0.0,14.6
1783971134.035,617,1.092,-0.593,0.236,0.0,16.6
1783971134.035,617,3.618,-2.116,0.582,0.0,11.8
1783971134.136,618,0.816,-0.682,0.243,0.0,14.7
1783971134.136,618,1.094,-0.593,0.228,0.0,15.9
1783971134.136,618,3.612,-2.116,0.622,0.0,11.6
1783971134.237,619,0.557,-0.106,0.005,0.0,12.6
1783971134.237,619,0.816,-0.682,0.242,0.0,13.9
1783971134.237,619,1.095,-0.593,0.223,0.0,16.1
1783971134.237,619,3.7,-1.984,0.531,0.0,12.2
1783971134.338,620,0.558,-0.089,0.05,0.0,13.1
1783971134.338,620,0.815,-0.682,0.246,0.0,13.6
1783971134.338,620,1.096,-0.593,0.218,0.0,15.5
1783971134.338,620,3.65,-2.116,0.331,0.0,11.2
1783971134.439,621,0.557,-0.106,0.025,0.0,13.0
1783971134.439,621,0.814,-0.682,0.251,0.0,13.4
1783971134.439,621,1.058,-0.633,0.284,0.0,15.5
1783971134.439,621,3.655,-2.116,0.265,0.0,12.4
1783971134.54,622,0.556,-0.089,0.071,0.0,12.8
1783971134.54,622,0.818,-0.682,0.238,0.0,12.3
1783971134.54,622,1.119,-0.554,0.204,0.0,15.6
1783971134.641,623,0.557,-0.106,0.026,0.0,13.7
1783971134.641,623,0.823,-0.682,0.217,0.0,12.9
1783971134.641,623,1.085,-0.593,0.269,0.0,15.3
1783971134.641,623,3.654,-2.116,0.289,0.0,11.3
1783971134.691,624,0.554,-0.089,-0.083,0.0,13.3
1783971134.691,624,0.498,-0.266,0.052,0.0,13.3
1783971134.691,624,0.793,-0.716,0.22,0.0,11.3
1783971134.691,624,1.053,-0.633,0.304,0.0,16.2
1783971134.691,624,3.624,-2.116,0.548,0.0,11.7
1783971134.842,625,0.558,-0.053,0.088,0.0,16.5
1783971134.842,625,1.038,-0.672,0.268,0.0,14.2
1783971134.943,626,0.419,-0.42,0.144,0.0,11.3
1783971134.943,626,0.637,-0.371,-0.083,0.0,12.9
1783971134.943,626,1.277,-0.286,0.029,0.0,14.3
1783971134.943,626,0.896,-0.736,0.607,0.0,14.3
1783971134.943,626,0.557,-0.089,0.06,0.081,13.1
1783971134.943,626,0.371,-0.589,0.052,-0.162,18.8
1783971134.943,626,1.937,-0.886,-0.47,-0.081,12.6
1783971134.994,627,0.638,-0.348,-0.151,0.0,12.5
1783971134.994,627,1.272,-0.286,0.111,0.0,12.8
1783971134.994,627,0.448,-0.337,0.09,-0.162,26.7
1783971135.095,628,0.639,-0.348,-0.146,0.0,12.3
1783971135.095,628,1.255,-0.327,0.173,0.0,16.1
1783971135.095,628,0.944,-0.06,0.163,0.325,19.3
1783971135.095,628,0.465,-0.319,0.057,-0.325,32.2
1783971135.247,629,1.257,-0.327,-0.162,0.0,15.9
1783971135.297,630,1.118,-0.593,0.009,0.0,17.0
1783971135.297,630,0.69,-0.087,-0.063,-0.243,18.9
1783971135.399,631,1.096,-0.633,0.02,0.0,18.9
1783971135.549,632,0.941,-0.18,0.057,0.0,12.6
1783971135.549,632,1.095,-0.633,-0.032,0.0,21.5
1783971135.549,632,1.216,-0.654,0.204,0.0,12.9
1783971135.599,633,0.941,-0.18,0.052,0.0,12.1
1783971135.599,633,1.117,-0.593,-0.03,0.0,22.2
1783971135.7,634,0.941,-0.18,0.062,0.0,12.2
1783971135.7,634,0.823,-0.648,0.305,0.0,11.6
1783971135.7,634,1.117,-0.593,-0.043,0.0,21.8
1783971135.7,634,3.919,-1.772,0.733,0.0,12.6
1783971135.7,634,3.734,3.264,0.379,0.162,12.1
1783971135.801,635,0.941,-0.18,0.064,0.0,11.7
1783971135.801,635,0.855,-0.648,0.199,0.0,11.3
1783971135.801,635,1.117,-0.593,-0.021,0.0,21.3
1783971135.801,635,1.277,-0.393,-0.404,0.0,11.3
1783971135.801,635,1.113,-0.785,0.304,0.0,11.3
1783971135.902,636,1.113,-0.593,-0.104,0.0,22.1
1783971135.902,636,1.315,-0.349,-0.315,0.0,11.8
1783971135.902,636,1.038,-0.785,0.505,0.0,11.8
1783971136.003,637,0.937,-0.18,0.109,0.0,12.3
1783971136.003,637,0.736,-0.682,0.428,0.0,12.1
1783971136.003,637,1.118,-0.593,-0.001,0.0,22.3
1783971136.003,637,1.104,-0.785,0.338,0.0,12.0
1783971136.003,637,6.432,-3.415,0.237,0.0,11.8
1783971136.105,638,0.937,-0.18,0.107,0.0,12.0
1783971136.105,638,0.768,-0.716,0.295,0.0,12.9
1783971136.105,638,1.117,-0.593,0.047,0.0,21.6
1783971136.206,639,0.935,-0.18,0.119,0.0,12.8
1783971136.206,639,0.758,-0.716,0.322,0.0,11.6
1783971136.206,639,1.116,-0.593,-0.058,0.0,22.4
1783971136.206,639,6.423,-3.415,0.41,0.0,11.6
1783971136.206,639,0.279,-0.153,0.145,-0.243,12.4
1783971136.308,640,0.94,-0.18,0.074,0.0,13.8
1783971136.308,640,0.768,-0.682,0.369,0.0,11.7
1783971136.308,640,1.091,-0.633,-0.103,0.0,23.0
1783971136.308,640,0.817,-0.614,0.381,-0.568,23.7
1783971136.409,641,0.94,-0.18,0.072,0.0,12.2
1783971136.409,641,1.118,-0.593,0.011,0.0,20.7
1783971136.409,641,0.766,0.382,0.168,0.243,12.2
1783971136.51,642,1.105,-0.593,-0.168,0.0,18.7
1783971136.51,642,0.196,0.172,0.025,0.081,17.6
1783971136.611,643,0.204,0.164,0.008,0.0,12.8
1783971136.611,643,0.937,-0.18,0.104,0.0,11.2
1783971136.611,643,1.118,-0.593,-0.006,0.0,22.8
1783971136.611,643,1.326,-0.436,-0.016,0.0,14.2
1783971136.712,644,1.018,-0.573,0.357,0.0,12.7
1783971136.712,644,1.323,-0.349,-0.278,0.0,12.9
1783971136.712,644,1.081,-0.785,0.404,0.0,12.9
1783971136.712,644,3.586,-2.116,0.757,0.0,12.3
1783971136.712,644,4.096,-0.529,-0.925,0.0,12.3
1783971136.712,644,3.695,-2.16,0.579,0.0,14.0
1783971136.814,645,1.015,-0.751,-0.077,0.0,17.5
1783971136.814,645,3.729,-2.181,0.611,0.0,17.2
1783971136.814,645,0.542,-0.267,-0.086,0.162,11.9
1783971136.915,646,1.07,-0.672,0.065,0.0,22.9
1783971136.915,646,1.177,-0.742,0.117,0.0,11.6
1783971136.915,646,1.51,-0.0,0.225,0.0,11.8
1783971136.915,646,1.422,-0.525,-0.184,0.0,11.8
1783971136.915,646,3.745,-2.181,0.499,0.0,20.1
1783971136.915,646,6.429,-3.415,0.291,0.0,14.1
1783971136.915,646,0.549,-0.124,-0.072,0.325,29.7
1783971137.016,647,1.064,-0.672,-0.131,0.0,19.0
1783971137.016,647,3.632,-2.116,0.494,0.0,12.3
1783971137.016,647,3.818,-2.045,0.528,0.0,18.1
1783971137.016,647,0.602,-0.095,-0.037,0.325,21.2
1783971137.118,648,1.092,-0.633,0.087,0.0,25.3
1783971137.118,648,1.153,-0.785,0.047,0.0,14.2
1783971137.118,648,1.256,-0.305,-0.528,0.0,14.2
1783971137.118,648,3.743,-2.181,0.513,0.0,19.6
1783971137.118,648,6.226,-3.643,1.028,0.0,14.5
1783971137.118,648,2.092,-0.695,0.302,0.162,18.0
1783971137.118,648,0.591,-0.038,-0.148,0.243,14.3
1783971137.118,648,0.551,-0.089,0.1,0.487,21.7
1783971137.22,649,1.055,-0.672,0.188,0.0,23.0
1783971137.22,649,1.152,-0.785,0.079,0.0,14.2
1783971137.22,649,3.764,-2.181,0.332,0.0,19.4
1783971137.22,649,6.131,-3.871,0.721,0.0,13.7
1783971137.22,649,2.047,-0.834,0.257,0.081,12.1
1783971137.321,650,1.057,-0.611,-0.052,0.0,16.7
1783971137.321,650,3.752,-2.181,0.445,0.0,15.4
1783971137.321,650,6.246,-3.643,0.897,0.0,11.7
1783971137.321,650,2.09,-0.695,0.315,0.081,13.3
1783971137.321,650,2.191,-0.81,0.306,0.081,13.2
1783971137.321,650,3.089,2.16,0.729,-0.162,12.1
1783971137.321,650,3.219,2.233,0.643,-0.162,12.2
1783971137.421,651,1.056,-0.672,0.186,0.0,18.3
1783971137.421,651,1.123,-0.829,-0.037,0.0,12.0
1783971137.421,651,3.765,-2.181,0.312,0.0,16.1
1783971137.421,651,6.285,-3.643,0.562,0.0,13.1
1783971137.421,651,2.025,-0.765,0.515,0.162,16.9
1783971137.421,651,0.236,0.191,-0.034,-0.162,11.4
1783971137.421,651,3.312,2.086,0.317,-0.162,13.1
1783971137.522,652,1.063,-0.672,0.14,0.0,20.7
1783971137.522,652,1.151,-0.785,0.08,0.0,11.7
1783971137.522,652,1.724,0.279,0.385,0.0,12.2
1783971137.522,652,3.767,-2.181,0.287,0.0,16.4
1783971137.522,652,6.29,-3.643,0.5,0.0,12.8
1783971137.522,652,1.955,-0.973,0.428,0.162,12.6
1783971137.522,652,2.329,-0.466,0.737,0.243,12.2
1783971137.623,653,1.054,-0.672,0.198,0.0,14.7
1783971137.623,653,1.108,-0.277,-0.544,0.0,14.7
1783971137.623,653,1.731,0.335,0.299,0.0,13.0
1783971137.623,653,3.761,-2.181,0.363,0.0,14.9
1783971137.623,653,6.424,-3.415,0.385,0.0,11.7
1783971137.623,653,2.089,-0.851,0.247,0.243,13.7
1783971137.724,654,1.05,-0.611,-0.131,0.0,12.6
1783971137.724,654,1.736,0.335,0.272,0.0,13.3
1783971137.724,654,3.764,-2.181,0.33,0.0,15.2
1783971137.724,654,6.102,-3.871,0.929,0.0,12.4
1783971137.724,654,2.113,-0.939,0.018,0.243,16.5
1783971137.825,655,1.056,-0.672,0.183,0.0,18.9
1783971137.825,655,1.731,0.335,0.3,0.0,12.4
1783971137.825,655,3.762,-2.181,0.353,0.0,15.9
1783971137.825,655,6.383,-3.415,0.826,0.0,12.5
1783971137.825,655,2.19,-0.81,0.314,0.325,14.8
1783971137.825,655,2.561,0.082,0.538,-0.649,18.0
1783971137.825,655,0.67,0.196,-0.008,-0.081,12.4
1783971137.825,655,0.591,-0.371,0.012,-0.081,12.4
1783971137.926,656,1.056,-0.672,0.182,0.0,16.8
1783971137.926,656,1.63,0.479,0.091,0.0,13.3
1783971137.926,656,3.763,-2.181,0.337,0.0,15.9
1783971137.926,656,6.383,-3.415,0.824,0.0,13.2
1783971137.926,656,0.285,0.27,0.011,0.162,15.7
1783971137.926,656,2.19,-0.81,0.317,0.325,16.2
1783971137.926,656,2.272,-1.01,0.049,0.325,13.0
1783971137.926,656,2.868,2.73,0.297,0.487,15.6
1783971137.926,656,2.606,0.083,0.533,-0.649,17.7
1783971137.926,656,0.614,0.225,0.009,-0.162,28.6
1783971138.027,657,1.055,-0.672,0.191,0.0,11.6
1783971138.027,657,1.073,-0.237,-0.627,0.0,11.6
1783971138.027,657,1.628,0.479,0.126,0.0,15.4
1783971138.027,657,1.761,0.401,0.307,0.0,11.6
1783971138.027,657,3.751,-2.181,0.451,0.0,15.3
1783971138.027,657,6.164,-3.871,0.328,0.0,12.1
1783971138.027,657,0.278,0.314,-0.122,0.243,15.4
1783971138.027,657,1.011,0.96,0.072,0.325,18.7
1783971138.027,657,1.324,-0.436,-0.078,0.325,18.7
1783971138.027,657,2.225,-0.825,0.359,0.406,16.2
1783971138.027,657,2.728,-0.0,0.337,-0.649,20.4
1783971138.027,657,0.627,0.184,-0.026,-0.162,25.0
1783971138.128,658,1.623,0.479,0.181,0.0,17.8
1783971138.128,658,3.758,-2.181,0.387,0.0,15.2
1783971138.128,658,6.424,-3.415,0.393,0.0,12.3
1783971138.128,658,1.04,0.99,-0.103,0.325,16.5
1783971138.128,658,2.191,-0.84,0.679,0.406,11.3
1783971138.128,658,2.659,-0.698,0.49,0.487,18.2
1783971138.229,659,1.056,-0.672,0.186,0.0,12.9
1783971138.229,659,1.558,0.518,0.229,0.0,18.0
1783971138.229,659,3.756,-2.181,0.407,0.0,15.7
1783971138.229,659,6.288,-3.643,0.527,0.0,13.0
1783971138.229,659,2.683,-0.709,0.585,0.487,16.7
1783971138.33,660,1.054,-0.672,0.195,0.0,12.3
1783971138.33,660,1.558,0.518,0.227,0.0,18.1
1783971138.33,660,3.752,-2.181,0.449,0.0,14.6
1783971138.33,660,6.421,-3.415,0.439,0.0,12.0
1783971138.33,660,0.358,0.532,0.132,0.243,14.2
1783971138.433,661,1.559,0.518,0.222,0.0,18.0
1783971138.433,661,2.316,1.854,0.039,0.0,11.4
1783971138.433,661,3.757,-2.181,0.397,0.0,14.2
1783971138.433,661,6.382,-3.415,0.834,0.0,11.4
1783971138.433,661,0.355,0.532,0.14,0.162,14.2
1783971138.433,661,1.229,0.907,-0.022,0.325,12.3
1783971138.533,662,1.559,0.518,0.225,0.0,17.9
1783971138.533,662,2.385,1.762,0.096,0.0,11.6
1783971138.533,662,3.765,-2.181,0.322,0.0,13.3
1783971138.533,662,6.41,-3.415,0.576,0.0,12.0
1783971138.533,662,0.98,1.227,0.005,0.325,18.5
1783971138.634,663,1.054,-0.672,0.197,0.0,12.3
1783971138.634,663,1.558,0.518,0.23,0.0,17.9
1783971138.634,663,2.387,1.762,-0.005,0.0,11.5
1783971138.634,663,3.758,-2.181,0.393,0.0,14.2
1783971138.735,664,1.053,-0.672,0.2,0.0,12.0
1783971138.735,664,1.573,0.466,0.24,0.0,18.2
1783971138.735,664,2.387,1.762,0.016,0.0,11.6
1783971138.735,664,3.763,-2.181,0.345,0.0,13.7
1783971138.835,665,1.559,0.518,0.226,0.0,17.8
1783971138.835,665,2.387,1.762,0.055,0.0,11.5
1783971138.835,665,3.753,-2.181,0.44,0.0,13.4
1783971138.938,666,1.559,0.518,0.226,0.0,16.8
1783971138.938,666,3.75,-2.181,0.46,0.0,13.4
1783971139.038,667,1.053,-0.672,0.2,0.0,12.0
1783971139.038,667,1.574,0.466,0.231,0.0,17.2
1783971139.038,667,2.386,1.762,-0.062,0.0,11.4
1783971139.038,667,3.75,-2.181,0.458,0.0,13.5
1783971139.138,668,1.053,-0.672,0.202,0.0,11.7
1783971139.138,668,1.558,0.518,0.232,0.0,17.6
1783971139.138,668,3.747,-2.181,0.484,0.0,14.3
1783971139.24,669,1.574,0.466,0.235,0.0,17.4
1783971139.24,669,3.752,-2.181,0.444,0.0,12.9
1783971139.343,670,1.559,0.518,0.226,0.0,17.3
1783971139.343,670,2.387,1.762,-0.025,0.0,11.3
1783971139.343,670,3.751,-2.181,0.451,0.0,13.1
1783971139.444,671,1.053,-0.672,0.203,0.0,11.8
1783971139.444,671,1.559,0.518,0.22,0.0,17.4
1783971139.444,671,2.386,1.762,0.062,0.0,11.4
1783971139.444,671,3.747,-2.181,0.485,0.0,13.8
1783971139.497,672,1.053,-0.672,0.201,0.0,11.8
1783971139.497,672,1.573,0.466,0.236,0.0,17.7
1783971139.497,672,2.386,1.762,0.059,0.0,11.6
1783971139.497,672,3.745,-2.181,0.504,0.0,13.7
1783971139.598,673,1.574,0.466,0.233,0.0,17.2
1783971139.598,673,2.386,1.762,0.067,0.0,11.6
1783971139.598,673,3.738,-2.181,0.549,0.0,13.5
1783971139.749,674,1.574,0.466,0.231,0.0,17.3
1783971139.749,674,2.386,1.762,0.088,0.0,11.4
1783971139.749,674,3.739,-2.181,0.542,0.0,13.6
1783971139.8,675,1.052,-0.672,0.203,0.0,11.6
1783971139.8,675,1.573,0.466,0.236,0.0,17.5
1783971139.8,675,2.387,1.762,0.05,0.0,11.5
1783971139.8,675,3.742,-2.181,0.522,0.0,13.3
1783971139.901,676,1.053,-0.672,0.202,0.0,11.7
1783971139.901,676,1.573,0.466,0.24,0.0,17.4
1783971139.901,676,2.385,1.762,0.095,0.0,11.2
1783971139.901,676,3.735,-2.181,0.574,0.0,13.5
1783971140.002,677,1.574,0.466,0.232,0.0,17.5
1783971140.002,677,2.386,1.762,0.083,0.0,11.4
1783971140.002,677,3.733,-2.181,0.585,0.0,13.2
1783971140.106,678,1.574,0.466,0.234,0.0,17.5
1783971140.106,678,2.387,1.762,0.014,0.0,11.4
1783971140.106,678,3.733,-2.181,0.581,0.0,13.1
1783971140.21,679,1.052,-0.672,0.205,0.0,11.5
1783971140.21,679,1.573,0.466,0.24,0.0,17.6
1783971140.21,679,2.387,1.762,0.029,0.0,11.4
1783971140.21,679,3.743,-2.181,0.513,0.0,13.8
1783971140.311,680,1.052,-0.672,0.204,0.0,11.6
1783971140.311,680,1.573,0.466,0.236,0.0,17.6
1783971140.311,680,3.746,-2.181,0.495,0.0,13.2
1783971140.412,681,1.573,0.466,0.24,0.0,17.3
1783971140.412,681,3.736,-2.181,0.564,0.0,13.2
1783971140.518,682,1.574,0.466,0.233,0.0,17.2
1783971140.518,682,3.742,-2.181,0.521,0.0,12.9
1783971140.619,683,1.052,-0.672,0.207,0.0,11.3
1783971140.619,683,1.573,0.466,0.236,0.0,17.5
1783971140.619,683,2.387,1.762,0.04,0.0,11.4
1783971140.619,683,3.739,-2.181,0.542,0.0,12.8
1783971140.72,684,1.052,-0.672,0.204,0.0,11.5
1783971140.72,684,1.573,0.466,0.238,0.0,17.3
1783971140.72,684,2.385,1.762,0.111,0.0,11.7
1783971140.72,684,3.743,-2.181,0.512,0.0,13.7
1783971140.822,685,1.052,-0.672,0.206,0.0,11.3
1783971140.822,685,1.573,0.466,0.239,0.0,17.4
1783971140.822,685,2.386,1.762,0.063,0.0,11.7
1783971140.822,685,3.745,-2.181,0.499,0.0,13.1
1783971140.924,686,1.573,0.466,0.239,0.0,17.7
1783971140.924,686,2.385,1.762,0.097,0.0,11.6
1783971140.924,686,3.74,-2.181,0.534,0.0,13.6
1783971141.026,687,1.052,-0.672,0.207,0.0,11.2
1783971141.026,687,1.573,0.466,0.237,0.0,17.4
1783971141.026,687,2.386,1.762,0.068,0.0,11.3
1783971141.026,687,3.747,-2.181,0.483,0.0,13.0
1783971141.127,688,1.052,-0.672,0.206,0.0,11.4
1783971141.127,688,1.574,0.466,0.234,0.0,17.6
1783971141.127,688,2.387,1.762,0.01,0.0,11.4
1783971141.127,688,3.743,-2.181,0.519,0.0,13.2
1783971141.229,689,1.052,-0.672,0.207,0.0,11.3
1783971141.229,689,1.574,0.466,0.235,0.0,17.1
1783971141.229,689,2.387,1.762,0.047,0.0,11.6
1783971141.229,689,3.745,-2.181,0.502,0.0,13.2
1783971141.33,690,1.574,0.466,0.233,0.0,17.7
1783971141.33,690,3.742,-2.181,0.522,0.0,13.4
1783971141.431,691,1.573,0.466,0.241,0.0,17.5
1783971141.431,691,2.386,1.762,0.078,0.0,11.4
1783971141.431,691,3.753,-2.181,0.44,0.0,13.8
1783971141.533,692,1.052,-0.672,0.206,0.0,11.3
1783971141.533,692,1.574,0.466,0.231,0.0,17.5
1783971141.533,692,3.736,-2.181,0.566,0.0,12.8
1783971141.634,693,1.052,-0.672,0.207,0.0,11.3
1783971141.634,693,1.573,0.466,0.239,0.0,17.6
1783971141.634,693,2.387,1.762,0.034,0.0,11.7
1783971141.634,693,3.738,-2.181,0.549,0.0,12.3
1783971141.735,694,1.052,-0.672,0.205,0.0,11.2
1783971141.735,694,1.574,0.466,0.233,0.0,17.6
1783971141.735,694,2.387,1.762,0.018,0.0,11.3
1783971141.735,694,3.749,-2.181,0.471,0.0,12.7
1783971141.838,695,1.574,0.466,0.234,0.0,17.3
1783971141.838,695,2.386,1.762,0.075,0.0,11.8
1783971141.838,695,3.742,-2.181,0.525,0.0,13.2
1783971141.938,696,1.052,-0.672,0.205,0.0,11.3
1783971141.938,696,1.573,0.466,0.238,0.0,17.6
1783971141.938,696,2.387,1.762,0.012,0.0,11.3
1783971141.938,696,3.75,-2.181,0.462,0.0,13.0
1783971142.039,697,1.052,-0.672,0.206,0.0,11.3
1783971142.039,697,1.573,0.466,0.239,0.0,17.8
1783971142.039,697,2.386,1.762,0.076,0.0,11.6
1783971142.039,697,3.75,-2.181,0.465,0.0,13.1
1783971142.14,698,1.052,-0.672,0.207,0.0,11.3
1783971142.14,698,1.573,0.466,0.236,0.0,17.5
1783971142.14,698,2.387,1.762,0.02,0.0,11.6
1783971142.14,698,3.752,-2.181,0.448,0.0,12.3
1783971142.191,699,1.573,0.466,0.235,0.0,17.6
1783971142.191,699,2.387,1.762,0.036,0.0,11.6
1783971142.191,699,3.75,-2.181,0.462,0.0,13.3
1783971142.343,700,1.052,-0.672,0.207,0.0,11.3
1783971142.343,700,1.573,0.466,0.239,0.0,17.7
1783971142.343,700,2.387,1.762,0.046,0.0,11.4
1783971142.343,700,3.754,-2.181,0.432,0.0,12.9
1783971142.445,701,1.052,-0.672,0.205,0.0,11.3
1783971142.445,701,1.573,0.466,0.238,0.0,17.3
1783971142.445,701,2.385,1.762,0.09,0.0,11.6
1783971142.445,701,3.748,-2.181,0.479,0.0,13.1
1783971142.496,702,1.052,-0.672,0.208,0.0,11.3
1783971142.496,702,1.573,0.466,0.239,0.0,17.5
1783971142.496,702,2.387,1.762,0.037,0.0,11.5
1783971142.496,702,3.744,-2.181,0.509,0.0,12.8
1783971142.597,703,1.052,-0.672,0.207,0.0,11.2
1783971142.597,703,1.573,0.466,0.237,0.0,17.6
1783971142.597,703,3.753,-2.181,0.435,0.0,13.5
1783971142.753,704,1.052,-0.672,0.207,0.0,11.3
1783971142.753,704,1.573,0.466,0.236,0.0,17.7
1783971142.753,704,2.387,1.762,0.047,0.0,11.2
1783971142.753,704,3.751,-2.181,0.457,0.0,13.0
1783971142.804,705,1.052,-0.672,0.205,0.0,11.4
1783971142.804,705,1.574,0.466,0.232,0.0,17.8
1783971142.804,705,2.387,1.762,0.047,0.0,11.2
1783971142.804,705,3.742,-2.181,0.521,0.0,13.6
1783971142.905,706,1.052,-0.672,0.205,0.0,11.3
1783971142.905,706,1.573,0.466,0.235,0.0,17.6
1783971142.905,706,3.754,-2.181,0.431,0.0,12.8
1783971143.007,707,1.052,-0.672,0.206,0.0,11.2
1783971143.007,707,1.573,0.466,0.24,0.0,17.4
1783971143.007,707,2.386,1.762,0.067,0.0,11.3
1783971143.007,707,3.749,-2.181,0.471,0.0,13.1
1783971143.108,708,1.052,-0.672,0.206,0.0,11.2
1783971143.108,708,1.573,0.466,0.242,0.0,17.3
1783971143.108,708,3.74,-2.181,0.539,0.0,12.8
1783971143.21,709,1.052,-0.672,0.206,0.0,11.2
1783971143.21,709,1.573,0.466,0.24,0.0,17.2
1783971143.21,709,2.387,1.762,0.042,0.0,11.2
1783971143.21,709,3.744,-2.181,0.506,0.0,13.0
1783971143.312,710,1.052,-0.672,0.207,0.0,11.3
1783971143.312,710,1.573,0.466,0.239,0.0,17.3
1783971143.312,710,3.749,-2.181,0.474,0.0,13.1
1783971143.414,711,1.052,-0.672,0.207,0.0,11.2
1783971143.414,711,1.574,0.466,0.235,0.0,17.4
1783971143.414,711,3.747,-2.181,0.487,0.0,13.1
1783971143.514,712,1.052,-0.672,0.207,0.0,11.3
1783971143.514,712,1.573,0.466,0.236,0.0,17.5
1783971143.514,712,3.748,-2.181,0.475,0.0,13.2
1783971143.615,713,1.052,-0.672,0.207,0.0,11.3
1783971143.615,713,1.573,0.466,0.237,0.0,17.6
1783971143.615,713,2.386,1.762,0.076,0.0,11.2
1783971143.615,713,3.747,-2.181,0.483,0.0,12.3
1783971143.716,714,1.052,-0.672,0.208,0.0,11.3
1783971143.716,714,1.573,0.466,0.24,0.0,17.5
1783971143.716,714,3.746,-2.181,0.494,0.0,12.3
1783971143.818,715,1.052,-0.672,0.206,0.0,11.3
1783971143.818,715,1.573,0.466,0.238,0.0,17.3
1783971143.818,715,3.747,-2.181,0.485,0.0,12.5
1783971143.919,716,1.052,-0.672,0.206,0.0,11.3
1783971143.919,716,1.573,0.466,0.242,0.0,17.5
1783971143.919,716,2.387,1.762,0.05,0.0,11.4
1783971143.919,716,3.752,-2.181,0.445,0.0,13.0
1783971144.02,717,1.052,-0.672,0.208,0.0,11.3
1783971144.02,717,1.573,0.466,0.237,0.0,18.0
1783971144.02,717,2.387,1.762,0.056,0.0,11.2
1783971144.02,717,3.751,-2.181,0.458,0.0,12.7
1783971144.121,718,1.052,-0.672,0.207,0.0,11.2
1783971144.121,718,1.574,0.466,0.23,0.0,17.6
1783971144.121,718,2.386,1.762,0.085,0.0,11.4
1783971144.121,718,3.742,-2.181,0.523,0.0,13.3
1783971144.227,719,1.052,-0.672,0.207,0.0,11.3
1783971144.227,719,1.573,0.466,0.238,0.0,17.5
1783971144.227,719,2.387,1.762,0.023,0.0,11.4
1783971144.227,719,3.751,-2.181,0.454,0.0,12.7
1783971144.329,720,1.052,-0.672,0.205,0.0,11.2
1783971144.329,720,1.573,0.466,0.24,0.0,17.2
1783971144.329,720,2.387,1.762,0.053,0.0,11.8
1783971144.329,720,3.74,-2.181,0.534,0.0,12.6
1783971144.434,721,1.573,0.466,0.241,0.0,17.9
1783971144.434,721,2.387,1.762,0.035,0.0,11.3
1783971144.434,721,3.746,-2.181,0.491,0.0,13.2
1783971144.536,722,1.052,-0.672,0.207,0.0,11.3
1783971144.536,722,1.573,0.466,0.241,0.0,17.3
1783971144.536,722,3.744,-2.181,0.511,0.0,13.3
1783971144.638,723,1.052,-0.672,0.203,0.0,11.3
1783971144.638,723,1.559,0.518,0.224,0.0,17.5
1783971144.638,723,2.387,1.762,0.001,0.0,12.0
1783971144.638,723,3.741,-2.181,0.532,0.0,13.5
1783971144.738,724,1.572,0.466,0.243,0.0,18.0
1783971144.738,724,2.387,1.762,-0.023,0.0,11.9
1783971144.738,724,3.719,-2.181,0.668,0.0,12.7
1783971144.839,725,1.572,0.466,0.248,0.0,17.1
1783971144.839,725,2.387,1.762,-0.009,0.0,12.4
1783971144.839,725,3.616,-2.318,0.768,0.0,11.5
1783971144.89,726,1.585,0.414,0.254,0.0,16.6
1783971144.89,726,2.387,1.762,0.02,0.0,12.1
1783971145.042,727,0.935,-0.21,0.052,0.0,11.2
1783971145.042,727,1.586,0.414,0.247,0.0,16.6
1783971145.042,727,2.451,1.669,-0.09,0.0,13.1
1783971145.143,728,0.928,-0.24,0.043,0.0,11.2
1783971145.143,728,1.585,0.414,0.252,0.0,16.5
1783971145.143,728,2.387,1.762,0.037,0.0,12.5
1783971145.193,729,1.583,0.414,0.266,0.0,15.7
1783971145.193,729,2.452,1.669,0.072,0.0,12.6
1783971145.344,730,1.581,0.414,0.279,0.0,15.8
1783971145.344,730,2.448,1.669,0.16,0.0,12.7
1783971145.444,731,1.59,0.363,0.3,0.0,15.9
1783971145.444,731,1.569,0.466,0.261,0.0,15.9
1783971145.444,731,2.377,1.762,0.224,0.0,12.1
1783971145.494,732,1.581,0.414,0.278,0.0,15.8
1783971145.494,732,2.446,1.669,0.184,0.0,11.7
1783971145.595,733,1.583,0.414,0.267,0.0,15.2
1783971145.747,734,1.586,0.414,0.25,0.0,14.8
1783971145.747,734,2.447,1.669,0.164,0.0,11.5
1783971145.797,735,1.586,0.414,0.247,0.0,15.0
1783971145.797,735,2.448,1.669,0.151,0.0,11.3
1783971145.898,736,1.586,0.414,0.246,0.0,15.1
1783971145.898,736,2.449,1.669,0.142,0.0,11.2
1783971146.0,737,1.586,0.414,0.248,0.0,15.0
1783971146.0,737,2.447,1.669,0.165,0.0,11.2
1783971146.101,738,1.586,0.414,0.245,0.0,14.9
1783971146.203,739,1.586,0.414,0.245,0.0,14.9
1783971146.304,740,1.587,0.414,0.244,0.0,15.0
1783971146.406,741,1.587,0.414,0.242,0.0,15.0
1783971146.506,742,1.587,0.414,0.241,0.0,15.0
1783971146.607,743,1.597,0.363,0.257,0.0,14.7
1783971146.607,743,2.51,1.576,0.136,0.0,11.8
1783971146.708,744,1.596,0.363,0.262,0.0,15.0
1783971146.708,744,2.511,1.576,0.109,0.0,11.6
1783971146.813,745,1.596,0.363,0.263,0.0,14.8
1783971146.813,745,2.372,1.762,0.271,0.0,12.0
1783971146.813,745,2.511,1.576,0.107,0.0,12.0
1783971146.913,746,1.597,0.363,0.256,0.0,14.6
1783971146.913,746,2.374,1.762,0.247,0.0,11.6
1783971146.913,746,2.512,1.576,0.091,0.0,11.6
1783971147.015,747,1.587,0.414,0.238,0.0,14.6
1783971147.015,747,2.374,1.762,0.255,0.0,12.3
1783971147.115,748,1.597,0.363,0.26,0.0,15.1
1783971147.115,748,2.51,1.576,0.135,0.0,11.7
1783971147.317,750,1.597,0.363,0.26,0.0,14.9
1783971147.317,750,2.508,1.576,0.167,0.0,12.3
1783971147.432,751,1.596,0.363,0.262,0.0,14.8
1783971147.432,751,2.441,1.669,0.242,0.0,11.9
1783971147.534,752,1.588,0.414,0.236,0.0,15.0
1783971147.534,752,2.509,1.576,0.15,0.0,12.0
1783971147.636,753,1.598,0.363,0.255,0.0,15.0
1783971147.636,753,2.373,1.762,0.259,0.0,12.1
1783971147.736,754,1.597,0.363,0.258,0.0,15.2
1783971147.736,754,2.51,1.576,0.129,0.0,12.4
1783971147.736,754,2.374,1.762,0.255,0.0,12.4
1783971147.836,755,1.597,0.363,0.26,0.0,15.2
1783971147.836,755,2.509,1.576,0.142,0.0,12.2
1783971147.938,756,1.597,0.363,0.257,0.0,15.1
1783971147.938,756,2.511,1.576,0.114,0.0,12.3
1783971148.039,757,1.597,0.363,0.259,0.0,15.1
1783971148.039,757,2.511,1.576,0.107,0.0,12.3
1783971148.139,758,1.587,0.414,0.241,0.0,15.1
1783971148.139,758,2.447,1.669,0.173,0.0,12.2
1783971148.24,759,1.597,0.363,0.261,0.0,15.3
1783971148.24,759,2.511,1.576,0.109,0.0,12.3
1783971148.34,760,1.587,0.414,0.241,0.0,15.2
1783971148.34,760,2.511,1.576,0.117,0.0,12.1
1783971148.442,761,1.587,0.414,0.239,0.0,15.2
1783971148.442,761,2.51,1.576,0.14,0.0,12.3
1783971148.442,761,3.676,-2.318,0.389,0.0,11.5
1783971148.492,762,1.587,0.414,0.238,0.0,15.3
1783971148.492,762,2.509,1.576,0.146,0.0,12.3
1783971148.492,762,2.371,1.762,0.274,0.0,12.3
1783971148.492,762,3.677,-2.318,0.375,0.0,11.3
1783971148.663,763,1.588,0.414,0.237,0.0,15.2
1783971148.663,763,2.444,1.669,0.204,0.0,12.7
1783971148.714,764,1.588,0.414,0.236,0.0,15.1
1783971148.714,764,2.447,1.669,0.176,0.0,12.1
1783971148.815,765,1.587,0.414,0.241,0.0,14.9
1783971148.815,765,2.45,1.669,0.126,0.0,12.0
1783971148.916,766,1.588,0.414,0.233,0.0,14.7
1783971148.916,766,2.447,1.669,0.176,0.0,11.9
1783971149.018,767,1.587,0.414,0.239,0.0,14.9
1783971149.018,767,2.373,1.762,0.257,0.0,11.9
1783971149.018,767,2.51,1.576,0.131,0.0,11.9
1783971149.12,768,1.587,0.414,0.242,0.0,15.3
1783971149.12,768,2.445,1.669,0.191,0.0,11.7
1783971149.222,769,1.588,0.414,0.233,0.0,15.1
1783971149.222,769,2.371,1.762,0.279,0.0,11.6
1783971149.323,770,1.588,0.414,0.235,0.0,15.0
1783971149.323,770,2.37,1.762,0.284,0.0,11.7
1783971149.423,771,1.588,0.414,0.234,0.0,14.9
1783971149.423,771,2.369,1.762,0.296,0.0,11.8
1783971149.525,772,1.588,0.414,0.235,0.0,14.9
1783971149.525,772,2.442,1.669,0.228,0.0,11.9
1783971149.627,773,1.588,0.414,0.235,0.0,15.0
1783971149.627,773,2.367,1.762,0.312,0.0,12.0
1783971149.728,774,1.587,0.414,0.239,0.0,15.1
1783971149.728,774,2.367,1.762,0.307,0.0,11.7
1783971149.828,775,1.587,0.414,0.242,0.0,15.2
1783971149.828,775,2.444,1.669,0.214,0.0,11.8
1783971149.929,776,1.587,0.414,0.242,0.0,15.4
1783971149.929,776,2.443,1.669,0.22,0.0,11.8
1783971150.03,777,1.588,0.414,0.237,0.0,15.5
1783971150.03,777,2.443,1.669,0.223,0.0,11.7
1783971150.13,778,1.588,0.414,0.236,0.0,15.3
1783971150.13,778,2.442,1.669,0.229,0.0,11.9
1783971150.232,779,1.587,0.414,0.238,0.0,15.0
1783971150.232,779,2.369,1.762,0.297,0.0,12.1
1783971150.333,780,1.587,0.414,0.241,0.0,14.9
1783971150.333,780,2.369,1.762,0.293,0.0,12.0
1783971150.433,781,1.587,0.414,0.241,0.0,14.9
1783971150.433,781,2.369,1.762,0.292,0.0,12.0
1783971150.534,782,1.587,0.414,0.239,0.0,14.9
1783971150.534,782,2.372,1.762,0.266,0.0,12.0
1783971150.634,783,1.587,0.414,0.238,0.0,15.0
1783971150.634,783,2.373,1.762,0.26,0.0,12.1
1783971150.735,784,1.587,0.414,0.239,0.0,15.0
1783971150.735,784,2.372,1.762,0.267,0.0,12.0
1783971150.836,785,1.587,0.414,0.239,0.0,15.1
1783971150.836,785,2.372,1.762,0.268,0.0,11.9
1783971150.937,786,1.587,0.414,0.238,0.0,15.3
1783971150.937,786,2.374,1.762,0.247,0.0,11.8
1783971151.038,787,1.587,0.414,0.238,0.0,15.1
1783971151.038,787,2.375,1.762,0.236,0.0,11.8
1783971151.139,788,1.588,0.414,0.234,0.0,15.0
1783971151.139,788,2.378,1.762,0.212,0.0,11.7
1783971151.24,789,1.588,0.414,0.235,0.0,15.0
1783971151.24,789,2.449,1.669,0.13,0.0,11.6
1783971151.341,790,1.588,0.414,0.235,0.0,15.0
1783971151.341,790,2.45,1.669,0.128,0.0,11.7
1783971151.442,791,1.588,0.414,0.236,0.0,15.0
1783971151.442,791,2.45,1.669,0.116,0.0,11.7
1783971151.492,792,1.588,0.414,0.236,0.0,15.1
1783971151.492,792,2.449,1.669,0.14,0.0,11.7
1783971151.644,793,1.588,0.414,0.238,0.0,15.1
1783971151.644,793,2.449,1.669,0.142,0.0,11.9
1783971151.745,794,1.587,0.414,0.239,0.0,15.1
1783971151.745,794,2.449,1.669,0.138,0.0,11.8
1783971151.795,795,1.587,0.414,0.239,0.0,15.2
1783971151.795,795,2.449,1.669,0.139,0.0,11.7
1783971151.897,796,1.588,0.414,0.237,0.0,15.1
1783971151.897,796,2.449,1.669,0.134,0.0,11.7
1783971152.05,797,1.588,0.414,0.234,0.0,15.0
1783971152.05,797,2.45,1.669,0.125,0.0,11.7
1783971152.102,798,1.588,0.414,0.236,0.0,14.9
1783971152.102,798,2.449,1.669,0.133,0.0,11.6
1783971152.204,799,1.587,0.414,0.238,0.0,15.0
1783971152.204,799,2.373,1.762,0.256,0.0,12.0
1783971152.305,800,1.587,0.414,0.24,0.0,15.2
1783971152.305,800,2.368,1.762,0.303,0.0,12.0
1783971152.406,801,1.588,0.414,0.234,0.0,15.2
1783971152.406,801,2.445,1.669,0.197,0.0,11.5
1783971152.507,802,1.588,0.414,0.237,0.0,15.0
1783971152.507,802,2.447,1.669,0.169,0.0,11.6
1783971152.608,803,1.587,0.414,0.239,0.0,14.8
1783971152.608,803,2.446,1.669,0.19,0.0,12.0
1783971152.709,804,1.588,0.414,0.237,0.0,14.7
1783971152.709,804,2.445,1.669,0.196,0.0,11.9
1783971152.81,805,1.588,0.414,0.236,0.0,14.8
1783971152.81,805,2.445,1.669,0.193,0.0,12.0
1783971152.911,806,1.588,0.414,0.234,0.0,14.8
1783971152.911,806,2.446,1.669,0.189,0.0,12.1
1783971153.012,807,1.588,0.414,0.234,0.0,14.7
1783971153.012,807,2.445,1.669,0.198,0.0,12.0
1783971153.114,808,1.588,0.414,0.236,0.0,14.7
1783971153.114,808,2.445,1.669,0.2,0.0,11.8
1783971153.214,809,1.588,0.414,0.236,0.0,14.7
1783971153.214,809,2.445,1.669,0.195,0.0,11.7
1783971153.315,810,1.587,0.414,0.239,0.0,14.8
1783971153.315,810,2.446,1.669,0.189,0.0,11.8
1783971153.416,811,1.588,0.414,0.237,0.0,15.0
1783971153.416,811,2.447,1.669,0.165,0.0,11.6
1783971153.517,812,1.588,0.414,0.234,0.0,15.0
1783971153.517,812,2.446,1.669,0.178,0.0,11.7
1783971153.618,813,1.588,0.414,0.232,0.0,15.0
1783971153.618,813,2.446,1.669,0.187,0.0,11.7
1783971153.719,814,1.588,0.414,0.234,0.0,15.0
1783971153.719,814,2.444,1.669,0.211,0.0,11.9
1783971153.82,815,1.588,0.414,0.237,0.0,15.0
1783971153.82,815,2.445,1.669,0.196,0.0,11.7
1783971153.921,816,1.588,0.414,0.237,0.0,15.1
1783971153.921,816,2.371,1.762,0.275,0.0,11.8
1783971154.022,817,1.588,0.414,0.238,0.0,15.0
1783971154.022,817,2.373,1.762,0.258,0.0,11.6
1783971154.122,818,1.588,0.414,0.237,0.0,15.0
1783971154.122,818,2.374,1.762,0.253,0.0,11.7
1783971154.227,819,1.588,0.414,0.237,0.0,15.0
1783971154.227,819,2.375,1.762,0.244,0.0,11.7
1783971154.328,820,1.588,0.414,0.238,0.0,15.1
1783971154.328,820,2.376,1.762,0.226,0.0,11.7
1783971154.428,821,1.588,0.414,0.237,0.0,14.9
1783971154.428,821,2.376,1.762,0.227,0.0,11.7
1783971154.529,822,1.587,0.414,0.239,0.0,14.9
1783971154.529,822,2.45,1.669,0.128,0.0,11.6
1783971154.633,823,1.587,0.414,0.24,0.0,15.1
1783971154.633,823,2.45,1.669,0.111,0.0,11.6
1783971154.734,824,1.587,0.414,0.241,0.0,15.2
1783971154.734,824,2.45,1.669,0.127,0.0,11.6
1783971154.837,825,1.587,0.414,0.239,0.0,15.1
1783971154.837,825,2.449,1.669,0.146,0.0,11.6
1783971154.941,826,1.587,0.414,0.241,0.0,15.1
1783971154.941,826,2.449,1.669,0.139,0.0,11.4
1783971155.041,827,1.587,0.414,0.24,0.0,15.1
1783971155.041,827,2.45,1.669,0.128,0.0,11.5
1783971155.092,828,1.587,0.414,0.24,0.0,15.1
1783971155.092,828,2.45,1.669,0.125,0.0,11.3
1783971155.243,829,1.587,0.414,0.241,0.0,15.0
1783971155.243,829,2.45,1.669,0.119,0.0,11.3
1783971155.345,830,1.587,0.414,0.241,0.0,15.1
1783971155.345,830,2.45,1.669,0.115,0.0,11.4
1783971155.398,831,1.587,0.414,0.24,0.0,15.0
1783971155.398,831,2.45,1.669,0.125,0.0,11.5
1783971155.5,832,1.587,0.414,0.24,0.0,15.1
1783971155.5,832,2.449,1.669,0.145,0.0,11.6
1783971155.601,833,1.587,0.414,0.239,0.0,15.0
1783971155.601,833,2.447,1.669,0.177,0.0,11.6
1783971155.702,834,1.587,0.414,0.238,0.0,15.1
1783971155.702,834,2.446,1.669,0.188,0.0,11.7
1783971155.803,835,1.588,0.414,0.234,0.0,15.0
1783971155.803,835,2.445,1.669,0.191,0.0,11.6
1783971155.903,836,1.588,0.414,0.235,0.0,14.9
1783971155.903,836,2.447,1.669,0.164,0.0,11.8
1783971156.005,837,1.587,0.414,0.244,0.0,15.1
1783971156.005,837,2.447,1.669,0.168,0.0,11.9
1783971156.107,838,1.587,0.414,0.243,0.0,15.1
1783971156.107,838,2.447,1.669,0.164,0.0,12.1
1783971156.207,839,1.587,0.414,0.242,0.0,15.0
1783971156.207,839,2.447,1.669,0.176,0.0,12.3
1783971156.308,840,1.587,0.414,0.244,0.0,15.1
1783971156.308,840,2.447,1.669,0.173,0.0,12.1
1783971156.409,841,1.587,0.414,0.244,0.0,15.1
1783971156.409,841,2.446,1.669,0.179,0.0,12.0
1783971156.511,842,1.587,0.414,0.24,0.0,14.9
1783971156.511,842,2.447,1.669,0.168,0.0,11.7
1783971156.611,843,1.588,0.414,0.235,0.0,14.8
1783971156.611,843,2.447,1.669,0.168,0.0,11.7
1783971156.712,844,1.588,0.414,0.234,0.0,14.8
1783971156.712,844,2.446,1.669,0.178,0.0,11.7
1783971156.813,845,1.588,0.414,0.237,0.0,15.0
1783971156.813,845,2.445,1.669,0.195,0.0,11.7
1783971156.914,846,1.588,0.414,0.236,0.0,15.1
1783971156.914,846,2.444,1.669,0.203,0.0,11.8
1783971157.015,847,1.588,0.414,0.237,0.0,15.1
1783971157.015,847,2.445,1.669,0.193,0.0,11.8
1783971157.117,848,1.588,0.414,0.236,0.0,15.1
1783971157.117,848,2.446,1.669,0.19,0.0,11.9
1783971157.218,849,1.588,0.414,0.236,0.0,15.0
1783971157.218,849,2.446,1.669,0.189,0.0,12.0
1783971157.32,850,1.588,0.414,0.237,0.0,15.0
1783971157.32,850,2.374,1.762,0.249,0.0,12.0
1783971157.422,851,1.588,0.414,0.238,0.0,15.0
1783971157.422,851,2.449,1.669,0.144,0.0,11.6
1783971157.523,852,1.587,0.414,0.238,0.0,14.9
1783971157.523,852,2.45,1.669,0.123,0.0,11.3
1783971157.625,853,1.588,0.414,0.238,0.0,14.9
1783971157.727,854,1.587,0.414,0.238,0.0,15.0
1783971157.828,855,1.587,0.414,0.238,0.0,15.0
1783971157.928,856,1.587,0.414,0.239,0.0,15.0
1783971157.928,856,2.45,1.669,0.114,0.0,11.3
1783971158.03,857,1.587,0.414,0.239,0.0,15.0
1783971158.03,857,2.45,1.669,0.127,0.0,11.6
1783971158.131,858,1.587,0.414,0.241,0.0,15.1
1783971158.131,858,2.45,1.669,0.122,0.0,11.5
1783971158.232,859,1.587,0.414,0.239,0.0,15.0
1783971158.232,859,2.45,1.669,0.123,0.0,11.5
1783971158.333,860,1.587,0.414,0.238,0.0,15.1
1783971158.333,860,2.45,1.669,0.126,0.0,11.6
1783971158.434,861,1.588,0.414,0.237,0.0,15.0
1783971158.434,861,2.45,1.669,0.127,0.0,11.5
1783971158.535,862,1.587,0.414,0.24,0.0,15.0
1783971158.535,862,2.45,1.669,0.113,0.0,11.6
1783971158.637,863,1.588,0.414,0.238,0.0,15.0
1783971158.637,863,2.448,1.669,0.15,0.0,11.6
1783971158.737,864,1.588,0.414,0.235,0.0,15.1
1783971158.737,864,2.446,1.669,0.177,0.0,11.9
1783971158.838,865,1.587,0.414,0.24,0.0,15.1
1783971158.838,865,2.447,1.669,0.174,0.0,12.1
1783971158.938,866,1.587,0.414,0.239,0.0,15.1
1783971158.938,866,2.448,1.669,0.147,0.0,12.0
1783971159.038,867,1.587,0.414,0.242,0.0,15.0
1783971159.038,867,2.448,1.669,0.157,0.0,11.9
1783971159.139,868,1.587,0.414,0.244,0.0,15.1
1783971159.139,868,2.448,1.669,0.16,0.0,12.0
1783971159.24,869,1.587,0.414,0.242,0.0,15.1
1783971159.24,869,2.448,1.669,0.162,0.0,12.0
1783971159.29,870,1.587,0.414,0.241,0.0,15.0
1783971159.29,870,2.448,1.669,0.161,0.0,12.1
1783971159.441,871,1.587,0.414,0.243,0.0,15.0
1783971159.441,871,2.447,1.669,0.163,0.0,12.0
1783971159.541,872,1.587,0.414,0.24,0.0,15.1
1783971159.541,872,2.448,1.669,0.153,0.0,12.0
1783971159.592,873,1.587,0.414,0.243,0.0,14.9
1783971159.592,873,2.445,1.669,0.199,0.0,12.0
1783971159.744,874,1.588,0.414,0.237,0.0,15.1
1783971159.744,874,2.442,1.669,0.23,0.0,11.9
1783971159.845,875,1.587,0.414,0.239,0.0,14.9
1783971159.845,875,2.445,1.669,0.202,0.0,12.1
1783971159.897,876,1.587,0.414,0.242,0.0,15.1
1783971159.897,876,2.446,1.669,0.182,0.0,12.0
1783971159.999,877,1.587,0.414,0.239,0.0,15.0
1783971159.999,877,2.449,1.669,0.141,0.0,12.0
1783971160.101,878,1.587,0.414,0.24,0.0,15.1
1783971160.101,878,2.449,1.669,0.133,0.0,11.6
1783971160.201,879,1.588,0.414,0.234,0.0,14.9
1783971160.201,879,2.448,1.669,0.16,0.0,11.9
1783971160.302,880,1.587,0.414,0.239,0.0,15.1
1783971160.302,880,2.448,1.669,0.161,0.0,12.1
1783971160.403,881,1.587,0.414,0.241,0.0,15.2
1783971160.403,881,2.446,1.669,0.184,0.0,12.2
1783971160.503,882,1.587,0.414,0.241,0.0,14.9
1783971160.503,882,2.441,1.669,0.241,0.0,12.6
1783971160.605,883,1.588,0.414,0.235,0.0,15.0
1783971160.605,883,2.445,1.669,0.201,0.0,12.2
1783971160.605,883,3.672,-2.318,0.427,0.0,11.6
1783971160.708,884,1.588,0.414,0.235,0.0,15.0
1783971160.708,884,2.447,1.669,0.173,0.0,12.4
1783971160.708,884,3.668,-2.318,0.454,0.0,11.3
1783971160.809,885,1.587,0.414,0.241,0.0,14.9
1783971160.809,885,2.446,1.669,0.179,0.0,12.2
1783971160.809,885,3.667,-2.318,0.467,0.0,11.8
1783971160.911,886,1.587,0.414,0.238,0.0,14.9
1783971160.911,886,2.445,1.669,0.203,0.0,12.4
1783971160.911,886,3.663,-2.318,0.495,0.0,11.9
1783971161.012,887,1.587,0.414,0.239,0.0,14.9
1783971161.012,887,2.442,1.669,0.233,0.0,12.6
1783971161.012,887,3.658,-2.318,0.531,0.0,11.3
1783971161.112,888,1.587,0.414,0.239,0.0,15.0
1783971161.112,888,2.445,1.669,0.202,0.0,12.2
1783971161.212,889,1.587,0.414,0.238,0.0,14.9
1783971161.212,889,2.443,1.669,0.217,0.0,11.8
1783971161.313,890,1.588,0.414,0.237,0.0,15.2
1783971161.313,890,2.448,1.669,0.16,0.0,12.2
1783971161.416,891,1.588,0.414,0.236,0.0,14.6
1783971161.416,891,2.448,1.669,0.162,0.0,11.8
1783971161.517,892,1.588,0.414,0.236,0.0,14.5
1783971161.517,892,2.45,1.669,0.121,0.0,11.9
1783971161.517,892,0.438,0.533,-0.272,-0.568,25.2
1783971161.617,893,1.588,0.414,0.233,0.0,15.2
1783971161.617,893,2.451,1.669,0.102,0.0,12.3
1783971161.617,893,3.676,-2.318,0.389,0.0,11.5
1783971161.617,893,2.942,2.372,-0.355,-0.162,11.6
1783971161.617,893,3.554,-1.305,-0.267,-0.162,11.6
1783971161.722,894,1.588,0.414,0.234,0.0,15.5
1783971161.722,894,2.447,1.669,0.164,0.0,12.0
1783971161.822,895,1.588,0.414,0.236,0.0,15.2
1783971161.924,896,1.588,0.414,0.236,0.0,15.3
1783971161.924,896,2.452,1.669,0.072,0.0,12.3
1783971162.026,897,1.587,0.414,0.24,0.0,17.0
1783971162.026,897,2.312,1.507,-0.653,0.0,11.5
1783971162.026,897,2.38,1.762,0.188,0.0,12.6
1783971162.026,897,2.512,1.576,0.082,0.0,12.6
1783971162.026,897,0.355,-0.496,0.022,-0.568,34.7
1783971162.127,898,1.597,0.363,0.257,0.0,17.1
1783971162.127,898,0.713,0.464,0.195,-0.568,25.8
1783971162.229,899,1.588,0.414,0.238,0.0,17.0
1783971162.229,899,2.513,1.576,0.065,0.0,11.5
1783971162.229,899,2.383,1.762,0.147,0.0,11.5
1783971162.229,899,3.583,-2.454,0.417,0.0,12.1
1783971162.229,899,0.457,-0.638,-0.032,-0.325,31.5
1783971162.33,900,1.597,0.363,0.257,0.0,16.9
1783971162.33,900,2.509,1.576,0.148,0.0,12.0
1783971162.431,901,1.587,0.414,0.24,0.0,16.6
1783971162.431,901,2.509,1.576,0.143,0.0,11.9
1783971162.532,902,1.597,0.363,0.259,0.0,16.7
1783971162.532,902,2.507,1.576,0.182,0.0,11.7
1783971162.532,902,1.844,-0.293,-0.186,0.568,13.6
1783971162.532,902,0.995,1.583,0.156,0.568,13.6
1783971162.633,903,1.597,0.363,0.259,0.0,16.9
1783971162.633,903,2.51,1.576,0.137,0.0,11.4
1783971162.633,903,0.631,-0.886,-0.075,-0.487,29.2
1783971162.733,904,1.587,0.414,0.241,0.0,16.8
1783971162.834,905,1.597,0.363,0.26,0.0,17.0
1783971162.935,906,1.597,0.363,0.258,0.0,16.7
1783971162.935,906,2.513,1.576,-0.053,0.0,11.4
1783971163.036,907,1.597,0.363,0.26,0.0,16.2
1783971163.036,907,2.396,1.507,0.172,0.0,12.6
1783971163.036,907,2.496,2.603,0.327,0.243,17.6
1783971163.136,908,1.597,0.363,0.259,0.0,14.4
1783971163.136,908,2.455,1.418,0.05,0.0,16.8
1783971163.136,908,3.628,2.694,0.409,0.0,12.1
1783971163.136,908,2.42,1.839,0.595,0.162,11.8
1783971163.136,908,0.758,1.215,0.15,0.406,27.6
1783971163.136,908,2.496,2.634,0.511,0.487,16.4
1783971163.136,908,2.391,2.716,0.138,0.568,16.3
1783971163.238,909,1.597,0.363,0.26,0.0,15.7
1783971163.238,909,2.397,1.507,0.157,0.0,15.7
1783971163.238,909,2.633,2.127,0.352,0.243,13.5
1783971163.238,909,0.835,1.325,0.119,0.325,22.5
1783971163.238,909,1.993,1.609,-0.257,0.406,20.6
1783971163.238,909,2.573,2.665,0.169,0.487,16.2
1783971163.339,910,1.596,0.363,0.265,0.0,15.0
1783971163.339,910,2.455,1.418,-0.06,0.0,16.8
1783971163.339,910,0.782,1.252,-0.148,0.162,19.2
1783971163.339,910,2.24,1.414,0.256,0.243,13.1
1783971163.339,910,2.473,2.045,-0.639,0.243,12.0
1783971163.339,910,1.722,1.787,0.155,0.325,16.7
1783971163.339,910,2.83,2.462,-0.077,0.325,12.5
1783971163.44,911,1.597,0.363,0.256,0.0,15.3
1783971163.44,911,2.505,1.329,-0.028,0.0,15.4
1783971163.44,911,2.724,2.58,-0.048,0.243,16.1
1783971163.49,912,1.595,0.363,0.27,0.0,15.4
1783971163.49,912,2.402,1.507,0.039,0.0,15.3
1783971163.49,912,1.675,1.931,0.305,0.162,16.8
1783971163.49,912,2.683,1.592,0.64,0.162,12.3
1783971163.49,912,3.052,2.254,0.115,0.162,12.5
1783971163.49,912,1.034,1.295,0.036,0.243,15.4
1783971163.642,913,1.598,0.363,0.249,0.0,15.4
1783971163.642,913,2.83,2.491,0.439,0.162,13.1
1783971163.743,914,1.597,0.363,0.261,0.0,13.6
1783971163.743,914,2.347,1.483,-0.295,0.0,13.4
1783971163.743,914,2.401,1.644,-0.274,0.0,12.3
1783971163.743,914,3.575,4.057,0.146,0.325,15.5
1783971163.793,915,1.596,0.363,0.265,0.0,14.8
1783971163.793,915,2.393,1.507,-0.214,0.0,13.4
1783971163.945,916,1.598,0.363,0.254,0.0,14.4
1783971163.945,916,2.355,1.483,-0.225,0.0,12.3
1783971164.045,917,1.597,0.363,0.257,0.0,15.6
1783971164.045,917,2.355,1.483,-0.219,0.0,12.8
1783971164.095,918,1.596,0.363,0.263,0.0,15.3
1783971164.095,918,2.409,1.396,-0.209,0.0,11.9
1783971164.196,919,1.588,0.414,0.232,0.0,15.0
1783971164.196,919,2.349,1.483,-0.28,0.0,12.3
1783971164.196,919,2.754,-0.0,0.463,-0.243,15.7
1783971164.348,920,1.596,0.363,0.263,0.0,15.1
1783971164.348,920,2.352,1.483,-0.256,0.0,12.1
1783971164.399,921,1.587,0.414,0.241,0.0,15.4
1783971164.399,921,2.35,1.483,-0.275,0.0,12.1
1783971164.399,921,2.738,-0.086,0.23,-0.406,21.4
1783971164.399,921,0.794,1.252,0.053,-0.243,28.5
1783971164.499,922,1.597,0.363,0.259,0.0,15.5
1783971164.499,922,2.352,1.483,-0.25,0.0,12.5
1783971164.499,922,2.702,-0.085,0.1,-0.406,19.6
1783971164.499,922,0.773,1.215,0.009,-0.325,25.2
1783971164.601,923,1.586,0.414,0.245,0.0,15.7
1783971164.601,923,2.344,1.483,-0.321,0.0,12.2
1783971164.701,924,1.587,0.414,0.243,0.0,15.7
1783971164.701,924,2.351,1.483,-0.265,0.0,11.9
1783971164.701,924,0.705,1.141,0.173,-0.568,30.8
1783971164.803,925,1.597,0.363,0.26,0.0,14.7
1783971164.803,925,2.349,1.483,-0.279,0.0,12.1
1783971164.803,925,0.676,1.068,-0.061,-0.649,30.3
1783971164.803,925,1.088,1.524,0.108,-0.487,12.0
1783971164.803,925,1.85,-0.293,0.112,-0.487,12.0
1783971164.904,926,1.587,0.414,0.244,0.0,15.5
1783971164.904,926,2.355,1.483,-0.228,0.0,12.2
1783971164.904,926,0.594,0.957,0.134,-0.487,26.9
1783971164.904,926,1.295,1.348,0.157,-0.406,11.7
1783971164.904,926,1.831,-0.352,0.21,-0.406,11.7
1783971165.004,927,1.587,0.414,0.238,0.0,15.5
1783971165.004,927,2.349,1.483,-0.279,0.0,11.8
1783971165.004,927,0.982,1.546,0.054,-0.325,20.5
1783971165.106,928,1.597,0.363,0.259,0.0,16.7
1783971165.106,928,2.39,1.507,-0.243,0.0,12.4
1783971165.106,928,0.61,0.851,0.017,-0.243,23.1
1783971165.106,928,1.737,-0.391,0.17,-0.243,14.5
1783971165.106,928,0.934,1.509,0.224,-0.243,14.5
1783971165.208,929,1.587,0.414,0.241,0.0,16.9
1783971165.208,929,2.357,1.483,-0.203,0.0,12.1
1783971165.208,929,1.731,-0.447,0.052,-0.162,14.0
1783971165.309,930,1.596,0.363,0.266,0.0,16.5
1783971165.309,930,2.347,1.483,-0.293,0.0,12.0
1783971165.309,930,0.562,0.957,0.235,-0.406,33.3
1783971165.412,931,1.587,0.414,0.24,0.0,17.1
1783971165.412,931,2.351,1.483,-0.262,0.0,12.1
1783971165.513,932,1.588,0.414,0.233,0.0,16.8
1783971165.513,932,2.353,1.483,-0.247,0.0,12.1
1783971165.513,932,2.455,-0.233,0.318,0.243,19.8
1783971165.614,933,1.587,0.414,0.244,0.0,16.9
1783971165.614,933,2.352,1.483,-0.25,0.0,12.7
1783971165.714,934,1.586,0.414,0.245,0.0,17.0
1783971165.714,934,2.359,1.483,-0.183,0.0,12.2
1783971165.816,935,1.596,0.363,0.263,0.0,16.8
1783971165.816,935,2.36,1.483,-0.159,0.0,12.2
1783971165.916,936,1.587,0.414,0.241,0.0,16.7
1783971165.916,936,2.357,1.483,-0.199,0.0,12.5
1783971166.018,937,1.588,0.414,0.234,0.0,16.5
1783971166.018,937,2.361,1.483,-0.152,0.0,12.1
1783971166.119,938,1.587,0.414,0.241,0.0,17.2
1783971166.119,938,2.354,1.483,-0.235,0.0,11.9
1783971166.119,938,1.141,1.432,0.081,-0.325,12.4
1783971166.22,939,1.587,0.414,0.243,0.0,17.2
1783971166.22,939,2.354,1.483,-0.234,0.0,12.3
1783971166.22,939,1.086,1.363,0.092,-0.243,12.0
1783971166.321,940,1.587,0.414,0.241,0.0,17.1
1783971166.321,940,2.355,1.483,-0.228,0.0,11.8
1783971166.422,941,1.587,0.414,0.242,0.0,17.1
1783971166.422,941,2.351,1.483,-0.264,0.0,12.6
1783971166.523,942,1.586,0.414,0.248,0.0,17.3
1783971166.523,942,2.357,1.483,-0.202,0.0,12.5
1783971166.625,943,1.586,0.414,0.247,0.0,17.1
1783971166.625,943,2.359,1.483,-0.178,0.0,12.3
1783971166.727,944,1.587,0.414,0.242,0.0,17.1
1783971166.727,944,2.358,1.483,-0.19,0.0,11.8
1783971166.829,945,1.589,0.414,0.225,0.0,17.1
1783971166.829,945,2.359,1.483,-0.179,0.0,12.1
1783971166.93,946,1.587,0.414,0.241,0.0,17.0
1783971166.93,946,2.354,1.483,-0.238,0.0,12.6
1783971166.93,946,0.503,0.709,-0.073,-0.325,16.0
1783971167.032,947,1.588,0.414,0.238,0.0,17.0
1783971167.032,947,2.356,1.483,-0.213,0.0,12.0
1783971167.032,947,0.508,0.709,0.027,-0.406,19.0
1783971167.032,947,0.378,0.532,0.054,-0.162,20.2
1783971167.134,948,1.586,0.414,0.245,0.0,16.5
1783971167.134,948,2.356,1.483,-0.211,0.0,12.4
1783971167.134,948,0.517,0.648,0.007,-0.243,14.7
1783971167.134,948,0.33,0.461,0.024,-0.162,16.1
1783971167.236,949,1.588,0.414,0.233,0.0,16.9
1783971167.236,949,2.351,1.483,-0.259,0.0,12.0
1783971167.337,950,1.589,0.414,0.226,0.0,16.5
1783971167.337,950,2.359,1.483,-0.175,0.0,11.7
1783971167.44,951,1.588,0.414,0.236,0.0,16.8
1783971167.44,951,2.356,1.483,-0.213,0.0,11.9
1783971167.44,951,0.72,0.818,0.051,-0.243,13.9
1783971167.44,951,1.055,-0.205,0.189,-0.243,13.9
1783971167.541,952,1.587,0.414,0.24,0.0,17.0
1783971167.541,952,2.343,1.483,-0.327,0.0,13.2
1783971167.541,952,3.551,-2.43,0.381,0.0,12.0
1783971167.541,952,0.263,0.229,0.009,0.162,17.9
1783971167.541,952,0.692,0.785,0.027,-0.406,21.7
1783971167.541,952,0.98,-0.36,0.077,-0.406,21.7
1783971167.642,953,1.597,0.414,0.167,0.0,17.8
1783971167.642,953,2.418,1.396,0.011,0.0,12.7
1783971167.642,953,0.296,0.245,0.081,-0.649,28.1
1783971167.692,954,0.991,-0.751,0.232,0.0,12.0
1783971167.692,954,1.588,0.414,0.237,0.0,14.7
1783971167.692,954,2.412,1.396,-0.175,0.0,12.1
1783971167.692,954,0.393,0.177,0.067,-0.568,27.6
1783971167.846,955,0.994,-0.751,0.219,0.0,13.2
1783971167.846,955,1.585,0.414,0.255,0.0,17.2
1783971167.846,955,2.36,1.483,-0.156,0.0,12.4
1783971167.846,955,3.543,-2.43,0.444,0.0,11.2
1783971167.846,955,1.802,2.383,1.437,-0.325,16.0
1783971167.846,955,2.267,-0.675,0.405,-0.243,18.0
1783971167.846,955,1.895,2.694,0.379,-0.162,12.0
1783971167.948,956,0.997,-0.751,0.205,0.0,14.3
1783971167.948,956,1.587,0.414,0.244,0.0,18.2
1783971167.948,956,2.365,1.483,-0.056,0.0,12.0
1783971167.948,956,2.001,-0.682,0.539,-0.649,15.3
1783971167.948,956,0.608,-0.038,0.048,-0.568,31.5
1783971167.948,956,1.753,2.659,0.752,-0.325,19.5
1783971167.948,956,1.313,-0.417,0.549,-0.243,13.2
1783971168.002,957,0.929,-0.24,0.025,0.0,11.5
1783971168.002,957,1.59,0.414,0.223,0.0,17.3
1783971168.002,957,2.357,1.483,-0.204,0.0,12.2
1783971168.002,957,6.135,-3.871,0.681,0.0,11.3
1783971168.002,957,0.607,-0.225,0.097,0.325,28.8
1783971168.002,957,2.042,2.556,0.017,-0.243,11.9
1783971168.103,958,1.591,0.414,0.213,0.0,17.1
1783971168.103,958,2.341,1.483,-0.341,0.0,11.5
1783971168.103,958,6.152,-3.871,0.505,0.0,12.3
1783971168.103,958,0.603,-0.225,0.12,0.162,20.4
1783971168.205,959,0.998,-0.751,0.2,0.0,11.6
1783971168.205,959,1.589,0.414,0.225,0.0,17.2
1783971168.205,959,2.356,1.483,-0.209,0.0,13.0
1783971168.31,960,1.034,-0.712,0.16,0.0,11.6
1783971168.31,960,1.584,0.414,0.259,0.0,17.3
1783971168.31,960,2.354,1.483,-0.235,0.0,12.4
1783971168.413,961,0.929,-0.24,0.004,0.0,12.3
1783971168.413,961,1.0,-0.751,0.191,0.0,12.4
1783971168.413,961,1.591,0.414,0.211,0.0,16.8
1783971168.413,961,2.358,1.483,-0.186,0.0,12.4
1783971168.514,962,0.929,-0.24,-0.004,0.0,12.1
1783971168.514,962,0.998,-0.751,0.202,0.0,11.6
1783971168.514,962,1.578,0.414,0.295,0.0,17.3
1783971168.514,962,2.357,1.483,-0.196,0.0,13.6
1783971168.514,962,6.022,-4.098,0.165,0.0,11.5
1783971168.616,963,1.0,-0.751,0.189,0.0,13.6
1783971168.616,963,1.591,0.414,0.214,0.0,17.3
1783971168.616,963,2.357,1.483,-0.201,0.0,12.3
1783971168.616,963,0.772,-0.285,0.098,-0.325,24.3
1783971168.717,964,0.929,-0.24,0.012,0.0,13.2
1783971168.717,964,0.994,-0.751,0.222,0.0,11.7
1783971168.717,964,1.59,0.414,0.218,0.0,17.1
1783971168.717,964,2.358,1.483,-0.185,0.0,12.7
1783971168.717,964,0.718,-0.139,0.121,-0.568,25.0
1783971168.818,965,0.929,-0.24,0.014,0.0,12.9
1783971168.818,965,0.994,-0.751,0.22,0.0,11.6
1783971168.818,965,1.583,0.414,0.264,0.0,16.8
1783971168.818,965,2.362,1.483,-0.134,0.0,11.9
1783971168.818,965,3.377,-1.507,0.275,0.162,14.1
1783971168.818,965,2.975,2.202,0.236,0.162,14.1
1783971168.818,965,0.679,0.131,0.095,-0.243,23.3
1783971168.92,966,0.929,-0.24,0.011,0.0,13.3
1783971168.92,966,0.994,-0.751,0.22,0.0,11.8
1783971168.92,966,1.589,0.414,0.229,0.0,16.7
1783971168.92,966,2.358,1.483,-0.194,0.0,12.9
1783971169.021,967,0.929,-0.24,0.011,0.0,13.2
1783971169.021,967,0.994,-0.751,0.221,0.0,11.7
1783971169.021,967,1.588,0.414,0.237,0.0,16.9
1783971169.021,967,2.36,1.483,-0.163,0.0,12.7
1783971169.021,967,3.543,-2.43,0.444,0.0,12.1
1783971169.021,967,2.27,-0.84,0.333,0.487,18.2
1783971169.122,968,0.929,-0.24,0.012,0.0,13.2
1783971169.122,968,0.994,-0.751,0.219,0.0,11.6
1783971169.122,968,1.587,0.414,0.238,0.0,16.8
1783971169.122,968,2.36,1.483,-0.164,0.0,12.7
1783971169.222,969,0.929,-0.24,0.011,0.0,13.2
1783971169.222,969,0.994,-0.751,0.22,0.0,11.3
1783971169.222,969,1.589,0.414,0.229,0.0,16.7
1783971169.222,969,2.365,1.483,-0.064,0.0,12.2
1783971169.324,970,0.929,-0.24,0.008,0.0,13.4
1783971169.324,970,0.995,-0.751,0.218,0.0,11.8
1783971169.324,970,1.588,0.414,0.234,0.0,17.1
1783971169.324,970,2.364,1.483,-0.073,0.0,12.4
1783971169.425,971,0.929,-0.24,0.011,0.0,13.3
1783971169.425,971,0.994,-0.751,0.219,0.0,11.6
1783971169.425,971,1.587,0.414,0.244,0.0,16.2
1783971169.425,971,2.363,1.483,-0.101,0.0,12.7
1783971169.526,972,0.929,-0.24,0.009,0.0,12.8
1783971169.526,972,0.994,-0.751,0.221,0.0,11.6
1783971169.526,972,1.588,0.414,0.231,0.0,14.9
1783971169.526,972,2.363,1.483,-0.104,0.0,12.3
1783971169.627,973,0.929,-0.24,0.014,0.0,13.0
1783971169.627,973,0.994,-0.751,0.219,0.0,11.4
1783971169.627,973,1.588,0.414,0.236,0.0,15.0
1783971169.627,973,2.364,1.483,-0.092,0.0,12.7
1783971169.627,973,2.542,-0.161,0.374,-0.649,17.3
1783971169.728,974,0.929,-0.24,0.013,0.0,13.4
1783971169.728,974,0.994,-0.751,0.218,0.0,11.7
1783971169.728,974,1.587,0.414,0.239,0.0,14.5
1783971169.728,974,2.364,1.483,-0.097,0.0,12.7
1783971169.83,975,0.929,-0.24,0.012,0.0,13.0
1783971169.83,975,0.994,-0.751,0.219,0.0,11.6
1783971169.83,975,1.587,0.414,0.244,0.0,14.9
1783971169.83,975,2.363,1.483,-0.111,0.0,12.7
1783971169.83,975,2.949,-1.329,0.493,-0.243,17.8
1783971169.931,976,0.929,-0.24,0.01,0.0,13.3
1783971169.931,976,0.994,-0.751,0.218,0.0,11.6
1783971169.931,976,1.588,0.414,0.237,0.0,14.8
1783971169.931,976,2.364,1.483,-0.083,0.0,12.7
1783971170.032,977,0.929,-0.24,0.01,0.0,13.1
1783971170.032,977,0.994,-0.751,0.218,0.0,11.6
1783971170.032,977,1.587,0.414,0.239,0.0,14.9
1783971170.032,977,2.363,1.483,-0.119,0.0,12.5
1783971170.134,978,0.929,-0.24,0.01,0.0,13.2
1783971170.134,978,0.995,-0.751,0.217,0.0,11.6
1783971170.134,978,1.588,0.414,0.237,0.0,14.5
1783971170.134,978,2.363,1.483,-0.103,0.0,12.7
1783971170.236,979,0.929,-0.24,0.009,0.0,13.3
1783971170.236,979,0.995,-0.751,0.218,0.0,11.7
1783971170.236,979,1.588,0.414,0.237,0.0,14.6
1783971170.236,979,2.364,1.483,-0.096,0.0,12.6
1783971170.338,980,0.929,-0.24,0.009,0.0,13.1
1783971170.338,980,0.994,-0.751,0.218,0.0,11.6
1783971170.338,980,1.587,0.414,0.238,0.0,14.7
1783971170.338,980,2.363,1.483,-0.103,0.0,12.7
1783971170.439,981,0.929,-0.24,0.01,0.0,13.1
1783971170.439,981,0.995,-0.751,0.218,0.0,11.6
1783971170.439,981,1.587,0.414,0.242,0.0,14.7
1783971170.439,981,2.364,1.483,-0.094,0.0,12.7
1783971170.54,982,0.929,-0.24,0.01,0.0,13.4
1783971170.54,982,0.995,-0.751,0.217,0.0,11.6
1783971170.54,982,1.587,0.414,0.24,0.0,14.6
1783971170.54,982,2.363,1.483,-0.116,0.0,12.5
1783971170.642,983,0.929,-0.24,0.009,0.0,13.1
1783971170.642,983,0.995,-0.751,0.217,0.0,11.7
1783971170.642,983,1.588,0.414,0.237,0.0,15.0
1783971170.642,983,2.363,1.483,-0.102,0.0,12.3
1783971170.642,983,2.747,-1.258,0.683,0.243,12.3
1783971170.692,984,0.929,-0.24,0.01,0.0,13.2
1783971170.692,984,0.995,-0.751,0.218,0.0,11.6
1783971170.692,984,1.587,0.414,0.242,0.0,14.7
1783971170.692,984,2.364,1.483,-0.098,0.0,12.3
1783971170.845,985,0.929,-0.24,0.011,0.0,13.1
1783971170.845,985,0.995,-0.751,0.217,0.0,11.6
1783971170.845,985,1.588,0.414,0.238,0.0,14.9
1783971170.845,985,2.362,1.483,-0.127,0.0,12.6
1783971170.945,986,0.929,-0.24,0.01,0.0,13.4
1783971170.945,986,0.995,-0.751,0.217,0.0,11.8
1783971170.945,986,1.588,0.414,0.237,0.0,14.9
1783971170.945,986,2.363,1.483,-0.111,0.0,12.7
1783971170.996,987,0.929,-0.24,0.009,0.0,13.4
1783971170.996,987,0.995,-0.751,0.217,0.0,11.8
1783971170.996,987,1.587,0.414,0.24,0.0,14.6
1783971170.996,987,2.363,1.483,-0.11,0.0,12.3
1783971171.098,988,0.929,-0.24,0.01,0.0,13.0
1783971171.098,988,0.995,-0.751,0.217,0.0,11.7
1783971171.098,988,1.587,0.414,0.243,0.0,14.6
1783971171.098,988,2.363,1.483,-0.114,0.0,12.5
1783971171.249,989,0.929,-0.24,0.01,0.0,12.9
1783971171.249,989,0.994,-0.751,0.218,0.0,11.6
1783971171.249,989,1.587,0.414,0.241,0.0,14.3
1783971171.249,989,2.363,1.483,-0.108,0.0,12.2
1783971171.3,990,0.929,-0.24,0.01,0.0,13.2
1783971171.3,990,0.995,-0.751,0.217,0.0,11.7
1783971171.3,990,1.587,0.414,0.243,0.0,14.6
1783971171.3,990,2.363,1.483,-0.108,0.0,12.5
1783971171.402,991,0.929,-0.24,0.01,0.0,13.0
1783971171.402,991,0.995,-0.751,0.216,0.0,11.5
1783971171.402,991,1.587,0.414,0.244,0.0,14.1
1783971171.402,991,2.363,1.483,-0.113,0.0,12.4
1783971171.504,992,0.929,-0.24,0.009,0.0,13.0
1783971171.504,992,0.995,-0.751,0.217,0.0,11.4
1783971171.504,992,1.587,0.414,0.243,0.0,14.6
1783971171.504,992,2.363,1.483,-0.107,0.0,12.4
1783971171.606,993,0.929,-0.24,0.008,0.0,13.2
1783971171.606,993,0.994,-0.751,0.218,0.0,11.7
1783971171.606,993,1.587,0.414,0.239,0.0,14.2
1783971171.606,993,2.362,1.483,-0.129,0.0,12.4
1783971171.708,994,0.929,-0.24,0.011,0.0,13.5
1783971171.708,994,0.995,-0.751,0.216,0.0,11.7
1783971171.708,994,1.586,0.414,0.246,0.0,14.5
1783971171.708,994,2.363,1.483,-0.105,0.0,12.3
1783971171.809,995,0.929,-0.24,0.009,0.0,13.0
1783971171.809,995,0.995,-0.751,0.216,0.0,11.5
1783971171.809,995,1.588,0.414,0.236,0.0,14.3
1783971171.809,995,2.363,1.483,-0.113,0.0,12.3
1783971171.911,996,0.929,-0.24,0.011,0.0,13.4
1783971171.911,996,0.995,-0.751,0.215,0.0,11.6
1783971171.911,996,1.588,0.414,0.237,0.0,14.5
1783971171.911,996,2.363,1.483,-0.116,0.0,11.6
1783971172.011,997,0.929,-0.24,0.009,0.0,12.7
1783971172.011,997,1.587,0.414,0.241,0.0,14.7
1783971172.011,997,2.364,1.483,-0.099,0.0,12.2
1783971172.113,998,0.929,-0.24,0.009,0.0,13.2
1783971172.113,998,0.995,-0.751,0.216,0.0,11.6
1783971172.113,998,1.587,0.414,0.243,0.0,14.6
1783971172.113,998,2.363,1.483,-0.106,0.0,12.4
1783971172.214,999,0.929,-0.24,0.007,0.0,13.0
1783971172.214,999,0.995,-0.751,0.216,0.0,11.5
1783971172.214,999,1.588,0.414,0.237,0.0,14.4
1783971172.214,999,2.363,1.483,-0.101,0.0,12.3
1783971172.315,1000,0.929,-0.24,0.011,0.0,13.3
1783971172.315,1000,0.995,-0.751,0.217,0.0,11.8
1783971172.315,1000,1.588,0.414,0.238,0.0,14.3
1783971172.315,1000,2.364,1.483,-0.082,0.0,12.4
1783971172.417,1001,0.929,-0.24,0.011,0.0,12.9
1783971172.417,1001,0.995,-0.751,0.215,0.0,11.3
1783971172.417,1001,1.587,0.414,0.239,0.0,14.7
1783971172.417,1001,2.363,1.483,-0.101,0.0,12.2
1783971172.518,1002,0.929,-0.24,0.01,0.0,12.9
1783971172.518,1002,0.995,-0.751,0.217,0.0,11.6
1783971172.518,1002,1.588,0.414,0.235,0.0,14.3
1783971172.518,1002,2.362,1.483,-0.126,0.0,12.2
1783971172.621,1003,0.929,-0.24,0.008,0.0,13.2
1783971172.621,1003,0.995,-0.751,0.216,0.0,11.7
1783971172.621,1003,1.587,0.414,0.238,0.0,14.4
1783971172.621,1003,2.363,1.483,-0.115,0.0,12.2
1783971172.725,1004,0.929,-0.24,0.009,0.0,13.2
1783971172.725,1004,0.995,-0.751,0.217,0.0,11.8
1783971172.725,1004,1.588,0.414,0.233,0.0,14.4
1783971172.725,1004,2.363,1.483,-0.108,0.0,12.2
1783971172.826,1005,0.929,-0.24,0.011,0.0,13.2
1783971172.826,1005,0.995,-0.751,0.216,0.0,11.6
1783971172.826,1005,1.588,0.414,0.236,0.0,14.4
1783971172.826,1005,2.363,1.483,-0.113,0.0,12.3
1783971172.927,1006,0.929,-0.24,0.009,0.0,13.0
1783971172.927,1006,0.995,-0.751,0.217,0.0,11.5
1783971172.927,1006,1.587,0.414,0.243,0.0,14.4
1783971172.927,1006,2.364,1.483,-0.091,0.0,12.4
1783971173.03,1007,0.929,-0.24,0.01,0.0,12.9
1783971173.03,1007,0.995,-0.751,0.215,0.0,11.4
1783971173.03,1007,1.587,0.414,0.238,0.0,14.4
1783971173.03,1007,2.363,1.483,-0.115,0.0,12.3
1783971173.13,1008,0.929,-0.24,0.01,0.0,13.0
1783971173.13,1008,0.995,-0.751,0.216,0.0,11.5
1783971173.13,1008,1.587,0.414,0.239,0.0,15.1
1783971173.13,1008,2.363,1.483,-0.115,0.0,12.4
1783971173.236,1009,0.929,-0.24,0.009,0.0,13.1
1783971173.236,1009,0.995,-0.751,0.215,0.0,11.3
1783971173.236,1009,1.588,0.414,0.237,0.0,14.8
1783971173.236,1009,2.363,1.483,-0.105,0.0,12.4
1783971173.338,1010,0.929,-0.24,0.009,0.0,13.2
1783971173.338,1010,0.995,-0.751,0.216,0.0,11.7
1783971173.338,1010,1.588,0.414,0.238,0.0,14.6
1783971173.338,1010,2.364,1.483,-0.095,0.0,12.2
1783971173.439,1011,0.929,-0.24,0.012,0.0,13.1
1783971173.439,1011,0.995,-0.751,0.217,0.0,11.7
1783971173.439,1011,1.587,0.414,0.239,0.0,14.6
1783971173.439,1011,2.363,1.483,-0.109,0.0,12.4
1783971173.54,1012,0.929,-0.24,0.01,0.0,13.3
1783971173.54,1012,0.995,-0.751,0.214,0.0,11.6
1783971173.54,1012,1.587,0.414,0.243,0.0,14.5
1783971173.54,1012,2.363,1.483,-0.107,0.0,12.5
1783971173.641,1013,0.929,-0.24,0.009,0.0,13.1
1783971173.641,1013,0.995,-0.751,0.216,0.0,11.7
1783971173.641,1013,1.587,0.414,0.244,0.0,14.5
1783971173.641,1013,2.363,1.483,-0.111,0.0,12.3
1783971173.692,1014,0.929,-0.24,0.012,0.0,13.0
1783971173.692,1014,0.995,-0.751,0.216,0.0,11.6
1783971173.692,1014,1.587,0.414,0.239,0.0,14.6
1783971173.692,1014,2.364,1.483,-0.099,0.0,12.5
1783971173.844,1015,0.929,-0.24,0.008,0.0,13.3
1783971173.844,1015,0.995,-0.751,0.216,0.0,11.8
1783971173.844,1015,1.588,0.414,0.235,0.0,14.2
1783971173.844,1015,2.363,1.483,-0.108,0.0,12.4
1783971173.946,1016,0.929,-0.24,0.008,0.0,13.1
1783971173.946,1016,0.995,-0.751,0.216,0.0,11.7
1783971173.946,1016,1.587,0.414,0.24,0.0,14.4
1783971173.946,1016,2.364,1.483,-0.1,0.0,12.4
1783971173.996,1017,0.929,-0.24,0.01,0.0,13.0
1783971173.996,1017,0.995,-0.751,0.216,0.0,11.7
1783971173.996,1017,1.588,0.414,0.238,0.0,14.8
1783971173.996,1017,2.362,1.483,-0.122,0.0,12.3
1783971174.099,1018,0.929,-0.24,0.009,0.0,13.1
1783971174.099,1018,0.995,-0.751,0.216,0.0,11.6
1783971174.099,1018,1.587,0.414,0.243,0.0,14.6
1783971174.099,1018,2.363,1.483,-0.117,0.0,12.5
1783971174.2,1019,0.929,-0.24,0.009,0.0,13.1
1783971174.2,1019,0.995,-0.751,0.216,0.0,11.6
1783971174.2,1019,1.587,0.414,0.241,0.0,14.7
1783971174.2,1019,2.363,1.483,-0.103,0.0,12.5
1783971174.301,1020,0.929,-0.24,0.01,0.0,12.8
1783971174.301,1020,0.995,-0.751,0.216,0.0,11.6
1783971174.301,1020,1.587,0.414,0.241,0.0,14.6
1783971174.301,1020,2.363,1.483,-0.104,0.0,12.7
1783971174.402,1021,0.929,-0.24,0.008,0.0,13.3
1783971174.402,1021,0.995,-0.751,0.215,0.0,11.8
1783971174.402,1021,1.587,0.414,0.243,0.0,14.5
1783971174.402,1021,2.364,1.483,-0.099,0.0,12.2
1783971174.507,1022,0.929,-0.24,0.006,0.0,12.9
1783971174.507,1022,0.995,-0.751,0.214,0.0,11.7
1783971174.507,1022,1.588,0.414,0.237,0.0,14.6
1783971174.507,1022,2.363,1.483,-0.113,0.0,12.7
1783971174.608,1023,0.929,-0.24,0.01,0.0,12.4
1783971174.608,1023,0.995,-0.751,0.217,0.0,11.4
1783971174.608,1023,1.587,0.414,0.238,0.0,14.5
1783971174.608,1023,2.363,1.483,-0.11,0.0,12.5
1783971174.715,1024,0.929,-0.24,0.011,0.0,13.0
1783971174.715,1024,0.995,-0.751,0.214,0.0,11.8
1783971174.715,1024,1.588,0.414,0.234,0.0,14.5
1783971174.715,1024,2.363,1.483,-0.116,0.0,12.4
1783971174.816,1025,0.929,-0.24,0.012,0.0,13.1
1783971174.816,1025,0.995,-0.751,0.217,0.0,11.7
1783971174.816,1025,1.587,0.414,0.241,0.0,15.0
1783971174.816,1025,2.363,1.483,-0.11,0.0,12.2
1783971174.917,1026,0.929,-0.24,0.009,0.0,12.7
1783971174.917,1026,0.995,-0.751,0.216,0.0,11.6
1783971174.917,1026,1.588,0.414,0.238,0.0,14.7
1783971174.917,1026,2.363,1.483,-0.112,0.0,12.2
1783971175.018,1027,0.929,-0.24,0.008,0.0,12.7
1783971175.018,1027,0.995,-0.751,0.217,0.0,11.7
1783971175.018,1027,1.587,0.414,0.239,0.0,14.4
1783971175.018,1027,2.363,1.483,-0.105,0.0,12.3
1783971175.119,1028,0.929,-0.24,0.007,0.0,13.0
1783971175.119,1028,0.995,-0.751,0.216,0.0,11.5
1783971175.119,1028,1.588,0.414,0.232,0.0,14.6
1783971175.119,1028,2.363,1.483,-0.118,0.0,12.7
1783971175.22,1029,0.929,-0.24,0.006,0.0,12.7
1783971175.22,1029,0.995,-0.751,0.216,0.0,11.5
1783971175.22,1029,1.588,0.414,0.235,0.0,14.5
1783971175.22,1029,2.363,1.483,-0.111,0.0,12.8
1783971175.322,1030,0.929,-0.24,0.006,0.0,13.1
1783971175.322,1030,0.995,-0.751,0.215,0.0,11.8
1783971175.322,1030,1.588,0.414,0.236,0.0,14.5
1783971175.322,1030,2.363,1.483,-0.105,0.0,12.3
1783971175.424,1031,0.929,-0.24,0.011,0.0,12.6
1783971175.424,1031,0.995,-0.751,0.216,0.0,11.6
1783971175.424,1031,1.588,0.414,0.236,0.0,14.4
1783971175.424,1031,2.363,1.483,-0.118,0.0,12.5
1783971175.525,1032,0.929,-0.24,0.009,0.0,12.4
1783971175.525,1032,0.995,-0.751,0.216,0.0,11.5
1783971175.525,1032,1.588,0.414,0.235,0.0,14.3
1783971175.525,1032,2.363,1.483,-0.12,0.0,12.5
1783971175.631,1033,0.929,-0.24,0.005,0.0,12.6
1783971175.631,1033,0.995,-0.751,0.216,0.0,11.5
1783971175.631,1033,1.588,0.414,0.235,0.0,14.4
1783971175.631,1033,2.363,1.483,-0.116,0.0,12.2
1783971175.732,1034,0.929,-0.24,0.008,0.0,12.5
1783971175.732,1034,0.995,-0.751,0.217,0.0,11.6
1783971175.732,1034,1.588,0.414,0.232,0.0,14.6
1783971175.732,1034,2.363,1.483,-0.115,0.0,12.6
1783971175.837,1035,0.929,-0.24,0.01,0.0,12.6
1783971175.837,1035,0.995,-0.751,0.217,0.0,11.7
1783971175.837,1035,1.587,0.414,0.241,0.0,14.6
1783971175.837,1035,2.363,1.483,-0.106,0.0,12.7
1783971175.939,1036,0.929,-0.24,0.006,0.0,13.0
1783971175.939,1036,0.995,-0.751,0.215,0.0,12.0
1783971175.939,1036,1.587,0.414,0.244,0.0,14.5
1783971175.939,1036,2.363,1.483,-0.119,0.0,12.4
1783971176.043,1037,0.929,-0.24,0.007,0.0,12.6
1783971176.043,1037,0.995,-0.751,0.215,0.0,11.9
1783971176.043,1037,1.587,0.414,0.243,0.0,14.6
1783971176.043,1037,2.362,1.483,-0.124,0.0,12.6
1783971176.093,1038,0.929,-0.24,0.009,0.0,12.6
1783971176.093,1038,0.995,-0.751,0.215,0.0,11.8
1783971176.093,1038,1.588,0.414,0.237,0.0,14.6
1783971176.093,1038,2.362,1.483,-0.126,0.0,12.6
1783971176.245,1039,0.929,-0.24,0.007,0.0,12.4
1783971176.245,1039,0.995,-0.751,0.217,0.0,11.7
1783971176.245,1039,1.587,0.414,0.239,0.0,14.2
1783971176.245,1039,2.363,1.483,-0.112,0.0,12.5
1783971176.346,1040,0.929,-0.24,0.009,0.0,12.4
1783971176.346,1040,0.995,-0.751,0.215,0.0,11.7
1783971176.346,1040,1.588,0.414,0.236,0.0,14.3
1783971176.346,1040,2.363,1.483,-0.116,0.0,12.4
1783971176.397,1041,0.929,-0.24,0.009,0.0,12.7
1783971176.397,1041,0.995,-0.751,0.215,0.0,11.6
1783971176.397,1041,1.588,0.414,0.237,0.0,14.6
1783971176.397,1041,2.362,1.483,-0.126,0.0,12.3
1783971176.501,1042,0.929,-0.24,0.011,0.0,12.7
1783971176.501,1042,0.995,-0.751,0.216,0.0,11.5
1783971176.501,1042,1.587,0.414,0.241,0.0,14.7
1783971176.501,1042,2.363,1.483,-0.113,0.0,12.1
1783971176.603,1043,0.929,-0.24,0.007,0.0,12.8
1783971176.603,1043,0.995,-0.751,0.215,0.0,11.7
1783971176.603,1043,1.587,0.414,0.244,0.0,14.6
1783971176.603,1043,2.363,1.483,-0.11,0.0,12.4
1783971176.703,1044,0.929,-0.24,0.007,0.0,12.5
1783971176.703,1044,0.995,-0.751,0.216,0.0,11.4
1783971176.703,1044,1.587,0.414,0.243,0.0,14.4
1783971176.703,1044,2.364,1.483,-0.1,0.0,12.3
1783971176.805,1045,0.929,-0.24,0.007,0.0,12.4
1783971176.805,1045,0.995,-0.751,0.216,0.0,11.9
1783971176.805,1045,1.587,0.414,0.244,0.0,14.4
1783971176.805,1045,2.363,1.483,-0.103,0.0,12.6
1783971176.905,1046,0.929,-0.24,0.008,0.0,12.8
1783971176.905,1046,0.995,-0.751,0.214,0.0,11.6
1783971176.905,1046,1.588,0.414,0.233,0.0,14.4
1783971176.905,1046,2.363,1.483,-0.107,0.0,12.4
1783971177.007,1047,0.929,-0.24,0.008,0.0,12.9
1783971177.007,1047,0.995,-0.751,0.214,0.0,11.5
1783971177.007,1047,1.587,0.414,0.244,0.0,14.2
1783971177.007,1047,2.363,1.483,-0.105,0.0,12.6
1783971177.109,1048,0.929,-0.24,0.009,0.0,12.9
1783971177.109,1048,0.995,-0.751,0.214,0.0,11.7
1783971177.109,1048,1.588,0.414,0.232,0.0,14.4
1783971177.109,1048,2.363,1.483,-0.12,0.0,12.5
1783971177.21,1049,0.929,-0.24,0.006,0.0,12.7
1783971177.21,1049,0.995,-0.751,0.216,0.0,11.6
1783971177.21,1049,1.587,0.414,0.243,0.0,14.3
1783971177.21,1049,2.362,1.483,-0.122,0.0,12.2
1783971177.311,1050,0.929,-0.24,0.007,0.0,13.0
1783971177.311,1050,0.995,-0.751,0.214,0.0,11.6
1783971177.311,1050,1.587,0.414,0.239,0.0,14.4
1783971177.311,1050,2.363,1.483,-0.113,0.0,12.2
1783971177.411,1051,0.929,-0.24,0.003,0.0,12.6
1783971177.411,1051,0.995,-0.751,0.215,0.0,11.3
1783971177.411,1051,1.588,0.414,0.235,0.0,14.4
1783971177.411,1051,2.363,1.483,-0.108,0.0,12.2
1783971177.514,1052,0.929,-0.24,0.011,0.0,12.3
1783971177.514,1052,0.995,-0.751,0.214,0.0,11.6
1783971177.514,1052,1.587,0.414,0.239,0.0,14.3
1783971177.514,1052,2.363,1.483,-0.114,0.0,12.5
1783971177.615,1053,0.929,-0.24,0.01,0.0,12.0
1783971177.615,1053,0.995,-0.751,0.215,0.0,11.6
1783971177.615,1053,1.588,0.414,0.238,0.0,14.7
1783971177.615,1053,2.363,1.483,-0.107,0.0,12.5
1783971177.716,1054,0.929,-0.24,0.007,0.0,12.4
1783971177.716,1054,0.995,-0.751,0.214,0.0,11.5
1783971177.716,1054,1.587,0.414,0.241,0.0,14.6
1783971177.716,1054,2.363,1.483,-0.114,0.0,12.5
1783971177.817,1055,0.929,-0.24,0.007,0.0,12.5
1783971177.817,1055,0.995,-0.751,0.213,0.0,11.6
1783971177.817,1055,1.587,0.414,0.24,0.0,14.4
1783971177.817,1055,2.363,1.483,-0.116,0.0,12.3
1783971177.918,1056,0.929,-0.24,0.008,0.0,12.7
1783971177.918,1056,0.995,-0.751,0.214,0.0,11.6
1783971177.918,1056,1.587,0.414,0.24,0.0,14.6
1783971177.918,1056,2.363,1.483,-0.12,0.0,12.6
1783971178.019,1057,0.929,-0.24,0.009,0.0,12.9
1783971178.019,1057,0.995,-0.751,0.215,0.0,11.6
1783971178.019,1057,1.587,0.414,0.244,0.0,14.5
1783971178.019,1057,2.363,1.483,-0.115,0.0,12.6
1783971178.121,1058,0.929,-0.24,0.01,0.0,13.0
1783971178.121,1058,0.995,-0.751,0.216,0.0,11.3
1783971178.121,1058,1.587,0.414,0.241,0.0,14.4
1783971178.121,1058,2.363,1.483,-0.115,0.0,12.6
1783971178.221,1059,0.929,-0.24,0.011,0.0,13.1
1783971178.221,1059,0.995,-0.751,0.215,0.0,11.4
1783971178.221,1059,1.587,0.414,0.242,0.0,14.3
1783971178.221,1059,2.363,1.483,-0.116,0.0,12.5
1783971178.323,1060,0.929,-0.24,0.011,0.0,13.0
1783971178.323,1060,0.995,-0.751,0.216,0.0,11.5
1783971178.323,1060,1.587,0.414,0.242,0.0,14.6
1783971178.323,1060,2.363,1.483,-0.119,0.0,12.3
1783971178.425,1061,0.929,-0.24,0.01,0.0,13.1
1783971178.425,1061,0.995,-0.751,0.216,0.0,11.6
1783971178.425,1061,1.587,0.414,0.241,0.0,14.6
1783971178.425,1061,2.363,1.483,-0.111,0.0,12.4
1783971178.526,1062,0.929,-0.24,0.011,0.0,13.0
1783971178.526,1062,0.995,-0.751,0.216,0.0,11.5
1783971178.526,1062,1.587,0.414,0.239,0.0,14.6
1783971178.526,1062,2.363,1.483,-0.116,0.0,12.6
1783971178.627,1063,0.929,-0.24,0.011,0.0,13.0
1783971178.627,1063,0.995,-0.751,0.215,0.0,11.5
1783971178.627,1063,1.587,0.414,0.243,0.0,14.5
1783971178.627,1063,2.363,1.483,-0.121,0.0,12.3
1783971178.727,1064,0.929,-0.24,0.011,0.0,13.2
1783971178.727,1064,0.995,-0.751,0.215,0.0,11.6
1783971178.727,1064,1.587,0.414,0.242,0.0,14.4
1783971178.727,1064,2.363,1.483,-0.116,0.0,12.6
1783971178.829,1065,0.929,-0.24,0.011,0.0,13.4
1783971178.829,1065,0.995,-0.751,0.215,0.0,11.7
1783971178.829,1065,1.587,0.414,0.242,0.0,14.2
1783971178.829,1065,2.363,1.483,-0.119,0.0,12.9
1783971178.933,1066,0.929,-0.24,0.01,0.0,13.3
1783971178.933,1066,0.995,-0.751,0.216,0.0,11.6
1783971178.933,1066,1.587,0.414,0.241,0.0,14.4
1783971178.933,1066,2.363,1.483,-0.11,0.0,12.4
1783971179.034,1067,0.929,-0.24,0.01,0.0,13.3
1783971179.034,1067,0.995,-0.751,0.217,0.0,11.6
1783971179.034,1067,1.588,0.414,0.238,0.0,14.4
1783971179.034,1067,2.363,1.483,-0.103,0.0,12.3
1783971179.135,1068,0.929,-0.24,0.011,0.0,13.1
1783971179.135,1068,0.995,-0.751,0.216,0.0,11.5
1783971179.135,1068,1.588,0.414,0.235,0.0,14.5
1783971179.135,1068,2.364,1.483,-0.099,0.0,12.8
1783971179.237,1069,0.929,-0.24,0.009,0.0,12.9
1783971179.237,1069,0.995,-0.751,0.215,0.0,11.7
1783971179.237,1069,1.587,0.414,0.239,0.0,14.3
1783971179.237,1069,2.364,1.483,-0.096,0.0,12.7
1783971179.344,1070,0.929,-0.24,0.009,0.0,12.8
1783971179.344,1070,0.995,-0.751,0.215,0.0,11.7
1783971179.344,1070,1.588,0.414,0.235,0.0,14.3
1783971179.344,1070,2.363,1.483,-0.1,0.0,12.7
1783971179.395,1071,0.929,-0.24,0.008,0.0,12.9
1783971179.395,1071,0.995,-0.751,0.216,0.0,11.7
1783971179.395,1071,1.587,0.414,0.24,0.0,14.5
1783971179.395,1071,2.363,1.483,-0.11,0.0,12.7
1783971179.497,1072,0.929,-0.24,0.007,0.0,13.1
1783971179.497,1072,0.995,-0.751,0.216,0.0,11.8
1783971179.497,1072,1.588,0.414,0.236,0.0,14.5
1783971179.497,1072,2.363,1.483,-0.103,0.0,12.8
1783971179.648,1073,0.929,-0.24,0.008,0.0,13.1
1783971179.648,1073,0.995,-0.751,0.217,0.0,11.8
1783971179.648,1073,1.587,0.414,0.242,0.0,14.6
1783971179.648,1073,2.363,1.483,-0.103,0.0,12.8
1783971179.7,1074,0.929,-0.24,0.008,0.0,13.1
1783971179.7,1074,0.995,-0.751,0.217,0.0,11.8
1783971179.7,1074,1.587,0.414,0.242,0.0,14.6
1783971179.7,1074,2.364,1.483,-0.099,0.0,12.7
1783971179.8,1075,0.929,-0.24,0.008,0.0,13.0
1783971179.8,1075,0.995,-0.751,0.217,0.0,11.7
1783971179.8,1075,1.586,0.414,0.245,0.0,14.4
1783971179.8,1075,2.364,1.483,-0.096,0.0,12.4
1783971179.9,1076,0.929,-0.24,0.008,0.0,12.9
1783971179.9,1076,0.995,-0.751,0.217,0.0,11.7
1783971179.9,1076,1.587,0.414,0.243,0.0,14.3
1783971179.9,1076,2.364,1.483,-0.091,0.0,12.5
1783971180.001,1077,0.929,-0.24,0.008,0.0,13.0
1783971180.001,1077,0.995,-0.751,0.217,0.0,11.8
1783971180.001,1077,1.586,0.414,0.245,0.0,14.3
1783971180.001,1077,2.363,1.483,-0.101,0.0,12.7
1783971180.101,1078,0.929,-0.24,0.008,0.0,13.0
1783971180.101,1078,0.995,-0.751,0.217,0.0,11.8
1783971180.101,1078,1.587,0.414,0.244,0.0,14.3
1783971180.101,1078,2.364,1.483,-0.098,0.0,12.7
1783971180.203,1079,0.929,-0.24,0.008,0.0,13.1
1783971180.203,1079,0.995,-0.751,0.217,0.0,11.8
1783971180.203,1079,1.586,0.414,0.247,0.0,14.4
1783971180.203,1079,2.364,1.483,-0.097,0.0,12.8
1783971180.306,1080,0.929,-0.24,0.008,0.0,13.0
1783971180.306,1080,0.995,-0.751,0.217,0.0,11.8
1783971180.306,1080,1.587,0.414,0.238,0.0,14.4
1783971180.306,1080,2.363,1.483,-0.103,0.0,12.6
1783971180.412,1081,0.929,-0.24,0.007,0.0,13.0
1783971180.412,1081,0.995,-0.751,0.217,0.0,11.7
1783971180.412,1081,1.587,0.414,0.24,0.0,14.4
1783971180.412,1081,2.363,1.483,-0.108,0.0,12.6
1783971180.513,1082,0.929,-0.24,0.007,0.0,13.0
1783971180.513,1082,0.995,-0.751,0.217,0.0,11.7
1783971180.513,1082,1.586,0.414,0.246,0.0,14.4
1783971180.513,1082,2.363,1.483,-0.109,0.0,12.7
1783971180.615,1083,0.929,-0.24,0.007,0.0,13.1
1783971180.615,1083,0.995,-0.751,0.217,0.0,11.7
1783971180.615,1083,1.587,0.414,0.241,0.0,14.3
1783971180.615,1083,2.363,1.483,-0.109,0.0,12.6
1783971180.717,1084,0.929,-0.24,0.008,0.0,13.1
1783971180.717,1084,0.995,-0.751,0.216,0.0,11.7
1783971180.717,1084,1.587,0.414,0.24,0.0,14.2
1783971180.717,1084,2.363,1.483,-0.118,0.0,12.4
1783971180.818,1085,0.929,-0.24,0.008,0.0,13.0
1783971180.818,1085,0.995,-0.751,0.216,0.0,11.7
1783971180.818,1085,1.588,0.414,0.238,0.0,14.2
1783971180.818,1085,2.363,1.483,-0.118,0.0,12.5
1783971180.919,1086,0.929,-0.24,0.007,0.0,13.1
1783971180.919,1086,0.995,-0.751,0.215,0.0,11.8
1783971180.919,1086,1.587,0.414,0.238,0.0,14.3
1783971180.919,1086,2.363,1.483,-0.116,0.0,12.8
1783971181.019,1087,0.929,-0.24,0.007,0.0,13.2
1783971181.019,1087,0.995,-0.751,0.215,0.0,11.9
1783971181.019,1087,1.587,0.414,0.243,0.0,14.3
1783971181.019,1087,2.363,1.483,-0.115,0.0,12.4
1783971181.12,1088,0.929,-0.24,0.008,0.0,13.2
1783971181.12,1088,0.995,-0.751,0.215,0.0,11.9
1783971181.12,1088,1.587,0.414,0.24,0.0,14.2
1783971181.12,1088,2.363,1.483,-0.12,0.0,12.5
1783971181.22,1089,0.929,-0.24,0.008,0.0,13.1
1783971181.22,1089,0.995,-0.751,0.214,0.0,11.9
1783971181.22,1089,1.587,0.414,0.239,0.0,14.5
1783971181.22,1089,2.363,1.483,-0.117,0.0,12.3
1783971181.321,1090,0.929,-0.24,0.009,0.0,13.1
1783971181.321,1090,0.995,-0.751,0.214,0.0,11.9
1783971181.321,1090,1.587,0.414,0.243,0.0,14.5
1783971181.321,1090,2.363,1.483,-0.117,0.0,12.4
1783971181.422,1091,0.929,-0.24,0.008,0.0,13.1
1783971181.422,1091,0.995,-0.751,0.215,0.0,11.8
1783971181.422,1091,1.587,0.414,0.238,0.0,14.5
1783971181.422,1091,2.363,1.483,-0.112,0.0,12.5
1783971181.523,1092,0.929,-0.24,0.009,0.0,13.2
1783971181.523,1092,0.995,-0.751,0.215,0.0,11.8
1783971181.523,1092,1.587,0.414,0.24,0.0,14.5
1783971181.523,1092,2.363,1.483,-0.111,0.0,12.3
1783971181.624,1093,0.929,-0.24,0.009,0.0,13.1
1783971181.624,1093,0.995,-0.751,0.214,0.0,11.8
1783971181.624,1093,1.587,0.414,0.242,0.0,14.5
1783971181.624,1093,2.363,1.483,-0.115,0.0,12.1
1783971181.726,1094,0.929,-0.24,0.009,0.0,13.1
1783971181.726,1094,0.995,-0.751,0.215,0.0,11.7
1783971181.726,1094,1.588,0.414,0.237,0.0,14.6
1783971181.726,1094,2.363,1.483,-0.113,0.0,12.2
1783971181.829,1095,0.929,-0.24,0.009,0.0,13.1
1783971181.829,1095,0.995,-0.751,0.215,0.0,11.8
1783971181.829,1095,1.587,0.414,0.243,0.0,14.7
1783971181.829,1095,2.363,1.483,-0.115,0.0,12.4
1783971181.93,1096,0.929,-0.24,0.009,0.0,13.0
1783971181.93,1096,0.995,-0.751,0.214,0.0,11.8
1783971181.93,1096,1.587,0.414,0.243,0.0,14.8
1783971181.93,1096,2.362,1.483,-0.122,0.0,12.4
1783971182.031,1097,0.929,-0.24,0.01,0.0,13.0
1783971182.031,1097,0.995,-0.751,0.213,0.0,11.8
1783971182.031,1097,1.588,0.414,0.237,0.0,14.8
1783971182.031,1097,2.362,1.483,-0.128,0.0,12.3
1783971182.133,1098,0.929,-0.24,0.01,0.0,13.0
1783971182.133,1098,0.995,-0.751,0.214,0.0,11.7
1783971182.133,1098,1.587,0.414,0.242,0.0,14.8
1783971182.133,1098,2.362,1.483,-0.131,0.0,12.4
1783971182.234,1099,0.929,-0.24,0.01,0.0,12.9
1783971182.234,1099,0.995,-0.751,0.214,0.0,11.6
1783971182.234,1099,1.587,0.414,0.242,0.0,14.5
1783971182.234,1099,2.362,1.483,-0.131,0.0,12.6
1783971182.336,1100,0.929,-0.24,0.008,0.0,12.9
1783971182.336,1100,0.995,-0.751,0.214,0.0,11.7
1783971182.336,1100,1.588,0.414,0.233,0.0,14.5
1783971182.336,1100,2.362,1.483,-0.132,0.0,12.6
1783971182.438,1101,0.929,-0.24,0.007,0.0,12.7
1783971182.438,1101,0.995,-0.751,0.213,0.0,11.7
1783971182.438,1101,1.588,0.414,0.233,0.0,14.5
1783971182.438,1101,2.362,1.483,-0.129,0.0,12.7
1783971182.54,1102,0.929,-0.24,0.007,0.0,12.7
1783971182.54,1102,0.995,-0.751,0.214,0.0,11.7
1783971182.54,1102,1.586,0.414,0.246,0.0,14.5
1783971182.54,1102,2.363,1.483,-0.121,0.0,12.5
1783971182.641,1103,0.929,-0.24,0.007,0.0,12.7
1783971182.641,1103,0.996,-0.751,0.213,0.0,11.7
1783971182.641,1103,1.587,0.414,0.238,0.0,14.4
1783971182.641,1103,2.362,1.483,-0.13,0.0,12.5
1783971182.691,1104,0.929,-0.24,0.008,0.0,12.7
1783971182.691,1104,0.995,-0.751,0.214,0.0,11.7
1783971182.691,1104,1.587,0.414,0.24,0.0,14.4
1783971182.691,1104,2.362,1.483,-0.124,0.0,12.8
1783971182.846,1105,0.929,-0.24,0.008,0.0,12.8
1783971182.846,1105,0.996,-0.751,0.213,0.0,11.9
1783971182.846,1105,1.588,0.414,0.237,0.0,14.5
1783971182.846,1105,2.363,1.483,-0.12,0.0,12.6
1783971182.947,1106,0.929,-0.24,0.007,0.0,12.7
1783971182.947,1106,0.995,-0.751,0.214,0.0,11.7
1783971182.947,1106,1.587,0.414,0.239,0.0,14.5
1783971182.947,1106,2.363,1.483,-0.105,0.0,12.5
1783971182.997,1107,0.929,-0.24,0.008,0.0,12.7
1783971182.997,1107,0.995,-0.751,0.215,0.0,11.6
1783971182.997,1107,1.587,0.414,0.239,0.0,14.4
1783971182.997,1107,2.363,1.483,-0.116,0.0,12.3
1783971183.098,1108,0.929,-0.24,0.008,0.0,12.7
1783971183.098,1108,0.995,-0.751,0.216,0.0,11.6
1783971183.098,1108,1.587,0.414,0.238,0.0,14.5
1783971183.098,1108,2.363,1.483,-0.117,0.0,12.2
1783971183.25,1109,0.929,-0.24,0.009,0.0,12.6
1783971183.25,1109,0.995,-0.751,0.216,0.0,11.5
1783971183.25,1109,1.589,0.414,0.23,0.0,14.2
1783971183.25,1109,2.363,1.483,-0.113,0.0,12.4
1783971183.301,1110,0.929,-0.24,0.009,0.0,12.8
1783971183.301,1110,0.995,-0.751,0.215,0.0,11.5
1783971183.301,1110,1.588,0.414,0.235,0.0,14.0
1783971183.301,1110,2.363,1.483,-0.116,0.0,12.3
1783971183.402,1111,0.929,-0.24,0.009,0.0,13.0
1783971183.402,1111,0.995,-0.751,0.215,0.0,11.5
1783971183.402,1111,1.589,0.414,0.231,0.0,14.2
1783971183.402,1111,2.362,1.483,-0.122,0.0,12.6
1783971183.504,1112,0.929,-0.24,0.008,0.0,12.9
1783971183.504,1112,0.995,-0.751,0.216,0.0,11.5
1783971183.504,1112,1.588,0.414,0.233,0.0,14.3
1783971183.504,1112,2.363,1.483,-0.108,0.0,12.5
1783971183.606,1113,0.929,-0.24,0.008,0.0,12.8
1783971183.606,1113,0.995,-0.751,0.215,0.0,11.5
1783971183.606,1113,1.589,0.414,0.231,0.0,14.4
1783971183.606,1113,2.363,1.483,-0.113,0.0,12.4
1783971183.707,1114,0.929,-0.24,0.007,0.0,13.0
1783971183.707,1114,0.995,-0.751,0.215,0.0,11.6
1783971183.707,1114,1.588,0.414,0.237,0.0,14.2
1783971183.707,1114,2.363,1.483,-0.102,0.0,12.4
1783971183.808,1115,0.929,-0.24,0.008,0.0,13.0
1783971183.808,1115,0.995,-0.751,0.215,0.0,11.6
1783971183.808,1115,1.588,0.414,0.233,0.0,14.2
1783971183.808,1115,2.362,1.483,-0.122,0.0,12.3
1783971183.909,1116,0.929,-0.24,0.008,0.0,13.0
1783971183.909,1116,0.995,-0.751,0.215,0.0,11.6
1783971183.909,1116,1.588,0.414,0.236,0.0,14.2
1783971183.909,1116,2.362,1.483,-0.123,0.0,12.2
1783971184.011,1117,0.929,-0.24,0.008,0.0,13.0
1783971184.011,1117,0.995,-0.751,0.215,0.0,11.6
1783971184.011,1117,1.588,0.414,0.233,0.0,14.2
1783971184.011,1117,2.363,1.483,-0.112,0.0,12.3
1783971184.113,1118,0.929,-0.24,0.008,0.0,12.9
1783971184.113,1118,0.995,-0.751,0.215,0.0,11.6
1783971184.113,1118,1.588,0.414,0.237,0.0,14.3
1783971184.113,1118,2.363,1.483,-0.117,0.0,12.3
1783971184.214,1119,0.929,-0.24,0.008,0.0,12.8
1783971184.214,1119,0.995,-0.751,0.215,0.0,11.6
1783971184.214,1119,1.589,0.414,0.231,0.0,14.2
1783971184.214,1119,2.363,1.483,-0.118,0.0,12.2
1783971184.316,1120,0.929,-0.24,0.009,0.0,12.9
1783971184.316,1120,0.995,-0.751,0.214,0.0,11.7
1783971184.316,1120,1.589,0.414,0.229,0.0,14.3
1783971184.316,1120,2.363,1.483,-0.113,0.0,12.3
1783971184.417,1121,0.929,-0.24,0.008,0.0,13.1
1783971184.417,1121,0.995,-0.751,0.214,0.0,11.7
1783971184.417,1121,1.588,0.414,0.237,0.0,14.2
1783971184.417,1121,2.363,1.483,-0.11,0.0,12.2
1783971184.518,1122,0.929,-0.24,0.007,0.0,13.0
1783971184.518,1122,0.995,-0.751,0.215,0.0,11.7
1783971184.518,1122,1.587,0.414,0.239,0.0,14.3
1783971184.518,1122,2.363,1.483,-0.108,0.0,12.2
1783971184.619,1123,0.929,-0.24,0.008,0.0,13.0
1783971184.619,1123,0.995,-0.751,0.215,0.0,11.6
1783971184.619,1123,1.587,0.414,0.238,0.0,14.1
1783971184.619,1123,2.363,1.483,-0.113,0.0,12.3
1783971184.719,1124,0.929,-0.24,0.009,0.0,13.2
1783971184.719,1124,0.995,-0.751,0.214,0.0,11.7
1783971184.719,1124,1.588,0.414,0.235,0.0,14.2
1783971184.719,1124,2.363,1.483,-0.114,0.0,12.6
1783971184.82,1125,0.929,-0.24,0.008,0.0,13.2
1783971184.82,1125,0.995,-0.751,0.214,0.0,11.7
1783971184.82,1125,1.588,0.414,0.232,0.0,14.3
1783971184.82,1125,2.363,1.483,-0.113,0.0,12.9
1783971184.922,1126,0.929,-0.24,0.007,0.0,13.2
1783971184.922,1126,0.995,-0.751,0.213,0.0,11.8
1783971184.922,1126,1.588,0.414,0.237,0.0,14.2
1783971184.922,1126,2.362,1.483,-0.122,0.0,13.0
1783971185.022,1127,0.929,-0.24,0.007,0.0,13.1
1783971185.022,1127,0.996,-0.751,0.213,0.0,11.7
1783971185.022,1127,1.588,0.414,0.236,0.0,14.4
1783971185.022,1127,2.363,1.483,-0.12,0.0,12.7
1783971185.123,1128,0.929,-0.24,0.007,0.0,12.9
1783971185.123,1128,0.996,-0.751,0.213,0.0,11.7
1783971185.123,1128,1.588,0.414,0.233,0.0,14.6
1783971185.123,1128,2.363,1.483,-0.11,0.0,12.7
1783971185.224,1129,0.929,-0.24,0.007,0.0,12.8
1783971185.224,1129,0.996,-0.751,0.213,0.0,11.7
1783971185.224,1129,1.588,0.414,0.237,0.0,14.4
1783971185.224,1129,2.363,1.483,-0.105,0.0,12.7
1783971185.325,1130,0.929,-0.24,0.005,0.0,12.8
1783971185.325,1130,0.996,-0.751,0.213,0.0,11.8
1783971185.325,1130,1.588,0.414,0.235,0.0,14.5
1783971185.325,1130,2.363,1.483,-0.116,0.0,12.7
1783971185.428,1131,0.929,-0.24,0.006,0.0,12.8
1783971185.428,1131,0.995,-0.751,0.214,0.0,11.8
1783971185.428,1131,1.589,0.414,0.231,0.0,14.4
1783971185.428,1131,2.363,1.483,-0.119,0.0,12.8
1783971185.531,1132,0.929,-0.24,0.006,0.0,12.8
1783971185.531,1132,0.996,-0.751,0.213,0.0,11.8
1783971185.531,1132,1.588,0.414,0.236,0.0,14.4
1783971185.531,1132,2.363,1.483,-0.115,0.0,12.6
1783971185.632,1133,0.929,-0.24,0.006,0.0,12.6
1783971185.632,1133,0.996,-0.751,0.213,0.0,11.7
1783971185.632,1133,1.588,0.414,0.238,0.0,14.4
1783971185.632,1133,2.362,1.483,-0.123,0.0,12.5
1783971185.733,1134,0.929,-0.24,0.006,0.0,12.7
1783971185.733,1134,0.996,-0.751,0.213,0.0,11.7
1783971185.733,1134,1.588,0.414,0.235,0.0,14.3
1783971185.733,1134,2.363,1.483,-0.117,0.0,12.6
1783971185.834,1135,0.929,-0.24,0.006,0.0,12.7
1783971185.834,1135,0.995,-0.751,0.214,0.0,11.7
1783971185.834,1135,1.587,0.414,0.239,0.0,14.4
1783971185.834,1135,2.363,1.483,-0.119,0.0,12.7
1783971185.935,1136,0.929,-0.24,0.007,0.0,12.6
1783971185.935,1136,0.995,-0.751,0.214,0.0,11.6
1783971185.935,1136,1.588,0.414,0.236,0.0,14.3
1783971185.935,1136,2.363,1.483,-0.116,0.0,12.5
1783971186.035,1137,0.929,-0.24,0.007,0.0,12.7
1783971186.035,1137,0.995,-0.751,0.214,0.0,11.6
1783971186.035,1137,1.588,0.414,0.238,0.0,14.3
1783971186.035,1137,2.362,1.483,-0.122,0.0,12.6
1783971186.137,1138,0.929,-0.24,0.007,0.0,12.8
1783971186.137,1138,0.995,-0.751,0.214,0.0,11.6
1783971186.137,1138,1.588,0.414,0.237,0.0,14.3
1783971186.137,1138,2.362,1.483,-0.122,0.0,12.8
1783971186.238,1139,0.929,-0.24,0.007,0.0,12.8
1783971186.238,1139,0.995,-0.751,0.214,0.0,11.6
1783971186.238,1139,1.587,0.414,0.238,0.0,14.6
1783971186.238,1139,2.362,1.483,-0.125,0.0,12.6
1783971186.293,1140,0.929,-0.24,0.007,0.0,12.8
1783971186.293,1140,0.995,-0.751,0.214,0.0,11.6
1783971186.293,1140,1.587,0.414,0.24,0.0,14.5
1783971186.293,1140,2.362,1.483,-0.124,0.0,12.6
1783971186.396,1141,0.929,-0.24,0.006,0.0,12.8
1783971186.396,1141,0.995,-0.751,0.214,0.0,11.6
1783971186.396,1141,1.588,0.414,0.235,0.0,14.5
1783971186.396,1141,2.362,1.483,-0.128,0.0,12.5
1783971186.547,1142,0.929,-0.24,0.006,0.0,12.7
1783971186.547,1142,0.996,-0.751,0.213,0.0,11.7
1783971186.547,1142,1.587,0.414,0.241,0.0,14.5
1783971186.547,1142,2.362,1.483,-0.128,0.0,12.5
1783971186.599,1143,0.929,-0.24,0.006,0.0,12.7
1783971186.599,1143,0.995,-0.751,0.213,0.0,11.7
1783971186.599,1143,1.587,0.414,0.242,0.0,14.5
1783971186.599,1143,2.362,1.483,-0.122,0.0,12.6
1783971186.701,1144,0.929,-0.24,0.007,0.0,12.7
1783971186.701,1144,0.995,-0.751,0.214,0.0,11.6
1783971186.701,1144,1.587,0.414,0.239,0.0,14.4
1783971186.701,1144,2.363,1.483,-0.114,0.0,12.4
1783971186.802,1145,0.929,-0.24,0.007,0.0,12.6
1783971186.802,1145,0.996,-0.751,0.213,0.0,11.6
1783971186.802,1145,1.588,0.414,0.238,0.0,14.5
1783971186.802,1145,2.363,1.483,-0.112,0.0,12.3
1783971186.905,1146,0.929,-0.24,0.007,0.0,12.6
1783971186.905,1146,0.996,-0.751,0.213,0.0,11.6
1783971186.905,1146,1.588,0.414,0.235,0.0,14.5
1783971186.905,1146,2.363,1.483,-0.109,0.0,12.4
1783971187.005,1147,0.929,-0.24,0.007,0.0,12.6
1783971187.005,1147,0.996,-0.751,0.212,0.0,11.7
1783971187.005,1147,1.587,0.414,0.239,0.0,14.4
1783971187.005,1147,2.363,1.483,-0.117,0.0,12.5
1783971187.106,1148,0.929,-0.24,0.007,0.0,12.7
1783971187.106,1148,0.996,-0.751,0.212,0.0,11.7
1783971187.106,1148,1.588,0.414,0.235,0.0,14.4
1783971187.106,1148,2.362,1.483,-0.124,0.0,12.4
1783971187.209,1149,0.929,-0.24,0.007,0.0,12.7
1783971187.209,1149,0.996,-0.751,0.212,0.0,11.7
1783971187.209,1149,1.587,0.414,0.24,0.0,14.5
1783971187.209,1149,2.362,1.483,-0.124,0.0,12.4
1783971187.311,1150,0.929,-0.24,0.007,0.0,12.8
1783971187.311,1150,0.996,-0.751,0.213,0.0,11.7
1783971187.311,1150,1.588,0.414,0.236,0.0,14.4
1783971187.311,1150,2.363,1.483,-0.116,0.0,12.3
1783971187.414,1151,0.929,-0.24,0.007,0.0,12.8
1783971187.414,1151,0.995,-0.751,0.214,0.0,11.7
1783971187.414,1151,1.588,0.414,0.236,0.0,14.4
1783971187.414,1151,2.363,1.483,-0.118,0.0,12.4
1783971187.519,1152,0.929,-0.24,0.008,0.0,12.7
1783971187.519,1152,0.996,-0.751,0.213,0.0,11.7
1783971187.519,1152,1.588,0.414,0.233,0.0,14.4
1783971187.519,1152,2.362,1.483,-0.124,0.0,12.5
1783971187.622,1153,0.929,-0.24,0.008,0.0,12.6
1783971187.622,1153,0.995,-0.751,0.214,0.0,11.6
1783971187.622,1153,1.587,0.414,0.239,0.0,14.4
1783971187.622,1153,2.362,1.483,-0.125,0.0,12.4
1783971187.724,1154,0.929,-0.24,0.007,0.0,12.5
1783971187.724,1154,0.995,-0.751,0.215,0.0,11.6
1783971187.724,1154,1.588,0.414,0.236,0.0,14.6
1783971187.724,1154,2.362,1.483,-0.122,0.0,12.5
1783971187.827,1155,0.929,-0.24,0.006,0.0,12.4
1783971187.827,1155,0.995,-0.751,0.214,0.0,11.6
1783971187.827,1155,1.588,0.414,0.233,0.0,14.7
1783971187.827,1155,2.362,1.483,-0.132,0.0,12.5
1783971187.93,1156,0.929,-0.24,0.006,0.0,12.4
1783971187.93,1156,0.995,-0.751,0.214,0.0,11.6
1783971187.93,1156,1.588,0.414,0.238,0.0,14.5
1783971187.93,1156,2.362,1.483,-0.125,0.0,12.6
1783971188.032,1157,0.929,-0.24,0.006,0.0,12.3
1783971188.032,1157,0.995,-0.751,0.214,0.0,11.6
1783971188.032,1157,1.587,0.414,0.24,0.0,14.6
1783971188.032,1157,2.362,1.483,-0.127,0.0,12.6
1783971188.137,1158,0.929,-0.24,0.006,0.0,12.3
1783971188.137,1158,0.996,-0.751,0.213,0.0,11.6
1783971188.137,1158,1.587,0.414,0.24,0.0,14.4
1783971188.137,1158,2.363,1.483,-0.119,0.0,12.6
1783971188.241,1159,0.929,-0.24,0.005,0.0,12.3
1783971188.241,1159,0.995,-0.751,0.214,0.0,11.6
1783971188.241,1159,1.587,0.414,0.243,0.0,14.5
1783971188.241,1159,2.362,1.483,-0.129,0.0,12.5
1783971188.346,1160,0.929,-0.24,0.006,0.0,12.3
1783971188.346,1160,0.995,-0.751,0.214,0.0,11.6
1783971188.346,1160,1.587,0.414,0.241,0.0,14.5
1783971188.346,1160,2.362,1.483,-0.127,0.0,12.5
1783971188.399,1161,0.929,-0.24,0.005,0.0,12.3
1783971188.399,1161,0.995,-0.751,0.214,0.0,11.7
1783971188.399,1161,1.587,0.414,0.243,0.0,14.5
1783971188.399,1161,2.363,1.483,-0.121,0.0,12.6
1783971188.501,1162,0.929,-0.24,0.005,0.0,12.3
1783971188.501,1162,0.995,-0.751,0.214,0.0,11.6
1783971188.501,1162,1.587,0.414,0.242,0.0,14.4
1783971188.501,1162,2.363,1.483,-0.119,0.0,12.6
1783971188.603,1163,0.929,-0.24,0.005,0.0,12.3
1783971188.603,1163,0.995,-0.751,0.214,0.0,11.6
1783971188.603,1163,1.587,0.414,0.238,0.0,14.4
1783971188.603,1163,2.363,1.483,-0.121,0.0,12.6
1783971188.704,1164,0.929,-0.24,0.006,0.0,12.3
1783971188.704,1164,0.995,-0.751,0.214,0.0,11.6
1783971188.704,1164,1.588,0.414,0.236,0.0,14.7
1783971188.704,1164,2.362,1.483,-0.123,0.0,12.5
1783971188.805,1165,0.929,-0.24,0.006,0.0,12.4
1783971188.805,1165,0.995,-0.751,0.214,0.0,11.6
1783971188.805,1165,1.587,0.414,0.24,0.0,14.5
1783971188.805,1165,2.362,1.483,-0.123,0.0,12.5
1783971188.906,1166,0.929,-0.24,0.006,0.0,12.5
1783971188.906,1166,0.996,-0.751,0.213,0.0,11.6
1783971188.906,1166,1.587,0.414,0.239,0.0,14.4
1783971188.906,1166,2.362,1.483,-0.128,0.0,12.4
1783971189.007,1167,0.929,-0.24,0.006,0.0,12.7
1783971189.007,1167,0.996,-0.751,0.213,0.0,11.6
1783971189.007,1167,1.587,0.414,0.24,0.0,14.4
1783971189.007,1167,2.362,1.483,-0.126,0.0,12.6
1783971189.109,1168,0.929,-0.24,0.006,0.0,12.5
1783971189.109,1168,0.996,-0.751,0.213,0.0,11.6
1783971189.109,1168,1.587,0.414,0.244,0.0,14.3
1783971189.109,1168,2.362,1.483,-0.123,0.0,12.4
1783971189.209,1169,0.929,-0.24,0.006,0.0,12.4
1783971189.209,1169,0.996,-0.751,0.213,0.0,11.6
1783971189.209,1169,1.587,0.414,0.244,0.0,14.4
1783971189.209,1169,2.363,1.483,-0.121,0.0,12.4
1783971189.31,1170,0.929,-0.24,0.006,0.0,12.4
1783971189.31,1170,0.996,-0.751,0.213,0.0,11.5
1783971189.31,1170,1.587,0.414,0.242,0.0,14.5
1783971189.31,1170,2.363,1.483,-0.12,0.0,12.4
1783971189.411,1171,0.929,-0.24,0.007,0.0,12.4
1783971189.411,1171,0.996,-0.751,0.212,0.0,11.5
1783971189.411,1171,1.587,0.414,0.24,0.0,14.4
1783971189.411,1171,2.362,1.483,-0.123,0.0,12.3
1783971189.511,1172,0.929,-0.24,0.007,0.0,12.5
1783971189.511,1172,0.996,-0.751,0.213,0.0,11.5
1783971189.511,1172,1.587,0.414,0.238,0.0,14.5
1783971189.511,1172,2.363,1.483,-0.121,0.0,12.3
1783971189.613,1173,0.929,-0.24,0.008,0.0,12.4
1783971189.613,1173,0.996,-0.751,0.213,0.0,11.4
1783971189.613,1173,1.587,0.414,0.239,0.0,14.6
1783971189.613,1173,2.363,1.483,-0.112,0.0,12.4
1783971189.714,1174,0.929,-0.24,0.007,0.0,12.5
1783971189.714,1174,0.996,-0.751,0.213,0.0,11.4
1783971189.714,1174,1.587,0.414,0.244,0.0,14.7
1783971189.714,1174,2.363,1.483,-0.114,0.0,12.6
1783971189.815,1175,0.929,-0.24,0.007,0.0,12.4
1783971189.815,1175,0.996,-0.751,0.213,0.0,11.4
1783971189.815,1175,1.587,0.414,0.242,0.0,14.5
1783971189.815,1175,2.363,1.483,-0.12,0.0,12.4
1783971189.915,1176,0.929,-0.24,0.007,0.0,12.4
1783971189.915,1176,0.995,-0.751,0.214,0.0,11.4
1783971189.915,1176,1.587,0.414,0.241,0.0,14.6
1783971189.915,1176,2.363,1.483,-0.12,0.0,12.3
1783971190.017,1177,0.929,-0.24,0.007,0.0,12.4
1783971190.017,1177,0.995,-0.751,0.214,0.0,11.4
1783971190.017,1177,1.587,0.414,0.24,0.0,14.5
1783971190.017,1177,2.363,1.483,-0.12,0.0,12.3
1783971190.118,1178,0.929,-0.24,0.007,0.0,12.4
1783971190.118,1178,0.995,-0.751,0.215,0.0,11.4
1783971190.118,1178,1.587,0.414,0.241,0.0,14.5
1783971190.118,1178,2.362,1.483,-0.122,0.0,12.5
1783971190.219,1179,0.929,-0.24,0.006,0.0,12.5
1783971190.219,1179,0.995,-0.751,0.215,0.0,11.6
1783971190.219,1179,1.588,0.414,0.238,0.0,14.6
1783971190.219,1179,2.362,1.483,-0.126,0.0,12.6
1783971190.321,1180,0.929,-0.24,0.006,0.0,12.6
1783971190.321,1180,0.995,-0.751,0.216,0.0,11.6
1783971190.321,1180,1.588,0.414,0.238,0.0,14.6
1783971190.321,1180,2.362,1.483,-0.126,0.0,12.7
1783971190.423,1181,0.929,-0.24,0.006,0.0,12.7
1783971190.423,1181,0.995,-0.751,0.215,0.0,11.6
1783971190.423,1181,1.588,0.414,0.238,0.0,14.6
1783971190.423,1181,2.362,1.483,-0.133,0.0,12.4
1783971190.523,1182,0.929,-0.24,0.006,0.0,12.6
1783971190.523,1182,0.995,-0.751,0.215,0.0,11.6
1783971190.523,1182,1.587,0.414,0.243,0.0,14.6
1783971190.523,1182,2.362,1.483,-0.132,0.0,12.6
1783971190.625,1183,0.929,-0.24,0.006,0.0,12.5
1783971190.625,1183,0.995,-0.751,0.215,0.0,11.6
1783971190.625,1183,1.587,0.414,0.241,0.0,14.7
1783971190.625,1183,2.362,1.483,-0.128,0.0,12.7
1783971190.727,1184,0.929,-0.24,0.005,0.0,12.5
1783971190.727,1184,0.995,-0.751,0.214,0.0,11.6
1783971190.727,1184,1.587,0.414,0.24,0.0,14.7
1783971190.727,1184,2.362,1.483,-0.124,0.0,12.6
1783971190.828,1185,0.929,-0.24,0.005,0.0,12.5
1783971190.828,1185,0.995,-0.751,0.214,0.0,11.6
1783971190.828,1185,1.587,0.414,0.24,0.0,14.9
1783971190.828,1185,2.362,1.483,-0.129,0.0,12.6
1783971190.93,1186,0.929,-0.24,0.005,0.0,12.4
1783971190.93,1186,0.995,-0.751,0.215,0.0,11.7
1783971190.93,1186,1.588,0.414,0.236,0.0,14.5
1783971190.93,1186,2.362,1.483,-0.134,0.0,12.6
1783971191.032,1187,0.929,-0.24,0.006,0.0,12.4
1783971191.032,1187,0.995,-0.751,0.214,0.0,11.7
1783971191.032,1187,1.588,0.414,0.236,0.0,14.5
1783971191.032,1187,2.362,1.483,-0.124,0.0,12.6
1783971191.133,1188,0.929,-0.24,0.005,0.0,12.4
1783971191.133,1188,0.995,-0.751,0.214,0.0,11.7
1783971191.133,1188,1.587,0.414,0.239,0.0,14.4
1783971191.133,1188,2.362,1.483,-0.124,0.0,12.6
1783971191.234,1189,0.929,-0.24,0.005,0.0,12.5
1783971191.234,1189,0.995,-0.751,0.214,0.0,11.7
1783971191.234,1189,1.587,0.414,0.24,0.0,14.4
1783971191.234,1189,2.362,1.483,-0.124,0.0,12.6
1783971191.335,1190,0.929,-0.24,0.005,0.0,12.4
1783971191.335,1190,0.995,-0.751,0.214,0.0,11.8
1783971191.335,1190,1.587,0.414,0.241,0.0,14.5
1783971191.335,1190,2.362,1.483,-0.124,0.0,12.7
1783971191.438,1191,0.929,-0.24,0.005,0.0,12.6
1783971191.438,1191,0.995,-0.751,0.214,0.0,11.8
1783971191.438,1191,1.587,0.414,0.24,0.0,14.5
1783971191.438,1191,2.362,1.483,-0.123,0.0,12.7
1783971191.539,1192,0.929,-0.24,0.005,0.0,12.7
1783971191.539,1192,0.995,-0.751,0.214,0.0,11.8
1783971191.539,1192,1.587,0.414,0.238,0.0,14.4
1783971191.539,1192,2.362,1.483,-0.122,0.0,12.5
1783971191.641,1193,0.929,-0.24,0.005,0.0,12.5
1783971191.641,1193,0.995,-0.751,0.214,0.0,11.7
1783971191.641,1193,1.587,0.414,0.239,0.0,14.5
1783971191.641,1193,2.363,1.483,-0.118,0.0,12.6
1783971191.692,1194,0.929,-0.24,0.005,0.0,12.6
1783971191.692,1194,0.995,-0.751,0.215,0.0,11.6
1783971191.692,1194,1.587,0.414,0.243,0.0,14.5
1783971191.692,1194,2.363,1.483,-0.121,0.0,12.4
1783971191.842,1195,0.929,-0.24,0.006,0.0,12.7
1783971191.842,1195,0.995,-0.751,0.215,0.0,11.6
1783971191.842,1195,1.587,0.414,0.241,0.0,14.6
1783971191.842,1195,2.362,1.483,-0.124,0.0,12.3
1783971191.942,1196,0.929,-0.24,0.006,0.0,12.7
1783971191.942,1196,0.996,-0.751,0.213,0.0,11.7
1783971191.942,1196,1.587,0.414,0.239,0.0,14.7
1783971191.942,1196,2.363,1.483,-0.121,0.0,12.5
1783971191.993,1197,0.929,-0.24,0.006,0.0,12.6
1783971191.993,1197,0.995,-0.751,0.214,0.0,11.7
1783971191.993,1197,1.587,0.414,0.243,0.0,14.7
1783971191.993,1197,2.363,1.483,-0.116,0.0,12.7
1783971192.144,1198,0.929,-0.24,0.006,0.0,12.6
1783971192.144,1198,0.995,-0.751,0.214,0.0,11.5
1783971192.144,1198,1.587,0.414,0.241,0.0,14.9
1783971192.144,1198,2.363,1.483,-0.106,0.0,12.8
1783971192.246,1199,0.929,-0.24,0.006,0.0,12.6
1783971192.246,1199,0.995,-0.751,0.214,0.0,11.6
1783971192.246,1199,1.587,0.414,0.241,0.0,14.6
1783971192.246,1199,2.363,1.483,-0.111,0.0,12.6
1783971192.297,1200,0.929,-0.24,0.006,0.0,12.6
1783971192.297,1200,0.995,-0.751,0.214,0.0,11.6
1783971192.297,1200,1.587,0.414,0.243,0.0,14.7
1783971192.297,1200,2.363,1.483,-0.119,0.0,12.5
1783971192.399,1201,0.929,-0.24,0.006,0.0,12.5
1783971192.399,1201,0.996,-0.751,0.213,0.0,11.7
1783971192.399,1201,1.587,0.414,0.238,0.0,14.7
1783971192.399,1201,2.363,1.483,-0.107,0.0,12.4
1783971192.5,1202,0.929,-0.24,0.006,0.0,12.7
1783971192.5,1202,0.996,-0.751,0.212,0.0,11.6
1783971192.5,1202,1.587,0.414,0.241,0.0,14.3
1783971192.5,1202,2.364,1.483,-0.1,0.0,12.7
1783971192.601,1203,0.929,-0.24,0.006,0.0,12.6
1783971192.601,1203,0.996,-0.751,0.213,0.0,11.6
1783971192.601,1203,1.587,0.414,0.241,0.0,14.3
1783971192.601,1203,2.363,1.483,-0.104,0.0,12.5
1783971192.704,1204,0.929,-0.24,0.005,0.0,12.6
1783971192.704,1204,0.995,-0.751,0.214,0.0,11.6
1783971192.704,1204,1.587,0.414,0.243,0.0,14.4
1783971192.704,1204,2.364,1.483,-0.098,0.0,12.5
1783971192.809,1205,0.929,-0.24,0.007,0.0,12.5
1783971192.809,1205,0.996,-0.751,0.212,0.0,11.5
1783971192.809,1205,1.588,0.414,0.237,0.0,14.5
1783971192.809,1205,2.363,1.483,-0.119,0.0,12.8
1783971192.91,1206,0.929,-0.24,0.006,0.0,12.6
1783971192.91,1206,0.995,-0.751,0.213,0.0,11.6
1783971192.91,1206,1.587,0.414,0.241,0.0,14.6
1783971192.91,1206,2.363,1.483,-0.114,0.0,12.5
1783971193.026,1207,0.929,-0.24,0.005,0.0,12.6
1783971193.026,1207,0.995,-0.751,0.213,0.0,11.6
1783971193.026,1207,1.587,0.414,0.239,0.0,14.7
1783971193.026,1207,2.363,1.483,-0.11,0.0,12.4
1783971193.131,1208,0.929,-0.24,0.005,0.0,12.5
1783971193.131,1208,0.995,-0.751,0.214,0.0,11.7
1783971193.131,1208,1.587,0.414,0.242,0.0,14.7
1783971193.131,1208,2.363,1.483,-0.112,0.0,12.7
1783971193.234,1209,0.929,-0.24,0.004,0.0,12.5
1783971193.234,1209,0.995,-0.751,0.214,0.0,11.7
1783971193.234,1209,1.587,0.414,0.239,0.0,14.6
1783971193.234,1209,2.363,1.483,-0.11,0.0,12.6
1783971193.335,1210,0.929,-0.24,0.006,0.0,12.4
1783971193.335,1210,0.995,-0.751,0.214,0.0,11.6
1783971193.335,1210,1.588,0.414,0.236,0.0,14.6
1783971193.335,1210,2.364,1.483,-0.096,0.0,12.6
1783971193.436,1211,0.929,-0.24,0.004,0.0,12.4
1783971193.436,1211,0.995,-0.751,0.215,0.0,11.6
1783971193.436,1211,1.588,0.414,0.237,0.0,14.5
1783971193.436,1211,2.363,1.483,-0.103,0.0,12.7
1783971193.538,1212,0.929,-0.24,0.006,0.0,12.7
1783971193.538,1212,0.995,-0.751,0.214,0.0,11.6
1783971193.538,1212,1.587,0.414,0.238,0.0,14.3
1783971193.538,1212,2.364,1.483,-0.097,0.0,12.5
1783971193.64,1213,0.929,-0.24,0.006,0.0,12.8
1783971193.64,1213,0.995,-0.751,0.215,0.0,11.7
1783971193.64,1213,1.587,0.414,0.239,0.0,14.6
1783971193.64,1213,2.364,1.483,-0.096,0.0,12.7
1783971193.74,1214,0.929,-0.24,0.005,0.0,12.9
1783971193.74,1214,0.995,-0.751,0.213,0.0,11.7
1783971193.74,1214,1.588,0.414,0.233,0.0,14.4
1783971193.74,1214,2.363,1.483,-0.101,0.0,12.5
1783971193.841,1215,0.929,-0.24,0.005,0.0,12.7
1783971193.841,1215,0.995,-0.751,0.214,0.0,11.7
1783971193.841,1215,1.587,0.414,0.24,0.0,14.2
1783971193.841,1215,2.363,1.483,-0.109,0.0,12.4
1783971193.945,1216,0.929,-0.24,0.005,0.0,12.4
1783971193.945,1216,0.995,-0.751,0.215,0.0,11.6
1783971193.945,1216,1.587,0.414,0.239,0.0,14.4
1783971193.945,1216,2.363,1.483,-0.106,0.0,12.7
1783971194.047,1217,0.929,-0.24,0.004,0.0,12.4
1783971194.047,1217,0.995,-0.751,0.214,0.0,11.6
1783971194.047,1217,1.588,0.414,0.238,0.0,14.3
1783971194.047,1217,2.363,1.483,-0.101,0.0,12.6
1783971194.098,1218,0.929,-0.24,0.005,0.0,12.5
1783971194.098,1218,0.995,-0.751,0.214,0.0,11.7
1783971194.098,1218,1.588,0.414,0.238,0.0,14.5
1783971194.098,1218,2.364,1.483,-0.093,0.0,12.5
1783971194.201,1219,0.929,-0.24,0.005,0.0,12.8
1783971194.201,1219,0.995,-0.751,0.214,0.0,11.7
1783971194.201,1219,1.587,0.414,0.24,0.0,14.6
1783971194.201,1219,2.363,1.483,-0.111,0.0,12.4
1783971194.302,1220,0.929,-0.24,0.004,0.0,12.5
1783971194.302,1220,0.995,-0.751,0.214,0.0,11.7
1783971194.302,1220,1.587,0.414,0.24,0.0,14.6
1783971194.302,1220,2.363,1.483,-0.104,0.0,12.5
1783971194.404,1221,0.929,-0.24,0.005,0.0,12.6
1783971194.404,1221,0.996,-0.751,0.213,0.0,11.5
1783971194.404,1221,1.587,0.414,0.244,0.0,14.6
1783971194.404,1221,2.364,1.483,-0.094,0.0,12.5
1783971194.505,1222,0.929,-0.24,0.007,0.0,12.8
1783971194.505,1222,0.995,-0.751,0.213,0.0,11.6
1783971194.505,1222,1.587,0.414,0.239,0.0,14.3
1783971194.505,1222,2.363,1.483,-0.103,0.0,12.5
1783971194.607,1223,0.929,-0.24,0.006,0.0,12.5
1783971194.607,1223,0.995,-0.751,0.213,0.0,11.6
1783971194.607,1223,1.587,0.414,0.243,0.0,14.8
1783971194.607,1223,2.363,1.483,-0.108,0.0,12.7
1783971194.708,1224,0.929,-0.24,0.007,0.0,12.7
1783971194.708,1224,0.995,-0.751,0.214,0.0,11.6
1783971194.708,1224,1.587,0.414,0.243,0.0,14.4
1783971194.708,1224,2.363,1.483,-0.103,0.0,12.6
1783971194.811,1225,0.929,-0.24,0.004,0.0,12.8
1783971194.811,1225,0.995,-0.751,0.214,0.0,11.7
1783971194.811,1225,1.587,0.414,0.243,0.0,14.7
1783971194.811,1225,2.364,1.483,-0.092,0.0,12.6
1783971194.912,1226,0.929,-0.24,0.004,0.0,12.6
1783971194.912,1226,0.995,-0.751,0.214,0.0,11.7
1783971194.912,1226,1.587,0.414,0.243,0.0,14.4
1783971194.912,1226,2.364,1.483,-0.092,0.0,12.6
1783971195.013,1227,0.929,-0.24,0.006,0.0,12.5
1783971195.013,1227,0.995,-0.751,0.214,0.0,11.5
1783971195.013,1227,1.586,0.414,0.245,0.0,14.6
1783971195.013,1227,2.364,1.483,-0.1,0.0,12.8
1783971195.114,1228,0.929,-0.24,0.006,0.0,12.7
1783971195.114,1228,0.995,-0.751,0.213,0.0,11.6
1783971195.114,1228,1.587,0.414,0.24,0.0,14.5
1783971195.114,1228,2.363,1.483,-0.103,0.0,12.8
1783971195.215,1229,0.929,-0.24,0.006,0.0,12.7
1783971195.215,1229,0.996,-0.751,0.213,0.0,11.6
1783971195.215,1229,1.587,0.414,0.24,0.0,14.8
1783971195.215,1229,2.363,1.483,-0.112,0.0,12.9
1783971195.315,1230,0.929,-0.24,0.006,0.0,12.7
1783971195.315,1230,0.995,-0.751,0.214,0.0,11.7
1783971195.315,1230,1.588,0.414,0.237,0.0,14.9
1783971195.315,1230,2.363,1.483,-0.104,0.0,12.5
1783971195.416,1231,0.929,-0.24,0.005,0.0,12.8
1783971195.416,1231,0.995,-0.751,0.214,0.0,11.7
1783971195.416,1231,1.587,0.414,0.24,0.0,14.7
1783971195.416,1231,2.364,1.483,-0.099,0.0,12.4
1783971195.517,1232,0.929,-0.24,0.006,0.0,12.5
1783971195.517,1232,0.995,-0.751,0.214,0.0,11.6
1783971195.517,1232,1.588,0.414,0.235,0.0,14.7
1783971195.517,1232,2.364,1.483,-0.099,0.0,12.7
1783971195.619,1233,0.929,-0.24,0.005,0.0,12.5
1783971195.619,1233,0.996,-0.751,0.213,0.0,11.6
1783971195.619,1233,1.587,0.414,0.241,0.0,14.9
1783971195.619,1233,2.364,1.483,-0.095,0.0,12.5
1783971195.72,1234,0.929,-0.24,0.006,0.0,12.6
1783971195.72,1234,0.995,-0.751,0.213,0.0,11.5
1783971195.72,1234,1.587,0.414,0.241,0.0,14.8
1783971195.72,1234,2.364,1.483,-0.096,0.0,12.5
1783971195.821,1235,0.929,-0.24,0.005,0.0,12.5
1783971195.821,1235,0.996,-0.751,0.212,0.0,11.6
1783971195.821,1235,1.587,0.414,0.238,0.0,14.7
1783971195.821,1235,2.364,1.483,-0.088,0.0,12.4
1783971195.924,1236,0.929,-0.24,0.005,0.0,12.7
1783971195.924,1236,0.995,-0.751,0.213,0.0,11.8
1783971195.924,1236,1.587,0.414,0.238,0.0,14.6
1783971195.924,1236,2.364,1.483,-0.096,0.0,12.6
1783971196.024,1237,0.929,-0.24,0.005,0.0,12.7
1783971196.024,1237,0.996,-0.751,0.213,0.0,11.5
1783971196.024,1237,1.587,0.414,0.241,0.0,14.5
1783971196.024,1237,2.364,1.483,-0.099,0.0,12.4
1783971196.128,1238,0.929,-0.24,0.006,0.0,12.5
1783971196.128,1238,0.996,-0.751,0.213,0.0,11.5
1783971196.128,1238,1.587,0.414,0.239,0.0,14.6
1783971196.128,1238,2.364,1.483,-0.098,0.0,12.2
1783971196.229,1239,0.929,-0.24,0.005,0.0,12.6
1783971196.229,1239,0.995,-0.751,0.214,0.0,11.6
1783971196.229,1239,1.588,0.414,0.237,0.0,14.5
1783971196.229,1239,2.364,1.483,-0.099,0.0,12.2
1783971196.329,1240,0.929,-0.24,0.004,0.0,12.5
1783971196.329,1240,0.995,-0.751,0.215,0.0,11.7
1783971196.329,1240,1.587,0.414,0.24,0.0,14.7
1783971196.329,1240,2.364,1.483,-0.096,0.0,12.2
1783971196.43,1241,0.929,-0.24,0.005,0.0,12.7
1783971196.43,1241,0.995,-0.751,0.214,0.0,11.8
1783971196.43,1241,1.587,0.414,0.239,0.0,14.6
1783971196.43,1241,2.364,1.483,-0.096,0.0,12.4
1783971196.531,1242,0.929,-0.24,0.005,0.0,12.8
1783971196.531,1242,0.995,-0.751,0.214,0.0,11.9
1783971196.531,1242,1.587,0.414,0.238,0.0,14.5
1783971196.531,1242,2.364,1.483,-0.094,0.0,11.2
1783971196.632,1243,0.929,-0.24,0.006,0.0,12.7
1783971196.632,1243,0.995,-0.751,0.214,0.0,11.7
1783971196.632,1243,1.587,0.414,0.243,0.0,14.6
1783971196.632,1243,2.364,1.483,-0.099,0.0,11.5
1783971196.734,1244,0.929,-0.24,0.006,0.0,12.7
1783971196.734,1244,0.995,-0.751,0.213,0.0,11.5
1783971196.734,1244,1.587,0.414,0.242,0.0,14.4
1783971196.734,1244,2.363,1.483,-0.1,0.0,12.3
1783971196.834,1245,0.929,-0.24,0.007,0.0,12.8
1783971196.834,1245,0.995,-0.751,0.214,0.0,11.6
1783971196.834,1245,1.588,0.414,0.236,0.0,14.4
1783971196.834,1245,2.363,1.483,-0.107,0.0,12.4
1783971196.935,1246,0.929,-0.24,0.007,0.0,12.7
1783971196.935,1246,0.996,-0.751,0.213,0.0,11.5
1783971196.935,1246,1.588,0.414,0.238,0.0,14.5
1783971196.935,1246,2.363,1.483,-0.104,0.0,12.4
1783971197.036,1247,0.929,-0.24,0.006,0.0,12.5
1783971197.036,1247,0.995,-0.751,0.213,0.0,11.5
1783971197.036,1247,1.588,0.414,0.237,0.0,14.7
1783971197.036,1247,2.363,1.483,-0.105,0.0,12.8
1783971197.141,1248,0.929,-0.24,0.004,0.0,12.6
1783971197.141,1248,0.996,-0.751,0.213,0.0,11.7
1783971197.141,1248,1.588,0.414,0.238,0.0,14.8
1783971197.141,1248,2.364,1.483,-0.097,0.0,12.6
1783971197.243,1249,0.929,-0.24,0.004,0.0,12.7
1783971197.243,1249,0.996,-0.751,0.212,0.0,11.7
1783971197.243,1249,1.587,0.414,0.242,0.0,14.4
1783971197.243,1249,2.363,1.483,-0.105,0.0,13.1
1783971197.345,1250,0.929,-0.24,0.004,0.0,12.7
1783971197.345,1250,0.996,-0.751,0.213,0.0,11.8
1783971197.345,1250,1.588,0.414,0.238,0.0,14.6
1783971197.345,1250,2.363,1.483,-0.115,0.0,12.4
1783971197.396,1251,0.929,-0.24,0.006,0.0,12.7
1783971197.396,1251,0.995,-0.751,0.214,0.0,11.7
1783971197.396,1251,1.588,0.414,0.235,0.0,14.4
1783971197.396,1251,2.363,1.483,-0.115,0.0,12.4
1783971197.5,1252,0.929,-0.24,0.006,0.0,12.6
1783971197.5,1252,0.995,-0.751,0.215,0.0,11.8
1783971197.5,1252,1.588,0.414,0.237,0.0,14.5
1783971197.5,1252,2.363,1.483,-0.102,0.0,12.7
1783971197.604,1253,0.929,-0.24,0.005,0.0,12.6
1783971197.604,1253,0.995,-0.751,0.215,0.0,11.7
1783971197.604,1253,1.587,0.414,0.241,0.0,14.8
1783971197.604,1253,2.363,1.483,-0.1,0.0,12.7
1783971197.707,1254,0.929,-0.24,0.005,0.0,12.5
1783971197.707,1254,0.995,-0.751,0.213,0.0,11.6
1783971197.707,1254,1.586,0.414,0.245,0.0,14.6
1783971197.707,1254,2.363,1.483,-0.106,0.0,12.3
1783971197.808,1255,0.929,-0.24,0.006,0.0,12.3
1783971197.808,1255,0.996,-0.751,0.212,0.0,11.3
1783971197.808,1255,1.587,0.414,0.244,0.0,14.7
1783971197.808,1255,2.363,1.483,-0.102,0.0,12.4
1783971197.909,1256,0.929,-0.24,0.007,0.0,12.3
1783971197.909,1256,0.995,-0.751,0.213,0.0,11.5
1783971197.909,1256,1.586,0.414,0.245,0.0,14.6
1783971197.909,1256,2.363,1.483,-0.104,0.0,12.7
1783971198.011,1257,0.929,-0.24,0.005,0.0,12.5
1783971198.011,1257,0.995,-0.751,0.214,0.0,11.7
1783971198.011,1257,1.587,0.414,0.243,0.0,14.5
1783971198.011,1257,2.363,1.483,-0.105,0.0,12.6
1783971198.115,1258,0.929,-0.24,0.006,0.0,12.3
1783971198.115,1258,0.995,-0.751,0.214,0.0,11.6
1783971198.115,1258,1.587,0.414,0.24,0.0,14.7
1783971198.115,1258,2.363,1.483,-0.102,0.0,12.5
1783971198.217,1259,0.929,-0.24,0.005,0.0,12.5
1783971198.217,1259,0.995,-0.751,0.213,0.0,11.7
1783971198.217,1259,1.587,0.414,0.24,0.0,14.6
1783971198.217,1259,2.363,1.483,-0.11,0.0,12.4
1783971198.319,1260,0.929,-0.24,0.006,0.0,12.5
1783971198.319,1260,0.995,-0.751,0.214,0.0,11.7
1783971198.319,1260,1.588,0.414,0.238,0.0,14.8
1783971198.319,1260,2.363,1.483,-0.111,0.0,12.3
1783971198.42,1261,0.929,-0.24,0.008,0.0,12.4
1783971198.42,1261,0.995,-0.751,0.214,0.0,11.6
1783971198.42,1261,1.587,0.414,0.241,0.0,14.6
1783971198.42,1261,2.363,1.483,-0.111,0.0,12.4
1783971198.52,1262,0.929,-0.24,0.007,0.0,12.6
1783971198.52,1262,0.995,-0.751,0.214,0.0,11.8
1783971198.52,1262,1.587,0.414,0.243,0.0,14.2
1783971198.52,1262,2.363,1.483,-0.112,0.0,12.4
1783971198.622,1263,0.929,-0.24,0.006,0.0,12.8
1783971198.622,1263,0.995,-0.751,0.214,0.0,11.8
1783971198.622,1263,1.587,0.414,0.241,0.0,14.5
1783971198.622,1263,2.363,1.483,-0.112,0.0,12.4
1783971198.724,1264,0.929,-0.24,0.006,0.0,12.5
1783971198.724,1264,0.995,-0.751,0.214,0.0,11.6
1783971198.724,1264,1.588,0.414,0.235,0.0,14.7
1783971198.724,1264,2.363,1.483,-0.116,0.0,12.6
1783971198.826,1265,0.929,-0.24,0.007,0.0,12.5
1783971198.826,1265,0.995,-0.751,0.214,0.0,11.8
1783971198.826,1265,1.588,0.414,0.236,0.0,15.0
1783971198.826,1265,2.363,1.483,-0.108,0.0,12.3
1783971198.927,1266,0.929,-0.24,0.007,0.0,12.5
1783971198.927,1266,0.995,-0.751,0.214,0.0,11.7
1783971198.927,1266,1.587,0.414,0.239,0.0,15.1
1783971198.927,1266,2.363,1.483,-0.102,0.0,12.3
1783971199.029,1267,0.929,-0.24,0.007,0.0,12.6
1783971199.029,1267,0.995,-0.751,0.215,0.0,11.6
1783971199.029,1267,1.588,0.414,0.236,0.0,14.9
1783971199.029,1267,2.363,1.483,-0.105,0.0,12.3
1783971199.13,1268,0.929,-0.24,0.006,0.0,12.4
1783971199.13,1268,0.995,-0.751,0.215,0.0,11.8
1783971199.13,1268,1.588,0.414,0.237,0.0,14.9
1783971199.13,1268,2.363,1.483,-0.105,0.0,12.3
1783971199.231,1269,0.929,-0.24,0.005,0.0,12.5
1783971199.231,1269,0.995,-0.751,0.215,0.0,11.7
1783971199.231,1269,1.587,0.414,0.239,0.0,14.4
1783971199.231,1269,2.363,1.483,-0.115,0.0,12.5
1783971199.332,1270,0.929,-0.24,0.006,0.0,12.5
1783971199.332,1270,0.995,-0.751,0.214,0.0,11.8
1783971199.332,1270,1.587,0.414,0.243,0.0,14.8
1783971199.332,1270,2.363,1.483,-0.11,0.0,12.2
1783971199.433,1271,0.929,-0.24,0.006,0.0,12.7
1783971199.433,1271,0.995,-0.751,0.215,0.0,11.8
1783971199.433,1271,1.587,0.414,0.242,0.0,14.6
1783971199.433,1271,2.363,1.483,-0.101,0.0,12.3
1783971199.534,1272,0.929,-0.24,0.006,0.0,12.8
1783971199.534,1272,0.995,-0.751,0.215,0.0,11.8
1783971199.534,1272,1.587,0.414,0.241,0.0,14.6
1783971199.534,1272,2.363,1.483,-0.107,0.0,12.4
1783971199.635,1273,0.929,-0.24,0.005,0.0,12.5
1783971199.635,1273,0.995,-0.751,0.215,0.0,11.5
1783971199.635,1273,1.588,0.414,0.237,0.0,14.4
1783971199.635,1273,2.363,1.483,-0.103,0.0,12.7
1783971199.736,1274,0.929,-0.24,0.006,0.0,12.5
1783971199.736,1274,0.996,-0.751,0.213,0.0,11.5
1783971199.736,1274,1.588,0.414,0.237,0.0,14.3
1783971199.736,1274,2.363,1.483,-0.105,0.0,12.1
1783971199.837,1275,0.929,-0.24,0.008,0.0,12.6
1783971199.837,1275,0.995,-0.751,0.213,0.0,11.5
1783971199.837,1275,1.588,0.414,0.235,0.0,14.4
1783971199.837,1275,2.363,1.483,-0.108,0.0,12.2
1783971199.938,1276,0.929,-0.24,0.006,0.0,12.5
1783971199.938,1276,0.995,-0.751,0.215,0.0,11.5
1783971199.938,1276,1.588,0.414,0.237,0.0,14.5
1783971199.938,1276,2.364,1.483,-0.1,0.0,12.0
1783971200.039,1277,0.929,-0.24,0.006,0.0,12.3
1783971200.039,1277,0.996,-0.751,0.213,0.0,11.6
1783971200.039,1277,1.587,0.414,0.238,0.0,14.5
1783971200.039,1277,2.363,1.483,-0.112,0.0,12.4
1783971200.141,1278,0.929,-0.24,0.006,0.0,12.3
1783971200.141,1278,0.996,-0.751,0.212,0.0,11.7
1783971200.141,1278,1.588,0.414,0.237,0.0,14.4
1783971200.141,1278,2.363,1.483,-0.106,0.0,12.5
1783971200.242,1279,0.929,-0.24,0.006,0.0,12.5
1783971200.242,1279,0.996,-0.751,0.213,0.0,11.7
1783971200.242,1279,1.587,0.414,0.238,0.0,14.4
1783971200.242,1279,2.363,1.483,-0.106,0.0,12.2
1783971200.343,1280,0.929,-0.24,0.006,0.0,12.4
1783971200.343,1280,0.995,-0.751,0.213,0.0,11.7
1783971200.343,1280,1.588,0.414,0.237,0.0,14.5
1783971200.343,1280,2.363,1.483,-0.102,0.0,12.1
1783971200.394,1281,0.929,-0.24,0.007,0.0,12.4
1783971200.394,1281,0.996,-0.751,0.213,0.0,11.7
1783971200.394,1281,1.588,0.414,0.237,0.0,14.6
1783971200.394,1281,2.363,1.483,-0.109,0.0,12.1
1783971200.545,1282,0.929,-0.24,0.007,0.0,12.7
1783971200.545,1282,0.995,-0.751,0.213,0.0,11.8
1783971200.545,1282,1.588,0.414,0.236,0.0,14.5
1783971200.545,1282,2.363,1.483,-0.105,0.0,12.2
1783971200.647,1283,0.929,-0.24,0.006,0.0,12.6
1783971200.647,1283,0.996,-0.751,0.213,0.0,11.8
1783971200.647,1283,1.588,0.414,0.238,0.0,14.9
1783971200.647,1283,2.363,1.483,-0.108,0.0,12.4
1783971200.697,1284,0.929,-0.24,0.006,0.0,12.8
1783971200.697,1284,0.995,-0.751,0.214,0.0,11.9
1783971200.697,1284,1.588,0.414,0.237,0.0,14.6
1783971200.697,1284,2.363,1.483,-0.108,0.0,12.6
1783971200.797,1285,0.929,-0.24,0.007,0.0,12.6
1783971200.797,1285,0.995,-0.751,0.213,0.0,11.8
1783971200.797,1285,1.587,0.414,0.238,0.0,14.7
1783971200.797,1285,2.363,1.483,-0.106,0.0,12.4
1783971200.949,1286,0.929,-0.24,0.007,0.0,12.4
1783971200.949,1286,0.996,-0.751,0.213,0.0,11.7
1783971200.949,1286,1.587,0.414,0.239,0.0,14.6
1783971200.949,1286,2.363,1.483,-0.103,0.0,12.4
1783971200.999,1287,0.929,-0.24,0.008,0.0,12.8
1783971200.999,1287,0.995,-0.751,0.213,0.0,11.8
1783971200.999,1287,1.587,0.414,0.239,0.0,14.6
1783971200.999,1287,2.363,1.483,-0.105,0.0,12.4
1783971201.1,1288,0.929,-0.24,0.008,0.0,13.0
1783971201.1,1288,0.995,-0.751,0.214,0.0,11.9
1783971201.1,1288,1.587,0.414,0.24,0.0,14.7
1783971201.1,1288,2.363,1.483,-0.113,0.0,12.3
1783971201.251,1289,0.929,-0.24,0.008,0.0,12.7
1783971201.251,1289,0.996,-0.751,0.213,0.0,11.9
1783971201.251,1289,1.587,0.414,0.238,0.0,14.6
1783971201.251,1289,2.363,1.483,-0.104,0.0,12.3
1783971201.301,1290,0.929,-0.24,0.008,0.0,12.7
1783971201.301,1290,0.995,-0.751,0.214,0.0,11.8
1783971201.301,1290,1.587,0.414,0.24,0.0,14.5
1783971201.301,1290,2.363,1.483,-0.111,0.0,12.8
1783971201.404,1291,0.929,-0.24,0.008,0.0,12.7
1783971201.404,1291,0.995,-0.751,0.214,0.0,11.7
1783971201.404,1291,1.587,0.414,0.239,0.0,14.5
1783971201.404,1291,2.363,1.483,-0.118,0.0,12.6
1783971201.505,1292,0.929,-0.24,0.008,0.0,12.6
1783971201.505,1292,0.996,-0.751,0.212,0.0,11.8
1783971201.505,1292,1.588,0.414,0.235,0.0,14.5
1783971201.505,1292,2.363,1.483,-0.107,0.0,12.8
1783971201.606,1293,0.929,-0.24,0.006,0.0,12.4
1783971201.606,1293,0.995,-0.751,0.213,0.0,11.6
1783971201.606,1293,1.587,0.414,0.244,0.0,14.6
1783971201.606,1293,2.363,1.483,-0.106,0.0,12.6
1783971201.708,1294,0.929,-0.24,0.006,0.0,12.7
1783971201.708,1294,0.995,-0.751,0.214,0.0,11.6
1783971201.708,1294,1.588,0.414,0.237,0.0,14.8
1783971201.708,1294,2.363,1.483,-0.116,0.0,12.4
1783971201.81,1295,0.929,-0.24,0.005,0.0,12.7
1783971201.81,1295,0.996,-0.751,0.211,0.0,11.6
1783971201.81,1295,1.587,0.414,0.243,0.0,14.4
1783971201.81,1295,2.363,1.483,-0.111,0.0,12.2
1783971201.91,1296,0.929,-0.24,0.004,0.0,12.6
1783971201.91,1296,0.996,-0.751,0.213,0.0,11.4
1783971201.91,1296,1.587,0.414,0.241,0.0,14.5
1783971201.91,1296,2.364,1.483,-0.091,0.0,12.3
1783971202.011,1297,0.929,-0.24,0.006,0.0,12.5
1783971202.011,1297,0.995,-0.751,0.213,0.0,11.6
1783971202.011,1297,1.587,0.414,0.241,0.0,14.5
1783971202.011,1297,2.363,1.483,-0.101,0.0,12.4
1783971202.112,1298,0.929,-0.24,0.007,0.0,12.6
1783971202.112,1298,0.995,-0.751,0.214,0.0,11.8
1783971202.112,1298,1.588,0.414,0.237,0.0,14.5
1783971202.112,1298,2.363,1.483,-0.114,0.0,12.3
1783971202.213,1299,0.929,-0.24,0.008,0.0,12.4
1783971202.213,1299,0.995,-0.751,0.213,0.0,11.6
1783971202.213,1299,1.588,0.414,0.237,0.0,14.6
1783971202.213,1299,2.363,1.483,-0.111,0.0,12.3
1783971202.313,1300,0.929,-0.24,0.008,0.0,12.4
1783971202.313,1300,0.996,-0.751,0.212,0.0,11.6
1783971202.313,1300,1.587,0.414,0.239,0.0,14.7
1783971202.313,1300,2.363,1.483,-0.112,0.0,12.1
1783971202.414,1301,0.929,-0.24,0.007,0.0,12.3
1783971202.414,1301,0.995,-0.751,0.214,0.0,11.6
1783971202.414,1301,1.587,0.414,0.24,0.0,14.6
1783971202.414,1301,2.363,1.483,-0.115,0.0,12.1
1783971202.515,1302,0.929,-0.24,0.007,0.0,12.3
1783971202.515,1302,0.995,-0.751,0.213,0.0,11.6
1783971202.515,1302,1.587,0.414,0.242,0.0,14.7
1783971202.515,1302,2.363,1.483,-0.111,0.0,12.3
1783971202.617,1303,0.929,-0.24,0.006,0.0,12.4
1783971202.617,1303,0.996,-0.751,0.213,0.0,11.4
1783971202.617,1303,1.587,0.414,0.242,0.0,14.7
1783971202.617,1303,2.363,1.483,-0.112,0.0,12.1
1783971202.718,1304,0.929,-0.24,0.006,0.0,12.5
1783971202.718,1304,0.995,-0.751,0.214,0.0,11.6
1783971202.718,1304,1.587,0.414,0.24,0.0,14.9
1783971202.718,1304,2.364,1.483,-0.096,0.0,12.2
1783971202.819,1305,0.929,-0.24,0.006,0.0,12.5
1783971202.819,1305,0.995,-0.751,0.214,0.0,11.6
1783971202.819,1305,1.587,0.414,0.242,0.0,14.7
1783971202.819,1305,2.363,1.483,-0.109,0.0,12.1
1783971202.92,1306,0.929,-0.24,0.007,0.0,12.5
1783971202.92,1306,0.995,-0.751,0.214,0.0,11.6
1783971202.92,1306,1.587,0.414,0.241,0.0,14.6
1783971202.92,1306,2.363,1.483,-0.109,0.0,12.2
1783971203.02,1307,0.929,-0.24,0.007,0.0,12.4
1783971203.02,1307,0.996,-0.751,0.213,0.0,11.5
1783971203.02,1307,1.587,0.414,0.239,0.0,14.4
1783971203.02,1307,2.363,1.483,-0.104,0.0,12.2
1783971203.121,1308,0.929,-0.24,0.006,0.0,12.5
1783971203.121,1308,0.995,-0.751,0.214,0.0,11.6
1783971203.121,1308,1.588,0.414,0.234,0.0,14.6
1783971203.121,1308,2.363,1.483,-0.109,0.0,12.3
1783971203.223,1309,0.929,-0.24,0.006,0.0,12.5
1783971203.223,1309,0.995,-0.751,0.214,0.0,11.6
1783971203.223,1309,1.588,0.414,0.236,0.0,14.6
1783971203.223,1309,2.363,1.483,-0.114,0.0,12.2
1783971203.324,1310,0.929,-0.24,0.005,0.0,12.5
1783971203.324,1310,0.996,-0.751,0.213,0.0,11.5
1783971203.324,1310,1.587,0.414,0.24,0.0,14.6
1783971203.324,1310,2.363,1.483,-0.102,0.0,12.1
1783971203.425,1311,0.929,-0.24,0.006,0.0,12.4
1783971203.425,1311,0.996,-0.751,0.213,0.0,11.6
1783971203.425,1311,1.588,0.414,0.236,0.0,14.4
1783971203.425,1311,2.363,1.483,-0.104,0.0,12.0
1783971203.526,1312,0.929,-0.24,0.007,0.0,12.4
1783971203.526,1312,0.996,-0.751,0.213,0.0,11.6
1783971203.526,1312,1.587,0.414,0.242,0.0,14.5
1783971203.526,1312,2.363,1.483,-0.11,0.0,12.0
1783971203.627,1313,0.929,-0.24,0.007,0.0,12.4
1783971203.627,1313,0.995,-0.751,0.214,0.0,11.6
1783971203.627,1313,1.588,0.414,0.236,0.0,14.5
1783971203.627,1313,2.363,1.483,-0.119,0.0,12.0
1783971203.729,1314,0.929,-0.24,0.007,0.0,12.4
1783971203.729,1314,0.996,-0.751,0.213,0.0,11.6
1783971203.729,1314,1.588,0.414,0.233,0.0,14.5
1783971203.729,1314,2.363,1.483,-0.112,0.0,12.0
1783971203.829,1315,0.929,-0.24,0.007,0.0,12.4
1783971203.829,1315,0.996,-0.751,0.213,0.0,11.6
1783971203.829,1315,1.588,0.414,0.234,0.0,14.5
1783971203.829,1315,2.363,1.483,-0.11,0.0,12.3
1783971203.931,1316,0.929,-0.24,0.006,0.0,12.5
1783971203.931,1316,0.996,-0.751,0.212,0.0,11.6
1783971203.931,1316,1.588,0.414,0.236,0.0,14.6
1783971203.931,1316,2.363,1.483,-0.109,0.0,12.4
1783971204.032,1317,0.929,-0.24,0.006,0.0,12.4
1783971204.032,1317,0.996,-0.751,0.212,0.0,11.5
1783971204.032,1317,1.587,0.414,0.239,0.0,14.8
1783971204.032,1317,2.363,1.483,-0.107,0.0,12.3
1783971204.134,1318,0.929,-0.24,0.006,0.0,12.3
1783971204.134,1318,0.996,-0.751,0.213,0.0,11.6
1783971204.134,1318,1.587,0.414,0.239,0.0,14.9
1783971204.134,1318,2.363,1.483,-0.118,0.0,12.3
1783971204.235,1319,0.929,-0.24,0.006,0.0,12.4
1783971204.235,1319,0.967,-0.791,0.202,0.0,11.6
1783971204.235,1319,1.587,0.414,0.244,0.0,15.0
1783971204.235,1319,2.363,1.483,-0.12,0.0,12.3
1783971204.337,1320,0.929,-0.24,0.007,0.0,12.4
1783971204.337,1320,0.996,-0.751,0.212,0.0,11.6
1783971204.337,1320,1.587,0.414,0.241,0.0,14.9
1783971204.337,1320,2.363,1.483,-0.115,0.0,12.1
1783971204.439,1321,0.929,-0.24,0.008,0.0,12.4
1783971204.439,1321,0.995,-0.751,0.213,0.0,11.6
1783971204.439,1321,1.587,0.414,0.243,0.0,14.8
1783971204.439,1321,2.363,1.483,-0.111,0.0,12.0
1783971204.539,1322,0.929,-0.24,0.007,0.0,12.5
1783971204.539,1322,0.995,-0.751,0.213,0.0,11.6
1783971204.539,1322,1.587,0.414,0.24,0.0,14.9
1783971204.539,1322,2.363,1.483,-0.109,0.0,12.1
1783971204.64,1323,0.929,-0.24,0.007,0.0,12.5
1783971204.64,1323,0.995,-0.751,0.213,0.0,11.6
1783971204.64,1323,1.587,0.414,0.24,0.0,14.9
1783971204.64,1323,2.363,1.483,-0.116,0.0,12.1
1783971204.743,1324,0.929,-0.24,0.007,0.0,12.4
1783971204.743,1324,0.995,-0.751,0.213,0.0,11.6
1783971204.743,1324,1.587,0.414,0.239,0.0,14.8
1783971204.743,1324,2.363,1.483,-0.11,0.0,12.2
1783971204.843,1325,0.929,-0.24,0.007,0.0,12.5
1783971204.843,1325,0.996,-0.751,0.213,0.0,11.6
1783971204.843,1325,1.587,0.414,0.241,0.0,14.8
1783971204.843,1325,2.363,1.483,-0.11,0.0,12.1
1783971204.894,1326,0.929,-0.24,0.007,0.0,12.5
1783971204.894,1326,0.996,-0.751,0.213,0.0,11.6
1783971204.894,1326,1.586,0.414,0.245,0.0,14.8
1783971204.894,1326,2.363,1.483,-0.112,0.0,12.1
1783971204.996,1327,0.929,-0.24,0.007,0.0,12.5
1783971204.996,1327,0.996,-0.751,0.213,0.0,11.7
1783971204.996,1327,1.587,0.414,0.242,0.0,14.8
1783971204.996,1327,2.363,1.483,-0.115,0.0,12.1
1783971205.148,1328,0.929,-0.24,0.007,0.0,12.5
1783971205.148,1328,0.996,-0.751,0.213,0.0,11.7
1783971205.148,1328,1.587,0.414,0.243,0.0,14.7
1783971205.148,1328,2.363,1.483,-0.116,0.0,12.2
1783971205.202,1329,0.929,-0.24,0.006,0.0,12.4
1783971205.202,1329,0.996,-0.751,0.213,0.0,11.6
1783971205.202,1329,1.587,0.414,0.241,0.0,14.7
1783971205.202,1329,2.363,1.483,-0.117,0.0,12.2
1783971205.303,1330,0.929,-0.24,0.008,0.0,12.4
1783971205.303,1330,0.996,-0.751,0.213,0.0,11.6
1783971205.303,1330,1.587,0.414,0.243,0.0,14.7
1783971205.303,1330,2.363,1.483,-0.119,0.0,12.2
1783971205.404,1331,0.929,-0.24,0.007,0.0,12.5
1783971205.404,1331,0.995,-0.751,0.213,0.0,11.6
1783971205.404,1331,1.588,0.414,0.236,0.0,14.7
1783971205.404,1331,2.363,1.483,-0.114,0.0,12.2
1783971205.505,1332,0.929,-0.24,0.007,0.0,12.5
1783971205.505,1332,0.995,-0.751,0.214,0.0,11.6
1783971205.505,1332,1.588,0.414,0.238,0.0,14.6
1783971205.505,1332,2.363,1.483,-0.11,0.0,12.1
1783971205.605,1333,0.929,-0.24,0.007,0.0,12.5
1783971205.605,1333,0.995,-0.751,0.214,0.0,11.6
1783971205.605,1333,1.588,0.414,0.237,0.0,14.7
1783971205.605,1333,2.363,1.483,-0.106,0.0,12.1
1783971205.705,1334,0.929,-0.24,0.007,0.0,12.5
1783971205.705,1334,0.995,-0.751,0.214,0.0,11.6
1783971205.705,1334,1.587,0.414,0.241,0.0,14.7
1783971205.705,1334,2.363,1.483,-0.106,0.0,12.1
1783971205.809,1335,0.929,-0.24,0.006,0.0,12.5
1783971205.809,1335,0.995,-0.751,0.214,0.0,11.6
1783971205.809,1335,1.587,0.414,0.243,0.0,14.6
1783971205.809,1335,2.363,1.483,-0.106,0.0,12.4
1783971205.91,1336,0.929,-0.24,0.006,0.0,12.6
1783971205.91,1336,0.967,-0.791,0.202,0.0,11.6
1783971205.91,1336,1.587,0.414,0.24,0.0,14.3
1783971205.91,1336,2.364,1.483,-0.098,0.0,12.5
1783971206.011,1337,0.929,-0.24,0.005,0.0,12.3
1783971206.011,1337,0.967,-0.791,0.203,0.0,11.6
1783971206.011,1337,1.588,0.414,0.237,0.0,14.6
1783971206.011,1337,2.363,1.483,-0.108,0.0,12.4
1783971206.112,1338,0.929,-0.24,0.005,0.0,12.5
1783971206.112,1338,0.967,-0.791,0.202,0.0,11.6
1783971206.112,1338,1.588,0.414,0.237,0.0,14.7
1783971206.112,1338,2.363,1.483,-0.107,0.0,12.3
1783971206.215,1339,0.929,-0.24,0.006,0.0,12.6
1783971206.215,1339,0.967,-0.791,0.202,0.0,11.7
1783971206.215,1339,1.588,0.414,0.237,0.0,14.6
1783971206.215,1339,2.363,1.483,-0.105,0.0,12.6
1783971206.318,1340,0.929,-0.24,0.006,0.0,12.4
1783971206.318,1340,0.967,-0.791,0.203,0.0,11.6
1783971206.318,1340,1.588,0.414,0.237,0.0,14.4
1783971206.318,1340,2.363,1.483,-0.101,0.0,12.8
1783971206.419,1341,0.929,-0.24,0.007,0.0,12.5
1783971206.419,1341,0.967,-0.791,0.202,0.0,11.6
1783971206.419,1341,1.588,0.414,0.236,0.0,14.4
1783971206.419,1341,2.363,1.483,-0.104,0.0,12.5
1783971206.519,1342,0.929,-0.24,0.007,0.0,12.4
1783971206.519,1342,0.967,-0.791,0.202,0.0,11.5
1783971206.519,1342,1.587,0.414,0.239,0.0,14.5
1783971206.519,1342,2.363,1.483,-0.111,0.0,12.2
1783971206.62,1343,0.929,-0.24,0.007,0.0,12.4
1783971206.62,1343,0.995,-0.751,0.213,0.0,11.5
1783971206.62,1343,1.587,0.414,0.239,0.0,14.5
1783971206.62,1343,2.363,1.483,-0.117,0.0,12.5
1783971206.722,1344,0.929,-0.24,0.007,0.0,12.4
1783971206.722,1344,0.996,-0.751,0.212,0.0,11.5
1783971206.722,1344,1.588,0.414,0.236,0.0,14.6
1783971206.722,1344,2.363,1.483,-0.116,0.0,12.6
1783971206.824,1345,0.929,-0.24,0.007,0.0,12.5
1783971206.824,1345,0.967,-0.791,0.201,0.0,11.4
1783971206.824,1345,1.588,0.414,0.233,0.0,14.5
1783971206.824,1345,2.363,1.483,-0.116,0.0,12.6
1783971206.926,1346,0.929,-0.24,0.006,0.0,12.6
1783971206.926,1346,0.996,-0.751,0.213,0.0,11.6
1783971206.926,1346,1.588,0.414,0.236,0.0,14.8
1783971206.926,1346,2.363,1.483,-0.11,0.0,12.6
1783971207.026,1347,0.929,-0.24,0.005,0.0,12.6
1783971207.026,1347,0.996,-0.751,0.213,0.0,11.5
1783971207.026,1347,1.588,0.414,0.237,0.0,14.6
1783971207.026,1347,2.363,1.483,-0.113,0.0,12.6
1783971207.128,1348,0.929,-0.24,0.007,0.0,12.5
1783971207.128,1348,0.996,-0.751,0.213,0.0,11.6
1783971207.128,1348,1.587,0.414,0.24,0.0,14.9
1783971207.128,1348,2.363,1.483,-0.109,0.0,12.5
1783971207.228,1349,0.929,-0.24,0.008,0.0,12.5
1783971207.228,1349,0.996,-0.751,0.212,0.0,11.5
1783971207.228,1349,1.588,0.414,0.236,0.0,14.5
1783971207.228,1349,2.364,1.483,-0.099,0.0,12.3
1783971207.33,1350,0.929,-0.24,0.008,0.0,12.8
1783971207.33,1350,0.996,-0.751,0.211,0.0,11.5
1783971207.33,1350,1.587,0.414,0.241,0.0,14.5
1783971207.33,1350,2.363,1.483,-0.111,0.0,12.4
1783971207.433,1351,0.929,-0.24,0.009,0.0,12.6
1783971207.433,1351,0.967,-0.791,0.201,0.0,11.4
1783971207.433,1351,1.588,0.414,0.236,0.0,14.7
1783971207.433,1351,2.362,1.483,-0.122,0.0,12.5
1783971207.55,1352,0.929,-0.24,0.01,0.0,12.7
1783971207.55,1352,0.996,-0.751,0.213,0.0,11.6
1783971207.55,1352,1.588,0.414,0.233,0.0,14.5
1783971207.55,1352,2.363,1.483,-0.118,0.0,12.3
1783971207.603,1353,0.929,-0.24,0.009,0.0,12.6
1783971207.603,1353,0.995,-0.751,0.214,0.0,11.7
1783971207.603,1353,1.588,0.414,0.235,0.0,14.5
1783971207.603,1353,2.362,1.483,-0.123,0.0,12.2
1783971207.706,1354,0.929,-0.24,0.007,0.0,12.4
1783971207.706,1354,0.995,-0.751,0.213,0.0,11.6
1783971207.706,1354,1.587,0.414,0.24,0.0,14.5
1783971207.706,1354,2.363,1.483,-0.104,0.0,12.3
1783971207.808,1355,0.929,-0.24,0.008,0.0,12.5
1783971207.808,1355,0.996,-0.751,0.213,0.0,11.7
1783971207.808,1355,1.588,0.414,0.236,0.0,14.4
1783971207.808,1355,2.364,1.483,-0.099,0.0,12.4
1783971207.908,1356,0.929,-0.24,0.009,0.0,12.6
1783971207.908,1356,0.996,-0.751,0.213,0.0,11.5
1783971207.908,1356,1.587,0.414,0.243,0.0,14.5
1783971207.908,1356,2.363,1.483,-0.102,0.0,12.4
1783971208.01,1357,0.929,-0.24,0.008,0.0,12.5
1783971208.01,1357,0.995,-0.751,0.214,0.0,11.5
1783971208.01,1357,1.587,0.414,0.239,0.0,14.6
1783971208.01,1357,2.363,1.483,-0.103,0.0,12.5
1783971208.11,1358,0.929,-0.24,0.007,0.0,12.3
1783971208.11,1358,0.996,-0.751,0.213,0.0,11.5
1783971208.11,1358,1.587,0.414,0.241,0.0,14.8
1783971208.11,1358,2.363,1.483,-0.105,0.0,12.7
1783971208.211,1359,0.929,-0.24,0.009,0.0,12.9
1783971208.211,1359,0.996,-0.751,0.212,0.0,11.6
1783971208.211,1359,1.587,0.414,0.239,0.0,14.5
1783971208.211,1359,2.364,1.483,-0.091,0.0,12.7
1783971208.314,1360,0.929,-0.24,0.008,0.0,12.9
1783971208.314,1360,0.996,-0.751,0.212,0.0,11.6
1783971208.314,1360,1.587,0.414,0.24,0.0,14.4
1783971208.314,1360,2.363,1.483,-0.107,0.0,13.1
1783971208.416,1361,0.929,-0.24,0.01,0.0,12.8
1783971208.416,1361,0.996,-0.751,0.212,0.0,11.7
1783971208.416,1361,1.588,0.414,0.234,0.0,14.5
1783971208.416,1361,2.363,1.483,-0.107,0.0,12.6
1783971208.516,1362,0.929,-0.24,0.009,0.0,12.7
1783971208.516,1362,0.996,-0.751,0.213,0.0,11.6
1783971208.516,1362,1.587,0.414,0.242,0.0,14.2
1783971208.516,1362,2.363,1.483,-0.108,0.0,12.3
1783971208.62,1363,0.929,-0.24,0.008,0.0,12.9
1783971208.62,1363,0.996,-0.751,0.213,0.0,11.6
1783971208.62,1363,1.587,0.414,0.241,0.0,14.3
1783971208.62,1363,2.363,1.483,-0.102,0.0,12.6
1783971208.723,1364,0.929,-0.24,0.009,0.0,13.0
1783971208.723,1364,0.996,-0.751,0.213,0.0,11.5
1783971208.723,1364,1.587,0.414,0.24,0.0,14.6
1783971208.723,1364,2.363,1.483,-0.117,0.0,12.6
1783971208.832,1365,0.929,-0.24,0.009,0.0,12.9
1783971208.832,1365,0.996,-0.751,0.213,0.0,11.6
1783971208.832,1365,1.587,0.414,0.239,0.0,14.6
1783971208.832,1365,2.363,1.483,-0.107,0.0,12.4
1783971208.933,1366,0.929,-0.24,0.009,0.0,13.3
1783971208.933,1366,0.995,-0.751,0.214,0.0,11.7
1783971208.933,1366,1.587,0.414,0.24,0.0,14.7
1783971208.933,1366,2.363,1.483,-0.12,0.0,12.2
1783971209.033,1367,0.929,-0.24,0.008,0.0,12.9
1783971209.033,1367,0.996,-0.751,0.213,0.0,11.4
1783971209.033,1367,1.588,0.414,0.236,0.0,14.7
1783971209.033,1367,2.363,1.483,-0.115,0.0,12.3
1783971209.135,1368,0.929,-0.24,0.008,0.0,13.1
1783971209.135,1368,0.995,-0.751,0.214,0.0,11.6
1783971209.135,1368,1.587,0.414,0.238,0.0,14.5
1783971209.135,1368,2.363,1.483,-0.106,0.0,12.6
1783971209.236,1369,0.929,-0.24,0.008,0.0,13.1
1783971209.236,1369,0.995,-0.751,0.214,0.0,11.8
1783971209.236,1369,1.587,0.414,0.24,0.0,14.4
1783971209.236,1369,2.363,1.483,-0.105,0.0,12.5
1783971209.337,1370,0.929,-0.24,0.01,0.0,13.1
1783971209.337,1370,0.995,-0.751,0.214,0.0,11.6
1783971209.337,1370,1.587,0.414,0.24,0.0,14.5
1783971209.337,1370,2.364,1.483,-0.096,0.0,12.4
1783971209.438,1371,0.929,-0.24,0.008,0.0,12.8
1783971209.438,1371,0.995,-0.751,0.214,0.0,11.4
1783971209.438,1371,1.587,0.414,0.243,0.0,14.4
1783971209.438,1371,2.364,1.483,-0.098,0.0,12.2
1783971209.538,1372,0.929,-0.24,0.008,0.0,12.8
1783971209.538,1372,0.995,-0.751,0.214,0.0,11.5
1783971209.538,1372,1.587,0.414,0.241,0.0,14.7
1783971209.538,1372,2.363,1.483,-0.101,0.0,12.1
1783971209.64,1373,0.929,-0.24,0.008,0.0,12.7
1783971209.64,1373,0.995,-0.751,0.214,0.0,11.4
1783971209.64,1373,1.587,0.414,0.239,0.0,14.6
1783971209.64,1373,2.363,1.483,-0.102,0.0,12.3
1783971209.741,1374,0.929,-0.24,0.008,0.0,12.8
1783971209.741,1374,0.995,-0.751,0.214,0.0,11.5
1783971209.741,1374,1.588,0.414,0.237,0.0,14.7
1783971209.741,1374,2.363,1.483,-0.101,0.0,12.3
1783971209.841,1375,0.929,-0.24,0.008,0.0,12.7
1783971209.841,1375,0.996,-0.751,0.213,0.0,11.5
1783971209.841,1375,1.587,0.414,0.239,0.0,14.6
1783971209.841,1375,2.363,1.483,-0.107,0.0,12.3
1783971209.943,1376,0.929,-0.24,0.009,0.0,12.9
1783971209.943,1376,0.996,-0.751,0.213,0.0,11.6
1783971209.943,1376,1.587,0.414,0.238,0.0,14.5
1783971209.943,1376,2.363,1.483,-0.105,0.0,12.3
1783971209.994,1377,0.929,-0.24,0.009,0.0,13.0
1783971209.994,1377,0.996,-0.751,0.213,0.0,11.6
1783971209.994,1377,1.587,0.414,0.239,0.0,14.5
1783971209.994,1377,2.363,1.483,-0.108,0.0,12.3
1783971210.146,1378,0.929,-0.24,0.009,0.0,13.0
1783971210.146,1378,0.996,-0.751,0.213,0.0,11.6
1783971210.146,1378,1.587,0.414,0.241,0.0,14.5
1783971210.146,1378,2.363,1.483,-0.11,0.0,12.3
1783971210.247,1379,0.929,-0.24,0.011,0.0,12.9
1783971210.247,1379,0.996,-0.751,0.212,0.0,11.5
1783971210.247,1379,1.587,0.414,0.244,0.0,14.6
1783971210.247,1379,2.363,1.483,-0.114,0.0,12.5
1783971210.298,1380,0.929,-0.24,0.01,0.0,13.1
1783971210.298,1380,0.996,-0.751,0.212,0.0,11.6
1783971210.298,1380,1.587,0.414,0.24,0.0,14.7
1783971210.298,1380,2.363,1.483,-0.113,0.0,12.6
1783971210.399,1381,0.929,-0.24,0.009,0.0,12.8
1783971210.399,1381,0.996,-0.751,0.212,0.0,11.6
1783971210.399,1381,1.587,0.414,0.241,0.0,14.8
1783971210.399,1381,2.363,1.483,-0.115,0.0,12.6
1783971210.55,1382,0.929,-0.24,0.009,0.0,12.9
1783971210.55,1382,0.996,-0.751,0.212,0.0,11.5
1783971210.55,1382,1.587,0.414,0.243,0.0,14.6
1783971210.55,1382,2.363,1.483,-0.11,0.0,12.3
1783971210.601,1383,0.929,-0.24,0.01,0.0,12.8
1783971210.601,1383,0.996,-0.751,0.212,0.0,11.5
1783971210.601,1383,1.587,0.414,0.243,0.0,14.6
1783971210.601,1383,2.363,1.483,-0.106,0.0,12.1
1783971210.702,1384,0.929,-0.24,0.01,0.0,12.8
1783971210.702,1384,0.996,-0.751,0.212,0.0,11.4
1783971210.702,1384,1.587,0.414,0.243,0.0,14.4
1783971210.702,1384,2.363,1.483,-0.107,0.0,12.1
1783971210.804,1385,0.929,-0.24,0.011,0.0,12.8
1783971210.804,1385,0.996,-0.751,0.212,0.0,11.4
1783971210.804,1385,1.587,0.414,0.242,0.0,14.2
1783971210.804,1385,2.363,1.483,-0.113,0.0,12.2
1783971210.905,1386,0.929,-0.24,0.012,0.0,12.7
1783971210.905,1386,0.996,-0.751,0.211,0.0,11.4
1783971210.905,1386,1.587,0.414,0.242,0.0,14.3
1783971210.905,1386,2.363,1.483,-0.115,0.0,12.4
1783971211.006,1387,0.929,-0.24,0.012,0.0,12.6
1783971211.006,1387,0.996,-0.751,0.211,0.0,11.4
1783971211.006,1387,1.587,0.414,0.241,0.0,14.3
1783971211.006,1387,2.363,1.483,-0.115,0.0,12.6
1783971211.108,1388,0.929,-0.24,0.011,0.0,13.0
1783971211.108,1388,0.996,-0.751,0.212,0.0,11.7
1783971211.108,1388,1.587,0.414,0.242,0.0,14.5
1783971211.108,1388,2.363,1.483,-0.115,0.0,12.7
1783971211.21,1389,0.929,-0.24,0.008,0.0,12.9
1783971211.21,1389,0.995,-0.751,0.215,0.0,11.6
1783971211.21,1389,1.587,0.414,0.239,0.0,14.4
1783971211.21,1389,2.363,1.483,-0.102,0.0,12.3
1783971211.311,1390,0.929,-0.24,0.008,0.0,12.6
1783971211.311,1390,0.995,-0.751,0.213,0.0,11.5
1783971211.311,1390,1.587,0.414,0.241,0.0,14.5
1783971211.311,1390,2.363,1.483,-0.118,0.0,12.4
1783971211.413,1391,0.929,-0.24,0.006,0.0,12.6
1783971211.413,1391,0.995,-0.751,0.213,0.0,11.6
1783971211.413,1391,1.587,0.414,0.241,0.0,14.6
1783971211.413,1391,2.364,1.483,-0.096,0.0,12.5
1783971211.517,1392,0.929,-0.24,0.005,0.0,12.4
1783971211.517,1392,0.996,-0.751,0.213,0.0,11.5
1783971211.517,1392,1.587,0.414,0.241,0.0,14.6
1783971211.517,1392,2.363,1.483,-0.12,0.0,12.4
1783971211.62,1393,0.929,-0.24,0.009,0.0,13.0
1783971211.62,1393,0.996,-0.751,0.213,0.0,11.7
1783971211.62,1393,1.587,0.414,0.241,0.0,14.3
1783971211.62,1393,2.363,1.483,-0.105,0.0,12.4
1783971211.721,1394,0.929,-0.24,0.008,0.0,12.7
1783971211.721,1394,0.996,-0.751,0.213,0.0,11.8
1783971211.721,1394,1.587,0.414,0.24,0.0,14.6
1783971211.721,1394,2.364,1.483,-0.1,0.0,12.2
1783971211.822,1395,0.929,-0.24,0.007,0.0,12.6
1783971211.822,1395,0.995,-0.751,0.214,0.0,11.6
1783971211.822,1395,1.587,0.414,0.238,0.0,14.8
1783971211.822,1395,2.363,1.483,-0.112,0.0,12.3
1783971211.924,1396,0.929,-0.24,0.007,0.0,12.4
1783971211.924,1396,0.995,-0.751,0.213,0.0,11.7
1783971211.924,1396,1.587,0.414,0.241,0.0,14.4
1783971211.924,1396,2.363,1.483,-0.112,0.0,12.2
1783971212.026,1397,0.929,-0.24,0.008,0.0,12.3
1783971212.026,1397,0.995,-0.751,0.214,0.0,11.7
1783971212.026,1397,1.587,0.414,0.243,0.0,14.4
1783971212.026,1397,2.363,1.483,-0.107,0.0,12.5
1783971212.127,1398,0.929,-0.24,0.007,0.0,12.8
1783971212.127,1398,0.995,-0.751,0.215,0.0,11.6
1783971212.127,1398,1.587,0.414,0.244,0.0,14.3
1783971212.127,1398,2.364,1.483,-0.098,0.0,12.4
1783971212.23,1399,0.929,-0.24,0.005,0.0,12.9
1783971212.23,1399,0.996,-0.751,0.213,0.0,11.9
1783971212.23,1399,1.587,0.414,0.243,0.0,14.5
1783971212.23,1399,2.364,1.483,-0.087,0.0,12.5
1783971212.333,1400,0.929,-0.24,0.005,0.0,12.7
1783971212.333,1400,0.996,-0.751,0.213,0.0,11.9
1783971212.333,1400,1.587,0.414,0.243,0.0,14.5
1783971212.333,1400,2.364,1.483,-0.092,0.0,12.6
1783971212.438,1401,0.929,-0.24,0.006,0.0,12.8
1783971212.438,1401,0.995,-0.751,0.213,0.0,11.8
1783971212.438,1401,1.587,0.414,0.239,0.0,14.3
1783971212.438,1401,2.364,1.483,-0.089,0.0,12.5
1783971212.538,1402,0.929,-0.24,0.005,0.0,13.1
1783971212.538,1402,0.995,-0.751,0.213,0.0,11.8
1783971212.538,1402,1.587,0.414,0.239,0.0,14.3
1783971212.538,1402,2.364,1.483,-0.092,0.0,12.2
1783971212.643,1403,0.929,-0.24,0.006,0.0,12.8
1783971212.643,1403,0.995,-0.751,0.214,0.0,11.6
1783971212.643,1403,1.588,0.414,0.234,0.0,14.3
1783971212.643,1403,2.364,1.483,-0.088,0.0,12.2
1783971212.694,1404,0.929,-0.24,0.007,0.0,12.5
1783971212.694,1404,0.995,-0.751,0.214,0.0,11.5
1783971212.694,1404,1.587,0.414,0.239,0.0,14.4
1783971212.694,1404,2.364,1.483,-0.099,0.0,12.3
1783971212.796,1405,0.929,-0.24,0.007,0.0,12.6
1783971212.796,1405,0.995,-0.751,0.214,0.0,11.5
1783971212.796,1405,1.588,0.414,0.237,0.0,14.3
1783971212.796,1405,2.364,1.483,-0.096,0.0,12.4
1783971212.947,1406,0.929,-0.24,0.007,0.0,12.9
1783971212.947,1406,0.995,-0.751,0.214,0.0,11.7
1783971212.947,1406,1.588,0.414,0.237,0.0,14.3
1783971212.947,1406,2.364,1.483,-0.096,0.0,12.4
1783971212.997,1407,0.929,-0.24,0.007,0.0,13.0
1783971212.997,1407,0.995,-0.751,0.214,0.0,11.7
1783971212.997,1407,1.588,0.414,0.238,0.0,14.4
1783971212.997,1407,2.364,1.483,-0.096,0.0,12.0
1783971213.098,1408,0.929,-0.24,0.007,0.0,12.8
1783971213.098,1408,0.995,-0.751,0.213,0.0,11.6
1783971213.098,1408,1.587,0.414,0.243,0.0,14.6
1783971213.098,1408,2.364,1.483,-0.084,0.0,12.4
1783971213.249,1409,0.929,-0.24,0.005,0.0,13.1
1783971213.249,1409,0.995,-0.751,0.214,0.0,11.6
1783971213.249,1409,1.587,0.414,0.239,0.0,14.6
1783971213.249,1409,2.364,1.483,-0.093,0.0,12.5
1783971213.299,1410,0.929,-0.24,0.004,0.0,12.6
1783971213.299,1410,0.995,-0.751,0.214,0.0,11.7
1783971213.299,1410,1.587,0.414,0.239,0.0,14.6
1783971213.299,1410,2.363,1.483,-0.103,0.0,12.6
1783971213.401,1411,0.929,-0.24,0.005,0.0,12.4
1783971213.401,1411,0.995,-0.751,0.214,0.0,11.8
1783971213.401,1411,1.587,0.414,0.24,0.0,14.7
1783971213.401,1411,2.363,1.483,-0.103,0.0,12.5
1783971213.502,1412,0.929,-0.24,0.005,0.0,12.3
1783971213.502,1412,0.995,-0.751,0.215,0.0,11.7
1783971213.502,1412,1.587,0.414,0.243,0.0,14.6
1783971213.502,1412,2.363,1.483,-0.107,0.0,12.4
1783971213.604,1413,0.929,-0.24,0.005,0.0,12.5
1783971213.604,1413,0.995,-0.751,0.215,0.0,11.7
1783971213.604,1413,1.587,0.414,0.239,0.0,14.9
1783971213.604,1413,2.363,1.483,-0.115,0.0,12.5
1783971213.705,1414,0.929,-0.24,0.006,0.0,12.3
1783971213.705,1414,0.995,-0.751,0.214,0.0,11.6
1783971213.705,1414,1.588,0.414,0.237,0.0,14.9
1783971213.705,1414,2.363,1.483,-0.11,0.0,12.5
1783971213.806,1415,0.929,-0.24,0.005,0.0,12.3
1783971213.806,1415,0.995,-0.751,0.215,0.0,11.6
1783971213.806,1415,1.586,0.414,0.249,0.0,14.9
1783971213.806,1415,2.363,1.483,-0.114,0.0,12.5
1783971213.908,1416,0.929,-0.24,0.006,0.0,12.5
1783971213.908,1416,0.996,-0.751,0.212,0.0,11.8
1783971213.908,1416,1.587,0.414,0.24,0.0,14.7
1783971213.908,1416,2.363,1.483,-0.103,0.0,12.6
1783971214.009,1417,0.929,-0.24,0.006,0.0,12.5
1783971214.009,1417,0.995,-0.751,0.214,0.0,11.7
1783971214.009,1417,1.587,0.414,0.24,0.0,14.6
1783971214.009,1417,2.364,1.483,-0.095,0.0,12.9
1783971214.11,1418,0.929,-0.24,0.006,0.0,12.4
1783971214.11,1418,0.996,-0.751,0.213,0.0,11.6
1783971214.11,1418,1.588,0.414,0.235,0.0,14.5
1783971214.11,1418,2.363,1.483,-0.108,0.0,12.4
1783971214.213,1419,0.929,-0.24,0.006,0.0,12.2
1783971214.213,1419,0.995,-0.751,0.214,0.0,11.6
1783971214.213,1419,1.588,0.414,0.237,0.0,14.3
1783971214.213,1419,2.363,1.483,-0.113,0.0,12.7
1783971214.313,1420,0.929,-0.24,0.006,0.0,12.1
1783971214.313,1420,0.995,-0.751,0.215,0.0,11.5
1783971214.313,1420,1.587,0.414,0.242,0.0,14.2
1783971214.313,1420,2.363,1.483,-0.114,0.0,12.5
1783971214.414,1421,0.929,-0.24,0.005,0.0,12.3
1783971214.414,1421,0.995,-0.751,0.215,0.0,11.8
1783971214.414,1421,1.587,0.414,0.243,0.0,14.4
1783971214.414,1421,2.363,1.483,-0.105,0.0,12.3
1783971214.516,1422,0.929,-0.24,0.007,0.0,12.2
1783971214.516,1422,0.995,-0.751,0.215,0.0,11.6
1783971214.516,1422,1.587,0.414,0.241,0.0,14.5
1783971214.516,1422,2.363,1.483,-0.102,0.0,12.3
1783971214.618,1423,0.929,-0.24,0.006,0.0,12.4
1783971214.618,1423,0.995,-0.751,0.216,0.0,11.8
1783971214.618,1423,1.588,0.414,0.238,0.0,14.3
1783971214.618,1423,2.364,1.483,-0.099,0.0,12.3
1783971214.72,1424,0.929,-0.24,0.008,0.0,12.4
1783971214.72,1424,0.995,-0.751,0.215,0.0,11.9
1783971214.72,1424,1.588,0.414,0.236,0.0,14.3
1783971214.72,1424,2.363,1.483,-0.104,0.0,12.1
1783971214.821,1425,0.929,-0.24,0.006,0.0,12.5
1783971214.821,1425,0.995,-0.751,0.215,0.0,11.8
1783971214.821,1425,1.587,0.414,0.239,0.0,14.6
1783971214.821,1425,2.363,1.483,-0.109,0.0,12.2
1783971214.925,1426,0.929,-0.24,0.006,0.0,12.5
1783971214.925,1426,0.995,-0.751,0.214,0.0,11.8
1783971214.925,1426,1.587,0.414,0.24,0.0,14.5
1783971214.925,1426,2.363,1.483,-0.108,0.0,12.3
1783971215.025,1427,0.929,-0.24,0.006,0.0,12.5
1783971215.025,1427,0.995,-0.751,0.214,0.0,11.7
1783971215.025,1427,1.588,0.414,0.237,0.0,14.5
1783971215.025,1427,2.363,1.483,-0.108,0.0,12.1
1783971215.128,1428,0.929,-0.24,0.006,0.0,12.3
1783971215.128,1428,0.995,-0.751,0.213,0.0,11.7
1783971215.128,1428,1.587,0.414,0.238,0.0,14.9
1783971215.128,1428,2.363,1.483,-0.103,0.0,12.4
1783971215.23,1429,0.929,-0.24,0.007,0.0,12.4
1783971215.23,1429,0.995,-0.751,0.214,0.0,11.7
1783971215.23,1429,1.587,0.414,0.239,0.0,14.5
1783971215.23,1429,2.363,1.483,-0.104,0.0,11.9
1783971215.332,1430,0.929,-0.24,0.007,0.0,12.4
1783971215.332,1430,0.996,-0.751,0.213,0.0,11.8
1783971215.332,1430,1.587,0.414,0.238,0.0,14.6
1783971215.332,1430,2.364,1.483,-0.096,0.0,12.1
1783971215.434,1431,0.929,-0.24,0.005,0.0,12.2
1783971215.434,1431,0.995,-0.751,0.214,0.0,11.5
1783971215.434,1431,1.588,0.414,0.238,0.0,14.4
1783971215.434,1431,2.364,1.483,-0.092,0.0,12.6
1783971215.535,1432,0.929,-0.24,0.007,0.0,12.2
1783971215.535,1432,0.996,-0.751,0.213,0.0,11.5
1783971215.535,1432,1.588,0.414,0.238,0.0,14.7
1783971215.535,1432,2.364,1.483,-0.096,0.0,12.4
1783971215.636,1433,0.929,-0.24,0.007,0.0,12.3
1783971215.636,1433,0.995,-0.751,0.215,0.0,11.7
1783971215.636,1433,1.587,0.414,0.242,0.0,14.7
1783971215.636,1433,2.363,1.483,-0.108,0.0,12.4
1783971215.738,1434,0.929,-0.24,0.008,0.0,12.2
1783971215.738,1434,0.995,-0.751,0.213,0.0,11.6
1783971215.738,1434,1.588,0.414,0.238,0.0,14.5
1783971215.738,1434,2.363,1.483,-0.103,0.0,12.5
1783971215.84,1435,0.929,-0.24,0.005,0.0,12.3
1783971215.84,1435,0.995,-0.751,0.214,0.0,11.6
1783971215.84,1435,1.587,0.414,0.242,0.0,14.5
1783971215.84,1435,2.364,1.483,-0.099,0.0,12.4
1783971215.941,1436,0.929,-0.24,0.007,0.0,12.2
1783971215.941,1436,0.995,-0.751,0.215,0.0,11.5
1783971215.941,1436,1.587,0.414,0.238,0.0,14.9
1783971215.941,1436,2.363,1.483,-0.102,0.0,12.3
1783971215.991,1437,0.929,-0.24,0.005,0.0,12.2
1783971215.991,1437,0.995,-0.751,0.214,0.0,11.8
1783971215.991,1437,1.588,0.414,0.236,0.0,14.7
1783971215.991,1437,2.364,1.483,-0.094,0.0,12.4
1783971216.144,1438,0.929,-0.24,0.006,0.0,12.3
1783971216.144,1438,0.995,-0.751,0.214,0.0,11.7
1783971216.144,1438,1.587,0.414,0.241,0.0,14.8
1783971216.144,1438,2.364,1.483,-0.095,0.0,12.2
1783971216.246,1439,0.929,-0.24,0.006,0.0,12.2
1783971216.246,1439,0.995,-0.751,0.215,0.0,11.9
1783971216.246,1439,1.588,0.414,0.234,0.0,14.6
1783971216.246,1439,2.363,1.483,-0.106,0.0,12.5
1783971216.298,1440,0.929,-0.24,0.005,0.0,12.3
1783971216.298,1440,0.995,-0.751,0.215,0.0,11.7
1783971216.298,1440,1.587,0.414,0.241,0.0,14.6
1783971216.298,1440,2.363,1.483,-0.101,0.0,13.0
1783971216.4,1441,0.929,-0.24,0.005,0.0,12.3
1783971216.4,1441,0.995,-0.751,0.214,0.0,11.7
1783971216.4,1441,1.587,0.414,0.238,0.0,14.7
1783971216.4,1441,2.363,1.483,-0.105,0.0,12.5
1783971216.502,1442,0.929,-0.24,0.006,0.0,12.4
1783971216.502,1442,0.996,-0.751,0.213,0.0,11.7
1783971216.502,1442,1.588,0.414,0.237,0.0,14.7
1783971216.502,1442,2.363,1.483,-0.114,0.0,12.3
1783971216.603,1443,0.929,-0.24,0.006,0.0,12.3
1783971216.603,1443,0.995,-0.751,0.213,0.0,11.6
1783971216.603,1443,1.588,0.414,0.237,0.0,14.6
1783971216.603,1443,2.363,1.483,-0.108,0.0,12.5
1783971216.704,1444,0.929,-0.24,0.005,0.0,12.4
1783971216.704,1444,0.995,-0.751,0.215,0.0,11.8
1783971216.704,1444,1.587,0.414,0.238,0.0,14.6
1783971216.704,1444,2.363,1.483,-0.101,0.0,12.8
1783971216.805,1445,0.929,-0.24,0.005,0.0,12.2
1783971216.805,1445,0.995,-0.751,0.214,0.0,11.6
1783971216.805,1445,1.587,0.414,0.241,0.0,14.6
1783971216.805,1445,2.363,1.483,-0.101,0.0,12.8
1783971216.906,1446,0.929,-0.24,0.005,0.0,12.3
1783971216.906,1446,0.967,-0.791,0.201,0.0,11.6
1783971216.906,1446,1.586,0.414,0.245,0.0,14.9
1783971216.906,1446,2.363,1.483,-0.114,0.0,12.6
1783971217.007,1447,0.929,-0.24,0.005,0.0,12.9
1783971217.007,1447,0.995,-0.751,0.214,0.0,11.6
1783971217.007,1447,1.587,0.414,0.24,0.0,14.6
1783971217.007,1447,2.363,1.483,-0.108,0.0,12.6
1783971217.109,1448,0.929,-0.24,0.008,0.0,13.3
1783971217.109,1448,0.995,-0.751,0.214,0.0,11.6
1783971217.109,1448,1.587,0.414,0.241,0.0,14.4
1783971217.109,1448,2.364,1.483,-0.095,0.0,12.6
1783971217.21,1449,0.929,-0.24,0.006,0.0,13.0
1783971217.21,1449,0.967,-0.791,0.202,0.0,11.5
1783971217.21,1449,1.587,0.414,0.24,0.0,14.6
1783971217.21,1449,2.363,1.483,-0.115,0.0,12.5
1783971217.311,1450,0.929,-0.24,0.01,0.0,12.5
1783971217.311,1450,0.995,-0.751,0.213,0.0,11.6
1783971217.311,1450,1.587,0.414,0.24,0.0,14.8
1783971217.311,1450,2.363,1.483,-0.102,0.0,12.5
1783971217.414,1451,0.929,-0.24,0.008,0.0,13.0
1783971217.414,1451,0.995,-0.751,0.213,0.0,11.6
1783971217.414,1451,1.587,0.414,0.238,0.0,14.6
1783971217.414,1451,2.363,1.483,-0.108,0.0,12.3
1783971217.516,1452,0.929,-0.24,0.004,0.0,12.9
1783971217.516,1452,0.995,-0.751,0.214,0.0,11.6
1783971217.516,1452,1.587,0.414,0.242,0.0,14.5
1783971217.516,1452,2.363,1.483,-0.117,0.0,12.4
1783971217.617,1453,0.929,-0.24,0.007,0.0,12.4
1783971217.617,1453,0.995,-0.751,0.214,0.0,11.7
1783971217.617,1453,1.586,0.414,0.247,0.0,14.6
1783971217.617,1453,2.364,1.483,-0.095,0.0,12.6
1783971217.718,1454,0.929,-0.24,0.008,0.0,12.7
1783971217.718,1454,0.996,-0.751,0.213,0.0,11.8
1783971217.718,1454,1.587,0.414,0.241,0.0,14.8
1783971217.718,1454,2.363,1.483,-0.112,0.0,12.5
1783971217.822,1455,0.929,-0.24,0.005,0.0,12.7
1783971217.822,1455,0.995,-0.751,0.213,0.0,11.6
1783971217.822,1455,1.588,0.414,0.237,0.0,14.7
1783971217.822,1455,2.362,1.483,-0.123,0.0,12.6
1783971217.928,1456,0.929,-0.24,0.006,0.0,12.4
1783971217.928,1456,0.995,-0.751,0.214,0.0,11.6
1783971217.928,1456,1.588,0.414,0.238,0.0,14.7
1783971217.928,1456,2.363,1.483,-0.102,0.0,12.4
1783971218.03,1457,0.929,-0.24,0.004,0.0,12.8
1783971218.03,1457,0.996,-0.751,0.212,0.0,11.6
1783971218.03,1457,1.588,0.414,0.237,0.0,14.3
1783971218.03,1457,2.362,1.483,-0.129,0.0,12.7
1783971218.13,1458,0.929,-0.24,0.006,0.0,12.4
1783971218.13,1458,0.995,-0.751,0.214,0.0,11.7
1783971218.13,1458,1.587,0.414,0.244,0.0,14.8
1783971218.13,1458,2.363,1.483,-0.11,0.0,12.8
1783971218.231,1459,0.929,-0.24,0.008,0.0,12.3
1783971218.231,1459,0.995,-0.751,0.213,0.0,11.6
1783971218.231,1459,1.588,0.414,0.236,0.0,14.8
1783971218.231,1459,2.363,1.483,-0.108,0.0,12.7
1783971218.332,1460,0.929,-0.24,0.005,0.0,12.7
1783971218.332,1460,0.995,-0.751,0.214,0.0,11.6
1783971218.332,1460,1.586,0.414,0.25,0.0,14.7
1783971218.332,1460,2.361,1.483,-0.147,0.0,12.6
1783971218.433,1461,0.929,-0.24,0.005,0.0,12.8
1783971218.433,1461,0.996,-0.751,0.212,0.0,11.7
1783971218.433,1461,1.589,0.414,0.226,0.0,14.6
1783971218.433,1461,2.364,1.483,-0.1,0.0,12.6
1783971218.534,1462,0.929,-0.24,0.005,0.0,12.9
1783971218.534,1462,0.995,-0.751,0.214,0.0,11.7
1783971218.534,1462,1.586,0.414,0.245,0.0,14.9
1783971218.534,1462,2.362,1.483,-0.131,0.0,12.6
1783971218.637,1463,0.929,-0.24,0.005,0.0,13.5
1783971218.637,1463,0.995,-0.751,0.213,0.0,11.8
1783971218.637,1463,1.588,0.414,0.238,0.0,14.5
1783971218.637,1463,2.363,1.483,-0.104,0.0,12.5
1783971218.74,1464,0.929,-0.24,0.008,0.0,13.1
1783971218.74,1464,0.996,-0.751,0.212,0.0,11.6
1783971218.74,1464,1.588,0.414,0.235,0.0,15.0
1783971218.74,1464,2.364,1.483,-0.08,0.0,12.7
1783971218.84,1465,0.929,-0.24,0.007,0.0,13.4
1783971218.84,1465,0.995,-0.751,0.213,0.0,11.7
1783971218.84,1465,1.589,0.414,0.226,0.0,14.4
1783971218.84,1465,2.363,1.483,-0.113,0.0,12.5
1783971218.84,1465,0.202,-0.331,-0.059,-0.649,14.1
1783971218.941,1466,0.929,-0.24,0.007,0.0,13.6
1783971218.941,1466,0.995,-0.751,0.213,0.0,11.9
1783971218.941,1466,1.587,0.414,0.24,0.0,14.5
1783971218.941,1466,2.364,1.483,-0.09,0.0,12.5
1783971218.992,1467,0.929,-0.24,0.006,0.0,13.5
1783971218.992,1467,0.996,-0.751,0.213,0.0,11.7
1783971218.992,1467,1.585,0.414,0.254,0.0,14.4
1783971218.992,1467,2.364,1.483,-0.09,0.0,13.0
1783971219.145,1468,0.929,-0.24,0.007,0.0,13.1
1783971219.145,1468,0.996,-0.751,0.211,0.0,11.7
1783971219.145,1468,1.585,0.414,0.253,0.0,14.2
1783971219.145,1468,2.364,1.483,-0.089,0.0,12.7
1783971219.246,1469,0.929,-0.24,0.007,0.0,13.4
1783971219.246,1469,0.996,-0.751,0.212,0.0,11.8
1783971219.246,1469,1.589,0.414,0.229,0.0,14.5
1783971219.246,1469,2.364,1.483,-0.091,0.0,12.7
1783971219.297,1470,0.929,-0.24,0.006,0.0,13.3
1783971219.297,1470,0.995,-0.751,0.213,0.0,11.9
1783971219.297,1470,1.586,0.414,0.246,0.0,14.4
1783971219.297,1470,2.363,1.483,-0.112,0.0,12.6
1783971219.398,1471,0.929,-0.24,0.008,0.0,13.2
1783971219.398,1471,0.996,-0.751,0.212,0.0,11.6
1783971219.398,1471,1.589,0.414,0.226,0.0,14.4
1783971219.398,1471,2.364,1.483,-0.1,0.0,12.7
1783971219.551,1472,0.929,-0.24,0.006,0.0,13.4
1783971219.551,1472,0.996,-0.751,0.213,0.0,11.7
1783971219.551,1472,1.587,0.414,0.242,0.0,14.7
1783971219.551,1472,2.364,1.483,-0.097,0.0,12.4
1783971219.601,1473,0.929,-0.24,0.006,0.0,13.4
1783971219.601,1473,0.996,-0.751,0.213,0.0,11.8
1783971219.601,1473,1.588,0.414,0.231,0.0,14.9
1783971219.601,1473,2.363,1.483,-0.113,0.0,12.4
1783971219.702,1474,0.929,-0.24,0.005,0.0,13.3
1783971219.702,1474,0.995,-0.751,0.214,0.0,11.8
1783971219.702,1474,1.588,0.414,0.236,0.0,14.7
1783971219.702,1474,2.364,1.483,-0.098,0.0,12.8
1783971219.804,1475,0.929,-0.24,0.006,0.0,13.4
1783971219.804,1475,0.996,-0.751,0.213,0.0,11.7
1783971219.804,1475,1.586,0.414,0.246,0.0,14.5
1783971219.804,1475,2.364,1.483,-0.083,0.0,13.0
1783971219.905,1476,0.929,-0.24,0.009,0.0,13.4
1783971219.905,1476,0.995,-0.751,0.213,0.0,11.5
1783971219.905,1476,1.589,0.414,0.225,0.0,14.9
1783971219.905,1476,2.363,1.483,-0.106,0.0,12.7
1783971220.006,1477,0.929,-0.24,0.008,0.0,13.6
1783971220.006,1477,0.996,-0.751,0.213,0.0,11.6
1783971220.006,1477,1.588,0.414,0.237,0.0,14.8
1783971220.006,1477,2.363,1.483,-0.11,0.0,12.9
1783971220.107,1478,0.929,-0.24,0.009,0.0,13.5
1783971220.107,1478,0.995,-0.751,0.215,0.0,11.7
1783971220.107,1478,1.587,0.414,0.24,0.0,14.8
1783971220.107,1478,2.363,1.483,-0.101,0.0,12.6
1783971220.209,1479,0.929,-0.24,0.006,0.0,13.2
1783971220.209,1479,0.995,-0.751,0.214,0.0,11.8
1783971220.209,1479,1.59,0.414,0.221,0.0,14.7
1783971220.209,1479,2.364,1.483,-0.092,0.0,12.6
1783971220.312,1480,0.929,-0.24,0.007,0.0,13.3
1783971220.312,1480,0.995,-0.751,0.215,0.0,11.7
1783971220.312,1480,1.589,0.414,0.225,0.0,14.8
1783971220.312,1480,2.363,1.483,-0.102,0.0,12.7
1783971220.414,1481,0.929,-0.24,0.006,0.0,13.0
1783971220.414,1481,0.995,-0.751,0.215,0.0,11.6
1783971220.414,1481,1.587,0.414,0.24,0.0,14.7
1783971220.414,1481,2.363,1.483,-0.109,0.0,12.6
1783971220.515,1482,0.929,-0.24,0.008,0.0,12.9
1783971220.515,1482,0.995,-0.751,0.214,0.0,11.6
1783971220.515,1482,1.585,0.414,0.253,0.0,14.5
1783971220.515,1482,2.363,1.483,-0.104,0.0,12.7
1783971220.618,1483,0.929,-0.24,0.009,0.0,12.8
1783971220.618,1483,0.996,-0.751,0.213,0.0,11.6
1783971220.618,1483,1.589,0.414,0.229,0.0,14.6
1783971220.618,1483,2.364,1.483,-0.094,0.0,12.4
1783971220.719,1484,0.929,-0.24,0.005,0.0,13.1
1783971220.719,1484,0.995,-0.751,0.214,0.0,11.8
1783971220.719,1484,1.584,0.414,0.258,0.0,14.4
1783971220.719,1484,2.364,1.483,-0.081,0.0,12.7
1783971220.82,1485,0.929,-0.24,0.007,0.0,13.4
1783971220.82,1485,0.995,-0.751,0.214,0.0,11.7
1783971220.82,1485,1.585,0.414,0.254,0.0,14.5
1783971220.82,1485,2.364,1.483,-0.082,0.0,12.6
1783971220.921,1486,0.929,-0.24,0.008,0.0,13.3
1783971220.921,1486,0.996,-0.751,0.213,0.0,11.8
1783971220.921,1486,1.586,0.414,0.245,0.0,14.2
1783971220.921,1486,2.364,1.483,-0.088,0.0,12.7
1783971221.023,1487,0.929,-0.24,0.007,0.0,13.4
1783971221.023,1487,0.995,-0.751,0.213,0.0,11.7
1783971221.023,1487,1.587,0.414,0.239,0.0,14.3
1783971221.023,1487,2.364,1.483,-0.09,0.0,12.3
1783971221.125,1488,0.929,-0.24,0.007,0.0,13.0
1783971221.125,1488,0.995,-0.751,0.214,0.0,11.8
1783971221.125,1488,1.588,0.414,0.234,0.0,14.4
1783971221.125,1488,2.364,1.483,-0.086,0.0,12.3
1783971221.226,1489,0.929,-0.24,0.004,0.0,13.2
1783971221.226,1489,0.995,-0.751,0.214,0.0,11.8
1783971221.226,1489,1.587,0.414,0.239,0.0,14.3
1783971221.226,1489,2.364,1.483,-0.09,0.0,12.7
1783971221.327,1490,0.929,-0.24,0.007,0.0,13.0
1783971221.327,1490,0.995,-0.751,0.214,0.0,11.7
1783971221.327,1490,1.589,0.414,0.23,0.0,14.6
1783971221.327,1490,2.364,1.483,-0.093,0.0,12.6
1783971221.429,1491,0.929,-0.24,0.008,0.0,13.6
1783971221.429,1491,0.995,-0.751,0.213,0.0,11.7
1783971221.429,1491,1.59,0.414,0.221,0.0,14.6
1783971221.429,1491,2.364,1.483,-0.096,0.0,12.3
1783971221.529,1492,0.929,-0.24,0.007,0.0,12.9
1783971221.529,1492,0.995,-0.751,0.215,0.0,11.6
1783971221.529,1492,1.587,0.414,0.241,0.0,14.9
1783971221.529,1492,2.364,1.483,-0.079,0.0,12.8
1783971221.629,1493,0.929,-0.24,0.008,0.0,12.7
1783971221.629,1493,0.995,-0.751,0.213,0.0,11.8
1783971221.629,1493,1.59,0.414,0.219,0.0,14.7
1783971221.629,1493,2.363,1.483,-0.119,0.0,12.5
1783971221.73,1494,0.929,-0.24,0.006,0.0,12.6
1783971221.73,1494,0.995,-0.751,0.213,0.0,11.6
1783971221.73,1494,1.584,0.414,0.26,0.0,14.6
1783971221.73,1494,2.363,1.483,-0.116,0.0,12.7
1783971221.831,1495,0.929,-0.24,0.006,0.0,13.1
1783971221.831,1495,0.996,-0.751,0.213,0.0,11.6
1783971221.831,1495,1.586,0.414,0.248,0.0,14.6
1783971221.831,1495,2.364,1.483,-0.093,0.0,12.6
1783971221.932,1496,0.929,-0.24,0.006,0.0,12.9
1783971221.932,1496,0.995,-0.751,0.215,0.0,11.7
1783971221.932,1496,1.587,0.414,0.244,0.0,14.6
1783971221.932,1496,2.363,1.483,-0.109,0.0,13.0
1783971222.033,1497,0.929,-0.24,0.009,0.0,12.7
1783971222.033,1497,0.996,-0.751,0.213,0.0,11.5
1783971222.033,1497,1.586,0.414,0.251,0.0,14.4
1783971222.033,1497,2.363,1.483,-0.11,0.0,12.5
1783971222.134,1498,0.929,-0.24,0.008,0.0,12.8
1783971222.134,1498,0.995,-0.751,0.214,0.0,11.5
1783971222.134,1498,1.591,0.414,0.214,0.0,14.8
1783971222.134,1498,2.363,1.483,-0.115,0.0,12.9
1783971222.235,1499,0.929,-0.24,0.007,0.0,12.8
1783971222.235,1499,0.995,-0.751,0.215,0.0,11.8
1783971222.235,1499,1.588,0.414,0.236,0.0,14.4
1783971222.235,1499,2.363,1.483,-0.101,0.0,12.9
1783971222.338,1500,0.929,-0.24,0.007,0.0,12.5
1783971222.338,1500,0.995,-0.751,0.214,0.0,11.6
1783971222.338,1500,1.584,0.414,0.259,0.0,14.4
1783971222.338,1500,2.364,1.483,-0.095,0.0,12.6
1783971222.441,1501,0.929,-0.24,0.008,0.0,12.6
1783971222.441,1501,0.995,-0.751,0.214,0.0,11.6
1783971222.441,1501,1.587,0.414,0.239,0.0,14.2
1783971222.441,1501,2.364,1.483,-0.099,0.0,12.7
1783971222.542,1502,0.929,-0.24,0.01,0.0,13.2
1783971222.542,1502,0.995,-0.751,0.214,0.0,11.7
1783971222.542,1502,1.588,0.414,0.235,0.0,14.5
1783971222.542,1502,2.363,1.483,-0.101,0.0,12.5
1783971222.593,1503,0.929,-0.24,0.01,0.0,12.3
1783971222.593,1503,0.995,-0.751,0.214,0.0,11.7
1783971222.593,1503,1.585,0.414,0.255,0.0,15.0
1783971222.593,1503,2.364,1.483,-0.086,0.0,12.6
1783971222.745,1504,0.929,-0.24,0.009,0.0,12.4
1783971222.745,1504,0.995,-0.751,0.215,0.0,11.6
1783971222.745,1504,1.588,0.414,0.234,0.0,14.6
1783971222.745,1504,2.362,1.483,-0.122,0.0,12.4
1783971222.847,1505,0.929,-0.24,0.006,0.0,12.7
1783971222.847,1505,0.995,-0.751,0.213,0.0,11.6
1783971222.847,1505,1.588,0.414,0.236,0.0,14.3
1783971222.847,1505,2.364,1.483,-0.092,0.0,12.8
1783971222.897,1506,0.929,-0.24,0.003,0.0,12.9
1783971222.897,1506,0.996,-0.751,0.213,0.0,11.6
1783971222.897,1506,1.588,0.414,0.234,0.0,14.8
1783971222.897,1506,2.364,1.483,-0.086,0.0,12.8
1783971222.998,1507,0.929,-0.24,0.005,0.0,13.0
1783971222.998,1507,0.996,-0.751,0.212,0.0,11.6
1783971222.998,1507,1.586,0.414,0.25,0.0,14.7
1783971222.998,1507,2.362,1.483,-0.136,0.0,12.9
1783971223.15,1508,0.929,-0.24,0.005,0.0,12.8
1783971223.15,1508,0.996,-0.751,0.212,0.0,11.6
1783971223.15,1508,1.589,0.414,0.229,0.0,14.8
1783971223.15,1508,2.363,1.483,-0.102,0.0,12.9
1783971223.2,1509,0.929,-0.24,0.008,0.0,12.9
1783971223.2,1509,0.995,-0.751,0.214,0.0,11.7
1783971223.2,1509,1.601,0.363,0.234,0.0,14.9
1783971223.2,1509,2.363,1.483,-0.117,0.0,12.8
1783971223.301,1510,0.921,-0.27,0.031,0.0,14.4
1783971223.301,1510,0.979,-0.791,0.128,0.0,12.8
1783971223.301,1510,1.608,0.363,0.179,0.0,14.6
1783971223.301,1510,2.418,1.396,0.049,0.0,13.0
1783971223.402,1511,0.911,-0.3,0.033,0.0,13.8
1783971223.402,1511,0.94,-0.83,0.169,0.0,12.7
1783971223.402,1511,1.624,0.259,0.211,0.0,15.2
1783971223.402,1511,2.466,1.309,0.021,0.0,12.9
1783971223.503,1512,0.885,-0.36,0.094,0.0,13.6
1783971223.503,1512,0.912,-0.87,0.109,0.0,15.2
1783971223.503,1512,1.684,0.213,0.125,0.0,14.2
1783971223.503,1512,2.504,1.222,0.182,0.0,12.3
1783971223.606,1513,0.876,-0.39,0.05,0.0,13.4
1783971223.606,1513,1.692,0.16,0.076,0.0,14.0
1783971223.606,1513,1.697,1.931,0.141,0.0,13.3
1783971223.606,1513,2.547,1.134,0.152,0.0,13.7
1783971223.606,1513,3.866,4.014,-0.365,0.0,12.0
1783971223.706,1514,0.861,-0.42,0.057,0.0,13.4
1783971223.706,1514,0.9,-0.87,0.185,0.0,12.9
1783971223.706,1514,1.697,0.053,0.107,0.0,14.4
1783971223.706,1514,1.694,1.931,0.172,0.0,14.7
1783971223.706,1514,2.582,1.047,0.182,0.0,16.3
1783971223.706,1514,6.178,5.879,0.624,0.0,12.1
1783971223.808,1515,0.902,-0.439,0.032,0.0,13.6
1783971223.808,1515,1.686,0.053,0.221,0.0,14.6
1783971223.808,1515,1.775,1.85,0.231,0.0,14.9
1783971223.808,1515,2.619,0.96,0.137,0.0,15.9
1783971223.808,1515,6.412,5.612,0.716,0.0,12.0
1783971223.91,1516,0.866,-0.502,0.071,0.0,15.8
1783971223.91,1516,1.769,1.85,0.275,0.0,13.8
1783971223.91,1516,2.671,0.785,0.217,0.0,15.0
1783971224.01,1517,0.86,-0.502,0.128,0.0,15.0
1783971224.01,1517,1.856,1.77,0.219,0.0,13.5
1783971224.01,1517,2.667,0.785,0.263,0.0,14.3
1783971224.01,1517,3.422,1.524,0.219,0.0,11.4
1783971224.111,1518,0.84,-0.533,0.133,0.0,15.4
1783971224.111,1518,1.933,1.689,0.188,0.0,13.5
1783971224.111,1518,2.681,0.698,0.351,0.0,15.6
1783971224.111,1518,3.478,1.407,0.038,0.0,11.4
1783971224.212,1519,0.842,-0.533,0.12,0.0,15.3
1783971224.212,1519,1.932,1.689,0.195,0.0,13.8
1783971224.212,1519,2.666,0.785,0.272,0.0,15.7
1783971224.212,1519,3.478,1.407,0.021,0.0,11.5
1783971224.313,1520,0.847,-0.533,0.075,0.0,15.0
1783971224.313,1520,1.927,1.689,0.245,0.0,14.1
1783971224.313,1520,2.689,0.698,0.282,0.0,16.1
1783971224.313,1520,3.523,1.29,-0.019,0.0,11.9
1783971224.415,1521,0.825,-0.564,0.09,0.0,14.7
1783971224.415,1521,1.695,-0.106,0.096,0.0,11.9
1783971224.415,1521,2.062,1.528,0.197,0.0,16.2
1783971224.415,1521,2.718,0.611,0.194,0.0,13.8
1783971224.415,1521,3.547,1.173,0.353,0.0,11.5
1783971224.516,1522,0.779,-0.627,0.085,0.0,14.8
1783971224.516,1522,1.987,1.609,0.3,0.0,15.7
1783971224.516,1522,2.77,0.532,0.291,0.0,14.7
1783971224.516,1522,3.574,1.186,0.479,0.0,11.8
1783971224.516,1522,6.998,4.81,1.004,0.0,11.6
1783971224.617,1523,0.8,-0.596,0.109,0.0,16.5
1783971224.617,1523,2.046,1.528,0.32,0.0,14.0
1783971224.617,1523,2.781,0.443,0.338,0.0,12.3
1783971224.617,1523,3.617,0.949,0.652,0.0,11.4
1783971224.718,1524,0.8,-0.596,0.106,0.0,17.7
1783971224.718,1524,2.096,1.448,0.369,0.0,14.6
1783971224.718,1524,2.778,0.443,0.356,0.0,14.3
1783971224.718,1524,3.641,0.949,0.498,0.0,12.3
1783971224.821,1525,0.779,-0.627,0.082,0.0,17.1
1783971224.821,1525,2.146,1.367,0.388,0.0,15.7
1783971224.821,1525,2.805,0.354,0.22,0.0,14.4
1783971224.821,1525,3.653,0.949,0.401,0.0,13.8
1783971224.921,1526,0.722,-0.69,0.1,0.0,15.4
1783971224.921,1526,2.158,1.367,0.314,0.0,15.1
1783971224.921,1526,2.823,0.266,0.057,0.0,13.3
1783971224.921,1526,3.703,0.83,0.072,0.0,13.0
1783971225.023,1527,0.717,-0.69,0.127,0.0,14.9
1783971225.023,1527,2.172,1.367,0.195,0.0,15.3
1783971225.023,1527,2.821,0.177,0.232,0.0,14.8
1783971225.023,1527,3.7,0.83,0.172,0.0,13.4
1783971225.023,1527,5.025,2.901,-0.021,0.0,11.4
1783971225.128,1528,0.718,-0.69,0.126,0.0,15.9
1783971225.128,1528,2.223,1.287,0.17,0.0,15.9
1783971225.128,1528,2.774,0.262,-0.183,0.0,14.0
1783971225.128,1528,3.724,0.712,0.191,0.0,14.0
1783971225.128,1528,5.001,2.901,0.49,0.0,12.0
1783971225.229,1529,0.715,-0.69,0.139,0.0,15.3
1783971225.229,1529,2.268,1.207,0.167,0.0,16.0
1783971225.229,1529,2.778,0.262,-0.106,0.0,13.4
1783971225.229,1529,3.713,0.712,0.335,0.0,13.8
1783971225.229,1529,4.971,2.901,0.737,0.0,13.5
1783971225.329,1530,0.677,-0.721,0.17,0.0,15.2
1783971225.329,1530,2.222,1.287,0.18,0.0,16.3
1783971225.329,1530,2.787,0.175,-0.008,0.0,13.7
1783971225.329,1530,3.734,0.593,0.338,0.0,14.6
1783971225.329,1530,5.073,2.72,0.734,0.0,12.8
1783971225.43,1531,0.679,-0.721,0.161,0.0,13.1
1783971225.43,1531,2.267,1.207,0.175,0.0,16.1
1783971225.43,1531,2.786,0.175,0.062,0.0,13.9
1783971225.43,1531,3.728,0.712,0.075,0.0,13.9
1783971225.43,1531,4.926,2.901,0.993,0.0,11.5
1783971225.531,1532,0.683,-0.721,0.142,0.0,13.5
1783971225.531,1532,2.255,1.207,0.291,0.0,15.3
1783971225.531,1532,2.788,0.087,0.134,0.0,14.4
1783971225.531,1532,3.746,0.593,0.155,0.0,13.6
1783971225.531,1532,5.136,2.539,0.919,0.0,12.8
1783971225.633,1533,0.685,-0.721,0.133,0.0,13.6
1783971225.633,1533,2.258,1.207,0.272,0.0,15.0
1783971225.633,1533,2.786,0.175,0.057,0.0,13.8
1783971225.633,1533,3.749,0.593,0.04,0.0,13.0
1783971225.633,1533,5.142,2.539,0.886,0.0,12.3
1783971225.734,1534,0.687,-0.721,0.123,0.0,12.9
1783971225.734,1534,2.259,1.207,0.257,0.0,15.1
1783971225.734,1534,2.791,0.087,0.032,0.0,13.4
1783971225.734,1534,3.749,0.593,-0.008,0.0,12.9
1783971225.734,1534,5.152,2.539,0.825,0.0,12.8
1783971225.835,1535,0.654,-0.753,0.114,0.0,12.3
1783971225.835,1535,2.305,1.126,0.209,0.0,15.7
1783971225.835,1535,2.787,0.175,-0.006,0.0,13.3
1783971225.835,1535,3.749,0.593,-0.053,0.0,13.2
1783971225.835,1535,5.159,2.539,0.78,0.0,13.2
1783971225.936,1536,0.682,-0.721,0.147,0.0,13.3
1783971225.936,1536,2.27,1.207,0.135,0.0,15.4
1783971225.936,1536,2.785,0.175,-0.097,0.0,12.7
1783971225.936,1536,3.748,0.593,-0.088,0.0,12.7
1783971225.936,1536,5.197,2.539,0.46,0.0,12.0
1783971226.037,1537,0.685,-0.721,0.133,0.0,13.5
1783971226.037,1537,2.27,1.207,0.13,0.0,15.4
1783971226.037,1537,2.784,0.175,-0.115,0.0,13.1
1783971226.037,1537,3.76,0.474,-0.208,0.0,12.3
1783971226.037,1537,5.194,2.539,0.497,0.0,12.9
1783971226.138,1538,0.653,-0.753,0.12,0.0,13.2
1783971226.138,1538,2.27,1.207,0.13,0.0,15.5
1783971226.138,1538,2.791,0.087,-0.034,0.0,13.2
1783971226.138,1538,3.742,0.593,-0.225,0.0,12.4
1783971226.138,1538,5.189,2.539,0.549,0.0,12.6
1783971226.239,1539,0.654,-0.753,0.114,0.0,12.6
1783971226.239,1539,2.269,1.207,0.144,0.0,15.4
1783971226.239,1539,2.781,0.175,-0.175,0.0,13.0
1783971226.239,1539,3.74,0.593,-0.259,0.0,11.9
1783971226.239,1539,5.099,2.72,0.521,0.0,12.1
1783971226.34,1540,0.687,-0.721,0.12,0.0,12.8
1783971226.34,1540,2.31,1.126,0.146,0.0,15.3
1783971226.34,1540,2.779,0.175,-0.214,0.0,12.8
1783971226.34,1540,3.741,0.593,-0.241,0.0,12.0
1783971226.34,1540,5.191,2.539,0.529,0.0,11.8
1783971226.441,1541,0.653,-0.753,0.117,0.0,13.7
1783971226.441,1541,2.311,1.126,0.135,0.0,15.6
1783971226.441,1541,2.764,0.262,-0.293,0.0,12.9
1783971226.441,1541,3.746,0.593,-0.163,0.0,12.3
1783971226.441,1541,5.182,2.539,0.61,0.0,13.1
1783971226.492,1542,0.653,-0.753,0.118,0.0,13.6
1783971226.492,1542,2.312,1.126,0.117,0.0,15.5
1783971226.492,1542,2.782,0.175,-0.157,0.0,12.8
1783971226.492,1542,3.748,0.593,-0.076,0.0,12.3
1783971226.492,1542,5.169,2.539,0.713,0.0,12.8
1783971226.645,1543,0.653,-0.753,0.12,0.0,13.4
1783971226.645,1543,2.312,1.126,0.114,0.0,15.4
1783971226.645,1543,2.784,0.175,-0.116,0.0,13.2
1783971226.645,1543,3.749,0.593,-0.045,0.0,13.3
1783971226.645,1543,5.068,2.72,0.768,0.0,13.0
1783971226.746,1544,0.688,-0.721,0.118,0.0,12.9
1783971226.746,1544,2.271,1.207,0.112,0.0,15.2
1783971226.746,1544,2.785,0.175,-0.111,0.0,12.8
1783971226.746,1544,3.749,0.593,-0.057,0.0,12.3
1783971226.746,1544,5.195,2.539,0.483,0.0,12.9
1783971226.798,1545,0.688,-0.721,0.117,0.0,13.8
1783971226.798,1545,2.27,1.207,0.132,0.0,15.4
1783971226.798,1545,2.79,0.087,-0.054,0.0,12.7
1783971226.798,1545,3.749,0.593,0.017,0.0,12.7
1783971226.798,1545,5.177,2.539,0.652,0.0,13.2
1783971226.899,1546,0.687,-0.721,0.122,0.0,12.8
1783971226.899,1546,2.27,1.207,0.131,0.0,14.7
1783971226.899,1546,2.778,0.175,-0.215,0.0,12.7
1783971226.899,1546,3.748,0.593,-0.083,0.0,12.7
1783971226.899,1546,5.166,2.539,0.736,0.0,13.3
1783971227.001,1547,0.688,-0.721,0.119,0.0,13.4
1783971227.001,1547,2.27,1.207,0.132,0.0,14.7
1783971227.001,1547,2.782,0.175,-0.167,0.0,12.9
1783971227.001,1547,3.749,0.593,-0.064,0.0,12.5
1783971227.001,1547,5.192,2.539,0.518,0.0,12.1
1783971227.104,1548,0.689,-0.721,0.113,0.0,13.3
1783971227.104,1548,2.31,1.126,0.14,0.0,14.6
1783971227.104,1548,2.785,0.175,-0.102,0.0,12.3
1783971227.104,1548,3.748,0.593,-0.085,0.0,12.4
1783971227.104,1548,5.199,2.539,0.438,0.0,12.0
1783971227.205,1549,0.687,-0.721,0.123,0.0,13.3
1783971227.205,1549,2.271,1.207,0.11,0.0,15.2
1783971227.205,1549,2.829,-0.0,0.193,0.0,13.1
1783971227.205,1549,3.749,0.593,0.002,0.0,12.2
1783971227.205,1549,5.202,2.539,0.409,0.0,12.2
1783971227.307,1550,0.687,-0.721,0.123,0.0,13.2
1783971227.307,1550,2.272,1.207,0.092,0.0,14.5
1783971227.307,1550,2.791,0.087,-0.003,0.0,12.6
1783971227.307,1550,3.749,0.593,-0.031,0.0,12.5
1783971227.307,1550,5.202,2.539,0.411,0.0,12.1
1783971227.408,1551,0.686,-0.721,0.128,0.0,12.6
1783971227.408,1551,2.269,1.207,0.151,0.0,14.6
1783971227.408,1551,2.828,0.177,0.118,0.0,13.8
1783971227.408,1551,3.747,0.593,0.128,0.0,12.7
1783971227.408,1551,5.171,2.539,0.698,0.0,13.2
1783971227.509,1552,0.686,-0.721,0.127,0.0,12.6
1783971227.509,1552,2.271,1.207,0.118,0.0,14.5
1783971227.509,1552,2.783,0.175,-0.147,0.0,13.3
1783971227.509,1552,3.747,0.593,0.118,0.0,13.2
1783971227.509,1552,5.056,2.72,0.839,0.0,13.2
1783971227.612,1553,0.688,-0.721,0.118,0.0,12.2
1783971227.612,1553,2.312,1.126,0.12,0.0,14.6
1783971227.612,1553,2.79,0.087,-0.048,0.0,13.4
1783971227.612,1553,3.749,0.593,0.024,0.0,12.6
1783971227.612,1553,5.068,2.72,0.769,0.0,13.3
1783971227.712,1554,0.687,-0.721,0.12,0.0,13.5
1783971227.712,1554,2.27,1.207,0.129,0.0,14.6
1783971227.712,1554,2.782,0.175,-0.169,0.0,13.4
1783971227.712,1554,3.766,0.474,-0.04,0.0,12.5
1783971227.712,1554,5.077,2.72,0.702,0.0,13.1
1783971227.814,1555,0.653,-0.753,0.118,0.0,13.1
1783971227.814,1555,2.27,1.207,0.131,0.0,14.7
1783971227.814,1555,2.78,0.175,-0.189,0.0,13.3
1783971227.814,1555,3.749,0.593,0.031,0.0,13.0
1783971227.814,1555,5.178,2.539,0.641,0.0,12.8
1783971227.916,1556,0.654,-0.753,0.113,0.0,12.9
1783971227.916,1556,2.27,1.207,0.126,0.0,15.0
1783971227.916,1556,2.783,0.175,-0.151,0.0,13.6
1783971227.916,1556,3.749,0.593,0.059,0.0,13.4
1783971227.916,1556,5.179,2.539,0.632,0.0,12.6
1783971228.019,1557,0.655,-0.753,0.106,0.0,13.1
1783971228.019,1557,2.27,1.207,0.128,0.0,14.6
1783971228.019,1557,2.784,0.175,-0.128,0.0,13.3
1783971228.019,1557,3.747,0.593,0.125,0.0,13.0
1783971228.019,1557,5.18,2.539,0.627,0.0,12.8
1783971228.12,1558,0.657,-0.753,0.092,0.0,14.5
1783971228.12,1558,2.306,1.126,0.204,0.0,13.8
1783971228.12,1558,2.783,0.087,-0.213,0.0,13.6
1783971228.12,1558,3.766,0.474,0.013,0.0,13.6
1783971228.12,1558,5.181,2.539,0.623,0.0,12.1
1783971228.222,1559,0.655,-0.753,0.105,0.0,14.5
1783971228.222,1559,2.304,1.126,0.22,0.0,14.0
1783971228.222,1559,2.78,0.087,-0.243,0.0,13.1
1783971228.222,1559,3.765,0.474,-0.103,0.0,12.7
1783971228.222,1559,5.251,2.357,0.736,0.0,12.3
1783971228.328,1560,0.688,-0.721,0.117,0.0,14.4
1783971228.328,1560,2.303,1.126,0.231,0.0,14.0
1783971228.328,1560,3.763,0.474,-0.155,0.0,12.7
1783971228.328,1560,5.197,2.357,1.052,0.0,13.6
1783971228.437,1561,0.613,-0.784,0.129,0.0,11.9
1783971228.437,1561,2.312,1.126,0.121,0.0,13.1
1783971228.437,1561,2.792,-0.0,-0.027,0.0,13.1
1783971228.437,1561,3.779,0.356,-0.025,0.0,11.8
1783971228.437,1561,5.284,2.357,0.439,0.0,12.0
1783971228.538,1562,2.341,1.046,0.228,0.0,12.8
1783971228.538,1562,2.736,-0.258,0.031,0.0,13.2
1783971228.538,1562,3.787,0.237,-0.08,0.0,11.3
1783971228.538,1562,5.364,2.176,0.398,0.0,13.0
1783971228.643,1563,2.384,0.965,0.096,0.0,12.2
1783971228.643,1563,2.736,-0.258,0.016,0.0,12.8
1783971228.643,1563,5.389,1.995,0.81,0.0,13.1
1783971228.695,1564,2.416,0.885,0.069,0.0,12.9
1783971228.695,1564,2.736,-0.258,-0.005,0.0,12.5
1783971228.695,1564,3.793,0.119,-0.067,0.0,11.8
1783971228.695,1564,5.44,1.813,0.885,0.0,13.5
1783971228.846,1565,2.413,0.885,0.139,0.0,13.6
1783971228.846,1565,2.736,-0.258,0.004,0.0,12.7
1783971228.846,1565,3.786,0.237,0.127,0.0,12.0
1783971228.846,1565,5.44,1.813,0.891,0.0,12.6
1783971228.898,1566,2.407,0.885,0.225,0.0,13.6
1783971228.898,1566,2.787,-0.175,0.018,0.0,13.8
1783971228.898,1566,3.784,0.119,0.269,0.0,11.8
1783971228.898,1566,5.487,1.632,0.948,0.0,11.8
1783971229.001,1567,2.43,0.804,0.269,0.0,13.2
1783971229.001,1567,2.779,-0.262,-0.051,0.0,13.1
1783971229.001,1567,5.483,1.632,0.97,0.0,12.2
1783971229.102,1568,2.431,0.804,0.263,0.0,13.4
1783971229.102,1568,2.779,-0.262,-0.075,0.0,13.4
1783971229.102,1568,5.482,1.632,0.975,0.0,12.9
1783971229.204,1569,2.43,0.804,0.268,0.0,13.7
1783971229.204,1569,2.779,-0.262,-0.075,0.0,13.0
1783971229.204,1569,5.45,1.632,1.144,0.0,13.5
1783971229.306,1570,2.431,0.804,0.263,0.0,13.8
1783971229.306,1570,2.768,-0.349,-0.105,0.0,13.1
1783971229.306,1570,5.516,1.632,0.76,0.0,12.2
1783971229.41,1571,2.46,0.724,0.222,0.0,14.1
1783971229.41,1571,2.769,-0.349,-0.097,0.0,13.1
1783971229.41,1571,5.517,1.632,0.757,0.0,12.6
1783971229.514,1572,2.463,0.724,0.182,0.0,14.2
1783971229.514,1572,2.768,-0.349,-0.113,0.0,13.0
1783971229.514,1572,5.504,1.632,0.842,0.0,11.7
1783971229.615,1573,2.465,0.724,0.158,0.0,14.1
1783971229.615,1573,2.767,-0.349,-0.14,0.0,12.2
1783971229.615,1573,3.78,-0.237,0.257,0.0,12.4
1783971229.716,1574,2.489,0.644,0.123,0.0,13.8
1783971229.716,1574,2.764,-0.349,-0.183,0.0,11.8
1783971229.716,1574,3.763,-0.237,0.438,0.0,12.4
1783971229.818,1575,2.511,0.563,0.07,0.0,13.4
1783971229.818,1575,2.739,-0.436,-0.325,0.0,12.0
1783971229.918,1576,2.512,0.563,0.031,0.0,13.5
1783971229.918,1576,2.741,-0.436,-0.309,0.0,12.2
1783971230.019,1577,2.511,0.563,0.037,0.0,13.8
1783971230.019,1577,2.742,-0.436,-0.299,0.0,12.3
1783971230.121,1578,2.511,0.563,0.066,0.0,14.0
1783971230.223,1579,2.51,0.563,0.094,0.0,14.2
1783971230.223,1579,5.66,1.269,0.138,0.0,11.7
1783971230.323,1580,2.527,0.483,0.077,0.0,14.4
1783971230.425,1581,2.527,0.483,0.089,0.0,14.9
1783971230.425,1581,5.687,1.088,0.381,0.0,12.0
1783971230.525,1582,2.526,0.483,0.117,0.0,15.0
1783971230.525,1582,2.723,-0.611,-0.09,0.0,11.7
1783971230.525,1582,5.668,1.088,0.599,0.0,11.5
1783971230.626,1583,2.537,0.402,0.164,0.0,15.2
1783971230.626,1583,2.719,-0.611,-0.174,0.0,11.5
1783971230.626,1583,5.673,1.088,0.547,0.0,11.2
1783971230.727,1584,2.536,0.402,0.179,0.0,15.7
1783971230.727,1584,2.679,-0.785,0.013,0.0,11.9
1783971230.827,1585,2.55,0.322,0.138,0.0,15.7
1783971230.827,1585,5.541,0.524,0.457,0.0,11.4
1783971230.928,1586,2.561,0.241,0.104,0.0,14.8
1783971230.928,1586,5.543,0.349,0.587,0.0,11.5
1783971231.03,1587,2.562,0.241,0.053,0.0,14.2
1783971231.03,1587,2.643,-0.873,-0.224,0.0,11.8
1783971231.03,1587,5.547,0.349,0.546,0.0,12.6
1783971231.131,1588,2.553,0.322,-0.076,0.0,13.9
1783971231.131,1588,2.569,0.161,0.034,0.0,13.9
1783971231.131,1588,5.542,0.175,0.668,0.0,13.7
1783971231.232,1589,0.256,0.405,-0.033,0.0,11.3
1783971231.232,1589,2.562,0.241,-0.068,0.0,13.5
1783971231.232,1589,5.55,-0.0,0.619,0.0,13.1
1783971231.333,1590,2.562,0.241,-0.067,0.0,11.9
1783971231.333,1590,5.562,-0.0,0.501,0.0,12.4
1783971231.433,1591,2.563,0.241,0.019,0.0,11.9
1783971231.433,1591,5.571,-0.0,0.382,0.0,12.3
1783971231.535,1592,2.567,0.161,0.099,0.0,12.3
1783971231.535,1592,5.557,-0.175,0.524,0.0,11.9
1783971231.636,1593,2.565,0.161,0.145,0.0,12.0
1783971231.636,1593,5.535,-0.349,0.654,0.0,11.9
1783971231.737,1594,2.562,0.161,0.189,0.0,12.3
1783971231.737,1594,5.561,-0.175,0.484,0.0,11.4
1783971231.838,1595,0.47,0.177,-0.264,0.0,12.2
1783971231.838,1595,0.42,0.372,-0.081,0.0,12.2
1783971231.838,1595,2.56,0.08,0.256,0.0,12.7
1783971231.838,1595,8.678,-0.271,-0.07,0.0,11.3
1783971231.94,1596,2.556,0.161,0.259,0.0,12.6
1783971232.042,1597,2.554,0.161,0.274,0.0,12.3
1783971232.144,1598,2.554,0.161,0.276,0.0,12.2
1783971232.194,1599,0.263,0.442,-0.098,0.0,13.8
1783971232.194,1599,2.554,0.161,0.275,0.0,12.1
1783971232.346,1600,0.276,0.425,-0.131,0.0,16.1
1783971232.346,1600,2.555,0.161,0.266,0.0,12.0
1783971232.447,1601,0.284,0.425,-0.111,0.0,16.3
1783971232.447,1601,2.554,0.161,0.277,0.0,11.9
1783971232.498,1602,0.27,0.442,-0.077,0.0,15.5
1783971232.498,1602,2.552,0.161,0.293,0.0,12.1
1783971232.601,1603,0.506,-0.124,0.225,0.0,11.3
1783971232.601,1603,2.555,0.161,0.272,0.0,11.5
1783971232.704,1604,0.455,0.195,-0.277,0.0,12.4
1783971232.704,1604,2.554,0.161,0.276,0.0,12.2
1783971232.806,1605,0.347,0.36,-0.156,0.0,11.2
1783971232.806,1605,2.555,0.161,0.27,0.0,11.9
1783971232.806,1605,8.671,-0.0,-0.434,0.0,11.3
1783971232.907,1606,2.557,0.161,0.253,0.0,11.9
1783971233.009,1607,0.277,0.33,-0.211,0.0,11.4
1783971233.009,1607,2.553,0.161,0.285,0.0,12.1
1783971233.111,1608,2.553,0.161,0.287,0.0,12.3
1783971233.213,1609,2.552,0.161,0.299,0.0,12.3
1783971233.213,1609,8.674,-0.271,-0.254,0.0,11.3
1783971233.316,1610,0.305,0.425,-0.02,0.0,13.4
1783971233.316,1610,2.559,0.161,0.223,0.0,12.7
1783971233.417,1611,0.304,0.425,-0.029,0.0,13.9
1783971233.417,1611,2.553,0.161,0.285,0.0,12.8
1783971233.519,1612,0.325,0.409,-0.038,0.0,13.2
1783971233.519,1612,2.555,0.161,0.272,0.0,12.0
1783971233.62,1613,0.46,0.23,-0.238,0.0,12.4
1783971233.62,1613,0.338,0.443,-0.104,0.0,12.4
1783971233.62,1613,2.558,0.161,0.24,0.0,11.9
1783971233.722,1614,0.324,0.409,0.043,0.0,11.4
1783971233.722,1614,2.56,0.161,0.21,0.0,12.2
1783971233.825,1615,0.324,0.409,0.044,0.0,11.3
1783971233.825,1615,2.559,0.161,0.222,0.0,12.2
1783971233.825,1615,5.564,-0.0,0.473,0.0,11.4
1783971233.927,1616,0.449,0.213,-0.274,0.0,11.9
1783971233.927,1616,0.277,-0.443,-0.22,0.0,11.9
1783971233.927,1616,2.559,0.161,0.23,0.0,12.0
1783971234.027,1617,0.453,0.213,-0.267,0.0,12.4
1783971234.027,1617,0.274,-0.443,-0.224,0.0,12.4
1783971234.027,1617,2.559,0.161,0.229,0.0,12.1
1783971234.128,1618,0.477,0.213,-0.221,0.0,11.8
1783971234.128,1618,2.56,0.161,0.219,0.0,12.1
1783971234.23,1619,0.312,0.409,0.097,0.0,11.4
1783971234.23,1619,2.561,0.161,0.204,0.0,12.2
1783971234.331,1620,2.56,0.161,0.212,0.0,12.0
1783971234.439,1621,2.559,0.161,0.225,0.0,12.0
1783971234.541,1622,0.352,0.443,0.041,0.0,12.2
1783971234.541,1622,2.562,0.161,0.196,0.0,12.0
1783971234.541,1622,5.58,-0.0,0.225,0.0,11.6
1783971234.592,1623,0.292,0.425,0.235,0.0,12.0
1783971234.592,1623,0.461,0.23,-0.237,0.0,12.0
1783971234.592,1623,2.562,0.161,0.188,0.0,12.1
1783971234.743,1624,2.56,0.161,0.212,0.0,12.0
1783971234.848,1625,0.283,0.376,-0.229,0.0,11.6
1783971234.848,1625,2.555,0.161,0.271,0.0,12.0
1783971234.898,1626,0.358,0.376,-0.068,0.0,12.4
1783971234.898,1626,2.558,0.161,0.239,0.0,12.3
1783971235.0,1627,2.561,0.161,0.208,0.0,12.1
1783971235.101,1628,0.38,0.39,-0.159,0.0,13.0
1783971235.101,1628,2.559,0.161,0.232,0.0,12.0
1783971235.101,1628,5.556,-0.349,0.448,0.0,11.4
1783971235.202,1629,0.392,0.408,-0.041,0.0,13.1
1783971235.202,1629,2.561,0.161,0.208,0.0,12.1
1783971235.303,1630,0.33,0.443,-0.127,0.0,14.4
1783971235.303,1630,2.555,0.161,0.27,0.0,12.5
1783971235.405,1631,2.552,0.161,0.296,0.0,12.2
1783971235.505,1632,2.547,0.161,0.333,0.0,12.0
1783971235.607,1633,0.476,0.213,-0.223,0.0,12.9
1783971235.607,1633,2.552,0.08,0.329,0.0,12.1
1783971235.708,1634,0.46,0.213,-0.255,0.0,11.5
1783971235.708,1634,0.375,0.425,0.018,0.0,11.5
1783971235.708,1634,2.548,0.161,0.328,0.0,11.9
1783971235.809,1635,2.541,0.08,0.404,0.0,13.2
1783971235.91,1636,0.547,0.142,-0.049,0.0,12.8
1783971235.91,1636,0.324,0.461,-0.065,0.0,12.8
1783971235.91,1636,2.55,-0.08,0.342,0.0,13.3
1783971236.014,1637,0.516,0.071,-0.224,0.0,16.6
1783971236.014,1637,2.561,-0.08,0.25,0.0,13.8
1783971236.014,1637,5.592,-0.528,0.352,0.0,12.7
1783971236.014,1637,8.468,-1.069,0.528,0.0,13.4
1783971236.121,1638,1.215,-1.17,0.224,0.0,12.1
1783971236.121,1638,2.57,-0.08,0.126,0.0,13.8
1783971236.121,1638,3.604,-1.186,0.106,0.0,11.4
1783971236.121,1638,5.523,-0.698,0.438,0.0,13.3
1783971236.121,1638,8.475,-1.069,0.388,0.0,15.3
1783971236.222,1639,1.196,-1.254,0.204,0.0,14.5
1783971236.222,1639,2.572,-0.08,0.08,0.0,13.0
1783971236.222,1639,5.53,-0.698,0.348,0.0,12.6
1783971236.222,1639,5.775,-0.544,-0.161,0.0,11.3
1783971236.222,1639,8.415,-1.336,0.729,0.0,14.9
1783971236.326,1640,0.563,0.071,-0.005,0.0,14.7
1783971236.326,1640,0.501,0.266,-0.015,0.0,14.7
1783971236.326,1640,1.114,-1.309,0.301,0.0,14.5
1783971236.326,1640,2.569,-0.08,-0.138,0.0,11.3
1783971236.326,1640,8.366,-1.336,1.158,0.0,12.6
1783971236.428,1641,2.545,-0.161,0.349,0.0,11.7
1783971236.428,1641,8.325,-1.603,1.115,0.0,11.2
1783971236.532,1642,1.0,-1.418,0.187,0.0,11.7
1783971236.532,1642,2.519,-0.241,0.472,0.0,11.4
1783971236.633,1643,0.549,-0.142,0.011,0.0,16.6
1783971236.633,1643,2.524,-0.322,0.389,0.0,12.1
1783971236.735,1644,0.546,-0.142,0.06,0.0,16.2
1783971236.735,1644,1.087,-1.363,-0.064,0.0,11.3
1783971236.735,1644,2.523,-0.483,0.158,0.0,12.5
1783971236.84,1645,0.54,-0.142,0.1,0.0,17.8
1783971236.84,1645,1.088,-1.363,-0.05,0.0,12.4
1783971236.84,1645,2.526,-0.483,0.119,0.0,12.5
1783971236.943,1646,0.532,-0.142,0.137,0.0,17.6
1783971236.943,1646,1.089,-1.363,-0.009,0.0,13.3
1783971236.943,1646,2.525,-0.483,0.134,0.0,12.9
1783971236.993,1647,1.089,-1.363,0.034,0.0,13.4
1783971236.993,1647,2.507,-0.563,0.157,0.0,13.1
1783971237.193,1648,0.524,-0.142,0.163,0.0,17.7
1783971237.193,1648,1.088,-1.363,0.06,0.0,12.9
1783971237.193,1648,2.505,-0.563,0.183,0.0,13.1
1783971237.193,1648,1.658,-2.25,-0.694,0.0,11.3
1783971237.243,1649,1.081,-1.363,0.132,0.0,13.4
1783971237.243,1649,2.499,-0.563,0.252,0.0,12.9
1783971237.243,1649,1.658,-2.216,0.621,0.0,11.3
1783971237.294,1650,1.082,-1.363,0.13,0.0,13.3
1783971237.294,1650,2.497,-0.563,0.268,0.0,12.8
1783971237.294,1650,1.751,-2.216,0.263,0.0,11.6
1783971237.397,1651,1.003,-1.418,0.17,0.0,13.2
1783971237.397,1651,2.475,-0.644,0.296,0.0,12.5
1783971237.397,1651,1.684,-2.216,-0.545,0.0,11.9
1783971237.397,1651,8.205,-2.138,1.107,0.0,11.3
1783971237.501,1652,1.079,-1.363,0.147,0.0,13.3
1783971237.501,1652,2.474,-0.644,0.305,0.0,12.3
1783971237.501,1652,1.672,-2.216,-0.582,0.0,11.9
1783971237.501,1652,8.139,-2.405,1.049,0.0,11.4
1783971237.605,1653,0.497,-0.142,0.233,0.0,18.7
1783971237.605,1653,1.08,-1.363,0.146,0.0,13.0
1783971237.605,1653,2.473,-0.644,0.313,0.0,12.3
1783971237.605,1653,1.627,-2.216,-0.696,0.0,11.9
1783971237.605,1653,8.203,-2.138,1.126,0.0,11.5
1783971237.708,1654,0.495,-0.142,0.238,0.0,18.7
1783971237.708,1654,1.078,-1.363,0.159,0.0,13.1
1783971237.708,1654,2.472,-0.644,0.32,0.0,12.1
1783971237.708,1654,1.517,-2.216,-0.912,0.0,11.5
1783971237.809,1655,0.496,-0.142,0.236,0.0,18.8
1783971237.809,1655,1.077,-1.363,0.163,0.0,12.8
1783971237.809,1655,2.471,-0.644,0.324,0.0,11.9
1783971237.809,1655,1.499,-2.216,-0.941,0.0,11.2
1783971237.809,1655,8.141,-2.405,1.03,0.0,11.6
1783971237.912,1656,0.501,-0.142,0.225,0.0,18.7
1783971237.912,1656,1.077,-1.363,0.16,0.0,12.8
1783971237.912,1656,2.471,-0.644,0.325,0.0,11.9
1783971237.912,1656,1.498,-2.216,-0.943,0.0,11.3
1783971237.912,1656,8.173,-2.127,1.028,0.0,11.3
1783971238.014,1657,0.496,-0.142,0.236,0.0,18.4
1783971238.014,1657,1.074,-1.363,0.184,0.0,12.7
1783971238.014,1657,2.47,-0.644,0.333,0.0,11.8
1783971238.014,1657,8.176,-2.405,0.697,0.0,11.6
1783971238.116,1658,0.502,-0.142,0.223,0.0,18.1
1783971238.116,1658,1.072,-1.363,0.193,0.0,12.4
1783971238.116,1658,2.469,-0.644,0.337,0.0,11.9
1783971238.116,1658,8.193,-2.138,1.196,0.0,11.7
1783971238.224,1659,0.502,-0.142,0.223,0.0,18.1
1783971238.224,1659,1.076,-1.363,0.168,0.0,12.2
1783971238.224,1659,2.469,-0.644,0.341,0.0,11.9
1783971238.326,1660,0.502,-0.142,0.222,0.0,17.9
1783971238.326,1660,1.0,-1.418,0.189,0.0,12.4
1783971238.326,1660,2.469,-0.644,0.34,0.0,11.9
1783971238.429,1661,0.502,-0.142,0.224,0.0,18.1
1783971238.429,1661,1.076,-1.363,0.17,0.0,12.2
1783971238.429,1661,2.468,-0.644,0.346,0.0,11.9
1783971238.429,1661,8.166,-2.405,0.813,0.0,11.4
1783971238.531,1662,1.077,-1.363,0.162,0.0,12.0
1783971238.531,1662,2.466,-0.644,0.36,0.0,11.7
1783971238.636,1663,0.507,-0.16,0.198,0.0,16.7
1783971238.636,1663,1.071,-1.363,0.198,0.0,12.0
1783971238.636,1663,2.465,-0.644,0.369,0.0,11.6
1783971238.739,1664,0.515,-0.142,0.191,0.0,17.5
1783971238.739,1664,1.061,-1.363,0.245,0.0,11.6
1783971238.739,1664,2.465,-0.644,0.367,0.0,11.7
1783971238.84,1665,0.512,-0.142,0.2,0.0,18.0
1783971238.84,1665,1.057,-1.363,0.262,0.0,11.6
1783971238.84,1665,2.467,-0.644,0.352,0.0,11.7
1783971238.941,1666,0.519,-0.142,0.181,0.0,17.7
1783971238.941,1666,1.062,-1.363,0.242,0.0,11.8
1783971238.941,1666,2.489,-0.563,0.335,0.0,11.6
1783971239.045,1667,0.518,-0.16,0.168,0.0,17.1
1783971239.045,1667,1.078,-1.363,0.159,0.0,12.7
1783971239.045,1667,2.488,-0.563,0.347,0.0,11.7
1783971239.096,1668,0.504,-0.142,0.217,0.0,18.9
1783971239.096,1668,1.085,-1.363,0.098,0.0,12.9
1783971239.096,1668,2.477,-0.644,0.273,0.0,12.4
1783971239.096,1668,2.361,1.53,0.614,0.0,12.3
1783971239.096,1668,8.236,-2.138,0.85,0.0,11.3
1783971239.198,1669,0.497,-0.142,0.233,0.0,16.8
1783971239.198,1669,1.081,-1.363,0.137,0.0,12.0
1783971239.198,1669,2.507,-0.563,0.156,0.0,13.6
1783971239.198,1669,8.204,-2.138,1.12,0.0,12.0
1783971239.351,1670,0.511,-0.142,0.202,0.0,18.5
1783971239.351,1670,1.078,-1.363,0.158,0.0,11.4
1783971239.351,1670,2.499,-0.563,0.249,0.0,14.0
1783971239.351,1670,5.722,-0.907,0.319,0.0,11.7
1783971239.351,1670,8.156,-2.405,0.905,0.0,11.7
1783971239.402,1671,0.394,0.344,0.028,0.0,19.8
1783971239.402,1671,1.081,-1.363,0.135,0.0,12.3
1783971239.402,1671,2.14,-1.58,0.085,0.0,11.4
1783971239.402,1671,3.305,-1.779,0.564,0.0,11.8
1783971239.503,1672,0.435,0.354,0.08,0.0,16.6
1783971239.503,1672,1.001,-1.418,0.183,0.0,12.6
1783971239.503,1672,8.154,-0.777,1.273,0.0,14.7
1783971239.503,1672,0.508,0.115,0.054,0.162,33.5
1783971239.503,1672,0.305,-0.01,-0.005,-0.568,11.5
1783971239.503,1672,0.291,-0.067,0.064,-0.325,18.6
1783971239.503,1672,0.246,-0.09,0.01,-0.162,15.2
1783971239.604,1673,1.013,-1.418,0.091,0.0,11.3
1783971239.604,1673,2.48,-0.644,0.245,0.0,14.4
1783971239.604,1673,8.215,-2.138,1.035,0.0,12.8
1783971239.604,1673,0.511,0.115,0.019,0.081,24.7
1783971239.604,1673,0.372,-0.123,0.019,-0.406,17.6
1783971239.706,1674,1.076,-1.363,0.167,0.0,11.6
1783971239.706,1674,2.505,-0.563,0.187,0.0,14.3
1783971239.706,1674,8.212,-2.138,1.06,0.0,11.8
1783971239.706,1674,0.56,0.089,-0.026,0.081,24.7
1783971239.706,1674,0.455,-0.15,-0.026,-0.649,18.1
1783971239.807,1675,0.418,0.311,0.051,0.0,20.2
1783971239.807,1675,1.082,-1.363,0.128,0.0,11.3
1783971239.807,1675,2.5,-0.563,0.242,0.0,13.6
1783971239.807,1675,8.228,-2.138,0.927,0.0,12.1
1783971239.807,1675,0.786,1.099,-0.059,0.243,11.8
1783971239.807,1675,0.421,-0.225,-0.048,0.406,18.8
1783971239.909,1676,2.503,-0.563,0.207,0.0,13.6
1783971239.909,1676,8.142,-2.405,1.024,0.0,12.0
1783971239.909,1676,0.551,0.106,0.083,0.081,23.6
1783971240.012,1677,0.558,0.053,0.084,0.0,21.4
1783971240.012,1677,0.514,-0.16,-0.179,0.0,21.4
1783971240.012,1677,2.504,-0.563,0.199,0.0,14.5
1783971240.012,1677,5.682,-1.088,0.445,0.0,11.5
1783971240.012,1677,8.177,-2.138,1.302,0.0,11.3
1783971240.118,1678,0.554,0.089,-0.08,0.0,22.5
1783971240.118,1678,0.534,-0.106,-0.159,0.0,22.5
1783971240.118,1678,2.504,-0.563,0.193,0.0,15.3
1783971240.118,1678,5.695,-1.088,0.226,0.0,11.4
1783971240.229,1679,0.511,0.115,0.005,0.0,18.4
1783971240.229,1679,0.443,-0.098,-0.261,0.0,18.4
1783971240.229,1679,1.073,-1.363,0.188,0.0,12.2
1783971240.229,1679,2.506,-0.563,0.174,0.0,15.4
1783971240.335,1680,0.513,0.098,0.037,0.0,17.8
1783971240.335,1680,0.5,-0.065,-0.141,0.0,17.8
1783971240.335,1680,1.073,-1.363,0.187,0.0,11.2
1783971240.335,1680,2.506,-0.563,0.176,0.0,15.6
1783971240.335,1680,5.683,-1.088,0.432,0.0,11.6
1783971240.335,1680,8.144,-2.405,1.008,0.0,11.7
1783971240.436,1681,0.519,0.089,-0.21,0.0,18.5
1783971240.436,1681,2.505,-0.563,0.188,0.0,15.0
1783971240.436,1681,5.647,-1.269,0.419,0.0,11.5
1783971240.436,1681,8.199,-2.138,1.157,0.0,11.6
1783971240.538,1682,0.511,0.106,0.221,0.0,16.3
1783971240.538,1682,2.505,-0.563,0.187,0.0,15.8
1783971240.538,1682,5.686,-1.088,0.396,0.0,11.4
1783971240.538,1682,8.187,-2.138,1.236,0.0,11.4
1783971240.591,1683,0.529,0.053,-0.198,0.0,17.8
1783971240.591,1683,1.083,-1.363,0.121,0.0,11.3
1783971240.591,1683,2.505,-0.563,0.179,0.0,15.0
1783971240.591,1683,8.213,-2.138,1.045,0.0,12.3
1783971240.743,1684,0.506,0.071,-0.247,0.0,17.9
1783971240.743,1684,0.498,0.266,-0.056,0.0,17.9
1783971240.743,1684,2.507,-0.563,0.161,0.0,15.7
1783971240.743,1684,8.207,-2.138,1.092,0.0,12.1
1783971240.846,1685,0.437,0.278,-0.075,0.0,17.1
1783971240.846,1685,0.523,0.033,-0.002,0.0,17.1
1783971240.846,1685,2.506,-0.563,0.177,0.0,15.4
1783971240.846,1685,8.203,-2.138,1.124,0.0,11.4
1783971240.897,1686,0.515,0.053,-0.232,0.0,20.0
1783971240.897,1686,0.521,0.018,-0.223,0.0,20.0
1783971240.897,1686,2.505,-0.563,0.177,0.0,16.5
1783971240.897,1686,8.195,-2.138,1.183,0.0,12.1
1783971240.998,1687,0.42,0.311,-0.036,0.0,16.8
1783971240.998,1687,0.513,0.016,-0.101,0.0,16.8
1783971240.998,1687,2.505,-0.563,0.183,0.0,15.5
1783971240.998,1687,8.212,-2.138,1.055,0.0,12.1
1783971241.15,1688,0.454,0.319,0.117,0.0,18.4
1783971241.15,1688,0.519,-0.053,-0.222,0.0,18.4
1783971241.15,1688,2.506,-0.563,0.174,0.0,15.9
1783971241.15,1688,8.184,-2.138,1.254,0.0,12.3
1783971241.2,1689,0.533,0.071,-0.18,0.0,19.5
1783971241.2,1689,0.426,0.372,0.043,0.0,19.5
1783971241.2,1689,2.505,-0.563,0.188,0.0,15.4
1783971241.2,1689,8.167,-2.138,1.361,0.0,12.5
1783971241.301,1690,0.534,-0.018,-0.192,0.0,19.5
1783971241.301,1690,0.509,0.213,0.134,0.0,19.5
1783971241.301,1690,2.504,-0.563,0.2,0.0,15.4
1783971241.301,1690,2.431,-1.418,0.352,0.0,11.7
1783971241.301,1690,8.181,-2.138,1.272,0.0,11.2
1783971241.401,1691,0.5,0.053,-0.262,0.0,21.1
1783971241.401,1691,0.442,0.248,-0.254,0.0,21.1
1783971241.401,1691,2.498,-0.563,0.263,0.0,14.2
1783971241.401,1691,8.195,-2.138,1.184,0.0,11.6
1783971241.505,1692,0.5,0.266,0.024,0.0,17.0
1783971241.505,1692,2.505,-0.563,0.182,0.0,14.5
1783971241.505,1692,8.204,-2.138,1.116,0.0,11.2
1783971241.607,1693,2.499,-0.563,0.252,0.0,14.3
1783971241.708,1694,0.513,0.071,-0.231,0.0,16.6
1783971241.708,1694,0.374,0.425,0.029,0.0,16.6
1783971241.708,1694,2.5,-0.563,0.24,0.0,13.7
1783971241.809,1695,0.529,0.106,0.176,0.0,18.3
1783971241.809,1695,0.509,0.071,0.241,0.0,18.3
1783971241.809,1695,2.498,-0.563,0.26,0.0,13.9
1783971241.809,1695,8.183,-2.138,1.26,0.0,11.3
1783971241.913,1696,0.514,0.089,0.223,0.0,19.1
1783971241.913,1696,0.391,0.319,-0.26,0.0,19.1
1783971241.913,1696,2.503,-0.563,0.21,0.0,14.9
1783971241.913,1696,8.221,-2.138,0.986,0.0,12.0
1783971242.014,1697,0.541,-0.16,-0.06,0.0,21.8
1783971242.014,1697,0.539,0.177,0.013,0.0,21.8
1783971242.014,1697,2.501,-0.563,0.235,0.0,14.1
1783971242.014,1697,8.202,-2.138,1.133,0.0,12.0
1783971242.115,1698,0.599,0.115,0.033,0.0,20.8
1783971242.115,1698,2.505,-0.563,0.18,0.0,15.8
1783971242.115,1698,8.213,-2.138,1.045,0.0,11.5
1783971242.217,1699,0.6,0.115,0.012,0.0,20.6
1783971242.217,1699,2.502,-0.563,0.224,0.0,14.2
1783971242.217,1699,8.214,-2.138,1.039,0.0,12.0
1783971242.32,1700,0.531,0.089,0.18,0.0,21.8
1783971242.32,1700,0.549,-0.142,-0.024,0.0,21.8
1783971242.32,1700,2.475,-0.644,0.297,0.0,13.0
1783971242.32,1700,8.192,-2.138,1.203,0.0,13.2
1783971242.423,1701,0.593,0.134,0.058,0.0,22.3
1783971242.423,1701,2.46,-0.644,0.402,0.0,11.8
1783971242.423,1701,8.18,-2.138,1.28,0.0,14.0
1783971242.527,1702,0.596,0.134,0.024,0.0,22.0
1783971242.527,1702,2.465,-0.644,0.37,0.0,11.6
1783971242.527,1702,8.172,-2.138,1.333,0.0,13.6
1783971242.63,1703,0.588,0.134,0.096,0.0,20.8
1783971242.63,1703,2.501,-0.563,0.232,0.0,12.8
1783971242.63,1703,8.169,-2.138,1.349,0.0,13.3
1783971242.731,1704,0.598,0.115,0.048,0.0,21.0
1783971242.731,1704,2.479,-0.644,0.26,0.0,13.1
1783971242.731,1704,8.197,-2.138,1.166,0.0,12.5
1783971242.833,1705,0.596,0.134,0.023,0.0,21.5
1783971242.833,1705,2.505,-0.563,0.182,0.0,14.4
1783971242.934,1706,0.596,0.134,0.003,0.0,23.0
1783971242.934,1706,2.507,-0.563,0.159,0.0,15.3
1783971242.934,1706,2.442,-1.418,0.261,0.0,11.3
1783971243.035,1707,1.081,-1.363,0.131,0.0,11.5
1783971243.035,1707,2.501,-0.563,0.233,0.0,15.0
1783971243.035,1707,8.176,-2.138,1.307,0.0,11.5
1783971243.035,1707,0.554,0.106,0.057,-0.081,23.3
1783971243.136,1708,2.504,-0.563,0.198,0.0,14.3
1783971243.136,1708,0.547,0.142,0.044,-0.081,22.9
1783971243.239,1709,1.075,-1.363,0.176,0.0,11.8
1783971243.239,1709,2.505,-0.563,0.188,0.0,14.4
1783971243.239,1709,8.204,-2.138,1.116,0.0,11.6
1783971243.239,1709,0.553,0.124,0.009,-0.081,21.9
1783971243.34,1710,0.552,0.124,-0.036,0.0,21.0
1783971243.34,1710,1.075,-1.363,0.178,0.0,11.3
1783971243.34,1710,2.503,-0.563,0.213,0.0,13.7
1783971243.34,1710,8.128,-2.405,1.13,0.0,11.8
1783971243.442,1711,0.532,0.142,0.136,0.0,23.7
1783971243.442,1711,2.502,-0.563,0.217,0.0,13.9
1783971243.442,1711,8.211,-2.138,1.061,0.0,11.2
1783971243.547,1712,0.542,0.142,0.091,0.0,22.9
1783971243.547,1712,1.088,-1.363,0.046,0.0,11.5
1783971243.547,1712,2.503,-0.563,0.214,0.0,14.1
1783971243.597,1713,0.552,0.124,-0.034,0.0,23.5
1783971243.597,1713,2.5,-0.563,0.247,0.0,14.3
1783971243.699,1714,0.555,0.106,0.043,0.0,23.9
1783971243.699,1714,2.501,-0.563,0.23,0.0,14.3
1783971243.851,1715,0.547,0.124,0.084,0.0,23.4
1783971243.851,1715,2.501,-0.563,0.23,0.0,14.4
1783971243.903,1716,0.546,0.124,0.09,0.0,22.7
1783971243.903,1716,2.502,-0.563,0.222,0.0,14.3
1783971243.903,1716,8.172,-2.138,1.331,0.0,11.8
1783971244.004,1717,0.547,0.124,0.087,0.0,22.6
1783971244.004,1717,2.502,-0.563,0.223,0.0,14.4
1783971244.004,1717,8.197,-2.138,1.167,0.0,11.4
1783971244.105,1718,0.551,0.106,0.083,0.0,22.9
1783971244.105,1718,1.085,-1.363,0.098,0.0,12.0
1783971244.105,1718,2.5,-0.563,0.243,0.0,14.5
1783971244.105,1718,8.209,-2.138,1.083,0.0,11.5
1783971244.206,1719,0.546,0.106,0.112,0.0,22.8
1783971244.206,1719,1.086,-1.363,0.089,0.0,11.6
1783971244.206,1719,2.5,-0.563,0.242,0.0,14.3
1783971244.31,1720,0.543,0.124,0.108,0.0,22.5
1783971244.31,1720,1.085,-1.363,0.093,0.0,11.6
1783971244.31,1720,2.5,-0.563,0.239,0.0,14.2
1783971244.31,1720,8.17,-2.138,1.344,0.0,11.6
1783971244.411,1721,0.541,0.142,0.093,0.0,22.2
1783971244.411,1721,1.085,-1.363,0.096,0.0,11.9
1783971244.411,1721,2.501,-0.563,0.231,0.0,14.4
1783971244.411,1721,8.175,-2.138,1.311,0.0,11.2
1783971244.515,1722,0.542,0.16,0.045,0.0,23.6
1783971244.515,1722,2.5,-0.563,0.24,0.0,14.3
1783971244.515,1722,8.186,-2.138,1.239,0.0,12.1
1783971244.618,1723,0.555,0.106,-0.048,0.0,22.8
1783971244.618,1723,1.083,-1.363,0.117,0.0,11.6
1783971244.618,1723,2.498,-0.563,0.258,0.0,14.3
1783971244.618,1723,8.181,-2.138,1.272,0.0,12.2
1783971244.723,1724,0.553,0.124,-0.021,0.0,23.7
1783971244.723,1724,1.084,-1.363,0.11,0.0,12.1
1783971244.723,1724,2.498,-0.563,0.261,0.0,14.3
1783971244.723,1724,8.179,-2.138,1.29,0.0,12.0
1783971244.823,1725,0.557,0.106,-0.016,0.0,24.1
1783971244.823,1725,1.083,-1.363,0.116,0.0,11.5
1783971244.823,1725,2.498,-0.563,0.26,0.0,14.0
1783971244.823,1725,8.178,-2.138,1.293,0.0,12.3
1783971244.93,1726,0.553,0.124,-0.006,0.0,23.5
1783971244.93,1726,1.082,-1.363,0.128,0.0,11.4
1783971244.93,1726,2.499,-0.563,0.251,0.0,14.1
1783971244.93,1726,8.184,-2.138,1.254,0.0,11.6
1783971245.032,1727,0.553,0.124,0.025,0.0,22.7
1783971245.032,1727,2.5,-0.563,0.243,0.0,13.7
1783971245.032,1727,8.205,-2.138,1.109,0.0,11.9
1783971245.134,1728,0.549,0.124,0.072,0.0,22.7
1783971245.134,1728,2.5,-0.563,0.238,0.0,13.5
1783971245.134,1728,8.159,-2.138,1.406,0.0,12.3
1783971245.235,1729,0.551,0.124,0.047,0.0,22.8
1783971245.235,1729,2.5,-0.563,0.242,0.0,13.8
1783971245.34,1730,0.557,0.106,-0.007,0.0,23.0
1783971245.34,1730,2.499,-0.563,0.25,0.0,14.2
1783971245.34,1730,8.203,-2.138,1.122,0.0,11.8
1783971245.392,1731,0.556,0.106,-0.026,0.0,23.5
1783971245.392,1731,2.497,-0.563,0.269,0.0,14.3
1783971245.392,1731,8.176,-2.138,1.308,0.0,11.9
1783971245.545,1732,0.553,0.124,-0.025,0.0,23.5
1783971245.545,1732,2.499,-0.563,0.255,0.0,14.3
1783971245.545,1732,8.197,-2.138,1.165,0.0,12.1
1783971245.646,1733,0.552,0.124,-0.046,0.0,23.9
1783971245.646,1733,2.499,-0.563,0.252,0.0,14.2
1783971245.646,1733,8.182,-2.138,1.265,0.0,11.9
1783971245.697,1734,0.55,0.124,-0.061,0.0,23.4
1783971245.697,1734,2.5,-0.563,0.239,0.0,14.4
1783971245.697,1734,8.192,-2.138,1.202,0.0,11.4
1783971245.798,1735,0.517,0.071,-0.223,0.0,18.0
1783971245.798,1735,0.457,0.266,0.206,0.0,18.0
1783971245.798,1735,2.5,-0.563,0.244,0.0,14.7
1783971245.798,1735,8.19,-2.138,1.217,0.0,11.4
1783971245.949,1736,0.515,0.195,0.136,0.0,20.6
1783971245.949,1736,2.502,-0.563,0.222,0.0,14.2
1783971245.949,1736,8.187,-2.138,1.232,0.0,11.7
1783971246.0,1737,0.541,0.106,-0.132,0.0,17.6
1783971246.0,1737,0.463,0.319,-0.075,0.0,17.6
1783971246.0,1737,2.5,-0.563,0.243,0.0,14.1
1783971246.0,1737,8.179,-2.138,1.285,0.0,12.1
1783971246.103,1738,0.453,0.262,-0.015,0.0,20.3
1783971246.103,1738,2.503,-0.563,0.214,0.0,14.3
1783971246.103,1738,8.15,-2.138,1.459,0.0,11.6
1783971246.206,1739,0.546,0.142,0.054,0.0,19.5
1783971246.206,1739,0.437,0.337,0.132,0.0,19.5
1783971246.206,1739,1.082,-1.363,0.13,0.0,11.8
1783971246.206,1739,2.501,-0.563,0.232,0.0,14.1
1783971246.206,1739,8.175,-2.138,1.312,0.0,12.3
1783971246.307,1740,0.521,0.195,0.109,0.0,19.3
1783971246.307,1740,1.076,-1.363,0.171,0.0,11.8
1783971246.307,1740,2.499,-0.563,0.251,0.0,13.9
1783971246.307,1740,8.141,-2.138,1.507,0.0,11.7
1783971246.307,1740,0.353,-0.15,-0.207,-0.162,19.2
1783971246.408,1741,1.075,-1.363,0.174,0.0,11.3
1783971246.408,1741,2.498,-0.563,0.262,0.0,13.9
1783971246.408,1741,8.137,-2.127,1.285,0.0,11.3
1783971246.509,1742,0.509,0.053,-0.244,0.0,18.7
1783971246.509,1742,0.525,0.213,0.027,0.0,18.7
1783971246.509,1742,2.493,-0.563,0.309,0.0,14.1
1783971246.61,1743,0.452,0.262,-0.04,0.0,17.6
1783971246.61,1743,1.077,-1.363,0.166,0.0,11.6
1783971246.61,1743,2.522,-0.483,0.174,0.0,15.3
1783971246.61,1743,8.168,-2.138,1.353,0.0,12.9
1783971246.713,1744,0.506,0.071,-0.247,0.0,17.0
1783971246.713,1744,0.403,0.39,-0.086,0.0,17.0
1783971246.713,1744,1.078,-1.363,0.155,0.0,11.5
1783971246.713,1744,8.175,-0.777,1.13,0.0,12.5
1783971246.713,1744,0.39,-0.191,0.039,0.081,21.6
1783971246.815,1745,0.441,-0.165,0.094,0.0,13.8
1783971246.815,1745,0.378,0.372,-0.2,0.0,14.9
1783971246.815,1745,1.086,-1.363,0.084,0.0,11.5
1783971246.815,1745,2.166,-1.62,0.988,0.0,11.5
1783971246.815,1745,8.124,-0.773,1.179,0.0,14.7
1783971246.916,1746,0.445,-0.165,0.071,0.0,14.1
1783971246.916,1746,0.595,0.134,-0.034,0.0,16.5
1783971246.916,1746,8.138,-0.773,1.08,0.0,14.1
1783971247.018,1747,0.577,0.153,-0.132,0.0,17.8
1783971247.018,1747,2.341,-1.53,0.687,0.0,11.4
1783971247.018,1747,8.064,-1.031,1.379,0.0,14.3
1783971247.119,1748,0.591,0.153,0.023,0.0,17.2
1783971247.119,1748,3.372,-1.8,0.358,0.0,11.6
1783971247.119,1748,8.064,-1.031,1.379,0.0,13.6
1783971247.222,1749,0.594,0.134,0.046,0.0,18.0
1783971247.222,1749,2.381,-1.507,0.322,0.0,11.2
1783971247.322,1750,0.583,0.172,0.065,0.0,17.8
1783971247.322,1750,1.002,-1.418,0.176,0.0,12.4
1783971247.322,1750,2.389,-1.507,0.253,0.0,11.8
1783971247.423,1751,0.506,0.16,0.201,0.0,15.9
1783971247.423,1751,1.051,-1.363,0.287,0.0,11.7
1783971247.525,1752,0.407,-0.136,0.079,0.0,11.7
1783971247.525,1752,0.596,0.134,0.014,0.0,16.6
1783971247.525,1752,3.31,-1.92,0.315,0.0,12.6
1783971247.626,1753,0.564,0.191,0.136,0.0,17.3
1783971247.626,1753,3.383,-1.8,0.235,0.0,13.1
1783971247.729,1754,0.542,0.124,-0.112,0.0,17.8
1783971247.729,1754,8.039,-1.031,1.516,0.0,12.5
1783971247.833,1755,0.47,0.229,0.016,0.0,15.7
1783971247.833,1755,0.564,0.191,0.137,0.0,17.0
1783971247.833,1755,1.085,-1.363,0.099,0.0,11.7
1783971247.833,1755,8.038,-1.031,1.524,0.0,13.5
1783971247.833,1755,0.418,-0.123,0.029,0.243,15.4
1783971247.937,1756,0.45,0.262,-0.051,0.0,19.2
1783971247.937,1756,1.055,-1.363,0.271,0.0,11.8
1783971247.937,1756,8.101,-0.773,1.333,0.0,13.9
1783971247.937,1756,0.591,0.153,0.03,0.081,21.4
1783971247.937,1756,0.404,-0.164,-0.022,0.325,12.7
1783971248.041,1757,0.422,0.372,0.072,0.0,19.7
1783971248.041,1757,1.067,-1.363,0.22,0.0,11.3
1783971248.041,1757,8.114,-0.773,1.249,0.0,13.2
1783971248.041,1757,0.554,0.172,0.192,0.081,20.2
1783971248.041,1757,0.383,-0.191,-0.083,0.568,18.7
1783971248.091,1758,0.571,0.172,0.134,0.0,19.5
1783971248.091,1758,8.162,-0.773,0.885,0.0,13.7
1783971248.091,1758,0.442,-0.18,-0.053,0.325,15.0
1783971248.243,1759,0.432,0.294,-0.028,0.0,15.6
1783971248.243,1759,0.591,0.153,0.004,0.0,19.7
1783971248.243,1759,8.165,-0.773,0.856,0.0,12.3
1783971248.243,1759,0.546,0.564,-0.022,0.243,14.6
1783971248.243,1759,0.691,-0.025,0.372,0.243,14.6
1783971248.243,1759,0.485,-0.196,-0.026,0.325,32.8
1783971248.348,1760,0.452,0.337,0.06,0.0,17.0
1783971248.348,1760,1.08,-1.363,0.144,0.0,12.3
1783971248.348,1760,8.177,-2.138,1.302,0.0,11.5
1783971248.348,1760,0.518,-0.23,-0.015,0.243,30.4
1783971248.398,1761,0.584,0.172,0.052,0.0,18.5
1783971248.398,1761,1.084,-1.363,0.109,0.0,11.6
1783971248.398,1761,2.164,-1.472,-0.005,0.0,11.5
1783971248.398,1761,2.58,-0.164,-0.414,0.0,11.5
1783971248.398,1761,8.214,-2.138,1.04,0.0,12.9
1783971248.398,1761,0.525,-0.213,-0.02,0.162,26.2
1783971248.499,1762,0.468,0.229,-0.055,0.0,14.5
1783971248.499,1762,1.072,-1.363,0.196,0.0,12.2
1783971248.499,1762,2.475,-0.644,0.295,0.0,11.7
1783971248.499,1762,8.218,-2.138,1.005,0.0,12.8
1783971248.601,1763,0.46,0.245,-0.045,0.0,15.9
1783971248.601,1763,2.501,-0.563,0.23,0.0,12.7
1783971248.601,1763,8.209,-2.138,1.081,0.0,12.0
1783971248.705,1764,0.462,0.245,-0.028,0.0,14.3
1783971248.705,1764,1.001,-1.418,0.182,0.0,12.8
1783971248.705,1764,2.501,-0.563,0.236,0.0,12.1
1783971248.705,1764,8.21,-2.138,1.068,0.0,12.8
1783971248.807,1765,0.508,0.248,0.041,0.0,17.0
1783971248.807,1765,2.525,-0.483,0.132,0.0,13.2
1783971248.807,1765,8.21,-2.138,1.075,0.0,12.6
1783971248.807,1765,0.643,-0.061,-0.103,0.081,21.7
1783971248.908,1766,0.518,0.23,-0.025,0.0,15.8
1783971248.908,1766,1.083,-1.363,0.119,0.0,12.2
1783971248.908,1766,2.524,-0.483,0.143,0.0,14.0
1783971248.908,1766,8.195,-2.138,1.184,0.0,12.1
1783971248.908,1766,0.63,-0.02,-0.176,0.081,17.4
1783971249.01,1767,0.48,0.301,-0.011,0.0,15.7
1783971249.01,1767,1.076,-1.363,0.17,0.0,12.2
1783971249.01,1767,2.524,-0.483,0.149,0.0,14.2
1783971249.01,1767,0.639,-0.061,-0.127,0.081,16.1
1783971249.112,1768,0.405,0.39,-0.076,0.0,16.5
1783971249.112,1768,1.073,-1.363,0.187,0.0,12.0
1783971249.112,1768,2.524,-0.483,0.149,0.0,15.1
1783971249.112,1768,0.652,-0.041,0.043,0.081,18.8
1783971249.112,1768,0.573,-0.205,-0.241,0.081,18.8
1783971249.112,1768,0.655,-0.218,-0.103,0.162,31.9
1783971249.213,1769,1.087,-1.363,0.077,0.0,11.8
1783971249.213,1769,2.525,-0.483,0.14,0.0,15.7
1783971249.213,1769,8.08,-2.405,1.435,0.0,11.4
1783971249.213,1769,0.64,-0.02,-0.137,0.081,19.7
1783971249.316,1770,0.416,0.337,0.187,0.0,17.2
1783971249.316,1770,0.64,0.02,-0.137,0.0,14.6
1783971249.316,1770,2.509,-0.563,0.127,0.0,16.0
1783971249.417,1771,0.457,0.319,0.106,0.0,16.5
1783971249.417,1771,1.088,-1.363,0.055,0.0,11.9
1783971249.417,1771,2.507,-0.563,0.149,0.0,16.1
1783971249.417,1771,8.183,-2.138,1.262,0.0,11.3
1783971249.519,1772,0.471,0.301,0.097,0.0,16.8
1783971249.519,1772,2.506,-0.563,0.166,0.0,15.7
1783971249.519,1772,8.198,-2.138,1.16,0.0,12.5
1783971249.62,1773,0.486,0.284,0.071,0.0,15.9
1783971249.62,1773,0.636,0.143,-0.056,0.0,15.0
1783971249.62,1773,0.652,-0.041,0.036,0.0,15.0
1783971249.62,1773,2.507,-0.563,0.154,0.0,15.5
1783971249.62,1773,8.176,-2.138,1.307,0.0,11.8
1783971249.72,1774,0.501,0.248,0.096,0.0,16.1
1783971249.72,1774,1.088,-1.363,0.051,0.0,11.7
1783971249.72,1774,2.507,-0.563,0.159,0.0,14.8
1783971249.72,1774,8.182,-2.138,1.266,0.0,11.8
1783971249.822,1775,0.643,0.123,-0.006,0.0,17.6
1783971249.822,1775,1.084,-1.363,0.104,0.0,12.5
1783971249.822,1775,2.506,-0.563,0.166,0.0,14.7
1783971249.822,1775,8.187,-2.138,1.237,0.0,12.0
1783971249.924,1776,0.321,0.393,-0.131,0.0,14.2
1783971249.924,1776,0.596,0.134,-0.021,0.0,15.7
1783971249.924,1776,1.082,-1.363,0.125,0.0,12.4
1783971249.924,1776,2.504,-0.563,0.201,0.0,14.4
1783971249.924,1776,8.166,-2.138,1.366,0.0,11.7
1783971250.025,1777,0.421,0.372,0.077,0.0,18.1
1783971250.025,1777,1.087,-1.363,0.073,0.0,12.2
1783971250.025,1777,2.503,-0.563,0.207,0.0,14.6
1783971250.025,1777,8.213,-2.138,1.045,0.0,11.4
1783971250.126,1778,0.51,0.248,-0.004,0.0,17.8
1783971250.126,1778,1.068,-1.363,0.213,0.0,11.8
1783971250.126,1778,2.502,-0.563,0.22,0.0,15.0
1783971250.126,1778,8.192,-2.138,1.199,0.0,11.7
1783971250.228,1779,0.462,0.245,-0.008,0.0,17.5
1783971250.228,1779,1.058,-1.363,0.259,0.0,11.3
1783971250.228,1779,2.503,-0.563,0.206,0.0,15.1
1783971250.228,1779,8.224,-2.138,0.956,0.0,11.4
1783971250.33,1780,0.462,0.245,-0.008,0.0,17.6
1783971250.33,1780,2.505,-0.563,0.18,0.0,15.1
1783971250.33,1780,8.219,-2.138,0.998,0.0,12.2
1783971250.43,1781,0.489,0.284,-0.042,0.0,16.3
1783971250.43,1781,0.617,0.184,0.117,0.0,17.1
1783971250.43,1781,2.505,-0.563,0.189,0.0,14.6
1783971250.43,1781,8.177,-2.138,1.301,0.0,11.6
1783971250.536,1782,0.646,0.102,-0.028,0.0,18.1
1783971250.536,1782,1.084,-1.363,0.11,0.0,11.8
1783971250.536,1782,2.504,-0.563,0.202,0.0,14.6
1783971250.536,1782,8.199,-2.138,1.154,0.0,11.5
1783971250.636,1783,0.509,0.248,-0.027,0.0,16.6
1783971250.636,1783,1.083,-1.363,0.116,0.0,12.7
1783971250.636,1783,2.503,-0.563,0.213,0.0,14.5
1783971250.636,1783,8.181,-2.138,1.271,0.0,11.4
1783971250.636,1783,0.65,-0.02,-0.072,-0.081,19.0
1783971250.737,1784,0.576,0.191,0.067,0.0,17.9
1783971250.737,1784,2.499,-0.563,0.257,0.0,13.9
1783971250.839,1785,0.531,0.21,0.217,0.0,17.1
1783971250.839,1785,1.065,-1.363,0.229,0.0,11.8
1783971250.839,1785,2.503,-0.563,0.21,0.0,13.6
1783971250.839,1785,0.641,-0.041,-0.123,-0.162,33.1
1783971250.94,1786,0.432,0.294,-0.034,0.0,16.8
1783971250.94,1786,1.076,-1.363,0.17,0.0,12.3
1783971250.94,1786,2.499,-0.563,0.251,0.0,14.7
1783971250.94,1786,8.208,-2.138,1.084,0.0,12.3
1783971250.94,1786,1.234,-0.198,-0.2,-0.487,27.9
1783971250.94,1786,0.645,-0.061,-0.093,-0.243,39.1
1783971251.042,1787,0.47,0.229,-0.025,0.0,18.6
1783971251.042,1787,1.089,-1.363,-0.001,0.0,11.7
1783971251.042,1787,2.504,-0.563,0.203,0.0,14.2
1783971251.042,1787,8.196,-2.138,1.175,0.0,11.7
1783971251.042,1787,6.428,-0.605,-0.064,-0.162,11.8
1783971251.094,1788,0.48,0.301,0.011,0.0,15.8
1783971251.094,1788,1.085,-1.363,0.103,0.0,13.0
1783971251.094,1788,2.505,-0.563,0.19,0.0,14.6
1783971251.2,1789,0.467,0.229,-0.059,0.0,15.7
1783971251.2,1789,1.074,-1.363,0.181,0.0,12.4
1783971251.2,1789,2.503,-0.563,0.21,0.0,14.7
1783971251.2,1789,2.445,-1.418,0.237,0.0,11.2
1783971251.2,1789,8.171,-2.138,1.339,0.0,11.6
1783971251.353,1790,0.442,0.278,-0.036,0.0,16.5
1783971251.353,1790,0.59,0.153,0.047,0.0,18.7
1783971251.353,1790,1.085,-1.363,0.099,0.0,12.3
1783971251.353,1790,2.503,-0.563,0.204,0.0,14.8
1783971251.353,1790,8.182,-2.138,1.271,0.0,11.6
1783971251.353,1790,0.42,-0.195,-0.127,-0.325,13.4
1783971251.404,1791,0.595,0.134,-0.04,0.0,21.1
1783971251.404,1791,1.083,-1.363,0.113,0.0,12.6
1783971251.404,1791,2.504,-0.563,0.194,0.0,14.8
1783971251.404,1791,8.161,-2.138,1.399,0.0,12.1
1783971251.505,1792,0.544,0.16,0.003,0.0,19.2
1783971251.505,1792,1.078,-1.363,0.155,0.0,11.4
1783971251.505,1792,2.503,-0.563,0.213,0.0,14.2
1783971251.505,1792,8.188,-2.138,1.226,0.0,11.9
1783971251.608,1793,0.528,0.177,0.106,0.0,19.8
1783971251.608,1793,0.427,0.337,-0.162,0.0,19.8
1783971251.608,1793,1.076,-1.363,0.167,0.0,11.7
1783971251.608,1793,2.501,-0.563,0.232,0.0,13.9
1783971251.608,1793,2.453,-1.418,0.112,0.0,11.4
1783971251.608,1793,8.195,-2.138,1.184,0.0,11.7
1783971251.71,1794,0.552,0.172,0.196,0.0,20.0
1783971251.71,1794,1.083,-1.363,0.117,0.0,11.6
1783971251.71,1794,2.505,-0.563,0.189,0.0,14.2
1783971251.71,1794,8.174,-2.138,1.319,0.0,11.7
1783971251.812,1795,0.524,0.177,0.127,0.0,18.9
1783971251.812,1795,2.505,-0.563,0.18,0.0,14.6
1783971251.812,1795,8.163,-2.138,1.383,0.0,11.2
1783971251.913,1796,0.524,0.195,0.097,0.0,18.2
1783971251.913,1796,1.004,-1.418,0.163,0.0,11.4
1783971251.913,1796,2.504,-0.563,0.197,0.0,14.3
1783971251.913,1796,8.186,-2.138,1.242,0.0,11.8
1783971252.015,1797,0.555,0.106,-0.054,0.0,18.5
1783971252.015,1797,0.449,0.319,-0.137,0.0,18.5
1783971252.015,1797,2.498,-0.563,0.259,0.0,13.9
1783971252.015,1797,8.228,-2.138,0.923,0.0,12.3
1783971252.116,1798,0.595,0.134,-0.04,0.0,19.4
1783971252.116,1798,2.498,-0.563,0.261,0.0,14.2
1783971252.116,1798,8.191,-2.138,1.208,0.0,11.9
1783971252.116,1798,0.426,-0.21,-0.068,0.325,14.2
1783971252.217,1799,0.595,0.134,-0.039,0.0,21.3
1783971252.217,1799,2.501,-0.563,0.229,0.0,14.6
1783971252.217,1799,8.177,-2.138,1.299,0.0,11.4
1783971252.217,1799,0.604,0.394,-0.174,0.243,15.7
1783971252.217,1799,0.439,-0.278,-0.061,0.325,25.9
1783971252.319,1800,0.59,0.153,-0.045,0.0,20.2
1783971252.319,1800,1.082,-1.363,0.128,0.0,11.6
1783971252.319,1800,2.503,-0.563,0.21,0.0,14.6
1783971252.319,1800,8.195,-2.138,1.179,0.0,11.7
1783971252.319,1800,0.45,-0.229,-0.138,0.243,27.7
1783971252.421,1801,0.585,0.172,0.036,0.0,23.2
1783971252.421,1801,1.086,-1.363,0.079,0.0,12.2
1783971252.421,1801,2.505,-0.563,0.187,0.0,15.1
1783971252.421,1801,8.208,-2.138,1.088,0.0,12.0
1783971252.421,1801,1.096,-0.284,-0.078,0.325,14.3
1783971252.521,1802,0.596,0.134,-0.024,0.0,21.7
1783971252.521,1802,1.085,-1.363,0.093,0.0,12.2
1783971252.521,1802,2.506,-0.563,0.169,0.0,15.3
1783971252.521,1802,8.214,-2.138,1.04,0.0,11.9
1783971252.623,1803,1.08,-1.363,0.144,0.0,11.5
1783971252.623,1803,2.506,-0.563,0.163,0.0,16.4
1783971252.623,1803,8.179,-2.138,1.29,0.0,11.8
1783971252.623,1803,0.603,-0.095,-0.021,0.081,25.0
1783971252.623,1803,0.531,0.134,-0.271,0.081,25.0
1783971252.725,1804,0.573,0.191,0.091,0.0,21.6
1783971252.725,1804,0.585,-0.153,-0.084,0.0,21.6
1783971252.725,1804,2.507,-0.563,0.16,0.0,16.4
1783971252.725,1804,8.164,-2.138,1.38,0.0,12.9
1783971252.826,1805,0.533,0.172,0.244,0.0,21.4
1783971252.826,1805,0.597,-0.057,-0.117,0.0,21.4
1783971252.826,1805,2.506,-0.563,0.166,0.0,16.2
1783971252.826,1805,8.194,-2.138,1.187,0.0,11.7
1783971252.928,1806,1.087,-1.363,0.07,0.0,11.2
1783971252.928,1806,2.504,-0.563,0.196,0.0,15.0
1783971252.928,1806,8.214,-2.138,1.04,0.0,12.3
1783971252.928,1806,0.584,-0.153,-0.093,-0.081,22.3
1783971253.029,1807,0.58,0.153,0.115,0.0,18.7
1783971253.029,1807,1.088,-1.363,0.051,0.0,11.8
1783971253.029,1807,2.503,-0.563,0.211,0.0,14.6
1783971253.029,1807,8.21,-2.138,1.073,0.0,11.8
1783971253.131,1808,0.568,0.191,0.121,0.0,22.4
1783971253.131,1808,1.081,-1.363,0.137,0.0,11.7
1783971253.131,1808,2.5,-0.563,0.246,0.0,14.7
1783971253.131,1808,0.498,-0.23,-0.143,-0.243,24.2
1783971253.233,1809,0.591,0.153,0.02,0.0,19.9
1783971253.233,1809,1.083,-1.363,0.114,0.0,12.5
1783971253.233,1809,2.506,-0.563,0.17,0.0,14.3
1783971253.233,1809,8.189,-2.138,1.221,0.0,12.1
1783971253.338,1810,0.572,0.21,0.047,0.0,18.5
1783971253.338,1810,2.496,-0.563,0.282,0.0,13.9
1783971253.338,1810,5.919,1.603,1.877,0.0,11.7
1783971253.338,1810,8.174,-2.138,1.316,0.0,12.0
1783971253.444,1811,0.571,0.191,0.105,0.0,20.3
1783971253.444,1811,1.086,-1.363,0.087,0.0,11.5
1783971253.444,1811,2.505,-0.563,0.183,0.0,13.9
1783971253.444,1811,5.99,1.603,1.638,0.0,12.6
1783971253.444,1811,8.202,-2.138,1.132,0.0,12.0
1783971253.497,1812,0.584,0.172,0.05,0.0,20.6
1783971253.497,1812,1.073,-1.363,0.187,0.0,12.0
1783971253.497,1812,2.5,-0.563,0.239,0.0,13.6
1783971253.497,1812,6.054,1.403,1.584,0.0,13.1
1783971253.497,1812,8.155,-2.138,1.43,0.0,11.5
1783971253.598,1813,0.574,0.21,0.006,0.0,19.7
1783971253.598,1813,1.081,-1.363,0.132,0.0,12.5
1783971253.598,1813,2.498,-0.563,0.26,0.0,14.0
1783971253.598,1813,6.009,1.603,1.567,0.0,13.0
1783971253.598,1813,8.162,-2.138,1.394,0.0,11.6
1783971253.752,1814,0.288,0.479,0.097,0.0,15.7
1783971253.752,1814,1.071,-1.363,0.199,0.0,12.5
1783971253.752,1814,2.503,-0.563,0.21,0.0,14.7
1783971253.752,1814,6.076,1.603,1.283,0.0,13.0
1783971253.752,1814,8.162,-2.138,1.392,0.0,12.1
1783971253.803,1815,0.509,0.248,-0.032,0.0,18.8
1783971253.803,1815,0.989,-1.418,0.237,0.0,12.3
1783971253.803,1815,2.502,-0.563,0.224,0.0,14.5
1783971253.803,1815,6.038,1.403,1.645,0.0,11.5
1783971253.907,1816,0.57,0.191,0.106,0.0,16.1
1783971253.907,1816,1.071,-1.363,0.2,0.0,11.8
1783971253.907,1816,2.499,-0.563,0.248,0.0,14.5
1783971253.907,1816,8.19,-2.138,1.213,0.0,12.5
1783971254.01,1817,0.573,0.21,0.01,0.0,16.2
1783971254.01,1817,0.988,-1.418,0.245,0.0,12.0
1783971254.01,1817,2.5,-0.563,0.239,0.0,14.2
1783971254.01,1817,6.134,1.403,1.242,0.0,11.3
1783971254.01,1817,8.135,-2.138,1.539,0.0,12.1
1783971254.11,1818,0.572,0.191,-0.097,0.0,19.3
1783971254.11,1818,1.081,-1.363,0.132,0.0,12.6
1783971254.11,1818,2.497,-0.563,0.273,0.0,13.9
1783971254.11,1818,8.149,-2.138,1.468,0.0,12.9
1783971254.212,1819,0.573,0.21,0.034,0.0,21.2
1783971254.212,1819,1.063,-1.363,0.239,0.0,11.6
1783971254.212,1819,2.498,-0.563,0.258,0.0,14.3
1783971254.212,1819,8.174,-2.138,1.318,0.0,11.7
1783971254.313,1820,0.574,0.21,-0.006,0.0,21.7
1783971254.313,1820,1.06,-1.363,0.25,0.0,11.3
1783971254.313,1820,2.501,-0.563,0.23,0.0,14.0
1783971254.313,1820,8.153,-2.138,1.445,0.0,12.4
1783971254.416,1821,0.565,0.229,0.042,0.0,22.5
1783971254.416,1821,1.082,-1.363,0.125,0.0,12.1
1783971254.416,1821,2.5,-0.563,0.239,0.0,14.6
1783971254.416,1821,8.158,-2.138,1.413,0.0,12.3
1783971254.52,1822,0.563,0.229,0.062,0.0,21.7
1783971254.52,1822,1.086,-1.363,0.082,0.0,12.8
1783971254.52,1822,2.499,-0.563,0.249,0.0,14.5
1783971254.52,1822,8.173,-2.138,1.324,0.0,12.2
1783971254.621,1823,0.578,0.191,0.05,0.0,19.7
1783971254.621,1823,1.077,-1.363,0.165,0.0,12.6
1783971254.621,1823,2.5,-0.563,0.243,0.0,14.3
1783971254.621,1823,8.163,-2.138,1.383,0.0,12.6
1783971254.723,1824,0.579,0.191,0.031,0.0,19.1
1783971254.723,1824,1.074,-1.363,0.182,0.0,11.6
1783971254.723,1824,2.501,-0.563,0.237,0.0,14.1
1783971254.723,1824,8.184,-2.138,1.253,0.0,12.2
1783971254.823,1825,0.578,0.191,0.05,0.0,18.8
1783971254.823,1825,1.074,-1.363,0.183,0.0,12.3
1783971254.823,1825,2.501,-0.563,0.228,0.0,14.1
1783971254.823,1825,8.156,-2.138,1.424,0.0,11.9
1783971254.926,1826,0.578,0.191,0.046,0.0,17.7
1783971254.926,1826,1.081,-1.363,0.131,0.0,12.7
1783971254.926,1826,2.503,-0.563,0.214,0.0,14.3
1783971254.926,1826,8.2,-2.138,1.144,0.0,12.2
1783971255.028,1827,0.586,0.172,0.014,0.0,19.5
1783971255.028,1827,1.004,-1.418,0.163,0.0,11.6
1783971255.028,1827,2.499,-0.563,0.253,0.0,14.3
1783971255.028,1827,8.18,-2.138,1.279,0.0,12.0
1783971255.13,1828,0.586,0.172,0.004,0.0,19.4
1783971255.13,1828,1.073,-1.363,0.19,0.0,12.2
1783971255.13,1828,2.5,-0.563,0.24,0.0,14.8
1783971255.13,1828,8.184,-2.138,1.253,0.0,11.7
1783971255.23,1829,0.579,0.191,-0.039,0.0,19.1
1783971255.23,1829,1.075,-1.363,0.177,0.0,11.9
1783971255.23,1829,2.502,-0.563,0.225,0.0,14.4
1783971255.23,1829,8.172,-2.138,1.332,0.0,11.6
1783971255.332,1830,0.576,0.191,-0.066,0.0,19.3
1783971255.332,1830,1.082,-1.363,0.128,0.0,12.7
1783971255.332,1830,2.502,-0.563,0.225,0.0,13.9
1783971255.332,1830,8.207,-2.138,1.094,0.0,11.8
1783971255.435,1831,0.567,0.21,-0.088,0.0,20.1
1783971255.435,1831,1.081,-1.363,0.134,0.0,12.7
1783971255.435,1831,2.501,-0.563,0.235,0.0,14.0
1783971255.435,1831,8.195,-2.138,1.182,0.0,11.6
1783971255.536,1832,0.57,0.21,-0.065,0.0,20.9
1783971255.536,1832,1.081,-1.363,0.135,0.0,11.6
1783971255.536,1832,2.499,-0.563,0.25,0.0,14.2
1783971255.536,1832,8.164,-2.138,1.38,0.0,11.2
1783971255.637,1833,0.565,0.229,-0.033,0.0,20.1
1783971255.637,1833,1.083,-1.363,0.121,0.0,12.3
1783971255.637,1833,2.501,-0.563,0.229,0.0,14.1
1783971255.637,1833,8.203,-2.138,1.122,0.0,12.4
1783971255.738,1834,0.574,0.21,-0.005,0.0,21.0
1783971255.738,1834,1.078,-1.363,0.158,0.0,12.7
1783971255.738,1834,2.501,-0.563,0.23,0.0,14.1
1783971255.738,1834,8.178,-2.138,1.291,0.0,11.3
1783971255.838,1835,0.574,0.21,-0.002,0.0,20.6
1783971255.838,1835,1.082,-1.363,0.13,0.0,12.5
1783971255.838,1835,2.499,-0.563,0.25,0.0,13.6
1783971255.838,1835,8.202,-2.138,1.13,0.0,11.7
1783971255.939,1836,0.572,0.21,0.041,0.0,19.5
1783971255.939,1836,1.083,-1.363,0.116,0.0,12.9
1783971255.939,1836,2.498,-0.563,0.263,0.0,13.8
1783971255.939,1836,8.15,-2.138,1.46,0.0,11.6
1783971256.041,1837,0.566,0.21,0.09,0.0,19.9
1783971256.041,1837,1.077,-1.363,0.167,0.0,13.7
1783971256.041,1837,2.498,-0.563,0.259,0.0,14.2
1783971256.041,1837,8.148,-2.138,1.47,0.0,11.5
1783971256.142,1838,0.572,0.21,0.04,0.0,20.6
1783971256.142,1838,1.08,-1.363,0.143,0.0,13.1
1783971256.142,1838,2.499,-0.563,0.251,0.0,13.9
1783971256.142,1838,8.152,-2.138,1.45,0.0,12.0
1783971256.192,1839,0.573,0.21,0.013,0.0,21.3
1783971256.192,1839,1.085,-1.363,0.098,0.0,12.4
1783971256.192,1839,2.5,-0.563,0.243,0.0,14.0
1783971256.192,1839,8.176,-2.138,1.308,0.0,12.1
1783971256.344,1840,0.566,0.229,-0.004,0.0,20.2
1783971256.344,1840,1.08,-1.363,0.141,0.0,11.9
1783971256.344,1840,2.501,-0.563,0.231,0.0,14.1
1783971256.445,1841,0.573,0.21,0.017,0.0,19.6
1783971256.445,1841,0.998,-1.418,0.197,0.0,12.0
1783971256.445,1841,2.501,-0.563,0.237,0.0,14.4
1783971256.445,1841,8.138,-2.138,1.526,0.0,11.7
1783971256.496,1842,0.573,0.21,0.01,0.0,19.2
1783971256.496,1842,0.995,-1.418,0.212,0.0,11.9
1783971256.496,1842,2.5,-0.563,0.243,0.0,14.5
1783971256.496,1842,8.153,-2.138,1.444,0.0,11.5
1783971256.598,1843,0.566,0.229,0.004,0.0,19.3
1783971256.598,1843,0.993,-1.418,0.22,0.0,11.8
1783971256.598,1843,2.5,-0.563,0.246,0.0,14.5
1783971256.598,1843,8.174,-2.138,1.316,0.0,12.1
1783971256.749,1844,0.579,0.191,0.044,0.0,18.7
1783971256.749,1844,0.99,-1.418,0.236,0.0,11.9
1783971256.749,1844,2.5,-0.563,0.244,0.0,14.2
1783971256.749,1844,8.158,-2.138,1.413,0.0,11.5
1783971256.8,1845,0.989,-1.418,0.239,0.0,11.7
1783971256.8,1845,2.5,-0.563,0.246,0.0,14.1
1783971256.8,1845,8.19,-2.138,1.216,0.0,12.2
1783971256.901,1846,0.572,0.21,0.036,0.0,18.2
1783971256.901,1846,0.979,-1.418,0.275,0.0,11.9
1783971256.901,1846,2.5,-0.563,0.242,0.0,14.2
1783971256.901,1846,8.166,-2.138,1.37,0.0,11.6
1783971257.002,1847,0.573,0.21,0.033,0.0,18.4
1783971257.002,1847,0.982,-1.418,0.265,0.0,12.1
1783971257.002,1847,2.5,-0.563,0.24,0.0,14.2
1783971257.002,1847,8.158,-2.138,1.412,0.0,11.5
1783971257.105,1848,0.572,0.21,0.042,0.0,18.3
1783971257.105,1848,0.986,-1.418,0.249,0.0,12.1
1783971257.105,1848,2.501,-0.563,0.237,0.0,13.9
1783971257.105,1848,8.187,-2.138,1.233,0.0,11.9
1783971257.206,1849,0.572,0.21,0.043,0.0,19.1
1783971257.206,1849,0.987,-1.418,0.246,0.0,11.8
1783971257.206,1849,2.501,-0.563,0.236,0.0,13.6
1783971257.206,1849,8.161,-2.138,1.397,0.0,12.5
1783971257.308,1850,0.566,0.229,0.02,0.0,19.9
1783971257.308,1850,1.073,-1.363,0.191,0.0,11.7
1783971257.308,1850,2.501,-0.563,0.227,0.0,13.5
1783971257.308,1850,8.19,-2.138,1.216,0.0,11.9
1783971257.41,1851,0.571,0.21,0.052,0.0,19.2
1783971257.41,1851,1.08,-1.363,0.142,0.0,11.8
1783971257.41,1851,2.501,-0.563,0.228,0.0,13.6
1783971257.41,1851,8.182,-2.138,1.269,0.0,11.6
1783971257.512,1852,0.565,0.229,0.031,0.0,19.1
1783971257.512,1852,1.081,-1.363,0.133,0.0,12.0
1783971257.512,1852,2.501,-0.563,0.236,0.0,13.9
1783971257.512,1852,8.187,-2.138,1.234,0.0,11.3
1783971257.613,1853,0.572,0.21,0.044,0.0,18.7
1783971257.613,1853,1.081,-1.363,0.137,0.0,12.1
1783971257.613,1853,2.501,-0.563,0.236,0.0,14.0
1783971257.613,1853,8.186,-2.138,1.241,0.0,11.9
1783971257.714,1854,0.572,0.21,0.039,0.0,19.2
1783971257.714,1854,1.08,-1.363,0.141,0.0,12.4
1783971257.714,1854,2.501,-0.563,0.237,0.0,14.0
1783971257.714,1854,8.16,-2.138,1.402,0.0,12.3
1783971257.816,1855,0.573,0.21,0.026,0.0,20.4
1783971257.816,1855,1.077,-1.363,0.162,0.0,13.2
1783971257.816,1855,2.5,-0.563,0.242,0.0,14.1
1783971257.816,1855,8.191,-2.138,1.207,0.0,11.5
1783971257.917,1856,0.558,0.248,-0.002,0.0,21.2
1783971257.917,1856,0.573,0.21,0.015,0.0,21.2
1783971257.917,1856,1.076,-1.363,0.17,0.0,13.2
1783971257.917,1856,2.5,-0.563,0.246,0.0,14.2
1783971258.018,1857,0.5,0.266,-0.029,0.0,21.7
1783971258.018,1857,1.075,-1.363,0.178,0.0,12.6
1783971258.018,1857,2.5,-0.563,0.246,0.0,14.3
1783971258.018,1857,8.156,-2.138,1.424,0.0,12.3
1783971258.119,1858,0.566,0.229,-0.016,0.0,22.1
1783971258.119,1858,1.075,-1.363,0.174,0.0,12.6
1783971258.119,1858,2.499,-0.563,0.249,0.0,14.5
1783971258.119,1858,8.193,-2.138,1.195,0.0,11.3
1783971258.22,1859,0.558,0.248,-0.016,0.0,21.8
1783971258.22,1859,1.077,-1.363,0.163,0.0,12.5
1783971258.22,1859,2.5,-0.563,0.246,0.0,14.6
1783971258.321,1860,0.558,0.248,-0.021,0.0,21.3
1783971258.321,1860,1.077,-1.363,0.162,0.0,12.3
1783971258.321,1860,2.5,-0.563,0.24,0.0,14.3
1783971258.321,1860,8.154,-2.138,1.435,0.0,12.0
1783971258.423,1861,0.558,0.248,-0.023,0.0,21.0
1783971258.423,1861,1.079,-1.363,0.15,0.0,12.0
1783971258.423,1861,2.5,-0.563,0.239,0.0,14.5
1783971258.423,1861,8.189,-2.138,1.225,0.0,11.3
1783971258.524,1862,0.566,0.229,-0.021,0.0,20.6
1783971258.524,1862,1.081,-1.363,0.137,0.0,12.2
1783971258.524,1862,2.501,-0.563,0.233,0.0,14.7
1783971258.524,1862,8.183,-2.138,1.262,0.0,11.4
1783971258.625,1863,0.573,0.21,-0.013,0.0,19.7
1783971258.625,1863,1.004,-1.418,0.166,0.0,11.7
1783971258.625,1863,2.502,-0.563,0.22,0.0,14.0
1783971258.625,1863,8.187,-2.138,1.238,0.0,11.4
1783971258.726,1864,0.573,0.21,-0.024,0.0,18.6
1783971258.726,1864,0.994,-1.418,0.219,0.0,12.0
1783971258.726,1864,2.502,-0.563,0.219,0.0,13.7
1783971258.726,1864,8.183,-2.138,1.262,0.0,12.1
1783971258.828,1865,0.569,0.21,-0.07,0.0,18.7
1783971258.828,1865,0.997,-1.418,0.204,0.0,12.0
1783971258.828,1865,2.502,-0.563,0.225,0.0,14.2
1783971258.828,1865,8.198,-2.138,1.159,0.0,11.4
1783971258.928,1866,0.569,0.21,-0.076,0.0,19.1
1783971258.928,1866,1.076,-1.363,0.171,0.0,11.6
1783971258.928,1866,2.501,-0.563,0.23,0.0,14.0
1783971258.928,1866,8.179,-2.138,1.289,0.0,11.3
1783971259.029,1867,0.508,0.248,-0.049,0.0,18.9
1783971259.029,1867,0.998,-1.418,0.196,0.0,11.5
1783971259.029,1867,2.502,-0.563,0.226,0.0,13.8
1783971259.029,1867,8.183,-2.138,1.264,0.0,11.3
1783971259.13,1868,0.564,0.229,-0.047,0.0,20.9
1783971259.13,1868,0.998,-1.418,0.2,0.0,11.5
1783971259.13,1868,2.502,-0.563,0.216,0.0,13.7
1783971259.13,1868,8.188,-2.138,1.226,0.0,11.9
1783971259.231,1869,0.564,0.229,-0.046,0.0,19.9
1783971259.231,1869,1.076,-1.363,0.172,0.0,11.4
1783971259.231,1869,2.501,-0.563,0.227,0.0,14.1
1783971259.231,1869,8.172,-2.138,1.332,0.0,11.3
1783971259.332,1870,0.573,0.21,0.035,0.0,19.7
1783971259.332,1870,1.08,-1.363,0.145,0.0,11.4
1783971259.332,1870,2.5,-0.563,0.238,0.0,14.2
1783971259.332,1870,8.158,-2.138,1.417,0.0,11.9
1783971259.435,1871,0.576,0.191,0.067,0.0,19.0
1783971259.435,1871,1.086,-1.363,0.088,0.0,11.9
1783971259.435,1871,2.502,-0.563,0.221,0.0,14.4
1783971259.435,1871,8.175,-2.138,1.315,0.0,11.9
1783971259.537,1872,0.578,0.191,0.052,0.0,17.9
1783971259.537,1872,1.082,-1.363,0.128,0.0,11.9
1783971259.537,1872,2.502,-0.563,0.22,0.0,14.8
1783971259.537,1872,8.157,-2.138,1.419,0.0,12.2
1783971259.642,1873,0.579,0.191,0.035,0.0,18.5
1783971259.642,1873,1.081,-1.363,0.138,0.0,12.4
1783971259.642,1873,2.501,-0.563,0.229,0.0,14.3
1783971259.642,1873,8.105,-2.405,1.281,0.0,11.8
1783971259.746,1874,0.578,0.191,0.052,0.0,18.4
1783971259.746,1874,1.081,-1.363,0.137,0.0,11.6
1783971259.746,1874,2.501,-0.563,0.227,0.0,14.4
1783971259.746,1874,8.147,-2.138,1.477,0.0,11.9
1783971259.798,1875,0.573,0.191,0.091,0.0,18.8
1783971259.798,1875,1.082,-1.363,0.123,0.0,11.8
1783971259.798,1875,2.501,-0.563,0.228,0.0,15.0
1783971259.798,1875,8.164,-2.138,1.38,0.0,11.8
1783971259.9,1876,0.579,0.191,0.042,0.0,18.0
1783971259.9,1876,1.081,-1.363,0.132,0.0,12.4
1783971259.9,1876,2.501,-0.563,0.233,0.0,14.6
1783971259.9,1876,8.136,-2.138,1.536,0.0,11.4
1783971260.002,1877,0.614,0.225,0.014,0.0,17.9
1783971260.002,1877,1.004,-1.418,0.163,0.0,12.3
1783971260.002,1877,2.501,-0.563,0.23,0.0,14.3
1783971260.002,1877,8.125,-2.138,1.591,0.0,11.7
1783971260.104,1878,0.621,0.205,0.031,0.0,17.5
1783971260.104,1878,1.002,-1.418,0.177,0.0,12.2
1783971260.104,1878,2.501,-0.563,0.228,0.0,14.2
1783971260.104,1878,8.086,-2.405,1.399,0.0,12.0
1783971260.204,1879,0.613,0.225,0.037,0.0,17.4
1783971260.204,1879,1.077,-1.363,0.161,0.0,12.4
1783971260.204,1879,2.501,-0.563,0.227,0.0,14.3
1783971260.204,1879,8.086,-2.405,1.396,0.0,11.6
1783971260.309,1880,0.612,0.225,0.052,0.0,17.4
1783971260.309,1880,1.074,-1.363,0.185,0.0,11.6
1783971260.309,1880,2.502,-0.563,0.226,0.0,14.6
1783971260.309,1880,8.145,-2.138,1.489,0.0,11.8
1783971260.411,1881,0.613,0.225,0.045,0.0,17.7
1783971260.411,1881,1.069,-1.363,0.209,0.0,11.5
1783971260.411,1881,2.501,-0.563,0.228,0.0,14.6
1783971260.411,1881,8.176,-2.138,1.305,0.0,12.1
1783971260.515,1882,0.612,0.225,0.055,0.0,17.5
1783971260.515,1882,1.072,-1.363,0.195,0.0,11.6
1783971260.515,1882,2.502,-0.563,0.223,0.0,14.5
1783971260.515,1882,8.113,-2.405,1.232,0.0,11.9
1783971260.616,1883,0.612,0.225,0.053,0.0,17.3
1783971260.616,1883,1.074,-1.363,0.181,0.0,11.7
1783971260.616,1883,2.502,-0.563,0.224,0.0,14.5
1783971260.616,1883,8.158,-2.138,1.417,0.0,11.5
1783971260.718,1884,0.613,0.225,0.044,0.0,17.4
1783971260.718,1884,1.076,-1.363,0.169,0.0,11.5
1783971260.718,1884,2.502,-0.563,0.224,0.0,14.4
1783971260.718,1884,8.188,-2.138,1.226,0.0,11.6
1783971260.82,1885,0.614,0.225,0.034,0.0,16.9
1783971260.82,1885,1.077,-1.363,0.161,0.0,12.2
1783971260.82,1885,2.502,-0.563,0.225,0.0,14.1
1783971260.82,1885,8.194,-2.138,1.185,0.0,11.4
1783971260.923,1886,0.614,0.225,0.036,0.0,16.9
1783971260.923,1886,1.078,-1.363,0.154,0.0,12.2
1783971260.923,1886,2.502,-0.563,0.224,0.0,14.3
1783971260.923,1886,8.204,-2.138,1.114,0.0,11.5
1783971261.023,1887,0.614,0.225,0.031,0.0,16.7
1783971261.023,1887,1.079,-1.363,0.147,0.0,11.6
1783971261.023,1887,2.501,-0.563,0.229,0.0,14.2
1783971261.023,1887,8.2,-2.138,1.149,0.0,11.9
1783971261.125,1888,0.573,0.191,0.093,0.0,16.3
1783971261.125,1888,1.08,-1.363,0.146,0.0,11.5
1783971261.125,1888,2.501,-0.563,0.233,0.0,14.1
1783971261.125,1888,8.172,-2.138,1.328,0.0,11.2
1783971261.229,1889,0.571,0.191,0.102,0.0,16.2
1783971261.229,1889,1.08,-1.363,0.143,0.0,11.7
1783971261.229,1889,2.501,-0.563,0.228,0.0,14.0
1783971261.229,1889,8.19,-2.138,1.213,0.0,11.4
1783971261.332,1890,0.611,0.225,0.069,0.0,16.3
1783971261.332,1890,1.078,-1.363,0.158,0.0,11.4
1783971261.332,1890,2.501,-0.563,0.233,0.0,13.8
1783971261.332,1890,8.187,-2.138,1.234,0.0,11.5
1783971261.433,1891,0.569,0.21,0.072,0.0,16.6
1783971261.433,1891,1.074,-1.363,0.185,0.0,11.6
1783971261.433,1891,2.5,-0.563,0.241,0.0,13.8
1783971261.534,1892,0.56,0.229,0.082,0.0,17.4
1783971261.534,1892,1.078,-1.363,0.159,0.0,11.5
1783971261.534,1892,2.5,-0.563,0.244,0.0,14.1
1783971261.534,1892,8.179,-2.138,1.289,0.0,11.7
1783971261.635,1893,0.552,0.248,0.08,0.0,17.9
1783971261.635,1893,1.081,-1.363,0.136,0.0,12.5
1783971261.635,1893,2.5,-0.563,0.246,0.0,14.5
1783971261.635,1893,8.177,-2.138,1.297,0.0,11.4
1783971261.736,1894,0.553,0.248,0.074,0.0,17.9
1783971261.736,1894,1.077,-1.363,0.163,0.0,12.5
1783971261.736,1894,2.499,-0.563,0.249,0.0,14.9
1783971261.838,1895,0.556,0.248,0.051,0.0,18.0
1783971261.838,1895,1.073,-1.363,0.19,0.0,11.8
1783971261.838,1895,2.498,-0.563,0.259,0.0,15.0
1783971261.838,1895,8.156,-2.138,1.424,0.0,12.0
1783971261.939,1896,0.558,0.248,-0.005,0.0,18.8
1783971261.939,1896,1.077,-1.363,0.161,0.0,11.8
1783971261.939,1896,2.497,-0.563,0.268,0.0,14.8
1783971261.939,1896,8.218,-2.138,1.006,0.0,11.5
1783971262.04,1897,0.557,0.248,-0.039,0.0,20.3
1783971262.04,1897,1.005,-1.418,0.161,0.0,12.2
1783971262.04,1897,2.498,-0.563,0.263,0.0,14.5
1783971262.04,1897,8.193,-2.138,1.198,0.0,12.0
1783971262.141,1898,0.555,0.248,-0.057,0.0,20.6
1783971262.141,1898,1.002,-1.418,0.177,0.0,12.5
1783971262.141,1898,2.499,-0.563,0.25,0.0,14.1
1783971262.141,1898,8.199,-2.138,1.151,0.0,11.3
1783971262.192,1899,0.555,0.248,-0.063,0.0,20.6
1783971262.192,1899,1.003,-1.418,0.172,0.0,12.4
1783971262.192,1899,2.5,-0.563,0.247,0.0,14.1
1783971262.192,1899,8.198,-2.138,1.163,0.0,11.4
1783971262.344,1900,0.557,0.248,-0.035,0.0,19.5
1783971262.344,1900,1.078,-1.363,0.154,0.0,12.0
1783971262.344,1900,2.499,-0.563,0.257,0.0,14.2
1783971262.344,1900,8.204,-2.138,1.116,0.0,11.3
1783971262.445,1901,0.562,0.229,0.072,0.0,18.5
1783971262.445,1901,0.349,0.42,-0.274,0.0,18.5
1783971262.445,1901,1.065,-1.363,0.23,0.0,11.7
1783971262.445,1901,2.497,-0.563,0.27,0.0,14.4
1783971262.445,1901,8.183,-2.138,1.26,0.0,11.6
1783971262.496,1902,0.549,0.248,0.099,0.0,16.4
1783971262.496,1902,1.083,-1.363,0.121,0.0,11.8
1783971262.496,1902,2.499,-0.563,0.253,0.0,14.6
1783971262.496,1902,8.181,-2.138,1.271,0.0,11.6
1783971262.6,1903,0.553,0.248,0.074,0.0,17.4
1783971262.6,1903,1.078,-1.363,0.158,0.0,12.3
1783971262.6,1903,2.499,-0.563,0.25,0.0,14.4
1783971262.6,1903,8.184,-2.138,1.253,0.0,11.5
1783971262.751,1904,0.563,0.229,0.059,0.0,18.2
1783971262.751,1904,1.069,-1.363,0.208,0.0,11.6
1783971262.751,1904,2.499,-0.563,0.249,0.0,13.8
1783971262.751,1904,8.214,-2.138,1.038,0.0,12.1
1783971262.802,1905,0.569,0.21,0.076,0.0,18.1
1783971262.802,1905,1.081,-1.363,0.137,0.0,11.6
1783971262.802,1905,2.501,-0.563,0.229,0.0,14.4
1783971262.802,1905,8.17,-2.138,1.341,0.0,12.4
1783971262.906,1906,0.564,0.21,0.104,0.0,18.6
1783971262.906,1906,1.078,-1.363,0.156,0.0,11.9
1783971262.906,1906,2.502,-0.563,0.219,0.0,14.9
1783971262.906,1906,8.191,-2.138,1.205,0.0,12.0
1783971263.008,1907,0.564,0.21,0.105,0.0,18.7
1783971263.008,1907,1.076,-1.363,0.169,0.0,11.3
1783971263.008,1907,2.502,-0.563,0.227,0.0,15.1
1783971263.008,1907,8.175,-2.138,1.314,0.0,11.9
1783971263.11,1908,0.564,0.21,0.104,0.0,18.9
1783971263.11,1908,1.08,-1.363,0.139,0.0,11.4
1783971263.11,1908,2.502,-0.563,0.22,0.0,14.7
1783971263.211,1909,0.566,0.21,0.095,0.0,17.8
1783971263.211,1909,0.421,0.382,-0.224,0.0,17.8
1783971263.211,1909,1.08,-1.363,0.143,0.0,11.6
1783971263.211,1909,2.501,-0.563,0.23,0.0,14.5
1783971263.313,1910,0.606,0.225,0.1,0.0,16.8
1783971263.313,1910,1.077,-1.363,0.163,0.0,12.1
1783971263.313,1910,2.501,-0.563,0.23,0.0,14.7
1783971263.313,1910,8.195,-2.138,1.182,0.0,11.4
1783971263.414,1911,0.564,0.21,0.107,0.0,17.4
1783971263.414,1911,1.081,-1.363,0.138,0.0,12.0
1783971263.414,1911,2.501,-0.563,0.231,0.0,14.4
1783971263.414,1911,8.187,-2.138,1.234,0.0,11.6
1783971263.515,1912,0.566,0.21,0.095,0.0,18.5
1783971263.515,1912,1.077,-1.363,0.163,0.0,11.6
1783971263.515,1912,2.501,-0.563,0.229,0.0,14.1
1783971263.617,1913,0.572,0.21,0.048,0.0,17.3
1783971263.617,1913,1.072,-1.363,0.191,0.0,11.2
1783971263.617,1913,2.501,-0.563,0.236,0.0,14.1
1783971263.617,1913,8.195,-2.138,1.178,0.0,11.5
1783971263.718,1914,0.566,0.229,0.027,0.0,17.4
1783971263.718,1914,1.071,-1.363,0.198,0.0,11.6
1783971263.718,1914,2.499,-0.563,0.251,0.0,14.1
1783971263.718,1914,8.187,-2.138,1.234,0.0,11.5
1783971263.819,1915,0.556,0.248,0.054,0.0,16.6
1783971263.819,1915,1.08,-1.363,0.139,0.0,12.5
1783971263.819,1915,2.499,-0.563,0.252,0.0,14.0
1783971263.819,1915,8.19,-2.138,1.216,0.0,11.7
1783971263.924,1916,0.549,0.248,0.098,0.0,16.8
1783971263.924,1916,1.082,-1.363,0.129,0.0,12.7
1783971263.924,1916,2.5,-0.563,0.247,0.0,14.8
1783971263.924,1916,8.188,-2.138,1.228,0.0,12.2
1783971264.028,1917,0.552,0.248,0.085,0.0,17.2
1783971264.028,1917,1.082,-1.363,0.126,0.0,12.0
1783971264.028,1917,2.499,-0.563,0.248,0.0,14.8
1783971264.028,1917,8.206,-2.138,1.099,0.0,12.1
1783971264.129,1918,0.544,0.267,0.074,0.0,16.5
1783971264.129,1918,0.558,0.229,0.096,0.0,16.5
1783971264.129,1918,1.085,-1.363,0.102,0.0,12.2
1783971264.129,1918,2.499,-0.563,0.254,0.0,14.8
1783971264.129,1918,8.216,-2.138,1.022,0.0,11.4
1783971264.23,1919,0.548,0.248,0.106,0.0,17.0
1783971264.23,1919,1.086,-1.363,0.081,0.0,12.6
1783971264.23,1919,2.499,-0.563,0.251,0.0,14.9
1783971264.23,1919,8.206,-2.138,1.1,0.0,12.1
1783971264.333,1920,0.552,0.248,0.084,0.0,18.0
1783971264.333,1920,1.084,-1.363,0.109,0.0,12.2
1783971264.333,1920,2.499,-0.563,0.251,0.0,15.0
1783971264.333,1920,8.194,-2.138,1.185,0.0,11.8
1783971264.438,1921,0.549,0.248,0.102,0.0,17.0
1783971264.438,1921,1.085,-1.363,0.101,0.0,11.8
1783971264.438,1921,2.499,-0.563,0.253,0.0,15.1
1783971264.438,1921,8.174,-2.138,1.321,0.0,11.7
1783971264.54,1922,0.566,0.21,0.095,0.0,17.5
1783971264.54,1922,2.498,-0.563,0.267,0.0,14.2
1783971264.54,1922,8.203,-2.138,1.123,0.0,11.8
1783971264.591,1923,0.566,0.229,0.013,0.0,17.8
1783971264.591,1923,1.071,-1.363,0.197,0.0,11.5
1783971264.591,1923,2.497,-0.563,0.271,0.0,13.9
1783971264.591,1923,8.186,-2.138,1.243,0.0,11.9
1783971264.743,1924,0.566,0.229,0.005,0.0,17.3
1783971264.743,1924,1.07,-1.363,0.203,0.0,11.6
1783971264.743,1924,2.497,-0.563,0.267,0.0,13.7
1783971264.743,1924,8.149,-2.138,1.465,0.0,12.0
1783971264.845,1925,0.566,0.229,0.017,0.0,17.1
1783971264.845,1925,1.069,-1.363,0.209,0.0,11.4
1783971264.845,1925,2.497,-0.563,0.27,0.0,14.0
1783971264.845,1925,8.147,-2.138,1.476,0.0,11.7
1783971264.895,1926,0.565,0.229,0.038,0.0,17.1
1783971264.895,1926,1.069,-1.363,0.208,0.0,11.8
1783971264.895,1926,2.497,-0.563,0.276,0.0,13.9
1783971264.895,1926,8.182,-2.138,1.269,0.0,11.4
1783971264.998,1927,0.566,0.229,0.028,0.0,16.9
1783971264.998,1927,1.071,-1.363,0.199,0.0,11.5
1783971264.998,1927,2.497,-0.563,0.271,0.0,14.0
1783971265.15,1928,0.566,0.229,0.013,0.0,17.2
1783971265.15,1928,1.071,-1.363,0.201,0.0,11.9
1783971265.15,1928,2.498,-0.563,0.267,0.0,13.8
1783971265.15,1928,8.176,-2.138,1.305,0.0,11.8
1783971265.201,1929,0.573,0.21,0.024,0.0,17.9
1783971265.201,1929,1.077,-1.363,0.166,0.0,11.8
1783971265.201,1929,2.498,-0.563,0.263,0.0,13.6
1783971265.303,1930,0.566,0.229,0.003,0.0,18.5
1783971265.303,1930,1.078,-1.363,0.153,0.0,12.0
1783971265.303,1930,2.498,-0.563,0.261,0.0,13.7
1783971265.303,1930,8.14,-2.405,1.039,0.0,11.7
1783971265.406,1931,0.566,0.229,0.007,0.0,19.0
1783971265.406,1931,1.076,-1.363,0.168,0.0,12.1
1783971265.406,1931,2.498,-0.563,0.258,0.0,13.8
1783971265.406,1931,8.111,-2.405,1.247,0.0,11.9
1783971265.508,1932,0.558,0.248,0.009,0.0,18.7
1783971265.508,1932,1.078,-1.363,0.16,0.0,11.7
1783971265.508,1932,2.499,-0.563,0.252,0.0,14.5
1783971265.508,1932,8.131,-2.405,1.107,0.0,12.0
1783971265.61,1933,0.566,0.229,0.002,0.0,18.3
1783971265.61,1933,1.071,-1.363,0.202,0.0,11.6
1783971265.61,1933,2.499,-0.563,0.254,0.0,14.5
1783971265.61,1933,8.163,-2.138,1.383,0.0,11.5
1783971265.711,1934,0.573,0.21,-0.016,0.0,18.0
1783971265.711,1934,1.075,-1.363,0.178,0.0,12.4
1783971265.711,1934,2.498,-0.563,0.259,0.0,14.1
1783971265.711,1934,8.121,-2.405,1.178,0.0,11.6
1783971265.812,1935,0.579,0.191,-0.034,0.0,16.5
1783971265.812,1935,1.074,-1.363,0.185,0.0,12.4
1783971265.812,1935,2.497,-0.563,0.275,0.0,14.2
1783971265.812,1935,8.084,-2.405,1.408,0.0,11.9
1783971265.913,1936,0.58,0.191,0.0,0.0,19.0
1783971265.913,1936,1.079,-1.363,0.149,0.0,12.4
1783971265.913,1936,2.495,-0.563,0.286,0.0,14.1
1783971265.913,1936,8.119,-2.405,1.192,0.0,12.0
1783971266.013,1937,0.574,0.21,0.003,0.0,17.4
1783971266.013,1937,1.076,-1.363,0.168,0.0,12.1
1783971266.013,1937,2.498,-0.563,0.264,0.0,14.0
1783971266.013,1937,8.191,-2.138,1.208,0.0,12.3
1783971266.116,1938,0.557,0.248,0.035,0.0,18.2
1783971266.116,1938,1.073,-1.363,0.186,0.0,11.8
1783971266.116,1938,2.499,-0.563,0.254,0.0,13.9
1783971266.116,1938,8.118,-2.405,1.196,0.0,12.3
1783971266.217,1939,0.468,0.319,-0.023,0.0,16.9
1783971266.217,1939,1.079,-1.363,0.15,0.0,12.6
1783971266.217,1939,2.498,-0.563,0.262,0.0,14.0
1783971266.217,1939,8.167,-2.138,1.36,0.0,12.2
1783971266.318,1940,0.573,0.21,-0.03,0.0,18.6
1783971266.318,1940,1.083,-1.363,0.118,0.0,12.0
1783971266.318,1940,2.498,-0.563,0.263,0.0,14.2
1783971266.318,1940,8.099,-2.405,1.321,0.0,11.9
1783971266.419,1941,0.565,0.229,0.029,0.0,21.4
1783971266.419,1941,1.075,-1.363,0.174,0.0,11.4
1783971266.419,1941,2.498,-0.563,0.266,0.0,14.4
1783971266.419,1941,8.181,-2.138,1.275,0.0,11.4
1783971266.52,1942,0.614,0.225,0.009,0.0,19.9
1783971266.52,1942,1.075,-1.363,0.177,0.0,11.6
1783971266.52,1942,2.497,-0.563,0.27,0.0,14.8
1783971266.52,1942,8.132,-2.405,1.097,0.0,11.4
1783971266.621,1943,0.621,0.205,0.033,0.0,17.5
1783971266.621,1943,1.073,-1.363,0.191,0.0,12.4
1783971266.621,1943,2.497,-0.563,0.268,0.0,14.8
1783971266.621,1943,8.107,-2.405,1.269,0.0,12.4
1783971266.722,1944,0.621,0.205,0.032,0.0,17.6
1783971266.722,1944,1.071,-1.363,0.199,0.0,12.4
1783971266.722,1944,2.497,-0.563,0.269,0.0,14.6
1783971266.722,1944,8.139,-2.138,1.52,0.0,11.6
1783971266.824,1945,0.621,0.205,0.029,0.0,17.6
1783971266.824,1945,1.073,-1.363,0.187,0.0,12.8
1783971266.824,1945,2.497,-0.563,0.267,0.0,14.5
1783971266.824,1945,8.184,-2.138,1.253,0.0,11.7
1783971266.925,1946,0.614,0.225,0.023,0.0,17.9
1783971266.925,1946,1.075,-1.363,0.178,0.0,12.6
1783971266.925,1946,2.498,-0.563,0.266,0.0,14.7
1783971266.925,1946,8.086,-2.405,1.399,0.0,12.1
1783971267.027,1947,0.622,0.205,0.013,0.0,18.1
1783971267.027,1947,1.077,-1.363,0.163,0.0,13.4
1783971267.027,1947,2.498,-0.563,0.265,0.0,14.6
1783971267.027,1947,8.139,-2.405,1.049,0.0,11.8
1783971267.127,1948,0.614,0.225,0.018,0.0,18.3
1783971267.127,1948,1.08,-1.363,0.14,0.0,13.0
1783971267.127,1948,2.497,-0.563,0.27,0.0,14.2
1783971267.127,1948,8.181,-2.138,1.275,0.0,11.5
1783971267.229,1949,0.619,0.205,0.058,0.0,18.2
1783971267.229,1949,1.08,-1.363,0.144,0.0,12.5
1783971267.229,1949,2.497,-0.563,0.268,0.0,14.2
1783971267.229,1949,8.172,-2.138,1.332,0.0,11.8
1783971267.331,1950,0.619,0.205,0.061,0.0,18.4
1783971267.331,1950,0.605,0.245,0.041,0.0,18.4
1783971267.331,1950,1.081,-1.363,0.135,0.0,12.7
1783971267.331,1950,2.497,-0.563,0.271,0.0,14.4
1783971267.331,1950,8.174,-2.138,1.319,0.0,11.9
1783971267.432,1951,0.614,0.225,0.024,0.0,17.8
1783971267.432,1951,1.081,-1.363,0.138,0.0,12.9
1783971267.432,1951,2.497,-0.563,0.271,0.0,14.6
1783971267.432,1951,8.192,-2.138,1.204,0.0,12.2
1783971267.532,1952,0.607,0.245,0.007,0.0,17.9
1783971267.532,1952,1.079,-1.363,0.15,0.0,12.2
1783971267.532,1952,2.497,-0.563,0.272,0.0,14.0
1783971267.634,1953,0.606,0.245,0.034,0.0,18.2
1783971267.634,1953,1.079,-1.363,0.152,0.0,12.0
1783971267.634,1953,2.496,-0.563,0.277,0.0,14.0
1783971267.634,1953,8.188,-2.138,1.228,0.0,11.8
1783971267.736,1954,0.614,0.225,0.036,0.0,18.3
1783971267.736,1954,1.077,-1.363,0.161,0.0,12.3
1783971267.736,1954,2.496,-0.563,0.278,0.0,14.1
1783971267.837,1955,0.614,0.225,0.014,0.0,18.3
1783971267.837,1955,1.073,-1.363,0.188,0.0,13.2
1783971267.837,1955,2.497,-0.563,0.274,0.0,14.0
1783971267.837,1955,8.183,-2.138,1.262,0.0,12.1
1783971267.942,1956,0.615,0.225,0.004,0.0,18.0
1783971267.942,1956,1.073,-1.363,0.189,0.0,12.8
1783971267.942,1956,2.498,-0.563,0.267,0.0,14.1
1783971267.942,1956,8.153,-2.138,1.444,0.0,11.4
1783971268.046,1957,0.615,0.225,0.004,0.0,17.3
1783971268.046,1957,1.075,-1.363,0.174,0.0,12.5
1783971268.046,1957,2.497,-0.563,0.271,0.0,13.8
1783971268.046,1957,8.12,-2.405,1.187,0.0,12.1
1783971268.15,1958,0.615,0.225,0.003,0.0,16.5
1783971268.15,1958,1.076,-1.363,0.167,0.0,12.6
1783971268.15,1958,2.497,-0.563,0.268,0.0,13.8
1783971268.15,1958,8.16,-2.138,1.403,0.0,12.7
1783971268.202,1959,0.622,0.205,0.002,0.0,16.6
1783971268.202,1959,1.078,-1.363,0.159,0.0,12.4
1783971268.202,1959,2.498,-0.563,0.264,0.0,13.7
1783971268.202,1959,8.185,-2.138,1.25,0.0,12.3
1783971268.305,1960,0.621,0.205,0.018,0.0,16.9
1783971268.305,1960,1.079,-1.363,0.149,0.0,12.9
1783971268.305,1960,2.498,-0.563,0.26,0.0,13.8
1783971268.305,1960,8.181,-2.138,1.275,0.0,12.6
1783971268.408,1961,0.578,0.191,0.045,0.0,16.9
1783971268.408,1961,1.078,-1.363,0.158,0.0,12.4
1783971268.408,1961,2.499,-0.563,0.257,0.0,13.7
1783971268.408,1961,8.169,-2.138,1.351,0.0,12.2
1783971268.514,1962,0.572,0.21,0.042,0.0,17.7
1783971268.514,1962,1.079,-1.363,0.15,0.0,12.8
1783971268.514,1962,2.499,-0.563,0.25,0.0,13.5
1783971268.514,1962,8.18,-2.138,1.283,0.0,12.1
1783971268.617,1963,0.572,0.21,0.042,0.0,17.8
1783971268.617,1963,1.081,-1.363,0.138,0.0,13.0
1783971268.617,1963,2.499,-0.563,0.249,0.0,13.9
1783971268.617,1963,8.18,-2.138,1.279,0.0,11.8
1783971268.72,1964,0.572,0.21,0.038,0.0,17.5
1783971268.72,1964,1.084,-1.363,0.111,0.0,12.6
1783971268.72,1964,2.499,-0.563,0.252,0.0,14.1
1783971268.72,1964,8.191,-2.138,1.208,0.0,12.1
1783971268.822,1965,0.565,0.229,0.042,0.0,17.6
1783971268.822,1965,1.085,-1.363,0.095,0.0,12.8
1783971268.822,1965,2.499,-0.563,0.255,0.0,14.1
1783971268.822,1965,8.15,-2.138,1.461,0.0,12.8
1783971268.924,1966,0.564,0.229,0.047,0.0,17.5
1783971268.924,1966,1.084,-1.363,0.106,0.0,12.9
1783971268.924,1966,2.499,-0.563,0.252,0.0,14.2
1783971268.924,1966,8.174,-2.138,1.321,0.0,12.0
1783971269.026,1967,0.566,0.229,0.027,0.0,17.7
1783971269.026,1967,1.085,-1.363,0.102,0.0,12.7
1783971269.026,1967,2.499,-0.563,0.254,0.0,14.1
1783971269.026,1967,8.182,-2.138,1.269,0.0,12.3
1783971269.129,1968,0.566,0.229,0.027,0.0,18.0
1783971269.129,1968,1.082,-1.363,0.128,0.0,12.9
1783971269.129,1968,2.499,-0.563,0.254,0.0,14.1
1783971269.129,1968,8.19,-2.138,1.216,0.0,11.8
1783971269.234,1969,0.565,0.229,0.034,0.0,18.3
1783971269.234,1969,1.082,-1.363,0.123,0.0,12.9
1783971269.234,1969,2.499,-0.563,0.254,0.0,14.1
1783971269.234,1969,8.18,-2.138,1.284,0.0,12.4
1783971269.336,1970,0.565,0.229,0.044,0.0,18.5
1783971269.336,1970,1.077,-1.363,0.164,0.0,13.0
1783971269.336,1970,2.499,-0.563,0.253,0.0,14.2
1783971269.336,1970,8.172,-2.138,1.33,0.0,11.2
1783971269.438,1971,0.572,0.21,0.041,0.0,19.1
1783971269.438,1971,1.068,-1.363,0.215,0.0,12.7
1783971269.438,1971,2.5,-0.563,0.245,0.0,14.4
1783971269.438,1971,8.18,-2.138,1.279,0.0,12.1
1783971269.543,1972,0.565,0.229,0.038,0.0,18.9
1783971269.543,1972,1.076,-1.363,0.169,0.0,12.5
1783971269.543,1972,2.501,-0.563,0.236,0.0,14.2
1783971269.543,1972,8.167,-2.138,1.361,0.0,12.0
1783971269.647,1973,0.566,0.229,0.018,0.0,17.4
1783971269.647,1973,1.081,-1.363,0.132,0.0,12.2
1783971269.647,1973,2.501,-0.563,0.231,0.0,13.8
1783971269.647,1973,8.106,-2.405,1.277,0.0,12.2
1783971269.699,1974,0.566,0.229,0.022,0.0,16.6
1783971269.699,1974,1.084,-1.363,0.107,0.0,13.5
1783971269.699,1974,2.501,-0.563,0.235,0.0,14.0
1783971269.699,1974,8.162,-2.138,1.392,0.0,12.5
1783971269.799,1975,0.566,0.229,0.007,0.0,16.3
1783971269.799,1975,1.082,-1.363,0.129,0.0,13.2
1783971269.799,1975,2.501,-0.563,0.236,0.0,13.4
1783971269.799,1975,8.105,-2.138,1.691,0.0,11.9
1783971269.902,1976,0.558,0.248,-0.008,0.0,18.3
1783971269.902,1976,1.077,-1.363,0.161,0.0,12.4
1783971269.902,1976,2.501,-0.563,0.23,0.0,13.8
1783971269.902,1976,8.135,-2.138,1.544,0.0,12.0
1783971270.004,1977,0.566,0.229,-0.022,0.0,19.3
1783971270.004,1977,1.075,-1.363,0.178,0.0,12.3
1783971270.004,1977,2.501,-0.563,0.228,0.0,13.9
1783971270.004,1977,8.151,-2.138,1.455,0.0,11.8
1783971270.107,1978,0.565,0.229,-0.035,0.0,19.5
1783971270.107,1978,1.008,-1.418,0.137,0.0,12.7
1783971270.107,1978,2.502,-0.563,0.226,0.0,13.9
1783971270.107,1978,8.155,-2.138,1.432,0.0,12.3
1783971270.207,1979,0.484,0.284,-0.083,0.0,17.9
1783971270.207,1979,1.003,-1.418,0.173,0.0,12.4
1783971270.207,1979,2.502,-0.563,0.217,0.0,13.9
1783971270.207,1979,8.152,-2.138,1.45,0.0,12.3
1783971270.308,1980,0.461,0.284,-0.17,0.0,15.9
1783971270.308,1980,0.621,0.205,0.034,0.0,17.1
1783971270.308,1980,1.082,-1.363,0.123,0.0,12.3
1783971270.308,1980,2.5,-0.563,0.239,0.0,14.2
1783971270.308,1980,8.178,-2.138,1.296,0.0,12.5
1783971270.409,1981,1.081,-1.363,0.135,0.0,13.1
1783971270.409,1981,2.501,-0.563,0.237,0.0,13.9
1783971270.409,1981,8.194,-2.138,1.185,0.0,12.0
1783971270.409,1981,0.622,0.205,0.004,0.081,23.8
1783971270.511,1982,1.071,-1.363,0.198,0.0,12.7
1783971270.511,1982,2.5,-0.563,0.241,0.0,14.4
1783971270.511,1982,8.156,-2.138,1.425,0.0,11.5
1783971270.511,1982,0.489,0.284,-0.051,0.081,19.5
1783971270.617,1983,1.084,-1.363,0.106,0.0,13.1
1783971270.617,1983,2.502,-0.563,0.219,0.0,14.1
1783971270.617,1983,6.09,1.603,1.213,0.0,11.3
1783971270.617,1983,8.099,-2.405,1.321,0.0,12.3
1783971270.617,1983,0.517,0.324,-0.02,0.081,20.8
1783971270.617,1983,0.614,0.225,0.034,0.162,31.5
1783971270.721,1984,1.076,-1.363,0.169,0.0,12.7
1783971270.721,1984,2.502,-0.563,0.223,0.0,13.9
1783971270.721,1984,8.096,-2.405,1.339,0.0,12.0
1783971270.721,1984,0.508,0.324,-0.099,0.081,20.2
1783971270.721,1984,0.607,0.245,0.006,0.162,32.4
1783971270.823,1985,1.077,-1.363,0.164,0.0,12.3
1783971270.823,1985,2.502,-0.563,0.222,0.0,14.0
1783971270.823,1985,8.155,-2.138,1.432,0.0,11.5
1783971270.823,1985,0.655,0.24,-0.014,0.162,34.0
1783971270.925,1986,0.303,0.479,-0.033,0.0,12.4
1783971270.925,1986,1.08,-1.363,0.142,0.0,12.6
1783971270.925,1986,2.498,-0.563,0.263,0.0,14.6
1783971270.925,1986,8.209,-2.138,1.077,0.0,12.0
1783971270.925,1986,0.495,0.344,-0.098,0.081,18.0
1783971270.925,1986,0.663,0.218,-0.003,0.162,26.2
1783971271.026,1987,1.077,-1.363,0.165,0.0,13.1
1783971271.026,1987,2.5,-0.563,0.246,0.0,14.5
1783971271.026,1987,8.174,-2.138,1.321,0.0,12.0
1783971271.026,1987,0.499,0.344,-0.079,0.081,18.2
1783971271.026,1987,0.653,0.24,0.054,0.162,22.8
1783971271.128,1988,1.065,-1.363,0.23,0.0,13.0
1783971271.128,1988,2.497,-0.563,0.268,0.0,14.1
1783971271.128,1988,0.578,0.307,0.021,0.081,17.0
1783971271.128,1988,0.704,0.232,0.013,0.081,18.0
1783971271.231,1989,1.077,-1.363,0.166,0.0,12.8
1783971271.231,1989,2.499,-0.563,0.257,0.0,13.8
1783971271.231,1989,8.124,-2.405,1.155,0.0,12.2
1783971271.231,1989,0.576,0.307,0.054,0.081,15.8
1783971271.334,1990,1.074,-1.363,0.182,0.0,12.7
1783971271.334,1990,2.501,-0.563,0.237,0.0,13.6
1783971271.334,1990,8.125,-2.405,1.151,0.0,11.7
1783971271.334,1990,0.693,0.255,-0.065,0.081,24.9
1783971271.436,1991,0.412,0.39,-0.006,0.0,12.2
1783971271.436,1991,1.078,-1.363,0.154,0.0,12.8
1783971271.436,1991,2.499,-0.563,0.256,0.0,14.0
1783971271.436,1991,8.187,-2.138,1.234,0.0,11.8
1783971271.436,1991,0.736,0.27,0.049,0.081,18.5
1783971271.537,1992,0.692,0.255,-0.075,0.0,13.6
1783971271.537,1992,1.077,-1.363,0.165,0.0,13.2
1783971271.537,1992,2.499,-0.563,0.255,0.0,14.0
1783971271.537,1992,8.178,-2.138,1.294,0.0,11.9
1783971271.537,1992,0.566,0.327,0.026,0.081,17.1
1783971271.638,1993,0.617,0.327,-0.006,0.0,15.8
1783971271.638,1993,1.074,-1.363,0.185,0.0,12.5
1783971271.638,1993,2.499,-0.563,0.257,0.0,13.9
1783971271.638,1993,8.178,-2.138,1.294,0.0,12.3
1783971271.739,1994,0.553,0.348,-0.035,0.0,16.9
1783971271.739,1994,0.74,0.245,-0.095,0.0,16.7
1783971271.739,1994,1.082,-1.363,0.129,0.0,12.5
1783971271.739,1994,2.498,-0.563,0.258,0.0,13.9
1783971271.739,1994,8.152,-2.405,0.944,0.0,12.1
1783971271.842,1995,0.604,0.349,0.012,0.0,17.2
1783971271.842,1995,1.074,-1.363,0.185,0.0,13.0
1783971271.842,1995,2.5,-0.563,0.245,0.0,14.0
1783971271.842,1995,8.197,-2.138,1.164,0.0,11.7
1783971271.842,1995,0.737,0.27,-0.015,0.081,22.8
1783971271.947,1996,0.407,0.327,0.041,0.0,14.0
1783971271.947,1996,0.604,0.349,0.022,0.0,15.0
1783971271.947,1996,1.077,-1.363,0.161,0.0,13.3
1783971271.947,1996,2.5,-0.563,0.247,0.0,14.1
1783971271.947,1996,8.023,-2.405,1.722,0.0,12.4
1783971271.947,1996,0.746,0.245,-0.019,0.081,16.2
1783971272.047,1997,0.605,0.349,0.005,0.0,15.2
1783971272.047,1997,1.082,-1.363,0.13,0.0,12.6
1783971272.047,1997,2.499,-0.563,0.257,0.0,14.2
1783971272.047,1997,8.199,-2.138,1.155,0.0,12.3
1783971272.047,1997,0.376,0.36,0.054,0.081,11.5
1783971272.047,1997,0.736,0.245,-0.122,0.081,20.3
1783971272.047,1997,0.465,0.105,0.058,0.487,23.6
1783971272.099,1998,0.59,0.371,-0.044,0.0,14.9
1783971272.099,1998,0.728,0.294,0.021,0.0,11.3
1783971272.099,1998,1.077,-1.363,0.165,0.0,12.3
1783971272.099,1998,2.501,-0.563,0.23,0.0,14.4
1783971272.099,1998,8.217,-2.138,1.016,0.0,11.9
1783971272.099,1998,0.39,0.344,0.063,0.081,15.8
1783971272.201,1999,0.602,0.349,-0.06,0.0,17.6
1783971272.201,1999,1.083,-1.363,0.12,0.0,13.0
1783971272.201,1999,2.502,-0.563,0.221,0.0,13.8
1783971272.201,1999,8.192,-2.138,1.204,0.0,12.3
1783971272.201,1999,0.418,0.225,0.069,0.081,13.1
1783971272.302,2000,0.591,0.371,-0.032,0.0,12.3
1783971272.302,2000,0.737,0.27,0.007,0.0,11.9
1783971272.302,2000,1.077,-1.363,0.16,0.0,12.4
1783971272.302,2000,2.501,-0.563,0.237,0.0,13.8
1783971272.302,2000,8.24,-2.138,0.813,0.0,12.1
1783971272.302,2000,0.395,0.344,0.02,0.081,21.3
1783971272.404,2001,0.628,0.305,0.012,0.0,13.2
1783971272.404,2001,0.781,0.259,0.098,0.0,14.5
1783971272.404,2001,1.08,-1.363,0.14,0.0,12.2
1783971272.404,2001,2.499,-0.563,0.253,0.0,14.5
1783971272.404,2001,8.111,-2.393,0.93,0.0,11.7
1783971272.508,2002,0.746,0.245,-0.004,0.0,19.6
1783971272.508,2002,1.075,-1.363,0.174,0.0,11.9
1783971272.508,2002,2.499,-0.563,0.252,0.0,13.7
1783971272.508,2002,0.403,0.327,0.069,0.081,12.2
1783971272.614,2003,0.726,0.294,-0.05,0.0,18.0
1783971272.614,2003,1.074,-1.363,0.181,0.0,12.8
1783971272.614,2003,2.502,-0.563,0.222,0.0,14.2
1783971272.614,2003,8.22,-2.138,0.996,0.0,12.3
1783971272.614,2003,0.465,0.229,0.074,0.081,15.5
1783971272.717,2004,0.613,0.327,0.066,0.0,11.6
1783971272.717,2004,0.576,0.466,0.259,0.0,12.6
1783971272.717,2004,0.701,0.172,-0.309,0.0,12.6
1783971272.717,2004,1.073,-1.363,0.188,0.0,12.8
1783971272.717,2004,2.5,-0.563,0.243,0.0,14.3
1783971272.717,2004,8.22,-2.138,0.99,0.0,13.0
1783971272.818,2005,0.795,0.233,-0.033,0.0,11.9
1783971272.818,2005,0.517,0.518,0.389,0.0,11.9
1783971272.818,2005,1.082,-1.363,0.127,0.0,12.4
1783971272.818,2005,2.5,-0.563,0.246,0.0,14.5
1783971272.818,2005,8.092,-2.393,1.084,0.0,11.5
1783971272.919,2006,0.787,0.259,0.005,0.0,16.3
1783971272.919,2006,1.074,-1.363,0.18,0.0,11.9
1783971272.919,2006,2.499,-0.563,0.255,0.0,14.6
1783971272.919,2006,8.227,-2.138,0.933,0.0,12.2
1783971273.02,2007,0.787,0.259,-0.002,0.0,17.3
1783971273.02,2007,1.077,-1.363,0.162,0.0,12.3
1783971273.02,2007,2.499,-0.563,0.248,0.0,14.5
1783971273.02,2007,8.225,-2.138,0.946,0.0,11.9
1783971273.123,2008,0.433,0.294,0.009,0.0,12.2
1783971273.123,2008,0.795,0.233,-0.035,0.0,15.9
1783971273.123,2008,1.075,-1.363,0.178,0.0,11.8
1783971273.123,2008,2.5,-0.563,0.243,0.0,14.4
1783971273.123,2008,8.236,-2.138,0.845,0.0,11.8
1783971273.223,2009,0.455,0.245,0.082,0.0,14.2
1783971273.223,2009,0.794,0.233,-0.047,0.0,11.8
1783971273.223,2009,0.604,0.518,-0.233,0.0,11.8
1783971273.223,2009,1.077,-1.363,0.163,0.0,12.0
1783971273.223,2009,2.501,-0.563,0.237,0.0,14.8
1783971273.223,2009,8.242,-2.138,0.79,0.0,12.1
1783971273.326,2010,0.406,0.39,-0.07,0.0,13.1
1783971273.326,2010,0.548,0.124,0.076,0.0,13.1
1783971273.326,2010,1.076,-1.363,0.171,0.0,12.0
1783971273.326,2010,2.499,-0.563,0.25,0.0,14.4
1783971273.326,2010,8.145,-2.405,0.998,0.0,11.5
1783971273.428,2011,0.425,0.372,-0.048,0.0,13.1
1783971273.428,2011,1.074,-1.363,0.18,0.0,12.0
1783971273.428,2011,2.5,-0.563,0.239,0.0,14.3
1783971273.428,2011,8.204,-2.138,1.114,0.0,11.5
1783971273.531,2012,0.407,0.327,-0.041,0.0,13.0
1783971273.531,2012,0.449,0.196,0.183,0.0,13.0
1783971273.531,2012,0.609,0.491,0.074,0.0,11.5
1783971273.531,2012,1.072,-1.363,0.196,0.0,11.8
1783971273.531,2012,2.501,-0.563,0.232,0.0,14.3
1783971273.632,2013,0.612,0.491,0.031,0.0,11.6
1783971273.632,2013,1.075,-1.363,0.174,0.0,11.6
1783971273.632,2013,2.502,-0.563,0.222,0.0,14.4
1783971273.632,2013,8.213,-2.138,1.05,0.0,11.9
1783971273.733,2014,0.659,0.417,0.09,0.0,11.6
1783971273.733,2014,1.082,-1.363,0.13,0.0,11.9
1783971273.733,2014,2.502,-0.563,0.222,0.0,14.8
1783971273.733,2014,5.662,-1.269,-0.033,0.0,11.2
1783971273.835,2015,0.778,0.285,0.013,0.0,15.1
1783971273.835,2015,1.082,-1.363,0.127,0.0,11.7
1783971273.835,2015,2.5,-0.563,0.241,0.0,14.9
1783971273.835,2015,8.214,-2.138,1.041,0.0,12.0
1783971273.938,2016,0.778,0.285,-0.009,0.0,17.1
1783971273.938,2016,1.081,-1.363,0.131,0.0,12.4
1783971273.938,2016,2.5,-0.563,0.241,0.0,14.4
1783971273.938,2016,8.242,-2.138,0.788,0.0,12.7
1783971274.038,2017,0.785,0.259,-0.056,0.0,17.6
1783971274.038,2017,1.079,-1.363,0.149,0.0,11.8
1783971274.038,2017,2.499,-0.563,0.249,0.0,14.2
1783971274.038,2017,8.22,-2.138,0.994,0.0,12.6
1783971274.139,2018,0.796,0.207,-0.102,0.0,13.5
1783971274.139,2018,2.499,-0.563,0.256,0.0,13.8
1783971274.139,2018,8.213,-2.138,1.048,0.0,12.0
1783971274.241,2019,0.37,0.36,-0.085,0.0,11.5
1783971274.241,2019,0.512,0.098,0.043,0.0,11.5
1783971274.241,2019,0.479,0.491,0.383,0.0,14.2
1783971274.241,2019,0.735,0.196,-0.196,0.0,14.2
1783971274.241,2019,1.082,-1.363,0.129,0.0,11.4
1783971274.241,2019,2.5,-0.563,0.246,0.0,14.0
1783971274.241,2019,5.661,-1.269,0.132,0.0,11.3
1783971274.241,2019,8.223,-2.138,0.97,0.0,12.0
1783971274.343,2020,0.362,0.327,-0.19,0.0,12.4
1783971274.343,2020,0.476,0.098,0.195,0.0,12.4
1783971274.343,2020,0.684,0.221,0.317,0.0,12.4
1783971274.343,2020,1.08,-1.363,0.144,0.0,11.2
1783971274.343,2020,2.502,-0.563,0.221,0.0,14.5
1783971274.343,2020,8.235,-2.138,0.86,0.0,11.6
1783971274.447,2021,0.724,0.294,-0.073,0.0,14.6
1783971274.447,2021,1.083,-1.363,0.117,0.0,11.5
1783971274.447,2021,2.501,-0.563,0.229,0.0,14.2
1783971274.447,2021,8.225,-2.138,0.953,0.0,12.3
1783971274.5,2022,0.4,0.327,-0.086,0.0,11.6
1783971274.5,2022,0.744,0.245,-0.057,0.0,17.5
1783971274.5,2022,1.083,-1.363,0.121,0.0,11.5
1783971274.5,2022,2.499,-0.563,0.256,0.0,14.5
1783971274.5,2022,8.218,-2.138,1.006,0.0,12.4
1783971274.601,2023,0.392,0.344,0.05,0.0,11.9
1783971274.601,2023,0.745,0.245,-0.045,0.0,18.9
1783971274.601,2023,1.077,-1.363,0.162,0.0,11.7
1783971274.601,2023,2.5,-0.563,0.238,0.0,14.6
1783971274.601,2023,8.232,-2.138,0.884,0.0,12.4
1783971274.702,2024,0.737,0.27,-0.006,0.0,21.3
1783971274.702,2024,1.082,-1.363,0.129,0.0,11.9
1783971274.702,2024,2.502,-0.563,0.223,0.0,14.6
1783971274.702,2024,8.205,-2.138,1.109,0.0,11.5
1783971274.804,2025,0.393,0.344,-0.039,0.0,12.9
1783971274.804,2025,0.746,0.245,0.011,0.0,20.2
1783971274.804,2025,1.085,-1.363,0.094,0.0,11.6
1783971274.804,2025,2.501,-0.563,0.233,0.0,14.1
1783971274.804,2025,8.159,-2.405,0.88,0.0,11.9
1783971274.907,2026,0.409,0.327,0.008,0.0,13.4
1783971274.907,2026,0.737,0.27,0.035,0.0,19.5
1783971274.907,2026,1.083,-1.363,0.12,0.0,12.3
1783971274.907,2026,2.499,-0.563,0.256,0.0,14.4
1783971274.907,2026,8.227,-2.138,0.933,0.0,12.0
1783971275.007,2027,0.408,0.327,0.015,0.0,14.3
1783971275.007,2027,0.737,0.27,-0.034,0.0,18.4
1783971275.007,2027,1.085,-1.363,0.093,0.0,12.6
1783971275.007,2027,2.502,-0.563,0.217,0.0,13.8
1783971275.007,2027,3.376,-1.8,0.327,0.0,11.3
1783971275.007,2027,8.229,-2.138,0.914,0.0,11.8
1783971275.11,2028,0.394,0.344,0.024,0.0,12.3
1783971275.11,2028,0.746,0.245,-0.015,0.0,20.0
1783971275.11,2028,1.081,-1.363,0.132,0.0,12.0
1783971275.11,2028,2.501,-0.563,0.229,0.0,14.3
1783971275.11,2028,8.202,-2.138,1.129,0.0,12.2
1783971275.213,2029,0.408,0.327,-0.023,0.0,12.5
1783971275.213,2029,0.746,0.245,-0.008,0.0,19.7
1783971275.213,2029,1.079,-1.363,0.153,0.0,12.4
1783971275.213,2029,2.501,-0.563,0.235,0.0,13.8
1783971275.213,2029,8.22,-2.138,0.996,0.0,12.2
1783971275.315,2030,0.744,0.245,-0.048,0.0,20.8
1783971275.315,2030,1.084,-1.363,0.113,0.0,12.3
1783971275.315,2030,2.501,-0.563,0.232,0.0,13.9
1783971275.315,2030,8.23,-2.138,0.906,0.0,12.2
1783971275.416,2031,0.739,0.245,-0.102,0.0,18.0
1783971275.416,2031,1.082,-1.363,0.125,0.0,11.8
1783971275.416,2031,2.5,-0.563,0.248,0.0,14.0
1783971275.416,2031,8.202,-2.138,1.133,0.0,12.6
1783971275.517,2032,0.432,0.294,0.024,0.0,15.1
1783971275.517,2032,0.787,0.259,0.012,0.0,15.2
1783971275.517,2032,1.076,-1.363,0.172,0.0,11.3
1783971275.517,2032,2.5,-0.563,0.243,0.0,14.2
1783971275.517,2032,8.201,-2.138,1.142,0.0,11.3
1783971275.617,2033,0.421,0.311,0.019,0.0,13.0
1783971275.617,2033,0.745,0.245,-0.028,0.0,17.4
1783971275.617,2033,2.499,-0.563,0.253,0.0,14.1
1783971275.617,2033,8.192,-2.138,1.201,0.0,11.8
1783971275.72,2034,0.421,0.311,0.022,0.0,13.2
1783971275.72,2034,0.745,0.245,-0.036,0.0,18.1
1783971275.72,2034,2.501,-0.563,0.231,0.0,13.8
1783971275.72,2034,8.174,-2.138,1.321,0.0,12.1
1783971275.822,2035,0.421,0.311,-0.015,0.0,13.4
1783971275.822,2035,0.746,0.245,-0.007,0.0,17.1
1783971275.822,2035,2.501,-0.563,0.23,0.0,14.0
1783971275.822,2035,8.187,-2.138,1.233,0.0,12.2
1783971275.924,2036,0.746,0.245,-0.007,0.0,20.0
1783971275.924,2036,1.085,-1.363,0.101,0.0,11.2
1783971275.924,2036,2.501,-0.563,0.229,0.0,14.3
1783971275.924,2036,8.127,-2.405,1.134,0.0,12.3
1783971276.024,2037,0.409,0.327,-0.012,0.0,12.3
1783971276.024,2037,0.787,0.259,0.009,0.0,17.6
1783971276.024,2037,1.085,-1.363,0.096,0.0,11.3
1783971276.024,2037,2.502,-0.563,0.225,0.0,14.2
1783971276.024,2037,8.23,-2.138,0.903,0.0,11.7
1783971276.125,2038,0.409,0.327,-0.004,0.0,12.8
1783971276.125,2038,0.737,0.27,-0.018,0.0,18.2
1783971276.125,2038,1.085,-1.363,0.099,0.0,11.4
1783971276.125,2038,2.5,-0.563,0.244,0.0,13.9
1783971276.125,2038,8.16,-2.138,1.402,0.0,11.7
1783971276.227,2039,0.421,0.311,-0.005,0.0,13.4
1783971276.227,2039,0.617,0.327,-0.008,0.0,11.2
1783971276.227,2039,0.778,0.285,-0.023,0.0,18.3
1783971276.227,2039,1.084,-1.363,0.11,0.0,11.4
1783971276.227,2039,2.501,-0.563,0.228,0.0,13.5
1783971276.328,2040,0.421,0.311,-0.009,0.0,13.7
1783971276.328,2040,0.746,0.245,-0.014,0.0,17.5
1783971276.328,2040,1.086,-1.363,0.089,0.0,11.5
1783971276.328,2040,2.505,-0.563,0.182,0.0,13.6
1783971276.328,2040,8.216,-2.138,1.025,0.0,12.0
1783971276.431,2041,0.421,0.311,0.006,0.0,15.1
1783971276.431,2041,0.601,0.349,-0.063,0.0,11.6
1783971276.431,2041,0.753,0.221,-0.026,0.0,17.1
1783971276.431,2041,1.085,-1.363,0.099,0.0,11.5
1783971276.431,2041,2.502,-0.563,0.217,0.0,15.1
1783971276.431,2041,8.206,-2.138,1.102,0.0,12.0
1783971276.532,2042,0.421,0.311,0.01,0.0,15.8
1783971276.532,2042,0.616,0.327,-0.037,0.0,12.2
1783971276.532,2042,1.086,-1.363,0.087,0.0,11.4
1783971276.532,2042,2.505,-0.563,0.182,0.0,14.4
1783971276.532,2042,8.205,-2.138,1.11,0.0,12.0
1783971276.633,2043,0.421,0.311,-0.008,0.0,17.1
1783971276.633,2043,0.616,0.327,0.029,0.0,11.5
1783971276.633,2043,0.787,0.259,0.036,0.0,15.0
1783971276.633,2043,1.088,-1.363,0.06,0.0,11.3
1783971276.633,2043,2.507,-0.563,0.155,0.0,13.8
1783971276.633,2043,8.219,-2.138,0.998,0.0,12.1
1783971276.735,2044,0.421,0.311,0.007,0.0,16.6
1783971276.735,2044,0.752,0.221,-0.054,0.0,14.9
1783971276.735,2044,1.087,-1.363,0.064,0.0,12.2
1783971276.735,2044,2.506,-0.563,0.169,0.0,13.4
1783971276.735,2044,8.229,-2.138,0.915,0.0,12.4
1783971276.836,2045,0.42,0.311,0.036,0.0,16.0
1783971276.836,2045,0.487,0.016,0.192,0.0,16.0
1783971276.836,2045,0.714,0.245,-0.217,0.0,13.4
1783971276.836,2045,1.082,-1.363,0.131,0.0,11.6
1783971276.836,2045,2.503,-0.563,0.209,0.0,13.5
1783971276.836,2045,8.205,-2.138,1.112,0.0,11.9
1783971276.938,2046,0.421,0.311,-0.019,0.0,13.7
1783971276.938,2046,0.73,0.245,-0.154,0.0,14.2
1783971276.938,2046,1.083,-1.363,0.115,0.0,12.0
1783971276.938,2046,2.506,-0.563,0.165,0.0,14.0
1783971276.938,2046,8.203,-2.138,1.122,0.0,12.0
1783971277.039,2047,0.732,0.245,-0.144,0.0,18.1
1783971277.039,2047,1.083,-1.363,0.114,0.0,11.8
1783971277.039,2047,2.505,-0.563,0.189,0.0,13.6
1783971277.039,2047,8.182,-2.138,1.269,0.0,11.6
1783971277.14,2048,0.746,0.245,-0.021,0.0,18.9
1783971277.14,2048,1.076,-1.363,0.169,0.0,12.7
1783971277.14,2048,2.506,-0.563,0.176,0.0,14.2
1783971277.14,2048,8.234,-2.138,0.869,0.0,11.9
1783971277.24,2049,1.078,-1.363,0.154,0.0,12.9
1783971277.24,2049,2.505,-0.563,0.186,0.0,14.2
1783971277.24,2049,8.221,-2.138,0.983,0.0,12.2
1783971277.24,2049,1.121,0.9,-0.076,-0.243,13.2
1783971277.24,2049,0.411,0.21,0.132,-0.162,15.9
1783971277.24,2049,0.473,0.075,-0.032,-0.162,15.9
1783971277.24,2049,0.706,0.344,-0.024,-0.081,14.6
1783971277.342,2050,1.081,-1.363,0.135,0.0,12.8
1783971277.342,2050,2.505,-0.563,0.179,0.0,13.5
1783971277.342,2050,8.221,-2.138,0.983,0.0,12.0
1783971277.342,2050,0.746,0.245,0.006,-0.081,21.1
1783971277.444,2051,1.079,-1.363,0.147,0.0,12.7
1783971277.444,2051,2.506,-0.563,0.168,0.0,13.8
1783971277.444,2051,8.199,-2.138,1.155,0.0,11.9
1783971277.444,2051,0.507,0.131,-0.011,0.081,17.2
1783971277.444,2051,0.408,0.15,0.039,-0.162,17.2
1783971277.444,2051,0.445,0.47,0.093,-0.162,14.3
1783971277.444,2051,0.754,0.221,-0.012,-0.162,18.9
1783971277.546,2052,1.08,-1.363,0.139,0.0,12.8
1783971277.546,2052,2.507,-0.563,0.16,0.0,13.9
1783971277.546,2052,8.215,-2.138,1.036,0.0,12.1
1783971277.546,2052,0.549,-0.124,-0.07,0.162,19.9
1783971277.546,2052,0.404,0.458,-0.02,-0.243,21.8
1783971277.546,2052,0.409,0.15,0.02,-0.162,18.3
1783971277.599,2053,0.383,-0.0,0.087,0.0,15.1
1783971277.599,2053,1.081,-1.363,0.131,0.0,12.7
1783971277.599,2053,2.506,-0.563,0.17,0.0,13.4
1783971277.599,2053,0.391,0.408,0.047,-0.243,26.1
1783971277.599,2053,0.553,0.393,0.164,-0.243,16.6
1783971277.599,2053,0.696,0.232,0.106,-0.162,12.7
1783971277.751,2054,1.079,-1.363,0.147,0.0,12.9
1783971277.751,2054,2.505,-0.563,0.19,0.0,13.8
1783971277.751,2054,6.09,1.403,1.441,0.0,12.1
1783971277.751,2054,8.119,-2.405,1.189,0.0,12.1
1783971277.751,2054,0.546,0.414,0.132,-0.325,24.3
1783971277.751,2054,0.39,0.408,0.058,-0.243,26.6
1783971277.751,2054,0.523,0.368,0.14,-0.243,20.8
1783971277.751,2054,0.38,0.098,0.007,-0.081,21.0
1783971277.853,2055,1.079,-1.363,0.15,0.0,12.9
1783971277.853,2055,2.481,-0.644,0.234,0.0,12.4
1783971277.853,2055,2.451,-1.418,0.152,0.0,11.3
1783971277.853,2055,8.193,-2.138,1.195,0.0,11.9
1783971277.853,2055,0.537,-0.177,0.037,0.081,16.1
1783971277.853,2055,0.516,0.368,0.163,-0.406,26.8
1783971277.853,2055,0.395,0.344,0.007,-0.325,37.0
1783971277.853,2055,0.374,0.218,-0.057,-0.243,15.1
1783971277.853,2055,0.669,0.175,0.095,-0.243,17.0
1783971277.853,2055,0.478,-0.0,0.045,-0.081,14.5
1783971277.903,2056,0.387,-0.025,-0.063,0.0,13.8
1783971277.903,2056,1.08,-1.363,0.141,0.0,13.1
1783971277.903,2056,2.488,-0.644,0.153,0.0,12.0
1783971277.903,2056,8.227,-2.138,0.928,0.0,12.7
1783971277.903,2056,0.497,0.286,0.315,0.081,14.1
1783971277.903,2056,0.373,0.3,0.034,-0.406,25.8
1783971277.903,2056,0.564,0.229,0.052,-0.243,23.8
1783971277.903,2056,0.386,0.061,-0.036,-0.162,11.8
1783971278.005,2057,1.083,-1.363,0.115,0.0,13.3
1783971278.005,2057,2.528,-0.483,0.057,0.0,16.2
1783971278.005,2057,5.699,-1.088,0.088,0.0,13.6
1783971278.005,2057,8.076,-2.393,1.198,0.0,11.3
1783971278.005,2057,0.369,0.232,0.02,-0.325,22.7
1783971278.005,2057,0.531,0.177,-0.089,-0.243,28.1
1783971278.107,2058,1.082,-1.363,0.128,0.0,13.4
1783971278.107,2058,2.506,-0.563,0.163,0.0,13.1
1783971278.107,2058,5.657,-1.269,0.251,0.0,11.7
1783971278.107,2058,8.196,-2.138,1.171,0.0,12.0
1783971278.107,2058,0.639,0.371,0.062,-0.649,20.2
1783971278.107,2058,1.948,0.72,0.272,-0.649,16.8
1783971278.107,2058,0.385,0.205,-0.021,-0.325,20.0
1783971278.107,2058,0.652,-0.0,0.052,-0.243,20.4
1783971278.21,2059,1.072,-1.363,0.192,0.0,13.8
1783971278.21,2059,2.506,-0.563,0.166,0.0,14.6
1783971278.21,2059,5.662,-1.269,0.034,0.0,12.2
1783971278.21,2059,1.957,0.439,0.064,-0.568,14.7
1783971278.21,2059,0.302,0.175,0.021,-0.243,12.7
1783971278.21,2059,0.461,0.12,0.057,-0.243,15.4
1783971278.21,2059,0.994,-1.62,-0.271,-0.243,13.7
1783971278.21,2059,0.607,-0.057,0.041,-0.162,17.9
1783971278.21,2059,1.821,-2.284,0.115,-0.162,12.8
1783971278.312,2060,1.075,-1.363,0.178,0.0,13.4
1783971278.312,2060,8.224,-2.138,0.956,0.0,12.9
1783971278.312,2060,1.979,0.188,0.278,-0.406,15.1
1783971278.312,2060,0.326,0.109,0.06,-0.162,20.1
1783971278.312,2060,0.605,-0.076,0.029,-0.162,11.6
1783971278.414,2061,1.085,-1.363,0.092,0.0,12.4
1783971278.414,2061,1.79,-1.603,0.442,0.0,11.7
1783971278.414,2061,2.427,-0.804,0.293,0.0,14.3
1783971278.414,2061,8.224,-2.138,0.963,0.0,16.3
1783971278.414,2061,1.901,0.188,0.614,-0.325,15.1
1783971278.414,2061,5.812,-1.706,0.306,-0.243,18.8
1783971278.414,2061,0.32,0.131,0.048,-0.081,17.4
1783971278.414,2061,0.203,0.251,-0.134,-0.081,17.4
1783971278.414,2061,0.591,-0.095,0.121,-0.081,12.4
1783971278.414,2061,0.442,0.42,-0.032,-0.081,12.4
1783971278.515,2062,0.238,0.191,0.015,0.0,19.9
1783971278.515,2062,1.911,-0.18,-0.001,-0.325,15.0
1783971278.515,2062,1.357,0.218,-0.245,-0.243,12.6
1783971278.515,2062,1.942,-0.123,0.258,-0.243,11.3
1783971278.515,2062,0.335,0.098,0.011,-0.081,19.5
1783971278.515,2062,0.588,-0.153,0.059,-0.081,13.9
1783971278.618,2063,1.073,-1.363,0.186,0.0,11.4
1783971278.618,2063,3.307,-1.92,0.346,0.0,11.9
1783971278.618,2063,0.308,0.076,-0.145,-0.162,16.2
1783971278.618,2063,0.269,0.134,0.057,-0.081,16.7
1783971278.721,2064,1.081,-1.363,0.134,0.0,13.3
1783971278.721,2064,1.809,-1.603,0.352,0.0,11.9
1783971278.721,2064,3.32,-1.92,0.187,0.0,11.9
1783971278.721,2064,0.3,0.057,0.011,-0.081,23.0
1783971278.721,2064,0.517,-0.23,-0.031,-0.081,12.1
1783971278.824,2065,0.258,0.162,-0.023,0.0,19.6
1783971278.824,2065,0.275,0.067,0.115,0.0,19.6
1783971278.824,2065,1.145,-1.342,0.297,0.0,12.1
1783971278.824,2065,0.464,0.09,0.081,-0.162,15.5
1783971278.924,2066,2.36,-1.62,0.31,0.0,14.5
1783971278.924,2066,0.262,0.153,0.037,0.081,24.8
1783971278.924,2066,0.87,0.648,0.116,0.162,12.3
1783971278.924,2066,1.211,-1.702,-0.152,0.162,15.0
1783971278.924,2066,1.623,-0.207,0.268,-0.325,12.0
1783971278.924,2066,0.424,-0.082,0.063,-0.162,16.3
1783971279.027,2067,1.085,-1.363,0.094,0.0,12.3
1783971279.027,2067,1.806,-1.603,0.368,0.0,11.6
1783971279.027,2067,0.263,0.134,0.08,0.081,17.2
1783971279.027,2067,0.276,-0.442,0.052,0.325,21.3
1783971279.129,2068,0.284,0.105,0.042,0.0,21.5
1783971279.129,2068,1.06,-1.363,0.251,0.0,11.7
1783971279.23,2069,0.325,-0.515,0.045,0.325,28.7
1783971279.23,2069,0.298,0.067,0.017,-0.081,17.7
1783971279.336,2070,0.301,0.038,0.037,0.0,21.3
1783971279.336,2070,0.351,-0.552,0.005,0.325,32.4
1783971279.437,2071,1.876,1.527,0.343,0.0,15.3
1783971279.437,2071,0.28,0.076,0.096,0.081,21.2
1783971279.437,2071,0.294,-0.029,-0.076,0.081,21.2
1783971279.437,2071,1.452,-1.006,-0.281,-0.325,16.2
1783971279.538,2072,0.303,0.038,0.014,0.0,21.3
1783971279.538,2072,1.935,1.451,0.348,0.0,17.6
1783971279.538,2072,4.596,2.99,1.27,0.0,13.2
1783971279.538,2072,1.348,-1.091,0.194,-0.487,27.3
1783971279.538,2072,1.595,-1.192,0.251,-0.487,14.1
1783971279.538,2072,1.359,-1.01,0.169,-0.243,17.3
1783971279.639,2073,1.879,1.527,0.327,0.0,17.8
1783971279.639,2073,4.626,2.99,1.158,0.0,13.4
1783971279.639,2073,0.371,-0.123,0.038,0.243,20.3
1783971279.74,2074,1.962,1.451,0.126,0.0,20.6
1783971279.74,2074,4.472,3.166,1.286,0.0,11.6
1783971279.842,2075,2.019,1.374,0.069,0.0,16.2
1783971279.892,2076,1.965,1.451,0.043,0.0,12.4
1783971279.892,2076,2.673,0.709,0.627,0.0,12.9
1783971279.892,2076,6.22,1.403,0.685,0.0,13.7
1783971280.044,2077,6.209,1.403,0.781,0.0,13.5
1783971280.144,2078,6.148,1.203,1.372,0.0,13.9
1783971280.144,2078,0.279,-0.115,0.046,0.081,12.4
1783971280.144,2078,1.827,-0.36,-0.466,0.162,12.3
1783971280.196,2079,2.004,0.063,-0.088,0.0,12.4
1783971280.196,2079,2.127,0.2,-0.068,0.0,11.9
1783971280.196,2079,6.299,1.203,0.069,0.0,12.4
1783971280.196,2079,0.373,-0.285,0.099,0.162,12.9
1783971280.298,2080,2.006,-0.063,0.037,0.0,12.6
1783971280.298,2080,2.133,0.134,0.036,0.0,12.0
1783971280.298,2080,6.194,1.603,0.446,0.0,13.5
1783971280.298,2080,7.989,-1.036,1.955,0.0,13.6
1783971280.452,2081,1.994,-0.0,0.225,0.0,12.5
1783971280.452,2081,2.565,-0.409,0.328,0.0,15.7
1783971280.452,2081,6.01,1.393,1.585,0.0,11.6
1783971280.452,2081,8.09,-1.031,1.218,0.0,15.3
1783971280.503,2082,2.002,-0.063,0.122,0.0,14.7
1783971280.503,2082,2.538,-0.402,0.154,0.0,17.1
1783971280.503,2082,5.661,-1.269,-0.088,0.0,12.2
1783971280.503,2082,5.972,1.603,1.7,0.0,11.6
1783971280.503,2082,8.081,-0.777,1.674,0.0,11.5
1783971280.603,2083,1.987,-0.125,0.249,0.0,14.7
1783971280.603,2083,2.121,0.267,0.041,0.0,11.5
1783971280.603,2083,2.502,-0.483,0.366,0.0,12.0
1783971280.603,2083,5.695,-1.088,0.235,0.0,12.1
1783971280.705,2084,2.006,-0.063,-0.008,0.0,13.2
1783971280.705,2084,2.511,-0.563,0.056,0.0,15.0
1783971280.705,2084,4.475,-0.859,0.474,0.0,11.7
1783971280.705,2084,5.611,-0.907,1.167,0.0,11.4
1783971280.705,2084,6.075,1.403,1.504,0.0,11.3
1783971280.807,2085,2.007,-0.0,-0.033,0.0,13.0
1783971280.807,2085,2.121,0.267,0.013,0.0,11.3
1783971280.807,2085,2.484,-0.402,0.542,0.0,11.3
1783971280.807,2085,5.69,-1.088,0.331,0.0,11.6
1783971280.807,2085,5.999,1.603,1.603,0.0,11.4
1783971280.908,2086,1.999,-0.125,0.126,0.0,14.8
1783971280.908,2086,2.541,-0.402,0.076,0.0,15.8
1783971280.908,2086,5.647,-1.269,0.411,0.0,13.4
1783971280.908,2086,6.024,1.603,1.506,0.0,11.8
1783971280.908,2086,8.14,-1.031,0.822,0.0,12.3
1783971280.908,2086,0.272,-0.27,0.085,0.081,13.3
1783971280.908,2086,0.266,-0.143,0.045,0.162,15.3
1783971281.009,2087,1.998,-0.125,0.14,0.0,13.9
1783971281.009,2087,2.525,-0.483,0.132,0.0,16.4
1783971281.009,2087,6.121,1.403,1.305,0.0,12.0
1783971281.009,2087,8.151,-0.777,1.293,0.0,13.7
1783971281.009,2087,0.288,-0.258,0.071,0.081,17.0
1783971281.111,2088,1.986,-0.32,0.395,0.0,13.6
1783971281.111,2088,2.533,-0.402,0.223,0.0,15.8
1783971281.111,2088,6.181,1.403,0.976,0.0,11.2
1783971281.111,2088,8.123,-1.036,1.289,0.0,11.7
1783971281.212,2089,0.307,-0.245,0.0,0.0,13.1
1783971281.212,2089,2.001,-0.063,0.143,0.0,13.4
1783971281.212,2089,2.534,-0.402,0.209,0.0,15.5
1783971281.212,2089,8.149,-0.773,0.997,0.0,12.5
1783971281.314,2090,0.306,-0.245,-0.017,0.0,13.8
1783971281.314,2090,2.006,-0.063,0.032,0.0,13.6
1783971281.314,2090,2.532,-0.402,0.225,0.0,14.7
1783971281.314,2090,5.986,1.603,1.651,0.0,12.1
1783971281.314,2090,8.156,-0.777,1.262,0.0,12.1
1783971281.419,2091,2.003,-0.125,0.04,0.0,13.7
1783971281.419,2091,2.532,-0.402,0.232,0.0,15.4
1783971281.419,2091,8.1,-0.777,1.579,0.0,11.8
1783971281.419,2091,0.642,-0.442,0.098,0.162,13.9
1783971281.52,2092,2.003,-0.125,-0.036,0.0,13.5
1783971281.52,2092,2.534,-0.402,0.213,0.0,15.4
1783971281.52,2092,6.09,1.603,1.214,0.0,11.5
1783971281.52,2092,8.152,-0.777,1.284,0.0,13.3
1783971281.52,2092,0.119,-0.196,-0.126,-0.162,16.6
1783971281.622,2093,2.001,-0.125,-0.098,0.0,13.7
1783971281.622,2093,2.534,-0.402,0.206,0.0,13.8
1783971281.622,2093,5.691,-1.088,0.319,0.0,11.8
1783971281.622,2093,5.979,1.603,1.677,0.0,12.2
1783971281.622,2093,8.112,-1.036,1.353,0.0,12.4
1783971281.723,2094,2.0,-0.063,-0.156,0.0,12.6
1783971281.723,2094,2.541,-0.402,0.092,0.0,15.6
1783971281.723,2094,5.692,-1.088,0.289,0.0,11.6
1783971281.723,2094,6.096,1.603,1.184,0.0,11.9
1783971281.723,2094,8.165,-0.777,1.204,0.0,11.3
1783971281.826,2095,2.006,-0.0,-0.067,0.0,13.3
1783971281.826,2095,2.528,-0.483,0.059,0.0,16.8
1783971281.826,2095,5.694,-1.088,0.256,0.0,12.6
1783971281.826,2095,6.187,1.403,0.942,0.0,11.3
1783971281.826,2095,8.123,-1.036,1.286,0.0,11.4
1783971281.928,2096,2.0,-0.125,0.108,0.0,13.5
1783971281.928,2096,2.528,-0.483,0.034,0.0,16.7
1783971281.928,2096,5.647,-1.269,0.415,0.0,12.2
1783971281.928,2096,6.209,1.403,0.786,0.0,11.4
1783971281.928,2096,8.109,-0.777,1.537,0.0,11.7
1783971282.029,2097,1.997,-0.125,0.155,0.0,13.1
1783971282.029,2097,2.528,-0.483,-0.035,0.0,15.5
1783971282.029,2097,5.634,-1.269,0.563,0.0,11.3
1783971282.029,2097,6.085,1.603,1.237,0.0,11.6
1783971282.13,2098,1.991,-0.063,-0.241,0.0,13.0
1783971282.13,2098,2.554,-0.322,-0.034,0.0,14.7
1783971282.13,2098,2.669,-0.423,-0.131,0.0,12.4
1783971282.13,2098,5.657,-1.269,0.23,0.0,11.9
1783971282.13,2098,6.023,1.603,1.511,0.0,11.8
1783971282.232,2099,2.003,-0.125,0.022,0.0,12.9
1783971282.232,2099,2.538,-0.402,0.148,0.0,15.3
1783971282.232,2099,6.067,1.603,1.326,0.0,11.5
1783971282.333,2100,1.991,-0.188,0.173,0.0,13.8
1783971282.333,2100,2.519,-0.483,0.214,0.0,15.4
1783971282.434,2101,1.996,-0.188,0.097,0.0,12.8
1783971282.434,2101,2.509,-0.563,0.122,0.0,16.4
1783971282.434,2101,6.169,1.603,0.712,0.0,11.7
1783971282.536,2102,2.006,-0.063,-0.005,0.0,12.2
1783971282.536,2102,2.528,-0.483,0.033,0.0,15.8
1783971282.639,2103,2.003,-0.125,0.022,0.0,13.5
1783971282.639,2103,2.096,0.267,0.324,0.0,11.6
1783971282.639,2103,2.542,-0.402,0.009,0.0,15.4
1783971282.742,2104,0.512,-0.213,0.121,0.0,12.1
1783971282.742,2104,1.976,-0.0,-0.35,0.0,13.0
1783971282.742,2104,2.539,-0.402,0.136,0.0,15.5
1783971282.742,2104,2.652,-0.507,0.157,0.0,11.2
1783971282.742,2104,5.595,-1.451,0.507,0.0,11.5
1783971282.845,2105,2.005,-0.0,-0.091,0.0,12.9
1783971282.845,2105,2.094,0.2,0.383,0.0,11.9
1783971282.845,2105,2.523,-0.483,0.171,0.0,15.9
1783971282.845,2105,6.115,1.603,1.078,0.0,11.7
1783971282.845,2105,8.06,-0.777,1.773,0.0,11.3
1783971282.898,2106,1.992,-0.063,-0.232,0.0,12.8
1783971282.898,2106,2.489,-0.644,-0.131,0.0,14.7
1783971282.898,2106,5.609,-1.269,0.771,0.0,11.6
1783971282.998,2107,0.546,-0.248,0.116,0.0,17.0
1783971282.998,2107,2.001,-0.125,0.09,0.0,12.8
1783971282.998,2107,2.046,-0.0,0.446,0.0,11.3
1783971282.998,2107,2.504,-0.483,0.352,0.0,17.7
1783971282.998,2107,5.602,-1.451,0.426,0.0,11.4
1783971282.998,2107,8.134,-0.773,1.113,0.0,11.6
1783971283.153,2108,0.551,-0.248,0.091,0.0,20.6
1783971283.153,2108,1.992,-0.063,-0.239,0.0,12.6
1783971283.153,2108,2.128,0.2,-0.009,0.0,11.3
1783971283.153,2108,2.501,-0.402,0.455,0.0,15.1
1783971283.153,2108,5.579,-1.451,0.665,0.0,12.6
1783971283.153,2108,6.081,1.603,1.256,0.0,12.0
1783971283.208,2109,0.563,-0.229,0.061,0.0,19.7
1783971283.208,2109,0.667,-0.324,-0.001,0.0,12.0
1783971283.208,2109,1.998,-0.188,-0.022,0.0,13.9
1783971283.208,2109,2.102,0.2,0.336,0.0,11.4
1783971283.208,2109,1.927,-0.468,-0.8,0.0,11.4
1783971283.208,2109,2.497,-0.483,0.4,0.0,17.2
1783971283.208,2109,2.647,-0.507,0.226,0.0,13.1
1783971283.208,2109,5.554,-1.451,0.845,0.0,12.5
1783971283.208,2109,8.123,-1.036,1.287,0.0,11.8
1783971283.309,2110,0.559,-0.229,0.09,0.0,19.7
1783971283.309,2110,2.003,-0.125,-0.039,0.0,14.6
1783971283.309,2110,2.502,-0.563,-0.22,0.0,17.2
1783971283.309,2110,5.64,-1.269,0.5,0.0,11.7
1783971283.309,2110,6.044,1.603,1.425,0.0,12.2
1783971283.309,2110,8.005,-1.036,1.888,0.0,11.4
1783971283.41,2111,0.548,-0.248,0.106,0.0,20.0
1783971283.41,2111,1.98,-0.251,0.211,0.0,14.4
1783971283.41,2111,2.482,-0.322,0.602,0.0,15.3
1783971283.41,2111,5.625,-1.269,0.651,0.0,12.4
1783971283.41,2111,6.077,1.603,1.278,0.0,11.3
1783971283.511,2112,0.549,-0.248,0.1,0.0,18.7
1783971283.511,2112,1.589,-0.961,-0.87,0.0,14.9
1783971283.511,2112,1.996,-0.32,0.343,0.0,14.9
1783971283.511,2112,2.405,-0.322,0.858,0.0,15.5
1783971283.511,2112,5.646,-1.269,0.427,0.0,12.8
1783971283.611,2113,0.554,-0.248,0.069,0.0,18.1
1783971283.611,2113,2.003,-0.125,0.022,0.0,14.2
1783971283.611,2113,2.481,-0.644,0.233,0.0,18.0
1783971283.611,2113,5.644,-1.269,0.453,0.0,12.5
1783971283.611,2113,5.128,-1.155,0.49,0.162,15.7
1783971283.712,2114,0.559,-0.229,0.089,0.0,17.6
1783971283.712,2114,0.674,-0.301,0.073,0.0,11.7
1783971283.712,2114,1.996,-0.188,0.086,0.0,15.5
1783971283.712,2114,2.512,-0.563,0.016,0.0,18.0
1783971283.712,2114,5.18,-0.825,0.594,0.0,11.4
1783971283.712,2114,5.644,-1.269,0.451,0.0,11.5
1783971283.712,2114,6.092,1.403,1.43,0.0,11.6
1783971283.712,2114,8.01,-1.036,1.866,0.0,12.7
1783971283.712,2114,5.127,-1.155,0.494,0.162,24.2
1783971283.813,2115,0.549,-0.229,0.138,0.0,17.7
1783971283.813,2115,2.037,-0.192,-0.138,0.0,14.3
1783971283.813,2115,1.501,-0.961,-1.013,0.0,14.3
1783971283.813,2115,2.497,-0.483,0.395,0.0,16.4
1783971283.813,2115,2.654,-0.423,0.304,0.0,11.9
1783971283.813,2115,5.607,-1.451,0.349,0.0,12.0
1783971283.813,2115,6.042,1.603,1.432,0.0,12.0
1783971283.813,2115,7.945,-0.777,2.233,0.0,11.9
1783971283.915,2116,0.553,-0.248,0.076,0.0,18.4
1783971283.915,2116,1.996,-0.188,0.091,0.0,14.5
1783971283.915,2116,2.527,-0.483,0.085,0.0,16.6
1783971283.915,2116,2.663,-0.423,-0.212,0.0,12.9
1783971283.915,2116,5.653,-1.269,0.313,0.0,11.5
1783971283.915,2116,8.15,-1.036,1.104,0.0,12.3
1783971284.016,2117,0.551,-0.248,0.091,0.0,19.8
1783971284.016,2117,1.989,-0.188,0.187,0.0,14.2
1783971284.016,2117,2.508,-0.563,0.145,0.0,16.2
1783971284.118,2118,0.564,-0.229,0.055,0.0,19.0
1783971284.118,2118,1.598,-0.961,-0.854,0.0,15.2
1783971284.118,2118,1.983,-0.32,0.413,0.0,15.2
1783971284.118,2118,2.507,-0.563,0.152,0.0,17.2
1783971284.118,2118,2.657,-0.507,-0.016,0.0,12.9
1783971284.118,2118,8.105,-1.036,1.396,0.0,12.0
1783971284.22,2119,0.553,-0.248,0.074,0.0,19.0
1783971284.22,2119,1.998,-0.125,0.147,0.0,14.6
1783971284.22,2119,2.519,-0.483,0.223,0.0,16.3
1783971284.22,2119,2.655,-0.507,-0.103,0.0,11.6
1783971284.22,2119,6.073,1.403,1.512,0.0,11.5
1783971284.322,2120,0.55,-0.248,0.093,0.0,19.1
1783971284.322,2120,1.989,-0.188,0.193,0.0,14.7
1783971284.322,2120,2.507,-0.563,0.157,0.0,16.3
1783971284.322,2120,2.652,-0.507,-0.163,0.0,12.0
1783971284.322,2120,5.647,-1.269,0.413,0.0,12.7
1783971284.322,2120,8.168,-0.773,0.82,0.0,11.4
1783971284.424,2121,0.553,-0.229,0.121,0.0,18.3
1783971284.424,2121,2.0,-0.125,0.102,0.0,14.2
1783971284.424,2121,2.523,-0.483,0.159,0.0,17.0
1783971284.424,2121,5.654,-1.269,0.302,0.0,11.5
1783971284.424,2121,6.111,1.403,1.347,0.0,11.9
1783971284.525,2122,0.529,-0.229,0.202,0.0,16.1
1783971284.525,2122,1.994,-0.188,0.129,0.0,14.9
1783971284.525,2122,2.521,-0.483,0.187,0.0,16.0
1783971284.525,2122,2.64,-0.507,-0.297,0.0,11.4
1783971284.525,2122,6.206,1.393,-0.347,0.0,11.9
1783971284.628,2123,0.544,-0.21,0.182,0.0,15.4
1783971284.628,2123,0.592,-0.305,0.208,0.0,12.0
1783971284.628,2123,1.99,-0.188,0.18,0.0,14.6
1783971284.628,2123,2.524,-0.483,0.147,0.0,16.2
1783971284.628,2123,2.647,-0.507,-0.235,0.0,13.6
1783971284.628,2123,6.067,1.403,1.534,0.0,12.0
1783971284.731,2124,0.569,-0.191,0.112,0.0,17.8
1783971284.731,2124,0.579,-0.327,0.212,0.0,12.1
1783971284.731,2124,1.977,-0.188,0.287,0.0,14.4
1783971284.731,2124,2.509,-0.563,0.125,0.0,16.4
1783971284.731,2124,5.654,-1.269,0.299,0.0,11.9
1783971284.731,2124,8.121,-1.031,0.994,0.0,11.6
1783971284.832,2125,0.573,-0.21,0.01,0.0,16.7
1783971284.832,2125,1.962,-0.188,0.379,0.0,14.9
1783971284.832,2125,2.507,-0.563,0.162,0.0,16.7
1783971284.832,2125,2.638,-0.507,-0.313,0.0,12.8
1783971284.934,2126,0.556,-0.248,0.053,0.0,20.6
1783971284.934,2126,1.989,-0.188,0.195,0.0,15.0
1783971284.934,2126,2.524,-0.483,0.154,0.0,17.0
1783971284.934,2126,5.618,-1.451,0.046,0.0,11.6
1783971285.036,2127,0.554,-0.248,0.068,0.0,20.6
1783971285.036,2127,1.998,-0.188,0.01,0.0,16.0
1783971285.036,2127,2.499,-0.563,0.249,0.0,16.0
1783971285.036,2127,5.641,-1.269,0.488,0.0,11.6
1783971285.036,2127,6.064,1.603,1.338,0.0,11.3
1783971285.138,2128,0.557,-0.229,0.104,0.0,18.4
1783971285.138,2128,1.98,-0.125,0.304,0.0,15.1
1783971285.138,2128,2.519,-0.483,0.215,0.0,15.6
1783971285.138,2128,2.667,-0.423,-0.158,0.0,12.8
1783971285.138,2128,5.7,-1.088,0.01,0.0,11.5
1783971285.241,2129,0.564,-0.229,0.053,0.0,20.8
1783971285.241,2129,1.979,-0.188,0.278,0.0,14.5
1783971285.241,2129,2.502,-0.563,0.219,0.0,17.1
1783971285.241,2129,5.629,-1.269,0.609,0.0,11.5
1783971285.241,2129,6.248,1.203,0.809,0.0,11.8
1783971285.241,2129,8.078,-1.295,1.334,0.0,11.9
1783971285.292,2130,0.56,-0.229,0.083,0.0,18.8
1783971285.292,2130,1.995,-0.256,0.399,0.0,15.3
1783971285.292,2130,2.512,-0.563,0.023,0.0,16.1
1783971285.292,2130,6.161,1.592,0.288,0.0,12.0
1783971285.292,2130,8.12,-1.031,0.999,0.0,12.0
1783971285.466,2131,0.554,-0.248,0.068,0.0,20.1
1783971285.466,2131,2.02,-0.256,0.246,0.0,15.8
1783971285.466,2131,2.5,-0.563,0.247,0.0,15.8
1783971285.466,2131,6.207,1.403,0.802,0.0,11.6
1783971285.466,2131,8.138,-0.773,1.078,0.0,11.9
1783971285.517,2132,0.566,-0.229,-0.008,0.0,13.4
1783971285.517,2132,1.996,-0.188,0.081,0.0,14.8
1783971285.517,2132,2.51,-0.563,0.08,0.0,15.7
1783971285.517,2132,8.116,-1.031,1.029,0.0,11.2
1783971285.618,2133,2.03,-0.128,0.26,0.0,13.5
1783971285.618,2133,2.49,-0.644,0.1,0.0,16.5
1783971285.618,2133,5.662,-1.269,-0.019,0.0,11.4
1783971285.618,2133,6.152,1.603,0.846,0.0,11.3
1783971285.618,2133,0.876,-0.84,-0.141,-0.162,16.3
1783971285.72,2134,1.995,-0.063,0.213,0.0,14.0
1783971285.72,2134,2.512,-0.563,0.028,0.0,15.4
1783971285.72,2134,6.182,1.603,0.588,0.0,12.5
1783971285.72,2134,4.479,-1.012,0.547,-0.081,13.1
1783971285.82,2135,1.998,-0.125,0.147,0.0,14.1
1783971285.82,2135,2.528,-0.402,0.272,0.0,14.1
1783971285.82,2135,5.696,-1.088,0.211,0.0,11.5
1783971285.82,2135,6.165,1.592,-0.158,0.0,11.9
1783971285.82,2135,8.154,-0.773,0.953,0.0,11.6
1783971285.82,2135,0.153,-0.213,0.004,0.162,19.2
1783971285.921,2136,2.002,-0.063,0.133,0.0,12.0
1783971285.921,2136,2.542,-0.402,0.067,0.0,16.3
1783971285.921,2136,5.658,-1.269,0.226,0.0,12.4
1783971285.921,2136,8.165,-0.773,0.856,0.0,13.0
1783971286.023,2137,2.026,-0.256,0.188,0.0,12.0
1783971286.023,2137,2.542,-0.402,0.052,0.0,15.9
1783971286.023,2137,5.654,-1.269,0.309,0.0,12.4
1783971286.023,2137,8.12,-1.031,0.998,0.0,12.8
1783971286.124,2138,2.006,-0.063,0.028,0.0,12.2
1783971286.124,2138,2.541,-0.402,0.081,0.0,15.8
1783971286.124,2138,5.656,-1.269,0.268,0.0,13.1
1783971286.124,2138,8.136,-1.031,0.854,0.0,12.4
1783971286.225,2139,2.005,-0.063,0.076,0.0,12.1
1783971286.225,2139,2.542,-0.402,0.066,0.0,15.4
1783971286.225,2139,5.656,-1.269,0.266,0.0,12.8
1783971286.225,2139,6.222,1.403,0.675,0.0,12.3
1783971286.225,2139,8.191,-0.773,0.547,0.0,13.1
1783971286.328,2140,1.999,-0.063,0.167,0.0,12.9
1783971286.328,2140,2.538,-0.402,0.15,0.0,15.1
1783971286.328,2140,4.399,-0.843,0.367,0.0,12.0
1783971286.328,2140,5.694,-1.088,0.245,0.0,12.4
1783971286.328,2140,6.153,1.592,0.417,0.0,11.3
1783971286.328,2140,8.177,-0.773,0.727,0.0,12.6
1783971286.429,2141,1.997,-0.125,0.157,0.0,14.3
1783971286.429,2141,2.524,-0.402,0.309,0.0,14.6
1783971286.429,2141,4.38,-0.983,0.213,0.0,11.3
1783971286.429,2141,5.691,-1.088,0.309,0.0,12.2
1783971286.429,2141,8.129,-1.031,0.926,0.0,11.5
1783971286.53,2142,2.006,-0.063,0.012,0.0,12.8
1783971286.53,2142,2.521,-0.402,0.333,0.0,14.8
1783971286.53,2142,5.691,-1.088,0.321,0.0,12.6
1783971286.53,2142,8.141,-1.031,0.807,0.0,11.9
1783971286.631,2143,1.992,-0.063,0.239,0.0,14.0
1783971286.631,2143,2.518,-0.402,0.355,0.0,15.0
1783971286.631,2143,6.151,1.603,0.854,0.0,12.3
1783971286.631,2143,8.155,-0.773,0.948,0.0,11.3
1783971286.732,2144,2.005,-0.063,0.051,0.0,13.8
1783971286.732,2144,2.114,0.267,-0.167,0.0,11.5
1783971286.732,2144,2.523,-0.483,0.159,0.0,15.6
1783971286.732,2144,6.111,1.603,1.103,0.0,12.3
1783971286.732,2144,8.157,-0.773,0.928,0.0,12.0
1783971286.833,2145,2.012,-0.192,0.344,0.0,13.8
1783971286.833,2145,2.504,-0.483,0.349,0.0,14.8
1783971286.833,2145,6.213,1.393,0.174,0.0,11.6
1783971286.833,2145,8.163,-1.031,0.546,0.0,11.9
1783971286.934,2146,0.569,-0.21,0.072,0.0,12.0
1783971286.934,2146,2.034,-0.256,-0.008,0.0,15.1
1783971286.934,2146,2.501,-0.563,0.235,0.0,16.7
1783971286.934,2146,5.63,-1.269,0.603,0.0,11.6
1783971286.934,2146,6.146,1.592,-0.514,0.0,11.3
1783971286.934,2146,8.169,-0.773,0.817,0.0,11.9
1783971287.035,2147,0.559,-0.229,0.092,0.0,15.5
1783971287.035,2147,2.034,-0.192,0.17,0.0,14.7
1783971287.035,2147,2.51,-0.563,0.105,0.0,15.5
1783971287.035,2147,6.215,1.393,0.025,0.0,11.3
1783971287.035,2147,8.163,-0.773,0.875,0.0,12.3
1783971287.035,2147,1.588,-1.104,0.336,0.243,16.1
1783971287.136,2148,0.566,-0.21,0.095,0.0,17.6
1783971287.136,2148,2.003,-0.125,-0.015,0.0,15.1
1783971287.136,2148,2.119,0.267,0.082,0.0,11.4
1783971287.136,2148,2.071,-0.401,-0.347,0.0,11.4
1783971287.136,2148,2.528,-0.483,-0.01,0.0,16.0
1783971287.136,2148,4.384,-0.983,0.11,0.0,12.4
1783971287.136,2148,5.635,-1.269,0.55,0.0,11.9
1783971287.136,2148,6.215,1.393,-0.065,0.0,11.3
1783971287.136,2148,8.153,-0.773,0.958,0.0,11.4
1783971287.237,2149,0.561,-0.229,0.079,0.0,17.7
1783971287.237,2149,2.001,-0.063,0.145,0.0,14.3
1783971287.237,2149,2.508,-0.563,0.129,0.0,16.6
1783971287.237,2149,4.371,-0.983,0.353,0.0,12.6
1783971287.237,2149,5.673,-1.088,0.546,0.0,12.1
1783971287.237,2149,8.17,-0.773,0.807,0.0,12.1
1783971287.338,2150,0.566,-0.21,0.091,0.0,13.7
1783971287.338,2150,2.003,-0.125,-0.009,0.0,16.1
1783971287.338,2150,2.524,-0.483,0.143,0.0,16.8
1783971287.338,2150,4.328,-1.123,0.449,0.0,12.8
1783971287.338,2150,5.664,-1.088,0.635,0.0,11.6
1783971287.338,2150,8.141,-1.031,0.809,0.0,12.3
1783971287.438,2151,0.553,-0.229,0.123,0.0,14.3
1783971287.438,2151,2.003,-0.125,0.001,0.0,14.7
1783971287.438,2151,2.507,-0.563,0.152,0.0,17.0
1783971287.438,2151,4.339,-1.123,0.326,0.0,14.0
1783971287.438,2151,5.648,-1.088,0.764,0.0,11.6
1783971287.438,2151,6.16,1.592,0.313,0.0,11.7
1783971287.539,2152,0.554,-0.229,0.115,0.0,16.3
1783971287.539,2152,2.003,-0.125,0.03,0.0,15.3
1783971287.539,2152,2.509,-0.563,0.119,0.0,17.3
1783971287.539,2152,4.341,-1.123,0.289,0.0,12.9
1783971287.539,2152,5.665,-1.088,0.632,0.0,11.8
1783971287.539,2152,8.197,-0.773,0.451,0.0,11.9
1783971287.641,2153,0.556,-0.229,0.108,0.0,16.7
1783971287.641,2153,2.002,-0.125,0.063,0.0,14.6
1783971287.641,2153,2.507,-0.563,0.155,0.0,16.9
1783971287.641,2153,5.685,-1.088,0.407,0.0,11.9
1783971287.641,2153,6.152,1.592,0.438,0.0,11.2
1783971287.641,2153,8.185,-0.773,0.629,0.0,11.3
1783971287.692,2154,0.557,-0.229,0.101,0.0,17.1
1783971287.692,2154,2.002,-0.125,0.052,0.0,14.6
1783971287.692,2154,2.506,-0.563,0.173,0.0,16.9
1783971287.692,2154,5.654,-1.269,0.309,0.0,12.1
1783971287.692,2154,8.202,-0.773,0.34,0.0,11.8
1783971287.848,2155,0.557,-0.229,0.103,0.0,17.3
1783971287.848,2155,2.001,-0.125,0.095,0.0,14.8
1783971287.848,2155,2.507,-0.563,0.158,0.0,17.3
1783971287.848,2155,4.384,-0.983,-0.096,0.0,12.0
1783971287.848,2155,5.683,-1.088,0.438,0.0,11.6
1783971287.848,2155,6.074,1.603,1.293,0.0,11.9
1783971287.95,2156,0.557,-0.229,0.103,0.0,17.1
1783971287.95,2156,2.0,-0.125,0.103,0.0,15.0
1783971287.95,2156,2.506,-0.563,0.164,0.0,16.8
1783971287.95,2156,4.385,-0.983,-0.021,0.0,12.6
1783971287.95,2156,6.042,1.603,1.432,0.0,11.2
1783971288.0,2157,0.556,-0.229,0.109,0.0,16.0
1783971288.0,2157,2.005,-0.063,-0.071,0.0,15.2
1783971288.0,2157,2.507,-0.563,0.152,0.0,17.4
1783971288.0,2157,4.385,-0.983,0.008,0.0,13.0
1783971288.0,2157,5.636,-1.269,0.539,0.0,11.9
1783971288.1,2158,0.561,-0.21,0.119,0.0,14.5
1783971288.1,2158,2.002,-0.125,-0.067,0.0,15.2
1783971288.1,2158,2.121,0.267,-0.008,0.0,11.7
1783971288.1,2158,2.508,-0.563,0.138,0.0,16.9
1783971288.1,2158,5.678,-1.088,0.497,0.0,12.2
1783971288.1,2158,8.154,-1.036,1.071,0.0,12.1
1783971288.202,2159,0.558,-0.229,0.098,0.0,19.5
1783971288.202,2159,2.002,-0.125,-0.046,0.0,14.8
1783971288.202,2159,2.524,-0.483,0.154,0.0,16.2
1783971288.202,2159,5.668,-1.088,0.603,0.0,12.0
1783971288.202,2159,8.145,-0.773,1.03,0.0,12.0
1783971288.353,2160,0.558,-0.229,0.094,0.0,17.6
1783971288.353,2160,1.993,-0.125,0.197,0.0,14.5
1783971288.353,2160,2.105,0.334,-0.164,0.0,11.2
1783971288.353,2160,2.098,-0.401,0.084,0.0,11.2
1783971288.353,2160,2.516,-0.483,0.252,0.0,15.7
1783971288.353,2160,5.661,-1.088,0.663,0.0,11.8
1783971288.403,2161,2.028,-0.256,0.157,0.0,15.6
1783971288.403,2161,2.081,0.334,-0.36,0.0,11.5
1783971288.403,2161,2.469,-0.724,-0.06,0.0,17.3
1783971288.403,2161,5.644,-1.269,0.448,0.0,11.9
1783971288.403,2161,8.16,-1.031,0.587,0.0,11.5
1783971288.504,2162,2.005,-0.063,0.061,0.0,13.4
1783971288.504,2162,2.528,-0.402,0.275,0.0,16.1
1783971288.504,2162,8.082,-1.031,1.272,0.0,12.9
1783971288.605,2163,2.001,-0.125,0.082,0.0,14.7
1783971288.605,2163,2.514,-0.402,0.38,0.0,14.4
1783971288.605,2163,5.667,-1.088,0.609,0.0,12.4
1783971288.605,2163,6.214,1.393,0.146,0.0,11.2
1783971288.605,2163,8.184,-0.773,0.649,0.0,13.3
1783971288.705,2164,2.002,-0.125,0.054,0.0,12.4
1783971288.705,2164,2.538,-0.402,0.145,0.0,15.0
1783971288.705,2164,5.627,-1.269,0.628,0.0,11.6
1783971288.705,2164,8.126,-1.031,0.95,0.0,12.8
1783971288.806,2165,1.995,-0.188,0.117,0.0,14.1
1783971288.806,2165,2.538,-0.402,0.144,0.0,15.5
1783971288.806,2165,5.645,-1.269,0.438,0.0,12.3
1783971288.806,2165,8.14,-0.773,1.067,0.0,13.0
1783971288.907,2166,2.001,-0.125,0.089,0.0,14.6
1783971288.907,2166,2.54,-0.402,0.109,0.0,16.5
1783971288.907,2166,5.65,-1.269,0.363,0.0,12.0
1783971288.907,2166,8.112,-1.031,1.064,0.0,12.8
1783971289.008,2167,0.306,-0.245,0.024,0.0,15.2
1783971289.008,2167,1.993,-0.188,0.137,0.0,14.2
1783971289.008,2167,2.54,-0.402,0.121,0.0,16.3
1783971289.008,2167,5.656,-1.269,0.256,0.0,12.0
1783971289.008,2167,8.16,-0.773,0.903,0.0,12.3
1783971289.11,2168,0.307,-0.245,0.002,0.0,15.3
1783971289.11,2168,2.001,-0.125,0.078,0.0,13.9
1783971289.11,2168,2.54,-0.402,0.11,0.0,16.4
1783971289.11,2168,5.644,-1.269,0.454,0.0,12.4
1783971289.11,2168,8.153,-0.773,0.96,0.0,12.5
1783971289.212,2169,0.306,-0.245,0.025,0.0,14.6
1783971289.212,2169,2.0,-0.125,-0.111,0.0,14.8
1783971289.212,2169,2.539,-0.402,0.128,0.0,16.7
1783971289.212,2169,5.644,-1.269,0.455,0.0,12.1
1783971289.212,2169,6.161,1.592,-0.294,0.0,12.5
1783971289.212,2169,8.133,-1.031,0.887,0.0,12.1
1783971289.313,2170,0.338,-0.273,0.044,0.0,15.4
1783971289.313,2170,1.999,-0.125,0.121,0.0,13.5
1783971289.313,2170,2.527,-0.483,0.086,0.0,16.8
1783971289.313,2170,5.645,-1.269,0.435,0.0,11.9
1783971289.313,2170,8.154,-0.773,0.95,0.0,12.5
1783971289.416,2171,0.296,-0.258,0.02,0.0,14.8
1783971289.416,2171,1.998,-0.125,0.135,0.0,13.4
1783971289.416,2171,2.54,-0.402,0.118,0.0,16.5
1783971289.416,2171,5.687,-1.088,0.383,0.0,12.6
1783971289.416,2171,6.186,1.393,0.608,0.0,12.2
1783971289.416,2171,8.123,-0.773,1.191,0.0,12.0
1783971289.517,2172,0.316,-0.3,-0.021,0.0,15.5
1783971289.517,2172,2.005,-0.063,-0.065,0.0,12.8
1783971289.517,2172,2.538,-0.402,0.147,0.0,16.9
1783971289.517,2172,5.699,-1.088,0.095,0.0,12.5
1783971289.517,2172,8.118,-0.773,1.221,0.0,11.7
1783971289.618,2173,0.316,-0.3,-0.027,0.0,12.2
1783971289.618,2173,2.005,-0.063,0.075,0.0,13.3
1783971289.618,2173,2.538,-0.402,0.158,0.0,16.9
1783971289.618,2173,5.699,-1.088,0.074,0.0,12.3
1783971289.618,2173,6.166,1.592,0.151,0.0,11.3
1783971289.618,2173,8.108,-1.031,1.095,0.0,12.6
1783971289.72,2174,0.306,-0.245,0.017,0.0,14.6
1783971289.72,2174,2.002,-0.063,0.122,0.0,13.0
1783971289.72,2174,2.537,-0.402,0.161,0.0,16.4
1783971289.72,2174,5.698,-1.088,0.13,0.0,12.4
1783971289.72,2174,8.181,-0.773,0.679,0.0,12.4
1783971289.822,2175,0.307,-0.245,-0.002,0.0,11.7
1783971289.822,2175,2.007,-0.0,0.03,0.0,13.1
1783971289.822,2175,2.537,-0.402,0.163,0.0,16.1
1783971289.822,2175,5.7,-1.088,0.043,0.0,13.1
1783971289.822,2175,6.137,1.603,0.951,0.0,11.2
1783971289.822,2175,8.1,-1.031,1.147,0.0,12.5
1783971289.924,2176,2.005,-0.063,0.073,0.0,13.4
1783971289.924,2176,2.537,-0.402,0.163,0.0,15.7
1783971289.924,2176,5.662,-1.269,0.026,0.0,12.7
1783971289.924,2176,8.152,-0.773,0.968,0.0,12.1
1783971289.924,2176,8.084,-1.288,0.992,0.0,12.1
1783971290.024,2177,2.005,-0.063,0.07,0.0,13.5
1783971290.024,2177,2.536,-0.402,0.181,0.0,15.4
1783971290.024,2177,5.698,-1.088,0.137,0.0,12.5
1783971290.024,2177,8.155,-0.773,0.941,0.0,12.8
1783971290.126,2178,1.994,-0.063,0.219,0.0,13.7
1783971290.126,2178,2.537,-0.402,0.172,0.0,15.5
1783971290.126,2178,5.659,-1.269,0.196,0.0,12.7
1783971290.126,2178,8.115,-0.773,1.24,0.0,12.1
1783971290.227,2179,2.004,-0.063,0.095,0.0,13.2
1783971290.227,2179,2.538,-0.402,0.147,0.0,15.4
1783971290.227,2179,5.7,-1.088,-0.024,0.0,12.1
1783971290.227,2179,8.121,-1.031,0.99,0.0,12.1
1783971290.33,2180,2.004,-0.0,-0.104,0.0,13.1
1783971290.33,2180,2.002,-0.125,-0.073,0.0,13.1
1783971290.33,2180,2.54,-0.402,0.119,0.0,15.9
1783971290.33,2180,5.699,-1.088,0.103,0.0,11.5
1783971290.33,2180,8.132,-0.773,1.127,0.0,12.6
1783971290.431,2181,0.328,-0.286,0.031,0.0,12.9
1783971290.431,2181,1.996,-0.188,0.095,0.0,12.9
1783971290.431,2181,2.004,-0.063,0.084,0.0,12.9
1783971290.431,2181,2.537,-0.402,0.172,0.0,15.6
1783971290.431,2181,5.66,-1.269,0.14,0.0,11.7
1783971290.431,2181,8.146,-0.773,1.018,0.0,11.7
1783971290.532,2182,0.322,-0.221,-0.041,0.0,11.3
1783971290.532,2182,1.991,-0.188,0.17,0.0,13.5
1783971290.532,2182,2.539,-0.402,0.137,0.0,16.0
1783971290.532,2182,5.662,-1.269,0.065,0.0,12.4
1783971290.532,2182,6.176,1.393,0.696,0.0,11.5
1783971290.532,2182,8.115,-0.773,1.24,0.0,12.9
1783971290.634,2183,1.972,-0.188,0.323,0.0,13.5
1783971290.634,2183,2.541,-0.402,0.093,0.0,15.8
1783971290.634,2183,5.661,-1.269,0.095,0.0,11.8
1783971290.634,2183,8.175,-0.773,0.747,0.0,12.0
1783971290.736,2184,2.001,-0.063,0.144,0.0,13.1
1783971290.736,2184,2.54,-0.402,0.105,0.0,16.2
1783971290.736,2184,5.658,-1.269,0.227,0.0,12.1
1783971290.736,2184,8.144,-1.031,0.775,0.0,12.3
1783971290.84,2185,2.006,-0.063,0.037,0.0,13.1
1783971290.84,2185,2.541,-0.402,0.083,0.0,15.8
1783971290.84,2185,5.698,-1.088,0.125,0.0,12.5
1783971290.84,2185,8.075,-1.031,1.317,0.0,11.8
1783971290.941,2186,1.979,-0.125,0.308,0.0,13.7
1783971290.941,2186,2.541,-0.402,0.089,0.0,15.8
1783971290.941,2186,5.66,-1.269,0.15,0.0,12.4
1783971290.941,2186,6.161,1.393,0.825,0.0,11.9
1783971290.941,2186,8.137,-0.773,1.09,0.0,13.0
1783971290.992,2187,1.957,-0.188,0.401,0.0,13.9
1783971290.992,2187,2.541,-0.402,0.091,0.0,16.1
1783971290.992,2187,5.661,-1.269,0.12,0.0,12.2
1783971290.992,2187,6.167,1.403,1.066,0.0,11.9
1783971290.992,2187,8.129,-0.773,1.149,0.0,12.6
1783971291.143,2188,1.968,-0.125,0.373,0.0,13.8
1783971291.143,2188,2.541,-0.402,0.084,0.0,16.0
1783971291.143,2188,5.659,-1.269,0.177,0.0,12.0
1783971291.143,2188,6.212,1.393,0.216,0.0,11.3
1783971291.143,2188,8.114,-0.773,1.247,0.0,12.4
1783971291.245,2189,0.296,-0.258,-0.005,0.0,12.0
1783971291.245,2189,1.953,-0.188,0.421,0.0,14.0
1783971291.245,2189,1.98,-0.063,0.319,0.0,14.0
1783971291.245,2189,2.541,-0.402,0.088,0.0,16.0
1783971291.245,2189,5.699,-1.088,0.103,0.0,13.2
1783971291.245,2189,8.137,-1.031,0.845,0.0,12.4
1783971291.35,2190,0.307,-0.245,-0.002,0.0,12.3
1783971291.35,2190,1.949,-0.188,0.439,0.0,13.9
1783971291.35,2190,1.977,-0.063,0.342,0.0,13.9
1783971291.35,2190,2.541,-0.402,0.086,0.0,16.2
1783971291.35,2190,5.698,-1.088,0.141,0.0,12.1
1783971291.35,2190,6.182,1.403,0.975,0.0,11.4
1783971291.35,2190,8.111,-1.031,1.071,0.0,13.1
1783971291.403,2191,0.306,-0.245,0.006,0.0,12.9
1783971291.403,2191,1.949,-0.188,0.44,0.0,13.7
1783971291.403,2191,2.541,-0.402,0.095,0.0,16.2
1783971291.403,2191,5.699,-1.088,0.078,0.0,12.1
1783971291.403,2191,8.15,-0.773,0.984,0.0,12.4
1783971291.507,2192,0.316,-0.233,0.014,0.0,13.8
1783971291.507,2192,1.959,-0.188,0.395,0.0,13.9
1783971291.507,2192,2.541,-0.402,0.097,0.0,16.6
1783971291.507,2192,5.699,-1.088,0.097,0.0,11.7
1783971291.507,2192,8.108,-1.031,1.091,0.0,12.7
1783971291.609,2193,1.966,-0.188,0.359,0.0,13.9
1783971291.609,2193,2.54,-0.402,0.101,0.0,16.6
1783971291.609,2193,5.699,-1.088,0.086,0.0,12.3
1783971291.609,2193,6.054,1.603,1.381,0.0,12.0
1783971291.609,2193,8.117,-1.031,1.023,0.0,12.7
1783971291.712,2194,0.305,-0.245,0.03,0.0,16.0
1783971291.712,2194,1.975,-0.188,0.3,0.0,13.8
1783971291.712,2194,1.988,-0.063,0.266,0.0,13.8
1783971291.712,2194,2.541,-0.402,0.091,0.0,16.6
1783971291.712,2194,5.659,-1.269,0.175,0.0,11.9
1783971291.712,2194,8.13,-0.773,1.139,0.0,11.8
1783971291.814,2195,0.314,-0.233,0.035,0.0,16.6
1783971291.814,2195,1.977,-0.188,0.287,0.0,13.8
1783971291.814,2195,2.541,-0.402,0.087,0.0,16.7
1783971291.814,2195,5.657,-1.269,0.248,0.0,12.3
1783971291.814,2195,8.158,-0.773,0.92,0.0,12.6
1783971291.918,2196,0.313,-0.233,0.042,0.0,15.8
1783971291.918,2196,1.993,-0.125,0.203,0.0,13.7
1783971291.918,2196,2.541,-0.402,0.092,0.0,16.4
1783971291.918,2196,5.697,-1.088,0.169,0.0,12.9
1783971291.918,2196,8.135,-1.031,0.868,0.0,12.2
1783971292.018,2197,0.304,-0.245,0.04,0.0,15.2
1783971292.018,2197,1.991,-0.125,0.218,0.0,13.7
1783971292.018,2197,2.541,-0.402,0.093,0.0,16.4
1783971292.018,2197,5.698,-1.088,0.125,0.0,12.2
1783971292.018,2197,8.122,-1.031,0.981,0.0,11.7
1783971292.118,2198,0.305,-0.245,0.028,0.0,16.4
1783971292.118,2198,1.975,-0.188,0.302,0.0,13.8
1783971292.118,2198,1.987,-0.063,0.278,0.0,13.8
1783971292.118,2198,2.541,-0.402,0.099,0.0,16.8
1783971292.118,2198,5.66,-1.269,0.142,0.0,12.0
1783971292.118,2198,8.121,-1.031,0.99,0.0,12.1
1783971292.22,2199,0.305,-0.245,0.025,0.0,15.4
1783971292.22,2199,1.97,-0.188,0.333,0.0,14.0
1783971292.22,2199,1.984,-0.063,0.299,0.0,14.0
1783971292.22,2199,2.54,-0.402,0.112,0.0,16.9
1783971292.22,2199,5.698,-1.088,0.149,0.0,12.1
1783971292.22,2199,8.122,-1.031,0.981,0.0,12.7
1783971292.322,2200,0.339,-0.273,0.029,0.0,16.0
1783971292.322,2200,1.959,-0.188,0.395,0.0,13.7
1783971292.322,2200,2.54,-0.402,0.112,0.0,16.8
1783971292.322,2200,5.698,-1.088,0.132,0.0,11.8
1783971292.322,2200,8.134,-0.773,1.107,0.0,12.3
1783971292.423,2201,0.328,-0.286,0.027,0.0,15.6
1783971292.423,2201,1.955,-0.188,0.414,0.0,13.5
1783971292.423,2201,2.54,-0.402,0.118,0.0,16.8
1783971292.423,2201,5.699,-1.088,0.072,0.0,11.8
1783971292.423,2201,8.081,-1.031,1.276,0.0,12.7
1783971292.525,2202,0.328,-0.286,0.027,0.0,15.9
1783971292.525,2202,1.918,-0.32,0.651,0.0,13.9
1783971292.525,2202,2.54,-0.402,0.122,0.0,16.7
1783971292.525,2202,5.699,-1.088,0.093,0.0,12.1
1783971292.525,2202,8.122,-1.031,0.983,0.0,12.1
1783971292.628,2203,0.328,-0.286,0.025,0.0,15.1
1783971292.628,2203,1.946,-0.188,0.455,0.0,13.8
1783971292.628,2203,2.54,-0.402,0.114,0.0,16.6
1783971292.628,2203,5.699,-1.088,0.093,0.0,12.1
1783971292.628,2203,8.121,-0.773,1.202,0.0,12.7
1783971292.732,2204,0.316,-0.3,0.029,0.0,14.6
1783971292.732,2204,1.941,-0.188,0.472,0.0,13.5
1783971292.732,2204,2.539,-0.402,0.124,0.0,16.7
1783971292.732,2204,5.658,-1.269,0.205,0.0,12.7
1783971292.732,2204,8.139,-1.031,0.833,0.0,12.2
1783971292.836,2205,0.329,-0.286,0.02,0.0,13.0
1783971292.836,2205,1.947,-0.188,0.448,0.0,13.5
1783971292.836,2205,2.54,-0.402,0.122,0.0,16.7
1783971292.836,2205,5.699,-1.088,0.084,0.0,12.4
1783971292.836,2205,8.116,-0.773,1.234,0.0,11.7
1783971292.938,2206,0.329,-0.286,0.019,0.0,12.6
1783971292.938,2206,1.984,-0.063,0.294,0.0,13.6
1783971292.938,2206,1.959,-0.188,0.393,0.0,13.6
1783971292.938,2206,2.54,-0.402,0.119,0.0,16.7
1783971292.938,2206,5.7,-1.088,0.016,0.0,12.2
1783971292.938,2206,8.115,-1.031,1.041,0.0,11.7
1783971293.044,2207,0.329,-0.286,0.018,0.0,12.6
1783971293.044,2207,1.988,-0.063,0.27,0.0,13.5
1783971293.044,2207,2.54,-0.402,0.113,0.0,16.7
1783971293.044,2207,5.699,-1.088,0.107,0.0,12.0
1783971293.044,2207,8.112,-1.031,1.058,0.0,12.0
1783971293.146,2208,0.329,-0.286,0.018,0.0,12.2
1783971293.146,2208,1.991,-0.063,0.244,0.0,13.5
1783971293.146,2208,2.54,-0.402,0.107,0.0,16.7
1783971293.146,2208,5.698,-1.088,0.122,0.0,12.1
1783971293.146,2208,8.087,-0.773,1.414,0.0,11.8
1783971293.197,2209,1.994,-0.063,0.215,0.0,13.7
1783971293.197,2209,2.54,-0.402,0.106,0.0,16.6
1783971293.197,2209,5.698,-1.088,0.124,0.0,11.9
1783971293.197,2209,8.137,-1.031,0.845,0.0,13.0
1783971293.349,2210,1.996,-0.063,0.197,0.0,13.7
1783971293.349,2210,2.54,-0.402,0.103,0.0,16.7
1783971293.349,2210,5.698,-1.088,0.156,0.0,11.7
1783971293.349,2210,8.118,-0.773,1.22,0.0,12.8
1783971293.452,2211,2.0,-0.063,0.158,0.0,13.5
1783971293.452,2211,2.54,-0.402,0.1,0.0,16.7
1783971293.452,2211,5.699,-1.088,0.068,0.0,11.5
1783971293.452,2211,8.041,-0.777,1.858,0.0,12.4
1783971293.511,2212,1.999,-0.063,0.164,0.0,13.3
1783971293.511,2212,2.54,-0.402,0.1,0.0,16.6
1783971293.511,2212,5.699,-1.088,0.084,0.0,12.0
1783971293.616,2213,1.998,-0.063,0.176,0.0,13.3
1783971293.616,2213,2.54,-0.402,0.104,0.0,16.9
1783971293.616,2213,5.699,-1.088,0.114,0.0,12.1
1783971293.616,2213,8.101,-1.031,1.142,0.0,11.6
1783971293.718,2214,2.0,-0.063,0.148,0.0,13.4
1783971293.718,2214,2.54,-0.402,0.108,0.0,16.7
1783971293.718,2214,5.699,-1.088,0.11,0.0,11.8
1783971293.718,2214,8.082,-1.031,1.27,0.0,12.4
1783971293.821,2215,2.0,-0.063,0.154,0.0,13.4
1783971293.821,2215,2.54,-0.402,0.106,0.0,16.4
1783971293.821,2215,5.697,-1.088,0.166,0.0,11.6
1783971293.821,2215,8.094,-1.031,1.189,0.0,12.2
1783971293.924,2216,1.998,-0.125,0.135,0.0,13.4
1783971293.924,2216,2.54,-0.402,0.105,0.0,16.7
1783971293.924,2216,5.697,-1.088,0.184,0.0,11.9
1783971293.924,2216,8.123,-1.031,0.977,0.0,12.8
1783971294.025,2217,2.0,-0.125,0.103,0.0,13.3
1783971294.025,2217,2.541,-0.402,0.098,0.0,16.4
1783971294.025,2217,5.699,-1.088,0.103,0.0,11.8
1783971294.025,2217,8.155,-0.773,0.942,0.0,11.8
1783971294.128,2218,2.0,-0.125,0.115,0.0,13.7
1783971294.128,2218,2.541,-0.402,0.099,0.0,16.6
1783971294.128,2218,5.699,-1.088,0.094,0.0,11.4
1783971294.128,2218,8.116,-0.773,1.234,0.0,12.4
1783971294.232,2219,2.004,-0.063,0.085,0.0,13.5
1783971294.232,2219,2.54,-0.402,0.101,0.0,16.6
1783971294.232,2219,5.659,-1.269,0.181,0.0,11.6
1783971294.232,2219,8.053,-0.777,1.805,0.0,12.5
1783971294.232,2219,7.998,-1.295,1.752,0.0,12.5
1783971294.336,2220,2.002,-0.125,0.072,0.0,13.8
1783971294.336,2220,2.54,-0.402,0.111,0.0,16.4
1783971294.336,2220,5.698,-1.088,0.144,0.0,11.9
1783971294.336,2220,8.152,-0.773,0.972,0.0,12.0
1783971294.437,2221,2.002,-0.125,0.068,0.0,13.5
1783971294.437,2221,2.54,-0.402,0.104,0.0,16.6
1783971294.437,2221,5.7,-1.088,0.044,0.0,12.3
1783971294.437,2221,8.09,-0.773,1.394,0.0,12.5
1783971294.539,2222,2.005,-0.063,0.048,0.0,13.5
1783971294.539,2222,2.541,-0.402,0.088,0.0,16.5
1783971294.539,2222,5.7,-1.088,0.032,0.0,12.1
1783971294.539,2222,8.134,-0.773,1.112,0.0,12.9
1783971294.642,2223,2.005,-0.063,0.072,0.0,13.7
1783971294.642,2223,2.541,-0.402,0.086,0.0,16.8
1783971294.642,2223,5.661,-1.269,0.131,0.0,12.0
1783971294.642,2223,8.084,-0.773,1.431,0.0,11.8
1783971294.76,2224,2.005,-0.063,0.065,0.0,13.7
1783971294.76,2224,2.541,-0.402,0.093,0.0,16.3
1783971294.76,2224,5.698,-1.088,0.139,0.0,11.7
1783971294.76,2224,8.123,-0.773,1.191,0.0,11.7
1783971294.812,2225,0.326,-0.286,0.045,0.0,11.8
1783971294.812,2225,2.002,-0.125,0.055,0.0,13.8
1783971294.812,2225,2.541,-0.402,0.084,0.0,16.6
1783971294.812,2225,5.699,-1.088,0.105,0.0,12.3
1783971294.812,2225,8.116,-0.773,1.237,0.0,11.7
1783971294.916,2226,0.327,-0.286,0.037,0.0,13.9
1783971294.916,2226,2.003,-0.125,0.039,0.0,13.9
1783971294.916,2226,2.541,-0.402,0.08,0.0,16.9
1783971294.916,2226,5.697,-1.088,0.177,0.0,12.2
1783971294.916,2226,8.151,-0.773,0.98,0.0,11.9
1783971295.022,2227,0.306,-0.245,0.015,0.0,13.9
1783971295.022,2227,2.005,-0.063,0.075,0.0,14.0
1783971295.022,2227,2.541,-0.402,0.085,0.0,17.0
1783971295.022,2227,5.698,-1.088,0.134,0.0,11.8
1783971295.022,2227,6.209,1.403,0.781,0.0,11.7
1783971295.022,2227,8.132,-0.773,1.123,0.0,12.3
1783971295.122,2228,0.306,-0.245,0.011,0.0,14.7
1783971295.122,2228,1.999,-0.125,0.126,0.0,14.1
1783971295.122,2228,2.541,-0.402,0.077,0.0,17.0
1783971295.122,2228,5.662,-1.269,0.072,0.0,12.1
1783971295.122,2228,8.113,-1.031,1.052,0.0,13.2
1783971295.223,2229,0.329,-0.286,-0.003,0.0,14.4
1783971295.223,2229,2.001,-0.125,0.088,0.0,13.9
1783971295.223,2229,2.542,-0.402,0.063,0.0,16.6
1783971295.223,2229,5.698,-1.088,0.121,0.0,12.1
1783971295.223,2229,6.168,1.592,-0.004,0.0,11.3
1783971295.223,2229,8.095,-1.031,1.186,0.0,12.4
1783971295.324,2230,2.002,-0.063,0.124,0.0,14.0
1783971295.324,2230,2.542,-0.402,0.054,0.0,16.0
1783971295.324,2230,5.662,-1.269,0.078,0.0,12.5
1783971295.324,2230,8.161,-0.773,0.89,0.0,12.3
1783971295.43,2231,1.994,-0.125,0.192,0.0,13.9
1783971295.43,2231,2.541,-0.402,0.071,0.0,16.1
1783971295.43,2231,5.7,-1.088,0.005,0.0,12.7
1783971295.43,2231,6.072,1.603,1.302,0.0,11.2
1783971295.43,2231,8.114,-1.031,1.043,0.0,11.9
1783971295.531,2232,1.993,-0.125,0.205,0.0,13.7
1783971295.531,2232,2.542,-0.402,0.064,0.0,16.8
1783971295.531,2232,5.699,-1.088,0.097,0.0,12.5
1783971295.531,2232,6.136,1.603,0.954,0.0,11.5
1783971295.531,2232,8.162,-0.773,0.885,0.0,12.2
1783971295.633,2233,1.99,-0.125,0.232,0.0,14.1
1783971295.633,2233,2.541,-0.402,0.071,0.0,16.4
1783971295.633,2233,5.698,-1.088,0.133,0.0,12.4
1783971295.633,2233,8.109,-1.031,1.084,0.0,12.0
1783971295.737,2234,1.991,-0.125,0.215,0.0,13.5
1783971295.737,2234,2.542,-0.402,0.063,0.0,16.4
1783971295.737,2234,5.699,-1.088,0.086,0.0,12.7
1783971295.737,2234,8.141,-1.031,0.813,0.0,11.2
1783971295.841,2235,1.993,-0.125,0.204,0.0,13.4
1783971295.841,2235,2.541,-0.402,0.076,0.0,16.2
1783971295.841,2235,5.661,-1.269,0.119,0.0,12.6
1783971295.841,2235,8.082,-1.031,1.271,0.0,11.7
1783971295.943,2236,1.999,-0.063,0.163,0.0,13.1
1783971295.943,2236,2.541,-0.402,0.074,0.0,16.1
1783971295.943,2236,5.66,-1.269,0.165,0.0,12.8
1783971295.943,2236,8.152,-0.773,0.967,0.0,12.4
1783971296.044,2237,1.999,-0.063,0.164,0.0,13.2
1783971296.044,2237,2.541,-0.402,0.071,0.0,16.2
1783971296.044,2237,5.659,-1.269,0.173,0.0,13.0
1783971296.044,2237,8.139,-0.773,1.07,0.0,11.8
1783971296.146,2238,2.001,-0.063,0.146,0.0,13.3
1783971296.146,2238,2.541,-0.402,0.076,0.0,16.4
1783971296.146,2238,5.66,-1.269,0.157,0.0,12.8
1783971296.146,2238,8.097,-1.031,1.171,0.0,12.4
1783971296.199,2239,2.0,-0.063,0.15,0.0,13.5
1783971296.199,2239,2.541,-0.402,0.073,0.0,16.4
1783971296.199,2239,5.657,-1.269,0.236,0.0,12.7
1783971296.351,2240,1.997,-0.125,0.158,0.0,13.6
1783971296.351,2240,2.541,-0.402,0.074,0.0,16.7
1783971296.351,2240,5.699,-1.088,0.109,0.0,12.5
1783971296.351,2240,8.121,-1.031,0.988,0.0,12.2
1783971296.453,2241,1.998,-0.125,0.146,0.0,13.6
1783971296.453,2241,2.541,-0.402,0.072,0.0,16.5
1783971296.453,2241,5.698,-1.088,0.151,0.0,12.4
1783971296.453,2241,8.079,-1.031,1.286,0.0,12.4
1783971296.505,2242,2.0,-0.125,0.117,0.0,13.5
1783971296.505,2242,2.541,-0.402,0.074,0.0,16.7
1783971296.505,2242,5.697,-1.088,0.167,0.0,12.3
1783971296.505,2242,8.098,-1.031,1.161,0.0,12.1
1783971296.609,2243,2.002,-0.125,0.077,0.0,13.4
1783971296.609,2243,2.541,-0.402,0.081,0.0,16.5
1783971296.609,2243,5.696,-1.088,0.201,0.0,12.0
1783971296.609,2243,8.125,-1.031,0.957,0.0,12.2
1783971296.609,2243,0.533,-0.371,0.256,-0.162,25.9
1783971296.715,2244,0.314,-0.3,-0.044,0.0,11.7
1783971296.715,2244,2.001,-0.125,0.086,0.0,13.7
1783971296.715,2244,2.541,-0.402,0.08,0.0,16.5
1783971296.715,2244,5.651,-1.269,0.353,0.0,12.0
1783971296.715,2244,6.163,1.603,0.761,0.0,11.3
1783971296.715,2244,8.154,-0.773,0.956,0.0,12.3
1783971296.826,2245,1.99,-0.125,0.225,0.0,13.2
1783971296.826,2245,2.541,-0.402,0.098,0.0,16.1
1783971296.826,2245,5.659,-1.269,0.179,0.0,12.7
1783971296.826,2245,8.119,-1.031,1.005,0.0,11.7
1783971296.93,2246,1.983,-0.125,0.281,0.0,13.1
1783971296.93,2246,2.54,-0.402,0.107,0.0,16.3
1783971296.93,2246,5.7,-1.088,0.008,0.0,12.2
1783971296.93,2246,8.113,-1.031,1.055,0.0,11.9
1783971297.032,2247,1.995,-0.125,0.177,0.0,12.5
1783971297.032,2247,2.54,-0.402,0.119,0.0,16.5
1783971297.032,2247,5.661,-1.269,0.124,0.0,12.2
1783971297.032,2247,8.137,-0.773,1.091,0.0,11.7
1783971297.137,2248,1.991,-0.125,0.216,0.0,12.6
1783971297.137,2248,2.539,-0.402,0.126,0.0,16.5
1783971297.137,2248,5.659,-1.269,0.174,0.0,12.4
1783971297.137,2248,8.115,-0.773,1.245,0.0,12.4
1783971297.24,2249,2.001,-0.125,0.092,0.0,13.3
1783971297.24,2249,2.539,-0.402,0.128,0.0,16.8
1783971297.24,2249,5.7,-1.088,0.002,0.0,12.3
1783971297.24,2249,8.099,-1.031,1.157,0.0,11.8
1783971297.24,2249,0.471,-0.327,0.315,0.162,17.3
1783971297.343,2250,2.003,-0.125,0.023,0.0,13.4
1783971297.343,2250,2.539,-0.402,0.137,0.0,16.3
1783971297.343,2250,5.7,-1.088,0.048,0.0,12.5
1783971297.343,2250,8.113,-1.031,1.051,0.0,12.1
1783971297.443,2251,1.998,-0.125,0.138,0.0,13.9
1783971297.443,2251,2.539,-0.402,0.123,0.0,16.2
1783971297.443,2251,5.699,-1.088,0.059,0.0,12.1
1783971297.443,2251,8.137,-1.031,0.853,0.0,12.6
1783971297.544,2252,1.989,-0.125,0.238,0.0,13.9
1783971297.544,2252,2.541,-0.402,0.099,0.0,16.2
1783971297.544,2252,5.661,-1.269,-0.11,0.0,11.9
1783971297.544,2252,8.136,-0.773,1.099,0.0,12.5
1783971297.644,2253,1.97,-0.125,0.362,0.0,13.6
1783971297.644,2253,2.541,-0.402,0.085,0.0,16.0
1783971297.644,2253,5.662,-1.269,-0.072,0.0,11.9
1783971297.644,2253,8.068,-1.031,1.356,0.0,11.7
1783971297.746,2254,1.976,-0.125,0.33,0.0,13.2
1783971297.746,2254,2.54,-0.402,0.12,0.0,16.5
1783971297.746,2254,5.661,-1.269,0.129,0.0,11.9
1783971297.746,2254,8.108,-1.031,1.091,0.0,11.9
1783971297.848,2255,1.983,-0.063,0.305,0.0,13.2
1783971297.848,2255,2.539,-0.402,0.135,0.0,16.0
1783971297.848,2255,5.662,-1.269,0.058,0.0,11.8
1783971297.848,2255,8.127,-0.773,1.164,0.0,13.3
1783971297.95,2256,1.98,-0.063,0.321,0.0,13.2
1783971297.95,2256,2.539,-0.402,0.127,0.0,15.9
1783971297.95,2256,5.66,-1.269,0.168,0.0,11.6
1783971297.95,2256,8.067,-1.031,1.364,0.0,12.7
1783971298.004,2257,1.985,-0.063,0.289,0.0,13.0
1783971298.004,2257,2.54,-0.402,0.105,0.0,15.8
1783971298.004,2257,5.661,-1.269,0.101,0.0,11.6
1783971298.004,2257,8.065,-1.288,1.134,0.0,12.1
1783971298.106,2258,1.99,-0.063,0.253,0.0,13.0
1783971298.106,2258,2.541,-0.402,0.079,0.0,16.1
1783971298.106,2258,5.662,-1.269,0.05,0.0,12.0
1783971298.106,2258,8.111,-0.773,1.271,0.0,12.7
1783971298.209,2259,1.989,-0.063,0.258,0.0,13.3
1783971298.209,2259,2.541,-0.402,0.082,0.0,16.1
1783971298.209,2259,5.661,-1.269,0.104,0.0,11.7
1783971298.209,2259,8.134,-0.773,1.11,0.0,12.0
1783971298.31,2260,1.979,-0.063,0.327,0.0,13.1
1783971298.31,2260,2.54,-0.402,0.102,0.0,16.2
1783971298.31,2260,8.116,-0.773,1.236,0.0,12.5
1783971298.413,2261,1.956,-0.256,0.56,0.0,12.0
1783971298.413,2261,2.54,-0.402,0.108,0.0,16.2
1783971298.413,2261,8.123,-0.773,1.191,0.0,12.4
1783971298.514,2262,1.996,-0.125,0.161,0.0,12.2
1783971298.514,2262,2.54,-0.402,0.118,0.0,16.3
1783971298.514,2262,8.112,-0.773,1.264,0.0,12.7
1783971298.618,2263,2.003,-0.125,0.022,0.0,12.9
1783971298.618,2263,2.54,-0.402,0.113,0.0,16.9
1783971298.618,2263,6.124,1.603,1.031,0.0,11.3
1783971298.618,2263,8.155,-0.773,0.944,0.0,12.4
1783971298.722,2264,2.002,-0.125,-0.061,0.0,13.0
1783971298.722,2264,2.54,-0.402,0.12,0.0,17.5
1783971298.722,2264,8.166,-0.773,0.847,0.0,12.5
1783971298.827,2265,2.002,-0.125,-0.062,0.0,12.8
1783971298.827,2265,2.004,-0.0,-0.112,0.0,12.8
1783971298.827,2265,2.539,-0.402,0.127,0.0,17.5
1783971298.827,2265,8.145,-0.773,1.028,0.0,12.8
1783971298.93,2266,2.003,-0.125,-0.043,0.0,12.3
1783971298.93,2266,2.004,-0.0,-0.104,0.0,12.3
1783971298.93,2266,2.539,-0.402,0.128,0.0,17.3
1783971298.93,2266,8.125,-0.773,1.174,0.0,12.3
1783971299.032,2267,2.004,-0.063,-0.078,0.0,12.3
1783971299.032,2267,2.539,-0.402,0.131,0.0,17.4
1783971299.032,2267,8.13,-0.773,1.143,0.0,13.1
1783971299.134,2268,2.004,-0.063,-0.077,0.0,12.5
1783971299.134,2268,2.539,-0.402,0.132,0.0,17.2
1783971299.134,2268,6.129,1.603,1.001,0.0,11.5
1783971299.134,2268,8.175,-0.773,0.754,0.0,12.7
1783971299.239,2269,2.002,-0.125,-0.065,0.0,12.4
1783971299.239,2269,2.539,-0.402,0.128,0.0,17.6
1783971299.239,2269,8.082,-0.773,1.442,0.0,13.1
1783971299.34,2270,2.002,-0.125,-0.063,0.0,12.9
1783971299.34,2270,2.004,-0.0,-0.107,0.0,12.9
1783971299.34,2270,2.539,-0.402,0.126,0.0,17.7
1783971299.34,2270,8.12,-0.773,1.21,0.0,13.1
1783971299.441,2271,2.002,-0.125,-0.065,0.0,13.2
1783971299.441,2271,2.539,-0.402,0.13,0.0,17.4
1783971299.441,2271,8.122,-0.773,1.196,0.0,12.5
1783971299.542,2272,2.002,-0.125,-0.046,0.0,12.9
1783971299.542,2272,2.54,-0.402,0.122,0.0,17.5
1783971299.542,2272,8.139,-0.773,1.074,0.0,12.4
1783971299.644,2273,2.002,-0.125,-0.074,0.0,12.9
1783971299.644,2273,2.539,-0.402,0.129,0.0,17.8
1783971299.644,2273,6.135,1.403,1.236,0.0,11.6
1783971299.644,2273,8.117,-0.773,1.229,0.0,13.3
1783971299.746,2274,2.003,-0.125,-0.001,0.0,13.1
1783971299.746,2274,2.54,-0.402,0.121,0.0,17.5
1783971299.746,2274,6.17,1.403,1.047,0.0,11.4
1783971299.746,2274,8.155,-0.773,0.948,0.0,13.0
1783971299.847,2275,2.0,-0.125,0.103,0.0,12.9
1783971299.847,2275,2.539,-0.402,0.132,0.0,17.4
1783971299.847,2275,8.166,-0.773,0.847,0.0,12.2
1783971299.948,2276,1.999,-0.063,0.162,0.0,13.1
1783971299.948,2276,2.539,-0.402,0.13,0.0,17.2
1783971299.948,2276,6.212,1.393,0.204,0.0,11.6
1783971299.948,2276,8.162,-0.773,0.885,0.0,12.4
1783971300.053,2277,1.997,-0.063,0.186,0.0,12.9
1783971300.053,2277,1.986,-0.188,0.219,0.0,12.9
1783971300.053,2277,2.539,-0.402,0.126,0.0,17.3
1783971300.053,2277,6.077,1.603,1.276,0.0,11.4
1783971300.105,2278,1.998,-0.063,0.173,0.0,12.8
1783971300.105,2278,2.539,-0.402,0.13,0.0,17.2
1783971300.105,2278,8.126,-0.777,1.439,0.0,11.8
1783971300.21,2279,1.996,-0.063,0.201,0.0,12.1
1783971300.21,2279,2.539,-0.402,0.133,0.0,17.2
1783971300.21,2279,8.172,-0.773,0.787,0.0,12.4
1783971300.313,2280,1.998,-0.063,0.174,0.0,12.7
1783971300.313,2280,2.54,-0.402,0.114,0.0,17.5
1783971300.313,2280,8.091,-0.773,1.392,0.0,12.9
1783971300.418,2281,2.0,-0.063,0.159,0.0,12.6
1783971300.418,2281,2.539,-0.402,0.127,0.0,17.1
1783971300.418,2281,6.199,1.403,0.861,0.0,12.0
1783971300.418,2281,8.151,-0.773,0.98,0.0,12.6
1783971300.52,2282,1.999,-0.063,0.162,0.0,13.1
1783971300.52,2282,2.539,-0.402,0.132,0.0,17.3
1783971300.52,2282,8.168,-0.773,0.825,0.0,12.6
1783971300.622,2283,1.994,-0.063,0.217,0.0,12.5
1783971300.622,2283,2.539,-0.402,0.127,0.0,17.2
1783971300.622,2283,6.194,1.403,0.893,0.0,11.5
1783971300.622,2283,8.142,-0.773,1.047,0.0,12.2
1783971300.724,2284,1.992,-0.063,0.233,0.0,12.9
1783971300.724,2284,2.539,-0.402,0.125,0.0,17.2
1783971300.724,2284,6.216,1.403,0.724,0.0,11.7
1783971300.724,2284,8.156,-0.773,0.932,0.0,12.9
1783971300.83,2285,1.992,-0.063,0.235,0.0,12.6
1783971300.83,2285,2.539,-0.402,0.126,0.0,17.5
1783971300.83,2285,6.177,1.403,1.005,0.0,11.3
1783971300.83,2285,8.165,-0.773,0.852,0.0,12.3
1783971300.932,2286,1.995,-0.063,0.211,0.0,13.0
1783971300.932,2286,2.539,-0.402,0.126,0.0,17.4
1783971300.932,2286,6.13,1.603,0.994,0.0,11.5
1783971300.932,2286,8.096,-0.773,1.359,0.0,12.3
1783971301.033,2287,1.99,-0.063,0.254,0.0,12.7
1783971301.033,2287,2.539,-0.402,0.124,0.0,17.6
1783971301.033,2287,6.168,1.403,1.058,0.0,11.4
1783971301.033,2287,8.134,-0.773,1.11,0.0,13.0
1783971301.138,2288,1.988,-0.063,0.27,0.0,12.8
1783971301.138,2288,2.539,-0.402,0.129,0.0,17.8
1783971301.138,2288,8.134,-0.773,1.11,0.0,12.9
1783971301.192,2289,1.997,-0.063,0.184,0.0,12.8
1783971301.192,2289,2.54,-0.402,0.114,0.0,17.3
1783971301.192,2289,8.122,-0.773,1.194,0.0,12.7
1783971301.297,2290,1.998,-0.063,0.173,0.0,12.7
1783971301.297,2290,2.54,-0.402,0.113,0.0,17.2
1783971301.297,2290,8.129,-0.777,1.427,0.0,13.4
1783971301.401,2291,1.991,-0.063,0.245,0.0,13.0
1783971301.401,2291,2.54,-0.402,0.115,0.0,17.5
1783971301.401,2291,8.122,-0.773,1.194,0.0,12.4
1783971301.504,2292,1.992,-0.063,0.236,0.0,12.7
1783971301.504,2292,2.539,-0.402,0.126,0.0,17.3
1783971301.607,2293,1.999,-0.063,0.166,0.0,13.0
1783971301.607,2293,2.539,-0.402,0.137,0.0,17.3
1783971301.607,2293,6.18,1.403,0.982,0.0,12.0
1783971301.607,2293,8.145,-0.773,1.028,0.0,12.5
1783971301.709,2294,2.001,-0.063,0.147,0.0,13.0
1783971301.709,2294,2.538,-0.402,0.145,0.0,16.9
1783971301.709,2294,6.169,1.403,1.053,0.0,11.5
1783971301.709,2294,8.117,-0.773,1.229,0.0,12.6
1783971301.81,2295,2.0,-0.063,0.15,0.0,12.9
1783971301.81,2295,2.538,-0.402,0.143,0.0,16.8
1783971301.81,2295,8.104,-0.773,1.311,0.0,12.7
1783971301.914,2296,1.999,-0.125,0.13,0.0,12.8
1783971301.914,2296,2.538,-0.402,0.149,0.0,17.1
1783971301.914,2296,5.695,-1.088,-0.225,0.0,11.3
1783971302.017,2297,2.003,-0.125,0.005,0.0,12.8
1783971302.017,2297,2.538,-0.402,0.144,0.0,17.4
1783971302.017,2297,8.129,-1.031,0.925,0.0,14.3
1783971302.123,2298,2.003,-0.125,-0.036,0.0,13.0
1783971302.123,2298,2.539,-0.402,0.141,0.0,17.2
1783971302.123,2298,8.122,-0.773,1.196,0.0,12.3
1783971302.225,2299,2.002,-0.125,-0.064,0.0,13.1
1783971302.225,2299,2.538,-0.402,0.143,0.0,17.2
1783971302.326,2300,2.002,-0.125,-0.061,0.0,12.7
1783971302.326,2300,2.538,-0.402,0.147,0.0,17.2
1783971302.326,2300,8.112,-0.773,1.261,0.0,12.7
1783971302.427,2301,2.002,-0.125,-0.055,0.0,12.7
1783971302.427,2301,2.538,-0.402,0.152,0.0,17.1
1783971302.427,2301,8.179,-0.773,0.702,0.0,12.5
1783971302.53,2302,0.285,-0.27,-0.017,0.0,11.3
1783971302.53,2302,2.002,-0.125,-0.061,0.0,13.3
1783971302.53,2302,2.537,-0.402,0.161,0.0,17.1
1783971302.53,2302,8.172,-0.773,0.788,0.0,12.3
1783971302.631,2303,0.284,-0.27,-0.02,0.0,11.6
1783971302.631,2303,2.002,-0.125,-0.051,0.0,13.7
1783971302.631,2303,2.12,0.267,0.062,0.0,11.2
1783971302.631,2303,2.537,-0.402,0.161,0.0,17.1
1783971302.631,2303,6.136,1.403,1.23,0.0,11.8
1783971302.631,2303,8.147,-0.773,1.013,0.0,12.9
1783971302.732,2304,0.284,-0.27,-0.023,0.0,11.7
1783971302.732,2304,2.003,-0.125,-0.029,0.0,13.6
1783971302.732,2304,2.538,-0.402,0.157,0.0,17.1
1783971302.732,2304,8.117,-0.773,1.228,0.0,12.7
1783971302.834,2305,0.295,-0.258,-0.024,0.0,11.4
1783971302.834,2305,2.003,-0.125,0.001,0.0,13.5
1783971302.834,2305,2.538,-0.402,0.155,0.0,17.2
1783971302.834,2305,6.206,1.393,0.345,0.0,11.2
1783971302.834,2305,8.122,-0.773,1.196,0.0,12.6
1783971302.936,2306,2.002,-0.125,0.068,0.0,13.1
1783971302.936,2306,2.538,-0.402,0.154,0.0,17.1
1783971302.936,2306,6.16,1.403,1.105,0.0,11.6
1783971302.936,2306,8.13,-0.773,1.14,0.0,12.4
1783971303.038,2307,2.002,-0.063,0.126,0.0,13.1
1783971303.038,2307,2.538,-0.402,0.15,0.0,16.8
1783971303.038,2307,8.165,-0.773,0.849,0.0,12.7
1783971303.142,2308,2.0,-0.063,0.154,0.0,13.3
1783971303.142,2308,2.538,-0.402,0.147,0.0,16.9
1783971303.142,2308,6.144,1.403,1.188,0.0,11.5
1783971303.245,2309,2.0,-0.063,0.155,0.0,12.8
1783971303.245,2309,2.539,-0.402,0.139,0.0,17.0
1783971303.245,2309,8.164,-0.777,1.206,0.0,12.7
1783971303.346,2310,1.998,-0.063,0.174,0.0,12.7
1783971303.346,2310,2.539,-0.402,0.137,0.0,16.9
1783971303.346,2310,6.16,1.403,1.104,0.0,11.3
1783971303.346,2310,8.126,-0.773,1.171,0.0,13.0
1783971303.398,2311,1.997,-0.063,0.189,0.0,12.7
1783971303.398,2311,2.539,-0.402,0.135,0.0,16.9
1783971303.398,2311,8.153,-0.773,0.96,0.0,12.6
1783971303.551,2312,1.995,-0.063,0.209,0.0,12.6
1783971303.551,2312,2.539,-0.402,0.133,0.0,17.0
1783971303.551,2312,6.166,1.403,1.068,0.0,11.5
1783971303.551,2312,8.151,-0.773,0.98,0.0,11.7
1783971303.659,2313,1.994,-0.063,0.215,0.0,12.5
1783971303.659,2313,2.539,-0.402,0.128,0.0,16.9
1783971303.659,2313,6.101,1.603,1.157,0.0,12.1
1783971303.659,2313,8.115,-0.773,1.245,0.0,12.9
1783971303.709,2314,1.991,-0.063,0.243,0.0,12.7
1783971303.709,2314,2.539,-0.402,0.124,0.0,16.9
1783971303.709,2314,6.089,1.603,1.217,0.0,12.1
1783971303.709,2314,8.096,-0.777,1.602,0.0,12.3
1783971303.811,2315,1.99,-0.063,0.251,0.0,12.6
1783971303.811,2315,2.539,-0.402,0.125,0.0,16.9
1783971303.811,2315,8.138,-0.773,1.079,0.0,12.0
1783971303.912,2316,1.986,-0.063,0.284,0.0,12.6
1783971303.912,2316,2.539,-0.402,0.125,0.0,16.9
1783971303.912,2316,8.139,-0.773,1.075,0.0,13.2
1783971304.016,2317,1.978,-0.063,0.331,0.0,12.4
1783971304.016,2317,2.539,-0.402,0.129,0.0,17.0
1783971304.016,2317,6.164,1.403,1.084,0.0,11.3
1783971304.016,2317,8.163,-0.773,0.873,0.0,13.0
1783971304.122,2318,1.98,-0.063,0.321,0.0,12.4
1783971304.122,2318,2.539,-0.402,0.134,0.0,17.0
1783971304.122,2318,8.155,-0.773,0.948,0.0,12.7
1783971304.226,2319,1.98,-0.063,0.324,0.0,12.4
1783971304.226,2319,2.539,-0.402,0.137,0.0,17.1
1783971304.226,2319,6.172,1.403,1.037,0.0,11.2
1783971304.226,2319,8.05,-0.777,1.819,0.0,12.5
1783971304.328,2320,1.979,-0.063,0.331,0.0,12.4
1783971304.328,2320,2.539,-0.402,0.134,0.0,17.0
1783971304.328,2320,6.112,1.603,1.096,0.0,11.3
1783971304.328,2320,8.085,-0.773,1.424,0.0,13.0
1783971304.43,2321,1.979,-0.063,0.328,0.0,12.3
1783971304.43,2321,2.539,-0.402,0.133,0.0,17.0
1783971304.43,2321,6.104,1.603,1.142,0.0,11.6
1783971304.43,2321,8.117,-0.773,1.229,0.0,14.0
1783971304.532,2322,1.978,-0.063,0.332,0.0,12.3
1783971304.532,2322,2.539,-0.402,0.134,0.0,17.0
1783971304.532,2322,8.131,-0.773,1.13,0.0,13.1
1783971304.634,2323,1.979,-0.063,0.33,0.0,12.2
1783971304.634,2323,2.539,-0.402,0.134,0.0,17.0
1783971304.634,2323,6.161,1.403,1.098,0.0,11.3
1783971304.634,2323,8.155,-0.773,0.948,0.0,12.5
1783971304.738,2324,1.98,-0.063,0.321,0.0,12.3
1783971304.738,2324,2.539,-0.402,0.132,0.0,16.9
1783971304.738,2324,6.204,1.403,0.822,0.0,11.4
1783971304.738,2324,8.151,-0.773,0.982,0.0,12.1
1783971304.841,2325,1.982,-0.063,0.307,0.0,12.5
1783971304.841,2325,2.539,-0.402,0.129,0.0,17.1
1783971304.841,2325,8.175,-0.773,0.751,0.0,13.0
1783971304.943,2326,1.987,-0.063,0.276,0.0,12.7
1783971304.943,2326,2.539,-0.402,0.126,0.0,17.0
1783971304.943,2326,6.181,1.403,0.976,0.0,11.6
1783971304.943,2326,8.167,-0.773,0.833,0.0,12.7
1783971305.046,2327,1.993,-0.063,0.227,0.0,12.9
1783971305.046,2327,2.54,-0.402,0.123,0.0,17.1
1783971305.046,2327,6.104,1.603,1.142,0.0,11.7
1783971305.097,2328,1.996,-0.063,0.2,0.0,13.0
1783971305.097,2328,2.539,-0.402,0.131,0.0,17.0
1783971305.097,2328,8.152,-0.773,0.972,0.0,13.2
1783971305.199,2329,1.996,-0.063,0.199,0.0,12.8
1783971305.199,2329,2.538,-0.402,0.143,0.0,16.9
1783971305.199,2329,6.15,1.403,1.157,0.0,11.6
1783971305.199,2329,8.13,-0.773,1.14,0.0,12.6
1783971305.307,2330,0.296,-0.258,-0.018,0.0,11.4
1783971305.307,2330,1.997,-0.125,0.155,0.0,12.8
1783971305.307,2330,2.538,-0.402,0.151,0.0,16.9
1783971305.307,2330,8.139,-0.773,1.074,0.0,12.2
1783971305.41,2331,0.284,-0.27,-0.019,0.0,11.7
1783971305.41,2331,2.002,-0.125,0.053,0.0,13.3
1783971305.41,2331,2.538,-0.402,0.152,0.0,17.0
1783971305.41,2331,6.123,1.403,1.291,0.0,11.6
1783971305.41,2331,8.136,-0.773,1.093,0.0,12.1
1783971305.514,2332,0.329,-0.286,0.021,0.0,11.7
1783971305.514,2332,2.003,-0.125,0.002,0.0,12.8
1783971305.514,2332,2.538,-0.402,0.154,0.0,16.9
1783971305.514,2332,8.167,-0.773,0.833,0.0,14.0
1783971305.616,2333,0.316,-0.3,0.021,0.0,11.5
1783971305.616,2333,2.003,-0.125,-0.015,0.0,12.8
1783971305.616,2333,2.537,-0.402,0.16,0.0,17.0
1783971305.616,2333,8.123,-0.773,1.19,0.0,13.5
1783971305.718,2334,0.316,-0.3,0.023,0.0,11.2
1783971305.718,2334,2.006,-0.063,-0.019,0.0,12.9
1783971305.718,2334,2.538,-0.402,0.158,0.0,16.9
1783971305.718,2334,8.153,-0.773,0.96,0.0,12.4
1783971305.822,2335,0.329,-0.286,0.021,0.0,12.2
1783971305.822,2335,2.006,-0.063,-0.021,0.0,12.9
1783971305.822,2335,2.538,-0.402,0.151,0.0,17.0
1783971305.822,2335,6.092,1.603,1.206,0.0,11.7
1783971305.822,2335,8.162,-0.773,0.885,0.0,12.0
1783971305.924,2336,0.328,-0.286,0.023,0.0,12.8
1783971305.924,2336,2.006,-0.063,-0.027,0.0,13.0
1783971305.924,2336,2.538,-0.402,0.159,0.0,17.0
1783971305.924,2336,8.13,-0.773,1.14,0.0,12.5
1783971306.026,2337,0.329,-0.286,0.021,0.0,11.3
1783971306.026,2337,2.005,-0.063,0.07,0.0,13.3
1783971306.026,2337,2.538,-0.402,0.156,0.0,17.2
1783971306.026,2337,8.172,-0.773,0.783,0.0,12.7
1783971306.026,2337,0.477,-0.348,0.283,0.081,11.6
1783971306.128,2338,0.296,-0.258,-0.012,0.0,13.0
1783971306.128,2338,2.002,-0.063,0.129,0.0,13.3
1783971306.128,2338,2.538,-0.402,0.144,0.0,17.4
1783971306.128,2338,6.127,1.603,1.008,0.0,11.4
1783971306.128,2338,8.134,-0.773,1.109,0.0,12.5
1783971306.245,2339,0.296,-0.258,-0.014,0.0,12.5
1783971306.245,2339,1.999,-0.063,0.172,0.0,13.2
1783971306.245,2339,2.538,-0.402,0.145,0.0,17.1
1783971306.245,2339,6.199,1.403,0.861,0.0,11.3
1783971306.245,2339,8.11,-0.777,1.527,0.0,12.0
1783971306.346,2340,0.306,-0.245,-0.016,0.0,13.0
1783971306.346,2340,1.994,-0.063,0.217,0.0,13.2
1783971306.346,2340,2.539,-0.402,0.139,0.0,16.8
